Time,X,Y,Z
0.000,0.0000,9.3638,0.0000
0.021,0.0000,9.3638,0.0000
0.035,0.0000,9.3638,0.0000
0.043,0.0000,9.3638,0.0000
0.053,0.0000,9.3638,0.0000
0.061,0.0000,9.3638,0.0000
0.072,0.0000,9.3638,0.0000
0.080,0.0000,9.3638,0.0000
0.090,0.0000,9.3638,0.0000
0.100,0.0000,9.3638,0.0000
0.111,0.0000,9.3638,0.0000
0.123,0.0000,9.3638,0.0000
0.133,0.0000,9.3638,0.0000
0.142,0.0000,9.3638,0.0000
0.151,0.0000,9.3638,0.0000
0.159,0.0000,9.3638,0.0000
0.169,0.0000,9.3638,0.0000
0.176,0.0000,9.3638,0.0000
0.184,0.0000,9.3638,0.0000
0.192,0.0000,9.3638,0.0000
0.201,0.0000,9.3638,0.0000
0.209,0.0000,9.3638,0.0000
0.217,0.0000,9.3638,0.0000
0.224,0.0000,9.3638,0.0000
0.234,0.0000,9.3638,0.0000
0.241,0.0000,9.3638,0.0000
0.251,0.0000,9.3638,0.0000
0.258,0.0000,9.3638,0.0000
0.268,0.0000,9.3638,0.0000
0.280,0.0000,9.3638,0.0000
0.290,0.0000,9.3638,0.0000
0.299,0.0000,9.3638,0.0000
0.311,0.0000,9.3638,0.0000
0.320,0.0000,9.3638,0.0000
0.330,0.0000,9.3638,0.0000
0.341,0.0000,9.3638,0.0000
0.356,0.0000,9.3638,0.0000
0.367,0.0000,9.3638,0.0000
0.378,0.0000,9.3638,0.0000
0.385,0.0000,9.3638,0.0000
0.392,0.0000,9.3638,0.0000
0.401,0.0000,9.3638,0.0000
0.409,0.0000,9.3638,0.0000
0.417,0.0000,9.3638,0.0000
0.423,0.0000,9.3638,0.0000
0.433,0.0000,9.3638,0.0000
0.441,0.0000,9.3638,0.0000
0.449,0.0000,9.3638,0.0000
0.457,0.0000,9.3638,0.0000
0.467,0.0000,9.3638,0.0000
0.475,0.0000,9.3638,0.0000
0.483,0.0000,9.3638,0.0000
0.490,0.0000,9.3638,0.0000
0.500,0.0000,9.3638,0.0000
0.509,0.0000,9.3638,0.0000
0.517,0.0000,9.3638,0.0000
0.526,0.0000,9.3638,0.0000
0.537,0.0000,9.3638,0.0000
0.548,0.0000,9.3638,0.0000
0.559,0.0000,9.3638,0.0000
0.571,0.0000,9.3638,0.0000
0.581,0.0000,9.3638,0.0000
0.594,0.0000,9.3638,0.0000
0.607,0.0000,9.3638,0.0000
0.627,0.0000,9.3638,0.0000
0.639,0.0000,9.3638,0.0000
0.652,0.0000,9.3638,0.0000
0.660,0.0000,9.3638,0.0000
0.671,0.0000,9.3638,0.0000
0.679,0.0000,9.3638,0.0000
0.688,0.0000,9.3638,0.0000
0.695,0.0000,9.3638,0.0000
0.706,0.0000,9.3638,0.0000
0.716,0.0000,9.3638,0.0000
0.725,0.0000,9.3638,0.0000
0.736,0.0000,9.3638,0.0000
0.743,0.0000,9.3638,0.0000
0.752,0.0000,9.3638,0.0000
0.759,0.0000,9.3638,0.0000
0.769,0.0000,9.3638,0.0000
0.777,0.0000,9.3638,0.0000
0.786,0.0000,9.3638,0.0000
0.796,0.0000,9.3638,0.0000
0.808,0.0000,9.3638,0.0000
0.820,0.0000,9.3638,0.0000
0.831,0.0000,9.3638,0.0000
0.844,0.0000,9.3638,0.0000
0.861,0.0000,9.3638,0.0000
0.873,0.0000,9.3638,0.0000
0.887,0.0000,9.3638,0.0000
0.896,0.0000,9.3638,0.0000
0.907,0.0000,9.3638,0.0000
0.916,0.0000,9.3638,0.0000
0.928,0.0000,9.3638,0.0000
0.942,0.0000,9.3638,0.0000
0.954,0.0000,9.3638,0.0000
0.966,0.0000,9.3638,0.0000
0.978,0.0000,9.3638,0.0000
0.990,0.0000,9.3638,0.0000
1.000,0.0000,9.3638,0.0000
1.014,0.0000,9.3638,0.0000
1.022,0.0000,9.3638,0.0000
1.034,0.0000,9.3638,0.0000
1.047,0.0000,9.3638,0.0000
1.058,0.0000,9.3638,0.0000
1.074,0.0000,9.3638,0.0000
1.090,0.0000,9.3638,0.0000
1.104,0.0000,9.3638,0.0000
1.114,0.0000,9.3638,0.0000
1.126,0.0000,9.3638,0.0000
1.138,0.0000,9.3638,0.0000
1.145,0.0000,9.3638,0.0000
1.156,0.0000,9.3638,0.0000
1.171,0.0000,9.3638,0.0000
1.184,0.0000,9.3638,0.0000
1.194,0.0000,9.3638,0.0000
1.205,0.0000,9.3638,0.0000
1.215,0.0000,9.3638,0.0000
1.224,0.0000,9.3638,0.0000
1.236,0.0000,9.3638,0.0000
1.251,0.0000,9.3638,0.0000
1.267,0.0000,9.3638,0.0000
1.283,0.0000,9.3638,0.0000
1.292,0.0000,9.3638,0.0000
1.306,0.0000,9.3638,0.0000
1.317,0.0000,9.3638,0.0000
1.332,0.0000,9.3638,0.0000
1.348,0.0000,9.3638,0.0000
1.362,0.0000,9.3638,0.0000
1.372,0.0000,9.3638,0.0000
1.385,0.0000,9.3638,0.0000
1.394,0.0000,9.3638,0.0000
1.404,0.0000,9.3638,0.0000
1.411,0.0000,9.3638,0.0000
1.418,0.0000,9.3638,0.0000
1.425,0.0000,9.3638,0.0000
1.435,0.0000,9.3638,0.0000
1.442,0.0000,9.3638,0.0000
1.452,0.0000,9.3638,0.0000
1.459,0.0000,9.3638,0.0000
1.468,0.0000,9.3638,0.0000
1.475,0.0000,9.3638,0.0000
1.483,0.0000,9.3638,0.0000
1.492,0.0000,9.3638,0.0000
1.502,0.0000,9.3638,0.0000
1.512,0.0000,9.3638,0.0000
1.521,0.0000,9.3638,0.0000
1.530,0.0000,9.3638,0.0000
1.538,0.0000,9.3638,0.0000
1.547,0.0000,9.3638,0.0000
1.556,0.0000,9.3638,0.0000
1.565,0.0000,9.3638,0.0000
1.575,0.0000,9.3638,0.0000
1.593,0.0000,9.3638,0.0000
1.608,0.0000,9.3638,0.0000
1.620,0.0000,9.3638,0.0000
1.629,0.0000,9.3638,0.0000
1.638,0.0000,9.3638,0.0000
1.653,0.0000,9.3638,0.0000
1.668,0.0000,9.3638,0.0000
1.686,0.0000,9.3638,0.0000
1.698,0.0000,9.3638,0.0000
1.711,0.0000,9.3638,0.0000
1.722,0.0000,9.3638,0.0000
1.733,0.0000,9.3638,0.0000
1.744,0.0000,9.3638,0.0000
1.756,0.0000,9.3638,0.0000
1.767,0.0000,9.3638,0.0000
1.776,0.0000,9.3638,0.0000
1.784,0.0000,9.3638,0.0000
1.794,0.0000,9.3638,0.0000
1.804,0.0000,9.3638,0.0000
1.812,0.0000,9.3638,0.0000
1.821,0.0000,9.3638,0.0000
1.831,0.0000,9.3638,0.0000
1.840,0.0000,9.3638,0.0000
1.852,0.0000,9.3638,0.0000
1.861,0.0000,9.3638,0.0000
1.872,0.0000,9.3638,0.0000
1.880,0.0000,9.3638,0.0000
1.892,0.0000,9.3638,0.0000
1.900,0.0000,9.3638,0.0000
1.909,0.0000,9.3638,0.0000
1.918,0.0000,9.3638,0.0000
1.924,0.0000,9.3638,0.0000
1.934,0.0000,9.3638,0.0000
1.943,0.0000,9.3638,0.0000
1.952,0.0000,9.3638,0.0000
1.959,0.0000,9.3638,0.0000
1.968,0.0000,9.3638,0.0000
1.976,0.0000,9.3638,0.0000
1.982,0.0000,9.3638,0.0000
1.990,0.0000,9.3638,0.0000
1.998,0.0000,9.3638,0.0000
2.009,0.0000,9.3638,0.0000
2.019,0.0000,9.3638,0.0000
2.029,0.0000,9.3638,0.0000
2.039,0.0000,9.3638,0.0000
2.048,0.0000,9.3638,0.0000
2.056,0.0000,9.3638,0.0000
2.064,0.0000,9.3638,0.0000
2.073,0.0000,9.3638,0.0000
2.081,0.0000,9.3638,0.0000
2.090,0.0000,9.3638,0.0000
2.103,0.0000,9.3638,0.0000
2.114,0.0000,9.3638,0.0000
2.122,0.0000,9.3638,0.0000
2.133,0.0000,9.3638,0.0000
2.140,0.0000,9.3638,0.0000
2.150,0.0000,9.3638,0.0000
2.158,0.0000,9.3638,0.0000
2.167,0.0000,9.3638,0.0000
2.177,0.0000,9.3638,0.0000
2.187,0.0000,9.3638,0.0000
2.198,0.0000,9.3638,0.0000
2.208,0.0000,9.3638,0.0000
2.218,0.0000,9.3638,0.0000
2.226,0.0000,9.3638,0.0000
2.237,0.0000,9.3638,0.0000
2.247,0.0000,9.3638,0.0000
2.257,0.0000,9.3638,0.0000
2.274,0.0000,9.3638,0.0000
2.291,0.0000,9.3638,0.0000
2.303,0.0000,9.3638,0.0000
2.314,0.0000,9.3638,0.0000
2.323,0.0000,9.3638,0.0000
2.333,0.0000,9.3638,0.0000
2.342,0.0000,9.3638,0.0000
2.351,0.0000,9.3638,0.0000
2.358,0.0000,9.3638,0.0000
2.369,0.0000,9.3638,0.0000
2.376,0.0000,9.3638,0.0000
2.384,0.0000,9.3638,0.0000
2.393,0.0000,9.3638,0.0000
2.402,0.0000,9.3638,0.0000
2.411,0.0000,9.3638,0.0000
2.419,0.0000,9.3638,0.0000
2.435,0.0000,9.3638,0.0000
2.443,0.0000,9.3638,0.0000
2.457,0.0000,9.3638,0.0000
2.467,0.0000,9.3638,0.0000
2.480,0.0000,9.3638,0.0000
2.492,0.0000,9.3638,0.0000
2.505,0.0000,9.3638,0.0000
2.516,0.0000,9.3638,0.0000
2.532,0.0000,9.3638,0.0000
2.544,0.0000,9.3638,0.0000
2.555,0.0000,9.3638,0.0000
2.565,0.0000,9.3638,0.0000
2.581,0.0000,9.3638,0.0000
2.591,0.0000,9.3638,0.0000
2.602,0.0000,9.3638,0.0000
2.615,0.0000,9.3638,0.0000
2.627,0.0000,9.3638,0.0000
2.644,0.0000,9.3638,0.0000
2.658,0.0000,9.3638,0.0000
2.666,0.0000,9.3638,0.0000
2.676,0.0000,9.3638,0.0000
2.684,0.0000,9.3638,0.0000
2.693,0.0000,9.3638,0.0000
2.706,0.0000,9.3638,0.0000
2.715,0.0000,9.3638,0.0000
2.723,0.0000,9.3638,0.0000
2.732,0.0000,9.3638,0.0000
2.742,0.0000,9.3638,0.0000
2.751,0.0000,9.3638,0.0000
2.763,0.0000,9.3638,0.0000
2.775,0.0000,9.3638,0.0000
2.784,0.0000,9.3638,0.0000
2.795,0.0000,9.3638,0.0000
2.805,0.0000,9.3638,0.0000
2.814,0.0000,9.3638,0.0000
2.824,0.0000,9.3638,0.0000
2.835,0.0000,9.3638,0.0000
2.843,0.0000,9.3638,0.0000
2.852,0.0000,9.3638,0.0000
2.859,0.0000,9.3638,0.0000
2.869,0.0000,9.3638,0.0000
2.876,0.0000,9.3638,0.0000
2.884,0.0000,9.3638,0.0000
2.892,0.0000,9.3638,0.0000
2.902,0.0000,9.3638,0.0000
2.915,0.0000,9.3638,0.0000
2.924,0.0000,9.3638,0.0000
2.936,0.0000,9.3638,0.0000
2.949,0.0000,9.3638,0.0000
2.960,0.0000,9.3638,0.0000
2.972,0.0000,9.3638,0.0000
2.980,0.0000,9.3638,0.0000
2.990,0.0000,9.3638,0.0000
3.000,0.0000,9.3638,0.0000
3.010,0.0000,9.3638,0.0000
3.020,0.0000,9.3638,0.0000
3.031,0.0000,9.3638,0.0000
3.040,0.0000,9.3638,0.0000
3.056,0.0000,9.3638,0.0000
3.065,0.0000,9.3638,0.0000
3.077,0.0000,9.3638,0.0000
3.088,0.0000,9.3638,0.0000
3.100,0.0000,9.3638,0.0000
3.110,0.0000,9.3638,0.0000
3.120,0.0000,9.3638,0.0000
3.130,0.0000,9.3638,0.0000
3.141,0.0000,9.3638,0.0000
3.152,0.0000,9.3638,0.0000
3.160,0.0000,9.3638,0.0000
3.174,0.0000,9.3638,0.0000
3.184,0.0000,9.3638,0.0000
3.195,0.0000,9.3638,0.0000
3.204,0.0000,9.3638,0.0000
3.215,0.0000,9.3638,0.0000
3.223,0.0000,9.3638,0.0000
3.232,0.0000,9.3638,0.0000
3.240,0.0000,9.3638,0.0000
3.250,0.0000,9.3638,0.0000
3.258,0.0000,9.3638,0.0000
3.268,0.0000,9.3638,0.0000
3.276,0.0000,9.3638,0.0000
3.285,0.0000,9.3638,0.0000
3.298,0.0000,9.3638,0.0000
3.309,0.0000,9.3638,0.0000
3.317,0.0000,9.3638,0.0000
3.325,0.0000,9.3638,0.0000
3.336,0.0000,9.3638,0.0000
3.344,0.0000,9.3638,0.0000
3.354,0.0000,9.3638,0.0000
3.362,0.0000,9.3638,0.0000
3.372,0.0000,9.3638,0.0000
3.381,0.0000,9.3638,0.0000
3.388,0.0000,9.3638,0.0000
3.398,0.0000,9.3638,0.0000
3.405,0.0000,9.3638,0.0000
3.415,0.0000,9.3638,0.0000
3.422,0.0000,9.3638,0.0000
3.431,0.0000,9.3638,0.0000
3.438,0.0000,9.3638,0.0000
3.451,0.0000,9.3638,0.0000
3.460,0.0000,9.3638,0.0000
3.471,0.0000,9.3638,0.0000
3.479,0.0000,9.3638,0.0000
3.489,0.0000,9.3638,0.0000
3.497,0.0000,9.3638,0.0000
3.507,0.0000,9.3638,0.0000
3.520,0.0000,9.3638,0.0000
3.537,0.0000,9.3638,0.0000
3.549,0.0000,9.3638,0.0000
3.559,0.0000,9.3638,0.0000
3.571,0.0000,9.3638,0.0000
3.580,0.0000,9.3638,0.0000
3.594,0.0000,9.3638,0.0000
3.604,0.0000,9.3638,0.0000
3.616,0.0000,9.3638,0.0000
3.626,0.0000,9.3638,0.0000
3.636,0.0000,9.3638,0.0000
3.657,0.0000,9.3638,0.0000
3.677,0.0000,9.3638,0.0000
3.690,0.0000,9.3638,0.0000
3.703,0.0000,9.3638,0.0000
3.718,0.0000,9.3638,0.0000
3.727,0.0000,9.3638,0.0000
3.739,0.0000,9.3638,0.0000
3.750,0.0000,9.3638,0.0000
3.760,0.0000,9.3638,0.0000
3.771,0.0000,9.3638,0.0000
3.779,0.0000,9.3638,0.0000
3.790,0.0000,9.3638,0.0000
3.799,0.0000,9.3638,0.0000
3.810,0.0000,9.3638,0.0000
3.818,0.0000,9.3638,0.0000
3.827,0.0000,9.3638,0.0000
3.843,0.0000,9.3638,0.0000
3.859,0.0000,9.3638,0.0000
3.874,0.0000,9.3638,0.0000
3.884,0.0000,9.3638,0.0000
3.895,0.0000,9.3638,0.0000
3.905,0.0000,9.3638,0.0000
3.915,0.0000,9.3638,0.0000
3.922,0.0000,9.3638,0.0000
3.932,0.0000,9.3638,0.0000
3.945,0.0000,9.3638,0.0000
3.956,0.0000,9.3638,0.0000
3.970,0.0000,9.3638,0.0000
3.978,0.0000,9.3638,0.0000
3.987,0.0000,9.3638,0.0000
3.998,0.0000,9.3638,0.0000
4.006,0.0000,9.3638,0.0000
4.016,0.0000,9.3638,0.0000
4.024,0.0000,9.3638,0.0000
4.036,0.0000,9.3638,0.0000
4.046,0.0000,9.3638,0.0000
4.056,0.0000,9.3638,0.0000
4.069,0.0000,9.3638,0.0000
4.079,0.0000,9.3638,0.0000
4.089,0.0000,9.3638,0.0000
4.100,0.0000,9.3638,0.0000
4.111,0.0000,9.3638,0.0000
4.120,0.0000,9.3638,0.0000
4.132,0.0000,9.3638,0.0000
4.144,0.0000,9.3638,0.0000
4.158,0.0000,9.3638,0.0000
4.174,0.0000,9.3638,0.0000
4.184,0.0000,9.3638,0.0000
4.195,0.0000,9.3638,0.0000
4.209,0.0000,9.3638,0.0000
4.223,0.0000,9.3638,0.0000
4.235,0.0000,9.3638,0.0000
4.251,0.0000,9.3638,0.0000
4.265,0.0000,9.3638,0.0000
4.281,0.0000,9.3638,0.0000
4.297,0.0000,9.3638,0.0000
4.308,0.0000,9.3638,0.0000
4.320,0.0000,9.3638,0.0000
4.343,0.0000,9.3638,0.0000
4.355,0.0000,9.3638,0.0000
4.370,0.0000,9.3638,0.0000
4.385,0.0000,9.3638,0.0000
4.404,0.0000,9.3638,0.0000
4.413,0.0000,9.3638,0.0000
4.421,0.0000,9.3638,0.0000
4.431,0.0000,9.3638,0.0000
4.439,0.0000,9.3638,0.0000
4.449,0.0000,9.3638,0.0000
4.457,0.0000,9.3638,0.0000
4.465,0.0000,9.3638,0.0000
4.474,0.0000,9.3638,0.0000
4.483,0.0000,9.3638,0.0000
4.491,0.0000,9.3638,0.0000
4.500,0.0000,9.3638,0.0000
4.508,0.0000,9.3638,0.0000
4.520,0.0000,9.3638,0.0000
4.533,0.0000,9.3638,0.0000
4.552,0.0000,9.3638,0.0000
4.565,0.0000,9.3638,0.0000
4.580,0.0000,9.3638,0.0000
4.596,0.0000,9.3638,0.0000
4.611,0.0000,9.3638,0.0000
4.624,0.0000,9.3638,0.0000
4.636,0.0000,9.3638,0.0000
4.644,0.0000,9.3638,0.0000
4.652,0.0000,9.3638,0.0000
4.660,0.0000,9.3638,0.0000
4.673,0.0000,9.3638,0.0000
4.680,0.0000,9.3638,0.0000
4.689,0.0000,9.3638,0.0000
4.696,0.0000,9.3638,0.0000
4.705,0.0000,9.3638,0.0000
4.713,0.0000,9.3638,0.0000
4.721,0.0000,9.3638,0.0000
4.730,0.0000,9.3638,0.0000
4.739,0.0000,9.3638,0.0000
4.748,0.0000,9.3638,0.0000
4.756,0.0000,9.3638,0.0000
4.763,0.0000,9.3638,0.0000
4.781,0.0000,9.3638,0.0000
4.797,0.0000,9.3638,0.0000
4.814,0.0000,9.3638,0.0000
4.829,0.0000,9.3638,0.0000
4.845,0.0000,9.3638,0.0000
4.860,0.0000,9.3638,0.0000
4.878,0.0000,9.3638,0.0000
4.894,0.0000,9.3638,0.0000
4.908,0.0000,9.3638,0.0000
4.925,0.0000,9.3638,0.0000
4.939,0.0000,9.3638,0.0000
4.957,0.0000,9.3638,0.0000
4.974,0.0000,9.3638,0.0000
4.987,0.0000,9.3638,0.0000
4.999,0.0000,9.3638,0.0000
5.009,0.0000,9.3638,0.0000
5.019,0.0000,9.3638,0.0000
5.028,0.0000,9.3638,0.0000
5.037,0.0000,9.3638,0.0000
5.046,0.0000,9.3638,0.0000
5.057,0.0000,9.3638,0.0000
5.065,0.0000,9.3638,0.0000
5.078,0.0000,9.3638,0.0000
5.089,0.0000,9.3638,0.0000
5.101,0.0000,9.3638,0.0000
5.120,0.0000,9.3638,0.0000
5.137,0.0000,9.3638,0.0000
5.153,0.0000,9.3638,0.0000
5.167,0.0000,9.3638,0.0000
5.184,0.0000,9.3638,0.0000
5.193,0.0000,9.3638,0.0000
5.205,0.0000,9.3638,0.0000
5.216,0.0000,9.3638,0.0000
5.235,0.0000,9.3638,0.0000
5.247,0.0000,9.3638,0.0000
5.254,0.0000,9.3638,0.0000
5.261,0.0000,9.3638,0.0000
5.271,0.0000,9.3638,0.0000
5.278,0.0000,9.3638,0.0000
5.286,0.0000,9.3638,0.0000
5.294,0.0000,9.3638,0.0000
5.303,0.0000,9.3638,0.0000
5.311,0.0000,9.3638,0.0000
5.318,0.0000,9.3638,0.0000
5.326,0.0000,9.3638,0.0000
5.335,0.0000,9.3638,0.0000
5.343,0.0000,9.3638,0.0000
5.352,0.0000,9.3638,0.0000
5.363,0.0000,9.3638,0.0000
5.375,0.0000,9.3638,0.0000
5.385,0.0000,9.3638,0.0000
5.398,0.0000,9.3638,0.0000
5.411,0.0000,9.3638,0.0000
5.425,0.0000,9.3638,0.0000
5.440,0.0000,9.3638,0.0000
5.454,0.0000,9.3638,0.0000
5.464,0.0000,9.3638,0.0000
5.479,0.0000,9.3638,0.0000
5.499,0.0000,9.3638,0.0000
5.512,0.0000,9.3638,0.0000
5.523,0.0000,9.3638,0.0000
5.535,0.0000,9.3638,0.0000
5.558,0.0000,9.3638,0.0000
5.579,0.0000,9.3638,0.0000
5.593,0.0000,9.3638,0.0000
5.604,0.0000,9.3638,0.0000
5.619,0.0000,9.3638,0.0000
5.637,0.0000,9.3638,0.0000
5.653,0.0000,9.3638,0.0000
5.667,0.0000,9.3638,0.0000
5.676,0.0000,9.3638,0.0000
5.688,0.0000,9.3638,0.0000
5.699,0.0000,9.3638,0.0000
5.715,0.0000,9.3638,0.0000
5.725,0.0000,9.3638,0.0000
5.736,0.0000,9.3638,0.0000
5.749,0.0000,9.3638,0.0000
5.763,0.0000,9.3638,0.0000
5.780,0.0000,9.3638,0.0000
5.796,0.0000,9.3638,0.0000
5.811,0.0000,9.3638,0.0000
5.829,0.0000,9.3638,0.0000
5.840,0.0000,9.3638,0.0000
5.852,0.0000,9.3638,0.0000
5.861,0.0000,9.3638,0.0000
5.875,0.0000,9.3638,0.0000
5.887,0.0000,9.3638,0.0000
5.900,0.0000,9.3638,0.0000
5.910,0.0000,9.3638,0.0000
5.923,0.0000,9.3638,0.0000
5.937,0.0000,9.3638,0.0000
5.944,0.0000,9.3638,0.0000
5.954,0.0000,9.3638,0.0000
5.961,0.0000,9.3638,0.0000
5.971,0.0000,9.3638,0.0000
5.978,0.0000,9.3638,0.0000
5.986,0.0000,9.3638,0.0000
5.994,0.0000,9.3638,0.0000
6.003,0.0000,9.3638,0.0000
6.012,0.0000,9.3638,0.0000
6.021,0.0000,9.3638,0.0000
6.031,0.0000,9.3638,0.0000
6.040,0.0000,9.3638,0.0000
6.050,0.0000,9.3638,0.0000
6.057,0.0000,9.3638,0.0000
6.066,0.0000,9.3638,0.0000
6.075,0.0000,9.3638,0.0000
6.083,0.0000,9.3638,0.0000
6.093,0.0000,9.3638,0.0000
6.101,0.0000,9.3638,0.0000
6.110,0.0000,9.3638,0.0000
6.118,0.0000,9.3638,0.0000
6.126,0.0000,9.3638,0.0000
6.136,0.0000,9.3638,0.0000
6.145,0.0000,9.3638,0.0000
6.155,0.0000,9.3638,0.0000
6.164,0.0000,9.3638,0.0000
6.173,0.0000,9.3638,0.0000
6.182,0.0000,9.3638,0.0000
6.192,0.0000,9.3638,0.0000
6.201,0.0000,9.3638,0.0000
6.211,0.0000,9.3638,0.0000
6.219,0.0000,9.3638,0.0000
6.229,0.0000,9.3638,0.0000
6.239,0.0000,9.3638,0.0000
6.249,0.0000,9.3638,0.0000
6.259,0.0000,9.3638,0.0000
6.268,0.0000,9.3638,0.0000
6.276,0.0000,9.3638,0.0000
6.284,0.0000,9.3638,0.0000
6.293,0.0000,9.3638,0.0000
6.301,0.0000,9.3638,0.0000
6.309,0.0000,9.3638,0.0000
6.317,0.0000,9.3638,0.0000
6.325,0.0000,9.3638,0.0000
6.334,0.0000,9.3638,0.0000
6.342,0.0000,9.3638,0.0000
6.352,0.0000,9.3638,0.0000
6.360,0.0000,9.3638,0.0000
6.369,0.0000,9.3638,0.0000
6.376,0.0000,9.3638,0.0000
6.385,0.0000,9.3638,0.0000
6.395,0.0000,9.3638,0.0000
6.404,0.0000,9.3638,0.0000
6.414,0.0000,9.3638,0.0000
6.422,0.0000,9.3638,0.0000
6.432,0.0000,9.3638,0.0000
6.440,0.0000,9.3638,0.0000
6.449,0.0000,9.3638,0.0000
6.456,0.0000,9.3638,0.0000
6.464,0.0000,9.3638,0.0000
6.472,0.0000,9.3638,0.0000
6.481,0.0000,9.3638,0.0000
6.490,0.0000,9.3638,0.0000
6.499,0.0000,9.3638,0.0000
6.507,0.0000,9.3638,0.0000
6.516,0.0000,9.3638,0.0000
6.523,0.0000,9.3638,0.0000
6.532,0.0000,9.3638,0.0000
6.540,0.0000,9.3638,0.0000
6.549,0.0000,9.3638,0.0000
6.556,0.0000,9.3638,0.0000
6.563,0.0000,9.3638,0.0000
6.572,0.0000,9.3638,0.0000
6.579,0.0000,9.3638,0.0000
6.588,0.0000,9.3638,0.0000
6.595,0.0000,9.3638,0.0000
6.603,0.0000,9.3638,0.0000
6.611,0.0000,9.3638,0.0000
6.619,0.0000,9.3638,0.0000
6.627,0.0000,9.3638,0.0000
6.635,0.0000,9.3638,0.0000
6.642,0.0000,9.3638,0.0000
6.652,0.0000,9.3638,0.0000
6.659,0.0000,9.3638,0.0000
6.669,0.0000,9.3638,0.0000
6.677,0.0000,9.3638,0.0000
6.685,0.0000,9.3638,0.0000
6.692,0.0000,9.3638,0.0000
6.700,0.0000,9.3638,0.0000
6.709,0.0000,9.3638,0.0000
6.717,0.0000,9.3638,0.0000
6.726,0.0000,9.3638,0.0000
6.736,0.0000,9.3638,0.0000
6.745,0.0000,9.3638,0.0000
6.755,0.0000,9.3638,0.0000
6.761,0.0000,9.3638,0.0000
6.772,0.0000,9.3638,0.0000
6.779,0.0000,9.3638,0.0000
6.789,0.0000,9.3638,0.0000
6.796,0.0000,9.3638,0.0000
6.805,0.0000,9.3638,0.0000
6.812,0.0000,9.3638,0.0000
6.820,0.0000,9.3638,0.0000
6.827,0.0000,9.3638,0.0000
6.836,0.0000,9.3638,0.0000
6.842,0.0000,9.3638,0.0000
6.852,0.0000,9.3638,0.0000
6.859,0.0000,9.3638,0.0000
6.869,0.0000,9.3638,0.0000
6.876,0.0000,9.3638,0.0000
6.884,0.0000,9.3638,0.0000
6.892,0.0000,9.3638,0.0000
6.901,0.0000,9.3638,0.0000
6.908,0.0000,9.3638,0.0000
6.917,0.0000,9.3638,0.0000
6.924,0.0000,9.3638,0.0000
6.932,0.0000,9.3638,0.0000
6.938,0.0000,9.3638,0.0000
6.948,0.0000,9.3638,0.0000
6.956,0.0000,9.3638,0.0000
6.964,0.0000,9.3638,0.0000
6.972,0.0000,9.3638,0.0000
6.979,0.0000,9.3638,0.0000
6.989,0.0000,9.3638,0.0000
6.996,0.0000,9.3638,0.0000
7.004,0.0000,9.3638,0.0000
7.013,0.0000,9.3638,0.0000
7.022,0.0000,9.3638,0.0000
7.039,0.0000,9.3638,0.0000
7.049,0.0000,9.3638,0.0000
7.056,0.0000,9.3638,0.0000
7.064,0.0000,9.3638,0.0000
7.073,0.0000,9.3638,0.0000
7.082,0.0000,9.3638,0.0000
7.090,0.0000,9.3638,0.0000
7.098,0.0000,9.3638,0.0000
7.104,0.0000,9.3638,0.0000
7.115,0.0000,9.3638,0.0000
7.121,0.0000,9.3638,0.0000
7.130,0.0000,9.3638,0.0000
7.138,0.0000,9.3638,0.0000
7.146,0.0000,9.3638,0.0000
7.155,0.0000,9.3638,0.0000
7.162,0.0000,9.3638,0.0000
7.172,0.0000,9.3638,0.0000
7.180,0.0000,9.3638,0.0000
7.188,0.0000,9.3638,0.0000
7.195,0.0000,9.3638,0.0000
7.204,0.0000,9.3638,0.0000
7.211,0.0000,9.3638,0.0000
7.219,0.0000,9.3638,0.0000
7.226,0.0000,9.3638,0.0000
7.235,0.0000,9.3638,0.0000
7.242,0.0000,9.3638,0.0000
7.251,0.0000,9.3638,0.0000
7.258,0.0000,9.3638,0.0000
7.268,0.0000,9.3638,0.0000
7.278,0.0000,9.3638,0.0000
7.289,0.0000,9.3638,0.0000
7.298,0.0000,9.3638,0.0000
7.306,0.0000,9.3638,0.0000
7.316,0.0000,9.3638,0.0000
7.324,0.0000,9.3638,0.0000
7.333,0.0000,9.3638,0.0000
7.341,0.0000,9.3638,0.0000
7.351,0.0000,9.3638,0.0000
7.358,0.0000,9.3638,0.0000
7.368,0.0000,9.3638,0.0000
7.376,0.0000,9.3638,0.0000
7.384,0.0000,9.3638,0.0000
7.393,0.0000,9.3638,0.0000
7.401,0.0000,9.3638,0.0000
7.411,0.0000,9.3638,0.0000
7.418,0.0000,9.3638,0.0000
7.428,0.0000,9.3638,0.0000
7.436,0.0000,9.3638,0.0000
7.444,0.0000,9.3638,0.0000
7.454,0.0000,9.3638,0.0000
7.462,0.0000,9.3638,0.0000
7.473,0.0000,9.3638,0.0000
7.481,0.0000,9.3638,0.0000
7.491,0.0000,9.3638,0.0000
7.500,0.0000,9.3638,0.0000
7.510,0.0000,9.3638,0.0000
7.520,0.0000,9.3638,0.0000
7.529,0.0000,9.3638,0.0000
7.538,0.0000,9.3638,0.0000
7.546,0.0000,9.3638,0.0000
7.555,0.0000,9.3638,0.0000
7.564,0.0000,9.3638,0.0000
7.574,0.0000,9.3638,0.0000
7.583,0.0000,9.3638,0.0000
7.593,0.0000,9.3638,0.0000
7.602,0.0000,9.3638,0.0000
7.612,0.0000,9.3638,0.0000
7.620,0.0000,9.3638,0.0000
7.630,0.0000,9.3638,0.0000
7.638,0.0000,9.3638,0.0000
7.646,0.0000,9.3638,0.0000
7.656,0.0000,9.3638,0.0000
7.664,0.0000,9.3638,0.0000
7.674,0.0000,9.3638,0.0000
7.683,0.0000,9.3638,0.0000
7.692,0.0000,9.3638,0.0000
7.700,0.0000,9.3638,0.0000
7.711,0.0000,9.3638,0.0000
7.719,0.0000,9.3638,0.0000
7.727,0.0000,9.3638,0.0000
7.736,0.0000,9.3638,0.0000
7.742,0.0000,9.3638,0.0000
7.751,0.0000,9.3638,0.0000
7.758,0.0000,9.3638,0.0000
7.767,0.0000,9.3638,0.0000
7.774,0.0000,9.3638,0.0000
7.783,0.0000,9.3638,0.0000
7.791,0.0000,9.3638,0.0000
7.799,0.0000,9.3638,0.0000
7.807,0.0000,9.3638,0.0000
7.815,0.0000,9.3638,0.0000
7.822,0.0000,9.3638,0.0000
7.831,0.0000,9.3638,0.0000
7.838,0.0000,9.3638,0.0000
7.846,0.0000,9.3638,0.0000
7.854,0.0000,9.3638,0.0000
7.862,0.0000,9.3638,0.0000
7.872,0.0000,9.3638,0.0000
7.879,0.0000,9.3638,0.0000
7.888,0.0000,9.3638,0.0000
7.896,0.0000,9.3638,0.0000
7.904,0.0000,9.3638,0.0000
7.913,0.0000,9.3638,0.0000
7.921,0.0000,9.3638,0.0000
7.930,0.0000,9.3638,0.0000
7.939,0.0000,9.3638,0.0000
7.947,0.0000,9.3638,0.0000
7.956,0.0000,9.3638,0.0000
7.962,0.0000,9.3638,0.0000
7.972,0.0000,9.3638,0.0000
7.978,0.0000,9.3638,0.0000
7.988,0.0000,9.3638,0.0000
7.995,0.0000,9.3638,0.0000
8.004,0.0000,9.3638,0.0000
8.011,0.0000,9.3638,0.0000
8.020,0.0000,9.3638,0.0000
8.027,0.0000,9.3638,0.0000
8.038,0.0000,9.3638,0.0000
8.045,0.0000,9.3638,0.0000
8.053,0.0000,9.3638,0.0000
8.060,0.0000,9.3638,0.0000
8.070,0.0000,9.3638,0.0000
8.077,0.0000,9.3638,0.0000
8.085,0.0000,9.3638,0.0000
8.091,0.0000,9.3638,0.0000
8.102,0.0000,9.3638,0.0000
8.111,0.0000,9.3638,0.0000
8.119,0.0000,9.3638,0.0000
8.127,0.0000,9.3638,0.0000
8.135,0.0000,9.3638,0.0000
8.142,0.0000,9.3638,0.0000
8.150,0.0000,9.3638,0.0000
8.157,0.0000,9.3638,0.0000
8.165,0.0000,9.3638,0.0000
8.174,0.0000,9.3638,0.0000
8.182,0.0000,9.3638,0.0000
8.190,0.0000,9.3638,0.0000
8.198,0.0000,9.3638,0.0000
8.208,0.0000,9.3638,0.0000
8.215,0.0000,9.3638,0.0000
8.222,0.0000,9.3638,0.0000
8.231,0.0000,9.3638,0.0000
8.239,0.0000,9.3638,0.0000
8.248,0.0000,9.3638,0.0000
8.256,0.0000,9.3638,0.0000
8.262,0.0000,9.3638,0.0000
8.272,0.0000,9.3638,0.0000
8.280,0.0000,9.3638,0.0000
8.290,0.0000,9.3638,0.0000
8.298,0.0000,9.3638,0.0000
8.307,0.0000,9.3638,0.0000
8.315,0.0000,9.3638,0.0000
8.322,0.0000,9.3638,0.0000
8.331,0.0000,9.3638,0.0000
8.338,0.0000,9.3638,0.0000
8.346,0.0000,9.3638,0.0000
8.355,0.0000,9.3638,0.0000
8.362,0.0000,9.3638,0.0000
8.371,0.0000,9.3638,0.0000
8.379,0.0000,9.3638,0.0000
8.388,0.0000,9.3638,0.0000
8.395,0.0000,9.3638,0.0000
8.405,0.0000,9.3638,0.0000
8.414,0.0000,9.3638,0.0000
8.422,0.0000,9.3638,0.0000
8.433,0.0000,9.3638,0.0000
8.441,0.0000,9.3638,0.0000
8.451,0.0000,9.3638,0.0000
8.457,0.0000,9.3638,0.0000
8.464,0.0000,9.3638,0.0000
8.474,0.0000,9.3638,0.0000
8.481,0.0000,9.3638,0.0000
8.489,0.0000,9.3638,0.0000
8.498,0.0000,9.3638,0.0000
8.507,0.0000,9.3638,0.0000
8.515,0.0000,9.3638,0.0000
8.522,0.0000,9.3638,0.0000
8.532,0.0000,9.3638,0.0000
8.539,0.0000,9.3638,0.0000
8.548,0.0000,9.3638,0.0000
8.555,0.0000,9.3638,0.0000
8.564,0.0000,9.3638,0.0000
8.572,0.0000,9.3638,0.0000
8.582,0.0000,9.3638,0.0000
8.591,0.0000,9.3638,0.0000
8.599,0.0000,9.3638,0.0000
8.609,0.0000,9.3638,0.0000
8.617,0.0000,9.3638,0.0000
8.625,0.0000,9.3638,0.0000
8.634,0.0000,9.3638,0.0000
8.642,0.0000,9.3638,0.0000
8.652,0.0000,9.3638,0.0000
8.660,0.0000,9.3638,0.0000
8.670,0.0000,9.3638,0.0000
8.677,0.0000,9.3638,0.0000
8.685,0.0000,9.3638,0.0000
8.694,0.0000,9.3638,0.0000
8.703,0.0000,9.3638,0.0000
8.712,0.0000,9.3638,0.0000
8.721,0.0000,9.3638,0.0000
8.729,0.0000,9.3638,0.0000
8.738,0.0000,9.3638,0.0000
8.748,0.0000,9.3638,0.0000
8.757,0.0000,9.3638,0.0000
8.766,0.0000,9.3638,0.0000
8.775,0.0000,9.3638,0.0000
8.784,0.0000,9.3638,0.0000
8.793,0.0000,9.3638,0.0000
8.803,0.0000,9.3638,0.0000
8.812,0.0000,9.3638,0.0000
8.820,0.0000,9.3638,0.0000
8.830,0.0000,9.3638,0.0000
8.838,0.0000,9.3638,0.0000
8.845,0.0000,9.3638,0.0000
8.854,0.0000,9.3638,0.0000
8.863,0.0000,9.3638,0.0000
8.873,0.0000,9.3638,0.0000
8.880,0.0000,9.3638,0.0000
8.890,0.0000,9.3638,0.0000
8.898,0.0000,9.3638,0.0000
8.906,0.0000,9.3638,0.0000
8.916,0.0000,9.3638,0.0000
8.924,0.0000,9.3638,0.0000
8.934,0.0000,9.3638,0.0000
8.941,0.0000,9.3638,0.0000
8.951,0.0000,9.3638,0.0000
8.959,0.0000,9.3638,0.0000
8.968,0.0000,9.3638,0.0000
8.975,0.0000,9.3638,0.0000
8.983,0.0000,9.3638,0.0000
8.991,0.0000,9.3638,0.0000
8.999,0.0000,9.3638,0.0000
9.007,0.0000,9.3638,0.0000
9.015,0.0000,9.3638,0.0000
9.022,0.0000,9.3638,0.0000
9.031,0.0000,9.3638,0.0000
9.039,0.0000,9.3638,0.0000
9.048,0.0000,9.3638,0.0000
9.056,0.0000,9.3638,0.0000
9.063,0.0000,9.3638,0.0000
9.073,0.0000,9.3638,0.0000
9.081,0.0000,9.3638,0.0000
9.089,0.0000,9.3638,0.0000
9.096,0.0000,9.3638,0.0000
9.105,0.0000,9.3638,0.0000
9.113,0.0000,9.3638,0.0000
9.120,0.0000,9.3638,0.0000
9.129,0.0000,9.3638,0.0000
9.138,0.0000,9.3638,0.0000
9.145,0.0000,9.3638,0.0000
9.154,0.0000,9.3638,0.0000
9.160,0.0000,9.3638,0.0000
9.170,0.0000,9.3638,0.0000
9.176,0.0000,9.3638,0.0000
9.186,0.0000,9.3638,0.0000
9.193,0.0000,9.3638,0.0000
9.203,0.0000,9.3638,0.0000
9.210,0.0000,9.3638,0.0000
9.219,0.0000,9.3638,0.0000
9.229,0.0000,9.3638,0.0000
9.238,0.0000,9.3638,0.0000
9.246,0.0000,9.3638,0.0000
9.254,0.0000,9.3638,0.0000
9.263,0.0000,9.3638,0.0000
9.271,0.0000,9.3638,0.0000
9.279,0.0000,9.3638,0.0000
9.288,0.0000,9.3638,0.0000
9.296,0.0000,9.3638,0.0000
9.305,0.0000,9.3638,0.0000
9.315,0.0000,9.3638,0.0000
9.322,0.0000,9.3638,0.0000
9.331,0.0000,9.3638,0.0000
9.338,0.0000,9.3638,0.0000
9.348,0.0000,9.3638,0.0000
9.355,0.0000,9.3638,0.0000
9.363,0.0000,9.3638,0.0000
9.380,0.0000,9.3638,0.0000
9.395,0.0000,9.3638,0.0000
9.403,0.0000,9.3638,0.0000
9.411,0.0000,9.3638,0.0000
9.418,0.0000,9.3638,0.0000
9.426,0.0000,9.3638,0.0000
9.434,0.0000,9.3638,0.0000
9.441,0.0000,9.3638,0.0000
9.449,0.0000,9.3638,0.0000
9.456,0.0000,9.3638,0.0000
9.464,0.0000,9.3638,0.0000
9.472,0.0000,9.3638,0.0000
9.479,0.0000,9.3638,0.0000
9.488,0.0000,9.3638,0.0000
9.496,0.0000,9.3638,0.0000
9.503,0.0000,9.3638,0.0000
9.511,0.0000,9.3638,0.0000
9.518,0.0000,9.3638,0.0000
9.525,0.0000,9.3638,0.0000
9.535,0.0000,9.3638,0.0000
9.543,0.0000,9.3638,0.0000
9.551,0.0000,9.3638,0.0000
9.559,0.0000,9.3638,0.0000
9.568,0.0000,9.3638,0.0000
9.575,0.0000,9.3638,0.0000
9.582,0.0000,9.3638,0.0000
9.591,0.0000,9.3638,0.0000
9.599,0.0000,9.3638,0.0000
9.609,0.0000,9.3638,0.0000
9.617,0.0000,9.3638,0.0000
9.624,0.0000,9.3638,0.0000
9.632,0.0000,9.3638,0.0000
9.640,0.0000,9.3638,0.0000
9.649,0.0000,9.3638,0.0000
9.656,0.0000,9.3638,0.0000
9.662,0.0000,9.3638,0.0000
9.672,0.0000,9.3638,0.0000
9.680,0.0000,9.3638,0.0000
9.688,0.0000,9.3638,0.0000
9.696,0.0000,9.3638,0.0000
9.705,0.0000,9.3638,0.0000
9.714,0.0000,9.3638,0.0000
9.720,0.0000,9.3638,0.0000
9.731,0.0000,9.3638,0.0000
9.738,0.0000,9.3638,0.0000
9.748,0.0000,9.3638,0.0000
9.755,0.0000,9.3638,0.0000
9.764,0.0000,9.3638,0.0000
9.773,0.0000,9.3638,0.0000
9.781,0.0000,9.3638,0.0000
9.790,0.0000,9.3638,0.0000
9.800,0.0000,9.3638,0.0000
9.810,0.0000,9.3638,0.0000
9.818,0.0000,9.3638,0.0000
9.826,0.0000,9.3638,0.0000
9.834,0.0000,9.3638,0.0000
9.843,0.0000,9.3638,0.0000
9.853,0.0000,9.3638,0.0000
9.861,0.0000,9.3638,0.0000
9.871,0.0000,9.3638,0.0000
9.878,0.0000,9.3638,0.0000
9.887,0.0000,9.3638,0.0000
9.894,0.0000,9.3638,0.0000
9.903,0.0000,9.3638,0.0000
9.911,0.0000,9.3638,0.0000
9.920,0.0000,9.3638,0.0000
9.928,0.0000,9.3638,0.0000
9.937,0.0000,9.3638,0.0000
9.944,0.0000,9.3638,0.0000
9.954,0.0000,9.3638,0.0000
9.961,0.0000,9.3638,0.0000
9.971,0.0000,9.3638,0.0000
9.980,0.0000,9.3638,0.0000
9.989,0.0000,9.3638,0.0000
9.998,0.0000,9.3638,0.0000
10.007,0.0000,9.3638,0.0000
10.017,0.0000,9.3638,0.0000
10.026,0.0000,9.3638,0.0000
10.036,0.0000,9.3638,0.0000
10.045,0.0000,9.3638,0.0000
10.055,0.0000,9.3638,0.0000
10.063,0.0000,9.3638,0.0000
10.073,0.0000,9.3638,0.0000
10.080,0.0000,9.3638,0.0000
10.089,0.0000,9.3638,0.0000
10.097,0.0000,9.3638,0.0000
10.106,0.0000,9.3638,0.0000
10.115,0.0000,9.3638,0.0000
10.122,0.0000,9.3638,0.0000
10.133,0.0000,9.3638,0.0000
10.140,0.0000,9.3638,0.0000
10.150,0.0000,9.3638,0.0000
10.157,0.0000,9.3638,0.0000
10.168,0.0000,9.3638,0.0000
10.177,0.0000,9.3638,0.0000
10.186,0.0000,9.3638,0.0000
10.197,0.0000,9.3638,0.0000
10.206,0.0000,9.3638,0.0000
10.216,0.0000,9.3638,0.0000
10.225,0.0000,9.3638,0.0000
10.235,0.0000,9.3638,0.0000
10.243,0.0000,9.3638,0.0000
10.252,0.0000,9.3638,0.0000
10.261,0.0000,9.3638,0.0000
10.271,0.0000,9.3638,0.0000
10.279,0.0000,9.3638,0.0000
10.288,0.0000,9.3638,0.0000
10.296,0.0000,9.3638,0.0000
10.305,0.0000,9.3638,0.0000
10.317,0.0000,9.3638,0.0000
10.325,0.0000,9.3638,0.0000
10.334,0.0000,9.3638,0.0000
10.342,0.0000,9.3638,0.0000
10.351,0.0000,9.3638,0.0000
10.359,0.0000,9.3638,0.0000
10.368,0.0000,9.3638,0.0000
10.375,0.0000,9.3638,0.0000
10.383,0.0000,9.3638,0.0000
10.392,0.0000,9.3638,0.0000
10.400,0.0000,9.3638,0.0000
10.408,0.0000,9.3638,0.0000
10.417,0.0000,9.3638,0.0000
10.424,0.0000,9.3638,0.0000
10.434,0.0000,9.3638,0.0000
10.440,0.0000,9.3638,0.0000
10.449,0.0000,9.3638,0.0000
10.456,0.0000,9.3638,0.0000
10.465,0.0000,9.3638,0.0000
10.473,0.0000,9.3638,0.0000
10.480,0.0000,9.3638,0.0000
10.488,0.0000,9.3638,0.0000
10.497,0.0000,9.3638,0.0000
10.505,0.0000,9.3638,0.0000
10.514,0.0000,9.3638,0.0000
10.522,0.0000,9.3638,0.0000
10.531,0.0000,9.3638,0.0000
10.538,0.0000,9.3638,0.0000
10.545,0.0000,9.3638,0.0000
10.553,0.0000,9.3638,0.0000
10.560,0.0000,9.3638,0.0000
10.567,0.0000,9.3638,0.0000
10.576,0.0000,9.3638,0.0000
10.584,0.0000,9.3638,0.0000
10.592,0.0000,9.3638,0.0000
10.599,0.0000,9.3638,0.0000
10.608,0.0000,9.3638,0.0000
10.616,0.0000,9.3638,0.0000
10.623,0.0000,9.3638,0.0000
10.631,0.0000,9.3638,0.0000
10.639,0.0000,9.3638,0.0000
10.648,0.0000,9.3638,0.0000
10.656,0.0000,9.3638,0.0000
10.664,0.0000,9.3638,0.0000
10.674,0.0000,9.3638,0.0000
10.681,0.0000,9.3638,0.0000
10.690,0.0000,9.3638,0.0000
10.697,0.0000,9.3638,0.0000
10.705,0.0000,9.3638,0.0000
10.714,0.0000,9.3638,0.0000
10.720,0.0000,9.3638,0.0000
10.729,0.0000,9.3638,0.0000
10.736,0.0000,9.3638,0.0000
10.744,0.0000,9.3638,0.0000
10.751,0.0000,9.3638,0.0000
10.759,0.0000,9.3638,0.0000
10.769,0.0000,9.3638,0.0000
10.776,0.0000,9.3638,0.0000
10.784,0.0000,9.3638,0.0000
10.791,0.0000,9.3638,0.0000
10.799,0.0000,9.3638,0.0000
10.808,0.0000,9.3638,0.0000
10.816,0.0000,9.3638,0.0000
10.824,0.0000,9.3638,0.0000
10.833,0.0000,9.3638,0.0000
10.840,0.0000,9.3638,0.0000
10.849,0.0000,9.3638,0.0000
10.857,0.0000,9.3638,0.0000
10.867,0.0000,9.3638,0.0000
10.875,0.0000,9.3638,0.0000
10.884,0.0000,9.3638,0.0000
10.892,0.0000,9.3638,0.0000
10.900,0.0000,9.3638,0.0000
10.909,0.0000,9.3638,0.0000
10.919,0.0000,9.3638,0.0000
10.928,0.0000,9.3638,0.0000
10.937,0.0000,9.3638,0.0000
10.945,0.0000,9.3638,0.0000
10.954,0.0000,9.3638,0.0000
10.962,0.0000,9.3638,0.0000
10.972,0.0000,9.3638,0.0000
10.980,0.0000,9.3638,0.0000
10.989,0.0000,9.3638,0.0000
10.997,0.0000,9.3638,0.0000
11.005,0.0000,9.3638,0.0000
11.015,0.0000,9.3638,0.0000
11.023,0.0000,9.3638,0.0000
11.033,0.0000,9.3638,0.0000
11.041,0.0000,9.3638,0.0000
11.051,0.0000,9.3638,0.0000
11.060,0.0000,9.3638,0.0000
11.071,0.0000,9.3638,0.0000
11.080,0.0000,9.3638,0.0000
11.090,0.0000,9.3638,0.0000
11.100,0.0000,9.3638,0.0000
11.108,0.0000,9.3638,0.0000
11.117,0.0000,9.3638,0.0000
11.125,0.0000,9.3638,0.0000
11.136,0.0000,9.3638,0.0000
11.143,0.0000,9.3638,0.0000
11.154,0.0000,9.3638,0.0000
11.162,0.0000,9.3638,0.0000
11.173,0.0000,9.3638,0.0000
11.184,0.0000,9.3638,0.0000
11.194,0.0000,9.3638,0.0000
11.203,0.0000,9.3638,0.0000
11.212,0.0000,9.3638,0.0000
11.221,0.0000,9.3638,0.0000
11.231,0.0000,9.3638,0.0000
11.240,0.0000,9.3638,0.0000
11.252,0.0000,9.3638,0.0000
11.261,0.0000,9.3638,0.0000
11.272,0.0000,9.3638,0.0000
11.281,0.0000,9.3638,0.0000
11.292,0.0000,9.3638,0.0000
11.302,0.0000,9.3638,0.0000
11.313,0.0000,9.3638,0.0000
11.322,0.0000,9.3638,0.0000
11.334,0.0000,9.3638,0.0000
11.343,0.0000,9.3638,0.0000
11.352,0.0000,9.3638,0.0000
11.361,0.0000,9.3638,0.0000
11.372,0.0000,9.3638,0.0000
11.381,0.0000,9.3638,0.0000
11.391,0.0000,9.3638,0.0000
11.401,0.0000,9.3638,0.0000
11.410,0.0000,9.3638,0.0000
11.419,0.0000,9.3638,0.0000
11.429,0.0000,9.3638,0.0000
11.438,0.0000,9.3638,0.0000
11.448,0.0000,9.3638,0.0000
11.457,0.0000,9.3638,0.0000
11.468,0.0000,9.3638,0.0000
11.478,0.0000,9.3638,0.0000
11.490,0.0000,9.3638,0.0000
11.498,0.0000,9.3638,0.0000
11.508,0.0000,9.3638,0.0000
11.518,0.0000,9.3638,0.0000
11.527,0.0000,9.3638,0.0000
11.539,0.0000,9.3638,0.0000
11.548,0.0000,9.3638,0.0000
11.557,0.0000,9.3638,0.0000
11.565,0.0000,9.3638,0.0000
11.575,0.0000,9.3638,0.0000
11.583,0.0000,9.3638,0.0000
11.591,0.0000,9.3638,0.0000
11.600,0.0000,9.3638,0.0000
11.609,0.0000,9.3638,0.0000
11.617,0.0000,9.3638,0.0000
11.624,0.0000,9.3638,0.0000
11.632,0.0000,9.3638,0.0000
11.639,0.0000,9.3638,0.0000
11.650,0.0000,9.3638,0.0000
11.657,0.0000,9.3638,0.0000
11.664,0.0000,9.3638,0.0000
11.674,0.0000,9.3638,0.0000
11.683,0.0000,9.3638,0.0000
11.692,0.0000,9.3638,0.0000
11.701,0.0000,9.3638,0.0000
11.711,0.0000,9.3638,0.0000
11.718,0.0000,9.3638,0.0000
11.727,0.0000,9.3638,0.0000
11.736,0.0000,9.3638,0.0000
11.744,0.0000,9.3638,0.0000
11.752,0.0000,9.3638,0.0000
11.760,0.0000,9.3638,0.0000
11.771,0.0000,9.3638,0.0000
11.778,0.0000,9.3638,0.0000
11.786,0.0000,9.3638,0.0000
11.796,0.0000,9.3638,0.0000
11.804,0.0000,9.3638,0.0000
11.813,0.0000,9.3638,0.0000
11.827,0.0000,9.3638,0.0000
11.840,0.0000,9.3638,0.0000
11.853,0.0000,9.3638,0.0000
11.863,0.0000,9.3638,0.0000
11.877,0.0000,9.3638,0.0000
11.887,0.0000,9.3638,0.0000
11.895,0.0000,9.3638,0.0000
11.903,0.0000,9.3638,0.0000
11.912,0.0000,9.3638,0.0000
11.920,0.0000,9.3638,0.0000
11.928,0.0000,9.3638,0.0000
11.937,0.0000,9.3638,0.0000
11.944,0.0000,9.3638,0.0000
11.953,0.0000,9.3638,0.0000
11.960,0.0000,9.3638,0.0000
11.970,0.0000,9.3638,0.0000
11.978,0.0000,9.3638,0.0000
11.986,0.0000,9.3638,0.0000
11.994,0.0000,9.3638,0.0000
12.004,0.0000,9.3638,0.0000
12.011,0.0000,9.3638,0.0000
12.020,0.0000,9.3638,0.0000
12.028,0.0000,9.3638,0.0000
12.036,0.0000,9.3638,0.0000
12.044,0.0000,9.3638,-0.0003
12.053,0.0000,9.3638,-0.0003
12.060,0.0000,9.3638,-0.0008
12.071,0.0000,9.3638,-0.0008
12.078,0.0000,9.3638,-0.0008
12.087,0.0000,9.3638,-0.0013
12.095,0.0000,9.3638,-0.0013
12.103,0.0000,9.3638,-0.0019
12.111,0.0000,9.3638,-0.0019
12.120,0.0000,9.3638,-0.0025
12.131,0.0000,9.3638,-0.0025
12.138,0.0000,9.3638,-0.0025
12.146,0.0000,9.3638,-0.0032
12.154,0.0000,9.3638,-0.0032
12.161,0.0000,9.3638,-0.0040
12.171,0.0000,9.3638,-0.0040
12.179,0.0000,9.3638,-0.0047
12.188,0.0000,9.3638,-0.0047
12.197,0.0000,9.3638,-0.0047
12.206,0.0000,9.3638,-0.0054
12.215,0.0000,9.3638,-0.0054
12.223,0.0000,9.3638,-0.0062
12.232,0.0000,9.3638,-0.0062
12.240,0.0000,9.3638,-0.0070
12.248,0.0000,9.3638,-0.0070
12.256,0.0000,9.3638,-0.0070
12.262,0.0000,9.3638,-0.0078
12.273,0.0000,9.3638,-0.0078
12.281,0.0000,9.3638,-0.0086
12.290,0.0000,9.3638,-0.0086
12.298,0.0000,9.3638,-0.0086
12.306,0.0000,9.3638,-0.0107
12.314,0.0000,9.3638,-0.0107
12.322,0.0000,9.3638,-0.0129
12.333,0.0000,9.3638,-0.0129
12.343,0.0000,9.3638,-0.0151
12.353,0.0000,9.3638,-0.0151
12.360,0.0000,9.3638,-0.0173
12.371,0.0000,9.3638,-0.0173
12.379,0.0000,9.3638,-0.0196
12.389,0.0000,9.3638,-0.0196
12.398,0.0000,9.3638,-0.0196
12.407,0.0000,9.3638,-0.0218
12.417,0.0000,9.3638,-0.0218
12.425,0.0000,9.3638,-0.0240
12.436,0.0000,9.3638,-0.0240
12.444,0.0000,9.3638,-0.0262
12.454,0.0000,9.3638,-0.0262
12.462,0.0000,9.3638,-0.0285
12.472,0.0000,9.3638,-0.0285
12.482,0.0000,9.3638,-0.0308
12.492,0.0000,9.3638,-0.0308
12.501,0.0000,9.3638,-0.0332
12.512,0.0000,9.3638,-0.0332
12.522,0.0000,9.3638,-0.0357
12.531,0.0000,9.3638,-0.0357
12.541,0.0000,9.3638,-0.0383
12.552,0.0000,9.3638,-0.0383
12.560,0.0000,9.3638,-0.0410
12.570,0.0000,9.3638,-0.0410
12.579,0.0000,9.3638,-0.0438
12.589,0.0000,9.3638,-0.0438
12.599,0.0000,9.3638,-0.0468
12.609,0.0000,9.3638,-0.0468
12.617,0.0000,9.3638,-0.0468
12.624,0.0000,9.3638,-0.0499
12.635,0.0000,9.3638,-0.0499
12.645,0.0000,9.3638,-0.0530
12.654,0.0000,9.3638,-0.0530
12.664,0.0000,9.3638,-0.0562
12.674,0.0000,9.3638,-0.0562
12.684,0.0000,9.3638,-0.0593
12.693,0.0000,9.3638,-0.0593
12.703,0.0000,9.3638,-0.0625
12.712,0.0000,9.3638,-0.0625
12.720,0.0000,9.3638,-0.0658
12.732,0.0000,9.3638,-0.0658
12.740,0.0000,9.3638,-0.0690
12.750,0.0000,9.3638,-0.0690
12.758,0.0000,9.3638,-0.0722
12.768,0.0000,9.3638,-0.0722
12.775,0.0000,9.3638,-0.0722
12.783,0.0000,9.3638,-0.0755
12.792,0.0000,9.3638,-0.0755
12.800,0.0000,9.3638,-0.0787
12.810,0.0000,9.3638,-0.0787
12.819,0.0000,9.3638,-0.0820
12.827,0.0000,9.3638,-0.0820
12.835,0.0000,9.3638,-0.0820
12.842,0.0000,9.3638,-0.0852
12.852,0.0000,9.3638,-0.0852
12.858,0.0000,9.3638,-0.0852
12.866,0.0000,9.3638,-0.0885
12.874,0.0000,9.3638,-0.0885
12.883,0.0000,9.3638,-0.0918
12.892,0.0000,9.3638,-0.0918
12.901,0.0000,9.3638,-0.0950
12.910,0.0000,9.3638,-0.0950
12.918,0.0000,9.3638,-0.0950
12.924,0.0000,9.3638,-0.0983
12.935,0.0000,9.3638,-0.0983
12.943,0.0000,9.3638,-0.1017
12.952,0.0000,9.3638,-0.1017
12.960,0.0000,9.3638,-0.1051
12.969,0.0000,9.3638,-0.1051
12.977,0.0000,9.3638,-0.1051
12.985,0.0000,9.3638,-0.1086
12.994,0.0000,9.3638,-0.1086
13.003,0.0000,9.3638,-0.1122
13.011,0.0000,9.3638,-0.1122
13.019,0.0000,9.3638,-0.1158
13.028,0.0000,9.3638,-0.1158
13.037,0.0000,9.3638,-0.1158
13.044,0.0000,9.3638,-0.1227
13.053,0.0000,9.3638,-0.1227
13.060,0.0000,9.3638,-0.1297
13.070,0.0000,9.3638,-0.1297
13.078,0.0000,9.3638,-0.1297
13.086,0.0000,9.3638,-0.1368
13.094,0.0000,9.3638,-0.1368
13.102,0.0000,9.3638,-0.1439
13.112,0.0000,9.3638,-0.1439
13.120,0.0000,9.3638,-0.1510
13.128,0.0000,9.3638,-0.1510
13.137,0.0000,9.3638,-0.1510
13.144,0.0000,9.3638,-0.1580
13.155,0.0000,9.3638,-0.1580
13.162,0.0000,9.3638,-0.1649
13.172,0.0000,9.3638,-0.1649
13.180,0.0000,9.3638,-0.1719
13.189,0.0000,9.3638,-0.1719
13.196,0.0000,9.3638,-0.1719
13.205,0.0000,9.3638,-0.1789
13.216,0.0000,9.3638,-0.1789
13.223,0.0000,9.3638,-0.1859
13.233,0.0000,9.3638,-0.1859
13.241,0.0000,9.3638,-0.1928
13.250,0.0000,9.3638,-0.1928
13.257,0.0000,9.3638,-0.1928
13.265,0.0000,9.3638,-0.1964
13.275,0.0000,9.3638,-0.1964
13.283,0.0000,9.3638,-0.2001
13.291,0.0000,9.3638,-0.2001
13.299,0.0000,9.3638,-0.2036
13.309,0.0000,9.3638,-0.2036
13.316,0.0000,9.3638,-0.2036
13.325,0.0000,9.3638,-0.2069
13.336,0.0000,9.3638,-0.2069
13.343,0.0000,9.3638,-0.2100
13.353,0.0000,9.3638,-0.2100
13.360,0.0000,9.3638,-0.2127
13.370,0.0000,9.3638,-0.2127
13.376,0.0000,9.3638,-0.2127
13.384,0.0000,9.3638,-0.2149
13.393,0.0000,9.3638,-0.2149
13.400,0.0000,9.3638,-0.2155
13.408,0.0000,9.3638,-0.2155
13.417,0.0000,9.3638,-0.2155
13.424,0.0000,9.3638,-0.2155
13.433,0.0000,9.3638,-0.2155
13.441,0.0000,9.3638,-0.2155
13.450,0.0000,9.3638,-0.2155
13.457,0.0000,9.3638,-0.2155
13.465,0.0000,9.3638,-0.2155
13.474,0.0000,9.3638,-0.2155
13.483,0.0000,9.3638,-0.2155
13.492,0.0000,9.3638,-0.2155
13.501,0.0000,9.3638,-0.2155
13.509,0.0000,9.3638,-0.2155
13.518,0.0000,9.3638,-0.2155
13.526,0.0000,9.3638,-0.2155
13.536,0.0000,9.3638,-0.2155
13.543,0.0000,9.3638,-0.2155
13.553,0.0000,9.3638,-0.2155
13.560,0.0000,9.3638,-0.2155
13.570,0.0000,9.3638,-0.2155
13.577,0.0000,9.3638,-0.2155
13.586,0.0000,9.3638,-0.2155
13.594,0.0000,9.3638,-0.2155
13.602,0.0000,9.3638,-0.2155
13.611,0.0000,9.3638,-0.2155
13.620,0.0000,9.3638,-0.2155
13.630,0.0000,9.3638,-0.2155
13.638,0.0000,9.3638,-0.2155
13.645,0.0000,9.3638,-0.2150
13.655,0.0000,9.3638,-0.2150
13.663,0.0000,9.3638,-0.2128
13.674,0.0000,9.3638,-0.2128
13.683,0.0000,9.3638,-0.2098
13.692,0.0000,9.3638,-0.2098
13.702,0.0000,9.3638,-0.2025
13.712,0.0000,9.3638,-0.2025
13.720,0.0000,9.3638,-0.1943
13.729,0.0000,9.3638,-0.1943
13.738,0.0000,9.3638,-0.1943
13.746,0.0000,9.3638,-0.1762
13.755,0.0000,9.3638,-0.1762
13.764,0.0000,9.3638,-0.1561
13.774,0.0000,9.3638,-0.1561
13.784,0.0000,9.3638,-0.1347
13.793,0.0000,9.3638,-0.1347
13.803,0.0000,9.3638,-0.1122
13.813,0.0000,9.3638,-0.1122
13.823,0.0000,9.3638,-0.0891
13.834,0.0000,9.3638,-0.0891
13.843,0.0000,9.3638,-0.0658
13.854,0.0000,9.3638,-0.0658
13.864,0.0000,9.3638,-0.0425
13.874,0.0000,9.3638,-0.0425
13.882,0.0000,9.3638,-0.0191
13.891,0.0000,9.3638,-0.0191
13.899,0.0000,9.3638,0.0042
13.909,0.0000,9.3638,0.0042
13.918,0.0000,9.3638,0.0042
13.926,0.0000,9.3638,0.0275
13.934,0.0000,9.3638,0.0275
13.944,0.0000,9.3638,0.0508
13.953,0.0000,9.3638,0.0508
13.962,0.0000,9.3638,0.0742
13.972,0.0000,9.3638,0.0742
13.980,0.0000,9.3638,0.0974
13.990,0.0000,9.3638,0.0974
14.000,0.0000,9.3638,0.1206
14.009,0.0000,9.3638,0.1206
14.017,0.0000,9.3638,0.1206
14.026,0.0000,9.3638,0.1437
14.037,0.0000,9.3638,0.1437
14.044,0.0000,9.3638,0.1670
14.053,0.0000,9.3638,0.1670
14.060,0.0000,9.3638,0.1902
14.070,0.0000,9.3638,0.1902
14.077,0.0000,9.3638,0.1902
14.086,0.0000,9.3638,0.2134
14.102,0.0000,9.3638,0.2365
14.112,0.0000,9.3638,0.2365
14.120,0.0000,9.3638,0.2596
14.129,0.0000,9.3638,0.2596
14.137,0.0000,9.3638,0.2596
14.145,0.0000,9.3638,0.2826
14.154,0.0000,9.3638,0.2826
14.162,0.0000,9.3638,0.3056
14.171,0.0000,9.3638,0.3056
14.180,0.0000,9.3638,0.3284
14.189,0.0000,9.3638,0.3284
14.196,0.0000,9.3638,0.3284
14.204,0.0000,9.3638,0.3510
14.213,0.0000,9.3638,0.3510
14.220,0.0000,9.3638,0.3736
14.230,0.0000,9.3638,0.3736
14.239,0.0000,9.3638,0.3961
14.248,0.0000,9.3638,0.3961
14.256,0.0000,9.3638,0.3961
14.262,0.0000,9.3638,0.4183
14.273,0.0000,9.3638,0.4183
14.281,0.0000,9.3638,0.4404
14.291,0.0000,9.3638,0.4404
14.299,0.0000,9.3638,0.4622
14.309,0.0000,9.3638,0.4622
14.316,0.0000,9.3638,0.4622
14.324,0.0000,9.3638,0.4835
14.334,0.0000,9.3638,0.4835
14.340,0.0000,9.3638,0.5042
14.350,0.0000,9.3638,0.5042
14.358,0.0000,9.3638,0.5042
14.367,0.0000,9.3638,0.5241
14.376,0.0000,9.3638,0.5241
14.384,0.0000,9.3638,0.5435
14.393,0.0000,9.3638,0.5435
14.401,0.0000,9.3638,0.5627
14.411,0.0000,9.3638,0.5627
14.418,0.0000,9.3638,0.5627
14.425,0.0000,9.3638,0.5815
14.434,0.0000,9.3638,0.5815
14.442,0.0000,9.3638,0.6002
14.451,0.0000,9.3638,0.6002
14.458,0.0000,9.3638,0.6002
14.466,0.0000,9.3638,0.6187
14.475,0.0000,9.3638,0.6187
14.484,0.0000,9.3638,0.6372
14.493,0.0000,9.3638,0.6372
14.503,0.0000,9.3638,0.6557
14.512,0.0000,9.3638,0.6557
14.520,0.0000,9.3638,0.6742
14.528,0.0000,9.3638,0.6742
14.537,0.0000,9.3638,0.6742
14.544,0.0000,9.3638,0.6927
14.553,0.0000,9.3638,0.6927
14.560,0.0000,9.3638,0.7110
14.569,0.0000,9.3638,0.7110
14.577,0.0000,9.3638,0.7110
14.585,0.0000,9.3638,0.7293
14.594,0.0000,9.3638,0.7293
14.602,0.0000,9.3638,0.7475
14.611,0.0000,9.3638,0.7475
14.618,0.0000,9.3638,0.7475
14.626,0.0000,9.3638,0.7572
14.635,0.0000,9.3638,0.7572
14.643,0.0000,9.3638,0.7668
14.653,0.0000,9.3638,0.7668
14.661,0.0000,9.3638,0.7764
14.670,0.0000,9.3638,0.7764
14.678,0.0000,9.3638,0.7859
14.688,0.0000,9.3638,0.7859
14.696,0.0000,9.3638,0.7859
14.704,0.0000,9.3638,0.7953
14.712,0.0000,9.3638,0.7953
14.720,0.0000,9.3638,0.8046
14.727,0.0000,9.3638,0.8046
14.736,0.0000,9.3638,0.8046
14.742,0.0000,9.3638,0.8138
14.752,0.0000,9.3638,0.8138
14.759,-0.0001,9.3638,0.8229
14.769,-0.0001,9.3638,0.8229
14.776,-0.0001,9.3638,0.8229
14.785,-0.0002,9.3638,0.8319
14.794,-0.0002,9.3638,0.8319
14.802,-0.0004,9.3638,0.8408
14.811,-0.0004,9.3638,0.8408
14.819,-0.0006,9.3638,0.8496
14.827,-0.0006,9.3638,0.8496
14.836,-0.0006,9.3638,0.8496
14.842,-0.0012,9.3638,0.8583
14.853,-0.0012,9.3638,0.8583
14.859,-0.0019,9.3638,0.8669
14.869,-0.0019,9.3638,0.8669
14.875,-0.0019,9.3638,0.8669
14.885,-0.0026,9.3638,0.8754
14.894,-0.0026,9.3638,0.8754
14.903,-0.0034,9.3638,0.8840
14.912,-0.0034,9.3638,0.8840
14.920,-0.0042,9.3638,0.8925
14.930,-0.0042,9.3638,0.8925
14.938,-0.0042,9.3638,0.8925
14.946,-0.0050,9.3638,0.9010
14.954,-0.0050,9.3638,0.9010
14.963,-0.0059,9.3638,0.9095
14.973,-0.0059,9.3638,0.9095
14.980,-0.0069,9.3638,0.9180
14.990,-0.0069,9.3638,0.9180
14.999,-0.0078,9.3638,0.9266
15.009,-0.0078,9.3638,0.9266
15.018,-0.0078,9.3638,0.9266
15.027,-0.0099,9.3638,0.9351
15.038,-0.0119,9.3638,0.9437
15.050,-0.0119,9.3638,0.9437
15.058,-0.0119,9.3638,0.9437
15.068,-0.0142,9.3638,0.9523
15.077,-0.0142,9.3638,0.9523
15.086,-0.0165,9.3638,0.9609
15.096,-0.0165,9.3638,0.9609
15.106,-0.0190,9.3638,0.9695
15.117,-0.0190,9.3638,0.9695
15.125,-0.0216,9.3638,0.9783
15.136,-0.0216,9.3638,0.9783
15.145,-0.0271,9.3638,0.9870
15.155,-0.0271,9.3638,0.9870
15.163,-0.0329,9.3638,0.9957
15.174,-0.0329,9.3638,0.9957
15.181,-0.0388,9.3638,1.0044
15.191,-0.0388,9.3638,1.0044
15.199,-0.0448,9.3638,1.0131
15.209,-0.0448,9.3638,1.0131
15.217,-0.0448,9.3638,1.0131
15.225,-0.0511,9.3638,1.0219
15.236,-0.0511,9.3638,1.0219
15.244,-0.0574,9.3638,1.0307
15.253,-0.0574,9.3638,1.0307
15.261,-0.0638,9.3638,1.0395
15.272,-0.0638,9.3638,1.0395
15.279,-0.0702,9.3638,1.0483
15.289,-0.0702,9.3638,1.0483
15.297,-0.0702,9.3638,1.0483
15.304,-0.0768,9.3638,1.0571
15.313,-0.0768,9.3638,1.0571
15.320,-0.0835,9.3638,1.0659
15.330,-0.0835,9.3638,1.0659
15.338,-0.0835,9.3638,1.0659
15.346,-0.0902,9.3638,1.0748
15.355,-0.0902,9.3638,1.0748
15.362,-0.0970,9.3638,1.0836
15.371,-0.0970,9.3638,1.0836
15.378,-0.0970,9.3638,1.0836
15.385,-0.1039,9.3638,1.0926
15.394,-0.1039,9.3638,1.0926
15.401,-0.1107,9.3638,1.1016
15.411,-0.1107,9.3638,1.1016
15.419,-0.1176,9.3638,1.1107
15.428,-0.1176,9.3638,1.1107
15.436,-0.1176,9.3638,1.1107
15.442,-0.1246,9.3638,1.1200
15.451,-0.1246,9.3638,1.1200
15.458,-0.1246,9.3638,1.1200
15.464,-0.1315,9.3638,1.1295
15.474,-0.1315,9.3638,1.1295
15.481,-0.1385,9.3638,1.1391
15.490,-0.1385,9.3638,1.1391
15.498,-0.1385,9.3638,1.1391
15.508,-0.1455,9.3638,1.1574
15.518,-0.1455,9.3638,1.1574
15.525,-0.1525,9.3638,1.1760
15.535,-0.1525,9.3638,1.1760
15.542,-0.1595,9.3638,1.1949
15.550,-0.1595,9.3638,1.1949
15.558,-0.1595,9.3638,1.1949
15.566,-0.1665,9.3638,1.2141
15.575,-0.1665,9.3638,1.2141
15.583,-0.1735,9.3638,1.2337
15.592,-0.1735,9.3638,1.2337
15.601,-0.1805,9.3638,1.2535
15.610,-0.1805,9.3638,1.2535
15.619,-0.1875,9.3638,1.2738
15.626,-0.1875,9.3638,1.2738
15.636,-0.1875,9.3638,1.2738
15.643,-0.1945,9.3638,1.2947
15.653,-0.1945,9.3638,1.2947
15.660,-0.2015,9.3638,1.3163
15.670,-0.2015,9.3638,1.3163
15.678,-0.2015,9.3638,1.3163
15.686,-0.2085,9.3638,1.3388
15.697,-0.2085,9.3638,1.3388
15.704,-0.2155,9.3638,1.3618
15.712,-0.2155,9.3638,1.3618
15.719,-0.2225,9.3638,1.3851
15.728,-0.2225,9.3638,1.3851
15.736,-0.2225,9.3638,1.3851
15.744,-0.2295,9.3639,1.4084
15.754,-0.2295,9.3639,1.4084
15.761,-0.2365,9.3639,1.4318
15.771,-0.2365,9.3639,1.4318
15.778,-0.2365,9.3639,1.4318
15.785,-0.2435,9.3639,1.4551
15.793,-0.2435,9.3639,1.4551
15.801,-0.2505,9.3640,1.4784
15.810,-0.2505,9.3640,1.4784
15.817,-0.2505,9.3640,1.4784
15.823,-0.2575,9.3640,1.5018
15.832,-0.2575,9.3640,1.5018
15.840,-0.2645,9.3640,1.5251
15.849,-0.2645,9.3640,1.5251
15.856,-0.2645,9.3640,1.5251
15.863,-0.2715,9.3640,1.5484
15.872,-0.2715,9.3640,1.5484
15.879,-0.2785,9.3640,1.5718
15.889,-0.2785,9.3640,1.5718
15.897,-0.2785,9.3640,1.5718
15.905,-0.2855,9.3640,1.5951
15.913,-0.2855,9.3640,1.5951
15.921,-0.2924,9.3640,1.6184
15.931,-0.2924,9.3640,1.6184
15.939,-0.2994,9.3640,1.6418
15.947,-0.2994,9.3640,1.6418
15.954,-0.2994,9.3640,1.6418
15.961,-0.3064,9.3640,1.6651
15.970,-0.3064,9.3640,1.6651
15.977,-0.3064,9.3640,1.6651
15.984,-0.3133,9.3640,1.6884
15.993,-0.3133,9.3640,1.6884
16.000,-0.3203,9.3640,1.7118
16.009,-0.3203,9.3640,1.7118
16.017,-0.3203,9.3640,1.7118
16.024,-0.3272,9.3640,1.7351
16.034,-0.3272,9.3640,1.7351
16.042,-0.3342,9.3640,1.7584
16.052,-0.3342,9.3640,1.7584
16.059,-0.3411,9.3640,1.7818
16.069,-0.3411,9.3640,1.7818
16.076,-0.3411,9.3640,1.7818
16.085,-0.3480,9.3640,1.8051
16.093,-0.3480,9.3640,1.8051
16.102,-0.3549,9.3640,1.8284
16.111,-0.3549,9.3640,1.8284
16.119,-0.3619,9.3640,1.8518
16.126,-0.3619,9.3640,1.8518
16.134,-0.3619,9.3640,1.8518
16.143,-0.3688,9.3640,1.8751
16.153,-0.3688,9.3640,1.8751
16.160,-0.3757,9.3640,1.8984
16.170,-0.3757,9.3640,1.8984
16.177,-0.3757,9.3640,1.8984
16.186,-0.3826,9.3640,1.9218
16.197,-0.3826,9.3640,1.9218
16.206,-0.3895,9.3640,1.9451
16.216,-0.3895,9.3640,1.9451
16.224,-0.3964,9.3640,1.9684
16.235,-0.3964,9.3640,1.9684
16.244,-0.4033,9.3640,1.9918
16.253,-0.4033,9.3640,1.9918
16.261,-0.4102,9.3640,2.0151
16.278,-0.4102,9.3640,2.0151
16.287,-0.4171,9.3640,2.0384
16.296,-0.4171,9.3640,2.0384
16.305,-0.4240,9.3640,2.0618
16.315,-0.4240,9.3640,2.0618
16.323,-0.4309,9.3640,2.0851
16.333,-0.4309,9.3640,2.0851
16.341,-0.4377,9.3640,2.1084
16.353,-0.4377,9.3640,2.1084
16.361,-0.4446,9.3640,2.1317
16.371,-0.4446,9.3640,2.1317
16.380,-0.4515,9.3640,2.1550
16.389,-0.4515,9.3640,2.1550
16.397,-0.4515,9.3640,2.1550
16.406,-0.4584,9.3640,2.1783
16.416,-0.4584,9.3640,2.1783
16.423,-0.4653,9.3640,2.2016
16.431,-0.4653,9.3640,2.2016
16.439,-0.4721,9.3640,2.2249
16.449,-0.4721,9.3640,2.2249
16.455,-0.4721,9.3640,2.2249
16.462,-0.4790,9.3640,2.2482
16.472,-0.4790,9.3640,2.2482
16.479,-0.4859,9.3640,2.2714
16.489,-0.4859,9.3640,2.2714
16.496,-0.4859,9.3640,2.2714
16.505,-0.4928,9.3640,2.2947
16.513,-0.4928,9.3640,2.2947
16.523,-0.4996,9.3640,2.3179
16.532,-0.4996,9.3640,2.3179
16.539,-0.5065,9.3640,2.3412
16.548,-0.5065,9.3640,2.3412
16.555,-0.5065,9.3640,2.3412
16.563,-0.5134,9.3640,2.3644
16.572,-0.5134,9.3640,2.3644
16.579,-0.5202,9.3640,2.3876
16.588,-0.5202,9.3640,2.3876
16.597,-0.5202,9.3640,2.3876
16.604,-0.5271,9.3640,2.4109
16.614,-0.5271,9.3640,2.4109
16.620,-0.5340,9.3640,2.4341
16.628,-0.5340,9.3640,2.4341
16.635,-0.5340,9.3640,2.4341
16.643,-0.5409,9.3640,2.4573
16.652,-0.5409,9.3640,2.4573
16.660,-0.5477,9.3640,2.4805
16.669,-0.5477,9.3640,2.4805
16.676,-0.5477,9.3640,2.4805
16.683,-0.5546,9.3640,2.5036
16.692,-0.5546,9.3640,2.5036
16.700,-0.5615,9.3640,2.5268
16.709,-0.5615,9.3640,2.5268
16.717,-0.5615,9.3640,2.5268
16.724,-0.5683,9.3640,2.5500
16.735,-0.5683,9.3640,2.5500
16.742,-0.5752,9.3640,2.5732
16.753,-0.5752,9.3640,2.5732
16.760,-0.5821,9.3640,2.5964
16.770,-0.5821,9.3640,2.5964
16.778,-0.5821,9.3640,2.5964
16.787,-0.5890,9.3640,2.6196
16.794,-0.5890,9.3640,2.6196
16.804,-0.5958,9.3640,2.6428
16.811,-0.5958,9.3640,2.6428
16.820,-0.6027,9.3640,2.6660
16.828,-0.6027,9.3640,2.6660
16.837,-0.6027,9.3640,2.6660
16.844,-0.6096,9.3640,2.6892
16.854,-0.6096,9.3640,2.6892
16.861,-0.6165,9.3640,2.7124
16.871,-0.6165,9.3640,2.7124
16.878,-0.6165,9.3640,2.7124
16.886,-0.6233,9.3640,2.7356
16.894,-0.6233,9.3640,2.7356
16.902,-0.6302,9.3640,2.7588
16.911,-0.6302,9.3640,2.7588
16.919,-0.6371,9.3640,2.7820
16.927,-0.6371,9.3640,2.7820
16.935,-0.6371,9.3640,2.7820
16.942,-0.6439,9.3640,2.8052
16.951,-0.6439,9.3640,2.8052
16.958,-0.6508,9.3640,2.8284
16.968,-0.6508,9.3640,2.8284
16.976,-0.6508,9.3640,2.8284
16.984,-0.6577,9.3640,2.8516
16.992,-0.6577,9.3640,2.8516
17.000,-0.6646,9.3640,2.8747
17.009,-0.6646,9.3640,2.8747
17.017,-0.6646,9.3640,2.8747
17.024,-0.6714,9.3640,2.8979
17.033,-0.6714,9.3640,2.8979
17.040,-0.6783,9.3640,2.9211
17.050,-0.6783,9.3640,2.9211
17.057,-0.6783,9.3640,2.9211
17.065,-0.6852,9.3640,2.9442
17.074,-0.6852,9.3640,2.9442
17.083,-0.6921,9.3640,2.9674
17.091,-0.6921,9.3640,2.9674
17.099,-0.6989,9.3640,2.9905
17.108,-0.6989,9.3640,2.9905
17.115,-0.6989,9.3640,2.9905
17.123,-0.7058,9.3640,3.0137
17.132,-0.7058,9.3640,3.0137
17.140,-0.7127,9.3640,3.0368
17.148,-0.7127,9.3640,3.0368
17.156,-0.7127,9.3640,3.0368
17.164,-0.7195,9.3640,3.0596
17.173,-0.7195,9.3640,3.0596
17.180,-0.7264,9.3640,3.0822
17.189,-0.7264,9.3640,3.0822
17.196,-0.7264,9.3640,3.0822
17.206,-0.7333,9.3640,3.1042
17.213,-0.7333,9.3640,3.1042
17.222,-0.7402,9.3640,3.1259
17.231,-0.7402,9.3640,3.1259
17.239,-0.7471,9.3640,3.1473
17.247,-0.7471,9.3640,3.1473
17.256,-0.7471,9.3640,3.1473
17.263,-0.7540,9.3640,3.1685
17.273,-0.7540,9.3640,3.1685
17.280,-0.7608,9.3640,3.1896
17.289,-0.7608,9.3640,3.1896
17.299,-0.7677,9.3640,3.2104
17.307,-0.7677,9.3640,3.2104
17.316,-0.7677,9.3640,3.2104
17.323,-0.7746,9.3640,3.2311
17.333,-0.7746,9.3640,3.2311
17.339,-0.7815,9.3640,3.2516
17.349,-0.7815,9.3640,3.2516
17.357,-0.7815,9.3640,3.2516
17.366,-0.7884,9.3640,3.2715
17.375,-0.7884,9.3640,3.2715
17.383,-0.7953,9.3640,3.2910
17.392,-0.7953,9.3640,3.2910
17.401,-0.8022,9.3640,3.3102
17.410,-0.8022,9.3640,3.3102
17.418,-0.8022,9.3640,3.3102
17.427,-0.8091,9.3640,3.3289
17.437,-0.8091,9.3640,3.3289
17.445,-0.8160,9.3640,3.3476
17.454,-0.8160,9.3640,3.3476
17.462,-0.8229,9.3640,3.3660
17.473,-0.8229,9.3640,3.3660
17.482,-0.8298,9.3640,3.3844
17.491,-0.8298,9.3640,3.3844
17.499,-0.8367,9.3640,3.4025
17.509,-0.8367,9.3640,3.4025
17.517,-0.8367,9.3640,3.4025
17.525,-0.8436,9.3640,3.4119
17.537,-0.8436,9.3640,3.4119
17.545,-0.8505,9.3640,3.4211
17.555,-0.8505,9.3640,3.4211
17.563,-0.8574,9.3640,3.4300
17.573,-0.8574,9.3640,3.4300
17.582,-0.8643,9.3640,3.4387
17.592,-0.8643,9.3640,3.4387
17.601,-0.8712,9.3640,3.4472
17.612,-0.8712,9.3640,3.4472
17.621,-0.8781,9.3640,3.4557
17.633,-0.8781,9.3640,3.4557
17.643,-0.8850,9.3640,3.4640
17.653,-0.8850,9.3640,3.4640
17.663,-0.8919,9.3640,3.4722
17.674,-0.8919,9.3640,3.4722
17.682,-0.8988,9.3640,3.4803
17.692,-0.8988,9.3640,3.4803
17.701,-0.9057,9.3640,3.4881
17.711,-0.9057,9.3640,3.4881
17.720,-0.9126,9.3640,3.4959
17.730,-0.9126,9.3640,3.4959
17.739,-0.9195,9.3640,3.5033
17.749,-0.9195,9.3640,3.5033
17.757,-0.9195,9.3640,3.5033
17.767,-0.9264,9.3640,3.5070
17.778,-0.9264,9.3640,3.5070
17.786,-0.9333,9.3640,3.5101
17.797,-0.9333,9.3640,3.5101
17.807,-0.9402,9.3640,3.5129
17.817,-0.9402,9.3640,3.5129
17.825,-0.9471,9.3640,3.5155
17.836,-0.9471,9.3640,3.5155
17.844,-0.9540,9.3640,3.5177
17.854,-0.9540,9.3640,3.5177
17.864,-0.9610,9.3640,3.5185
17.873,-0.9610,9.3640,3.5185
17.882,-0.9679,9.3640,3.5193
17.892,-0.9679,9.3640,3.5193
17.901,-0.9748,9.3640,3.5200
17.911,-0.9748,9.3640,3.5200
17.919,-0.9817,9.3640,3.5207
17.928,-0.9817,9.3640,3.5207
17.937,-0.9817,9.3640,3.5207
17.945,-0.9886,9.3640,3.5215
17.954,-0.9886,9.3640,3.5215
17.962,-0.9955,9.3640,3.5222
17.972,-0.9955,9.3640,3.5222
17.980,-1.0024,9.3640,3.5230
17.990,-1.0024,9.3640,3.5230
17.997,-1.0024,9.3640,3.5230
18.007,-1.0093,9.3640,3.5238
18.017,-1.0093,9.3640,3.5238
18.024,-1.0162,9.3640,3.5260
18.035,-1.0162,9.3640,3.5260
18.043,-1.0231,9.3640,3.5282
18.053,-1.0231,9.3640,3.5282
18.061,-1.0300,9.3640,3.5306
18.072,-1.0300,9.3640,3.5306
18.080,-1.0369,9.3640,3.5332
18.089,-1.0369,9.3640,3.5332
18.099,-1.0438,9.3640,3.5361
18.109,-1.0438,9.3640,3.5361
18.117,-1.0438,9.3640,3.5361
18.124,-1.0507,9.3640,3.5392
18.134,-1.0507,9.3640,3.5392
18.142,-1.0576,9.3640,3.5425
18.151,-1.0576,9.3640,3.5425
18.158,-1.0576,9.3640,3.5425
18.167,-1.0646,9.3640,3.5460
18.175,-1.0646,9.3640,3.5460
18.182,-1.0715,9.3640,3.5496
18.191,-1.0715,9.3640,3.5496
18.199,-1.0784,9.3640,3.5533
18.208,-1.0784,9.3640,3.5533
18.217,-1.0784,9.3640,3.5533
18.224,-1.0853,9.3640,3.5603
18.234,-1.0853,9.3640,3.5603
18.240,-1.0922,9.3640,3.5673
18.251,-1.0922,9.3640,3.5673
18.259,-1.0991,9.3640,3.5745
18.269,-1.0991,9.3640,3.5745
18.276,-1.0991,9.3640,3.5745
18.285,-1.1061,9.3640,3.5817
18.293,-1.1061,9.3640,3.5817
18.301,-1.1130,9.3640,3.5889
18.309,-1.1130,9.3640,3.5889
18.318,-1.1130,9.3640,3.5889
18.325,-1.1199,9.3640,3.5963
18.333,-1.1199,9.3640,3.5963
18.342,-1.1268,9.3640,3.6037
18.351,-1.1268,9.3640,3.6037
18.358,-1.1268,9.3640,3.6037
18.365,-1.1337,9.3640,3.6113
18.376,-1.1337,9.3640,3.6113
18.384,-1.1406,9.3640,3.6188
18.392,-1.1406,9.3640,3.6188
18.401,-1.1475,9.3640,3.6264
18.410,-1.1475,9.3640,3.6264
18.417,-1.1475,9.3640,3.6264
18.424,-1.1545,9.3640,3.6340
18.432,-1.1545,9.3640,3.6340
18.441,-1.1614,9.3640,3.6416
18.449,-1.1614,9.3640,3.6416
18.456,-1.1614,9.3640,3.6416
18.463,-1.1683,9.3640,3.6492
18.472,-1.1683,9.3640,3.6492
18.482,-1.1752,9.3640,3.6567
18.495,-1.1752,9.3640,3.6567
18.504,-1.1821,9.3640,3.6643
18.511,-1.1821,9.3640,3.6643
18.519,-1.1890,9.3640,3.6719
18.526,-1.1890,9.3640,3.6719
18.535,-1.1890,9.3640,3.6719
18.542,-1.1960,9.3640,3.6795
18.552,-1.1960,9.3640,3.6795
18.558,-1.1960,9.3640,3.6795
18.567,-1.2029,9.3640,3.6870
18.575,-1.2029,9.3640,3.6870
18.583,-1.2098,9.3640,3.6946
18.591,-1.2098,9.3640,3.6946
18.599,-1.2167,9.3640,3.7021
18.608,-1.2167,9.3640,3.7021
18.615,-1.2167,9.3640,3.7021
18.623,-1.2236,9.3640,3.7096
18.632,-1.2236,9.3640,3.7096
18.639,-1.2305,9.3640,3.7172
18.647,-1.2305,9.3640,3.7172
18.655,-1.2305,9.3640,3.7172
18.662,-1.2375,9.3640,3.7247
18.672,-1.2375,9.3640,3.7247
18.681,-1.2444,9.3640,3.7322
18.690,-1.2444,9.3640,3.7322
18.697,-1.2444,9.3640,3.7322
18.706,-1.2513,9.3640,3.7397
18.716,-1.2513,9.3640,3.7397
18.724,-1.2582,9.3640,3.7472
18.734,-1.2582,9.3640,3.7472
18.743,-1.2651,9.3640,3.7547
18.752,-1.2651,9.3640,3.7547
18.759,-1.2720,9.3640,3.7622
18.770,-1.2720,9.3640,3.7622
18.776,-1.2720,9.3640,3.7622
18.785,-1.2790,9.3640,3.7696
18.794,-1.2790,9.3640,3.7696
18.804,-1.2859,9.3640,3.7770
18.813,-1.2859,9.3640,3.7770
18.821,-1.2928,9.3640,3.7843
18.831,-1.2928,9.3640,3.7843
18.839,-1.2997,9.3640,3.7917
18.849,-1.2997,9.3640,3.7917
18.858,-1.2997,9.3640,3.7917
18.867,-1.3066,9.3640,3.7989
18.877,-1.3066,9.3640,3.7989
18.886,-1.3135,9.3640,3.8060
18.897,-1.3135,9.3640,3.8060
18.907,-1.3204,9.3640,3.8131
18.918,-1.3204,9.3640,3.8131
18.926,-1.3273,9.3640,3.8201
18.938,-1.3273,9.3640,3.8201
18.947,-1.3342,9.3640,3.8271
18.956,-1.3342,9.3640,3.8271
18.963,-1.3411,9.3640,3.8340
18.974,-1.3411,9.3640,3.8340
18.983,-1.3480,9.3640,3.8410
18.991,-1.3480,9.3640,3.8410
19.000,-1.3549,9.3640,3.8479
19.010,-1.3549,9.3640,3.8479
19.018,-1.3618,9.3640,3.8548
19.026,-1.3618,9.3640,3.8548
19.035,-1.3618,9.3640,3.8548
19.045,-1.3686,9.3640,3.8618
19.054,-1.3686,9.3640,3.8618
19.062,-1.3755,9.3640,3.8687
19.071,-1.3755,9.3640,3.8687
19.079,-1.3824,9.3640,3.8757
19.088,-1.3824,9.3640,3.8757
19.096,-1.3824,9.3640,3.8757
19.103,-1.3893,9.3640,3.8826
19.112,-1.3893,9.3640,3.8826
19.120,-1.3961,9.3640,3.8895
19.130,-1.3961,9.3640,3.8895
19.138,-1.3961,9.3640,3.8895
19.145,-1.4029,9.3640,3.8932
19.154,-1.4029,9.3640,3.8932
19.161,-1.4097,9.3640,3.8967
19.172,-1.4097,9.3640,3.8967
19.178,-1.4097,9.3640,3.8967
19.186,-1.4166,9.3640,3.9002
19.193,-1.4166,9.3640,3.9002
19.202,-1.4233,9.3640,3.9035
19.210,-1.4233,9.3640,3.9035
19.219,-1.4301,9.3640,3.9067
19.227,-1.4301,9.3640,3.9067
19.236,-1.4301,9.3640,3.9067
19.242,-1.4369,9.3640,3.9097
19.252,-1.4369,9.3640,3.9097
19.258,-1.4437,9.3640,3.9126
19.268,-1.4437,9.3640,3.9126
19.275,-1.4437,9.3640,3.9126
19.283,-1.4504,9.3640,3.9153
19.291,-1.4504,9.3640,3.9153
19.303,-1.4570,9.3640,3.9179
19.312,-1.4570,9.3640,3.9179
19.319,-1.4635,9.3640,3.9204
19.327,-1.4635,9.3640,3.9204
19.336,-1.4635,9.3640,3.9204
19.344,-1.4699,9.3640,3.9227
19.353,-1.4699,9.3640,3.9227
19.361,-1.4761,9.3640,3.9250
19.371,-1.4761,9.3640,3.9250
19.379,-1.4823,9.3640,3.9258
19.388,-1.4823,9.3640,3.9258
19.396,-1.4823,9.3640,3.9258
19.406,-1.4881,9.3640,3.9265
19.415,-1.4881,9.3640,3.9265
19.423,-1.4938,9.3640,3.9273
19.432,-1.4938,9.3640,3.9273
19.442,-1.4993,9.3640,3.9280
19.450,-1.4993,9.3640,3.9280
19.457,-1.4993,9.3640,3.9280
19.465,-1.5019,9.3640,3.9287
19.473,-1.5019,9.3640,3.9287
19.479,-1.5044,9.3640,3.9294
19.489,-1.5044,9.3640,3.9294
19.495,-1.5044,9.3640,3.9294
19.504,-1.5069,9.3640,3.9301
19.513,-1.5069,9.3640,3.9301
19.521,-1.5093,9.3640,3.9308
19.530,-1.5093,9.3640,3.9308
19.538,-1.5093,9.3640,3.9308
19.545,-1.5117,9.3640,3.9315
19.554,-1.5117,9.3640,3.9315
19.562,-1.5141,9.3640,3.9321
19.571,-1.5141,9.3640,3.9321
19.579,-1.5165,9.3640,3.9328
19.587,-1.5165,9.3640,3.9328
19.594,-1.5165,9.3640,3.9328
19.601,-1.5189,9.3640,3.9335
19.610,-1.5189,9.3640,3.9335
19.619,-1.5213,9.3640,3.9342
19.627,-1.5213,9.3640,3.9342
19.635,-1.5213,9.3640,3.9342
19.643,-1.5237,9.3640,3.9349
19.651,-1.5237,9.3640,3.9349
19.658,-1.5237,9.3640,3.9349
19.666,-1.5260,9.3640,3.9356
19.675,-1.5260,9.3640,3.9356
19.683,-1.5283,9.3640,3.9362
19.691,-1.5283,9.3640,3.9362
19.699,-1.5306,9.3640,3.9368
19.708,-1.5306,9.3640,3.9368
19.716,-1.5306,9.3640,3.9368
19.724,-1.5328,9.3640,3.9374
19.734,-1.5328,9.3640,3.9374
19.741,-1.5350,9.3640,3.9380
19.750,-1.5350,9.3640,3.9380
19.757,-1.5350,9.3640,3.9380
19.766,-1.5371,9.3640,3.9386
19.776,-1.5371,9.3640,3.9386
19.783,-1.5393,9.3640,3.9392
19.791,-1.5393,9.3640,3.9392
19.800,-1.5415,9.3640,3.9398
19.809,-1.5415,9.3640,3.9398
19.817,-1.5415,9.3640,3.9398
19.825,-1.5438,9.3640,3.9405
19.836,-1.5438,9.3640,3.9405
19.844,-1.5461,9.3640,3.9412
19.852,-1.5461,9.3640,3.9412
19.860,-1.5484,9.3640,3.9420
19.869,-1.5484,9.3640,3.9420
19.877,-1.5484,9.3640,3.9420
19.884,-1.5509,9.3640,3.9442
19.893,-1.5509,9.3640,3.9442
19.901,-1.5534,9.3640,3.9467
19.910,-1.5534,9.3640,3.9467
19.918,-1.5560,9.3640,3.9493
19.926,-1.5560,9.3640,3.9493
19.935,-1.5560,9.3640,3.9493
19.943,-1.5586,9.3640,3.9520
19.952,-1.5586,9.3640,3.9520
19.959,-1.5613,9.3640,3.9549
19.969,-1.5613,9.3640,3.9549
19.977,-1.5613,9.3640,3.9549
19.986,-1.5669,9.3640,3.9580
19.994,-1.5669,9.3640,3.9580
20.002,-1.5726,9.3640,3.9611
20.011,-1.5726,9.3640,3.9611
20.021,-1.5782,9.3640,3.9644
20.030,-1.5782,9.3640,3.9644
20.038,-1.5840,9.3640,3.9677
20.048,-1.5840,9.3640,3.9677
20.056,-1.5840,9.3640,3.9677
20.064,-1.5898,9.3640,3.9710
20.073,-1.5898,9.3640,3.9710
20.082,-1.5956,9.3640,3.9744
20.091,-1.5956,9.3640,3.9744
20.101,-1.6014,9.3640,3.9779
20.111,-1.6014,9.3640,3.9779
20.120,-1.6072,9.3640,3.9813
20.132,-1.6072,9.3640,3.9813
20.140,-1.6130,9.3640,3.9847
20.151,-1.6130,9.3640,3.9847
20.160,-1.6189,9.3640,3.9880
20.172,-1.6189,9.3640,3.9880
20.180,-1.6247,9.3640,3.9914
20.190,-1.6247,9.3640,3.9914
20.200,-1.6306,9.3640,3.9948
20.209,-1.6306,9.3640,3.9948
20.218,-1.6306,9.3640,3.9948
20.225,-1.6364,9.3640,3.9981
20.236,-1.6364,9.3640,3.9981
20.244,-1.6421,9.3640,4.0013
20.253,-1.6421,9.3640,4.0013
20.261,-1.6477,9.3640,4.0043
20.271,-1.6477,9.3640,4.0043
20.280,-1.6533,9.3640,4.0071
20.288,-1.6533,9.3640,4.0071
20.297,-1.6533,9.3640,4.0071
20.306,-1.6559,9.3640,4.0079
20.316,-1.6559,9.3640,4.0079
20.324,-1.6585,9.3640,4.0085
20.333,-1.6585,9.3640,4.0085
20.342,-1.6609,9.3640,4.0088
20.351,-1.6609,9.3640,4.0088
20.359,-1.6633,9.3640,4.0088
20.368,-1.6633,9.3640,4.0088
20.376,-1.6633,9.3640,4.0088
20.384,-1.6655,9.3640,4.0088
20.393,-1.6655,9.3640,4.0088
20.402,-1.6675,9.3640,4.0088
20.411,-1.6675,9.3640,4.0088
20.421,-1.6696,9.3640,4.0088
20.429,-1.6696,9.3640,4.0088
20.439,-1.6715,9.3640,4.0088
20.446,-1.6715,9.3640,4.0088
20.455,-1.6715,9.3640,4.0088
20.461,-1.6725,9.3640,4.0088
20.471,-1.6725,9.3640,4.0088
20.478,-1.6734,9.3640,4.0088
20.488,-1.6734,9.3640,4.0088
20.496,-1.6734,9.3640,4.0088
20.504,-1.6743,9.3640,4.0088
20.514,-1.6743,9.3640,4.0088
20.521,-1.6751,9.3640,4.0088
20.530,-1.6751,9.3640,4.0088
20.537,-1.6751,9.3640,4.0088
20.545,-1.6759,9.3640,4.0088
20.554,-1.6759,9.3640,4.0088
20.561,-1.6767,9.3640,4.0088
20.570,-1.6767,9.3640,4.0088
20.579,-1.6775,9.3640,4.0088
20.588,-1.6775,9.3640,4.0088
20.595,-1.6775,9.3640,4.0088
20.603,-1.6783,9.3640,4.0088
20.613,-1.6783,9.3640,4.0088
20.621,-1.6790,9.3640,4.0088
20.629,-1.6790,9.3640,4.0088
20.638,-1.6790,9.3640,4.0088
20.645,-1.6798,9.3640,4.0088
20.655,-1.6798,9.3640,4.0088
20.662,-1.6805,9.3640,4.0088
20.671,-1.6805,9.3640,4.0088
20.679,-1.6812,9.3640,4.0088
20.688,-1.6812,9.3640,4.0088
20.695,-1.6812,9.3640,4.0088
20.703,-1.6819,9.3640,4.0088
20.721,-1.6825,9.3640,4.0088
20.731,-1.6825,9.3640,4.0088
20.739,-1.6832,9.3640,4.0088
20.748,-1.6832,9.3640,4.0088
20.754,-1.6832,9.3640,4.0088
20.763,-1.6839,9.3640,4.0088
20.772,-1.6839,9.3640,4.0088
20.780,-1.6846,9.3640,4.0088
20.789,-1.6846,9.3640,4.0088
20.797,-1.6846,9.3640,4.0088
20.805,-1.6853,9.3640,4.0088
20.815,-1.6853,9.3640,4.0088
20.823,-1.6860,9.3640,4.0088
20.832,-1.6860,9.3640,4.0088
20.840,-1.6867,9.3640,4.0088
20.849,-1.6867,9.3640,4.0088
20.857,-1.6867,9.3640,4.0088
20.864,-1.6874,9.3640,4.0088
20.873,-1.6874,9.3640,4.0088
20.880,-1.6881,9.3640,4.0085
20.890,-1.6881,9.3640,4.0085
20.896,-1.6881,9.3640,4.0085
20.905,-1.6888,9.3640,4.0081
20.914,-1.6888,9.3640,4.0081
20.922,-1.6895,9.3640,4.0077
20.929,-1.6895,9.3640,4.0077
20.938,-1.6895,9.3640,4.0077
20.945,-1.6902,9.3640,4.0072
20.954,-1.6902,9.3640,4.0072
20.961,-1.6909,9.3640,4.0067
20.971,-1.6909,9.3640,4.0067
20.979,-1.6916,9.3640,4.0062
20.987,-1.6916,9.3640,4.0062
20.994,-1.6916,9.3640,4.0062
21.001,-1.6923,9.3640,4.0057
21.011,-1.6923,9.3640,4.0057
21.018,-1.6923,9.3640,4.0057
21.025,-1.6930,9.3640,4.0053
21.034,-1.6930,9.3640,4.0053
21.042,-1.6937,9.3640,4.0049
21.050,-1.6937,9.3640,4.0049
21.058,-1.6937,9.3640,4.0049
21.066,-1.6944,9.3640,4.0045
21.075,-1.6944,9.3640,4.0045
21.082,-1.6951,9.3640,4.0043
21.091,-1.6951,9.3640,4.0043
21.099,-1.6959,9.3640,4.0043
21.109,-1.6959,9.3640,4.0043
21.116,-1.6959,9.3640,4.0043
21.125,-1.6966,9.3640,4.0043
21.134,-1.6966,9.3640,4.0043
21.142,-1.6973,9.3640,4.0043
21.154,-1.6973,9.3640,4.0043
21.161,-1.6980,9.3640,4.0043
21.172,-1.6980,9.3640,4.0043
21.179,-1.6987,9.3640,4.0043
21.189,-1.6987,9.3640,4.0043
21.198,-1.6987,9.3640,4.0043
21.207,-1.6994,9.3640,4.0043
21.218,-1.6994,9.3640,4.0043
21.227,-1.7001,9.3640,4.0043
21.237,-1.7001,9.3640,4.0043
21.244,-1.7008,9.3640,4.0043
21.254,-1.7008,9.3640,4.0043
21.263,-1.7015,9.3640,4.0043
21.274,-1.7015,9.3640,4.0043
21.283,-1.7022,9.3640,4.0043
21.291,-1.7022,9.3640,4.0043
21.301,-1.7029,9.3640,4.0043
21.311,-1.7029,9.3640,4.0043
21.319,-1.7036,9.3640,4.0043
21.330,-1.7036,9.3640,4.0043
21.340,-1.7043,9.3640,4.0043
21.350,-1.7043,9.3640,4.0043
21.360,-1.7051,9.3640,4.0043
21.371,-1.7051,9.3640,4.0043
21.379,-1.7058,9.3640,4.0043
21.389,-1.7058,9.3640,4.0043
21.398,-1.7066,9.3640,4.0043
21.408,-1.7066,9.3640,4.0043
21.418,-1.7066,9.3640,4.0043
21.427,-1.7075,9.3640,4.0043
21.438,-1.7075,9.3640,4.0043
21.446,-1.7095,9.3640,4.0043
21.455,-1.7095,9.3640,4.0043
21.463,-1.7117,9.3640,4.0043
21.471,-1.7117,9.3640,4.0043
21.479,-1.7140,9.3640,4.0043
21.489,-1.7140,9.3640,4.0043
21.497,-1.7140,9.3640,4.0043
21.505,-1.7166,9.3640,4.0043
21.514,-1.7166,9.3640,4.0043
21.523,-1.7223,9.3640,4.0043
21.532,-1.7223,9.3640,4.0043
21.541,-1.7283,9.3640,4.0043
21.551,-1.7283,9.3640,4.0043
21.559,-1.7348,9.3640,4.0043
21.568,-1.7348,9.3640,4.0043
21.577,-1.7348,9.3640,4.0043
21.586,-1.7417,9.3640,4.0043
21.594,-1.7417,9.3640,4.0043
21.604,-1.7487,9.3640,4.0043
21.612,-1.7487,9.3640,4.0043
21.621,-1.7557,9.3640,4.0043
21.630,-1.7557,9.3640,4.0043
21.638,-1.7557,9.3640,4.0043
21.645,-1.7627,9.3640,4.0043
21.655,-1.7627,9.3640,4.0043
21.663,-1.7696,9.3640,4.0043
21.673,-1.7696,9.3640,4.0043
21.682,-1.7766,9.3640,4.0043
21.691,-1.7766,9.3640,4.0043
21.699,-1.7836,9.3640,4.0043
21.709,-1.7836,9.3640,4.0043
21.717,-1.7836,9.3640,4.0043
21.725,-1.7905,9.3640,4.0043
21.736,-1.7905,9.3640,4.0043
21.743,-1.7975,9.3640,4.0043
21.753,-1.7975,9.3640,4.0043
21.760,-1.8045,9.3640,4.0043
21.771,-1.8045,9.3640,4.0043
21.779,-1.8115,9.3640,4.0043
21.788,-1.8115,9.3640,4.0043
21.797,-1.8115,9.3640,4.0043
21.805,-1.8185,9.3640,4.0043
21.815,-1.8185,9.3640,4.0043
21.823,-1.8255,9.3640,4.0043
21.832,-1.8255,9.3640,4.0043
21.840,-1.8325,9.3640,4.0043
21.849,-1.8325,9.3640,4.0043
21.857,-1.8325,9.3640,4.0043
21.865,-1.8395,9.3640,4.0043
21.874,-1.8395,9.3640,4.0043
21.882,-1.8465,9.3640,4.0043
21.890,-1.8465,9.3640,4.0043
21.897,-1.8465,9.3640,4.0043
21.906,-1.8535,9.3640,4.0043
21.915,-1.8535,9.3640,4.0043
21.922,-1.8605,9.3640,4.0043
21.931,-1.8605,9.3640,4.0043
21.939,-1.8675,9.3640,4.0043
21.948,-1.8675,9.3640,4.0043
21.956,-1.8675,9.3640,4.0043
21.963,-1.8745,9.3640,4.0043
21.972,-1.8745,9.3640,4.0043
21.979,-1.8815,9.3640,4.0043
21.988,-1.8815,9.3640,4.0043
21.995,-1.8815,9.3640,4.0043
22.004,-1.8885,9.3640,4.0043
22.012,-1.8885,9.3640,4.0043
22.020,-1.8955,9.3640,4.0043
22.028,-1.8955,9.3640,4.0043
22.038,-1.8955,9.3640,4.0043
22.044,-1.9025,9.3640,4.0043
22.054,-1.9025,9.3640,4.0043
22.060,-1.9094,9.3640,4.0043
22.070,-1.9094,9.3640,4.0043
22.077,-1.9094,9.3640,4.0043
22.085,-1.9164,9.3640,4.0043
22.093,-1.9164,9.3640,4.0043
22.103,-1.9234,9.3640,4.0043
22.110,-1.9234,9.3640,4.0043
22.119,-1.9303,9.3640,4.0043
22.127,-1.9303,9.3640,4.0043
22.137,-1.9303,9.3640,4.0043
22.144,-1.9373,9.3640,4.0043
22.153,-1.9373,9.3640,4.0043
22.161,-1.9443,9.3640,4.0043
22.171,-1.9443,9.3640,4.0043
22.179,-1.9512,9.3640,4.0043
22.188,-1.9512,9.3640,4.0043
22.196,-1.9512,9.3640,4.0043
22.202,-1.9582,9.3640,4.0043
22.212,-1.9582,9.3640,4.0043
22.220,-1.9651,9.3640,4.0043
22.229,-1.9651,9.3640,4.0043
22.237,-1.9651,9.3640,4.0043
22.246,-1.9721,9.3640,4.0043
22.255,-1.9721,9.3640,4.0043
22.262,-1.9790,9.3640,4.0043
22.272,-1.9790,9.3640,4.0043
22.280,-1.9860,9.3640,4.0043
22.288,-1.9860,9.3640,4.0043
22.295,-1.9860,9.3640,4.0043
22.304,-1.9929,9.3640,4.0043
22.312,-1.9929,9.3640,4.0043
22.320,-1.9998,9.3640,4.0043
22.328,-1.9998,9.3640,4.0043
22.337,-1.9998,9.3640,4.0043
22.344,-2.0068,9.3640,4.0043
22.353,-2.0068,9.3640,4.0043
22.359,-2.0137,9.3640,4.0043
22.369,-2.0137,9.3640,4.0043
22.375,-2.0137,9.3640,4.0043
22.383,-2.0207,9.3640,4.0043
22.390,-2.0207,9.3640,4.0043
22.399,-2.0276,9.3640,4.0043
22.407,-2.0276,9.3640,4.0043
22.415,-2.0276,9.3640,4.0043
22.422,-2.0346,9.3640,4.0043
22.433,-2.0346,9.3640,4.0043
22.441,-2.0415,9.3640,4.0043
22.451,-2.0415,9.3640,4.0043
22.459,-2.0484,9.3640,4.0043
22.469,-2.0484,9.3640,4.0043
22.476,-2.0484,9.3640,4.0043
22.485,-2.0554,9.3640,4.0043
22.494,-2.0554,9.3640,4.0043
22.504,-2.0623,9.3640,4.0043
22.514,-2.0623,9.3640,4.0043
22.523,-2.0692,9.3640,4.0043
22.533,-2.0692,9.3640,4.0043
22.541,-2.0762,9.3640,4.0043
22.551,-2.0762,9.3640,4.0043
22.558,-2.0831,9.3640,4.0043
22.568,-2.0831,9.3640,4.0043
22.576,-2.0831,9.3640,4.0043
22.584,-2.0900,9.3640,4.0043
22.593,-2.0900,9.3640,4.0043
22.602,-2.0969,9.3640,4.0043
22.612,-2.0969,9.3640,4.0043
22.621,-2.1038,9.3640,4.0043
22.631,-2.1038,9.3640,4.0043
22.640,-2.1107,9.3640,4.0043
22.650,-2.1107,9.3640,4.0043
22.658,-2.1107,9.3640,4.0043
22.667,-2.1176,9.3640,4.0043
22.678,-2.1176,9.3640,4.0043
22.686,-2.1245,9.3640,4.0043
22.697,-2.1245,9.3640,4.0043
22.705,-2.1314,9.3640,4.0043
22.715,-2.1314,9.3640,4.0043
22.723,-2.1383,9.3640,4.0043
22.734,-2.1383,9.3640,4.0043
22.743,-2.1452,9.3640,4.0043
22.752,-2.1452,9.3640,4.0043
22.760,-2.1521,9.3640,4.0043
22.771,-2.1521,9.3640,4.0043
22.779,-2.1590,9.3640,4.0043
22.789,-2.1590,9.3640,4.0043
22.797,-2.1590,9.3640,4.0043
22.806,-2.1659,9.3640,4.0043
22.816,-2.1659,9.3640,4.0043
22.825,-2.1728,9.3640,4.0043
22.834,-2.1728,9.3640,4.0043
22.842,-2.1797,9.3640,4.0043
22.852,-2.1797,9.3640,4.0043
22.859,-2.1866,9.3640,4.0043
22.870,-2.1866,9.3640,4.0043
22.877,-2.1866,9.3640,4.0043
22.885,-2.1935,9.3640,4.0043
22.892,-2.1935,9.3640,4.0043
22.901,-2.2004,9.3640,4.0043
22.909,-2.2004,9.3640,4.0043
22.918,-2.2004,9.3640,4.0043
22.924,-2.2073,9.3640,4.0043
22.933,-2.2073,9.3640,4.0043
22.940,-2.2142,9.3640,4.0043
22.949,-2.2142,9.3640,4.0043
22.956,-2.2142,9.3640,4.0043
22.964,-2.2211,9.3640,4.0043
22.973,-2.2211,9.3640,4.0043
22.988,-2.2280,9.3640,4.0043
22.998,-2.2280,9.3640,4.0043
23.005,-2.2349,9.3640,4.0043
23.015,-2.2349,9.3640,4.0043
23.021,-2.2418,9.3640,4.0043
23.032,-2.2418,9.3640,4.0043
23.039,-2.2487,9.3640,4.0043
23.048,-2.2487,9.3640,4.0043
23.056,-2.2487,9.3640,4.0043
23.062,-2.2555,9.3640,4.0043
23.073,-2.2555,9.3640,4.0043
23.079,-2.2624,9.3640,4.0043
23.088,-2.2624,9.3640,4.0043
23.095,-2.2624,9.3640,4.0043
23.104,-2.2693,9.3640,4.0043
23.112,-2.2693,9.3640,4.0043
23.120,-2.2762,9.3640,4.0043
23.128,-2.2762,9.3640,4.0043
23.136,-2.2762,9.3640,4.0043
23.143,-2.2831,9.3640,4.0043
23.152,-2.2831,9.3640,4.0043
23.159,-2.2900,9.3640,4.0043
23.168,-2.2900,9.3640,4.0043
23.176,-2.2900,9.3640,4.0043
23.184,-2.2969,9.3640,4.0043
23.192,-2.2969,9.3640,4.0043
23.200,-2.3038,9.3640,4.0043
23.208,-2.3038,9.3640,4.0043
23.217,-2.3038,9.3640,4.0043
23.224,-2.3107,9.3640,4.0043
23.233,-2.3107,9.3640,4.0043
23.241,-2.3176,9.3640,4.0043
23.251,-2.3176,9.3640,4.0043
23.258,-2.3245,9.3640,4.0043
23.268,-2.3245,9.3640,4.0043
23.276,-2.3245,9.3640,4.0043
23.284,-2.3314,9.3640,4.0043
23.292,-2.3314,9.3640,4.0043
23.303,-2.3383,9.3640,4.0043
23.312,-2.3383,9.3640,4.0043
23.319,-2.3452,9.3640,4.0043
23.330,-2.3452,9.3640,4.0043
23.338,-2.3521,9.3640,4.0043
23.346,-2.3521,9.3640,4.0043
23.354,-2.3521,9.3640,4.0043
23.361,-2.3590,9.3640,4.0043
23.371,-2.3590,9.3640,4.0043
23.378,-2.3590,9.3640,4.0043
23.386,-2.3659,9.3640,4.0043
23.394,-2.3659,9.3640,4.0043
23.403,-2.3728,9.3640,4.0043
23.410,-2.3728,9.3640,4.0043
23.418,-2.3728,9.3640,4.0043
23.425,-2.3797,9.3640,4.0043
23.435,-2.3797,9.3640,4.0043
23.443,-2.3866,9.3640,4.0043
23.454,-2.3866,9.3640,4.0043
23.461,-2.3935,9.3640,4.0043
23.471,-2.3935,9.3640,4.0043
23.478,-2.3935,9.3640,4.0043
23.486,-2.4004,9.3640,4.0043
23.494,-2.4004,9.3640,4.0043
23.502,-2.4073,9.3640,4.0043
23.511,-2.4073,9.3640,4.0043
23.519,-2.4142,9.3640,4.0043
23.527,-2.4142,9.3640,4.0043
23.536,-2.4142,9.3640,4.0043
23.543,-2.4211,9.3640,4.0043
23.552,-2.4211,9.3640,4.0043
23.560,-2.4279,9.3640,4.0043
23.569,-2.4279,9.3640,4.0043
23.576,-2.4279,9.3640,4.0043
23.583,-2.4348,9.3640,4.0043
23.592,-2.4348,9.3640,4.0043
23.599,-2.4417,9.3640,4.0043
23.610,-2.4417,9.3640,4.0043
23.619,-2.4486,9.3640,4.0043
23.627,-2.4486,9.3640,4.0043
23.636,-2.4486,9.3640,4.0043
23.643,-2.4555,9.3640,4.0043
23.652,-2.4555,9.3640,4.0043
23.659,-2.4624,9.3640,4.0043
23.669,-2.4624,9.3640,4.0043
23.675,-2.4624,9.3640,4.0043
23.684,-2.4692,9.3640,4.0043
23.692,-2.4692,9.3640,4.0043
23.701,-2.4761,9.3640,4.0043
23.709,-2.4761,9.3640,4.0043
23.717,-2.4761,9.3640,4.0043
23.725,-2.4830,9.3640,4.0043
23.735,-2.4830,9.3640,4.0043
23.744,-2.4899,9.3640,4.0043
23.753,-2.4899,9.3640,4.0043
23.761,-2.4968,9.3640,4.0043
23.770,-2.4968,9.3640,4.0043
23.778,-2.4968,9.3640,4.0043
23.786,-2.5037,9.3640,4.0043
23.794,-2.5037,9.3640,4.0043
23.802,-2.5106,9.3640,4.0043
23.812,-2.5106,9.3640,4.0043
23.820,-2.5175,9.3640,4.0043
23.829,-2.5175,9.3640,4.0043
23.837,-2.5175,9.3640,4.0043
23.846,-2.5243,9.3640,4.0043
23.856,-2.5243,9.3640,4.0043
23.864,-2.5312,9.3640,4.0043
23.874,-2.5312,9.3640,4.0043
23.882,-2.5381,9.3640,4.0043
23.892,-2.5381,9.3640,4.0043
23.902,-2.5450,9.3640,4.0043
23.912,-2.5450,9.3640,4.0043
23.921,-2.5519,9.3640,4.0043
23.932,-2.5519,9.3640,4.0043
23.941,-2.5588,9.3640,4.0043
23.951,-2.5588,9.3640,4.0043
23.959,-2.5657,9.3640,4.0043
23.970,-2.5657,9.3640,4.0043
23.979,-2.5726,9.3640,4.0043
23.989,-2.5726,9.3640,4.0043
23.998,-2.5726,9.3640,4.0043
24.006,-2.5795,9.3640,4.0043
24.016,-2.5795,9.3640,4.0043
24.022,-2.5863,9.3640,4.0043
24.034,-2.5863,9.3640,4.0043
24.041,-2.5932,9.3640,4.0043
24.051,-2.5932,9.3640,4.0043
24.060,-2.6001,9.3640,4.0043
24.069,-2.6001,9.3640,4.0043
24.077,-2.6001,9.3640,4.0043
24.086,-2.6070,9.3640,4.0043
24.095,-2.6070,9.3640,4.0043
24.103,-2.6139,9.3640,4.0043
24.112,-2.6139,9.3640,4.0043
24.121,-2.6208,9.3640,4.0043
24.131,-2.6208,9.3640,4.0043
24.140,-2.6276,9.3640,4.0043
24.149,-2.6276,9.3640,4.0043
24.156,-2.6276,9.3640,4.0043
24.163,-2.6345,9.3640,4.0043
24.172,-2.6345,9.3640,4.0043
24.180,-2.6414,9.3640,4.0043
24.188,-2.6414,9.3640,4.0043
24.195,-2.6414,9.3640,4.0043
24.203,-2.6483,9.3640,4.0043
24.213,-2.6483,9.3640,4.0043
24.222,-2.6552,9.3640,4.0043
24.230,-2.6552,9.3640,4.0043
24.240,-2.6620,9.3640,4.0043
24.248,-2.6620,9.3640,4.0043
24.256,-2.6620,9.3640,4.0043
24.264,-2.6689,9.3640,4.0043
24.272,-2.6689,9.3640,4.0043
24.279,-2.6758,9.3640,4.0043
24.289,-2.6758,9.3640,4.0043
24.296,-2.6758,9.3640,4.0043
24.304,-2.6827,9.3640,4.0043
24.313,-2.6827,9.3640,4.0043
24.321,-2.6895,9.3640,4.0043
24.330,-2.6895,9.3640,4.0043
24.338,-2.6895,9.3640,4.0043
24.346,-2.6964,9.3640,4.0043
24.354,-2.6964,9.3640,4.0043
24.363,-2.7033,9.3640,4.0043
24.372,-2.7033,9.3640,4.0043
24.379,-2.7101,9.3640,4.0043
24.389,-2.7101,9.3640,4.0043
24.396,-2.7101,9.3640,4.0043
24.404,-2.7170,9.3640,4.0043
24.412,-2.7170,9.3640,4.0043
24.422,-2.7239,9.3640,4.0043
24.429,-2.7239,9.3640,4.0043
24.438,-2.7239,9.3640,4.0043
24.444,-2.7307,9.3640,4.0043
24.454,-2.7307,9.3640,4.0043
24.461,-2.7376,9.3640,4.0043
24.472,-2.7376,9.3640,4.0043
24.478,-2.7445,9.3640,4.0043
24.488,-2.7445,9.3640,4.0043
24.494,-2.7445,9.3640,4.0043
24.503,-2.7513,9.3640,4.0043
24.511,-2.7513,9.3640,4.0043
24.519,-2.7582,9.3640,4.0043
24.527,-2.7582,9.3640,4.0043
24.536,-2.7582,9.3640,4.0043
24.543,-2.7650,9.3640,4.0043
24.552,-2.7650,9.3640,4.0043
24.558,-2.7650,9.3640,4.0043
24.567,-2.7719,9.3640,4.0043
24.575,-2.7719,9.3640,4.0043
24.583,-2.7787,9.3640,4.0043
24.591,-2.7787,9.3640,4.0043
24.599,-2.7856,9.3640,4.0043
24.608,-2.7856,9.3640,4.0043
24.617,-2.7856,9.3640,4.0043
24.625,-2.7924,9.3640,4.0043
24.634,-2.7924,9.3640,4.0043
24.642,-2.7993,9.3640,4.0043
24.650,-2.7993,9.3640,4.0043
24.657,-2.7993,9.3640,4.0043
24.665,-2.8062,9.3640,4.0043
24.673,-2.8062,9.3640,4.0043
24.681,-2.8130,9.3640,4.0043
24.690,-2.8130,9.3640,4.0043
24.697,-2.8130,9.3640,4.0043
24.704,-2.8199,9.3640,4.0043
24.713,-2.8199,9.3640,4.0043
24.722,-2.8267,9.3640,4.0043
24.730,-2.8267,9.3640,4.0043
24.738,-2.8267,9.3640,4.0043
24.746,-2.8336,9.3640,4.0043
24.755,-2.8336,9.3640,4.0043
24.761,-2.8404,9.3640,4.0043
24.772,-2.8404,9.3640,4.0043
24.779,-2.8473,9.3640,4.0043
24.788,-2.8473,9.3640,4.0043
24.794,-2.8473,9.3640,4.0043
24.802,-2.8542,9.3640,4.0043
24.810,-2.8542,9.3640,4.0043
24.818,-2.8542,9.3640,4.0043
24.825,-2.8610,9.3640,4.0043
24.836,-2.8610,9.3640,4.0043
24.843,-2.8679,9.3640,4.0043
24.853,-2.8679,9.3640,4.0043
24.859,-2.8748,9.3640,4.0043
24.870,-2.8748,9.3640,4.0043
24.877,-2.8748,9.3640,4.0043
24.884,-2.8816,9.3640,4.0043
24.892,-2.8816,9.3640,4.0043
24.900,-2.8885,9.3640,4.0043
24.909,-2.8885,9.3640,4.0043
24.916,-2.8885,9.3640,4.0043
24.923,-2.8953,9.3640,4.0043
24.932,-2.8953,9.3640,4.0043
24.939,-2.9022,9.3640,4.0043
24.948,-2.9022,9.3640,4.0043
24.956,-2.9022,9.3640,4.0043
24.965,-2.9091,9.3640,4.0043
24.973,-2.9091,9.3640,4.0043
24.981,-2.9159,9.3640,4.0043
24.992,-2.9159,9.3640,4.0043
24.999,-2.9228,9.3640,4.0043
25.009,-2.9228,9.3640,4.0043
25.017,-2.9228,9.3640,4.0043
25.025,-2.9296,9.3640,4.0043
25.035,-2.9296,9.3640,4.0043
25.043,-2.9365,9.3640,4.0043
25.054,-2.9365,9.3640,4.0043
25.061,-2.9433,9.3640,4.0043
25.071,-2.9433,9.3640,4.0043
25.078,-2.9433,9.3640,4.0043
25.086,-2.9502,9.3640,4.0043
25.094,-2.9502,9.3640,4.0043
25.103,-2.9570,9.3640,4.0043
25.113,-2.9570,9.3640,4.0043
25.121,-2.9639,9.3640,4.0043
25.129,-2.9639,9.3640,4.0043
25.137,-2.9639,9.3640,4.0043
25.145,-2.9708,9.3640,4.0043
25.155,-2.9708,9.3640,4.0043
25.164,-2.9776,9.3640,4.0043
25.173,-2.9776,9.3640,4.0043
25.182,-2.9845,9.3640,4.0043
25.192,-2.9845,9.3640,4.0043
25.202,-2.9913,9.3640,4.0043
25.215,-2.9913,9.3640,4.0043
25.229,-2.9982,9.3640,4.0043
25.241,-3.0050,9.3640,4.0043
25.250,-3.0050,9.3640,4.0043
25.257,-3.0050,9.3640,4.0043
25.266,-3.0119,9.3640,4.0043
25.275,-3.0119,9.3640,4.0043
25.283,-3.0187,9.3640,4.0043
25.292,-3.0187,9.3640,4.0043
25.303,-3.0256,9.3640,4.0043
25.311,-3.0256,9.3640,4.0043
25.320,-3.0325,9.3640,4.0043
25.329,-3.0325,9.3640,4.0043
25.338,-3.0325,9.3640,4.0043
25.345,-3.0393,9.3640,4.0043
25.355,-3.0393,9.3640,4.0043
25.364,-3.0462,9.3640,4.0043
25.373,-3.0462,9.3640,4.0043
25.382,-3.0530,9.3640,4.0043
25.391,-3.0530,9.3640,4.0043
25.399,-3.0599,9.3640,4.0043
25.408,-3.0599,9.3640,4.0043
25.416,-3.0599,9.3640,4.0043
25.423,-3.0668,9.3640,4.0043
25.432,-3.0668,9.3640,4.0043
25.440,-3.0736,9.3640,4.0043
25.449,-3.0736,9.3640,4.0043
25.456,-3.0736,9.3640,4.0043
25.465,-3.0805,9.3640,4.0043
25.474,-3.0805,9.3640,4.0043
25.481,-3.0874,9.3640,4.0043
25.489,-3.0874,9.3640,4.0043
25.497,-3.0874,9.3640,4.0043
25.506,-3.0942,9.3640,4.0043
25.513,-3.0942,9.3640,4.0043
25.521,-3.1011,9.3640,4.0043
25.529,-3.1011,9.3640,4.0043
25.537,-3.1011,9.3640,4.0043
25.544,-3.1080,9.3640,4.0043
25.554,-3.1080,9.3640,4.0043
25.560,-3.1148,9.3640,4.0043
25.570,-3.1148,9.3640,4.0043
25.577,-3.1148,9.3640,4.0043
25.585,-3.1217,9.3640,4.0043
25.592,-3.1217,9.3640,4.0043
25.601,-3.1286,9.3640,4.0043
25.609,-3.1286,9.3640,4.0043
25.618,-3.1286,9.3640,4.0043
25.625,-3.1354,9.3640,4.0043
25.635,-3.1354,9.3640,4.0043
25.642,-3.1423,9.3640,4.0043
25.651,-3.1423,9.3640,4.0043
25.658,-3.1492,9.3640,4.0043
25.668,-3.1492,9.3640,4.0043
25.674,-3.1492,9.3640,4.0043
25.683,-3.1560,9.3640,4.0043
25.691,-3.1560,9.3640,4.0043
25.699,-3.1629,9.3640,4.0043
25.708,-3.1629,9.3640,4.0043
25.716,-3.1629,9.3640,4.0043
25.723,-3.1698,9.3640,4.0043
25.733,-3.1698,9.3640,4.0043
25.740,-3.1766,9.3640,4.0043
25.750,-3.1766,9.3640,4.0043
25.757,-3.1766,9.3640,4.0043
25.765,-3.1835,9.3640,4.0043
25.773,-3.1835,9.3640,4.0043
25.782,-3.1904,9.3640,4.0043
25.790,-3.1904,9.3640,4.0043
25.797,-3.1904,9.3640,4.0043
25.804,-3.1972,9.3640,4.0043
25.813,-3.1972,9.3640,4.0043
25.820,-3.2041,9.3640,4.0043
25.828,-3.2041,9.3640,4.0043
25.837,-3.2041,9.3640,4.0043
25.844,-3.2110,9.3640,4.0043
25.854,-3.2110,9.3640,4.0043
25.861,-3.2178,9.3640,4.0043
25.871,-3.2178,9.3640,4.0043
25.878,-3.2178,9.3640,4.0043
25.885,-3.2247,9.3640,4.0043
25.893,-3.2247,9.3640,4.0043
25.902,-3.2316,9.3640,4.0043
25.910,-3.2316,9.3640,4.0043
25.918,-3.2316,9.3640,4.0043
25.924,-3.2384,9.3640,4.0043
25.934,-3.2384,9.3640,4.0043
25.941,-3.2453,9.3640,4.0043
25.949,-3.2453,9.3640,4.0043
25.956,-3.2453,9.3640,4.0043
25.964,-3.2522,9.3640,4.0043
25.973,-3.2522,9.3640,4.0043
25.979,-3.2590,9.3640,4.0043
25.989,-3.2590,9.3640,4.0043
25.997,-3.2590,9.3640,4.0043
26.004,-3.2659,9.3640,4.0043
26.013,-3.2659,9.3640,4.0043
26.021,-3.2727,9.3640,4.0043
26.029,-3.2727,9.3640,4.0043
26.036,-3.2727,9.3640,4.0043
26.044,-3.2796,9.3640,4.0043
26.053,-3.2796,9.3640,4.0043
26.060,-3.2865,9.3640,4.0043
26.070,-3.2865,9.3640,4.0043
26.078,-3.2865,9.3640,4.0043
26.085,-3.2933,9.3640,4.0043
26.093,-3.2933,9.3640,4.0043
26.101,-3.3002,9.3640,4.0043
26.110,-3.3002,9.3640,4.0043
26.117,-3.3002,9.3640,4.0043
26.124,-3.3071,9.3640,4.0043
26.133,-3.3071,9.3640,4.0043
26.142,-3.3139,9.3640,4.0043
26.151,-3.3139,9.3640,4.0043
26.158,-3.3139,9.3640,4.0043
26.166,-3.3208,9.3640,4.0043
26.175,-3.3208,9.3640,4.0043
26.182,-3.3276,9.3640,4.0043
26.190,-3.3276,9.3640,4.0043
26.197,-3.3276,9.3640,4.0043
26.206,-3.3345,9.3640,4.0043
26.215,-3.3345,9.3640,4.0043
26.223,-3.3414,9.3640,4.0043
26.232,-3.3414,9.3640,4.0043
26.240,-3.3482,9.3640,4.0043
26.252,-3.3482,9.3640,4.0043
26.260,-3.3551,9.3640,4.0043
26.271,-3.3551,9.3640,4.0043
26.278,-3.3551,9.3640,4.0043
26.286,-3.3620,9.3640,4.0043
26.296,-3.3620,9.3640,4.0043
26.304,-3.3688,9.3640,4.0043
26.313,-3.3688,9.3640,4.0043
26.321,-3.3757,9.3640,4.0043
26.331,-3.3757,9.3640,4.0043
26.339,-3.3826,9.3640,4.0043
26.350,-3.3826,9.3640,4.0043
26.358,-3.3894,9.3640,4.0043
26.368,-3.3894,9.3640,4.0043
26.376,-3.3894,9.3640,4.0043
26.384,-3.3963,9.3640,4.0043
26.394,-3.3963,9.3640,4.0043
26.403,-3.4032,9.3640,4.0043
26.412,-3.4032,9.3640,4.0043
26.421,-3.4100,9.3640,4.0043
26.430,-3.4100,9.3640,4.0043
26.440,-3.4169,9.3640,4.0043
26.449,-3.4169,9.3640,4.0043
26.458,-3.4169,9.3640,4.0043
26.467,-3.4238,9.3640,4.0043
26.477,-3.4238,9.3640,4.0043
26.486,-3.4306,9.3640,4.0043
26.495,-3.4306,9.3640,4.0043
26.504,-3.4375,9.3640,4.0043
26.512,-3.4375,9.3640,4.0043
26.520,-3.4443,9.3640,4.0043
26.530,-3.4443,9.3640,4.0043
26.538,-3.4443,9.3640,4.0043
26.546,-3.4512,9.3640,4.0043
26.555,-3.4512,9.3640,4.0043
26.563,-3.4580,9.3640,4.0043
26.572,-3.4580,9.3640,4.0043
26.580,-3.4649,9.3640,4.0043
26.589,-3.4649,9.3640,4.0043
26.598,-3.4649,9.3640,4.0043
26.605,-3.4717,9.3640,4.0043
26.616,-3.4717,9.3640,4.0043
26.625,-3.4786,9.3640,4.0043
26.635,-3.4786,9.3640,4.0043
26.644,-3.4854,9.3640,4.0043
26.654,-3.4854,9.3640,4.0043
26.661,-3.4923,9.3640,4.0043
26.671,-3.4923,9.3640,4.0043
26.678,-3.4991,9.3640,4.0043
26.689,-3.4991,9.3640,4.0043
26.695,-3.4991,9.3640,4.0043
26.703,-3.5060,9.3640,4.0043
26.712,-3.5060,9.3640,4.0043
26.720,-3.5129,9.3640,4.0043
26.727,-3.5129,9.3640,4.0043
26.736,-3.5129,9.3640,4.0043
26.743,-3.5197,9.3640,4.0043
26.752,-3.5197,9.3640,4.0043
26.758,-3.5266,9.3640,4.0043
26.768,-3.5266,9.3640,4.0043
26.776,-3.5266,9.3640,4.0043
26.784,-3.5334,9.3640,4.0043
26.792,-3.5334,9.3640,4.0043
26.799,-3.5403,9.3640,4.0043
26.808,-3.5403,9.3640,4.0043
26.816,-3.5403,9.3640,4.0043
26.823,-3.5471,9.3640,4.0043
26.832,-3.5471,9.3640,4.0043
26.840,-3.5539,9.3640,4.0043
26.850,-3.5539,9.3640,4.0043
26.857,-3.5539,9.3640,4.0043
26.866,-3.5606,9.3640,4.0043
26.874,-3.5606,9.3640,4.0043
26.882,-3.5671,9.3640,4.0043
26.891,-3.5671,9.3640,4.0043
26.898,-3.5671,9.3640,4.0043
26.906,-3.5735,9.3640,4.0043
26.914,-3.5735,9.3640,4.0043
26.921,-3.5797,9.3640,4.0043
26.930,-3.5797,9.3640,4.0043
26.938,-3.5797,9.3640,4.0043
26.945,-3.5855,9.3640,4.0043
26.954,-3.5855,9.3640,4.0043
26.961,-3.5910,9.3640,4.0043
26.971,-3.5910,9.3640,4.0043
26.977,-3.5910,9.3640,4.0043
26.985,-3.5934,9.3640,4.0043
26.994,-3.5934,9.3640,4.0043
27.003,-3.5957,9.3640,4.0043
27.011,-3.5957,9.3640,4.0043
27.019,-3.5977,9.3640,4.0043
27.026,-3.5977,9.3640,4.0043
27.034,-3.5977,9.3640,4.0043
27.042,-3.5987,9.3640,4.0043
27.050,-3.5987,9.3640,4.0043
27.057,-3.5987,9.3640,4.0043
27.064,-3.5995,9.3640,4.0043
27.073,-3.5995,9.3640,4.0043
27.083,-3.6003,9.3640,4.0043
27.091,-3.6003,9.3640,4.0043
27.098,-3.6003,9.3640,4.0043
27.105,-3.6011,9.3640,4.0043
27.114,-3.6011,9.3640,4.0043
27.120,-3.6018,9.3640,4.0043
27.128,-3.6018,9.3640,4.0043
27.136,-3.6018,9.3640,4.0043
27.143,-3.6026,9.3640,4.0043
27.151,-3.6026,9.3640,4.0043
27.158,-3.6026,9.3640,4.0043
27.165,-3.6033,9.3640,4.0043
27.173,-3.6033,9.3640,4.0043
27.180,-3.6040,9.3640,4.0043
27.190,-3.6040,9.3640,4.0043
27.198,-3.6040,9.3640,4.0043
27.206,-3.6047,9.3640,4.0043
27.215,-3.6047,9.3640,4.0043
27.223,-3.6055,9.3640,4.0043
27.234,-3.6055,9.3640,4.0043
27.241,-3.6063,9.3640,4.0043
27.251,-3.6063,9.3640,4.0043
27.258,-3.6063,9.3640,4.0043
27.266,-3.6071,9.3640,4.0043
27.274,-3.6071,9.3640,4.0043
27.283,-3.6080,9.3640,4.0043
27.292,-3.6080,9.3640,4.0043
27.301,-3.6089,9.3640,4.0043
27.309,-3.6089,9.3640,4.0043
27.318,-3.6089,9.3640,4.0043
27.325,-3.6110,9.3640,4.0043
27.334,-3.6110,9.3640,4.0043
27.341,-3.6132,9.3640,4.0043
27.351,-3.6132,9.3640,4.0043
27.357,-3.6132,9.3640,4.0043
27.366,-3.6156,9.3640,4.0043
27.375,-3.6156,9.3640,4.0043
27.383,-3.6181,9.3640,4.0043
27.391,-3.6181,9.3640,4.0043
27.400,-3.6207,9.3640,4.0043
27.409,-3.6207,9.3640,4.0043
27.417,-3.6207,9.3640,4.0043
27.424,-3.6261,9.3640,4.0043
27.434,-3.6261,9.3640,4.0043
27.451,-3.6317,9.3640,4.0043
27.461,-3.6373,9.3640,4.0043
27.472,-3.6373,9.3640,4.0043
27.479,-3.6430,9.3640,4.0043
27.488,-3.6430,9.3640,4.0043
27.496,-3.6430,9.3640,4.0043
27.506,-3.6488,9.3640,4.0043
27.516,-3.6488,9.3640,4.0043
27.525,-3.6546,9.3640,4.0043
27.536,-3.6546,9.3640,4.0043
27.543,-3.6604,9.3640,4.0043
27.554,-3.6604,9.3640,4.0043
27.562,-3.6663,9.3640,4.0043
27.572,-3.6663,9.3640,4.0043
27.580,-3.6721,9.3640,4.0043
27.590,-3.6721,9.3640,4.0043
27.598,-3.6721,9.3640,4.0043
27.606,-3.6780,9.3640,4.0043
27.615,-3.6780,9.3640,4.0043
27.623,-3.6839,9.3640,4.0043
27.633,-3.6839,9.3640,4.0043
27.642,-3.6898,9.3640,4.0043
27.652,-3.6898,9.3640,4.0043
27.660,-3.6957,9.3640,4.0043
27.669,-3.6957,9.3640,4.0043
27.679,-3.7016,9.3640,4.0043
27.689,-3.7016,9.3640,4.0043
27.697,-3.7016,9.3640,4.0043
27.706,-3.7075,9.3640,4.0043
27.716,-3.7075,9.3640,4.0043
27.724,-3.7135,9.3640,4.0043
27.735,-3.7135,9.3640,4.0043
27.743,-3.7194,9.3640,4.0043
27.752,-3.7194,9.3640,4.0043
27.759,-3.7254,9.3640,4.0043
27.770,-3.7254,9.3640,4.0043
27.778,-3.7254,9.3640,4.0043
27.786,-3.7314,9.3640,4.0043
27.795,-3.7314,9.3640,4.0043
27.804,-3.7373,9.3640,4.0043
27.812,-3.7373,9.3640,4.0043
27.820,-3.7433,9.3640,4.0043
27.830,-3.7433,9.3640,4.0043
27.839,-3.7493,9.3640,4.0043
27.848,-3.7493,9.3640,4.0043
27.856,-3.7493,9.3640,4.0043
27.865,-3.7552,9.3640,4.0043
27.874,-3.7552,9.3640,4.0043
27.883,-3.7612,9.3640,4.0043
27.893,-3.7612,9.3640,4.0043
27.901,-3.7672,9.3640,4.0043
27.910,-3.7672,9.3640,4.0043
27.919,-3.7731,9.3640,4.0043
27.930,-3.7731,9.3640,4.0043
27.939,-3.7791,9.3640,4.0043
27.948,-3.7791,9.3640,4.0043
27.957,-3.7791,9.3640,4.0043
27.964,-3.7850,9.3640,4.0043
27.974,-3.7850,9.3640,4.0043
27.980,-3.7910,9.3640,4.0043
27.989,-3.7910,9.3640,4.0043
27.997,-3.7910,9.3640,4.0043
28.006,-3.7969,9.3640,4.0043
28.015,-3.7969,9.3640,4.0043
28.022,-3.8028,9.3640,4.0043
28.030,-3.8028,9.3640,4.0043
28.039,-3.8087,9.3640,4.0043
28.049,-3.8087,9.3640,4.0043
28.056,-3.8087,9.3640,4.0043
28.064,-3.8146,9.3640,4.0043
28.073,-3.8146,9.3640,4.0043
28.080,-3.8205,9.3640,4.0043
28.089,-3.8205,9.3640,4.0043
28.096,-3.8205,9.3640,4.0043
28.104,-3.8263,9.3640,4.0043
28.113,-3.8263,9.3640,4.0043
28.120,-3.8321,9.3640,4.0043
28.129,-3.8321,9.3640,4.0043
28.137,-3.8321,9.3640,4.0043
28.144,-3.8379,9.3640,4.0043
28.152,-3.8379,9.3640,4.0043
28.159,-3.8436,9.3640,4.0043
28.169,-3.8436,9.3640,4.0043
28.176,-3.8436,9.3640,4.0043
28.183,-3.8492,9.3640,4.0043
28.192,-3.8492,9.3640,4.0043
28.199,-3.8547,9.3640,4.0043
28.208,-3.8547,9.3640,4.0043
28.215,-3.8547,9.3640,4.0043
28.223,-3.8574,9.3640,4.0043
28.232,-3.8574,9.3640,4.0043
28.241,-3.8599,9.3640,4.0043
28.252,-3.8599,9.3640,4.0043
28.258,-3.8599,9.3640,4.0043
28.266,-3.8624,9.3640,4.0043
28.274,-3.8624,9.3640,4.0043
28.282,-3.8647,9.3640,4.0043
28.290,-3.8647,9.3640,4.0043
28.298,-3.8647,9.3640,4.0043
28.305,-3.8670,9.3640,4.0043
28.313,-3.8670,9.3640,4.0043
28.323,-3.8691,9.3640,4.0043
28.331,-3.8691,9.3640,4.0043
28.338,-3.8713,9.3640,4.0043
28.347,-3.8713,9.3640,4.0043
28.355,-3.8713,9.3640,4.0043
28.363,-3.8733,9.3640,4.0043
28.371,-3.8733,9.3640,4.0043
28.379,-3.8754,9.3640,4.0043
28.388,-3.8754,9.3640,4.0043
28.394,-3.8754,9.3640,4.0043
28.403,-3.8774,9.3640,4.0043
28.411,-3.8774,9.3640,4.0043
28.419,-3.8795,9.3640,4.0043
28.426,-3.8795,9.3640,4.0043
28.434,-3.8795,9.3640,4.0043
28.442,-3.8815,9.3640,4.0043
28.452,-3.8815,9.3640,4.0043
28.459,-3.8836,9.3640,4.0043
28.469,-3.8836,9.3640,4.0043
28.475,-3.8836,9.3640,4.0043
28.484,-3.8857,9.3640,4.0043
28.492,-3.8857,9.3640,4.0043
28.501,-3.8879,9.3640,4.0043
28.509,-3.8879,9.3640,4.0043
28.517,-3.8879,9.3640,4.0043
28.524,-3.8900,9.3640,4.0043
28.534,-3.8900,9.3640,4.0043
28.541,-3.8922,9.3640,4.0043
28.551,-3.8922,9.3640,4.0043
28.557,-3.8922,9.3640,4.0043
28.565,-3.8945,9.3640,4.0043
28.574,-3.8945,9.3640,4.0043
28.582,-3.8968,9.3640,4.0043
28.592,-3.8968,9.3640,4.0043
28.600,-3.8992,9.3640,4.0043
28.608,-3.8992,9.3640,4.0043
28.615,-3.8992,9.3640,4.0043
28.623,-3.9017,9.3640,4.0043
28.631,-3.9017,9.3640,4.0043
28.639,-3.9042,9.3640,4.0043
28.650,-3.9042,9.3640,4.0043
28.659,-3.9067,9.3640,4.0043
28.667,-3.9067,9.3640,4.0043
28.677,-3.9067,9.3640,4.0043
28.685,-3.9092,9.3640,4.0043
28.693,-3.9092,9.3640,4.0043
28.702,-3.9116,9.3640,4.0043
28.710,-3.9116,9.3640,4.0043
28.717,-3.9116,9.3640,4.0043
28.724,-3.9139,9.3640,4.0043
28.733,-3.9139,9.3640,4.0043
28.741,-3.9161,9.3640,4.0043
28.750,-3.9161,9.3640,4.0043
28.757,-3.9161,9.3640,4.0043
28.766,-3.9182,9.3640,4.0043
28.775,-3.9182,9.3640,4.0043
28.784,-3.9192,9.3640,4.0043
28.792,-3.9192,9.3640,4.0043
28.802,-3.9200,9.3640,4.0043
28.810,-3.9200,9.3640,4.0043
28.819,-3.9209,9.3640,4.0043
28.827,-3.9209,9.3640,4.0043
28.836,-3.9209,9.3640,4.0043
28.844,-3.9217,9.3640,4.0043
28.853,-3.9217,9.3640,4.0043
28.861,-3.9224,9.3640,4.0043
28.871,-3.9224,9.3640,4.0043
28.878,-3.9231,9.3640,4.0043
28.887,-3.9231,9.3640,4.0043
28.895,-3.9231,9.3640,4.0043
28.904,-3.9237,9.3640,4.0043
28.912,-3.9237,9.3640,4.0043
28.920,-3.9244,9.3640,4.0043
28.929,-3.9244,9.3640,4.0043
28.938,-3.9244,9.3640,4.0043
28.946,-3.9250,9.3640,4.0043
28.956,-3.9250,9.3640,4.0043
28.965,-3.9256,9.3640,4.0043
28.974,-3.9256,9.3640,4.0043
28.983,-3.9263,9.3640,4.0043
28.992,-3.9263,9.3640,4.0043
29.001,-3.9269,9.3640,4.0043
29.010,-3.9269,9.3640,4.0043
29.018,-3.9269,9.3640,4.0043
29.025,-3.9275,9.3640,4.0043
29.035,-3.9275,9.3640,4.0043
29.043,-3.9281,9.3640,4.0043
29.052,-3.9281,9.3640,4.0043
29.060,-3.9286,9.3640,4.0043
29.071,-3.9286,9.3640,4.0043
29.079,-3.9289,9.3640,4.0043
29.088,-3.9289,9.3640,4.0043
29.096,-3.9289,9.3640,4.0043
29.104,-3.9291,9.3640,4.0043
29.115,-3.9291,9.3640,4.0043
29.122,-3.9293,9.3640,4.0043
29.132,-3.9293,9.3640,4.0043
29.139,-3.9295,9.3640,4.0043
29.149,-3.9295,9.3640,4.0043
29.157,-3.9295,9.3640,4.0043
29.165,-3.9301,9.3640,4.0043
29.176,-3.9301,9.3640,4.0043
29.184,-3.9307,9.3640,4.0043
29.193,-3.9307,9.3640,4.0043
29.201,-3.9314,9.3640,4.0043
29.210,-3.9314,9.3640,4.0043
29.218,-3.9314,9.3640,4.0043
29.225,-3.9321,9.3640,4.0043
29.234,-3.9321,9.3640,4.0043
29.241,-3.9328,9.3640,4.0043
29.250,-3.9328,9.3640,4.0043
29.257,-3.9328,9.3640,4.0043
29.265,-3.9337,9.3640,4.0043
29.273,-3.9337,9.3640,4.0043
29.282,-3.9346,9.3640,4.0043
29.290,-3.9346,9.3640,4.0043
29.298,-3.9346,9.3640,4.0043
29.306,-3.9355,9.3640,4.0043
29.315,-3.9355,9.3640,4.0043
29.322,-3.9375,9.3640,4.0043
29.332,-3.9375,9.3640,4.0043
29.338,-3.9375,9.3640,4.0043
29.346,-3.9395,9.3640,4.0043
29.354,-3.9395,9.3640,4.0043
29.361,-3.9415,9.3640,4.0043
29.370,-3.9415,9.3640,4.0043
29.377,-3.9415,9.3640,4.0043
29.384,-3.9435,9.3640,4.0043
29.393,-3.9435,9.3640,4.0043
29.401,-3.9456,9.3640,4.0043
29.409,-3.9456,9.3640,4.0043
29.416,-3.9456,9.3640,4.0043
29.423,-3.9476,9.3640,4.0043
29.432,-3.9476,9.3640,4.0043
29.439,-3.9496,9.3640,4.0043
29.448,-3.9496,9.3640,4.0043
29.457,-3.9496,9.3640,4.0043
29.465,-3.9517,9.3640,4.0043
29.475,-3.9517,9.3640,4.0043
29.483,-3.9537,9.3640,4.0043
29.492,-3.9537,9.3640,4.0043
29.501,-3.9556,9.3640,4.0043
29.508,-3.9556,9.3640,4.0043
29.517,-3.9556,9.3640,4.0043
29.525,-3.9576,9.3640,4.0043
29.534,-3.9576,9.3640,4.0043
29.541,-3.9595,9.3640,4.0043
29.549,-3.9595,9.3640,4.0043
29.557,-3.9595,9.3640,4.0043
29.565,-3.9604,9.3640,4.0043
29.573,-3.9604,9.3640,4.0043
29.580,-3.9613,9.3640,4.0043
29.589,-3.9613,9.3640,4.0043
29.597,-3.9613,9.3640,4.0043
29.604,-3.9622,9.3640,4.0043
29.614,-3.9622,9.3640,4.0043
29.621,-3.9630,9.3640,4.0043
29.629,-3.9630,9.3640,4.0043
29.637,-3.9630,9.3640,4.0043
29.646,-3.9637,9.3640,4.0043
29.654,-3.9637,9.3640,4.0043
29.662,-3.9643,9.3640,4.0043
29.672,-3.9643,9.3640,4.0043
29.679,-3.9650,9.3640,4.0043
29.688,-3.9650,9.3640,4.0043
29.694,-3.9650,9.3640,4.0043
29.703,-3.9655,9.3640,4.0043
29.720,-3.9658,9.3640,4.0043
29.729,-3.9658,9.3640,4.0043
29.738,-3.9658,9.3640,4.0043
29.745,-3.9660,9.3640,4.0043
29.754,-3.9660,9.3640,4.0043
29.760,-3.9662,9.3640,4.0043
29.770,-3.9662,9.3640,4.0043
29.777,-3.9662,9.3640,4.0043
29.785,-3.9664,9.3640,4.0043
29.793,-3.9664,9.3640,4.0043
29.800,-3.9666,9.3640,4.0043
29.808,-3.9666,9.3640,4.0043
29.816,-3.9666,9.3640,4.0043
29.823,-3.9668,9.3640,4.0043
29.833,-3.9668,9.3640,4.0043
29.840,-3.9669,9.3640,4.0043
29.849,-3.9669,9.3640,4.0043
29.857,-3.9669,9.3640,4.0043
29.866,-3.9671,9.3640,4.0043
29.874,-3.9671,9.3640,4.0043
29.882,-3.9673,9.3640,4.0043
29.891,-3.9673,9.3640,4.0043
29.899,-3.9675,9.3640,4.0043
29.907,-3.9675,9.3640,4.0043
29.915,-3.9675,9.3640,4.0043
29.922,-3.9677,9.3640,4.0043
29.931,-3.9677,9.3640,4.0043
29.939,-3.9683,9.3640,4.0043
29.948,-3.9683,9.3640,4.0043
29.956,-3.9683,9.3640,4.0043
29.963,-3.9689,9.3640,4.0043
29.972,-3.9689,9.3640,4.0043
29.979,-3.9696,9.3640,4.0043
29.987,-3.9696,9.3640,4.0043
29.994,-3.9696,9.3640,4.0043
30.003,-3.9703,9.3640,4.0043
30.011,-3.9703,9.3640,4.0043
30.019,-3.9711,9.3640,4.0043
30.027,-3.9711,9.3640,4.0043
30.036,-3.9711,9.3640,4.0043
30.043,-3.9719,9.3640,4.0043
30.053,-3.9719,9.3640,4.0043
30.061,-3.9727,9.3640,4.0043
30.072,-3.9727,9.3640,4.0043
30.079,-3.9735,9.3640,4.0043
30.090,-3.9735,9.3640,4.0043
30.098,-3.9735,9.3640,4.0043
30.106,-3.9744,9.3640,4.0043
30.115,-3.9744,9.3640,4.0043
30.122,-3.9753,9.3640,4.0043
30.134,-3.9753,9.3640,4.0043
30.141,-3.9762,9.3640,4.0043
30.151,-3.9762,9.3640,4.0043
30.159,-3.9770,9.3640,4.0043
30.168,-3.9770,9.3640,4.0043
30.176,-3.9770,9.3640,4.0043
30.184,-3.9779,9.3640,4.0043
30.194,-3.9779,9.3640,4.0043
30.203,-3.9788,9.3640,4.0043
30.213,-3.9788,9.3640,4.0043
30.221,-3.9796,9.3640,4.0043
30.231,-3.9796,9.3640,4.0043
30.241,-3.9805,9.3640,4.0043
30.251,-3.9805,9.3640,4.0043
30.260,-3.9813,9.3640,4.0043
30.272,-3.9813,9.3640,4.0043
30.280,-3.9821,9.3640,4.0043
30.289,-3.9821,9.3640,4.0043
30.297,-3.9821,9.3640,4.0043
30.305,-3.9829,9.3640,4.0043
30.314,-3.9829,9.3640,4.0043
30.322,-3.9837,9.3640,4.0043
30.331,-3.9837,9.3640,4.0043
30.340,-3.9844,9.3640,4.0043
30.349,-3.9844,9.3640,4.0043
30.357,-3.9844,9.3640,4.0043
30.366,-3.9851,9.3640,4.0043
30.375,-3.9851,9.3640,4.0043
30.383,-3.9858,9.3640,4.0043
30.392,-3.9858,9.3640,4.0043
30.402,-3.9863,9.3640,4.0043
30.411,-3.9863,9.3640,4.0043
30.419,-3.9866,9.3640,4.0043
30.428,-3.9866,9.3640,4.0043
30.437,-3.9866,9.3640,4.0043
30.445,-3.9868,9.3640,4.0043
30.454,-3.9868,9.3640,4.0043
30.461,-3.9870,9.3640,4.0043
30.470,-3.9870,9.3640,4.0043
30.477,-3.9870,9.3640,4.0043
30.484,-3.9871,9.3640,4.0043
30.493,-3.9871,9.3640,4.0043
30.501,-3.9873,9.3640,4.0043
30.511,-3.9873,9.3640,4.0043
30.519,-3.9874,9.3640,4.0043
30.528,-3.9874,9.3640,4.0043
30.536,-3.9874,9.3640,4.0043
30.543,-3.9875,9.3640,4.0043
30.552,-3.9875,9.3640,4.0043
30.559,-3.9876,9.3640,4.0043
30.568,-3.9876,9.3640,4.0043
30.575,-3.9876,9.3640,4.0043
30.583,-3.9877,9.3640,4.0043
30.590,-3.9877,9.3640,4.0043
30.598,-3.9877,9.3640,4.0043
30.605,-3.9878,9.3640,4.0043
30.616,-3.9878,9.3640,4.0043
30.623,-3.9879,9.3640,4.0043
30.632,-3.9879,9.3640,4.0043
30.639,-3.9880,9.3640,4.0043
30.650,-3.9880,9.3640,4.0043
30.656,-3.9880,9.3640,4.0043
30.664,-3.9881,9.3640,4.0043
30.674,-3.9881,9.3640,4.0043
30.681,-3.9882,9.3640,4.0043
30.690,-3.9882,9.3640,4.0043
30.697,-3.9882,9.3640,4.0043
30.705,-3.9883,9.3640,4.0043
30.713,-3.9883,9.3640,4.0043
30.720,-3.9885,9.3640,4.0043
30.729,-3.9885,9.3640,4.0043
30.739,-3.9886,9.3640,4.0043
30.748,-3.9886,9.3640,4.0043
30.756,-3.9886,9.3640,4.0043
30.763,-3.9887,9.3640,4.0043
30.772,-3.9887,9.3640,4.0043
30.778,-3.9888,9.3640,4.0043
30.788,-3.9888,9.3640,4.0043
30.795,-3.9888,9.3640,4.0043
30.804,-3.9889,9.3640,4.0043
30.812,-3.9889,9.3640,4.0043
30.821,-3.9890,9.3640,4.0043
30.830,-3.9890,9.3640,4.0043
30.837,-3.9890,9.3640,4.0043
30.845,-3.9891,9.3640,4.0043
30.855,-3.9891,9.3640,4.0043
30.863,-3.9892,9.3640,4.0043
30.872,-3.9892,9.3640,4.0043
30.880,-3.9893,9.3640,4.0043
30.888,-3.9893,9.3640,4.0043
30.896,-3.9893,9.3640,4.0043
30.904,-3.9894,9.3640,4.0043
30.913,-3.9894,9.3640,4.0043
30.921,-3.9895,9.3640,4.0043
30.929,-3.9895,9.3640,4.0043
30.937,-3.9895,9.3640,4.0043
30.945,-3.9896,9.3640,4.0043
30.953,-3.9896,9.3640,4.0043
30.960,-3.9898,9.3640,4.0043
30.970,-3.9898,9.3640,4.0043
30.978,-3.9898,9.3640,4.0043
30.985,-3.9899,9.3640,4.0043
30.993,-3.9899,9.3640,4.0043
31.000,-3.9901,9.3640,4.0043
31.009,-3.9901,9.3640,4.0043
31.017,-3.9901,9.3640,4.0043
31.025,-3.9904,9.3640,4.0043
31.034,-3.9904,9.3640,4.0043
31.041,-3.9909,9.3640,4.0043
31.051,-3.9909,9.3640,4.0043
31.057,-3.9909,9.3640,4.0043
31.065,-3.9915,9.3640,4.0043
31.074,-3.9915,9.3640,4.0043
31.082,-3.9917,9.3640,4.0043
31.089,-3.9917,9.3640,4.0043
31.097,-3.9917,9.3640,4.0043
31.105,-3.9920,9.3640,4.0043
31.113,-3.9920,9.3640,4.0043
31.121,-3.9922,9.3640,4.0043
31.130,-3.9922,9.3640,4.0043
31.137,-3.9922,9.3640,4.0043
31.144,-3.9924,9.3640,4.0043
31.153,-3.9924,9.3640,4.0043
31.161,-3.9926,9.3640,4.0043
31.170,-3.9926,9.3640,4.0043
31.177,-3.9926,9.3640,4.0043
31.185,-3.9928,9.3640,4.0043
31.193,-3.9928,9.3640,4.0043
31.201,-3.9930,9.3640,4.0043
31.209,-3.9930,9.3640,4.0043
31.217,-3.9930,9.3640,4.0043
31.225,-3.9931,9.3640,4.0043
31.233,-3.9931,9.3640,4.0043
31.241,-3.9933,9.3640,4.0043
31.250,-3.9933,9.3640,4.0043
31.257,-3.9933,9.3640,4.0043
31.266,-3.9935,9.3640,4.0043
31.274,-3.9935,9.3640,4.0043
31.281,-3.9936,9.3640,4.0043
31.290,-3.9936,9.3640,4.0043
31.298,-3.9938,9.3640,4.0043
31.310,-3.9938,9.3640,4.0043
31.318,-3.9938,9.3640,4.0043
31.325,-3.9939,9.3640,4.0043
31.335,-3.9939,9.3640,4.0043
31.343,-3.9940,9.3640,4.0043
31.353,-3.9940,9.3640,4.0043
31.361,-3.9941,9.3640,4.0043
31.371,-3.9941,9.3640,4.0043
31.380,-3.9942,9.3640,4.0043
31.390,-3.9942,9.3640,4.0043
31.399,-3.9943,9.3640,4.0043
31.410,-3.9943,9.3640,4.0043
31.418,-3.9943,9.3640,4.0043
31.426,-3.9945,9.3640,4.0043
31.436,-3.9945,9.3640,4.0043
31.446,-3.9946,9.3640,4.0043
31.456,-3.9946,9.3640,4.0043
31.464,-3.9948,9.3640,4.0043
31.475,-3.9948,9.3640,4.0043
31.483,-3.9949,9.3640,4.0043
31.495,-3.9949,9.3640,4.0043
31.505,-3.9951,9.3640,4.0043
31.515,-3.9951,9.3640,4.0043
31.525,-3.9953,9.3640,4.0043
31.535,-3.9953,9.3640,4.0043
31.543,-3.9955,9.3640,4.0043
31.554,-3.9955,9.3640,4.0043
31.561,-3.9962,9.3640,4.0043
31.573,-3.9962,9.3640,4.0043
31.583,-3.9968,9.3640,4.0043
31.592,-3.9968,9.3640,4.0043
31.600,-3.9975,9.3640,4.0043
31.610,-3.9975,9.3640,4.0043
31.619,-3.9982,9.3640,4.0043
31.627,-3.9982,9.3640,4.0043
31.636,-3.9982,9.3640,4.0043
31.644,-3.9990,9.3640,4.0043
31.653,-3.9990,9.3640,4.0043
31.662,-3.9997,9.3640,4.0043
31.674,-3.9997,9.3640,4.0043
31.682,-4.0004,9.3640,4.0043
31.692,-4.0004,9.3640,4.0043
31.699,-4.0011,9.3640,4.0043
31.708,-4.0011,9.3640,4.0043
31.715,-4.0011,9.3640,4.0043
31.723,-4.0019,9.3640,4.0043
31.732,-4.0019,9.3640,4.0043
31.740,-4.0026,9.3640,4.0043
31.749,-4.0026,9.3640,4.0043
31.756,-4.0026,9.3640,4.0043
31.763,-4.0033,9.3640,4.0043
31.772,-4.0033,9.3640,4.0043
31.779,-4.0039,9.3640,4.0043
31.787,-4.0039,9.3640,4.0043
31.795,-4.0039,9.3640,4.0043
31.803,-4.0045,9.3640,4.0043
31.811,-4.0045,9.3640,4.0043
31.819,-4.0047,9.3640,4.0043
31.827,-4.0047,9.3640,4.0043
31.837,-4.0047,9.3640,4.0043
31.845,-4.0049,9.3640,4.0043
31.855,-4.0049,9.3640,4.0043
31.864,-4.0051,9.3640,4.0043
31.874,-4.0051,9.3640,4.0043
31.883,-4.0052,9.3640,4.0043
31.891,-4.0052,9.3640,4.0043
31.900,-4.0054,9.3640,4.0043
31.910,-4.0054,9.3640,4.0043
31.918,-4.0054,9.3640,4.0043
31.925,-4.0055,9.3640,4.0043
31.936,-4.0055,9.3640,4.0043
31.944,-4.0056,9.3640,4.0043
31.953,-4.0056,9.3640,4.0043
31.960,-4.0057,9.3640,4.0043
31.971,-4.0057,9.3640,4.0043
31.978,-4.0057,9.3640,4.0043
31.987,-4.0057,9.3640,4.0043
31.995,-4.0057,9.3640,4.0043
32.004,-4.0057,9.3640,4.0043
32.020,-4.0057,9.3640,4.0043
32.030,-4.0057,9.3640,4.0043
32.039,-4.0057,9.3640,4.0043
32.048,-4.0057,9.3640,4.0043
32.056,-4.0057,9.3640,4.0043
32.063,-4.0057,9.3640,4.0043
32.073,-4.0057,9.3640,4.0043
32.082,-4.0057,9.3640,4.0043
32.090,-4.0057,9.3640,4.0043
32.097,-4.0057,9.3640,4.0043
32.106,-4.0057,9.3640,4.0043
32.112,-4.0057,9.3640,4.0043
32.120,-4.0057,9.3640,4.0043
32.128,-4.0057,9.3640,4.0043
32.136,-4.0057,9.3640,4.0043
32.142,-4.0057,9.3640,4.0043
32.151,-4.0057,9.3640,4.0043
32.157,-4.0057,9.3640,4.0043
32.166,-4.0057,9.3640,4.0043
32.173,-4.0057,9.3640,4.0043
32.182,-4.0057,9.3640,4.0043
32.190,-4.0057,9.3640,4.0043
32.197,-4.0057,9.3640,4.0043
32.204,-4.0057,9.3640,4.0043
32.214,-4.0057,9.3640,4.0043
32.220,-4.0057,9.3640,4.0043
32.230,-4.0057,9.3640,4.0043
32.238,-4.0057,9.3640,4.0043
32.246,-4.0057,9.3640,4.0043
32.253,-4.0057,9.3640,4.0043
32.261,-4.0057,9.3640,4.0043
32.269,-4.0057,9.3640,4.0043
32.277,-4.0057,9.3640,4.0043
32.283,-4.0057,9.3640,4.0043
32.290,-4.0057,9.3640,4.0043
32.297,-4.0057,9.3640,4.0043
32.305,-4.0057,9.3640,4.0043
32.314,-4.0057,9.3640,4.0043
32.322,-4.0057,9.3640,4.0043
32.332,-4.0057,9.3640,4.0043
32.339,-4.0057,9.3640,4.0043
32.346,-4.0057,9.3640,4.0043
32.354,-4.0057,9.3640,4.0043
32.361,-4.0057,9.3640,4.0043
32.370,-4.0057,9.3640,4.0043
32.376,-4.0057,9.3640,4.0043
32.384,-4.0057,9.3640,4.0043
32.391,-4.0057,9.3640,4.0043
32.399,-4.0057,9.3640,4.0043
32.406,-4.0057,9.3640,4.0043
32.414,-4.0057,9.3640,4.0043
32.421,-4.0057,9.3640,4.0043
32.428,-4.0057,9.3640,4.0043
32.436,-4.0057,9.3640,4.0043
32.443,-4.0057,9.3640,4.0043
32.451,-4.0057,9.3640,4.0043
32.458,-4.0057,9.3640,4.0043
32.464,-4.0056,9.3640,4.0043
32.472,-4.0056,9.3640,4.0043
32.480,-4.0055,9.3640,4.0043
32.489,-4.0055,9.3640,4.0043
32.496,-4.0055,9.3640,4.0043
32.503,-4.0054,9.3640,4.0043
32.511,-4.0054,9.3640,4.0043
32.518,-4.0052,9.3640,4.0043
32.527,-4.0052,9.3640,4.0043
32.535,-4.0052,9.3640,4.0043
32.543,-4.0050,9.3640,4.0043
32.552,-4.0050,9.3640,4.0043
32.560,-4.0048,9.3640,4.0043
32.570,-4.0048,9.3640,4.0043
32.578,-4.0046,9.3640,4.0043
32.588,-4.0046,9.3640,4.0043
32.596,-4.0046,9.3640,4.0043
32.603,-4.0044,9.3640,4.0043
32.613,-4.0044,9.3640,4.0043
32.621,-4.0042,9.3640,4.0043
32.629,-4.0042,9.3640,4.0043
32.637,-4.0042,9.3640,4.0043
32.645,-4.0040,9.3640,4.0043
32.654,-4.0040,9.3640,4.0043
32.661,-4.0038,9.3640,4.0043
32.673,-4.0038,9.3640,4.0043
32.681,-4.0036,9.3640,4.0043
32.691,-4.0036,9.3640,4.0043
32.700,-4.0034,9.3640,4.0043
32.711,-4.0034,9.3640,4.0043
32.720,-4.0032,9.3640,4.0043
32.730,-4.0032,9.3640,4.0043
32.737,-4.0032,9.3640,4.0043
32.746,-4.0031,9.3640,4.0043
32.757,-4.0031,9.3640,4.0043
32.765,-4.0029,9.3640,4.0043
32.775,-4.0029,9.3640,4.0043
32.784,-4.0028,9.3640,4.0043
32.795,-4.0028,9.3640,4.0043
32.804,-4.0028,9.3640,4.0043
32.813,-4.0028,9.3640,4.0043
32.823,-4.0028,9.3640,4.0043
32.830,-4.0028,9.3640,4.0043
32.840,-4.0028,9.3640,4.0043
32.850,-4.0028,9.3640,4.0043
32.858,-4.0028,9.3640,4.0043
32.868,-4.0028,9.3640,4.0043
32.876,-4.0028,9.3640,4.0043
32.884,-4.0028,9.3640,4.0043
32.893,-4.0028,9.3640,4.0043
32.902,-4.0028,9.3640,4.0043
32.912,-4.0028,9.3640,4.0043
32.920,-4.0028,9.3640,4.0043
32.929,-4.0028,9.3640,4.0043
32.937,-4.0028,9.3640,4.0043
32.945,-4.0028,9.3640,4.0043
32.954,-4.0028,9.3640,4.0043
32.962,-4.0028,9.3640,4.0043
32.971,-4.0028,9.3640,4.0043
32.979,-4.0028,9.3640,4.0043
32.986,-4.0028,9.3640,4.0043
32.993,-4.0028,9.3640,4.0043
33.000,-4.0028,9.3640,4.0043
33.009,-4.0028,9.3640,4.0043
33.016,-4.0028,9.3640,4.0043
33.022,-4.0028,9.3640,4.0043
33.031,-4.0028,9.3640,4.0043
33.038,-4.0028,9.3640,4.0043
33.045,-4.0028,9.3640,4.0043
33.053,-4.0028,9.3640,4.0043
33.061,-4.0028,9.3640,4.0043
33.069,-4.0028,9.3640,4.0043
33.076,-4.0028,9.3640,4.0043
33.083,-4.0028,9.3640,4.0043
33.092,-4.0028,9.3640,4.0043
33.099,-4.0028,9.3640,4.0043
33.107,-4.0028,9.3640,4.0043
33.113,-4.0028,9.3640,4.0043
33.122,-4.0028,9.3640,4.0043
33.130,-4.0028,9.3640,4.0043
33.137,-4.0028,9.3640,4.0043
33.144,-4.0028,9.3640,4.0043
33.152,-4.0028,9.3640,4.0043
33.158,-4.0028,9.3640,4.0043
33.166,-4.0028,9.3640,4.0043
33.173,-4.0028,9.3640,4.0043
33.181,-4.0028,9.3640,4.0043
33.189,-4.0028,9.3640,4.0043
33.198,-4.0028,9.3640,4.0043
33.205,-4.0028,9.3640,4.0043
33.213,-4.0028,9.3640,4.0043
33.219,-4.0028,9.3640,4.0043
33.226,-4.0028,9.3640,4.0043
33.234,-4.0028,9.3640,4.0043
33.240,-4.0028,9.3640,4.0043
33.248,-4.0028,9.3640,4.0043
33.254,-4.0028,9.3640,4.0043
33.262,-4.0028,9.3640,4.0043
33.271,-4.0028,9.3640,4.0043
33.278,-4.0028,9.3640,4.0043
33.285,-4.0028,9.3640,4.0043
33.293,-4.0028,9.3640,4.0043
33.301,-4.0028,9.3640,4.0043
33.309,-4.0028,9.3640,4.0043
33.315,-4.0028,9.3640,4.0043
33.322,-4.0028,9.3640,4.0043
33.330,-4.0028,9.3640,4.0043
33.337,-4.0028,9.3640,4.0043
33.343,-4.0028,9.3640,4.0043
33.351,-4.0028,9.3640,4.0043
33.359,-4.0028,9.3640,4.0043
33.366,-4.0028,9.3640,4.0043
33.373,-4.0028,9.3640,4.0043
33.379,-4.0028,9.3640,4.0043
33.388,-4.0028,9.3640,4.0043
33.395,-4.0028,9.3640,4.0043
33.403,-4.0028,9.3640,4.0043
33.411,-4.0028,9.3640,4.0043
33.419,-4.0028,9.3640,4.0043
33.426,-4.0028,9.3640,4.0043
33.434,-4.0028,9.3640,4.0043
33.441,-4.0028,9.3640,4.0043
33.450,-4.0028,9.3640,4.0043
33.457,-4.0028,9.3640,4.0043
33.464,-4.0028,9.3640,4.0043
33.475,-4.0028,9.3640,4.0043
33.483,-4.0028,9.3639,4.0043
33.491,-4.0028,9.3639,4.0043
33.500,-4.0028,9.3639,4.0043
33.509,-4.0028,9.3639,4.0043
33.517,-4.0028,9.3639,4.0043
33.523,-4.0028,9.3638,4.0043
33.532,-4.0028,9.3638,4.0043
33.539,-4.0028,9.3637,4.0043
33.549,-4.0028,9.3637,4.0043
33.556,-4.0028,9.3637,4.0043
33.564,-4.0028,9.3635,4.0043
33.576,-4.0028,9.3635,4.0043
33.582,-4.0028,9.3633,4.0043
33.591,-4.0028,9.3633,4.0043
33.598,-4.0028,9.3633,4.0043
33.609,-4.0028,9.3630,4.0043
33.617,-4.0028,9.3630,4.0043
33.625,-4.0028,9.3627,4.0043
33.636,-4.0028,9.3627,4.0043
33.642,-4.0028,9.3624,4.0043
33.653,-4.0028,9.3624,4.0043
33.659,-4.0028,9.3620,4.0043
33.671,-4.0028,9.3620,4.0043
33.678,-4.0028,9.3620,4.0043
33.686,-4.0028,9.3613,4.0043
33.695,-4.0028,9.3613,4.0043
33.705,-4.0028,9.3605,4.0043
33.714,-4.0028,9.3605,4.0043
33.721,-4.0028,9.3597,4.0043
33.731,-4.0028,9.3597,4.0043
33.737,-4.0028,9.3597,4.0043
33.744,-4.0028,9.3588,4.0043
33.754,-4.0028,9.3588,4.0043
33.761,-4.0028,9.3579,4.0043
33.770,-4.0028,9.3579,4.0043
33.777,-4.0028,9.3579,4.0043
33.785,-4.0028,9.3569,4.0043
33.794,-4.0028,9.3569,4.0043
33.801,-4.0028,9.3548,4.0043
33.812,-4.0028,9.3548,4.0043
33.819,-4.0028,9.3527,4.0043
33.828,-4.0028,9.3527,4.0043
33.836,-4.0028,9.3527,4.0043
33.844,-4.0028,9.3505,4.0043
33.854,-4.0028,9.3505,4.0043
33.860,-4.0028,9.3482,4.0043
33.871,-4.0028,9.3482,4.0043
33.879,-4.0028,9.3458,4.0043
33.889,-4.0028,9.3458,4.0043
33.897,-4.0028,9.3458,4.0043
33.906,-4.0028,9.3434,4.0043
33.915,-4.0028,9.3434,4.0043
33.923,-4.0028,9.3410,4.0043
33.935,-4.0028,9.3410,4.0043
33.943,-4.0028,9.3385,4.0043
33.953,-4.0028,9.3385,4.0043
33.960,-4.0028,9.3360,4.0043
33.973,-4.0028,9.3360,4.0043
33.981,-4.0028,9.3334,4.0043
33.992,-4.0028,9.3334,4.0043
34.003,-4.0028,9.3308,4.0043
34.015,-4.0028,9.3308,4.0043
34.023,-4.0028,9.3282,4.0043
34.035,-4.0028,9.3282,4.0043
34.044,-4.0028,9.3255,4.0043
34.055,-4.0028,9.3255,4.0043
34.064,-4.0028,9.3229,4.0043
34.075,-4.0028,9.3229,4.0043
34.083,-4.0028,9.3202,4.0043
34.093,-4.0028,9.3202,4.0043
34.102,-4.0028,9.3175,4.0043
34.112,-4.0028,9.3175,4.0043
34.120,-4.0028,9.3149,4.0043
34.130,-4.0028,9.3149,4.0043
34.138,-4.0028,9.3122,4.0043
34.149,-4.0028,9.3122,4.0043
34.157,-4.0028,9.3122,4.0043
34.166,-4.0028,9.3095,4.0043
34.176,-4.0028,9.3095,4.0043
34.184,-4.0028,9.3069,4.0043
34.193,-4.0028,9.3069,4.0043
34.203,-4.0028,9.3042,4.0043
34.213,-4.0028,9.3042,4.0043
34.221,-4.0028,9.3015,4.0043
34.230,-4.0028,9.3015,4.0043
34.238,-4.0028,9.3015,4.0043
34.245,-4.0028,9.2989,4.0043
34.253,-4.0028,9.2989,4.0043
34.269,-4.0028,9.2962,4.0043
34.280,-4.0028,9.2935,4.0043
34.290,-4.0028,9.2935,4.0043
34.298,-4.0028,9.2909,4.0043
34.308,-4.0028,9.2909,4.0043
34.316,-4.0028,9.2909,4.0043
34.323,-4.0028,9.2882,4.0043
34.333,-4.0028,9.2882,4.0043
34.340,-4.0028,9.2855,4.0043
34.350,-4.0028,9.2855,4.0043
34.358,-4.0028,9.2855,4.0043
34.366,-4.0028,9.2829,4.0043
34.376,-4.0028,9.2829,4.0043
34.384,-4.0028,9.2802,4.0043
34.393,-4.0028,9.2802,4.0043
34.402,-4.0028,9.2775,4.0043
34.411,-4.0028,9.2775,4.0043
34.420,-4.0028,9.2749,4.0043
34.428,-4.0028,9.2749,4.0043
34.438,-4.0028,9.2749,4.0043
34.445,-4.0028,9.2722,4.0043
34.456,-4.0028,9.2722,4.0043
34.463,-4.0028,9.2695,4.0043
34.474,-4.0028,9.2695,4.0043
34.482,-4.0028,9.2669,4.0043
34.490,-4.0028,9.2669,4.0043
34.497,-4.0028,9.2669,4.0043
34.504,-4.0028,9.2642,4.0043
34.514,-4.0028,9.2642,4.0043
34.521,-4.0028,9.2615,4.0043
34.531,-4.0028,9.2615,4.0043
34.538,-4.0028,9.2615,4.0043
34.546,-4.0028,9.2589,4.0043
34.554,-4.0028,9.2589,4.0043
34.562,-4.0028,9.2562,4.0043
34.573,-4.0028,9.2562,4.0043
34.581,-4.0028,9.2535,4.0043
34.590,-4.0028,9.2535,4.0043
34.598,-4.0028,9.2509,4.0043
34.608,-4.0028,9.2509,4.0043
34.617,-4.0028,9.2509,4.0043
34.625,-4.0028,9.2482,4.0043
34.636,-4.0028,9.2482,4.0043
34.644,-4.0028,9.2455,4.0043
34.654,-4.0028,9.2455,4.0043
34.661,-4.0028,9.2429,4.0043
34.672,-4.0028,9.2429,4.0043
34.678,-4.0028,9.2429,4.0043
34.687,-4.0028,9.2402,4.0043
34.696,-4.0028,9.2402,4.0043
34.704,-4.0028,9.2375,4.0043
34.713,-4.0028,9.2375,4.0043
34.721,-4.0028,9.2349,4.0043
34.731,-4.0028,9.2349,4.0043
34.738,-4.0028,9.2349,4.0043
34.746,-4.0028,9.2322,4.0043
34.756,-4.0028,9.2322,4.0043
34.762,-4.0028,9.2295,4.0043
34.772,-4.0028,9.2295,4.0043
34.780,-4.0028,9.2269,4.0043
34.789,-4.0028,9.2269,4.0043
34.796,-4.0028,9.2269,4.0043
34.805,-4.0028,9.2242,4.0043
34.814,-4.0028,9.2242,4.0043
34.821,-4.0028,9.2215,4.0043
34.830,-4.0028,9.2215,4.0043
34.838,-4.0028,9.2215,4.0043
34.846,-4.0028,9.2189,4.0043
34.856,-4.0028,9.2189,4.0043
34.863,-4.0028,9.2162,4.0043
34.874,-4.0028,9.2162,4.0043
34.882,-4.0028,9.2135,4.0043
34.891,-4.0028,9.2135,4.0043
34.900,-4.0028,9.2109,4.0043
34.909,-4.0028,9.2109,4.0043
34.917,-4.0028,9.2109,4.0043
34.925,-4.0028,9.2082,4.0043
34.935,-4.0028,9.2082,4.0043
34.941,-4.0028,9.2055,4.0043
34.952,-4.0028,9.2055,4.0043
34.958,-4.0028,9.2029,4.0043
34.969,-4.0028,9.2029,4.0043
34.975,-4.0028,9.2029,4.0043
34.984,-4.0028,9.2002,4.0043
34.992,-4.0028,9.2002,4.0043
35.001,-4.0028,9.1975,4.0043
35.008,-4.0028,9.1975,4.0043
35.016,-4.0028,9.1975,4.0043
35.022,-4.0028,9.1949,4.0043
35.032,-4.0028,9.1949,4.0043
35.040,-4.0028,9.1922,4.0043
35.050,-4.0028,9.1922,4.0043
35.057,-4.0028,9.1922,4.0043
35.066,-4.0028,9.1895,4.0043
35.074,-4.0028,9.1895,4.0043
35.081,-4.0028,9.1869,4.0043
35.090,-4.0028,9.1869,4.0043
35.098,-4.0028,9.1869,4.0043
35.104,-4.0028,9.1842,4.0043
35.115,-4.0028,9.1842,4.0043
35.123,-4.0028,9.1815,4.0043
35.132,-4.0028,9.1815,4.0043
35.140,-4.0028,9.1789,4.0043
35.150,-4.0028,9.1789,4.0043
35.158,-4.0028,9.1789,4.0043
35.167,-4.0028,9.1762,4.0043
35.177,-4.0028,9.1762,4.0043
35.186,-4.0028,9.1735,4.0043
35.197,-4.0028,9.1735,4.0043
35.206,-4.0028,9.1709,4.0043
35.215,-4.0028,9.1709,4.0043
35.223,-4.0028,9.1682,4.0043
35.234,-4.0028,9.1682,4.0043
35.243,-4.0028,9.1655,4.0043
35.255,-4.0028,9.1655,4.0043
35.263,-4.0028,9.1629,4.0043
35.274,-4.0028,9.1629,4.0043
35.284,-4.0028,9.1602,4.0043
35.295,-4.0028,9.1602,4.0043
35.304,-4.0028,9.1575,4.0043
35.315,-4.0028,9.1575,4.0043
35.323,-4.0028,9.1549,4.0043
35.335,-4.0028,9.1549,4.0043
35.342,-4.0028,9.1522,4.0043
35.352,-4.0028,9.1522,4.0043
35.359,-4.0028,9.1495,4.0043
35.369,-4.0028,9.1495,4.0043
35.377,-4.0028,9.1495,4.0043
35.385,-4.0028,9.1469,4.0043
35.396,-4.0028,9.1469,4.0043
35.405,-4.0028,9.1442,4.0043
35.414,-4.0028,9.1442,4.0043
35.422,-4.0028,9.1415,4.0043
35.432,-4.0028,9.1415,4.0043
35.441,-4.0028,9.1389,4.0043
35.452,-4.0028,9.1389,4.0043
35.459,-4.0028,9.1362,4.0043
35.469,-4.0028,9.1362,4.0043
35.477,-4.0028,9.1362,4.0043
35.485,-4.0028,9.1335,4.0043
35.493,-4.0028,9.1335,4.0043
35.501,-4.0028,9.1309,4.0043
35.510,-4.0028,9.1309,4.0043
35.518,-4.0028,9.1309,4.0043
35.525,-4.0028,9.1282,4.0043
35.536,-4.0028,9.1282,4.0043
35.543,-4.0028,9.1255,4.0043
35.552,-4.0028,9.1255,4.0043
35.561,-4.0028,9.1229,4.0043
35.573,-4.0028,9.1229,4.0043
35.580,-4.0028,9.1202,4.0043
35.589,-4.0028,9.1202,4.0043
35.597,-4.0028,9.1202,4.0043
35.606,-4.0028,9.1175,4.0043
35.616,-4.0028,9.1175,4.0043
35.623,-4.0028,9.1149,4.0043
35.635,-4.0028,9.1149,4.0043
35.642,-4.0028,9.1122,4.0043
35.651,-4.0028,9.1122,4.0043
35.659,-4.0028,9.1095,4.0043
35.670,-4.0028,9.1095,4.0043
35.677,-4.0028,9.1095,4.0043
35.686,-4.0028,9.1069,4.0043
35.695,-4.0028,9.1069,4.0043
35.704,-4.0028,9.1042,4.0043
35.714,-4.0028,9.1042,4.0043
35.721,-4.0028,9.1015,4.0043
35.730,-4.0028,9.1015,4.0043
35.738,-4.0028,9.1015,4.0043
35.745,-4.0028,9.0989,4.0043
35.755,-4.0028,9.0989,4.0043
35.764,-4.0028,9.0962,4.0043
35.774,-4.0028,9.0962,4.0043
35.782,-4.0028,9.0935,4.0043
35.792,-4.0028,9.0935,4.0043
35.801,-4.0028,9.0909,4.0043
35.812,-4.0028,9.0909,4.0043
35.819,-4.0028,9.0882,4.0043
35.829,-4.0028,9.0882,4.0043
35.837,-4.0028,9.0882,4.0043
35.847,-4.0028,9.0855,4.0043
35.856,-4.0028,9.0855,4.0043
35.863,-4.0028,9.0829,4.0043
35.875,-4.0028,9.0829,4.0043
35.882,-4.0028,9.0802,4.0043
35.892,-4.0028,9.0802,4.0043
35.901,-4.0028,9.0775,4.0043
35.910,-4.0028,9.0775,4.0043
35.919,-4.0028,9.0749,4.0043
35.927,-4.0028,9.0749,4.0043
35.937,-4.0028,9.0749,4.0043
35.943,-4.0028,9.0722,4.0043
35.954,-4.0028,9.0722,4.0043
35.961,-4.0028,9.0695,4.0043
35.972,-4.0028,9.0695,4.0043
35.979,-4.0028,9.0669,4.0043
35.990,-4.0028,9.0669,4.0043
35.999,-4.0028,9.0642,4.0043
36.009,-4.0028,9.0642,4.0043
36.017,-4.0028,9.0642,4.0043
36.026,-4.0028,9.0615,4.0043
36.036,-4.0028,9.0615,4.0043
36.044,-4.0028,9.0589,4.0043
36.053,-4.0028,9.0589,4.0043
36.061,-4.0028,9.0562,4.0043
36.072,-4.0028,9.0562,4.0043
36.080,-4.0028,9.0535,4.0043
36.090,-4.0028,9.0535,4.0043
36.097,-4.0028,9.0535,4.0043
36.106,-4.0028,9.0509,4.0043
36.115,-4.0028,9.0509,4.0043
36.123,-4.0028,9.0482,4.0043
36.133,-4.0028,9.0482,4.0043
36.142,-4.0028,9.0455,4.0043
36.151,-4.0028,9.0455,4.0043
36.158,-4.0028,9.0455,4.0043
36.166,-4.0028,9.0429,4.0043
36.176,-4.0028,9.0429,4.0043
36.185,-4.0028,9.0402,4.0043
36.194,-4.0028,9.0402,4.0043
36.204,-4.0028,9.0375,4.0043
36.213,-4.0028,9.0375,4.0043
36.221,-4.0028,9.0349,4.0043
36.232,-4.0028,9.0349,4.0043
36.239,-4.0028,9.0322,4.0043
36.250,-4.0028,9.0322,4.0043
36.257,-4.0028,9.0322,4.0043
36.265,-4.0028,9.0295,4.0043
36.276,-4.0028,9.0295,4.0043
36.284,-4.0028,9.0269,4.0043
36.293,-4.0028,9.0269,4.0043
36.301,-4.0028,9.0242,4.0043
36.310,-4.0028,9.0242,4.0043
36.318,-4.0028,9.0242,4.0043
36.327,-4.0028,9.0215,4.0043
36.338,-4.0028,9.0215,4.0043
36.346,-4.0028,9.0189,4.0043
36.357,-4.0028,9.0189,4.0043
36.365,-4.0028,9.0162,4.0043
36.375,-4.0028,9.0162,4.0043
36.385,-4.0028,9.0135,4.0043
36.394,-4.0028,9.0135,4.0043
36.404,-4.0028,9.0109,4.0043
36.414,-4.0028,9.0109,4.0043
36.423,-4.0028,9.0082,4.0043
36.434,-4.0028,9.0082,4.0043
36.442,-4.0028,9.0055,4.0043
36.453,-4.0028,9.0055,4.0043
36.460,-4.0028,9.0029,4.0043
36.471,-4.0028,9.0029,4.0043
36.480,-4.0028,9.0002,4.0043
36.491,-4.0028,9.0002,4.0043
36.500,-4.0028,8.9975,4.0043
36.512,-4.0028,8.9975,4.0043
36.521,-4.0028,8.9949,4.0043
36.533,-4.0028,8.9949,4.0043
36.542,-4.0028,8.9922,4.0043
36.553,-4.0028,8.9922,4.0043
36.563,-4.0028,8.9895,4.0043
36.575,-4.0028,8.9895,4.0043
36.585,-4.0028,8.9869,4.0043
36.597,-4.0028,8.9869,4.0043
36.606,-4.0028,8.9842,4.0043
36.618,-4.0028,8.9842,4.0043
36.626,-4.0028,8.9815,4.0043
36.645,-4.0028,8.9789,4.0043
36.656,-4.0028,8.9789,4.0043
36.664,-4.0028,8.9762,4.0043
36.675,-4.0028,8.9762,4.0043
36.685,-4.0028,8.9735,4.0043
36.696,-4.0028,8.9735,4.0043
36.706,-4.0028,8.9709,4.0043
36.717,-4.0028,8.9709,4.0043
36.726,-4.0028,8.9682,4.0043
36.736,-4.0028,8.9682,4.0043
36.744,-4.0028,8.9655,4.0043
36.754,-4.0028,8.9655,4.0043
36.762,-4.0028,8.9629,4.0043
36.773,-4.0028,8.9629,4.0043
36.779,-4.0028,8.9602,4.0043
36.789,-4.0028,8.9602,4.0043
36.797,-4.0028,8.9602,4.0043
36.806,-4.0028,8.9575,4.0043
36.814,-4.0028,8.9575,4.0043
36.823,-4.0028,8.9549,4.0043
36.832,-4.0028,8.9549,4.0043
36.840,-4.0028,8.9522,4.0043
36.850,-4.0028,8.9522,4.0043
36.858,-4.0028,8.9522,4.0043
36.867,-4.0028,8.9495,4.0043
36.877,-4.0028,8.9495,4.0043
36.886,-4.0028,8.9469,4.0043
36.894,-4.0028,8.9469,4.0043
36.904,-4.0028,8.9442,4.0043
36.912,-4.0028,8.9442,4.0043
36.920,-4.0028,8.9415,4.0043
36.929,-4.0028,8.9415,4.0043
36.937,-4.0028,8.9415,4.0043
36.944,-4.0028,8.9389,4.0043
36.953,-4.0028,8.9389,4.0043
36.961,-4.0028,8.9362,4.0043
36.971,-4.0028,8.9362,4.0043
36.979,-4.0028,8.9335,4.0043
36.990,-4.0028,8.9335,4.0043
36.998,-4.0028,8.9335,4.0043
37.006,-4.0028,8.9309,4.0043
37.016,-4.0028,8.9309,4.0043
37.025,-4.0028,8.9282,4.0043
37.035,-4.0028,8.9282,4.0043
37.043,-4.0028,8.9255,4.0043
37.054,-4.0028,8.9255,4.0043
37.060,-4.0028,8.9229,4.0043
37.070,-4.0028,8.9229,4.0043
37.076,-4.0028,8.9229,4.0043
37.084,-4.0028,8.9202,4.0043
37.091,-4.0028,8.9202,4.0043
37.097,-4.0028,8.9202,4.0043
37.106,-4.0028,8.9175,4.0043
37.114,-4.0028,8.9175,4.0043
37.122,-4.0028,8.9149,4.0043
37.133,-4.0028,8.9149,4.0043
37.141,-4.0028,8.9122,4.0043
37.150,-4.0028,8.9122,4.0043
37.157,-4.0028,8.9122,4.0043
37.164,-4.0028,8.9095,4.0043
37.173,-4.0028,8.9095,4.0043
37.179,-4.0028,8.9069,4.0043
37.188,-4.0028,8.9069,4.0043
37.195,-4.0028,8.9069,4.0043
37.204,-4.0028,8.9042,4.0043
37.212,-4.0028,8.9042,4.0043
37.220,-4.0028,8.9015,4.0043
37.230,-4.0028,8.9015,4.0043
37.237,-4.0028,8.9015,4.0043
37.245,-4.0028,8.8989,4.0043
37.255,-4.0028,8.8989,4.0043
37.263,-4.0028,8.8962,4.0043
37.274,-4.0028,8.8962,4.0043
37.281,-4.0028,8.8935,4.0043
37.292,-4.0028,8.8935,4.0043
37.301,-4.0028,8.8909,4.0043
37.311,-4.0028,8.8909,4.0043
37.321,-4.0028,8.8882,4.0043
37.331,-4.0028,8.8882,4.0043
37.339,-4.0028,8.8855,4.0043
37.349,-4.0028,8.8855,4.0043
37.356,-4.0028,8.8855,4.0043
37.365,-4.0028,8.8829,4.0043
37.375,-4.0028,8.8829,4.0043
37.384,-4.0028,8.8802,4.0043
37.394,-4.0028,8.8802,4.0043
37.403,-4.0028,8.8775,4.0043
37.413,-4.0028,8.8775,4.0043
37.420,-4.0028,8.8749,4.0043
37.430,-4.0028,8.8749,4.0043
37.438,-4.0028,8.8749,4.0043
37.447,-4.0028,8.8722,4.0043
37.456,-4.0028,8.8722,4.0043
37.464,-4.0028,8.8695,4.0043
37.475,-4.0028,8.8695,4.0043
37.483,-4.0028,8.8669,4.0043
37.493,-4.0028,8.8669,4.0043
37.501,-4.0028,8.8642,4.0043
37.511,-4.0028,8.8642,4.0043
37.518,-4.0028,8.8642,4.0043
37.525,-4.0028,8.8615,4.0043
37.537,-4.0028,8.8615,4.0043
37.544,-4.0028,8.8589,4.0043
37.554,-4.0028,8.8589,4.0043
37.561,-4.0028,8.8562,4.0043
37.572,-4.0028,8.8562,4.0043
37.580,-4.0028,8.8535,4.0043
37.590,-4.0028,8.8535,4.0043
37.599,-4.0028,8.8509,4.0043
37.609,-4.0028,8.8509,4.0043
37.619,-4.0028,8.8482,4.0043
37.629,-4.0028,8.8482,4.0043
37.638,-4.0028,8.8482,4.0043
37.648,-4.0028,8.8455,4.0043
37.658,-4.0028,8.8455,4.0043
37.668,-4.0028,8.8429,4.0043
37.679,-4.0028,8.8402,4.0043
37.690,-4.0028,8.8402,4.0043
37.699,-4.0028,8.8375,4.0043
37.710,-4.0028,8.8375,4.0043
37.717,-4.0028,8.8375,4.0043
37.726,-4.0028,8.8349,4.0043
37.737,-4.0028,8.8349,4.0043
37.745,-4.0028,8.8322,4.0043
37.757,-4.0028,8.8322,4.0043
37.767,-4.0028,8.8295,4.0043
37.778,-4.0028,8.8269,4.0043
37.788,-4.0028,8.8269,4.0043
37.798,-4.0028,8.8269,4.0043
37.808,-4.0028,8.8242,4.0043
37.819,-4.0028,8.8215,4.0043
37.830,-4.0028,8.8215,4.0043
37.840,-4.0028,8.8189,4.0043
37.851,-4.0028,8.8189,4.0043
37.859,-4.0028,8.8162,4.0043
37.870,-4.0028,8.8162,4.0043
37.878,-4.0028,8.8135,4.0043
37.888,-4.0028,8.8135,4.0043
37.898,-4.0028,8.8135,4.0043
37.906,-4.0028,8.8109,4.0043
37.914,-4.0028,8.8109,4.0043
37.923,-4.0028,8.8082,4.0043
37.934,-4.0028,8.8082,4.0043
37.943,-4.0028,8.8055,4.0043
37.954,-4.0028,8.8055,4.0043
37.963,-4.0028,8.8029,4.0043
37.974,-4.0028,8.8029,4.0043
37.982,-4.0028,8.8002,4.0043
37.992,-4.0028,8.8002,4.0043
38.001,-4.0028,8.7975,4.0043
38.010,-4.0028,8.7975,4.0043
38.018,-4.0028,8.7975,4.0043
38.025,-4.0028,8.7949,4.0043
38.036,-4.0028,8.7949,4.0043
38.044,-4.0028,8.7922,4.0043
38.055,-4.0028,8.7922,4.0043
38.061,-4.0028,8.7895,4.0043
38.072,-4.0028,8.7895,4.0043
38.079,-4.0028,8.7869,4.0043
38.088,-4.0028,8.7869,4.0043
38.095,-4.0028,8.7869,4.0043
38.104,-4.0028,8.7842,4.0043
38.113,-4.0028,8.7842,4.0043
38.121,-4.0028,8.7815,4.0043
38.132,-4.0028,8.7815,4.0043
38.140,-4.0028,8.7789,4.0043
38.150,-4.0028,8.7789,4.0043
38.157,-4.0028,8.7789,4.0043
38.167,-4.0028,8.7762,4.0043
38.178,-4.0028,8.7762,4.0043
38.185,-4.0028,8.7735,4.0043
38.195,-4.0028,8.7735,4.0043
38.203,-4.0028,8.7709,4.0043
38.212,-4.0028,8.7709,4.0043
38.220,-4.0028,8.7682,4.0043
38.231,-4.0028,8.7682,4.0043
38.239,-4.0028,8.7655,4.0043
38.248,-4.0028,8.7655,4.0043
38.257,-4.0028,8.7655,4.0043
38.266,-4.0028,8.7629,4.0043
38.276,-4.0028,8.7629,4.0043
38.285,-4.0028,8.7602,4.0043
38.295,-4.0028,8.7602,4.0043
38.303,-4.0028,8.7575,4.0043
38.312,-4.0028,8.7575,4.0043
38.321,-4.0028,8.7549,4.0043
38.331,-4.0028,8.7549,4.0043
38.339,-4.0028,8.7522,4.0043
38.351,-4.0028,8.7522,4.0043
38.358,-4.0028,8.7522,4.0043
38.367,-4.0028,8.7495,4.0043
38.377,-4.0028,8.7495,4.0043
38.385,-4.0028,8.7469,4.0043
38.394,-4.0028,8.7469,4.0043
38.404,-4.0028,8.7442,4.0043
38.413,-4.0028,8.7442,4.0043
38.421,-4.0028,8.7415,4.0043
38.431,-4.0028,8.7415,4.0043
38.440,-4.0028,8.7389,4.0043
38.449,-4.0028,8.7389,4.0043
38.457,-4.0028,8.7389,4.0043
38.466,-4.0028,8.7362,4.0043
38.476,-4.0028,8.7362,4.0043
38.484,-4.0028,8.7335,4.0043
38.494,-4.0028,8.7335,4.0043
38.504,-4.0028,8.7309,4.0043
38.512,-4.0028,8.7309,4.0043
38.520,-4.0028,8.7282,4.0043
38.531,-4.0028,8.7282,4.0043
38.539,-4.0028,8.7255,4.0043
38.549,-4.0028,8.7255,4.0043
38.557,-4.0028,8.7255,4.0043
38.565,-4.0028,8.7229,4.0043
38.575,-4.0028,8.7229,4.0043
38.584,-4.0028,8.7202,4.0043
38.594,-4.0028,8.7202,4.0043
38.603,-4.0028,8.7175,4.0043
38.613,-4.0028,8.7175,4.0043
38.621,-4.0028,8.7149,4.0043
38.631,-4.0028,8.7149,4.0043
38.638,-4.0028,8.7149,4.0043
38.648,-4.0028,8.7122,4.0043
38.656,-4.0028,8.7122,4.0043
38.663,-4.0028,8.7095,4.0043
38.672,-4.0028,8.7095,4.0043
38.681,-4.0028,8.7069,4.0043
38.690,-4.0028,8.7069,4.0043
38.698,-4.0028,8.7069,4.0043
38.707,-4.0028,8.7042,4.0043
38.716,-4.0028,8.7042,4.0043
38.724,-4.0028,8.7015,4.0043
38.734,-4.0028,8.7015,4.0043
38.742,-4.0028,8.6989,4.0043
38.752,-4.0028,8.6989,4.0043
38.759,-4.0028,8.6962,4.0043
38.771,-4.0028,8.6962,4.0043
38.779,-4.0028,8.6935,4.0043
38.789,-4.0028,8.6935,4.0043
38.796,-4.0028,8.6935,4.0043
38.805,-4.0028,8.6909,4.0043
38.814,-4.0028,8.6909,4.0043
38.822,-4.0028,8.6882,4.0043
38.833,-4.0028,8.6882,4.0043
38.840,-4.0028,8.6855,4.0043
38.851,-4.0028,8.6855,4.0043
38.858,-4.0028,8.6855,4.0043
38.868,-4.0028,8.6829,4.0043
38.878,-4.0028,8.6802,4.0043
38.888,-4.0028,8.6802,4.0043
38.896,-4.0028,8.6802,4.0043
38.905,-4.0028,8.6775,4.0043
38.914,-4.0028,8.6775,4.0043
38.923,-4.0028,8.6749,4.0043
38.932,-4.0028,8.6749,4.0043
38.941,-4.0028,8.6722,4.0043
38.950,-4.0028,8.6722,4.0043
38.959,-4.0028,8.6695,4.0043
38.970,-4.0028,8.6695,4.0043
38.977,-4.0028,8.6695,4.0043
38.985,-4.0028,8.6669,4.0043
38.994,-4.0028,8.6669,4.0043
39.005,-4.0028,8.6642,4.0043
39.015,-4.0028,8.6642,4.0043
39.025,-4.0028,8.6615,4.0043
39.037,-4.0028,8.6615,4.0043
39.045,-4.0028,8.6589,4.0043
39.057,-4.0028,8.6589,4.0043
39.075,-4.0028,8.6562,4.0043
39.087,-4.0028,8.6535,4.0043
39.097,-4.0028,8.6535,4.0043
39.106,-4.0028,8.6509,4.0043
39.116,-4.0028,8.6509,4.0043
39.125,-4.0028,8.6482,4.0043
39.136,-4.0028,8.6482,4.0043
39.144,-4.0028,8.6455,4.0043
39.154,-4.0028,8.6455,4.0043
39.162,-4.0028,8.6429,4.0043
39.173,-4.0028,8.6429,4.0043
39.182,-4.0028,8.6402,4.0043
39.192,-4.0028,8.6402,4.0043
39.201,-4.0028,8.6375,4.0043
39.213,-4.0028,8.6375,4.0043
39.222,-4.0028,8.6349,4.0043
39.232,-4.0028,8.6349,4.0043
39.241,-4.0028,8.6322,4.0043
39.252,-4.0028,8.6322,4.0043
39.259,-4.0028,8.6295,4.0043
39.268,-4.0028,8.6295,4.0043
39.275,-4.0028,8.6295,4.0043
39.284,-4.0028,8.6269,4.0043
39.293,-4.0028,8.6269,4.0043
39.302,-4.0028,8.6242,4.0043
39.310,-4.0028,8.6242,4.0043
39.319,-4.0028,8.6215,4.0043
39.327,-4.0028,8.6215,4.0043
39.336,-4.0028,8.6215,4.0043
39.343,-4.0028,8.6189,4.0043
39.353,-4.0028,8.6189,4.0043
39.360,-4.0028,8.6162,4.0043
39.370,-4.0028,8.6162,4.0043
39.378,-4.0028,8.6162,4.0043
39.385,-4.0028,8.6135,4.0043
39.396,-4.0028,8.6135,4.0043
39.405,-4.0028,8.6109,4.0043
39.414,-4.0028,8.6109,4.0043
39.421,-4.0028,8.6082,4.0043
39.433,-4.0028,8.6082,4.0043
39.441,-4.0028,8.6055,4.0043
39.451,-4.0028,8.6055,4.0043
39.459,-4.0028,8.6029,4.0043
39.467,-4.0028,8.6029,4.0043
39.476,-4.0028,8.6029,4.0043
39.485,-4.0028,8.6002,4.0043
39.495,-4.0028,8.6002,4.0043
39.504,-4.0028,8.5975,4.0043
39.512,-4.0028,8.5975,4.0043
39.520,-4.0028,8.5949,4.0043
39.530,-4.0028,8.5949,4.0043
39.539,-4.0028,8.5922,4.0043
39.549,-4.0028,8.5922,4.0043
39.557,-4.0028,8.5922,4.0043
39.565,-4.0028,8.5895,4.0043
39.575,-4.0028,8.5895,4.0043
39.586,-4.0028,8.5869,4.0043
39.594,-4.0028,8.5869,4.0043
39.603,-4.0028,8.5842,4.0043
39.613,-4.0028,8.5842,4.0043
39.621,-4.0028,8.5815,4.0043
39.632,-4.0028,8.5815,4.0043
39.641,-4.0028,8.5789,4.0043
39.651,-4.0028,8.5789,4.0043
39.659,-4.0028,8.5762,4.0043
39.670,-4.0028,8.5762,4.0043
39.678,-4.0028,8.5762,4.0043
39.686,-4.0028,8.5735,4.0043
39.694,-4.0028,8.5735,4.0043
39.704,-4.0028,8.5709,4.0043
39.712,-4.0028,8.5709,4.0043
39.720,-4.0028,8.5682,4.0043
39.730,-4.0028,8.5682,4.0043
39.740,-4.0028,8.5655,4.0043
39.750,-4.0028,8.5655,4.0043
39.757,-4.0028,8.5655,4.0043
39.766,-4.0028,8.5629,4.0043
39.776,-4.0028,8.5629,4.0043
39.784,-4.0028,8.5602,4.0043
39.794,-4.0028,8.5602,4.0043
39.803,-4.0028,8.5575,4.0043
39.813,-4.0028,8.5575,4.0043
39.820,-4.0028,8.5549,4.0043
39.831,-4.0028,8.5549,4.0043
39.840,-4.0028,8.5522,4.0043
39.849,-4.0028,8.5522,4.0043
39.857,-4.0028,8.5522,4.0043
39.865,-4.0028,8.5495,4.0043
39.874,-4.0028,8.5495,4.0043
39.883,-4.0028,8.5469,4.0043
39.893,-4.0028,8.5469,4.0043
39.902,-4.0028,8.5442,4.0043
39.912,-4.0028,8.5442,4.0043
39.921,-4.0028,8.5415,4.0043
39.929,-4.0028,8.5415,4.0043
39.938,-4.0028,8.5389,4.0043
39.948,-4.0028,8.5389,4.0043
39.956,-4.0028,8.5389,4.0043
39.963,-4.0028,8.5362,4.0043
39.974,-4.0028,8.5362,4.0043
39.982,-4.0028,8.5335,4.0043
39.991,-4.0028,8.5335,4.0043
39.999,-4.0028,8.5309,4.0043
40.010,-4.0028,8.5309,4.0043
40.019,-4.0028,8.5282,4.0043
40.029,-4.0028,8.5282,4.0043
40.039,-4.0028,8.5255,4.0043
40.049,-4.0028,8.5255,4.0043
40.057,-4.0028,8.5255,4.0043
40.066,-4.0028,8.5229,4.0043
40.075,-4.0028,8.5229,4.0043
40.083,-4.0028,8.5202,4.0043
40.091,-4.0028,8.5202,4.0043
40.100,-4.0028,8.5175,4.0043
40.108,-4.0028,8.5175,4.0043
40.118,-4.0028,8.5175,4.0043
40.128,-4.0028,8.5149,4.0043
40.138,-4.0028,8.5149,4.0043
40.146,-4.0028,8.5122,4.0043
40.158,-4.0028,8.5122,4.0043
40.166,-4.0028,8.5095,4.0043
40.176,-4.0028,8.5095,4.0043
40.185,-4.0028,8.5069,4.0043
40.194,-4.0028,8.5069,4.0043
40.204,-4.0028,8.5042,4.0043
40.214,-4.0028,8.5042,4.0043
40.224,-4.0028,8.5015,4.0043
40.233,-4.0028,8.5015,4.0043
40.242,-4.0028,8.4989,4.0043
40.252,-4.0028,8.4989,4.0043
40.259,-4.0028,8.4962,4.0043
40.271,-4.0028,8.4962,4.0043
40.281,-4.0028,8.4935,4.0043
40.292,-4.0028,8.4935,4.0043
40.303,-4.0028,8.4909,4.0043
40.315,-4.0028,8.4909,4.0043
40.323,-4.0028,8.4882,4.0043
40.336,-4.0028,8.4882,4.0043
40.345,-4.0028,8.4855,4.0043
40.354,-4.0028,8.4855,4.0043
40.363,-4.0028,8.4829,4.0043
40.375,-4.0028,8.4829,4.0043
40.382,-4.0028,8.4802,4.0043
40.392,-4.0028,8.4802,4.0043
40.401,-4.0028,8.4775,4.0043
40.410,-4.0028,8.4775,4.0043
40.419,-4.0028,8.4749,4.0043
40.430,-4.0028,8.4749,4.0043
40.440,-4.0028,8.4722,4.0043
40.451,-4.0028,8.4722,4.0043
40.459,-4.0028,8.4695,4.0043
40.470,-4.0028,8.4695,4.0043
40.478,-4.0028,8.4695,4.0043
40.487,-4.0028,8.4669,4.0043
40.498,-4.0028,8.4669,4.0043
40.505,-4.0028,8.4642,4.0043
40.517,-4.0028,8.4642,4.0043
40.525,-4.0028,8.4615,4.0043
40.536,-4.0028,8.4615,4.0043
40.543,-4.0028,8.4589,4.0043
40.553,-4.0028,8.4589,4.0043
40.561,-4.0028,8.4562,4.0043
40.571,-4.0028,8.4562,4.0043
40.579,-4.0028,8.4535,4.0043
40.589,-4.0028,8.4535,4.0043
40.598,-4.0028,8.4535,4.0043
40.605,-4.0028,8.4509,4.0043
40.616,-4.0028,8.4509,4.0043
40.624,-4.0028,8.4482,4.0043
40.634,-4.0028,8.4482,4.0043
40.643,-4.0028,8.4455,4.0043
40.652,-4.0028,8.4455,4.0043
40.660,-4.0028,8.4429,4.0043
40.671,-4.0028,8.4429,4.0043
40.678,-4.0028,8.4429,4.0043
40.685,-4.0028,8.4402,4.0043
40.695,-4.0028,8.4402,4.0043
40.704,-4.0028,8.4375,4.0043
40.712,-4.0028,8.4375,4.0043
40.720,-4.0028,8.4349,4.0043
40.730,-4.0028,8.4349,4.0043
40.739,-4.0028,8.4322,4.0043
40.749,-4.0028,8.4322,4.0043
40.757,-4.0028,8.4322,4.0043
40.765,-4.0028,8.4295,4.0043
40.775,-4.0028,8.4295,4.0043
40.784,-4.0028,8.4269,4.0043
40.793,-4.0028,8.4269,4.0043
40.802,-4.0028,8.4242,4.0043
40.812,-4.0028,8.4242,4.0043
40.820,-4.0028,8.4215,4.0043
40.830,-4.0028,8.4215,4.0043
40.837,-4.0028,8.4215,4.0043
40.846,-4.0028,8.4189,4.0043
40.856,-4.0028,8.4189,4.0043
40.864,-4.0028,8.4162,4.0043
40.874,-4.0028,8.4162,4.0043
40.883,-4.0028,8.4135,4.0043
40.892,-4.0028,8.4135,4.0043
40.901,-4.0028,8.4109,4.0043
40.910,-4.0028,8.4109,4.0043
40.919,-4.0028,8.4082,4.0043
40.928,-4.0028,8.4082,4.0043
40.937,-4.0028,8.4082,4.0043
40.944,-4.0028,8.4055,4.0043
40.954,-4.0028,8.4055,4.0043
40.960,-4.0028,8.4029,4.0043
40.970,-4.0028,8.4029,4.0043
40.977,-4.0028,8.4029,4.0043
40.985,-4.0028,8.4002,4.0043
40.994,-4.0028,8.4002,4.0043
41.003,-4.0028,8.3975,4.0043
41.013,-4.0028,8.3975,4.0043
41.020,-4.0028,8.3949,4.0043
41.031,-4.0028,8.3949,4.0043
41.039,-4.0028,8.3922,4.0043
41.048,-4.0028,8.3922,4.0043
41.056,-4.0028,8.3922,4.0043
41.065,-4.0028,8.3895,4.0043
41.075,-4.0028,8.3895,4.0043
41.084,-4.0028,8.3869,4.0043
41.092,-4.0028,8.3869,4.0043
41.100,-4.0028,8.3842,4.0043
41.110,-4.0028,8.3842,4.0043
41.118,-4.0028,8.3842,4.0043
41.127,-4.0028,8.3815,4.0043
41.137,-4.0028,8.3815,4.0043
41.145,-4.0028,8.3789,4.0043
41.154,-4.0028,8.3789,4.0043
41.161,-4.0028,8.3762,4.0043
41.171,-4.0028,8.3762,4.0043
41.179,-4.0028,8.3735,4.0043
41.189,-4.0028,8.3735,4.0043
41.196,-4.0028,8.3735,4.0043
41.206,-4.0028,8.3709,4.0043
41.217,-4.0028,8.3709,4.0043
41.223,-4.0028,8.3682,4.0043
41.234,-4.0028,8.3682,4.0043
41.241,-4.0028,8.3655,4.0043
41.252,-4.0028,8.3655,4.0043
41.259,-4.0028,8.3629,4.0043
41.270,-4.0028,8.3629,4.0043
41.277,-4.0028,8.3629,4.0043
41.284,-4.0028,8.3602,4.0043
41.293,-4.0028,8.3602,4.0043
41.301,-4.0028,8.3575,4.0043
41.311,-4.0028,8.3575,4.0043
41.319,-4.0028,8.3549,4.0043
41.329,-4.0028,8.3549,4.0043
41.338,-4.0028,8.3549,4.0043
41.347,-4.0028,8.3522,4.0043
41.364,-4.0028,8.3495,4.0043
41.385,-4.0028,8.3469,4.0043
41.406,-4.0028,8.3442,4.0043
41.418,-4.0028,8.3442,4.0043
41.430,-4.0028,8.3415,4.0043
41.441,-4.0028,8.3389,4.0043
41.453,-4.0028,8.3389,4.0043
41.463,-4.0028,8.3362,4.0043
41.478,-4.0028,8.3362,4.0043
41.490,-4.0028,8.3335,4.0043
41.505,-4.0028,8.3309,4.0043
41.519,-4.0028,8.3282,4.0043
41.534,-4.0028,8.3282,4.0043
41.548,-4.0028,8.3255,4.0043
41.561,-4.0028,8.3229,4.0043
41.573,-4.0028,8.3229,4.0043
41.591,-4.0028,8.3202,4.0043
41.610,-4.0028,8.3175,4.0043
41.622,-4.0028,8.3149,4.0043
41.635,-4.0028,8.3149,4.0043
41.646,-4.0028,8.3122,4.0043
41.659,-4.0028,8.3095,4.0043
41.674,-4.0028,8.3095,4.0043
41.685,-4.0028,8.3069,4.0043
41.698,-4.0028,8.3069,4.0043
41.710,-4.0028,8.3042,4.0043
41.723,-4.0028,8.3015,4.0043
41.736,-4.0028,8.3015,4.0043
41.747,-4.0028,8.2989,4.0043
41.761,-4.0028,8.2962,4.0043
41.774,-4.0028,8.2962,4.0043
41.785,-4.0028,8.2935,4.0043
41.798,-4.0028,8.2935,4.0043
41.810,-4.0028,8.2909,4.0043
41.823,-4.0028,8.2882,4.0043
41.836,-4.0028,8.2882,4.0043
41.846,-4.0028,8.2855,4.0043
41.858,-4.0028,8.2855,4.0043
41.869,-4.0028,8.2829,4.0043
41.883,-4.0028,8.2802,4.0043
41.895,-4.0028,8.2802,4.0043
41.907,-4.0028,8.2775,4.0043
41.920,-4.0028,8.2749,4.0043
41.932,-4.0028,8.2749,4.0043
41.942,-4.0028,8.2722,4.0043
41.953,-4.0028,8.2722,4.0043
41.963,-4.0028,8.2695,4.0043
41.977,-4.0028,8.2695,4.0043
41.986,-4.0028,8.2669,4.0043
41.999,-4.0028,8.2642,4.0043
42.011,-4.0028,8.2642,4.0043
42.022,-4.0028,8.2615,4.0043
42.036,-4.0028,8.2615,4.0043
42.046,-4.0028,8.2589,4.0043
42.058,-4.0028,8.2589,4.0043
42.071,-4.0028,8.2562,4.0043
42.085,-4.0028,8.2535,4.0043
42.099,-4.0028,8.2509,4.0043
42.111,-4.0028,8.2509,4.0043
42.123,-4.0028,8.2482,4.0043
42.135,-4.0028,8.2482,4.0043
42.145,-4.0028,8.2455,4.0043
42.158,-4.0028,8.2455,4.0043
42.169,-4.0028,8.2429,4.0043
42.183,-4.0028,8.2402,4.0043
42.196,-4.0028,8.2402,4.0043
42.208,-4.0028,8.2375,4.0043
42.221,-4.0028,8.2349,4.0043
42.233,-4.0028,8.2349,4.0043
42.245,-4.0028,8.2322,4.0043
42.258,-4.0028,8.2322,4.0043
42.270,-4.0028,8.2295,4.0043
42.284,-4.0028,8.2269,4.0043
42.296,-4.0028,8.2269,4.0043
42.308,-4.0028,8.2242,4.0043
42.321,-4.0028,8.2215,4.0043
42.335,-4.0028,8.2215,4.0043
42.346,-4.0028,8.2189,4.0043
42.357,-4.0028,8.2189,4.0043
42.369,-4.0028,8.2162,4.0043
42.381,-4.0028,8.2135,4.0043
42.393,-4.0028,8.2135,4.0043
42.403,-4.0028,8.2109,4.0043
42.413,-4.0028,8.2109,4.0043
42.423,-4.0028,8.2082,4.0043
42.435,-4.0028,8.2082,4.0043
42.445,-4.0028,8.2055,4.0043
42.457,-4.0028,8.2055,4.0043
42.466,-4.0028,8.2029,4.0043
42.478,-4.0028,8.2029,4.0043
42.488,-4.0028,8.2002,4.0043
42.499,-4.0028,8.1975,4.0043
42.509,-4.0028,8.1975,4.0043
42.520,-4.0028,8.1949,4.0043
42.530,-4.0028,8.1949,4.0043
42.540,-4.0028,8.1922,4.0043
42.551,-4.0028,8.1922,4.0043
42.559,-4.0028,8.1895,4.0043
42.571,-4.0028,8.1895,4.0043
42.579,-4.0028,8.1869,4.0043
42.591,-4.0028,8.1869,4.0043
42.601,-4.0028,8.1842,4.0043
42.612,-4.0028,8.1842,4.0043
42.621,-4.0028,8.1815,4.0043
42.632,-4.0028,8.1815,4.0043
42.642,-4.0028,8.1789,4.0043
42.652,-4.0028,8.1789,4.0043
42.662,-4.0028,8.1762,4.0043
42.673,-4.0028,8.1762,4.0043
42.685,-4.0028,8.1735,4.0043
42.698,-4.0028,8.1709,4.0043
42.709,-4.0028,8.1709,4.0043
42.718,-4.0028,8.1709,4.0043
42.728,-4.0028,8.1682,4.0043
42.738,-4.0028,8.1655,4.0043
42.747,-4.0028,8.1655,4.0043
42.757,-4.0028,8.1655,4.0043
42.765,-4.0028,8.1629,4.0043
42.776,-4.0028,8.1629,4.0043
42.785,-4.0028,8.1602,4.0043
42.796,-4.0028,8.1602,4.0043
42.806,-4.0028,8.1575,4.0043
42.818,-4.0028,8.1575,4.0043
42.827,-4.0028,8.1549,4.0043
42.838,-4.0028,8.1549,4.0043
42.849,-4.0028,8.1549,4.0043
42.859,-4.0028,8.1549,4.0043
42.871,-4.0028,8.1549,4.0043
42.881,-4.0028,8.1549,4.0043
42.890,-4.0028,8.1549,4.0043
42.900,-4.0028,8.1549,4.0043
42.911,-4.0028,8.1549,4.0043
42.920,-4.0028,8.1549,4.0043
42.930,-4.0028,8.1549,4.0043
42.940,-4.0028,8.1549,4.0043
42.950,-4.0028,8.1549,4.0043
42.958,-4.0028,8.1549,4.0043
42.967,-4.0028,8.1549,4.0043
42.977,-4.0028,8.1549,4.0043
42.989,-4.0028,8.1549,4.0043
42.999,-4.0028,8.1549,4.0043
43.010,-4.0028,8.1549,4.0043
43.019,-4.0028,8.1549,4.0043
43.029,-4.0028,8.1549,4.0043
43.038,-4.0028,8.1549,4.0043
43.046,-4.0028,8.1549,4.0043
43.057,-4.0028,8.1549,4.0043
43.066,-4.0028,8.1549,4.0043
43.075,-4.0028,8.1549,4.0043
43.084,-4.0028,8.1549,4.0043
43.092,-4.0028,8.1549,4.0043
43.100,-4.0028,8.1549,4.0043
43.110,-4.0028,8.1549,4.0043
43.118,-4.0028,8.1549,4.0043
43.125,-4.0028,8.1549,4.0043
43.137,-4.0028,8.1549,4.0043
43.146,-4.0028,8.1549,4.0043
43.155,-4.0028,8.1549,4.0043
43.164,-4.0028,8.1549,4.0043
43.173,-4.0028,8.1549,4.0043
43.182,-4.0028,8.1549,4.0043
43.189,-4.0028,8.1549,4.0043
43.196,-4.0028,8.1549,4.0043
43.205,-4.0028,8.1549,4.0043
43.213,-4.0028,8.1549,4.0043
43.221,-4.0028,8.1549,4.0043
43.229,-4.0028,8.1549,4.0043
43.238,-4.0028,8.1549,4.0043
43.245,-4.0028,8.1549,4.0043
43.254,-4.0028,8.1549,4.0043
43.261,-4.0028,8.1549,4.0043
43.271,-4.0028,8.1549,4.0043
43.277,-4.0028,8.1549,4.0043
43.286,-4.0028,8.1549,4.0043
43.294,-4.0028,8.1549,4.0043
43.303,-4.0028,8.1549,4.0043
43.311,-4.0028,8.1549,4.0043
43.319,-4.0028,8.1549,4.0043
43.327,-4.0028,8.1549,4.0043
43.336,-4.0028,8.1549,4.0043
43.343,-4.0028,8.1549,4.0043
43.352,-4.0028,8.1549,4.0043
43.359,-4.0028,8.1549,4.0043
43.369,-4.0028,8.1549,4.0043
43.377,-4.0028,8.1549,4.0043
43.385,-4.0028,8.1549,4.0043
43.395,-4.0028,8.1549,4.0043
43.404,-4.0028,8.1539,4.0043
43.413,-4.0028,8.1539,4.0043
43.420,-4.0028,8.1530,4.0043
43.429,-4.0028,8.1530,4.0043
43.437,-4.0028,8.1530,4.0043
43.445,-4.0028,8.1527,4.0043
43.454,-4.0028,8.1527,4.0043
43.461,-4.0028,8.1524,4.0043
43.471,-4.0028,8.1524,4.0043
43.477,-4.0028,8.1524,4.0043
43.485,-4.0028,8.1522,4.0043
43.493,-4.0028,8.1522,4.0043
43.503,-4.0028,8.1521,4.0043
43.512,-4.0028,8.1521,4.0043
43.520,-4.0028,8.1520,4.0043
43.527,-4.0028,8.1520,4.0043
43.536,-4.0028,8.1520,4.0043
43.543,-4.0028,8.1520,4.0043
43.552,-4.0028,8.1520,4.0043
43.559,-4.0028,8.1520,4.0043
43.569,-4.0028,8.1520,4.0043
43.576,-4.0028,8.1520,4.0043
43.584,-4.0028,8.1520,4.0043
43.592,-4.0028,8.1520,4.0043
43.601,-4.0028,8.1520,4.0043
43.610,-4.0028,8.1520,4.0043
43.618,-4.0028,8.1520,4.0043
43.626,-4.0028,8.1520,4.0043
43.635,-4.0028,8.1520,4.0043
43.642,-4.0028,8.1520,4.0043
43.650,-4.0028,8.1520,4.0043
43.657,-4.0028,8.1520,4.0043
43.664,-4.0028,8.1520,4.0043
43.673,-4.0028,8.1520,4.0043
43.679,-4.0028,8.1520,4.0043
43.689,-4.0028,8.1520,4.0043
43.697,-4.0028,8.1520,4.0043
43.705,-4.0028,8.1520,4.0043
43.714,-4.0028,8.1520,4.0043
43.722,-4.0028,8.1520,4.0043
43.730,-4.0028,8.1520,4.0043
43.738,-4.0028,8.1520,4.0043
43.745,-4.0028,8.1520,4.0043
43.753,-4.0028,8.1520,4.0043
43.761,-4.0028,8.1520,4.0043
43.771,-4.0028,8.1520,4.0043
43.779,-4.0028,8.1520,4.0043
43.787,-4.0028,8.1520,4.0043
43.794,-4.0028,8.1520,4.0043
43.802,-4.0028,8.1520,4.0043
43.810,-4.0028,8.1520,4.0043
43.818,-4.0028,8.1520,4.0043
43.825,-4.0028,8.1520,4.0043
43.834,-4.0028,8.1520,4.0043
43.841,-4.0028,8.1520,4.0043
43.850,-4.0028,8.1520,4.0043
43.858,-4.0028,8.1520,4.0043
43.866,-4.0028,8.1520,4.0043
43.874,-4.0028,8.1520,4.0043
43.882,-4.0028,8.1520,4.0043
43.889,-4.0028,8.1520,4.0043
43.897,-4.0028,8.1520,4.0043
43.906,-4.0028,8.1520,4.0043
43.913,-4.0028,8.1520,4.0043
43.921,-4.0028,8.1520,4.0043
43.929,-4.0028,8.1520,4.0043
43.938,-4.0028,8.1520,4.0043
43.945,-4.0028,8.1520,4.0043
43.953,-4.0028,8.1520,4.0043
43.961,-4.0028,8.1520,4.0043
43.972,-4.0028,8.1520,4.0043
43.979,-4.0028,8.1520,4.0043
43.989,-4.0028,8.1520,4.0043
43.996,-4.0028,8.1520,4.0043
44.006,-4.0028,8.1520,4.0043
44.015,-4.0028,8.1520,4.0043
44.023,-4.0028,8.1520,4.0043
44.031,-4.0028,8.1520,4.0043
44.049,-4.0028,8.1520,4.0043
44.057,-4.0028,8.1520,4.0043
44.066,-4.0028,8.1520,4.0043
44.074,-4.0028,8.1520,4.0043
44.084,-4.0028,8.1520,4.0043
44.092,-4.0028,8.1520,4.0043
44.103,-4.0028,8.1520,4.0043
44.111,-4.0028,8.1520,4.0043
44.120,-4.0028,8.1520,4.0043
44.129,-4.0028,8.1520,4.0043
44.139,-4.0028,8.1520,4.0043
44.150,-4.0028,8.1520,4.0043
44.158,-4.0028,8.1520,4.0043
44.169,-4.0028,8.1520,4.0043
44.178,-4.0028,8.1520,4.0043
44.186,-4.0028,8.1520,4.0043
44.196,-4.0028,8.1520,4.0043
44.205,-4.0028,8.1520,4.0043
44.214,-4.0028,8.1520,4.0043
44.223,-4.0028,8.1520,4.0043
44.232,-4.0028,8.1520,4.0043
44.241,-4.0028,8.1520,4.0043
44.250,-4.0028,8.1520,4.0043
44.259,-4.0028,8.1520,4.0043
44.269,-4.0028,8.1520,4.0043
44.278,-4.0028,8.1520,4.0043
44.287,-4.0028,8.1520,4.0043
44.295,-4.0028,8.1520,4.0043
44.305,-4.0028,8.1520,4.0043
44.314,-4.0028,8.1520,4.0043
44.324,-4.0028,8.1520,4.0043
44.334,-4.0028,8.1520,4.0043
44.342,-4.0028,8.1520,4.0043
44.351,-4.0028,8.1520,4.0043
44.359,-4.0028,8.1520,4.0043
44.367,-4.0028,8.1520,4.0043
44.374,-4.0028,8.1520,4.0043
44.382,-4.0028,8.1520,4.0043
44.389,-4.0028,8.1520,4.0043
44.396,-4.0028,8.1520,4.0043
44.404,-4.0028,8.1520,4.0043
44.412,-4.0028,8.1520,4.0043
44.421,-4.0028,8.1520,4.0043
44.429,-4.0028,8.1520,4.0043
44.437,-4.0028,8.1520,4.0043
44.445,-4.0028,8.1520,4.0043
44.453,-4.0028,8.1520,4.0043
44.461,-4.0028,8.1520,4.0043
44.471,-4.0028,8.1520,4.0043
44.479,-4.0028,8.1520,4.0043
44.488,-4.0028,8.1520,4.0043
44.494,-4.0028,8.1520,4.0043
44.502,-4.0028,8.1520,4.0043
44.510,-4.0028,8.1520,4.0043
44.518,-4.0028,8.1520,4.0043
44.525,-4.0028,8.1520,4.0043
44.534,-4.0028,8.1520,4.0043
44.542,-4.0028,8.1520,4.0043
44.551,-4.0028,8.1520,4.0043
44.558,-4.0028,8.1520,4.0043
44.566,-4.0028,8.1520,4.0043
44.575,-4.0028,8.1520,4.0043
44.583,-4.0028,8.1520,4.0043
44.592,-4.0028,8.1520,4.0043
44.601,-4.0028,8.1520,4.0043
44.610,-4.0028,8.1520,4.0043
44.618,-4.0028,8.1520,4.0043
44.627,-4.0028,8.1520,4.0043
44.635,-4.0028,8.1520,4.0043
44.643,-4.0028,8.1520,4.0043
44.651,-4.0028,8.1520,4.0043
44.659,-4.0028,8.1520,4.0043
44.668,-4.0028,8.1520,4.0043
44.676,-4.0028,8.1520,4.0043
44.684,-4.0028,8.1520,4.0043
44.692,-4.0028,8.1520,4.0043
44.702,-4.0028,8.1520,4.0043
44.712,-4.0028,8.1520,4.0043
44.720,-4.0028,8.1520,4.0043
44.729,-4.0028,8.1520,4.0043
44.739,-4.0028,8.1520,4.0043
44.747,-4.0028,8.1520,4.0043
44.755,-4.0028,8.1520,4.0043
44.762,-4.0028,8.1520,4.0043
44.771,-4.0028,8.1520,4.0043
44.778,-4.0028,8.1520,4.0043
44.788,-4.0028,8.1520,4.0043
44.795,-4.0028,8.1520,4.0043
44.804,-4.0028,8.1520,4.0043
44.813,-4.0028,8.1520,4.0043
44.821,-4.0028,8.1520,4.0043
44.829,-4.0028,8.1520,4.0043
44.838,-4.0028,8.1520,4.0043
44.846,-4.0028,8.1520,4.0043
44.854,-4.0028,8.1520,4.0043
44.862,-4.0028,8.1520,4.0043
44.871,-4.0028,8.1520,4.0043
44.879,-4.0028,8.1520,4.0043
44.887,-4.0028,8.1520,4.0043
44.896,-4.0028,8.1520,4.0043
44.906,-4.0028,8.1520,4.0043
44.915,-4.0028,8.1520,4.0043
44.923,-4.0028,8.1520,4.0043
44.932,-4.0028,8.1520,4.0043
44.940,-4.0028,8.1520,4.0043
44.948,-4.0028,8.1520,4.0043
44.956,-4.0028,8.1520,4.0043
44.964,-4.0028,8.1520,4.0043
44.972,-4.0028,8.1520,4.0043
44.980,-4.0028,8.1520,4.0043
44.989,-4.0028,8.1520,4.0043
44.996,-4.0028,8.1520,4.0043
45.005,-4.0028,8.1520,4.0043
45.013,-4.0028,8.1520,4.0043
45.022,-4.0028,8.1520,4.0043
45.030,-4.0028,8.1520,4.0043
45.038,-4.0028,8.1520,4.0043
45.048,-4.0028,8.1520,4.0043
45.057,-4.0028,8.1520,4.0043
45.065,-4.0028,8.1520,4.0043
45.074,-4.0028,8.1520,4.0043
45.083,-4.0028,8.1520,4.0043
45.093,-4.0028,8.1520,4.0043
45.100,-4.0028,8.1520,4.0043
45.109,-4.0028,8.1520,4.0043
45.117,-4.0028,8.1520,4.0043
45.125,-4.0028,8.1520,4.0043
45.134,-4.0028,8.1520,4.0043
45.142,-4.0028,8.1520,4.0043
45.150,-4.0028,8.1520,4.0043
45.158,-4.0028,8.1520,4.0043
45.166,-4.0028,8.1520,4.0043
45.175,-4.0028,8.1520,4.0043
45.183,-4.0028,8.1520,4.0043
45.192,-4.0028,8.1520,4.0043
45.202,-4.0028,8.1520,4.0043
45.211,-4.0028,8.1520,4.0043
45.221,-4.0028,8.1520,4.0043
45.230,-4.0028,8.1520,4.0043
45.239,-4.0028,8.1520,4.0043
45.249,-4.0028,8.1520,4.0043
45.258,-4.0028,8.1520,4.0043
45.267,-4.0028,8.1520,4.0043
45.275,-4.0028,8.1520,4.0043
45.285,-4.0028,8.1520,4.0043
45.293,-4.0028,8.1520,4.0043
45.302,-4.0028,8.1520,4.0043
45.310,-4.0028,8.1520,4.0043
45.319,-4.0028,8.1520,4.0043
45.329,-4.0028,8.1520,4.0043
45.339,-4.0028,8.1520,4.0043
45.349,-4.0028,8.1520,4.0043
45.358,-4.0028,8.1520,4.0043
45.367,-4.0028,8.1520,4.0043
45.377,-4.0028,8.1520,4.0043
45.386,-4.0028,8.1520,4.0043
45.395,-4.0028,8.1520,4.0043
45.405,-4.0028,8.1520,4.0043
45.416,-4.0028,8.1520,4.0043
45.426,-4.0028,8.1520,4.0043
45.436,-4.0028,8.1520,4.0043
45.445,-4.0028,8.1520,4.0043
45.454,-4.0028,8.1520,4.0043
45.463,-4.0028,8.1520,4.0043
45.474,-4.0028,8.1520,4.0043
45.482,-4.0028,8.1520,4.0043
45.491,-4.0028,8.1520,4.0043
45.500,-4.0028,8.1520,4.0043
45.510,-4.0028,8.1520,4.0043
45.519,-4.0028,8.1520,4.0043
45.529,-4.0028,8.1520,4.0043
45.538,-4.0028,8.1520,4.0043
45.546,-4.0028,8.1520,4.0043
45.555,-4.0028,8.1520,4.0043
45.564,-4.0028,8.1520,4.0043
45.574,-4.0028,8.1520,4.0043
45.583,-4.0028,8.1520,4.0043
45.591,-4.0028,8.1520,4.0043
45.601,-4.0028,8.1520,4.0043
45.608,-4.0028,8.1520,4.0043
45.618,-4.0028,8.1520,4.0043
45.626,-4.0028,8.1520,4.0043
45.635,-4.0028,8.1520,4.0043
45.643,-4.0028,8.1520,4.0043
45.652,-4.0028,8.1520,4.0043
45.659,-4.0028,8.1520,4.0043
45.669,-4.0028,8.1520,4.0043
45.677,-4.0028,8.1520,4.0043
45.685,-4.0028,8.1520,4.0043
45.693,-4.0028,8.1520,4.0043
45.703,-4.0028,8.1520,4.0043
45.712,-4.0028,8.1520,4.0043
45.719,-4.0028,8.1520,4.0043
45.728,-4.0028,8.1520,4.0043
45.736,-4.0028,8.1520,4.0043
45.744,-4.0028,8.1520,4.0043
45.753,-4.0028,8.1520,4.0043
45.761,-4.0028,8.1520,4.0043
45.770,-4.0028,8.1520,4.0043
45.778,-4.0028,8.1520,4.0043
45.787,-4.0028,8.1520,4.0043
45.795,-4.0028,8.1520,4.0043
45.803,-4.0028,8.1520,4.0043
45.812,-4.0028,8.1520,4.0043
45.819,-4.0028,8.1520,4.0043
45.827,-4.0028,8.1520,4.0043
45.835,-4.0028,8.1520,4.0043
45.843,-4.0028,8.1520,4.0043
45.853,-4.0028,8.1520,4.0043
45.861,-4.0028,8.1520,4.0043
45.870,-4.0028,8.1520,4.0043
45.877,-4.0028,8.1520,4.0043
45.886,-4.0028,8.1520,4.0043
45.895,-4.0028,8.1520,4.0043
45.904,-4.0028,8.1520,4.0043
45.912,-4.0028,8.1520,4.0043
45.921,-4.0028,8.1520,4.0043
45.930,-4.0028,8.1520,4.0043
45.939,-4.0028,8.1520,4.0043
45.946,-4.0028,8.1520,4.0043
45.954,-4.0028,8.1520,4.0043
45.961,-4.0028,8.1520,4.0043
45.971,-4.0028,8.1520,4.0043
45.978,-4.0028,8.1520,4.0043
45.986,-4.0028,8.1520,4.0043
45.994,-4.0028,8.1520,4.0043
46.003,-4.0028,8.1520,4.0043
46.011,-4.0028,8.1520,4.0043
46.019,-4.0028,8.1520,4.0043
46.027,-4.0028,8.1520,4.0043
46.035,-4.0028,8.1520,4.0043
46.043,-4.0028,8.1520,4.0043
46.051,-4.0028,8.1520,4.0043
46.059,-4.0028,8.1520,4.0043
46.068,-4.0028,8.1520,4.0043
46.076,-4.0028,8.1520,4.0043
46.083,-4.0028,8.1520,4.0043
46.091,-4.0028,8.1520,4.0043
46.099,-4.0028,8.1520,4.0043
46.108,-4.0028,8.1520,4.0043
46.116,-4.0028,8.1520,4.0043
46.124,-4.0028,8.1520,4.0043
46.133,-4.0028,8.1520,4.0043
46.141,-4.0028,8.1520,4.0043
46.150,-4.0028,8.1520,4.0043
46.157,-4.0028,8.1520,4.0043
46.165,-4.0028,8.1520,4.0043
46.173,-4.0028,8.1520,4.0043
46.180,-4.0028,8.1520,4.0043
46.189,-4.0028,8.1520,4.0043
46.206,-4.0028,8.1520,4.0043
46.215,-4.0028,8.1520,4.0043
46.223,-4.0028,8.1520,4.0043
46.232,-4.0028,8.1520,4.0043
46.240,-4.0028,8.1520,4.0043
46.250,-4.0028,8.1520,4.0043
46.258,-4.0028,8.1520,4.0043
46.267,-4.0028,8.1520,4.0043
46.275,-4.0028,8.1520,4.0043
46.284,-4.0028,8.1520,4.0043
46.293,-4.0028,8.1520,4.0043
46.302,-4.0028,8.1520,4.0043
46.311,-4.0028,8.1520,4.0043
46.319,-4.0028,8.1520,4.0043
46.327,-4.0028,8.1520,4.0043
46.337,-4.0028,8.1520,4.0043
46.345,-4.0028,8.1520,4.0043
46.355,-4.0028,8.1520,4.0043
46.362,-4.0028,8.1520,4.0043
46.372,-4.0028,8.1520,4.0043
46.380,-4.0028,8.1520,4.0043
46.389,-4.0028,8.1520,4.0043
46.398,-4.0028,8.1520,4.0043
46.407,-4.0028,8.1520,4.0043
46.416,-4.0028,8.1520,4.0043
46.425,-4.0028,8.1520,4.0043
46.442,-4.0028,8.1520,4.0043
46.455,-4.0028,8.1520,4.0043
46.465,-4.0028,8.1520,4.0043
46.476,-4.0028,8.1520,4.0043
46.485,-4.0028,8.1520,4.0043
46.495,-4.0028,8.1520,4.0043
46.506,-4.0028,8.1520,4.0043
46.517,-4.0028,8.1520,4.0043
46.526,-4.0028,8.1520,4.0043
46.537,-4.0028,8.1520,4.0043
46.545,-4.0028,8.1520,4.0043
46.556,-4.0028,8.1520,4.0043
46.565,-4.0028,8.1520,4.0043
46.575,-4.0028,8.1520,4.0043
46.583,-4.0028,8.1520,4.0043
46.592,-4.0028,8.1520,4.0043
46.600,-4.0028,8.1520,4.0043
46.612,-4.0028,8.1520,4.0043
46.621,-4.0028,8.1520,4.0043
46.631,-4.0028,8.1520,4.0043
46.640,-4.0028,8.1520,4.0043
46.650,-4.0028,8.1520,4.0043
46.659,-4.0028,8.1520,4.0043
46.670,-4.0028,8.1520,4.0043
46.680,-4.0028,8.1520,4.0043
46.690,-4.0028,8.1520,4.0043
46.700,-4.0028,8.1520,4.0043
46.711,-4.0028,8.1520,4.0043
46.722,-4.0028,8.1520,4.0043
46.733,-4.0028,8.1520,4.0043
46.743,-4.0028,8.1520,4.0043
46.753,-4.0028,8.1520,4.0043
46.761,-4.0028,8.1520,4.0043
46.771,-4.0028,8.1520,4.0043
46.780,-4.0028,8.1520,4.0043
46.791,-4.0028,8.1520,4.0043
46.801,-4.0028,8.1520,4.0043
46.811,-4.0028,8.1520,4.0043
46.819,-4.0028,8.1520,4.0043
46.829,-4.0028,8.1520,4.0043
46.839,-4.0028,8.1520,4.0043
46.847,-4.0028,8.1520,4.0043
46.857,-4.0028,8.1520,4.0043
46.867,-4.0028,8.1520,4.0043
46.876,-4.0028,8.1520,4.0043
46.886,-4.0028,8.1520,4.0043
46.896,-4.0028,8.1520,4.0043
46.906,-4.0028,8.1520,4.0043
46.915,-4.0028,8.1520,4.0043
46.924,-4.0028,8.1520,4.0043
46.934,-4.0028,8.1520,4.0043
46.942,-4.0028,8.1520,4.0043
46.953,-4.0028,8.1520,4.0043
46.960,-4.0028,8.1520,4.0043
46.969,-4.0028,8.1520,4.0043
46.977,-4.0028,8.1520,4.0043
46.986,-4.0028,8.1520,4.0043
46.994,-4.0028,8.1520,4.0043
47.004,-4.0028,8.1520,4.0043
47.013,-4.0028,8.1520,4.0043
47.022,-4.0028,8.1520,4.0043
47.032,-4.0028,8.1520,4.0043
47.041,-4.0028,8.1520,4.0043
47.051,-4.0028,8.1520,4.0043
47.059,-4.0028,8.1520,4.0043
47.070,-4.0028,8.1520,4.0043
47.079,-4.0028,8.1520,4.0043
47.088,-4.0028,8.1520,4.0043
47.097,-4.0028,8.1520,4.0043
47.106,-4.0028,8.1520,4.0043
47.115,-4.0028,8.1520,4.0043
47.123,-4.0028,8.1520,4.0043
47.133,-4.0028,8.1520,4.0043
47.143,-4.0028,8.1520,4.0043
47.152,-4.0028,8.1520,4.0043
47.160,-4.0028,8.1520,4.0043
47.169,-4.0028,8.1520,4.0043
47.177,-4.0028,8.1520,4.0043
47.184,-4.0028,8.1520,4.0043
47.192,-4.0028,8.1520,4.0043
47.201,-4.0028,8.1520,4.0043
47.209,-4.0028,8.1520,4.0043
47.217,-4.0028,8.1520,4.0043
47.224,-4.0028,8.1520,4.0043
47.233,-4.0028,8.1520,4.0043
47.240,-4.0028,8.1520,4.0043
47.250,-4.0028,8.1520,4.0043
47.258,-4.0028,8.1520,4.0043
47.266,-4.0028,8.1520,4.0043
47.274,-4.0028,8.1520,4.0043
47.283,-4.0028,8.1520,4.0043
47.292,-4.0028,8.1520,4.0043
47.300,-4.0028,8.1520,4.0043
47.307,-4.0028,8.1520,4.0043
47.315,-4.0028,8.1520,4.0043
47.325,-4.0028,8.1520,4.0043
47.333,-4.0028,8.1520,4.0043
47.342,-4.0028,8.1520,4.0043
47.351,-4.0028,8.1520,4.0043
47.359,-4.0028,8.1520,4.0043
47.368,-4.0028,8.1520,4.0043
47.376,-4.0028,8.1520,4.0043
47.384,-4.0028,8.1520,4.0043
47.392,-4.0028,8.1520,4.0043
47.400,-4.0028,8.1520,4.0043
47.410,-4.0028,8.1520,4.0043
47.418,-4.0028,8.1520,4.0043
47.425,-4.0028,8.1520,4.0043
47.434,-4.0028,8.1520,4.0043
47.442,-4.0028,8.1520,4.0043
47.450,-4.0028,8.1520,4.0043
47.459,-4.0028,8.1520,4.0043
47.468,-4.0028,8.1520,4.0043
47.476,-4.0028,8.1520,4.0043
47.484,-4.0028,8.1520,4.0043
47.493,-4.0028,8.1520,4.0043
47.501,-4.0028,8.1520,4.0043
47.508,-4.0028,8.1520,4.0043
47.517,-4.0028,8.1520,4.0043
47.525,-4.0028,8.1520,4.0043
47.533,-4.0028,8.1520,4.0043
47.540,-4.0028,8.1520,4.0043
47.550,-4.0028,8.1520,4.0043
47.557,-4.0028,8.1520,4.0043
47.566,-4.0028,8.1520,4.0043
47.573,-4.0028,8.1520,4.0043
47.582,-4.0028,8.1520,4.0043
47.592,-4.0028,8.1520,4.0043
47.600,-4.0028,8.1520,4.0043
47.608,-4.0028,8.1520,4.0043
47.615,-4.0028,8.1520,4.0043
47.623,-4.0028,8.1520,4.0043
47.631,-4.0028,8.1520,4.0043
47.640,-4.0028,8.1520,4.0043
47.649,-4.0028,8.1520,4.0043
47.657,-4.0028,8.1520,4.0043
47.665,-4.0028,8.1520,4.0043
47.674,-4.0028,8.1520,4.0043
47.683,-4.0028,8.1520,4.0043
47.691,-4.0028,8.1520,4.0043
47.700,-4.0028,8.1520,4.0043
47.709,-4.0028,8.1520,4.0043
47.718,-4.0028,8.1520,4.0043
47.725,-4.0028,8.1520,4.0043
47.734,-4.0028,8.1520,4.0043
47.743,-4.0028,8.1520,4.0043
47.752,-4.0028,8.1520,4.0043
47.759,-4.0028,8.1520,4.0043
47.769,-4.0028,8.1520,4.0043
47.777,-4.0028,8.1520,4.0043
47.785,-4.0028,8.1520,4.0043
47.794,-4.0028,8.1520,4.0043
47.804,-4.0028,8.1520,4.0043
47.812,-4.0028,8.1520,4.0043
47.821,-4.0028,8.1520,4.0043
47.829,-4.0028,8.1520,4.0043
47.838,-4.0028,8.1520,4.0043
47.847,-4.0028,8.1520,4.0043
47.856,-4.0028,8.1520,4.0043
47.866,-4.0028,8.1520,4.0043
47.875,-4.0028,8.1520,4.0043
47.884,-4.0028,8.1520,4.0043
47.895,-4.0028,8.1520,4.0043
47.906,-4.0028,8.1520,4.0043
47.915,-4.0028,8.1520,4.0043
47.925,-4.0028,8.1520,4.0043
47.934,-4.0028,8.1520,4.0043
47.945,-4.0028,8.1520,4.0043
47.955,-4.0028,8.1520,4.0043
47.964,-4.0028,8.1520,4.0043
47.975,-4.0028,8.1520,4.0043
47.985,-4.0028,8.1520,4.0043
47.993,-4.0028,8.1520,4.0043
48.004,-4.0028,8.1520,4.0043
48.013,-4.0028,8.1520,4.0043
48.023,-4.0028,8.1520,4.0043
48.031,-4.0028,8.1520,4.0043
48.040,-4.0028,8.1520,4.0043
48.049,-4.0028,8.1520,4.0043
48.057,-4.0028,8.1520,4.0043
48.066,-4.0028,8.1520,4.0043
48.074,-4.0028,8.1520,4.0043
48.083,-4.0028,8.1520,4.0043
48.091,-4.0028,8.1520,4.0043
48.101,-4.0028,8.1520,4.0043
48.110,-4.0028,8.1520,4.0043
48.118,-4.0028,8.1520,4.0043
48.126,-4.0028,8.1520,4.0043
48.136,-4.0028,8.1520,4.0043
48.145,-4.0028,8.1520,4.0043
48.154,-4.0028,8.1520,4.0043
48.163,-4.0028,8.1520,4.0043
48.172,-4.0028,8.1520,4.0043
48.180,-4.0028,8.1520,4.0043
48.189,-4.0028,8.1520,4.0043
48.197,-4.0028,8.1520,4.0043
48.205,-4.0028,8.1520,4.0043
48.213,-4.0028,8.1520,4.0043
48.221,-4.0028,8.1520,4.0043
48.229,-4.0028,8.1520,4.0043
48.238,-4.0028,8.1520,4.0043
48.246,-4.0028,8.1520,4.0043
48.256,-4.0028,8.1520,4.0043
48.263,-4.0028,8.1520,4.0043
48.272,-4.0028,8.1520,4.0043
48.279,-4.0028,8.1520,4.0043
48.296,-4.0028,8.1520,4.0043
48.305,-4.0028,8.1520,4.0043
48.313,-4.0028,8.1520,4.0043
48.321,-4.0028,8.1520,4.0043
48.330,-4.0028,8.1520,4.0043
48.338,-4.0028,8.1520,4.0043
48.346,-4.0028,8.1521,4.0043
48.358,-4.0028,8.1521,4.0043
48.366,-4.0028,8.1521,4.0043
48.377,-4.0028,8.1521,4.0043
48.385,-4.0028,8.1522,4.0043
48.395,-4.0028,8.1522,4.0043
48.405,-4.0028,8.1522,4.0043
48.415,-4.0028,8.1522,4.0043
48.423,-4.0028,8.1523,4.0043
48.433,-4.0028,8.1523,4.0043
48.442,-4.0028,8.1524,4.0043
48.452,-4.0028,8.1524,4.0043
48.460,-4.0028,8.1526,4.0043
48.471,-4.0028,8.1526,4.0043
48.478,-4.0028,8.1526,4.0043
48.486,-4.0028,8.1528,4.0043
48.495,-4.0028,8.1528,4.0043
48.504,-4.0028,8.1531,4.0043
48.514,-4.0028,8.1531,4.0043
48.521,-4.0028,8.1534,4.0043
48.531,-4.0028,8.1534,4.0043
48.539,-4.0028,8.1537,4.0043
48.549,-4.0028,8.1537,4.0043
48.557,-4.0028,8.1537,4.0043
48.565,-4.0028,8.1541,4.0043
48.576,-4.0028,8.1541,4.0043
48.583,-4.0028,8.1544,4.0043
48.594,-4.0028,8.1544,4.0043
48.602,-4.0028,8.1552,4.0043
48.613,-4.0028,8.1552,4.0043
48.621,-4.0028,8.1560,4.0043
48.630,-4.0028,8.1560,4.0043
48.639,-4.0028,8.1568,4.0043
48.649,-4.0028,8.1568,4.0043
48.657,-4.0028,8.1568,4.0043
48.665,-4.0028,8.1576,4.0043
48.677,-4.0028,8.1576,4.0043
48.685,-4.0028,8.1585,4.0043
48.694,-4.0028,8.1585,4.0043
48.703,-4.0028,8.1593,4.0043
48.713,-4.0028,8.1593,4.0043
48.721,-4.0028,8.1602,4.0043
48.732,-4.0028,8.1602,4.0043
48.741,-4.0028,8.1611,4.0043
48.750,-4.0028,8.1611,4.0043
48.758,-4.0028,8.1611,4.0043
48.767,-4.0028,8.1620,4.0043
48.778,-4.0028,8.1620,4.0043
48.786,-4.0028,8.1629,4.0043
48.797,-4.0028,8.1629,4.0043
48.805,-4.0028,8.1638,4.0043
48.815,-4.0028,8.1638,4.0043
48.823,-4.0028,8.1647,4.0043
48.833,-4.0028,8.1647,4.0043
48.841,-4.0028,8.1656,4.0043
48.852,-4.0028,8.1656,4.0043
48.861,-4.0028,8.1665,4.0043
48.872,-4.0028,8.1665,4.0043
48.879,-4.0028,8.1675,4.0043
48.890,-4.0028,8.1675,4.0043
48.898,-4.0028,8.1675,4.0043
48.907,-4.0028,8.1684,4.0043
48.917,-4.0028,8.1684,4.0043
48.925,-4.0028,8.1694,4.0043
48.938,-4.0028,8.1694,4.0043
48.946,-4.0028,8.1703,4.0043
48.955,-4.0028,8.1703,4.0043
48.962,-4.0028,8.1713,4.0043
48.974,-4.0028,8.1713,4.0043
48.981,-4.0028,8.1723,4.0043
48.991,-4.0028,8.1723,4.0043
48.999,-4.0028,8.1733,4.0043
49.010,-4.0028,8.1733,4.0043
49.018,-4.0028,8.1733,4.0043
49.024,-4.0028,8.1742,4.0043
49.036,-4.0028,8.1742,4.0043
49.044,-4.0028,8.1752,4.0043
49.055,-4.0028,8.1752,4.0043
49.063,-4.0028,8.1762,4.0043
49.076,-4.0028,8.1762,4.0043
49.086,-4.0028,8.1772,4.0043
49.097,-4.0028,8.1772,4.0043
49.105,-4.0028,8.1783,4.0043
49.116,-4.0028,8.1783,4.0043
49.125,-4.0028,8.1793,4.0043
49.135,-4.0028,8.1793,4.0043
49.143,-4.0028,8.1803,4.0043
49.153,-4.0028,8.1803,4.0043
49.164,-4.0028,8.1813,4.0043
49.176,-4.0028,8.1813,4.0043
49.185,-4.0028,8.1834,4.0043
49.197,-4.0028,8.1834,4.0043
49.207,-4.0028,8.1855,4.0043
49.218,-4.0028,8.1855,4.0043
49.226,-4.0028,8.1876,4.0043
49.238,-4.0028,8.1876,4.0043
49.246,-4.0028,8.1897,4.0043
49.257,-4.0028,8.1897,4.0043
49.267,-4.0028,8.1918,4.0043
49.279,-4.0028,8.1938,4.0043
49.290,-4.0028,8.1938,4.0043
49.299,-4.0028,8.1959,4.0043
49.310,-4.0028,8.1959,4.0043
49.319,-4.0028,8.1980,4.0043
49.330,-4.0028,8.1980,4.0043
49.339,-4.0028,8.2002,4.0043
49.352,-4.0028,8.2002,4.0043
49.360,-4.0028,8.2023,4.0043
49.371,-4.0028,8.2023,4.0043
49.380,-4.0028,8.2044,4.0043
49.391,-4.0028,8.2044,4.0043
49.399,-4.0028,8.2065,4.0043
49.410,-4.0028,8.2065,4.0043
49.420,-4.0028,8.2087,4.0043
49.430,-4.0028,8.2087,4.0043
49.439,-4.0028,8.2109,4.0043
49.450,-4.0028,8.2109,4.0043
49.458,-4.0028,8.2109,4.0043
49.467,-4.0028,8.2130,4.0043
49.478,-4.0028,8.2130,4.0043
49.486,-4.0028,8.2152,4.0043
49.495,-4.0028,8.2152,4.0043
49.504,-4.0028,8.2174,4.0043
49.513,-4.0028,8.2174,4.0043
49.522,-4.0028,8.2197,4.0043
49.532,-4.0028,8.2197,4.0043
49.540,-4.0028,8.2219,4.0043
49.550,-4.0028,8.2219,4.0043
49.558,-4.0028,8.2219,4.0043
49.566,-4.0028,8.2241,4.0043
49.575,-4.0028,8.2241,4.0043
49.584,-4.0028,8.2264,4.0043
49.592,-4.0028,8.2264,4.0043
49.601,-4.0028,8.2286,4.0043
49.611,-4.0028,8.2286,4.0043
49.620,-4.0028,8.2309,4.0043
49.629,-4.0028,8.2309,4.0043
49.637,-4.0028,8.2309,4.0043
49.646,-4.0028,8.2331,4.0043
49.656,-4.0028,8.2331,4.0043
49.663,-4.0028,8.2354,4.0043
49.674,-4.0028,8.2354,4.0043
49.683,-4.0028,8.2377,4.0043
49.691,-4.0028,8.2377,4.0043
49.700,-4.0028,8.2400,4.0043
49.709,-4.0028,8.2400,4.0043
49.717,-4.0028,8.2400,4.0043
49.724,-4.0028,8.2423,4.0043
49.734,-4.0028,8.2423,4.0043
49.740,-4.0028,8.2446,4.0043
49.750,-4.0028,8.2446,4.0043
49.758,-4.0028,8.2446,4.0043
49.768,-4.0028,8.2468,4.0043
49.777,-4.0028,8.2468,4.0043
49.785,-4.0028,8.2491,4.0043
49.792,-4.0028,8.2491,4.0043
49.801,-4.0028,8.2514,4.0043
49.808,-4.0028,8.2514,4.0043
49.817,-4.0028,8.2514,4.0043
49.825,-4.0028,8.2537,4.0043
49.838,-4.0028,8.2537,4.0043
49.846,-4.0028,8.2560,4.0043
49.857,-4.0028,8.2560,4.0043
49.865,-4.0028,8.2583,4.0043
49.874,-4.0028,8.2583,4.0043
49.882,-4.0028,8.2606,4.0043
49.892,-4.0028,8.2606,4.0043
49.899,-4.0028,8.2629,4.0043
49.909,-4.0028,8.2629,4.0043
49.916,-4.0028,8.2629,4.0043
49.924,-4.0028,8.2652,4.0043
49.932,-4.0028,8.2652,4.0043
49.941,-4.0028,8.2674,4.0043
49.950,-4.0028,8.2674,4.0043
49.959,-4.0028,8.2697,4.0043
49.968,-4.0028,8.2697,4.0043
49.976,-4.0028,8.2697,4.0043
49.983,-4.0028,8.2720,4.0043
49.992,-4.0028,8.2720,4.0043
50.002,-4.0028,8.2743,4.0043
50.011,-4.0028,8.2743,4.0043
50.019,-4.0028,8.2766,4.0043
50.027,-4.0028,8.2766,4.0043
50.036,-4.0028,8.2766,4.0043
50.044,-4.0028,8.2789,4.0043
50.054,-4.0028,8.2789,4.0043
50.062,-4.0028,8.2812,4.0043
50.072,-4.0028,8.2812,4.0043
50.080,-4.0028,8.2835,4.0043
50.090,-4.0028,8.2835,4.0043
50.098,-4.0028,8.2835,4.0043
50.106,-4.0028,8.2857,4.0043
50.116,-4.0028,8.2857,4.0043
50.123,-4.0028,8.2880,4.0043
50.133,-4.0028,8.2880,4.0043
50.142,-4.0028,8.2903,4.0043
50.151,-4.0028,8.2903,4.0043
50.158,-4.0028,8.2926,4.0043
50.168,-4.0028,8.2926,4.0043
50.177,-4.0028,8.2926,4.0043
50.184,-4.0028,8.2949,4.0043
50.195,-4.0028,8.2949,4.0043
50.203,-4.0028,8.2972,4.0043
50.212,-4.0028,8.2972,4.0043
50.220,-4.0028,8.2995,4.0043
50.229,-4.0028,8.2995,4.0043
50.237,-4.0028,8.2995,4.0043
50.245,-4.0028,8.3018,4.0043
50.255,-4.0028,8.3018,4.0043
50.262,-4.0028,8.3041,4.0043
50.272,-4.0028,8.3041,4.0043
50.280,-4.0028,8.3064,4.0043
50.290,-4.0028,8.3064,4.0043
50.297,-4.0028,8.3064,4.0043
50.306,-4.0028,8.3087,4.0043
50.316,-4.0028,8.3087,4.0043
50.324,-4.0028,8.3110,4.0043
50.335,-4.0028,8.3110,4.0043
50.343,-4.0028,8.3132,4.0043
50.353,-4.0028,8.3132,4.0043
50.361,-4.0028,8.3155,4.0043
50.373,-4.0028,8.3155,4.0043
50.380,-4.0028,8.3178,4.0043
50.391,-4.0028,8.3178,4.0043
50.398,-4.0028,8.3201,4.0043
50.408,-4.0028,8.3201,4.0043
50.416,-4.0028,8.3201,4.0043
50.425,-4.0028,8.3224,4.0043
50.434,-4.0028,8.3224,4.0043
50.443,-4.0028,8.3247,4.0043
50.453,-4.0028,8.3247,4.0043
50.461,-4.0028,8.3270,4.0043
50.473,-4.0028,8.3270,4.0043
50.491,-4.0028,8.3293,4.0043
50.502,-4.0028,8.3316,4.0043
50.514,-4.0028,8.3316,4.0043
50.523,-4.0028,8.3339,4.0043
50.534,-4.0028,8.3339,4.0043
50.542,-4.0028,8.3362,4.0043
50.554,-4.0028,8.3362,4.0043
50.561,-4.0028,8.3385,4.0043
50.571,-4.0028,8.3385,4.0043
50.580,-4.0028,8.3408,4.0043
50.590,-4.0028,8.3408,4.0043
50.600,-4.0028,8.3431,4.0043
50.611,-4.0028,8.3431,4.0043
50.619,-4.0028,8.3454,4.0043
50.628,-4.0028,8.3454,4.0043
50.637,-4.0028,8.3454,4.0043
50.646,-4.0028,8.3477,4.0043
50.657,-4.0028,8.3477,4.0043
50.668,-4.0028,8.3500,4.0043
50.678,-4.0028,8.3500,4.0043
50.687,-4.0028,8.3523,4.0043
50.696,-4.0028,8.3523,4.0043
50.705,-4.0028,8.3546,4.0043
50.712,-4.0028,8.3546,4.0043
50.721,-4.0028,8.3569,4.0043
50.730,-4.0028,8.3569,4.0043
50.739,-4.0028,8.3592,4.0043
50.748,-4.0028,8.3592,4.0043
50.756,-4.0028,8.3592,4.0043
50.767,-4.0028,8.3615,4.0043
50.775,-4.0028,8.3615,4.0043
50.784,-4.0028,8.3638,4.0043
50.792,-4.0028,8.3638,4.0043
50.801,-4.0028,8.3661,4.0043
50.810,-4.0028,8.3661,4.0043
50.818,-4.0028,8.3661,4.0043
50.827,-4.0028,8.3685,4.0043
50.836,-4.0028,8.3685,4.0043
50.844,-4.0028,8.3708,4.0043
50.854,-4.0028,8.3708,4.0043
50.862,-4.0028,8.3731,4.0043
50.871,-4.0028,8.3731,4.0043
50.879,-4.0028,8.3754,4.0043
50.889,-4.0028,8.3754,4.0043
50.896,-4.0028,8.3754,4.0043
50.905,-4.0028,8.3778,4.0043
50.916,-4.0028,8.3778,4.0043
50.925,-4.0028,8.3801,4.0043
50.936,-4.0028,8.3801,4.0043
50.944,-4.0028,8.3824,4.0043
50.953,-4.0028,8.3824,4.0043
50.960,-4.0028,8.3848,4.0043
50.971,-4.0028,8.3848,4.0043
50.979,-4.0028,8.3871,4.0043
50.989,-4.0028,8.3871,4.0043
50.997,-4.0028,8.3871,4.0043
51.005,-4.0028,8.3894,4.0043
51.015,-4.0028,8.3894,4.0043
51.023,-4.0028,8.3918,4.0043
51.033,-4.0028,8.3918,4.0043
51.041,-4.0028,8.3941,4.0043
51.049,-4.0028,8.3941,4.0043
51.056,-4.0028,8.3941,4.0043
51.065,-4.0028,8.3964,4.0043
51.074,-4.0028,8.3964,4.0043
51.082,-4.0028,8.3988,4.0043
51.091,-4.0028,8.3988,4.0043
51.099,-4.0028,8.4011,4.0043
51.108,-4.0028,8.4011,4.0043
51.116,-4.0028,8.4011,4.0043
51.124,-4.0028,8.4035,4.0043
51.133,-4.0028,8.4035,4.0043
51.142,-4.0028,8.4058,4.0043
51.152,-4.0028,8.4058,4.0043
51.160,-4.0028,8.4082,4.0043
51.170,-4.0028,8.4082,4.0043
51.177,-4.0028,8.4082,4.0043
51.186,-4.0028,8.4105,4.0043
51.195,-4.0028,8.4105,4.0043
51.205,-4.0028,8.4129,4.0043
51.213,-4.0028,8.4129,4.0043
51.223,-4.0028,8.4153,4.0043
51.231,-4.0028,8.4153,4.0043
51.239,-4.0028,8.4177,4.0043
51.250,-4.0028,8.4177,4.0043
51.257,-4.0028,8.4177,4.0043
51.266,-4.0028,8.4201,4.0043
51.274,-4.0028,8.4201,4.0043
51.283,-4.0028,8.4225,4.0043
51.291,-4.0028,8.4225,4.0043
51.300,-4.0028,8.4249,4.0043
51.310,-4.0028,8.4249,4.0043
51.317,-4.0028,8.4249,4.0043
51.323,-4.0028,8.4273,4.0043
51.333,-4.0028,8.4273,4.0043
51.340,-4.0028,8.4296,4.0043
51.352,-4.0028,8.4296,4.0043
51.360,-4.0028,8.4320,4.0043
51.370,-4.0028,8.4320,4.0043
51.377,-4.0028,8.4320,4.0043
51.385,-4.0028,8.4344,4.0043
51.393,-4.0028,8.4344,4.0043
51.402,-4.0028,8.4368,4.0043
51.411,-4.0028,8.4368,4.0043
51.419,-4.0028,8.4392,4.0043
51.427,-4.0028,8.4392,4.0043
51.436,-4.0028,8.4392,4.0043
51.444,-4.0028,8.4416,4.0043
51.454,-4.0028,8.4416,4.0043
51.461,-4.0028,8.4440,4.0043
51.472,-4.0028,8.4440,4.0043
51.480,-4.0028,8.4464,4.0043
51.491,-4.0028,8.4464,4.0043
51.501,-4.0028,8.4488,4.0043
51.510,-4.0028,8.4488,4.0043
51.518,-4.0028,8.4488,4.0043
51.525,-4.0028,8.4512,4.0043
51.536,-4.0028,8.4512,4.0043
51.544,-4.0028,8.4536,4.0043
51.554,-4.0028,8.4536,4.0043
51.563,-4.0028,8.4560,4.0043
51.574,-4.0028,8.4560,4.0043
51.584,-4.0028,8.4584,4.0043
51.594,-4.0028,8.4584,4.0043
51.604,-4.0028,8.4608,4.0043
51.615,-4.0028,8.4608,4.0043
51.624,-4.0028,8.4632,4.0043
51.634,-4.0028,8.4632,4.0043
51.642,-4.0028,8.4656,4.0043
51.652,-4.0028,8.4656,4.0043
51.661,-4.0028,8.4680,4.0043
51.673,-4.0028,8.4680,4.0043
51.682,-4.0028,8.4704,4.0043
51.692,-4.0028,8.4704,4.0043
51.701,-4.0028,8.4728,4.0043
51.710,-4.0028,8.4728,4.0043
51.720,-4.0028,8.4752,4.0043
51.730,-4.0028,8.4752,4.0043
51.740,-4.0028,8.4775,4.0043
51.751,-4.0028,8.4775,4.0043
51.759,-4.0028,8.4800,4.0043
51.771,-4.0028,8.4800,4.0043
51.781,-4.0028,8.4824,4.0043
51.793,-4.0028,8.4824,4.0043
51.802,-4.0028,8.4848,4.0043
51.814,-4.0028,8.4848,4.0043
51.822,-4.0028,8.4872,4.0043
51.833,-4.0028,8.4872,4.0043
51.843,-4.0028,8.4896,4.0043
51.852,-4.0028,8.4896,4.0043
51.861,-4.0028,8.4920,4.0043
51.872,-4.0028,8.4920,4.0043
51.880,-4.0028,8.4944,4.0043
51.890,-4.0028,8.4944,4.0043
51.898,-4.0028,8.4944,4.0043
51.908,-4.0028,8.4968,4.0043
51.918,-4.0028,8.4992,4.0043
51.928,-4.0028,8.4992,4.0043
51.938,-4.0028,8.4992,4.0043
51.946,-4.0028,8.5016,4.0043
51.956,-4.0028,8.5016,4.0043
51.965,-4.0028,8.5040,4.0043
51.976,-4.0028,8.5040,4.0043
51.986,-4.0028,8.5064,4.0043
51.994,-4.0028,8.5064,4.0043
52.003,-4.0028,8.5088,4.0043
52.012,-4.0028,8.5088,4.0043
52.020,-4.0028,8.5112,4.0043
52.032,-4.0028,8.5112,4.0043
52.041,-4.0028,8.5136,4.0043
52.051,-4.0028,8.5136,4.0043
52.059,-4.0028,8.5160,4.0043
52.069,-4.0028,8.5160,4.0043
52.077,-4.0028,8.5160,4.0043
52.086,-4.0028,8.5184,4.0043
52.095,-4.0028,8.5184,4.0043
52.104,-4.0028,8.5208,4.0043
52.113,-4.0028,8.5208,4.0043
52.123,-4.0028,8.5232,4.0043
52.132,-4.0028,8.5232,4.0043
52.142,-4.0028,8.5256,4.0043
52.152,-4.0028,8.5256,4.0043
52.159,-4.0028,8.5280,4.0043
52.171,-4.0028,8.5280,4.0043
52.178,-4.0028,8.5304,4.0043
52.188,-4.0028,8.5304,4.0043
52.196,-4.0028,8.5304,4.0043
52.205,-4.0028,8.5328,4.0043
52.215,-4.0028,8.5328,4.0043
52.223,-4.0028,8.5352,4.0043
52.233,-4.0028,8.5352,4.0043
52.240,-4.0028,8.5376,4.0043
52.251,-4.0028,8.5376,4.0043
52.259,-4.0028,8.5400,4.0043
52.268,-4.0028,8.5400,4.0043
52.277,-4.0028,8.5400,4.0043
52.285,-4.0028,8.5424,4.0043
52.295,-4.0028,8.5424,4.0043
52.303,-4.0028,8.5448,4.0043
52.312,-4.0028,8.5448,4.0043
52.320,-4.0028,8.5472,4.0043
52.330,-4.0028,8.5472,4.0043
52.339,-4.0028,8.5496,4.0043
52.347,-4.0028,8.5496,4.0043
52.356,-4.0028,8.5496,4.0043
52.366,-4.0028,8.5520,4.0043
52.377,-4.0028,8.5520,4.0043
52.387,-4.0028,8.5544,4.0043
52.396,-4.0028,8.5544,4.0043
52.406,-4.0028,8.5568,4.0043
52.414,-4.0028,8.5568,4.0043
52.423,-4.0028,8.5592,4.0043
52.433,-4.0028,8.5592,4.0043
52.440,-4.0028,8.5616,4.0043
52.451,-4.0028,8.5616,4.0043
52.459,-4.0028,8.5640,4.0043
52.470,-4.0028,8.5640,4.0043
52.479,-4.0028,8.5664,4.0043
52.489,-4.0028,8.5664,4.0043
52.498,-4.0028,8.5664,4.0043
52.506,-4.0028,8.5688,4.0043
52.517,-4.0028,8.5688,4.0043
52.524,-4.0028,8.5712,4.0043
52.535,-4.0028,8.5712,4.0043
52.544,-4.0028,8.5736,4.0043
52.554,-4.0028,8.5736,4.0043
52.563,-4.0028,8.5760,4.0043
52.573,-4.0028,8.5760,4.0043
52.583,-4.0028,8.5784,4.0043
52.593,-4.0028,8.5784,4.0043
52.602,-4.0028,8.5808,4.0043
52.612,-4.0028,8.5808,4.0043
52.621,-4.0028,8.5832,4.0043
52.631,-4.0028,8.5832,4.0043
52.641,-4.0028,8.5856,4.0043
52.650,-4.0028,8.5856,4.0043
52.658,-4.0028,8.5856,4.0043
52.666,-4.0028,8.5880,4.0043
52.674,-4.0028,8.5880,4.0043
52.682,-4.0028,8.5904,4.0043
52.692,-4.0028,8.5904,4.0043
52.700,-4.0028,8.5928,4.0043
52.707,-4.0028,8.5928,4.0043
52.715,-4.0028,8.5928,4.0043
52.722,-4.0028,8.5952,4.0043
52.732,-4.0028,8.5952,4.0043
52.739,-4.0028,8.5976,4.0043
52.750,-4.0028,8.5976,4.0043
52.760,-4.0028,8.6000,4.0043
52.770,-4.0028,8.6000,4.0043
52.778,-4.0028,8.6000,4.0043
52.786,-4.0028,8.6024,4.0043
52.796,-4.0028,8.6024,4.0043
52.803,-4.0028,8.6048,4.0043
52.812,-4.0028,8.6048,4.0043
52.820,-4.0028,8.6072,4.0043
52.830,-4.0028,8.6072,4.0043
52.839,-4.0028,8.6096,4.0043
52.849,-4.0028,8.6096,4.0043
52.858,-4.0028,8.6096,4.0043
52.866,-4.0028,8.6120,4.0043
52.876,-4.0028,8.6120,4.0043
52.885,-4.0028,8.6144,4.0043
52.893,-4.0028,8.6144,4.0043
52.901,-4.0028,8.6168,4.0043
52.911,-4.0028,8.6168,4.0043
52.919,-4.0028,8.6192,4.0043
52.928,-4.0028,8.6192,4.0043
52.948,-4.0028,8.6216,4.0043
52.958,-4.0028,8.6216,4.0043
52.967,-4.0028,8.6240,4.0043
52.979,-4.0028,8.6264,4.0043
52.988,-4.0028,8.6264,4.0043
52.998,-4.0028,8.6264,4.0043
53.007,-4.0028,8.6288,4.0043
53.017,-4.0028,8.6288,4.0043
53.026,-4.0028,8.6312,4.0043
53.037,-4.0028,8.6312,4.0043
53.046,-4.0028,8.6336,4.0043
53.058,-4.0028,8.6336,4.0043
53.067,-4.0028,8.6360,4.0043
53.078,-4.0028,8.6384,4.0043
53.089,-4.0028,8.6384,4.0043
53.097,-4.0028,8.6384,4.0043
53.106,-4.0028,8.6408,4.0043
53.117,-4.0028,8.6408,4.0043
53.126,-4.0028,8.6432,4.0043
53.137,-4.0028,8.6432,4.0043
53.144,-4.0028,8.6456,4.0043
53.155,-4.0028,8.6456,4.0043
53.163,-4.0028,8.6480,4.0043
53.173,-4.0028,8.6480,4.0043
53.182,-4.0028,8.6504,4.0043
53.191,-4.0028,8.6504,4.0043
53.202,-4.0028,8.6528,4.0043
53.212,-4.0028,8.6528,4.0043
53.221,-4.0028,8.6552,4.0043
53.232,-4.0028,8.6552,4.0043
53.241,-4.0028,8.6576,4.0043
53.251,-4.0028,8.6576,4.0043
53.260,-4.0028,8.6600,4.0043
53.269,-4.0028,8.6600,4.0043
53.277,-4.0028,8.6600,4.0043
53.284,-4.0028,8.6624,4.0043
53.293,-4.0028,8.6624,4.0043
53.303,-4.0028,8.6648,4.0043
53.312,-4.0028,8.6648,4.0043
53.320,-4.0028,8.6672,4.0043
53.329,-4.0028,8.6672,4.0043
53.338,-4.0028,8.6672,4.0043
53.345,-4.0028,8.6697,4.0043
53.355,-4.0028,8.6697,4.0043
53.362,-4.0028,8.6721,4.0043
53.372,-4.0028,8.6721,4.0043
53.380,-4.0028,8.6745,4.0043
53.388,-4.0028,8.6745,4.0043
53.396,-4.0028,8.6745,4.0043
53.403,-4.0028,8.6769,4.0043
53.413,-4.0028,8.6769,4.0043
53.420,-4.0028,8.6793,4.0043
53.430,-4.0028,8.6793,4.0043
53.437,-4.0028,8.6793,4.0043
53.445,-4.0028,8.6817,4.0043
53.455,-4.0028,8.6817,4.0043
53.463,-4.0028,8.6841,4.0043
53.472,-4.0028,8.6841,4.0043
53.479,-4.0028,8.6866,4.0043
53.488,-4.0028,8.6866,4.0043
53.495,-4.0028,8.6866,4.0043
53.503,-4.0028,8.6890,4.0043
53.513,-4.0028,8.6890,4.0043
53.521,-4.0028,8.6914,4.0043
53.530,-4.0028,8.6914,4.0043
53.539,-4.0028,8.6938,4.0043
53.546,-4.0028,8.6938,4.0043
53.555,-4.0028,8.6938,4.0043
53.561,-4.0028,8.6963,4.0043
53.572,-4.0028,8.6963,4.0043
53.580,-4.0028,8.6987,4.0043
53.589,-4.0028,8.6987,4.0043
53.596,-4.0028,8.6987,4.0043
53.605,-4.0028,8.7011,4.0043
53.614,-4.0028,8.7011,4.0043
53.623,-4.0028,8.7036,4.0043
53.633,-4.0028,8.7036,4.0043
53.642,-4.0028,8.7060,4.0043
53.651,-4.0028,8.7060,4.0043
53.657,-4.0028,8.7060,4.0043
53.666,-4.0028,8.7084,4.0043
53.675,-4.0028,8.7084,4.0043
53.683,-4.0028,8.7109,4.0043
53.693,-4.0028,8.7109,4.0043
53.702,-4.0028,8.7133,4.0043
53.710,-4.0028,8.7133,4.0043
53.718,-4.0028,8.7133,4.0043
53.725,-4.0028,8.7157,4.0043
53.735,-4.0028,8.7157,4.0043
53.743,-4.0028,8.7182,4.0043
53.753,-4.0028,8.7182,4.0043
53.760,-4.0028,8.7206,4.0043
53.770,-4.0028,8.7206,4.0043
53.778,-4.0028,8.7206,4.0043
53.785,-4.0028,8.7230,4.0043
53.794,-4.0028,8.7230,4.0043
53.802,-4.0028,8.7255,4.0043
53.813,-4.0028,8.7255,4.0043
53.821,-4.0028,8.7279,4.0043
53.828,-4.0028,8.7279,4.0043
53.837,-4.0028,8.7279,4.0043
53.844,-4.0028,8.7303,4.0043
53.855,-4.0028,8.7303,4.0043
53.862,-4.0028,8.7328,4.0043
53.873,-4.0028,8.7328,4.0043
53.880,-4.0028,8.7352,4.0043
53.889,-4.0028,8.7352,4.0043
53.897,-4.0028,8.7352,4.0043
53.905,-4.0028,8.7376,4.0043
53.914,-4.0028,8.7376,4.0043
53.922,-4.0028,8.7401,4.0043
53.931,-4.0028,8.7401,4.0043
53.940,-4.0028,8.7425,4.0043
53.950,-4.0028,8.7425,4.0043
53.957,-4.0028,8.7425,4.0043
53.966,-4.0028,8.7449,4.0043
53.976,-4.0028,8.7449,4.0043
53.984,-4.0028,8.7474,4.0043
53.992,-4.0028,8.7474,4.0043
54.000,-4.0028,8.7498,4.0043
54.010,-4.0028,8.7498,4.0043
54.017,-4.0028,8.7498,4.0043
54.025,-4.0028,8.7523,4.0043
54.035,-4.0028,8.7523,4.0043
54.042,-4.0028,8.7547,4.0043
54.052,-4.0028,8.7547,4.0043
54.059,-4.0028,8.7571,4.0043
54.069,-4.0028,8.7571,4.0043
54.076,-4.0028,8.7571,4.0043
54.085,-4.0028,8.7596,4.0043
54.094,-4.0028,8.7596,4.0043
54.102,-4.0028,8.7620,4.0043
54.111,-4.0028,8.7620,4.0043
54.119,-4.0028,8.7644,4.0043
54.129,-4.0028,8.7644,4.0043
54.137,-4.0028,8.7644,4.0043
54.146,-4.0028,8.7669,4.0043
54.156,-4.0028,8.7669,4.0043
54.165,-4.0028,8.7693,4.0043
54.174,-4.0028,8.7693,4.0043
54.184,-4.0028,8.7717,4.0043
54.194,-4.0028,8.7717,4.0043
54.204,-4.0028,8.7742,4.0043
54.216,-4.0028,8.7742,4.0043
54.225,-4.0028,8.7766,4.0043
54.235,-4.0028,8.7766,4.0043
54.244,-4.0028,8.7790,4.0043
54.254,-4.0028,8.7790,4.0043
54.263,-4.0028,8.7814,4.0043
54.274,-4.0028,8.7814,4.0043
54.281,-4.0028,8.7839,4.0043
54.292,-4.0028,8.7839,4.0043
54.301,-4.0028,8.7863,4.0043
54.311,-4.0028,8.7863,4.0043
54.320,-4.0028,8.7887,4.0043
54.332,-4.0028,8.7887,4.0043
54.341,-4.0028,8.7912,4.0043
54.351,-4.0028,8.7912,4.0043
54.360,-4.0028,8.7936,4.0043
54.371,-4.0028,8.7936,4.0043
54.379,-4.0028,8.7960,4.0043
54.389,-4.0028,8.7960,4.0043
54.396,-4.0028,8.7960,4.0043
54.404,-4.0028,8.7985,4.0043
54.414,-4.0028,8.7985,4.0043
54.422,-4.0028,8.8009,4.0043
54.433,-4.0028,8.8009,4.0043
54.441,-4.0028,8.8033,4.0043
54.451,-4.0028,8.8033,4.0043
54.460,-4.0028,8.8057,4.0043
54.471,-4.0028,8.8057,4.0043
54.479,-4.0028,8.8082,4.0043
54.488,-4.0028,8.8082,4.0043
54.497,-4.0028,8.8082,4.0043
54.506,-4.0028,8.8106,4.0043
54.515,-4.0028,8.8106,4.0043
54.523,-4.0028,8.8130,4.0043
54.534,-4.0028,8.8130,4.0043
54.542,-4.0028,8.8155,4.0043
54.552,-4.0028,8.8155,4.0043
54.559,-4.0028,8.8179,4.0043
54.568,-4.0028,8.8179,4.0043
54.575,-4.0028,8.8179,4.0043
54.584,-4.0028,8.8203,4.0043
54.592,-4.0028,8.8203,4.0043
54.600,-4.0028,8.8227,4.0043
54.609,-4.0028,8.8227,4.0043
54.618,-4.0028,8.8227,4.0043
54.624,-4.0028,8.8252,4.0043
54.634,-4.0028,8.8252,4.0043
54.642,-4.0028,8.8276,4.0043
54.651,-4.0028,8.8276,4.0043
54.658,-4.0028,8.8276,4.0043
54.665,-4.0028,8.8300,4.0043
54.675,-4.0028,8.8300,4.0043
54.683,-4.0028,8.8324,4.0043
54.693,-4.0028,8.8324,4.0043
54.700,-4.0028,8.8349,4.0043
54.709,-4.0028,8.8349,4.0043
54.717,-4.0028,8.8349,4.0043
54.725,-4.0028,8.8373,4.0043
54.734,-4.0028,8.8373,4.0043
54.741,-4.0028,8.8397,4.0043
54.751,-4.0028,8.8397,4.0043
54.759,-4.0028,8.8421,4.0043
54.768,-4.0028,8.8421,4.0043
54.776,-4.0028,8.8421,4.0043
54.783,-4.0028,8.8445,4.0043
54.792,-4.0028,8.8445,4.0043
54.800,-4.0028,8.8470,4.0043
54.809,-4.0028,8.8470,4.0043
54.817,-4.0028,8.8470,4.0043
54.824,-4.0028,8.8494,4.0043
54.834,-4.0028,8.8494,4.0043
54.842,-4.0028,8.8518,4.0043
54.853,-4.0028,8.8518,4.0043
54.860,-4.0028,8.8542,4.0043
54.871,-4.0028,8.8542,4.0043
54.880,-4.0028,8.8567,4.0043
54.888,-4.0028,8.8567,4.0043
54.896,-4.0028,8.8567,4.0043
54.904,-4.0028,8.8591,4.0043
54.913,-4.0028,8.8591,4.0043
54.920,-4.0028,8.8615,4.0043
54.931,-4.0028,8.8615,4.0043
54.938,-4.0028,8.8615,4.0043
54.946,-4.0028,8.8639,4.0043
54.955,-4.0028,8.8639,4.0043
54.963,-4.0028,8.8664,4.0043
54.973,-4.0028,8.8664,4.0043
54.982,-4.0028,8.8688,4.0043
54.992,-4.0028,8.8688,4.0043
54.999,-4.0028,8.8712,4.0043
55.009,-4.0028,8.8712,4.0043
55.017,-4.0028,8.8712,4.0043
55.024,-4.0028,8.8736,4.0043
55.035,-4.0028,8.8736,4.0043
55.042,-4.0028,8.8761,4.0043
55.052,-4.0028,8.8761,4.0043
55.059,-4.0028,8.8785,4.0043
55.068,-4.0028,8.8785,4.0043
55.076,-4.0028,8.8785,4.0043
55.084,-4.0028,8.8809,4.0043
55.093,-4.0028,8.8809,4.0043
55.102,-4.0028,8.8833,4.0043
55.110,-4.0028,8.8833,4.0043
55.118,-4.0028,8.8833,4.0043
55.125,-4.0028,8.8858,4.0043
55.135,-4.0028,8.8858,4.0043
55.143,-4.0028,8.8882,4.0043
55.152,-4.0028,8.8882,4.0043
55.159,-4.0028,8.8906,4.0043
55.169,-4.0028,8.8906,4.0043
55.177,-4.0028,8.8906,4.0043
55.184,-4.0028,8.8930,4.0043
55.193,-4.0028,8.8930,4.0043
55.201,-4.0028,8.8954,4.0043
55.210,-4.0028,8.8954,4.0043
55.218,-4.0028,8.8954,4.0043
55.225,-4.0028,8.8979,4.0043
55.236,-4.0028,8.8979,4.0043
55.242,-4.0028,8.9003,4.0043
55.251,-4.0028,8.9003,4.0043
55.258,-4.0028,8.9027,4.0043
55.269,-4.0028,8.9027,4.0043
55.276,-4.0028,8.9027,4.0043
55.285,-4.0028,8.9051,4.0043
55.294,-4.0028,8.9051,4.0043
55.303,-4.0028,8.9075,4.0043
55.314,-4.0028,8.9075,4.0043
55.329,-4.0028,8.9100,4.0043
55.339,-4.0028,8.9124,4.0043
55.348,-4.0028,8.9124,4.0043
55.357,-4.0028,8.9124,4.0043
55.364,-4.0028,8.9148,4.0043
55.374,-4.0028,8.9148,4.0043
55.383,-4.0028,8.9172,4.0043
55.393,-4.0028,8.9172,4.0043
55.400,-4.0028,8.9196,4.0043
55.411,-4.0028,8.9196,4.0043
55.420,-4.0028,8.9221,4.0043
55.429,-4.0028,8.9221,4.0043
55.438,-4.0028,8.9221,4.0043
55.446,-4.0028,8.9245,4.0043
55.455,-4.0028,8.9245,4.0043
55.463,-4.0028,8.9269,4.0043
55.473,-4.0028,8.9269,4.0043
55.481,-4.0028,8.9293,4.0043
55.491,-4.0028,8.9293,4.0043
55.498,-4.0028,8.9293,4.0043
55.507,-4.0028,8.9318,4.0043
55.518,-4.0028,8.9318,4.0043
55.526,-4.0028,8.9342,4.0043
55.536,-4.0028,8.9342,4.0043
55.543,-4.0028,8.9366,4.0043
55.554,-4.0028,8.9366,4.0043
55.564,-4.0028,8.9390,4.0043
55.574,-4.0028,8.9390,4.0043
55.584,-4.0028,8.9415,4.0043
55.594,-4.0028,8.9415,4.0043
55.604,-4.0028,8.9439,4.0043
55.615,-4.0028,8.9439,4.0043
55.624,-4.0028,8.9463,4.0043
55.635,-4.0028,8.9463,4.0043
55.644,-4.0028,8.9488,4.0043
55.653,-4.0028,8.9488,4.0043
55.661,-4.0028,8.9512,4.0043
55.671,-4.0028,8.9512,4.0043
55.679,-4.0028,8.9536,4.0043
55.689,-4.0028,8.9536,4.0043
55.697,-4.0028,8.9536,4.0043
55.705,-4.0028,8.9561,4.0043
55.715,-4.0028,8.9561,4.0043
55.723,-4.0028,8.9585,4.0043
55.732,-4.0028,8.9585,4.0043
55.741,-4.0028,8.9609,4.0043
55.752,-4.0028,8.9609,4.0043
55.759,-4.0028,8.9634,4.0043
55.770,-4.0028,8.9634,4.0043
55.778,-4.0028,8.9634,4.0043
55.786,-4.0028,8.9658,4.0043
55.795,-4.0028,8.9658,4.0043
55.806,-4.0028,8.9682,4.0043
55.816,-4.0028,8.9682,4.0043
55.823,-4.0028,8.9707,4.0043
55.834,-4.0028,8.9707,4.0043
55.842,-4.0028,8.9731,4.0043
55.852,-4.0028,8.9731,4.0043
55.860,-4.0028,8.9755,4.0043
55.870,-4.0028,8.9755,4.0043
55.878,-4.0028,8.9755,4.0043
55.886,-4.0028,8.9779,4.0043
55.896,-4.0028,8.9779,4.0043
55.904,-4.0028,8.9804,4.0043
55.912,-4.0028,8.9804,4.0043
55.920,-4.0028,8.9828,4.0043
55.931,-4.0028,8.9828,4.0043
55.938,-4.0028,8.9828,4.0043
55.945,-4.0028,8.9852,4.0043
55.956,-4.0028,8.9852,4.0043
55.963,-4.0028,8.9877,4.0043
55.973,-4.0028,8.9877,4.0043
55.980,-4.0028,8.9901,4.0043
55.990,-4.0028,8.9901,4.0043
55.997,-4.0028,8.9901,4.0043
56.005,-4.0028,8.9925,4.0043
56.013,-4.0028,8.9925,4.0043
56.022,-4.0028,8.9950,4.0043
56.031,-4.0028,8.9950,4.0043
56.039,-4.0028,8.9974,4.0043
56.051,-4.0028,8.9974,4.0043
56.057,-4.0028,8.9974,4.0043
56.065,-4.0028,8.9998,4.0043
56.074,-4.0028,8.9998,4.0043
56.083,-4.0028,9.0023,4.0043
56.092,-4.0028,9.0023,4.0043
56.100,-4.0028,9.0047,4.0043
56.109,-4.0028,9.0047,4.0043
56.117,-4.0028,9.0047,4.0043
56.123,-4.0028,9.0071,4.0043
56.133,-4.0028,9.0071,4.0043
56.141,-4.0028,9.0096,4.0043
56.150,-4.0028,9.0096,4.0043
56.158,-4.0028,9.0096,4.0043
56.165,-4.0028,9.0120,4.0043
56.174,-4.0028,9.0120,4.0043
56.182,-4.0028,9.0144,4.0043
56.190,-4.0028,9.0144,4.0043
56.198,-4.0028,9.0144,4.0043
56.205,-4.0028,9.0169,4.0043
56.214,-4.0028,9.0169,4.0043
56.222,-4.0028,9.0193,4.0043
56.231,-4.0028,9.0193,4.0043
56.240,-4.0028,9.0217,4.0043
56.250,-4.0028,9.0217,4.0043
56.257,-4.0028,9.0217,4.0043
56.267,-4.0028,9.0242,4.0043
56.276,-4.0028,9.0242,4.0043
56.284,-4.0028,9.0266,4.0043
56.293,-4.0028,9.0266,4.0043
56.301,-4.0028,9.0290,4.0043
56.310,-4.0028,9.0290,4.0043
56.318,-4.0028,9.0290,4.0043
56.325,-4.0028,9.0315,4.0043
56.335,-4.0028,9.0315,4.0043
56.342,-4.0028,9.0339,4.0043
56.352,-4.0028,9.0339,4.0043
56.360,-4.0028,9.0363,4.0043
56.370,-4.0028,9.0363,4.0043
56.377,-4.0028,9.0363,4.0043
56.385,-4.0028,9.0388,4.0043
56.393,-4.0028,9.0388,4.0043
56.402,-4.0028,9.0412,4.0043
56.411,-4.0028,9.0412,4.0043
56.419,-4.0028,9.0437,4.0043
56.427,-4.0028,9.0437,4.0043
56.436,-4.0028,9.0437,4.0043
56.443,-4.0028,9.0461,4.0043
56.452,-4.0028,9.0461,4.0043
56.460,-4.0028,9.0485,4.0043
56.471,-4.0028,9.0485,4.0043
56.479,-4.0028,9.0510,4.0043
56.489,-4.0028,9.0510,4.0043
56.498,-4.0028,9.0534,4.0043
56.508,-4.0028,9.0534,4.0043
56.516,-4.0028,9.0534,4.0043
56.524,-4.0028,9.0558,4.0043
56.533,-4.0028,9.0558,4.0043
56.541,-4.0028,9.0583,4.0043
56.551,-4.0028,9.0583,4.0043
56.558,-4.0028,9.0607,4.0043
56.569,-4.0028,9.0607,4.0043
56.576,-4.0028,9.0607,4.0043
56.585,-4.0028,9.0631,4.0043
56.594,-4.0028,9.0631,4.0043
56.603,-4.0028,9.0656,4.0043
56.612,-4.0028,9.0656,4.0043
56.619,-4.0028,9.0680,4.0043
56.628,-4.0028,9.0680,4.0043
56.636,-4.0028,9.0680,4.0043
56.645,-4.0028,9.0704,4.0043
56.654,-4.0028,9.0704,4.0043
56.661,-4.0028,9.0729,4.0043
56.672,-4.0028,9.0729,4.0043
56.680,-4.0028,9.0753,4.0043
56.691,-4.0028,9.0753,4.0043
56.699,-4.0028,9.0778,4.0043
56.709,-4.0028,9.0778,4.0043
56.717,-4.0028,9.0778,4.0043
56.725,-4.0028,9.0802,4.0043
56.735,-4.0028,9.0802,4.0043
56.743,-4.0028,9.0826,4.0043
56.753,-4.0028,9.0826,4.0043
56.760,-4.0028,9.0851,4.0043
56.771,-4.0028,9.0851,4.0043
56.779,-4.0028,9.0875,4.0043
56.789,-4.0028,9.0875,4.0043
56.797,-4.0028,9.0875,4.0043
56.807,-4.0028,9.0899,4.0043
56.817,-4.0028,9.0899,4.0043
56.824,-4.0028,9.0924,4.0043
56.837,-4.0028,9.0924,4.0043
56.846,-4.0028,9.0948,4.0043
56.856,-4.0028,9.0948,4.0043
56.867,-4.0028,9.0972,4.0043
56.877,-4.0028,9.0972,4.0043
56.886,-4.0028,9.0997,4.0043
56.896,-4.0028,9.0997,4.0043
56.904,-4.0028,9.1021,4.0043
56.914,-4.0028,9.1021,4.0043
56.923,-4.0028,9.1046,4.0043
56.933,-4.0028,9.1046,4.0043
56.941,-4.0028,9.1070,4.0043
56.950,-4.0028,9.1070,4.0043
56.959,-4.0028,9.1094,4.0043
56.969,-4.0028,9.1094,4.0043
56.977,-4.0028,9.1094,4.0043
56.986,-4.0028,9.1119,4.0043
56.995,-4.0028,9.1119,4.0043
57.004,-4.0028,9.1143,4.0043
57.012,-4.0028,9.1143,4.0043
57.021,-4.0028,9.1168,4.0043
57.029,-4.0028,9.1168,4.0043
57.038,-4.0028,9.1192,4.0043
57.048,-4.0028,9.1192,4.0043
57.056,-4.0028,9.1192,4.0043
57.066,-4.0028,9.1216,4.0043
57.076,-4.0028,9.1216,4.0043
57.085,-4.0028,9.1241,4.0043
57.095,-4.0028,9.1241,4.0043
57.103,-4.0028,9.1265,4.0043
57.112,-4.0028,9.1265,4.0043
57.120,-4.0028,9.1290,4.0043
57.128,-4.0028,9.1290,4.0043
57.137,-4.0028,9.1290,4.0043
57.144,-4.0028,9.1314,4.0043
57.152,-4.0028,9.1314,4.0043
57.159,-4.0028,9.1338,4.0043
57.169,-4.0028,9.1338,4.0043
57.176,-4.0028,9.1338,4.0043
57.184,-4.0028,9.1363,4.0043
57.192,-4.0028,9.1363,4.0043
57.199,-4.0028,9.1387,4.0043
57.208,-4.0028,9.1387,4.0043
57.217,-4.0028,9.1387,4.0043
57.224,-4.0028,9.1412,4.0043
57.233,-4.0028,9.1412,4.0043
57.241,-4.0028,9.1436,4.0043
57.250,-4.0028,9.1436,4.0043
57.258,-4.0028,9.1436,4.0043
57.266,-4.0028,9.1460,4.0043
57.275,-4.0028,9.1460,4.0043
57.284,-4.0028,9.1485,4.0043
57.292,-4.0028,9.1485,4.0043
57.301,-4.0028,9.1509,4.0043
57.309,-4.0028,9.1509,4.0043
57.318,-4.0028,9.1509,4.0043
57.324,-4.0028,9.1534,4.0043
57.333,-4.0028,9.1534,4.0043
57.341,-4.0028,9.1558,4.0043
57.351,-4.0028,9.1558,4.0043
57.359,-4.0028,9.1582,4.0043
57.369,-4.0028,9.1582,4.0043
57.377,-4.0028,9.1582,4.0043
57.384,-4.0028,9.1607,4.0043
57.392,-4.0028,9.1607,4.0043
57.400,-4.0028,9.1631,4.0043
57.409,-4.0028,9.1631,4.0043
57.417,-4.0028,9.1631,4.0043
57.424,-4.0028,9.1656,4.0043
57.433,-4.0028,9.1656,4.0043
57.442,-4.0028,9.1680,4.0043
57.450,-4.0028,9.1680,4.0043
57.458,-4.0028,9.1680,4.0043
57.465,-4.0028,9.1704,4.0043
57.475,-4.0028,9.1704,4.0043
57.482,-4.0028,9.1729,4.0043
57.493,-4.0028,9.1729,4.0043
57.502,-4.0028,9.1753,4.0043
57.510,-4.0028,9.1753,4.0043
57.517,-4.0028,9.1753,4.0043
57.524,-4.0028,9.1777,4.0043
57.533,-4.0028,9.1777,4.0043
57.540,-4.0028,9.1802,4.0043
57.549,-4.0028,9.1802,4.0043
57.556,-4.0028,9.1802,4.0043
57.563,-4.0028,9.1826,4.0043
57.573,-4.0028,9.1826,4.0043
57.582,-4.0028,9.1851,4.0043
57.591,-4.0028,9.1851,4.0043
57.599,-4.0028,9.1875,4.0043
57.607,-4.0028,9.1875,4.0043
57.617,-4.0028,9.1875,4.0043
57.624,-4.0028,9.1899,4.0043
57.634,-4.0028,9.1899,4.0043
57.642,-4.0028,9.1924,4.0043
57.651,-4.0028,9.1924,4.0043
57.659,-4.0028,9.1948,4.0043
57.668,-4.0028,9.1948,4.0043
57.677,-4.0028,9.1948,4.0043
57.685,-4.0028,9.1973,4.0043
57.701,-4.0028,9.1997,4.0043
57.713,-4.0028,9.1997,4.0043
57.724,-4.0028,9.2021,4.0043
57.736,-4.0028,9.2021,4.0043
57.749,-4.0028,9.2046,4.0043
57.758,-4.0028,9.2046,4.0043
57.766,-4.0028,9.2070,4.0043
57.776,-4.0028,9.2070,4.0043
57.784,-4.0028,9.2094,4.0043
57.793,-4.0028,9.2094,4.0043
57.801,-4.0028,9.2119,4.0043
57.810,-4.0028,9.2119,4.0043
57.817,-4.0028,9.2119,4.0043
57.825,-4.0028,9.2143,4.0043
57.835,-4.0028,9.2143,4.0043
57.842,-4.0028,9.2167,4.0043
57.853,-4.0028,9.2167,4.0043
57.862,-4.0028,9.2192,4.0043
57.872,-4.0028,9.2192,4.0043
57.880,-4.0028,9.2216,4.0043
57.890,-4.0028,9.2216,4.0043
57.898,-4.0028,9.2216,4.0043
57.905,-4.0028,9.2240,4.0043
57.917,-4.0028,9.2240,4.0043
57.926,-4.0028,9.2265,4.0043
57.936,-4.0028,9.2265,4.0043
57.945,-4.0028,9.2289,4.0043
57.956,-4.0028,9.2289,4.0043
57.963,-4.0028,9.2313,4.0043
57.974,-4.0028,9.2313,4.0043
57.983,-4.0028,9.2338,4.0043
57.994,-4.0028,9.2338,4.0043
58.003,-4.0028,9.2362,4.0043
58.013,-4.0028,9.2362,4.0043
58.022,-4.0028,9.2386,4.0043
58.031,-4.0028,9.2386,4.0043
58.040,-4.0028,9.2411,4.0043
58.050,-4.0028,9.2411,4.0043
58.057,-4.0028,9.2411,4.0043
58.066,-4.0028,9.2435,4.0043
58.076,-4.0028,9.2435,4.0043
58.086,-4.0028,9.2459,4.0043
58.096,-4.0028,9.2459,4.0043
58.105,-4.0028,9.2484,4.0043
58.115,-4.0028,9.2484,4.0043
58.124,-4.0028,9.2508,4.0043
58.135,-4.0028,9.2508,4.0043
58.144,-4.0028,9.2532,4.0043
58.154,-4.0028,9.2532,4.0043
58.164,-4.0028,9.2557,4.0043
58.175,-4.0028,9.2557,4.0043
58.185,-4.0028,9.2581,4.0043
58.195,-4.0028,9.2581,4.0043
58.203,-4.0028,9.2605,4.0043
58.214,-4.0028,9.2605,4.0043
58.222,-4.0028,9.2630,4.0043
58.231,-4.0028,9.2630,4.0043
58.239,-4.0028,9.2654,4.0043
58.250,-4.0028,9.2654,4.0043
58.258,-4.0028,9.2654,4.0043
58.268,-4.0028,9.2678,4.0043
58.277,-4.0028,9.2678,4.0043
58.286,-4.0028,9.2703,4.0043
58.294,-4.0028,9.2703,4.0043
58.304,-4.0028,9.2727,4.0043
58.313,-4.0028,9.2727,4.0043
58.322,-4.0028,9.2752,4.0043
58.331,-4.0028,9.2752,4.0043
58.341,-4.0028,9.2776,4.0043
58.351,-4.0028,9.2776,4.0043
58.359,-4.0028,9.2800,4.0043
58.369,-4.0028,9.2800,4.0043
58.376,-4.0028,9.2800,4.0043
58.385,-4.0028,9.2825,4.0043
58.393,-4.0028,9.2825,4.0043
58.401,-4.0028,9.2849,4.0043
58.410,-4.0028,9.2849,4.0043
58.418,-4.0028,9.2873,4.0043
58.427,-4.0028,9.2873,4.0043
58.436,-4.0028,9.2873,4.0043
58.443,-4.0028,9.2898,4.0043
58.451,-4.0028,9.2898,4.0043
58.458,-4.0028,9.2922,4.0043
58.468,-4.0028,9.2922,4.0043
58.476,-4.0028,9.2922,4.0043
58.484,-4.0028,9.2946,4.0043
58.493,-4.0028,9.2946,4.0043
58.502,-4.0028,9.2971,4.0043
58.511,-4.0028,9.2971,4.0043
58.519,-4.0028,9.2995,4.0043
58.529,-4.0028,9.2995,4.0043
58.537,-4.0028,9.2995,4.0043
58.544,-4.0028,9.3019,4.0043
58.554,-4.0028,9.3019,4.0043
58.561,-4.0028,9.3044,4.0043
58.572,-4.0028,9.3044,4.0043
58.579,-4.0028,9.3068,4.0043
58.589,-4.0028,9.3068,4.0043
58.596,-4.0028,9.3068,4.0043
58.604,-4.0028,9.3093,4.0043
58.615,-4.0028,9.3093,4.0043
58.623,-4.0028,9.3117,4.0043
58.631,-4.0028,9.3117,4.0043
58.638,-4.0028,9.3141,4.0043
58.648,-4.0028,9.3141,4.0043
58.656,-4.0028,9.3141,4.0043
58.663,-4.0028,9.3166,4.0043
58.672,-4.0028,9.3166,4.0043
58.681,-4.0028,9.3190,4.0043
58.690,-4.0028,9.3190,4.0043
58.699,-4.0028,9.3215,4.0043
58.709,-4.0028,9.3215,4.0043
58.718,-4.0028,9.3215,4.0043
58.726,-4.0028,9.3239,4.0043
58.736,-4.0028,9.3239,4.0043
58.743,-4.0028,9.3263,4.0043
58.752,-4.0028,9.3263,4.0043
58.759,-4.0028,9.3288,4.0043
58.770,-4.0028,9.3288,4.0043
58.777,-4.0028,9.3288,4.0043
58.785,-4.0028,9.3312,4.0043
58.794,-4.0028,9.3312,4.0043
58.803,-4.0028,9.3336,4.0043
58.811,-4.0028,9.3336,4.0043
58.819,-4.0028,9.3361,4.0043
58.827,-4.0028,9.3361,4.0043
58.836,-4.0028,9.3361,4.0043
58.843,-4.0028,9.3385,4.0043
58.853,-4.0028,9.3385,4.0043
58.861,-4.0028,9.3410,4.0043
58.872,-4.0028,9.3410,4.0043
58.879,-4.0028,9.3434,4.0043
58.889,-4.0028,9.3434,4.0043
58.897,-4.0028,9.3434,4.0043
58.905,-4.0028,9.3459,4.0043
58.915,-4.0028,9.3459,4.0043
58.922,-4.0028,9.3483,4.0043
58.932,-4.0028,9.3483,4.0043
58.940,-4.0028,9.3507,4.0043
58.950,-4.0028,9.3507,4.0043
58.957,-4.0028,9.3507,4.0043
58.965,-4.0028,9.3532,4.0043
58.975,-4.0028,9.3532,4.0043
58.984,-4.0028,9.3556,4.0043
58.993,-4.0028,9.3556,4.0043
59.001,-4.0028,9.3581,4.0043
59.011,-4.0028,9.3581,4.0043
59.018,-4.0028,9.3581,4.0043
59.026,-4.0028,9.3605,4.0043
59.037,-4.0028,9.3605,4.0043
59.044,-4.0028,9.3629,4.0043
59.053,-4.0028,9.3629,4.0043
59.061,-4.0028,9.3640,4.0043
59.072,-4.0028,9.3640,4.0043
59.078,-4.0028,9.3640,4.0043
59.087,-4.0028,9.3640,4.0043
59.095,-4.0028,9.3640,4.0043
59.104,-4.0028,9.3640,4.0043
59.112,-4.0028,9.3640,4.0043
59.120,-4.0028,9.3640,4.0043
59.129,-4.0028,9.3640,4.0043
59.138,-4.0028,9.3640,4.0043
59.145,-4.0028,9.3640,4.0043
59.154,-4.0028,9.3640,4.0043
59.161,-4.0028,9.3640,4.0043
59.170,-4.0028,9.3640,4.0043
59.178,-4.0028,9.3640,4.0043
59.187,-4.0028,9.3640,4.0043
59.195,-4.0028,9.3640,4.0043
59.209,-4.0028,9.3640,4.0043
59.218,-4.0028,9.3640,4.0043
59.226,-4.0028,9.3640,4.0043
59.234,-4.0028,9.3640,4.0043
59.243,-4.0028,9.3640,4.0043
59.253,-4.0028,9.3640,4.0043
59.261,-4.0028,9.3640,4.0043
59.272,-4.0028,9.3640,4.0043
59.279,-4.0028,9.3640,4.0043
59.288,-4.0028,9.3640,4.0043
59.297,-4.0028,9.3640,4.0043
59.306,-4.0028,9.3640,4.0043
59.316,-4.0028,9.3640,4.0043
59.324,-4.0028,9.3640,4.0043
59.335,-4.0028,9.3640,4.0043
59.345,-4.0028,9.3640,4.0043
59.354,-4.0028,9.3640,4.0043
59.364,-4.0028,9.3640,4.0043
59.375,-4.0028,9.3640,4.0043
59.383,-4.0028,9.3640,4.0043
59.392,-4.0028,9.3640,4.0043
59.401,-4.0028,9.3640,4.0043
59.410,-4.0028,9.3640,4.0043
59.418,-4.0028,9.3640,4.0043
59.427,-4.0028,9.3640,4.0043
59.437,-4.0028,9.3640,4.0043
59.446,-4.0028,9.3640,4.0043
59.456,-4.0028,9.3640,4.0043
59.463,-4.0028,9.3640,4.0043
59.472,-4.0028,9.3640,4.0043
59.480,-4.0028,9.3640,4.0043
59.489,-4.0028,9.3640,4.0043
59.497,-4.0028,9.3640,4.0043
59.507,-4.0028,9.3640,4.0043
59.515,-4.0028,9.3640,4.0043
59.523,-4.0028,9.3640,4.0043
59.533,-4.0028,9.3640,4.0043
59.542,-4.0028,9.3640,4.0043
59.552,-4.0028,9.3640,4.0043
59.560,-4.0028,9.3640,4.0043
59.570,-4.0028,9.3640,4.0043
59.578,-4.0028,9.3640,4.0043
59.588,-4.0028,9.3640,4.0043
59.598,-4.0028,9.3640,4.0043
59.606,-4.0028,9.3640,4.0043
59.617,-4.0028,9.3640,4.0043
59.625,-4.0028,9.3640,4.0043
59.636,-4.0028,9.3640,4.0043
59.644,-4.0028,9.3640,4.0043
59.654,-4.0028,9.3640,4.0043
59.661,-4.0028,9.3640,4.0043
59.671,-4.0028,9.3640,4.0043
59.678,-4.0028,9.3640,4.0043
59.686,-4.0028,9.3640,4.0043
59.694,-4.0028,9.3640,4.0043
59.703,-4.0028,9.3640,4.0043
59.710,-4.0028,9.3640,4.0043
59.717,-4.0028,9.3640,4.0043
59.724,-4.0028,9.3640,4.0043
59.733,-4.0028,9.3640,4.0043
59.740,-4.0028,9.3640,4.0043
59.749,-4.0028,9.3640,4.0043
59.756,-4.0028,9.3640,4.0043
59.766,-4.0028,9.3640,4.0043
59.774,-4.0028,9.3640,4.0043
59.783,-4.0028,9.3640,4.0043
59.790,-4.0028,9.3640,4.0043
59.799,-4.0028,9.3640,4.0043
59.807,-4.0028,9.3640,4.0043
59.815,-4.0028,9.3640,4.0043
59.822,-4.0028,9.3640,4.0043
59.840,-4.0028,9.3640,4.0043
59.850,-4.0028,9.3640,4.0043
59.860,-4.0028,9.3640,4.0043
59.869,-4.0028,9.3640,4.0043
59.877,-4.0028,9.3640,4.0043
59.885,-4.0028,9.3640,4.0043
59.894,-4.0028,9.3640,4.0043
59.902,-4.0028,9.3640,4.0043
59.911,-4.0028,9.3640,4.0043
59.920,-4.0028,9.3640,4.0043
59.927,-4.0028,9.3640,4.0043
59.936,-4.0028,9.3640,4.0043
59.943,-4.0028,9.3640,4.0043
59.953,-4.0028,9.3640,4.0043
59.960,-4.0028,9.3640,4.0043
59.970,-4.0028,9.3640,4.0043
59.977,-4.0028,9.3640,4.0043
59.986,-4.0028,9.3640,4.0043
59.993,-4.0028,9.3640,4.0043
60.003,-4.0028,9.3640,4.0043
60.011,-4.0028,9.3640,4.0043
60.020,-4.0028,9.3640,4.0043
60.028,-4.0028,9.3640,4.0043
60.037,-4.0028,9.3640,4.0043
60.044,-4.0028,9.3640,4.0043
60.053,-4.0028,9.3640,4.0043
60.061,-4.0028,9.3640,4.0043
60.070,-4.0028,9.3640,4.0043
60.078,-4.0028,9.3640,4.0043
60.085,-4.0028,9.3640,4.0043
60.094,-4.0028,9.3640,4.0043
60.103,-4.0028,9.3640,4.0043
60.111,-4.0028,9.3640,4.0043
60.119,-4.0028,9.3640,4.0043
60.128,-4.0028,9.3640,4.0043
60.137,-4.0028,9.3640,4.0043
60.144,-4.0028,9.3640,4.0043
60.154,-4.0028,9.3640,4.0043
60.162,-4.0028,9.3640,4.0043
60.171,-4.0028,9.3640,4.0043
60.180,-4.0028,9.3640,4.0043
60.189,-4.0028,9.3640,4.0043
60.197,-4.0028,9.3640,4.0043
60.206,-4.0028,9.3640,4.0043
60.213,-4.0028,9.3640,4.0043
60.222,-4.0028,9.3640,4.0043
60.230,-4.0028,9.3640,4.0043
60.239,-4.0028,9.3640,4.0043
60.248,-4.0028,9.3640,4.0043
60.255,-4.0028,9.3640,4.0043
60.264,-4.0028,9.3640,4.0038
60.274,-4.0028,9.3640,4.0038
60.283,-4.0028,9.3640,4.0033
60.290,-4.0028,9.3640,4.0033
60.299,-4.0028,9.3640,4.0026
60.308,-4.0028,9.3640,4.0026
60.316,-4.0028,9.3640,4.0026
60.324,-4.0028,9.3640,4.0003
60.333,-4.0028,9.3640,4.0003
60.342,-4.0028,9.3640,3.9978
60.353,-4.0028,9.3640,3.9978
60.363,-4.0028,9.3640,3.9950
60.373,-4.0028,9.3640,3.9950
60.382,-4.0028,9.3640,3.9920
60.392,-4.0028,9.3640,3.9920
60.401,-4.0028,9.3640,3.9889
60.409,-4.0028,9.3640,3.9889
60.417,-4.0028,9.3640,3.9889
60.425,-4.0028,9.3640,3.9854
60.434,-4.0028,9.3640,3.9854
60.441,-4.0028,9.3640,3.9819
60.451,-4.0028,9.3640,3.9819
60.458,-4.0028,9.3640,3.9819
60.468,-4.0028,9.3640,3.9747
60.479,-4.0028,9.3640,3.9671
60.489,-4.0028,9.3640,3.9671
60.498,-4.0028,9.3640,3.9671
60.506,-4.0028,9.3640,3.9588
60.517,-4.0028,9.3640,3.9588
60.526,-4.0028,9.3640,3.9500
60.536,-4.0028,9.3640,3.9500
60.545,-4.0028,9.3640,3.9405
60.555,-4.0028,9.3640,3.9405
60.563,-4.0028,9.3640,3.9214
60.574,-4.0028,9.3640,3.9214
60.582,-4.0028,9.3640,3.9012
60.592,-4.0028,9.3640,3.9012
60.600,-4.0028,9.3640,3.8799
60.610,-4.0028,9.3640,3.8799
60.619,-4.0028,9.3640,3.8577
60.629,-4.0028,9.3640,3.8577
60.639,-4.0028,9.3640,3.8346
60.650,-4.0028,9.3640,3.8346
60.659,-4.0028,9.3640,3.8115
60.671,-4.0028,9.3640,3.8115
60.681,-4.0028,9.3640,3.7885
60.692,-4.0028,9.3640,3.7885
60.703,-4.0028,9.3640,3.7657
60.712,-4.0028,9.3640,3.7657
60.722,-4.0028,9.3640,3.7428
60.732,-4.0028,9.3640,3.7428
60.740,-4.0028,9.3640,3.7198
60.751,-4.0028,9.3640,3.7198
60.759,-4.0028,9.3640,3.6969
60.770,-4.0028,9.3640,3.6969
60.778,-4.0028,9.3640,3.6969
60.788,-4.0028,9.3640,3.6739
60.798,-4.0028,9.3640,3.6739
60.807,-4.0028,9.3640,3.6510
60.818,-4.0028,9.3640,3.6510
60.825,-4.0028,9.3640,3.6282
60.837,-4.0028,9.3640,3.6282
60.846,-4.0028,9.3640,3.6054
60.857,-4.0028,9.3640,3.6054
60.867,-4.0028,9.3640,3.5827
60.878,-4.0028,9.3640,3.5827
60.886,-4.0028,9.3640,3.5601
60.897,-4.0028,9.3640,3.5601
60.904,-4.0027,9.3640,3.5377
60.915,-4.0027,9.3640,3.5377
60.924,-4.0025,9.3640,3.5155
60.933,-4.0025,9.3640,3.5155
60.941,-4.0024,9.3640,3.4934
60.951,-4.0024,9.3640,3.4934
60.958,-4.0022,9.3640,3.4714
60.968,-4.0022,9.3640,3.4714
60.976,-4.0022,9.3640,3.4714
60.984,-4.0020,9.3640,3.4496
60.993,-4.0020,9.3640,3.4496
61.003,-4.0018,9.3640,3.4277
61.011,-4.0018,9.3640,3.4277
61.019,-4.0011,9.3640,3.4059
61.027,-4.0011,9.3640,3.4059
61.036,-4.0011,9.3640,3.4059
61.044,-4.0005,9.3640,3.3842
61.053,-4.0005,9.3640,3.3842
61.060,-3.9998,9.3640,3.3624
61.070,-3.9998,9.3640,3.3624
61.078,-3.9998,9.3640,3.3624
61.086,-3.9990,9.3640,3.3407
61.095,-3.9990,9.3640,3.3407
61.103,-3.9982,9.3640,3.3190
61.112,-3.9982,9.3640,3.3190
61.119,-3.9974,9.3640,3.2974
61.129,-3.9974,9.3640,3.2974
61.138,-3.9965,9.3640,3.2759
61.147,-3.9965,9.3640,3.2759
61.156,-3.9965,9.3640,3.2759
61.164,-3.9957,9.3640,3.2544
61.174,-3.9957,9.3640,3.2544
61.183,-3.9947,9.3640,3.2329
61.192,-3.9947,9.3640,3.2329
61.201,-3.9938,9.3640,3.2115
61.210,-3.9938,9.3640,3.2115
61.218,-3.9938,9.3640,3.2115
61.225,-3.9918,9.3640,3.1901
61.235,-3.9918,9.3640,3.1901
61.243,-3.9897,9.3640,3.1687
61.253,-3.9897,9.3640,3.1687
61.260,-3.9876,9.3640,3.1474
61.270,-3.9876,9.3640,3.1474
61.278,-3.9876,9.3640,3.1474
61.286,-3.9854,9.3640,3.1260
61.295,-3.9854,9.3640,3.1260
61.304,-3.9832,9.3640,3.1047
61.313,-3.9832,9.3640,3.1047
61.320,-3.9809,9.3640,3.0833
61.330,-3.9809,9.3640,3.0833
61.338,-3.9786,9.3640,3.0620
61.349,-3.9786,9.3640,3.0620
61.357,-3.9786,9.3640,3.0620
61.367,-3.9762,9.3640,3.0407
61.376,-3.9762,9.3640,3.0407
61.385,-3.9738,9.3640,3.0194
61.395,-3.9738,9.3640,3.0194
61.403,-3.9713,9.3640,2.9981
61.412,-3.9713,9.3640,2.9981
61.421,-3.9688,9.3640,2.9767
61.430,-3.9688,9.3640,2.9767
61.439,-3.9662,9.3640,2.9554
61.447,-3.9662,9.3640,2.9554
61.456,-3.9662,9.3640,2.9554
61.465,-3.9636,9.3640,2.9341
61.475,-3.9636,9.3640,2.9341
61.484,-3.9609,9.3640,2.9128
61.492,-3.9609,9.3640,2.9128
61.502,-3.9554,9.3640,2.8915
61.511,-3.9554,9.3640,2.8915
61.522,-3.9499,9.3640,2.8702
61.532,-3.9499,9.3640,2.8702
61.541,-3.9442,9.3640,2.8490
61.551,-3.9442,9.3640,2.8490
61.558,-3.9442,9.3640,2.8490
61.566,-3.9384,9.3640,2.8277
61.576,-3.9384,9.3640,2.8277
61.584,-3.9325,9.3640,2.8064
61.593,-3.9325,9.3640,2.8064
61.601,-3.9265,9.3640,2.7851
61.611,-3.9265,9.3640,2.7851
61.619,-3.9203,9.3640,2.7639
61.628,-3.9203,9.3640,2.7639
61.636,-3.9203,9.3640,2.7639
61.644,-3.9141,9.3640,2.7427
61.653,-3.9141,9.3640,2.7427
61.660,-3.9077,9.3640,2.7215
61.672,-3.9077,9.3640,2.7215
61.678,-3.9013,9.3640,2.7003
61.689,-3.9013,9.3640,2.7003
61.697,-3.9013,9.3640,2.7003
61.706,-3.8947,9.3640,2.6792
61.716,-3.8947,9.3640,2.6792
61.724,-3.8880,9.3640,2.6581
61.734,-3.8880,9.3640,2.6581
61.742,-3.8813,9.3640,2.6372
61.754,-3.8813,9.3640,2.6372
61.762,-3.8745,9.3640,2.6163
61.773,-3.8745,9.3640,2.6163
61.783,-3.8677,9.3640,2.5955
61.793,-3.8677,9.3640,2.5955
61.801,-3.8608,9.3640,2.5747
61.811,-3.8608,9.3640,2.5747
61.820,-3.8539,9.3640,2.5539
61.830,-3.8539,9.3640,2.5539
61.839,-3.8470,9.3640,2.5331
61.849,-3.8470,9.3640,2.5331
61.857,-3.8470,9.3640,2.5331
61.865,-3.8401,9.3640,2.5123
61.876,-3.8401,9.3640,2.5123
61.885,-3.8332,9.3640,2.4915
61.894,-3.8332,9.3640,2.4915
61.905,-3.8264,9.3640,2.4708
61.914,-3.8264,9.3640,2.4708
61.924,-3.8197,9.3640,2.4502
61.937,-3.8197,9.3640,2.4502
61.946,-3.8130,9.3640,2.4298
61.957,-3.8130,9.3640,2.4298
61.966,-3.8063,9.3640,2.4098
61.985,-3.7997,9.3640,2.3901
61.995,-3.7997,9.3640,2.3901
62.005,-3.7931,9.3640,2.3714
62.016,-3.7931,9.3640,2.3714
62.024,-3.7865,9.3640,2.3530
62.036,-3.7865,9.3640,2.3530
62.044,-3.7800,9.3640,2.3435
62.054,-3.7800,9.3640,2.3435
62.064,-3.7734,9.3640,2.3342
62.074,-3.7734,9.3640,2.3342
62.082,-3.7668,9.3640,2.3249
62.093,-3.7668,9.3640,2.3249
62.103,-3.7603,9.3640,2.3155
62.112,-3.7603,9.3640,2.3155
62.121,-3.7537,9.3640,2.3062
62.131,-3.7537,9.3640,2.3062
62.140,-3.7471,9.3640,2.2969
62.150,-3.7471,9.3640,2.2969
62.158,-3.7405,9.3640,2.2876
62.170,-3.7405,9.3640,2.2876
62.177,-3.7405,9.3640,2.2876
62.186,-3.7340,9.3640,2.2783
62.195,-3.7340,9.3640,2.2783
62.205,-3.7275,9.3640,2.2691
62.216,-3.7275,9.3640,2.2691
62.224,-3.7211,9.3640,2.2600
62.235,-3.7211,9.3640,2.2600
62.243,-3.7149,9.3640,2.2510
62.254,-3.7149,9.3640,2.2510
62.263,-3.7088,9.3640,2.2424
62.274,-3.7088,9.3640,2.2424
62.284,-3.7031,9.3640,2.2342
62.294,-3.7031,9.3640,2.2342
62.304,-3.6976,9.3640,2.2265
62.313,-3.6976,9.3640,2.2265
62.322,-3.6950,9.3640,2.2195
62.333,-3.6950,9.3640,2.2195
62.343,-3.6926,9.3640,2.2161
62.352,-3.6926,9.3640,2.2161
62.360,-3.6903,9.3640,2.2129
62.373,-3.6903,9.3640,2.2129
62.381,-3.6882,9.3640,2.2102
62.391,-3.6882,9.3640,2.2102
62.400,-3.6863,9.3640,2.2077
62.410,-3.6863,9.3640,2.2077
62.420,-3.6854,9.3640,2.2069
62.430,-3.6854,9.3640,2.2069
62.440,-3.6844,9.3640,2.2062
62.451,-3.6844,9.3640,2.2062
62.458,-3.6844,9.3640,2.2062
62.466,-3.6836,9.3640,2.2056
62.477,-3.6836,9.3640,2.2056
62.486,-3.6827,9.3640,2.2051
62.494,-3.6827,9.3640,2.2051
62.504,-3.6818,9.3640,2.2046
62.515,-3.6818,9.3640,2.2046
62.523,-3.6810,9.3640,2.2041
62.534,-3.6810,9.3640,2.2041
62.543,-3.6801,9.3640,2.2036
62.552,-3.6801,9.3640,2.2036
62.560,-3.6792,9.3640,2.2032
62.570,-3.6792,9.3640,2.2032
62.578,-3.6783,9.3640,2.2027
62.588,-3.6783,9.3640,2.2027
62.598,-3.6783,9.3640,2.2027
62.607,-3.6774,9.3640,2.2022
62.616,-3.6774,9.3640,2.2022
62.625,-3.6765,9.3640,2.2018
62.634,-3.6765,9.3640,2.2018
62.643,-3.6756,9.3640,2.2013
62.653,-3.6756,9.3640,2.2013
62.661,-3.6747,9.3640,2.2008
62.673,-3.6747,9.3640,2.2008
62.680,-3.6739,9.3640,2.2002
62.691,-3.6739,9.3640,2.2002
62.700,-3.6730,9.3640,2.1995
62.710,-3.6730,9.3640,2.1995
62.718,-3.6721,9.3640,2.1973
62.729,-3.6721,9.3640,2.1973
62.738,-3.6712,9.3640,2.1946
62.750,-3.6712,9.3640,2.1946
62.758,-3.6712,9.3640,2.1946
62.769,-3.6703,9.3640,2.1911
62.778,-3.6703,9.3640,2.1911
62.786,-3.6694,9.3640,2.1838
62.796,-3.6694,9.3640,2.1838
62.805,-3.6685,9.3640,2.1757
62.818,-3.6685,9.3640,2.1757
62.826,-3.6677,9.3640,2.1668
62.837,-3.6677,9.3640,2.1668
62.846,-3.6668,9.3640,2.1575
62.858,-3.6668,9.3640,2.1575
62.867,-3.6659,9.3640,2.1482
62.878,-3.6659,9.3640,2.1482
62.887,-3.6650,9.3640,2.1388
62.898,-3.6650,9.3640,2.1388
62.907,-3.6641,9.3640,2.1296
62.916,-3.6641,9.3640,2.1296
62.924,-3.6632,9.3640,2.1203
62.933,-3.6632,9.3640,2.1203
62.941,-3.6623,9.3640,2.1110
62.951,-3.6623,9.3640,2.1110
62.958,-3.6623,9.3640,2.1110
62.967,-3.6614,9.3640,2.1017
62.976,-3.6614,9.3640,2.1017
62.984,-3.6604,9.3640,2.0924
62.994,-3.6604,9.3640,2.0924
63.004,-3.6595,9.3640,2.0831
63.013,-3.6595,9.3640,2.0831
63.022,-3.6585,9.3640,2.0739
63.032,-3.6585,9.3640,2.0739
63.039,-3.6566,9.3640,2.0646
63.050,-3.6566,9.3640,2.0646
63.058,-3.6546,9.3640,2.0554
63.068,-3.6546,9.3640,2.0554
63.078,-3.6546,9.3640,2.0554
63.086,-3.6526,9.3640,2.0462
63.095,-3.6526,9.3640,2.0462
63.105,-3.6506,9.3640,2.0370
63.114,-3.6506,9.3640,2.0370
63.122,-3.6486,9.3640,2.0279
63.132,-3.6486,9.3640,2.0279
63.141,-3.6466,9.3640,2.0188
63.152,-3.6466,9.3640,2.0188
63.160,-3.6446,9.3640,2.0098
63.172,-3.6446,9.3640,2.0098
63.181,-3.6426,9.3640,2.0007
63.191,-3.6426,9.3640,2.0007
63.201,-3.6406,9.3640,1.9917
63.212,-3.6406,9.3640,1.9917
63.222,-3.6386,9.3640,1.9827
63.233,-3.6386,9.3640,1.9827
63.242,-3.6366,9.3640,1.9737
63.254,-3.6366,9.3640,1.9737
63.262,-3.6346,9.3640,1.9647
63.272,-3.6346,9.3640,1.9647
63.280,-3.6326,9.3640,1.9558
63.290,-3.6326,9.3640,1.9558
63.300,-3.6306,9.3640,1.9468
63.309,-3.6306,9.3640,1.9468
63.317,-3.6306,9.3640,1.9468
63.325,-3.6286,9.3640,1.9378
63.335,-3.6286,9.3640,1.9378
63.344,-3.6265,9.3640,1.9289
63.354,-3.6265,9.3640,1.9289
63.363,-3.6244,9.3640,1.9199
63.376,-3.6244,9.3640,1.9199
63.385,-3.6223,9.3640,1.9109
63.395,-3.6223,9.3640,1.9109
63.404,-3.6200,9.3640,1.9020
63.413,-3.6200,9.3640,1.9020
63.422,-3.6178,9.3640,1.8930
63.432,-3.6178,9.3640,1.8930
63.440,-3.6154,9.3640,1.8841
63.449,-3.6154,9.3640,1.8841
63.456,-3.6154,9.3640,1.8841
63.465,-3.6130,9.3640,1.8752
63.474,-3.6130,9.3640,1.8752
63.482,-3.6106,9.3640,1.8662
63.491,-3.6106,9.3640,1.8662
63.500,-3.6080,9.3640,1.8573
63.510,-3.6080,9.3640,1.8573
63.518,-3.6080,9.3640,1.8573
63.526,-3.6054,9.3640,1.8484
63.536,-3.6054,9.3640,1.8484
63.544,-3.6028,9.3640,1.8394
63.554,-3.6028,9.3640,1.8394
63.562,-3.6001,9.3640,1.8305
63.572,-3.6001,9.3640,1.8305
63.579,-3.5974,9.3640,1.8216
63.589,-3.5974,9.3640,1.8216
63.596,-3.5974,9.3640,1.8216
63.606,-3.5947,9.3640,1.8127
63.615,-3.5947,9.3640,1.8127
63.624,-3.5920,9.3640,1.8038
63.634,-3.5920,9.3640,1.8038
63.641,-3.5893,9.3640,1.7950
63.652,-3.5893,9.3640,1.7950
63.659,-3.5867,9.3640,1.7862
63.670,-3.5867,9.3640,1.7862
63.678,-3.5867,9.3640,1.7862
63.687,-3.5840,9.3640,1.7775
63.696,-3.5840,9.3640,1.7775
63.705,-3.5814,9.3640,1.7689
63.714,-3.5814,9.3640,1.7689
63.722,-3.5787,9.3640,1.7605
63.731,-3.5787,9.3640,1.7605
63.739,-3.5761,9.3640,1.7521
63.748,-3.5761,9.3640,1.7521
63.756,-3.5761,9.3640,1.7521
63.764,-3.5735,9.3640,1.7440
63.775,-3.5735,9.3640,1.7440
63.784,-3.5709,9.3640,1.7361
63.793,-3.5709,9.3640,1.7361
63.801,-3.5684,9.3640,1.7286
63.811,-3.5684,9.3640,1.7286
63.819,-3.5659,9.3640,1.7217
63.828,-3.5659,9.3640,1.7217
63.837,-3.5659,9.3640,1.7217
63.845,-3.5636,9.3640,1.7184
63.855,-3.5636,9.3640,1.7184
63.862,-3.5613,9.3640,1.7156
63.872,-3.5613,9.3640,1.7156
63.881,-3.5590,9.3640,1.7131
63.890,-3.5590,9.3640,1.7131
63.899,-3.5568,9.3640,1.7123
63.909,-3.5568,9.3640,1.7123
63.918,-3.5545,9.3640,1.7117
63.927,-3.5545,9.3640,1.7117
63.937,-3.5545,9.3640,1.7117
63.944,-3.5523,9.3640,1.7112
63.956,-3.5523,9.3640,1.7112
63.965,-3.5501,9.3640,1.7108
63.974,-3.5501,9.3640,1.7108
63.985,-3.5478,9.3640,1.7108
63.995,-3.5478,9.3640,1.7108
64.004,-3.5456,9.3640,1.7108
64.014,-3.5456,9.3640,1.7108
64.022,-3.5434,9.3640,1.7108
64.032,-3.5434,9.3640,1.7108
64.040,-3.5411,9.3640,1.7108
64.049,-3.5411,9.3640,1.7108
64.058,-3.5411,9.3640,1.7108
64.065,-3.5389,9.3640,1.7108
64.075,-3.5389,9.3640,1.7108
64.084,-3.5366,9.3640,1.7108
64.092,-3.5366,9.3640,1.7108
64.099,-3.5344,9.3640,1.7108
64.108,-3.5344,9.3640,1.7108
64.116,-3.5344,9.3640,1.7108
64.124,-3.5321,9.3640,1.7108
64.132,-3.5321,9.3640,1.7108
64.142,-3.5298,9.3640,1.7108
64.151,-3.5298,9.3640,1.7108
64.158,-3.5298,9.3640,1.7108
64.166,-3.5276,9.3640,1.7108
64.175,-3.5276,9.3640,1.7108
64.192,-3.5253,9.3640,1.7108
64.201,-3.5230,9.3640,1.7108
64.211,-3.5230,9.3640,1.7108
64.220,-3.5207,9.3640,1.7108
64.229,-3.5207,9.3640,1.7108
64.237,-3.5207,9.3640,1.7108
64.245,-3.5184,9.3640,1.7113
64.254,-3.5184,9.3640,1.7113
64.263,-3.5161,9.3640,1.7120
64.272,-3.5161,9.3640,1.7120
64.282,-3.5138,9.3640,1.7143
64.292,-3.5138,9.3640,1.7143
64.301,-3.5114,9.3640,1.7171
64.311,-3.5114,9.3640,1.7171
64.318,-3.5091,9.3640,1.7202
64.329,-3.5091,9.3640,1.7202
64.339,-3.5067,9.3640,1.7235
64.348,-3.5067,9.3640,1.7235
64.357,-3.5067,9.3640,1.7235
64.365,-3.5044,9.3640,1.7270
64.375,-3.5044,9.3640,1.7270
64.384,-3.5020,9.3640,1.7303
64.393,-3.5020,9.3640,1.7303
64.403,-3.4997,9.3640,1.7335
64.412,-3.4997,9.3640,1.7335
64.421,-3.4973,9.3640,1.7368
64.430,-3.4973,9.3640,1.7368
64.439,-3.4950,9.3640,1.7400
64.450,-3.4950,9.3640,1.7400
64.458,-3.4950,9.3640,1.7400
64.468,-3.4927,9.3640,1.7433
64.480,-3.4903,9.3640,1.7465
64.490,-3.4903,9.3640,1.7465
64.501,-3.4880,9.3640,1.7497
64.511,-3.4880,9.3640,1.7497
64.520,-3.4856,9.3640,1.7529
64.529,-3.4856,9.3640,1.7529
64.538,-3.4856,9.3640,1.7529
64.546,-3.4833,9.3640,1.7561
64.556,-3.4833,9.3640,1.7561
64.565,-3.4809,9.3640,1.7593
64.575,-3.4809,9.3640,1.7593
64.583,-3.4786,9.3640,1.7625
64.593,-3.4786,9.3640,1.7625
64.603,-3.4762,9.3640,1.7657
64.612,-3.4762,9.3640,1.7657
64.621,-3.4739,9.3640,1.7688
64.631,-3.4739,9.3640,1.7688
64.640,-3.4715,9.3640,1.7720
64.651,-3.4715,9.3640,1.7720
64.659,-3.4692,9.3640,1.7751
64.671,-3.4692,9.3640,1.7751
64.679,-3.4669,9.3640,1.7782
64.690,-3.4669,9.3640,1.7782
64.700,-3.4645,9.3640,1.7813
64.709,-3.4645,9.3640,1.7813
64.718,-3.4645,9.3640,1.7813
64.726,-3.4622,9.3640,1.7843
64.735,-3.4622,9.3640,1.7843
64.743,-3.4598,9.3640,1.7873
64.753,-3.4598,9.3640,1.7873
64.761,-3.4575,9.3640,1.7902
64.771,-3.4575,9.3640,1.7902
64.779,-3.4551,9.3640,1.7929
64.788,-3.4551,9.3640,1.7929
64.796,-3.4551,9.3640,1.7929
64.804,-3.4528,9.3640,1.7955
64.814,-3.4528,9.3640,1.7955
64.823,-3.4504,9.3640,1.7980
64.831,-3.4504,9.3640,1.7980
64.841,-3.4481,9.3640,1.8004
64.849,-3.4481,9.3640,1.8004
64.857,-3.4481,9.3640,1.8004
64.865,-3.4457,9.3640,1.8012
64.876,-3.4457,9.3640,1.8012
64.885,-3.4433,9.3640,1.8019
64.894,-3.4433,9.3640,1.8019
64.903,-3.4410,9.3640,1.8027
64.912,-3.4410,9.3640,1.8027
64.921,-3.4386,9.3640,1.8034
64.930,-3.4386,9.3640,1.8034
64.939,-3.4362,9.3640,1.8041
64.948,-3.4362,9.3640,1.8041
64.956,-3.4362,9.3640,1.8041
64.966,-3.4339,9.3640,1.8048
64.975,-3.4339,9.3640,1.8048
64.984,-3.4315,9.3640,1.8055
64.993,-3.4315,9.3640,1.8055
65.002,-3.4291,9.3640,1.8061
65.010,-3.4291,9.3640,1.8061
65.019,-3.4268,9.3640,1.8068
65.028,-3.4268,9.3640,1.8068
65.037,-3.4268,9.3640,1.8068
65.046,-3.4244,9.3640,1.8074
65.055,-3.4244,9.3640,1.8074
65.064,-3.4220,9.3640,1.8081
65.074,-3.4220,9.3640,1.8081
65.081,-3.4196,9.3640,1.8087
65.091,-3.4196,9.3640,1.8087
65.098,-3.4196,9.3640,1.8087
65.107,-3.4172,9.3640,1.8094
65.116,-3.4172,9.3640,1.8094
65.124,-3.4147,9.3640,1.8102
65.134,-3.4147,9.3640,1.8102
65.142,-3.4121,9.3640,1.8109
65.152,-3.4121,9.3640,1.8109
65.160,-3.4095,9.3640,1.8132
65.169,-3.4095,9.3640,1.8132
65.179,-3.4039,9.3640,1.8156
65.189,-3.4039,9.3640,1.8156
65.197,-3.4039,9.3640,1.8156
65.206,-3.3980,9.3640,1.8182
65.215,-3.3980,9.3640,1.8182
65.223,-3.3919,9.3640,1.8209
65.234,-3.3919,9.3640,1.8209
65.243,-3.3858,9.3640,1.8235
65.252,-3.3858,9.3640,1.8235
65.259,-3.3796,9.3640,1.8262
65.271,-3.3796,9.3640,1.8262
65.278,-3.3796,9.3640,1.8262
65.287,-3.3735,9.3640,1.8288
65.295,-3.3735,9.3640,1.8288
65.305,-3.3675,9.3640,1.8314
65.314,-3.3675,9.3640,1.8314
65.322,-3.3614,9.3640,1.8340
65.331,-3.3614,9.3640,1.8340
65.339,-3.3554,9.3640,1.8367
65.349,-3.3554,9.3640,1.8367
65.357,-3.3554,9.3640,1.8367
65.365,-3.3493,9.3640,1.8393
65.377,-3.3493,9.3640,1.8393
65.386,-3.3433,9.3640,1.8420
65.394,-3.3433,9.3640,1.8420
65.403,-3.3372,9.3640,1.8446
65.413,-3.3372,9.3640,1.8446
65.422,-3.3311,9.3640,1.8473
65.431,-3.3311,9.3640,1.8473
65.439,-3.3250,9.3640,1.8499
65.449,-3.3250,9.3640,1.8499
65.457,-3.3250,9.3640,1.8499
65.466,-3.3190,9.3640,1.8525
65.476,-3.3190,9.3640,1.8525
65.484,-3.3129,9.3640,1.8552
65.494,-3.3129,9.3640,1.8552
65.502,-3.3069,9.3640,1.8578
65.511,-3.3069,9.3640,1.8578
65.519,-3.3009,9.3640,1.8605
65.528,-3.3009,9.3640,1.8605
65.538,-3.3009,9.3640,1.8605
65.545,-3.2949,9.3640,1.8631
65.556,-3.2949,9.3640,1.8631
65.565,-3.2888,9.3640,1.8658
65.576,-3.2888,9.3640,1.8658
65.585,-3.2828,9.3640,1.8685
65.594,-3.2828,9.3640,1.8685
65.605,-3.2768,9.3640,1.8712
65.614,-3.2768,9.3640,1.8712
65.622,-3.2707,9.3640,1.8739
65.633,-3.2707,9.3640,1.8739
65.642,-3.2647,9.3640,1.8766
65.655,-3.2647,9.3640,1.8766
65.664,-3.2587,9.3640,1.8794
65.675,-3.2587,9.3640,1.8794
65.685,-3.2526,9.3640,1.8821
65.694,-3.2526,9.3640,1.8821
65.704,-3.2466,9.3640,1.8849
65.715,-3.2466,9.3640,1.8849
65.724,-3.2406,9.3640,1.8876
65.736,-3.2406,9.3640,1.8876
65.746,-3.2345,9.3640,1.8904
65.758,-3.2345,9.3640,1.8904
65.768,-3.2285,9.3640,1.8933
65.778,-3.2224,9.3640,1.8962
65.789,-3.2224,9.3640,1.8962
65.799,-3.2164,9.3640,1.8991
65.809,-3.2164,9.3640,1.8991
65.818,-3.2164,9.3640,1.8991
65.827,-3.2104,9.3640,1.9020
65.838,-3.2104,9.3640,1.9020
65.846,-3.2043,9.3640,1.9050
65.858,-3.2043,9.3640,1.9050
65.867,-3.1983,9.3640,1.9081
65.878,-3.1983,9.3640,1.9081
65.887,-3.1922,9.3640,1.9111
65.896,-3.1922,9.3640,1.9111
65.905,-3.1861,9.3640,1.9141
65.915,-3.1861,9.3640,1.9141
65.924,-3.1801,9.3640,1.9172
65.936,-3.1801,9.3640,1.9172
65.945,-3.1740,9.3640,1.9202
65.955,-3.1740,9.3640,1.9202
65.964,-3.1680,9.3640,1.9232
65.975,-3.1680,9.3640,1.9232
65.983,-3.1620,9.3640,1.9262
65.993,-3.1620,9.3640,1.9262
66.001,-3.1559,9.3640,1.9293
66.010,-3.1559,9.3640,1.9293
66.019,-3.1499,9.3640,1.9323
66.027,-3.1499,9.3640,1.9323
66.037,-3.1499,9.3640,1.9323
66.043,-3.1439,9.3640,1.9353
66.054,-3.1439,9.3640,1.9353
66.061,-3.1379,9.3640,1.9383
66.072,-3.1379,9.3640,1.9383
66.080,-3.1318,9.3640,1.9413
66.090,-3.1318,9.3640,1.9413
66.099,-3.1258,9.3640,1.9443
66.109,-3.1258,9.3640,1.9443
66.117,-3.1258,9.3640,1.9443
66.124,-3.1198,9.3640,1.9474
66.134,-3.1198,9.3640,1.9474
66.141,-3.1138,9.3640,1.9504
66.152,-3.1138,9.3640,1.9504
66.159,-3.1077,9.3640,1.9534
66.169,-3.1077,9.3640,1.9534
66.177,-3.1077,9.3640,1.9534
66.185,-3.1017,9.3640,1.9564
66.195,-3.1017,9.3640,1.9564
66.204,-3.0957,9.3640,1.9594
66.215,-3.0957,9.3640,1.9594
66.224,-3.0897,9.3640,1.9624
66.235,-3.0897,9.3640,1.9624
66.244,-3.0836,9.3640,1.9654
66.254,-3.0836,9.3640,1.9654
66.262,-3.0776,9.3640,1.9684
66.273,-3.0776,9.3640,1.9684
66.280,-3.0716,9.3640,1.9714
66.291,-3.0716,9.3640,1.9714
66.299,-3.0656,9.3640,1.9744
66.309,-3.0656,9.3640,1.9744
66.317,-3.0656,9.3640,1.9744
66.326,-3.0596,9.3640,1.9774
66.336,-3.0596,9.3640,1.9774
66.344,-3.0536,9.3640,1.9804
66.354,-3.0536,9.3640,1.9804
66.362,-3.0476,9.3640,1.9834
66.372,-3.0476,9.3640,1.9834
66.381,-3.0416,9.3640,1.9864
66.390,-3.0416,9.3640,1.9864
66.398,-3.0416,9.3640,1.9864
66.415,-3.0356,9.3640,1.9893
66.425,-3.0296,9.3640,1.9923
66.434,-3.0296,9.3640,1.9923
66.443,-3.0236,9.3640,1.9953
66.453,-3.0236,9.3640,1.9953
66.461,-3.0176,9.3640,1.9983
66.472,-3.0176,9.3640,1.9983
66.479,-3.0116,9.3640,2.0013
66.489,-3.0116,9.3640,2.0013
66.497,-3.0116,9.3640,2.0013
66.506,-3.0056,9.3640,2.0043
66.515,-3.0056,9.3640,2.0043
66.523,-2.9996,9.3640,2.0073
66.533,-2.9996,9.3640,2.0073
66.541,-2.9936,9.3640,2.0103
66.552,-2.9936,9.3640,2.0103
66.559,-2.9876,9.3640,2.0133
66.570,-2.9876,9.3640,2.0133
66.578,-2.9876,9.3640,2.0133
66.586,-2.9816,9.3640,2.0162
66.596,-2.9816,9.3640,2.0162
66.604,-2.9756,9.3640,2.0192
66.616,-2.9756,9.3640,2.0192
66.624,-2.9696,9.3640,2.0221
66.634,-2.9696,9.3640,2.0221
66.643,-2.9636,9.3640,2.0248
66.652,-2.9636,9.3640,2.0248
66.660,-2.9577,9.3640,2.0275
66.671,-2.9577,9.3640,2.0275
66.679,-2.9517,9.3640,2.0298
66.688,-2.9517,9.3640,2.0298
66.696,-2.9517,9.3640,2.0298
66.705,-2.9458,9.3640,2.0304
66.713,-2.9458,9.3640,2.0304
66.721,-2.9399,9.3640,2.0309
66.729,-2.9399,9.3640,2.0309
66.738,-2.9399,9.3640,2.0309
66.746,-2.9341,9.3640,2.0309
66.757,-2.9341,9.3640,2.0309
66.767,-2.9282,9.3640,2.0309
66.777,-2.9282,9.3640,2.0309
66.787,-2.9223,9.3640,2.0309
66.796,-2.9223,9.3640,2.0309
66.805,-2.9165,9.3640,2.0309
66.815,-2.9165,9.3640,2.0309
66.823,-2.9106,9.3640,2.0309
66.834,-2.9106,9.3640,2.0309
66.842,-2.9048,9.3640,2.0309
66.852,-2.9048,9.3640,2.0309
66.861,-2.8989,9.3640,2.0309
66.871,-2.8989,9.3640,2.0309
66.879,-2.8931,9.3640,2.0309
66.889,-2.8931,9.3640,2.0309
66.898,-2.8931,9.3640,2.0309
66.906,-2.8872,9.3640,2.0309
66.917,-2.8872,9.3640,2.0309
66.926,-2.8813,9.3640,2.0309
66.934,-2.8813,9.3640,2.0309
66.945,-2.8755,9.3640,2.0309
66.955,-2.8755,9.3640,2.0309
66.963,-2.8697,9.3640,2.0309
66.974,-2.8697,9.3640,2.0309
66.983,-2.8639,9.3640,2.0309
66.993,-2.8639,9.3640,2.0309
67.003,-2.8581,9.3640,2.0309
67.014,-2.8581,9.3640,2.0309
67.024,-2.8523,9.3640,2.0309
67.035,-2.8523,9.3640,2.0309
67.044,-2.8465,9.3640,2.0305
67.055,-2.8465,9.3640,2.0305
67.063,-2.8407,9.3640,2.0301
67.074,-2.8407,9.3640,2.0301
67.083,-2.8349,9.3640,2.0295
67.093,-2.8349,9.3640,2.0295
67.103,-2.8291,9.3640,2.0288
67.112,-2.8291,9.3640,2.0288
67.120,-2.8233,9.3640,2.0280
67.130,-2.8233,9.3640,2.0280
67.139,-2.8175,9.3640,2.0272
67.149,-2.8175,9.3640,2.0272
67.157,-2.8175,9.3640,2.0272
67.167,-2.8118,9.3640,2.0265
67.176,-2.8118,9.3640,2.0265
67.185,-2.8060,9.3640,2.0258
67.194,-2.8060,9.3640,2.0258
67.202,-2.8003,9.3640,2.0251
67.213,-2.8003,9.3640,2.0251
67.224,-2.7945,9.3640,2.0246
67.236,-2.7945,9.3640,2.0246
67.243,-2.7887,9.3640,2.0240
67.255,-2.7887,9.3640,2.0240
67.262,-2.7830,9.3640,2.0235
67.272,-2.7830,9.3640,2.0235
67.280,-2.7772,9.3640,2.0232
67.288,-2.7772,9.3640,2.0232
67.297,-2.7772,9.3640,2.0232
67.306,-2.7715,9.3640,2.0232
67.316,-2.7715,9.3640,2.0232
67.324,-2.7657,9.3640,2.0232
67.333,-2.7657,9.3640,2.0232
67.340,-2.7600,9.3640,2.0232
67.351,-2.7600,9.3640,2.0232
67.358,-2.7600,9.3640,2.0232
67.367,-2.7542,9.3640,2.0232
67.376,-2.7542,9.3640,2.0232
67.384,-2.7485,9.3640,2.0232
67.393,-2.7485,9.3640,2.0232
67.401,-2.7427,9.3640,2.0232
67.410,-2.7427,9.3640,2.0232
67.418,-2.7427,9.3640,2.0232
67.426,-2.7369,9.3640,2.0232
67.435,-2.7369,9.3640,2.0232
67.444,-2.7312,9.3640,2.0232
67.453,-2.7312,9.3640,2.0232
67.460,-2.7254,9.3640,2.0232
67.471,-2.7254,9.3640,2.0232
67.479,-2.7196,9.3640,2.0232
67.489,-2.7196,9.3640,2.0232
67.497,-2.7196,9.3640,2.0232
67.506,-2.7139,9.3640,2.0232
67.514,-2.7139,9.3640,2.0232
67.523,-2.7081,9.3640,2.0228
67.534,-2.7081,9.3640,2.0228
67.541,-2.7023,9.3640,2.0223
67.552,-2.7023,9.3640,2.0223
67.559,-2.6966,9.3640,2.0217
67.569,-2.6966,9.3640,2.0217
67.577,-2.6966,9.3640,2.0217
67.586,-2.6908,9.3640,2.0209
67.595,-2.6908,9.3640,2.0209
67.604,-2.6851,9.3640,2.0186
67.614,-2.6851,9.3640,2.0186
67.622,-2.6794,9.3640,2.0162
67.631,-2.6794,9.3640,2.0162
67.640,-2.6736,9.3640,2.0138
67.649,-2.6736,9.3640,2.0138
67.657,-2.6736,9.3640,2.0138
67.666,-2.6679,9.3640,2.0115
67.676,-2.6679,9.3640,2.0115
67.684,-2.6621,9.3640,2.0092
67.693,-2.6621,9.3640,2.0092
67.703,-2.6564,9.3640,2.0070
67.712,-2.6564,9.3640,2.0070
67.721,-2.6506,9.3640,2.0063
67.730,-2.6506,9.3640,2.0063
67.739,-2.6449,9.3640,2.0056
67.747,-2.6449,9.3640,2.0056
67.755,-2.6449,9.3640,2.0056
67.764,-2.6391,9.3640,2.0049
67.775,-2.6391,9.3640,2.0049
67.783,-2.6334,9.3640,2.0044
67.792,-2.6334,9.3640,2.0044
67.801,-2.6277,9.3640,2.0040
67.810,-2.6277,9.3640,2.0040
67.818,-2.6219,9.3640,2.0036
67.827,-2.6219,9.3640,2.0036
67.836,-2.6219,9.3640,2.0036
67.845,-2.6162,9.3640,2.0033
67.855,-2.6162,9.3640,2.0033
67.864,-2.6104,9.3640,2.0033
67.874,-2.6104,9.3640,2.0033
67.883,-2.6047,9.3640,2.0033
67.893,-2.6047,9.3640,2.0033
67.901,-2.5990,9.3640,2.0033
67.910,-2.5990,9.3640,2.0033
67.919,-2.5932,9.3640,2.0033
67.929,-2.5932,9.3640,2.0033
67.937,-2.5932,9.3640,2.0033
67.945,-2.5875,9.3640,2.0033
67.955,-2.5875,9.3640,2.0033
67.963,-2.5818,9.3640,2.0033
67.973,-2.5818,9.3640,2.0033
67.981,-2.5760,9.3640,2.0033
67.990,-2.5760,9.3640,2.0033
67.999,-2.5703,9.3640,2.0033
68.009,-2.5703,9.3640,2.0033
68.018,-2.5703,9.3640,2.0033
68.026,-2.5646,9.3640,2.0033
68.036,-2.5646,9.3640,2.0033
68.044,-2.5588,9.3640,2.0033
68.054,-2.5588,9.3640,2.0033
68.063,-2.5531,9.3640,2.0033
68.074,-2.5531,9.3640,2.0033
68.084,-2.5474,9.3640,2.0033
68.093,-2.5474,9.3640,2.0033
68.102,-2.5417,9.3640,2.0033
68.113,-2.5417,9.3640,2.0033
68.121,-2.5360,9.3640,2.0033
68.132,-2.5360,9.3640,2.0033
68.142,-2.5304,9.3640,2.0033
68.152,-2.5304,9.3640,2.0033
68.161,-2.5247,9.3640,2.0033
68.172,-2.5247,9.3640,2.0033
68.180,-2.5191,9.3640,2.0033
68.191,-2.5191,9.3640,2.0033
68.200,-2.5134,9.3640,2.0033
68.210,-2.5134,9.3640,2.0033
68.219,-2.5078,9.3640,2.0033
68.228,-2.5078,9.3640,2.0033
68.238,-2.5078,9.3640,2.0033
68.246,-2.5022,9.3640,2.0033
68.258,-2.5022,9.3640,2.0033
68.268,-2.4966,9.3640,2.0033
68.280,-2.4910,9.3640,2.0033
68.291,-2.4910,9.3640,2.0033
68.300,-2.4855,9.3640,2.0033
68.312,-2.4855,9.3640,2.0033
68.320,-2.4799,9.3640,2.0033
68.331,-2.4799,9.3640,2.0033
68.341,-2.4742,9.3640,2.0033
68.351,-2.4742,9.3640,2.0033
68.359,-2.4686,9.3640,2.0033
68.369,-2.4686,9.3640,2.0033
68.378,-2.4686,9.3640,2.0033
68.386,-2.4630,9.3640,2.0033
68.397,-2.4630,9.3640,2.0033
68.407,-2.4574,9.3640,2.0033
68.417,-2.4574,9.3640,2.0033
68.426,-2.4517,9.3640,2.0033
68.437,-2.4517,9.3640,2.0033
68.445,-2.4461,9.3640,2.0033
68.456,-2.4461,9.3640,2.0033
68.466,-2.4404,9.3640,2.0033
68.476,-2.4404,9.3640,2.0033
68.486,-2.4346,9.3640,2.0033
68.495,-2.4346,9.3640,2.0033
68.505,-2.4289,9.3640,2.0033
68.515,-2.4289,9.3640,2.0033
68.524,-2.4231,9.3640,2.0033
68.535,-2.4231,9.3640,2.0033
68.541,-2.4172,9.3640,2.0033
68.551,-2.4172,9.3640,2.0033
68.559,-2.4113,9.3640,2.0033
68.569,-2.4113,9.3640,2.0033
68.577,-2.4113,9.3640,2.0033
68.586,-2.4053,9.3640,2.0033
68.594,-2.4053,9.3640,2.0033
68.603,-2.3992,9.3640,2.0033
68.613,-2.3992,9.3640,2.0033
68.621,-2.3930,9.3640,2.0033
68.630,-2.3930,9.3640,2.0033
68.639,-2.3867,9.3640,2.0033
68.656,-2.3867,9.3640,2.0033
68.664,-2.3803,9.3640,2.0033
68.673,-2.3803,9.3640,2.0033
68.681,-2.3739,9.3640,2.0033
68.690,-2.3739,9.3640,2.0033
68.698,-2.3674,9.3640,2.0033
68.709,-2.3674,9.3640,2.0033
68.716,-2.3674,9.3640,2.0033
68.724,-2.3609,9.3640,2.0033
68.734,-2.3609,9.3640,2.0033
68.742,-2.3542,9.3640,2.0033
68.752,-2.3542,9.3640,2.0033
68.759,-2.3476,9.3640,2.0033
68.769,-2.3476,9.3640,2.0033
68.776,-2.3476,9.3640,2.0033
68.785,-2.3409,9.3640,2.0033
68.793,-2.3409,9.3640,2.0033
68.802,-2.3342,9.3640,2.0033
68.812,-2.3342,9.3640,2.0033
68.820,-2.3274,9.3640,2.0033
68.830,-2.3274,9.3640,2.0033
68.838,-2.3207,9.3640,2.0033
68.848,-2.3207,9.3640,2.0033
68.856,-2.3207,9.3640,2.0033
68.865,-2.3138,9.3640,2.0033
68.874,-2.3138,9.3640,2.0033
68.882,-2.3070,9.3640,2.0033
68.892,-2.3070,9.3640,2.0033
68.900,-2.3001,9.3640,2.0033
68.910,-2.3001,9.3640,2.0033
68.919,-2.2931,9.3640,2.0033
68.928,-2.2931,9.3640,2.0033
68.938,-2.2931,9.3640,2.0033
68.945,-2.2862,9.3640,2.0033
68.954,-2.2862,9.3640,2.0033
68.962,-2.2792,9.3640,2.0033
68.974,-2.2792,9.3640,2.0033
68.983,-2.2722,9.3640,2.0033
68.992,-2.2722,9.3640,2.0033
69.000,-2.2652,9.3640,2.0033
69.011,-2.2652,9.3640,2.0033
69.020,-2.2582,9.3640,2.0033
69.030,-2.2582,9.3640,2.0033
69.038,-2.2582,9.3640,2.0033
69.046,-2.2512,9.3640,2.0033
69.055,-2.2512,9.3640,2.0033
69.064,-2.2442,9.3640,2.0033
69.074,-2.2442,9.3640,2.0033
69.082,-2.2372,9.3640,2.0033
69.091,-2.2372,9.3640,2.0033
69.100,-2.2302,9.3640,2.0033
69.109,-2.2302,9.3640,2.0033
69.116,-2.2302,9.3640,2.0033
69.125,-2.2232,9.3640,2.0033
69.134,-2.2232,9.3640,2.0033
69.143,-2.2162,9.3640,2.0033
69.152,-2.2162,9.3640,2.0033
69.160,-2.2092,9.3640,2.0033
69.170,-2.2092,9.3640,2.0033
69.176,-2.2092,9.3640,2.0033
69.185,-2.2022,9.3640,2.0033
69.193,-2.2022,9.3640,2.0033
69.202,-2.1952,9.3640,2.0033
69.211,-2.1952,9.3640,2.0033
69.220,-2.1882,9.3640,2.0033
69.228,-2.1882,9.3640,2.0033
69.238,-2.1882,9.3640,2.0033
69.246,-2.1812,9.3640,2.0033
69.256,-2.1812,9.3640,2.0033
69.264,-2.1742,9.3640,2.0033
69.273,-2.1742,9.3640,2.0033
69.283,-2.1672,9.3640,2.0033
69.291,-2.1672,9.3640,2.0033
69.300,-2.1602,9.3640,2.0033
69.309,-2.1602,9.3640,2.0033
69.318,-2.1602,9.3640,2.0033
69.325,-2.1532,9.3640,2.0033
69.336,-2.1532,9.3640,2.0033
69.345,-2.1462,9.3640,2.0033
69.354,-2.1462,9.3640,2.0033
69.363,-2.1392,9.3640,2.0033
69.374,-2.1392,9.3640,2.0033
69.384,-2.1322,9.3640,2.0033
69.394,-2.1322,9.3640,2.0033
69.404,-2.1252,9.3640,2.0033
69.413,-2.1252,9.3640,2.0033
69.422,-2.1182,9.3640,2.0033
69.433,-2.1182,9.3640,2.0033
69.442,-2.1112,9.3640,2.0033
69.453,-2.1112,9.3640,2.0033
69.461,-2.1042,9.3640,2.0033
69.472,-2.1042,9.3640,2.0033
69.480,-2.0972,9.3640,2.0033
69.491,-2.0972,9.3640,2.0033
69.501,-2.0902,9.3640,2.0033
69.511,-2.0902,9.3640,2.0033
69.521,-2.0832,9.3640,2.0033
69.531,-2.0832,9.3640,2.0033
69.541,-2.0762,9.3640,2.0033
69.552,-2.0762,9.3640,2.0033
69.561,-2.0692,9.3640,2.0033
69.572,-2.0692,9.3640,2.0033
69.582,-2.0622,9.3640,2.0033
69.593,-2.0622,9.3640,2.0033
69.601,-2.0552,9.3640,2.0033
69.612,-2.0552,9.3640,2.0033
69.621,-2.0482,9.3640,2.0033
69.632,-2.0482,9.3640,2.0033
69.641,-2.0412,9.3640,2.0033
69.651,-2.0412,9.3640,2.0033
69.659,-2.0342,9.3640,2.0033
69.670,-2.0342,9.3640,2.0033
69.679,-2.0272,9.3640,2.0033
69.690,-2.0272,9.3640,2.0033
69.699,-2.0202,9.3640,2.0033
69.709,-2.0202,9.3640,2.0033
69.719,-2.0132,9.3640,2.0033
69.727,-2.0132,9.3640,2.0033
69.737,-2.0132,9.3640,2.0033
69.746,-2.0062,9.3640,2.0033
69.756,-2.0062,9.3640,2.0033
69.766,-1.9992,9.3640,2.0033
69.775,-1.9992,9.3640,2.0033
69.784,-1.9922,9.3640,2.0033
69.794,-1.9922,9.3640,2.0033
69.803,-1.9852,9.3640,2.0033
69.812,-1.9852,9.3640,2.0033
69.820,-1.9782,9.3640,2.0033
69.830,-1.9782,9.3640,2.0033
69.838,-1.9782,9.3640,2.0033
69.847,-1.9712,9.3640,2.0033
69.856,-1.9712,9.3640,2.0033
69.865,-1.9642,9.3640,2.0033
69.875,-1.9642,9.3640,2.0033
69.882,-1.9572,9.3640,2.0033
69.892,-1.9572,9.3640,2.0033
69.900,-1.9502,9.3640,2.0033
69.910,-1.9502,9.3640,2.0033
69.919,-1.9432,9.3640,2.0033
69.927,-1.9432,9.3640,2.0033
69.937,-1.9432,9.3640,2.0033
69.944,-1.9362,9.3640,2.0033
69.955,-1.9362,9.3640,2.0033
69.962,-1.9292,9.3640,2.0033
69.973,-1.9292,9.3640,2.0033
69.981,-1.9222,9.3640,2.0033
69.991,-1.9222,9.3640,2.0033
70.001,-1.9152,9.3640,2.0033
70.011,-1.9152,9.3640,2.0033
70.019,-1.9082,9.3640,2.0033
70.029,-1.9082,9.3640,2.0033
70.038,-1.9082,9.3640,2.0033
70.047,-1.9012,9.3640,2.0033
70.056,-1.9012,9.3640,2.0033
70.065,-1.8942,9.3640,2.0033
70.075,-1.8942,9.3640,2.0033
70.083,-1.8872,9.3640,2.0033
70.092,-1.8872,9.3640,2.0033
70.100,-1.8802,9.3640,2.0033
70.109,-1.8802,9.3640,2.0033
70.118,-1.8802,9.3640,2.0033
70.126,-1.8732,9.3640,2.0033
70.137,-1.8732,9.3640,2.0033
70.144,-1.8662,9.3640,2.0033
70.154,-1.8662,9.3640,2.0033
70.162,-1.8592,9.3640,2.0033
70.173,-1.8592,9.3640,2.0033
70.180,-1.8522,9.3640,2.0033
70.190,-1.8522,9.3640,2.0033
70.197,-1.8522,9.3640,2.0033
70.207,-1.8452,9.3640,2.0033
70.217,-1.8452,9.3640,2.0033
70.225,-1.8382,9.3640,2.0033
70.235,-1.8382,9.3640,2.0033
70.243,-1.8312,9.3640,2.0033
70.253,-1.8312,9.3640,2.0033
70.261,-1.8242,9.3640,2.0033
70.271,-1.8242,9.3640,2.0033
70.279,-1.8172,9.3640,2.0033
70.289,-1.8172,9.3640,2.0033
70.297,-1.8172,9.3640,2.0033
70.306,-1.8102,9.3640,2.0033
70.315,-1.8102,9.3640,2.0033
70.324,-1.8032,9.3640,2.0033
70.334,-1.8032,9.3640,2.0033
70.343,-1.7962,9.3640,2.0033
70.351,-1.7962,9.3640,2.0033
70.359,-1.7892,9.3640,2.0033
70.370,-1.7892,9.3640,2.0033
70.378,-1.7892,9.3640,2.0033
70.386,-1.7822,9.3640,2.0033
70.394,-1.7822,9.3640,2.0033
70.404,-1.7752,9.3640,2.0033
70.411,-1.7752,9.3640,2.0033
70.420,-1.7682,9.3640,2.0033
70.429,-1.7682,9.3640,2.0033
70.439,-1.7612,9.3640,2.0033
70.447,-1.7612,9.3640,2.0033
70.455,-1.7612,9.3640,2.0033
70.464,-1.7542,9.3640,2.0033
70.474,-1.7542,9.3640,2.0033
70.483,-1.7472,9.3640,2.0033
70.492,-1.7472,9.3640,2.0033
70.501,-1.7402,9.3640,2.0033
70.510,-1.7402,9.3640,2.0033
70.520,-1.7332,9.3640,2.0033
70.529,-1.7332,9.3640,2.0033
70.537,-1.7332,9.3640,2.0033
70.546,-1.7262,9.3640,2.0033
70.554,-1.7262,9.3640,2.0033
70.562,-1.7192,9.3640,2.0033
70.572,-1.7192,9.3640,2.0033
70.581,-1.7122,9.3640,2.0033
70.589,-1.7122,9.3640,2.0033
70.597,-1.7122,9.3640,2.0033
70.606,-1.7052,9.3640,2.0033
70.616,-1.7052,9.3640,2.0033
70.625,-1.6982,9.3640,2.0033
70.635,-1.6982,9.3640,2.0033
70.644,-1.6912,9.3640,2.0033
70.654,-1.6912,9.3640,2.0033
70.662,-1.6842,9.3640,2.0033
70.674,-1.6842,9.3640,2.0033
70.683,-1.6771,9.3640,2.0033
70.692,-1.6771,9.3640,2.0033
70.702,-1.6701,9.3640,2.0033
70.711,-1.6701,9.3640,2.0033
70.721,-1.6631,9.3640,2.0033
70.732,-1.6631,9.3640,2.0033
70.741,-1.6561,9.3640,2.0033
70.752,-1.6561,9.3640,2.0033
70.760,-1.6491,9.3640,2.0033
70.770,-1.6491,9.3640,2.0033
70.780,-1.6421,9.3640,2.0033
70.789,-1.6421,9.3640,2.0033
70.800,-1.6351,9.3640,2.0033
70.810,-1.6351,9.3640,2.0033
70.820,-1.6281,9.3640,2.0033
70.831,-1.6281,9.3640,2.0033
70.842,-1.6211,9.3640,2.0033
70.852,-1.6211,9.3640,2.0033
70.860,-1.6141,9.3640,2.0033
70.873,-1.6141,9.3640,2.0033
70.881,-1.6071,9.3640,2.0033
70.890,-1.6071,9.3640,2.0033
70.908,-1.6001,9.3640,2.0033
70.920,-1.5931,9.3640,2.0033
70.928,-1.5931,9.3640,2.0033
70.938,-1.5931,9.3640,2.0033
70.947,-1.5861,9.3640,2.0033
70.956,-1.5861,9.3640,2.0033
70.966,-1.5791,9.3640,2.0033
70.976,-1.5791,9.3640,2.0033
70.985,-1.5721,9.3640,2.0033
70.996,-1.5721,9.3640,2.0033
71.006,-1.5651,9.3640,2.0033
71.016,-1.5651,9.3640,2.0033
71.026,-1.5581,9.3640,2.0033
71.037,-1.5581,9.3640,2.0033
71.046,-1.5511,9.3640,2.0033
71.057,-1.5511,9.3640,2.0033
71.065,-1.5441,9.3640,2.0033
71.076,-1.5441,9.3640,2.0033
71.084,-1.5371,9.3640,2.0033
71.094,-1.5371,9.3640,2.0033
71.103,-1.5301,9.3640,2.0033
71.113,-1.5301,9.3640,2.0033
71.122,-1.5231,9.3640,2.0033
71.130,-1.5231,9.3640,2.0033
71.139,-1.5161,9.3640,2.0033
71.148,-1.5161,9.3640,2.0033
71.156,-1.5161,9.3640,2.0033
71.165,-1.5091,9.3640,2.0033
71.174,-1.5091,9.3640,2.0033
71.183,-1.5021,9.3640,2.0033
71.192,-1.5021,9.3640,2.0033
71.201,-1.4951,9.3640,2.0033
71.211,-1.4951,9.3640,2.0033
71.220,-1.4881,9.3640,2.0033
71.228,-1.4881,9.3640,2.0033
71.237,-1.4881,9.3640,2.0033
71.246,-1.4811,9.3640,2.0033
71.255,-1.4811,9.3640,2.0033
71.263,-1.4741,9.3640,2.0033
71.272,-1.4741,9.3640,2.0033
71.281,-1.4671,9.3640,2.0033
71.289,-1.4671,9.3640,2.0033
71.298,-1.4671,9.3640,2.0033
71.307,-1.4601,9.3640,2.0033
71.317,-1.4601,9.3640,2.0033
71.325,-1.4531,9.3640,2.0033
71.334,-1.4531,9.3640,2.0033
71.342,-1.4461,9.3640,2.0033
71.352,-1.4461,9.3640,2.0033
71.360,-1.4391,9.3640,2.0033
71.370,-1.4391,9.3640,2.0033
71.377,-1.4391,9.3640,2.0033
71.386,-1.4321,9.3640,2.0033
71.397,-1.4321,9.3640,2.0033
71.405,-1.4251,9.3640,2.0033
71.415,-1.4251,9.3640,2.0033
71.424,-1.4181,9.3640,2.0033
71.433,-1.4181,9.3640,2.0033
71.442,-1.4111,9.3640,2.0033
71.452,-1.4111,9.3640,2.0033
71.460,-1.4041,9.3640,2.0033
71.471,-1.4041,9.3640,2.0033
71.480,-1.3971,9.3640,2.0033
71.489,-1.3971,9.3640,2.0033
71.498,-1.3971,9.3640,2.0033
71.506,-1.3901,9.3640,2.0033
71.516,-1.3901,9.3640,2.0033
71.525,-1.3831,9.3640,2.0033
71.534,-1.3831,9.3640,2.0033
71.543,-1.3761,9.3640,2.0033
71.552,-1.3761,9.3640,2.0033
71.559,-1.3691,9.3640,2.0033
71.568,-1.3691,9.3640,2.0033
71.577,-1.3691,9.3640,2.0033
71.586,-1.3621,9.3640,2.0033
71.595,-1.3621,9.3640,2.0033
71.606,-1.3551,9.3640,2.0033
71.615,-1.3551,9.3640,2.0033
71.623,-1.3481,9.3640,2.0033
71.634,-1.3481,9.3640,2.0033
71.642,-1.3411,9.3640,2.0033
71.652,-1.3411,9.3640,2.0033
71.660,-1.3341,9.3640,2.0033
71.671,-1.3341,9.3640,2.0033
71.678,-1.3341,9.3640,2.0033
71.687,-1.3271,9.3640,2.0033
71.695,-1.3271,9.3640,2.0033
71.704,-1.3201,9.3640,2.0033
71.714,-1.3201,9.3640,2.0033
71.722,-1.3131,9.3640,2.0033
71.733,-1.3131,9.3640,2.0033
71.741,-1.3061,9.3640,2.0033
71.751,-1.3061,9.3640,2.0033
71.759,-1.2991,9.3640,2.0033
71.769,-1.2991,9.3640,2.0033
71.777,-1.2991,9.3640,2.0033
71.784,-1.2921,9.3640,2.0033
71.795,-1.2921,9.3640,2.0033
71.804,-1.2851,9.3640,2.0033
71.813,-1.2851,9.3640,2.0033
71.823,-1.2781,9.3640,2.0033
71.832,-1.2781,9.3640,2.0033
71.840,-1.2711,9.3640,2.0033
71.850,-1.2711,9.3640,2.0033
71.858,-1.2711,9.3640,2.0033
71.868,-1.2641,9.3640,2.0033
71.877,-1.2641,9.3640,2.0033
71.885,-1.2571,9.3640,2.0033
71.894,-1.2571,9.3640,2.0033
71.904,-1.2501,9.3640,2.0033
71.913,-1.2501,9.3640,2.0033
71.922,-1.2431,9.3640,2.0033
71.932,-1.2431,9.3640,2.0033
71.942,-1.2361,9.3640,2.0033
71.951,-1.2361,9.3640,2.0033
71.960,-1.2291,9.3640,2.0033
71.971,-1.2291,9.3640,2.0033
71.979,-1.2221,9.3640,2.0033
71.989,-1.2221,9.3640,2.0033
71.997,-1.2221,9.3640,2.0033
72.007,-1.2151,9.3640,2.0033
72.019,-1.2081,9.3640,2.0033
72.029,-1.2081,9.3640,2.0033
72.038,-1.2011,9.3640,2.0033
72.048,-1.2011,9.3640,2.0033
72.057,-1.2011,9.3640,2.0033
72.066,-1.1941,9.3640,2.0033
72.075,-1.1941,9.3640,2.0033
72.085,-1.1871,9.3640,2.0033
72.095,-1.1871,9.3640,2.0033
72.105,-1.1801,9.3640,2.0033
72.116,-1.1801,9.3640,2.0033
72.125,-1.1731,9.3640,2.0033
72.138,-1.1731,9.3640,2.0033
72.146,-1.1661,9.3640,2.0033
72.156,-1.1661,9.3640,2.0033
72.166,-1.1591,9.3640,2.0033
72.177,-1.1591,9.3640,2.0033
72.186,-1.1521,9.3640,2.0033
72.196,-1.1521,9.3640,2.0033
72.205,-1.1451,9.3640,2.0033
72.216,-1.1451,9.3640,2.0033
72.225,-1.1381,9.3640,2.0033
72.236,-1.1381,9.3640,2.0033
72.245,-1.1311,9.3640,2.0033
72.255,-1.1311,9.3640,2.0033
72.264,-1.1241,9.3640,2.0033
72.274,-1.1241,9.3640,2.0033
72.283,-1.1171,9.3640,2.0033
72.293,-1.1171,9.3640,2.0033
72.304,-1.1101,9.3640,2.0033
72.313,-1.1101,9.3640,2.0033
72.323,-1.1031,9.3640,2.0033
72.334,-1.1031,9.3640,2.0033
72.343,-1.0961,9.3640,2.0033
72.353,-1.0961,9.3640,2.0033
72.361,-1.0891,9.3640,2.0033
72.371,-1.0891,9.3640,2.0033
72.378,-1.0821,9.3640,2.0033
72.388,-1.0821,9.3640,2.0033
72.397,-1.0821,9.3640,2.0033
72.406,-1.0751,9.3640,2.0033
72.415,-1.0751,9.3640,2.0033
72.424,-1.0681,9.3640,2.0033
72.434,-1.0681,9.3640,2.0033
72.442,-1.0611,9.3640,2.0033
72.451,-1.0611,9.3640,2.0033
72.460,-1.0541,9.3640,2.0033
72.472,-1.0541,9.3640,2.0033
72.480,-1.0471,9.3640,2.0033
72.491,-1.0471,9.3640,2.0033
72.501,-1.0401,9.3640,2.0033
72.511,-1.0401,9.3640,2.0033
72.519,-1.0331,9.3640,2.0033
72.530,-1.0331,9.3640,2.0033
72.540,-1.0261,9.3640,2.0033
72.550,-1.0261,9.3640,2.0033
72.558,-1.0261,9.3640,2.0033
72.567,-1.0191,9.3640,2.0033
72.577,-1.0191,9.3640,2.0033
72.586,-1.0121,9.3640,2.0033
72.596,-1.0121,9.3640,2.0033
72.607,-1.0051,9.3640,2.0033
72.617,-1.0051,9.3640,2.0033
72.625,-0.9981,9.3640,2.0033
72.635,-0.9981,9.3640,2.0033
72.645,-0.9911,9.3640,2.0033
72.656,-0.9911,9.3640,2.0033
72.665,-0.9841,9.3640,2.0033
72.674,-0.9841,9.3640,2.0033
72.684,-0.9771,9.3640,2.0033
72.694,-0.9771,9.3640,2.0033
72.703,-0.9701,9.3640,2.0033
72.713,-0.9701,9.3640,2.0033
72.722,-0.9631,9.3640,2.0033
72.732,-0.9631,9.3640,2.0033
72.741,-0.9561,9.3640,2.0033
72.751,-0.9561,9.3640,2.0033
72.758,-0.9491,9.3640,2.0033
72.768,-0.9491,9.3640,2.0033
72.776,-0.9491,9.3640,2.0033
72.785,-0.9421,9.3640,2.0033
72.794,-0.9421,9.3640,2.0033
72.803,-0.9351,9.3640,2.0033
72.812,-0.9351,9.3640,2.0033
72.821,-0.9281,9.3640,2.0033
72.830,-0.9281,9.3640,2.0033
72.838,-0.9281,9.3640,2.0033
72.847,-0.9211,9.3640,2.0033
72.857,-0.9211,9.3640,2.0033
72.866,-0.9141,9.3640,2.0033
72.875,-0.9141,9.3640,2.0033
72.885,-0.9071,9.3640,2.0033
72.892,-0.9071,9.3640,2.0033
72.901,-0.9001,9.3640,2.0033
72.910,-0.9001,9.3640,2.0033
72.918,-0.9001,9.3640,2.0033
72.926,-0.8931,9.3640,2.0033
72.937,-0.8931,9.3640,2.0033
72.946,-0.8861,9.3640,2.0033
72.956,-0.8861,9.3640,2.0033
72.965,-0.8791,9.3640,2.0033
72.976,-0.8791,9.3640,2.0033
72.985,-0.8721,9.3640,2.0033
72.995,-0.8721,9.3640,2.0033
73.005,-0.8651,9.3640,2.0033
73.014,-0.8651,9.3640,2.0033
73.024,-0.8581,9.3640,2.0033
73.034,-0.8581,9.3640,2.0033
73.043,-0.8511,9.3640,2.0033
73.053,-0.8511,9.3640,2.0033
73.061,-0.8441,9.3640,2.0033
73.071,-0.8441,9.3640,2.0033
73.080,-0.8371,9.3640,2.0033
73.091,-0.8371,9.3640,2.0033
73.100,-0.8301,9.3640,2.0033
73.109,-0.8301,9.3640,2.0033
73.118,-0.8301,9.3640,2.0033
73.127,-0.8231,9.3640,2.0033
73.138,-0.8231,9.3640,2.0033
73.147,-0.8161,9.3640,2.0033
73.157,-0.8161,9.3640,2.0033
73.167,-0.8091,9.3640,2.0033
73.178,-0.8091,9.3640,2.0033
73.187,-0.8021,9.3640,2.0033
73.197,-0.8021,9.3640,2.0033
73.215,-0.7951,9.3640,2.0033
73.225,-0.7881,9.3640,2.0033
73.236,-0.7881,9.3640,2.0033
73.245,-0.7811,9.3640,2.0033
73.255,-0.7811,9.3640,2.0033
73.265,-0.7741,9.3640,2.0033
73.276,-0.7741,9.3640,2.0033
73.285,-0.7671,9.3640,2.0033
73.294,-0.7671,9.3640,2.0033
73.305,-0.7601,9.3640,2.0033
73.316,-0.7601,9.3640,2.0033
73.324,-0.7531,9.3640,2.0033
73.335,-0.7531,9.3640,2.0033
73.343,-0.7461,9.3640,2.0033
73.354,-0.7461,9.3640,2.0033
73.364,-0.7391,9.3640,2.0033
73.373,-0.7391,9.3640,2.0033
73.384,-0.7321,9.3640,2.0033
73.396,-0.7321,9.3640,2.0033
73.405,-0.7251,9.3640,2.0033
73.416,-0.7251,9.3640,2.0033
73.425,-0.7181,9.3640,2.0033
73.435,-0.7181,9.3640,2.0033
73.445,-0.7111,9.3640,2.0033
73.455,-0.7111,9.3640,2.0033
73.463,-0.7041,9.3640,2.0033
73.474,-0.7041,9.3640,2.0033
73.483,-0.6971,9.3640,2.0033
73.492,-0.6971,9.3640,2.0033
73.502,-0.6901,9.3640,2.0033
73.511,-0.6901,9.3640,2.0033
73.520,-0.6831,9.3640,2.0033
73.530,-0.6831,9.3640,2.0033
73.538,-0.6761,9.3640,2.0033
73.549,-0.6761,9.3640,2.0033
73.558,-0.6761,9.3640,2.0033
73.568,-0.6691,9.3640,2.0033
73.578,-0.6691,9.3640,2.0033
73.586,-0.6621,9.3640,2.0033
73.597,-0.6621,9.3640,2.0033
73.605,-0.6551,9.3640,2.0033
73.616,-0.6551,9.3640,2.0033
73.626,-0.6482,9.3640,2.0033
73.637,-0.6482,9.3640,2.0033
73.644,-0.6412,9.3640,2.0033
73.655,-0.6412,9.3640,2.0033
73.663,-0.6342,9.3640,2.0033
73.673,-0.6342,9.3640,2.0033
73.681,-0.6272,9.3640,2.0033
73.691,-0.6272,9.3640,2.0033
73.699,-0.6202,9.3640,2.0033
73.709,-0.6202,9.3640,2.0033
73.718,-0.6202,9.3640,2.0033
73.726,-0.6132,9.3640,2.0033
73.736,-0.6132,9.3640,2.0033
73.744,-0.6062,9.3640,2.0033
73.754,-0.6062,9.3640,2.0033
73.761,-0.5992,9.3640,2.0033
73.771,-0.5992,9.3640,2.0033
73.779,-0.5922,9.3640,2.0033
73.789,-0.5922,9.3640,2.0033
73.798,-0.5922,9.3640,2.0033
73.805,-0.5852,9.3640,2.0033
73.816,-0.5852,9.3640,2.0033
73.823,-0.5782,9.3640,2.0033
73.833,-0.5782,9.3640,2.0033
73.842,-0.5712,9.3640,2.0033
73.852,-0.5712,9.3640,2.0033
73.861,-0.5642,9.3640,2.0033
73.871,-0.5642,9.3640,2.0033
73.879,-0.5572,9.3640,2.0033
73.888,-0.5572,9.3640,2.0033
73.896,-0.5572,9.3640,2.0033
73.906,-0.5502,9.3640,2.0033
73.914,-0.5502,9.3640,2.0033
73.923,-0.5432,9.3640,2.0033
73.933,-0.5432,9.3640,2.0033
73.942,-0.5362,9.3640,2.0033
73.951,-0.5362,9.3640,2.0033
73.959,-0.5292,9.3640,2.0033
73.970,-0.5292,9.3640,2.0033
73.978,-0.5292,9.3640,2.0033
73.986,-0.5222,9.3640,2.0033
73.995,-0.5222,9.3640,2.0033
74.005,-0.5152,9.3640,2.0033
74.013,-0.5152,9.3640,2.0033
74.022,-0.5082,9.3640,2.0033
74.032,-0.5082,9.3640,2.0033
74.041,-0.5012,9.3640,2.0033
74.051,-0.5012,9.3640,2.0033
74.058,-0.5012,9.3640,2.0033
74.068,-0.4942,9.3640,2.0033
74.077,-0.4942,9.3640,2.0033
74.087,-0.4872,9.3640,2.0033
74.095,-0.4872,9.3640,2.0033
74.104,-0.4802,9.3640,2.0033
74.114,-0.4802,9.3640,2.0033
74.121,-0.4732,9.3640,2.0033
74.130,-0.4732,9.3640,2.0033
74.139,-0.4662,9.3640,2.0033
74.149,-0.4662,9.3640,2.0033
74.157,-0.4662,9.3640,2.0033
74.165,-0.4592,9.3640,2.0033
74.175,-0.4592,9.3640,2.0033
74.183,-0.4522,9.3640,2.0033
74.192,-0.4522,9.3640,2.0033
74.200,-0.4452,9.3640,2.0033
74.210,-0.4452,9.3640,2.0033
74.218,-0.4382,9.3640,2.0033
74.228,-0.4382,9.3640,2.0033
74.237,-0.4382,9.3640,2.0033
74.244,-0.4312,9.3640,2.0033
74.254,-0.4312,9.3640,2.0033
74.262,-0.4242,9.3640,2.0033
74.272,-0.4242,9.3640,2.0033
74.281,-0.4172,9.3640,2.0033
74.291,-0.4172,9.3640,2.0033
74.300,-0.4102,9.3640,2.0033
74.308,-0.4102,9.3640,2.0033
74.318,-0.4102,9.3640,2.0033
74.326,-0.4032,9.3640,2.0033
74.337,-0.4032,9.3640,2.0033
74.345,-0.3962,9.3640,2.0033
74.354,-0.3962,9.3640,2.0033
74.363,-0.3892,9.3640,2.0033
74.371,-0.3892,9.3640,2.0033
74.380,-0.3822,9.3640,2.0033
74.391,-0.3822,9.3640,2.0033
74.399,-0.3752,9.3640,2.0033
74.408,-0.3752,9.3640,2.0033
74.417,-0.3752,9.3640,2.0033
74.426,-0.3682,9.3640,2.0033
74.437,-0.3682,9.3640,2.0033
74.445,-0.3612,9.3640,2.0033
74.456,-0.3612,9.3640,2.0033
74.464,-0.3542,9.3640,2.0033
74.474,-0.3542,9.3640,2.0033
74.483,-0.3472,9.3640,2.0033
74.493,-0.3472,9.3640,2.0033
74.503,-0.3402,9.3640,2.0033
74.513,-0.3402,9.3640,2.0033
74.523,-0.3332,9.3640,2.0033
74.534,-0.3332,9.3640,2.0033
74.544,-0.3262,9.3640,2.0033
74.556,-0.3262,9.3640,2.0033
74.567,-0.3192,9.3640,2.0033
74.578,-0.3192,9.3640,2.0033
74.588,-0.3122,9.3640,2.0033
74.600,-0.3052,9.3640,2.0033
74.610,-0.3052,9.3640,2.0033
74.620,-0.2982,9.3640,2.0033
74.631,-0.2982,9.3640,2.0033
74.642,-0.2912,9.3640,2.0033
74.656,-0.2912,9.3640,2.0033
74.668,-0.2842,9.3640,2.0033
74.680,-0.2772,9.3640,2.0033
74.692,-0.2772,9.3640,2.0033
74.702,-0.2702,9.3640,2.0033
74.714,-0.2702,9.3640,2.0033
74.724,-0.2632,9.3640,2.0033
74.735,-0.2632,9.3640,2.0033
74.743,-0.2562,9.3640,2.0033
74.753,-0.2562,9.3640,2.0033
74.760,-0.2492,9.3640,2.0033
74.772,-0.2492,9.3640,2.0033
74.781,-0.2422,9.3640,2.0033
74.789,-0.2422,9.3640,2.0033
74.799,-0.2352,9.3640,2.0033
74.809,-0.2352,9.3640,2.0033
74.818,-0.2352,9.3640,2.0033
74.826,-0.2282,9.3640,2.0033
74.837,-0.2282,9.3640,2.0033
74.846,-0.2212,9.3640,2.0033
74.855,-0.2212,9.3640,2.0033
74.864,-0.2142,9.3640,2.0033
74.874,-0.2142,9.3640,2.0033
74.883,-0.2072,9.3640,2.0033
74.893,-0.2072,9.3640,2.0033
74.902,-0.2002,9.3640,2.0033
74.912,-0.2002,9.3640,2.0033
74.921,-0.1932,9.3640,2.0033
74.930,-0.1932,9.3640,2.0033
74.938,-0.1932,9.3640,2.0033
74.945,-0.1862,9.3640,2.0033
74.955,-0.1862,9.3640,2.0033
74.963,-0.1792,9.3640,2.0033
74.973,-0.1792,9.3640,2.0033
74.981,-0.1722,9.3640,2.0033
74.991,-0.1722,9.3640,2.0033
74.999,-0.1652,9.3640,2.0033
75.008,-0.1652,9.3640,2.0033
75.017,-0.1652,9.3640,2.0033
75.025,-0.1582,9.3640,2.0033
75.034,-0.1582,9.3640,2.0033
75.042,-0.1512,9.3640,2.0033
75.053,-0.1512,9.3640,2.0033
75.061,-0.1442,9.3640,2.0033
75.071,-0.1442,9.3640,2.0033
75.079,-0.1372,9.3640,2.0033
75.088,-0.1372,9.3640,2.0033
75.095,-0.1372,9.3640,2.0033
75.104,-0.1302,9.3640,2.0033
75.113,-0.1302,9.3640,2.0033
75.121,-0.1232,9.3640,2.0033
75.131,-0.1232,9.3640,2.0033
75.141,-0.1162,9.3640,2.0033
75.151,-0.1162,9.3640,2.0033
75.159,-0.1092,9.3640,2.0033
75.167,-0.1092,9.3640,2.0033
75.176,-0.1092,9.3640,2.0033
75.184,-0.1022,9.3640,2.0033
75.193,-0.1022,9.3640,2.0033
75.201,-0.0952,9.3640,2.0033
75.210,-0.0952,9.3640,2.0033
75.219,-0.0882,9.3640,2.0033
75.227,-0.0882,9.3640,2.0033
75.236,-0.0882,9.3640,2.0033
75.243,-0.0812,9.3640,2.0033
75.253,-0.0812,9.3640,2.0033
75.260,-0.0742,9.3640,2.0033
75.271,-0.0742,9.3640,2.0033
75.278,-0.0742,9.3640,2.0033
75.287,-0.0672,9.3640,2.0033
75.295,-0.0672,9.3640,2.0033
75.304,-0.0602,9.3640,2.0033
75.313,-0.0602,9.3640,2.0033
75.321,-0.0532,9.3640,2.0033
75.330,-0.0532,9.3640,2.0033
75.339,-0.0462,9.3640,2.0033
75.348,-0.0462,9.3640,2.0033
75.356,-0.0462,9.3640,2.0033
75.365,-0.0392,9.3640,2.0033
75.373,-0.0392,9.3640,2.0033
75.381,-0.0322,9.3640,2.0033
75.390,-0.0322,9.3640,2.0033
75.400,-0.0252,9.3640,2.0033
75.409,-0.0252,9.3640,2.0033
75.417,-0.0252,9.3640,2.0033
75.425,-0.0182,9.3640,2.0033
75.435,-0.0182,9.3640,2.0033
75.445,-0.0112,9.3640,2.0033
75.454,-0.0112,9.3640,2.0033
75.464,-0.0042,9.3640,2.0033
75.474,-0.0042,9.3640,2.0033
75.483,0.0028,9.3640,2.0033
75.492,0.0028,9.3640,2.0033
75.501,0.0098,9.3640,2.0033
75.517,0.0098,9.3640,2.0033
75.525,0.0168,9.3640,2.0033
75.536,0.0168,9.3640,2.0033
75.544,0.0238,9.3640,2.0033
75.553,0.0238,9.3640,2.0033
75.560,0.0308,9.3640,2.0033
75.571,0.0308,9.3640,2.0033
75.578,0.0308,9.3640,2.0033
75.587,0.0378,9.3640,2.0033
75.596,0.0378,9.3640,2.0033
75.605,0.0448,9.3640,2.0033
75.613,0.0448,9.3640,2.0033
75.622,0.0518,9.3640,2.0033
75.631,0.0518,9.3640,2.0033
75.638,0.0518,9.3640,2.0033
75.647,0.0588,9.3640,2.0033
75.657,0.0588,9.3640,2.0033
75.666,0.0658,9.3640,2.0033
75.675,0.0658,9.3640,2.0033
75.683,0.0728,9.3640,2.0033
75.691,0.0728,9.3640,2.0033
75.699,0.0798,9.3640,2.0033
75.709,0.0798,9.3640,2.0033
75.717,0.0798,9.3640,2.0033
75.725,0.0868,9.3640,2.0033
75.736,0.0868,9.3640,2.0033
75.744,0.0938,9.3640,2.0033
75.754,0.0938,9.3640,2.0033
75.762,0.1008,9.3640,2.0033
75.773,0.1008,9.3640,2.0033
75.782,0.1078,9.3640,2.0033
75.792,0.1078,9.3640,2.0033
75.800,0.1148,9.3640,2.0033
75.810,0.1148,9.3640,2.0033
75.819,0.1218,9.3640,2.0033
75.829,0.1218,9.3640,2.0033
75.838,0.1218,9.3640,2.0033
75.846,0.1288,9.3640,2.0033
75.856,0.1288,9.3640,2.0033
75.865,0.1358,9.3640,2.0033
75.876,0.1358,9.3640,2.0033
75.884,0.1428,9.3640,2.0033
75.894,0.1428,9.3640,2.0033
75.904,0.1498,9.3640,2.0033
75.914,0.1498,9.3640,2.0033
75.922,0.1568,9.3640,2.0033
75.932,0.1568,9.3640,2.0033
75.941,0.1638,9.3640,2.0033
75.952,0.1638,9.3640,2.0033
75.961,0.1708,9.3640,2.0033
75.972,0.1708,9.3640,2.0033
75.981,0.1778,9.3640,2.0033
75.991,0.1778,9.3640,2.0033
76.000,0.1848,9.3640,2.0033
76.009,0.1848,9.3640,2.0033
76.018,0.1848,9.3640,2.0033
76.026,0.1918,9.3640,2.0033
76.036,0.1918,9.3640,2.0033
76.045,0.1988,9.3640,2.0033
76.055,0.1988,9.3640,2.0033
76.064,0.2058,9.3640,2.0033
76.075,0.2058,9.3640,2.0033
76.084,0.2128,9.3640,2.0033
76.092,0.2128,9.3640,2.0033
76.102,0.2198,9.3640,2.0033
76.112,0.2198,9.3640,2.0033
76.121,0.2268,9.3640,2.0033
76.129,0.2268,9.3640,2.0033
76.139,0.2338,9.3640,2.0033
76.150,0.2338,9.3640,2.0033
76.159,0.2408,9.3640,2.0033
76.170,0.2408,9.3640,2.0033
76.178,0.2478,9.3640,2.0033
76.188,0.2478,9.3640,2.0033
76.197,0.2478,9.3640,2.0033
76.205,0.2548,9.3640,2.0033
76.215,0.2548,9.3640,2.0033
76.223,0.2618,9.3640,2.0033
76.232,0.2618,9.3640,2.0033
76.241,0.2688,9.3640,2.0033
76.249,0.2688,9.3640,2.0033
76.258,0.2758,9.3640,2.0033
76.267,0.2758,9.3640,2.0033
76.275,0.2758,9.3640,2.0033
76.283,0.2828,9.3640,2.0033
76.293,0.2828,9.3640,2.0033
76.300,0.2898,9.3640,2.0033
76.310,0.2898,9.3640,2.0033
76.318,0.2898,9.3640,2.0033
76.326,0.2968,9.3640,2.0033
76.336,0.2968,9.3640,2.0033
76.344,0.3038,9.3640,2.0033
76.354,0.3038,9.3640,2.0033
76.361,0.3108,9.3640,2.0033
76.372,0.3108,9.3640,2.0033
76.380,0.3178,9.3640,2.0033
76.389,0.3178,9.3640,2.0033
76.396,0.3178,9.3640,2.0033
76.405,0.3248,9.3640,2.0033
76.414,0.3248,9.3640,2.0033
76.423,0.3318,9.3640,2.0033
76.432,0.3318,9.3640,2.0033
76.439,0.3388,9.3640,2.0033
76.450,0.3388,9.3640,2.0033
76.457,0.3388,9.3640,2.0033
76.467,0.3458,9.3640,2.0033
76.477,0.3458,9.3640,2.0033
76.485,0.3528,9.3640,2.0033
76.493,0.3528,9.3640,2.0033
76.503,0.3598,9.3640,2.0033
76.512,0.3598,9.3640,2.0033
76.520,0.3668,9.3640,2.0033
76.529,0.3668,9.3640,2.0033
76.538,0.3738,9.3640,2.0033
76.547,0.3738,9.3640,2.0033
76.556,0.3738,9.3640,2.0033
76.565,0.3808,9.3640,2.0033
76.574,0.3808,9.3640,2.0033
76.583,0.3878,9.3640,2.0033
76.592,0.3878,9.3640,2.0033
76.600,0.3948,9.3640,2.0033
76.610,0.3948,9.3640,2.0033
76.618,0.3948,9.3640,2.0033
76.626,0.4018,9.3640,2.0033
76.637,0.4018,9.3640,2.0033
76.645,0.4088,9.3640,2.0033
76.655,0.4088,9.3640,2.0033
76.662,0.4158,9.3640,2.0033
76.673,0.4158,9.3640,2.0033
76.681,0.4228,9.3640,2.0033
76.691,0.4228,9.3640,2.0033
76.704,0.4298,9.3640,2.0033
76.717,0.4298,9.3640,2.0033
76.729,0.4368,9.3640,2.0033
76.742,0.4438,9.3640,2.0033
76.752,0.4438,9.3640,2.0033
76.762,0.4508,9.3640,2.0033
76.774,0.4508,9.3640,2.0033
76.784,0.4578,9.3640,2.0033
76.794,0.4578,9.3640,2.0033
76.803,0.4648,9.3640,2.0033
76.811,0.4648,9.3640,2.0033
76.820,0.4718,9.3640,2.0033
76.828,0.4718,9.3640,2.0033
76.838,0.4718,9.3640,2.0033
76.846,0.4788,9.3640,2.0033
76.856,0.4788,9.3640,2.0033
76.864,0.4858,9.3640,2.0033
76.875,0.4858,9.3640,2.0033
76.885,0.4928,9.3640,2.0033
76.894,0.4928,9.3640,2.0033
76.906,0.4998,9.3640,2.0033
76.916,0.4998,9.3640,2.0033
76.923,0.5068,9.3640,2.0033
76.932,0.5068,9.3640,2.0033
76.940,0.5138,9.3640,2.0033
76.951,0.5138,9.3640,2.0033
76.959,0.5208,9.3640,2.0033
76.969,0.5208,9.3640,2.0033
76.977,0.5208,9.3640,2.0033
76.985,0.5278,9.3640,2.0033
76.995,0.5278,9.3640,2.0033
77.004,0.5348,9.3640,2.0033
77.014,0.5348,9.3640,2.0033
77.023,0.5418,9.3640,2.0033
77.032,0.5418,9.3640,2.0033
77.042,0.5488,9.3640,2.0033
77.052,0.5488,9.3640,2.0033
77.060,0.5558,9.3640,2.0033
77.070,0.5558,9.3640,2.0033
77.079,0.5628,9.3640,2.0033
77.088,0.5628,9.3640,2.0033
77.097,0.5628,9.3640,2.0033
77.106,0.5698,9.3640,2.0033
77.115,0.5698,9.3640,2.0033
77.124,0.5768,9.3640,2.0033
77.135,0.5768,9.3640,2.0033
77.142,0.5838,9.3640,2.0033
77.153,0.5838,9.3640,2.0033
77.162,0.5908,9.3640,2.0033
77.172,0.5908,9.3640,2.0033
77.180,0.5978,9.3640,2.0033
77.190,0.5978,9.3640,2.0033
77.199,0.6048,9.3640,2.0033
77.210,0.6048,9.3640,2.0033
77.218,0.6048,9.3640,2.0033
77.227,0.6118,9.3640,2.0033
77.238,0.6188,9.3640,2.0033
77.249,0.6188,9.3640,2.0033
77.258,0.6188,9.3640,2.0033
77.267,0.6258,9.3640,2.0033
77.277,0.6258,9.3640,2.0033
77.287,0.6328,9.3640,2.0033
77.295,0.6328,9.3640,2.0033
77.305,0.6398,9.3640,2.0033
77.314,0.6398,9.3640,2.0033
77.322,0.6468,9.3640,2.0033
77.332,0.6468,9.3640,2.0033
77.341,0.6538,9.3640,2.0033
77.351,0.6538,9.3640,2.0033
77.359,0.6608,9.3640,2.0033
77.370,0.6608,9.3640,2.0033
77.378,0.6678,9.3640,2.0033
77.389,0.6678,9.3640,2.0033
77.397,0.6678,9.3640,2.0033
77.408,0.6748,9.3640,2.0033
77.418,0.6748,9.3640,2.0033
77.427,0.6818,9.3640,2.0033
77.438,0.6818,9.3640,2.0033
77.447,0.6888,9.3640,2.0033
77.457,0.6888,9.3640,2.0033
77.465,0.6958,9.3640,2.0033
77.475,0.6958,9.3640,2.0033
77.483,0.7028,9.3640,2.0033
77.491,0.7028,9.3640,2.0033
77.499,0.7098,9.3640,2.0033
77.508,0.7098,9.3640,2.0033
77.515,0.7098,9.3640,2.0033
77.524,0.7168,9.3640,2.0033
77.533,0.7168,9.3640,2.0033
77.542,0.7238,9.3640,2.0033
77.551,0.7238,9.3640,2.0033
77.559,0.7308,9.3640,2.0033
77.568,0.7308,9.3640,2.0033
77.576,0.7308,9.3640,2.0033
77.585,0.7378,9.3640,2.0033
77.594,0.7378,9.3640,2.0033
77.603,0.7448,9.3640,2.0033
77.611,0.7448,9.3640,2.0033
77.621,0.7518,9.3640,2.0033
77.629,0.7518,9.3640,2.0033
77.638,0.7518,9.3640,2.0033
77.646,0.7588,9.3640,2.0033
77.655,0.7588,9.3640,2.0033
77.663,0.7658,9.3640,2.0033
77.673,0.7658,9.3640,2.0033
77.681,0.7728,9.3640,2.0033
77.689,0.7728,9.3640,2.0033
77.696,0.7728,9.3640,2.0033
77.705,0.7798,9.3640,2.0033
77.715,0.7798,9.3640,2.0033
77.723,0.7868,9.3640,2.0033
77.734,0.7868,9.3640,2.0033
77.742,0.7938,9.3640,2.0033
77.751,0.7938,9.3640,2.0033
77.759,0.8008,9.3640,2.0033
77.768,0.8008,9.3640,2.0033
77.776,0.8008,9.3640,2.0033
77.784,0.8078,9.3640,2.0033
77.793,0.8078,9.3640,2.0033
77.810,0.8148,9.3640,2.0033
77.820,0.8218,9.3640,2.0033
77.829,0.8218,9.3640,2.0033
77.838,0.8218,9.3640,2.0033
77.846,0.8288,9.3640,2.0033
77.856,0.8288,9.3640,2.0033
77.864,0.8358,9.3640,2.0033
77.874,0.8358,9.3640,2.0033
77.882,0.8428,9.3640,2.0033
77.892,0.8428,9.3640,2.0033
77.901,0.8498,9.3640,2.0033
77.911,0.8498,9.3640,2.0033
77.919,0.8568,9.3640,2.0033
77.928,0.8568,9.3640,2.0033
77.936,0.8568,9.3640,2.0033
77.944,0.8638,9.3640,2.0033
77.954,0.8638,9.3640,2.0033
77.962,0.8708,9.3640,2.0033
77.973,0.8708,9.3640,2.0033
77.981,0.8778,9.3640,2.0033
77.990,0.8778,9.3640,2.0033
77.997,0.8778,9.3640,2.0033
78.006,0.8848,9.3640,2.0033
78.016,0.8848,9.3640,2.0033
78.024,0.8918,9.3640,2.0033
78.035,0.8918,9.3640,2.0033
78.044,0.8988,9.3640,2.0033
78.053,0.8988,9.3640,2.0033
78.061,0.9058,9.3640,2.0033
78.072,0.9058,9.3640,2.0033
78.080,0.9128,9.3640,2.0033
78.090,0.9128,9.3640,2.0033
78.097,0.9128,9.3640,2.0033
78.106,0.9198,9.3640,2.0033
78.116,0.9198,9.3640,2.0033
78.125,0.9268,9.3640,2.0033
78.134,0.9268,9.3640,2.0033
78.142,0.9338,9.3640,2.0033
78.152,0.9338,9.3640,2.0033
78.160,0.9408,9.3640,2.0033
78.171,0.9408,9.3640,2.0033
78.179,0.9478,9.3640,2.0033
78.189,0.9478,9.3640,2.0033
78.198,0.9478,9.3640,2.0033
78.205,0.9548,9.3640,2.0033
78.215,0.9548,9.3640,2.0033
78.223,0.9618,9.3640,2.0033
78.232,0.9618,9.3640,2.0033
78.240,0.9688,9.3640,2.0033
78.250,0.9688,9.3640,2.0033
78.258,0.9688,9.3640,2.0033
78.266,0.9758,9.3640,2.0033
78.277,0.9758,9.3640,2.0033
78.286,0.9828,9.3640,2.0033
78.295,0.9828,9.3640,2.0033
78.303,0.9898,9.3640,2.0033
78.313,0.9898,9.3640,2.0033
78.322,0.9968,9.3640,2.0033
78.330,0.9968,9.3640,2.0033
78.339,1.0038,9.3640,2.0033
78.349,1.0038,9.3640,2.0033
78.357,1.0038,9.3640,2.0033
78.368,1.0108,9.3640,2.0033
78.378,1.0108,9.3640,2.0033
78.387,1.0178,9.3640,2.0033
78.398,1.0178,9.3640,2.0033
78.408,1.0248,9.3640,2.0033
78.418,1.0318,9.3640,2.0033
78.428,1.0318,9.3640,2.0033
78.438,1.0388,9.3640,2.0033
78.448,1.0388,9.3640,2.0033
78.457,1.0388,9.3640,2.0033
78.467,1.0458,9.3640,2.0033
78.478,1.0458,9.3640,2.0033
78.487,1.0528,9.3640,2.0033
78.498,1.0528,9.3640,2.0033
78.506,1.0598,9.3640,2.0033
78.518,1.0598,9.3640,2.0033
78.529,1.0668,9.3640,2.0033
78.539,1.0738,9.3640,2.0033
78.551,1.0738,9.3640,2.0033
78.559,1.0808,9.3640,2.0033
78.570,1.0808,9.3640,2.0033
78.579,1.0878,9.3640,2.0033
78.590,1.0878,9.3640,2.0033
78.599,1.0948,9.3640,2.0033
78.609,1.0948,9.3640,2.0033
78.618,1.1018,9.3640,2.0033
78.628,1.1018,9.3640,2.0033
78.638,1.1018,9.3640,2.0033
78.646,1.1088,9.3640,2.0033
78.657,1.1088,9.3640,2.0033
78.665,1.1158,9.3640,2.0033
78.675,1.1158,9.3640,2.0033
78.684,1.1228,9.3640,2.0033
78.693,1.1228,9.3640,2.0033
78.703,1.1298,9.3640,2.0033
78.713,1.1298,9.3640,2.0033
78.722,1.1368,9.3640,2.0033
78.733,1.1368,9.3640,2.0033
78.741,1.1438,9.3640,2.0033
78.751,1.1438,9.3640,2.0033
78.758,1.1508,9.3640,2.0033
78.770,1.1508,9.3640,2.0033
78.777,1.1508,9.3640,2.0033
78.786,1.1578,9.3640,2.0033
78.794,1.1578,9.3640,2.0033
78.804,1.1648,9.3640,2.0033
78.812,1.1648,9.3640,2.0033
78.820,1.1718,9.3640,2.0033
78.829,1.1718,9.3640,2.0033
78.837,1.1718,9.3640,2.0033
78.845,1.1788,9.3640,2.0033
78.855,1.1788,9.3640,2.0033
78.863,1.1858,9.3640,2.0033
78.872,1.1858,9.3640,2.0033
78.881,1.1928,9.3640,2.0033
78.890,1.1928,9.3640,2.0033
78.896,1.1928,9.3640,2.0033
78.905,1.1998,9.3640,2.0033
78.915,1.1998,9.3640,2.0033
78.923,1.2068,9.3640,2.0033
78.931,1.2068,9.3640,2.0033
78.940,1.2138,9.3640,2.0033
78.948,1.2138,9.3640,2.0033
78.957,1.2138,9.3640,2.0033
78.966,1.2208,9.3640,2.0033
78.976,1.2208,9.3640,2.0033
78.985,1.2278,9.3640,2.0033
78.994,1.2278,9.3640,2.0033
79.002,1.2348,9.3640,2.0033
79.011,1.2348,9.3640,2.0033
79.020,1.2418,9.3640,2.0033
79.028,1.2418,9.3640,2.0033
79.037,1.2418,9.3640,2.0033
79.045,1.2488,9.3640,2.0033
79.054,1.2488,9.3640,2.0033
79.063,1.2558,9.3640,2.0033
79.073,1.2558,9.3640,2.0033
79.082,1.2628,9.3640,2.0033
79.092,1.2628,9.3640,2.0033
79.100,1.2698,9.3640,2.0033
79.109,1.2698,9.3640,2.0033
79.116,1.2698,9.3640,2.0033
79.125,1.2768,9.3640,2.0033
79.136,1.2768,9.3640,2.0033
79.144,1.2838,9.3640,2.0033
79.154,1.2838,9.3640,2.0033
79.161,1.2908,9.3640,2.0033
79.172,1.2908,9.3640,2.0033
79.179,1.2978,9.3640,2.0033
79.189,1.2978,9.3640,2.0033
79.196,1.2978,9.3640,2.0033
79.205,1.3048,9.3640,2.0033
79.214,1.3048,9.3640,2.0033
79.222,1.3118,9.3640,2.0033
79.231,1.3118,9.3640,2.0033
79.240,1.3188,9.3640,2.0033
79.250,1.3188,9.3640,2.0033
79.257,1.3188,9.3640,2.0033
79.266,1.3258,9.3640,2.0033
79.277,1.3258,9.3640,2.0033
79.286,1.3328,9.3640,2.0033
79.295,1.3328,9.3640,2.0033
79.304,1.3398,9.3640,2.0033
79.314,1.3398,9.3640,2.0033
79.321,1.3468,9.3640,2.0033
79.331,1.3468,9.3640,2.0033
79.339,1.3538,9.3640,2.0033
79.348,1.3538,9.3640,2.0033
79.356,1.3538,9.3640,2.0033
79.365,1.3608,9.3640,2.0033
79.375,1.3608,9.3640,2.0033
79.383,1.3678,9.3640,2.0033
79.393,1.3678,9.3640,2.0033
79.401,1.3748,9.3640,2.0033
79.412,1.3748,9.3640,2.0033
79.421,1.3818,9.3640,2.0033
79.431,1.3818,9.3640,2.0033
79.440,1.3888,9.3640,2.0033
79.450,1.3888,9.3640,2.0033
79.458,1.3958,9.3640,2.0033
79.467,1.3958,9.3640,2.0033
79.475,1.3958,9.3640,2.0033
79.484,1.4028,9.3640,2.0033
79.493,1.4028,9.3640,2.0033
79.501,1.4098,9.3640,2.0033
79.510,1.4098,9.3640,2.0033
79.518,1.4098,9.3640,2.0033
79.526,1.4168,9.3640,2.0033
79.537,1.4168,9.3640,2.0033
79.545,1.4238,9.3640,2.0033
79.555,1.4238,9.3640,2.0033
79.564,1.4308,9.3640,2.0033
79.574,1.4308,9.3640,2.0033
79.584,1.4378,9.3640,2.0033
79.593,1.4378,9.3640,2.0033
79.602,1.4448,9.3640,2.0033
79.612,1.4448,9.3640,2.0033
79.621,1.4518,9.3640,2.0033
79.632,1.4518,9.3640,2.0033
79.641,1.4588,9.3640,2.0033
79.651,1.4588,9.3640,2.0033
79.659,1.4658,9.3640,2.0033
79.670,1.4658,9.3640,2.0033
79.678,1.4728,9.3640,2.0033
79.688,1.4728,9.3640,2.0033
79.697,1.4728,9.3640,2.0033
79.706,1.4798,9.3640,2.0033
79.715,1.4798,9.3640,2.0033
79.724,1.4868,9.3640,2.0033
79.735,1.4868,9.3640,2.0033
79.745,1.4938,9.3640,2.0033
79.756,1.4938,9.3640,2.0033
79.765,1.5008,9.3640,2.0033
79.776,1.5008,9.3640,2.0033
79.786,1.5078,9.3640,2.0033
79.795,1.5078,9.3640,2.0033
79.805,1.5148,9.3640,2.0033
79.815,1.5148,9.3640,2.0033
79.824,1.5218,9.3640,2.0033
79.833,1.5218,9.3640,2.0033
79.842,1.5288,9.3640,2.0033
79.853,1.5288,9.3640,2.0033
79.861,1.5358,9.3640,2.0033
79.872,1.5358,9.3640,2.0033
79.881,1.5428,9.3640,2.0033
79.892,1.5428,9.3640,2.0033
79.900,1.5498,9.3640,2.0033
79.911,1.5498,9.3640,2.0033
79.919,1.5568,9.3640,2.0033
79.928,1.5568,9.3640,2.0033
79.938,1.5568,9.3640,2.0033
79.946,1.5638,9.3640,2.0033
79.956,1.5638,9.3640,2.0033
79.964,1.5708,9.3640,2.0033
79.976,1.5708,9.3640,2.0033
79.985,1.5778,9.3640,2.0033
79.995,1.5778,9.3640,2.0033
80.005,1.5848,9.3640,2.0033
80.013,1.5848,9.3640,2.0033
80.021,1.5918,9.3640,2.0033
80.031,1.5918,9.3640,2.0033
80.039,1.5988,9.3640,2.0033
80.048,1.5988,9.3640,2.0033
80.057,1.5988,9.3640,2.0033
80.066,1.6058,9.3640,2.0033
80.076,1.6058,9.3640,2.0033
80.086,1.6128,9.3640,2.0033
80.095,1.6128,9.3640,2.0033
80.104,1.6198,9.3640,2.0033
80.116,1.6198,9.3640,2.0033
80.131,1.6268,9.3640,2.0033
80.141,1.6338,9.3640,2.0033
80.150,1.6338,9.3640,2.0033
80.158,1.6338,9.3640,2.0033
80.167,1.6408,9.3640,2.0033
80.177,1.6408,9.3640,2.0033
80.185,1.6478,9.3640,2.0033
80.194,1.6478,9.3640,2.0033
80.201,1.6548,9.3640,2.0033
80.211,1.6548,9.3640,2.0033
80.218,1.6618,9.3640,2.0033
80.228,1.6618,9.3640,2.0033
80.238,1.6618,9.3640,2.0033
80.246,1.6688,9.3640,2.0033
80.257,1.6688,9.3640,2.0033
80.266,1.6758,9.3640,2.0033
80.275,1.6758,9.3640,2.0033
80.284,1.6828,9.3640,2.0033
80.293,1.6828,9.3640,2.0033
80.302,1.6898,9.3640,2.0033
80.311,1.6898,9.3640,2.0033
80.320,1.6968,9.3640,2.0033
80.329,1.6968,9.3640,2.0033
80.338,1.6968,9.3640,2.0033
80.348,1.7038,9.3640,2.0033
80.357,1.7038,9.3640,2.0033
80.366,1.7108,9.3640,2.0033
80.375,1.7108,9.3640,2.0033
80.384,1.7178,9.3640,2.0033
80.393,1.7178,9.3640,2.0033
80.402,1.7248,9.3640,2.0033
80.411,1.7248,9.3640,2.0033
80.420,1.7318,9.3640,2.0033
80.430,1.7318,9.3640,2.0033
80.438,1.7318,9.3640,2.0033
80.447,1.7388,9.3640,2.0033
80.456,1.7388,9.3640,2.0033
80.465,1.7458,9.3640,2.0033
80.475,1.7458,9.3640,2.0033
80.483,1.7528,9.3640,2.0033
80.493,1.7528,9.3640,2.0033
80.502,1.7598,9.3640,2.0033
80.511,1.7598,9.3640,2.0033
80.519,1.7668,9.3640,2.0033
80.527,1.7668,9.3640,2.0033
80.537,1.7668,9.3640,2.0033
80.544,1.7738,9.3640,2.0033
80.555,1.7738,9.3640,2.0033
80.562,1.7808,9.3640,2.0033
80.575,1.7808,9.3640,2.0033
80.585,1.7878,9.3640,2.0033
80.594,1.7878,9.3640,2.0033
80.602,1.7948,9.3640,2.0033
80.613,1.7948,9.3640,2.0033
80.621,1.8018,9.3640,2.0033
80.630,1.8018,9.3640,2.0033
80.639,1.8088,9.3640,2.0033
80.649,1.8088,9.3640,2.0033
80.658,1.8088,9.3640,2.0033
80.666,1.8158,9.3640,2.0033
80.675,1.8158,9.3640,2.0033
80.683,1.8228,9.3640,2.0033
80.693,1.8228,9.3640,2.0033
80.701,1.8298,9.3640,2.0033
80.711,1.8298,9.3640,2.0033
80.719,1.8368,9.3640,2.0033
80.728,1.8368,9.3640,2.0033
80.738,1.8368,9.3640,2.0033
80.745,1.8438,9.3640,2.0033
80.755,1.8438,9.3640,2.0033
80.763,1.8508,9.3640,2.0033
80.774,1.8508,9.3640,2.0033
80.782,1.8578,9.3640,2.0033
80.792,1.8578,9.3640,2.0033
80.802,1.8648,9.3640,2.0033
80.811,1.8648,9.3640,2.0033
80.820,1.8718,9.3640,2.0033
80.831,1.8718,9.3640,2.0033
80.840,1.8788,9.3640,2.0033
80.850,1.8788,9.3640,2.0033
80.859,1.8858,9.3640,2.0033
80.870,1.8858,9.3640,2.0033
80.877,1.8858,9.3640,2.0033
80.886,1.8927,9.3640,2.0033
80.897,1.8927,9.3640,2.0033
80.905,1.8997,9.3640,2.0033
80.915,1.8997,9.3640,2.0033
80.924,1.9067,9.3640,2.0033
80.933,1.9067,9.3640,2.0033
80.943,1.9137,9.3640,2.0033
80.954,1.9137,9.3640,2.0033
80.962,1.9206,9.3640,2.0033
80.972,1.9206,9.3640,2.0033
80.980,1.9276,9.3640,2.0033
80.991,1.9276,9.3640,2.0033
81.001,1.9346,9.3640,2.0033
81.010,1.9346,9.3640,2.0033
81.020,1.9416,9.3640,2.0033
81.030,1.9416,9.3640,2.0033
81.040,1.9485,9.3640,2.0033
81.050,1.9485,9.3640,2.0033
81.060,1.9555,9.3640,2.0033
81.070,1.9555,9.3640,2.0033
81.079,1.9625,9.3640,2.0033
81.089,1.9625,9.3640,2.0033
81.098,1.9625,9.3640,2.0033
81.107,1.9695,9.3640,2.0033
81.118,1.9695,9.3640,2.0033
81.127,1.9765,9.3640,2.0033
81.137,1.9765,9.3640,2.0033
81.146,1.9834,9.3640,2.0033
81.157,1.9834,9.3640,2.0033
81.165,1.9904,9.3640,2.0033
81.177,1.9904,9.3640,2.0033
81.186,1.9974,9.3640,2.0033
81.195,1.9974,9.3640,2.0033
81.206,2.0044,9.3640,2.0033
81.215,2.0044,9.3640,2.0033
81.223,2.0114,9.3640,2.0033
81.234,2.0114,9.3640,2.0033
81.243,2.0183,9.3640,2.0033
81.255,2.0183,9.3640,2.0033
81.265,2.0253,9.3640,2.0033
81.276,2.0253,9.3640,2.0033
81.285,2.0323,9.3640,2.0033
81.293,2.0323,9.3640,2.0033
81.303,2.0393,9.3640,2.0033
81.312,2.0393,9.3640,2.0033
81.320,2.0462,9.3640,2.0033
81.329,2.0462,9.3640,2.0033
81.338,2.0462,9.3640,2.0033
81.346,2.0532,9.3640,2.0033
81.355,2.0532,9.3640,2.0033
81.364,2.0602,9.3640,2.0033
81.373,2.0602,9.3640,2.0033
81.381,2.0672,9.3640,2.0033
81.390,2.0672,9.3640,2.0033
81.399,2.0742,9.3640,2.0033
81.410,2.0742,9.3640,2.0033
81.418,2.0742,9.3640,2.0033
81.426,2.0811,9.3640,2.0033
81.436,2.0811,9.3640,2.0033
81.445,2.0881,9.3640,2.0033
81.456,2.0881,9.3640,2.0033
81.463,2.0951,9.3640,2.0033
81.473,2.0951,9.3640,2.0033
81.480,2.1021,9.3640,2.0033
81.491,2.1021,9.3640,2.0033
81.499,2.1090,9.3640,2.0033
81.509,2.1090,9.3640,2.0033
81.518,2.1090,9.3640,2.0033
81.526,2.1160,9.3640,2.0033
81.536,2.1160,9.3640,2.0033
81.544,2.1230,9.3640,2.0033
81.554,2.1230,9.3640,2.0033
81.560,2.1300,9.3640,2.0033
81.571,2.1300,9.3640,2.0033
81.579,2.1369,9.3640,2.0033
81.589,2.1369,9.3640,2.0033
81.597,2.1369,9.3640,2.0033
81.606,2.1439,9.3640,2.0033
81.615,2.1439,9.3640,2.0033
81.624,2.1509,9.3640,2.0033
81.633,2.1509,9.3640,2.0033
81.642,2.1579,9.3640,2.0033
81.650,2.1579,9.3640,2.0033
81.659,2.1649,9.3640,2.0033
81.670,2.1649,9.3640,2.0033
81.679,2.1718,9.3640,2.0033
81.690,2.1718,9.3640,2.0033
81.698,2.1718,9.3640,2.0033
81.707,2.1788,9.3640,2.0033
81.718,2.1788,9.3640,2.0033
81.727,2.1858,9.3640,2.0033
81.737,2.1858,9.3640,2.0033
81.745,2.1928,9.3640,2.0033
81.754,2.1928,9.3640,2.0033
81.763,2.1997,9.3640,2.0033
81.773,2.1997,9.3640,2.0033
81.782,2.2067,9.3640,2.0033
81.792,2.2067,9.3640,2.0033
81.800,2.2137,9.3640,2.0033
81.809,2.2137,9.3640,2.0033
81.818,2.2137,9.3640,2.0033
81.825,2.2207,9.3640,2.0033
81.835,2.2207,9.3640,2.0033
81.843,2.2276,9.3640,2.0033
81.853,2.2276,9.3640,2.0033
81.861,2.2346,9.3640,2.0033
81.871,2.2346,9.3640,2.0033
81.879,2.2416,9.3640,2.0033
81.889,2.2416,9.3640,2.0033
81.897,2.2416,9.3640,2.0033
81.906,2.2486,9.3640,2.0033
81.916,2.2486,9.3640,2.0033
81.924,2.2556,9.3640,2.0033
81.933,2.2556,9.3640,2.0033
81.942,2.2626,9.3640,2.0033
81.951,2.2626,9.3640,2.0033
81.959,2.2695,9.3640,2.0033
81.968,2.2695,9.3640,2.0033
81.976,2.2695,9.3640,2.0033
81.985,2.2765,9.3640,2.0033
81.994,2.2765,9.3640,2.0033
82.003,2.2835,9.3640,2.0033
82.012,2.2835,9.3640,2.0033
82.021,2.2905,9.3640,2.0033
82.030,2.2905,9.3640,2.0033
82.038,2.2975,9.3640,2.0033
82.048,2.2975,9.3640,2.0033
82.055,2.2975,9.3640,2.0033
82.064,2.3045,9.3640,2.0033
82.074,2.3045,9.3640,2.0033
82.083,2.3115,9.3640,2.0033
82.093,2.3115,9.3640,2.0033
82.101,2.3185,9.3640,2.0033
82.112,2.3185,9.3640,2.0033
82.121,2.3255,9.3640,2.0033
82.130,2.3255,9.3640,2.0033
82.140,2.3325,9.3640,2.0033
82.149,2.3325,9.3640,2.0033
82.158,2.3325,9.3640,2.0033
82.166,2.3395,9.3640,2.0033
82.178,2.3395,9.3640,2.0033
82.188,2.3464,9.3640,2.0033
82.197,2.3464,9.3640,2.0033
82.207,2.3534,9.3640,2.0033
82.218,2.3534,9.3640,2.0033
82.226,2.3604,9.3640,2.0033
82.238,2.3604,9.3640,2.0033
82.246,2.3674,9.3640,2.0033
82.256,2.3674,9.3640,2.0033
82.265,2.3744,9.3640,2.0033
82.275,2.3744,9.3640,2.0033
82.285,2.3814,9.3640,2.0033
82.296,2.3814,9.3640,2.0033
82.305,2.3884,9.3640,2.0033
82.316,2.3884,9.3640,2.0033
82.325,2.3953,9.3640,2.0033
82.336,2.3953,9.3640,2.0033
82.345,2.4023,9.3640,2.0033
82.356,2.4023,9.3640,2.0033
82.365,2.4093,9.3640,2.0033
82.376,2.4093,9.3640,2.0033
82.385,2.4163,9.3640,2.0033
82.395,2.4163,9.3640,2.0033
82.405,2.4233,9.3640,2.0033
82.414,2.4233,9.3640,2.0033
82.423,2.4303,9.3640,2.0033
82.433,2.4303,9.3640,2.0033
82.443,2.4373,9.3640,2.0033
82.454,2.4373,9.3640,2.0033
82.464,2.4443,9.3640,2.0033
82.482,2.4512,9.3640,2.0033
82.492,2.4512,9.3640,2.0033
82.503,2.4582,9.3640,2.0033
82.513,2.4582,9.3640,2.0033
82.521,2.4652,9.3640,2.0033
82.533,2.4652,9.3640,2.0033
82.543,2.4722,9.3640,2.0033
82.552,2.4722,9.3640,2.0033
82.561,2.4792,9.3640,2.0033
82.572,2.4792,9.3640,2.0033
82.579,2.4862,9.3640,2.0033
82.589,2.4862,9.3640,2.0033
82.596,2.4862,9.3640,2.0033
82.605,2.4932,9.3640,2.0033
82.615,2.4932,9.3640,2.0033
82.623,2.5002,9.3640,2.0033
82.633,2.5002,9.3640,2.0033
82.641,2.5071,9.3640,2.0033
82.650,2.5071,9.3640,2.0033
82.658,2.5071,9.3640,2.0033
82.666,2.5141,9.3640,2.0033
82.675,2.5141,9.3640,2.0033
82.684,2.5211,9.3640,2.0033
82.693,2.5211,9.3640,2.0033
82.702,2.5281,9.3640,2.0033
82.710,2.5281,9.3640,2.0033
82.719,2.5351,9.3640,2.0033
82.728,2.5351,9.3640,2.0033
82.737,2.5351,9.3640,2.0033
82.746,2.5421,9.3640,2.0033
82.756,2.5421,9.3640,2.0033
82.765,2.5491,9.3640,2.0033
82.776,2.5491,9.3640,2.0033
82.785,2.5561,9.3640,2.0033
82.795,2.5561,9.3640,2.0033
82.804,2.5631,9.3640,2.0033
82.814,2.5631,9.3640,2.0033
82.823,2.5701,9.3640,2.0033
82.833,2.5701,9.3640,2.0033
82.842,2.5771,9.3640,2.0033
82.853,2.5771,9.3640,2.0033
82.861,2.5841,9.3640,2.0033
82.872,2.5841,9.3640,2.0033
82.879,2.5911,9.3640,2.0033
82.889,2.5911,9.3640,2.0033
82.898,2.5911,9.3640,2.0033
82.907,2.5981,9.3640,2.0033
82.916,2.5981,9.3640,2.0033
82.925,2.6051,9.3640,2.0033
82.936,2.6051,9.3640,2.0033
82.945,2.6121,9.3640,2.0033
82.955,2.6121,9.3640,2.0033
82.965,2.6191,9.3640,2.0033
82.975,2.6191,9.3640,2.0033
82.985,2.6261,9.3640,2.0033
82.996,2.6261,9.3640,2.0033
83.004,2.6331,9.3640,2.0033
83.013,2.6331,9.3640,2.0033
83.021,2.6401,9.3640,2.0033
83.031,2.6401,9.3640,2.0033
83.039,2.6471,9.3640,2.0033
83.049,2.6471,9.3640,2.0033
83.057,2.6471,9.3640,2.0033
83.065,2.6541,9.3640,2.0033
83.075,2.6541,9.3640,2.0033
83.083,2.6611,9.3640,2.0033
83.092,2.6611,9.3640,2.0033
83.101,2.6681,9.3640,2.0033
83.110,2.6681,9.3640,2.0033
83.119,2.6751,9.3640,2.0033
83.129,2.6751,9.3640,2.0033
83.138,2.6751,9.3640,2.0033
83.147,2.6821,9.3640,2.0033
83.157,2.6821,9.3640,2.0033
83.166,2.6891,9.3640,2.0033
83.175,2.6891,9.3640,2.0033
83.184,2.6961,9.3640,2.0033
83.193,2.6961,9.3640,2.0033
83.203,2.7031,9.3640,2.0033
83.212,2.7031,9.3640,2.0033
83.221,2.7101,9.3640,2.0033
83.232,2.7101,9.3640,2.0033
83.240,2.7171,9.3640,2.0033
83.251,2.7171,9.3640,2.0033
83.260,2.7241,9.3640,2.0033
83.271,2.7241,9.3640,2.0033
83.281,2.7311,9.3640,2.0033
83.292,2.7311,9.3640,2.0033
83.301,2.7381,9.3640,2.0033
83.311,2.7381,9.3640,2.0033
83.321,2.7451,9.3640,2.0033
83.330,2.7451,9.3640,2.0033
83.339,2.7521,9.3640,2.0033
83.351,2.7521,9.3640,2.0033
83.360,2.7591,9.3640,2.0033
83.370,2.7591,9.3640,2.0033
83.379,2.7661,9.3640,2.0033
83.392,2.7661,9.3640,2.0033
83.401,2.7731,9.3640,2.0033
83.411,2.7731,9.3640,2.0033
83.423,2.7801,9.3640,2.0033
83.434,2.7801,9.3640,2.0033
83.443,2.7871,9.3640,2.0033
83.455,2.7871,9.3640,2.0033
83.465,2.7940,9.3640,2.0033
83.475,2.7940,9.3640,2.0033
83.484,2.8010,9.3640,2.0033
83.494,2.8010,9.3640,2.0033
83.503,2.8080,9.3640,2.0033
83.512,2.8080,9.3640,2.0033
83.520,2.8150,9.3640,2.0033
83.530,2.8150,9.3640,2.0033
83.540,2.8220,9.3640,2.0033
83.551,2.8220,9.3640,2.0033
83.560,2.8290,9.3640,2.0033
83.575,2.8290,9.3640,2.0033
83.584,2.8360,9.3640,2.0033
83.596,2.8360,9.3640,2.0033
83.607,2.8429,9.3640,2.0033
83.618,2.8499,9.3640,2.0033
83.628,2.8499,9.3640,2.0033
83.637,2.8499,9.3640,2.0033
83.645,2.8569,9.3640,2.0033
83.656,2.8569,9.3640,2.0033
83.665,2.8639,9.3640,2.0033
83.675,2.8639,9.3640,2.0033
83.685,2.8709,9.3640,2.0033
83.696,2.8709,9.3640,2.0033
83.705,2.8779,9.3640,2.0033
83.714,2.8779,9.3640,2.0033
83.723,2.8849,9.3640,2.0033
83.733,2.8849,9.3640,2.0033
83.741,2.8919,9.3640,2.0033
83.752,2.8919,9.3640,2.0033
83.761,2.8989,9.3640,2.0033
83.772,2.8989,9.3640,2.0033
83.781,2.9059,9.3640,2.0033
83.791,2.9059,9.3640,2.0033
83.799,2.9129,9.3640,2.0033
83.810,2.9129,9.3640,2.0033
83.818,2.9129,9.3640,2.0033
83.825,2.9199,9.3640,2.0033
83.834,2.9199,9.3640,2.0033
83.843,2.9269,9.3640,2.0033
83.854,2.9269,9.3640,2.0033
83.862,2.9338,9.3640,2.0033
83.872,2.9338,9.3640,2.0033
83.879,2.9408,9.3640,2.0033
83.889,2.9408,9.3640,2.0033
83.896,2.9408,9.3640,2.0033
83.906,2.9478,9.3640,2.0033
83.916,2.9478,9.3640,2.0033
83.924,2.9548,9.3640,2.0033
83.934,2.9548,9.3640,2.0033
83.942,2.9618,9.3640,2.0033
83.951,2.9618,9.3640,2.0033
83.959,2.9688,9.3640,2.0033
83.969,2.9688,9.3640,2.0033
83.977,2.9688,9.3640,2.0033
83.986,2.9757,9.3640,2.0033
83.995,2.9757,9.3640,2.0033
84.004,2.9827,9.3640,2.0033
84.012,2.9827,9.3640,2.0033
84.021,2.9897,9.3640,2.0033
84.029,2.9897,9.3640,2.0033
84.038,2.9897,9.3640,2.0033
84.045,2.9967,9.3640,2.0033
84.056,2.9967,9.3640,2.0033
84.063,3.0036,9.3640,2.0033
84.073,3.0036,9.3640,2.0033
84.081,3.0106,9.3640,2.0033
84.091,3.0106,9.3640,2.0033
84.099,3.0176,9.3640,2.0033
84.109,3.0176,9.3640,2.0033
84.117,3.0176,9.3640,2.0033
84.125,3.0246,9.3640,2.0033
84.136,3.0246,9.3640,2.0033
84.144,3.0316,9.3640,2.0033
84.154,3.0316,9.3640,2.0033
84.161,3.0385,9.3640,2.0033
84.172,3.0385,9.3640,2.0033
84.182,3.0455,9.3640,2.0033
84.191,3.0455,9.3640,2.0033
84.200,3.0525,9.3640,2.0033
84.210,3.0525,9.3640,2.0033
84.217,3.0525,9.3640,2.0033
84.226,3.0595,9.3640,2.0033
84.236,3.0595,9.3640,2.0033
84.244,3.0664,9.3640,2.0033
84.252,3.0664,9.3640,2.0033
84.261,3.0734,9.3640,2.0033
84.272,3.0734,9.3640,2.0033
84.279,3.0804,9.3640,2.0033
84.289,3.0804,9.3640,2.0033
84.297,3.0804,9.3640,2.0033
84.305,3.0874,9.3640,2.0033
84.315,3.0874,9.3640,2.0033
84.323,3.0944,9.3640,2.0033
84.331,3.0944,9.3640,2.0033
84.340,3.1013,9.3640,2.0033
84.349,3.1013,9.3640,2.0033
84.357,3.1013,9.3640,2.0033
84.365,3.1083,9.3640,2.0033
84.375,3.1083,9.3640,2.0033
84.384,3.1153,9.3640,2.0033
84.393,3.1153,9.3640,2.0033
84.401,3.1223,9.3640,2.0033
84.411,3.1223,9.3640,2.0033
84.420,3.1293,9.3640,2.0033
84.428,3.1293,9.3640,2.0033
84.438,3.1293,9.3640,2.0033
84.446,3.1363,9.3640,2.0033
84.455,3.1363,9.3640,2.0033
84.462,3.1433,9.3640,2.0033
84.474,3.1433,9.3640,2.0033
84.482,3.1503,9.3640,2.0033
84.492,3.1503,9.3640,2.0033
84.499,3.1573,9.3640,2.0033
84.510,3.1573,9.3640,2.0033
84.518,3.1643,9.3640,2.0033
84.528,3.1643,9.3640,2.0033
84.537,3.1643,9.3640,2.0033
84.545,3.1713,9.3640,2.0033
84.554,3.1713,9.3640,2.0033
84.561,3.1783,9.3640,2.0033
84.572,3.1783,9.3640,2.0033
84.579,3.1853,9.3640,2.0033
84.589,3.1853,9.3640,2.0033
84.598,3.1853,9.3640,2.0033
84.606,3.1923,9.3640,2.0033
84.616,3.1923,9.3640,2.0033
84.625,3.1993,9.3640,2.0033
84.636,3.1993,9.3640,2.0033
84.645,3.2063,9.3640,2.0033
84.656,3.2063,9.3640,2.0033
84.665,3.2132,9.3640,2.0033
84.676,3.2132,9.3640,2.0033
84.685,3.2202,9.3640,2.0033
84.696,3.2202,9.3640,2.0033
84.704,3.2272,9.3640,2.0033
84.714,3.2272,9.3640,2.0033
84.722,3.2342,9.3640,2.0033
84.731,3.2342,9.3640,2.0033
84.741,3.2412,9.3640,2.0033
84.752,3.2412,9.3640,2.0033
84.759,3.2482,9.3640,2.0033
84.771,3.2482,9.3640,2.0033
84.779,3.2551,9.3640,2.0033
84.789,3.2551,9.3640,2.0033
84.798,3.2551,9.3640,2.0033
84.807,3.2621,9.3640,2.0033
84.818,3.2621,9.3640,2.0033
84.826,3.2691,9.3640,2.0033
84.838,3.2691,9.3640,2.0033
84.849,3.2761,9.3640,2.0033
84.869,3.2831,9.3640,2.0033
84.880,3.2901,9.3640,2.0033
84.889,3.2901,9.3640,2.0033
84.899,3.2971,9.3640,2.0033
84.909,3.2971,9.3640,2.0033
84.918,3.2971,9.3640,2.0033
84.926,3.3041,9.3640,2.0033
84.937,3.3041,9.3640,2.0033
84.945,3.3111,9.3640,2.0033
84.956,3.3111,9.3640,2.0033
84.964,3.3181,9.3640,2.0033
84.975,3.3181,9.3640,2.0033
84.984,3.3251,9.3640,2.0033
84.993,3.3251,9.3640,2.0033
85.004,3.3320,9.3640,2.0033
85.014,3.3320,9.3640,2.0033
85.023,3.3390,9.3640,2.0033
85.033,3.3390,9.3640,2.0033
85.042,3.3460,9.3640,2.0033
85.052,3.3460,9.3640,2.0033
85.060,3.3530,9.3640,2.0033
85.072,3.3530,9.3640,2.0033
85.081,3.3600,9.3640,2.0033
85.091,3.3600,9.3640,2.0033
85.099,3.3670,9.3640,2.0033
85.108,3.3670,9.3640,2.0033
85.117,3.3670,9.3640,2.0033
85.124,3.3740,9.3640,2.0033
85.134,3.3740,9.3640,2.0033
85.144,3.3810,9.3640,2.0033
85.153,3.3810,9.3640,2.0033
85.161,3.3879,9.3640,2.0033
85.172,3.3879,9.3640,2.0033
85.180,3.3949,9.3640,2.0033
85.190,3.3949,9.3640,2.0033
85.199,3.4019,9.3640,2.0033
85.209,3.4019,9.3640,2.0033
85.218,3.4019,9.3640,2.0033
85.226,3.4088,9.3640,2.0033
85.236,3.4088,9.3640,2.0033
85.243,3.4158,9.3640,2.0033
85.253,3.4158,9.3640,2.0033
85.261,3.4228,9.3640,2.0033
85.272,3.4228,9.3640,2.0033
85.279,3.4297,9.3640,2.0033
85.289,3.4297,9.3640,2.0033
85.298,3.4297,9.3640,2.0033
85.307,3.4367,9.3640,2.0033
85.316,3.4367,9.3640,2.0033
85.324,3.4437,9.3640,2.0033
85.334,3.4437,9.3640,2.0033
85.342,3.4507,9.3640,2.0033
85.352,3.4507,9.3640,2.0033
85.358,3.4507,9.3640,2.0033
85.367,3.4577,9.3640,2.0033
85.376,3.4577,9.3640,2.0033
85.385,3.4647,9.3640,2.0033
85.393,3.4647,9.3640,2.0033
85.401,3.4717,9.3640,2.0033
85.412,3.4717,9.3640,2.0033
85.419,3.4786,9.3640,2.0033
85.430,3.4786,9.3640,2.0033
85.438,3.4856,9.3640,2.0033
85.447,3.4856,9.3640,2.0033
85.455,3.4856,9.3640,2.0033
85.464,3.4926,9.3640,2.0033
85.475,3.4926,9.3640,2.0033
85.483,3.4996,9.3640,2.0033
85.493,3.4996,9.3640,2.0033
85.502,3.5066,9.3640,2.0033
85.511,3.5066,9.3640,2.0033
85.518,3.5066,9.3640,2.0033
85.526,3.5136,9.3640,2.0033
85.536,3.5136,9.3640,2.0033
85.543,3.5205,9.3640,2.0033
85.553,3.5205,9.3640,2.0033
85.560,3.5275,9.3640,2.0033
85.570,3.5275,9.3640,2.0033
85.578,3.5275,9.3640,2.0033
85.587,3.5345,9.3640,2.0033
85.596,3.5345,9.3640,2.0033
85.605,3.5415,9.3640,2.0033
85.615,3.5415,9.3640,2.0033
85.623,3.5485,9.3640,2.0033
85.632,3.5485,9.3640,2.0033
85.639,3.5554,9.3640,2.0033
85.650,3.5554,9.3640,2.0033
85.658,3.5554,9.3640,2.0033
85.666,3.5624,9.3640,2.0033
85.677,3.5624,9.3640,2.0033
85.685,3.5694,9.3640,2.0033
85.694,3.5694,9.3640,2.0033
85.702,3.5764,9.3640,2.0033
85.711,3.5764,9.3640,2.0033
85.720,3.5834,9.3640,2.0033
85.729,3.5834,9.3640,2.0033
85.737,3.5834,9.3640,2.0033
85.745,3.5904,9.3640,2.0033
85.755,3.5904,9.3640,2.0033
85.763,3.5974,9.3640,2.0033
85.773,3.5974,9.3640,2.0033
85.781,3.6044,9.3640,2.0033
85.790,3.6044,9.3640,2.0033
85.800,3.6114,9.3640,2.0033
85.809,3.6114,9.3640,2.0033
85.818,3.6114,9.3640,2.0033
85.826,3.6184,9.3640,2.0033
85.836,3.6184,9.3640,2.0033
85.845,3.6254,9.3640,2.0033
85.854,3.6254,9.3640,2.0033
85.863,3.6324,9.3640,2.0033
85.873,3.6324,9.3640,2.0033
85.881,3.6394,9.3640,2.0033
85.891,3.6394,9.3640,2.0033
85.901,3.6463,9.3640,2.0033
85.911,3.6463,9.3640,2.0033
85.919,3.6533,9.3640,2.0033
85.928,3.6533,9.3640,2.0033
85.936,3.6533,9.3640,2.0033
85.945,3.6603,9.3640,2.0033
85.956,3.6603,9.3640,2.0033
85.965,3.6673,9.3640,2.0033
85.976,3.6673,9.3640,2.0033
85.985,3.6743,9.3640,2.0033
85.994,3.6743,9.3640,2.0033
86.004,3.6813,9.3640,2.0033
86.013,3.6813,9.3640,2.0033
86.023,3.6883,9.3640,2.0033
86.033,3.6883,9.3640,2.0033
86.041,3.6953,9.3640,2.0033
86.052,3.6953,9.3640,2.0033
86.059,3.7023,9.3640,2.0033
86.070,3.7023,9.3640,2.0033
86.079,3.7093,9.3640,2.0033
86.089,3.7093,9.3640,2.0033
86.098,3.7163,9.3640,2.0033
86.111,3.7163,9.3640,2.0033
86.119,3.7233,9.3640,2.0033
86.130,3.7233,9.3640,2.0033
86.139,3.7303,9.3640,2.0033
86.149,3.7303,9.3640,2.0033
86.158,3.7303,9.3640,2.0033
86.168,3.7372,9.3640,2.0033
86.178,3.7372,9.3640,2.0033
86.187,3.7442,9.3640,2.0033
86.198,3.7442,9.3640,2.0033
86.208,3.7512,9.3640,2.0033
86.217,3.7512,9.3640,2.0033
86.226,3.7581,9.3640,2.0033
86.236,3.7581,9.3640,2.0033
86.245,3.7650,9.3640,2.0033
86.256,3.7650,9.3640,2.0033
86.265,3.7719,9.3640,2.0033
86.276,3.7719,9.3640,2.0033
86.284,3.7789,9.3640,2.0033
86.293,3.7789,9.3640,2.0033
86.302,3.7858,9.3640,2.0033
86.311,3.7858,9.3640,2.0033
86.320,3.7927,9.3640,2.0033
86.329,3.7927,9.3640,2.0033
86.339,3.7996,9.3640,2.0033
86.349,3.7996,9.3640,2.0033
86.358,3.7996,9.3640,2.0033
86.366,3.8066,9.3640,2.0033
86.375,3.8066,9.3640,2.0033
86.384,3.8135,9.3640,2.0033
86.392,3.8135,9.3640,2.0033
86.402,3.8205,9.3640,2.0033
86.411,3.8205,9.3640,2.0033
86.419,3.8274,9.3640,2.0033
86.427,3.8274,9.3640,2.0033
86.436,3.8274,9.3640,2.0033
86.443,3.8343,9.3640,2.0033
86.453,3.8343,9.3640,2.0033
86.461,3.8412,9.3640,2.0033
86.472,3.8412,9.3640,2.0033
86.480,3.8480,9.3640,2.0033
86.490,3.8480,9.3640,2.0033
86.498,3.8480,9.3640,2.0033
86.507,3.8547,9.3640,2.0033
86.516,3.8547,9.3640,2.0033
86.524,3.8612,9.3640,2.0033
86.534,3.8612,9.3640,2.0033
86.541,3.8677,9.3640,2.0033
86.551,3.8677,9.3640,2.0033
86.559,3.8739,9.3640,2.0033
86.570,3.8739,9.3640,2.0033
86.577,3.8739,9.3640,2.0033
86.585,3.8800,9.3640,2.0033
86.595,3.8800,9.3640,2.0033
86.603,3.8859,9.3640,2.0033
86.613,3.8859,9.3640,2.0033
86.621,3.8917,9.3640,2.0033
86.630,3.8917,9.3640,2.0033
86.638,3.8976,9.3640,2.0033
86.648,3.8976,9.3640,2.0033
86.656,3.8976,9.3640,2.0033
86.664,3.9034,9.3640,2.0033
86.674,3.9034,9.3640,2.0033
86.682,3.9092,9.3640,2.0033
86.693,3.9092,9.3640,2.0033
86.704,3.9150,9.3640,2.0033
86.713,3.9150,9.3640,2.0033
86.722,3.9208,9.3640,2.0033
86.731,3.9208,9.3640,2.0033
86.740,3.9265,9.3640,2.0033
86.748,3.9265,9.3640,2.0033
86.757,3.9265,9.3640,2.0033
86.764,3.9323,9.3640,2.0033
86.776,3.9323,9.3640,2.0033
86.784,3.9381,9.3640,2.0033
86.793,3.9381,9.3640,2.0033
86.802,3.9438,9.3640,2.0033
86.811,3.9438,9.3640,2.0033
86.820,3.9495,9.3640,2.0033
86.829,3.9495,9.3640,2.0033
86.838,3.9495,9.3640,2.0033
86.846,3.9551,9.3640,2.0033
86.856,3.9551,9.3640,2.0033
86.865,3.9607,9.3640,2.0033
86.875,3.9607,9.3640,2.0033
86.883,3.9661,9.3640,2.0033
86.893,3.9661,9.3640,2.0033
86.900,3.9688,9.3640,2.0033
86.910,3.9688,9.3640,2.0033
86.918,3.9714,9.3640,2.0033
86.927,3.9714,9.3640,2.0033
86.935,3.9714,9.3640,2.0033
86.944,3.9738,9.3640,2.0033
86.953,3.9738,9.3640,2.0033
86.961,3.9761,9.3640,2.0033
86.971,3.9761,9.3640,2.0033
86.979,3.9784,9.3640,2.0033
86.989,3.9784,9.3640,2.0033
86.997,3.9784,9.3640,2.0033
87.007,3.9804,9.3640,2.0033
87.017,3.9804,9.3640,2.0033
87.024,3.9824,9.3640,2.0033
87.034,3.9824,9.3640,2.0033
87.042,3.9833,9.3640,2.0033
87.052,3.9833,9.3640,2.0033
87.059,3.9841,9.3640,2.0033
87.070,3.9841,9.3640,2.0033
87.077,3.9841,9.3640,2.0033
87.085,3.9849,9.3640,2.0033
87.094,3.9849,9.3640,2.0033
87.103,3.9855,9.3640,2.0033
87.112,3.9855,9.3640,2.0033
87.121,3.9858,9.3640,2.0033
87.130,3.9858,9.3640,2.0033
87.138,3.9859,9.3640,2.0033
87.148,3.9859,9.3640,2.0033
87.157,3.9859,9.3640,2.0033
87.166,3.9861,9.3640,2.0033
87.176,3.9861,9.3640,2.0033
87.185,3.9862,9.3640,2.0033
87.195,3.9862,9.3640,2.0033
87.213,3.9863,9.3640,2.0033
87.225,3.9863,9.3640,2.0033
87.235,3.9863,9.3640,2.0033
87.244,3.9863,9.3640,2.0033
87.255,3.9863,9.3640,2.0033
87.264,3.9863,9.3640,2.0033
87.273,3.9863,9.3640,2.0033
87.283,3.9863,9.3640,2.0033
87.293,3.9863,9.3640,2.0033
87.304,3.9863,9.3640,2.0033
87.313,3.9863,9.3640,2.0033
87.322,3.9863,9.3640,2.0033
87.332,3.9863,9.3640,2.0033
87.341,3.9863,9.3640,2.0033
87.352,3.9863,9.3640,2.0033
87.361,3.9863,9.3640,2.0033
87.373,3.9863,9.3640,2.0033
87.383,3.9863,9.3640,2.0033
87.394,3.9863,9.3640,2.0033
87.405,3.9863,9.3640,2.0033
87.415,3.9863,9.3640,2.0033
87.426,3.9863,9.3640,2.0033
87.437,3.9863,9.3640,2.0033
87.445,3.9863,9.3640,2.0033
87.455,3.9863,9.3640,2.0033
87.463,3.9863,9.3640,2.0033
87.474,3.9863,9.3640,2.0033
87.483,3.9863,9.3640,2.0033
87.493,3.9863,9.3640,2.0033
87.503,3.9863,9.3640,2.0033
87.513,3.9863,9.3640,2.0033
87.523,3.9863,9.3640,2.0033
87.534,3.9863,9.3640,2.0033
87.543,3.9863,9.3640,2.0033
87.553,3.9863,9.3640,2.0033
87.562,3.9863,9.3640,2.0033
87.572,3.9863,9.3640,2.0033
87.581,3.9863,9.3640,2.0033
87.592,3.9863,9.3640,2.0033
87.601,3.9863,9.3640,2.0033
87.612,3.9863,9.3640,2.0033
87.621,3.9863,9.3640,2.0033
87.630,3.9863,9.3640,2.0033
87.637,3.9863,9.3640,2.0033
87.647,3.9863,9.3640,2.0033
87.657,3.9863,9.3640,2.0033
87.665,3.9863,9.3640,2.0033
87.676,3.9863,9.3640,2.0033
87.685,3.9863,9.3640,2.0033
87.693,3.9863,9.3640,2.0033
87.702,3.9863,9.3640,2.0033
87.711,3.9863,9.3640,2.0033
87.720,3.9863,9.3640,2.0033
87.729,3.9863,9.3640,2.0033
87.739,3.9863,9.3640,2.0033
87.749,3.9863,9.3640,2.0033
87.757,3.9863,9.3640,2.0033
87.766,3.9863,9.3640,2.0033
87.775,3.9863,9.3640,2.0033
87.784,3.9863,9.3640,2.0033
87.793,3.9863,9.3640,2.0033
87.803,3.9863,9.3640,2.0033
87.812,3.9863,9.3640,2.0033
87.821,3.9863,9.3640,2.0033
87.831,3.9863,9.3640,2.0033
87.837,3.9863,9.3640,2.0033
87.847,3.9865,9.3640,2.0033
87.856,3.9865,9.3640,2.0033
87.865,3.9866,9.3640,2.0033
87.875,3.9866,9.3640,2.0033
87.883,3.9868,9.3640,2.0033
87.893,3.9868,9.3640,2.0033
87.901,3.9869,9.3640,2.0033
87.910,3.9869,9.3640,2.0033
87.918,3.9869,9.3640,2.0033
87.926,3.9872,9.3640,2.0033
87.936,3.9872,9.3640,2.0033
87.943,3.9874,9.3640,2.0033
87.954,3.9874,9.3640,2.0033
87.961,3.9876,9.3640,2.0033
87.971,3.9876,9.3640,2.0033
87.979,3.9882,9.3640,2.0033
87.989,3.9882,9.3640,2.0033
87.997,3.9882,9.3640,2.0033
88.005,3.9888,9.3640,2.0033
88.015,3.9888,9.3640,2.0033
88.022,3.9893,9.3640,2.0033
88.032,3.9893,9.3640,2.0033
88.039,3.9896,9.3640,2.0033
88.048,3.9896,9.3640,2.0033
88.056,3.9896,9.3640,2.0033
88.065,3.9898,9.3640,2.0033
88.076,3.9898,9.3640,2.0033
88.083,3.9900,9.3640,2.0033
88.093,3.9900,9.3640,2.0033
88.103,3.9902,9.3640,2.0033
88.112,3.9902,9.3640,2.0033
88.120,3.9904,9.3640,2.0033
88.129,3.9904,9.3640,2.0033
88.139,3.9905,9.3640,2.0033
88.148,3.9905,9.3640,2.0033
88.156,3.9905,9.3640,2.0033
88.164,3.9907,9.3640,2.0033
88.174,3.9907,9.3640,2.0033
88.182,3.9908,9.3640,2.0033
88.192,3.9908,9.3640,2.0033
88.201,3.9909,9.3640,2.0033
88.211,3.9909,9.3640,2.0033
88.219,3.9910,9.3640,2.0033
88.231,3.9910,9.3640,2.0033
88.240,3.9911,9.3640,2.0033
88.249,3.9911,9.3640,2.0033
88.257,3.9911,9.3640,2.0033
88.266,3.9912,9.3640,2.0033
88.275,3.9912,9.3640,2.0033
88.284,3.9913,9.3640,2.0033
88.293,3.9913,9.3640,2.0033
88.302,3.9913,9.3640,2.0033
88.311,3.9913,9.3640,2.0033
88.319,3.9914,9.3640,2.0033
88.329,3.9914,9.3640,2.0033
88.339,3.9915,9.3640,2.0033
88.349,3.9915,9.3640,2.0033
88.357,3.9915,9.3640,2.0033
88.366,3.9915,9.3640,2.0033
88.376,3.9915,9.3640,2.0033
88.384,3.9915,9.3640,2.0033
88.392,3.9915,9.3640,2.0033
88.401,3.9916,9.3640,2.0033
88.411,3.9916,9.3640,2.0033
88.420,3.9916,9.3640,2.0033
88.429,3.9916,9.3640,2.0033
88.439,3.9917,9.3640,2.0033
88.449,3.9917,9.3640,2.0033
88.457,3.9917,9.3640,2.0033
88.466,3.9918,9.3640,2.0033
88.476,3.9918,9.3640,2.0033
88.485,3.9920,9.3640,2.0033
88.496,3.9920,9.3640,2.0033
88.505,3.9921,9.3640,2.0033
88.516,3.9921,9.3640,2.0033
88.524,3.9923,9.3640,2.0033
88.535,3.9923,9.3640,2.0033
88.544,3.9925,9.3640,2.0033
88.554,3.9925,9.3640,2.0033
88.564,3.9931,9.3640,2.0033
88.574,3.9931,9.3640,2.0033
88.583,3.9938,9.3640,2.0033
88.593,3.9938,9.3640,2.0033
88.602,3.9945,9.3640,2.0033
88.612,3.9945,9.3640,2.0033
88.621,3.9952,9.3640,2.0033
88.630,3.9952,9.3640,2.0033
88.641,3.9960,9.3640,2.0033
88.653,3.9960,9.3640,2.0033
88.661,3.9968,9.3640,2.0033
88.673,3.9968,9.3640,2.0033
88.683,3.9977,9.3640,2.0033
88.692,3.9977,9.3640,2.0033
88.702,3.9985,9.3640,2.0033
88.711,3.9985,9.3640,2.0033
88.720,3.9992,9.3640,2.0033
88.730,3.9992,9.3640,2.0033
88.739,4.0000,9.3640,2.0033
88.751,4.0000,9.3640,2.0033
88.759,4.0008,9.3640,2.0033
88.771,4.0008,9.3640,2.0033
88.780,4.0015,9.3640,2.0033
88.791,4.0015,9.3640,2.0033
88.802,4.0021,9.3640,2.0033
88.811,4.0021,9.3640,2.0033
88.819,4.0027,9.3640,2.0033
88.829,4.0027,9.3640,2.0033
88.837,4.0027,9.3640,2.0033
88.846,4.0029,9.3640,2.0033
88.858,4.0029,9.3640,2.0033
88.868,4.0030,9.3640,2.0033
88.878,4.0030,9.3640,2.0033
88.888,4.0032,9.3640,2.0033
88.897,4.0032,9.3640,2.0033
88.908,4.0032,9.3640,2.0033
88.918,4.0032,9.3640,2.0033
88.925,4.0032,9.3640,2.0033
88.935,4.0032,9.3640,2.0033
88.943,4.0032,9.3640,2.0033
88.953,4.0032,9.3640,2.0033
88.960,4.0032,9.3640,2.0033
88.970,4.0032,9.3640,2.0033
88.977,4.0032,9.3640,2.0033
88.986,4.0032,9.3640,2.0033
88.995,4.0032,9.3640,2.0033
89.005,4.0032,9.3640,2.0033
89.015,4.0032,9.3640,2.0033
89.022,4.0032,9.3640,2.0033
89.031,4.0032,9.3640,2.0033
89.040,4.0032,9.3640,2.0033
89.048,4.0032,9.3640,2.0033
89.055,4.0032,9.3640,2.0033
89.063,4.0032,9.3640,2.0033
89.073,4.0032,9.3640,2.0033
89.081,4.0032,9.3640,2.0033
89.090,4.0032,9.3640,2.0033
89.098,4.0032,9.3640,2.0033
89.106,4.0032,9.3640,2.0033
89.115,4.0032,9.3640,2.0033
89.123,4.0032,9.3640,2.0033
89.132,4.0032,9.3640,2.0033
89.141,4.0032,9.3640,2.0033
89.150,4.0032,9.3640,2.0033
89.159,4.0032,9.3640,2.0033
89.170,4.0032,9.3640,2.0033
89.177,4.0032,9.3640,2.0033
89.186,4.0032,9.3640,2.0033
89.193,4.0032,9.3640,2.0033
89.204,4.0032,9.3640,2.0033
89.213,4.0032,9.3640,2.0033
89.222,4.0032,9.3640,2.0033
89.232,4.0032,9.3640,2.0033
89.240,4.0032,9.3640,2.0033
89.251,4.0032,9.3640,2.0033
89.259,4.0032,9.3640,2.0033
89.270,4.0032,9.3640,2.0033
89.279,4.0032,9.3640,2.0033
89.288,4.0032,9.3640,2.0033
89.297,4.0032,9.3640,2.0033
89.308,4.0032,9.3640,2.0033
89.317,4.0032,9.3640,2.0033
89.325,4.0032,9.3640,2.0033
89.336,4.0032,9.3640,2.0033
89.345,4.0032,9.3640,2.0033
89.353,4.0032,9.3640,2.0033
89.361,4.0032,9.3640,2.0033
89.372,4.0032,9.3640,2.0033
89.380,4.0032,9.3640,2.0033
89.389,4.0032,9.3640,2.0033
89.396,4.0032,9.3640,2.0033
89.406,4.0032,9.3640,2.0033
89.413,4.0032,9.3640,2.0033
89.422,4.0032,9.3640,2.0033
89.432,4.0032,9.3640,2.0033
89.440,4.0032,9.3640,2.0033
89.449,4.0032,9.3640,2.0033
89.456,4.0032,9.3640,2.0033
89.466,4.0032,9.3640,2.0033
89.474,4.0032,9.3640,2.0033
89.483,4.0032,9.3640,2.0033
89.493,4.0032,9.3640,2.0033
89.501,4.0032,9.3640,2.0033
89.511,4.0032,9.3640,2.0033
89.520,4.0032,9.3640,2.0033
89.529,4.0032,9.3640,2.0033
89.537,4.0032,9.3640,2.0033
89.547,4.0032,9.3640,2.0033
89.557,4.0032,9.3640,2.0033
89.566,4.0032,9.3640,2.0033
89.576,4.0032,9.3640,2.0033
89.584,4.0032,9.3640,2.0033
89.593,4.0032,9.3640,2.0033
89.601,4.0032,9.3640,2.0033
89.619,4.0032,9.3640,2.0033
89.629,4.0032,9.3640,2.0033
89.638,4.0032,9.3640,2.0033
89.646,4.0032,9.3640,2.0033
89.655,4.0032,9.3640,2.0033
89.663,4.0032,9.3640,2.0033
89.674,4.0032,9.3640,2.0033
89.682,4.0032,9.3640,2.0033
89.691,4.0032,9.3640,2.0033
89.701,4.0032,9.3640,2.0033
89.710,4.0032,9.3640,2.0033
89.720,4.0032,9.3640,2.0033
89.730,4.0032,9.3640,2.0033
89.739,4.0032,9.3640,2.0033
89.750,4.0032,9.3640,2.0033
89.758,4.0032,9.3640,2.0033
89.770,4.0032,9.3640,2.0033
89.778,4.0032,9.3640,2.0033
89.787,4.0032,9.3640,2.0033
89.798,4.0032,9.3640,2.0033
89.807,4.0032,9.3640,2.0033
89.818,4.0032,9.3640,2.0033
89.827,4.0032,9.3640,2.0033
89.838,4.0032,9.3640,2.0033
89.847,4.0032,9.3640,2.0033
89.859,4.0032,9.3640,2.0033
89.871,4.0032,9.3640,2.0033
89.879,4.0032,9.3640,2.0033
89.890,4.0032,9.3640,2.0033
89.898,4.0032,9.3640,2.0033
89.908,4.0032,9.3640,2.0033
89.918,4.0032,9.3640,2.0033
89.927,4.0032,9.3640,2.0033
89.938,4.0032,9.3640,2.0033
89.949,4.0032,9.3640,2.0033
89.958,4.0032,9.3640,2.0033
89.969,4.0032,9.3640,2.0033
89.979,4.0032,9.3640,2.0033
89.987,4.0032,9.3640,2.0033
89.996,4.0032,9.3640,2.0033
90.005,4.0032,9.3640,2.0033
90.015,4.0032,9.3640,2.0033
90.024,4.0032,9.3640,2.0033
90.035,4.0032,9.3640,2.0033
90.043,4.0032,9.3640,2.0033
90.053,4.0032,9.3640,2.0033
90.061,4.0032,9.3640,2.0033
90.072,4.0032,9.3640,2.0033
90.080,4.0032,9.3640,2.0033
90.090,4.0032,9.3640,2.0033
90.099,4.0032,9.3640,2.0033
90.109,4.0032,9.3640,2.0033
90.118,4.0032,9.3640,2.0033
90.126,4.0032,9.3640,2.0033
90.136,4.0032,9.3640,2.0033
90.146,4.0032,9.3640,2.0033
90.155,4.0032,9.3640,2.0033
90.165,4.0032,9.3640,2.0033
90.174,4.0032,9.3640,2.0033
90.184,4.0032,9.3640,2.0033
90.193,4.0032,9.3640,2.0033
90.202,4.0032,9.3640,2.0033
90.212,4.0032,9.3640,2.0033
90.220,4.0032,9.3640,2.0033
90.230,4.0032,9.3640,2.0033
90.239,4.0032,9.3640,2.0033
90.247,4.0032,9.3640,2.0033
90.257,4.0032,9.3640,2.0033
90.265,4.0032,9.3640,2.0033
90.276,4.0032,9.3640,2.0033
90.284,4.0032,9.3640,2.0033
90.292,4.0032,9.3640,2.0033
90.301,4.0032,9.3640,2.0033
90.312,4.0032,9.3640,2.0033
90.320,4.0032,9.3639,2.0033
90.329,4.0032,9.3639,2.0033
90.340,4.0032,9.3638,2.0033
90.348,4.0032,9.3638,2.0033
90.357,4.0032,9.3638,2.0033
90.365,4.0032,9.3638,2.0033
90.375,4.0032,9.3638,2.0033
90.384,4.0032,9.3635,2.0033
90.393,4.0032,9.3635,2.0033
90.402,4.0032,9.3632,2.0033
90.412,4.0032,9.3632,2.0033
90.421,4.0032,9.3629,2.0033
90.431,4.0032,9.3629,2.0033
90.440,4.0032,9.3621,2.0033
90.449,4.0032,9.3621,2.0033
90.458,4.0032,9.3621,2.0033
90.466,4.0032,9.3613,2.0033
90.475,4.0032,9.3613,2.0033
90.484,4.0032,9.3604,2.0033
90.493,4.0032,9.3604,2.0033
90.503,4.0032,9.3595,2.0033
90.512,4.0032,9.3595,2.0033
90.522,4.0032,9.3586,2.0033
90.532,4.0032,9.3586,2.0033
90.541,4.0032,9.3575,2.0033
90.552,4.0032,9.3575,2.0033
90.559,4.0032,9.3555,2.0033
90.570,4.0032,9.3555,2.0033
90.580,4.0032,9.3533,2.0033
90.588,4.0032,9.3533,2.0033
90.597,4.0032,9.3533,2.0033
90.606,4.0032,9.3510,2.0033
90.616,4.0032,9.3510,2.0033
90.624,4.0032,9.3487,2.0033
90.635,4.0032,9.3487,2.0033
90.643,4.0032,9.3463,2.0033
90.652,4.0032,9.3463,2.0033
90.660,4.0032,9.3439,2.0033
90.672,4.0032,9.3439,2.0033
90.680,4.0032,9.3414,2.0033
90.690,4.0032,9.3414,2.0033
90.698,4.0032,9.3414,2.0033
90.707,4.0032,9.3388,2.0033
90.717,4.0032,9.3388,2.0033
90.725,4.0032,9.3362,2.0033
90.736,4.0032,9.3362,2.0033
90.743,4.0032,9.3336,2.0033
90.753,4.0032,9.3336,2.0033
90.761,4.0032,9.3309,2.0033
90.771,4.0032,9.3309,2.0033
90.778,4.0032,9.3282,2.0033
90.789,4.0032,9.3282,2.0033
90.797,4.0032,9.3282,2.0033
90.805,4.0032,9.3256,2.0033
90.816,4.0032,9.3256,2.0033
90.824,4.0032,9.3229,2.0033
90.834,4.0032,9.3229,2.0033
90.842,4.0032,9.3202,2.0033
90.852,4.0032,9.3202,2.0033
90.860,4.0032,9.3176,2.0033
90.869,4.0032,9.3176,2.0033
90.878,4.0032,9.3176,2.0033
90.886,4.0032,9.3149,2.0033
90.895,4.0032,9.3149,2.0033
90.904,4.0032,9.3122,2.0033
90.913,4.0032,9.3122,2.0033
90.921,4.0032,9.3096,2.0033
90.932,4.0032,9.3096,2.0033
90.940,4.0032,9.3069,2.0033
90.950,4.0032,9.3069,2.0033
90.959,4.0032,9.3042,2.0033
90.969,4.0032,9.3042,2.0033
90.977,4.0032,9.3042,2.0033
90.985,4.0032,9.3016,2.0033
90.995,4.0032,9.3016,2.0033
91.005,4.0032,9.2989,2.0033
91.016,4.0032,9.2989,2.0033
91.025,4.0032,9.2962,2.0033
91.037,4.0032,9.2962,2.0033
91.044,4.0032,9.2936,2.0033
91.055,4.0032,9.2936,2.0033
91.065,4.0032,9.2909,2.0033
91.075,4.0032,9.2909,2.0033
91.084,4.0032,9.2882,2.0033
91.094,4.0032,9.2882,2.0033
91.102,4.0032,9.2856,2.0033
91.113,4.0032,9.2856,2.0033
91.122,4.0032,9.2829,2.0033
91.133,4.0032,9.2829,2.0033
91.142,4.0032,9.2802,2.0033
91.152,4.0032,9.2802,2.0033
91.160,4.0032,9.2776,2.0033
91.171,4.0032,9.2776,2.0033
91.179,4.0032,9.2749,2.0033
91.190,4.0032,9.2749,2.0033
91.198,4.0032,9.2749,2.0033
91.208,4.0032,9.2722,2.0033
91.220,4.0032,9.2696,2.0033
91.230,4.0032,9.2696,2.0033
91.241,4.0032,9.2669,2.0033
91.252,4.0032,9.2669,2.0033
91.260,4.0032,9.2642,2.0033
91.272,4.0032,9.2642,2.0033
91.281,4.0032,9.2616,2.0033
91.291,4.0032,9.2616,2.0033
91.301,4.0032,9.2589,2.0033
91.311,4.0032,9.2589,2.0033
91.319,4.0032,9.2562,2.0033
91.329,4.0032,9.2562,2.0033
91.338,4.0032,9.2562,2.0033
91.347,4.0032,9.2536,2.0033
91.357,4.0032,9.2536,2.0033
91.366,4.0032,9.2509,2.0033
91.377,4.0032,9.2509,2.0033
91.385,4.0032,9.2482,2.0033
91.395,4.0032,9.2482,2.0033
91.404,4.0032,9.2456,2.0033
91.415,4.0032,9.2456,2.0033
91.424,4.0032,9.2429,2.0033
91.436,4.0032,9.2429,2.0033
91.445,4.0032,9.2402,2.0033
91.455,4.0032,9.2402,2.0033
91.463,4.0032,9.2376,2.0033
91.474,4.0032,9.2376,2.0033
91.481,4.0032,9.2349,2.0033
91.491,4.0032,9.2349,2.0033
91.499,4.0032,9.2322,2.0033
91.508,4.0032,9.2322,2.0033
91.517,4.0032,9.2322,2.0033
91.524,4.0032,9.2296,2.0033
91.534,4.0032,9.2296,2.0033
91.543,4.0032,9.2269,2.0033
91.552,4.0032,9.2269,2.0033
91.560,4.0032,9.2242,2.0033
91.570,4.0032,9.2242,2.0033
91.579,4.0032,9.2216,2.0033
91.588,4.0032,9.2216,2.0033
91.597,4.0032,9.2216,2.0033
91.606,4.0032,9.2189,2.0033
91.616,4.0032,9.2189,2.0033
91.624,4.0032,9.2162,2.0033
91.634,4.0032,9.2162,2.0033
91.642,4.0032,9.2136,2.0033
91.651,4.0032,9.2136,2.0033
91.659,4.0032,9.2109,2.0033
91.669,4.0032,9.2109,2.0033
91.677,4.0032,9.2109,2.0033
91.686,4.0032,9.2082,2.0033
91.695,4.0032,9.2082,2.0033
91.704,4.0032,9.2056,2.0033
91.714,4.0032,9.2056,2.0033
91.723,4.0032,9.2029,2.0033
91.734,4.0032,9.2029,2.0033
91.742,4.0032,9.2002,2.0033
91.753,4.0032,9.2002,2.0033
91.760,4.0032,9.1976,2.0033
91.771,4.0032,9.1976,2.0033
91.779,4.0032,9.1949,2.0033
91.790,4.0032,9.1949,2.0033
91.798,4.0032,9.1949,2.0033
91.806,4.0032,9.1922,2.0033
91.817,4.0032,9.1922,2.0033
91.825,4.0032,9.1896,2.0033
91.835,4.0032,9.1896,2.0033
91.843,4.0032,9.1869,2.0033
91.852,4.0032,9.1869,2.0033
91.859,4.0032,9.1842,2.0033
91.870,4.0032,9.1842,2.0033
91.879,4.0032,9.1816,2.0033
91.890,4.0032,9.1816,2.0033
91.898,4.0032,9.1816,2.0033
91.907,4.0032,9.1789,2.0033
91.918,4.0032,9.1789,2.0033
91.925,4.0032,9.1762,2.0033
91.937,4.0032,9.1762,2.0033
91.945,4.0032,9.1736,2.0033
91.956,4.0032,9.1736,2.0033
91.965,4.0032,9.1709,2.0033
91.975,4.0032,9.1709,2.0033
91.983,4.0032,9.1682,2.0033
92.003,4.0032,9.1656,2.0033
92.013,4.0032,9.1656,2.0033
92.021,4.0032,9.1629,2.0033
92.030,4.0032,9.1629,2.0033
92.039,4.0032,9.1602,2.0033
92.049,4.0032,9.1602,2.0033
92.057,4.0032,9.1602,2.0033
92.065,4.0032,9.1576,2.0033
92.075,4.0032,9.1576,2.0033
92.084,4.0032,9.1549,2.0033
92.094,4.0032,9.1549,2.0033
92.104,4.0032,9.1522,2.0033
92.113,4.0032,9.1522,2.0033
92.122,4.0032,9.1496,2.0033
92.131,4.0032,9.1496,2.0033
92.139,4.0032,9.1469,2.0033
92.150,4.0032,9.1469,2.0033
92.158,4.0032,9.1469,2.0033
92.166,4.0032,9.1442,2.0033
92.177,4.0032,9.1442,2.0033
92.186,4.0032,9.1416,2.0033
92.195,4.0032,9.1416,2.0033
92.204,4.0032,9.1389,2.0033
92.214,4.0032,9.1389,2.0033
92.221,4.0032,9.1362,2.0033
92.232,4.0032,9.1362,2.0033
92.242,4.0032,9.1336,2.0033
92.251,4.0032,9.1336,2.0033
92.260,4.0032,9.1309,2.0033
92.271,4.0032,9.1309,2.0033
92.280,4.0032,9.1282,2.0033
92.291,4.0032,9.1282,2.0033
92.300,4.0032,9.1256,2.0033
92.311,4.0032,9.1256,2.0033
92.321,4.0032,9.1229,2.0033
92.333,4.0032,9.1229,2.0033
92.342,4.0032,9.1202,2.0033
92.353,4.0032,9.1202,2.0033
92.361,4.0032,9.1176,2.0033
92.372,4.0032,9.1176,2.0033
92.381,4.0032,9.1149,2.0033
92.391,4.0032,9.1149,2.0033
92.400,4.0032,9.1122,2.0033
92.412,4.0032,9.1122,2.0033
92.421,4.0032,9.1096,2.0033
92.433,4.0032,9.1096,2.0033
92.442,4.0032,9.1069,2.0033
92.453,4.0032,9.1069,2.0033
92.461,4.0032,9.1042,2.0033
92.474,4.0032,9.1042,2.0033
92.484,4.0032,9.1016,2.0033
92.495,4.0032,9.1016,2.0033
92.506,4.0032,9.0989,2.0033
92.517,4.0032,9.0989,2.0033
92.526,4.0032,9.0962,2.0033
92.538,4.0032,9.0962,2.0033
92.546,4.0032,9.0936,2.0033
92.557,4.0032,9.0936,2.0033
92.565,4.0032,9.0909,2.0033
92.577,4.0032,9.0909,2.0033
92.586,4.0032,9.0882,2.0033
92.595,4.0032,9.0882,2.0033
92.605,4.0032,9.0856,2.0033
92.615,4.0032,9.0856,2.0033
92.624,4.0032,9.0829,2.0033
92.635,4.0032,9.0829,2.0033
92.643,4.0032,9.0802,2.0033
92.654,4.0032,9.0802,2.0033
92.663,4.0032,9.0776,2.0033
92.673,4.0032,9.0776,2.0033
92.683,4.0032,9.0749,2.0033
92.693,4.0032,9.0749,2.0033
92.702,4.0032,9.0722,2.0033
92.713,4.0032,9.0722,2.0033
92.723,4.0032,9.0696,2.0033
92.734,4.0032,9.0696,2.0033
92.745,4.0032,9.0669,2.0033
92.755,4.0032,9.0669,2.0033
92.762,4.0032,9.0642,2.0033
92.772,4.0032,9.0642,2.0033
92.780,4.0032,9.0616,2.0033
92.790,4.0032,9.0616,2.0033
92.798,4.0032,9.0616,2.0033
92.807,4.0032,9.0589,2.0033
92.817,4.0032,9.0589,2.0033
92.824,4.0032,9.0562,2.0033
92.835,4.0032,9.0562,2.0033
92.842,4.0032,9.0536,2.0033
92.852,4.0032,9.0536,2.0033
92.858,4.0032,9.0536,2.0033
92.867,4.0032,9.0509,2.0033
92.877,4.0032,9.0509,2.0033
92.885,4.0032,9.0482,2.0033
92.894,4.0032,9.0482,2.0033
92.904,4.0032,9.0456,2.0033
92.912,4.0032,9.0456,2.0033
92.920,4.0032,9.0429,2.0033
92.930,4.0032,9.0429,2.0033
92.939,4.0032,9.0402,2.0033
92.948,4.0032,9.0402,2.0033
92.955,4.0032,9.0402,2.0033
92.964,4.0032,9.0376,2.0033
92.973,4.0032,9.0376,2.0033
92.982,4.0032,9.0349,2.0033
92.991,4.0032,9.0349,2.0033
93.000,4.0032,9.0322,2.0033
93.010,4.0032,9.0322,2.0033
93.018,4.0032,9.0296,2.0033
93.028,4.0032,9.0296,2.0033
93.037,4.0032,9.0296,2.0033
93.045,4.0032,9.0269,2.0033
93.056,4.0032,9.0269,2.0033
93.064,4.0032,9.0242,2.0033
93.075,4.0032,9.0242,2.0033
93.083,4.0032,9.0216,2.0033
93.093,4.0032,9.0216,2.0033
93.102,4.0032,9.0189,2.0033
93.113,4.0032,9.0189,2.0033
93.121,4.0032,9.0162,2.0033
93.131,4.0032,9.0162,2.0033
93.140,4.0032,9.0136,2.0033
93.151,4.0032,9.0136,2.0033
93.159,4.0032,9.0109,2.0033
93.170,4.0032,9.0109,2.0033
93.179,4.0032,9.0082,2.0033
93.189,4.0032,9.0082,2.0033
93.198,4.0032,9.0082,2.0033
93.208,4.0032,9.0056,2.0033
93.218,4.0032,9.0056,2.0033
93.226,4.0032,9.0029,2.0033
93.238,4.0032,9.0029,2.0033
93.245,4.0032,9.0002,2.0033
93.256,4.0032,9.0002,2.0033
93.265,4.0032,8.9976,2.0033
93.276,4.0032,8.9976,2.0033
93.284,4.0032,8.9949,2.0033
93.294,4.0032,8.9949,2.0033
93.305,4.0032,8.9922,2.0033
93.314,4.0032,8.9922,2.0033
93.323,4.0032,8.9896,2.0033
93.332,4.0032,8.9896,2.0033
93.341,4.0032,8.9869,2.0033
93.352,4.0032,8.9869,2.0033
93.360,4.0032,8.9842,2.0033
93.371,4.0032,8.9842,2.0033
93.378,4.0032,8.9842,2.0033
93.387,4.0032,8.9816,2.0033
93.396,4.0032,8.9816,2.0033
93.404,4.0032,8.9789,2.0033
93.413,4.0032,8.9789,2.0033
93.421,4.0032,8.9762,2.0033
93.430,4.0032,8.9762,2.0033
93.440,4.0032,8.9736,2.0033
93.448,4.0032,8.9736,2.0033
93.456,4.0032,8.9736,2.0033
93.463,4.0032,8.9709,2.0033
93.474,4.0032,8.9709,2.0033
93.482,4.0032,8.9682,2.0033
93.492,4.0032,8.9682,2.0033
93.500,4.0032,8.9656,2.0033
93.511,4.0032,8.9656,2.0033
93.520,4.0032,8.9629,2.0033
93.529,4.0032,8.9629,2.0033
93.540,4.0032,8.9602,2.0033
93.551,4.0032,8.9602,2.0033
93.560,4.0032,8.9576,2.0033
93.571,4.0032,8.9576,2.0033
93.579,4.0032,8.9549,2.0033
93.591,4.0032,8.9549,2.0033
93.601,4.0032,8.9522,2.0033
93.612,4.0032,8.9522,2.0033
93.622,4.0032,8.9496,2.0033
93.635,4.0032,8.9496,2.0033
93.643,4.0032,8.9469,2.0033
93.655,4.0032,8.9469,2.0033
93.665,4.0032,8.9442,2.0033
93.676,4.0032,8.9442,2.0033
93.686,4.0032,8.9416,2.0033
93.698,4.0032,8.9416,2.0033
93.708,4.0032,8.9389,2.0033
93.719,4.0032,8.9362,2.0033
93.731,4.0032,8.9362,2.0033
93.740,4.0032,8.9336,2.0033
93.750,4.0032,8.9336,2.0033
93.760,4.0032,8.9309,2.0033
93.771,4.0032,8.9309,2.0033
93.781,4.0032,8.9282,2.0033
93.792,4.0032,8.9282,2.0033
93.801,4.0032,8.9256,2.0033
93.813,4.0032,8.9256,2.0033
93.822,4.0032,8.9229,2.0033
93.832,4.0032,8.9229,2.0033
93.842,4.0032,8.9202,2.0033
93.853,4.0032,8.9202,2.0033
93.862,4.0032,8.9176,2.0033
93.873,4.0032,8.9176,2.0033
93.881,4.0032,8.9149,2.0033
93.891,4.0032,8.9149,2.0033
93.901,4.0032,8.9122,2.0033
93.911,4.0032,8.9122,2.0033
93.920,4.0032,8.9096,2.0033
93.931,4.0032,8.9096,2.0033
93.940,4.0032,8.9069,2.0033
93.951,4.0032,8.9069,2.0033
93.958,4.0032,8.9069,2.0033
93.968,4.0032,8.9042,2.0033
93.979,4.0032,8.9016,2.0033
93.990,4.0032,8.9016,2.0033
94.001,4.0032,8.8989,2.0033
94.012,4.0032,8.8989,2.0033
94.021,4.0032,8.8962,2.0033
94.031,4.0032,8.8962,2.0033
94.039,4.0032,8.8936,2.0033
94.050,4.0032,8.8936,2.0033
94.058,4.0032,8.8936,2.0033
94.066,4.0032,8.8909,2.0033
94.076,4.0032,8.8909,2.0033
94.084,4.0032,8.8882,2.0033
94.094,4.0032,8.8882,2.0033
94.102,4.0032,8.8856,2.0033
94.110,4.0032,8.8856,2.0033
94.118,4.0032,8.8856,2.0033
94.125,4.0032,8.8829,2.0033
94.136,4.0032,8.8829,2.0033
94.144,4.0032,8.8802,2.0033
94.154,4.0032,8.8802,2.0033
94.161,4.0032,8.8776,2.0033
94.172,4.0032,8.8776,2.0033
94.180,4.0032,8.8749,2.0033
94.189,4.0032,8.8749,2.0033
94.196,4.0032,8.8749,2.0033
94.205,4.0032,8.8722,2.0033
94.216,4.0032,8.8722,2.0033
94.225,4.0032,8.8696,2.0033
94.236,4.0032,8.8696,2.0033
94.244,4.0032,8.8669,2.0033
94.253,4.0032,8.8669,2.0033
94.262,4.0032,8.8642,2.0033
94.273,4.0032,8.8642,2.0033
94.280,4.0032,8.8616,2.0033
94.291,4.0032,8.8616,2.0033
94.299,4.0032,8.8589,2.0033
94.310,4.0032,8.8589,2.0033
94.319,4.0032,8.8562,2.0033
94.329,4.0032,8.8562,2.0033
94.337,4.0032,8.8562,2.0033
94.345,4.0032,8.8536,2.0033
94.356,4.0032,8.8536,2.0033
94.362,4.0032,8.8509,2.0033
94.371,4.0032,8.8509,2.0033
94.379,4.0032,8.8482,2.0033
94.389,4.0032,8.8482,2.0033
94.398,4.0032,8.8482,2.0033
94.415,4.0032,8.8456,2.0033
94.425,4.0032,8.8429,2.0033
94.435,4.0032,8.8429,2.0033
94.443,4.0032,8.8402,2.0033
94.453,4.0032,8.8402,2.0033
94.460,4.0032,8.8376,2.0033
94.471,4.0032,8.8376,2.0033
94.479,4.0032,8.8349,2.0033
94.488,4.0032,8.8349,2.0033
94.496,4.0032,8.8349,2.0033
94.506,4.0032,8.8322,2.0033
94.514,4.0032,8.8322,2.0033
94.522,4.0032,8.8296,2.0033
94.531,4.0032,8.8296,2.0033
94.540,4.0032,8.8269,2.0033
94.550,4.0032,8.8269,2.0033
94.558,4.0032,8.8269,2.0033
94.568,4.0032,8.8242,2.0033
94.577,4.0032,8.8242,2.0033
94.585,4.0032,8.8216,2.0033
94.594,4.0032,8.8216,2.0033
94.603,4.0032,8.8189,2.0033
94.614,4.0032,8.8189,2.0033
94.622,4.0032,8.8162,2.0033
94.632,4.0032,8.8162,2.0033
94.639,4.0032,8.8136,2.0033
94.648,4.0032,8.8136,2.0033
94.655,4.0032,8.8136,2.0033
94.663,4.0032,8.8109,2.0033
94.672,4.0032,8.8109,2.0033
94.680,4.0032,8.8082,2.0033
94.691,4.0032,8.8082,2.0033
94.697,4.0032,8.8082,2.0033
94.704,4.0032,8.8056,2.0033
94.715,4.0032,8.8056,2.0033
94.723,4.0032,8.8029,2.0033
94.733,4.0032,8.8029,2.0033
94.741,4.0032,8.8002,2.0033
94.750,4.0032,8.8002,2.0033
94.758,4.0032,8.8002,2.0033
94.767,4.0032,8.7976,2.0033
94.777,4.0032,8.7976,2.0033
94.785,4.0032,8.7949,2.0033
94.793,4.0032,8.7949,2.0033
94.802,4.0032,8.7922,2.0033
94.812,4.0032,8.7922,2.0033
94.820,4.0032,8.7896,2.0033
94.830,4.0032,8.7896,2.0033
94.838,4.0032,8.7896,2.0033
94.846,4.0032,8.7869,2.0033
94.856,4.0032,8.7869,2.0033
94.865,4.0032,8.7842,2.0033
94.875,4.0032,8.7842,2.0033
94.883,4.0032,8.7816,2.0033
94.892,4.0032,8.7816,2.0033
94.902,4.0032,8.7789,2.0033
94.911,4.0032,8.7789,2.0033
94.919,4.0032,8.7762,2.0033
94.930,4.0032,8.7762,2.0033
94.937,4.0032,8.7762,2.0033
94.946,4.0032,8.7736,2.0033
94.956,4.0032,8.7736,2.0033
94.964,4.0032,8.7709,2.0033
94.976,4.0032,8.7709,2.0033
94.984,4.0032,8.7682,2.0033
94.995,4.0032,8.7682,2.0033
95.004,4.0032,8.7656,2.0033
95.015,4.0032,8.7656,2.0033
95.024,4.0032,8.7629,2.0033
95.035,4.0032,8.7629,2.0033
95.044,4.0032,8.7602,2.0033
95.054,4.0032,8.7602,2.0033
95.062,4.0032,8.7576,2.0033
95.073,4.0032,8.7576,2.0033
95.081,4.0032,8.7549,2.0033
95.092,4.0032,8.7549,2.0033
95.102,4.0032,8.7522,2.0033
95.113,4.0032,8.7522,2.0033
95.121,4.0032,8.7496,2.0033
95.133,4.0032,8.7496,2.0033
95.142,4.0032,8.7469,2.0033
95.153,4.0032,8.7469,2.0033
95.161,4.0032,8.7442,2.0033
95.174,4.0032,8.7442,2.0033
95.184,4.0032,8.7416,2.0033
95.195,4.0032,8.7416,2.0033
95.206,4.0032,8.7389,2.0033
95.216,4.0032,8.7389,2.0033
95.225,4.0032,8.7362,2.0033
95.236,4.0032,8.7362,2.0033
95.244,4.0032,8.7336,2.0033
95.255,4.0032,8.7336,2.0033
95.264,4.0032,8.7309,2.0033
95.275,4.0032,8.7309,2.0033
95.284,4.0032,8.7282,2.0033
95.294,4.0032,8.7282,2.0033
95.304,4.0032,8.7256,2.0033
95.312,4.0032,8.7256,2.0033
95.321,4.0032,8.7229,2.0033
95.330,4.0032,8.7229,2.0033
95.339,4.0032,8.7202,2.0033
95.348,4.0032,8.7202,2.0033
95.356,4.0032,8.7202,2.0033
95.364,4.0032,8.7176,2.0033
95.375,4.0032,8.7176,2.0033
95.383,4.0032,8.7149,2.0033
95.392,4.0032,8.7149,2.0033
95.400,4.0032,8.7122,2.0033
95.411,4.0032,8.7122,2.0033
95.419,4.0032,8.7096,2.0033
95.429,4.0032,8.7096,2.0033
95.437,4.0032,8.7096,2.0033
95.447,4.0032,8.7069,2.0033
95.457,4.0032,8.7069,2.0033
95.465,4.0032,8.7042,2.0033
95.475,4.0032,8.7042,2.0033
95.483,4.0032,8.7016,2.0033
95.493,4.0032,8.7016,2.0033
95.501,4.0032,8.6989,2.0033
95.511,4.0032,8.6989,2.0033
95.519,4.0032,8.6962,2.0033
95.528,4.0032,8.6962,2.0033
95.538,4.0032,8.6962,2.0033
95.545,4.0032,8.6936,2.0033
95.556,4.0032,8.6936,2.0033
95.563,4.0032,8.6909,2.0033
95.574,4.0032,8.6909,2.0033
95.581,4.0032,8.6882,2.0033
95.591,4.0032,8.6882,2.0033
95.599,4.0032,8.6856,2.0033
95.608,4.0032,8.6856,2.0033
95.618,4.0032,8.6856,2.0033
95.625,4.0032,8.6829,2.0033
95.636,4.0032,8.6829,2.0033
95.644,4.0032,8.6802,2.0033
95.653,4.0032,8.6802,2.0033
95.662,4.0032,8.6776,2.0033
95.672,4.0032,8.6776,2.0033
95.680,4.0032,8.6749,2.0033
95.691,4.0032,8.6749,2.0033
95.698,4.0032,8.6749,2.0033
95.706,4.0032,8.6722,2.0033
95.716,4.0032,8.6722,2.0033
95.724,4.0032,8.6696,2.0033
95.734,4.0032,8.6696,2.0033
95.743,4.0032,8.6669,2.0033
95.752,4.0032,8.6669,2.0033
95.760,4.0032,8.6642,2.0033
95.769,4.0032,8.6642,2.0033
95.778,4.0032,8.6642,2.0033
95.786,4.0032,8.6616,2.0033
95.795,4.0032,8.6616,2.0033
95.804,4.0032,8.6589,2.0033
95.814,4.0032,8.6589,2.0033
95.822,4.0032,8.6562,2.0033
95.832,4.0032,8.6562,2.0033
95.840,4.0032,8.6536,2.0033
95.850,4.0032,8.6536,2.0033
95.859,4.0032,8.6509,2.0033
95.870,4.0032,8.6509,2.0033
95.877,4.0032,8.6509,2.0033
95.885,4.0032,8.6482,2.0033
95.895,4.0032,8.6482,2.0033
95.903,4.0032,8.6456,2.0033
95.912,4.0032,8.6456,2.0033
95.920,4.0032,8.6429,2.0033
95.929,4.0032,8.6429,2.0033
95.937,4.0032,8.6429,2.0033
95.945,4.0032,8.6402,2.0033
95.955,4.0032,8.6402,2.0033
95.961,4.0032,8.6376,2.0033
95.973,4.0032,8.6376,2.0033
95.980,4.0032,8.6349,2.0033
95.990,4.0032,8.6349,2.0033
95.997,4.0032,8.6349,2.0033
96.005,4.0032,8.6322,2.0033
96.014,4.0032,8.6322,2.0033
96.022,4.0032,8.6296,2.0033
96.031,4.0032,8.6296,2.0033
96.039,4.0032,8.6269,2.0033
96.050,4.0032,8.6269,2.0033
96.057,4.0032,8.6269,2.0033
96.066,4.0032,8.6242,2.0033
96.077,4.0032,8.6242,2.0033
96.085,4.0032,8.6216,2.0033
96.096,4.0032,8.6216,2.0033
96.105,4.0032,8.6189,2.0033
96.115,4.0032,8.6189,2.0033
96.123,4.0032,8.6162,2.0033
96.134,4.0032,8.6162,2.0033
96.143,4.0032,8.6136,2.0033
96.153,4.0032,8.6136,2.0033
96.161,4.0032,8.6109,2.0033
96.173,4.0032,8.6109,2.0033
96.181,4.0032,8.6082,2.0033
96.191,4.0032,8.6082,2.0033
96.200,4.0032,8.6056,2.0033
96.210,4.0032,8.6056,2.0033
96.219,4.0032,8.6029,2.0033
96.228,4.0032,8.6029,2.0033
96.237,4.0032,8.6029,2.0033
96.246,4.0032,8.6002,2.0033
96.257,4.0032,8.6002,2.0033
96.266,4.0032,8.5976,2.0033
96.277,4.0032,8.5976,2.0033
96.287,4.0032,8.5949,2.0033
96.298,4.0032,8.5949,2.0033
96.307,4.0032,8.5922,2.0033
96.319,4.0032,8.5896,2.0033
96.330,4.0032,8.5896,2.0033
96.339,4.0032,8.5869,2.0033
96.350,4.0032,8.5869,2.0033
96.359,4.0032,8.5842,2.0033
96.370,4.0032,8.5842,2.0033
96.379,4.0032,8.5816,2.0033
96.390,4.0032,8.5816,2.0033
96.398,4.0032,8.5816,2.0033
96.406,4.0032,8.5789,2.0033
96.416,4.0032,8.5789,2.0033
96.425,4.0032,8.5762,2.0033
96.436,4.0032,8.5762,2.0033
96.444,4.0032,8.5736,2.0033
96.454,4.0032,8.5736,2.0033
96.461,4.0032,8.5709,2.0033
96.472,4.0032,8.5709,2.0033
96.479,4.0032,8.5682,2.0033
96.489,4.0032,8.5682,2.0033
96.499,4.0032,8.5656,2.0033
96.509,4.0032,8.5656,2.0033
96.518,4.0032,8.5656,2.0033
96.526,4.0032,8.5629,2.0033
96.538,4.0032,8.5629,2.0033
96.547,4.0032,8.5602,2.0033
96.557,4.0032,8.5602,2.0033
96.566,4.0032,8.5576,2.0033
96.576,4.0032,8.5576,2.0033
96.584,4.0032,8.5549,2.0033
96.594,4.0032,8.5549,2.0033
96.601,4.0032,8.5522,2.0033
96.612,4.0032,8.5522,2.0033
96.620,4.0032,8.5496,2.0033
96.630,4.0032,8.5496,2.0033
96.639,4.0032,8.5469,2.0033
96.648,4.0032,8.5469,2.0033
96.656,4.0032,8.5469,2.0033
96.663,4.0032,8.5442,2.0033
96.674,4.0032,8.5442,2.0033
96.681,4.0032,8.5416,2.0033
96.690,4.0032,8.5416,2.0033
96.696,4.0032,8.5416,2.0033
96.705,4.0032,8.5389,2.0033
96.713,4.0032,8.5389,2.0033
96.722,4.0032,8.5362,2.0033
96.730,4.0032,8.5362,2.0033
96.739,4.0032,8.5336,2.0033
96.758,4.0032,8.5336,2.0033
96.767,4.0032,8.5309,2.0033
96.778,4.0032,8.5309,2.0033
96.786,4.0032,8.5282,2.0033
96.795,4.0032,8.5282,2.0033
96.803,4.0032,8.5256,2.0033
96.812,4.0032,8.5256,2.0033
96.820,4.0032,8.5229,2.0033
96.829,4.0032,8.5229,2.0033
96.838,4.0032,8.5229,2.0033
96.846,4.0032,8.5202,2.0033
96.856,4.0032,8.5202,2.0033
96.863,4.0032,8.5176,2.0033
96.872,4.0032,8.5176,2.0033
96.880,4.0032,8.5149,2.0033
96.890,4.0032,8.5149,2.0033
96.897,4.0032,8.5149,2.0033
96.906,4.0032,8.5122,2.0033
96.915,4.0032,8.5122,2.0033
96.924,4.0032,8.5096,2.0033
96.933,4.0032,8.5096,2.0033
96.941,4.0032,8.5069,2.0033
96.950,4.0032,8.5069,2.0033
96.958,4.0032,8.5069,2.0033
96.966,4.0032,8.5042,2.0033
96.976,4.0032,8.5042,2.0033
96.985,4.0032,8.5016,2.0033
96.993,4.0032,8.5016,2.0033
97.002,4.0032,8.4989,2.0033
97.010,4.0032,8.4989,2.0033
97.020,4.0032,8.4962,2.0033
97.028,4.0032,8.4962,2.0033
97.037,4.0032,8.4962,2.0033
97.045,4.0032,8.4936,2.0033
97.054,4.0032,8.4936,2.0033
97.062,4.0032,8.4909,2.0033
97.071,4.0032,8.4909,2.0033
97.079,4.0032,8.4882,2.0033
97.088,4.0032,8.4882,2.0033
97.096,4.0032,8.4882,2.0033
97.104,4.0032,8.4856,2.0033
97.113,4.0032,8.4856,2.0033
97.120,4.0032,8.4829,2.0033
97.129,4.0032,8.4829,2.0033
97.138,4.0032,8.4829,2.0033
97.145,4.0032,8.4802,2.0033
97.155,4.0032,8.4802,2.0033
97.163,4.0032,8.4776,2.0033
97.174,4.0032,8.4776,2.0033
97.181,4.0032,8.4749,2.0033
97.191,4.0032,8.4749,2.0033
97.199,4.0032,8.4722,2.0033
97.209,4.0032,8.4722,2.0033
97.218,4.0032,8.4696,2.0033
97.227,4.0032,8.4696,2.0033
97.237,4.0032,8.4696,2.0033
97.245,4.0032,8.4669,2.0033
97.256,4.0032,8.4669,2.0033
97.264,4.0032,8.4642,2.0033
97.274,4.0032,8.4642,2.0033
97.283,4.0032,8.4616,2.0033
97.292,4.0032,8.4616,2.0033
97.302,4.0032,8.4589,2.0033
97.312,4.0032,8.4589,2.0033
97.321,4.0032,8.4562,2.0033
97.332,4.0032,8.4562,2.0033
97.340,4.0032,8.4536,2.0033
97.351,4.0032,8.4536,2.0033
97.360,4.0032,8.4509,2.0033
97.370,4.0032,8.4509,2.0033
97.379,4.0032,8.4482,2.0033
97.390,4.0032,8.4482,2.0033
97.399,4.0032,8.4456,2.0033
97.411,4.0032,8.4456,2.0033
97.420,4.0032,8.4429,2.0033
97.429,4.0032,8.4429,2.0033
97.439,4.0032,8.4402,2.0033
97.451,4.0032,8.4402,2.0033
97.459,4.0032,8.4376,2.0033
97.471,4.0032,8.4376,2.0033
97.479,4.0032,8.4349,2.0033
97.488,4.0032,8.4349,2.0033
97.498,4.0032,8.4322,2.0033
97.508,4.0032,8.4322,2.0033
97.517,4.0032,8.4322,2.0033
97.525,4.0032,8.4296,2.0033
97.536,4.0032,8.4296,2.0033
97.546,4.0032,8.4269,2.0033
97.556,4.0032,8.4269,2.0033
97.565,4.0032,8.4242,2.0033
97.575,4.0032,8.4242,2.0033
97.583,4.0032,8.4216,2.0033
97.593,4.0032,8.4216,2.0033
97.602,4.0032,8.4189,2.0033
97.613,4.0032,8.4189,2.0033
97.621,4.0032,8.4162,2.0033
97.631,4.0032,8.4162,2.0033
97.641,4.0032,8.4136,2.0033
97.651,4.0032,8.4136,2.0033
97.659,4.0032,8.4109,2.0033
97.670,4.0032,8.4109,2.0033
97.679,4.0032,8.4082,2.0033
97.688,4.0032,8.4082,2.0033
97.696,4.0032,8.4082,2.0033
97.706,4.0032,8.4056,2.0033
97.714,4.0032,8.4056,2.0033
97.723,4.0032,8.4029,2.0033
97.732,4.0032,8.4029,2.0033
97.740,4.0032,8.4002,2.0033
97.750,4.0032,8.4002,2.0033
97.758,4.0032,8.4002,2.0033
97.767,4.0032,8.3976,2.0033
97.777,4.0032,8.3976,2.0033
97.785,4.0032,8.3949,2.0033
97.796,4.0032,8.3949,2.0033
97.804,4.0032,8.3922,2.0033
97.815,4.0032,8.3922,2.0033
97.825,4.0032,8.3896,2.0033
97.837,4.0032,8.3896,2.0033
97.848,4.0032,8.3869,2.0033
97.858,4.0032,8.3842,2.0033
97.867,4.0032,8.3842,2.0033
97.875,4.0032,8.3842,2.0033
97.883,4.0032,8.3816,2.0033
97.892,4.0032,8.3816,2.0033
97.899,4.0032,8.3789,2.0033
97.910,4.0032,8.3789,2.0033
97.918,4.0032,8.3789,2.0033
97.925,4.0032,8.3762,2.0033
97.934,4.0032,8.3762,2.0033
97.942,4.0032,8.3736,2.0033
97.951,4.0032,8.3736,2.0033
97.959,4.0032,8.3709,2.0033
97.968,4.0032,8.3709,2.0033
97.976,4.0032,8.3709,2.0033
97.985,4.0032,8.3682,2.0033
97.993,4.0032,8.3682,2.0033
98.003,4.0032,8.3656,2.0033
98.012,4.0032,8.3656,2.0033
98.020,4.0032,8.3629,2.0033
98.029,4.0032,8.3629,2.0033
98.037,4.0032,8.3629,2.0033
98.045,4.0032,8.3602,2.0033
98.055,4.0032,8.3602,2.0033
98.063,4.0032,8.3576,2.0033
98.074,4.0032,8.3576,2.0033
98.081,4.0032,8.3549,2.0033
98.091,4.0032,8.3549,2.0033
98.098,4.0032,8.3522,2.0033
98.109,4.0032,8.3522,2.0033
98.117,4.0032,8.3522,2.0033
98.125,4.0032,8.3496,2.0033
98.137,4.0032,8.3496,2.0033
98.145,4.0032,8.3469,2.0033
98.154,4.0032,8.3469,2.0033
98.162,4.0032,8.3442,2.0033
98.172,4.0032,8.3442,2.0033
98.180,4.0032,8.3416,2.0033
98.190,4.0032,8.3416,2.0033
98.197,4.0032,8.3416,2.0033
98.205,4.0032,8.3389,2.0033
98.215,4.0032,8.3389,2.0033
98.223,4.0032,8.3362,2.0033
98.232,4.0032,8.3362,2.0033
98.239,4.0032,8.3336,2.0033
98.249,4.0032,8.3336,2.0033
98.257,4.0032,8.3336,2.0033
98.265,4.0032,8.3309,2.0033
98.275,4.0032,8.3309,2.0033
98.283,4.0032,8.3282,2.0033
98.292,4.0032,8.3282,2.0033
98.300,4.0032,8.3256,2.0033
98.309,4.0032,8.3256,2.0033
98.316,4.0032,8.3256,2.0033
98.324,4.0032,8.3229,2.0033
98.333,4.0032,8.3229,2.0033
98.343,4.0032,8.3202,2.0033
98.351,4.0032,8.3202,2.0033
98.360,4.0032,8.3176,2.0033
98.368,4.0032,8.3176,2.0033
98.377,4.0032,8.3176,2.0033
98.384,4.0032,8.3149,2.0033
98.393,4.0032,8.3149,2.0033
98.402,4.0032,8.3122,2.0033
98.410,4.0032,8.3122,2.0033
98.418,4.0032,8.3122,2.0033
98.425,4.0032,8.3096,2.0033
98.435,4.0032,8.3096,2.0033
98.442,4.0032,8.3069,2.0033
98.452,4.0032,8.3069,2.0033
98.459,4.0032,8.3042,2.0033
98.469,4.0032,8.3042,2.0033
98.475,4.0032,8.3042,2.0033
98.484,4.0032,8.3016,2.0033
98.492,4.0032,8.3016,2.0033
98.501,4.0032,8.2989,2.0033
98.510,4.0032,8.2989,2.0033
98.519,4.0032,8.2962,2.0033
98.527,4.0032,8.2962,2.0033
98.535,4.0032,8.2962,2.0033
98.543,4.0032,8.2936,2.0033
98.552,4.0032,8.2936,2.0033
98.560,4.0032,8.2909,2.0033
98.569,4.0032,8.2909,2.0033
98.577,4.0032,8.2909,2.0033
98.585,4.0032,8.2882,2.0033
98.594,4.0032,8.2882,2.0033
98.604,4.0032,8.2856,2.0033
98.613,4.0032,8.2856,2.0033
98.622,4.0032,8.2829,2.0033
98.631,4.0032,8.2829,2.0033
98.639,4.0032,8.2802,2.0033
98.649,4.0032,8.2802,2.0033
98.657,4.0032,8.2802,2.0033
98.666,4.0032,8.2776,2.0033
98.677,4.0032,8.2776,2.0033
98.685,4.0032,8.2749,2.0033
98.696,4.0032,8.2749,2.0033
98.706,4.0032,8.2722,2.0033
98.715,4.0032,8.2722,2.0033
98.723,4.0032,8.2696,2.0033
98.733,4.0032,8.2696,2.0033
98.742,4.0032,8.2669,2.0033
98.751,4.0032,8.2669,2.0033
98.759,4.0032,8.2642,2.0033
98.770,4.0032,8.2642,2.0033
98.778,4.0032,8.2616,2.0033
98.789,4.0032,8.2616,2.0033
98.798,4.0032,8.2616,2.0033
98.806,4.0032,8.2589,2.0033
98.816,4.0032,8.2589,2.0033
98.824,4.0032,8.2562,2.0033
98.834,4.0032,8.2562,2.0033
98.843,4.0032,8.2536,2.0033
98.853,4.0032,8.2536,2.0033
98.862,4.0032,8.2509,2.0033
98.873,4.0032,8.2509,2.0033
98.879,4.0032,8.2482,2.0033
98.890,4.0032,8.2482,2.0033
98.898,4.0032,8.2482,2.0033
98.906,4.0032,8.2456,2.0033
98.916,4.0032,8.2456,2.0033
98.924,4.0032,8.2429,2.0033
98.934,4.0032,8.2429,2.0033
98.942,4.0032,8.2402,2.0033
98.952,4.0032,8.2402,2.0033
98.959,4.0032,8.2376,2.0033
98.970,4.0032,8.2376,2.0033
98.977,4.0032,8.2376,2.0033
98.985,4.0032,8.2349,2.0033
98.994,4.0032,8.2349,2.0033
99.003,4.0032,8.2322,2.0033
99.013,4.0032,8.2322,2.0033
99.021,4.0032,8.2296,2.0033
99.031,4.0032,8.2296,2.0033
99.040,4.0032,8.2269,2.0033
99.050,4.0032,8.2269,2.0033
99.059,4.0032,8.2242,2.0033
99.077,4.0032,8.2242,2.0033
99.086,4.0032,8.2216,2.0033
99.097,4.0032,8.2216,2.0033
99.107,4.0032,8.2189,2.0033
99.117,4.0032,8.2189,2.0033
99.126,4.0032,8.2162,2.0033
99.137,4.0032,8.2162,2.0033
99.145,4.0032,8.2136,2.0033
99.156,4.0032,8.2136,2.0033
99.164,4.0032,8.2109,2.0033
99.175,4.0032,8.2109,2.0033
99.182,4.0032,8.2082,2.0033
99.192,4.0032,8.2082,2.0033
99.201,4.0032,8.2056,2.0033
99.210,4.0032,8.2056,2.0033
99.219,4.0032,8.2056,2.0033
99.230,4.0032,8.2056,2.0033
99.238,4.0032,8.2056,2.0033
99.247,4.0032,8.2056,2.0033
99.256,4.0032,8.2056,2.0033
99.264,4.0032,8.2056,2.0033
99.274,4.0032,8.2056,2.0033
99.283,4.0032,8.2056,2.0033
99.292,4.0032,8.2056,2.0033
99.301,4.0032,8.2056,2.0033
99.312,4.0032,8.2056,2.0033
99.320,4.0032,8.2056,2.0033
99.329,4.0032,8.2056,2.0033
99.339,4.0032,8.2056,2.0033
99.350,4.0032,8.2056,2.0033
99.358,4.0032,8.2056,2.0033
99.369,4.0032,8.2056,2.0033
99.377,4.0032,8.2056,2.0033
99.385,4.0032,8.2056,2.0033
99.394,4.0032,8.2056,2.0033
99.405,4.0032,8.2056,2.0033
99.414,4.0032,8.2056,2.0033
99.422,4.0032,8.2056,2.0033
99.431,4.0032,8.2056,2.0033
99.439,4.0032,8.2056,2.0033
99.449,4.0032,8.2056,2.0033
99.455,4.0032,8.2056,2.0033
99.465,4.0032,8.2056,2.0033
99.474,4.0032,8.2056,2.0033
99.482,4.0032,8.2056,2.0033
99.491,4.0032,8.2056,2.0033
99.500,4.0032,8.2056,2.0033
99.509,4.0032,8.2056,2.0033
99.517,4.0032,8.2056,2.0033
99.525,4.0032,8.2056,2.0033
99.534,4.0032,8.2056,2.0033
99.544,4.0032,8.2056,2.0033
99.554,4.0032,8.2056,2.0033
99.562,4.0032,8.2056,2.0033
99.572,4.0032,8.2056,2.0033
99.579,4.0032,8.2056,2.0033
99.589,4.0032,8.2056,2.0033
99.597,4.0032,8.2056,2.0033
99.606,4.0032,8.2056,2.0033
99.615,4.0032,8.2056,2.0033
99.624,4.0032,8.2056,2.0033
99.632,4.0032,8.2056,2.0033
99.640,4.0032,8.2056,2.0033
99.650,4.0032,8.2056,2.0033
99.657,4.0032,8.2056,2.0033
99.666,4.0032,8.2056,2.0033
99.677,4.0032,8.2056,2.0033
99.685,4.0032,8.2056,2.0033
99.693,4.0032,8.2056,2.0033
99.704,4.0032,8.2056,2.0033
99.713,4.0032,8.2056,2.0033
99.721,4.0032,8.2056,2.0033
99.730,4.0032,8.2056,2.0033
99.739,4.0032,8.2056,2.0033
99.748,4.0032,8.2056,2.0033
99.756,4.0032,8.2056,2.0033
99.765,4.0032,8.2056,2.0033
99.774,4.0032,8.2056,2.0033
99.782,4.0032,8.2056,2.0033
99.792,4.0032,8.2056,2.0033
99.801,4.0032,8.2056,2.0033
99.810,4.0032,8.2056,2.0033
99.818,4.0032,8.2056,2.0033
99.826,4.0032,8.2056,2.0033
99.836,4.0032,8.2056,2.0033
99.843,4.0032,8.2056,2.0033
99.853,4.0032,8.2056,2.0033
99.861,4.0032,8.2056,2.0033
99.871,4.0032,8.2056,2.0033
99.879,4.0032,8.2056,2.0033
99.889,4.0032,8.2056,2.0033
99.897,4.0032,8.2056,2.0033
99.907,4.0032,8.2056,2.0033
99.918,4.0032,8.2056,2.0033
99.926,4.0032,8.2056,2.0033
99.936,4.0032,8.2056,2.0033
99.944,4.0032,8.2056,2.0033
99.954,4.0032,8.2056,2.0033
99.961,4.0032,8.2056,2.0033
99.970,4.0032,8.2056,2.0033
99.978,4.0032,8.2056,2.0033
99.986,4.0032,8.2056,2.0033
99.997,4.0032,8.2056,2.0033
100.005,4.0032,8.2056,2.0033
100.015,4.0032,8.2056,2.0033
100.024,4.0032,8.2056,2.0033
100.035,4.0032,8.2056,2.0033
100.044,4.0032,8.2056,2.0033
100.053,4.0032,8.2056,2.0033
100.061,4.0032,8.2056,2.0033
100.073,4.0032,8.2056,2.0033
100.081,4.0032,8.2056,2.0033
100.091,4.0032,8.2056,2.0033
100.099,4.0032,8.2056,2.0033
100.108,4.0032,8.2056,2.0033
100.116,4.0032,8.2056,2.0033
100.125,4.0032,8.2056,2.0033
100.135,4.0032,8.2056,2.0033
100.143,4.0032,8.2056,2.0033
100.152,4.0032,8.2056,2.0033
100.160,4.0032,8.2056,2.0033
100.170,4.0032,8.2056,2.0033
100.178,4.0032,8.2056,2.0033
100.187,4.0032,8.2056,2.0033
100.196,4.0032,8.2056,2.0033
100.206,4.0032,8.2056,2.0033
100.216,4.0032,8.2056,2.0033
100.224,4.0032,8.2056,2.0033
100.234,4.0032,8.2056,2.0033
100.243,4.0032,8.2056,2.0033
100.252,4.0032,8.2056,2.0033
100.261,4.0032,8.2056,2.0033
100.271,4.0032,8.2056,2.0033
100.279,4.0032,8.2056,2.0033
100.289,4.0032,8.2056,2.0033
100.298,4.0032,8.2056,2.0033
100.308,4.0032,8.2056,2.0033
100.315,4.0032,8.2056,2.0033
100.324,4.0032,8.2056,2.0033
100.334,4.0032,8.2056,2.0033
100.343,4.0032,8.2056,2.0033
100.353,4.0032,8.2056,2.0033
100.361,4.0032,8.2056,2.0033
100.373,4.0032,8.2056,2.0033
100.381,4.0032,8.2056,2.0033
100.390,4.0032,8.2056,2.0033
100.398,4.0032,8.2056,2.0033
100.408,4.0032,8.2056,2.0033
100.417,4.0032,8.2056,2.0033
100.425,4.0032,8.2056,2.0033
100.435,4.0032,8.2056,2.0033
100.442,4.0032,8.2056,2.0033
100.451,4.0032,8.2056,2.0033
100.459,4.0032,8.2056,2.0033
100.468,4.0032,8.2056,2.0033
100.475,4.0032,8.2056,2.0033
100.484,4.0032,8.2056,2.0033
100.492,4.0032,8.2056,2.0033
100.500,4.0032,8.2056,2.0033
100.509,4.0032,8.2056,2.0033
100.518,4.0032,8.2056,2.0033
100.525,4.0032,8.2056,2.0033
100.535,4.0032,8.2056,2.0033
100.542,4.0032,8.2056,2.0033
100.552,4.0032,8.2056,2.0033
100.560,4.0032,8.2056,2.0033
100.569,4.0032,8.2056,2.0033
100.578,4.0032,8.2056,2.0033
100.586,4.0032,8.2056,2.0033
100.594,4.0032,8.2056,2.0033
100.602,4.0032,8.2056,2.0033
100.611,4.0032,8.2056,2.0033
100.619,4.0032,8.2056,2.0033
100.627,4.0032,8.2056,2.0033
100.637,4.0032,8.2056,2.0033
100.645,4.0032,8.2056,2.0033
100.654,4.0032,8.2056,2.0033
100.662,4.0032,8.2056,2.0033
100.673,4.0032,8.2056,2.0033
100.681,4.0032,8.2056,2.0033
100.689,4.0032,8.2056,2.0033
100.697,4.0032,8.2056,2.0033
100.706,4.0032,8.2056,2.0033
100.714,4.0032,8.2056,2.0033
100.721,4.0032,8.2056,2.0033
100.730,4.0032,8.2056,2.0033
100.738,4.0032,8.2056,2.0033
100.746,4.0032,8.2056,2.0033
100.754,4.0032,8.2056,2.0033
100.762,4.0032,8.2056,2.0033
100.771,4.0032,8.2056,2.0033
100.779,4.0032,8.2056,2.0033
100.788,4.0032,8.2056,2.0033
100.796,4.0032,8.2056,2.0033
100.805,4.0032,8.2056,2.0033
100.813,4.0032,8.2056,2.0033
100.822,4.0032,8.2056,2.0033
100.831,4.0032,8.2056,2.0033
100.840,4.0032,8.2056,2.0033
100.849,4.0032,8.2056,2.0033
100.857,4.0032,8.2056,2.0033
100.865,4.0032,8.2056,2.0033
100.876,4.0032,8.2056,2.0033
100.884,4.0032,8.2056,2.0033
100.892,4.0032,8.2056,2.0033
100.901,4.0032,8.2056,2.0033
100.910,4.0032,8.2056,2.0033
100.918,4.0032,8.2056,2.0033
100.926,4.0032,8.2056,2.0033
100.936,4.0032,8.2056,2.0033
100.944,4.0032,8.2056,2.0033
100.953,4.0032,8.2056,2.0033
100.961,4.0032,8.2056,2.0033
100.973,4.0032,8.2056,2.0033
100.983,4.0032,8.2056,2.0033
100.999,4.0032,8.2056,2.0033
101.009,4.0032,8.2056,2.0033
101.017,4.0032,8.2056,2.0033
101.025,4.0032,8.2056,2.0033
101.036,4.0032,8.2056,2.0033
101.045,4.0032,8.2056,2.0033
101.056,4.0032,8.2056,2.0033
101.064,4.0032,8.2056,2.0033
101.074,4.0032,8.2056,2.0033
101.081,4.0032,8.2056,2.0033
101.102,4.0032,8.2056,2.0033
101.115,4.0032,8.2056,2.0033
101.125,4.0032,8.2056,2.0033
101.135,4.0032,8.2056,2.0033
101.145,4.0032,8.2056,2.0033
101.155,4.0032,8.2056,2.0033
101.162,4.0032,8.2056,2.0033
101.172,4.0032,8.2056,2.0033
101.180,4.0032,8.2056,2.0033
101.190,4.0032,8.2056,2.0033
101.199,4.0032,8.2056,2.0033
101.210,4.0032,8.2056,2.0033
101.218,4.0032,8.2056,2.0033
101.226,4.0032,8.2056,2.0033
101.235,4.0032,8.2056,2.0033
101.244,4.0032,8.2056,2.0033
101.255,4.0032,8.2056,2.0033
101.262,4.0032,8.2056,2.0033
101.274,4.0032,8.2056,2.0033
101.282,4.0032,8.2056,2.0033
101.291,4.0032,8.2056,2.0033
101.300,4.0032,8.2056,2.0033
101.311,4.0032,8.2056,2.0033
101.319,4.0032,8.2056,2.0033
101.329,4.0032,8.2056,2.0033
101.337,4.0032,8.2056,2.0033
101.345,4.0032,8.2056,2.0033
101.356,4.0032,8.2056,2.0033
101.365,4.0032,8.2056,2.0033
101.376,4.0032,8.2056,2.0033
101.385,4.0032,8.2056,2.0033
101.393,4.0032,8.2056,2.0033
101.401,4.0032,8.2056,2.0033
101.409,4.0032,8.2056,2.0033
101.417,4.0032,8.2056,2.0033
101.426,4.0032,8.2056,2.0033
101.436,4.0032,8.2056,2.0033
101.444,4.0032,8.2056,2.0033
101.454,4.0032,8.2056,2.0033
101.462,4.0032,8.2056,2.0033
101.472,4.0032,8.2056,2.0033
101.480,4.0032,8.2056,2.0033
101.489,4.0032,8.2056,2.0033
101.497,4.0032,8.2056,2.0033
101.505,4.0032,8.2056,2.0033
101.515,4.0032,8.2056,2.0033
101.523,4.0032,8.2056,2.0033
101.530,4.0032,8.2056,2.0033
101.540,4.0032,8.2056,2.0033
101.550,4.0032,8.2056,2.0033
101.559,4.0032,8.2056,2.0033
101.569,4.0032,8.2056,2.0033
101.577,4.0032,8.2056,2.0033
101.586,4.0032,8.2056,2.0033
101.595,4.0032,8.2056,2.0033
101.605,4.0032,8.2056,2.0033
101.613,4.0032,8.2056,2.0033
101.624,4.0032,8.2056,2.0033
101.632,4.0032,8.2056,2.0033
101.640,4.0032,8.2056,2.0033
101.650,4.0032,8.2056,2.0033
101.657,4.0032,8.2056,2.0033
101.666,4.0032,8.2056,2.0033
101.673,4.0032,8.2056,2.0033
101.681,4.0032,8.2056,2.0033
101.690,4.0032,8.2056,2.0033
101.698,4.0032,8.2056,2.0033
101.705,4.0032,8.2056,2.0033
101.714,4.0032,8.2056,2.0033
101.721,4.0032,8.2056,2.0033
101.729,4.0032,8.2056,2.0033
101.737,4.0032,8.2056,2.0033
101.745,4.0032,8.2056,2.0033
101.753,4.0032,8.2056,2.0033
101.761,4.0032,8.2056,2.0033
101.770,4.0032,8.2056,2.0033
101.778,4.0032,8.2056,2.0033
101.785,4.0032,8.2056,2.0033
101.794,4.0032,8.2056,2.0033
101.801,4.0032,8.2056,2.0033
101.811,4.0032,8.2056,2.0033
101.820,4.0032,8.2057,2.0033
101.828,4.0032,8.2057,2.0033
101.837,4.0032,8.2057,2.0033
101.845,4.0032,8.2058,2.0033
101.854,4.0032,8.2058,2.0033
101.861,4.0032,8.2058,2.0033
101.871,4.0032,8.2058,2.0033
101.878,4.0032,8.2058,2.0033
101.888,4.0032,8.2059,2.0033
101.897,4.0032,8.2059,2.0033
101.906,4.0032,8.2062,2.0033
101.916,4.0032,8.2062,2.0033
101.924,4.0032,8.2064,2.0033
101.933,4.0032,8.2064,2.0033
101.943,4.0032,8.2067,2.0033
101.953,4.0032,8.2067,2.0033
101.961,4.0032,8.2069,2.0033
101.971,4.0032,8.2069,2.0033
101.978,4.0032,8.2069,2.0033
101.985,4.0032,8.2072,2.0033
101.993,4.0032,8.2072,2.0033
102.000,4.0032,8.2075,2.0033
102.009,4.0032,8.2075,2.0033
102.017,4.0032,8.2075,2.0033
102.025,4.0032,8.2078,2.0033
102.034,4.0032,8.2078,2.0033
102.042,4.0032,8.2081,2.0033
102.051,4.0032,8.2081,2.0033
102.059,4.0032,8.2084,2.0033
102.067,4.0032,8.2084,2.0033
102.075,4.0032,8.2084,2.0033
102.083,4.0032,8.2087,2.0033
102.092,4.0032,8.2087,2.0033
102.099,4.0032,8.2091,2.0033
102.108,4.0032,8.2091,2.0033
102.115,4.0032,8.2091,2.0033
102.122,4.0032,8.2094,2.0033
102.129,4.0032,8.2094,2.0033
102.138,4.0032,8.2094,2.0033
102.144,4.0032,8.2102,2.0033
102.154,4.0032,8.2102,2.0033
102.161,4.0032,8.2111,2.0033
102.171,4.0032,8.2111,2.0033
102.179,4.0032,8.2119,2.0033
102.187,4.0032,8.2119,2.0033
102.195,4.0032,8.2119,2.0033
102.203,4.0032,8.2129,2.0033
102.213,4.0032,8.2129,2.0033
102.220,4.0032,8.2139,2.0033
102.227,4.0032,8.2139,2.0033
102.235,4.0032,8.2139,2.0033
102.244,4.0032,8.2159,2.0033
102.253,4.0032,8.2159,2.0033
102.262,4.0032,8.2181,2.0033
102.274,4.0032,8.2181,2.0033
102.281,4.0032,8.2203,2.0033
102.290,4.0032,8.2203,2.0033
102.297,4.0032,8.2203,2.0033
102.304,4.0032,8.2226,2.0033
102.313,4.0032,8.2226,2.0033
102.320,4.0032,8.2249,2.0033
102.329,4.0032,8.2249,2.0033
102.338,4.0032,8.2249,2.0033
102.345,4.0032,8.2272,2.0033
102.354,4.0032,8.2272,2.0033
102.361,4.0032,8.2296,2.0033
102.372,4.0032,8.2296,2.0033
102.378,4.0032,8.2321,2.0033
102.389,4.0032,8.2321,2.0033
102.395,4.0032,8.2321,2.0033
102.403,4.0032,8.2346,2.0033
102.412,4.0032,8.2346,2.0033
102.420,4.0032,8.2371,2.0033
102.427,4.0032,8.2371,2.0033
102.436,4.0032,8.2371,2.0033
102.444,4.0032,8.2397,2.0033
102.453,4.0032,8.2397,2.0033
102.459,4.0032,8.2422,2.0033
102.470,4.0032,8.2422,2.0033
102.477,4.0032,8.2422,2.0033
102.485,4.0032,8.2448,2.0033
102.492,4.0032,8.2448,2.0033
102.502,4.0032,8.2474,2.0033
102.512,4.0032,8.2474,2.0033
102.520,4.0032,8.2500,2.0033
102.528,4.0032,8.2500,2.0033
102.536,4.0032,8.2500,2.0033
102.543,4.0032,8.2526,2.0033
102.551,4.0032,8.2526,2.0033
102.559,4.0032,8.2552,2.0033
102.569,4.0032,8.2552,2.0033
102.576,4.0032,8.2552,2.0033
102.583,4.0032,8.2578,2.0033
102.593,4.0032,8.2578,2.0033
102.602,4.0032,8.2604,2.0033
102.610,4.0032,8.2604,2.0033
102.618,4.0032,8.2604,2.0033
102.625,4.0032,8.2630,2.0033
102.635,4.0032,8.2630,2.0033
102.643,4.0032,8.2656,2.0033
102.653,4.0032,8.2656,2.0033
102.659,4.0032,8.2682,2.0033
102.668,4.0032,8.2682,2.0033
102.675,4.0032,8.2682,2.0033
102.683,4.0032,8.2708,2.0033
102.693,4.0032,8.2708,2.0033
102.700,4.0032,8.2735,2.0033
102.709,4.0032,8.2735,2.0033
102.718,4.0032,8.2735,2.0033
102.726,4.0032,8.2761,2.0033
102.735,4.0032,8.2761,2.0033
102.744,4.0032,8.2787,2.0033
102.754,4.0032,8.2787,2.0033
102.760,4.0032,8.2814,2.0033
102.770,4.0032,8.2814,2.0033
102.777,4.0032,8.2814,2.0033
102.785,4.0032,8.2840,2.0033
102.793,4.0032,8.2840,2.0033
102.801,4.0032,8.2866,2.0033
102.809,4.0032,8.2866,2.0033
102.817,4.0032,8.2866,2.0033
102.824,4.0032,8.2893,2.0033
102.833,4.0032,8.2893,2.0033
102.840,4.0032,8.2919,2.0033
102.850,4.0032,8.2919,2.0033
102.857,4.0032,8.2919,2.0033
102.866,4.0032,8.2946,2.0033
102.875,4.0032,8.2946,2.0033
102.884,4.0032,8.2972,2.0033
102.892,4.0032,8.2972,2.0033
102.903,4.0032,8.2998,2.0033
102.910,4.0032,8.2998,2.0033
102.918,4.0032,8.2998,2.0033
102.925,4.0032,8.3024,2.0033
102.935,4.0032,8.3024,2.0033
102.942,4.0032,8.3051,2.0033
102.950,4.0032,8.3051,2.0033
102.958,4.0032,8.3051,2.0033
102.966,4.0032,8.3077,2.0033
102.975,4.0032,8.3077,2.0033
102.981,4.0032,8.3103,2.0033
102.990,4.0032,8.3103,2.0033
102.997,4.0032,8.3103,2.0033
103.003,4.0032,8.3129,2.0033
103.012,4.0032,8.3129,2.0033
103.019,4.0032,8.3156,2.0033
103.026,4.0032,8.3156,2.0033
103.033,4.0032,8.3156,2.0033
103.040,4.0032,8.3182,2.0033
103.047,4.0032,8.3182,2.0033
103.055,4.0032,8.3182,2.0033
103.060,4.0032,8.3208,2.0033
103.069,4.0032,8.3208,2.0033
103.076,4.0032,8.3208,2.0033
103.082,4.0032,8.3234,2.0033
103.090,4.0032,8.3234,2.0033
103.096,4.0032,8.3234,2.0033
103.104,4.0032,8.3261,2.0033
103.111,4.0032,8.3261,2.0033
103.119,4.0032,8.3287,2.0033
103.127,4.0032,8.3287,2.0033
103.134,4.0032,8.3287,2.0033
103.140,4.0032,8.3313,2.0033
103.148,4.0032,8.3313,2.0033
103.156,4.0032,8.3313,2.0033
103.163,4.0032,8.3339,2.0033
103.172,4.0032,8.3339,2.0033
103.180,4.0032,8.3365,2.0033
103.188,4.0032,8.3365,2.0033
103.195,4.0032,8.3365,2.0033
103.202,4.0032,8.3392,2.0033
103.210,4.0032,8.3392,2.0033
103.217,4.0032,8.3392,2.0033
103.225,4.0032,8.3418,2.0033
103.233,4.0032,8.3418,2.0033
103.240,4.0032,8.3444,2.0033
103.248,4.0032,8.3444,2.0033
103.255,4.0032,8.3444,2.0033
103.261,4.0032,8.3470,2.0033
103.271,4.0032,8.3470,2.0033
103.278,4.0032,8.3470,2.0033
103.287,4.0032,8.3496,2.0033
103.296,4.0032,8.3496,2.0033
103.305,4.0032,8.3523,2.0033
103.321,4.0032,8.3549,2.0033
103.335,4.0032,8.3549,2.0033
103.345,4.0032,8.3575,2.0033
103.359,4.0032,8.3601,2.0033
103.373,4.0032,8.3601,2.0033
103.382,4.0032,8.3627,2.0033
103.391,4.0032,8.3627,2.0033
103.399,4.0032,8.3653,2.0033
103.409,4.0032,8.3653,2.0033
103.417,4.0032,8.3653,2.0033
103.425,4.0032,8.3679,2.0033
103.433,4.0032,8.3679,2.0033
103.441,4.0032,8.3706,2.0033
103.451,4.0032,8.3706,2.0033
103.459,4.0032,8.3732,2.0033
103.471,4.0032,8.3732,2.0033
103.481,4.0032,8.3758,2.0033
103.490,4.0032,8.3758,2.0033
103.497,4.0032,8.3758,2.0033
103.505,4.0032,8.3784,2.0033
103.513,4.0032,8.3784,2.0033
103.520,4.0032,8.3810,2.0033
103.527,4.0032,8.3810,2.0033
103.534,4.0032,8.3810,2.0033
103.540,4.0032,8.3836,2.0033
103.549,4.0032,8.3836,2.0033
103.555,4.0032,8.3836,2.0033
103.562,4.0032,8.3863,2.0033
103.571,4.0032,8.3863,2.0033
103.577,4.0032,8.3863,2.0033
103.585,4.0032,8.3889,2.0033
103.593,4.0032,8.3889,2.0033
103.601,4.0032,8.3915,2.0033
103.609,4.0032,8.3915,2.0033
103.616,4.0032,8.3915,2.0033
103.623,4.0032,8.3941,2.0033
103.632,4.0032,8.3941,2.0033
103.639,4.0032,8.3967,2.0033
103.648,4.0032,8.3967,2.0033
103.659,4.0032,8.3993,2.0033
103.670,4.0032,8.3993,2.0033
103.678,4.0032,8.3993,2.0033
103.687,4.0032,8.4019,2.0033
103.694,4.0032,8.4019,2.0033
103.702,4.0032,8.4046,2.0033
103.711,4.0032,8.4046,2.0033
103.719,4.0032,8.4072,2.0033
103.727,4.0032,8.4072,2.0033
103.735,4.0032,8.4072,2.0033
103.743,4.0032,8.4098,2.0033
103.753,4.0032,8.4098,2.0033
103.760,4.0032,8.4124,2.0033
103.771,4.0032,8.4124,2.0033
103.780,4.0032,8.4150,2.0033
103.788,4.0032,8.4150,2.0033
103.797,4.0032,8.4150,2.0033
103.805,4.0032,8.4176,2.0033
103.814,4.0032,8.4176,2.0033
103.821,4.0032,8.4202,2.0033
103.831,4.0032,8.4202,2.0033
103.839,4.0032,8.4228,2.0033
103.848,4.0032,8.4228,2.0033
103.856,4.0032,8.4228,2.0033
103.865,4.0032,8.4254,2.0033
103.875,4.0032,8.4254,2.0033
103.883,4.0032,8.4281,2.0033
103.892,4.0032,8.4281,2.0033
103.900,4.0032,8.4307,2.0033
103.909,4.0032,8.4307,2.0033
103.916,4.0032,8.4307,2.0033
103.924,4.0032,8.4333,2.0033
103.932,4.0032,8.4333,2.0033
103.940,4.0032,8.4359,2.0033
103.950,4.0032,8.4359,2.0033
103.959,4.0032,8.4385,2.0033
103.969,4.0032,8.4385,2.0033
103.976,4.0032,8.4385,2.0033
103.985,4.0032,8.4411,2.0033
103.993,4.0032,8.4411,2.0033
104.001,4.0032,8.4437,2.0033
104.010,4.0032,8.4437,2.0033
104.018,4.0032,8.4437,2.0033
104.025,4.0032,8.4464,2.0033
104.034,4.0032,8.4464,2.0033
104.042,4.0032,8.4490,2.0033
104.052,4.0032,8.4490,2.0033
104.059,4.0032,8.4516,2.0033
104.067,4.0032,8.4516,2.0033
104.075,4.0032,8.4516,2.0033
104.082,4.0032,8.4542,2.0033
104.091,4.0032,8.4542,2.0033
104.098,4.0032,8.4542,2.0033
104.105,4.0032,8.4568,2.0033
104.114,4.0032,8.4568,2.0033
104.121,4.0032,8.4595,2.0033
104.130,4.0032,8.4595,2.0033
104.138,4.0032,8.4595,2.0033
104.145,4.0032,8.4621,2.0033
104.155,4.0032,8.4621,2.0033
104.162,4.0032,8.4647,2.0033
104.172,4.0032,8.4647,2.0033
104.178,4.0032,8.4647,2.0033
104.186,4.0032,8.4673,2.0033
104.194,4.0032,8.4673,2.0033
104.202,4.0032,8.4700,2.0033
104.210,4.0032,8.4700,2.0033
104.217,4.0032,8.4700,2.0033
104.224,4.0032,8.4726,2.0033
104.231,4.0032,8.4726,2.0033
104.238,4.0032,8.4726,2.0033
104.245,4.0032,8.4752,2.0033
104.254,4.0032,8.4752,2.0033
104.260,4.0032,8.4778,2.0033
104.270,4.0032,8.4778,2.0033
104.278,4.0032,8.4778,2.0033
104.286,4.0032,8.4804,2.0033
104.295,4.0032,8.4804,2.0033
104.303,4.0032,8.4831,2.0033
104.312,4.0032,8.4831,2.0033
104.319,4.0032,8.4857,2.0033
104.327,4.0032,8.4857,2.0033
104.335,4.0032,8.4857,2.0033
104.344,4.0032,8.4883,2.0033
104.352,4.0032,8.4883,2.0033
104.359,4.0032,8.4909,2.0033
104.376,4.0032,8.4909,2.0033
104.383,4.0032,8.4935,2.0033
104.392,4.0032,8.4935,2.0033
104.401,4.0032,8.4962,2.0033
104.412,4.0032,8.4962,2.0033
104.420,4.0032,8.4988,2.0033
104.427,4.0032,8.4988,2.0033
104.434,4.0032,8.4988,2.0033
104.441,4.0032,8.5014,2.0033
104.451,4.0032,8.5014,2.0033
104.457,4.0032,8.5014,2.0033
104.466,4.0032,8.5040,2.0033
104.474,4.0032,8.5040,2.0033
104.481,4.0032,8.5066,2.0033
104.489,4.0032,8.5066,2.0033
104.496,4.0032,8.5066,2.0033
104.504,4.0032,8.5093,2.0033
104.512,4.0032,8.5093,2.0033
104.519,4.0032,8.5119,2.0033
104.526,4.0032,8.5119,2.0033
104.533,4.0032,8.5119,2.0033
104.541,4.0032,8.5145,2.0033
104.550,4.0032,8.5145,2.0033
104.556,4.0032,8.5145,2.0033
104.564,4.0032,8.5171,2.0033
104.572,4.0032,8.5171,2.0033
104.579,4.0032,8.5197,2.0033
104.587,4.0032,8.5197,2.0033
104.595,4.0032,8.5197,2.0033
104.603,4.0032,8.5224,2.0033
104.611,4.0032,8.5224,2.0033
104.619,4.0032,8.5250,2.0033
104.627,4.0032,8.5250,2.0033
104.635,4.0032,8.5250,2.0033
104.642,4.0032,8.5276,2.0033
104.651,4.0032,8.5276,2.0033
104.659,4.0032,8.5302,2.0033
104.667,4.0032,8.5302,2.0033
104.675,4.0032,8.5302,2.0033
104.683,4.0032,8.5328,2.0033
104.690,4.0032,8.5328,2.0033
104.696,4.0032,8.5328,2.0033
104.703,4.0032,8.5355,2.0033
104.711,4.0032,8.5355,2.0033
104.719,4.0032,8.5381,2.0033
104.725,4.0032,8.5381,2.0033
104.732,4.0032,8.5381,2.0033
104.740,4.0032,8.5407,2.0033
104.748,4.0032,8.5407,2.0033
104.754,4.0032,8.5407,2.0033
104.761,4.0032,8.5433,2.0033
104.769,4.0032,8.5433,2.0033
104.777,4.0032,8.5433,2.0033
104.783,4.0032,8.5459,2.0033
104.791,4.0032,8.5459,2.0033
104.798,4.0032,8.5459,2.0033
104.806,4.0032,8.5486,2.0033
104.814,4.0032,8.5486,2.0033
104.822,4.0032,8.5512,2.0033
104.829,4.0032,8.5512,2.0033
104.838,4.0032,8.5512,2.0033
104.845,4.0032,8.5538,2.0033
104.855,4.0032,8.5538,2.0033
104.862,4.0032,8.5564,2.0033
104.871,4.0032,8.5564,2.0033
104.877,4.0032,8.5564,2.0033
104.885,4.0032,8.5590,2.0033
104.893,4.0032,8.5590,2.0033
104.901,4.0032,8.5616,2.0033
104.910,4.0032,8.5616,2.0033
104.919,4.0032,8.5643,2.0033
104.928,4.0032,8.5643,2.0033
104.937,4.0032,8.5643,2.0033
104.943,4.0032,8.5669,2.0033
104.952,4.0032,8.5669,2.0033
104.959,4.0032,8.5695,2.0033
104.969,4.0032,8.5695,2.0033
104.976,4.0032,8.5695,2.0033
104.984,4.0032,8.5721,2.0033
104.992,4.0032,8.5721,2.0033
104.999,4.0032,8.5747,2.0033
105.008,4.0032,8.5747,2.0033
105.016,4.0032,8.5747,2.0033
105.022,4.0032,8.5773,2.0033
105.031,4.0032,8.5773,2.0033
105.038,4.0032,8.5773,2.0033
105.047,4.0032,8.5800,2.0033
105.055,4.0032,8.5800,2.0033
105.064,4.0032,8.5826,2.0033
105.073,4.0032,8.5826,2.0033
105.081,4.0032,8.5852,2.0033
105.090,4.0032,8.5852,2.0033
105.097,4.0032,8.5852,2.0033
105.106,4.0032,8.5878,2.0033
105.115,4.0032,8.5878,2.0033
105.123,4.0032,8.5904,2.0033
105.131,4.0032,8.5904,2.0033
105.139,4.0032,8.5930,2.0033
105.148,4.0032,8.5930,2.0033
105.157,4.0032,8.5930,2.0033
105.163,4.0032,8.5956,2.0033
105.172,4.0032,8.5956,2.0033
105.179,4.0032,8.5982,2.0033
105.189,4.0032,8.5982,2.0033
105.195,4.0032,8.5982,2.0033
105.203,4.0032,8.6008,2.0033
105.211,4.0032,8.6008,2.0033
105.219,4.0032,8.6035,2.0033
105.227,4.0032,8.6035,2.0033
105.235,4.0032,8.6035,2.0033
105.241,4.0032,8.6061,2.0033
105.251,4.0032,8.6061,2.0033
105.258,4.0032,8.6061,2.0033
105.266,4.0032,8.6087,2.0033
105.274,4.0032,8.6087,2.0033
105.282,4.0032,8.6113,2.0033
105.290,4.0032,8.6113,2.0033
105.297,4.0032,8.6113,2.0033
105.304,4.0032,8.6139,2.0033
105.313,4.0032,8.6139,2.0033
105.320,4.0032,8.6165,2.0033
105.329,4.0032,8.6165,2.0033
105.336,4.0032,8.6165,2.0033
105.344,4.0032,8.6191,2.0033
105.352,4.0032,8.6191,2.0033
105.360,4.0032,8.6218,2.0033
105.368,4.0032,8.6218,2.0033
105.376,4.0032,8.6218,2.0033
105.386,4.0032,8.6244,2.0033
105.396,4.0032,8.6244,2.0033
105.406,4.0032,8.6270,2.0033
105.416,4.0032,8.6270,2.0033
105.425,4.0032,8.6296,2.0033
105.442,4.0032,8.6322,2.0033
105.452,4.0032,8.6322,2.0033
105.459,4.0032,8.6348,2.0033
105.467,4.0032,8.6348,2.0033
105.474,4.0032,8.6348,2.0033
105.481,4.0032,8.6374,2.0033
105.488,4.0032,8.6374,2.0033
105.494,4.0032,8.6374,2.0033
105.502,4.0032,8.6400,2.0033
105.510,4.0032,8.6400,2.0033
105.518,4.0032,8.6400,2.0033
105.525,4.0032,8.6427,2.0033
105.534,4.0032,8.6427,2.0033
105.541,4.0032,8.6453,2.0033
105.550,4.0032,8.6453,2.0033
105.557,4.0032,8.6453,2.0033
105.565,4.0032,8.6479,2.0033
105.574,4.0032,8.6479,2.0033
105.582,4.0032,8.6505,2.0033
105.590,4.0032,8.6505,2.0033
105.599,4.0032,8.6531,2.0033
105.608,4.0032,8.6531,2.0033
105.616,4.0032,8.6531,2.0033
105.623,4.0032,8.6558,2.0033
105.630,4.0032,8.6558,2.0033
105.638,4.0032,8.6558,2.0033
105.645,4.0032,8.6584,2.0033
105.654,4.0032,8.6584,2.0033
105.661,4.0032,8.6610,2.0033
105.671,4.0032,8.6610,2.0033
105.678,4.0032,8.6610,2.0033
105.686,4.0032,8.6636,2.0033
105.693,4.0032,8.6636,2.0033
105.700,4.0032,8.6662,2.0033
105.709,4.0032,8.6662,2.0033
105.717,4.0032,8.6662,2.0033
105.723,4.0032,8.6689,2.0033
105.731,4.0032,8.6689,2.0033
105.740,4.0032,8.6715,2.0033
105.747,4.0032,8.6715,2.0033
105.754,4.0032,8.6715,2.0033
105.760,4.0032,8.6741,2.0033
105.768,4.0032,8.6741,2.0033
105.776,4.0032,8.6741,2.0033
105.783,4.0032,8.6767,2.0033
105.790,4.0032,8.6767,2.0033
105.797,4.0032,8.6767,2.0033
105.805,4.0032,8.6793,2.0033
105.814,4.0032,8.6793,2.0033
105.821,4.0032,8.6820,2.0033
105.830,4.0032,8.6820,2.0033
105.838,4.0032,8.6820,2.0033
105.847,4.0032,8.6846,2.0033
105.857,4.0032,8.6846,2.0033
105.864,4.0032,8.6872,2.0033
105.872,4.0032,8.6872,2.0033
105.879,4.0032,8.6898,2.0033
105.888,4.0032,8.6898,2.0033
105.895,4.0032,8.6898,2.0033
105.903,4.0032,8.6924,2.0033
105.910,4.0032,8.6924,2.0033
105.918,4.0032,8.6924,2.0033
105.925,4.0032,8.6951,2.0033
105.932,4.0032,8.6951,2.0033
105.940,4.0032,8.6977,2.0033
105.948,4.0032,8.6977,2.0033
105.956,4.0032,8.6977,2.0033
105.962,4.0032,8.7003,2.0033
105.971,4.0032,8.7003,2.0033
105.978,4.0032,8.7003,2.0033
105.986,4.0032,8.7029,2.0033
105.993,4.0032,8.7029,2.0033
106.001,4.0032,8.7056,2.0033
106.008,4.0032,8.7056,2.0033
106.016,4.0032,8.7056,2.0033
106.022,4.0032,8.7082,2.0033
106.030,4.0032,8.7082,2.0033
106.038,4.0032,8.7082,2.0033
106.046,4.0032,8.7108,2.0033
106.055,4.0032,8.7108,2.0033
106.063,4.0032,8.7134,2.0033
106.072,4.0032,8.7134,2.0033
106.080,4.0032,8.7161,2.0033
106.087,4.0032,8.7161,2.0033
106.093,4.0032,8.7161,2.0033
106.100,4.0032,8.7187,2.0033
106.109,4.0032,8.7187,2.0033
106.115,4.0032,8.7187,2.0033
106.121,4.0032,8.7213,2.0033
106.129,4.0032,8.7213,2.0033
106.137,4.0032,8.7213,2.0033
106.144,4.0032,8.7239,2.0033
106.152,4.0032,8.7239,2.0033
106.160,4.0032,8.7266,2.0033
106.169,4.0032,8.7266,2.0033
106.176,4.0032,8.7266,2.0033
106.184,4.0032,8.7292,2.0033
106.193,4.0032,8.7292,2.0033
106.201,4.0032,8.7318,2.0033
106.210,4.0032,8.7318,2.0033
106.217,4.0032,8.7318,2.0033
106.224,4.0032,8.7344,2.0033
106.234,4.0032,8.7344,2.0033
106.240,4.0032,8.7370,2.0033
106.251,4.0032,8.7370,2.0033
106.258,4.0032,8.7397,2.0033
106.268,4.0032,8.7397,2.0033
106.275,4.0032,8.7397,2.0033
106.284,4.0032,8.7423,2.0033
106.293,4.0032,8.7423,2.0033
106.301,4.0032,8.7449,2.0033
106.310,4.0032,8.7449,2.0033
106.318,4.0032,8.7449,2.0033
106.325,4.0032,8.7475,2.0033
106.335,4.0032,8.7475,2.0033
106.343,4.0032,8.7501,2.0033
106.352,4.0032,8.7501,2.0033
106.359,4.0032,8.7528,2.0033
106.368,4.0032,8.7528,2.0033
106.377,4.0032,8.7528,2.0033
106.384,4.0032,8.7554,2.0033
106.392,4.0032,8.7554,2.0033
106.401,4.0032,8.7580,2.0033
106.410,4.0032,8.7580,2.0033
106.417,4.0032,8.7580,2.0033
106.425,4.0032,8.7606,2.0033
106.436,4.0032,8.7606,2.0033
106.443,4.0032,8.7633,2.0033
106.452,4.0032,8.7633,2.0033
106.458,4.0032,8.7659,2.0033
106.468,4.0032,8.7659,2.0033
106.474,4.0032,8.7659,2.0033
106.482,4.0032,8.7685,2.0033
106.490,4.0032,8.7685,2.0033
106.499,4.0032,8.7711,2.0033
106.508,4.0032,8.7711,2.0033
106.516,4.0032,8.7711,2.0033
106.523,4.0032,8.7737,2.0033
106.532,4.0032,8.7737,2.0033
106.539,4.0032,8.7763,2.0033
106.549,4.0032,8.7763,2.0033
106.555,4.0032,8.7763,2.0033
106.563,4.0032,8.7790,2.0033
106.572,4.0032,8.7790,2.0033
106.580,4.0032,8.7816,2.0033
106.589,4.0032,8.7816,2.0033
106.596,4.0032,8.7816,2.0033
106.605,4.0032,8.7842,2.0033
106.616,4.0032,8.7842,2.0033
106.624,4.0032,8.7868,2.0033
106.632,4.0032,8.7868,2.0033
106.640,4.0032,8.7894,2.0033
106.650,4.0032,8.7894,2.0033
106.658,4.0032,8.7894,2.0033
106.665,4.0032,8.7921,2.0033
106.675,4.0032,8.7921,2.0033
106.683,4.0032,8.7947,2.0033
106.694,4.0032,8.7947,2.0033
106.703,4.0032,8.7973,2.0033
106.712,4.0032,8.7973,2.0033
106.719,4.0032,8.7999,2.0033
106.725,4.0032,8.7999,2.0033
106.732,4.0032,8.7999,2.0033
106.740,4.0032,8.8025,2.0033
106.748,4.0032,8.8025,2.0033
106.755,4.0032,8.8025,2.0033
106.762,4.0032,8.8051,2.0033
106.771,4.0032,8.8051,2.0033
106.777,4.0032,8.8051,2.0033
106.785,4.0032,8.8077,2.0033
106.792,4.0032,8.8077,2.0033
106.802,4.0032,8.8104,2.0033
106.810,4.0032,8.8104,2.0033
106.820,4.0032,8.8130,2.0033
106.828,4.0032,8.8130,2.0033
106.835,4.0032,8.8130,2.0033
106.841,4.0032,8.8156,2.0033
106.849,4.0032,8.8156,2.0033
106.856,4.0032,8.8156,2.0033
106.864,4.0032,8.8182,2.0033
106.874,4.0032,8.8182,2.0033
106.881,4.0032,8.8208,2.0033
106.890,4.0032,8.8208,2.0033
106.896,4.0032,8.8208,2.0033
106.904,4.0032,8.8234,2.0033
106.912,4.0032,8.8234,2.0033
106.920,4.0032,8.8261,2.0033
106.929,4.0032,8.8261,2.0033
106.935,4.0032,8.8261,2.0033
106.943,4.0032,8.8287,2.0033
106.953,4.0032,8.8287,2.0033
106.959,4.0032,8.8313,2.0033
106.968,4.0032,8.8313,2.0033
106.974,4.0032,8.8313,2.0033
106.982,4.0032,8.8339,2.0033
106.990,4.0032,8.8339,2.0033
106.996,4.0032,8.8339,2.0033
107.004,4.0032,8.8365,2.0033
107.013,4.0032,8.8365,2.0033
107.019,4.0032,8.8391,2.0033
107.026,4.0032,8.8391,2.0033
107.034,4.0032,8.8391,2.0033
107.041,4.0032,8.8417,2.0033
107.049,4.0032,8.8417,2.0033
107.055,4.0032,8.8417,2.0033
107.062,4.0032,8.8444,2.0033
107.071,4.0032,8.8444,2.0033
107.078,4.0032,8.8444,2.0033
107.085,4.0032,8.8470,2.0033
107.093,4.0032,8.8470,2.0033
107.100,4.0032,8.8496,2.0033
107.108,4.0032,8.8496,2.0033
107.114,4.0032,8.8496,2.0033
107.121,4.0032,8.8522,2.0033
107.128,4.0032,8.8522,2.0033
107.135,4.0032,8.8522,2.0033
107.142,4.0032,8.8548,2.0033
107.151,4.0032,8.8548,2.0033
107.158,4.0032,8.8548,2.0033
107.165,4.0032,8.8574,2.0033
107.172,4.0032,8.8574,2.0033
107.178,4.0032,8.8574,2.0033
107.186,4.0032,8.8601,2.0033
107.194,4.0032,8.8601,2.0033
107.202,4.0032,8.8627,2.0033
107.209,4.0032,8.8627,2.0033
107.215,4.0032,8.8627,2.0033
107.223,4.0032,8.8653,2.0033
107.230,4.0032,8.8653,2.0033
107.237,4.0032,8.8653,2.0033
107.243,4.0032,8.8679,2.0033
107.252,4.0032,8.8679,2.0033
107.258,4.0032,8.8679,2.0033
107.266,4.0032,8.8705,2.0033
107.274,4.0032,8.8705,2.0033
107.282,4.0032,8.8731,2.0033
107.289,4.0032,8.8731,2.0033
107.296,4.0032,8.8731,2.0033
107.303,4.0032,8.8757,2.0033
107.311,4.0032,8.8757,2.0033
107.319,4.0032,8.8783,2.0033
107.325,4.0032,8.8783,2.0033
107.334,4.0032,8.8783,2.0033
107.340,4.0032,8.8810,2.0033
107.348,4.0032,8.8810,2.0033
107.354,4.0032,8.8810,2.0033
107.360,4.0032,8.8836,2.0033
107.369,4.0032,8.8836,2.0033
107.376,4.0032,8.8836,2.0033
107.383,4.0032,8.8862,2.0033
107.391,4.0032,8.8862,2.0033
107.398,4.0032,8.8862,2.0033
107.406,4.0032,8.8888,2.0033
107.416,4.0032,8.8888,2.0033
107.425,4.0032,8.8914,2.0033
107.435,4.0032,8.8914,2.0033
107.443,4.0032,8.8940,2.0033
107.451,4.0032,8.8940,2.0033
107.470,4.0032,8.8966,2.0033
107.479,4.0032,8.8992,2.0033
107.489,4.0032,8.8992,2.0033
107.498,4.0032,8.9018,2.0033
107.507,4.0032,8.9018,2.0033
107.515,4.0032,8.9018,2.0033
107.522,4.0032,8.9044,2.0033
107.532,4.0032,8.9044,2.0033
107.538,4.0032,8.9044,2.0033
107.546,4.0032,8.9071,2.0033
107.555,4.0032,8.9071,2.0033
107.562,4.0032,8.9097,2.0033
107.571,4.0032,8.9097,2.0033
107.580,4.0032,8.9123,2.0033
107.589,4.0032,8.9123,2.0033
107.598,4.0032,8.9123,2.0033
107.607,4.0032,8.9149,2.0033
107.619,4.0032,8.9175,2.0033
107.628,4.0032,8.9175,2.0033
107.637,4.0032,8.9175,2.0033
107.646,4.0032,8.9201,2.0033
107.655,4.0032,8.9201,2.0033
107.664,4.0032,8.9227,2.0033
107.674,4.0032,8.9227,2.0033
107.681,4.0032,8.9253,2.0033
107.689,4.0032,8.9253,2.0033
107.696,4.0032,8.9253,2.0033
107.704,4.0032,8.9279,2.0033
107.712,4.0032,8.9279,2.0033
107.719,4.0032,8.9305,2.0033
107.727,4.0032,8.9305,2.0033
107.735,4.0032,8.9305,2.0033
107.742,4.0032,8.9331,2.0033
107.752,4.0032,8.9331,2.0033
107.759,4.0032,8.9357,2.0033
107.769,4.0032,8.9357,2.0033
107.776,4.0032,8.9357,2.0033
107.784,4.0032,8.9384,2.0033
107.793,4.0032,8.9384,2.0033
107.801,4.0032,8.9410,2.0033
107.812,4.0032,8.9410,2.0033
107.820,4.0032,8.9436,2.0033
107.830,4.0032,8.9436,2.0033
107.838,4.0032,8.9436,2.0033
107.846,4.0032,8.9462,2.0033
107.854,4.0032,8.9462,2.0033
107.861,4.0032,8.9488,2.0033
107.871,4.0032,8.9488,2.0033
107.879,4.0032,8.9514,2.0033
107.890,4.0032,8.9514,2.0033
107.896,4.0032,8.9514,2.0033
107.904,4.0032,8.9540,2.0033
107.913,4.0032,8.9540,2.0033
107.922,4.0032,8.9566,2.0033
107.931,4.0032,8.9566,2.0033
107.940,4.0032,8.9592,2.0033
107.951,4.0032,8.9592,2.0033
107.959,4.0032,8.9618,2.0033
107.969,4.0032,8.9618,2.0033
107.976,4.0032,8.9618,2.0033
107.985,4.0032,8.9644,2.0033
107.993,4.0032,8.9644,2.0033
108.000,4.0032,8.9671,2.0033
108.009,4.0032,8.9671,2.0033
108.016,4.0032,8.9671,2.0033
108.022,4.0032,8.9697,2.0033
108.032,4.0032,8.9697,2.0033
108.040,4.0032,8.9723,2.0033
108.047,4.0032,8.9723,2.0033
108.054,4.0032,8.9723,2.0033
108.060,4.0032,8.9749,2.0033
108.070,4.0032,8.9749,2.0033
108.076,4.0032,8.9749,2.0033
108.083,4.0032,8.9775,2.0033
108.092,4.0032,8.9775,2.0033
108.101,4.0032,8.9801,2.0033
108.109,4.0032,8.9801,2.0033
108.116,4.0032,8.9801,2.0033
108.124,4.0032,8.9827,2.0033
108.133,4.0032,8.9827,2.0033
108.140,4.0032,8.9853,2.0033
108.149,4.0032,8.9853,2.0033
108.157,4.0032,8.9853,2.0033
108.163,4.0032,8.9879,2.0033
108.171,4.0032,8.9879,2.0033
108.180,4.0032,8.9905,2.0033
108.190,4.0032,8.9905,2.0033
108.198,4.0032,8.9905,2.0033
108.207,4.0032,8.9931,2.0033
108.217,4.0032,8.9931,2.0033
108.225,4.0032,8.9957,2.0033
108.235,4.0032,8.9957,2.0033
108.242,4.0032,8.9984,2.0033
108.252,4.0032,8.9984,2.0033
108.259,4.0032,9.0010,2.0033
108.267,4.0032,9.0010,2.0033
108.275,4.0032,9.0010,2.0033
108.284,4.0032,9.0036,2.0033
108.292,4.0032,9.0036,2.0033
108.301,4.0032,9.0062,2.0033
108.310,4.0032,9.0062,2.0033
108.319,4.0032,9.0088,2.0033
108.327,4.0032,9.0088,2.0033
108.336,4.0032,9.0088,2.0033
108.344,4.0032,9.0114,2.0033
108.352,4.0032,9.0114,2.0033
108.359,4.0032,9.0140,2.0033
108.370,4.0032,9.0140,2.0033
108.378,4.0032,9.0140,2.0033
108.386,4.0032,9.0166,2.0033
108.395,4.0032,9.0166,2.0033
108.403,4.0032,9.0192,2.0033
108.412,4.0032,9.0192,2.0033
108.420,4.0032,9.0218,2.0033
108.429,4.0032,9.0218,2.0033
108.437,4.0032,9.0218,2.0033
108.444,4.0032,9.0244,2.0033
108.453,4.0032,9.0244,2.0033
108.459,4.0032,9.0270,2.0033
108.468,4.0032,9.0270,2.0033
108.475,4.0032,9.0270,2.0033
108.482,4.0032,9.0296,2.0033
108.492,4.0032,9.0296,2.0033
108.500,4.0032,9.0322,2.0033
108.509,4.0032,9.0322,2.0033
108.517,4.0032,9.0322,2.0033
108.525,4.0032,9.0348,2.0033
108.534,4.0032,9.0348,2.0033
108.541,4.0032,9.0374,2.0033
108.551,4.0032,9.0374,2.0033
108.560,4.0032,9.0401,2.0033
108.570,4.0032,9.0401,2.0033
108.578,4.0032,9.0401,2.0033
108.587,4.0032,9.0427,2.0033
108.597,4.0032,9.0427,2.0033
108.606,4.0032,9.0453,2.0033
108.616,4.0032,9.0453,2.0033
108.623,4.0032,9.0479,2.0033
108.633,4.0032,9.0479,2.0033
108.641,4.0032,9.0505,2.0033
108.650,4.0032,9.0505,2.0033
108.658,4.0032,9.0505,2.0033
108.666,4.0032,9.0531,2.0033
108.676,4.0032,9.0531,2.0033
108.683,4.0032,9.0557,2.0033
108.693,4.0032,9.0557,2.0033
108.702,4.0032,9.0583,2.0033
108.711,4.0032,9.0583,2.0033
108.718,4.0032,9.0583,2.0033
108.725,4.0032,9.0609,2.0033
108.735,4.0032,9.0609,2.0033
108.742,4.0032,9.0635,2.0033
108.751,4.0032,9.0635,2.0033
108.758,4.0032,9.0635,2.0033
108.766,4.0032,9.0661,2.0033
108.775,4.0032,9.0661,2.0033
108.782,4.0032,9.0687,2.0033
108.792,4.0032,9.0687,2.0033
108.802,4.0032,9.0713,2.0033
108.812,4.0032,9.0713,2.0033
108.822,4.0032,9.0739,2.0033
108.835,4.0032,9.0739,2.0033
108.843,4.0032,9.0765,2.0033
108.854,4.0032,9.0765,2.0033
108.862,4.0032,9.0791,2.0033
108.873,4.0032,9.0791,2.0033
108.881,4.0032,9.0817,2.0033
108.891,4.0032,9.0817,2.0033
108.900,4.0032,9.0843,2.0033
108.910,4.0032,9.0843,2.0033
108.918,4.0032,9.0843,2.0033
108.927,4.0032,9.0869,2.0033
108.937,4.0032,9.0869,2.0033
108.944,4.0032,9.0895,2.0033
108.954,4.0032,9.0895,2.0033
108.961,4.0032,9.0921,2.0033
108.971,4.0032,9.0921,2.0033
108.979,4.0032,9.0948,2.0033
108.989,4.0032,9.0948,2.0033
108.998,4.0032,9.0948,2.0033
109.007,4.0032,9.0974,2.0033
109.016,4.0032,9.0974,2.0033
109.024,4.0032,9.1000,2.0033
109.034,4.0032,9.1000,2.0033
109.042,4.0032,9.1026,2.0033
109.052,4.0032,9.1026,2.0033
109.059,4.0032,9.1052,2.0033
109.071,4.0032,9.1052,2.0033
109.078,4.0032,9.1052,2.0033
109.087,4.0032,9.1078,2.0033
109.096,4.0032,9.1078,2.0033
109.104,4.0032,9.1104,2.0033
109.112,4.0032,9.1104,2.0033
109.120,4.0032,9.1130,2.0033
109.128,4.0032,9.1130,2.0033
109.136,4.0032,9.1130,2.0033
109.142,4.0032,9.1156,2.0033
109.152,4.0032,9.1156,2.0033
109.159,4.0032,9.1182,2.0033
109.168,4.0032,9.1182,2.0033
109.176,4.0032,9.1182,2.0033
109.184,4.0032,9.1208,2.0033
109.193,4.0032,9.1208,2.0033
109.201,4.0032,9.1234,2.0033
109.210,4.0032,9.1234,2.0033
109.219,4.0032,9.1260,2.0033
109.228,4.0032,9.1260,2.0033
109.236,4.0032,9.1260,2.0033
109.242,4.0032,9.1286,2.0033
109.251,4.0032,9.1286,2.0033
109.259,4.0032,9.1312,2.0033
109.269,4.0032,9.1312,2.0033
109.277,4.0032,9.1312,2.0033
109.286,4.0032,9.1338,2.0033
109.295,4.0032,9.1338,2.0033
109.304,4.0032,9.1364,2.0033
109.312,4.0032,9.1364,2.0033
109.320,4.0032,9.1391,2.0033
109.329,4.0032,9.1391,2.0033
109.337,4.0032,9.1391,2.0033
109.344,4.0032,9.1417,2.0033
109.353,4.0032,9.1417,2.0033
109.360,4.0032,9.1443,2.0033
109.371,4.0032,9.1443,2.0033
109.377,4.0032,9.1443,2.0033
109.386,4.0032,9.1469,2.0033
109.394,4.0032,9.1469,2.0033
109.403,4.0032,9.1495,2.0033
109.412,4.0032,9.1495,2.0033
109.419,4.0032,9.1521,2.0033
109.431,4.0032,9.1521,2.0033
109.439,4.0032,9.1547,2.0033
109.447,4.0032,9.1547,2.0033
109.454,4.0032,9.1547,2.0033
109.462,4.0032,9.1573,2.0033
109.472,4.0032,9.1573,2.0033
109.480,4.0032,9.1599,2.0033
109.491,4.0032,9.1599,2.0033
109.498,4.0032,9.1599,2.0033
109.505,4.0032,9.1625,2.0033
109.515,4.0032,9.1625,2.0033
109.523,4.0032,9.1651,2.0033
109.530,4.0032,9.1651,2.0033
109.539,4.0032,9.1678,2.0033
109.548,4.0032,9.1678,2.0033
109.556,4.0032,9.1678,2.0033
109.563,4.0032,9.1704,2.0033
109.571,4.0032,9.1704,2.0033
109.578,4.0032,9.1704,2.0033
109.585,4.0032,9.1730,2.0033
109.592,4.0032,9.1730,2.0033
109.600,4.0032,9.1756,2.0033
109.609,4.0032,9.1756,2.0033
109.616,4.0032,9.1756,2.0033
109.622,4.0032,9.1782,2.0033
109.632,4.0032,9.1782,2.0033
109.639,4.0032,9.1808,2.0033
109.648,4.0032,9.1808,2.0033
109.664,4.0032,9.1834,2.0033
109.673,4.0032,9.1834,2.0033
109.680,4.0032,9.1860,2.0033
109.688,4.0032,9.1860,2.0033
109.694,4.0032,9.1860,2.0033
109.702,4.0032,9.1887,2.0033
109.711,4.0032,9.1887,2.0033
109.720,4.0032,9.1913,2.0033
109.729,4.0032,9.1913,2.0033
109.737,4.0032,9.1913,2.0033
109.744,4.0032,9.1939,2.0033
109.754,4.0032,9.1939,2.0033
109.761,4.0032,9.1965,2.0033
109.771,4.0032,9.1965,2.0033
109.778,4.0032,9.1965,2.0033
109.787,4.0032,9.1991,2.0033
109.796,4.0032,9.1991,2.0033
109.804,4.0032,9.2017,2.0033
109.814,4.0032,9.2017,2.0033
109.822,4.0032,9.2043,2.0033
109.831,4.0032,9.2043,2.0033
109.839,4.0032,9.2070,2.0033
109.849,4.0032,9.2070,2.0033
109.857,4.0032,9.2070,2.0033
109.865,4.0032,9.2096,2.0033
109.875,4.0032,9.2096,2.0033
109.883,4.0032,9.2122,2.0033
109.892,4.0032,9.2122,2.0033
109.899,4.0032,9.2148,2.0033
109.909,4.0032,9.2148,2.0033
109.917,4.0032,9.2148,2.0033
109.924,4.0032,9.2174,2.0033
109.934,4.0032,9.2174,2.0033
109.943,4.0032,9.2200,2.0033
109.952,4.0032,9.2200,2.0033
109.960,4.0032,9.2226,2.0033
109.971,4.0032,9.2226,2.0033
109.978,4.0032,9.2226,2.0033
109.986,4.0032,9.2253,2.0033
109.995,4.0032,9.2253,2.0033
110.004,4.0032,9.2279,2.0033
110.013,4.0032,9.2279,2.0033
110.023,4.0032,9.2305,2.0033
110.034,4.0032,9.2305,2.0033
110.042,4.0032,9.2331,2.0033
110.052,4.0032,9.2331,2.0033
110.059,4.0032,9.2357,2.0033
110.070,4.0032,9.2357,2.0033
110.076,4.0032,9.2357,2.0033
110.084,4.0032,9.2383,2.0033
110.094,4.0032,9.2383,2.0033
110.101,4.0032,9.2410,2.0033
110.111,4.0032,9.2410,2.0033
110.118,4.0032,9.2410,2.0033
110.125,4.0032,9.2436,2.0033
110.135,4.0032,9.2436,2.0033
110.142,4.0032,9.2462,2.0033
110.152,4.0032,9.2462,2.0033
110.160,4.0032,9.2488,2.0033
110.170,4.0032,9.2488,2.0033
110.178,4.0032,9.2488,2.0033
110.186,4.0032,9.2514,2.0033
110.194,4.0032,9.2514,2.0033
110.201,4.0032,9.2540,2.0033
110.209,4.0032,9.2540,2.0033
110.217,4.0032,9.2540,2.0033
110.225,4.0032,9.2567,2.0033
110.234,4.0032,9.2567,2.0033
110.243,4.0032,9.2593,2.0033
110.251,4.0032,9.2593,2.0033
110.259,4.0032,9.2619,2.0033
110.269,4.0032,9.2619,2.0033
110.277,4.0032,9.2619,2.0033
110.285,4.0032,9.2645,2.0033
110.294,4.0032,9.2645,2.0033
110.305,4.0032,9.2671,2.0033
110.313,4.0032,9.2671,2.0033
110.321,4.0032,9.2698,2.0033
110.331,4.0032,9.2698,2.0033
110.339,4.0032,9.2724,2.0033
110.348,4.0032,9.2724,2.0033
110.356,4.0032,9.2724,2.0033
110.366,4.0032,9.2750,2.0033
110.376,4.0032,9.2750,2.0033
110.385,4.0032,9.2776,2.0033
110.394,4.0032,9.2776,2.0033
110.403,4.0032,9.2802,2.0033
110.412,4.0032,9.2802,2.0033
110.420,4.0032,9.2828,2.0033
110.430,4.0032,9.2828,2.0033
110.439,4.0032,9.2855,2.0033
110.450,4.0032,9.2855,2.0033
110.459,4.0032,9.2881,2.0033
110.470,4.0032,9.2881,2.0033
110.477,4.0032,9.2881,2.0033
110.486,4.0032,9.2907,2.0033
110.495,4.0032,9.2907,2.0033
110.504,4.0032,9.2933,2.0033
110.513,4.0032,9.2933,2.0033
110.521,4.0032,9.2959,2.0033
110.531,4.0032,9.2959,2.0033
110.539,4.0032,9.2985,2.0033
110.548,4.0032,9.2985,2.0033
110.555,4.0032,9.2985,2.0033
110.563,4.0032,9.3012,2.0033
110.574,4.0032,9.3012,2.0033
110.582,4.0032,9.3038,2.0033
110.591,4.0032,9.3038,2.0033
110.599,4.0032,9.3064,2.0033
110.608,4.0032,9.3064,2.0033
110.615,4.0032,9.3064,2.0033
110.622,4.0032,9.3090,2.0033
110.630,4.0032,9.3090,2.0033
110.637,4.0032,9.3090,2.0033
110.646,4.0032,9.3116,2.0033
110.655,4.0032,9.3116,2.0033
110.662,4.0032,9.3143,2.0033
110.672,4.0032,9.3143,2.0033
110.679,4.0032,9.3169,2.0033
110.688,4.0032,9.3169,2.0033
110.695,4.0032,9.3169,2.0033
110.704,4.0032,9.3195,2.0033
110.712,4.0032,9.3195,2.0033
110.721,4.0032,9.3221,2.0033
110.730,4.0032,9.3221,2.0033
110.738,4.0032,9.3221,2.0033
110.745,4.0032,9.3247,2.0033
110.755,4.0032,9.3247,2.0033
110.762,4.0032,9.3273,2.0033
110.772,4.0032,9.3273,2.0033
110.779,4.0032,9.3300,2.0033
110.789,4.0032,9.3300,2.0033
110.797,4.0032,9.3300,2.0033
110.804,4.0032,9.3326,2.0033
110.813,4.0032,9.3326,2.0033
110.821,4.0032,9.3352,2.0033
110.831,4.0032,9.3352,2.0033
110.838,4.0032,9.3352,2.0033
110.847,4.0032,9.3378,2.0033
110.856,4.0032,9.3378,2.0033
110.864,4.0032,9.3404,2.0033
110.874,4.0032,9.3404,2.0033
110.882,4.0032,9.3430,2.0033
110.891,4.0032,9.3430,2.0033
110.899,4.0032,9.3457,2.0033
110.909,4.0032,9.3457,2.0033
110.917,4.0032,9.3457,2.0033
110.925,4.0032,9.3483,2.0033
110.935,4.0032,9.3483,2.0033
110.944,4.0032,9.3509,2.0033
110.953,4.0032,9.3509,2.0033
110.960,4.0032,9.3535,2.0033
110.971,4.0032,9.3535,2.0033
110.977,4.0032,9.3535,2.0033
110.986,4.0032,9.3561,2.0033
110.995,4.0032,9.3561,2.0033
111.004,4.0032,9.3587,2.0033
111.012,4.0032,9.3587,2.0033
111.021,4.0032,9.3614,2.0033
111.031,4.0032,9.3614,2.0033
111.038,4.0032,9.3640,2.0033
111.049,4.0032,9.3640,2.0033
111.056,4.0032,9.3640,2.0033
111.064,4.0032,9.3640,2.0033
111.074,4.0032,9.3640,2.0033
111.082,4.0032,9.3640,2.0033
111.092,4.0032,9.3640,2.0033
111.100,4.0032,9.3640,2.0033
111.109,4.0032,9.3640,2.0033
111.117,4.0032,9.3640,2.0033
111.126,4.0032,9.3640,2.0033
111.135,4.0032,9.3640,2.0033
111.144,4.0032,9.3640,2.0033
111.153,4.0032,9.3640,2.0033
111.160,4.0032,9.3640,2.0033
111.169,4.0032,9.3640,2.0033
111.177,4.0032,9.3640,2.0033
111.185,4.0032,9.3640,2.0033
111.192,4.0032,9.3640,2.0033
111.202,4.0032,9.3640,2.0033
111.211,4.0032,9.3640,2.0033
111.220,4.0032,9.3640,2.0033
111.229,4.0032,9.3640,2.0033
111.239,4.0032,9.3640,2.0033
111.249,4.0032,9.3640,2.0033
111.256,4.0032,9.3640,2.0033
111.266,4.0032,9.3640,2.0033
111.275,4.0032,9.3640,2.0033
111.285,4.0032,9.3640,2.0033
111.294,4.0032,9.3640,2.0033
111.304,4.0032,9.3640,2.0033
111.313,4.0032,9.3640,2.0033
111.322,4.0032,9.3640,2.0033
111.332,4.0032,9.3640,2.0033
111.341,4.0032,9.3640,2.0033
111.350,4.0032,9.3640,2.0033
111.358,4.0032,9.3640,2.0033
111.367,4.0032,9.3640,2.0033
111.377,4.0032,9.3640,2.0033
111.385,4.0032,9.3640,2.0033
111.394,4.0032,9.3640,2.0033
111.403,4.0032,9.3640,2.0033
111.412,4.0032,9.3640,2.0033
111.422,4.0032,9.3640,2.0033
111.430,4.0032,9.3640,2.0033
111.440,4.0032,9.3640,2.0033
111.452,4.0032,9.3640,2.0033
111.459,4.0032,9.3640,2.0033
111.468,4.0032,9.3640,2.0033
111.477,4.0032,9.3640,2.0033
111.486,4.0032,9.3640,2.0033
111.493,4.0032,9.3640,2.0033
111.503,4.0032,9.3640,2.0033
111.512,4.0032,9.3640,2.0033
111.520,4.0032,9.3640,2.0033
111.529,4.0032,9.3640,2.0033
111.538,4.0032,9.3640,2.0033
111.547,4.0032,9.3640,2.0033
111.557,4.0032,9.3640,2.0033
111.566,4.0032,9.3640,2.0033
111.577,4.0032,9.3640,2.0033
111.585,4.0032,9.3640,2.0033
111.594,4.0032,9.3640,2.0033
111.605,4.0032,9.3640,2.0033
111.614,4.0032,9.3640,2.0033
111.623,4.0032,9.3640,2.0033
111.631,4.0032,9.3640,2.0033
111.641,4.0032,9.3640,2.0033
111.650,4.0032,9.3640,2.0033
111.658,4.0032,9.3640,2.0033
111.669,4.0032,9.3640,2.0033
111.677,4.0032,9.3640,2.0033
111.686,4.0032,9.3640,2.0033
111.696,4.0032,9.3640,2.0033
111.705,4.0032,9.3640,2.0033
111.715,4.0032,9.3640,2.0033
111.724,4.0032,9.3640,2.0033
111.733,4.0032,9.3640,2.0033
111.741,4.0032,9.3640,2.0033
111.751,4.0032,9.3640,2.0033
111.758,4.0032,9.3640,2.0033
111.766,4.0032,9.3640,2.0033
111.775,4.0032,9.3640,2.0033
111.783,4.0032,9.3640,2.0033
111.791,4.0032,9.3640,2.0033
111.799,4.0032,9.3640,2.0033
111.808,4.0032,9.3640,2.0033
111.816,4.0032,9.3640,2.0033
111.824,4.0032,9.3640,2.0033
111.833,4.0032,9.3640,2.0033
111.842,4.0032,9.3640,2.0033
111.852,4.0032,9.3640,2.0033
111.859,4.0032,9.3640,2.0033
111.869,4.0032,9.3640,2.0033
111.878,4.0032,9.3640,2.0033
111.885,4.0032,9.3640,2.0033
111.894,4.0032,9.3640,2.0033
111.902,4.0032,9.3640,2.0033
111.910,4.0032,9.3640,2.0033
111.918,4.0032,9.3640,2.0033
111.935,4.0032,9.3640,2.0033
111.943,4.0032,9.3640,2.0033
111.953,4.0032,9.3640,2.0033
111.960,4.0032,9.3640,2.0033
111.970,4.0032,9.3640,2.0033
111.977,4.0032,9.3640,2.0033
111.986,4.0032,9.3640,2.0033
111.992,4.0032,9.3640,2.0033
112.002,4.0032,9.3640,2.0033
112.009,4.0032,9.3640,2.0033
112.016,4.0032,9.3640,2.0033
112.024,4.0032,9.3640,2.0033
112.033,4.0032,9.3640,2.0033
112.039,4.0032,9.3640,2.0033
112.047,4.0032,9.3640,2.0033
112.054,4.0032,9.3640,2.0033
112.061,4.0032,9.3640,2.0033
112.070,4.0032,9.3640,2.0033
112.078,4.0032,9.3640,2.0033
112.088,4.0032,9.3640,2.0033
112.095,4.0032,9.3640,2.0033
112.102,4.0032,9.3640,2.0033
112.110,4.0032,9.3640,2.0033
112.118,4.0032,9.3640,2.0033
112.125,4.0032,9.3640,2.0033
112.133,4.0032,9.3640,2.0033
112.142,4.0032,9.3640,2.0033
112.150,4.0032,9.3640,2.0033
112.158,4.0032,9.3640,2.0033
112.166,4.0032,9.3640,2.0033
112.176,4.0032,9.3640,2.0033
112.183,4.0032,9.3640,2.0033
112.192,4.0032,9.3640,2.0033
112.198,4.0032,9.3640,2.0033
112.207,4.0032,9.3640,2.0033
112.214,4.0032,9.3640,2.0033
112.221,4.0032,9.3640,2.0033
112.229,4.0032,9.3640,2.0033
112.238,4.0032,9.3640,2.0033
112.244,4.0032,9.3640,2.0033
112.253,4.0032,9.3640,2.0033
112.259,4.0032,9.3640,2.0033
112.269,4.0032,9.3640,2.0033
112.275,4.0032,9.3640,2.0033
112.282,4.0032,9.3640,2.0033
112.291,4.0032,9.3640,2.0033
112.299,4.0032,9.3640,2.0033
112.307,4.0032,9.3640,2.0033
112.314,4.0032,9.3640,2.0033
112.320,4.0032,9.3640,2.0033
112.330,4.0032,9.3640,2.0033
112.337,4.0032,9.3640,2.0033
112.344,4.0032,9.3640,2.0033
112.352,4.0032,9.3640,2.0033
112.359,4.0032,9.3640,2.0033
112.368,4.0032,9.3640,2.0033
112.375,4.0032,9.3640,2.0033
112.381,4.0032,9.3640,2.0033
112.390,4.0032,9.3640,2.0033
112.397,4.0032,9.3640,2.0033
112.405,4.0032,9.3640,2.0033
112.413,4.0032,9.3640,2.0033
112.422,4.0032,9.3640,2.0033
112.429,4.0032,9.3640,2.0033
112.439,4.0032,9.3640,2.0033
112.447,4.0032,9.3640,2.0033
112.457,4.0032,9.3640,2.0033
112.466,4.0032,9.3640,2.0033
112.476,4.0032,9.3640,2.0033
112.485,4.0032,9.3640,2.0033
112.494,4.0032,9.3640,2.0033
112.504,4.0032,9.3640,2.0033
112.514,4.0032,9.3640,2.0033
112.522,4.0032,9.3640,2.0033
112.532,4.0032,9.3640,2.0033
112.542,4.0032,9.3640,2.0033
112.551,4.0032,9.3640,2.0033
112.559,4.0032,9.3640,2.0033
112.570,4.0032,9.3640,2.0033
112.578,4.0032,9.3640,2.0033
112.586,4.0032,9.3640,2.0033
112.595,4.0032,9.3640,2.0033
112.604,4.0032,9.3640,2.0033
112.614,4.0032,9.3640,2.0033
112.622,4.0032,9.3640,2.0036
112.632,4.0032,9.3640,2.0036
112.641,4.0032,9.3640,2.0041
112.650,4.0032,9.3640,2.0041
112.659,4.0032,9.3640,2.0047
112.670,4.0032,9.3640,2.0047
112.678,4.0032,9.3640,2.0047
112.686,4.0032,9.3640,2.0055
112.696,4.0032,9.3640,2.0055
112.705,4.0032,9.3640,2.0079
112.715,4.0032,9.3640,2.0079
112.722,4.0032,9.3640,2.0106
112.730,4.0032,9.3640,2.0106
112.739,4.0032,9.3640,2.0135
112.748,4.0032,9.3640,2.0135
112.756,4.0032,9.3640,2.0135
112.765,4.0032,9.3640,2.0167
112.776,4.0032,9.3640,2.0167
112.785,4.0032,9.3640,2.0200
112.794,4.0032,9.3640,2.0200
112.803,4.0032,9.3640,2.0234
112.812,4.0032,9.3640,2.0234
112.820,4.0032,9.3640,2.0268
112.829,4.0032,9.3640,2.0268
112.838,4.0032,9.3640,2.0268
112.847,4.0032,9.3640,2.0302
112.856,4.0032,9.3640,2.0302
112.865,4.0032,9.3640,2.0336
112.876,4.0032,9.3640,2.0336
112.883,4.0032,9.3640,2.0369
112.893,4.0032,9.3640,2.0369
112.902,4.0032,9.3640,2.0403
112.912,4.0032,9.3640,2.0403
112.921,4.0032,9.3640,2.0437
112.931,4.0032,9.3640,2.0437
112.940,4.0032,9.3640,2.0471
112.949,4.0032,9.3640,2.0471
112.958,4.0032,9.3640,2.0471
112.968,4.0032,9.3640,2.0505
112.977,4.0032,9.3640,2.0505
112.986,4.0032,9.3640,2.0539
112.996,4.0032,9.3640,2.0539
113.005,4.0032,9.3640,2.0573
113.014,4.0032,9.3640,2.0573
113.022,4.0032,9.3640,2.0607
113.031,4.0032,9.3640,2.0607
113.038,4.0032,9.3640,2.0607
113.046,4.0032,9.3640,2.0641
113.055,4.0032,9.3640,2.0641
113.062,4.0032,9.3640,2.0675
113.072,4.0032,9.3640,2.0675
113.079,4.0032,9.3640,2.0709
113.088,4.0032,9.3640,2.0709
113.095,4.0032,9.3640,2.0709
113.102,4.0032,9.3640,2.0744
113.111,4.0032,9.3640,2.0744
113.118,4.0032,9.3640,2.0744
113.124,4.0032,9.3640,2.0778
113.132,4.0032,9.3640,2.0778
113.140,4.0032,9.3640,2.0812
113.148,4.0032,9.3640,2.0812
113.155,4.0032,9.3640,2.0812
113.162,4.0032,9.3640,2.0846
113.172,4.0032,9.3640,2.0846
113.179,4.0032,9.3640,2.0880
113.188,4.0032,9.3640,2.0880
113.195,4.0032,9.3640,2.0880
113.204,4.0032,9.3640,2.0914
113.215,4.0032,9.3640,2.0914
113.223,4.0032,9.3640,2.0949
113.234,4.0032,9.3640,2.0949
113.241,4.0032,9.3640,2.0983
113.250,4.0032,9.3640,2.0983
113.257,4.0032,9.3640,2.0983
113.265,4.0032,9.3640,2.1017
113.274,4.0032,9.3640,2.1017
113.282,4.0032,9.3640,2.1052
113.292,4.0032,9.3640,2.1052
113.300,4.0032,9.3640,2.1086
113.309,4.0032,9.3640,2.1086
113.317,4.0032,9.3640,2.1086
113.325,4.0032,9.3640,2.1121
113.334,4.0032,9.3640,2.1121
113.342,4.0032,9.3640,2.1155
113.351,4.0032,9.3640,2.1155
113.359,4.0032,9.3640,2.1190
113.368,4.0032,9.3640,2.1190
113.376,4.0032,9.3640,2.1190
113.384,4.0032,9.3640,2.1226
113.393,4.0032,9.3640,2.1226
113.400,4.0032,9.3640,2.1262
113.410,4.0032,9.3640,2.1262
113.419,4.0032,9.3640,2.1332
113.426,4.0032,9.3640,2.1332
113.435,4.0032,9.3640,2.1332
113.443,4.0032,9.3640,2.1404
113.453,4.0032,9.3640,2.1404
113.460,4.0032,9.3640,2.1477
113.472,4.0032,9.3640,2.1477
113.481,4.0032,9.3640,2.1552
113.490,4.0032,9.3640,2.1552
113.500,4.0032,9.3640,2.1627
113.509,4.0032,9.3640,2.1627
113.517,4.0032,9.3640,2.1627
113.524,4.0032,9.3640,2.1703
113.535,4.0032,9.3640,2.1703
113.543,4.0032,9.3640,2.1779
113.552,4.0032,9.3640,2.1779
113.561,4.0032,9.3640,2.1854
113.572,4.0032,9.3640,2.1854
113.579,4.0032,9.3640,2.1930
113.591,4.0032,9.3640,2.1930
113.599,4.0032,9.3640,2.2005
113.610,4.0032,9.3640,2.2005
113.618,4.0032,9.3640,2.2005
113.626,4.0032,9.3640,2.2080
113.637,4.0032,9.3640,2.2080
113.644,4.0032,9.3640,2.2156
113.655,4.0032,9.3640,2.2156
113.662,4.0032,9.3640,2.2231
113.673,4.0032,9.3640,2.2231
113.681,4.0032,9.3640,2.2306
113.691,4.0032,9.3640,2.2306
113.699,4.0032,9.3640,2.2382
113.709,4.0032,9.3640,2.2382
113.718,4.0032,9.3640,2.2382
113.726,4.0032,9.3640,2.2457
113.738,4.0032,9.3640,2.2457
113.746,4.0032,9.3640,2.2533
113.756,4.0032,9.3640,2.2533
113.766,4.0032,9.3640,2.2608
113.777,4.0032,9.3640,2.2608
113.785,4.0032,9.3640,2.2684
113.794,4.0032,9.3640,2.2684
113.802,4.0032,9.3640,2.2759
113.812,4.0032,9.3640,2.2759
113.819,4.0032,9.3640,2.2835
113.829,4.0032,9.3640,2.2835
113.838,4.0032,9.3640,2.2910
113.848,4.0032,9.3640,2.2910
113.857,4.0032,9.3640,2.2910
113.865,4.0032,9.3640,2.2985
113.875,4.0032,9.3640,2.2985
113.883,4.0032,9.3640,2.3061
113.893,4.0032,9.3640,2.3061
113.902,4.0032,9.3640,2.3137
113.911,4.0032,9.3640,2.3137
113.920,4.0032,9.3640,2.3212
113.930,4.0032,9.3640,2.3212
113.939,4.0032,9.3640,2.3288
113.950,4.0032,9.3640,2.3288
113.959,4.0032,9.3640,2.3364
113.970,4.0032,9.3640,2.3364
113.978,4.0032,9.3640,2.3364
113.986,4.0032,9.3640,2.3439
113.995,4.0032,9.3640,2.3439
114.004,4.0032,9.3640,2.3515
114.014,4.0032,9.3640,2.3515
114.022,4.0032,9.3640,2.3591
114.033,4.0032,9.3640,2.3591
114.042,4.0032,9.3640,2.3666
114.053,4.0032,9.3640,2.3666
114.060,4.0032,9.3640,2.3742
114.072,4.0032,9.3640,2.3742
114.080,4.0032,9.3640,2.3818
114.090,4.0032,9.3640,2.3818
114.099,4.0032,9.3640,2.3893
114.110,4.0032,9.3640,2.3893
114.119,4.0032,9.3640,2.3969
114.127,4.0032,9.3640,2.3969
114.136,4.0032,9.3640,2.3969
114.144,4.0032,9.3640,2.4044
114.154,4.0032,9.3640,2.4044
114.162,4.0032,9.3640,2.4120
114.173,4.0032,9.3640,2.4120
114.183,4.0032,9.3640,2.4196
114.193,4.0032,9.3640,2.4196
114.206,4.0032,9.3640,2.4271
114.226,4.0032,9.3640,2.4347
114.238,4.0032,9.3640,2.4347
114.246,4.0032,9.3640,2.4422
114.256,4.0032,9.3640,2.4422
114.264,4.0032,9.3640,2.4498
114.271,4.0032,9.3640,2.4498
114.279,4.0032,9.3640,2.4573
114.288,4.0032,9.3640,2.4573
114.296,4.0032,9.3640,2.4573
114.304,4.0032,9.3640,2.4649
114.313,4.0032,9.3640,2.4649
114.321,4.0032,9.3640,2.4724
114.328,4.0032,9.3640,2.4724
114.336,4.0032,9.3640,2.4724
114.344,4.0032,9.3640,2.4800
114.352,4.0032,9.3640,2.4800
114.359,4.0032,9.3640,2.4875
114.369,4.0032,9.3640,2.4875
114.377,4.0032,9.3640,2.4875
114.386,4.0032,9.3640,2.4951
114.393,4.0032,9.3640,2.4951
114.402,4.0032,9.3640,2.5026
114.410,4.0032,9.3640,2.5026
114.417,4.0032,9.3640,2.5026
114.424,4.0032,9.3640,2.5102
114.433,4.0032,9.3640,2.5102
114.441,4.0032,9.3640,2.5177
114.451,4.0032,9.3640,2.5177
114.458,4.0032,9.3640,2.5177
114.467,4.0032,9.3640,2.5253
114.476,4.0032,9.3640,2.5253
114.486,4.0032,9.3640,2.5328
114.494,4.0032,9.3640,2.5328
114.504,4.0032,9.3640,2.5403
114.513,4.0032,9.3640,2.5403
114.520,4.0032,9.3640,2.5479
114.528,4.0032,9.3640,2.5479
114.536,4.0032,9.3640,2.5479
114.544,4.0032,9.3640,2.5554
114.552,4.0032,9.3640,2.5554
114.560,4.0032,9.3640,2.5630
114.569,4.0032,9.3640,2.5630
114.576,4.0032,9.3640,2.5630
114.583,4.0032,9.3640,2.5705
114.591,4.0032,9.3640,2.5705
114.598,4.0032,9.3640,2.5780
114.608,4.0032,9.3640,2.5780
114.615,4.0032,9.3640,2.5780
114.622,4.0032,9.3640,2.5856
114.631,4.0032,9.3640,2.5856
114.639,4.0032,9.3640,2.5931
114.648,4.0032,9.3640,2.5931
114.656,4.0032,9.3640,2.5931
114.662,4.0032,9.3640,2.6007
114.671,4.0032,9.3640,2.6007
114.679,4.0032,9.3640,2.6082
114.689,4.0032,9.3640,2.6082
114.696,4.0032,9.3640,2.6082
114.705,4.0032,9.3640,2.6158
114.712,4.0032,9.3640,2.6158
114.720,4.0032,9.3640,2.6233
114.728,4.0032,9.3640,2.6233
114.737,4.0032,9.3640,2.6233
114.744,4.0032,9.3640,2.6308
114.752,4.0032,9.3640,2.6308
114.760,4.0032,9.3640,2.6384
114.770,4.0032,9.3640,2.6384
114.778,4.0032,9.3640,2.6384
114.785,4.0032,9.3640,2.6459
114.793,4.0032,9.3640,2.6459
114.801,4.0032,9.3640,2.6534
114.810,4.0032,9.3640,2.6534
114.817,4.0032,9.3640,2.6534
114.825,4.0032,9.3640,2.6610
114.834,4.0032,9.3640,2.6610
114.842,4.0032,9.3640,2.6685
114.850,4.0032,9.3640,2.6685
114.859,4.0032,9.3640,2.6760
114.869,4.0032,9.3640,2.6760
114.876,4.0032,9.3640,2.6760
114.883,4.0032,9.3640,2.6836
114.892,4.0032,9.3640,2.6836
114.899,4.0032,9.3640,2.6911
114.908,4.0032,9.3640,2.6911
114.915,4.0032,9.3640,2.6911
114.922,4.0032,9.3640,2.6986
114.931,4.0032,9.3640,2.6986
114.939,4.0032,9.3640,2.7062
114.948,4.0032,9.3640,2.7062
114.956,4.0032,9.3640,2.7062
114.964,4.0032,9.3640,2.7137
114.972,4.0032,9.3640,2.7137
114.980,4.0032,9.3640,2.7212
114.988,4.0032,9.3640,2.7212
114.996,4.0032,9.3640,2.7212
115.004,4.0032,9.3640,2.7287
115.013,4.0032,9.3640,2.7287
115.020,4.0032,9.3640,2.7363
115.028,4.0032,9.3640,2.7363
115.036,4.0032,9.3640,2.7363
115.043,4.0032,9.3640,2.7438
115.052,4.0032,9.3640,2.7438
115.059,4.0032,9.3640,2.7513
115.068,4.0032,9.3640,2.7513
115.076,4.0032,9.3640,2.7513
115.084,4.0032,9.3640,2.7588
115.092,4.0032,9.3640,2.7588
115.100,4.0032,9.3640,2.7664
115.109,4.0032,9.3640,2.7664
115.118,4.0032,9.3640,2.7664
115.125,4.0032,9.3640,2.7739
115.135,4.0032,9.3640,2.7739
115.143,4.0032,9.3640,2.7814
115.153,4.0032,9.3640,2.7814
115.160,4.0032,9.3640,2.7889
115.171,4.0032,9.3640,2.7889
115.178,4.0032,9.3640,2.7889
115.186,4.0032,9.3640,2.7965
115.195,4.0032,9.3640,2.7965
115.203,4.0032,9.3640,2.8040
115.212,4.0032,9.3640,2.8040
115.221,4.0032,9.3640,2.8115
115.230,4.0032,9.3640,2.8115
115.237,4.0032,9.3640,2.8115
115.244,4.0032,9.3640,2.8190
115.253,4.0032,9.3640,2.8190
115.261,4.0032,9.3640,2.8265
115.271,4.0032,9.3640,2.8265
115.278,4.0032,9.3640,2.8341
115.287,4.0032,9.3640,2.8341
115.295,4.0032,9.3640,2.8341
115.303,4.0032,9.3640,2.8416
115.312,4.0032,9.3640,2.8416
115.321,4.0032,9.3640,2.8491
115.329,4.0032,9.3640,2.8491
115.339,4.0032,9.3640,2.8566
115.346,4.0032,9.3640,2.8566
115.355,4.0032,9.3640,2.8566
115.362,4.0032,9.3640,2.8641
115.372,4.0032,9.3640,2.8641
115.380,4.0032,9.3640,2.8717
115.390,4.0032,9.3640,2.8717
115.397,4.0032,9.3640,2.8717
115.404,4.0032,9.3640,2.8792
115.415,4.0032,9.3640,2.8792
115.422,4.0032,9.3640,2.8867
115.430,4.0032,9.3640,2.8867
115.439,4.0032,9.3640,2.8942
115.447,4.0032,9.3640,2.8942
115.454,4.0032,9.3640,2.8942
115.462,4.0032,9.3640,2.9017
115.472,4.0032,9.3640,2.9017
115.480,4.0032,9.3640,2.9093
115.490,4.0032,9.3640,2.9093
115.501,4.0032,9.3640,2.9168
115.510,4.0032,9.3640,2.9168
115.517,4.0032,9.3640,2.9168
115.524,4.0032,9.3640,2.9243
115.532,4.0032,9.3640,2.9243
115.538,4.0032,9.3640,2.9243
115.545,4.0032,9.3640,2.9318
115.554,4.0032,9.3640,2.9318
115.560,4.0032,9.3640,2.9394
115.569,4.0032,9.3640,2.9394
115.575,4.0032,9.3640,2.9394
115.581,4.0032,9.3640,2.9469
115.590,4.0032,9.3640,2.9469
115.596,4.0032,9.3640,2.9469
115.605,4.0032,9.3640,2.9544
115.612,4.0032,9.3640,2.9544
115.621,4.0032,9.3640,2.9619
115.630,4.0032,9.3640,2.9619
115.637,4.0032,9.3640,2.9619
115.644,4.0032,9.3640,2.9695
115.654,4.0032,9.3640,2.9695
115.661,4.0032,9.3640,2.9770
115.670,4.0032,9.3640,2.9770
115.678,4.0032,9.3640,2.9770
115.687,4.0032,9.3640,2.9845
115.695,4.0032,9.3640,2.9845
115.703,4.0032,9.3640,2.9920
115.712,4.0032,9.3640,2.9920
115.720,4.0032,9.3640,2.9995
115.729,4.0032,9.3640,2.9995
115.736,4.0032,9.3640,2.9995
115.745,4.0032,9.3640,3.0070
115.754,4.0032,9.3640,3.0070
115.762,4.0032,9.3640,3.0145
115.773,4.0032,9.3640,3.0145
115.781,4.0032,9.3640,3.0220
115.790,4.0032,9.3640,3.0220
115.797,4.0032,9.3640,3.0220
115.805,4.0032,9.3640,3.0296
115.814,4.0032,9.3640,3.0296
115.822,4.0032,9.3640,3.0371
115.832,4.0032,9.3640,3.0371
115.840,4.0032,9.3640,3.0446
115.849,4.0032,9.3640,3.0446
115.857,4.0032,9.3640,3.0446
115.864,4.0032,9.3640,3.0521
115.873,4.0032,9.3640,3.0521
115.880,4.0032,9.3640,3.0596
115.889,4.0032,9.3640,3.0596
115.896,4.0032,9.3640,3.0596
115.902,4.0032,9.3640,3.0671
115.912,4.0032,9.3640,3.0671
115.919,4.0032,9.3640,3.0746
115.927,4.0032,9.3640,3.0746
115.935,4.0032,9.3640,3.0746
115.942,4.0032,9.3640,3.0821
115.950,4.0032,9.3640,3.0821
115.958,4.0032,9.3640,3.0821
115.965,4.0032,9.3640,3.0896
115.975,4.0032,9.3640,3.0896
115.982,4.0032,9.3640,3.0972
115.992,4.0032,9.3640,3.0972
116.000,4.0032,9.3640,3.1047
116.009,4.0032,9.3640,3.1047
116.017,4.0032,9.3640,3.1047
116.025,4.0032,9.3640,3.1122
116.035,4.0032,9.3640,3.1122
116.042,4.0032,9.3640,3.1197
116.052,4.0032,9.3640,3.1197
116.059,4.0032,9.3640,3.1272
116.069,4.0032,9.3640,3.1272
116.076,4.0032,9.3640,3.1272
116.085,4.0032,9.3640,3.1347
116.092,4.0032,9.3640,3.1347
116.101,4.0032,9.3640,3.1422
116.109,4.0032,9.3640,3.1422
116.117,4.0032,9.3640,3.1422
116.123,4.0032,9.3640,3.1497
116.133,4.0032,9.3640,3.1497
116.140,4.0032,9.3640,3.1571
116.149,4.0032,9.3640,3.1571
116.156,4.0032,9.3640,3.1571
116.162,4.0032,9.3640,3.1646
116.170,4.0032,9.3640,3.1646
116.178,4.0032,9.3640,3.1646
116.185,4.0032,9.3640,3.1721
116.193,4.0032,9.3640,3.1721
116.201,4.0032,9.3640,3.1795
116.209,4.0032,9.3640,3.1795
116.216,4.0032,9.3640,3.1795
116.223,4.0032,9.3640,3.1870
116.230,4.0032,9.3640,3.1870
116.239,4.0032,9.3640,3.1945
116.247,4.0032,9.3640,3.1945
116.256,4.0032,9.3640,3.1945
116.262,4.0032,9.3640,3.2019
116.270,4.0032,9.3640,3.2019
116.278,4.0032,9.3640,3.2019
116.287,4.0032,9.3640,3.2093
116.295,4.0032,9.3640,3.2093
116.303,4.0032,9.3640,3.2167
116.311,4.0032,9.3640,3.2167
116.320,4.0032,9.3640,3.2241
116.327,4.0032,9.3640,3.2241
116.335,4.0032,9.3640,3.2241
116.342,4.0032,9.3640,3.2315
116.351,4.0032,9.3640,3.2315
116.358,4.0032,9.3640,3.2315
116.365,4.0032,9.3640,3.2388
116.374,4.0032,9.3640,3.2388
116.385,4.0032,9.3640,3.2460
116.399,4.0032,9.3640,3.2533
116.409,4.0032,9.3640,3.2533
116.417,4.0032,9.3640,3.2533
116.424,4.0032,9.3640,3.2606
116.434,4.0032,9.3640,3.2606
116.442,4.0032,9.3640,3.2678
116.452,4.0032,9.3640,3.2678
116.460,4.0032,9.3640,3.2748
116.470,4.0032,9.3640,3.2748
116.478,4.0032,9.3640,3.2748
116.486,4.0032,9.3640,3.2817
116.495,4.0032,9.3640,3.2817
116.503,4.0032,9.3640,3.2854
116.513,4.0032,9.3640,3.2854
116.521,4.0032,9.3640,3.2889
116.530,4.0032,9.3640,3.2889
116.538,4.0032,9.3640,3.2889
116.545,4.0032,9.3640,3.2925
116.554,4.0032,9.3640,3.2925
116.561,4.0032,9.3640,3.2960
116.571,4.0032,9.3640,3.2960
116.578,4.0032,9.3640,3.2960
116.585,4.0032,9.3640,3.2995
116.594,4.0032,9.3640,3.2995
116.603,4.0032,9.3640,3.3031
116.611,4.0032,9.3640,3.3031
116.620,4.0032,9.3640,3.3067
116.627,4.0032,9.3640,3.3067
116.635,4.0032,9.3640,3.3067
116.644,4.0032,9.3640,3.3103
116.652,4.0032,9.3640,3.3103
116.660,4.0032,9.3640,3.3139
116.669,4.0032,9.3640,3.3139
116.678,4.0032,9.3640,3.3139
116.685,4.0032,9.3640,3.3175
116.694,4.0032,9.3640,3.3175
116.702,4.0032,9.3640,3.3211
116.711,4.0032,9.3640,3.3211
116.719,4.0032,9.3640,3.3248
116.728,4.0032,9.3640,3.3248
116.736,4.0032,9.3640,3.3248
116.744,4.0032,9.3640,3.3317
116.753,4.0032,9.3640,3.3317
116.761,4.0032,9.3640,3.3388
116.771,4.0032,9.3640,3.3388
116.777,4.0032,9.3640,3.3388
116.785,4.0032,9.3640,3.3461
116.793,4.0032,9.3640,3.3461
116.802,4.0032,9.3640,3.3536
116.810,4.0032,9.3640,3.3536
116.819,4.0032,9.3640,3.3612
116.826,4.0032,9.3640,3.3612
116.834,4.0032,9.3640,3.3612
116.840,4.0032,9.3640,3.3690
116.848,4.0032,9.3640,3.3690
116.856,4.0032,9.3640,3.3690
116.863,4.0032,9.3640,3.3770
116.872,4.0032,9.3640,3.3770
116.878,4.0032,9.3640,3.3770
116.886,4.0032,9.3640,3.3849
116.894,4.0032,9.3640,3.3849
116.902,4.0032,9.3640,3.3929
116.910,4.0032,9.3640,3.3929
116.918,4.0032,9.3640,3.3929
116.924,4.0032,9.3640,3.4009
116.932,4.0032,9.3640,3.4009
116.939,4.0032,9.3640,3.4088
116.946,4.0032,9.3640,3.4088
116.953,4.0032,9.3640,3.4088
116.959,4.0032,9.3640,3.4168
116.968,4.0032,9.3640,3.4168
116.974,4.0032,9.3640,3.4168
116.981,4.0032,9.3640,3.4247
116.989,4.0032,9.3640,3.4247
116.995,4.0032,9.3640,3.4247
117.003,4.0032,9.3640,3.4327
117.011,4.0032,9.3640,3.4327
117.018,4.0032,9.3640,3.4327
117.025,4.0032,9.3640,3.4406
117.033,4.0032,9.3640,3.4406
117.041,4.0032,9.3640,3.4485
117.049,4.0032,9.3640,3.4485
117.056,4.0032,9.3640,3.4485
117.063,4.0032,9.3640,3.4565
117.074,4.0032,9.3640,3.4565
117.080,4.0032,9.3640,3.4644
117.089,4.0032,9.3640,3.4644
117.096,4.0032,9.3640,3.4644
117.105,4.0032,9.3640,3.4723
117.113,4.0032,9.3640,3.4723
117.121,4.0032,9.3640,3.4802
117.129,4.0032,9.3640,3.4802
117.139,4.0032,9.3640,3.4881
117.146,4.0032,9.3640,3.4881
117.154,4.0032,9.3640,3.4881
117.161,4.0032,9.3640,3.4960
117.170,4.0032,9.3640,3.4960
117.177,4.0032,9.3640,3.4960
117.185,4.0032,9.3640,3.5039
117.193,4.0032,9.3640,3.5039
117.200,4.0032,9.3640,3.5119
117.208,4.0032,9.3640,3.5119
117.217,4.0032,9.3640,3.5119
117.224,4.0032,9.3640,3.5198
117.233,4.0032,9.3640,3.5198
117.241,4.0032,9.3640,3.5277
117.248,4.0032,9.3640,3.5277
117.257,4.0032,9.3640,3.5277
117.264,4.0032,9.3640,3.5356
117.273,4.0032,9.3640,3.5356
117.281,4.0032,9.3640,3.5434
117.289,4.0032,9.3640,3.5434
117.297,4.0032,9.3640,3.5434
117.305,4.0032,9.3640,3.5512
117.314,4.0032,9.3640,3.5512
117.322,4.0032,9.3640,3.5589
117.330,4.0032,9.3640,3.5589
117.338,4.0032,9.3640,3.5589
117.345,4.0032,9.3640,3.5665
117.354,4.0032,9.3640,3.5665
117.360,4.0032,9.3640,3.5738
117.370,4.0032,9.3640,3.5738
117.377,4.0032,9.3640,3.5738
117.385,4.0032,9.3640,3.5807
117.394,4.0032,9.3640,3.5807
117.402,4.0032,9.3640,3.5843
117.411,4.0032,9.3640,3.5843
117.419,4.0032,9.3640,3.5877
117.427,4.0032,9.3640,3.5877
117.436,4.0032,9.3640,3.5877
117.444,4.0032,9.3640,3.5910
117.453,4.0032,9.3640,3.5910
117.461,4.0032,9.3640,3.5941
117.470,4.0032,9.3640,3.5941
117.478,4.0032,9.3640,3.5941
117.486,4.0032,9.3640,3.5972
117.497,4.0032,9.3640,3.5972
117.508,4.0032,9.3640,3.6002
117.517,4.0032,9.3640,3.6002
117.527,4.0032,9.3640,3.6031
117.537,4.0032,9.3640,3.6031
117.545,4.0032,9.3640,3.6061
117.555,4.0032,9.3640,3.6061
117.563,4.0032,9.3640,3.6090
117.573,4.0032,9.3640,3.6090
117.580,4.0032,9.3640,3.6119
117.590,4.0032,9.3640,3.6119
117.598,4.0032,9.3640,3.6119
117.608,4.0032,9.3640,3.6148
117.617,4.0032,9.3640,3.6148
117.626,4.0032,9.3640,3.6178
117.636,4.0032,9.3640,3.6178
117.643,4.0032,9.3640,3.6208
117.653,4.0032,9.3640,3.6208
117.660,4.0032,9.3640,3.6238
117.672,4.0032,9.3640,3.6238
117.681,4.0032,9.3640,3.6269
117.690,4.0032,9.3640,3.6269
117.700,4.0032,9.3640,3.6301
117.711,4.0032,9.3640,3.6301
117.719,4.0032,9.3640,3.6333
117.727,4.0032,9.3640,3.6333
117.736,4.0032,9.3640,3.6333
117.745,4.0032,9.3640,3.6367
117.754,4.0032,9.3640,3.6367
117.762,4.0032,9.3640,3.6402
117.772,4.0032,9.3640,3.6402
117.780,4.0032,9.3640,3.6438
117.789,4.0032,9.3640,3.6438
117.797,4.0032,9.3640,3.6438
117.805,4.0032,9.3640,3.6509
117.814,4.0032,9.3640,3.6509
117.822,4.0032,9.3640,3.6581
117.833,4.0032,9.3640,3.6581
117.842,4.0032,9.3640,3.6655
117.851,4.0032,9.3640,3.6655
117.859,4.0032,9.3640,3.6729
117.869,4.0032,9.3640,3.6729
117.877,4.0032,9.3640,3.6729
117.886,4.0032,9.3640,3.6804
117.895,4.0032,9.3640,3.6804
117.905,4.0032,9.3640,3.6880
117.914,4.0032,9.3640,3.6880
117.922,4.0032,9.3640,3.6955
117.931,4.0032,9.3640,3.6955
117.940,4.0032,9.3640,3.7030
117.950,4.0032,9.3640,3.7030
117.959,4.0032,9.3640,3.7105
117.968,4.0032,9.3640,3.7105
117.977,4.0032,9.3640,3.7105
117.985,4.0032,9.3640,3.7180
117.994,4.0032,9.3640,3.7180
118.004,4.0032,9.3640,3.7255
118.012,4.0032,9.3640,3.7255
118.021,4.0032,9.3640,3.7330
118.028,4.0032,9.3640,3.7330
118.035,4.0032,9.3640,3.7330
118.042,4.0032,9.3640,3.7406
118.051,4.0032,9.3640,3.7406
118.058,4.0032,9.3640,3.7406
118.066,4.0032,9.3640,3.7481
118.074,4.0032,9.3640,3.7481
118.082,4.0032,9.3640,3.7556
118.091,4.0032,9.3640,3.7556
118.099,4.0032,9.3640,3.7631
118.107,4.0032,9.3640,3.7631
118.114,4.0032,9.3640,3.7631
118.121,4.0032,9.3640,3.7706
118.130,4.0032,9.3640,3.7706
118.137,4.0032,9.3640,3.7706
118.144,4.0032,9.3640,3.7780
118.153,4.0032,9.3640,3.7780
118.160,4.0032,9.3640,3.7855
118.170,4.0032,9.3640,3.7855
118.178,4.0032,9.3640,3.7855
118.186,4.0032,9.3640,3.7930
118.194,4.0032,9.3640,3.7930
118.202,4.0032,9.3640,3.8004
118.211,4.0032,9.3640,3.8004
118.219,4.0032,9.3640,3.8078
118.227,4.0032,9.3640,3.8078
118.235,4.0032,9.3640,3.8078
118.242,4.0032,9.3640,3.8151
118.251,4.0032,9.3640,3.8151
118.258,4.0032,9.3640,3.8151
118.265,4.0032,9.3640,3.8224
118.273,4.0032,9.3640,3.8224
118.281,4.0032,9.3640,3.8295
118.290,4.0032,9.3640,3.8295
118.298,4.0032,9.3640,3.8295
118.307,4.0032,9.3640,3.8331
118.315,4.0032,9.3640,3.8331
118.323,4.0032,9.3640,3.8367
118.331,4.0032,9.3640,3.8367
118.339,4.0032,9.3640,3.8401
118.347,4.0032,9.3640,3.8401
118.354,4.0032,9.3640,3.8401
118.360,4.0032,9.3640,3.8434
118.370,4.0032,9.3640,3.8434
118.377,4.0032,9.3640,3.8434
118.384,4.0032,9.3640,3.8465
118.392,4.0032,9.3640,3.8465
118.401,4.0032,9.3640,3.8494
118.410,4.0032,9.3640,3.8494
118.417,4.0032,9.3640,3.8494
118.424,4.0032,9.3640,3.8522
118.433,4.0032,9.3640,3.8522
118.440,4.0032,9.3640,3.8548
118.449,4.0032,9.3640,3.8548
118.456,4.0032,9.3640,3.8548
118.464,4.0032,9.3640,3.8573
118.472,4.0032,9.3640,3.8573
118.480,4.0032,9.3640,3.8597
118.489,4.0032,9.3640,3.8597
118.496,4.0032,9.3640,3.8597
118.505,4.0032,9.3640,3.8621
118.514,4.0032,9.3640,3.8621
118.523,4.0032,9.3640,3.8644
118.531,4.0032,9.3640,3.8644
118.539,4.0032,9.3640,3.8668
118.547,4.0032,9.3640,3.8668
118.555,4.0032,9.3640,3.8668
118.561,4.0032,9.3640,3.8693
118.570,4.0032,9.3640,3.8693
118.577,4.0032,9.3640,3.8693
118.585,4.0032,9.3640,3.8717
118.601,4.0032,9.3640,3.8742
118.611,4.0032,9.3640,3.8742
118.618,4.0032,9.3640,3.8742
118.625,4.0032,9.3640,3.8768
118.634,4.0032,9.3640,3.8768
118.641,4.0032,9.3640,3.8793
118.649,4.0032,9.3640,3.8793
118.656,4.0032,9.3640,3.8793
118.663,4.0032,9.3640,3.8821
118.672,4.0032,9.3640,3.8821
118.679,4.0032,9.3640,3.8849
118.687,4.0032,9.3640,3.8849
118.695,4.0032,9.3640,3.8849
118.702,4.0032,9.3640,3.8878
118.711,4.0032,9.3640,3.8878
118.718,4.0032,9.3640,3.8878
118.726,4.0032,9.3640,3.8910
118.735,4.0032,9.3640,3.8910
118.742,4.0032,9.3640,3.8942
118.750,4.0032,9.3640,3.8942
118.759,4.0032,9.3640,3.8975
118.769,4.0032,9.3640,3.8975
118.776,4.0032,9.3640,3.8975
118.785,4.0032,9.3640,3.9010
118.794,4.0032,9.3640,3.9010
118.802,4.0032,9.3640,3.9045
118.811,4.0032,9.3640,3.9045
118.820,4.0032,9.3640,3.9080
118.828,4.0032,9.3640,3.9080
118.837,4.0032,9.3640,3.9080
118.844,4.0032,9.3640,3.9114
118.855,4.0032,9.3640,3.9114
118.863,4.0032,9.3640,3.9148
118.873,4.0032,9.3640,3.9148
118.881,4.0032,9.3640,3.9182
118.890,4.0032,9.3640,3.9182
118.899,4.0032,9.3640,3.9216
118.908,4.0032,9.3640,3.9216
118.917,4.0032,9.3640,3.9216
118.925,4.0032,9.3640,3.9250
118.934,4.0032,9.3640,3.9250
118.942,4.0032,9.3640,3.9282
118.951,4.0032,9.3640,3.9282
118.960,4.0032,9.3640,3.9315
118.970,4.0032,9.3640,3.9315
118.978,4.0032,9.3640,3.9315
118.987,4.0032,9.3640,3.9346
118.996,4.0032,9.3640,3.9346
119.005,4.0032,9.3640,3.9375
119.013,4.0032,9.3640,3.9375
119.022,4.0032,9.3640,3.9403
119.033,4.0032,9.3640,3.9403
119.041,4.0032,9.3640,3.9429
119.049,4.0032,9.3640,3.9429
119.058,4.0032,9.3640,3.9429
119.066,4.0032,9.3640,3.9453
119.076,4.0032,9.3640,3.9453
119.085,4.0032,9.3640,3.9461
119.094,4.0032,9.3640,3.9461
119.102,4.0032,9.3640,3.9468
119.111,4.0032,9.3640,3.9468
119.120,4.0032,9.3640,3.9474
119.129,4.0032,9.3640,3.9474
119.137,4.0032,9.3640,3.9474
119.145,4.0032,9.3640,3.9480
119.155,4.0032,9.3640,3.9480
119.162,4.0032,9.3640,3.9485
119.172,4.0032,9.3640,3.9485
119.180,4.0032,9.3640,3.9490
119.190,4.0032,9.3640,3.9490
119.197,4.0032,9.3640,3.9490
119.206,4.0032,9.3640,3.9494
119.214,4.0032,9.3640,3.9494
119.223,4.0032,9.3640,3.9497
119.231,4.0032,9.3640,3.9497
119.239,4.0032,9.3640,3.9500
119.248,4.0032,9.3640,3.9500
119.256,4.0032,9.3640,3.9500
119.264,4.0032,9.3640,3.9500
119.271,4.0032,9.3640,3.9500
119.279,4.0032,9.3640,3.9500
119.286,4.0032,9.3640,3.9500
119.292,4.0032,9.3640,3.9500
119.301,4.0032,9.3640,3.9500
119.309,4.0032,9.3640,3.9500
119.317,4.0032,9.3640,3.9500
119.324,4.0032,9.3640,3.9500
119.332,4.0032,9.3640,3.9500
119.338,4.0032,9.3640,3.9500
119.347,4.0032,9.3640,3.9500
119.354,4.0032,9.3640,3.9500
119.362,4.0032,9.3640,3.9500
119.370,4.0032,9.3640,3.9500
119.378,4.0032,9.3640,3.9500
119.384,4.0032,9.3640,3.9500
119.392,4.0032,9.3640,3.9500
119.400,4.0032,9.3640,3.9500
119.408,4.0032,9.3640,3.9500
119.415,4.0032,9.3640,3.9500
119.422,4.0032,9.3640,3.9500
119.429,4.0032,9.3640,3.9500
119.438,4.0032,9.3640,3.9500
119.444,4.0032,9.3640,3.9500
119.452,4.0032,9.3640,3.9500
119.459,4.0032,9.3640,3.9500
119.466,4.0032,9.3640,3.9500
119.474,4.0032,9.3640,3.9500
119.480,4.0032,9.3640,3.9500
119.489,4.0032,9.3640,3.9500
119.495,4.0032,9.3640,3.9500
119.502,4.0032,9.3640,3.9500
119.511,4.0032,9.3640,3.9500
119.520,4.0032,9.3640,3.9500
119.526,4.0032,9.3640,3.9500
119.534,4.0032,9.3640,3.9500
119.541,4.0032,9.3640,3.9500
119.550,4.0032,9.3640,3.9500
119.557,4.0032,9.3640,3.9500
119.564,4.0032,9.3640,3.9500
119.571,4.0032,9.3640,3.9500
119.579,4.0032,9.3640,3.9500
119.587,4.0032,9.3640,3.9500
119.593,4.0032,9.3640,3.9500
119.601,4.0032,9.3640,3.9500
119.609,4.0032,9.3640,3.9500
119.616,4.0032,9.3640,3.9500
119.622,4.0032,9.3640,3.9503
119.631,4.0032,9.3640,3.9503
119.637,4.0032,9.3640,3.9503
119.645,4.0032,9.3640,3.9508
119.652,4.0032,9.3640,3.9508
119.660,4.0032,9.3640,3.9513
119.670,4.0032,9.3640,3.9513
119.678,4.0032,9.3640,3.9513
119.685,4.0032,9.3640,3.9521
119.694,4.0032,9.3640,3.9521
119.703,4.0032,9.3640,3.9545
119.711,4.0032,9.3640,3.9545
119.719,4.0032,9.3640,3.9572
119.727,4.0032,9.3640,3.9572
119.736,4.0032,9.3640,3.9572
119.743,4.0032,9.3640,3.9601
119.751,4.0032,9.3640,3.9601
119.758,4.0032,9.3640,3.9601
119.767,4.0032,9.3640,3.9629
119.777,4.0032,9.3640,3.9629
119.785,4.0032,9.3640,3.9655
119.793,4.0032,9.3640,3.9655
119.801,4.0032,9.3640,3.9681
119.809,4.0032,9.3640,3.9681
119.817,4.0032,9.3640,3.9681
119.824,4.0032,9.3640,3.9704
119.833,4.0032,9.3640,3.9704
119.840,4.0032,9.3640,3.9712
119.850,4.0032,9.3640,3.9712
119.858,4.0032,9.3640,3.9712
119.865,4.0032,9.3640,3.9719
119.874,4.0032,9.3640,3.9719
119.882,4.0032,9.3640,3.9725
119.890,4.0032,9.3640,3.9725
119.898,4.0032,9.3640,3.9725
119.906,4.0032,9.3640,3.9730
119.915,4.0032,9.3640,3.9730
119.922,4.0032,9.3640,3.9734
119.929,4.0032,9.3640,3.9734
119.938,4.0032,9.3640,3.9734
119.945,4.0032,9.3640,3.9737
119.954,4.0032,9.3640,3.9737
119.960,4.0032,9.3640,3.9737
119.971,4.0032,9.3640,3.9737
119.977,4.0032,9.3640,3.9737
119.985,4.0032,9.3640,3.9737
119.993,4.0032,9.3640,3.9737
120.001,4.0032,9.3640,3.9737
120.009,4.0032,9.3640,3.9737
120.018,4.0032,9.3640,3.9737
120.026,4.0032,9.3640,3.9737
120.036,4.0032,9.3640,3.9737
120.044,4.0032,9.3640,3.9737
120.054,4.0032,9.3640,3.9737
120.061,4.0032,9.3640,3.9737
120.071,4.0032,9.3640,3.9737
120.079,4.0032,9.3640,3.9737
120.088,4.0032,9.3640,3.9737
120.096,4.0032,9.3640,3.9737
120.105,4.0032,9.3640,3.9737
120.114,4.0032,9.3640,3.9737
120.124,4.0032,9.3640,3.9737
120.132,4.0032,9.3640,3.9737
120.141,4.0032,9.3640,3.9737
120.150,4.0032,9.3640,3.9737
120.159,4.0032,9.3640,3.9737
120.168,4.0032,9.3640,3.9737
120.177,4.0032,9.3640,3.9737
120.185,4.0032,9.3640,3.9737
120.194,4.0032,9.3640,3.9737
120.204,4.0032,9.3640,3.9737
120.212,4.0032,9.3640,3.9737
120.220,4.0032,9.3640,3.9737
120.228,4.0032,9.3640,3.9737
120.237,4.0032,9.3640,3.9737
120.245,4.0032,9.3640,3.9737
120.254,4.0032,9.3640,3.9737
120.262,4.0032,9.3640,3.9740
120.274,4.0032,9.3640,3.9740
120.282,4.0032,9.3640,3.9744
120.291,4.0032,9.3640,3.9744
120.300,4.0032,9.3640,3.9749
120.311,4.0032,9.3640,3.9749
120.319,4.0032,9.3640,3.9756
120.328,4.0032,9.3640,3.9756
120.337,4.0032,9.3640,3.9756
120.346,4.0032,9.3640,3.9778
120.356,4.0032,9.3640,3.9778
120.366,4.0032,9.3640,3.9802
120.375,4.0032,9.3640,3.9802
120.384,4.0032,9.3640,3.9827
120.394,4.0032,9.3640,3.9827
120.403,4.0032,9.3640,3.9850
120.412,4.0032,9.3640,3.9850
120.420,4.0032,9.3640,3.9872
120.429,4.0032,9.3640,3.9872
120.438,4.0032,9.3640,3.9880
120.448,4.0032,9.3640,3.9880
120.456,4.0032,9.3640,3.9880
120.464,4.0032,9.3640,3.9887
120.473,4.0032,9.3640,3.9887
120.481,4.0032,9.3640,3.9893
120.490,4.0032,9.3640,3.9893
120.499,4.0032,9.3640,3.9898
120.508,4.0032,9.3640,3.9898
120.517,4.0032,9.3640,3.9898
120.524,4.0032,9.3640,3.9902
120.535,4.0032,9.3640,3.9902
120.543,4.0032,9.3640,3.9906
120.552,4.0032,9.3640,3.9906
120.558,4.0032,9.3640,3.9906
120.567,4.0032,9.3640,3.9909
120.575,4.0032,9.3640,3.9909
120.583,4.0032,9.3640,3.9912
120.590,4.0032,9.3640,3.9912
120.598,4.0032,9.3640,3.9912
120.607,4.0032,9.3640,3.9914
120.615,4.0032,9.3640,3.9914
120.622,4.0032,9.3640,3.9917
120.632,4.0032,9.3640,3.9917
120.640,4.0032,9.3640,3.9919
120.649,4.0032,9.3640,3.9919
120.657,4.0032,9.3640,3.9919
120.664,4.0032,9.3640,3.9922
120.673,4.0032,9.3640,3.9922
120.680,4.0032,9.3640,3.9925
120.690,4.0032,9.3640,3.9925
120.698,4.0032,9.3640,3.9925
120.705,4.0032,9.3640,3.9925
120.712,4.0032,9.3640,3.9925
120.723,4.0032,9.3640,3.9925
120.731,4.0032,9.3640,3.9925
120.740,4.0032,9.3640,3.9925
120.750,4.0032,9.3640,3.9925
120.758,4.0032,9.3640,3.9925
120.766,4.0032,9.3640,3.9925
120.775,4.0032,9.3640,3.9925
120.783,4.0032,9.3640,3.9925
120.791,4.0032,9.3640,3.9925
120.800,4.0032,9.3640,3.9925
120.809,4.0032,9.3640,3.9925
120.817,4.0032,9.3640,3.9925
120.824,4.0032,9.3640,3.9925
120.842,4.0032,9.3640,3.9925
120.851,4.0032,9.3640,3.9925
120.859,4.0032,9.3640,3.9925
120.868,4.0032,9.3640,3.9925
120.875,4.0032,9.3640,3.9925
120.883,4.0032,9.3640,3.9925
120.890,4.0032,9.3640,3.9925
120.898,4.0032,9.3640,3.9925
120.907,4.0032,9.3640,3.9925
120.916,4.0032,9.3640,3.9925
120.923,4.0032,9.3640,3.9925
120.933,4.0032,9.3640,3.9925
120.940,4.0032,9.3640,3.9925
120.948,4.0032,9.3640,3.9925
120.955,4.0032,9.3640,3.9925
120.964,4.0032,9.3640,3.9928
120.973,4.0032,9.3640,3.9928
120.981,4.0032,9.3640,3.9933
120.990,4.0032,9.3640,3.9933
120.998,4.0032,9.3640,3.9933
121.006,4.0032,9.3640,3.9939
121.016,4.0032,9.3640,3.9939
121.024,4.0032,9.3640,3.9946
121.034,4.0032,9.3640,3.9946
121.042,4.0032,9.3640,3.9953
121.052,4.0032,9.3640,3.9953
121.060,4.0032,9.3640,3.9960
121.070,4.0032,9.3640,3.9960
121.078,4.0032,9.3640,3.9960
121.085,4.0032,9.3640,3.9967
121.094,4.0032,9.3640,3.9967
121.101,4.0032,9.3640,3.9973
121.110,4.0032,9.3640,3.9973
121.119,4.0032,9.3640,3.9979
121.127,4.0032,9.3640,3.9979
121.136,4.0032,9.3640,3.9979
121.143,4.0032,9.3640,3.9984
121.152,4.0032,9.3640,3.9984
121.159,4.0032,9.3640,3.9989
121.168,4.0032,9.3640,3.9989
121.176,4.0032,9.3640,3.9989
121.183,4.0032,9.3640,3.9993
121.191,4.0032,9.3640,3.9993
121.198,4.0032,9.3640,3.9993
121.208,4.0032,9.3640,3.9997
121.216,4.0032,9.3640,3.9997
121.224,4.0032,9.3640,4.0001
121.234,4.0032,9.3640,4.0001
121.242,4.0032,9.3640,4.0004
121.252,4.0032,9.3640,4.0004
121.260,4.0032,9.3640,4.0006
121.271,4.0032,9.3640,4.0006
121.278,4.0032,9.3640,4.0006
121.287,4.0032,9.3640,4.0006
121.297,4.0032,9.3640,4.0006
121.306,4.0032,9.3640,4.0006
121.316,4.0032,9.3640,4.0006
121.324,4.0032,9.3640,4.0006
121.334,4.0032,9.3640,4.0006
121.342,4.0032,9.3640,4.0006
121.352,4.0032,9.3640,4.0006
121.360,4.0032,9.3640,4.0006
121.370,4.0032,9.3640,4.0006
121.378,4.0032,9.3640,4.0006
121.387,4.0032,9.3640,4.0006
121.396,4.0032,9.3640,4.0006
121.405,4.0032,9.3640,4.0006
121.413,4.0032,9.3640,4.0006
121.423,4.0032,9.3640,4.0006
121.430,4.0032,9.3640,4.0006
121.440,4.0032,9.3640,4.0006
121.448,4.0032,9.3640,4.0006
121.456,4.0032,9.3640,4.0006
121.464,4.0032,9.3640,4.0006
121.474,4.0032,9.3640,4.0006
121.482,4.0032,9.3640,4.0006
121.491,4.0032,9.3640,4.0006
121.500,4.0032,9.3640,4.0006
121.509,4.0032,9.3640,4.0006
121.518,4.0032,9.3640,4.0006
121.526,4.0032,9.3640,4.0006
121.537,4.0032,9.3640,4.0006
121.546,4.0032,9.3640,4.0006
121.557,4.0032,9.3640,4.0006
121.565,4.0032,9.3640,4.0006
121.575,4.0032,9.3640,4.0006
121.584,4.0032,9.3640,4.0006
121.592,4.0032,9.3640,4.0006
121.600,4.0032,9.3640,4.0006
121.610,4.0032,9.3640,4.0006
121.618,4.0032,9.3640,4.0006
121.626,4.0032,9.3640,4.0006
121.637,4.0032,9.3640,4.0006
121.645,4.0032,9.3640,4.0006
121.654,4.0032,9.3640,4.0006
121.662,4.0032,9.3640,4.0006
121.672,4.0032,9.3640,4.0006
121.679,4.0032,9.3640,4.0006
121.689,4.0032,9.3640,4.0006
121.697,4.0032,9.3640,4.0006
121.705,4.0032,9.3640,4.0006
121.713,4.0032,9.3640,4.0006
121.722,4.0032,9.3640,4.0006
121.731,4.0032,9.3640,4.0006
121.739,4.0032,9.3640,4.0006
121.748,4.0032,9.3640,4.0006
121.756,4.0032,9.3640,4.0006
121.765,4.0032,9.3640,4.0006
121.773,4.0032,9.3640,4.0006
121.782,4.0032,9.3640,4.0006
121.790,4.0032,9.3640,4.0006
121.799,4.0032,9.3640,4.0006
121.807,4.0032,9.3640,4.0006
121.816,4.0032,9.3640,4.0006
121.824,4.0032,9.3640,4.0006
121.832,4.0032,9.3640,4.0006
121.840,4.0032,9.3640,4.0006
121.849,4.0032,9.3640,4.0006
121.857,4.0032,9.3640,4.0006
121.864,4.0032,9.3639,4.0006
121.873,4.0032,9.3639,4.0006
121.881,4.0032,9.3639,4.0006
121.891,4.0032,9.3639,4.0006
121.899,4.0032,9.3639,4.0006
121.908,4.0032,9.3639,4.0006
121.915,4.0032,9.3639,4.0006
121.924,4.0032,9.3638,4.0006
121.933,4.0032,9.3638,4.0006
121.942,4.0032,9.3637,4.0006
121.951,4.0032,9.3637,4.0006
121.959,4.0032,9.3636,4.0006
121.968,4.0032,9.3636,4.0006
121.976,4.0032,9.3636,4.0006
121.984,4.0032,9.3634,4.0006
121.992,4.0032,9.3634,4.0006
122.000,4.0032,9.3631,4.0006
122.009,4.0032,9.3631,4.0006
122.017,4.0032,9.3631,4.0006
122.025,4.0032,9.3628,4.0006
122.035,4.0032,9.3628,4.0006
122.043,4.0032,9.3625,4.0006
122.052,4.0032,9.3625,4.0006
122.059,4.0032,9.3617,4.0006
122.069,4.0032,9.3617,4.0006
122.076,4.0032,9.3617,4.0006
122.084,4.0032,9.3609,4.0006
122.092,4.0032,9.3609,4.0006
122.100,4.0032,9.3600,4.0006
122.110,4.0032,9.3600,4.0006
122.118,4.0032,9.3600,4.0006
122.125,4.0032,9.3591,4.0006
122.134,4.0032,9.3591,4.0006
122.143,4.0032,9.3582,4.0006
122.153,4.0032,9.3582,4.0006
122.160,4.0032,9.3572,4.0006
122.170,4.0032,9.3572,4.0006
122.176,4.0032,9.3572,4.0006
122.184,4.0032,9.3561,4.0006
122.192,4.0032,9.3561,4.0006
122.201,4.0032,9.3540,4.0006
122.210,4.0032,9.3540,4.0006
122.218,4.0032,9.3519,4.0006
122.226,4.0032,9.3519,4.0006
122.235,4.0032,9.3519,4.0006
122.242,4.0032,9.3497,4.0006
122.250,4.0032,9.3497,4.0006
122.257,4.0032,9.3497,4.0006
122.265,4.0032,9.3474,4.0006
122.274,4.0032,9.3474,4.0006
122.281,4.0032,9.3450,4.0006
122.290,4.0032,9.3450,4.0006
122.299,4.0032,9.3427,4.0006
122.307,4.0032,9.3427,4.0006
122.316,4.0032,9.3427,4.0006
122.324,4.0032,9.3403,4.0006
122.334,4.0032,9.3403,4.0006
122.340,4.0032,9.3379,4.0006
122.349,4.0032,9.3379,4.0006
122.357,4.0032,9.3379,4.0006
122.364,4.0032,9.3354,4.0006
122.373,4.0032,9.3354,4.0006
122.380,4.0032,9.3329,4.0006
122.390,4.0032,9.3329,4.0006
122.396,4.0032,9.3329,4.0006
122.404,4.0032,9.3304,4.0006
122.412,4.0032,9.3304,4.0006
122.421,4.0032,9.3279,4.0006
122.429,4.0032,9.3279,4.0006
122.438,4.0032,9.3279,4.0006
122.445,4.0032,9.3253,4.0006
122.455,4.0032,9.3253,4.0006
122.462,4.0032,9.3227,4.0006
122.472,4.0032,9.3227,4.0006
122.480,4.0032,9.3201,4.0006
122.489,4.0032,9.3201,4.0006
122.495,4.0032,9.3201,4.0006
122.504,4.0032,9.3174,4.0006
122.513,4.0032,9.3174,4.0006
122.521,4.0032,9.3148,4.0006
122.530,4.0032,9.3148,4.0006
122.538,4.0032,9.3148,4.0006
122.546,4.0032,9.3121,4.0006
122.554,4.0032,9.3121,4.0006
122.564,4.0032,9.3094,4.0006
122.575,4.0032,9.3094,4.0006
122.583,4.0032,9.3068,4.0006
122.593,4.0032,9.3068,4.0006
122.601,4.0032,9.3041,4.0006
122.611,4.0032,9.3041,4.0006
122.620,4.0032,9.3014,4.0006
122.630,4.0032,9.3014,4.0006
122.640,4.0032,9.2988,4.0006
122.649,4.0032,9.2988,4.0006
122.657,4.0032,9.2988,4.0006
122.664,4.0032,9.2961,4.0006
122.674,4.0032,9.2961,4.0006
122.682,4.0032,9.2934,4.0006
122.692,4.0032,9.2934,4.0006
122.701,4.0032,9.2908,4.0006
122.710,4.0032,9.2908,4.0006
122.719,4.0032,9.2881,4.0006
122.727,4.0032,9.2881,4.0006
122.735,4.0032,9.2881,4.0006
122.743,4.0032,9.2854,4.0006
122.753,4.0032,9.2854,4.0006
122.760,4.0032,9.2828,4.0006
122.770,4.0032,9.2828,4.0006
122.778,4.0032,9.2801,4.0006
122.789,4.0032,9.2801,4.0006
122.797,4.0032,9.2801,4.0006
122.805,4.0032,9.2774,4.0006
122.815,4.0032,9.2774,4.0006
122.822,4.0032,9.2748,4.0006
122.833,4.0032,9.2748,4.0006
122.842,4.0032,9.2721,4.0006
122.852,4.0032,9.2721,4.0006
122.859,4.0032,9.2694,4.0006
122.869,4.0032,9.2694,4.0006
122.877,4.0032,9.2694,4.0006
122.884,4.0032,9.2668,4.0006
122.894,4.0032,9.2668,4.0006
122.903,4.0032,9.2641,4.0006
122.912,4.0032,9.2641,4.0006
122.920,4.0032,9.2614,4.0006
122.929,4.0032,9.2614,4.0006
122.938,4.0032,9.2588,4.0006
122.946,4.0032,9.2588,4.0006
122.955,4.0032,9.2588,4.0006
122.963,4.0032,9.2561,4.0006
122.974,4.0032,9.2561,4.0006
122.981,4.0032,9.2534,4.0006
122.991,4.0032,9.2534,4.0006
122.999,4.0032,9.2508,4.0006
123.008,4.0032,9.2508,4.0006
123.017,4.0032,9.2508,4.0006
123.025,4.0032,9.2481,4.0006
123.035,4.0032,9.2481,4.0006
123.044,4.0032,9.2454,4.0006
123.054,4.0032,9.2454,4.0006
123.062,4.0032,9.2428,4.0006
123.072,4.0032,9.2428,4.0006
123.080,4.0032,9.2401,4.0006
123.089,4.0032,9.2401,4.0006
123.096,4.0032,9.2401,4.0006
123.103,4.0032,9.2374,4.0006
123.113,4.0032,9.2374,4.0006
123.128,4.0032,9.2348,4.0006
123.138,4.0032,9.2321,4.0006
123.147,4.0032,9.2321,4.0006
123.155,4.0032,9.2321,4.0006
123.162,4.0032,9.2294,4.0006
123.173,4.0032,9.2294,4.0006
123.180,4.0032,9.2268,4.0006
123.188,4.0032,9.2268,4.0006
123.195,4.0032,9.2268,4.0006
123.204,4.0032,9.2241,4.0006
123.211,4.0032,9.2241,4.0006
123.219,4.0032,9.2214,4.0006
123.227,4.0032,9.2214,4.0006
123.236,4.0032,9.2214,4.0006
123.242,4.0032,9.2188,4.0006
123.251,4.0032,9.2188,4.0006
123.258,4.0032,9.2188,4.0006
123.265,4.0032,9.2161,4.0006
123.272,4.0032,9.2161,4.0006
123.281,4.0032,9.2134,4.0006
123.289,4.0032,9.2134,4.0006
123.298,4.0032,9.2134,4.0006
123.305,4.0032,9.2108,4.0006
123.314,4.0032,9.2108,4.0006
123.321,4.0032,9.2081,4.0006
123.330,4.0032,9.2081,4.0006
123.338,4.0032,9.2081,4.0006
123.346,4.0032,9.2054,4.0006
123.355,4.0032,9.2054,4.0006
123.362,4.0032,9.2028,4.0006
123.371,4.0032,9.2028,4.0006
123.378,4.0032,9.2028,4.0006
123.385,4.0032,9.2001,4.0006
123.393,4.0032,9.2001,4.0006
123.401,4.0032,9.1974,4.0006
123.410,4.0032,9.1974,4.0006
123.417,4.0032,9.1974,4.0006
123.424,4.0032,9.1948,4.0006
123.432,4.0032,9.1948,4.0006
123.440,4.0032,9.1921,4.0006
123.450,4.0032,9.1921,4.0006
123.458,4.0032,9.1921,4.0006
123.465,4.0032,9.1894,4.0006
123.474,4.0032,9.1894,4.0006
123.482,4.0032,9.1868,4.0006
123.490,4.0032,9.1868,4.0006
123.497,4.0032,9.1868,4.0006
123.505,4.0032,9.1841,4.0006
123.513,4.0032,9.1841,4.0006
123.521,4.0032,9.1814,4.0006
123.530,4.0032,9.1814,4.0006
123.538,4.0032,9.1814,4.0006
123.545,4.0032,9.1788,4.0006
123.553,4.0032,9.1788,4.0006
123.561,4.0032,9.1761,4.0006
123.571,4.0032,9.1761,4.0006
123.580,4.0032,9.1734,4.0006
123.590,4.0032,9.1734,4.0006
123.598,4.0032,9.1734,4.0006
123.604,4.0032,9.1708,4.0006
123.614,4.0032,9.1708,4.0006
123.622,4.0032,9.1681,4.0006
123.630,4.0032,9.1681,4.0006
123.638,4.0032,9.1681,4.0006
123.645,4.0032,9.1654,4.0006
123.654,4.0032,9.1654,4.0006
123.660,4.0032,9.1628,4.0006
123.671,4.0032,9.1628,4.0006
123.678,4.0032,9.1628,4.0006
123.686,4.0032,9.1601,4.0006
123.694,4.0032,9.1601,4.0006
123.702,4.0032,9.1574,4.0006
123.710,4.0032,9.1574,4.0006
123.719,4.0032,9.1548,4.0006
123.726,4.0032,9.1548,4.0006
123.735,4.0032,9.1548,4.0006
123.743,4.0032,9.1521,4.0006
123.752,4.0032,9.1521,4.0006
123.760,4.0032,9.1494,4.0006
123.770,4.0032,9.1494,4.0006
123.778,4.0032,9.1494,4.0006
123.786,4.0032,9.1468,4.0006
123.793,4.0032,9.1468,4.0006
123.802,4.0032,9.1441,4.0006
123.812,4.0032,9.1441,4.0006
123.820,4.0032,9.1414,4.0006
123.830,4.0032,9.1414,4.0006
123.839,4.0032,9.1388,4.0006
123.849,4.0032,9.1388,4.0006
123.859,4.0032,9.1361,4.0006
123.870,4.0032,9.1361,4.0006
123.878,4.0032,9.1361,4.0006
123.887,4.0032,9.1334,4.0006
123.897,4.0032,9.1334,4.0006
123.907,4.0032,9.1308,4.0006
123.918,4.0032,9.1308,4.0006
123.926,4.0032,9.1281,4.0006
123.938,4.0032,9.1281,4.0006
123.947,4.0032,9.1254,4.0006
123.957,4.0032,9.1254,4.0006
123.967,4.0032,9.1228,4.0006
123.978,4.0032,9.1228,4.0006
123.988,4.0032,9.1201,4.0006
124.000,4.0032,9.1174,4.0006
124.011,4.0032,9.1174,4.0006
124.020,4.0032,9.1148,4.0006
124.030,4.0032,9.1148,4.0006
124.039,4.0032,9.1121,4.0006
124.050,4.0032,9.1121,4.0006
124.057,4.0032,9.1121,4.0006
124.065,4.0032,9.1094,4.0006
124.076,4.0032,9.1094,4.0006
124.084,4.0032,9.1068,4.0006
124.093,4.0032,9.1068,4.0006
124.101,4.0032,9.1041,4.0006
124.111,4.0032,9.1041,4.0006
124.120,4.0032,9.1014,4.0006
124.129,4.0032,9.1014,4.0006
124.139,4.0032,9.0988,4.0006
124.149,4.0032,9.0988,4.0006
124.157,4.0032,9.0988,4.0006
124.167,4.0032,9.0961,4.0006
124.177,4.0032,9.0961,4.0006
124.185,4.0032,9.0934,4.0006
124.194,4.0032,9.0934,4.0006
124.204,4.0032,9.0908,4.0006
124.213,4.0032,9.0908,4.0006
124.222,4.0032,9.0881,4.0006
124.232,4.0032,9.0881,4.0006
124.239,4.0032,9.0854,4.0006
124.250,4.0032,9.0854,4.0006
124.257,4.0032,9.0854,4.0006
124.267,4.0032,9.0828,4.0006
124.277,4.0032,9.0828,4.0006
124.286,4.0032,9.0801,4.0006
124.296,4.0032,9.0801,4.0006
124.306,4.0032,9.0774,4.0006
124.315,4.0032,9.0774,4.0006
124.323,4.0032,9.0748,4.0006
124.333,4.0032,9.0748,4.0006
124.342,4.0032,9.0721,4.0006
124.352,4.0032,9.0721,4.0006
124.360,4.0032,9.0694,4.0006
124.371,4.0032,9.0694,4.0006
124.378,4.0032,9.0694,4.0006
124.386,4.0032,9.0668,4.0006
124.394,4.0032,9.0668,4.0006
124.403,4.0032,9.0641,4.0006
124.413,4.0032,9.0641,4.0006
124.421,4.0032,9.0614,4.0006
124.430,4.0032,9.0614,4.0006
124.440,4.0032,9.0588,4.0006
124.450,4.0032,9.0588,4.0006
124.458,4.0032,9.0588,4.0006
124.466,4.0032,9.0561,4.0006
124.476,4.0032,9.0561,4.0006
124.484,4.0032,9.0534,4.0006
124.493,4.0032,9.0534,4.0006
124.502,4.0032,9.0508,4.0006
124.511,4.0032,9.0508,4.0006
124.518,4.0032,9.0481,4.0006
124.527,4.0032,9.0481,4.0006
124.536,4.0032,9.0481,4.0006
124.544,4.0032,9.0454,4.0006
124.553,4.0032,9.0454,4.0006
124.561,4.0032,9.0428,4.0006
124.571,4.0032,9.0428,4.0006
124.580,4.0032,9.0401,4.0006
124.588,4.0032,9.0401,4.0006
124.597,4.0032,9.0401,4.0006
124.606,4.0032,9.0374,4.0006
124.614,4.0032,9.0374,4.0006
124.623,4.0032,9.0348,4.0006
124.630,4.0032,9.0348,4.0006
124.639,4.0032,9.0321,4.0006
124.647,4.0032,9.0321,4.0006
124.656,4.0032,9.0321,4.0006
124.663,4.0032,9.0294,4.0006
124.673,4.0032,9.0294,4.0006
124.679,4.0032,9.0268,4.0006
124.688,4.0032,9.0268,4.0006
124.694,4.0032,9.0268,4.0006
124.702,4.0032,9.0241,4.0006
124.710,4.0032,9.0241,4.0006
124.719,4.0032,9.0214,4.0006
124.726,4.0032,9.0214,4.0006
124.734,4.0032,9.0214,4.0006
124.742,4.0032,9.0188,4.0006
124.750,4.0032,9.0188,4.0006
124.758,4.0032,9.0188,4.0006
124.765,4.0032,9.0161,4.0006
124.773,4.0032,9.0161,4.0006
124.782,4.0032,9.0134,4.0006
124.790,4.0032,9.0134,4.0006
124.799,4.0032,9.0108,4.0006
124.807,4.0032,9.0108,4.0006
124.815,4.0032,9.0108,4.0006
124.822,4.0032,9.0081,4.0006
124.831,4.0032,9.0081,4.0006
124.839,4.0032,9.0054,4.0006
124.848,4.0032,9.0054,4.0006
124.856,4.0032,9.0054,4.0006
124.864,4.0032,9.0028,4.0006
124.874,4.0032,9.0028,4.0006
124.880,4.0032,9.0001,4.0006
124.890,4.0032,9.0001,4.0006
124.897,4.0032,9.0001,4.0006
124.904,4.0032,8.9974,4.0006
124.912,4.0032,8.9974,4.0006
124.919,4.0032,8.9948,4.0006
124.928,4.0032,8.9948,4.0006
124.937,4.0032,8.9948,4.0006
124.944,4.0032,8.9921,4.0006
124.954,4.0032,8.9921,4.0006
124.961,4.0032,8.9894,4.0006
124.971,4.0032,8.9894,4.0006
124.978,4.0032,8.9894,4.0006
124.986,4.0032,8.9868,4.0006
124.994,4.0032,8.9868,4.0006
125.001,4.0032,8.9841,4.0006
125.010,4.0032,8.9841,4.0006
125.018,4.0032,8.9841,4.0006
125.024,4.0032,8.9814,4.0006
125.033,4.0032,8.9814,4.0006
125.041,4.0032,8.9788,4.0006
125.051,4.0032,8.9788,4.0006
125.057,4.0032,8.9788,4.0006
125.066,4.0032,8.9761,4.0006
125.075,4.0032,8.9761,4.0006
125.083,4.0032,8.9734,4.0006
125.093,4.0032,8.9734,4.0006
125.100,4.0032,8.9708,4.0006
125.110,4.0032,8.9708,4.0006
125.118,4.0032,8.9708,4.0006
125.126,4.0032,8.9681,4.0006
125.137,4.0032,8.9681,4.0006
125.144,4.0032,8.9654,4.0006
125.154,4.0032,8.9654,4.0006
125.162,4.0032,8.9628,4.0006
125.173,4.0032,8.9628,4.0006
125.180,4.0032,8.9601,4.0006
125.190,4.0032,8.9601,4.0006
125.199,4.0032,8.9574,4.0006
125.208,4.0032,8.9574,4.0006
125.218,4.0032,8.9574,4.0006
125.226,4.0032,8.9548,4.0006
125.237,4.0032,8.9548,4.0006
125.244,4.0032,8.9521,4.0006
125.255,4.0032,8.9521,4.0006
125.263,4.0032,8.9494,4.0006
125.273,4.0032,8.9494,4.0006
125.281,4.0032,8.9468,4.0006
125.290,4.0032,8.9468,4.0006
125.299,4.0032,8.9441,4.0006
125.309,4.0032,8.9441,4.0006
125.318,4.0032,8.9414,4.0006
125.326,4.0032,8.9414,4.0006
125.334,4.0032,8.9414,4.0006
125.343,4.0032,8.9388,4.0006
125.353,4.0032,8.9388,4.0006
125.361,4.0032,8.9361,4.0006
125.371,4.0032,8.9361,4.0006
125.380,4.0032,8.9334,4.0006
125.389,4.0032,8.9334,4.0006
125.407,4.0032,8.9308,4.0006
125.417,4.0032,8.9308,4.0006
125.425,4.0032,8.9281,4.0006
125.436,4.0032,8.9281,4.0006
125.444,4.0032,8.9254,4.0006
125.454,4.0032,8.9254,4.0006
125.462,4.0032,8.9228,4.0006
125.473,4.0032,8.9228,4.0006
125.481,4.0032,8.9201,4.0006
125.491,4.0032,8.9201,4.0006
125.500,4.0032,8.9174,4.0006
125.510,4.0032,8.9174,4.0006
125.520,4.0032,8.9148,4.0006
125.532,4.0032,8.9148,4.0006
125.540,4.0032,8.9121,4.0006
125.551,4.0032,8.9121,4.0006
125.558,4.0032,8.9121,4.0006
125.569,4.0032,8.9094,4.0006
125.578,4.0032,8.9068,4.0006
125.587,4.0032,8.9068,4.0006
125.595,4.0032,8.9068,4.0006
125.603,4.0032,8.9041,4.0006
125.612,4.0032,8.9041,4.0006
125.620,4.0032,8.9014,4.0006
125.628,4.0032,8.9014,4.0006
125.635,4.0032,8.9014,4.0006
125.643,4.0032,8.8988,4.0006
125.652,4.0032,8.8988,4.0006
125.659,4.0032,8.8961,4.0006
125.669,4.0032,8.8961,4.0006
125.675,4.0032,8.8961,4.0006
125.682,4.0032,8.8934,4.0006
125.691,4.0032,8.8934,4.0006
125.698,4.0032,8.8934,4.0006
125.706,4.0032,8.8908,4.0006
125.714,4.0032,8.8908,4.0006
125.722,4.0032,8.8881,4.0006
125.730,4.0032,8.8881,4.0006
125.738,4.0032,8.8881,4.0006
125.746,4.0032,8.8854,4.0006
125.755,4.0032,8.8854,4.0006
125.762,4.0032,8.8828,4.0006
125.772,4.0032,8.8828,4.0006
125.780,4.0032,8.8801,4.0006
125.790,4.0032,8.8801,4.0006
125.797,4.0032,8.8801,4.0006
125.805,4.0032,8.8774,4.0006
125.814,4.0032,8.8774,4.0006
125.822,4.0032,8.8748,4.0006
125.832,4.0032,8.8748,4.0006
125.840,4.0032,8.8721,4.0006
125.848,4.0032,8.8721,4.0006
125.856,4.0032,8.8721,4.0006
125.864,4.0032,8.8694,4.0006
125.873,4.0032,8.8694,4.0006
125.880,4.0032,8.8668,4.0006
125.889,4.0032,8.8668,4.0006
125.896,4.0032,8.8668,4.0006
125.904,4.0032,8.8641,4.0006
125.912,4.0032,8.8641,4.0006
125.919,4.0032,8.8614,4.0006
125.928,4.0032,8.8614,4.0006
125.936,4.0032,8.8614,4.0006
125.944,4.0032,8.8588,4.0006
125.953,4.0032,8.8588,4.0006
125.960,4.0032,8.8561,4.0006
125.968,4.0032,8.8561,4.0006
125.977,4.0032,8.8561,4.0006
125.986,4.0032,8.8534,4.0006
125.993,4.0032,8.8534,4.0006
126.001,4.0032,8.8508,4.0006
126.009,4.0032,8.8508,4.0006
126.018,4.0032,8.8508,4.0006
126.025,4.0032,8.8481,4.0006
126.035,4.0032,8.8481,4.0006
126.043,4.0032,8.8454,4.0006
126.052,4.0032,8.8454,4.0006
126.060,4.0032,8.8428,4.0006
126.071,4.0032,8.8428,4.0006
126.079,4.0032,8.8401,4.0006
126.088,4.0032,8.8401,4.0006
126.097,4.0032,8.8401,4.0006
126.105,4.0032,8.8374,4.0006
126.114,4.0032,8.8374,4.0006
126.123,4.0032,8.8348,4.0006
126.132,4.0032,8.8348,4.0006
126.140,4.0032,8.8321,4.0006
126.148,4.0032,8.8321,4.0006
126.156,4.0032,8.8321,4.0006
126.163,4.0032,8.8294,4.0006
126.172,4.0032,8.8294,4.0006
126.179,4.0032,8.8268,4.0006
126.188,4.0032,8.8268,4.0006
126.194,4.0032,8.8268,4.0006
126.203,4.0032,8.8241,4.0006
126.211,4.0032,8.8241,4.0006
126.220,4.0032,8.8214,4.0006
126.228,4.0032,8.8214,4.0006
126.238,4.0032,8.8214,4.0006
126.245,4.0032,8.8188,4.0006
126.255,4.0032,8.8188,4.0006
126.262,4.0032,8.8161,4.0006
126.271,4.0032,8.8161,4.0006
126.278,4.0032,8.8134,4.0006
126.289,4.0032,8.8134,4.0006
126.297,4.0032,8.8134,4.0006
126.306,4.0032,8.8108,4.0006
126.315,4.0032,8.8108,4.0006
126.322,4.0032,8.8081,4.0006
126.332,4.0032,8.8081,4.0006
126.340,4.0032,8.8054,4.0006
126.349,4.0032,8.8054,4.0006
126.356,4.0032,8.8054,4.0006
126.365,4.0032,8.8028,4.0006
126.376,4.0032,8.8028,4.0006
126.383,4.0032,8.8001,4.0006
126.393,4.0032,8.8001,4.0006
126.401,4.0032,8.7974,4.0006
126.411,4.0032,8.7974,4.0006
126.419,4.0032,8.7948,4.0006
126.428,4.0032,8.7948,4.0006
126.437,4.0032,8.7948,4.0006
126.444,4.0032,8.7921,4.0006
126.454,4.0032,8.7921,4.0006
126.461,4.0032,8.7894,4.0006
126.472,4.0032,8.7894,4.0006
126.479,4.0032,8.7868,4.0006
126.488,4.0032,8.7868,4.0006
126.495,4.0032,8.7868,4.0006
126.504,4.0032,8.7841,4.0006
126.512,4.0032,8.7841,4.0006
126.521,4.0032,8.7814,4.0006
126.531,4.0032,8.7814,4.0006
126.539,4.0032,8.7788,4.0006
126.549,4.0032,8.7788,4.0006
126.557,4.0032,8.7788,4.0006
126.566,4.0032,8.7761,4.0006
126.577,4.0032,8.7761,4.0006
126.585,4.0032,8.7734,4.0006
126.595,4.0032,8.7734,4.0006
126.603,4.0032,8.7708,4.0006
126.615,4.0032,8.7708,4.0006
126.622,4.0032,8.7681,4.0006
126.632,4.0032,8.7681,4.0006
126.641,4.0032,8.7654,4.0006
126.651,4.0032,8.7654,4.0006
126.659,4.0032,8.7628,4.0006
126.668,4.0032,8.7628,4.0006
126.677,4.0032,8.7628,4.0006
126.685,4.0032,8.7601,4.0006
126.694,4.0032,8.7601,4.0006
126.703,4.0032,8.7574,4.0006
126.713,4.0032,8.7574,4.0006
126.721,4.0032,8.7548,4.0006
126.730,4.0032,8.7548,4.0006
126.740,4.0032,8.7521,4.0006
126.749,4.0032,8.7521,4.0006
126.758,4.0032,8.7521,4.0006
126.768,4.0032,8.7494,4.0006
126.777,4.0032,8.7494,4.0006
126.786,4.0032,8.7468,4.0006
126.797,4.0032,8.7468,4.0006
126.807,4.0032,8.7441,4.0006
126.819,4.0032,8.7414,4.0006
126.830,4.0032,8.7414,4.0006
126.837,4.0032,8.7414,4.0006
126.845,4.0032,8.7388,4.0006
126.854,4.0032,8.7388,4.0006
126.862,4.0032,8.7361,4.0006
126.872,4.0032,8.7361,4.0006
126.879,4.0032,8.7334,4.0006
126.888,4.0032,8.7334,4.0006
126.894,4.0032,8.7334,4.0006
126.903,4.0032,8.7308,4.0006
126.911,4.0032,8.7308,4.0006
126.919,4.0032,8.7281,4.0006
126.927,4.0032,8.7281,4.0006
126.935,4.0032,8.7281,4.0006
126.943,4.0032,8.7254,4.0006
126.953,4.0032,8.7254,4.0006
126.962,4.0032,8.7228,4.0006
126.973,4.0032,8.7228,4.0006
126.981,4.0032,8.7201,4.0006
126.989,4.0032,8.7201,4.0006
126.996,4.0032,8.7201,4.0006
127.004,4.0032,8.7174,4.0006
127.012,4.0032,8.7174,4.0006
127.020,4.0032,8.7148,4.0006
127.028,4.0032,8.7148,4.0006
127.036,4.0032,8.7148,4.0006
127.043,4.0032,8.7121,4.0006
127.052,4.0032,8.7121,4.0006
127.059,4.0032,8.7094,4.0006
127.068,4.0032,8.7094,4.0006
127.076,4.0032,8.7094,4.0006
127.083,4.0032,8.7068,4.0006
127.091,4.0032,8.7068,4.0006
127.099,4.0032,8.7041,4.0006
127.108,4.0032,8.7041,4.0006
127.116,4.0032,8.7041,4.0006
127.123,4.0032,8.7014,4.0006
127.133,4.0032,8.7014,4.0006
127.140,4.0032,8.6988,4.0006
127.149,4.0032,8.6988,4.0006
127.156,4.0032,8.6988,4.0006
127.164,4.0032,8.6961,4.0006
127.173,4.0032,8.6961,4.0006
127.180,4.0032,8.6934,4.0006
127.189,4.0032,8.6934,4.0006
127.196,4.0032,8.6934,4.0006
127.204,4.0032,8.6908,4.0006
127.212,4.0032,8.6908,4.0006
127.220,4.0032,8.6881,4.0006
127.228,4.0032,8.6881,4.0006
127.235,4.0032,8.6881,4.0006
127.242,4.0032,8.6854,4.0006
127.253,4.0032,8.6854,4.0006
127.260,4.0032,8.6828,4.0006
127.271,4.0032,8.6828,4.0006
127.278,4.0032,8.6828,4.0006
127.286,4.0032,8.6801,4.0006
127.294,4.0032,8.6801,4.0006
127.303,4.0032,8.6774,4.0006
127.312,4.0032,8.6774,4.0006
127.320,4.0032,8.6748,4.0006
127.327,4.0032,8.6748,4.0006
127.335,4.0032,8.6748,4.0006
127.343,4.0032,8.6721,4.0006
127.352,4.0032,8.6721,4.0006
127.359,4.0032,8.6694,4.0006
127.369,4.0032,8.6694,4.0006
127.376,4.0032,8.6694,4.0006
127.384,4.0032,8.6668,4.0006
127.393,4.0032,8.6668,4.0006
127.400,4.0032,8.6641,4.0006
127.409,4.0032,8.6641,4.0006
127.417,4.0032,8.6641,4.0006
127.424,4.0032,8.6614,4.0006
127.433,4.0032,8.6614,4.0006
127.441,4.0032,8.6588,4.0006
127.449,4.0032,8.6588,4.0006
127.457,4.0032,8.6588,4.0006
127.464,4.0032,8.6561,4.0006
127.473,4.0032,8.6561,4.0006
127.480,4.0032,8.6534,4.0006
127.489,4.0032,8.6534,4.0006
127.496,4.0032,8.6534,4.0006
127.504,4.0032,8.6508,4.0006
127.513,4.0032,8.6508,4.0006
127.521,4.0032,8.6481,4.0006
127.531,4.0032,8.6481,4.0006
127.538,4.0032,8.6481,4.0006
127.546,4.0032,8.6454,4.0006
127.556,4.0032,8.6454,4.0006
127.564,4.0032,8.6428,4.0006
127.575,4.0032,8.6428,4.0006
127.584,4.0032,8.6401,4.0006
127.592,4.0032,8.6401,4.0006
127.602,4.0032,8.6374,4.0006
127.612,4.0032,8.6374,4.0006
127.620,4.0032,8.6348,4.0006
127.630,4.0032,8.6348,4.0006
127.639,4.0032,8.6321,4.0006
127.649,4.0032,8.6321,4.0006
127.657,4.0032,8.6321,4.0006
127.665,4.0032,8.6294,4.0006
127.683,4.0032,8.6268,4.0006
127.693,4.0032,8.6268,4.0006
127.702,4.0032,8.6241,4.0006
127.711,4.0032,8.6241,4.0006
127.720,4.0032,8.6214,4.0006
127.729,4.0032,8.6214,4.0006
127.738,4.0032,8.6214,4.0006
127.746,4.0032,8.6188,4.0006
127.755,4.0032,8.6188,4.0006
127.763,4.0032,8.6161,4.0006
127.772,4.0032,8.6161,4.0006
127.782,4.0032,8.6134,4.0006
127.791,4.0032,8.6134,4.0006
127.800,4.0032,8.6108,4.0006
127.809,4.0032,8.6108,4.0006
127.817,4.0032,8.6108,4.0006
127.826,4.0032,8.6081,4.0006
127.836,4.0032,8.6081,4.0006
127.843,4.0032,8.6054,4.0006
127.854,4.0032,8.6054,4.0006
127.861,4.0032,8.6028,4.0006
127.871,4.0032,8.6028,4.0006
127.880,4.0032,8.6001,4.0006
127.890,4.0032,8.6001,4.0006
127.897,4.0032,8.6001,4.0006
127.906,4.0032,8.5974,4.0006
127.914,4.0032,8.5974,4.0006
127.923,4.0032,8.5948,4.0006
127.931,4.0032,8.5948,4.0006
127.940,4.0032,8.5921,4.0006
127.949,4.0032,8.5921,4.0006
127.958,4.0032,8.5921,4.0006
127.965,4.0032,8.5894,4.0006
127.975,4.0032,8.5894,4.0006
127.984,4.0032,8.5868,4.0006
127.992,4.0032,8.5868,4.0006
128.002,4.0032,8.5841,4.0006
128.010,4.0032,8.5841,4.0006
128.018,4.0032,8.5814,4.0006
128.027,4.0032,8.5814,4.0006
128.037,4.0032,8.5814,4.0006
128.045,4.0032,8.5788,4.0006
128.054,4.0032,8.5788,4.0006
128.063,4.0032,8.5761,4.0006
128.073,4.0032,8.5761,4.0006
128.082,4.0032,8.5734,4.0006
128.090,4.0032,8.5734,4.0006
128.098,4.0032,8.5708,4.0006
128.106,4.0032,8.5708,4.0006
128.114,4.0032,8.5708,4.0006
128.121,4.0032,8.5681,4.0006
128.132,4.0032,8.5681,4.0006
128.140,4.0032,8.5654,4.0006
128.148,4.0032,8.5654,4.0006
128.156,4.0032,8.5654,4.0006
128.163,4.0032,8.5628,4.0006
128.172,4.0032,8.5628,4.0006
128.179,4.0032,8.5601,4.0006
128.189,4.0032,8.5601,4.0006
128.195,4.0032,8.5601,4.0006
128.202,4.0032,8.5574,4.0006
128.211,4.0032,8.5574,4.0006
128.219,4.0032,8.5548,4.0006
128.227,4.0032,8.5548,4.0006
128.235,4.0032,8.5548,4.0006
128.242,4.0032,8.5521,4.0006
128.252,4.0032,8.5521,4.0006
128.258,4.0032,8.5494,4.0006
128.269,4.0032,8.5494,4.0006
128.276,4.0032,8.5494,4.0006
128.284,4.0032,8.5468,4.0006
128.292,4.0032,8.5468,4.0006
128.300,4.0032,8.5441,4.0006
128.309,4.0032,8.5441,4.0006
128.316,4.0032,8.5441,4.0006
128.324,4.0032,8.5414,4.0006
128.332,4.0032,8.5414,4.0006
128.341,4.0032,8.5388,4.0006
128.350,4.0032,8.5388,4.0006
128.357,4.0032,8.5388,4.0006
128.364,4.0032,8.5361,4.0006
128.374,4.0032,8.5361,4.0006
128.380,4.0032,8.5334,4.0006
128.390,4.0032,8.5334,4.0006
128.398,4.0032,8.5334,4.0006
128.406,4.0032,8.5308,4.0006
128.415,4.0032,8.5308,4.0006
128.423,4.0032,8.5281,4.0006
128.430,4.0032,8.5281,4.0006
128.439,4.0032,8.5254,4.0006
128.448,4.0032,8.5254,4.0006
128.456,4.0032,8.5254,4.0006
128.463,4.0032,8.5228,4.0006
128.472,4.0032,8.5228,4.0006
128.478,4.0032,8.5201,4.0006
128.488,4.0032,8.5201,4.0006
128.495,4.0032,8.5201,4.0006
128.503,4.0032,8.5174,4.0006
128.512,4.0032,8.5174,4.0006
128.520,4.0032,8.5148,4.0006
128.527,4.0032,8.5148,4.0006
128.535,4.0032,8.5148,4.0006
128.542,4.0032,8.5121,4.0006
128.553,4.0032,8.5121,4.0006
128.560,4.0032,8.5094,4.0006
128.569,4.0032,8.5094,4.0006
128.576,4.0032,8.5094,4.0006
128.584,4.0032,8.5068,4.0006
128.593,4.0032,8.5068,4.0006
128.601,4.0032,8.5041,4.0006
128.612,4.0032,8.5041,4.0006
128.619,4.0032,8.5014,4.0006
128.628,4.0032,8.5014,4.0006
128.637,4.0032,8.5014,4.0006
128.644,4.0032,8.4988,4.0006
128.654,4.0032,8.4988,4.0006
128.661,4.0032,8.4961,4.0006
128.672,4.0032,8.4961,4.0006
128.678,4.0032,8.4961,4.0006
128.685,4.0032,8.4934,4.0006
128.693,4.0032,8.4934,4.0006
128.702,4.0032,8.4908,4.0006
128.710,4.0032,8.4908,4.0006
128.717,4.0032,8.4908,4.0006
128.724,4.0032,8.4881,4.0006
128.733,4.0032,8.4881,4.0006
128.741,4.0032,8.4854,4.0006
128.750,4.0032,8.4854,4.0006
128.756,4.0032,8.4854,4.0006
128.765,4.0032,8.4828,4.0006
128.774,4.0032,8.4828,4.0006
128.782,4.0032,8.4801,4.0006
128.790,4.0032,8.4801,4.0006
128.798,4.0032,8.4774,4.0006
128.807,4.0032,8.4774,4.0006
128.814,4.0032,8.4774,4.0006
128.823,4.0032,8.4748,4.0006
128.831,4.0032,8.4748,4.0006
128.838,4.0032,8.4721,4.0006
128.848,4.0032,8.4721,4.0006
128.856,4.0032,8.4721,4.0006
128.865,4.0032,8.4694,4.0006
128.874,4.0032,8.4694,4.0006
128.882,4.0032,8.4668,4.0006
128.891,4.0032,8.4668,4.0006
128.899,4.0032,8.4641,4.0006
128.909,4.0032,8.4641,4.0006
128.916,4.0032,8.4641,4.0006
128.924,4.0032,8.4614,4.0006
128.934,4.0032,8.4614,4.0006
128.943,4.0032,8.4588,4.0006
128.952,4.0032,8.4588,4.0006
128.959,4.0032,8.4561,4.0006
128.969,4.0032,8.4561,4.0006
128.977,4.0032,8.4561,4.0006
128.986,4.0032,8.4534,4.0006
128.995,4.0032,8.4534,4.0006
129.004,4.0032,8.4508,4.0006
129.012,4.0032,8.4508,4.0006
129.020,4.0032,8.4481,4.0006
129.028,4.0032,8.4481,4.0006
129.038,4.0032,8.4454,4.0006
129.048,4.0032,8.4454,4.0006
129.056,4.0032,8.4454,4.0006
129.065,4.0032,8.4428,4.0006
129.073,4.0032,8.4428,4.0006
129.081,4.0032,8.4401,4.0006
129.091,4.0032,8.4401,4.0006
129.099,4.0032,8.4374,4.0006
129.110,4.0032,8.4374,4.0006
129.118,4.0032,8.4374,4.0006
129.126,4.0032,8.4348,4.0006
129.135,4.0032,8.4348,4.0006
129.144,4.0032,8.4321,4.0006
129.154,4.0032,8.4321,4.0006
129.162,4.0032,8.4294,4.0006
129.172,4.0032,8.4294,4.0006
129.179,4.0032,8.4268,4.0006
129.189,4.0032,8.4268,4.0006
129.196,4.0032,8.4268,4.0006
129.205,4.0032,8.4241,4.0006
129.214,4.0032,8.4241,4.0006
129.221,4.0032,8.4215,4.0006
129.231,4.0032,8.4215,4.0006
129.239,4.0032,8.4188,4.0006
129.249,4.0032,8.4188,4.0006
129.256,4.0032,8.4188,4.0006
129.265,4.0032,8.4161,4.0006
129.275,4.0032,8.4161,4.0006
129.283,4.0032,8.4134,4.0006
129.293,4.0032,8.4134,4.0006
129.302,4.0032,8.4108,4.0006
129.311,4.0032,8.4108,4.0006
129.318,4.0032,8.4081,4.0006
129.328,4.0032,8.4081,4.0006
129.337,4.0032,8.4081,4.0006
129.345,4.0032,8.4055,4.0006
129.354,4.0032,8.4055,4.0006
129.362,4.0032,8.4028,4.0006
129.371,4.0032,8.4028,4.0006
129.379,4.0032,8.4001,4.0006
129.387,4.0032,8.4001,4.0006
129.394,4.0032,8.4001,4.0006
129.403,4.0032,8.3974,4.0006
129.412,4.0032,8.3974,4.0006
129.420,4.0032,8.3948,4.0006
129.428,4.0032,8.3948,4.0006
129.436,4.0032,8.3948,4.0006
129.444,4.0032,8.3921,4.0006
129.452,4.0032,8.3921,4.0006
129.459,4.0032,8.3895,4.0006
129.468,4.0032,8.3895,4.0006
129.475,4.0032,8.3895,4.0006
129.482,4.0032,8.3868,4.0006
129.491,4.0032,8.3868,4.0006
129.499,4.0032,8.3841,4.0006
129.509,4.0032,8.3841,4.0006
129.517,4.0032,8.3841,4.0006
129.524,4.0032,8.3815,4.0006
129.534,4.0032,8.3815,4.0006
129.542,4.0032,8.3788,4.0006
129.551,4.0032,8.3788,4.0006
129.558,4.0032,8.3788,4.0006
129.566,4.0032,8.3761,4.0006
129.575,4.0032,8.3761,4.0006
129.582,4.0032,8.3735,4.0006
129.591,4.0032,8.3735,4.0006
129.598,4.0032,8.3735,4.0006
129.606,4.0032,8.3708,4.0006
129.616,4.0032,8.3708,4.0006
129.624,4.0032,8.3681,4.0006
129.634,4.0032,8.3681,4.0006
129.642,4.0032,8.3655,4.0006
129.649,4.0032,8.3655,4.0006
129.656,4.0032,8.3655,4.0006
129.664,4.0032,8.3628,4.0006
129.674,4.0032,8.3628,4.0006
129.680,4.0032,8.3601,4.0006
129.690,4.0032,8.3601,4.0006
129.699,4.0032,8.3575,4.0006
129.707,4.0032,8.3575,4.0006
129.714,4.0032,8.3575,4.0006
129.722,4.0032,8.3548,4.0006
129.732,4.0032,8.3548,4.0006
129.740,4.0032,8.3521,4.0006
129.748,4.0032,8.3521,4.0006
129.756,4.0032,8.3521,4.0006
129.764,4.0032,8.3495,4.0006
129.773,4.0032,8.3495,4.0006
129.780,4.0032,8.3468,4.0006
129.789,4.0032,8.3468,4.0006
129.797,4.0032,8.3468,4.0006
129.804,4.0032,8.3441,4.0006
129.813,4.0032,8.3441,4.0006
129.821,4.0032,8.3415,4.0006
129.830,4.0032,8.3415,4.0006
129.838,4.0032,8.3415,4.0006
129.846,4.0032,8.3388,4.0006
129.855,4.0032,8.3388,4.0006
129.862,4.0032,8.3361,4.0006
129.871,4.0032,8.3361,4.0006
129.879,4.0032,8.3335,4.0006
129.889,4.0032,8.3335,4.0006
129.897,4.0032,8.3335,4.0006
129.906,4.0032,8.3308,4.0006
129.914,4.0032,8.3308,4.0006
129.922,4.0032,8.3281,4.0006
129.931,4.0032,8.3281,4.0006
129.947,4.0032,8.3255,4.0006
129.958,4.0032,8.3255,4.0006
129.965,4.0032,8.3228,4.0006
129.974,4.0032,8.3228,4.0006
129.982,4.0032,8.3201,4.0006
129.991,4.0032,8.3201,4.0006
130.000,4.0032,8.3175,4.0006
130.008,4.0032,8.3175,4.0006
130.016,4.0032,8.3175,4.0006
130.022,4.0032,8.3148,4.0006
130.031,4.0032,8.3148,4.0006
130.039,4.0032,8.3121,4.0006
130.047,4.0032,8.3121,4.0006
130.054,4.0032,8.3121,4.0006
130.063,4.0032,8.3095,4.0006
130.072,4.0032,8.3095,4.0006
130.079,4.0032,8.3068,4.0006
130.086,4.0032,8.3068,4.0006
130.093,4.0032,8.3068,4.0006
130.101,4.0032,8.3041,4.0006
130.109,4.0032,8.3041,4.0006
130.117,4.0032,8.3041,4.0006
130.125,4.0032,8.3015,4.0006
130.135,4.0032,8.3015,4.0006
130.144,4.0032,8.2988,4.0006
130.155,4.0032,8.2988,4.0006
130.162,4.0032,8.2961,4.0006
130.173,4.0032,8.2961,4.0006
130.180,4.0032,8.2935,4.0006
130.190,4.0032,8.2935,4.0006
130.199,4.0032,8.2908,4.0006
130.209,4.0032,8.2908,4.0006
130.217,4.0032,8.2908,4.0006
130.225,4.0032,8.2881,4.0006
130.235,4.0032,8.2881,4.0006
130.243,4.0032,8.2855,4.0006
130.253,4.0032,8.2855,4.0006
130.261,4.0032,8.2828,4.0006
130.271,4.0032,8.2828,4.0006
130.279,4.0032,8.2801,4.0006
130.288,4.0032,8.2801,4.0006
130.295,4.0032,8.2801,4.0006
130.304,4.0032,8.2775,4.0006
130.314,4.0032,8.2775,4.0006
130.322,4.0032,8.2748,4.0006
130.332,4.0032,8.2748,4.0006
130.342,4.0032,8.2721,4.0006
130.352,4.0032,8.2721,4.0006
130.361,4.0032,8.2695,4.0006
130.372,4.0032,8.2695,4.0006
130.380,4.0032,8.2668,4.0006
130.391,4.0032,8.2668,4.0006
130.399,4.0032,8.2641,4.0006
130.409,4.0032,8.2641,4.0006
130.417,4.0032,8.2641,4.0006
130.425,4.0032,8.2615,4.0006
130.435,4.0032,8.2615,4.0006
130.443,4.0032,8.2588,4.0006
130.453,4.0032,8.2588,4.0006
130.460,4.0032,8.2561,4.0006
130.470,4.0032,8.2561,4.0006
130.477,4.0032,8.2561,4.0006
130.486,4.0032,8.2535,4.0006
130.495,4.0032,8.2535,4.0006
130.504,4.0032,8.2508,4.0006
130.512,4.0032,8.2508,4.0006
130.520,4.0032,8.2481,4.0006
130.528,4.0032,8.2481,4.0006
130.537,4.0032,8.2481,4.0006
130.545,4.0032,8.2455,4.0006
130.554,4.0032,8.2455,4.0006
130.562,4.0032,8.2428,4.0006
130.572,4.0032,8.2428,4.0006
130.580,4.0032,8.2401,4.0006
130.590,4.0032,8.2401,4.0006
130.598,4.0032,8.2375,4.0006
130.608,4.0032,8.2375,4.0006
130.615,4.0032,8.2375,4.0006
130.623,4.0032,8.2348,4.0006
130.632,4.0032,8.2348,4.0006
130.640,4.0032,8.2321,4.0006
130.649,4.0032,8.2321,4.0006
130.657,4.0032,8.2321,4.0006
130.664,4.0032,8.2295,4.0006
130.674,4.0032,8.2295,4.0006
130.681,4.0032,8.2268,4.0006
130.690,4.0032,8.2268,4.0006
130.697,4.0032,8.2268,4.0006
130.704,4.0032,8.2241,4.0006
130.713,4.0032,8.2241,4.0006
130.720,4.0032,8.2215,4.0006
130.729,4.0032,8.2215,4.0006
130.736,4.0032,8.2215,4.0006
130.743,4.0032,8.2188,4.0006
130.752,4.0032,8.2188,4.0006
130.759,4.0032,8.2161,4.0006
130.768,4.0032,8.2161,4.0006
130.777,4.0032,8.2161,4.0006
130.784,4.0032,8.2135,4.0006
130.793,4.0032,8.2135,4.0006
130.801,4.0032,8.2108,4.0006
130.809,4.0032,8.2108,4.0006
130.816,4.0032,8.2108,4.0006
130.824,4.0032,8.2081,4.0006
130.833,4.0032,8.2081,4.0006
130.840,4.0032,8.2055,4.0006
130.848,4.0032,8.2055,4.0006
130.857,4.0032,8.2055,4.0006
130.865,4.0032,8.2028,4.0006
130.874,4.0032,8.2028,4.0006
130.881,4.0032,8.2001,4.0006
130.890,4.0032,8.2001,4.0006
130.898,4.0032,8.2001,4.0006
130.905,4.0032,8.1975,4.0006
130.914,4.0032,8.1975,4.0006
130.922,4.0032,8.1948,4.0006
130.931,4.0032,8.1948,4.0006
130.939,4.0032,8.1921,4.0006
130.948,4.0032,8.1921,4.0006
130.955,4.0032,8.1921,4.0006
130.962,4.0032,8.1895,4.0006
130.972,4.0032,8.1895,4.0006
130.979,4.0032,8.1868,4.0006
130.988,4.0032,8.1868,4.0006
130.996,4.0032,8.1868,4.0006
131.004,4.0032,8.1841,4.0006
131.012,4.0032,8.1841,4.0006
131.019,4.0032,8.1815,4.0006
131.028,4.0032,8.1815,4.0006
131.036,4.0032,8.1815,4.0006
131.044,4.0032,8.1788,4.0006
131.053,4.0032,8.1788,4.0006
131.061,4.0032,8.1761,4.0006
131.071,4.0032,8.1761,4.0006
131.078,4.0032,8.1761,4.0006
131.086,4.0032,8.1735,4.0006
131.095,4.0032,8.1735,4.0006
131.103,4.0032,8.1708,4.0006
131.111,4.0032,8.1708,4.0006
131.120,4.0032,8.1681,4.0006
131.127,4.0032,8.1681,4.0006
131.135,4.0032,8.1681,4.0006
131.143,4.0032,8.1655,4.0006
131.154,4.0032,8.1655,4.0006
131.160,4.0032,8.1628,4.0006
131.171,4.0032,8.1628,4.0006
131.178,4.0032,8.1628,4.0006
131.187,4.0032,8.1601,4.0006
131.195,4.0032,8.1601,4.0006
131.204,4.0032,8.1575,4.0006
131.213,4.0032,8.1575,4.0006
131.220,4.0032,8.1548,4.0006
131.229,4.0032,8.1548,4.0006
131.238,4.0032,8.1548,4.0006
131.245,4.0032,8.1521,4.0006
131.253,4.0032,8.1521,4.0006
131.260,4.0032,8.1495,4.0006
131.271,4.0032,8.1495,4.0006
131.277,4.0032,8.1495,4.0006
131.285,4.0032,8.1468,4.0006
131.293,4.0032,8.1468,4.0006
131.301,4.0032,8.1441,4.0006
131.309,4.0032,8.1441,4.0006
131.317,4.0032,8.1441,4.0006
131.324,4.0032,8.1415,4.0006
131.333,4.0032,8.1415,4.0006
131.341,4.0032,8.1388,4.0006
131.350,4.0032,8.1388,4.0006
131.358,4.0032,8.1388,4.0006
131.367,4.0032,8.1361,4.0006
131.376,4.0032,8.1361,4.0006
131.385,4.0032,8.1335,4.0006
131.394,4.0032,8.1335,4.0006
131.403,4.0032,8.1308,4.0006
131.413,4.0032,8.1308,4.0006
131.421,4.0032,8.1281,4.0006
131.431,4.0032,8.1281,4.0006
131.439,4.0032,8.1255,4.0006
131.449,4.0032,8.1255,4.0006
131.457,4.0032,8.1255,4.0006
131.465,4.0032,8.1228,4.0006
131.473,4.0032,8.1228,4.0006
131.481,4.0032,8.1201,4.0006
131.491,4.0032,8.1201,4.0006
131.499,4.0032,8.1175,4.0006
131.510,4.0032,8.1175,4.0006
131.518,4.0032,8.1175,4.0006
131.525,4.0032,8.1148,4.0006
131.535,4.0032,8.1148,4.0006
131.543,4.0032,8.1121,4.0006
131.554,4.0032,8.1121,4.0006
131.560,4.0032,8.1095,4.0006
131.572,4.0032,8.1095,4.0006
131.579,4.0032,8.1068,4.0006
131.589,4.0032,8.1068,4.0006
131.597,4.0032,8.1068,4.0006
131.606,4.0032,8.1041,4.0006
131.614,4.0032,8.1041,4.0006
131.623,4.0032,8.1015,4.0006
131.634,4.0032,8.1015,4.0006
131.641,4.0032,8.0988,4.0006
131.652,4.0032,8.0988,4.0006
131.659,4.0032,8.0961,4.0006
131.669,4.0032,8.0961,4.0006
131.676,4.0032,8.0961,4.0006
131.685,4.0032,8.0935,4.0006
131.694,4.0032,8.0935,4.0006
131.702,4.0032,8.0908,4.0006
131.712,4.0032,8.0908,4.0006
131.719,4.0032,8.0881,4.0006
131.729,4.0032,8.0881,4.0006
131.738,4.0032,8.0881,4.0006
131.745,4.0032,8.0855,4.0006
131.755,4.0032,8.0855,4.0006
131.763,4.0032,8.0828,4.0006
131.774,4.0032,8.0828,4.0006
131.782,4.0032,8.0801,4.0006
131.792,4.0032,8.0801,4.0006
131.801,4.0032,8.0775,4.0006
131.812,4.0032,8.0775,4.0006
131.820,4.0032,8.0748,4.0006
131.830,4.0032,8.0748,4.0006
131.840,4.0032,8.0721,4.0006
131.849,4.0032,8.0721,4.0006
131.857,4.0032,8.0721,4.0006
131.865,4.0032,8.0695,4.0006
131.876,4.0032,8.0695,4.0006
131.885,4.0032,8.0668,4.0006
131.894,4.0032,8.0668,4.0006
131.902,4.0032,8.0641,4.0006
131.911,4.0032,8.0641,4.0006
131.918,4.0032,8.0615,4.0006
131.927,4.0032,8.0615,4.0006
131.936,4.0032,8.0615,4.0006
131.944,4.0032,8.0588,4.0006
131.953,4.0032,8.0588,4.0006
131.962,4.0032,8.0561,4.0006
131.974,4.0032,8.0561,4.0006
131.982,4.0032,8.0535,4.0006
131.992,4.0032,8.0535,4.0006
132.001,4.0032,8.0508,4.0006
132.011,4.0032,8.0508,4.0006
132.019,4.0032,8.0481,4.0006
132.027,4.0032,8.0481,4.0006
132.035,4.0032,8.0481,4.0006
132.043,4.0032,8.0455,4.0006
132.052,4.0032,8.0455,4.0006
132.058,4.0032,8.0455,4.0006
132.066,4.0032,8.0428,4.0006
132.076,4.0032,8.0428,4.0006
132.083,4.0032,8.0401,4.0006
132.092,4.0032,8.0401,4.0006
132.101,4.0032,8.0375,4.0006
132.109,4.0032,8.0375,4.0006
132.117,4.0032,8.0375,4.0006
132.124,4.0032,8.0348,4.0006
132.133,4.0032,8.0348,4.0006
132.140,4.0032,8.0321,4.0006
132.149,4.0032,8.0321,4.0006
132.155,4.0032,8.0321,4.0006
132.162,4.0032,8.0295,4.0006
132.172,4.0032,8.0295,4.0006
132.180,4.0032,8.0268,4.0006
132.190,4.0032,8.0268,4.0006
132.197,4.0032,8.0268,4.0006
132.204,4.0032,8.0241,4.0006
132.213,4.0032,8.0241,4.0006
132.220,4.0032,8.0215,4.0006
132.229,4.0032,8.0215,4.0006
132.237,4.0032,8.0215,4.0006
132.253,4.0032,8.0188,4.0006
132.262,4.0032,8.0161,4.0006
132.273,4.0032,8.0161,4.0006
132.279,4.0032,8.0135,4.0006
132.289,4.0032,8.0135,4.0006
132.297,4.0032,8.0135,4.0006
132.305,4.0032,8.0108,4.0006
132.314,4.0032,8.0108,4.0006
132.323,4.0032,8.0081,4.0006
132.333,4.0032,8.0081,4.0006
132.339,4.0032,8.0055,4.0006
132.348,4.0032,8.0055,4.0006
132.355,4.0032,8.0055,4.0006
132.363,4.0032,8.0028,4.0006
132.372,4.0032,8.0028,4.0006
132.379,4.0032,8.0001,4.0006
132.388,4.0032,8.0001,4.0006
132.395,4.0032,8.0001,4.0006
132.403,4.0032,7.9975,4.0006
132.412,4.0032,7.9975,4.0006
132.420,4.0032,7.9948,4.0006
132.429,4.0032,7.9948,4.0006
132.437,4.0032,7.9948,4.0006
132.444,4.0032,7.9921,4.0006
132.453,4.0032,7.9921,4.0006
132.461,4.0032,7.9895,4.0006
132.471,4.0032,7.9895,4.0006
132.478,4.0032,7.9895,4.0006
132.485,4.0032,7.9868,4.0006
132.492,4.0032,7.9868,4.0006
132.501,4.0032,7.9841,4.0006
132.510,4.0032,7.9841,4.0006
132.518,4.0032,7.9841,4.0006
132.524,4.0032,7.9815,4.0006
132.534,4.0032,7.9815,4.0006
132.543,4.0032,7.9788,4.0006
132.551,4.0032,7.9788,4.0006
132.558,4.0032,7.9788,4.0006
132.567,4.0032,7.9761,4.0006
132.576,4.0032,7.9761,4.0006
132.584,4.0032,7.9735,4.0006
132.592,4.0032,7.9735,4.0006
132.601,4.0032,7.9708,4.0006
132.610,4.0032,7.9708,4.0006
132.618,4.0032,7.9708,4.0006
132.624,4.0032,7.9681,4.0006
132.633,4.0032,7.9681,4.0006
132.643,4.0032,7.9655,4.0006
132.653,4.0032,7.9655,4.0006
132.661,4.0032,7.9628,4.0006
132.672,4.0032,7.9628,4.0006
132.679,4.0032,7.9601,4.0006
132.688,4.0032,7.9601,4.0006
132.696,4.0032,7.9601,4.0006
132.704,4.0032,7.9575,4.0006
132.713,4.0032,7.9575,4.0006
132.721,4.0032,7.9548,4.0006
132.730,4.0032,7.9548,4.0006
132.738,4.0032,7.9521,4.0006
132.747,4.0032,7.9521,4.0006
132.756,4.0032,7.9521,4.0006
132.764,4.0032,7.9495,4.0006
132.773,4.0032,7.9495,4.0006
132.782,4.0032,7.9468,4.0006
132.792,4.0032,7.9468,4.0006
132.801,4.0032,7.9441,4.0006
132.810,4.0032,7.9441,4.0006
132.817,4.0032,7.9441,4.0006
132.825,4.0032,7.9415,4.0006
132.835,4.0032,7.9415,4.0006
132.843,4.0032,7.9388,4.0006
132.852,4.0032,7.9388,4.0006
132.860,4.0032,7.9361,4.0006
132.870,4.0032,7.9361,4.0006
132.878,4.0032,7.9335,4.0006
132.887,4.0032,7.9335,4.0006
132.895,4.0032,7.9335,4.0006
132.903,4.0032,7.9308,4.0006
132.913,4.0032,7.9308,4.0006
132.922,4.0032,7.9281,4.0006
132.932,4.0032,7.9281,4.0006
132.940,4.0032,7.9255,4.0006
132.949,4.0032,7.9255,4.0006
132.958,4.0032,7.9255,4.0006
132.967,4.0032,7.9228,4.0006
132.977,4.0032,7.9228,4.0006
132.985,4.0032,7.9201,4.0006
132.993,4.0032,7.9201,4.0006
133.002,4.0032,7.9175,4.0006
133.011,4.0032,7.9175,4.0006
133.019,4.0032,7.9148,4.0006
133.028,4.0032,7.9148,4.0006
133.036,4.0032,7.9148,4.0006
133.044,4.0032,7.9121,4.0006
133.054,4.0032,7.9121,4.0006
133.062,4.0032,7.9095,4.0006
133.072,4.0032,7.9095,4.0006
133.080,4.0032,7.9068,4.0006
133.090,4.0032,7.9068,4.0006
133.098,4.0032,7.9068,4.0006
133.106,4.0032,7.9041,4.0006
133.116,4.0032,7.9041,4.0006
133.125,4.0032,7.9015,4.0006
133.134,4.0032,7.9015,4.0006
133.143,4.0032,7.8988,4.0006
133.152,4.0032,7.8988,4.0006
133.160,4.0032,7.8961,4.0006
133.171,4.0032,7.8961,4.0006
133.180,4.0032,7.8935,4.0006
133.190,4.0032,7.8935,4.0006
133.198,4.0032,7.8935,4.0006
133.207,4.0032,7.8908,4.0006
133.214,4.0032,7.8908,4.0006
133.223,4.0032,7.8881,4.0006
133.231,4.0032,7.8881,4.0006
133.239,4.0032,7.8855,4.0006
133.248,4.0032,7.8855,4.0006
133.256,4.0032,7.8855,4.0006
133.264,4.0032,7.8828,4.0006
133.273,4.0032,7.8828,4.0006
133.281,4.0032,7.8801,4.0006
133.291,4.0032,7.8801,4.0006
133.300,4.0032,7.8775,4.0006
133.310,4.0032,7.8775,4.0006
133.318,4.0032,7.8775,4.0006
133.326,4.0032,7.8748,4.0006
133.335,4.0032,7.8748,4.0006
133.343,4.0032,7.8721,4.0006
133.353,4.0032,7.8721,4.0006
133.360,4.0032,7.8695,4.0006
133.371,4.0032,7.8695,4.0006
133.379,4.0032,7.8668,4.0006
133.388,4.0032,7.8668,4.0006
133.396,4.0032,7.8668,4.0006
133.405,4.0032,7.8641,4.0006
133.413,4.0032,7.8641,4.0006
133.421,4.0032,7.8615,4.0006
133.429,4.0032,7.8615,4.0006
133.439,4.0032,7.8588,4.0006
133.447,4.0032,7.8588,4.0006
133.455,4.0032,7.8588,4.0006
133.462,4.0032,7.8561,4.0006
133.473,4.0032,7.8561,4.0006
133.480,4.0032,7.8535,4.0006
133.490,4.0032,7.8535,4.0006
133.498,4.0032,7.8535,4.0006
133.507,4.0032,7.8508,4.0006
133.516,4.0032,7.8508,4.0006
133.523,4.0032,7.8481,4.0006
133.532,4.0032,7.8481,4.0006
133.541,4.0032,7.8455,4.0006
133.550,4.0032,7.8455,4.0006
133.558,4.0032,7.8455,4.0006
133.567,4.0032,7.8428,4.0006
133.576,4.0032,7.8428,4.0006
133.584,4.0032,7.8401,4.0006
133.592,4.0032,7.8401,4.0006
133.601,4.0032,7.8375,4.0006
133.611,4.0032,7.8375,4.0006
133.618,4.0032,7.8348,4.0006
133.628,4.0032,7.8348,4.0006
133.635,4.0032,7.8348,4.0006
133.644,4.0032,7.8321,4.0006
133.652,4.0032,7.8321,4.0006
133.661,4.0032,7.8295,4.0006
133.672,4.0032,7.8295,4.0006
133.680,4.0032,7.8268,4.0006
133.690,4.0032,7.8268,4.0006
133.697,4.0032,7.8268,4.0006
133.705,4.0032,7.8241,4.0006
133.714,4.0032,7.8241,4.0006
133.721,4.0032,7.8215,4.0006
133.730,4.0032,7.8215,4.0006
133.738,4.0032,7.8215,4.0006
133.746,4.0032,7.8188,4.0006
133.755,4.0032,7.8188,4.0006
133.761,4.0032,7.8161,4.0006
133.771,4.0032,7.8161,4.0006
133.779,4.0032,7.8135,4.0006
133.788,4.0032,7.8135,4.0006
133.795,4.0032,7.8135,4.0006
133.803,4.0032,7.8108,4.0006
133.813,4.0032,7.8108,4.0006
133.821,4.0032,7.8081,4.0006
133.830,4.0032,7.8081,4.0006
133.838,4.0032,7.8081,4.0006
133.846,4.0032,7.8055,4.0006
133.854,4.0032,7.8055,4.0006
133.862,4.0032,7.8028,4.0006
133.873,4.0032,7.8028,4.0006
133.881,4.0032,7.8001,4.0006
133.891,4.0032,7.8001,4.0006
133.900,4.0032,7.7975,4.0006
133.910,4.0032,7.7975,4.0006
133.918,4.0032,7.7975,4.0006
133.926,4.0032,7.7948,4.0006
133.936,4.0032,7.7948,4.0006
133.944,4.0032,7.7921,4.0006
133.955,4.0032,7.7921,4.0006
133.963,4.0032,7.7895,4.0006
133.973,4.0032,7.7895,4.0006
133.981,4.0032,7.7868,4.0006
133.993,4.0032,7.7868,4.0006
134.002,4.0032,7.7841,4.0006
134.011,4.0032,7.7841,4.0006
134.020,4.0032,7.7815,4.0006
134.028,4.0032,7.7815,4.0006
134.039,4.0032,7.7788,4.0006
134.050,4.0032,7.7788,4.0006
134.058,4.0032,7.7788,4.0006
134.067,4.0032,7.7761,4.0006
134.078,4.0032,7.7761,4.0006
134.087,4.0032,7.7735,4.0006
134.098,4.0032,7.7735,4.0006
134.107,4.0032,7.7708,4.0006
134.118,4.0032,7.7708,4.0006
134.126,4.0032,7.7681,4.0006
134.137,4.0032,7.7681,4.0006
134.146,4.0032,7.7655,4.0006
134.156,4.0032,7.7655,4.0006
134.165,4.0032,7.7628,4.0006
134.177,4.0032,7.7628,4.0006
134.185,4.0032,7.7601,4.0006
134.196,4.0032,7.7601,4.0006
134.205,4.0032,7.7575,4.0006
134.215,4.0032,7.7575,4.0006
134.224,4.0032,7.7548,4.0006
134.236,4.0032,7.7548,4.0006
134.243,4.0032,7.7521,4.0006
134.254,4.0032,7.7521,4.0006
134.262,4.0032,7.7495,4.0006
134.273,4.0032,7.7495,4.0006
134.282,4.0032,7.7468,4.0006
134.293,4.0032,7.7468,4.0006
134.302,4.0032,7.7441,4.0006
134.312,4.0032,7.7441,4.0006
134.321,4.0032,7.7415,4.0006
134.331,4.0032,7.7415,4.0006
134.339,4.0032,7.7388,4.0006
134.349,4.0032,7.7388,4.0006
134.359,4.0032,7.7361,4.0006
134.369,4.0032,7.7361,4.0006
134.377,4.0032,7.7361,4.0006
134.385,4.0032,7.7335,4.0006
134.394,4.0032,7.7335,4.0006
134.403,4.0032,7.7308,4.0006
134.412,4.0032,7.7308,4.0006
134.420,4.0032,7.7281,4.0006
134.428,4.0032,7.7281,4.0006
134.437,4.0032,7.7281,4.0006
134.444,4.0032,7.7255,4.0006
134.453,4.0032,7.7255,4.0006
134.460,4.0032,7.7228,4.0006
134.472,4.0032,7.7228,4.0006
134.479,4.0032,7.7201,4.0006
134.489,4.0032,7.7201,4.0006
134.497,4.0032,7.7201,4.0006
134.505,4.0032,7.7175,4.0006
134.515,4.0032,7.7175,4.0006
134.523,4.0032,7.7148,4.0006
134.533,4.0032,7.7148,4.0006
134.541,4.0032,7.7121,4.0006
134.552,4.0032,7.7121,4.0006
134.562,4.0032,7.7095,4.0006
134.572,4.0032,7.7095,4.0006
134.581,4.0032,7.7068,4.0006
134.592,4.0032,7.7068,4.0006
134.600,4.0032,7.7041,4.0006
134.611,4.0032,7.7041,4.0006
134.619,4.0032,7.7015,4.0006
134.630,4.0032,7.7015,4.0006
134.647,4.0032,7.6988,4.0006
134.658,4.0032,7.6988,4.0006
134.666,4.0032,7.6961,4.0006
134.677,4.0032,7.6961,4.0006
134.687,4.0032,7.6935,4.0006
134.697,4.0032,7.6935,4.0006
134.707,4.0032,7.6908,4.0006
134.718,4.0032,7.6908,4.0006
134.726,4.0032,7.6881,4.0006
134.736,4.0032,7.6881,4.0006
134.744,4.0032,7.6855,4.0006
134.755,4.0032,7.6855,4.0006
134.764,4.0032,7.6828,4.0006
134.774,4.0032,7.6828,4.0006
134.782,4.0032,7.6801,4.0006
134.791,4.0032,7.6801,4.0006
134.800,4.0032,7.6775,4.0006
134.810,4.0032,7.6775,4.0006
134.818,4.0032,7.6775,4.0006
134.826,4.0032,7.6748,4.0006
134.836,4.0032,7.6748,4.0006
134.844,4.0032,7.6721,4.0006
134.854,4.0032,7.6721,4.0006
134.862,4.0032,7.6695,4.0006
134.872,4.0032,7.6695,4.0006
134.879,4.0032,7.6668,4.0006
134.888,4.0032,7.6668,4.0006
134.895,4.0032,7.6668,4.0006
134.903,4.0032,7.6641,4.0006
134.910,4.0032,7.6641,4.0006
134.919,4.0032,7.6615,4.0006
134.928,4.0032,7.6615,4.0006
134.937,4.0032,7.6615,4.0006
134.944,4.0032,7.6588,4.0006
134.955,4.0032,7.6588,4.0006
134.963,4.0032,7.6561,4.0006
134.973,4.0032,7.6561,4.0006
134.981,4.0032,7.6561,4.0006
134.990,4.0032,7.6561,4.0006
134.998,4.0032,7.6561,4.0006
135.005,4.0032,7.6561,4.0006
135.015,4.0032,7.6561,4.0006
135.022,4.0032,7.6561,4.0006
135.030,4.0032,7.6561,4.0006
135.038,4.0032,7.6561,4.0006
135.046,4.0032,7.6561,4.0006
135.055,4.0032,7.6561,4.0006
135.064,4.0032,7.6561,4.0006
135.073,4.0032,7.6561,4.0006
135.081,4.0032,7.6561,4.0006
135.090,4.0032,7.6561,4.0006
135.098,4.0032,7.6561,4.0006
135.106,4.0032,7.6561,4.0006
135.114,4.0032,7.6561,4.0006
135.122,4.0032,7.6561,4.0006
135.131,4.0032,7.6561,4.0006
135.140,4.0032,7.6561,4.0006
135.148,4.0032,7.6561,4.0006
135.157,4.0032,7.6561,4.0006
135.166,4.0032,7.6561,4.0006
135.175,4.0032,7.6561,4.0006
135.184,4.0032,7.6561,4.0006
135.193,4.0032,7.6561,4.0006
135.202,4.0032,7.6561,4.0006
135.211,4.0032,7.6561,4.0006
135.220,4.0032,7.6561,4.0006
135.229,4.0032,7.6561,4.0006
135.237,4.0032,7.6561,4.0006
135.245,4.0032,7.6561,4.0006
135.254,4.0032,7.6561,4.0006
135.263,4.0032,7.6561,4.0006
135.272,4.0032,7.6561,4.0006
135.281,4.0032,7.6561,4.0006
135.290,4.0032,7.6561,4.0006
135.300,4.0032,7.6561,4.0006
135.311,4.0032,7.6561,4.0006
135.319,4.0032,7.6561,4.0006
135.328,4.0032,7.6561,4.0006
135.337,4.0032,7.6561,4.0006
135.346,4.0032,7.6561,4.0006
135.355,4.0032,7.6561,4.0006
135.363,4.0032,7.6561,4.0006
135.375,4.0032,7.6561,4.0006
135.384,4.0032,7.6561,4.0006
135.394,4.0032,7.6561,4.0006
135.404,4.0032,7.6561,4.0006
135.413,4.0032,7.6561,4.0006
135.422,4.0032,7.6561,4.0006
135.431,4.0032,7.6561,4.0006
135.441,4.0032,7.6561,4.0006
135.451,4.0032,7.6561,4.0006
135.459,4.0032,7.6561,4.0006
135.469,4.0032,7.6561,4.0006
135.477,4.0032,7.6561,4.0006
135.486,4.0032,7.6561,4.0006
135.494,4.0032,7.6561,4.0006
135.505,4.0032,7.6537,4.0006
135.515,4.0032,7.6537,4.0006
135.523,4.0032,7.6537,4.0006
135.533,4.0032,7.6537,4.0006
135.543,4.0032,7.6537,4.0006
135.553,4.0032,7.6537,4.0006
135.562,4.0032,7.6527,4.0006
135.572,4.0032,7.6527,4.0006
135.582,4.0032,7.6527,4.0006
135.593,4.0032,7.6527,4.0006
135.601,4.0032,7.6524,4.0006
135.612,4.0032,7.6524,4.0006
135.621,4.0032,7.6524,4.0006
135.630,4.0032,7.6524,4.0006
135.639,4.0032,7.6524,4.0006
135.647,4.0032,7.6524,4.0006
135.656,4.0032,7.6524,4.0006
135.662,4.0032,7.6523,4.0006
135.674,4.0032,7.6523,4.0006
135.683,4.0032,7.6522,4.0006
135.693,4.0032,7.6522,4.0006
135.702,4.0032,7.6522,4.0006
135.712,4.0032,7.6522,4.0006
135.721,4.0032,7.6522,4.0006
135.729,4.0032,7.6522,4.0006
135.738,4.0032,7.6522,4.0006
135.745,4.0032,7.6522,4.0006
135.753,4.0032,7.6522,4.0006
135.762,4.0032,7.6522,4.0006
135.772,4.0032,7.6522,4.0006
135.780,4.0032,7.6522,4.0006
135.788,4.0032,7.6522,4.0006
135.796,4.0032,7.6522,4.0006
135.804,4.0032,7.6522,4.0006
135.811,4.0032,7.6522,4.0006
135.819,4.0032,7.6522,4.0006
135.827,4.0032,7.6522,4.0006
135.835,4.0032,7.6522,4.0006
135.842,4.0032,7.6522,4.0006
135.850,4.0032,7.6522,4.0006
135.859,4.0032,7.6522,4.0006
135.868,4.0032,7.6522,4.0006
135.876,4.0032,7.6522,4.0006
135.883,4.0032,7.6522,4.0006
135.894,4.0032,7.6522,4.0006
135.903,4.0032,7.6522,4.0006
135.911,4.0032,7.6522,4.0006
135.919,4.0032,7.6522,4.0006
135.927,4.0032,7.6522,4.0006
135.936,4.0032,7.6522,4.0006
135.944,4.0032,7.6522,4.0006
135.954,4.0032,7.6522,4.0006
135.960,4.0032,7.6522,4.0006
135.970,4.0032,7.6522,4.0006
135.977,4.0032,7.6522,4.0006
135.986,4.0032,7.6522,4.0006
135.993,4.0032,7.6522,4.0006
136.002,4.0032,7.6522,4.0006
136.010,4.0032,7.6522,4.0006
136.019,4.0032,7.6522,4.0006
136.026,4.0032,7.6522,4.0006
136.035,4.0032,7.6522,4.0006
136.043,4.0032,7.6522,4.0006
136.052,4.0032,7.6522,4.0006
136.059,4.0032,7.6522,4.0006
136.068,4.0032,7.6522,4.0006
136.076,4.0032,7.6522,4.0006
136.085,4.0032,7.6522,4.0006
136.093,4.0032,7.6522,4.0006
136.103,4.0032,7.6522,4.0006
136.111,4.0032,7.6522,4.0006
136.119,4.0032,7.6522,4.0006
136.127,4.0032,7.6522,4.0006
136.137,4.0032,7.6522,4.0006
136.144,4.0032,7.6522,4.0006
136.154,4.0032,7.6522,4.0006
136.162,4.0032,7.6522,4.0006
136.172,4.0032,7.6522,4.0006
136.179,4.0032,7.6522,4.0006
136.189,4.0032,7.6522,4.0006
136.197,4.0032,7.6522,4.0006
136.205,4.0032,7.6522,4.0006
136.213,4.0032,7.6522,4.0006
136.222,4.0032,7.6522,4.0006
136.229,4.0032,7.6522,4.0006
136.237,4.0032,7.6522,4.0006
136.245,4.0032,7.6522,4.0006
136.254,4.0032,7.6522,4.0006
136.261,4.0032,7.6522,4.0006
136.270,4.0032,7.6522,4.0006
136.278,4.0032,7.6522,4.0006
136.288,4.0032,7.6522,4.0006
136.295,4.0032,7.6522,4.0006
136.305,4.0032,7.6522,4.0006
136.312,4.0032,7.6522,4.0006
136.320,4.0032,7.6522,4.0006
136.327,4.0032,7.6522,4.0006
136.336,4.0032,7.6522,4.0006
136.343,4.0032,7.6522,4.0006
136.352,4.0032,7.6522,4.0006
136.358,4.0032,7.6522,4.0006
136.367,4.0032,7.6522,4.0006
136.376,4.0032,7.6522,4.0006
136.385,4.0032,7.6522,4.0006
136.392,4.0032,7.6522,4.0006
136.402,4.0032,7.6522,4.0006
136.411,4.0032,7.6522,4.0006
136.419,4.0032,7.6522,4.0006
136.428,4.0032,7.6522,4.0006
136.437,4.0032,7.6522,4.0006
136.445,4.0032,7.6522,4.0006
136.454,4.0032,7.6522,4.0006
136.462,4.0032,7.6522,4.0006
136.473,4.0032,7.6522,4.0006
136.481,4.0032,7.6522,4.0006
136.491,4.0032,7.6522,4.0006
136.499,4.0032,7.6522,4.0006
136.507,4.0032,7.6522,4.0006
136.516,4.0032,7.6522,4.0006
136.525,4.0032,7.6522,4.0006
136.533,4.0032,7.6522,4.0006
136.542,4.0032,7.6522,4.0006
136.552,4.0032,7.6522,4.0006
136.560,4.0032,7.6522,4.0006
136.570,4.0032,7.6522,4.0006
136.578,4.0032,7.6522,4.0006
136.587,4.0032,7.6522,4.0006
136.596,4.0032,7.6522,4.0006
136.605,4.0032,7.6522,4.0006
136.616,4.0032,7.6522,4.0006
136.623,4.0032,7.6522,4.0006
136.633,4.0032,7.6522,4.0006
136.642,4.0032,7.6522,4.0006
136.652,4.0032,7.6522,4.0006
136.661,4.0032,7.6522,4.0006
136.671,4.0032,7.6522,4.0006
136.681,4.0032,7.6522,4.0006
136.690,4.0032,7.6522,4.0006
136.699,4.0032,7.6522,4.0006
136.710,4.0032,7.6522,4.0006
136.719,4.0032,7.6522,4.0006
136.728,4.0032,7.6522,4.0006
136.738,4.0032,7.6522,4.0006
136.745,4.0032,7.6522,4.0006
136.755,4.0032,7.6522,4.0006
136.763,4.0032,7.6522,4.0006
136.774,4.0032,7.6522,4.0006
136.780,4.0032,7.6522,4.0006
136.791,4.0032,7.6522,4.0006
136.808,4.0032,7.6522,4.0006
136.819,4.0032,7.6522,4.0006
136.828,4.0032,7.6522,4.0006
136.838,4.0032,7.6522,4.0006
136.845,4.0032,7.6522,4.0006
136.855,4.0032,7.6522,4.0006
136.863,4.0032,7.6522,4.0006
136.872,4.0032,7.6522,4.0006
136.881,4.0032,7.6522,4.0006
136.889,4.0032,7.6522,4.0006
136.898,4.0032,7.6522,4.0006
136.905,4.0032,7.6522,4.0006
136.914,4.0032,7.6522,4.0006
136.922,4.0032,7.6522,4.0006
136.932,4.0032,7.6522,4.0006
136.942,4.0032,7.6522,4.0006
136.951,4.0032,7.6522,4.0006
136.958,4.0032,7.6522,4.0006
136.966,4.0032,7.6522,4.0006
136.975,4.0032,7.6522,4.0006
136.983,4.0032,7.6522,4.0006
136.992,4.0032,7.6522,4.0006
136.999,4.0032,7.6522,4.0006
137.009,4.0032,7.6522,4.0006
137.015,4.0032,7.6522,4.0006
137.024,4.0032,7.6522,4.0006
137.033,4.0032,7.6522,4.0006
137.043,4.0032,7.6522,4.0006
137.051,4.0032,7.6522,4.0006
137.059,4.0032,7.6522,4.0006
137.068,4.0032,7.6522,4.0006
137.075,4.0032,7.6522,4.0006
137.083,4.0032,7.6522,4.0006
137.092,4.0032,7.6522,4.0006
137.101,4.0032,7.6522,4.0006
137.110,4.0032,7.6522,4.0006
137.118,4.0032,7.6522,4.0006
137.127,4.0032,7.6522,4.0006
137.138,4.0032,7.6522,4.0006
137.145,4.0032,7.6522,4.0006
137.154,4.0032,7.6522,4.0006
137.162,4.0032,7.6522,4.0006
137.171,4.0032,7.6522,4.0006
137.178,4.0032,7.6522,4.0006
137.188,4.0032,7.6522,4.0006
137.195,4.0032,7.6522,4.0006
137.204,4.0032,7.6522,4.0006
137.212,4.0032,7.6522,4.0006
137.220,4.0032,7.6522,4.0006
137.229,4.0032,7.6522,4.0006
137.238,4.0032,7.6522,4.0006
137.246,4.0032,7.6522,4.0006
137.255,4.0032,7.6522,4.0006
137.263,4.0032,7.6522,4.0006
137.272,4.0032,7.6522,4.0006
137.279,4.0032,7.6522,4.0006
137.288,4.0032,7.6522,4.0006
137.296,4.0032,7.6522,4.0006
137.305,4.0032,7.6522,4.0006
137.314,4.0032,7.6522,4.0006
137.322,4.0032,7.6522,4.0006
137.331,4.0032,7.6522,4.0006
137.340,4.0032,7.6522,4.0006
137.349,4.0032,7.6522,4.0006
137.356,4.0032,7.6522,4.0006
137.364,4.0032,7.6522,4.0006
137.372,4.0032,7.6522,4.0006
137.380,4.0032,7.6522,4.0006
137.388,4.0032,7.6522,4.0006
137.396,4.0032,7.6522,4.0006
137.405,4.0032,7.6522,4.0006
137.412,4.0032,7.6522,4.0006
137.420,4.0032,7.6522,4.0006
137.428,4.0032,7.6522,4.0006
137.437,4.0032,7.6522,4.0006
137.445,4.0032,7.6522,4.0006
137.454,4.0032,7.6522,4.0006
137.462,4.0032,7.6522,4.0006
137.471,4.0032,7.6522,4.0006
137.479,4.0032,7.6522,4.0006
137.489,4.0032,7.6522,4.0006
137.498,4.0032,7.6522,4.0006
137.506,4.0032,7.6522,4.0006
137.517,4.0032,7.6522,4.0006
137.525,4.0032,7.6522,4.0006
137.533,4.0032,7.6522,4.0006
137.542,4.0032,7.6522,4.0006
137.553,4.0032,7.6522,4.0006
137.560,4.0032,7.6522,4.0006
137.570,4.0032,7.6522,4.0006
137.578,4.0032,7.6522,4.0006
137.587,4.0032,7.6522,4.0006
137.595,4.0032,7.6522,4.0006
137.604,4.0032,7.6522,4.0006
137.612,4.0032,7.6522,4.0006
137.621,4.0032,7.6522,4.0006
137.629,4.0032,7.6522,4.0006
137.638,4.0032,7.6522,4.0006
137.647,4.0032,7.6522,4.0006
137.656,4.0032,7.6522,4.0006
137.665,4.0032,7.6522,4.0006
137.676,4.0032,7.6522,4.0006
137.685,4.0032,7.6522,4.0006
137.695,4.0032,7.6522,4.0006
137.705,4.0032,7.6522,4.0006
137.714,4.0032,7.6522,4.0006
137.723,4.0032,7.6522,4.0006
137.732,4.0032,7.6522,4.0006
137.740,4.0032,7.6522,4.0006
137.749,4.0032,7.6522,4.0006
137.757,4.0032,7.6522,4.0006
137.766,4.0032,7.6522,4.0006
137.775,4.0032,7.6522,4.0006
137.784,4.0032,7.6522,4.0006
137.793,4.0032,7.6522,4.0006
137.801,4.0032,7.6522,4.0006
137.810,4.0032,7.6522,4.0006
137.819,4.0032,7.6522,4.0006
137.828,4.0032,7.6522,4.0006
137.837,4.0032,7.6522,4.0006
137.845,4.0032,7.6522,4.0006
137.854,4.0032,7.6522,4.0006
137.862,4.0032,7.6522,4.0006
137.873,4.0032,7.6522,4.0006
137.880,4.0032,7.6522,4.0006
137.891,4.0032,7.6522,4.0006
137.900,4.0032,7.6522,4.0006
137.910,4.0032,7.6522,4.0006
137.919,4.0032,7.6522,4.0006
137.928,4.0032,7.6522,4.0006
137.937,4.0032,7.6522,4.0006
137.945,4.0032,7.6522,4.0006
137.954,4.0032,7.6522,4.0006
137.963,4.0032,7.6522,4.0006
137.973,4.0032,7.6522,4.0006
137.981,4.0032,7.6522,4.0006
137.991,4.0032,7.6522,4.0006
138.002,4.0032,7.6522,4.0006
138.012,4.0032,7.6522,4.0006
138.023,4.0032,7.6522,4.0006
138.038,4.0032,7.6522,4.0006
138.047,4.0032,7.6522,4.0006
138.058,4.0032,7.6522,4.0006
138.070,4.0032,7.6522,4.0006
138.080,4.0032,7.6522,4.0006
138.090,4.0032,7.6522,4.0006
138.098,4.0032,7.6522,4.0006
138.109,4.0032,7.6522,4.0006
138.118,4.0032,7.6522,4.0006
138.127,4.0032,7.6522,4.0006
138.138,4.0032,7.6522,4.0006
138.146,4.0032,7.6522,4.0006
138.154,4.0032,7.6522,4.0006
138.161,4.0032,7.6522,4.0006
138.170,4.0032,7.6522,4.0006
138.178,4.0032,7.6522,4.0006
138.187,4.0032,7.6522,4.0006
138.194,4.0032,7.6522,4.0006
138.203,4.0032,7.6522,4.0006
138.212,4.0032,7.6522,4.0006
138.220,4.0032,7.6522,4.0006
138.229,4.0032,7.6522,4.0006
138.238,4.0032,7.6522,4.0006
138.245,4.0032,7.6522,4.0006
138.254,4.0032,7.6522,4.0006
138.263,4.0032,7.6522,4.0006
138.272,4.0032,7.6522,4.0006
138.281,4.0032,7.6522,4.0006
138.290,4.0032,7.6522,4.0006
138.298,4.0032,7.6522,4.0006
138.307,4.0032,7.6522,4.0006
138.315,4.0032,7.6522,4.0006
138.323,4.0032,7.6522,4.0006
138.330,4.0032,7.6522,4.0006
138.341,4.0032,7.6522,4.0006
138.349,4.0032,7.6522,4.0006
138.357,4.0032,7.6522,4.0006
138.364,4.0032,7.6522,4.0006
138.374,4.0032,7.6522,4.0006
138.381,4.0032,7.6522,4.0006
138.390,4.0032,7.6522,4.0006
138.398,4.0032,7.6522,4.0006
138.406,4.0032,7.6522,4.0006
138.413,4.0032,7.6522,4.0006
138.421,4.0032,7.6522,4.0006
138.429,4.0032,7.6522,4.0006
138.438,4.0032,7.6522,4.0006
138.446,4.0032,7.6522,4.0006
138.455,4.0032,7.6522,4.0006
138.463,4.0032,7.6522,4.0006
138.472,4.0032,7.6522,4.0006
138.481,4.0032,7.6522,4.0006
138.490,4.0032,7.6522,4.0006
138.498,4.0032,7.6522,4.0006
138.506,4.0032,7.6522,4.0006
138.515,4.0032,7.6522,4.0006
138.523,4.0032,7.6522,4.0006
138.531,4.0032,7.6522,4.0006
138.541,4.0032,7.6522,4.0006
138.551,4.0032,7.6522,4.0006
138.559,4.0032,7.6522,4.0006
138.567,4.0032,7.6522,4.0006
138.576,4.0032,7.6522,4.0006
138.585,4.0032,7.6522,4.0006
138.594,4.0032,7.6522,4.0006
138.604,4.0032,7.6522,4.0006
138.614,4.0032,7.6522,4.0006
138.623,4.0032,7.6522,4.0006
138.633,4.0032,7.6522,4.0006
138.642,4.0032,7.6522,4.0006
138.651,4.0032,7.6522,4.0006
138.659,4.0032,7.6522,4.0006
138.668,4.0032,7.6522,4.0006
138.677,4.0032,7.6522,4.0006
138.686,4.0032,7.6522,4.0006
138.695,4.0032,7.6522,4.0006
138.704,4.0032,7.6522,4.0006
138.712,4.0032,7.6522,4.0006
138.721,4.0032,7.6522,4.0006
138.729,4.0032,7.6522,4.0006
138.739,4.0032,7.6522,4.0006
138.749,4.0032,7.6522,4.0006
138.756,4.0032,7.6522,4.0006
138.765,4.0032,7.6522,4.0006
138.773,4.0032,7.6522,4.0006
138.780,4.0032,7.6522,4.0006
138.789,4.0032,7.6522,4.0006
138.797,4.0032,7.6522,4.0006
138.805,4.0032,7.6522,4.0006
138.814,4.0032,7.6522,4.0006
138.823,4.0032,7.6522,4.0006
138.832,4.0032,7.6522,4.0006
138.839,4.0032,7.6522,4.0006
138.848,4.0032,7.6522,4.0006
138.857,4.0032,7.6522,4.0006
138.864,4.0032,7.6522,4.0006
138.874,4.0032,7.6522,4.0006
138.882,4.0032,7.6522,4.0006
138.892,4.0032,7.6522,4.0006
138.909,4.0032,7.6522,4.0006
138.919,4.0032,7.6522,4.0006
138.928,4.0032,7.6522,4.0006
138.937,4.0032,7.6522,4.0006
138.945,4.0032,7.6522,4.0006
138.955,4.0032,7.6522,4.0006
138.964,4.0032,7.6522,4.0006
138.973,4.0032,7.6522,4.0006
138.982,4.0032,7.6522,4.0006
138.991,4.0032,7.6522,4.0006
138.999,4.0032,7.6522,4.0006
139.009,4.0032,7.6522,4.0006
139.018,4.0032,7.6522,4.0006
139.026,4.0032,7.6522,4.0006
139.035,4.0032,7.6522,4.0006
139.044,4.0032,7.6522,4.0006
139.053,4.0032,7.6522,4.0006
139.063,4.0032,7.6522,4.0006
139.073,4.0032,7.6522,4.0006
139.081,4.0032,7.6522,4.0006
139.091,4.0032,7.6522,4.0006
139.100,4.0032,7.6522,4.0006
139.110,4.0032,7.6522,4.0006
139.119,4.0032,7.6522,4.0006
139.129,4.0032,7.6522,4.0006
139.139,4.0032,7.6522,4.0006
139.148,4.0032,7.6522,4.0006
139.159,4.0032,7.6522,4.0006
139.168,4.0032,7.6522,4.0006
139.177,4.0032,7.6522,4.0006
139.186,4.0032,7.6522,4.0006
139.194,4.0032,7.6522,4.0006
139.204,4.0032,7.6522,4.0006
139.212,4.0032,7.6522,4.0006
139.222,4.0032,7.6522,4.0006
139.230,4.0032,7.6522,4.0006
139.240,4.0032,7.6522,4.0006
139.250,4.0032,7.6522,4.0006
139.258,4.0032,7.6522,4.0006
139.268,4.0032,7.6522,4.0006
139.278,4.0032,7.6522,4.0006
139.287,4.0032,7.6522,4.0006
139.298,4.0032,7.6522,4.0006
139.308,4.0032,7.6522,4.0006
139.317,4.0032,7.6522,4.0006
139.326,4.0032,7.6522,4.0006
139.336,4.0032,7.6522,4.0006
139.346,4.0032,7.6522,4.0006
139.356,4.0032,7.6522,4.0006
139.367,4.0032,7.6522,4.0006
139.377,4.0032,7.6522,4.0006
139.386,4.0032,7.6522,4.0006
139.393,4.0032,7.6522,4.0006
139.403,4.0032,7.6522,4.0006
139.411,4.0032,7.6522,4.0006
139.420,4.0032,7.6522,4.0006
139.428,4.0032,7.6522,4.0006
139.438,4.0032,7.6522,4.0006
139.446,4.0032,7.6522,4.0006
139.456,4.0032,7.6522,4.0006
139.464,4.0032,7.6522,4.0006
139.473,4.0032,7.6522,4.0006
139.482,4.0032,7.6522,4.0006
139.490,4.0032,7.6522,4.0006
139.499,4.0032,7.6522,4.0006
139.509,4.0032,7.6522,4.0006
139.518,4.0032,7.6522,4.0006
139.525,4.0032,7.6522,4.0006
139.534,4.0032,7.6522,4.0006
139.542,4.0032,7.6522,4.0006
139.552,4.0032,7.6522,4.0006
139.559,4.0032,7.6522,4.0006
139.569,4.0032,7.6522,4.0006
139.577,4.0032,7.6522,4.0006
139.585,4.0032,7.6522,4.0006
139.594,4.0032,7.6522,4.0006
139.601,4.0032,7.6522,4.0006
139.610,4.0032,7.6522,4.0006
139.618,4.0032,7.6522,4.0006
139.626,4.0032,7.6522,4.0006
139.635,4.0032,7.6522,4.0006
139.643,4.0032,7.6522,4.0006
139.650,4.0032,7.6522,4.0006
139.658,4.0032,7.6522,4.0006
139.667,4.0032,7.6522,4.0006
139.675,4.0032,7.6522,4.0006
139.682,4.0032,7.6522,4.0006
139.691,4.0032,7.6522,4.0006
139.701,4.0032,7.6522,4.0006
139.709,4.0032,7.6522,4.0006
139.717,4.0032,7.6522,4.0006
139.724,4.0032,7.6522,4.0006
139.734,4.0032,7.6522,4.0006
139.741,4.0032,7.6522,4.0006
139.751,4.0032,7.6522,4.0006
139.760,4.0032,7.6522,4.0006
139.770,4.0032,7.6522,4.0006
139.778,4.0032,7.6522,4.0006
139.787,4.0032,7.6522,4.0006
139.796,4.0032,7.6522,4.0006
139.805,4.0032,7.6522,4.0006
139.814,4.0032,7.6522,4.0006
139.823,4.0032,7.6522,4.0006
139.831,4.0032,7.6522,4.0006
139.840,4.0032,7.6522,4.0006
139.849,4.0032,7.6522,4.0006
139.857,4.0032,7.6522,4.0006
139.865,4.0032,7.6522,4.0006
139.873,4.0032,7.6522,4.0006
139.882,4.0032,7.6522,4.0006
139.891,4.0032,7.6522,4.0006
139.899,4.0032,7.6522,4.0006
139.908,4.0032,7.6522,4.0006
139.916,4.0032,7.6522,4.0006
139.924,4.0032,7.6522,4.0006
139.932,4.0032,7.6522,4.0006
139.941,4.0032,7.6522,4.0006
139.949,4.0032,7.6522,4.0006
139.956,4.0032,7.6522,4.0006
139.965,4.0032,7.6522,4.0006
139.974,4.0032,7.6522,4.0006
139.982,4.0032,7.6522,4.0006
139.990,4.0032,7.6522,4.0006
140.000,4.0032,7.6522,4.0006
140.009,4.0032,7.6522,4.0006
140.017,4.0032,7.6522,4.0006
140.025,4.0032,7.6522,4.0006
140.034,4.0032,7.6522,4.0006
140.042,4.0032,7.6522,4.0006
140.050,4.0032,7.6522,4.0006
140.058,4.0032,7.6522,4.0006
140.066,4.0032,7.6522,4.0006
140.076,4.0032,7.6522,4.0006
140.083,4.0032,7.6522,4.0006
140.092,4.0032,7.6522,4.0006
140.100,4.0032,7.6522,4.0006
140.108,4.0032,7.6522,4.0006
140.116,4.0032,7.6522,4.0006
140.124,4.0032,7.6522,4.0006
140.133,4.0032,7.6522,4.0006
140.141,4.0032,7.6522,4.0006
140.149,4.0032,7.6522,4.0006
140.157,4.0032,7.6522,4.0006
140.165,4.0032,7.6522,4.0006
140.175,4.0032,7.6522,4.0006
140.184,4.0032,7.6522,4.0006
140.192,4.0032,7.6522,4.0006
140.202,4.0032,7.6522,4.0006
140.211,4.0032,7.6522,4.0006
140.220,4.0032,7.6522,4.0006
140.229,4.0032,7.6522,4.0006
140.239,4.0032,7.6522,4.0006
140.249,4.0032,7.6522,4.0006
140.258,4.0032,7.6522,4.0006
140.267,4.0032,7.6522,4.0006
140.277,4.0032,7.6522,4.0006
140.286,4.0032,7.6522,4.0006
140.296,4.0032,7.6522,4.0006
140.306,4.0032,7.6522,4.0006
140.315,4.0032,7.6522,4.0006
140.324,4.0032,7.6522,4.0006
140.335,4.0032,7.6522,4.0006
140.344,4.0032,7.6522,4.0006
140.354,4.0032,7.6522,4.0006
140.362,4.0032,7.6522,4.0006
140.372,4.0032,7.6522,4.0006
140.380,4.0032,7.6522,4.0006
140.391,4.0032,7.6522,4.0006
140.400,4.0032,7.6522,4.0006
140.409,4.0032,7.6522,4.0006
140.418,4.0032,7.6522,4.0006
140.426,4.0032,7.6522,4.0006
140.435,4.0032,7.6522,4.0006
140.443,4.0032,7.6522,4.0006
140.453,4.0032,7.6522,4.0006
140.461,4.0032,7.6522,4.0006
140.471,4.0032,7.6522,4.0006
140.479,4.0032,7.6522,4.0006
140.488,4.0032,7.6522,4.0006
140.497,4.0032,7.6522,4.0006
140.507,4.0032,7.6522,4.0006
140.517,4.0032,7.6522,4.0006
140.525,4.0032,7.6522,4.0006
140.536,4.0032,7.6522,4.0006
140.546,4.0032,7.6522,4.0006
140.555,4.0032,7.6522,4.0006
140.563,4.0032,7.6522,4.0006
140.573,4.0032,7.6522,4.0006
140.582,4.0032,7.6522,4.0006
140.593,4.0032,7.6522,4.0006
140.602,4.0032,7.6522,4.0006
140.611,4.0032,7.6522,4.0006
140.620,4.0032,7.6522,4.0006
140.629,4.0032,7.6522,4.0006
140.640,4.0032,7.6522,4.0006
140.647,4.0032,7.6522,4.0006
140.656,4.0032,7.6522,4.0006
140.664,4.0032,7.6522,4.0006
140.672,4.0032,7.6522,4.0006
140.679,4.0032,7.6522,4.0006
140.687,4.0032,7.6522,4.0006
140.695,4.0032,7.6522,4.0006
140.704,4.0032,7.6522,4.0006
140.712,4.0032,7.6522,4.0006
140.720,4.0032,7.6522,4.0006
140.729,4.0032,7.6522,4.0006
140.737,4.0032,7.6522,4.0006
140.745,4.0032,7.6522,4.0006
140.754,4.0032,7.6522,4.0006
140.763,4.0032,7.6522,4.0006
140.772,4.0032,7.6522,4.0006
140.780,4.0032,7.6522,4.0006
140.790,4.0032,7.6522,4.0006
140.798,4.0032,7.6522,4.0006
140.807,4.0032,7.6522,4.0006
140.816,4.0032,7.6522,4.0006
140.825,4.0032,7.6522,4.0006
140.834,4.0032,7.6522,4.0006
140.842,4.0032,7.6522,4.0006
140.852,4.0032,7.6522,4.0006
140.859,4.0032,7.6522,4.0006
140.869,4.0032,7.6522,4.0006
140.876,4.0032,7.6522,4.0006
140.885,4.0032,7.6522,4.0006
140.892,4.0032,7.6522,4.0006
140.901,4.0032,7.6522,4.0006
140.911,4.0032,7.6522,4.0006
140.919,4.0032,7.6522,4.0006
140.927,4.0032,7.6522,4.0006
140.937,4.0032,7.6522,4.0006
140.946,4.0032,7.6522,4.0006
140.954,4.0032,7.6522,4.0006
140.962,4.0032,7.6522,4.0006
140.971,4.0032,7.6522,4.0006
140.980,4.0032,7.6522,4.0006
140.996,4.0032,7.6522,4.0006
141.005,4.0032,7.6522,4.0006
141.014,4.0032,7.6522,4.0006
141.023,4.0032,7.6522,4.0006
141.032,4.0032,7.6522,4.0006
141.042,4.0032,7.6522,4.0006
141.054,4.0032,7.6522,4.0006
141.063,4.0032,7.6523,4.0006
141.074,4.0032,7.6523,4.0006
141.081,4.0032,7.6524,4.0006
141.093,4.0032,7.6524,4.0006
141.101,4.0032,7.6524,4.0006
141.112,4.0032,7.6524,4.0006
141.121,4.0032,7.6527,4.0006
141.132,4.0032,7.6527,4.0006
141.140,4.0032,7.6530,4.0006
141.153,4.0032,7.6530,4.0006
141.161,4.0032,7.6533,4.0006
141.172,4.0032,7.6533,4.0006
141.180,4.0032,7.6536,4.0006
141.192,4.0032,7.6536,4.0006
141.201,4.0032,7.6544,4.0006
141.212,4.0032,7.6544,4.0006
141.220,4.0032,7.6552,4.0006
141.231,4.0032,7.6552,4.0006
141.241,4.0032,7.6560,4.0006
141.251,4.0032,7.6560,4.0006
141.260,4.0032,7.6569,4.0006
141.271,4.0032,7.6569,4.0006
141.279,4.0032,7.6579,4.0006
141.290,4.0032,7.6579,4.0006
141.298,4.0032,7.6588,4.0006
141.310,4.0032,7.6588,4.0006
141.320,4.0032,7.6598,4.0006
141.332,4.0032,7.6598,4.0006
141.341,4.0032,7.6620,4.0006
141.351,4.0032,7.6620,4.0006
141.360,4.0032,7.6641,4.0006
141.372,4.0032,7.6641,4.0006
141.378,4.0032,7.6663,4.0006
141.390,4.0032,7.6663,4.0006
141.398,4.0032,7.6663,4.0006
141.407,4.0032,7.6686,4.0006
141.419,4.0032,7.6710,4.0006
141.429,4.0032,7.6710,4.0006
141.439,4.0032,7.6733,4.0006
141.451,4.0032,7.6733,4.0006
141.458,4.0032,7.6758,4.0006
141.470,4.0032,7.6758,4.0006
141.479,4.0032,7.6783,4.0006
141.491,4.0032,7.6783,4.0006
141.500,4.0032,7.6809,4.0006
141.512,4.0032,7.6809,4.0006
141.522,4.0032,7.6834,4.0006
141.533,4.0032,7.6834,4.0006
141.542,4.0032,7.6860,4.0006
141.552,4.0032,7.6860,4.0006
141.563,4.0032,7.6886,4.0006
141.575,4.0032,7.6886,4.0006
141.583,4.0032,7.6912,4.0006
141.594,4.0032,7.6912,4.0006
141.605,4.0032,7.6938,4.0006
141.614,4.0032,7.6938,4.0006
141.623,4.0032,7.6964,4.0006
141.635,4.0032,7.6964,4.0006
141.643,4.0032,7.6990,4.0006
141.653,4.0032,7.6990,4.0006
141.661,4.0032,7.7016,4.0006
141.673,4.0032,7.7016,4.0006
141.681,4.0032,7.7042,4.0006
141.691,4.0032,7.7042,4.0006
141.701,4.0032,7.7068,4.0006
141.713,4.0032,7.7068,4.0006
141.721,4.0032,7.7094,4.0006
141.731,4.0032,7.7094,4.0006
141.739,4.0032,7.7120,4.0006
141.749,4.0032,7.7120,4.0006
141.759,4.0032,7.7146,4.0006
141.769,4.0032,7.7146,4.0006
141.778,4.0032,7.7146,4.0006
141.786,4.0032,7.7171,4.0006
141.795,4.0032,7.7171,4.0006
141.804,4.0032,7.7197,4.0006
141.814,4.0032,7.7197,4.0006
141.823,4.0032,7.7223,4.0006
141.832,4.0032,7.7223,4.0006
141.841,4.0032,7.7249,4.0006
141.852,4.0032,7.7249,4.0006
141.861,4.0032,7.7275,4.0006
141.873,4.0032,7.7275,4.0006
141.880,4.0032,7.7300,4.0006
141.891,4.0032,7.7300,4.0006
141.898,4.0032,7.7300,4.0006
141.907,4.0032,7.7326,4.0006
141.915,4.0032,7.7326,4.0006
141.924,4.0032,7.7352,4.0006
141.932,4.0032,7.7352,4.0006
141.940,4.0032,7.7378,4.0006
141.949,4.0032,7.7378,4.0006
141.956,4.0032,7.7378,4.0006
141.963,4.0032,7.7403,4.0006
141.971,4.0032,7.7403,4.0006
141.979,4.0032,7.7429,4.0006
141.987,4.0032,7.7429,4.0006
141.996,4.0032,7.7429,4.0006
142.004,4.0032,7.7455,4.0006
142.012,4.0032,7.7455,4.0006
142.020,4.0032,7.7480,4.0006
142.029,4.0032,7.7480,4.0006
142.036,4.0032,7.7480,4.0006
142.045,4.0032,7.7506,4.0006
142.053,4.0032,7.7506,4.0006
142.061,4.0032,7.7531,4.0006
142.072,4.0032,7.7531,4.0006
142.080,4.0032,7.7557,4.0006
142.089,4.0032,7.7557,4.0006
142.097,4.0032,7.7557,4.0006
142.105,4.0032,7.7583,4.0006
142.112,4.0032,7.7583,4.0006
142.120,4.0032,7.7608,4.0006
142.127,4.0032,7.7608,4.0006
142.135,4.0032,7.7608,4.0006
142.143,4.0032,7.7634,4.0006
142.153,4.0032,7.7634,4.0006
142.159,4.0032,7.7659,4.0006
142.168,4.0032,7.7659,4.0006
142.176,4.0032,7.7659,4.0006
142.183,4.0032,7.7685,4.0006
142.191,4.0032,7.7685,4.0006
142.200,4.0032,7.7710,4.0006
142.208,4.0032,7.7710,4.0006
142.217,4.0032,7.7710,4.0006
142.225,4.0032,7.7736,4.0006
142.235,4.0032,7.7736,4.0006
142.242,4.0032,7.7761,4.0006
142.252,4.0032,7.7761,4.0006
142.258,4.0032,7.7787,4.0006
142.269,4.0032,7.7787,4.0006
142.277,4.0032,7.7787,4.0006
142.284,4.0032,7.7813,4.0006
142.293,4.0032,7.7813,4.0006
142.301,4.0032,7.7838,4.0006
142.311,4.0032,7.7838,4.0006
142.319,4.0032,7.7864,4.0006
142.328,4.0032,7.7864,4.0006
142.337,4.0032,7.7864,4.0006
142.346,4.0032,7.7889,4.0006
142.355,4.0032,7.7889,4.0006
142.362,4.0032,7.7915,4.0006
142.372,4.0032,7.7915,4.0006
142.379,4.0032,7.7940,4.0006
142.389,4.0032,7.7940,4.0006
142.396,4.0032,7.7940,4.0006
142.406,4.0032,7.7966,4.0006
142.414,4.0032,7.7966,4.0006
142.422,4.0032,7.7991,4.0006
142.430,4.0032,7.7991,4.0006
142.438,4.0032,7.7991,4.0006
142.446,4.0032,7.8017,4.0006
142.455,4.0032,7.8017,4.0006
142.461,4.0032,7.8042,4.0006
142.471,4.0032,7.8042,4.0006
142.479,4.0032,7.8068,4.0006
142.489,4.0032,7.8068,4.0006
142.496,4.0032,7.8068,4.0006
142.504,4.0032,7.8093,4.0006
142.514,4.0032,7.8093,4.0006
142.522,4.0032,7.8119,4.0006
142.531,4.0032,7.8119,4.0006
142.540,4.0032,7.8145,4.0006
142.549,4.0032,7.8145,4.0006
142.556,4.0032,7.8145,4.0006
142.566,4.0032,7.8170,4.0006
142.575,4.0032,7.8170,4.0006
142.584,4.0032,7.8196,4.0006
142.594,4.0032,7.8196,4.0006
142.603,4.0032,7.8221,4.0006
142.611,4.0032,7.8221,4.0006
142.620,4.0032,7.8247,4.0006
142.629,4.0032,7.8247,4.0006
142.637,4.0032,7.8247,4.0006
142.646,4.0032,7.8272,4.0006
142.657,4.0032,7.8272,4.0006
142.665,4.0032,7.8298,4.0006
142.676,4.0032,7.8298,4.0006
142.685,4.0032,7.8323,4.0006
142.695,4.0032,7.8323,4.0006
142.704,4.0032,7.8349,4.0006
142.713,4.0032,7.8349,4.0006
142.723,4.0032,7.8374,4.0006
142.732,4.0032,7.8374,4.0006
142.741,4.0032,7.8400,4.0006
142.750,4.0032,7.8400,4.0006
142.758,4.0032,7.8425,4.0006
142.768,4.0032,7.8425,4.0006
142.777,4.0032,7.8425,4.0006
142.786,4.0032,7.8451,4.0006
142.795,4.0032,7.8451,4.0006
142.805,4.0032,7.8476,4.0006
142.816,4.0032,7.8476,4.0006
142.825,4.0032,7.8502,4.0006
142.836,4.0032,7.8502,4.0006
142.845,4.0032,7.8528,4.0006
142.856,4.0032,7.8528,4.0006
142.865,4.0032,7.8553,4.0006
142.875,4.0032,7.8553,4.0006
142.885,4.0032,7.8579,4.0006
142.894,4.0032,7.8579,4.0006
142.904,4.0032,7.8604,4.0006
142.914,4.0032,7.8604,4.0006
142.923,4.0032,7.8630,4.0006
142.933,4.0032,7.8630,4.0006
142.942,4.0032,7.8655,4.0006
142.952,4.0032,7.8655,4.0006
142.960,4.0032,7.8681,4.0006
142.970,4.0032,7.8681,4.0006
142.977,4.0032,7.8681,4.0006
142.987,4.0032,7.8707,4.0006
142.995,4.0032,7.8707,4.0006
143.003,4.0032,7.8732,4.0006
143.012,4.0032,7.8732,4.0006
143.021,4.0032,7.8758,4.0006
143.031,4.0032,7.8758,4.0006
143.040,4.0032,7.8784,4.0006
143.051,4.0032,7.8784,4.0006
143.059,4.0032,7.8809,4.0006
143.068,4.0032,7.8809,4.0006
143.076,4.0032,7.8809,4.0006
143.085,4.0032,7.8835,4.0006
143.093,4.0032,7.8835,4.0006
143.103,4.0032,7.8860,4.0006
143.112,4.0032,7.8860,4.0006
143.121,4.0032,7.8886,4.0006
143.130,4.0032,7.8886,4.0006
143.139,4.0032,7.8912,4.0006
143.148,4.0032,7.8912,4.0006
143.157,4.0032,7.8912,4.0006
143.164,4.0032,7.8937,4.0006
143.174,4.0032,7.8937,4.0006
143.181,4.0032,7.8963,4.0006
143.190,4.0032,7.8963,4.0006
143.198,4.0032,7.8963,4.0006
143.206,4.0032,7.8989,4.0006
143.214,4.0032,7.8989,4.0006
143.223,4.0032,7.9014,4.0006
143.232,4.0032,7.9014,4.0006
143.240,4.0032,7.9040,4.0006
143.248,4.0032,7.9040,4.0006
143.266,4.0032,7.9065,4.0006
143.276,4.0032,7.9065,4.0006
143.285,4.0032,7.9091,4.0006
143.294,4.0032,7.9091,4.0006
143.302,4.0032,7.9117,4.0006
143.312,4.0032,7.9117,4.0006
143.319,4.0032,7.9142,4.0006
143.328,4.0032,7.9142,4.0006
143.336,4.0032,7.9142,4.0006
143.344,4.0032,7.9168,4.0006
143.354,4.0032,7.9168,4.0006
143.362,4.0032,7.9194,4.0006
143.371,4.0032,7.9194,4.0006
143.380,4.0032,7.9219,4.0006
143.388,4.0032,7.9219,4.0006
143.396,4.0032,7.9219,4.0006
143.405,4.0032,7.9245,4.0006
143.414,4.0032,7.9245,4.0006
143.422,4.0032,7.9270,4.0006
143.430,4.0032,7.9270,4.0006
143.439,4.0032,7.9296,4.0006
143.447,4.0032,7.9296,4.0006
143.457,4.0032,7.9296,4.0006
143.464,4.0032,7.9322,4.0006
143.475,4.0032,7.9322,4.0006
143.481,4.0032,7.9347,4.0006
143.492,4.0032,7.9347,4.0006
143.501,4.0032,7.9373,4.0006
143.511,4.0032,7.9373,4.0006
143.519,4.0032,7.9399,4.0006
143.527,4.0032,7.9399,4.0006
143.536,4.0032,7.9399,4.0006
143.543,4.0032,7.9424,4.0006
143.552,4.0032,7.9424,4.0006
143.562,4.0032,7.9450,4.0006
143.573,4.0032,7.9450,4.0006
143.580,4.0032,7.9475,4.0006
143.589,4.0032,7.9475,4.0006
143.598,4.0032,7.9475,4.0006
143.606,4.0032,7.9501,4.0006
143.616,4.0032,7.9501,4.0006
143.623,4.0032,7.9527,4.0006
143.633,4.0032,7.9527,4.0006
143.640,4.0032,7.9552,4.0006
143.651,4.0032,7.9552,4.0006
143.659,4.0032,7.9578,4.0006
143.667,4.0032,7.9578,4.0006
143.675,4.0032,7.9578,4.0006
143.683,4.0032,7.9604,4.0006
143.693,4.0032,7.9604,4.0006
143.701,4.0032,7.9629,4.0006
143.711,4.0032,7.9629,4.0006
143.719,4.0032,7.9655,4.0006
143.727,4.0032,7.9655,4.0006
143.736,4.0032,7.9655,4.0006
143.743,4.0032,7.9681,4.0006
143.752,4.0032,7.9681,4.0006
143.758,4.0032,7.9706,4.0006
143.767,4.0032,7.9706,4.0006
143.776,4.0032,7.9706,4.0006
143.784,4.0032,7.9732,4.0006
143.794,4.0032,7.9732,4.0006
143.802,4.0032,7.9757,4.0006
143.812,4.0032,7.9757,4.0006
143.819,4.0032,7.9783,4.0006
143.829,4.0032,7.9783,4.0006
143.838,4.0032,7.9783,4.0006
143.846,4.0032,7.9809,4.0006
143.856,4.0032,7.9809,4.0006
143.863,4.0032,7.9834,4.0006
143.874,4.0032,7.9834,4.0006
143.881,4.0032,7.9860,4.0006
143.890,4.0032,7.9860,4.0006
143.898,4.0032,7.9860,4.0006
143.906,4.0032,7.9886,4.0006
143.915,4.0032,7.9886,4.0006
143.923,4.0032,7.9911,4.0006
143.931,4.0032,7.9911,4.0006
143.941,4.0032,7.9937,4.0006
143.950,4.0032,7.9937,4.0006
143.959,4.0032,7.9963,4.0006
143.968,4.0032,7.9963,4.0006
143.977,4.0032,7.9963,4.0006
143.986,4.0032,7.9988,4.0006
143.995,4.0032,7.9988,4.0006
144.004,4.0032,8.0014,4.0006
144.013,4.0032,8.0014,4.0006
144.023,4.0032,8.0039,4.0006
144.032,4.0032,8.0039,4.0006
144.040,4.0032,8.0065,4.0006
144.050,4.0032,8.0065,4.0006
144.058,4.0032,8.0065,4.0006
144.068,4.0032,8.0091,4.0006
144.077,4.0032,8.0091,4.0006
144.086,4.0032,8.0116,4.0006
144.094,4.0032,8.0116,4.0006
144.104,4.0032,8.0142,4.0006
144.113,4.0032,8.0142,4.0006
144.121,4.0032,8.0168,4.0006
144.131,4.0032,8.0168,4.0006
144.140,4.0032,8.0193,4.0006
144.149,4.0032,8.0193,4.0006
144.158,4.0032,8.0193,4.0006
144.167,4.0032,8.0219,4.0006
144.177,4.0032,8.0219,4.0006
144.185,4.0032,8.0245,4.0006
144.195,4.0032,8.0245,4.0006
144.205,4.0032,8.0270,4.0006
144.213,4.0032,8.0270,4.0006
144.222,4.0032,8.0296,4.0006
144.230,4.0032,8.0296,4.0006
144.239,4.0032,8.0322,4.0006
144.248,4.0032,8.0322,4.0006
144.256,4.0032,8.0322,4.0006
144.265,4.0032,8.0347,4.0006
144.275,4.0032,8.0347,4.0006
144.283,4.0032,8.0373,4.0006
144.293,4.0032,8.0373,4.0006
144.301,4.0032,8.0398,4.0006
144.310,4.0032,8.0398,4.0006
144.320,4.0032,8.0424,4.0006
144.331,4.0032,8.0424,4.0006
144.339,4.0032,8.0450,4.0006
144.350,4.0032,8.0450,4.0006
144.358,4.0032,8.0450,4.0006
144.368,4.0032,8.0475,4.0006
144.379,4.0032,8.0501,4.0006
144.392,4.0032,8.0501,4.0006
144.406,4.0032,8.0527,4.0006
144.415,4.0032,8.0527,4.0006
144.423,4.0032,8.0552,4.0006
144.433,4.0032,8.0552,4.0006
144.442,4.0032,8.0578,4.0006
144.451,4.0032,8.0578,4.0006
144.459,4.0032,8.0603,4.0006
144.469,4.0032,8.0603,4.0006
144.476,4.0032,8.0603,4.0006
144.485,4.0032,8.0629,4.0006
144.494,4.0032,8.0629,4.0006
144.504,4.0032,8.0655,4.0006
144.513,4.0032,8.0655,4.0006
144.522,4.0032,8.0680,4.0006
144.532,4.0032,8.0680,4.0006
144.541,4.0032,8.0706,4.0006
144.551,4.0032,8.0706,4.0006
144.559,4.0032,8.0732,4.0006
144.570,4.0032,8.0732,4.0006
144.578,4.0032,8.0732,4.0006
144.586,4.0032,8.0757,4.0006
144.596,4.0032,8.0757,4.0006
144.607,4.0032,8.0783,4.0006
144.619,4.0032,8.0808,4.0006
144.627,4.0032,8.0808,4.0006
144.634,4.0032,8.0808,4.0006
144.643,4.0032,8.0834,4.0006
144.652,4.0032,8.0834,4.0006
144.659,4.0032,8.0860,4.0006
144.667,4.0032,8.0860,4.0006
144.676,4.0032,8.0860,4.0006
144.683,4.0032,8.0885,4.0006
144.692,4.0032,8.0885,4.0006
144.700,4.0032,8.0911,4.0006
144.710,4.0032,8.0911,4.0006
144.720,4.0032,8.0937,4.0006
144.728,4.0032,8.0937,4.0006
144.736,4.0032,8.0937,4.0006
144.744,4.0032,8.0962,4.0006
144.754,4.0032,8.0962,4.0006
144.761,4.0032,8.0988,4.0006
144.771,4.0032,8.0988,4.0006
144.780,4.0032,8.1014,4.0006
144.789,4.0032,8.1014,4.0006
144.798,4.0032,8.1039,4.0006
144.809,4.0032,8.1039,4.0006
144.818,4.0032,8.1039,4.0006
144.827,4.0032,8.1065,4.0006
144.838,4.0032,8.1065,4.0006
144.846,4.0032,8.1090,4.0006
144.856,4.0032,8.1090,4.0006
144.866,4.0032,8.1116,4.0006
144.875,4.0032,8.1116,4.0006
144.883,4.0032,8.1142,4.0006
144.893,4.0032,8.1142,4.0006
144.901,4.0032,8.1167,4.0006
144.912,4.0032,8.1167,4.0006
144.919,4.0032,8.1193,4.0006
144.929,4.0032,8.1193,4.0006
144.938,4.0032,8.1193,4.0006
144.945,4.0032,8.1219,4.0006
144.956,4.0032,8.1219,4.0006
144.963,4.0032,8.1244,4.0006
144.974,4.0032,8.1244,4.0006
144.982,4.0032,8.1270,4.0006
144.992,4.0032,8.1270,4.0006
145.000,4.0032,8.1296,4.0006
145.011,4.0032,8.1296,4.0006
145.019,4.0032,8.1321,4.0006
145.026,4.0032,8.1321,4.0006
145.035,4.0032,8.1321,4.0006
145.043,4.0032,8.1347,4.0006
145.052,4.0032,8.1347,4.0006
145.059,4.0032,8.1373,4.0006
145.069,4.0032,8.1373,4.0006
145.078,4.0032,8.1373,4.0006
145.085,4.0032,8.1398,4.0006
145.093,4.0032,8.1398,4.0006
145.102,4.0032,8.1424,4.0006
145.112,4.0032,8.1424,4.0006
145.120,4.0032,8.1450,4.0006
145.128,4.0032,8.1450,4.0006
145.137,4.0032,8.1450,4.0006
145.145,4.0032,8.1475,4.0006
145.153,4.0032,8.1475,4.0006
145.160,4.0032,8.1501,4.0006
145.169,4.0032,8.1501,4.0006
145.177,4.0032,8.1501,4.0006
145.185,4.0032,8.1527,4.0006
145.194,4.0032,8.1527,4.0006
145.203,4.0032,8.1552,4.0006
145.212,4.0032,8.1552,4.0006
145.222,4.0032,8.1578,4.0006
145.231,4.0032,8.1578,4.0006
145.239,4.0032,8.1604,4.0006
145.249,4.0032,8.1604,4.0006
145.257,4.0032,8.1604,4.0006
145.265,4.0032,8.1629,4.0006
145.274,4.0032,8.1629,4.0006
145.282,4.0032,8.1655,4.0006
145.292,4.0032,8.1655,4.0006
145.301,4.0032,8.1681,4.0006
145.311,4.0032,8.1681,4.0006
145.320,4.0032,8.1706,4.0006
145.329,4.0032,8.1706,4.0006
145.338,4.0032,8.1706,4.0006
145.347,4.0032,8.1732,4.0006
145.358,4.0032,8.1732,4.0006
145.367,4.0032,8.1758,4.0006
145.378,4.0032,8.1758,4.0006
145.385,4.0032,8.1783,4.0006
145.395,4.0032,8.1783,4.0006
145.404,4.0032,8.1809,4.0006
145.413,4.0032,8.1809,4.0006
145.421,4.0032,8.1835,4.0006
145.432,4.0032,8.1835,4.0006
145.442,4.0032,8.1860,4.0006
145.452,4.0032,8.1860,4.0006
145.459,4.0032,8.1886,4.0006
145.471,4.0032,8.1886,4.0006
145.478,4.0032,8.1886,4.0006
145.487,4.0032,8.1912,4.0006
145.496,4.0032,8.1912,4.0006
145.505,4.0032,8.1937,4.0006
145.515,4.0032,8.1937,4.0006
145.524,4.0032,8.1963,4.0006
145.534,4.0032,8.1963,4.0006
145.541,4.0032,8.1989,4.0006
145.552,4.0032,8.1989,4.0006
145.560,4.0032,8.2015,4.0006
145.572,4.0032,8.2015,4.0006
145.580,4.0032,8.2040,4.0006
145.591,4.0032,8.2040,4.0006
145.601,4.0032,8.2066,4.0006
145.611,4.0032,8.2066,4.0006
145.621,4.0032,8.2092,4.0006
145.631,4.0032,8.2092,4.0006
145.639,4.0032,8.2117,4.0006
145.649,4.0032,8.2117,4.0006
145.656,4.0032,8.2117,4.0006
145.665,4.0032,8.2143,4.0006
145.683,4.0032,8.2169,4.0006
145.693,4.0032,8.2169,4.0006
145.701,4.0032,8.2194,4.0006
145.711,4.0032,8.2194,4.0006
145.719,4.0032,8.2220,4.0006
145.727,4.0032,8.2220,4.0006
145.735,4.0032,8.2220,4.0006
145.743,4.0032,8.2246,4.0006
145.754,4.0032,8.2246,4.0006
145.761,4.0032,8.2271,4.0006
145.772,4.0032,8.2271,4.0006
145.778,4.0032,8.2297,4.0006
145.787,4.0032,8.2297,4.0006
145.794,4.0032,8.2297,4.0006
145.804,4.0032,8.2323,4.0006
145.813,4.0032,8.2323,4.0006
145.820,4.0032,8.2348,4.0006
145.829,4.0032,8.2348,4.0006
145.838,4.0032,8.2348,4.0006
145.845,4.0032,8.2374,4.0006
145.855,4.0032,8.2374,4.0006
145.862,4.0032,8.2400,4.0006
145.871,4.0032,8.2400,4.0006
145.879,4.0032,8.2426,4.0006
145.887,4.0032,8.2426,4.0006
145.895,4.0032,8.2426,4.0006
145.902,4.0032,8.2451,4.0006
145.912,4.0032,8.2451,4.0006
145.920,4.0032,8.2477,4.0006
145.928,4.0032,8.2477,4.0006
145.936,4.0032,8.2477,4.0006
145.944,4.0032,8.2503,4.0006
145.953,4.0032,8.2503,4.0006
145.960,4.0032,8.2528,4.0006
145.969,4.0032,8.2528,4.0006
145.977,4.0032,8.2528,4.0006
145.983,4.0032,8.2554,4.0006
145.992,4.0032,8.2554,4.0006
145.999,4.0032,8.2580,4.0006
146.009,4.0032,8.2580,4.0006
146.017,4.0032,8.2580,4.0006
146.024,4.0032,8.2605,4.0006
146.032,4.0032,8.2605,4.0006
146.041,4.0032,8.2631,4.0006
146.049,4.0032,8.2631,4.0006
146.055,4.0032,8.2631,4.0006
146.064,4.0032,8.2657,4.0006
146.073,4.0032,8.2657,4.0006
146.080,4.0032,8.2683,4.0006
146.089,4.0032,8.2683,4.0006
146.096,4.0032,8.2683,4.0006
146.104,4.0032,8.2708,4.0006
146.112,4.0032,8.2708,4.0006
146.120,4.0032,8.2734,4.0006
146.129,4.0032,8.2734,4.0006
146.139,4.0032,8.2760,4.0006
146.147,4.0032,8.2760,4.0006
146.155,4.0032,8.2760,4.0006
146.163,4.0032,8.2785,4.0006
146.172,4.0032,8.2785,4.0006
146.180,4.0032,8.2811,4.0006
146.189,4.0032,8.2811,4.0006
146.196,4.0032,8.2811,4.0006
146.204,4.0032,8.2837,4.0006
146.213,4.0032,8.2837,4.0006
146.222,4.0032,8.2862,4.0006
146.231,4.0032,8.2862,4.0006
146.240,4.0032,8.2888,4.0006
146.248,4.0032,8.2888,4.0006
146.257,4.0032,8.2888,4.0006
146.264,4.0032,8.2914,4.0006
146.273,4.0032,8.2914,4.0006
146.280,4.0032,8.2940,4.0006
146.290,4.0032,8.2940,4.0006
146.297,4.0032,8.2940,4.0006
146.305,4.0032,8.2965,4.0006
146.316,4.0032,8.2965,4.0006
146.323,4.0032,8.2991,4.0006
146.331,4.0032,8.2991,4.0006
146.340,4.0032,8.3017,4.0006
146.349,4.0032,8.3017,4.0006
146.356,4.0032,8.3017,4.0006
146.365,4.0032,8.3042,4.0006
146.374,4.0032,8.3042,4.0006
146.383,4.0032,8.3068,4.0006
146.391,4.0032,8.3068,4.0006
146.400,4.0032,8.3094,4.0006
146.410,4.0032,8.3094,4.0006
146.418,4.0032,8.3094,4.0006
146.426,4.0032,8.3119,4.0006
146.435,4.0032,8.3119,4.0006
146.443,4.0032,8.3145,4.0006
146.451,4.0032,8.3145,4.0006
146.459,4.0032,8.3171,4.0006
146.468,4.0032,8.3171,4.0006
146.477,4.0032,8.3171,4.0006
146.486,4.0032,8.3196,4.0006
146.495,4.0032,8.3196,4.0006
146.504,4.0032,8.3222,4.0006
146.513,4.0032,8.3222,4.0006
146.523,4.0032,8.3248,4.0006
146.533,4.0032,8.3248,4.0006
146.541,4.0032,8.3273,4.0006
146.550,4.0032,8.3273,4.0006
146.559,4.0032,8.3299,4.0006
146.569,4.0032,8.3299,4.0006
146.577,4.0032,8.3299,4.0006
146.587,4.0032,8.3325,4.0006
146.597,4.0032,8.3325,4.0006
146.606,4.0032,8.3350,4.0006
146.616,4.0032,8.3350,4.0006
146.624,4.0032,8.3376,4.0006
146.634,4.0032,8.3376,4.0006
146.643,4.0032,8.3402,4.0006
146.653,4.0032,8.3402,4.0006
146.662,4.0032,8.3428,4.0006
146.673,4.0032,8.3428,4.0006
146.681,4.0032,8.3453,4.0006
146.692,4.0032,8.3453,4.0006
146.702,4.0032,8.3479,4.0006
146.713,4.0032,8.3479,4.0006
146.722,4.0032,8.3505,4.0006
146.731,4.0032,8.3505,4.0006
146.741,4.0032,8.3530,4.0006
146.751,4.0032,8.3530,4.0006
146.760,4.0032,8.3556,4.0006
146.772,4.0032,8.3556,4.0006
146.779,4.0032,8.3582,4.0006
146.789,4.0032,8.3582,4.0006
146.798,4.0032,8.3582,4.0006
146.807,4.0032,8.3608,4.0006
146.818,4.0032,8.3608,4.0006
146.828,4.0032,8.3633,4.0006
146.838,4.0032,8.3633,4.0006
146.847,4.0032,8.3659,4.0006
146.858,4.0032,8.3659,4.0006
146.866,4.0032,8.3685,4.0006
146.877,4.0032,8.3685,4.0006
146.886,4.0032,8.3711,4.0006
146.896,4.0032,8.3711,4.0006
146.905,4.0032,8.3736,4.0006
146.915,4.0032,8.3736,4.0006
146.924,4.0032,8.3762,4.0006
146.934,4.0032,8.3762,4.0006
146.943,4.0032,8.3788,4.0006
146.953,4.0032,8.3788,4.0006
146.961,4.0032,8.3813,4.0006
146.971,4.0032,8.3813,4.0006
146.979,4.0032,8.3839,4.0006
146.989,4.0032,8.3839,4.0006
146.998,4.0032,8.3839,4.0006
147.007,4.0032,8.3865,4.0006
147.016,4.0032,8.3865,4.0006
147.024,4.0032,8.3891,4.0006
147.034,4.0032,8.3891,4.0006
147.042,4.0032,8.3916,4.0006
147.052,4.0032,8.3916,4.0006
147.060,4.0032,8.3942,4.0006
147.071,4.0032,8.3942,4.0006
147.080,4.0032,8.3968,4.0006
147.089,4.0032,8.3968,4.0006
147.098,4.0032,8.3968,4.0006
147.106,4.0032,8.3994,4.0006
147.115,4.0032,8.3994,4.0006
147.124,4.0032,8.4019,4.0006
147.133,4.0032,8.4019,4.0006
147.142,4.0032,8.4045,4.0006
147.152,4.0032,8.4045,4.0006
147.160,4.0032,8.4071,4.0006
147.170,4.0032,8.4071,4.0006
147.178,4.0032,8.4071,4.0006
147.186,4.0032,8.4097,4.0006
147.195,4.0032,8.4097,4.0006
147.203,4.0032,8.4122,4.0006
147.213,4.0032,8.4122,4.0006
147.222,4.0032,8.4148,4.0006
147.230,4.0032,8.4148,4.0006
147.240,4.0032,8.4174,4.0006
147.249,4.0032,8.4174,4.0006
147.257,4.0032,8.4174,4.0006
147.264,4.0032,8.4200,4.0006
147.273,4.0032,8.4200,4.0006
147.282,4.0032,8.4225,4.0006
147.291,4.0032,8.4225,4.0006
147.300,4.0032,8.4251,4.0006
147.308,4.0032,8.4251,4.0006
147.317,4.0032,8.4251,4.0006
147.324,4.0032,8.4277,4.0006
147.334,4.0032,8.4277,4.0006
147.342,4.0032,8.4303,4.0006
147.352,4.0032,8.4303,4.0006
147.358,4.0032,8.4303,4.0006
147.366,4.0032,8.4329,4.0006
147.376,4.0032,8.4329,4.0006
147.384,4.0032,8.4354,4.0006
147.392,4.0032,8.4354,4.0006
147.402,4.0032,8.4380,4.0006
147.411,4.0032,8.4380,4.0006
147.417,4.0032,8.4380,4.0006
147.425,4.0032,8.4406,4.0006
147.433,4.0032,8.4406,4.0006
147.442,4.0032,8.4432,4.0006
147.451,4.0032,8.4432,4.0006
147.459,4.0032,8.4457,4.0006
147.467,4.0032,8.4457,4.0006
147.475,4.0032,8.4457,4.0006
147.482,4.0032,8.4483,4.0006
147.491,4.0032,8.4483,4.0006
147.499,4.0032,8.4509,4.0006
147.508,4.0032,8.4509,4.0006
147.516,4.0032,8.4509,4.0006
147.525,4.0032,8.4535,4.0006
147.533,4.0032,8.4535,4.0006
147.541,4.0032,8.4560,4.0006
147.550,4.0032,8.4560,4.0006
147.558,4.0032,8.4586,4.0006
147.567,4.0032,8.4586,4.0006
147.576,4.0032,8.4586,4.0006
147.584,4.0032,8.4612,4.0006
147.592,4.0032,8.4612,4.0006
147.600,4.0032,8.4638,4.0006
147.610,4.0032,8.4638,4.0006
147.618,4.0032,8.4638,4.0006
147.626,4.0032,8.4663,4.0006
147.636,4.0032,8.4663,4.0006
147.643,4.0032,8.4689,4.0006
147.651,4.0032,8.4689,4.0006
147.658,4.0032,8.4689,4.0006
147.666,4.0032,8.4715,4.0006
147.675,4.0032,8.4715,4.0006
147.683,4.0032,8.4741,4.0006
147.692,4.0032,8.4741,4.0006
147.701,4.0032,8.4766,4.0006
147.711,4.0032,8.4766,4.0006
147.718,4.0032,8.4792,4.0006
147.727,4.0032,8.4792,4.0006
147.737,4.0032,8.4792,4.0006
147.745,4.0032,8.4818,4.0006
147.755,4.0032,8.4818,4.0006
147.764,4.0032,8.4844,4.0006
147.775,4.0032,8.4844,4.0006
147.783,4.0032,8.4869,4.0006
147.792,4.0032,8.4869,4.0006
147.801,4.0032,8.4895,4.0006
147.811,4.0032,8.4895,4.0006
147.820,4.0032,8.4921,4.0006
147.829,4.0032,8.4921,4.0006
147.838,4.0032,8.4921,4.0006
147.846,4.0032,8.4947,4.0006
147.857,4.0032,8.4947,4.0006
147.865,4.0032,8.4972,4.0006
147.875,4.0032,8.4972,4.0006
147.884,4.0032,8.4998,4.0006
147.893,4.0032,8.4998,4.0006
147.901,4.0032,8.5024,4.0006
147.912,4.0032,8.5024,4.0006
147.921,4.0032,8.5050,4.0006
147.930,4.0032,8.5050,4.0006
147.939,4.0032,8.5075,4.0006
147.950,4.0032,8.5075,4.0006
147.958,4.0032,8.5075,4.0006
147.966,4.0032,8.5101,4.0006
147.975,4.0032,8.5101,4.0006
147.984,4.0032,8.5127,4.0006
147.993,4.0032,8.5127,4.0006
148.001,4.0032,8.5153,4.0006
148.012,4.0032,8.5153,4.0006
148.019,4.0032,8.5178,4.0006
148.028,4.0032,8.5178,4.0006
148.036,4.0032,8.5178,4.0006
148.045,4.0032,8.5204,4.0006
148.061,4.0032,8.5230,4.0006
148.075,4.0032,8.5230,4.0006
148.086,4.0032,8.5255,4.0006
148.098,4.0032,8.5255,4.0006
148.112,4.0032,8.5281,4.0006
148.122,4.0032,8.5307,4.0006
148.132,4.0032,8.5307,4.0006
148.141,4.0032,8.5333,4.0006
148.151,4.0032,8.5333,4.0006
148.160,4.0032,8.5358,4.0006
148.170,4.0032,8.5358,4.0006
148.177,4.0032,8.5358,4.0006
148.187,4.0032,8.5384,4.0006
148.196,4.0032,8.5384,4.0006
148.204,4.0032,8.5410,4.0006
148.214,4.0032,8.5410,4.0006
148.221,4.0032,8.5436,4.0006
148.231,4.0032,8.5436,4.0006
148.239,4.0032,8.5461,4.0006
148.248,4.0032,8.5461,4.0006
148.256,4.0032,8.5461,4.0006
148.265,4.0032,8.5487,4.0006
148.275,4.0032,8.5487,4.0006
148.283,4.0032,8.5513,4.0006
148.291,4.0032,8.5513,4.0006
148.299,4.0032,8.5539,4.0006
148.308,4.0032,8.5539,4.0006
148.317,4.0032,8.5539,4.0006
148.325,4.0032,8.5564,4.0006
148.334,4.0032,8.5564,4.0006
148.342,4.0032,8.5590,4.0006
148.350,4.0032,8.5590,4.0006
148.357,4.0032,8.5590,4.0006
148.365,4.0032,8.5616,4.0006
148.374,4.0032,8.5616,4.0006
148.382,4.0032,8.5642,4.0006
148.391,4.0032,8.5642,4.0006
148.398,4.0032,8.5667,4.0006
148.407,4.0032,8.5667,4.0006
148.416,4.0032,8.5667,4.0006
148.424,4.0032,8.5693,4.0006
148.433,4.0032,8.5693,4.0006
148.440,4.0032,8.5719,4.0006
148.450,4.0032,8.5719,4.0006
148.458,4.0032,8.5719,4.0006
148.466,4.0032,8.5745,4.0006
148.474,4.0032,8.5745,4.0006
148.482,4.0032,8.5770,4.0006
148.490,4.0032,8.5770,4.0006
148.498,4.0032,8.5796,4.0006
148.508,4.0032,8.5796,4.0006
148.516,4.0032,8.5796,4.0006
148.525,4.0032,8.5822,4.0006
148.534,4.0032,8.5822,4.0006
148.542,4.0032,8.5848,4.0006
148.550,4.0032,8.5848,4.0006
148.558,4.0032,8.5848,4.0006
148.565,4.0032,8.5873,4.0006
148.576,4.0032,8.5873,4.0006
148.583,4.0032,8.5899,4.0006
148.592,4.0032,8.5899,4.0006
148.599,4.0032,8.5925,4.0006
148.609,4.0032,8.5925,4.0006
148.616,4.0032,8.5925,4.0006
148.625,4.0032,8.5951,4.0006
148.634,4.0032,8.5951,4.0006
148.643,4.0032,8.5976,4.0006
148.652,4.0032,8.5976,4.0006
148.660,4.0032,8.6002,4.0006
148.671,4.0032,8.6002,4.0006
148.677,4.0032,8.6002,4.0006
148.686,4.0032,8.6028,4.0006
148.694,4.0032,8.6028,4.0006
148.703,4.0032,8.6053,4.0006
148.711,4.0032,8.6053,4.0006
148.720,4.0032,8.6079,4.0006
148.728,4.0032,8.6079,4.0006
148.737,4.0032,8.6079,4.0006
148.744,4.0032,8.6105,4.0006
148.753,4.0032,8.6105,4.0006
148.761,4.0032,8.6131,4.0006
148.771,4.0032,8.6131,4.0006
148.780,4.0032,8.6156,4.0006
148.789,4.0032,8.6156,4.0006
148.796,4.0032,8.6156,4.0006
148.806,4.0032,8.6182,4.0006
148.815,4.0032,8.6182,4.0006
148.823,4.0032,8.6208,4.0006
148.834,4.0032,8.6208,4.0006
148.842,4.0032,8.6233,4.0006
148.852,4.0032,8.6233,4.0006
148.859,4.0032,8.6259,4.0006
148.867,4.0032,8.6259,4.0006
148.874,4.0032,8.6259,4.0006
148.883,4.0032,8.6285,4.0006
148.892,4.0032,8.6285,4.0006
148.899,4.0032,8.6311,4.0006
148.907,4.0032,8.6311,4.0006
148.915,4.0032,8.6311,4.0006
148.923,4.0032,8.6336,4.0006
148.930,4.0032,8.6336,4.0006
148.939,4.0032,8.6362,4.0006
148.947,4.0032,8.6362,4.0006
148.955,4.0032,8.6362,4.0006
148.962,4.0032,8.6388,4.0006
148.971,4.0032,8.6388,4.0006
148.979,4.0032,8.6413,4.0006
148.988,4.0032,8.6413,4.0006
148.995,4.0032,8.6413,4.0006
149.004,4.0032,8.6439,4.0006
149.014,4.0032,8.6439,4.0006
149.022,4.0032,8.6465,4.0006
149.032,4.0032,8.6465,4.0006
149.041,4.0032,8.6490,4.0006
149.050,4.0032,8.6490,4.0006
149.058,4.0032,8.6490,4.0006
149.067,4.0032,8.6516,4.0006
149.077,4.0032,8.6516,4.0006
149.085,4.0032,8.6542,4.0006
149.094,4.0032,8.6542,4.0006
149.102,4.0032,8.6568,4.0006
149.111,4.0032,8.6568,4.0006
149.119,4.0032,8.6593,4.0006
149.128,4.0032,8.6593,4.0006
149.136,4.0032,8.6593,4.0006
149.145,4.0032,8.6619,4.0006
149.155,4.0032,8.6619,4.0006
149.163,4.0032,8.6645,4.0006
149.173,4.0032,8.6645,4.0006
149.181,4.0032,8.6670,4.0006
149.191,4.0032,8.6670,4.0006
149.199,4.0032,8.6696,4.0006
149.210,4.0032,8.6696,4.0006
149.219,4.0032,8.6722,4.0006
149.228,4.0032,8.6722,4.0006
149.237,4.0032,8.6722,4.0006
149.245,4.0032,8.6747,4.0006
149.254,4.0032,8.6747,4.0006
149.262,4.0032,8.6773,4.0006
149.272,4.0032,8.6773,4.0006
149.280,4.0032,8.6799,4.0006
149.289,4.0032,8.6799,4.0006
149.298,4.0032,8.6799,4.0006
149.307,4.0032,8.6824,4.0006
149.316,4.0032,8.6824,4.0006
149.325,4.0032,8.6850,4.0006
149.336,4.0032,8.6850,4.0006
149.345,4.0032,8.6876,4.0006
149.355,4.0032,8.6876,4.0006
149.363,4.0032,8.6901,4.0006
149.373,4.0032,8.6901,4.0006
149.382,4.0032,8.6927,4.0006
149.391,4.0032,8.6927,4.0006
149.400,4.0032,8.6953,4.0006
149.410,4.0032,8.6953,4.0006
149.418,4.0032,8.6953,4.0006
149.427,4.0032,8.6978,4.0006
149.438,4.0032,8.6978,4.0006
149.446,4.0032,8.7004,4.0006
149.454,4.0032,8.7004,4.0006
149.463,4.0032,8.7030,4.0006
149.472,4.0032,8.7030,4.0006
149.479,4.0032,8.7055,4.0006
149.489,4.0032,8.7055,4.0006
149.496,4.0032,8.7055,4.0006
149.504,4.0032,8.7081,4.0006
149.513,4.0032,8.7081,4.0006
149.521,4.0032,8.7107,4.0006
149.529,4.0032,8.7107,4.0006
149.538,4.0032,8.7107,4.0006
149.545,4.0032,8.7133,4.0006
149.554,4.0032,8.7133,4.0006
149.561,4.0032,8.7158,4.0006
149.571,4.0032,8.7158,4.0006
149.579,4.0032,8.7184,4.0006
149.588,4.0032,8.7184,4.0006
149.596,4.0032,8.7184,4.0006
149.604,4.0032,8.7210,4.0006
149.614,4.0032,8.7210,4.0006
149.621,4.0032,8.7235,4.0006
149.630,4.0032,8.7235,4.0006
149.638,4.0032,8.7235,4.0006
149.646,4.0032,8.7261,4.0006
149.655,4.0032,8.7261,4.0006
149.663,4.0032,8.7287,4.0006
149.672,4.0032,8.7287,4.0006
149.680,4.0032,8.7312,4.0006
149.689,4.0032,8.7312,4.0006
149.697,4.0032,8.7312,4.0006
149.706,4.0032,8.7338,4.0006
149.715,4.0032,8.7338,4.0006
149.723,4.0032,8.7364,4.0006
149.733,4.0032,8.7364,4.0006
149.740,4.0032,8.7389,4.0006
149.749,4.0032,8.7389,4.0006
149.758,4.0032,8.7389,4.0006
149.766,4.0032,8.7415,4.0006
149.775,4.0032,8.7415,4.0006
149.782,4.0032,8.7441,4.0006
149.793,4.0032,8.7441,4.0006
149.801,4.0032,8.7467,4.0006
149.810,4.0032,8.7467,4.0006
149.819,4.0032,8.7492,4.0006
149.827,4.0032,8.7492,4.0006
149.836,4.0032,8.7492,4.0006
149.845,4.0032,8.7518,4.0006
149.855,4.0032,8.7518,4.0006
149.862,4.0032,8.7544,4.0006
149.871,4.0032,8.7544,4.0006
149.879,4.0032,8.7570,4.0006
149.889,4.0032,8.7570,4.0006
149.897,4.0032,8.7570,4.0006
149.904,4.0032,8.7595,4.0006
149.915,4.0032,8.7595,4.0006
149.922,4.0032,8.7621,4.0006
149.931,4.0032,8.7621,4.0006
149.940,4.0032,8.7647,4.0006
149.949,4.0032,8.7647,4.0006
149.957,4.0032,8.7647,4.0006
149.965,4.0032,8.7672,4.0006
149.975,4.0032,8.7672,4.0006
149.983,4.0032,8.7698,4.0006
149.993,4.0032,8.7698,4.0006
150.002,4.0032,8.7724,4.0006
150.011,4.0032,8.7724,4.0006
150.019,4.0032,8.7750,4.0006
150.027,4.0032,8.7750,4.0006
150.037,4.0032,8.7750,4.0006
150.044,4.0032,8.7775,4.0006
150.054,4.0032,8.7775,4.0006
150.062,4.0032,8.7801,4.0006
150.072,4.0032,8.7801,4.0006
150.079,4.0032,8.7827,4.0006
150.088,4.0032,8.7827,4.0006
150.095,4.0032,8.7827,4.0006
150.103,4.0032,8.7853,4.0006
150.113,4.0032,8.7853,4.0006
150.120,4.0032,8.7879,4.0006
150.129,4.0032,8.7879,4.0006
150.137,4.0032,8.7879,4.0006
150.154,4.0032,8.7904,4.0006
150.163,4.0032,8.7930,4.0006
150.174,4.0032,8.7930,4.0006
150.182,4.0032,8.7956,4.0006
150.191,4.0032,8.7956,4.0006
150.197,4.0032,8.7956,4.0006
150.206,4.0032,8.7982,4.0006
150.215,4.0032,8.7982,4.0006
150.223,4.0032,8.8007,4.0006
150.232,4.0032,8.8007,4.0006
150.241,4.0032,8.8033,4.0006
150.251,4.0032,8.8033,4.0006
150.258,4.0032,8.8059,4.0006
150.269,4.0032,8.8059,4.0006
150.277,4.0032,8.8059,4.0006
150.285,4.0032,8.8085,4.0006
150.294,4.0032,8.8085,4.0006
150.303,4.0032,8.8110,4.0006
150.313,4.0032,8.8110,4.0006
150.321,4.0032,8.8136,4.0006
150.332,4.0032,8.8136,4.0006
150.339,4.0032,8.8162,4.0006
150.350,4.0032,8.8162,4.0006
150.359,4.0032,8.8188,4.0006
150.370,4.0032,8.8188,4.0006
150.378,4.0032,8.8188,4.0006
150.387,4.0032,8.8213,4.0006
150.397,4.0032,8.8213,4.0006
150.406,4.0032,8.8239,4.0006
150.416,4.0032,8.8239,4.0006
150.425,4.0032,8.8265,4.0006
150.437,4.0032,8.8265,4.0006
150.445,4.0032,8.8291,4.0006
150.456,4.0032,8.8291,4.0006
150.466,4.0032,8.8317,4.0006
150.477,4.0032,8.8317,4.0006
150.487,4.0032,8.8342,4.0006
150.497,4.0032,8.8342,4.0006
150.506,4.0032,8.8368,4.0006
150.516,4.0032,8.8368,4.0006
150.524,4.0032,8.8394,4.0006
150.534,4.0032,8.8394,4.0006
150.542,4.0032,8.8420,4.0006
150.552,4.0032,8.8420,4.0006
150.562,4.0032,8.8445,4.0006
150.572,4.0032,8.8445,4.0006
150.580,4.0032,8.8471,4.0006
150.590,4.0032,8.8471,4.0006
150.600,4.0032,8.8497,4.0006
150.610,4.0032,8.8497,4.0006
150.618,4.0032,8.8497,4.0006
150.626,4.0032,8.8523,4.0006
150.638,4.0032,8.8523,4.0006
150.646,4.0032,8.8548,4.0006
150.656,4.0032,8.8548,4.0006
150.665,4.0032,8.8574,4.0006
150.675,4.0032,8.8574,4.0006
150.684,4.0032,8.8600,4.0006
150.694,4.0032,8.8600,4.0006
150.703,4.0032,8.8626,4.0006
150.712,4.0032,8.8626,4.0006
150.721,4.0032,8.8651,4.0006
150.731,4.0032,8.8651,4.0006
150.739,4.0032,8.8677,4.0006
150.748,4.0032,8.8677,4.0006
150.757,4.0032,8.8677,4.0006
150.764,4.0032,8.8703,4.0006
150.774,4.0032,8.8703,4.0006
150.783,4.0032,8.8729,4.0006
150.792,4.0032,8.8729,4.0006
150.801,4.0032,8.8754,4.0006
150.811,4.0032,8.8754,4.0006
150.819,4.0032,8.8780,4.0006
150.828,4.0032,8.8780,4.0006
150.837,4.0032,8.8780,4.0006
150.846,4.0032,8.8806,4.0006
150.856,4.0032,8.8806,4.0006
150.864,4.0032,8.8832,4.0006
150.873,4.0032,8.8832,4.0006
150.880,4.0032,8.8857,4.0006
150.889,4.0032,8.8857,4.0006
150.896,4.0032,8.8857,4.0006
150.905,4.0032,8.8883,4.0006
150.913,4.0032,8.8883,4.0006
150.922,4.0032,8.8909,4.0006
150.932,4.0032,8.8909,4.0006
150.941,4.0032,8.8935,4.0006
150.949,4.0032,8.8935,4.0006
150.957,4.0032,8.8935,4.0006
150.966,4.0032,8.8960,4.0006
150.975,4.0032,8.8960,4.0006
150.984,4.0032,8.8986,4.0006
150.993,4.0032,8.8986,4.0006
151.001,4.0032,8.9012,4.0006
151.010,4.0032,8.9012,4.0006
151.019,4.0032,8.9038,4.0006
151.028,4.0032,8.9038,4.0006
151.036,4.0032,8.9038,4.0006
151.045,4.0032,8.9063,4.0006
151.055,4.0032,8.9063,4.0006
151.063,4.0032,8.9089,4.0006
151.073,4.0032,8.9089,4.0006
151.082,4.0032,8.9115,4.0006
151.091,4.0032,8.9115,4.0006
151.099,4.0032,8.9141,4.0006
151.109,4.0032,8.9141,4.0006
151.116,4.0032,8.9141,4.0006
151.125,4.0032,8.9166,4.0006
151.134,4.0032,8.9166,4.0006
151.144,4.0032,8.9192,4.0006
151.154,4.0032,8.9192,4.0006
151.160,4.0032,8.9218,4.0006
151.171,4.0032,8.9218,4.0006
151.177,4.0032,8.9218,4.0006
151.186,4.0032,8.9244,4.0006
151.194,4.0032,8.9244,4.0006
151.203,4.0032,8.9269,4.0006
151.212,4.0032,8.9269,4.0006
151.221,4.0032,8.9295,4.0006
151.228,4.0032,8.9295,4.0006
151.237,4.0032,8.9295,4.0006
151.245,4.0032,8.9321,4.0006
151.254,4.0032,8.9321,4.0006
151.262,4.0032,8.9346,4.0006
151.272,4.0032,8.9346,4.0006
151.280,4.0032,8.9372,4.0006
151.290,4.0032,8.9372,4.0006
151.298,4.0032,8.9372,4.0006
151.307,4.0032,8.9398,4.0006
151.314,4.0032,8.9398,4.0006
151.322,4.0032,8.9424,4.0006
151.330,4.0032,8.9424,4.0006
151.339,4.0032,8.9449,4.0006
151.349,4.0032,8.9449,4.0006
151.356,4.0032,8.9449,4.0006
151.363,4.0032,8.9475,4.0006
151.373,4.0032,8.9475,4.0006
151.381,4.0032,8.9501,4.0006
151.391,4.0032,8.9501,4.0006
151.397,4.0032,8.9501,4.0006
151.407,4.0032,8.9527,4.0006
151.415,4.0032,8.9527,4.0006
151.424,4.0032,8.9552,4.0006
151.434,4.0032,8.9552,4.0006
151.442,4.0032,8.9578,4.0006
151.453,4.0032,8.9578,4.0006
151.460,4.0032,8.9604,4.0006
151.470,4.0032,8.9604,4.0006
151.478,4.0032,8.9604,4.0006
151.486,4.0032,8.9630,4.0006
151.494,4.0032,8.9630,4.0006
151.504,4.0032,8.9655,4.0006
151.514,4.0032,8.9655,4.0006
151.521,4.0032,8.9681,4.0006
151.531,4.0032,8.9681,4.0006
151.541,4.0032,8.9707,4.0006
151.551,4.0032,8.9707,4.0006
151.560,4.0032,8.9732,4.0006
151.570,4.0032,8.9732,4.0006
151.578,4.0032,8.9732,4.0006
151.589,4.0032,8.9758,4.0006
151.599,4.0032,8.9784,4.0006
151.610,4.0032,8.9784,4.0006
151.619,4.0032,8.9810,4.0006
151.628,4.0032,8.9810,4.0006
151.637,4.0032,8.9810,4.0006
151.645,4.0032,8.9835,4.0006
151.655,4.0032,8.9835,4.0006
151.664,4.0032,8.9861,4.0006
151.674,4.0032,8.9861,4.0006
151.683,4.0032,8.9887,4.0006
151.694,4.0032,8.9887,4.0006
151.703,4.0032,8.9912,4.0006
151.715,4.0032,8.9912,4.0006
151.723,4.0032,8.9938,4.0006
151.734,4.0032,8.9938,4.0006
151.744,4.0032,8.9964,4.0006
151.754,4.0032,8.9964,4.0006
151.762,4.0032,8.9990,4.0006
151.773,4.0032,8.9990,4.0006
151.781,4.0032,9.0015,4.0006
151.791,4.0032,9.0015,4.0006
151.799,4.0032,9.0041,4.0006
151.810,4.0032,9.0041,4.0006
151.818,4.0032,9.0041,4.0006
151.827,4.0032,9.0067,4.0006
151.838,4.0032,9.0067,4.0006
151.846,4.0032,9.0092,4.0006
151.857,4.0032,9.0092,4.0006
151.865,4.0032,9.0118,4.0006
151.876,4.0032,9.0118,4.0006
151.884,4.0032,9.0144,4.0006
151.894,4.0032,9.0144,4.0006
151.904,4.0032,9.0169,4.0006
151.913,4.0032,9.0169,4.0006
151.922,4.0032,9.0195,4.0006
151.933,4.0032,9.0195,4.0006
151.941,4.0032,9.0221,4.0006
151.952,4.0032,9.0221,4.0006
151.962,4.0032,9.0246,4.0006
151.971,4.0032,9.0246,4.0006
151.979,4.0032,9.0272,4.0006
151.989,4.0032,9.0272,4.0006
151.997,4.0032,9.0272,4.0006
152.004,4.0032,9.0298,4.0006
152.014,4.0032,9.0298,4.0006
152.022,4.0032,9.0323,4.0006
152.031,4.0032,9.0323,4.0006
152.040,4.0032,9.0349,4.0006
152.049,4.0032,9.0349,4.0006
152.057,4.0032,9.0349,4.0006
152.064,4.0032,9.0375,4.0006
152.074,4.0032,9.0375,4.0006
152.082,4.0032,9.0401,4.0006
152.091,4.0032,9.0401,4.0006
152.098,4.0032,9.0401,4.0006
152.107,4.0032,9.0426,4.0006
152.118,4.0032,9.0426,4.0006
152.125,4.0032,9.0452,4.0006
152.136,4.0032,9.0452,4.0006
152.144,4.0032,9.0478,4.0006
152.153,4.0032,9.0478,4.0006
152.160,4.0032,9.0504,4.0006
152.170,4.0032,9.0504,4.0006
152.178,4.0032,9.0529,4.0006
152.187,4.0032,9.0529,4.0006
152.195,4.0032,9.0529,4.0006
152.203,4.0032,9.0555,4.0006
152.213,4.0032,9.0555,4.0006
152.221,4.0032,9.0581,4.0006
152.231,4.0032,9.0581,4.0006
152.239,4.0032,9.0607,4.0006
152.248,4.0032,9.0607,4.0006
152.257,4.0032,9.0607,4.0006
152.265,4.0032,9.0632,4.0006
152.275,4.0032,9.0632,4.0006
152.282,4.0032,9.0658,4.0006
152.292,4.0032,9.0658,4.0006
152.308,4.0032,9.0684,4.0006
152.317,4.0032,9.0684,4.0006
152.325,4.0032,9.0710,4.0006
152.335,4.0032,9.0710,4.0006
152.343,4.0032,9.0735,4.0006
152.352,4.0032,9.0735,4.0006
152.360,4.0032,9.0761,4.0006
152.371,4.0032,9.0761,4.0006
152.379,4.0032,9.0787,4.0006
152.389,4.0032,9.0787,4.0006
152.395,4.0032,9.0787,4.0006
152.405,4.0032,9.0813,4.0006
152.415,4.0032,9.0813,4.0006
152.423,4.0032,9.0839,4.0006
152.433,4.0032,9.0839,4.0006
152.441,4.0032,9.0864,4.0006
152.451,4.0032,9.0864,4.0006
152.458,4.0032,9.0864,4.0006
152.467,4.0032,9.0890,4.0006
152.478,4.0032,9.0890,4.0006
152.486,4.0032,9.0916,4.0006
152.495,4.0032,9.0916,4.0006
152.503,4.0032,9.0942,4.0006
152.512,4.0032,9.0942,4.0006
152.519,4.0032,9.0967,4.0006
152.528,4.0032,9.0967,4.0006
152.536,4.0032,9.0967,4.0006
152.544,4.0032,9.0993,4.0006
152.552,4.0032,9.0993,4.0006
152.561,4.0032,9.1019,4.0006
152.571,4.0032,9.1019,4.0006
152.579,4.0032,9.1045,4.0006
152.588,4.0032,9.1045,4.0006
152.594,4.0032,9.1045,4.0006
152.603,4.0032,9.1070,4.0006
152.612,4.0032,9.1070,4.0006
152.620,4.0032,9.1096,4.0006
152.629,4.0032,9.1096,4.0006
152.637,4.0032,9.1096,4.0006
152.644,4.0032,9.1122,4.0006
152.654,4.0032,9.1122,4.0006
152.661,4.0032,9.1148,4.0006
152.671,4.0032,9.1148,4.0006
152.680,4.0032,9.1174,4.0006
152.689,4.0032,9.1174,4.0006
152.698,4.0032,9.1174,4.0006
152.706,4.0032,9.1199,4.0006
152.714,4.0032,9.1199,4.0006
152.722,4.0032,9.1225,4.0006
152.732,4.0032,9.1225,4.0006
152.740,4.0032,9.1251,4.0006
152.749,4.0032,9.1251,4.0006
152.757,4.0032,9.1251,4.0006
152.767,4.0032,9.1277,4.0006
152.777,4.0032,9.1277,4.0006
152.785,4.0032,9.1302,4.0006
152.795,4.0032,9.1302,4.0006
152.805,4.0032,9.1328,4.0006
152.814,4.0032,9.1328,4.0006
152.823,4.0032,9.1354,4.0006
152.833,4.0032,9.1354,4.0006
152.842,4.0032,9.1380,4.0006
152.852,4.0032,9.1380,4.0006
152.861,4.0032,9.1405,4.0006
152.873,4.0032,9.1405,4.0006
152.882,4.0032,9.1431,4.0006
152.892,4.0032,9.1431,4.0006
152.902,4.0032,9.1457,4.0006
152.911,4.0032,9.1457,4.0006
152.920,4.0032,9.1483,4.0006
152.930,4.0032,9.1483,4.0006
152.939,4.0032,9.1509,4.0006
152.950,4.0032,9.1509,4.0006
152.958,4.0032,9.1509,4.0006
152.969,4.0032,9.1534,4.0006
152.979,4.0032,9.1560,4.0006
152.991,4.0032,9.1560,4.0006
153.000,4.0032,9.1586,4.0006
153.011,4.0032,9.1586,4.0006
153.020,4.0032,9.1612,4.0006
153.029,4.0032,9.1612,4.0006
153.039,4.0032,9.1637,4.0006
153.048,4.0032,9.1637,4.0006
153.057,4.0032,9.1637,4.0006
153.065,4.0032,9.1663,4.0006
153.075,4.0032,9.1663,4.0006
153.084,4.0032,9.1689,4.0006
153.093,4.0032,9.1689,4.0006
153.102,4.0032,9.1715,4.0006
153.112,4.0032,9.1715,4.0006
153.121,4.0032,9.1741,4.0006
153.130,4.0032,9.1741,4.0006
153.139,4.0032,9.1766,4.0006
153.150,4.0032,9.1766,4.0006
153.159,4.0032,9.1792,4.0006
153.170,4.0032,9.1792,4.0006
153.179,4.0032,9.1818,4.0006
153.189,4.0032,9.1818,4.0006
153.198,4.0032,9.1818,4.0006
153.207,4.0032,9.1844,4.0006
153.218,4.0032,9.1844,4.0006
153.225,4.0032,9.1870,4.0006
153.235,4.0032,9.1870,4.0006
153.243,4.0032,9.1895,4.0006
153.253,4.0032,9.1895,4.0006
153.262,4.0032,9.1921,4.0006
153.272,4.0032,9.1921,4.0006
153.279,4.0032,9.1947,4.0006
153.290,4.0032,9.1947,4.0006
153.298,4.0032,9.1947,4.0006
153.306,4.0032,9.1973,4.0006
153.315,4.0032,9.1973,4.0006
153.323,4.0032,9.1999,4.0006
153.331,4.0032,9.1999,4.0006
153.339,4.0032,9.2024,4.0006
153.347,4.0032,9.2024,4.0006
153.356,4.0032,9.2024,4.0006
153.363,4.0032,9.2050,4.0006
153.373,4.0032,9.2050,4.0006
153.381,4.0032,9.2076,4.0006
153.391,4.0032,9.2076,4.0006
153.399,4.0032,9.2102,4.0006
153.409,4.0032,9.2102,4.0006
153.417,4.0032,9.2102,4.0006
153.425,4.0032,9.2128,4.0006
153.435,4.0032,9.2128,4.0006
153.443,4.0032,9.2153,4.0006
153.453,4.0032,9.2153,4.0006
153.461,4.0032,9.2179,4.0006
153.470,4.0032,9.2179,4.0006
153.477,4.0032,9.2179,4.0006
153.485,4.0032,9.2205,4.0006
153.494,4.0032,9.2205,4.0006
153.503,4.0032,9.2231,4.0006
153.512,4.0032,9.2231,4.0006
153.519,4.0032,9.2257,4.0006
153.528,4.0032,9.2257,4.0006
153.537,4.0032,9.2257,4.0006
153.544,4.0032,9.2282,4.0006
153.554,4.0032,9.2282,4.0006
153.561,4.0032,9.2308,4.0006
153.572,4.0032,9.2308,4.0006
153.578,4.0032,9.2334,4.0006
153.589,4.0032,9.2334,4.0006
153.597,4.0032,9.2334,4.0006
153.606,4.0032,9.2360,4.0006
153.614,4.0032,9.2360,4.0006
153.622,4.0032,9.2386,4.0006
153.631,4.0032,9.2386,4.0006
153.639,4.0032,9.2411,4.0006
153.648,4.0032,9.2411,4.0006
153.656,4.0032,9.2411,4.0006
153.662,4.0032,9.2437,4.0006
153.673,4.0032,9.2437,4.0006
153.680,4.0032,9.2463,4.0006
153.689,4.0032,9.2463,4.0006
153.697,4.0032,9.2463,4.0006
153.705,4.0032,9.2489,4.0006
153.714,4.0032,9.2489,4.0006
153.722,4.0032,9.2515,4.0006
153.731,4.0032,9.2515,4.0006
153.738,4.0032,9.2541,4.0006
153.749,4.0032,9.2541,4.0006
153.756,4.0032,9.2541,4.0006
153.765,4.0032,9.2566,4.0006
153.775,4.0032,9.2566,4.0006
153.781,4.0032,9.2592,4.0006
153.791,4.0032,9.2592,4.0006
153.798,4.0032,9.2592,4.0006
153.806,4.0032,9.2618,4.0006
153.815,4.0032,9.2618,4.0006
153.824,4.0032,9.2644,4.0006
153.834,4.0032,9.2644,4.0006
153.843,4.0032,9.2670,4.0006
153.850,4.0032,9.2670,4.0006
153.859,4.0032,9.2696,4.0006
153.869,4.0032,9.2696,4.0006
153.876,4.0032,9.2696,4.0006
153.885,4.0032,9.2722,4.0006
153.894,4.0032,9.2722,4.0006
153.903,4.0032,9.2747,4.0006
153.911,4.0032,9.2747,4.0006
153.920,4.0032,9.2773,4.0006
153.927,4.0032,9.2773,4.0006
153.936,4.0032,9.2773,4.0006
153.943,4.0032,9.2799,4.0006
153.953,4.0032,9.2799,4.0006
153.961,4.0032,9.2825,4.0006
153.971,4.0032,9.2825,4.0006
153.979,4.0032,9.2851,4.0006
153.988,4.0032,9.2851,4.0006
153.997,4.0032,9.2851,4.0006
154.005,4.0032,9.2877,4.0006
154.015,4.0032,9.2877,4.0006
154.023,4.0032,9.2902,4.0006
154.033,4.0032,9.2902,4.0006
154.042,4.0032,9.2928,4.0006
154.052,4.0032,9.2928,4.0006
154.060,4.0032,9.2954,4.0006
154.072,4.0032,9.2954,4.0006
154.080,4.0032,9.2980,4.0006
154.090,4.0032,9.2980,4.0006
154.098,4.0032,9.2980,4.0006
154.107,4.0032,9.3006,4.0006
154.118,4.0032,9.3006,4.0006
154.125,4.0032,9.3032,4.0006
154.137,4.0032,9.3032,4.0006
154.145,4.0032,9.3057,4.0006
154.155,4.0032,9.3057,4.0006
154.163,4.0032,9.3083,4.0006
154.174,4.0032,9.3083,4.0006
154.183,4.0032,9.3109,4.0006
154.192,4.0032,9.3109,4.0006
154.201,4.0032,9.3135,4.0006
154.211,4.0032,9.3135,4.0006
154.220,4.0032,9.3161,4.0006
154.231,4.0032,9.3161,4.0006
154.240,4.0032,9.3187,4.0006
154.252,4.0032,9.3187,4.0006
154.261,4.0032,9.3213,4.0006
154.273,4.0032,9.3213,4.0006
154.281,4.0032,9.3238,4.0006
154.290,4.0032,9.3238,4.0006
154.298,4.0032,9.3238,4.0006
154.307,4.0032,9.3264,4.0006
154.317,4.0032,9.3264,4.0006
154.325,4.0032,9.3290,4.0006
154.335,4.0032,9.3290,4.0006
154.343,4.0032,9.3316,4.0006
154.353,4.0032,9.3316,4.0006
154.361,4.0032,9.3342,4.0006
154.372,4.0032,9.3342,4.0006
154.381,4.0032,9.3367,4.0006
154.390,4.0032,9.3367,4.0006
154.400,4.0032,9.3393,4.0006
154.410,4.0032,9.3393,4.0006
154.418,4.0032,9.3393,4.0006
154.427,4.0032,9.3419,4.0006
154.438,4.0032,9.3419,4.0006
154.446,4.0032,9.3445,4.0006
154.464,4.0032,9.3471,4.0006
154.474,4.0032,9.3471,4.0006
154.482,4.0032,9.3497,4.0006
154.491,4.0032,9.3497,4.0006
154.499,4.0032,9.3522,4.0006
154.509,4.0032,9.3522,4.0006
154.517,4.0032,9.3522,4.0006
154.525,4.0032,9.3548,4.0006
154.535,4.0032,9.3548,4.0006
154.544,4.0032,9.3574,4.0006
154.553,4.0032,9.3574,4.0006
154.561,4.0032,9.3600,4.0006
154.571,4.0032,9.3600,4.0006
154.579,4.0032,9.3626,4.0006
154.589,4.0032,9.3626,4.0006
154.598,4.0032,9.3626,4.0006
154.606,4.0032,9.3640,4.0006
154.616,4.0032,9.3640,4.0006
154.624,4.0032,9.3640,4.0006
154.633,4.0032,9.3640,4.0006
154.643,4.0032,9.3640,4.0006
154.652,4.0032,9.3640,4.0006
154.660,4.0032,9.3640,4.0006
154.670,4.0032,9.3640,4.0006
154.677,4.0032,9.3640,4.0006
154.686,4.0032,9.3640,4.0006
154.694,4.0032,9.3640,4.0006
154.703,4.0032,9.3640,4.0006
154.713,4.0032,9.3640,4.0006
154.721,4.0032,9.3640,4.0006
154.730,4.0032,9.3640,4.0006
154.740,4.0032,9.3640,4.0006
154.750,4.0032,9.3640,4.0006
154.758,4.0032,9.3640,4.0006
154.767,4.0032,9.3640,4.0006
154.777,4.0032,9.3640,4.0006
154.786,4.0032,9.3640,4.0006
154.795,4.0032,9.3640,4.0006
154.804,4.0032,9.3640,4.0006
154.812,4.0032,9.3640,4.0006
154.821,4.0032,9.3640,4.0006
154.830,4.0032,9.3640,4.0006
154.839,4.0032,9.3640,4.0006
154.849,4.0032,9.3640,4.0006
154.857,4.0032,9.3640,4.0006
154.865,4.0032,9.3640,4.0006
154.874,4.0032,9.3640,4.0006
154.882,4.0032,9.3640,4.0006
154.890,4.0032,9.3640,4.0006
154.899,4.0032,9.3640,4.0006
154.907,4.0032,9.3640,4.0006
154.916,4.0032,9.3640,4.0006
154.924,4.0032,9.3640,4.0006
154.933,4.0032,9.3640,4.0006
154.941,4.0032,9.3640,4.0006
154.950,4.0032,9.3640,4.0006
154.959,4.0032,9.3640,4.0006
154.968,4.0032,9.3640,4.0006
154.976,4.0032,9.3640,4.0006
154.984,4.0032,9.3640,4.0006
154.993,4.0032,9.3640,4.0006
155.001,4.0032,9.3640,4.0006
155.010,4.0032,9.3640,4.0006
155.018,4.0032,9.3640,4.0006
155.028,4.0032,9.3640,4.0006
155.038,4.0032,9.3640,4.0006
155.046,4.0032,9.3640,4.0006
155.055,4.0032,9.3640,4.0006
155.063,4.0032,9.3640,4.0006
155.073,4.0032,9.3640,4.0006
155.082,4.0032,9.3640,4.0006
155.091,4.0032,9.3640,4.0006
155.101,4.0032,9.3640,4.0006
155.110,4.0032,9.3640,4.0006
155.119,4.0032,9.3640,4.0006
155.128,4.0032,9.3640,4.0006
155.138,4.0032,9.3640,4.0006
155.146,4.0032,9.3640,4.0006
155.156,4.0032,9.3640,4.0006
155.165,4.0032,9.3640,4.0006
155.174,4.0032,9.3640,4.0006
155.182,4.0032,9.3640,4.0006
155.192,4.0032,9.3640,4.0006
155.201,4.0032,9.3640,4.0006
155.211,4.0032,9.3640,4.0006
155.219,4.0032,9.3640,4.0006
155.229,4.0032,9.3640,4.0006
155.238,4.0032,9.3640,4.0006
155.248,4.0032,9.3640,4.0006
155.258,4.0032,9.3640,4.0006
155.267,4.0032,9.3640,4.0006
155.277,4.0032,9.3640,4.0006
155.287,4.0032,9.3640,4.0006
155.295,4.0032,9.3640,4.0006
155.304,4.0032,9.3640,4.0006
155.313,4.0032,9.3640,4.0006
155.322,4.0032,9.3640,4.0006
155.332,4.0032,9.3640,4.0006
155.340,4.0032,9.3640,4.0006
155.351,4.0032,9.3640,4.0006
155.359,4.0032,9.3640,4.0006
155.370,4.0032,9.3640,4.0006
155.378,4.0032,9.3640,4.0006
155.386,4.0032,9.3640,4.0006
155.395,4.0032,9.3640,4.0006
155.404,4.0032,9.3640,4.0006
155.413,4.0032,9.3640,4.0006
155.422,4.0032,9.3640,4.0006
155.432,4.0032,9.3640,4.0006
155.442,4.0032,9.3640,4.0006
155.451,4.0032,9.3640,4.0006
155.459,4.0032,9.3640,4.0006
155.470,4.0032,9.3640,4.0006
155.478,4.0032,9.3640,4.0006
155.487,4.0032,9.3640,4.0006
155.498,4.0032,9.3640,4.0006
155.508,4.0032,9.3640,4.0006
155.519,4.0032,9.3640,4.0006
155.529,4.0032,9.3640,4.0006
155.540,4.0032,9.3640,4.0006
155.550,4.0032,9.3640,4.0006
155.559,4.0032,9.3640,4.0006
155.570,4.0032,9.3640,4.0006
155.579,4.0032,9.3640,4.0006
155.590,4.0032,9.3640,4.0006
155.598,4.0032,9.3640,4.0006
155.606,4.0032,9.3640,4.0006
155.617,4.0032,9.3640,4.0006
155.625,4.0032,9.3640,4.0006
155.637,4.0032,9.3640,4.0006
155.645,4.0032,9.3640,4.0006
155.655,4.0032,9.3640,4.0006
155.665,4.0032,9.3640,4.0006
155.675,4.0032,9.3640,4.0006
155.683,4.0032,9.3640,4.0006
155.693,4.0032,9.3640,4.0006
155.701,4.0032,9.3640,4.0006
155.711,4.0032,9.3640,4.0006
155.719,4.0032,9.3640,4.0006
155.730,4.0032,9.3640,4.0006
155.739,4.0032,9.3640,4.0006
155.748,4.0032,9.3640,4.0006
155.757,4.0032,9.3640,4.0006
155.765,4.0032,9.3640,4.0006
155.776,4.0032,9.3640,4.0006
155.783,4.0032,9.3640,4.0006
155.793,4.0032,9.3640,4.0006
155.801,4.0032,9.3640,4.0003
155.810,4.0032,9.3640,4.0003
155.819,4.0032,9.3640,3.9999
155.828,4.0032,9.3640,3.9999
155.837,4.0032,9.3640,3.9999
155.844,4.0032,9.3640,3.9992
155.854,4.0032,9.3640,3.9992
155.862,4.0032,9.3640,3.9984
155.872,4.0032,9.3640,3.9984
155.880,4.0032,9.3640,3.9959
155.889,4.0032,9.3640,3.9959
155.897,4.0032,9.3640,3.9959
155.905,4.0032,9.3640,3.9932
155.915,4.0032,9.3640,3.9932
155.925,4.0032,9.3640,3.9903
155.934,4.0032,9.3640,3.9903
155.943,4.0032,9.3640,3.9872
155.952,4.0032,9.3640,3.9872
155.960,4.0032,9.3640,3.9841
155.970,4.0032,9.3640,3.9841
155.977,4.0032,9.3640,3.9841
155.985,4.0032,9.3640,3.9808
155.994,4.0032,9.3640,3.9808
156.003,4.0032,9.3640,3.9774
156.012,4.0032,9.3640,3.9774
156.021,4.0032,9.3640,3.9738
156.030,4.0032,9.3640,3.9738
156.038,4.0032,9.3640,3.9738
156.045,4.0032,9.3640,3.9667
156.053,4.0032,9.3640,3.9667
156.060,4.0032,9.3640,3.9592
156.071,4.0032,9.3640,3.9592
156.079,4.0032,9.3640,3.9513
156.089,4.0032,9.3640,3.9513
156.097,4.0032,9.3640,3.9513
156.105,4.0032,9.3640,3.9428
156.115,4.0032,9.3640,3.9428
156.122,4.0032,9.3640,3.9339
156.131,4.0032,9.3640,3.9339
156.139,4.0032,9.3640,3.9248
156.148,4.0032,9.3640,3.9248
156.155,4.0032,9.3640,3.9248
156.164,4.0032,9.3640,3.9151
156.172,4.0032,9.3640,3.9151
156.181,4.0032,9.3640,3.8964
156.190,4.0032,9.3640,3.8964
156.198,4.0032,9.3640,3.8964
156.207,4.0032,9.3640,3.8768
156.216,4.0032,9.3640,3.8768
156.224,4.0032,9.3640,3.8568
156.234,4.0032,9.3640,3.8568
156.242,4.0032,9.3640,3.8362
156.252,4.0032,9.3640,3.8362
156.260,4.0032,9.3640,3.8150
156.270,4.0032,9.3640,3.8150
156.278,4.0032,9.3640,3.8150
156.287,4.0032,9.3640,3.7930
156.294,4.0032,9.3640,3.7930
156.304,4.0032,9.3640,3.7708
156.312,4.0032,9.3640,3.7708
156.321,4.0032,9.3640,3.7482
156.331,4.0032,9.3640,3.7482
156.340,4.0032,9.3640,3.7254
156.349,4.0032,9.3640,3.7254
156.357,4.0032,9.3640,3.7254
156.364,4.0032,9.3640,3.7023
156.375,4.0032,9.3640,3.7023
156.382,4.0032,9.3640,3.6791
156.390,4.0032,9.3640,3.6791
156.399,4.0032,9.3640,3.6560
156.409,4.0032,9.3640,3.6560
156.416,4.0032,9.3640,3.6560
156.425,4.0032,9.3640,3.6329
156.434,4.0032,9.3640,3.6329
156.442,4.0032,9.3640,3.6098
156.451,4.0032,9.3640,3.6098
156.459,4.0032,9.3640,3.5867
156.469,4.0032,9.3640,3.5867
156.477,4.0032,9.3640,3.5867
156.485,4.0032,9.3640,3.5635
156.495,4.0032,9.3640,3.5635
156.503,4.0032,9.3640,3.5404
156.513,4.0032,9.3640,3.5404
156.521,4.0032,9.3640,3.5174
156.531,4.0032,9.3640,3.5174
156.540,4.0032,9.3640,3.4945
156.550,4.0032,9.3640,3.4945
156.558,4.0032,9.3640,3.4945
156.567,4.0032,9.3640,3.4717
156.577,4.0032,9.3640,3.4717
156.587,4.0032,9.3640,3.4490
156.597,4.0032,9.3640,3.4490
156.606,4.0032,9.3640,3.4262
156.616,4.0032,9.3640,3.4262
156.625,4.0032,9.3640,3.4035
156.643,4.0032,9.3640,3.3807
156.654,4.0032,9.3640,3.3807
156.662,4.0032,9.3640,3.3579
156.675,4.0032,9.3640,3.3579
156.683,4.0032,9.3640,3.3352
156.693,4.0032,9.3640,3.3352
156.702,4.0032,9.3640,3.3124
156.712,4.0032,9.3640,3.3124
156.720,4.0032,9.3640,3.2896
156.730,4.0032,9.3640,3.2896
156.739,4.0032,9.3640,3.2668
156.750,4.0032,9.3640,3.2668
156.760,4.0032,9.3640,3.2440
156.773,4.0032,9.3640,3.2440
156.781,4.0032,9.3640,3.2211
156.792,4.0032,9.3640,3.2211
156.802,4.0032,9.3640,3.1981
156.812,4.0032,9.3640,3.1981
156.820,4.0032,9.3640,3.1752
156.830,4.0032,9.3640,3.1752
156.838,4.0032,9.3640,3.1752
156.847,4.0032,9.3640,3.1521
156.860,4.0032,9.3640,3.1289
156.871,4.0032,9.3640,3.1289
156.880,4.0032,9.3640,3.1057
156.890,4.0032,9.3640,3.1057
156.899,4.0032,9.3640,3.0824
156.909,4.0032,9.3640,3.0824
156.918,4.0032,9.3640,3.0824
156.928,4.0032,9.3640,3.0590
156.939,4.0032,9.3640,3.0357
156.949,4.0032,9.3640,3.0357
156.957,4.0032,9.3640,3.0357
156.966,4.0032,9.3640,3.0124
156.976,4.0032,9.3640,3.0124
156.985,4.0032,9.3640,2.9890
156.995,4.0032,9.3640,2.9890
157.004,4.0032,9.3640,2.9657
157.013,4.0032,9.3640,2.9657
157.021,4.0032,9.3640,2.9424
157.032,4.0032,9.3640,2.9424
157.040,4.0032,9.3640,2.9190
157.049,4.0032,9.3640,2.9190
157.056,4.0032,9.3640,2.9190
157.065,4.0032,9.3640,2.8957
157.075,4.0032,9.3640,2.8957
157.083,4.0032,9.3640,2.8724
157.093,4.0032,9.3640,2.8724
157.103,4.0032,9.3640,2.8490
157.113,4.0032,9.3640,2.8490
157.121,4.0032,9.3640,2.8257
157.131,4.0032,9.3640,2.8257
157.139,4.0032,9.3640,2.8024
157.150,4.0032,9.3640,2.8024
157.158,4.0032,9.3640,2.8024
157.166,4.0032,9.3640,2.7790
157.176,4.0032,9.3640,2.7790
157.184,4.0032,9.3640,2.7557
157.194,4.0032,9.3640,2.7557
157.202,4.0032,9.3640,2.7324
157.211,4.0032,9.3640,2.7324
157.220,4.0032,9.3640,2.7090
157.228,4.0032,9.3640,2.7090
157.238,4.0032,9.3640,2.7090
157.245,4.0032,9.3640,2.6857
157.256,4.0032,9.3640,2.6857
157.263,4.0032,9.3640,2.6624
157.274,4.0032,9.3640,2.6624
157.282,4.0032,9.3640,2.6390
157.290,4.0032,9.3640,2.6390
157.299,4.0032,9.3640,2.6157
157.308,4.0032,9.3640,2.6157
157.317,4.0032,9.3640,2.6157
157.324,4.0032,9.3640,2.5924
157.334,4.0032,9.3640,2.5924
157.342,4.0032,9.3640,2.5690
157.352,4.0032,9.3640,2.5690
157.359,4.0032,9.3640,2.5457
157.370,4.0032,9.3640,2.5457
157.377,4.0032,9.3640,2.5457
157.385,4.0032,9.3640,2.5224
157.395,4.0032,9.3640,2.5224
157.403,4.0032,9.3640,2.4990
157.413,4.0032,9.3640,2.4990
157.421,4.0032,9.3640,2.4757
157.432,4.0032,9.3640,2.4757
157.440,4.0032,9.3640,2.4524
157.449,4.0032,9.3640,2.4524
157.456,4.0032,9.3640,2.4524
157.463,4.0032,9.3640,2.4290
157.474,4.0032,9.3640,2.4290
157.482,4.0032,9.3640,2.4057
157.492,4.0032,9.3640,2.4057
157.500,4.0032,9.3640,2.3824
157.510,4.0032,9.3640,2.3824
157.519,4.0032,9.3640,2.3590
157.528,4.0032,9.3640,2.3590
157.537,4.0032,9.3640,2.3590
157.544,4.0032,9.3640,2.3357
157.554,4.0032,9.3640,2.3357
157.561,4.0032,9.3640,2.3124
157.572,4.0032,9.3640,2.3124
157.581,4.0032,9.3640,2.2890
157.592,4.0032,9.3640,2.2890
157.602,4.0032,9.3640,2.2657
157.611,4.0032,9.3640,2.2657
157.619,4.0032,9.3640,2.2424
157.628,4.0032,9.3640,2.2424
157.636,4.0032,9.3640,2.2424
157.645,4.0032,9.3640,2.2190
157.654,4.0032,9.3640,2.2190
157.663,4.0032,9.3640,2.1957
157.674,4.0032,9.3640,2.1957
157.681,4.0032,9.3640,2.1724
157.691,4.0032,9.3640,2.1724
157.699,4.0032,9.3640,2.1490
157.709,4.0032,9.3640,2.1490
157.716,4.0032,9.3640,2.1490
157.725,4.0032,9.3640,2.1257
157.735,4.0032,9.3640,2.1257
157.743,4.0032,9.3640,2.1024
157.753,4.0032,9.3640,2.1024
157.760,4.0032,9.3640,2.0790
157.771,4.0032,9.3640,2.0790
157.778,4.0032,9.3640,2.0790
157.786,4.0032,9.3640,2.0557
157.796,4.0032,9.3640,2.0557
157.805,4.0032,9.3640,2.0324
157.815,4.0032,9.3640,2.0324
157.824,4.0032,9.3640,2.0090
157.834,4.0032,9.3640,2.0090
157.844,4.0032,9.3640,1.9857
157.854,4.0032,9.3640,1.9857
157.863,4.0032,9.3640,1.9624
157.874,4.0032,9.3640,1.9624
157.883,4.0032,9.3640,1.9391
157.892,4.0032,9.3640,1.9391
157.900,4.0032,9.3640,1.9158
157.910,4.0032,9.3640,1.9158
157.918,4.0032,9.3640,1.9158
157.926,4.0032,9.3640,1.8925
157.938,4.0032,9.3640,1.8692
157.948,4.0032,9.3640,1.8692
157.956,4.0032,9.3640,1.8692
157.965,4.0032,9.3640,1.8460
157.977,4.0032,9.3640,1.8460
157.987,4.0032,9.3640,1.8227
157.999,4.0032,9.3640,1.7994
158.010,4.0032,9.3640,1.7994
158.019,4.0032,9.3640,1.7761
158.030,4.0032,9.3640,1.7761
158.040,4.0032,9.3640,1.7528
158.051,4.0032,9.3640,1.7528
158.059,4.0032,9.3640,1.7295
158.071,4.0032,9.3640,1.7295
158.079,4.0032,9.3640,1.7063
158.090,4.0032,9.3640,1.7063
158.099,4.0032,9.3640,1.6830
158.110,4.0032,9.3640,1.6830
158.118,4.0032,9.3640,1.6830
158.127,4.0032,9.3640,1.6597
158.137,4.0032,9.3640,1.6597
158.145,4.0032,9.3640,1.6365
158.156,4.0032,9.3640,1.6365
158.164,4.0032,9.3640,1.6132
158.176,4.0032,9.3640,1.6132
158.184,4.0032,9.3640,1.5899
158.194,4.0032,9.3640,1.5899
158.204,4.0032,9.3640,1.5667
158.212,4.0032,9.3640,1.5667
158.222,4.0032,9.3640,1.5434
158.232,4.0032,9.3640,1.5434
158.242,4.0032,9.3640,1.5201
158.252,4.0032,9.3640,1.5201
158.259,4.0032,9.3640,1.4969
158.270,4.0032,9.3640,1.4969
158.277,4.0032,9.3640,1.4969
158.285,4.0032,9.3640,1.4736
158.294,4.0032,9.3640,1.4736
158.304,4.0032,9.3640,1.4504
158.314,4.0032,9.3640,1.4504
158.323,4.0032,9.3640,1.4271
158.333,4.0032,9.3640,1.4271
158.341,4.0032,9.3640,1.4038
158.351,4.0032,9.3640,1.4038
158.359,4.0032,9.3640,1.3805
158.370,4.0032,9.3640,1.3805
158.377,4.0032,9.3640,1.3805
158.386,4.0032,9.3640,1.3573
158.395,4.0032,9.3640,1.3573
158.403,4.0032,9.3640,1.3340
158.412,4.0032,9.3640,1.3340
158.420,4.0032,9.3640,1.3107
158.428,4.0032,9.3640,1.3107
158.436,4.0032,9.3640,1.3107
158.444,4.0032,9.3640,1.2874
158.454,4.0032,9.3640,1.2874
158.461,4.0032,9.3640,1.2641
158.471,4.0032,9.3640,1.2641
158.478,4.0032,9.3640,1.2641
158.485,4.0032,9.3640,1.2409
158.495,4.0032,9.3640,1.2409
158.504,4.0032,9.3640,1.2176
158.513,4.0032,9.3640,1.2176
158.520,4.0032,9.3640,1.1943
158.529,4.0032,9.3640,1.1943
158.537,4.0032,9.3640,1.1943
158.545,4.0032,9.3640,1.1710
158.555,4.0032,9.3640,1.1710
158.563,4.0032,9.3640,1.1477
158.574,4.0032,9.3640,1.1477
158.582,4.0032,9.3640,1.1245
158.592,4.0032,9.3640,1.1245
158.600,4.0032,9.3640,1.1012
158.611,4.0032,9.3640,1.1012
158.618,4.0032,9.3640,1.0779
158.627,4.0032,9.3640,1.0779
158.635,4.0032,9.3640,1.0779
158.644,4.0032,9.3640,1.0546
158.653,4.0032,9.3640,1.0546
158.661,4.0032,9.3640,1.0314
158.672,4.0032,9.3640,1.0314
158.680,4.0032,9.3640,1.0081
158.688,4.0032,9.3640,1.0081
158.696,4.0032,9.3640,1.0081
158.705,4.0032,9.3640,0.9848
158.712,4.0032,9.3640,0.9848
158.720,4.0032,9.3640,0.9615
158.729,4.0032,9.3640,0.9615
158.738,4.0032,9.3640,0.9615
158.745,4.0032,9.3640,0.9383
158.755,4.0032,9.3640,0.9383
158.762,4.0032,9.3640,0.9150
158.772,4.0032,9.3640,0.9150
158.779,4.0032,9.3640,0.8917
158.789,4.0032,9.3640,0.8917
158.797,4.0032,9.3640,0.8917
158.806,4.0032,9.3640,0.8684
158.816,4.0032,9.3640,0.8684
158.824,4.0032,9.3640,0.8452
158.834,4.0032,9.3640,0.8452
158.842,4.0032,9.3640,0.8219
158.853,4.0032,9.3640,0.8219
158.870,4.0032,9.3640,0.7987
158.881,4.0032,9.3640,0.7754
158.889,4.0032,9.3640,0.7754
158.898,4.0032,9.3640,0.7754
158.906,4.0032,9.3640,0.7521
158.916,4.0032,9.3640,0.7521
158.924,4.0032,9.3640,0.7289
158.933,4.0032,9.3640,0.7289
158.943,4.0032,9.3640,0.7057
158.953,4.0032,9.3640,0.7057
158.960,4.0032,9.3640,0.6824
158.971,4.0032,9.3640,0.6824
158.978,4.0032,9.3640,0.6592
158.988,4.0032,9.3640,0.6592
158.995,4.0032,9.3640,0.6592
159.005,4.0032,9.3640,0.6360
159.014,4.0032,9.3640,0.6360
159.022,4.0032,9.3640,0.6128
159.031,4.0032,9.3640,0.6128
159.040,4.0032,9.3640,0.5895
159.049,4.0032,9.3640,0.5895
159.056,4.0032,9.3640,0.5895
159.064,4.0032,9.3640,0.5663
159.075,4.0032,9.3640,0.5663
159.083,4.0032,9.3640,0.5431
159.095,4.0032,9.3640,0.5431
159.104,4.0032,9.3640,0.5199
159.115,4.0032,9.3640,0.5199
159.124,4.0032,9.3640,0.4967
159.134,4.0032,9.3640,0.4967
159.144,4.0032,9.3640,0.4735
159.155,4.0032,9.3640,0.4735
159.164,4.0032,9.3640,0.4503
159.175,4.0032,9.3640,0.4503
159.184,4.0032,9.3640,0.4271
159.195,4.0032,9.3640,0.4271
159.204,4.0032,9.3640,0.4039
159.215,4.0032,9.3640,0.4039
159.225,4.0032,9.3640,0.3807
159.235,4.0032,9.3640,0.3807
159.245,4.0032,9.3640,0.3574
159.256,4.0032,9.3640,0.3574
159.265,4.0032,9.3640,0.3342
159.275,4.0032,9.3640,0.3342
159.284,4.0032,9.3640,0.3110
159.295,4.0032,9.3640,0.3110
159.307,4.0032,9.3640,0.2877
159.316,4.0032,9.3640,0.2877
159.326,4.0032,9.3640,0.2645
159.337,4.0032,9.3640,0.2645
159.345,4.0032,9.3640,0.2412
159.356,4.0032,9.3640,0.2412
159.365,4.0032,9.3640,0.2180
159.374,4.0032,9.3640,0.2180
159.381,4.0032,9.3640,0.1948
159.391,4.0032,9.3640,0.1948
159.400,4.0032,9.3640,0.1716
159.410,4.0032,9.3640,0.1716
159.419,4.0032,9.3640,0.1484
159.428,4.0032,9.3640,0.1484
159.437,4.0032,9.3640,0.1484
159.446,4.0032,9.3640,0.1252
159.455,4.0032,9.3640,0.1252
159.463,4.0032,9.3640,0.1020
159.473,4.0032,9.3640,0.1020
159.481,4.0032,9.3640,0.0788
159.491,4.0032,9.3640,0.0788
159.498,4.0032,9.3640,0.0788
159.506,4.0032,9.3640,0.0556
159.515,4.0032,9.3640,0.0556
159.524,4.0032,9.3640,0.0325
159.533,4.0032,9.3640,0.0325
159.540,4.0032,9.3640,0.0093
159.549,4.0032,9.3640,0.0093
159.557,4.0032,9.3640,0.0093
159.564,4.0032,9.3640,-0.0139
159.575,4.0032,9.3640,-0.0139
159.582,4.0032,9.3640,-0.0370
159.592,4.0032,9.3640,-0.0370
159.601,4.0032,9.3640,-0.0602
159.611,4.0032,9.3640,-0.0602
159.620,4.0032,9.3640,-0.0834
159.628,4.0032,9.3640,-0.0834
159.638,4.0032,9.3640,-0.0834
159.645,4.0032,9.3640,-0.1066
159.656,4.0032,9.3640,-0.1066
159.664,4.0032,9.3640,-0.1297
159.674,4.0032,9.3640,-0.1297
159.684,4.0032,9.3640,-0.1529
159.694,4.0032,9.3640,-0.1529
159.703,4.0032,9.3640,-0.1761
159.713,4.0032,9.3640,-0.1761
159.721,4.0032,9.3640,-0.1992
159.731,4.0032,9.3640,-0.1992
159.739,4.0032,9.3640,-0.2224
159.749,4.0032,9.3640,-0.2224
159.758,4.0032,9.3640,-0.2224
159.767,4.0032,9.3640,-0.2456
159.778,4.0032,9.3640,-0.2456
159.786,4.0032,9.3640,-0.2688
159.796,4.0032,9.3640,-0.2688
159.806,4.0032,9.3640,-0.2919
159.816,4.0032,9.3640,-0.2919
159.825,4.0032,9.3640,-0.3151
159.835,4.0032,9.3640,-0.3151
159.843,4.0032,9.3640,-0.3382
159.854,4.0032,9.3640,-0.3382
159.861,4.0032,9.3640,-0.3614
159.873,4.0032,9.3640,-0.3614
159.881,4.0032,9.3640,-0.3845
159.891,4.0032,9.3640,-0.3845
159.900,4.0032,9.3640,-0.4076
159.911,4.0032,9.3640,-0.4076
159.919,4.0032,9.3640,-0.4307
159.927,4.0032,9.3640,-0.4307
159.937,4.0032,9.3640,-0.4307
159.946,4.0032,9.3640,-0.4537
159.956,4.0032,9.3640,-0.4537
159.965,4.0032,9.3640,-0.4767
159.976,4.0032,9.3640,-0.4767
159.985,4.0032,9.3640,-0.4997
159.994,4.0032,9.3640,-0.4997
160.003,4.0032,9.3640,-0.5228
160.012,4.0032,9.3640,-0.5228
160.021,4.0032,9.3640,-0.5458
160.031,4.0032,9.3640,-0.5458
160.040,4.0032,9.3640,-0.5688
160.051,4.0032,9.3640,-0.5688
160.060,4.0032,9.3640,-0.5918
160.069,4.0032,9.3640,-0.5918
160.078,4.0032,9.3640,-0.5918
160.087,4.0032,9.3640,-0.6149
160.096,4.0032,9.3640,-0.6149
160.105,4.0032,9.3640,-0.6379
160.114,4.0032,9.3640,-0.6379
160.122,4.0032,9.3640,-0.6610
160.131,4.0032,9.3640,-0.6610
160.140,4.0032,9.3640,-0.6841
160.150,4.0032,9.3640,-0.6841
160.158,4.0032,9.3640,-0.6841
160.165,4.0032,9.3640,-0.7072
160.175,4.0032,9.3640,-0.7072
160.184,4.0032,9.3640,-0.7303
160.192,4.0032,9.3640,-0.7303
160.201,4.0032,9.3640,-0.7534
160.210,4.0032,9.3640,-0.7534
160.218,4.0032,9.3640,-0.7534
160.225,4.0032,9.3640,-0.7765
160.236,4.0032,9.3640,-0.7765
160.244,4.0032,9.3640,-0.7997
160.253,4.0032,9.3640,-0.7997
160.261,4.0032,9.3640,-0.8228
160.271,4.0032,9.3640,-0.8228
160.278,4.0032,9.3640,-0.8460
160.287,4.0032,9.3640,-0.8460
160.294,4.0032,9.3640,-0.8460
160.304,4.0032,9.3640,-0.8691
160.312,4.0032,9.3640,-0.8691
160.320,4.0032,9.3640,-0.8923
160.329,4.0032,9.3640,-0.8923
160.338,4.0032,9.3640,-0.8923
160.346,4.0032,9.3640,-0.9154
160.357,4.0032,9.3640,-0.9154
160.364,4.0032,9.3640,-0.9386
160.376,4.0032,9.3640,-0.9386
160.384,4.0032,9.3640,-0.9617
160.395,4.0032,9.3640,-0.9617
160.404,4.0032,9.3640,-0.9849
160.413,4.0032,9.3640,-0.9849
160.422,4.0032,9.3640,-1.0080
160.433,4.0032,9.3640,-1.0080
160.441,4.0032,9.3640,-1.0312
160.451,4.0032,9.3640,-1.0312
160.459,4.0032,9.3640,-1.0543
160.469,4.0032,9.3640,-1.0543
160.478,4.0032,9.3640,-1.0543
160.487,4.0032,9.3640,-1.0775
160.497,4.0032,9.3640,-1.0775
160.506,4.0032,9.3640,-1.1006
160.516,4.0032,9.3640,-1.1006
160.525,4.0032,9.3640,-1.1238
160.537,4.0032,9.3640,-1.1238
160.547,4.0032,9.3640,-1.1470
160.558,4.0032,9.3640,-1.1470
160.569,4.0032,9.3640,-1.1702
160.579,4.0032,9.3640,-1.1934
160.589,4.0032,9.3640,-1.1934
160.597,4.0032,9.3640,-1.1934
160.606,4.0032,9.3640,-1.2166
160.615,4.0032,9.3640,-1.2166
160.624,4.0032,9.3640,-1.2398
160.634,4.0032,9.3640,-1.2398
160.642,4.0032,9.3640,-1.2631
160.653,4.0032,9.3640,-1.2631
160.661,4.0032,9.3640,-1.2863
160.673,4.0032,9.3640,-1.2863
160.680,4.0032,9.3640,-1.3096
160.691,4.0032,9.3640,-1.3096
160.700,4.0032,9.3640,-1.3329
160.709,4.0032,9.3640,-1.3329
160.718,4.0032,9.3640,-1.3329
160.726,4.0032,9.3640,-1.3562
160.736,4.0032,9.3640,-1.3562
160.744,4.0032,9.3640,-1.3795
160.754,4.0032,9.3640,-1.3795
160.762,4.0032,9.3640,-1.4029
160.772,4.0032,9.3640,-1.4029
160.780,4.0032,9.3640,-1.4262
160.790,4.0032,9.3640,-1.4262
160.797,4.0032,9.3640,-1.4262
160.805,4.0032,9.3640,-1.4495
160.815,4.0032,9.3640,-1.4495
160.824,4.0032,9.3640,-1.4728
160.833,4.0032,9.3640,-1.4728
160.841,4.0032,9.3640,-1.4962
160.850,4.0032,9.3640,-1.4962
160.857,4.0032,9.3640,-1.4962
160.865,4.0032,9.3640,-1.5195
160.875,4.0032,9.3640,-1.5195
160.882,4.0032,9.3640,-1.5428
160.891,4.0032,9.3640,-1.5428
160.898,4.0032,9.3640,-1.5428
160.907,4.0032,9.3640,-1.5662
160.915,4.0032,9.3640,-1.5662
160.923,4.0032,9.3640,-1.5895
160.932,4.0032,9.3640,-1.5895
160.939,4.0032,9.3640,-1.6128
160.948,4.0032,9.3640,-1.6128
160.956,4.0032,9.3640,-1.6128
160.964,4.0032,9.3640,-1.6362
160.974,4.0032,9.3640,-1.6362
160.982,4.0032,9.3640,-1.6595
160.992,4.0032,9.3640,-1.6595
161.000,4.0032,9.3640,-1.6828
161.009,4.0032,9.3640,-1.6828
161.017,4.0032,9.3640,-1.6828
161.024,4.0032,9.3640,-1.7062
161.033,4.0032,9.3640,-1.7062
161.041,4.0032,9.3640,-1.7295
161.049,4.0032,9.3640,-1.7295
161.057,4.0032,9.3640,-1.7295
161.065,4.0032,9.3640,-1.7528
161.074,4.0032,9.3640,-1.7528
161.081,4.0032,9.3640,-1.7762
161.091,4.0032,9.3640,-1.7762
161.108,4.0032,9.3640,-1.7995
161.117,4.0032,9.3640,-1.7995
161.125,4.0032,9.3640,-1.8228
161.135,4.0032,9.3640,-1.8228
161.142,4.0032,9.3640,-1.8462
161.152,4.0032,9.3640,-1.8462
161.159,4.0032,9.3640,-1.8695
161.169,4.0032,9.3640,-1.8695
161.177,4.0032,9.3640,-1.8695
161.185,4.0032,9.3640,-1.8928
161.193,4.0032,9.3640,-1.8928
161.202,4.0032,9.3640,-1.9162
161.210,4.0032,9.3640,-1.9162
161.218,4.0032,9.3640,-1.9395
161.227,4.0032,9.3640,-1.9395
161.235,4.0032,9.3640,-1.9395
161.241,4.0032,9.3640,-1.9628
161.251,4.0032,9.3640,-1.9628
161.257,4.0032,9.3640,-1.9628
161.267,4.0032,9.3640,-1.9862
161.275,4.0032,9.3640,-1.9862
161.282,4.0032,9.3640,-2.0095
161.291,4.0032,9.3640,-2.0095
161.299,4.0032,9.3640,-2.0328
161.308,4.0032,9.3640,-2.0328
161.316,4.0032,9.3640,-2.0328
161.324,4.0032,9.3640,-2.0562
161.333,4.0032,9.3640,-2.0562
161.341,4.0032,9.3640,-2.0795
161.349,4.0032,9.3640,-2.0795
161.357,4.0032,9.3640,-2.0795
161.364,4.0032,9.3640,-2.1028
161.374,4.0032,9.3640,-2.1028
161.382,4.0032,9.3640,-2.1262
161.392,4.0032,9.3640,-2.1262
161.399,4.0032,9.3640,-2.1495
161.409,4.0032,9.3640,-2.1495
161.417,4.0032,9.3640,-2.1495
161.425,4.0032,9.3640,-2.1728
161.433,4.0032,9.3640,-2.1728
161.441,4.0032,9.3640,-2.1962
161.450,4.0032,9.3640,-2.1962
161.458,4.0032,9.3640,-2.1962
161.466,4.0032,9.3640,-2.2195
161.474,4.0032,9.3640,-2.2195
161.482,4.0032,9.3640,-2.2428
161.489,4.0032,9.3640,-2.2428
161.498,4.0032,9.3640,-2.2428
161.505,4.0032,9.3640,-2.2662
161.514,4.0032,9.3640,-2.2662
161.521,4.0032,9.3640,-2.2895
161.529,4.0032,9.3640,-2.2895
161.537,4.0032,9.3640,-2.2895
161.545,4.0032,9.3640,-2.3128
161.553,4.0032,9.3640,-2.3128
161.561,4.0032,9.3640,-2.3362
161.570,4.0032,9.3640,-2.3362
161.577,4.0032,9.3640,-2.3362
161.585,4.0032,9.3640,-2.3595
161.596,4.0032,9.3640,-2.3595
161.605,4.0032,9.3640,-2.3828
161.614,4.0032,9.3640,-2.3828
161.622,4.0032,9.3640,-2.4062
161.631,4.0032,9.3640,-2.4062
161.640,4.0032,9.3640,-2.4295
161.651,4.0032,9.3640,-2.4295
161.659,4.0032,9.3640,-2.4528
161.670,4.0032,9.3640,-2.4528
161.678,4.0032,9.3640,-2.4528
161.687,4.0032,9.3640,-2.4762
161.697,4.0032,9.3640,-2.4762
161.704,4.0032,9.3640,-2.4995
161.713,4.0032,9.3640,-2.4995
161.722,4.0032,9.3640,-2.5228
161.731,4.0032,9.3640,-2.5228
161.739,4.0032,9.3640,-2.5462
161.748,4.0032,9.3640,-2.5462
161.757,4.0032,9.3640,-2.5462
161.765,4.0032,9.3640,-2.5695
161.775,4.0032,9.3640,-2.5695
161.783,4.0032,9.3640,-2.5928
161.793,4.0032,9.3640,-2.5928
161.803,4.0032,9.3640,-2.6162
161.813,4.0032,9.3640,-2.6162
161.821,4.0032,9.3640,-2.6395
161.832,4.0032,9.3640,-2.6395
161.841,4.0032,9.3640,-2.6628
161.849,4.0032,9.3640,-2.6628
161.857,4.0032,9.3640,-2.6628
161.865,4.0032,9.3640,-2.6862
161.875,4.0032,9.3640,-2.6862
161.884,4.0032,9.3640,-2.7095
161.893,4.0032,9.3640,-2.7095
161.902,4.0032,9.3640,-2.7328
161.911,4.0032,9.3640,-2.7328
161.919,4.0032,9.3640,-2.7562
161.927,4.0032,9.3640,-2.7562
161.936,4.0032,9.3640,-2.7562
161.943,4.0032,9.3640,-2.7795
161.953,4.0032,9.3640,-2.7795
161.961,4.0032,9.3640,-2.8028
161.971,4.0032,9.3640,-2.8028
161.979,4.0032,9.3640,-2.8262
161.990,4.0032,9.3640,-2.8262
161.999,4.0032,9.3640,-2.8495
162.008,4.0032,9.3640,-2.8495
162.016,4.0032,9.3640,-2.8495
162.024,4.0032,9.3640,-2.8728
162.034,4.0032,9.3640,-2.8728
162.042,4.0032,9.3640,-2.8962
162.052,4.0032,9.3640,-2.8962
162.059,4.0032,9.3640,-2.9195
162.068,4.0032,9.3640,-2.9195
162.075,4.0032,9.3640,-2.9195
162.084,4.0032,9.3640,-2.9428
162.093,4.0032,9.3640,-2.9428
162.101,4.0032,9.3640,-2.9662
162.110,4.0032,9.3640,-2.9662
162.117,4.0032,9.3640,-2.9662
162.123,4.0032,9.3640,-2.9895
162.133,4.0032,9.3640,-2.9895
162.140,4.0032,9.3640,-3.0128
162.149,4.0032,9.3640,-3.0128
162.156,4.0032,9.3640,-3.0128
162.164,4.0032,9.3640,-3.0362
162.175,4.0032,9.3640,-3.0362
162.183,4.0032,9.3640,-3.0595
162.192,4.0032,9.3640,-3.0595
162.201,4.0032,9.3640,-3.0828
162.211,4.0032,9.3640,-3.0828
162.218,4.0032,9.3640,-3.0828
162.226,4.0032,9.3640,-3.1062
162.235,4.0032,9.3640,-3.1062
162.243,4.0032,9.3640,-3.1295
162.253,4.0032,9.3640,-3.1295
162.261,4.0032,9.3640,-3.1528
162.271,4.0032,9.3640,-3.1528
162.278,4.0032,9.3640,-3.1762
162.287,4.0032,9.3640,-3.1762
162.295,4.0032,9.3640,-3.1762
162.303,4.0032,9.3640,-3.1995
162.313,4.0032,9.3640,-3.1995
162.320,4.0032,9.3640,-3.2228
162.329,4.0032,9.3640,-3.2228
162.338,4.0032,9.3640,-3.2228
162.345,4.0032,9.3640,-3.2462
162.354,4.0032,9.3640,-3.2462
162.361,4.0032,9.3640,-3.2695
162.369,4.0032,9.3640,-3.2695
162.377,4.0032,9.3640,-3.2695
162.387,4.0032,9.3640,-3.2928
162.395,4.0032,9.3640,-3.2928
162.403,4.0032,9.3640,-3.3162
162.411,4.0032,9.3640,-3.3162
162.420,4.0032,9.3640,-3.3395
162.427,4.0032,9.3640,-3.3395
162.437,4.0032,9.3640,-3.3395
162.444,4.0032,9.3640,-3.3628
162.453,4.0032,9.3640,-3.3628
162.460,4.0032,9.3640,-3.3862
162.470,4.0032,9.3640,-3.3862
162.477,4.0032,9.3640,-3.3862
162.485,4.0032,9.3640,-3.4095
162.493,4.0032,9.3640,-3.4095
162.501,4.0032,9.3640,-3.4328
162.510,4.0032,9.3640,-3.4328
162.517,4.0032,9.3640,-3.4328
162.524,4.0032,9.3640,-3.4562
162.533,4.0032,9.3640,-3.4562
162.541,4.0032,9.3640,-3.4795
162.549,4.0032,9.3640,-3.4795
162.557,4.0032,9.3640,-3.4795
162.565,4.0032,9.3640,-3.5028
162.574,4.0032,9.3640,-3.5028
162.581,4.0032,9.3640,-3.5262
162.590,4.0032,9.3640,-3.5262
162.598,4.0032,9.3640,-3.5495
162.608,4.0032,9.3640,-3.5495
162.616,4.0032,9.3640,-3.5495
162.623,4.0032,9.3640,-3.5728
162.632,4.0032,9.3640,-3.5728
162.639,4.0032,9.3640,-3.5962
162.649,4.0032,9.3640,-3.5962
162.657,4.0032,9.3640,-3.5962
162.664,4.0032,9.3640,-3.6195
162.675,4.0032,9.3640,-3.6195
162.683,4.0032,9.3640,-3.6428
162.692,4.0032,9.3640,-3.6428
162.700,4.0032,9.3640,-3.6662
162.708,4.0032,9.3640,-3.6662
162.716,4.0032,9.3640,-3.6662
162.724,4.0032,9.3640,-3.6895
162.732,4.0032,9.3640,-3.6895
162.738,4.0032,9.3640,-3.6895
162.747,4.0032,9.3640,-3.7128
162.756,4.0032,9.3640,-3.7128
162.762,4.0032,9.3640,-3.7362
162.773,4.0032,9.3640,-3.7362
162.780,4.0032,9.3640,-3.7595
162.789,4.0032,9.3640,-3.7595
162.796,4.0032,9.3640,-3.7595
162.804,4.0032,9.3640,-3.7828
162.813,4.0032,9.3640,-3.7828
162.821,4.0032,9.3640,-3.8062
162.829,4.0032,9.3640,-3.8062
162.838,4.0032,9.3640,-3.8062
162.845,4.0032,9.3640,-3.8295
162.854,4.0032,9.3640,-3.8295
162.862,4.0032,9.3640,-3.8528
162.872,4.0032,9.3640,-3.8528
162.880,4.0032,9.3640,-3.8762
162.890,4.0032,9.3640,-3.8762
162.899,4.0032,9.3640,-3.8995
162.908,4.0032,9.3640,-3.8995
162.916,4.0032,9.3640,-3.8995
162.924,4.0032,9.3640,-3.9228
162.934,4.0032,9.3640,-3.9228
162.943,4.0032,9.3640,-3.9462
162.954,4.0032,9.3640,-3.9462
162.962,4.0032,9.3640,-3.9695
162.972,4.0032,9.3640,-3.9695
162.981,4.0032,9.3640,-3.9928
162.992,4.0032,9.3640,-3.9928
163.001,4.0032,9.3640,-4.0162
163.011,4.0032,9.3640,-4.0162
163.020,4.0032,9.3640,-4.0395
163.028,4.0032,9.3640,-4.0395
163.037,4.0032,9.3640,-4.0395
163.045,4.0032,9.3640,-4.0628
163.057,4.0032,9.3640,-4.0628
163.065,4.0032,9.3640,-4.0862
163.076,4.0032,9.3640,-4.0862
163.084,4.0032,9.3640,-4.1095
163.094,4.0032,9.3640,-4.1095
163.103,4.0032,9.3640,-4.1328
163.113,4.0032,9.3640,-4.1328
163.121,4.0032,9.3640,-4.1562
163.129,4.0032,9.3640,-4.1562
163.139,4.0032,9.3640,-4.1795
163.148,4.0032,9.3640,-4.1795
163.156,4.0032,9.3640,-4.1795
163.165,4.0032,9.3640,-4.2028
163.175,4.0032,9.3640,-4.2028
163.183,4.0032,9.3640,-4.2262
163.192,4.0032,9.3640,-4.2262
163.201,4.0032,9.3640,-4.2495
163.210,4.0032,9.3640,-4.2495
163.222,4.0032,9.3640,-4.2728
163.237,4.0032,9.3640,-4.2728
163.246,4.0032,9.3640,-4.2962
163.256,4.0032,9.3640,-4.2962
163.266,4.0032,9.3640,-4.3195
163.276,4.0032,9.3640,-4.3195
163.285,4.0032,9.3640,-4.3428
163.295,4.0032,9.3640,-4.3428
163.303,4.0032,9.3640,-4.3662
163.313,4.0032,9.3640,-4.3662
163.320,4.0032,9.3640,-4.3895
163.329,4.0032,9.3640,-4.3895
163.337,4.0032,9.3640,-4.3895
163.345,4.0032,9.3640,-4.4128
163.354,4.0032,9.3640,-4.4128
163.361,4.0032,9.3640,-4.4362
163.370,4.0032,9.3640,-4.4362
163.378,4.0032,9.3640,-4.4362
163.385,4.0032,9.3640,-4.4595
163.393,4.0032,9.3640,-4.4595
163.402,4.0032,9.3640,-4.4828
163.411,4.0032,9.3640,-4.4828
163.419,4.0032,9.3640,-4.5062
163.427,4.0032,9.3640,-4.5062
163.435,4.0032,9.3640,-4.5062
163.442,4.0032,9.3640,-4.5295
163.451,4.0032,9.3640,-4.5295
163.458,4.0032,9.3640,-4.5295
163.467,4.0032,9.3640,-4.5528
163.477,4.0032,9.3640,-4.5528
163.485,4.0032,9.3640,-4.5762
163.494,4.0032,9.3640,-4.5762
163.504,4.0032,9.3640,-4.5995
163.512,4.0032,9.3640,-4.5995
163.520,4.0032,9.3640,-4.6228
163.529,4.0032,9.3640,-4.6228
163.537,4.0032,9.3640,-4.6228
163.544,4.0032,9.3640,-4.6462
163.553,4.0032,9.3640,-4.6462
163.561,4.0032,9.3640,-4.6695
163.571,4.0032,9.3640,-4.6695
163.578,4.0032,9.3640,-4.6695
163.586,4.0032,9.3640,-4.6928
163.596,4.0032,9.3640,-4.6928
163.604,4.0032,9.3640,-4.7162
163.613,4.0032,9.3640,-4.7162
163.620,4.0032,9.3640,-4.7395
163.630,4.0032,9.3640,-4.7395
163.637,4.0032,9.3640,-4.7395
163.647,4.0032,9.3640,-4.7628
163.656,4.0032,9.3640,-4.7628
163.662,4.0032,9.3640,-4.7862
163.672,4.0032,9.3640,-4.7862
163.679,4.0032,9.3640,-4.8095
163.687,4.0032,9.3640,-4.8095
163.694,4.0032,9.3640,-4.8095
163.703,4.0032,9.3640,-4.8328
163.711,4.0032,9.3640,-4.8328
163.718,4.0032,9.3640,-4.8562
163.726,4.0032,9.3640,-4.8562
163.735,4.0032,9.3640,-4.8562
163.742,4.0032,9.3640,-4.8795
163.751,4.0032,9.3640,-4.8795
163.758,4.0032,9.3640,-4.8795
163.766,4.0032,9.3640,-4.9028
163.775,4.0032,9.3640,-4.9028
163.782,4.0032,9.3640,-4.9262
163.791,4.0032,9.3640,-4.9262
163.798,4.0032,9.3640,-4.9262
163.809,4.0032,9.3640,-4.9495
163.819,4.0032,9.3640,-4.9728
163.828,4.0032,9.3640,-4.9728
163.837,4.0032,9.3640,-4.9728
163.843,4.0032,9.3640,-4.9962
163.853,4.0032,9.3640,-4.9962
163.860,4.0032,9.3640,-5.0195
163.870,4.0032,9.3640,-5.0195
163.877,4.0032,9.3640,-5.0195
163.886,4.0032,9.3640,-5.0428
163.897,4.0032,9.3640,-5.0428
163.904,4.0032,9.3640,-5.0662
163.912,4.0032,9.3640,-5.0662
163.920,4.0032,9.3640,-5.0895
163.928,4.0032,9.3640,-5.0895
163.936,4.0032,9.3640,-5.0895
163.942,4.0032,9.3640,-5.1128
163.951,4.0032,9.3640,-5.1128
163.958,4.0032,9.3640,-5.1128
163.966,4.0032,9.3640,-5.1362
163.976,4.0032,9.3640,-5.1362
163.983,4.0032,9.3640,-5.1595
163.992,4.0032,9.3640,-5.1595
164.000,4.0032,9.3640,-5.1828
164.010,4.0032,9.3640,-5.1828
164.019,4.0032,9.3640,-5.2062
164.028,4.0032,9.3640,-5.2062
164.037,4.0032,9.3640,-5.2062
164.044,4.0032,9.3640,-5.2295
164.054,4.0032,9.3640,-5.2295
164.061,4.0032,9.3640,-5.2529
164.072,4.0032,9.3640,-5.2529
164.079,4.0032,9.3640,-5.2762
164.089,4.0032,9.3640,-5.2762
164.096,4.0032,9.3640,-5.2762
164.105,4.0032,9.3640,-5.2995
164.115,4.0032,9.3640,-5.2995
164.123,4.0032,9.3640,-5.3229
164.133,4.0032,9.3640,-5.3229
164.141,4.0032,9.3640,-5.3462
164.151,4.0032,9.3640,-5.3462
164.158,4.0032,9.3640,-5.3695
164.169,4.0032,9.3640,-5.3695
164.178,4.0032,9.3640,-5.3695
164.186,4.0032,9.3640,-5.3929
164.196,4.0032,9.3640,-5.3929
164.205,4.0032,9.3640,-5.4162
164.215,4.0032,9.3640,-5.4162
164.224,4.0032,9.3640,-5.4395
164.234,4.0032,9.3640,-5.4395
164.243,4.0032,9.3640,-5.4629
164.253,4.0032,9.3640,-5.4629
164.261,4.0032,9.3640,-5.4862
164.272,4.0032,9.3640,-5.4862
164.279,4.0032,9.3640,-5.5095
164.290,4.0032,9.3640,-5.5095
164.299,4.0032,9.3640,-5.5329
164.310,4.0032,9.3640,-5.5329
164.319,4.0032,9.3640,-5.5562
164.328,4.0032,9.3640,-5.5562
164.338,4.0032,9.3640,-5.5562
164.345,4.0032,9.3640,-5.5795
164.355,4.0032,9.3640,-5.5795
164.362,4.0032,9.3640,-5.6028
164.372,4.0032,9.3640,-5.6028
164.381,4.0032,9.3640,-5.6260
164.390,4.0032,9.3640,-5.6260
164.399,4.0032,9.3640,-5.6491
164.408,4.0032,9.3640,-5.6491
164.417,4.0032,9.3640,-5.6491
164.425,4.0032,9.3640,-5.6719
164.435,4.0032,9.3640,-5.6719
164.443,4.0032,9.3640,-5.6943
164.453,4.0032,9.3640,-5.6943
164.461,4.0032,9.3640,-5.7162
164.472,4.0032,9.3640,-5.7162
164.480,4.0032,9.3640,-5.7376
164.490,4.0032,9.3640,-5.7376
164.499,4.0032,9.3640,-5.7584
164.509,4.0032,9.3640,-5.7584
164.517,4.0032,9.3640,-5.7584
164.526,4.0032,9.3640,-5.7786
164.535,4.0032,9.3640,-5.7786
164.544,4.0032,9.3640,-5.7985
164.554,4.0032,9.3640,-5.7985
164.561,4.0032,9.3640,-5.8180
164.571,4.0032,9.3640,-5.8180
164.578,4.0032,9.3640,-5.8372
164.588,4.0032,9.3640,-5.8372
164.595,4.0032,9.3640,-5.8372
164.603,4.0032,9.3640,-5.8560
164.612,4.0032,9.3640,-5.8560
164.620,4.0032,9.3640,-5.8743
164.629,4.0032,9.3640,-5.8743
164.637,4.0032,9.3640,-5.8743
164.645,4.0032,9.3640,-5.8838
164.653,4.0032,9.3640,-5.8838
164.661,4.0032,9.3640,-5.8929
164.672,4.0032,9.3640,-5.8929
164.680,4.0032,9.3640,-5.9015
164.689,4.0032,9.3640,-5.9015
164.696,4.0032,9.3640,-5.9015
164.705,4.0032,9.3640,-5.9092
164.713,4.0032,9.3640,-5.9092
164.720,4.0032,9.3640,-5.9163
164.730,4.0032,9.3640,-5.9163
164.738,4.0032,9.3640,-5.9163
164.746,4.0032,9.3640,-5.9195
164.754,4.0032,9.3640,-5.9195
164.763,4.0032,9.3640,-5.9222
164.772,4.0032,9.3640,-5.9222
164.779,4.0032,9.3640,-5.9246
164.789,4.0032,9.3640,-5.9246
164.797,4.0032,9.3640,-5.9246
164.806,4.0032,9.3640,-5.9253
164.815,4.0032,9.3640,-5.9253
164.824,4.0032,9.3640,-5.9258
164.834,4.0032,9.3640,-5.9258
164.842,4.0032,9.3640,-5.9262
164.851,4.0032,9.3640,-5.9262
164.859,4.0032,9.3640,-5.9262
164.871,4.0032,9.3640,-5.9262
164.878,4.0032,9.3640,-5.9262
164.887,4.0032,9.3640,-5.9262
164.897,4.0032,9.3640,-5.9262
164.906,4.0032,9.3640,-5.9262
164.915,4.0032,9.3640,-5.9262
164.923,4.0032,9.3640,-5.9262
164.933,4.0032,9.3640,-5.9262
164.941,4.0032,9.3640,-5.9262
164.949,4.0032,9.3640,-5.9262
164.958,4.0032,9.3640,-5.9262
164.966,4.0032,9.3640,-5.9262
164.976,4.0032,9.3640,-5.9262
164.985,4.0032,9.3640,-5.9262
164.994,4.0032,9.3640,-5.9262
165.004,4.0032,9.3640,-5.9262
165.014,4.0032,9.3640,-5.9262
165.022,4.0032,9.3640,-5.9262
165.031,4.0032,9.3640,-5.9262
165.040,4.0032,9.3640,-5.9262
165.049,4.0032,9.3640,-5.9262
165.057,4.0032,9.3640,-5.9262
165.066,4.0032,9.3640,-5.9262
165.076,4.0032,9.3640,-5.9262
165.083,4.0032,9.3640,-5.9262
165.092,4.0032,9.3640,-5.9262
165.100,4.0032,9.3640,-5.9262
165.109,4.0032,9.3640,-5.9262
165.116,4.0032,9.3640,-5.9262
165.125,4.0032,9.3640,-5.9262
165.134,4.0032,9.3640,-5.9262
165.141,4.0032,9.3640,-5.9262
165.148,4.0032,9.3640,-5.9262
165.157,4.0032,9.3640,-5.9262
165.166,4.0032,9.3640,-5.9262
165.174,4.0032,9.3640,-5.9262
165.182,4.0032,9.3640,-5.9262
165.190,4.0032,9.3640,-5.9262
165.199,4.0032,9.3640,-5.9262
165.207,4.0032,9.3640,-5.9262
165.215,4.0032,9.3640,-5.9262
165.222,4.0032,9.3640,-5.9262
165.230,4.0032,9.3640,-5.9262
165.239,4.0032,9.3640,-5.9262
165.248,4.0032,9.3640,-5.9262
165.256,4.0032,9.3640,-5.9262
165.264,4.0032,9.3640,-5.9265
165.273,4.0032,9.3640,-5.9265
165.282,4.0032,9.3640,-5.9271
165.291,4.0032,9.3640,-5.9271
165.300,4.0032,9.3640,-5.9279
165.310,4.0032,9.3640,-5.9279
165.319,4.0032,9.3640,-5.9305
165.329,4.0032,9.3640,-5.9305
165.339,4.0032,9.3640,-5.9335
165.349,4.0032,9.3640,-5.9335
165.358,4.0032,9.3640,-5.9335
165.369,4.0032,9.3640,-5.9366
165.379,4.0032,9.3640,-5.9398
165.390,4.0032,9.3640,-5.9398
165.409,4.0032,9.3640,-5.9429
165.420,4.0032,9.3640,-5.9460
165.431,4.0032,9.3640,-5.9460
165.441,4.0032,9.3640,-5.9490
165.452,4.0032,9.3640,-5.9490
165.461,4.0032,9.3640,-5.9521
165.473,4.0032,9.3640,-5.9521
165.482,4.0032,9.3640,-5.9551
165.493,4.0032,9.3640,-5.9551
165.503,4.0032,9.3640,-5.9582
165.514,4.0032,9.3640,-5.9582
165.523,4.0032,9.3640,-5.9611
165.532,4.0032,9.3640,-5.9611
165.541,4.0032,9.3640,-5.9640
165.553,4.0032,9.3640,-5.9640
165.561,4.0032,9.3640,-5.9668
165.572,4.0032,9.3640,-5.9668
165.582,4.0032,9.3640,-5.9693
165.592,4.0032,9.3640,-5.9693
165.604,4.0032,9.3640,-5.9715
165.614,4.0032,9.3640,-5.9715
165.623,4.0032,9.3640,-5.9723
165.633,4.0032,9.3640,-5.9723
165.642,4.0032,9.3640,-5.9729
165.652,4.0032,9.3640,-5.9729
165.659,4.0032,9.3640,-5.9735
165.671,4.0032,9.3640,-5.9735
165.679,4.0032,9.3640,-5.9740
165.689,4.0032,9.3640,-5.9740
165.698,4.0032,9.3640,-5.9740
165.707,4.0032,9.3640,-5.9745
165.718,4.0032,9.3640,-5.9745
165.726,4.0032,9.3640,-5.9750
165.737,4.0032,9.3640,-5.9750
165.745,4.0032,9.3640,-5.9754
165.754,4.0032,9.3640,-5.9754
165.762,4.0032,9.3640,-5.9759
165.774,4.0032,9.3640,-5.9759
165.781,4.0032,9.3640,-5.9764
165.793,4.0032,9.3640,-5.9764
165.802,4.0032,9.3640,-5.9769
165.812,4.0032,9.3640,-5.9769
165.821,4.0032,9.3640,-5.9774
165.829,4.0032,9.3640,-5.9774
165.838,4.0032,9.3640,-5.9774
165.846,4.0032,9.3640,-5.9780
165.856,4.0032,9.3640,-5.9780
165.864,4.0032,9.3640,-5.9785
165.874,4.0032,9.3640,-5.9785
165.881,4.0032,9.3640,-5.9791
165.891,4.0032,9.3640,-5.9791
165.898,4.0032,9.3640,-5.9791
165.908,4.0032,9.3640,-5.9799
165.917,4.0032,9.3640,-5.9799
165.924,4.0032,9.3640,-5.9807
165.932,4.0032,9.3640,-5.9807
165.940,4.0032,9.3640,-5.9831
165.950,4.0032,9.3640,-5.9831
165.958,4.0032,9.3640,-5.9831
165.966,4.0032,9.3640,-5.9858
165.976,4.0032,9.3640,-5.9858
165.985,4.0032,9.3640,-5.9886
165.994,4.0032,9.3640,-5.9886
166.002,4.0032,9.3640,-5.9915
166.012,4.0032,9.3640,-5.9915
166.020,4.0032,9.3640,-5.9943
166.029,4.0032,9.3640,-5.9943
166.037,4.0032,9.3640,-5.9943
166.046,4.0032,9.3640,-5.9970
166.055,4.0032,9.3640,-5.9970
166.062,4.0032,9.3640,-5.9996
166.073,4.0032,9.3640,-5.9996
166.081,4.0032,9.3640,-6.0022
166.091,4.0032,9.3640,-6.0022
166.099,4.0032,9.3640,-6.0047
166.109,4.0032,9.3640,-6.0047
166.117,4.0032,9.3640,-6.0047
166.125,4.0032,9.3640,-6.0070
166.135,4.0032,9.3640,-6.0070
166.143,4.0032,9.3640,-6.0093
166.153,4.0032,9.3640,-6.0093
166.161,4.0032,9.3640,-6.0101
166.172,4.0032,9.3640,-6.0101
166.180,4.0032,9.3640,-6.0108
166.190,4.0032,9.3640,-6.0108
166.198,4.0032,9.3640,-6.0115
166.207,4.0032,9.3640,-6.0115
166.215,4.0032,9.3640,-6.0115
166.224,4.0032,9.3640,-6.0120
166.234,4.0032,9.3640,-6.0120
166.242,4.0032,9.3640,-6.0125
166.252,4.0032,9.3640,-6.0125
166.260,4.0032,9.3640,-6.0129
166.271,4.0032,9.3640,-6.0129
166.279,4.0032,9.3640,-6.0133
166.288,4.0032,9.3640,-6.0133
166.294,4.0032,9.3640,-6.0133
166.304,4.0032,9.3640,-6.0136
166.313,4.0032,9.3640,-6.0136
166.322,4.0032,9.3640,-6.0139
166.331,4.0032,9.3640,-6.0139
166.339,4.0032,9.3640,-6.0142
166.348,4.0032,9.3640,-6.0142
166.356,4.0032,9.3640,-6.0142
166.364,4.0032,9.3640,-6.0145
166.372,4.0032,9.3640,-6.0145
166.379,4.0032,9.3640,-6.0148
166.388,4.0032,9.3640,-6.0148
166.395,4.0032,9.3640,-6.0148
166.405,4.0032,9.3640,-6.0151
166.413,4.0032,9.3640,-6.0151
166.421,4.0032,9.3640,-6.0154
166.431,4.0032,9.3640,-6.0154
166.439,4.0032,9.3640,-6.0157
166.449,4.0032,9.3640,-6.0157
166.457,4.0032,9.3640,-6.0157
166.465,4.0032,9.3640,-6.0160
166.474,4.0032,9.3640,-6.0160
166.482,4.0032,9.3640,-6.0163
166.492,4.0032,9.3640,-6.0163
166.500,4.0032,9.3640,-6.0166
166.510,4.0032,9.3640,-6.0166
166.518,4.0032,9.3640,-6.0166
166.527,4.0032,9.3640,-6.0169
166.536,4.0032,9.3640,-6.0169
166.544,4.0032,9.3640,-6.0172
166.555,4.0032,9.3640,-6.0172
166.562,4.0032,9.3640,-6.0174
166.572,4.0032,9.3640,-6.0174
166.579,4.0032,9.3640,-6.0177
166.589,4.0032,9.3640,-6.0177
166.597,4.0032,9.3640,-6.0177
166.607,4.0032,9.3640,-6.0177
166.616,4.0032,9.3640,-6.0177
166.625,4.0032,9.3640,-6.0177
166.635,4.0032,9.3640,-6.0177
166.644,4.0032,9.3640,-6.0177
166.653,4.0032,9.3640,-6.0177
166.661,4.0032,9.3640,-6.0177
166.673,4.0032,9.3640,-6.0177
166.682,4.0032,9.3640,-6.0177
166.691,4.0032,9.3640,-6.0177
166.701,4.0032,9.3640,-6.0177
166.710,4.0032,9.3640,-6.0177
166.718,4.0032,9.3640,-6.0177
166.727,4.0032,9.3640,-6.0177
166.736,4.0032,9.3640,-6.0177
166.744,4.0032,9.3640,-6.0177
166.753,4.0032,9.3640,-6.0177
166.760,4.0032,9.3640,-6.0177
166.770,4.0032,9.3640,-6.0177
166.779,4.0032,9.3640,-6.0177
166.788,4.0032,9.3640,-6.0177
166.797,4.0032,9.3640,-6.0177
166.806,4.0032,9.3640,-6.0177
166.816,4.0032,9.3640,-6.0177
166.826,4.0032,9.3640,-6.0177
166.837,4.0032,9.3640,-6.0177
166.845,4.0032,9.3640,-6.0177
166.856,4.0032,9.3640,-6.0177
166.864,4.0032,9.3640,-6.0177
166.874,4.0032,9.3640,-6.0177
166.883,4.0032,9.3640,-6.0177
166.892,4.0032,9.3640,-6.0177
166.901,4.0032,9.3640,-6.0174
166.912,4.0032,9.3640,-6.0174
166.921,4.0032,9.3640,-6.0170
166.931,4.0032,9.3640,-6.0170
166.939,4.0032,9.3640,-6.0165
166.949,4.0032,9.3640,-6.0165
166.957,4.0032,9.3640,-6.0165
166.966,4.0032,9.3640,-6.0158
166.976,4.0032,9.3640,-6.0158
166.984,4.0032,9.3640,-6.0151
166.993,4.0032,9.3640,-6.0151
167.002,4.0032,9.3640,-6.0144
167.012,4.0032,9.3640,-6.0144
167.020,4.0032,9.3640,-6.0137
167.030,4.0032,9.3640,-6.0137
167.041,4.0032,9.3640,-6.0131
167.050,4.0032,9.3640,-6.0131
167.058,4.0032,9.3640,-6.0131
167.068,4.0032,9.3640,-6.0126
167.077,4.0032,9.3640,-6.0126
167.085,4.0032,9.3640,-6.0123
167.094,4.0032,9.3640,-6.0123
167.102,4.0032,9.3640,-6.0120
167.110,4.0032,9.3640,-6.0120
167.120,4.0032,9.3640,-6.0120
167.129,4.0032,9.3640,-6.0120
167.138,4.0032,9.3640,-6.0120
167.145,4.0032,9.3640,-6.0120
167.154,4.0032,9.3640,-6.0120
167.161,4.0032,9.3640,-6.0120
167.171,4.0032,9.3640,-6.0120
167.179,4.0032,9.3640,-6.0120
167.187,4.0032,9.3640,-6.0120
167.195,4.0032,9.3640,-6.0120
167.202,4.0032,9.3640,-6.0120
167.211,4.0032,9.3640,-6.0120
167.221,4.0032,9.3640,-6.0120
167.229,4.0032,9.3640,-6.0120
167.239,4.0032,9.3640,-6.0120
167.248,4.0032,9.3640,-6.0120
167.256,4.0032,9.3640,-6.0120
167.263,4.0032,9.3640,-6.0120
167.272,4.0032,9.3640,-6.0120
167.279,4.0032,9.3640,-6.0120
167.288,4.0032,9.3640,-6.0120
167.295,4.0032,9.3640,-6.0120
167.304,4.0032,9.3640,-6.0120
167.312,4.0032,9.3640,-6.0120
167.321,4.0032,9.3640,-6.0120
167.330,4.0032,9.3640,-6.0120
167.339,4.0032,9.3640,-6.0120
167.348,4.0032,9.3640,-6.0120
167.356,4.0032,9.3640,-6.0120
167.364,4.0032,9.3640,-6.0120
167.373,4.0032,9.3640,-6.0120
167.381,4.0032,9.3640,-6.0120
167.389,4.0032,9.3640,-6.0120
167.398,4.0032,9.3640,-6.0120
167.406,4.0032,9.3640,-6.0120
167.414,4.0032,9.3640,-6.0120
167.423,4.0032,9.3640,-6.0120
167.432,4.0032,9.3640,-6.0120
167.440,4.0032,9.3640,-6.0120
167.447,4.0032,9.3640,-6.0120
167.456,4.0032,9.3640,-6.0120
167.463,4.0032,9.3640,-6.0116
167.474,4.0032,9.3640,-6.0116
167.481,4.0032,9.3640,-6.0111
167.491,4.0032,9.3640,-6.0111
167.498,4.0032,9.3640,-6.0111
167.507,4.0032,9.3640,-6.0105
167.515,4.0032,9.3640,-6.0105
167.523,4.0032,9.3640,-6.0099
167.531,4.0032,9.3640,-6.0099
167.540,4.0032,9.3640,-6.0093
167.548,4.0032,9.3640,-6.0093
167.557,4.0032,9.3640,-6.0093
167.563,4.0032,9.3640,-6.0088
167.573,4.0032,9.3640,-6.0088
167.581,4.0032,9.3640,-6.0084
167.590,4.0032,9.3640,-6.0084
167.597,4.0032,9.3640,-6.0084
167.607,4.0032,9.3640,-6.0084
167.617,4.0032,9.3640,-6.0084
167.624,4.0032,9.3640,-6.0084
167.633,4.0032,9.3640,-6.0084
167.642,4.0032,9.3640,-6.0084
167.657,4.0032,9.3640,-6.0084
167.665,4.0032,9.3640,-6.0084
167.673,4.0032,9.3640,-6.0084
167.681,4.0032,9.3640,-6.0084
167.689,4.0032,9.3640,-6.0084
167.696,4.0032,9.3640,-6.0084
167.705,4.0032,9.3640,-6.0084
167.713,4.0032,9.3640,-6.0084
167.722,4.0032,9.3640,-6.0084
167.731,4.0032,9.3640,-6.0084
167.739,4.0032,9.3640,-6.0084
167.747,4.0032,9.3640,-6.0084
167.755,4.0032,9.3640,-6.0084
167.762,4.0032,9.3640,-6.0084
167.771,4.0032,9.3640,-6.0084
167.778,4.0032,9.3640,-6.0084
167.787,4.0032,9.3640,-6.0084
167.794,4.0032,9.3640,-6.0084
167.803,4.0032,9.3640,-6.0084
167.811,4.0032,9.3640,-6.0084
167.819,4.0032,9.3640,-6.0084
167.828,4.0032,9.3640,-6.0084
167.836,4.0032,9.3640,-6.0084
167.845,4.0032,9.3640,-6.0084
167.854,4.0032,9.3640,-6.0084
167.862,4.0032,9.3640,-6.0084
167.873,4.0032,9.3640,-6.0084
167.880,4.0032,9.3640,-6.0084
167.890,4.0032,9.3640,-6.0084
167.899,4.0032,9.3640,-6.0084
167.909,4.0032,9.3640,-6.0084
167.917,4.0032,9.3640,-6.0084
167.927,4.0032,9.3640,-6.0084
167.937,4.0032,9.3640,-6.0084
167.945,4.0032,9.3640,-6.0081
167.954,4.0032,9.3640,-6.0081
167.962,4.0032,9.3640,-6.0075
167.972,4.0032,9.3640,-6.0075
167.979,4.0032,9.3640,-6.0069
167.990,4.0032,9.3640,-6.0069
167.998,4.0032,9.3640,-6.0069
168.006,4.0032,9.3640,-6.0044
168.017,4.0032,9.3640,-6.0044
168.024,4.0032,9.3640,-6.0017
168.035,4.0032,9.3640,-6.0017
168.043,4.0032,9.3640,-5.9989
168.054,4.0032,9.3640,-5.9989
168.062,4.0032,9.3640,-5.9962
168.073,4.0032,9.3640,-5.9962
168.082,4.0032,9.3640,-5.9936
168.092,4.0032,9.3640,-5.9936
168.102,4.0032,9.3640,-5.9913
168.113,4.0032,9.3640,-5.9913
168.121,4.0032,9.3640,-5.9905
168.133,4.0032,9.3640,-5.9905
168.143,4.0032,9.3640,-5.9898
168.153,4.0032,9.3640,-5.9898
168.162,4.0032,9.3640,-5.9893
168.173,4.0032,9.3640,-5.9893
168.181,4.0032,9.3640,-5.9889
168.192,4.0032,9.3640,-5.9889
168.200,4.0032,9.3640,-5.9887
168.211,4.0032,9.3640,-5.9887
168.220,4.0032,9.3640,-5.9887
168.229,4.0032,9.3640,-5.9887
168.239,4.0032,9.3640,-5.9887
168.248,4.0032,9.3640,-5.9887
168.257,4.0032,9.3640,-5.9887
168.265,4.0032,9.3640,-5.9887
168.276,4.0032,9.3640,-5.9887
168.284,4.0032,9.3640,-5.9887
168.294,4.0032,9.3640,-5.9887
168.305,4.0032,9.3640,-5.9887
168.313,4.0032,9.3640,-5.9887
168.322,4.0032,9.3640,-5.9887
168.333,4.0032,9.3640,-5.9887
168.341,4.0032,9.3640,-5.9887
168.350,4.0032,9.3640,-5.9887
168.358,4.0032,9.3640,-5.9887
168.366,4.0032,9.3640,-5.9887
168.374,4.0032,9.3640,-5.9887
168.382,4.0032,9.3640,-5.9887
168.391,4.0032,9.3640,-5.9887
168.400,4.0032,9.3640,-5.9887
168.409,4.0032,9.3640,-5.9887
168.418,4.0032,9.3640,-5.9887
168.426,4.0032,9.3640,-5.9887
168.435,4.0032,9.3640,-5.9887
168.442,4.0032,9.3640,-5.9887
168.451,4.0032,9.3640,-5.9887
168.459,4.0032,9.3640,-5.9887
168.467,4.0032,9.3640,-5.9887
168.475,4.0032,9.3640,-5.9887
168.482,4.0032,9.3640,-5.9887
168.491,4.0032,9.3640,-5.9887
168.499,4.0032,9.3640,-5.9887
168.508,4.0032,9.3640,-5.9887
168.517,4.0032,9.3640,-5.9887
168.525,4.0032,9.3640,-5.9887
168.534,4.0032,9.3640,-5.9887
168.542,4.0032,9.3640,-5.9887
168.551,4.0032,9.3640,-5.9887
168.559,4.0032,9.3640,-5.9887
168.568,4.0032,9.3640,-5.9887
168.576,4.0032,9.3640,-5.9887
168.584,4.0032,9.3640,-5.9890
168.594,4.0032,9.3640,-5.9890
168.602,4.0032,9.3640,-5.9895
168.612,4.0032,9.3640,-5.9895
168.620,4.0032,9.3640,-5.9901
168.629,4.0032,9.3640,-5.9901
168.638,4.0032,9.3640,-5.9901
168.646,4.0032,9.3640,-5.9909
168.656,4.0032,9.3640,-5.9909
168.663,4.0032,9.3640,-5.9917
168.674,4.0032,9.3640,-5.9917
168.682,4.0032,9.3640,-5.9924
168.692,4.0032,9.3640,-5.9924
168.700,4.0032,9.3640,-5.9932
168.710,4.0032,9.3640,-5.9932
168.718,4.0032,9.3640,-5.9938
168.727,4.0032,9.3640,-5.9938
168.737,4.0032,9.3640,-5.9938
168.744,4.0032,9.3640,-5.9944
168.753,4.0032,9.3640,-5.9944
168.760,4.0032,9.3640,-5.9949
168.771,4.0032,9.3640,-5.9949
168.778,4.0032,9.3640,-5.9949
168.787,4.0032,9.3640,-5.9953
168.797,4.0032,9.3640,-5.9953
168.806,4.0032,9.3640,-5.9955
168.816,4.0032,9.3640,-5.9955
168.824,4.0032,9.3640,-5.9955
168.834,4.0032,9.3640,-5.9955
168.843,4.0032,9.3640,-5.9955
168.853,4.0032,9.3640,-5.9955
168.861,4.0032,9.3640,-5.9955
168.872,4.0032,9.3640,-5.9955
168.880,4.0032,9.3640,-5.9955
168.888,4.0032,9.3640,-5.9955
168.896,4.0032,9.3640,-5.9955
168.905,4.0032,9.3640,-5.9955
168.913,4.0032,9.3640,-5.9955
168.922,4.0032,9.3640,-5.9955
168.932,4.0032,9.3640,-5.9955
168.940,4.0032,9.3640,-5.9955
168.949,4.0032,9.3640,-5.9955
168.957,4.0032,9.3640,-5.9955
168.965,4.0032,9.3640,-5.9955
168.974,4.0032,9.3640,-5.9955
168.982,4.0032,9.3640,-5.9955
168.991,4.0032,9.3640,-5.9955
169.000,4.0032,9.3640,-5.9955
169.009,4.0032,9.3640,-5.9955
169.017,4.0032,9.3640,-5.9955
169.025,4.0032,9.3640,-5.9955
169.035,4.0032,9.3640,-5.9955
169.042,4.0032,9.3640,-5.9955
169.052,4.0032,9.3640,-5.9955
169.061,4.0032,9.3640,-5.9955
169.071,4.0032,9.3640,-5.9955
169.079,4.0032,9.3640,-5.9955
169.088,4.0032,9.3640,-5.9955
169.096,4.0032,9.3640,-5.9955
169.104,4.0032,9.3640,-5.9955
169.113,4.0032,9.3640,-5.9955
169.121,4.0032,9.3640,-5.9955
169.131,4.0032,9.3640,-5.9955
169.140,4.0032,9.3640,-5.9955
169.150,4.0032,9.3640,-5.9955
169.159,4.0032,9.3640,-5.9955
169.168,4.0032,9.3640,-5.9955
169.176,4.0032,9.3640,-5.9955
169.186,4.0032,9.3640,-5.9955
169.194,4.0032,9.3640,-5.9955
169.205,4.0032,9.3640,-5.9955
169.214,4.0032,9.3640,-5.9955
169.222,4.0032,9.3640,-5.9955
169.232,4.0032,9.3640,-5.9955
169.240,4.0032,9.3640,-5.9955
169.250,4.0032,9.3640,-5.9955
169.259,4.0032,9.3640,-5.9955
169.270,4.0032,9.3640,-5.9955
169.278,4.0032,9.3640,-5.9955
169.287,4.0032,9.3640,-5.9955
169.295,4.0032,9.3640,-5.9955
169.305,4.0032,9.3640,-5.9955
169.315,4.0032,9.3640,-5.9955
169.324,4.0032,9.3640,-5.9955
169.335,4.0032,9.3640,-5.9955
169.345,4.0032,9.3640,-5.9955
169.356,4.0032,9.3640,-5.9955
169.366,4.0032,9.3640,-5.9955
169.376,4.0032,9.3640,-5.9955
169.386,4.0032,9.3640,-5.9955
169.397,4.0032,9.3640,-5.9955
169.405,4.0032,9.3640,-5.9955
169.415,4.0032,9.3640,-5.9955
169.425,4.0032,9.3640,-5.9955
169.435,4.0032,9.3640,-5.9955
169.443,4.0032,9.3640,-5.9955
169.453,4.0032,9.3640,-5.9955
169.461,4.0032,9.3640,-5.9955
169.473,4.0032,9.3640,-5.9955
169.480,4.0032,9.3640,-5.9955
169.490,4.0032,9.3640,-5.9955
169.498,4.0032,9.3640,-5.9955
169.508,4.0032,9.3640,-5.9955
169.518,4.0032,9.3640,-5.9955
169.526,4.0032,9.3640,-5.9955
169.537,4.0032,9.3640,-5.9955
169.545,4.0032,9.3640,-5.9955
169.554,4.0032,9.3640,-5.9955
169.563,4.0032,9.3640,-5.9955
169.573,4.0032,9.3640,-5.9955
169.582,4.0032,9.3640,-5.9955
169.592,4.0032,9.3640,-5.9955
169.601,4.0032,9.3640,-5.9955
169.612,4.0032,9.3640,-5.9955
169.620,4.0032,9.3640,-5.9955
169.629,4.0032,9.3640,-5.9955
169.638,4.0032,9.3640,-5.9955
169.645,4.0032,9.3640,-5.9955
169.653,4.0032,9.3640,-5.9955
169.662,4.0032,9.3640,-5.9955
169.671,4.0032,9.3640,-5.9955
169.679,4.0032,9.3639,-5.9955
169.688,4.0032,9.3639,-5.9955
169.696,4.0032,9.3639,-5.9955
169.705,4.0032,9.3639,-5.9955
169.714,4.0032,9.3639,-5.9955
169.722,4.0032,9.3638,-5.9955
169.731,4.0032,9.3638,-5.9955
169.739,4.0032,9.3635,-5.9955
169.749,4.0032,9.3635,-5.9955
169.757,4.0032,9.3635,-5.9955
169.765,4.0032,9.3632,-5.9955
169.774,4.0032,9.3632,-5.9955
169.782,4.0032,9.3629,-5.9955
169.791,4.0032,9.3629,-5.9955
169.800,4.0032,9.3622,-5.9955
169.810,4.0032,9.3622,-5.9955
169.818,4.0032,9.3622,-5.9955
169.826,4.0032,9.3613,-5.9955
169.836,4.0032,9.3613,-5.9955
169.844,4.0032,9.3605,-5.9955
169.855,4.0032,9.3605,-5.9955
169.863,4.0032,9.3595,-5.9955
169.873,4.0032,9.3595,-5.9955
169.881,4.0032,9.3586,-5.9955
169.892,4.0032,9.3586,-5.9955
169.899,4.0032,9.3576,-5.9955
169.917,4.0032,9.3576,-5.9955
169.926,4.0032,9.3566,-5.9955
169.939,4.0032,9.3545,-5.9955
169.950,4.0032,9.3545,-5.9955
169.959,4.0032,9.3523,-5.9955
169.970,4.0032,9.3523,-5.9955
169.978,4.0032,9.3523,-5.9955
169.987,4.0032,9.3501,-5.9955
169.996,4.0032,9.3501,-5.9955
170.006,4.0032,9.3478,-5.9955
170.017,4.0032,9.3478,-5.9955
170.025,4.0032,9.3455,-5.9955
170.035,4.0032,9.3455,-5.9955
170.042,4.0032,9.3431,-5.9955
170.053,4.0032,9.3431,-5.9955
170.060,4.0032,9.3407,-5.9955
170.072,4.0032,9.3407,-5.9955
170.080,4.0032,9.3382,-5.9955
170.090,4.0032,9.3382,-5.9955
170.098,4.0032,9.3357,-5.9955
170.109,4.0032,9.3357,-5.9955
170.118,4.0032,9.3357,-5.9955
170.126,4.0032,9.3331,-5.9955
170.137,4.0032,9.3331,-5.9955
170.145,4.0032,9.3305,-5.9955
170.156,4.0032,9.3305,-5.9955
170.164,4.0032,9.3279,-5.9955
170.175,4.0032,9.3279,-5.9955
170.182,4.0032,9.3252,-5.9955
170.192,4.0032,9.3252,-5.9955
170.200,4.0032,9.3225,-5.9955
170.211,4.0032,9.3225,-5.9955
170.220,4.0032,9.3199,-5.9955
170.230,4.0032,9.3199,-5.9955
170.239,4.0032,9.3172,-5.9955
170.249,4.0032,9.3172,-5.9955
170.257,4.0032,9.3172,-5.9955
170.265,4.0032,9.3145,-5.9955
170.274,4.0032,9.3145,-5.9955
170.283,4.0032,9.3119,-5.9955
170.292,4.0032,9.3119,-5.9955
170.301,4.0032,9.3092,-5.9955
170.310,4.0032,9.3092,-5.9955
170.319,4.0032,9.3065,-5.9955
170.329,4.0032,9.3065,-5.9955
170.338,4.0032,9.3039,-5.9955
170.349,4.0032,9.3039,-5.9955
170.357,4.0032,9.3039,-5.9955
170.365,4.0032,9.3012,-5.9955
170.376,4.0032,9.3012,-5.9955
170.383,4.0032,9.2985,-5.9955
170.394,4.0032,9.2985,-5.9955
170.405,4.0032,9.2959,-5.9955
170.415,4.0032,9.2959,-5.9955
170.424,4.0032,9.2932,-5.9955
170.435,4.0032,9.2932,-5.9955
170.443,4.0032,9.2905,-5.9955
170.454,4.0032,9.2905,-5.9955
170.462,4.0032,9.2879,-5.9955
170.474,4.0032,9.2879,-5.9955
170.483,4.0032,9.2852,-5.9955
170.493,4.0032,9.2852,-5.9955
170.504,4.0032,9.2825,-5.9955
170.515,4.0032,9.2825,-5.9955
170.523,4.0032,9.2799,-5.9955
170.535,4.0032,9.2799,-5.9955
170.543,4.0032,9.2772,-5.9955
170.554,4.0032,9.2772,-5.9955
170.563,4.0032,9.2745,-5.9955
170.575,4.0032,9.2745,-5.9955
170.583,4.0032,9.2719,-5.9955
170.595,4.0032,9.2719,-5.9955
170.604,4.0032,9.2692,-5.9955
170.615,4.0032,9.2692,-5.9955
170.626,4.0032,9.2665,-5.9955
170.638,4.0032,9.2665,-5.9955
170.647,4.0032,9.2639,-5.9955
170.658,4.0032,9.2612,-5.9955
170.669,4.0032,9.2612,-5.9955
170.678,4.0032,9.2612,-5.9955
170.687,4.0032,9.2585,-5.9955
170.697,4.0032,9.2585,-5.9955
170.706,4.0032,9.2559,-5.9955
170.717,4.0032,9.2559,-5.9955
170.725,4.0032,9.2532,-5.9955
170.736,4.0032,9.2532,-5.9955
170.744,4.0032,9.2505,-5.9955
170.754,4.0032,9.2505,-5.9955
170.763,4.0032,9.2479,-5.9955
170.773,4.0032,9.2479,-5.9955
170.782,4.0032,9.2452,-5.9955
170.792,4.0032,9.2452,-5.9955
170.801,4.0032,9.2425,-5.9955
170.812,4.0032,9.2425,-5.9955
170.821,4.0032,9.2399,-5.9955
170.833,4.0032,9.2399,-5.9955
170.843,4.0032,9.2372,-5.9955
170.855,4.0032,9.2372,-5.9955
170.863,4.0032,9.2345,-5.9955
170.875,4.0032,9.2345,-5.9955
170.882,4.0032,9.2319,-5.9955
170.892,4.0032,9.2319,-5.9955
170.900,4.0032,9.2292,-5.9955
170.910,4.0032,9.2292,-5.9955
170.919,4.0032,9.2265,-5.9955
170.931,4.0032,9.2265,-5.9955
170.939,4.0032,9.2239,-5.9955
170.951,4.0032,9.2239,-5.9955
170.958,4.0032,9.2212,-5.9955
170.968,4.0032,9.2212,-5.9955
170.975,4.0032,9.2212,-5.9955
170.983,4.0032,9.2185,-5.9955
170.992,4.0032,9.2185,-5.9955
171.002,4.0032,9.2159,-5.9955
171.012,4.0032,9.2159,-5.9955
171.020,4.0032,9.2132,-5.9955
171.031,4.0032,9.2132,-5.9955
171.038,4.0032,9.2132,-5.9955
171.046,4.0032,9.2105,-5.9955
171.056,4.0032,9.2105,-5.9955
171.064,4.0032,9.2079,-5.9955
171.075,4.0032,9.2079,-5.9955
171.083,4.0032,9.2052,-5.9955
171.093,4.0032,9.2052,-5.9955
171.102,4.0032,9.2025,-5.9955
171.112,4.0032,9.2025,-5.9955
171.121,4.0032,9.1999,-5.9955
171.129,4.0032,9.1999,-5.9955
171.138,4.0032,9.1999,-5.9955
171.145,4.0032,9.1972,-5.9955
171.154,4.0032,9.1972,-5.9955
171.161,4.0032,9.1945,-5.9955
171.172,4.0032,9.1945,-5.9955
171.179,4.0032,9.1919,-5.9955
171.189,4.0032,9.1919,-5.9955
171.198,4.0032,9.1919,-5.9955
171.206,4.0032,9.1892,-5.9955
171.216,4.0032,9.1892,-5.9955
171.224,4.0032,9.1865,-5.9955
171.234,4.0032,9.1865,-5.9955
171.243,4.0032,9.1839,-5.9955
171.251,4.0032,9.1839,-5.9955
171.259,4.0032,9.1812,-5.9955
171.268,4.0032,9.1812,-5.9955
171.276,4.0032,9.1812,-5.9955
171.283,4.0032,9.1785,-5.9955
171.293,4.0032,9.1785,-5.9955
171.302,4.0032,9.1759,-5.9955
171.311,4.0032,9.1759,-5.9955
171.319,4.0032,9.1732,-5.9955
171.329,4.0032,9.1732,-5.9955
171.338,4.0032,9.1732,-5.9955
171.344,4.0032,9.1705,-5.9955
171.354,4.0032,9.1705,-5.9955
171.362,4.0032,9.1679,-5.9955
171.372,4.0032,9.1679,-5.9955
171.380,4.0032,9.1652,-5.9955
171.390,4.0032,9.1652,-5.9955
171.398,4.0032,9.1652,-5.9955
171.406,4.0032,9.1625,-5.9955
171.416,4.0032,9.1625,-5.9955
171.423,4.0032,9.1599,-5.9955
171.433,4.0032,9.1599,-5.9955
171.440,4.0032,9.1572,-5.9955
171.450,4.0032,9.1572,-5.9955
171.457,4.0032,9.1572,-5.9955
171.465,4.0032,9.1545,-5.9955
171.476,4.0032,9.1545,-5.9955
171.484,4.0032,9.1519,-5.9955
171.493,4.0032,9.1519,-5.9955
171.500,4.0032,9.1492,-5.9955
171.511,4.0032,9.1492,-5.9955
171.519,4.0032,9.1465,-5.9955
171.528,4.0032,9.1465,-5.9955
171.536,4.0032,9.1465,-5.9955
171.544,4.0032,9.1439,-5.9955
171.552,4.0032,9.1439,-5.9955
171.560,4.0032,9.1412,-5.9955
171.571,4.0032,9.1412,-5.9955
171.578,4.0032,9.1412,-5.9955
171.587,4.0032,9.1385,-5.9955
171.595,4.0032,9.1385,-5.9955
171.605,4.0032,9.1359,-5.9955
171.616,4.0032,9.1359,-5.9955
171.625,4.0032,9.1332,-5.9955
171.635,4.0032,9.1332,-5.9955
171.642,4.0032,9.1305,-5.9955
171.652,4.0032,9.1305,-5.9955
171.659,4.0032,9.1279,-5.9955
171.671,4.0032,9.1279,-5.9955
171.678,4.0032,9.1252,-5.9955
171.688,4.0032,9.1252,-5.9955
171.696,4.0032,9.1252,-5.9955
171.705,4.0032,9.1225,-5.9955
171.716,4.0032,9.1225,-5.9955
171.725,4.0032,9.1199,-5.9955
171.736,4.0032,9.1199,-5.9955
171.744,4.0032,9.1172,-5.9955
171.754,4.0032,9.1172,-5.9955
171.763,4.0032,9.1145,-5.9955
171.775,4.0032,9.1145,-5.9955
171.783,4.0032,9.1119,-5.9955
171.793,4.0032,9.1119,-5.9955
171.802,4.0032,9.1092,-5.9955
171.813,4.0032,9.1092,-5.9955
171.822,4.0032,9.1065,-5.9955
171.834,4.0032,9.1065,-5.9955
171.843,4.0032,9.1039,-5.9955
171.855,4.0032,9.1039,-5.9955
171.865,4.0032,9.1012,-5.9955
171.877,4.0032,9.1012,-5.9955
171.886,4.0032,9.0985,-5.9955
171.897,4.0032,9.0985,-5.9955
171.908,4.0032,9.0959,-5.9955
171.920,4.0032,9.0932,-5.9955
171.931,4.0032,9.0932,-5.9955
171.940,4.0032,9.0905,-5.9955
171.951,4.0032,9.0905,-5.9955
171.961,4.0032,9.0879,-5.9955
171.973,4.0032,9.0879,-5.9955
171.983,4.0032,9.0852,-5.9955
171.994,4.0032,9.0852,-5.9955
172.003,4.0032,9.0825,-5.9955
172.014,4.0032,9.0825,-5.9955
172.024,4.0032,9.0799,-5.9955
172.034,4.0032,9.0799,-5.9955
172.043,4.0032,9.0772,-5.9955
172.054,4.0032,9.0772,-5.9955
172.062,4.0032,9.0745,-5.9955
172.073,4.0032,9.0745,-5.9955
172.082,4.0032,9.0719,-5.9955
172.092,4.0032,9.0719,-5.9955
172.102,4.0032,9.0692,-5.9955
172.114,4.0032,9.0692,-5.9955
172.122,4.0032,9.0665,-5.9955
172.134,4.0032,9.0665,-5.9955
172.142,4.0032,9.0639,-5.9955
172.152,4.0032,9.0639,-5.9955
172.160,4.0032,9.0612,-5.9955
172.171,4.0032,9.0612,-5.9955
172.178,4.0032,9.0612,-5.9955
172.186,4.0032,9.0585,-5.9955
172.194,4.0032,9.0585,-5.9955
172.203,4.0032,9.0559,-5.9955
172.220,4.0032,9.0532,-5.9955
172.232,4.0032,9.0532,-5.9955
172.241,4.0032,9.0505,-5.9955
172.250,4.0032,9.0505,-5.9955
172.259,4.0032,9.0479,-5.9955
172.268,4.0032,9.0479,-5.9955
172.276,4.0032,9.0479,-5.9955
172.284,4.0032,9.0452,-5.9955
172.293,4.0032,9.0452,-5.9955
172.301,4.0032,9.0425,-5.9955
172.311,4.0032,9.0425,-5.9955
172.320,4.0032,9.0399,-5.9955
172.329,4.0032,9.0399,-5.9955
172.338,4.0032,9.0399,-5.9955
172.345,4.0032,9.0372,-5.9955
172.356,4.0032,9.0372,-5.9955
172.362,4.0032,9.0345,-5.9955
172.373,4.0032,9.0345,-5.9955
172.383,4.0032,9.0319,-5.9955
172.391,4.0032,9.0319,-5.9955
172.401,4.0032,9.0292,-5.9955
172.411,4.0032,9.0292,-5.9955
172.420,4.0032,9.0265,-5.9955
172.430,4.0032,9.0265,-5.9955
172.438,4.0032,9.0239,-5.9955
172.449,4.0032,9.0239,-5.9955
172.458,4.0032,9.0239,-5.9955
172.466,4.0032,9.0212,-5.9955
172.477,4.0032,9.0212,-5.9955
172.485,4.0032,9.0185,-5.9955
172.496,4.0032,9.0185,-5.9955
172.505,4.0032,9.0159,-5.9955
172.514,4.0032,9.0159,-5.9955
172.522,4.0032,9.0132,-5.9955
172.532,4.0032,9.0132,-5.9955
172.541,4.0032,9.0105,-5.9955
172.550,4.0032,9.0105,-5.9955
172.558,4.0032,9.0079,-5.9955
172.569,4.0032,9.0079,-5.9955
172.576,4.0032,9.0079,-5.9955
172.584,4.0032,9.0052,-5.9955
172.592,4.0032,9.0052,-5.9955
172.601,4.0032,9.0025,-5.9955
172.611,4.0032,9.0025,-5.9955
172.620,4.0032,8.9999,-5.9955
172.632,4.0032,8.9999,-5.9955
172.640,4.0032,8.9972,-5.9955
172.650,4.0032,8.9972,-5.9955
172.658,4.0032,8.9972,-5.9955
172.666,4.0032,8.9945,-5.9955
172.676,4.0032,8.9945,-5.9955
172.684,4.0032,8.9919,-5.9955
172.694,4.0032,8.9919,-5.9955
172.703,4.0032,8.9892,-5.9955
172.714,4.0032,8.9892,-5.9955
172.722,4.0032,8.9865,-5.9955
172.731,4.0032,8.9865,-5.9955
172.739,4.0032,8.9839,-5.9955
172.749,4.0032,8.9839,-5.9955
172.758,4.0032,8.9839,-5.9955
172.765,4.0032,8.9812,-5.9955
172.776,4.0032,8.9812,-5.9955
172.783,4.0032,8.9785,-5.9955
172.793,4.0032,8.9785,-5.9955
172.803,4.0032,8.9759,-5.9955
172.813,4.0032,8.9759,-5.9955
172.822,4.0032,8.9732,-5.9955
172.831,4.0032,8.9732,-5.9955
172.840,4.0032,8.9705,-5.9955
172.850,4.0032,8.9705,-5.9955
172.859,4.0032,8.9679,-5.9955
172.870,4.0032,8.9679,-5.9955
172.878,4.0032,8.9679,-5.9955
172.887,4.0032,8.9652,-5.9955
172.898,4.0032,8.9652,-5.9955
172.906,4.0032,8.9625,-5.9955
172.916,4.0032,8.9625,-5.9955
172.923,4.0032,8.9599,-5.9955
172.935,4.0032,8.9599,-5.9955
172.943,4.0032,8.9572,-5.9955
172.953,4.0032,8.9572,-5.9955
172.962,4.0032,8.9545,-5.9955
172.973,4.0032,8.9545,-5.9955
172.981,4.0032,8.9519,-5.9955
172.993,4.0032,8.9519,-5.9955
173.000,4.0032,8.9492,-5.9955
173.012,4.0032,8.9492,-5.9955
173.021,4.0032,8.9465,-5.9955
173.030,4.0032,8.9465,-5.9955
173.039,4.0032,8.9439,-5.9955
173.049,4.0032,8.9439,-5.9955
173.058,4.0032,8.9439,-5.9955
173.066,4.0032,8.9412,-5.9955
173.077,4.0032,8.9412,-5.9955
173.086,4.0032,8.9385,-5.9955
173.095,4.0032,8.9385,-5.9955
173.104,4.0032,8.9359,-5.9955
173.115,4.0032,8.9359,-5.9955
173.125,4.0032,8.9332,-5.9955
173.136,4.0032,8.9332,-5.9955
173.146,4.0032,8.9305,-5.9955
173.157,4.0032,8.9305,-5.9955
173.169,4.0032,8.9279,-5.9955
173.180,4.0032,8.9252,-5.9955
173.190,4.0032,8.9252,-5.9955
173.200,4.0032,8.9225,-5.9955
173.210,4.0032,8.9225,-5.9955
173.219,4.0032,8.9199,-5.9955
173.228,4.0032,8.9199,-5.9955
173.238,4.0032,8.9172,-5.9955
173.247,4.0032,8.9172,-5.9955
173.256,4.0032,8.9172,-5.9955
173.264,4.0032,8.9145,-5.9955
173.274,4.0032,8.9145,-5.9955
173.282,4.0032,8.9119,-5.9955
173.293,4.0032,8.9119,-5.9955
173.303,4.0032,8.9092,-5.9955
173.312,4.0032,8.9092,-5.9955
173.321,4.0032,8.9065,-5.9955
173.332,4.0032,8.9065,-5.9955
173.343,4.0032,8.9039,-5.9955
173.354,4.0032,8.9039,-5.9955
173.362,4.0032,8.9012,-5.9955
173.373,4.0032,8.9012,-5.9955
173.384,4.0032,8.8985,-5.9955
173.394,4.0032,8.8985,-5.9955
173.404,4.0032,8.8959,-5.9955
173.414,4.0032,8.8959,-5.9955
173.422,4.0032,8.8932,-5.9955
173.433,4.0032,8.8932,-5.9955
173.443,4.0032,8.8905,-5.9955
173.452,4.0032,8.8905,-5.9955
173.461,4.0032,8.8879,-5.9955
173.474,4.0032,8.8879,-5.9955
173.480,4.0032,8.8852,-5.9955
173.491,4.0032,8.8852,-5.9955
173.498,4.0032,8.8852,-5.9955
173.508,4.0032,8.8825,-5.9955
173.517,4.0032,8.8825,-5.9955
173.526,4.0032,8.8799,-5.9955
173.537,4.0032,8.8799,-5.9955
173.545,4.0032,8.8772,-5.9955
173.555,4.0032,8.8772,-5.9955
173.563,4.0032,8.8745,-5.9955
173.574,4.0032,8.8745,-5.9955
173.582,4.0032,8.8719,-5.9955
173.593,4.0032,8.8719,-5.9955
173.601,4.0032,8.8692,-5.9955
173.611,4.0032,8.8692,-5.9955
173.624,4.0032,8.8665,-5.9955
173.633,4.0032,8.8665,-5.9955
173.641,4.0032,8.8639,-5.9955
173.651,4.0032,8.8639,-5.9955
173.659,4.0032,8.8612,-5.9955
173.670,4.0032,8.8612,-5.9955
173.678,4.0032,8.8612,-5.9955
173.686,4.0032,8.8585,-5.9955
173.697,4.0032,8.8585,-5.9955
173.706,4.0032,8.8559,-5.9955
173.716,4.0032,8.8559,-5.9955
173.724,4.0032,8.8532,-5.9955
173.733,4.0032,8.8532,-5.9955
173.742,4.0032,8.8505,-5.9955
173.752,4.0032,8.8505,-5.9955
173.759,4.0032,8.8479,-5.9955
173.769,4.0032,8.8479,-5.9955
173.777,4.0032,8.8479,-5.9955
173.786,4.0032,8.8452,-5.9955
173.795,4.0032,8.8452,-5.9955
173.805,4.0032,8.8425,-5.9955
173.813,4.0032,8.8425,-5.9955
173.822,4.0032,8.8399,-5.9955
173.834,4.0032,8.8399,-5.9955
173.842,4.0032,8.8372,-5.9955
173.853,4.0032,8.8372,-5.9955
173.862,4.0032,8.8345,-5.9955
173.873,4.0032,8.8345,-5.9955
173.880,4.0032,8.8319,-5.9955
173.890,4.0032,8.8319,-5.9955
173.898,4.0032,8.8319,-5.9955
173.907,4.0032,8.8292,-5.9955
173.916,4.0032,8.8292,-5.9955
173.925,4.0032,8.8265,-5.9955
173.935,4.0032,8.8265,-5.9955
173.943,4.0032,8.8239,-5.9955
173.954,4.0032,8.8239,-5.9955
173.961,4.0032,8.8212,-5.9955
173.973,4.0032,8.8212,-5.9955
173.980,4.0032,8.8185,-5.9955
173.991,4.0032,8.8185,-5.9955
173.998,4.0032,8.8159,-5.9955
174.009,4.0032,8.8159,-5.9955
174.018,4.0032,8.8159,-5.9955
174.026,4.0032,8.8132,-5.9955
174.036,4.0032,8.8132,-5.9955
174.044,4.0032,8.8105,-5.9955
174.054,4.0032,8.8105,-5.9955
174.060,4.0032,8.8079,-5.9955
174.071,4.0032,8.8079,-5.9955
174.079,4.0032,8.8052,-5.9955
174.088,4.0032,8.8052,-5.9955
174.098,4.0032,8.8052,-5.9955
174.106,4.0032,8.8025,-5.9955
174.116,4.0032,8.8025,-5.9955
174.124,4.0032,8.7999,-5.9955
174.136,4.0032,8.7999,-5.9955
174.144,4.0032,8.7972,-5.9955
174.154,4.0032,8.7972,-5.9955
174.162,4.0032,8.7945,-5.9955
174.172,4.0032,8.7945,-5.9955
174.180,4.0032,8.7919,-5.9955
174.191,4.0032,8.7919,-5.9955
174.199,4.0032,8.7892,-5.9955
174.211,4.0032,8.7892,-5.9955
174.222,4.0032,8.7865,-5.9955
174.234,4.0032,8.7865,-5.9955
174.244,4.0032,8.7839,-5.9955
174.255,4.0032,8.7839,-5.9955
174.264,4.0032,8.7812,-5.9955
174.276,4.0032,8.7812,-5.9955
174.284,4.0032,8.7785,-5.9955
174.295,4.0032,8.7785,-5.9955
174.304,4.0032,8.7759,-5.9955
174.314,4.0032,8.7759,-5.9955
174.322,4.0032,8.7732,-5.9955
174.332,4.0032,8.7732,-5.9955
174.342,4.0032,8.7705,-5.9955
174.353,4.0032,8.7705,-5.9955
174.361,4.0032,8.7679,-5.9955
174.372,4.0032,8.7679,-5.9955
174.382,4.0032,8.7652,-5.9955
174.392,4.0032,8.7652,-5.9955
174.403,4.0032,8.7625,-5.9955
174.414,4.0032,8.7625,-5.9955
174.425,4.0032,8.7599,-5.9955
174.437,4.0032,8.7599,-5.9955
174.446,4.0032,8.7572,-5.9955
174.457,4.0032,8.7572,-5.9955
174.467,4.0032,8.7545,-5.9955
174.478,4.0032,8.7545,-5.9955
174.487,4.0032,8.7519,-5.9955
174.498,4.0032,8.7519,-5.9955
174.508,4.0032,8.7492,-5.9955
174.519,4.0032,8.7465,-5.9955
174.530,4.0032,8.7465,-5.9955
174.539,4.0032,8.7439,-5.9955
174.559,4.0032,8.7412,-5.9955
174.570,4.0032,8.7412,-5.9955
174.578,4.0032,8.7385,-5.9955
174.589,4.0032,8.7385,-5.9955
174.599,4.0032,8.7359,-5.9955
174.611,4.0032,8.7359,-5.9955
174.621,4.0032,8.7332,-5.9955
174.631,4.0032,8.7332,-5.9955
174.642,4.0032,8.7305,-5.9955
174.653,4.0032,8.7305,-5.9955
174.662,4.0032,8.7279,-5.9955
174.674,4.0032,8.7279,-5.9955
174.682,4.0032,8.7252,-5.9955
174.692,4.0032,8.7252,-5.9955
174.699,4.0032,8.7225,-5.9955
174.710,4.0032,8.7225,-5.9955
174.718,4.0032,8.7225,-5.9955
174.727,4.0032,8.7199,-5.9955
174.737,4.0032,8.7199,-5.9955
174.744,4.0032,8.7172,-5.9955
174.754,4.0032,8.7172,-5.9955
174.762,4.0032,8.7145,-5.9955
174.774,4.0032,8.7145,-5.9955
174.780,4.0032,8.7119,-5.9955
174.790,4.0032,8.7119,-5.9955
174.797,4.0032,8.7119,-5.9955
174.807,4.0032,8.7092,-5.9955
174.816,4.0032,8.7092,-5.9955
174.824,4.0032,8.7065,-5.9955
174.835,4.0032,8.7065,-5.9955
174.842,4.0032,8.7039,-5.9955
174.852,4.0032,8.7039,-5.9955
174.860,4.0032,8.7012,-5.9955
174.871,4.0032,8.7012,-5.9955
174.878,4.0032,8.7012,-5.9955
174.886,4.0032,8.6985,-5.9955
174.895,4.0032,8.6985,-5.9955
174.904,4.0032,8.6959,-5.9955
174.913,4.0032,8.6959,-5.9955
174.921,4.0032,8.6932,-5.9955
174.930,4.0032,8.6932,-5.9955
174.938,4.0032,8.6932,-5.9955
174.946,4.0032,8.6905,-5.9955
174.956,4.0032,8.6905,-5.9955
174.962,4.0032,8.6879,-5.9955
174.974,4.0032,8.6879,-5.9955
174.981,4.0032,8.6852,-5.9955
174.991,4.0032,8.6852,-5.9955
174.998,4.0032,8.6852,-5.9955
175.010,4.0032,8.6825,-5.9955
175.020,4.0032,8.6799,-5.9955
175.029,4.0032,8.6799,-5.9955
175.038,4.0032,8.6799,-5.9955
175.045,4.0032,8.6772,-5.9955
175.055,4.0032,8.6772,-5.9955
175.064,4.0032,8.6745,-5.9955
175.074,4.0032,8.6745,-5.9955
175.083,4.0032,8.6719,-5.9955
175.092,4.0032,8.6719,-5.9955
175.100,4.0032,8.6692,-5.9955
175.111,4.0032,8.6692,-5.9955
175.118,4.0032,8.6692,-5.9955
175.127,4.0032,8.6665,-5.9955
175.137,4.0032,8.6665,-5.9955
175.146,4.0032,8.6639,-5.9955
175.156,4.0032,8.6639,-5.9955
175.165,4.0032,8.6612,-5.9955
175.176,4.0032,8.6612,-5.9955
175.186,4.0032,8.6585,-5.9955
175.197,4.0032,8.6585,-5.9955
175.206,4.0032,8.6559,-5.9955
175.215,4.0032,8.6559,-5.9955
175.225,4.0032,8.6532,-5.9955
175.236,4.0032,8.6532,-5.9955
175.244,4.0032,8.6505,-5.9955
175.255,4.0032,8.6505,-5.9955
175.263,4.0032,8.6479,-5.9955
175.276,4.0032,8.6479,-5.9955
175.285,4.0032,8.6452,-5.9955
175.295,4.0032,8.6452,-5.9955
175.305,4.0032,8.6425,-5.9955
175.316,4.0032,8.6425,-5.9955
175.325,4.0032,8.6399,-5.9955
175.336,4.0032,8.6399,-5.9955
175.344,4.0032,8.6372,-5.9955
175.354,4.0032,8.6372,-5.9955
175.362,4.0032,8.6345,-5.9955
175.372,4.0032,8.6345,-5.9955
175.380,4.0032,8.6319,-5.9955
175.390,4.0032,8.6319,-5.9955
175.398,4.0032,8.6319,-5.9955
175.407,4.0032,8.6292,-5.9955
175.416,4.0032,8.6292,-5.9955
175.425,4.0032,8.6265,-5.9955
175.435,4.0032,8.6265,-5.9955
175.443,4.0032,8.6239,-5.9955
175.454,4.0032,8.6239,-5.9955
175.462,4.0032,8.6212,-5.9955
175.475,4.0032,8.6212,-5.9955
175.482,4.0032,8.6185,-5.9955
175.492,4.0032,8.6185,-5.9955
175.502,4.0032,8.6159,-5.9955
175.513,4.0032,8.6159,-5.9955
175.522,4.0032,8.6132,-5.9955
175.534,4.0032,8.6132,-5.9955
175.544,4.0032,8.6105,-5.9955
175.554,4.0032,8.6105,-5.9955
175.563,4.0032,8.6079,-5.9955
175.576,4.0032,8.6079,-5.9955
175.587,4.0032,8.6079,-5.9955
175.598,4.0032,8.6079,-5.9955
175.611,4.0032,8.6079,-5.9955
175.620,4.0032,8.6079,-5.9955
175.630,4.0032,8.6079,-5.9955
175.641,4.0032,8.6079,-5.9955
175.652,4.0032,8.6079,-5.9955
175.660,4.0032,8.6079,-5.9955
175.672,4.0032,8.6079,-5.9955
175.682,4.0032,8.6079,-5.9955
175.692,4.0032,8.6079,-5.9955
175.701,4.0032,8.6079,-5.9955
175.712,4.0032,8.6079,-5.9955
175.720,4.0032,8.6079,-5.9955
175.732,4.0032,8.6079,-5.9955
175.740,4.0032,8.6079,-5.9955
175.751,4.0032,8.6079,-5.9955
175.761,4.0032,8.6079,-5.9955
175.772,4.0032,8.6079,-5.9955
175.782,4.0032,8.6079,-5.9955
175.793,4.0032,8.6079,-5.9955
175.803,4.0032,8.6079,-5.9955
175.815,4.0032,8.6079,-5.9955
175.825,4.0032,8.6079,-5.9955
175.838,4.0032,8.6079,-5.9955
175.846,4.0032,8.6079,-5.9955
175.858,4.0032,8.6079,-5.9955
175.868,4.0032,8.6079,-5.9955
175.878,4.0032,8.6079,-5.9955
175.888,4.0032,8.6079,-5.9955
175.898,4.0032,8.6079,-5.9955
175.909,4.0032,8.6079,-5.9955
175.920,4.0032,8.6079,-5.9955
175.931,4.0032,8.6079,-5.9955
175.940,4.0032,8.6079,-5.9955
175.950,4.0032,8.6079,-5.9955
175.958,4.0032,8.6079,-5.9955
175.967,4.0032,8.6079,-5.9955
175.977,4.0032,8.6079,-5.9955
175.985,4.0032,8.6079,-5.9955
175.994,4.0032,8.6079,-5.9955
176.003,4.0032,8.6079,-5.9955
176.013,4.0032,8.6079,-5.9955
176.020,4.0032,8.6079,-5.9955
176.031,4.0032,8.6079,-5.9955
176.039,4.0032,8.6079,-5.9955
176.048,4.0032,8.6079,-5.9955
176.057,4.0032,8.6079,-5.9955
176.065,4.0032,8.6079,-5.9955
176.076,4.0032,8.6079,-5.9955
176.084,4.0032,8.6079,-5.9955
176.093,4.0032,8.6079,-5.9955
176.103,4.0032,8.6079,-5.9955
176.112,4.0032,8.6079,-5.9955
176.121,4.0032,8.6079,-5.9955
176.130,4.0032,8.6079,-5.9955
176.138,4.0032,8.6079,-5.9955
176.146,4.0032,8.6079,-5.9955
176.156,4.0032,8.6079,-5.9955
176.166,4.0032,8.6079,-5.9955
176.176,4.0032,8.6079,-5.9955
176.184,4.0032,8.6079,-5.9955
176.193,4.0032,8.6079,-5.9955
176.202,4.0032,8.6079,-5.9955
176.211,4.0032,8.6079,-5.9955
176.220,4.0032,8.6079,-5.9955
176.228,4.0032,8.6079,-5.9955
176.236,4.0032,8.6079,-5.9955
176.245,4.0032,8.6079,-5.9955
176.254,4.0032,8.6079,-5.9955
176.261,4.0032,8.6079,-5.9955
176.272,4.0032,8.6079,-5.9955
176.280,4.0032,8.6079,-5.9955
176.290,4.0032,8.6079,-5.9955
176.297,4.0032,8.6079,-5.9955
176.307,4.0032,8.6079,-5.9955
176.315,4.0032,8.6079,-5.9955
176.323,4.0032,8.6079,-5.9955
176.331,4.0032,8.6079,-5.9955
176.341,4.0032,8.6079,-5.9955
176.350,4.0032,8.6079,-5.9955
176.358,4.0032,8.6079,-5.9955
176.366,4.0032,8.6079,-5.9955
176.376,4.0032,8.6079,-5.9955
176.384,4.0032,8.6079,-5.9955
176.393,4.0032,8.6079,-5.9955
176.402,4.0032,8.6079,-5.9955
176.411,4.0032,8.6079,-5.9955
176.421,4.0032,8.6079,-5.9955
176.430,4.0032,8.6079,-5.9955
176.438,4.0032,8.6079,-5.9955
176.445,4.0032,8.6079,-5.9955
176.454,4.0032,8.6079,-5.9955
176.462,4.0032,8.6079,-5.9955
176.471,4.0032,8.6079,-5.9955
176.480,4.0032,8.6079,-5.9955
176.488,4.0032,8.6079,-5.9955
176.497,4.0032,8.6079,-5.9955
176.505,4.0032,8.6079,-5.9955
176.513,4.0032,8.6079,-5.9955
176.521,4.0032,8.6079,-5.9955
176.530,4.0032,8.6079,-5.9955
176.538,4.0032,8.6079,-5.9955
176.547,4.0032,8.6079,-5.9955
176.556,4.0032,8.6079,-5.9955
176.562,4.0032,8.6079,-5.9955
176.572,4.0032,8.6079,-5.9955
176.579,4.0032,8.6079,-5.9955
176.588,4.0032,8.6079,-5.9955
176.595,4.0032,8.6079,-5.9955
176.604,4.0032,8.6079,-5.9955
176.612,4.0032,8.6079,-5.9955
176.620,4.0032,8.6079,-5.9955
176.628,4.0032,8.6079,-5.9955
176.638,4.0032,8.6079,-5.9955
176.645,4.0032,8.6079,-5.9955
176.654,4.0032,8.6079,-5.9955
176.660,4.0032,8.6079,-5.9955
176.679,4.0032,8.6079,-5.9955
176.689,4.0032,8.6079,-5.9955
176.697,4.0032,8.6079,-5.9955
176.707,4.0032,8.6079,-5.9955
176.719,4.0032,8.6079,-5.9955
176.732,4.0032,8.6079,-5.9955
176.744,4.0032,8.6079,-5.9955
176.755,4.0032,8.6079,-5.9955
176.765,4.0032,8.6079,-5.9955
176.776,4.0032,8.6079,-5.9955
176.785,4.0032,8.6079,-5.9955
176.795,4.0032,8.6079,-5.9955
176.807,4.0032,8.6079,-5.9955
176.821,4.0032,8.6079,-5.9955
176.830,4.0032,8.6079,-5.9955
176.840,4.0032,8.6079,-5.9955
176.849,4.0032,8.6079,-5.9955
176.858,4.0032,8.6079,-5.9955
176.869,4.0032,8.6079,-5.9955
176.878,4.0032,8.6079,-5.9955
176.888,4.0032,8.6079,-5.9955
176.899,4.0032,8.6079,-5.9955
176.909,4.0032,8.6079,-5.9955
176.921,4.0032,8.6079,-5.9955
176.936,4.0032,8.6079,-5.9955
176.950,4.0032,8.6079,-5.9955
176.962,4.0032,8.6079,-5.9955
176.974,4.0032,8.6079,-5.9955
176.981,4.0032,8.6079,-5.9955
176.991,4.0032,8.6079,-5.9955
177.000,4.0032,8.6079,-5.9955
177.010,4.0032,8.6079,-5.9955
177.019,4.0032,8.6079,-5.9955
177.029,4.0032,8.6079,-5.9955
177.039,4.0032,8.6079,-5.9955
177.047,4.0032,8.6079,-5.9955
177.057,4.0032,8.6079,-5.9955
177.065,4.0032,8.6079,-5.9955
177.075,4.0032,8.6079,-5.9955
177.083,4.0032,8.6079,-5.9955
177.094,4.0032,8.6079,-5.9955
177.105,4.0032,8.6079,-5.9955
177.113,4.0032,8.6079,-5.9955
177.123,4.0032,8.6079,-5.9955
177.136,4.0032,8.6079,-5.9955
177.146,4.0032,8.6079,-5.9955
177.156,4.0032,8.6079,-5.9955
177.165,4.0032,8.6079,-5.9955
177.175,4.0032,8.6079,-5.9955
177.185,4.0032,8.6079,-5.9955
177.194,4.0032,8.6079,-5.9955
177.203,4.0032,8.6079,-5.9955
177.212,4.0032,8.6079,-5.9955
177.221,4.0032,8.6079,-5.9955
177.230,4.0032,8.6079,-5.9955
177.239,4.0032,8.6079,-5.9955
177.247,4.0032,8.6079,-5.9955
177.256,4.0032,8.6079,-5.9955
177.265,4.0032,8.6079,-5.9955
177.277,4.0032,8.6079,-5.9955
177.286,4.0032,8.6079,-5.9955
177.295,4.0032,8.6079,-5.9955
177.304,4.0032,8.6079,-5.9955
177.313,4.0032,8.6079,-5.9955
177.321,4.0032,8.6079,-5.9955
177.329,4.0032,8.6079,-5.9955
177.338,4.0032,8.6079,-5.9955
177.346,4.0032,8.6079,-5.9955
177.356,4.0032,8.6079,-5.9955
177.364,4.0032,8.6079,-5.9955
177.374,4.0032,8.6079,-5.9955
177.382,4.0032,8.6079,-5.9955
177.392,4.0032,8.6079,-5.9955
177.401,4.0032,8.6079,-5.9955
177.411,4.0032,8.6079,-5.9955
177.420,4.0032,8.6079,-5.9955
177.429,4.0032,8.6079,-5.9955
177.438,4.0032,8.6079,-5.9955
177.446,4.0032,8.6079,-5.9955
177.456,4.0032,8.6079,-5.9955
177.465,4.0032,8.6079,-5.9955
177.474,4.0032,8.6079,-5.9955
177.483,4.0032,8.6079,-5.9955
177.492,4.0032,8.6079,-5.9955
177.500,4.0032,8.6079,-5.9955
177.512,4.0032,8.6079,-5.9955
177.521,4.0032,8.6079,-5.9955
177.528,4.0032,8.6079,-5.9955
177.538,4.0032,8.6079,-5.9955
177.546,4.0032,8.6079,-5.9955
177.556,4.0032,8.6079,-5.9955
177.567,4.0032,8.6079,-5.9955
177.582,4.0032,8.6079,-5.9955
177.594,4.0032,8.6079,-5.9955
177.603,4.0032,8.6079,-5.9955
177.612,4.0032,8.6079,-5.9955
177.622,4.0032,8.6079,-5.9955
177.633,4.0032,8.6079,-5.9955
177.642,4.0032,8.6079,-5.9955
177.652,4.0032,8.6079,-5.9955
177.660,4.0032,8.6079,-5.9955
177.672,4.0032,8.6079,-5.9955
177.681,4.0032,8.6079,-5.9955
177.693,4.0032,8.6079,-5.9955
177.703,4.0032,8.6079,-5.9955
177.716,4.0032,8.6079,-5.9955
177.728,4.0032,8.6079,-5.9955
177.741,4.0032,8.6079,-5.9955
177.753,4.0032,8.6079,-5.9955
177.762,4.0032,8.6079,-5.9955
177.773,4.0032,8.6079,-5.9955
177.780,4.0032,8.6079,-5.9955
177.791,4.0032,8.6079,-5.9955
177.798,4.0032,8.6079,-5.9955
177.807,4.0032,8.6079,-5.9955
177.816,4.0032,8.6079,-5.9955
177.825,4.0032,8.6079,-5.9955
177.835,4.0032,8.6079,-5.9955
177.844,4.0032,8.6079,-5.9955
177.855,4.0032,8.6079,-5.9955
177.862,4.0032,8.6079,-5.9955
177.873,4.0032,8.6079,-5.9955
177.881,4.0032,8.6079,-5.9955
177.891,4.0032,8.6079,-5.9955
177.898,4.0032,8.6079,-5.9955
177.906,4.0032,8.6079,-5.9955
177.916,4.0032,8.6079,-5.9955
177.924,4.0032,8.6079,-5.9955
177.935,4.0032,8.6079,-5.9955
177.942,4.0032,8.6079,-5.9955
177.954,4.0032,8.6079,-5.9955
177.963,4.0032,8.6079,-5.9955
177.974,4.0032,8.6079,-5.9955
177.982,4.0032,8.6079,-5.9955
177.992,4.0032,8.6079,-5.9955
178.001,4.0032,8.6079,-5.9955
178.012,4.0032,8.6079,-5.9955
178.020,4.0032,8.6079,-5.9955
178.031,4.0032,8.6079,-5.9955
178.041,4.0032,8.6079,-5.9955
178.052,4.0032,8.6079,-5.9955
178.060,4.0032,8.6079,-5.9955
178.071,4.0032,8.6079,-5.9955
178.079,4.0032,8.6079,-5.9955
178.089,4.0032,8.6079,-5.9955
178.098,4.0032,8.6079,-5.9955
178.106,4.0032,8.6079,-5.9955
178.116,4.0032,8.6079,-5.9955
178.124,4.0032,8.6079,-5.9955
178.134,4.0032,8.6079,-5.9955
178.143,4.0032,8.6079,-5.9955
178.153,4.0032,8.6079,-5.9955
178.162,4.0032,8.6079,-5.9955
178.172,4.0032,8.6079,-5.9955
178.181,4.0032,8.6079,-5.9955
178.190,4.0032,8.6079,-5.9955
178.199,4.0032,8.6079,-5.9955
178.208,4.0032,8.6079,-5.9955
178.216,4.0032,8.6079,-5.9955
178.224,4.0032,8.6079,-5.9955
178.235,4.0032,8.6079,-5.9955
178.243,4.0032,8.6079,-5.9955
178.253,4.0032,8.6079,-5.9955
178.262,4.0032,8.6079,-5.9955
178.274,4.0032,8.6079,-5.9955
178.281,4.0032,8.6079,-5.9955
178.290,4.0032,8.6079,-5.9955
178.297,4.0032,8.6079,-5.9955
178.307,4.0032,8.6079,-5.9955
178.316,4.0032,8.6079,-5.9955
178.324,4.0032,8.6079,-5.9955
178.336,4.0032,8.6079,-5.9955
178.344,4.0032,8.6080,-5.9955
178.355,4.0032,8.6080,-5.9955
178.363,4.0032,8.6080,-5.9955
178.374,4.0032,8.6080,-5.9955
178.382,4.0032,8.6081,-5.9955
178.392,4.0032,8.6081,-5.9955
178.402,4.0032,8.6082,-5.9955
178.412,4.0032,8.6082,-5.9955
178.422,4.0032,8.6084,-5.9955
178.433,4.0032,8.6084,-5.9955
178.442,4.0032,8.6087,-5.9955
178.453,4.0032,8.6087,-5.9955
178.460,4.0032,8.6089,-5.9955
178.470,4.0032,8.6089,-5.9955
178.478,4.0032,8.6089,-5.9955
178.487,4.0032,8.6092,-5.9955
178.495,4.0032,8.6092,-5.9955
178.502,4.0032,8.6095,-5.9955
178.512,4.0032,8.6095,-5.9955
178.520,4.0032,8.6098,-5.9955
178.529,4.0032,8.6098,-5.9955
178.537,4.0032,8.6098,-5.9955
178.545,4.0032,8.6102,-5.9955
178.555,4.0032,8.6102,-5.9955
178.561,4.0032,8.6105,-5.9955
178.571,4.0032,8.6105,-5.9955
178.578,4.0032,8.6105,-5.9955
178.586,4.0032,8.6113,-5.9955
178.595,4.0032,8.6113,-5.9955
178.604,4.0032,8.6121,-5.9955
178.614,4.0032,8.6121,-5.9955
178.620,4.0032,8.6129,-5.9955
178.629,4.0032,8.6129,-5.9955
178.639,4.0032,8.6137,-5.9955
178.646,4.0032,8.6137,-5.9955
178.655,4.0032,8.6137,-5.9955
178.664,4.0032,8.6147,-5.9955
178.674,4.0032,8.6147,-5.9955
178.682,4.0032,8.6156,-5.9955
178.690,4.0032,8.6156,-5.9955
178.699,4.0032,8.6167,-5.9955
178.708,4.0032,8.6167,-5.9955
178.714,4.0032,8.6167,-5.9955
178.722,4.0032,8.6187,-5.9955
178.732,4.0032,8.6187,-5.9955
178.741,4.0032,8.6209,-5.9955
178.750,4.0032,8.6209,-5.9955
178.759,4.0032,8.6231,-5.9955
178.770,4.0032,8.6231,-5.9955
178.777,4.0032,8.6231,-5.9955
178.793,4.0032,8.6254,-5.9955
178.804,4.0032,8.6278,-5.9955
178.812,4.0032,8.6278,-5.9955
178.822,4.0032,8.6302,-5.9955
178.831,4.0032,8.6302,-5.9955
178.838,4.0032,8.6302,-5.9955
178.846,4.0032,8.6328,-5.9955
178.856,4.0032,8.6328,-5.9955
178.865,4.0032,8.6354,-5.9955
178.874,4.0032,8.6354,-5.9955
178.882,4.0032,8.6380,-5.9955
178.892,4.0032,8.6380,-5.9955
178.901,4.0032,8.6406,-5.9955
178.909,4.0032,8.6406,-5.9955
178.916,4.0032,8.6406,-5.9955
178.922,4.0032,8.6432,-5.9955
178.931,4.0032,8.6432,-5.9955
178.940,4.0032,8.6459,-5.9955
178.948,4.0032,8.6459,-5.9955
178.957,4.0032,8.6459,-5.9955
178.964,4.0032,8.6485,-5.9955
178.975,4.0032,8.6485,-5.9955
178.981,4.0032,8.6511,-5.9955
178.991,4.0032,8.6511,-5.9955
178.998,4.0032,8.6511,-5.9955
179.006,4.0032,8.6537,-5.9955
179.014,4.0032,8.6537,-5.9955
179.022,4.0032,8.6563,-5.9955
179.029,4.0032,8.6563,-5.9955
179.038,4.0032,8.6563,-5.9955
179.045,4.0032,8.6589,-5.9955
179.056,4.0032,8.6589,-5.9955
179.064,4.0032,8.6615,-5.9955
179.075,4.0032,8.6615,-5.9955
179.082,4.0032,8.6641,-5.9955
179.091,4.0032,8.6641,-5.9955
179.098,4.0032,8.6641,-5.9955
179.107,4.0032,8.6667,-5.9955
179.116,4.0032,8.6667,-5.9955
179.124,4.0032,8.6693,-5.9955
179.133,4.0032,8.6693,-5.9955
179.141,4.0032,8.6719,-5.9955
179.151,4.0032,8.6719,-5.9955
179.158,4.0032,8.6719,-5.9955
179.166,4.0032,8.6745,-5.9955
179.176,4.0032,8.6745,-5.9955
179.185,4.0032,8.6771,-5.9955
179.193,4.0032,8.6771,-5.9955
179.201,4.0032,8.6797,-5.9955
179.211,4.0032,8.6797,-5.9955
179.219,4.0032,8.6823,-5.9955
179.229,4.0032,8.6823,-5.9955
179.240,4.0032,8.6849,-5.9955
179.249,4.0032,8.6849,-5.9955
179.257,4.0032,8.6849,-5.9955
179.266,4.0032,8.6875,-5.9955
179.275,4.0032,8.6875,-5.9955
179.282,4.0032,8.6901,-5.9955
179.293,4.0032,8.6901,-5.9955
179.303,4.0032,8.6926,-5.9955
179.312,4.0032,8.6926,-5.9955
179.320,4.0032,8.6952,-5.9955
179.330,4.0032,8.6952,-5.9955
179.338,4.0032,8.6978,-5.9955
179.347,4.0032,8.6978,-5.9955
179.356,4.0032,8.6978,-5.9955
179.363,4.0032,8.7004,-5.9955
179.373,4.0032,8.7004,-5.9955
179.381,4.0032,8.7030,-5.9955
179.390,4.0032,8.7030,-5.9955
179.399,4.0032,8.7056,-5.9955
179.409,4.0032,8.7056,-5.9955
179.418,4.0032,8.7056,-5.9955
179.426,4.0032,8.7082,-5.9955
179.436,4.0032,8.7082,-5.9955
179.444,4.0032,8.7108,-5.9955
179.454,4.0032,8.7108,-5.9955
179.462,4.0032,8.7134,-5.9955
179.473,4.0032,8.7134,-5.9955
179.481,4.0032,8.7160,-5.9955
179.491,4.0032,8.7160,-5.9955
179.498,4.0032,8.7186,-5.9955
179.509,4.0032,8.7186,-5.9955
179.516,4.0032,8.7186,-5.9955
179.524,4.0032,8.7211,-5.9955
179.535,4.0032,8.7211,-5.9955
179.544,4.0032,8.7237,-5.9955
179.554,4.0032,8.7237,-5.9955
179.562,4.0032,8.7263,-5.9955
179.573,4.0032,8.7263,-5.9955
179.580,4.0032,8.7289,-5.9955
179.590,4.0032,8.7289,-5.9955
179.599,4.0032,8.7315,-5.9955
179.609,4.0032,8.7315,-5.9955
179.617,4.0032,8.7315,-5.9955
179.625,4.0032,8.7341,-5.9955
179.638,4.0032,8.7367,-5.9955
179.648,4.0032,8.7367,-5.9955
179.656,4.0032,8.7367,-5.9955
179.666,4.0032,8.7392,-5.9955
179.675,4.0032,8.7392,-5.9955
179.684,4.0032,8.7418,-5.9955
179.693,4.0032,8.7418,-5.9955
179.702,4.0032,8.7444,-5.9955
179.711,4.0032,8.7444,-5.9955
179.719,4.0032,8.7470,-5.9955
179.729,4.0032,8.7470,-5.9955
179.738,4.0032,8.7470,-5.9955
179.745,4.0032,8.7496,-5.9955
179.755,4.0032,8.7496,-5.9955
179.762,4.0032,8.7522,-5.9955
179.771,4.0032,8.7522,-5.9955
179.778,4.0032,8.7522,-5.9955
179.786,4.0032,8.7547,-5.9955
179.794,4.0032,8.7547,-5.9955
179.803,4.0032,8.7573,-5.9955
179.811,4.0032,8.7573,-5.9955
179.818,4.0032,8.7573,-5.9955
179.825,4.0032,8.7599,-5.9955
179.834,4.0032,8.7599,-5.9955
179.842,4.0032,8.7625,-5.9955
179.853,4.0032,8.7625,-5.9955
179.860,4.0032,8.7650,-5.9955
179.871,4.0032,8.7650,-5.9955
179.878,4.0032,8.7650,-5.9955
179.886,4.0032,8.7676,-5.9955
179.895,4.0032,8.7676,-5.9955
179.903,4.0032,8.7702,-5.9955
179.912,4.0032,8.7702,-5.9955
179.919,4.0032,8.7728,-5.9955
179.928,4.0032,8.7728,-5.9955
179.936,4.0032,8.7728,-5.9955
179.944,4.0032,8.7753,-5.9955
179.954,4.0032,8.7753,-5.9955
179.960,4.0032,8.7779,-5.9955
179.970,4.0032,8.7779,-5.9955
179.976,4.0032,8.7779,-5.9955
179.983,4.0032,8.7805,-5.9955
179.992,4.0032,8.7805,-5.9955
180.001,4.0032,8.7831,-5.9955
180.010,4.0032,8.7831,-5.9955
180.018,4.0032,8.7831,-5.9955
180.026,4.0032,8.7857,-5.9955
180.034,4.0032,8.7857,-5.9955
180.041,4.0032,8.7882,-5.9955
180.050,4.0032,8.7882,-5.9955
180.057,4.0032,8.7882,-5.9955
180.066,4.0032,8.7908,-5.9955
180.075,4.0032,8.7908,-5.9955
180.082,4.0032,8.7934,-5.9955
180.092,4.0032,8.7934,-5.9955
180.100,4.0032,8.7960,-5.9955
180.110,4.0032,8.7960,-5.9955
180.118,4.0032,8.7960,-5.9955
180.126,4.0032,8.7985,-5.9955
180.133,4.0032,8.7985,-5.9955
180.142,4.0032,8.8011,-5.9955
180.151,4.0032,8.8011,-5.9955
180.160,4.0032,8.8037,-5.9955
180.171,4.0032,8.8037,-5.9955
180.179,4.0032,8.8063,-5.9955
180.189,4.0032,8.8063,-5.9955
180.196,4.0032,8.8063,-5.9955
180.204,4.0032,8.8088,-5.9955
180.213,4.0032,8.8088,-5.9955
180.221,4.0032,8.8114,-5.9955
180.229,4.0032,8.8114,-5.9955
180.239,4.0032,8.8140,-5.9955
180.246,4.0032,8.8140,-5.9955
180.255,4.0032,8.8140,-5.9955
180.261,4.0032,8.8166,-5.9955
180.271,4.0032,8.8166,-5.9955
180.278,4.0032,8.8166,-5.9955
180.286,4.0032,8.8191,-5.9955
180.295,4.0032,8.8191,-5.9955
180.304,4.0032,8.8217,-5.9955
180.312,4.0032,8.8217,-5.9955
180.320,4.0032,8.8243,-5.9955
180.330,4.0032,8.8243,-5.9955
180.337,4.0032,8.8243,-5.9955
180.345,4.0032,8.8268,-5.9955
180.355,4.0032,8.8268,-5.9955
180.362,4.0032,8.8294,-5.9955
180.372,4.0032,8.8294,-5.9955
180.380,4.0032,8.8320,-5.9955
180.389,4.0032,8.8320,-5.9955
180.396,4.0032,8.8320,-5.9955
180.404,4.0032,8.8345,-5.9955
180.413,4.0032,8.8345,-5.9955
180.422,4.0032,8.8371,-5.9955
180.431,4.0032,8.8371,-5.9955
180.440,4.0032,8.8397,-5.9955
180.449,4.0032,8.8397,-5.9955
180.457,4.0032,8.8397,-5.9955
180.464,4.0032,8.8422,-5.9955
180.474,4.0032,8.8422,-5.9955
180.483,4.0032,8.8448,-5.9955
180.492,4.0032,8.8448,-5.9955
180.501,4.0032,8.8474,-5.9955
180.510,4.0032,8.8474,-5.9955
180.520,4.0032,8.8500,-5.9955
180.528,4.0032,8.8500,-5.9955
180.537,4.0032,8.8500,-5.9955
180.547,4.0032,8.8525,-5.9955
180.557,4.0032,8.8525,-5.9955
180.567,4.0032,8.8551,-5.9955
180.577,4.0032,8.8551,-5.9955
180.584,4.0032,8.8577,-5.9955
180.594,4.0032,8.8577,-5.9955
180.603,4.0032,8.8602,-5.9955
180.612,4.0032,8.8602,-5.9955
180.620,4.0032,8.8628,-5.9955
180.628,4.0032,8.8628,-5.9955
180.638,4.0032,8.8628,-5.9955
180.646,4.0032,8.8654,-5.9955
180.655,4.0032,8.8654,-5.9955
180.664,4.0032,8.8679,-5.9955
180.673,4.0032,8.8679,-5.9955
180.681,4.0032,8.8705,-5.9955
180.691,4.0032,8.8705,-5.9955
180.699,4.0032,8.8731,-5.9955
180.709,4.0032,8.8731,-5.9955
180.716,4.0032,8.8731,-5.9955
180.726,4.0032,8.8756,-5.9955
180.734,4.0032,8.8756,-5.9955
180.742,4.0032,8.8782,-5.9955
180.751,4.0032,8.8782,-5.9955
180.760,4.0032,8.8808,-5.9955
180.770,4.0032,8.8808,-5.9955
180.778,4.0032,8.8808,-5.9955
180.786,4.0032,8.8833,-5.9955
180.795,4.0032,8.8833,-5.9955
180.805,4.0032,8.8859,-5.9955
180.815,4.0032,8.8859,-5.9955
180.822,4.0032,8.8885,-5.9955
180.831,4.0032,8.8885,-5.9955
180.839,4.0032,8.8910,-5.9955
180.848,4.0032,8.8910,-5.9955
180.856,4.0032,8.8910,-5.9955
180.870,4.0032,8.8936,-5.9955
180.880,4.0032,8.8962,-5.9955
180.889,4.0032,8.8962,-5.9955
180.899,4.0032,8.8987,-5.9955
180.910,4.0032,8.8987,-5.9955
180.917,4.0032,8.8987,-5.9955
180.925,4.0032,8.9013,-5.9955
180.935,4.0032,8.9013,-5.9955
180.943,4.0032,8.9038,-5.9955
180.952,4.0032,8.9038,-5.9955
180.961,4.0032,8.9064,-5.9955
180.970,4.0032,8.9064,-5.9955
180.977,4.0032,8.9064,-5.9955
180.985,4.0032,8.9090,-5.9955
180.993,4.0032,8.9090,-5.9955
181.001,4.0032,8.9115,-5.9955
181.010,4.0032,8.9115,-5.9955
181.018,4.0032,8.9115,-5.9955
181.026,4.0032,8.9141,-5.9955
181.038,4.0032,8.9141,-5.9955
181.047,4.0032,8.9166,-5.9955
181.056,4.0032,8.9166,-5.9955
181.064,4.0032,8.9192,-5.9955
181.074,4.0032,8.9192,-5.9955
181.082,4.0032,8.9218,-5.9955
181.091,4.0032,8.9218,-5.9955
181.098,4.0032,8.9218,-5.9955
181.107,4.0032,8.9243,-5.9955
181.116,4.0032,8.9243,-5.9955
181.123,4.0032,8.9269,-5.9955
181.132,4.0032,8.9269,-5.9955
181.140,4.0032,8.9294,-5.9955
181.148,4.0032,8.9294,-5.9955
181.156,4.0032,8.9294,-5.9955
181.164,4.0032,8.9320,-5.9955
181.173,4.0032,8.9320,-5.9955
181.180,4.0032,8.9345,-5.9955
181.189,4.0032,8.9345,-5.9955
181.197,4.0032,8.9345,-5.9955
181.207,4.0032,8.9371,-5.9955
181.214,4.0032,8.9371,-5.9955
181.230,4.0032,8.9397,-5.9955
181.240,4.0032,8.9422,-5.9955
181.247,4.0032,8.9422,-5.9955
181.255,4.0032,8.9422,-5.9955
181.263,4.0032,8.9448,-5.9955
181.272,4.0032,8.9448,-5.9955
181.280,4.0032,8.9473,-5.9955
181.289,4.0032,8.9473,-5.9955
181.297,4.0032,8.9473,-5.9955
181.304,4.0032,8.9499,-5.9955
181.311,4.0032,8.9499,-5.9955
181.320,4.0032,8.9524,-5.9955
181.328,4.0032,8.9524,-5.9955
181.336,4.0032,8.9524,-5.9955
181.343,4.0032,8.9550,-5.9955
181.352,4.0032,8.9550,-5.9955
181.359,4.0032,8.9575,-5.9955
181.368,4.0032,8.9575,-5.9955
181.375,4.0032,8.9575,-5.9955
181.382,4.0032,8.9601,-5.9955
181.391,4.0032,8.9601,-5.9955
181.398,4.0032,8.9601,-5.9955
181.405,4.0032,8.9626,-5.9955
181.414,4.0032,8.9626,-5.9955
181.422,4.0032,8.9652,-5.9955
181.429,4.0032,8.9652,-5.9955
181.437,4.0032,8.9652,-5.9955
181.444,4.0032,8.9678,-5.9955
181.453,4.0032,8.9678,-5.9955
181.459,4.0032,8.9703,-5.9955
181.467,4.0032,8.9703,-5.9955
181.476,4.0032,8.9703,-5.9955
181.482,4.0032,8.9729,-5.9955
181.492,4.0032,8.9729,-5.9955
181.500,4.0032,8.9754,-5.9955
181.510,4.0032,8.9754,-5.9955
181.519,4.0032,8.9780,-5.9955
181.526,4.0032,8.9780,-5.9955
181.536,4.0032,8.9780,-5.9955
181.543,4.0032,8.9805,-5.9955
181.553,4.0032,8.9805,-5.9955
181.560,4.0032,8.9831,-5.9955
181.572,4.0032,8.9831,-5.9955
181.579,4.0032,8.9856,-5.9955
181.588,4.0032,8.9856,-5.9955
181.597,4.0032,8.9856,-5.9955
181.606,4.0032,8.9882,-5.9955
181.616,4.0032,8.9882,-5.9955
181.623,4.0032,8.9907,-5.9955
181.633,4.0032,8.9907,-5.9955
181.642,4.0032,8.9933,-5.9955
181.650,4.0032,8.9933,-5.9955
181.659,4.0032,8.9959,-5.9955
181.668,4.0032,8.9959,-5.9955
181.677,4.0032,8.9959,-5.9955
181.684,4.0032,8.9984,-5.9955
181.693,4.0032,8.9984,-5.9955
181.702,4.0032,9.0010,-5.9955
181.710,4.0032,9.0010,-5.9955
181.719,4.0032,9.0035,-5.9955
181.729,4.0032,9.0035,-5.9955
181.738,4.0032,9.0035,-5.9955
181.746,4.0032,9.0061,-5.9955
181.756,4.0032,9.0061,-5.9955
181.764,4.0032,9.0086,-5.9955
181.774,4.0032,9.0086,-5.9955
181.783,4.0032,9.0112,-5.9955
181.792,4.0032,9.0112,-5.9955
181.801,4.0032,9.0138,-5.9955
181.811,4.0032,9.0138,-5.9955
181.819,4.0032,9.0163,-5.9955
181.828,4.0032,9.0163,-5.9955
181.836,4.0032,9.0163,-5.9955
181.845,4.0032,9.0189,-5.9955
181.855,4.0032,9.0189,-5.9955
181.863,4.0032,9.0214,-5.9955
181.873,4.0032,9.0214,-5.9955
181.881,4.0032,9.0240,-5.9955
181.891,4.0032,9.0240,-5.9955
181.899,4.0032,9.0266,-5.9955
181.909,4.0032,9.0266,-5.9955
181.917,4.0032,9.0266,-5.9955
181.926,4.0032,9.0291,-5.9955
181.938,4.0032,9.0291,-5.9955
181.945,4.0032,9.0317,-5.9955
181.956,4.0032,9.0317,-5.9955
181.963,4.0032,9.0342,-5.9955
181.973,4.0032,9.0342,-5.9955
181.981,4.0032,9.0368,-5.9955
181.991,4.0032,9.0368,-5.9955
181.999,4.0032,9.0394,-5.9955
182.008,4.0032,9.0394,-5.9955
182.016,4.0032,9.0394,-5.9955
182.023,4.0032,9.0419,-5.9955
182.032,4.0032,9.0419,-5.9955
182.041,4.0032,9.0445,-5.9955
182.051,4.0032,9.0445,-5.9955
182.059,4.0032,9.0470,-5.9955
182.069,4.0032,9.0470,-5.9955
182.078,4.0032,9.0470,-5.9955
182.086,4.0032,9.0496,-5.9955
182.095,4.0032,9.0496,-5.9955
182.104,4.0032,9.0522,-5.9955
182.114,4.0032,9.0522,-5.9955
182.122,4.0032,9.0547,-5.9955
182.131,4.0032,9.0547,-5.9955
182.140,4.0032,9.0573,-5.9955
182.148,4.0032,9.0573,-5.9955
182.156,4.0032,9.0573,-5.9955
182.164,4.0032,9.0599,-5.9955
182.175,4.0032,9.0599,-5.9955
182.183,4.0032,9.0624,-5.9955
182.192,4.0032,9.0624,-5.9955
182.202,4.0032,9.0650,-5.9955
182.211,4.0032,9.0650,-5.9955
182.220,4.0032,9.0675,-5.9955
182.228,4.0032,9.0675,-5.9955
182.236,4.0032,9.0675,-5.9955
182.243,4.0032,9.0701,-5.9955
182.253,4.0032,9.0701,-5.9955
182.259,4.0032,9.0727,-5.9955
182.269,4.0032,9.0727,-5.9955
182.277,4.0032,9.0727,-5.9955
182.286,4.0032,9.0752,-5.9955
182.296,4.0032,9.0752,-5.9955
182.304,4.0032,9.0778,-5.9955
182.312,4.0032,9.0778,-5.9955
182.319,4.0032,9.0804,-5.9955
182.328,4.0032,9.0804,-5.9955
182.336,4.0032,9.0804,-5.9955
182.344,4.0032,9.0829,-5.9955
182.353,4.0032,9.0829,-5.9955
182.361,4.0032,9.0855,-5.9955
182.370,4.0032,9.0855,-5.9955
182.377,4.0032,9.0855,-5.9955
182.385,4.0032,9.0881,-5.9955
182.394,4.0032,9.0881,-5.9955
182.402,4.0032,9.0906,-5.9955
182.410,4.0032,9.0906,-5.9955
182.418,4.0032,9.0906,-5.9955
182.425,4.0032,9.0932,-5.9955
182.434,4.0032,9.0932,-5.9955
182.441,4.0032,9.0958,-5.9955
182.450,4.0032,9.0958,-5.9955
182.457,4.0032,9.0958,-5.9955
182.464,4.0032,9.0983,-5.9955
182.472,4.0032,9.0983,-5.9955
182.480,4.0032,9.1009,-5.9955
182.488,4.0032,9.1009,-5.9955
182.495,4.0032,9.1009,-5.9955
182.504,4.0032,9.1035,-5.9955
182.513,4.0032,9.1035,-5.9955
182.520,4.0032,9.1060,-5.9955
182.529,4.0032,9.1060,-5.9955
182.537,4.0032,9.1060,-5.9955
182.544,4.0032,9.1086,-5.9955
182.554,4.0032,9.1086,-5.9955
182.561,4.0032,9.1112,-5.9955
182.570,4.0032,9.1112,-5.9955
182.578,4.0032,9.1112,-5.9955
182.585,4.0032,9.1137,-5.9955
182.594,4.0032,9.1137,-5.9955
182.602,4.0032,9.1163,-5.9955
182.610,4.0032,9.1163,-5.9955
182.618,4.0032,9.1163,-5.9955
182.626,4.0032,9.1189,-5.9955
182.633,4.0032,9.1189,-5.9955
182.640,4.0032,9.1214,-5.9955
182.647,4.0032,9.1214,-5.9955
182.655,4.0032,9.1214,-5.9955
182.661,4.0032,9.1240,-5.9955
182.668,4.0032,9.1240,-5.9955
182.676,4.0032,9.1240,-5.9955
182.683,4.0032,9.1266,-5.9955
182.692,4.0032,9.1266,-5.9955
182.699,4.0032,9.1291,-5.9955
182.709,4.0032,9.1291,-5.9955
182.716,4.0032,9.1291,-5.9955
182.723,4.0032,9.1317,-5.9955
182.730,4.0032,9.1317,-5.9955
182.738,4.0032,9.1317,-5.9955
182.746,4.0032,9.1343,-5.9955
182.754,4.0032,9.1343,-5.9955
182.760,4.0032,9.1368,-5.9955
182.770,4.0032,9.1368,-5.9955
182.777,4.0032,9.1368,-5.9955
182.784,4.0032,9.1394,-5.9955
182.791,4.0032,9.1394,-5.9955
182.800,4.0032,9.1420,-5.9955
182.808,4.0032,9.1420,-5.9955
182.815,4.0032,9.1420,-5.9955
182.821,4.0032,9.1445,-5.9955
182.830,4.0032,9.1445,-5.9955
182.837,4.0032,9.1445,-5.9955
182.846,4.0032,9.1471,-5.9955
182.854,4.0032,9.1471,-5.9955
182.862,4.0032,9.1497,-5.9955
182.871,4.0032,9.1497,-5.9955
182.878,4.0032,9.1497,-5.9955
182.886,4.0032,9.1522,-5.9955
182.895,4.0032,9.1522,-5.9955
182.904,4.0032,9.1548,-5.9955
182.912,4.0032,9.1548,-5.9955
182.921,4.0032,9.1574,-5.9955
182.929,4.0032,9.1574,-5.9955
182.937,4.0032,9.1574,-5.9955
182.943,4.0032,9.1599,-5.9955
182.954,4.0032,9.1599,-5.9955
182.961,4.0032,9.1625,-5.9955
182.970,4.0032,9.1625,-5.9955
182.978,4.0032,9.1625,-5.9955
182.987,4.0032,9.1651,-5.9955
182.995,4.0032,9.1651,-5.9955
183.004,4.0032,9.1676,-5.9955
183.012,4.0032,9.1676,-5.9955
183.020,4.0032,9.1702,-5.9955
183.027,4.0032,9.1702,-5.9955
183.035,4.0032,9.1702,-5.9955
183.042,4.0032,9.1727,-5.9955
183.051,4.0032,9.1727,-5.9955
183.057,4.0032,9.1727,-5.9955
183.065,4.0032,9.1753,-5.9955
183.074,4.0032,9.1753,-5.9955
183.082,4.0032,9.1779,-5.9955
183.092,4.0032,9.1779,-5.9955
183.101,4.0032,9.1804,-5.9955
183.110,4.0032,9.1804,-5.9955
183.118,4.0032,9.1804,-5.9955
183.126,4.0032,9.1830,-5.9955
183.137,4.0032,9.1830,-5.9955
183.144,4.0032,9.1855,-5.9955
183.153,4.0032,9.1855,-5.9955
183.161,4.0032,9.1881,-5.9955
183.172,4.0032,9.1881,-5.9955
183.179,4.0032,9.1907,-5.9955
183.190,4.0032,9.1907,-5.9955
183.199,4.0032,9.1932,-5.9955
183.208,4.0032,9.1932,-5.9955
183.215,4.0032,9.1932,-5.9955
183.224,4.0032,9.1958,-5.9955
183.234,4.0032,9.1958,-5.9955
183.242,4.0032,9.1984,-5.9955
183.252,4.0032,9.1984,-5.9955
183.260,4.0032,9.2009,-5.9955
183.271,4.0032,9.2009,-5.9955
183.278,4.0032,9.2009,-5.9955
183.286,4.0032,9.2035,-5.9955
183.295,4.0032,9.2035,-5.9955
183.304,4.0032,9.2060,-5.9955
183.313,4.0032,9.2060,-5.9955
183.321,4.0032,9.2086,-5.9955
183.330,4.0032,9.2086,-5.9955
183.338,4.0032,9.2086,-5.9955
183.347,4.0032,9.2112,-5.9955
183.356,4.0032,9.2112,-5.9955
183.365,4.0032,9.2137,-5.9955
183.375,4.0032,9.2137,-5.9955
183.382,4.0032,9.2163,-5.9955
183.393,4.0032,9.2163,-5.9955
183.401,4.0032,9.2188,-5.9955
183.411,4.0032,9.2188,-5.9955
183.419,4.0032,9.2214,-5.9955
183.429,4.0032,9.2214,-5.9955
183.439,4.0032,9.2239,-5.9955
183.448,4.0032,9.2239,-5.9955
183.457,4.0032,9.2239,-5.9955
183.466,4.0032,9.2265,-5.9955
183.476,4.0032,9.2265,-5.9955
183.483,4.0032,9.2290,-5.9955
183.492,4.0032,9.2290,-5.9955
183.501,4.0032,9.2316,-5.9955
183.510,4.0032,9.2316,-5.9955
183.518,4.0032,9.2316,-5.9955
183.525,4.0032,9.2342,-5.9955
183.534,4.0032,9.2342,-5.9955
183.542,4.0032,9.2367,-5.9955
183.550,4.0032,9.2367,-5.9955
183.558,4.0032,9.2367,-5.9955
183.566,4.0032,9.2393,-5.9955
183.574,4.0032,9.2393,-5.9955
183.582,4.0032,9.2418,-5.9955
183.593,4.0032,9.2418,-5.9955
183.607,4.0032,9.2444,-5.9955
183.616,4.0032,9.2444,-5.9955
183.624,4.0032,9.2469,-5.9955
183.633,4.0032,9.2469,-5.9955
183.640,4.0032,9.2495,-5.9955
183.652,4.0032,9.2495,-5.9955
183.660,4.0032,9.2520,-5.9955
183.670,4.0032,9.2520,-5.9955
183.678,4.0032,9.2520,-5.9955
183.685,4.0032,9.2546,-5.9955
183.693,4.0032,9.2546,-5.9955
183.700,4.0032,9.2571,-5.9955
183.709,4.0032,9.2571,-5.9955
183.716,4.0032,9.2571,-5.9955
183.724,4.0032,9.2597,-5.9955
183.732,4.0032,9.2597,-5.9955
183.739,4.0032,9.2622,-5.9955
183.747,4.0032,9.2622,-5.9955
183.754,4.0032,9.2622,-5.9955
183.761,4.0032,9.2648,-5.9955
183.771,4.0032,9.2648,-5.9955
183.778,4.0032,9.2648,-5.9955
183.786,4.0032,9.2673,-5.9955
183.795,4.0032,9.2673,-5.9955
183.802,4.0032,9.2699,-5.9955
183.811,4.0032,9.2699,-5.9955
183.818,4.0032,9.2699,-5.9955
183.825,4.0032,9.2724,-5.9955
183.834,4.0032,9.2724,-5.9955
183.841,4.0032,9.2749,-5.9955
183.849,4.0032,9.2749,-5.9955
183.857,4.0032,9.2749,-5.9955
183.864,4.0032,9.2775,-5.9955
183.873,4.0032,9.2775,-5.9955
183.880,4.0032,9.2800,-5.9955
183.889,4.0032,9.2800,-5.9955
183.896,4.0032,9.2800,-5.9955
183.904,4.0032,9.2826,-5.9955
183.912,4.0032,9.2826,-5.9955
183.920,4.0032,9.2851,-5.9955
183.927,4.0032,9.2851,-5.9955
183.935,4.0032,9.2851,-5.9955
183.944,4.0032,9.2876,-5.9955
183.953,4.0032,9.2876,-5.9955
183.960,4.0032,9.2902,-5.9955
183.970,4.0032,9.2902,-5.9955
183.976,4.0032,9.2902,-5.9955
183.985,4.0032,9.2927,-5.9955
183.993,4.0032,9.2927,-5.9955
184.002,4.0032,9.2953,-5.9955
184.010,4.0032,9.2953,-5.9955
184.018,4.0032,9.2953,-5.9955
184.025,4.0032,9.2978,-5.9955
184.035,4.0032,9.2978,-5.9955
184.042,4.0032,9.3003,-5.9955
184.051,4.0032,9.3003,-5.9955
184.058,4.0032,9.3003,-5.9955
184.066,4.0032,9.3029,-5.9955
184.075,4.0032,9.3029,-5.9955
184.083,4.0032,9.3054,-5.9955
184.092,4.0032,9.3054,-5.9955
184.100,4.0032,9.3080,-5.9955
184.110,4.0032,9.3080,-5.9955
184.116,4.0032,9.3080,-5.9955
184.124,4.0032,9.3105,-5.9955
184.132,4.0032,9.3105,-5.9955
184.140,4.0032,9.3130,-5.9955
184.149,4.0032,9.3130,-5.9955
184.157,4.0032,9.3130,-5.9955
184.164,4.0032,9.3156,-5.9955
184.174,4.0032,9.3156,-5.9955
184.181,4.0032,9.3181,-5.9955
184.190,4.0032,9.3181,-5.9955
184.198,4.0032,9.3181,-5.9955
184.206,4.0032,9.3206,-5.9955
184.213,4.0032,9.3206,-5.9955
184.222,4.0032,9.3232,-5.9955
184.229,4.0032,9.3232,-5.9955
184.238,4.0032,9.3232,-5.9955
184.245,4.0032,9.3257,-5.9955
184.255,4.0032,9.3257,-5.9955
184.262,4.0032,9.3282,-5.9955
184.272,4.0032,9.3282,-5.9955
184.279,4.0032,9.3308,-5.9955
184.288,4.0032,9.3308,-5.9955
184.295,4.0032,9.3308,-5.9955
184.303,4.0032,9.3333,-5.9955
184.313,4.0032,9.3333,-5.9955
184.320,4.0032,9.3359,-5.9955
184.329,4.0032,9.3359,-5.9955
184.338,4.0032,9.3359,-5.9955
184.346,4.0032,9.3384,-5.9955
184.355,4.0032,9.3384,-5.9955
184.363,4.0032,9.3409,-5.9955
184.374,4.0032,9.3409,-5.9955
184.382,4.0032,9.3435,-5.9955
184.390,4.0032,9.3435,-5.9955
184.399,4.0032,9.3460,-5.9955
184.409,4.0032,9.3460,-5.9955
184.416,4.0032,9.3460,-5.9955
184.425,4.0032,9.3486,-5.9955
184.434,4.0032,9.3486,-5.9955
184.442,4.0032,9.3511,-5.9955
184.451,4.0032,9.3511,-5.9955
184.459,4.0032,9.3537,-5.9955
184.470,4.0032,9.3537,-5.9955
184.477,4.0032,9.3537,-5.9955
184.487,4.0032,9.3562,-5.9955
184.495,4.0032,9.3562,-5.9955
184.505,4.0032,9.3587,-5.9955
184.514,4.0032,9.3587,-5.9955
184.522,4.0032,9.3613,-5.9955
184.531,4.0032,9.3613,-5.9955
184.540,4.0032,9.3638,-5.9955
184.548,4.0032,9.3638,-5.9955
184.557,4.0032,9.3638,-5.9955
184.566,4.0032,9.3640,-5.9955
184.575,4.0032,9.3640,-5.9955
184.582,4.0032,9.3640,-5.9955
184.593,4.0032,9.3640,-5.9955
184.612,4.0032,9.3640,-5.9955
184.622,4.0032,9.3640,-5.9955
184.631,4.0032,9.3640,-5.9955
184.639,4.0032,9.3640,-5.9955
184.647,4.0032,9.3640,-5.9955
184.656,4.0032,9.3640,-5.9955
184.662,4.0032,9.3640,-5.9955
184.672,4.0032,9.3640,-5.9955
184.680,4.0032,9.3640,-5.9955
184.690,4.0032,9.3640,-5.9955
184.698,4.0032,9.3640,-5.9955
184.707,4.0032,9.3640,-5.9955
184.717,4.0032,9.3640,-5.9955
184.724,4.0032,9.3640,-5.9955
184.734,4.0032,9.3640,-5.9955
184.743,4.0032,9.3640,-5.9955
184.751,4.0032,9.3640,-5.9955
184.758,4.0032,9.3640,-5.9955
184.766,4.0032,9.3640,-5.9955
184.776,4.0032,9.3640,-5.9955
184.784,4.0032,9.3640,-5.9955
184.793,4.0032,9.3640,-5.9955
184.801,4.0032,9.3640,-5.9955
184.811,4.0032,9.3640,-5.9955
184.818,4.0032,9.3640,-5.9955
184.826,4.0032,9.3640,-5.9955
184.835,4.0032,9.3640,-5.9955
184.843,4.0032,9.3640,-5.9955
184.851,4.0032,9.3640,-5.9955
184.859,4.0032,9.3640,-5.9955
184.867,4.0032,9.3640,-5.9955
184.875,4.0032,9.3640,-5.9955
184.882,4.0032,9.3640,-5.9955
184.890,4.0032,9.3640,-5.9955
184.898,4.0032,9.3640,-5.9955
184.906,4.0032,9.3640,-5.9955
184.914,4.0032,9.3640,-5.9955
184.922,4.0032,9.3640,-5.9955
184.930,4.0032,9.3640,-5.9955
184.938,4.0032,9.3640,-5.9955
184.946,4.0032,9.3640,-5.9955
184.954,4.0032,9.3640,-5.9955
184.960,4.0032,9.3640,-5.9955
184.970,4.0032,9.3640,-5.9955
184.977,4.0032,9.3640,-5.9955
184.985,4.0032,9.3640,-5.9955
184.993,4.0032,9.3640,-5.9955
185.002,4.0032,9.3640,-5.9955
185.009,4.0032,9.3640,-5.9955
185.017,4.0032,9.3640,-5.9955
185.024,4.0032,9.3640,-5.9955
185.033,4.0032,9.3640,-5.9955
185.041,4.0032,9.3640,-5.9955
185.049,4.0032,9.3640,-5.9955
185.056,4.0032,9.3640,-5.9955
185.064,4.0032,9.3640,-5.9955
185.073,4.0032,9.3640,-5.9955
185.080,4.0032,9.3640,-5.9955
185.089,4.0032,9.3640,-5.9955
185.096,4.0032,9.3640,-5.9955
185.104,4.0032,9.3640,-5.9955
185.113,4.0032,9.3640,-5.9955
185.121,4.0032,9.3640,-5.9955
185.129,4.0032,9.3640,-5.9955
185.138,4.0032,9.3640,-5.9955
185.145,4.0032,9.3640,-5.9955
185.154,4.0032,9.3640,-5.9955
185.161,4.0032,9.3640,-5.9955
185.171,4.0032,9.3640,-5.9955
185.178,4.0032,9.3640,-5.9955
185.187,4.0032,9.3640,-5.9955
185.196,4.0032,9.3640,-5.9955
185.205,4.0032,9.3640,-5.9955
185.212,4.0032,9.3640,-5.9955
185.222,4.0032,9.3640,-5.9955
185.230,4.0032,9.3640,-5.9955
185.238,4.0032,9.3640,-5.9955
185.246,4.0032,9.3640,-5.9955
185.256,4.0032,9.3640,-5.9955
185.263,4.0032,9.3640,-5.9955
185.273,4.0032,9.3640,-5.9955
185.281,4.0032,9.3640,-5.9955
185.289,4.0032,9.3640,-5.9955
185.297,4.0032,9.3640,-5.9955
185.305,4.0032,9.3640,-5.9955
185.315,4.0032,9.3640,-5.9955
185.323,4.0032,9.3640,-5.9955
185.332,4.0032,9.3640,-5.9955
185.340,4.0032,9.3640,-5.9955
185.349,4.0032,9.3640,-5.9955
185.358,4.0032,9.3640,-5.9955
185.366,4.0032,9.3640,-5.9955
185.376,4.0032,9.3640,-5.9955
185.383,4.0032,9.3640,-5.9955
185.392,4.0032,9.3640,-5.9955
185.401,4.0032,9.3640,-5.9955
185.410,4.0032,9.3640,-5.9955
185.419,4.0032,9.3640,-5.9955
185.427,4.0032,9.3640,-5.9955
185.437,4.0032,9.3640,-5.9955
185.444,4.0032,9.3640,-5.9955
185.453,4.0032,9.3640,-5.9955
185.461,4.0032,9.3640,-5.9955
185.471,4.0032,9.3640,-5.9955
185.478,4.0032,9.3640,-5.9955
185.487,4.0032,9.3640,-5.9955
185.495,4.0032,9.3640,-5.9955
185.504,4.0032,9.3640,-5.9955
185.513,4.0032,9.3640,-5.9955
185.521,4.0032,9.3640,-5.9955
185.531,4.0032,9.3640,-5.9955
185.540,4.0032,9.3640,-5.9955
185.549,4.0032,9.3640,-5.9955
185.559,4.0032,9.3640,-5.9955
185.570,4.0032,9.3640,-5.9955
185.580,4.0032,9.3640,-5.9955
185.590,4.0032,9.3640,-5.9955
185.597,4.0032,9.3640,-5.9955
185.608,4.0032,9.3640,-5.9955
185.617,4.0032,9.3640,-5.9955
185.624,4.0032,9.3640,-5.9955
185.634,4.0032,9.3640,-5.9955
185.643,4.0032,9.3640,-5.9951
185.655,4.0032,9.3640,-5.9951
185.662,4.0032,9.3640,-5.9945
185.675,4.0032,9.3640,-5.9945
185.684,4.0032,9.3640,-5.9923
185.695,4.0032,9.3640,-5.9923
185.705,4.0032,9.3640,-5.9896
185.715,4.0032,9.3640,-5.9896
185.724,4.0032,9.3640,-5.9865
185.733,4.0032,9.3640,-5.9865
185.742,4.0032,9.3640,-5.9832
185.753,4.0032,9.3640,-5.9832
185.762,4.0032,9.3640,-5.9796
185.772,4.0032,9.3640,-5.9796
185.781,4.0032,9.3640,-5.9760
185.792,4.0032,9.3640,-5.9760
185.803,4.0032,9.3640,-5.9724
185.813,4.0032,9.3640,-5.9724
185.822,4.0032,9.3640,-5.9687
185.831,4.0032,9.3640,-5.9687
185.840,4.0032,9.3640,-5.9618
185.850,4.0032,9.3640,-5.9618
185.859,4.0032,9.3640,-5.9549
185.871,4.0032,9.3640,-5.9549
185.879,4.0032,9.3640,-5.9481
185.890,4.0032,9.3640,-5.9481
185.899,4.0032,9.3640,-5.9412
185.910,4.0032,9.3640,-5.9412
185.920,4.0032,9.3640,-5.9343
185.929,4.0032,9.3640,-5.9343
185.939,4.0032,9.3640,-5.9274
185.950,4.0032,9.3640,-5.9274
185.958,4.0032,9.3640,-5.9205
185.970,4.0032,9.3640,-5.9205
185.979,4.0032,9.3640,-5.9135
185.988,4.0032,9.3640,-5.9135
185.997,4.0032,9.3640,-5.9135
186.005,4.0032,9.3640,-5.9065
186.014,4.0032,9.3640,-5.9065
186.022,4.0032,9.3640,-5.8994
186.031,4.0032,9.3640,-5.8994
186.047,4.0032,9.3640,-5.8923
186.057,4.0032,9.3640,-5.8923
186.064,4.0032,9.3640,-5.8850
186.075,4.0032,9.3640,-5.8850
186.082,4.0032,9.3640,-5.8777
186.090,4.0032,9.3640,-5.8777
186.098,4.0032,9.3640,-5.8777
186.106,4.0032,9.3640,-5.8703
186.114,4.0032,9.3640,-5.8703
186.124,4.0032,9.3640,-5.8629
186.132,4.0032,9.3640,-5.8629
186.140,4.0032,9.3640,-5.8554
186.147,4.0032,9.3640,-5.8554
186.155,4.0032,9.3640,-5.8554
186.162,4.0032,9.3640,-5.8480
186.172,4.0032,9.3640,-5.8480
186.180,4.0032,9.3640,-5.8405
186.189,4.0032,9.3640,-5.8405
186.196,4.0032,9.3640,-5.8405
186.204,4.0032,9.3640,-5.8331
186.213,4.0032,9.3640,-5.8331
186.222,4.0032,9.3640,-5.8256
186.229,4.0032,9.3640,-5.8256
186.237,4.0032,9.3640,-5.8256
186.245,4.0032,9.3640,-5.8182
186.254,4.0032,9.3640,-5.8182
186.262,4.0032,9.3640,-5.8108
186.272,4.0032,9.3640,-5.8108
186.280,4.0032,9.3640,-5.8033
186.288,4.0032,9.3640,-5.8033
186.296,4.0032,9.3640,-5.8033
186.304,4.0032,9.3640,-5.7959
186.313,4.0032,9.3640,-5.7959
186.320,4.0032,9.3640,-5.7885
186.328,4.0032,9.3640,-5.7885
186.336,4.0032,9.3640,-5.7885
186.343,4.0032,9.3640,-5.7810
186.352,4.0032,9.3640,-5.7810
186.359,4.0032,9.3640,-5.7736
186.368,4.0032,9.3640,-5.7736
186.375,4.0032,9.3640,-5.7736
186.382,4.0032,9.3640,-5.7662
186.391,4.0032,9.3640,-5.7662
186.399,4.0032,9.3640,-5.7588
186.408,4.0032,9.3640,-5.7588
186.416,4.0032,9.3640,-5.7588
186.423,4.0032,9.3640,-5.7514
186.431,4.0032,9.3640,-5.7514
186.439,4.0032,9.3640,-5.7440
186.447,4.0032,9.3640,-5.7440
186.455,4.0032,9.3640,-5.7440
186.462,4.0032,9.3640,-5.7366
186.472,4.0032,9.3640,-5.7366
186.479,4.0032,9.3640,-5.7292
186.488,4.0032,9.3640,-5.7292
186.495,4.0032,9.3640,-5.7292
186.504,4.0032,9.3640,-5.7218
186.512,4.0032,9.3640,-5.7218
186.520,4.0032,9.3640,-5.7145
186.528,4.0032,9.3640,-5.7145
186.536,4.0032,9.3640,-5.7145
186.544,4.0032,9.3640,-5.7071
186.553,4.0032,9.3640,-5.7071
186.561,4.0032,9.3640,-5.6997
186.569,4.0032,9.3640,-5.6997
186.577,4.0032,9.3640,-5.6997
186.585,4.0032,9.3640,-5.6923
186.594,4.0032,9.3640,-5.6923
186.602,4.0032,9.3640,-5.6850
186.611,4.0032,9.3640,-5.6850
186.619,4.0032,9.3640,-5.6776
186.628,4.0032,9.3640,-5.6776
186.636,4.0032,9.3640,-5.6776
186.644,4.0032,9.3640,-5.6702
186.652,4.0032,9.3640,-5.6702
186.659,4.0032,9.3640,-5.6628
186.669,4.0032,9.3640,-5.6628
186.676,4.0032,9.3640,-5.6628
186.684,4.0032,9.3640,-5.6555
186.692,4.0032,9.3640,-5.6555
186.700,4.0032,9.3640,-5.6481
186.709,4.0032,9.3640,-5.6481
186.717,4.0032,9.3640,-5.6481
186.724,4.0032,9.3640,-5.6407
186.734,4.0032,9.3640,-5.6407
186.741,4.0032,9.3640,-5.6333
186.750,4.0032,9.3640,-5.6333
186.758,4.0032,9.3640,-5.6333
186.767,4.0032,9.3640,-5.6259
186.775,4.0032,9.3640,-5.6259
186.783,4.0032,9.3640,-5.6185
186.792,4.0032,9.3640,-5.6185
186.801,4.0032,9.3640,-5.6112
186.811,4.0032,9.3640,-5.6112
186.819,4.0032,9.3640,-5.6038
186.830,4.0032,9.3640,-5.6038
186.840,4.0032,9.3640,-5.5964
186.850,4.0032,9.3640,-5.5964
186.860,4.0032,9.3640,-5.5890
186.872,4.0032,9.3640,-5.5890
186.879,4.0032,9.3640,-5.5816
186.889,4.0032,9.3640,-5.5816
186.896,4.0032,9.3640,-5.5816
186.905,4.0032,9.3640,-5.5742
186.915,4.0032,9.3640,-5.5742
186.923,4.0032,9.3640,-5.5668
186.932,4.0032,9.3640,-5.5668
186.940,4.0032,9.3640,-5.5594
186.950,4.0032,9.3640,-5.5594
186.957,4.0032,9.3640,-5.5594
186.966,4.0032,9.3640,-5.5521
186.976,4.0032,9.3640,-5.5521
186.985,4.0032,9.3640,-5.5447
186.994,4.0032,9.3640,-5.5447
187.004,4.0032,9.3640,-5.5373
187.013,4.0032,9.3640,-5.5373
187.020,4.0032,9.3640,-5.5299
187.032,4.0032,9.3640,-5.5299
187.040,4.0032,9.3640,-5.5225
187.049,4.0032,9.3640,-5.5225
187.058,4.0032,9.3640,-5.5225
187.066,4.0032,9.3640,-5.5151
187.075,4.0032,9.3640,-5.5151
187.082,4.0032,9.3640,-5.5077
187.092,4.0032,9.3640,-5.5077
187.100,4.0032,9.3640,-5.5003
187.110,4.0032,9.3640,-5.5003
187.118,4.0032,9.3640,-5.4929
187.127,4.0032,9.3640,-5.4929
187.137,4.0032,9.3640,-5.4929
187.144,4.0032,9.3640,-5.4856
187.154,4.0032,9.3640,-5.4856
187.162,4.0032,9.3640,-5.4782
187.173,4.0032,9.3640,-5.4782
187.181,4.0032,9.3640,-5.4708
187.190,4.0032,9.3640,-5.4708
187.199,4.0032,9.3640,-5.4634
187.209,4.0032,9.3640,-5.4634
187.218,4.0032,9.3640,-5.4634
187.226,4.0032,9.3640,-5.4560
187.235,4.0032,9.3640,-5.4560
187.243,4.0032,9.3640,-5.4486
187.252,4.0032,9.3640,-5.4486
187.259,4.0032,9.3640,-5.4412
187.268,4.0032,9.3640,-5.4412
187.277,4.0032,9.3640,-5.4412
187.286,4.0032,9.3640,-5.4338
187.294,4.0032,9.3640,-5.4338
187.302,4.0032,9.3640,-5.4264
187.310,4.0032,9.3640,-5.4264
187.319,4.0032,9.3640,-5.4190
187.328,4.0032,9.3640,-5.4190
187.337,4.0032,9.3640,-5.4190
187.344,4.0032,9.3640,-5.4116
187.353,4.0032,9.3640,-5.4116
187.360,4.0032,9.3640,-5.4042
187.371,4.0032,9.3640,-5.4042
187.378,4.0032,9.3640,-5.4042
187.384,4.0032,9.3640,-5.3968
187.393,4.0032,9.3640,-5.3968
187.402,4.0032,9.3640,-5.3894
187.410,4.0032,9.3640,-5.3894
187.418,4.0032,9.3640,-5.3894
187.425,4.0032,9.3640,-5.3820
187.435,4.0032,9.3640,-5.3820
187.442,4.0032,9.3640,-5.3745
187.451,4.0032,9.3640,-5.3745
187.459,4.0032,9.3640,-5.3671
187.467,4.0032,9.3640,-5.3671
187.475,4.0032,9.3640,-5.3671
187.482,4.0032,9.3640,-5.3597
187.491,4.0032,9.3640,-5.3597
187.498,4.0032,9.3640,-5.3597
187.505,4.0032,9.3640,-5.3523
187.515,4.0032,9.3640,-5.3523
187.523,4.0032,9.3640,-5.3449
187.531,4.0032,9.3640,-5.3449
187.539,4.0032,9.3640,-5.3375
187.548,4.0032,9.3640,-5.3375
187.556,4.0032,9.3640,-5.3375
187.562,4.0032,9.3640,-5.3301
187.572,4.0032,9.3640,-5.3301
187.579,4.0032,9.3640,-5.3227
187.589,4.0032,9.3640,-5.3227
187.595,4.0032,9.3640,-5.3227
187.604,4.0032,9.3640,-5.3153
187.612,4.0032,9.3640,-5.3153
187.620,4.0032,9.3640,-5.3079
187.628,4.0032,9.3640,-5.3079
187.637,4.0032,9.3640,-5.3079
187.643,4.0032,9.3640,-5.3005
187.655,4.0032,9.3640,-5.3005
187.662,4.0032,9.3640,-5.2931
187.671,4.0032,9.3640,-5.2931
187.678,4.0032,9.3640,-5.2931
187.685,4.0032,9.3640,-5.2857
187.695,4.0032,9.3640,-5.2857
187.703,4.0032,9.3640,-5.2783
187.712,4.0032,9.3640,-5.2783
187.719,4.0032,9.3640,-5.2709
187.728,4.0032,9.3640,-5.2709
187.735,4.0032,9.3640,-5.2709
187.742,4.0032,9.3640,-5.2635
187.749,4.0032,9.3640,-5.2635
187.756,4.0032,9.3640,-5.2635
187.763,4.0032,9.3640,-5.2560
187.771,4.0032,9.3640,-5.2560
187.778,4.0032,9.3640,-5.2560
187.785,4.0032,9.3640,-5.2486
187.793,4.0032,9.3640,-5.2486
187.799,4.0032,9.3640,-5.2412
187.808,4.0032,9.3640,-5.2412
187.814,4.0032,9.3640,-5.2412
187.822,4.0032,9.3640,-5.2338
187.830,4.0032,9.3640,-5.2338
187.837,4.0032,9.3640,-5.2338
187.845,4.0032,9.3640,-5.2264
187.854,4.0032,9.3640,-5.2264
187.860,4.0032,9.3640,-5.2190
187.868,4.0032,9.3640,-5.2190
187.875,4.0032,9.3640,-5.2190
187.881,4.0032,9.3640,-5.2116
187.888,4.0032,9.3640,-5.2116
187.895,4.0032,9.3640,-5.2116
187.902,4.0032,9.3640,-5.2041
187.909,4.0032,9.3640,-5.2041
187.916,4.0032,9.3640,-5.2041
187.924,4.0032,9.3640,-5.1967
187.931,4.0032,9.3640,-5.1967
187.938,4.0032,9.3640,-5.1967
187.945,4.0032,9.3640,-5.1893
187.953,4.0032,9.3640,-5.1893
187.959,4.0032,9.3640,-5.1818
187.966,4.0032,9.3640,-5.1818
187.974,4.0032,9.3640,-5.1818
187.980,4.0032,9.3640,-5.1744
187.988,4.0032,9.3640,-5.1744
187.995,4.0032,9.3640,-5.1744
188.003,4.0032,9.3640,-5.1670
188.011,4.0032,9.3640,-5.1670
188.017,4.0032,9.3640,-5.1670
188.024,4.0032,9.3640,-5.1595
188.032,4.0032,9.3640,-5.1595
188.040,4.0032,9.3640,-5.1521
188.048,4.0032,9.3640,-5.1521
188.055,4.0032,9.3640,-5.1521
188.063,4.0032,9.3640,-5.1446
188.071,4.0032,9.3640,-5.1446
188.078,4.0032,9.3640,-5.1446
188.086,4.0032,9.3640,-5.1371
188.094,4.0032,9.3640,-5.1371
188.103,4.0032,9.3640,-5.1296
188.111,4.0032,9.3640,-5.1296
188.119,4.0032,9.3640,-5.1220
188.128,4.0032,9.3640,-5.1220
188.137,4.0032,9.3640,-5.1220
188.146,4.0032,9.3640,-5.1144
188.155,4.0032,9.3640,-5.1144
188.162,4.0032,9.3640,-5.1068
188.171,4.0032,9.3640,-5.1068
188.179,4.0032,9.3640,-5.0990
188.189,4.0032,9.3640,-5.0990
188.197,4.0032,9.3640,-5.0990
188.206,4.0032,9.3640,-5.0911
188.216,4.0032,9.3640,-5.0911
188.224,4.0032,9.3640,-5.0832
188.233,4.0032,9.3640,-5.0832
188.243,4.0032,9.3640,-5.0751
188.252,4.0032,9.3640,-5.0751
188.261,4.0032,9.3640,-5.0669
188.272,4.0032,9.3640,-5.0669
188.280,4.0032,9.3640,-5.0586
188.290,4.0032,9.3640,-5.0586
188.299,4.0032,9.3640,-5.0502
188.309,4.0032,9.3640,-5.0502
188.317,4.0032,9.3640,-5.0502
188.325,4.0032,9.3640,-5.0417
188.334,4.0032,9.3640,-5.0417
188.342,4.0032,9.3640,-5.0331
188.353,4.0032,9.3640,-5.0331
188.360,4.0032,9.3640,-5.0245
188.371,4.0032,9.3640,-5.0245
188.379,4.0032,9.3640,-5.0158
188.388,4.0032,9.3640,-5.0158
188.395,4.0032,9.3640,-5.0158
188.403,4.0032,9.3640,-5.0072
188.419,4.0032,9.3640,-4.9985
188.429,4.0032,9.3640,-4.9985
188.437,4.0032,9.3640,-4.9985
188.445,4.0032,9.3640,-4.9898
188.455,4.0032,9.3640,-4.9898
188.463,4.0032,9.3640,-4.9811
188.472,4.0032,9.3640,-4.9811
188.479,4.0032,9.3640,-4.9725
188.489,4.0032,9.3640,-4.9725
188.497,4.0032,9.3640,-4.9725
188.505,4.0032,9.3640,-4.9638
188.513,4.0032,9.3640,-4.9638
188.520,4.0032,9.3640,-4.9551
188.526,4.0032,9.3640,-4.9551
188.534,4.0032,9.3640,-4.9551
188.540,4.0032,9.3640,-4.9465
188.548,4.0032,9.3640,-4.9465
188.555,4.0032,9.3640,-4.9465
188.561,4.0032,9.3640,-4.9378
188.569,4.0032,9.3640,-4.9378
188.576,4.0032,9.3640,-4.9378
188.582,4.0032,9.3640,-4.9291
188.590,4.0032,9.3640,-4.9291
188.598,4.0032,9.3640,-4.9291
188.605,4.0032,9.3640,-4.9205
188.613,4.0032,9.3640,-4.9205
188.620,4.0032,9.3640,-4.9118
188.629,4.0032,9.3640,-4.9118
188.636,4.0032,9.3640,-4.9118
188.643,4.0032,9.3640,-4.9031
188.651,4.0032,9.3640,-4.9031
188.658,4.0032,9.3640,-4.9031
188.666,4.0032,9.3640,-4.8945
188.675,4.0032,9.3640,-4.8945
188.680,4.0032,9.3640,-4.8858
188.689,4.0032,9.3640,-4.8858
188.695,4.0032,9.3640,-4.8858
188.702,4.0032,9.3640,-4.8771
188.710,4.0032,9.3640,-4.8771
188.716,4.0032,9.3640,-4.8771
188.723,4.0032,9.3640,-4.8685
188.731,4.0032,9.3640,-4.8685
188.739,4.0032,9.3640,-4.8598
188.747,4.0032,9.3640,-4.8598
188.756,4.0032,9.3640,-4.8598
188.762,4.0032,9.3640,-4.8511
188.773,4.0032,9.3640,-4.8511
188.780,4.0032,9.3640,-4.8425
188.789,4.0032,9.3640,-4.8425
188.796,4.0032,9.3640,-4.8425
188.805,4.0032,9.3640,-4.8338
188.813,4.0032,9.3640,-4.8338
188.821,4.0032,9.3640,-4.8251
188.829,4.0032,9.3640,-4.8251
188.837,4.0032,9.3640,-4.8251
188.845,4.0032,9.3640,-4.8165
188.853,4.0032,9.3640,-4.8165
188.862,4.0032,9.3640,-4.8078
188.872,4.0032,9.3640,-4.8078
188.880,4.0032,9.3640,-4.7992
188.889,4.0032,9.3640,-4.7992
188.896,4.0032,9.3640,-4.7992
188.904,4.0032,9.3640,-4.7905
188.913,4.0032,9.3640,-4.7905
188.920,4.0032,9.3640,-4.7819
188.929,4.0032,9.3640,-4.7819
188.936,4.0032,9.3640,-4.7819
188.942,4.0032,9.3640,-4.7733
188.949,4.0032,9.3640,-4.7733
188.956,4.0032,9.3640,-4.7733
188.962,4.0032,9.3640,-4.7646
188.973,4.0032,9.3640,-4.7646
188.979,4.0032,9.3640,-4.7560
188.988,4.0032,9.3640,-4.7560
188.994,4.0032,9.3640,-4.7560
189.002,4.0032,9.3640,-4.7473
189.010,4.0032,9.3640,-4.7473
189.017,4.0032,9.3640,-4.7473
189.024,4.0032,9.3640,-4.7387
189.033,4.0032,9.3640,-4.7387
189.041,4.0032,9.3640,-4.7300
189.049,4.0032,9.3640,-4.7300
189.056,4.0032,9.3640,-4.7300
189.063,4.0032,9.3640,-4.7214
189.071,4.0032,9.3640,-4.7214
189.078,4.0032,9.3640,-4.7214
189.084,4.0032,9.3640,-4.7128
189.093,4.0032,9.3640,-4.7128
189.100,4.0032,9.3640,-4.7041
189.109,4.0032,9.3640,-4.7041
189.116,4.0032,9.3640,-4.7041
189.123,4.0032,9.3640,-4.6955
189.130,4.0032,9.3640,-4.6955
189.136,4.0032,9.3640,-4.6955
189.143,4.0032,9.3640,-4.6868
189.152,4.0032,9.3640,-4.6868
189.159,4.0032,9.3640,-4.6782
189.167,4.0032,9.3640,-4.6782
189.174,4.0032,9.3640,-4.6782
189.180,4.0032,9.3640,-4.6695
189.188,4.0032,9.3640,-4.6695
189.194,4.0032,9.3640,-4.6695
189.201,4.0032,9.3640,-4.6609
189.210,4.0032,9.3640,-4.6609
189.217,4.0032,9.3640,-4.6609
189.225,4.0032,9.3640,-4.6522
189.233,4.0032,9.3640,-4.6522
189.241,4.0032,9.3640,-4.6436
189.249,4.0032,9.3640,-4.6436
189.255,4.0032,9.3640,-4.6436
189.261,4.0032,9.3640,-4.6350
189.272,4.0032,9.3640,-4.6350
189.279,4.0032,9.3640,-4.6263
189.287,4.0032,9.3640,-4.6263
189.294,4.0032,9.3640,-4.6263
189.304,4.0032,9.3640,-4.6177
189.312,4.0032,9.3640,-4.6177
189.320,4.0032,9.3640,-4.6090
189.328,4.0032,9.3640,-4.6090
189.335,4.0032,9.3640,-4.6090
189.343,4.0032,9.3640,-4.6003
189.352,4.0032,9.3640,-4.6003
189.359,4.0032,9.3640,-4.5917
189.368,4.0032,9.3640,-4.5917
189.375,4.0032,9.3640,-4.5917
189.383,4.0032,9.3640,-4.5830
189.392,4.0032,9.3640,-4.5830
189.399,4.0032,9.3640,-4.5744
189.409,4.0032,9.3640,-4.5744
189.415,4.0032,9.3640,-4.5744
189.423,4.0032,9.3640,-4.5657
189.432,4.0032,9.3640,-4.5657
189.440,4.0032,9.3640,-4.5570
189.448,4.0032,9.3640,-4.5570
189.457,4.0032,9.3640,-4.5570
189.463,4.0032,9.3640,-4.5484
189.473,4.0032,9.3640,-4.5484
189.481,4.0032,9.3640,-4.5397
189.489,4.0032,9.3640,-4.5397
189.497,4.0032,9.3640,-4.5397
189.505,4.0032,9.3640,-4.5311
189.514,4.0032,9.3640,-4.5311
189.521,4.0032,9.3640,-4.5224
189.530,4.0032,9.3640,-4.5224
189.538,4.0032,9.3640,-4.5137
189.547,4.0032,9.3640,-4.5137
189.555,4.0032,9.3640,-4.5137
189.562,4.0032,9.3640,-4.5051
189.571,4.0032,9.3640,-4.5051
189.578,4.0032,9.3640,-4.5051
189.585,4.0032,9.3640,-4.4964
189.594,4.0032,9.3640,-4.4964
189.601,4.0032,9.3640,-4.4877
189.611,4.0032,9.3640,-4.4877
189.618,4.0032,9.3640,-4.4877
189.626,4.0032,9.3640,-4.4791
189.635,4.0032,9.3640,-4.4791
189.643,4.0032,9.3640,-4.4704
189.652,4.0032,9.3640,-4.4704
189.663,4.0032,9.3640,-4.4618
189.673,4.0032,9.3640,-4.4618
189.681,4.0032,9.3640,-4.4531
189.691,4.0032,9.3640,-4.4531
189.698,4.0032,9.3640,-4.4531
189.708,4.0032,9.3640,-4.4444
189.717,4.0032,9.3640,-4.4444
189.725,4.0032,9.3640,-4.4358
189.734,4.0032,9.3640,-4.4358
189.743,4.0032,9.3640,-4.4271
189.753,4.0032,9.3640,-4.4271
189.760,4.0032,9.3640,-4.4185
189.770,4.0032,9.3640,-4.4185
189.777,4.0032,9.3640,-4.4185
189.785,4.0032,9.3640,-4.4098
189.794,4.0032,9.3640,-4.4098
189.802,4.0032,9.3640,-4.4012
189.811,4.0032,9.3640,-4.4012
189.818,4.0032,9.3640,-4.4012
189.826,4.0032,9.3640,-4.3925
189.835,4.0032,9.3640,-4.3925
189.842,4.0032,9.3640,-4.3839
189.851,4.0032,9.3640,-4.3839
189.859,4.0032,9.3640,-4.3752
189.867,4.0032,9.3640,-4.3752
189.875,4.0032,9.3640,-4.3752
189.881,4.0032,9.3640,-4.3666
189.889,4.0032,9.3640,-4.3666
189.896,4.0032,9.3640,-4.3666
189.904,4.0032,9.3640,-4.3579
189.912,4.0032,9.3640,-4.3579
189.918,4.0032,9.3640,-4.3579
189.925,4.0032,9.3640,-4.3493
189.934,4.0032,9.3640,-4.3493
189.941,4.0032,9.3640,-4.3406
189.949,4.0032,9.3640,-4.3406
189.957,4.0032,9.3640,-4.3406
189.965,4.0032,9.3640,-4.3320
189.973,4.0032,9.3640,-4.3320
189.981,4.0032,9.3640,-4.3233
189.990,4.0032,9.3640,-4.3233
189.998,4.0032,9.3640,-4.3233
190.005,4.0032,9.3640,-4.3147
190.013,4.0032,9.3640,-4.3147
190.020,4.0032,9.3640,-4.3060
190.028,4.0032,9.3640,-4.3060
190.035,4.0032,9.3640,-4.3060
190.041,4.0032,9.3640,-4.2973
190.049,4.0032,9.3640,-4.2973
190.056,4.0032,9.3640,-4.2973
190.064,4.0032,9.3640,-4.2887
190.072,4.0032,9.3640,-4.2887
190.079,4.0032,9.3640,-4.2800
190.087,4.0032,9.3640,-4.2800
190.093,4.0032,9.3640,-4.2800
190.100,4.0032,9.3640,-4.2714
190.108,4.0032,9.3640,-4.2714
190.114,4.0032,9.3640,-4.2714
190.122,4.0032,9.3640,-4.2627
190.130,4.0032,9.3640,-4.2627
190.136,4.0032,9.3640,-4.2627
190.143,4.0032,9.3640,-4.2540
190.152,4.0032,9.3640,-4.2540
190.158,4.0032,9.3640,-4.2540
190.165,4.0032,9.3640,-4.2454
190.174,4.0032,9.3640,-4.2454
190.181,4.0032,9.3640,-4.2367
190.191,4.0032,9.3640,-4.2367
190.197,4.0032,9.3640,-4.2367
190.206,4.0032,9.3640,-4.2281
190.214,4.0032,9.3640,-4.2281
190.222,4.0032,9.3640,-4.2194
190.229,4.0032,9.3640,-4.2194
190.237,4.0032,9.3640,-4.2194
190.244,4.0032,9.3640,-4.2108
190.252,4.0032,9.3640,-4.2108
190.258,4.0032,9.3640,-4.2108
190.265,4.0032,9.3640,-4.2022
190.273,4.0032,9.3640,-4.2022
190.280,4.0032,9.3640,-4.1935
190.288,4.0032,9.3640,-4.1935
190.295,4.0032,9.3640,-4.1935
190.302,4.0032,9.3640,-4.1849
190.312,4.0032,9.3640,-4.1849
190.321,4.0032,9.3640,-4.1763
190.329,4.0032,9.3640,-4.1763
190.336,4.0032,9.3640,-4.1763
190.343,4.0032,9.3640,-4.1677
190.351,4.0032,9.3640,-4.1677
190.358,4.0032,9.3640,-4.1677
190.365,4.0032,9.3640,-4.1591
190.373,4.0032,9.3640,-4.1591
190.379,4.0032,9.3640,-4.1506
190.388,4.0032,9.3640,-4.1506
190.394,4.0032,9.3640,-4.1506
190.401,4.0032,9.3640,-4.1420
190.410,4.0032,9.3640,-4.1420
190.416,4.0032,9.3640,-4.1420
190.423,4.0032,9.3640,-4.1334
190.430,4.0032,9.3640,-4.1334
190.438,4.0032,9.3640,-4.1334
190.444,4.0032,9.3640,-4.1249
190.453,4.0032,9.3640,-4.1249
190.459,4.0032,9.3640,-4.1163
190.467,4.0032,9.3640,-4.1163
190.473,4.0032,9.3640,-4.1163
190.480,4.0032,9.3640,-4.1078
190.489,4.0032,9.3640,-4.1078
190.494,4.0032,9.3640,-4.1078
190.501,4.0032,9.3640,-4.0992
190.510,4.0032,9.3640,-4.0992
190.517,4.0032,9.3640,-4.0992
190.523,4.0032,9.3640,-4.0907
190.532,4.0032,9.3640,-4.0907
190.539,4.0032,9.3640,-4.0822
190.548,4.0032,9.3640,-4.0822
190.556,4.0032,9.3640,-4.0822
190.563,4.0032,9.3640,-4.0737
190.573,4.0032,9.3640,-4.0737
190.580,4.0032,9.3640,-4.0652
190.588,4.0032,9.3640,-4.0652
190.596,4.0032,9.3640,-4.0652
190.604,4.0032,9.3640,-4.0568
190.614,4.0032,9.3640,-4.0568
190.622,4.0032,9.3640,-4.0485
190.632,4.0032,9.3640,-4.0485
190.640,4.0032,9.3640,-4.0402
190.648,4.0032,9.3640,-4.0402
190.656,4.0032,9.3640,-4.0402
190.664,4.0032,9.3640,-4.0322
190.682,4.0032,9.3640,-4.0245
190.692,4.0032,9.3640,-4.0245
190.699,4.0032,9.3640,-4.0173
190.708,4.0032,9.3640,-4.0173
190.715,4.0032,9.3640,-4.0173
190.724,4.0032,9.3640,-4.0138
190.734,4.0032,9.3640,-4.0138
190.743,4.0032,9.3640,-4.0105
190.753,4.0032,9.3640,-4.0105
190.761,4.0032,9.3640,-4.0075
190.772,4.0032,9.3640,-4.0075
190.781,4.0032,9.3640,-4.0046
190.790,4.0032,9.3640,-4.0046
190.800,4.0032,9.3640,-4.0019
190.810,4.0032,9.3640,-4.0019
190.818,4.0032,9.3640,-4.0019
190.825,4.0032,9.3640,-3.9992
190.835,4.0032,9.3640,-3.9992
190.843,4.0032,9.3640,-3.9966
190.852,4.0032,9.3640,-3.9966
190.860,4.0032,9.3640,-3.9941
190.869,4.0032,9.3640,-3.9941
190.877,4.0032,9.3640,-3.9941
190.885,4.0032,9.3640,-3.9917
190.895,4.0032,9.3640,-3.9917
190.906,4.0032,9.3640,-3.9894
190.913,4.0032,9.3640,-3.9894
190.922,4.0032,9.3640,-3.9887
190.932,4.0032,9.3640,-3.9887
190.941,4.0032,9.3640,-3.9880
190.952,4.0032,9.3640,-3.9880
190.960,4.0032,9.3640,-3.9874
190.972,4.0032,9.3640,-3.9874
190.978,4.0032,9.3640,-3.9874
190.987,4.0032,9.3640,-3.9870
190.997,4.0032,9.3640,-3.9870
191.006,4.0032,9.3640,-3.9866
191.015,4.0032,9.3640,-3.9866
191.023,4.0032,9.3640,-3.9864
191.031,4.0032,9.3640,-3.9864
191.039,4.0032,9.3640,-3.9864
191.048,4.0032,9.3640,-3.9864
191.056,4.0032,9.3640,-3.9864
191.063,4.0032,9.3640,-3.9864
191.072,4.0032,9.3640,-3.9864
191.079,4.0032,9.3640,-3.9864
191.088,4.0032,9.3640,-3.9864
191.095,4.0032,9.3640,-3.9864
191.103,4.0032,9.3640,-3.9864
191.111,4.0032,9.3640,-3.9864
191.118,4.0032,9.3640,-3.9864
191.126,4.0032,9.3640,-3.9864
191.135,4.0032,9.3640,-3.9864
191.143,4.0032,9.3640,-3.9864
191.151,4.0032,9.3640,-3.9864
191.158,4.0032,9.3640,-3.9864
191.165,4.0032,9.3640,-3.9864
191.175,4.0032,9.3640,-3.9864
191.182,4.0032,9.3640,-3.9864
191.191,4.0032,9.3640,-3.9864
191.198,4.0032,9.3640,-3.9864
191.208,4.0032,9.3640,-3.9864
191.214,4.0032,9.3640,-3.9864
191.223,4.0032,9.3640,-3.9864
191.231,4.0032,9.3640,-3.9864
191.238,4.0032,9.3640,-3.9864
191.246,4.0032,9.3640,-3.9864
191.256,4.0032,9.3640,-3.9864
191.263,4.0032,9.3640,-3.9864
191.272,4.0032,9.3640,-3.9864
191.279,4.0032,9.3640,-3.9864
191.289,4.0032,9.3640,-3.9864
191.296,4.0032,9.3640,-3.9864
191.305,4.0032,9.3640,-3.9864
191.314,4.0032,9.3640,-3.9864
191.321,4.0032,9.3640,-3.9864
191.330,4.0032,9.3640,-3.9864
191.337,4.0032,9.3640,-3.9864
191.345,4.0032,9.3640,-3.9864
191.354,4.0032,9.3640,-3.9864
191.362,4.0032,9.3640,-3.9864
191.370,4.0032,9.3640,-3.9864
191.378,4.0032,9.3640,-3.9864
191.386,4.0032,9.3640,-3.9864
191.394,4.0032,9.3640,-3.9864
191.402,4.0032,9.3640,-3.9864
191.410,4.0032,9.3640,-3.9864
191.417,4.0032,9.3640,-3.9864
191.425,4.0032,9.3640,-3.9864
191.433,4.0032,9.3640,-3.9864
191.442,4.0032,9.3640,-3.9864
191.450,4.0032,9.3640,-3.9864
191.458,4.0032,9.3640,-3.9864
191.466,4.0032,9.3640,-3.9866
191.475,4.0032,9.3640,-3.9866
191.482,4.0032,9.3640,-3.9869
191.491,4.0032,9.3640,-3.9869
191.498,4.0032,9.3640,-3.9869
191.507,4.0032,9.3640,-3.9869
191.516,4.0032,9.3640,-3.9869
191.523,4.0032,9.3640,-3.9869
191.531,4.0032,9.3640,-3.9869
191.539,4.0032,9.3640,-3.9869
191.547,4.0032,9.3640,-3.9869
191.554,4.0032,9.3640,-3.9869
191.562,4.0032,9.3640,-3.9869
191.571,4.0032,9.3640,-3.9869
191.578,4.0032,9.3640,-3.9869
191.587,4.0032,9.3640,-3.9869
191.595,4.0032,9.3640,-3.9869
191.604,4.0032,9.3640,-3.9869
191.612,4.0032,9.3640,-3.9869
191.620,4.0032,9.3640,-3.9869
191.628,4.0032,9.3640,-3.9869
191.636,4.0032,9.3640,-3.9869
191.645,4.0032,9.3640,-3.9869
191.653,4.0032,9.3640,-3.9869
191.662,4.0032,9.3640,-3.9869
191.671,4.0032,9.3640,-3.9869
191.679,4.0032,9.3640,-3.9869
191.687,4.0032,9.3640,-3.9869
191.695,4.0032,9.3640,-3.9869
191.703,4.0032,9.3640,-3.9869
191.711,4.0032,9.3640,-3.9869
191.719,4.0032,9.3640,-3.9869
191.727,4.0032,9.3640,-3.9869
191.735,4.0032,9.3640,-3.9869
191.744,4.0032,9.3640,-3.9869
191.753,4.0032,9.3640,-3.9869
191.760,4.0032,9.3640,-3.9869
191.769,4.0032,9.3640,-3.9869
191.776,4.0032,9.3640,-3.9869
191.784,4.0032,9.3640,-3.9869
191.791,4.0032,9.3640,-3.9869
191.801,4.0032,9.3640,-3.9869
191.810,4.0032,9.3640,-3.9869
191.819,4.0032,9.3640,-3.9869
191.828,4.0032,9.3640,-3.9869
191.838,4.0032,9.3640,-3.9869
191.846,4.0032,9.3640,-3.9869
191.854,4.0032,9.3640,-3.9869
191.863,4.0032,9.3640,-3.9869
191.873,4.0032,9.3640,-3.9869
191.882,4.0032,9.3640,-3.9869
191.891,4.0032,9.3640,-3.9869
191.900,4.0032,9.3640,-3.9869
191.909,4.0032,9.3640,-3.9869
191.919,4.0032,9.3640,-3.9869
191.928,4.0032,9.3640,-3.9869
191.936,4.0032,9.3640,-3.9869
191.945,4.0032,9.3640,-3.9872
191.955,4.0032,9.3640,-3.9872
191.963,4.0032,9.3640,-3.9876
191.973,4.0032,9.3640,-3.9876
191.981,4.0032,9.3640,-3.9880
191.991,4.0032,9.3640,-3.9880
191.999,4.0032,9.3640,-3.9886
192.009,4.0032,9.3640,-3.9886
192.018,4.0032,9.3640,-3.9886
192.027,4.0032,9.3640,-3.9891
192.038,4.0032,9.3640,-3.9891
192.046,4.0032,9.3640,-3.9895
192.056,4.0032,9.3640,-3.9895
192.065,4.0032,9.3640,-3.9899
192.075,4.0032,9.3640,-3.9899
192.084,4.0032,9.3640,-3.9902
192.094,4.0032,9.3640,-3.9902
192.103,4.0032,9.3640,-3.9902
192.114,4.0032,9.3640,-3.9902
192.122,4.0032,9.3640,-3.9902
192.131,4.0032,9.3640,-3.9902
192.140,4.0032,9.3640,-3.9902
192.148,4.0032,9.3640,-3.9902
192.156,4.0032,9.3640,-3.9902
192.165,4.0032,9.3640,-3.9902
192.176,4.0032,9.3640,-3.9902
192.184,4.0032,9.3640,-3.9902
192.193,4.0032,9.3640,-3.9902
192.202,4.0032,9.3640,-3.9902
192.211,4.0032,9.3640,-3.9902
192.220,4.0032,9.3640,-3.9902
192.230,4.0032,9.3640,-3.9902
192.239,4.0032,9.3640,-3.9902
192.248,4.0032,9.3640,-3.9902
192.257,4.0032,9.3640,-3.9902
192.266,4.0032,9.3640,-3.9902
192.275,4.0032,9.3640,-3.9902
192.283,4.0032,9.3640,-3.9902
192.292,4.0032,9.3640,-3.9902
192.300,4.0032,9.3640,-3.9902
192.307,4.0032,9.3640,-3.9902
192.315,4.0032,9.3640,-3.9902
192.323,4.0032,9.3640,-3.9902
192.332,4.0032,9.3640,-3.9902
192.340,4.0032,9.3640,-3.9902
192.348,4.0032,9.3640,-3.9902
192.356,4.0032,9.3640,-3.9902
192.364,4.0032,9.3640,-3.9902
192.373,4.0032,9.3640,-3.9902
192.382,4.0032,9.3640,-3.9902
192.391,4.0032,9.3640,-3.9902
192.399,4.0032,9.3640,-3.9902
192.408,4.0032,9.3640,-3.9902
192.416,4.0032,9.3640,-3.9902
192.423,4.0032,9.3640,-3.9902
192.431,4.0032,9.3640,-3.9902
192.441,4.0032,9.3640,-3.9902
192.449,4.0032,9.3640,-3.9902
192.457,4.0032,9.3640,-3.9902
192.465,4.0032,9.3640,-3.9905
192.475,4.0032,9.3640,-3.9905
192.482,4.0032,9.3640,-3.9911
192.490,4.0032,9.3640,-3.9911
192.498,4.0032,9.3640,-3.9917
192.509,4.0032,9.3640,-3.9917
192.518,4.0032,9.3640,-3.9917
192.526,4.0032,9.3640,-3.9924
192.535,4.0032,9.3640,-3.9924
192.543,4.0032,9.3640,-3.9932
192.553,4.0032,9.3640,-3.9932
192.560,4.0032,9.3640,-3.9939
192.570,4.0032,9.3640,-3.9939
192.577,4.0032,9.3640,-3.9939
192.585,4.0032,9.3640,-3.9946
192.595,4.0032,9.3640,-3.9946
192.603,4.0032,9.3640,-3.9952
192.612,4.0032,9.3640,-3.9952
192.621,4.0032,9.3640,-3.9959
192.630,4.0032,9.3640,-3.9959
192.637,4.0032,9.3640,-3.9959
192.645,4.0032,9.3640,-3.9964
192.655,4.0032,9.3640,-3.9964
192.662,4.0032,9.3640,-3.9970
192.672,4.0032,9.3640,-3.9970
192.679,4.0032,9.3640,-3.9975
192.689,4.0032,9.3640,-3.9975
192.696,4.0032,9.3640,-3.9975
192.705,4.0032,9.3640,-3.9979
192.713,4.0032,9.3640,-3.9979
192.721,4.0032,9.3640,-3.9981
192.729,4.0032,9.3640,-3.9981
192.738,4.0032,9.3640,-3.9981
192.745,4.0032,9.3640,-3.9981
192.754,4.0032,9.3640,-3.9981
192.760,4.0032,9.3640,-3.9981
192.770,4.0032,9.3640,-3.9981
192.777,4.0032,9.3640,-3.9981
192.785,4.0032,9.3640,-3.9981
192.793,4.0032,9.3640,-3.9981
192.801,4.0032,9.3640,-3.9981
192.810,4.0032,9.3640,-3.9981
192.818,4.0032,9.3640,-3.9981
192.829,4.0032,9.3640,-3.9981
192.838,4.0032,9.3640,-3.9981
192.847,4.0032,9.3640,-3.9981
192.855,4.0032,9.3640,-3.9981
192.863,4.0032,9.3640,-3.9981
192.872,4.0032,9.3640,-3.9981
192.879,4.0032,9.3640,-3.9981
192.887,4.0032,9.3640,-3.9981
192.894,4.0032,9.3640,-3.9981
192.902,4.0032,9.3640,-3.9981
192.911,4.0032,9.3640,-3.9981
192.918,4.0032,9.3640,-3.9981
192.925,4.0032,9.3640,-3.9981
192.934,4.0032,9.3640,-3.9981
192.941,4.0032,9.3640,-3.9981
192.949,4.0032,9.3640,-3.9981
192.958,4.0032,9.3640,-3.9981
192.964,4.0032,9.3640,-3.9981
192.973,4.0032,9.3640,-3.9981
192.980,4.0032,9.3640,-3.9981
192.988,4.0032,9.3640,-3.9981
192.994,4.0032,9.3640,-3.9981
193.003,4.0032,9.3640,-3.9981
193.010,4.0032,9.3640,-3.9981
193.019,4.0032,9.3640,-3.9981
193.026,4.0032,9.3640,-3.9981
193.034,4.0032,9.3640,-3.9981
193.042,4.0032,9.3640,-3.9981
193.050,4.0032,9.3640,-3.9981
193.057,4.0032,9.3640,-3.9981
193.066,4.0032,9.3640,-3.9981
193.073,4.0032,9.3640,-3.9981
193.081,4.0032,9.3640,-3.9981
193.089,4.0032,9.3640,-3.9981
193.097,4.0032,9.3640,-3.9981
193.105,4.0032,9.3640,-3.9981
193.114,4.0032,9.3640,-3.9981
193.121,4.0032,9.3640,-3.9981
193.131,4.0032,9.3640,-3.9981
193.146,4.0032,9.3640,-3.9981
193.158,4.0032,9.3640,-3.9981
193.171,4.0032,9.3640,-3.9981
193.183,4.0032,9.3640,-3.9981
193.199,4.0032,9.3640,-3.9981
193.208,4.0032,9.3640,-3.9981
193.215,4.0032,9.3640,-3.9981
193.224,4.0032,9.3640,-3.9981
193.233,4.0032,9.3640,-3.9981
193.240,4.0032,9.3640,-3.9981
193.250,4.0032,9.3640,-3.9981
193.258,4.0032,9.3640,-3.9981
193.268,4.0032,9.3640,-3.9981
193.277,4.0032,9.3640,-3.9981
193.286,4.0032,9.3639,-3.9981
193.296,4.0032,9.3639,-3.9981
193.305,4.0032,9.3639,-3.9981
193.315,4.0032,9.3639,-3.9981
193.324,4.0032,9.3638,-3.9981
193.335,4.0032,9.3638,-3.9981
193.344,4.0032,9.3638,-3.9981
193.354,4.0032,9.3638,-3.9981
193.362,4.0032,9.3637,-3.9981
193.372,4.0032,9.3637,-3.9981
193.381,4.0032,9.3634,-3.9981
193.390,4.0032,9.3634,-3.9981
193.399,4.0032,9.3631,-3.9981
193.410,4.0032,9.3631,-3.9981
193.417,4.0032,9.3631,-3.9981
193.425,4.0032,9.3628,-3.9981
193.435,4.0032,9.3628,-3.9981
193.445,4.0032,9.3625,-3.9981
193.454,4.0032,9.3625,-3.9981
193.462,4.0032,9.3617,-3.9981
193.472,4.0032,9.3617,-3.9981
193.480,4.0032,9.3610,-3.9981
193.490,4.0032,9.3610,-3.9981
193.498,4.0032,9.3610,-3.9981
193.507,4.0032,9.3601,-3.9981
193.515,4.0032,9.3601,-3.9981
193.524,4.0032,9.3592,-3.9981
193.534,4.0032,9.3592,-3.9981
193.541,4.0032,9.3583,-3.9981
193.549,4.0032,9.3583,-3.9981
193.556,4.0032,9.3583,-3.9981
193.564,4.0032,9.3573,-3.9981
193.573,4.0032,9.3573,-3.9981
193.581,4.0032,9.3564,-3.9981
193.591,4.0032,9.3564,-3.9981
193.600,4.0032,9.3553,-3.9981
193.610,4.0032,9.3553,-3.9981
193.619,4.0032,9.3532,-3.9981
193.627,4.0032,9.3532,-3.9981
193.635,4.0032,9.3532,-3.9981
193.643,4.0032,9.3510,-3.9981
193.652,4.0032,9.3510,-3.9981
193.659,4.0032,9.3488,-3.9981
193.670,4.0032,9.3488,-3.9981
193.677,4.0032,9.3488,-3.9981
193.684,4.0032,9.3465,-3.9981
193.694,4.0032,9.3465,-3.9981
193.701,4.0032,9.3442,-3.9981
193.711,4.0032,9.3442,-3.9981
193.718,4.0032,9.3418,-3.9981
193.727,4.0032,9.3418,-3.9981
193.735,4.0032,9.3418,-3.9981
193.742,4.0032,9.3394,-3.9981
193.752,4.0032,9.3394,-3.9981
193.759,4.0032,9.3370,-3.9981
193.768,4.0032,9.3370,-3.9981
193.776,4.0032,9.3370,-3.9981
193.784,4.0032,9.3346,-3.9981
193.793,4.0032,9.3346,-3.9981
193.802,4.0032,9.3321,-3.9981
193.810,4.0032,9.3321,-3.9981
193.818,4.0032,9.3321,-3.9981
193.825,4.0032,9.3296,-3.9981
193.835,4.0032,9.3296,-3.9981
193.842,4.0032,9.3271,-3.9981
193.852,4.0032,9.3271,-3.9981
193.859,4.0032,9.3246,-3.9981
193.869,4.0032,9.3246,-3.9981
193.877,4.0032,9.3246,-3.9981
193.883,4.0032,9.3220,-3.9981
193.893,4.0032,9.3220,-3.9981
193.900,4.0032,9.3195,-3.9981
193.910,4.0032,9.3195,-3.9981
193.916,4.0032,9.3195,-3.9981
193.924,4.0032,9.3169,-3.9981
193.933,4.0032,9.3169,-3.9981
193.941,4.0032,9.3143,-3.9981
193.949,4.0032,9.3143,-3.9981
193.957,4.0032,9.3143,-3.9981
193.964,4.0032,9.3117,-3.9981
193.974,4.0032,9.3117,-3.9981
193.980,4.0032,9.3091,-3.9981
193.990,4.0032,9.3091,-3.9981
193.997,4.0032,9.3091,-3.9981
194.006,4.0032,9.3064,-3.9981
194.016,4.0032,9.3064,-3.9981
194.024,4.0032,9.3037,-3.9981
194.033,4.0032,9.3037,-3.9981
194.041,4.0032,9.3011,-3.9981
194.050,4.0032,9.3011,-3.9981
194.057,4.0032,9.3011,-3.9981
194.067,4.0032,9.2984,-3.9981
194.074,4.0032,9.2984,-3.9981
194.083,4.0032,9.2957,-3.9981
194.091,4.0032,9.2957,-3.9981
194.099,4.0032,9.2931,-3.9981
194.108,4.0032,9.2931,-3.9981
194.116,4.0032,9.2931,-3.9981
194.123,4.0032,9.2904,-3.9981
194.133,4.0032,9.2904,-3.9981
194.141,4.0032,9.2877,-3.9981
194.148,4.0032,9.2877,-3.9981
194.156,4.0032,9.2877,-3.9981
194.164,4.0032,9.2851,-3.9981
194.173,4.0032,9.2851,-3.9981
194.180,4.0032,9.2824,-3.9981
194.190,4.0032,9.2824,-3.9981
194.198,4.0032,9.2824,-3.9981
194.206,4.0032,9.2797,-3.9981
194.214,4.0032,9.2797,-3.9981
194.222,4.0032,9.2771,-3.9981
194.231,4.0032,9.2771,-3.9981
194.238,4.0032,9.2744,-3.9981
194.246,4.0032,9.2744,-3.9981
194.255,4.0032,9.2744,-3.9981
194.262,4.0032,9.2717,-3.9981
194.273,4.0032,9.2717,-3.9981
194.280,4.0032,9.2691,-3.9981
194.289,4.0032,9.2691,-3.9981
194.296,4.0032,9.2691,-3.9981
194.304,4.0032,9.2664,-3.9981
194.313,4.0032,9.2664,-3.9981
194.322,4.0032,9.2637,-3.9981
194.330,4.0032,9.2637,-3.9981
194.339,4.0032,9.2611,-3.9981
194.349,4.0032,9.2611,-3.9981
194.356,4.0032,9.2611,-3.9981
194.364,4.0032,9.2584,-3.9981
194.373,4.0032,9.2584,-3.9981
194.381,4.0032,9.2557,-3.9981
194.391,4.0032,9.2557,-3.9981
194.399,4.0032,9.2531,-3.9981
194.409,4.0032,9.2531,-3.9981
194.416,4.0032,9.2531,-3.9981
194.425,4.0032,9.2504,-3.9981
194.436,4.0032,9.2504,-3.9981
194.444,4.0032,9.2477,-3.9981
194.453,4.0032,9.2477,-3.9981
194.461,4.0032,9.2451,-3.9981
194.472,4.0032,9.2451,-3.9981
194.480,4.0032,9.2424,-3.9981
194.489,4.0032,9.2424,-3.9981
194.497,4.0032,9.2424,-3.9981
194.506,4.0032,9.2397,-3.9981
194.514,4.0032,9.2397,-3.9981
194.523,4.0032,9.2371,-3.9981
194.534,4.0032,9.2371,-3.9981
194.543,4.0032,9.2344,-3.9981
194.553,4.0032,9.2344,-3.9981
194.561,4.0032,9.2317,-3.9981
194.572,4.0032,9.2317,-3.9981
194.581,4.0032,9.2291,-3.9981
194.591,4.0032,9.2291,-3.9981
194.599,4.0032,9.2264,-3.9981
194.609,4.0032,9.2264,-3.9981
194.619,4.0032,9.2237,-3.9981
194.628,4.0032,9.2237,-3.9981
194.637,4.0032,9.2237,-3.9981
194.645,4.0032,9.2211,-3.9981
194.654,4.0032,9.2211,-3.9981
194.662,4.0032,9.2184,-3.9981
194.671,4.0032,9.2184,-3.9981
194.680,4.0032,9.2157,-3.9981
194.688,4.0032,9.2157,-3.9981
194.697,4.0032,9.2157,-3.9981
194.705,4.0032,9.2131,-3.9981
194.715,4.0032,9.2131,-3.9981
194.723,4.0032,9.2104,-3.9981
194.732,4.0032,9.2104,-3.9981
194.741,4.0032,9.2077,-3.9981
194.749,4.0032,9.2077,-3.9981
194.758,4.0032,9.2077,-3.9981
194.765,4.0032,9.2051,-3.9981
194.776,4.0032,9.2051,-3.9981
194.784,4.0032,9.2024,-3.9981
194.792,4.0032,9.2024,-3.9981
194.801,4.0032,9.1997,-3.9981
194.809,4.0032,9.1997,-3.9981
194.816,4.0032,9.1997,-3.9981
194.823,4.0032,9.1971,-3.9981
194.832,4.0032,9.1971,-3.9981
194.840,4.0032,9.1944,-3.9981
194.849,4.0032,9.1944,-3.9981
194.857,4.0032,9.1944,-3.9981
194.865,4.0032,9.1917,-3.9981
194.874,4.0032,9.1917,-3.9981
194.881,4.0032,9.1891,-3.9981
194.891,4.0032,9.1891,-3.9981
194.898,4.0032,9.1864,-3.9981
194.907,4.0032,9.1864,-3.9981
194.914,4.0032,9.1864,-3.9981
194.922,4.0032,9.1837,-3.9981
194.931,4.0032,9.1837,-3.9981
194.938,4.0032,9.1811,-3.9981
194.946,4.0032,9.1811,-3.9981
194.954,4.0032,9.1811,-3.9981
194.961,4.0032,9.1784,-3.9981
194.970,4.0032,9.1784,-3.9981
194.977,4.0032,9.1784,-3.9981
194.985,4.0032,9.1757,-3.9981
194.993,4.0032,9.1757,-3.9981
195.001,4.0032,9.1731,-3.9981
195.012,4.0032,9.1731,-3.9981
195.019,4.0032,9.1704,-3.9981
195.028,4.0032,9.1704,-3.9981
195.036,4.0032,9.1704,-3.9981
195.044,4.0032,9.1677,-3.9981
195.053,4.0032,9.1677,-3.9981
195.061,4.0032,9.1651,-3.9981
195.072,4.0032,9.1651,-3.9981
195.078,4.0032,9.1651,-3.9981
195.086,4.0032,9.1624,-3.9981
195.095,4.0032,9.1624,-3.9981
195.103,4.0032,9.1597,-3.9981
195.111,4.0032,9.1597,-3.9981
195.119,4.0032,9.1571,-3.9981
195.128,4.0032,9.1571,-3.9981
195.137,4.0032,9.1571,-3.9981
195.144,4.0032,9.1544,-3.9981
195.153,4.0032,9.1544,-3.9981
195.161,4.0032,9.1517,-3.9981
195.171,4.0032,9.1517,-3.9981
195.178,4.0032,9.1517,-3.9981
195.185,4.0032,9.1491,-3.9981
195.194,4.0032,9.1491,-3.9981
195.203,4.0032,9.1464,-3.9981
195.212,4.0032,9.1464,-3.9981
195.220,4.0032,9.1437,-3.9981
195.229,4.0032,9.1437,-3.9981
195.236,4.0032,9.1437,-3.9981
195.243,4.0032,9.1411,-3.9981
195.252,4.0032,9.1411,-3.9981
195.259,4.0032,9.1384,-3.9981
195.267,4.0032,9.1384,-3.9981
195.276,4.0032,9.1384,-3.9981
195.283,4.0032,9.1357,-3.9981
195.300,4.0032,9.1331,-3.9981
195.309,4.0032,9.1331,-3.9981
195.316,4.0032,9.1331,-3.9981
195.325,4.0032,9.1304,-3.9981
195.334,4.0032,9.1304,-3.9981
195.341,4.0032,9.1277,-3.9981
195.350,4.0032,9.1277,-3.9981
195.358,4.0032,9.1277,-3.9981
195.367,4.0032,9.1251,-3.9981
195.376,4.0032,9.1251,-3.9981
195.384,4.0032,9.1224,-3.9981
195.393,4.0032,9.1224,-3.9981
195.400,4.0032,9.1197,-3.9981
195.409,4.0032,9.1197,-3.9981
195.416,4.0032,9.1197,-3.9981
195.423,4.0032,9.1171,-3.9981
195.432,4.0032,9.1171,-3.9981
195.440,4.0032,9.1144,-3.9981
195.449,4.0032,9.1144,-3.9981
195.457,4.0032,9.1144,-3.9981
195.465,4.0032,9.1117,-3.9981
195.474,4.0032,9.1117,-3.9981
195.480,4.0032,9.1091,-3.9981
195.490,4.0032,9.1091,-3.9981
195.496,4.0032,9.1091,-3.9981
195.504,4.0032,9.1064,-3.9981
195.514,4.0032,9.1064,-3.9981
195.522,4.0032,9.1037,-3.9981
195.530,4.0032,9.1037,-3.9981
195.538,4.0032,9.1037,-3.9981
195.546,4.0032,9.1011,-3.9981
195.556,4.0032,9.1011,-3.9981
195.563,4.0032,9.0984,-3.9981
195.573,4.0032,9.0984,-3.9981
195.580,4.0032,9.0957,-3.9981
195.590,4.0032,9.0957,-3.9981
195.597,4.0032,9.0957,-3.9981
195.606,4.0032,9.0931,-3.9981
195.616,4.0032,9.0931,-3.9981
195.625,4.0032,9.0904,-3.9981
195.634,4.0032,9.0904,-3.9981
195.641,4.0032,9.0877,-3.9981
195.653,4.0032,9.0877,-3.9981
195.661,4.0032,9.0851,-3.9981
195.673,4.0032,9.0851,-3.9981
195.682,4.0032,9.0824,-3.9981
195.691,4.0032,9.0824,-3.9981
195.700,4.0032,9.0797,-3.9981
195.710,4.0032,9.0797,-3.9981
195.719,4.0032,9.0771,-3.9981
195.730,4.0032,9.0771,-3.9981
195.739,4.0032,9.0744,-3.9981
195.748,4.0032,9.0744,-3.9981
195.755,4.0032,9.0744,-3.9981
195.765,4.0032,9.0717,-3.9981
195.774,4.0032,9.0717,-3.9981
195.783,4.0032,9.0691,-3.9981
195.794,4.0032,9.0691,-3.9981
195.803,4.0032,9.0664,-3.9981
195.814,4.0032,9.0664,-3.9981
195.823,4.0032,9.0637,-3.9981
195.832,4.0032,9.0637,-3.9981
195.842,4.0032,9.0611,-3.9981
195.851,4.0032,9.0611,-3.9981
195.859,4.0032,9.0584,-3.9981
195.869,4.0032,9.0584,-3.9981
195.877,4.0032,9.0584,-3.9981
195.886,4.0032,9.0557,-3.9981
195.894,4.0032,9.0557,-3.9981
195.903,4.0032,9.0531,-3.9981
195.912,4.0032,9.0531,-3.9981
195.921,4.0032,9.0504,-3.9981
195.930,4.0032,9.0504,-3.9981
195.939,4.0032,9.0477,-3.9981
195.948,4.0032,9.0477,-3.9981
195.956,4.0032,9.0477,-3.9981
195.965,4.0032,9.0451,-3.9981
195.973,4.0032,9.0451,-3.9981
195.981,4.0032,9.0424,-3.9981
195.990,4.0032,9.0424,-3.9981
195.999,4.0032,9.0397,-3.9981
196.008,4.0032,9.0397,-3.9981
196.016,4.0032,9.0397,-3.9981
196.025,4.0032,9.0371,-3.9981
196.034,4.0032,9.0371,-3.9981
196.043,4.0032,9.0344,-3.9981
196.051,4.0032,9.0344,-3.9981
196.060,4.0032,9.0317,-3.9981
196.071,4.0032,9.0317,-3.9981
196.079,4.0032,9.0291,-3.9981
196.088,4.0032,9.0291,-3.9981
196.096,4.0032,9.0291,-3.9981
196.106,4.0032,9.0264,-3.9981
196.115,4.0032,9.0264,-3.9981
196.123,4.0032,9.0237,-3.9981
196.132,4.0032,9.0237,-3.9981
196.141,4.0032,9.0211,-3.9981
196.150,4.0032,9.0211,-3.9981
196.158,4.0032,9.0211,-3.9981
196.165,4.0032,9.0184,-3.9981
196.175,4.0032,9.0184,-3.9981
196.183,4.0032,9.0157,-3.9981
196.192,4.0032,9.0157,-3.9981
196.202,4.0032,9.0131,-3.9981
196.212,4.0032,9.0131,-3.9981
196.221,4.0032,9.0104,-3.9981
196.230,4.0032,9.0104,-3.9981
196.239,4.0032,9.0077,-3.9981
196.248,4.0032,9.0077,-3.9981
196.256,4.0032,9.0077,-3.9981
196.264,4.0032,9.0051,-3.9981
196.274,4.0032,9.0051,-3.9981
196.282,4.0032,9.0024,-3.9981
196.292,4.0032,9.0024,-3.9981
196.300,4.0032,8.9997,-3.9981
196.310,4.0032,8.9997,-3.9981
196.318,4.0032,8.9997,-3.9981
196.326,4.0032,8.9971,-3.9981
196.335,4.0032,8.9971,-3.9981
196.343,4.0032,8.9944,-3.9981
196.354,4.0032,8.9944,-3.9981
196.362,4.0032,8.9917,-3.9981
196.372,4.0032,8.9917,-3.9981
196.378,4.0032,8.9917,-3.9981
196.387,4.0032,8.9891,-3.9981
196.396,4.0032,8.9891,-3.9981
196.405,4.0032,8.9864,-3.9981
196.413,4.0032,8.9864,-3.9981
196.422,4.0032,8.9837,-3.9981
196.432,4.0032,8.9837,-3.9981
196.440,4.0032,8.9811,-3.9981
196.449,4.0032,8.9811,-3.9981
196.457,4.0032,8.9811,-3.9981
196.466,4.0032,8.9784,-3.9981
196.475,4.0032,8.9784,-3.9981
196.484,4.0032,8.9757,-3.9981
196.493,4.0032,8.9757,-3.9981
196.502,4.0032,8.9731,-3.9981
196.511,4.0032,8.9731,-3.9981
196.519,4.0032,8.9704,-3.9981
196.528,4.0032,8.9704,-3.9981
196.535,4.0032,8.9704,-3.9981
196.543,4.0032,8.9677,-3.9981
196.552,4.0032,8.9677,-3.9981
196.560,4.0032,8.9651,-3.9981
196.569,4.0032,8.9651,-3.9981
196.577,4.0032,8.9651,-3.9981
196.585,4.0032,8.9624,-3.9981
196.594,4.0032,8.9624,-3.9981
196.602,4.0032,8.9597,-3.9981
196.612,4.0032,8.9597,-3.9981
196.621,4.0032,8.9571,-3.9981
196.629,4.0032,8.9571,-3.9981
196.638,4.0032,8.9571,-3.9981
196.645,4.0032,8.9544,-3.9981
196.655,4.0032,8.9544,-3.9981
196.662,4.0032,8.9517,-3.9981
196.672,4.0032,8.9517,-3.9981
196.681,4.0032,8.9491,-3.9981
196.689,4.0032,8.9491,-3.9981
196.697,4.0032,8.9491,-3.9981
196.706,4.0032,8.9464,-3.9981
196.715,4.0032,8.9464,-3.9981
196.722,4.0032,8.9437,-3.9981
196.732,4.0032,8.9437,-3.9981
196.740,4.0032,8.9411,-3.9981
196.749,4.0032,8.9411,-3.9981
196.757,4.0032,8.9411,-3.9981
196.765,4.0032,8.9384,-3.9981
196.774,4.0032,8.9384,-3.9981
196.782,4.0032,8.9357,-3.9981
196.792,4.0032,8.9357,-3.9981
196.801,4.0032,8.9331,-3.9981
196.811,4.0032,8.9331,-3.9981
196.818,4.0032,8.9304,-3.9981
196.830,4.0032,8.9304,-3.9981
196.838,4.0032,8.9304,-3.9981
196.845,4.0032,8.9277,-3.9981
196.856,4.0032,8.9277,-3.9981
196.863,4.0032,8.9251,-3.9981
196.874,4.0032,8.9251,-3.9981
196.882,4.0032,8.9224,-3.9981
196.891,4.0032,8.9224,-3.9981
196.899,4.0032,8.9197,-3.9981
196.910,4.0032,8.9197,-3.9981
196.919,4.0032,8.9171,-3.9981
196.928,4.0032,8.9171,-3.9981
196.937,4.0032,8.9171,-3.9981
196.946,4.0032,8.9144,-3.9981
196.956,4.0032,8.9144,-3.9981
196.965,4.0032,8.9117,-3.9981
196.974,4.0032,8.9117,-3.9981
196.983,4.0032,8.9091,-3.9981
196.993,4.0032,8.9091,-3.9981
197.002,4.0032,8.9064,-3.9981
197.012,4.0032,8.9064,-3.9981
197.020,4.0032,8.9037,-3.9981
197.031,4.0032,8.9037,-3.9981
197.040,4.0032,8.9011,-3.9981
197.050,4.0032,8.9011,-3.9981
197.059,4.0032,8.8984,-3.9981
197.071,4.0032,8.8984,-3.9981
197.078,4.0032,8.8984,-3.9981
197.087,4.0032,8.8957,-3.9981
197.098,4.0032,8.8957,-3.9981
197.107,4.0032,8.8931,-3.9981
197.117,4.0032,8.8931,-3.9981
197.127,4.0032,8.8904,-3.9981
197.138,4.0032,8.8904,-3.9981
197.145,4.0032,8.8877,-3.9981
197.156,4.0032,8.8877,-3.9981
197.164,4.0032,8.8851,-3.9981
197.175,4.0032,8.8851,-3.9981
197.184,4.0032,8.8824,-3.9981
197.194,4.0032,8.8824,-3.9981
197.204,4.0032,8.8797,-3.9981
197.214,4.0032,8.8797,-3.9981
197.222,4.0032,8.8771,-3.9981
197.232,4.0032,8.8771,-3.9981
197.240,4.0032,8.8744,-3.9981
197.251,4.0032,8.8744,-3.9981
197.260,4.0032,8.8717,-3.9981
197.270,4.0032,8.8717,-3.9981
197.279,4.0032,8.8691,-3.9981
197.289,4.0032,8.8691,-3.9981
197.297,4.0032,8.8691,-3.9981
197.305,4.0032,8.8664,-3.9981
197.313,4.0032,8.8664,-3.9981
197.321,4.0032,8.8637,-3.9981
197.330,4.0032,8.8637,-3.9981
197.339,4.0032,8.8611,-3.9981
197.347,4.0032,8.8611,-3.9981
197.356,4.0032,8.8611,-3.9981
197.362,4.0032,8.8584,-3.9981
197.373,4.0032,8.8584,-3.9981
197.380,4.0032,8.8557,-3.9981
197.390,4.0032,8.8557,-3.9981
197.398,4.0032,8.8531,-3.9981
197.409,4.0032,8.8531,-3.9981
197.418,4.0032,8.8531,-3.9981
197.426,4.0032,8.8504,-3.9981
197.436,4.0032,8.8504,-3.9981
197.442,4.0032,8.8477,-3.9981
197.451,4.0032,8.8477,-3.9981
197.459,4.0032,8.8451,-3.9981
197.468,4.0032,8.8451,-3.9981
197.475,4.0032,8.8451,-3.9981
197.483,4.0032,8.8424,-3.9981
197.499,4.0032,8.8397,-3.9981
197.509,4.0032,8.8397,-3.9981
197.517,4.0032,8.8397,-3.9981
197.526,4.0032,8.8371,-3.9981
197.535,4.0032,8.8371,-3.9981
197.543,4.0032,8.8344,-3.9981
197.553,4.0032,8.8344,-3.9981
197.561,4.0032,8.8317,-3.9981
197.571,4.0032,8.8317,-3.9981
197.578,4.0032,8.8291,-3.9981
197.589,4.0032,8.8291,-3.9981
197.595,4.0032,8.8291,-3.9981
197.605,4.0032,8.8264,-3.9981
197.613,4.0032,8.8264,-3.9981
197.623,4.0032,8.8237,-3.9981
197.632,4.0032,8.8237,-3.9981
197.641,4.0032,8.8211,-3.9981
197.649,4.0032,8.8211,-3.9981
197.657,4.0032,8.8211,-3.9981
197.667,4.0032,8.8184,-3.9981
197.677,4.0032,8.8184,-3.9981
197.684,4.0032,8.8157,-3.9981
197.693,4.0032,8.8157,-3.9981
197.702,4.0032,8.8131,-3.9981
197.711,4.0032,8.8131,-3.9981
197.719,4.0032,8.8104,-3.9981
197.728,4.0032,8.8104,-3.9981
197.737,4.0032,8.8104,-3.9981
197.745,4.0032,8.8077,-3.9981
197.754,4.0032,8.8077,-3.9981
197.763,4.0032,8.8051,-3.9981
197.772,4.0032,8.8051,-3.9981
197.780,4.0032,8.8024,-3.9981
197.790,4.0032,8.8024,-3.9981
197.798,4.0032,8.8024,-3.9981
197.808,4.0032,8.7997,-3.9981
197.817,4.0032,8.7997,-3.9981
197.824,4.0032,8.7971,-3.9981
197.834,4.0032,8.7971,-3.9981
197.842,4.0032,8.7944,-3.9981
197.851,4.0032,8.7944,-3.9981
197.859,4.0032,8.7917,-3.9981
197.868,4.0032,8.7917,-3.9981
197.877,4.0032,8.7917,-3.9981
197.885,4.0032,8.7891,-3.9981
197.894,4.0032,8.7891,-3.9981
197.903,4.0032,8.7864,-3.9981
197.913,4.0032,8.7864,-3.9981
197.920,4.0032,8.7837,-3.9981
197.929,4.0032,8.7837,-3.9981
197.937,4.0032,8.7837,-3.9981
197.945,4.0032,8.7811,-3.9981
197.954,4.0032,8.7811,-3.9981
197.961,4.0032,8.7784,-3.9981
197.972,4.0032,8.7784,-3.9981
197.978,4.0032,8.7757,-3.9981
197.988,4.0032,8.7757,-3.9981
197.995,4.0032,8.7757,-3.9981
198.004,4.0032,8.7731,-3.9981
198.012,4.0032,8.7731,-3.9981
198.021,4.0032,8.7704,-3.9981
198.029,4.0032,8.7704,-3.9981
198.037,4.0032,8.7704,-3.9981
198.044,4.0032,8.7677,-3.9981
198.054,4.0032,8.7677,-3.9981
198.061,4.0032,8.7651,-3.9981
198.071,4.0032,8.7651,-3.9981
198.079,4.0032,8.7624,-3.9981
198.089,4.0032,8.7624,-3.9981
198.098,4.0032,8.7624,-3.9981
198.106,4.0032,8.7597,-3.9981
198.117,4.0032,8.7597,-3.9981
198.125,4.0032,8.7571,-3.9981
198.135,4.0032,8.7571,-3.9981
198.144,4.0032,8.7544,-3.9981
198.154,4.0032,8.7544,-3.9981
198.162,4.0032,8.7517,-3.9981
198.173,4.0032,8.7517,-3.9981
198.181,4.0032,8.7491,-3.9981
198.191,4.0032,8.7491,-3.9981
198.199,4.0032,8.7464,-3.9981
198.210,4.0032,8.7464,-3.9981
198.218,4.0032,8.7464,-3.9981
198.226,4.0032,8.7437,-3.9981
198.237,4.0032,8.7437,-3.9981
198.246,4.0032,8.7411,-3.9981
198.256,4.0032,8.7411,-3.9981
198.265,4.0032,8.7384,-3.9981
198.276,4.0032,8.7384,-3.9981
198.283,4.0032,8.7357,-3.9981
198.294,4.0032,8.7357,-3.9981
198.304,4.0032,8.7331,-3.9981
198.314,4.0032,8.7331,-3.9981
198.323,4.0032,8.7304,-3.9981
198.332,4.0032,8.7304,-3.9981
198.341,4.0032,8.7277,-3.9981
198.350,4.0032,8.7277,-3.9981
198.359,4.0032,8.7251,-3.9981
198.368,4.0032,8.7251,-3.9981
198.376,4.0032,8.7251,-3.9981
198.384,4.0032,8.7224,-3.9981
198.394,4.0032,8.7224,-3.9981
198.405,4.0032,8.7197,-3.9981
198.416,4.0032,8.7197,-3.9981
198.423,4.0032,8.7171,-3.9981
198.435,4.0032,8.7171,-3.9981
198.442,4.0032,8.7144,-3.9981
198.452,4.0032,8.7144,-3.9981
198.461,4.0032,8.7117,-3.9981
198.472,4.0032,8.7117,-3.9981
198.481,4.0032,8.7091,-3.9981
198.491,4.0032,8.7091,-3.9981
198.500,4.0032,8.7064,-3.9981
198.510,4.0032,8.7064,-3.9981
198.518,4.0032,8.7037,-3.9981
198.528,4.0032,8.7037,-3.9981
198.537,4.0032,8.7037,-3.9981
198.546,4.0032,8.7011,-3.9981
198.556,4.0032,8.7011,-3.9981
198.562,4.0032,8.6984,-3.9981
198.574,4.0032,8.6984,-3.9981
198.580,4.0032,8.6957,-3.9981
198.590,4.0032,8.6957,-3.9981
198.597,4.0032,8.6957,-3.9981
198.606,4.0032,8.6931,-3.9981
198.614,4.0032,8.6931,-3.9981
198.622,4.0032,8.6904,-3.9981
198.632,4.0032,8.6904,-3.9981
198.641,4.0032,8.6877,-3.9981
198.649,4.0032,8.6877,-3.9981
198.657,4.0032,8.6877,-3.9981
198.665,4.0032,8.6851,-3.9981
198.675,4.0032,8.6851,-3.9981
198.682,4.0032,8.6824,-3.9981
198.692,4.0032,8.6824,-3.9981
198.700,4.0032,8.6797,-3.9981
198.709,4.0032,8.6797,-3.9981
198.717,4.0032,8.6797,-3.9981
198.725,4.0032,8.6771,-3.9981
198.734,4.0032,8.6771,-3.9981
198.742,4.0032,8.6744,-3.9981
198.751,4.0032,8.6744,-3.9981
198.759,4.0032,8.6717,-3.9981
198.767,4.0032,8.6717,-3.9981
198.776,4.0032,8.6717,-3.9981
198.784,4.0032,8.6691,-3.9981
198.793,4.0032,8.6691,-3.9981
198.801,4.0032,8.6664,-3.9981
198.810,4.0032,8.6664,-3.9981
198.818,4.0032,8.6637,-3.9981
198.826,4.0032,8.6637,-3.9981
198.835,4.0032,8.6637,-3.9981
198.843,4.0032,8.6611,-3.9981
198.852,4.0032,8.6611,-3.9981
198.860,4.0032,8.6584,-3.9981
198.871,4.0032,8.6584,-3.9981
198.878,4.0032,8.6584,-3.9981
198.886,4.0032,8.6557,-3.9981
198.894,4.0032,8.6557,-3.9981
198.902,4.0032,8.6531,-3.9981
198.911,4.0032,8.6531,-3.9981
198.918,4.0032,8.6531,-3.9981
198.927,4.0032,8.6504,-3.9981
198.936,4.0032,8.6504,-3.9981
198.944,4.0032,8.6477,-3.9981
198.953,4.0032,8.6477,-3.9981
198.962,4.0032,8.6451,-3.9981
198.972,4.0032,8.6451,-3.9981
198.978,4.0032,8.6451,-3.9981
198.986,4.0032,8.6424,-3.9981
198.995,4.0032,8.6424,-3.9981
199.005,4.0032,8.6397,-3.9981
199.013,4.0032,8.6397,-3.9981
199.021,4.0032,8.6371,-3.9981
199.029,4.0032,8.6371,-3.9981
199.038,4.0032,8.6371,-3.9981
199.046,4.0032,8.6344,-3.9981
199.056,4.0032,8.6344,-3.9981
199.064,4.0032,8.6317,-3.9981
199.074,4.0032,8.6317,-3.9981
199.082,4.0032,8.6291,-3.9981
199.091,4.0032,8.6291,-3.9981
199.099,4.0032,8.6264,-3.9981
199.109,4.0032,8.6264,-3.9981
199.117,4.0032,8.6264,-3.9981
199.125,4.0032,8.6237,-3.9981
199.134,4.0032,8.6237,-3.9981
199.144,4.0032,8.6211,-3.9981
199.153,4.0032,8.6211,-3.9981
199.160,4.0032,8.6184,-3.9981
199.170,4.0032,8.6184,-3.9981
199.178,4.0032,8.6184,-3.9981
199.185,4.0032,8.6157,-3.9981
199.194,4.0032,8.6157,-3.9981
199.202,4.0032,8.6131,-3.9981
199.211,4.0032,8.6131,-3.9981
199.220,4.0032,8.6104,-3.9981
199.229,4.0032,8.6104,-3.9981
199.237,4.0032,8.6104,-3.9981
199.244,4.0032,8.6077,-3.9981
199.254,4.0032,8.6077,-3.9981
199.261,4.0032,8.6051,-3.9981
199.271,4.0032,8.6051,-3.9981
199.278,4.0032,8.6051,-3.9981
199.286,4.0032,8.6024,-3.9981
199.294,4.0032,8.6024,-3.9981
199.304,4.0032,8.5997,-3.9981
199.313,4.0032,8.5997,-3.9981
199.321,4.0032,8.5971,-3.9981
199.330,4.0032,8.5971,-3.9981
199.339,4.0032,8.5944,-3.9981
199.350,4.0032,8.5944,-3.9981
199.359,4.0032,8.5917,-3.9981
199.369,4.0032,8.5917,-3.9981
199.377,4.0032,8.5917,-3.9981
199.385,4.0032,8.5891,-3.9981
199.395,4.0032,8.5891,-3.9981
199.403,4.0032,8.5864,-3.9981
199.414,4.0032,8.5864,-3.9981
199.423,4.0032,8.5837,-3.9981
199.432,4.0032,8.5837,-3.9981
199.442,4.0032,8.5811,-3.9981
199.452,4.0032,8.5811,-3.9981
199.460,4.0032,8.5784,-3.9981
199.472,4.0032,8.5784,-3.9981
199.479,4.0032,8.5757,-3.9981
199.489,4.0032,8.5757,-3.9981
199.496,4.0032,8.5757,-3.9981
199.506,4.0032,8.5731,-3.9981
199.516,4.0032,8.5731,-3.9981
199.525,4.0032,8.5704,-3.9981
199.536,4.0032,8.5704,-3.9981
199.545,4.0032,8.5677,-3.9981
199.556,4.0032,8.5677,-3.9981
199.565,4.0032,8.5651,-3.9981
199.576,4.0032,8.5651,-3.9981
199.586,4.0032,8.5624,-3.9981
199.596,4.0032,8.5624,-3.9981
199.605,4.0032,8.5597,-3.9981
199.615,4.0032,8.5597,-3.9981
199.623,4.0032,8.5571,-3.9981
199.634,4.0032,8.5571,-3.9981
199.642,4.0032,8.5544,-3.9981
199.653,4.0032,8.5544,-3.9981
199.662,4.0032,8.5517,-3.9981
199.674,4.0032,8.5517,-3.9981
199.683,4.0032,8.5491,-3.9981
199.693,4.0032,8.5491,-3.9981
199.701,4.0032,8.5464,-3.9981
199.712,4.0032,8.5464,-3.9981
199.729,4.0032,8.5437,-3.9981
199.740,4.0032,8.5411,-3.9981
199.750,4.0032,8.5411,-3.9981
199.759,4.0032,8.5384,-3.9981
199.771,4.0032,8.5384,-3.9981
199.778,4.0032,8.5384,-3.9981
199.787,4.0032,8.5357,-3.9981
199.798,4.0032,8.5357,-3.9981
199.807,4.0032,8.5331,-3.9981
199.817,4.0032,8.5331,-3.9981
199.824,4.0032,8.5304,-3.9981
199.834,4.0032,8.5304,-3.9981
199.843,4.0032,8.5277,-3.9981
199.852,4.0032,8.5277,-3.9981
199.859,4.0032,8.5251,-3.9981
199.870,4.0032,8.5251,-3.9981
199.877,4.0032,8.5251,-3.9981
199.886,4.0032,8.5224,-3.9981
199.895,4.0032,8.5224,-3.9981
199.905,4.0032,8.5197,-3.9981
199.913,4.0032,8.5197,-3.9981
199.921,4.0032,8.5171,-3.9981
199.929,4.0032,8.5171,-3.9981
199.938,4.0032,8.5171,-3.9981
199.944,4.0032,8.5144,-3.9981
199.954,4.0032,8.5144,-3.9981
199.961,4.0032,8.5117,-3.9981
199.972,4.0032,8.5117,-3.9981
199.979,4.0032,8.5091,-3.9981
199.989,4.0032,8.5091,-3.9981
199.998,4.0032,8.5091,-3.9981
200.007,4.0032,8.5064,-3.9981
200.016,4.0032,8.5064,-3.9981
200.023,4.0032,8.5037,-3.9981
200.032,4.0032,8.5037,-3.9981
200.040,4.0032,8.5011,-3.9981
200.051,4.0032,8.5011,-3.9981
200.059,4.0032,8.4984,-3.9981
200.068,4.0032,8.4984,-3.9981
200.076,4.0032,8.4984,-3.9981
200.084,4.0032,8.4957,-3.9981
200.093,4.0032,8.4957,-3.9981
200.101,4.0032,8.4931,-3.9981
200.110,4.0032,8.4931,-3.9981
200.117,4.0032,8.4931,-3.9981
200.126,4.0032,8.4904,-3.9981
200.138,4.0032,8.4904,-3.9981
200.146,4.0032,8.4877,-3.9981
200.156,4.0032,8.4877,-3.9981
200.162,4.0032,8.4851,-3.9981
200.174,4.0032,8.4851,-3.9981
200.181,4.0032,8.4824,-3.9981
200.190,4.0032,8.4824,-3.9981
200.198,4.0032,8.4824,-3.9981
200.207,4.0032,8.4797,-3.9981
200.216,4.0032,8.4797,-3.9981
200.223,4.0032,8.4771,-3.9981
200.233,4.0032,8.4771,-3.9981
200.241,4.0032,8.4744,-3.9981
200.249,4.0032,8.4744,-3.9981
200.257,4.0032,8.4744,-3.9981
200.265,4.0032,8.4717,-3.9981
200.275,4.0032,8.4717,-3.9981
200.283,4.0032,8.4691,-3.9981
200.293,4.0032,8.4691,-3.9981
200.301,4.0032,8.4664,-3.9981
200.310,4.0032,8.4664,-3.9981
200.319,4.0032,8.4637,-3.9981
200.329,4.0032,8.4637,-3.9981
200.338,4.0032,8.4637,-3.9981
200.345,4.0032,8.4611,-3.9981
200.356,4.0032,8.4611,-3.9981
200.362,4.0032,8.4584,-3.9981
200.372,4.0032,8.4584,-3.9981
200.379,4.0032,8.4557,-3.9981
200.389,4.0032,8.4557,-3.9981
200.396,4.0032,8.4557,-3.9981
200.405,4.0032,8.4531,-3.9981
200.414,4.0032,8.4531,-3.9981
200.423,4.0032,8.4504,-3.9981
200.432,4.0032,8.4504,-3.9981
200.439,4.0032,8.4477,-3.9981
200.449,4.0032,8.4477,-3.9981
200.456,4.0032,8.4477,-3.9981
200.464,4.0032,8.4451,-3.9981
200.473,4.0032,8.4451,-3.9981
200.480,4.0032,8.4424,-3.9981
200.489,4.0032,8.4424,-3.9981
200.496,4.0032,8.4424,-3.9981
200.504,4.0032,8.4397,-3.9981
200.513,4.0032,8.4397,-3.9981
200.520,4.0032,8.4371,-3.9981
200.528,4.0032,8.4371,-3.9981
200.535,4.0032,8.4371,-3.9981
200.544,4.0032,8.4344,-3.9981
200.552,4.0032,8.4344,-3.9981
200.559,4.0032,8.4317,-3.9981
200.569,4.0032,8.4317,-3.9981
200.577,4.0032,8.4317,-3.9981
200.583,4.0032,8.4291,-3.9981
200.593,4.0032,8.4291,-3.9981
200.602,4.0032,8.4264,-3.9981
200.610,4.0032,8.4264,-3.9981
200.619,4.0032,8.4237,-3.9981
200.630,4.0032,8.4237,-3.9981
200.639,4.0032,8.4211,-3.9981
200.648,4.0032,8.4211,-3.9981
200.656,4.0032,8.4211,-3.9981
200.664,4.0032,8.4184,-3.9981
200.674,4.0032,8.4184,-3.9981
200.682,4.0032,8.4158,-3.9981
200.691,4.0032,8.4158,-3.9981
200.699,4.0032,8.4131,-3.9981
200.709,4.0032,8.4131,-3.9981
200.717,4.0032,8.4131,-3.9981
200.726,4.0032,8.4104,-3.9981
200.735,4.0032,8.4104,-3.9981
200.743,4.0032,8.4077,-3.9981
200.753,4.0032,8.4077,-3.9981
200.760,4.0032,8.4051,-3.9981
200.770,4.0032,8.4051,-3.9981
200.779,4.0032,8.4024,-3.9981
200.789,4.0032,8.4024,-3.9981
200.797,4.0032,8.4024,-3.9981
200.806,4.0032,8.3998,-3.9981
200.815,4.0032,8.3998,-3.9981
200.823,4.0032,8.3971,-3.9981
200.834,4.0032,8.3971,-3.9981
200.843,4.0032,8.3944,-3.9981
200.854,4.0032,8.3944,-3.9981
200.862,4.0032,8.3917,-3.9981
200.873,4.0032,8.3917,-3.9981
200.881,4.0032,8.3891,-3.9981
200.891,4.0032,8.3891,-3.9981
200.900,4.0032,8.3864,-3.9981
200.910,4.0032,8.3864,-3.9981
200.918,4.0032,8.3864,-3.9981
200.926,4.0032,8.3838,-3.9981
200.935,4.0032,8.3838,-3.9981
200.943,4.0032,8.3811,-3.9981
200.952,4.0032,8.3811,-3.9981
200.960,4.0032,8.3784,-3.9981
200.969,4.0032,8.3784,-3.9981
200.977,4.0032,8.3784,-3.9981
200.985,4.0032,8.3758,-3.9981
200.994,4.0032,8.3758,-3.9981
201.002,4.0032,8.3731,-3.9981
201.012,4.0032,8.3731,-3.9981
201.020,4.0032,8.3704,-3.9981
201.030,4.0032,8.3704,-3.9981
201.038,4.0032,8.3704,-3.9981
201.046,4.0032,8.3678,-3.9981
201.056,4.0032,8.3678,-3.9981
201.064,4.0032,8.3651,-3.9981
201.074,4.0032,8.3651,-3.9981
201.081,4.0032,8.3624,-3.9981
201.091,4.0032,8.3624,-3.9981
201.098,4.0032,8.3624,-3.9981
201.105,4.0032,8.3598,-3.9981
201.114,4.0032,8.3598,-3.9981
201.121,4.0032,8.3571,-3.9981
201.128,4.0032,8.3571,-3.9981
201.137,4.0032,8.3571,-3.9981
201.144,4.0032,8.3544,-3.9981
201.152,4.0032,8.3544,-3.9981
201.159,4.0032,8.3518,-3.9981
201.169,4.0032,8.3518,-3.9981
201.177,4.0032,8.3518,-3.9981
201.184,4.0032,8.3491,-3.9981
201.193,4.0032,8.3491,-3.9981
201.202,4.0032,8.3464,-3.9981
201.211,4.0032,8.3464,-3.9981
201.219,4.0032,8.3438,-3.9981
201.229,4.0032,8.3438,-3.9981
201.240,4.0032,8.3411,-3.9981
201.249,4.0032,8.3411,-3.9981
201.257,4.0032,8.3411,-3.9981
201.264,4.0032,8.3384,-3.9981
201.274,4.0032,8.3384,-3.9981
201.281,4.0032,8.3358,-3.9981
201.289,4.0032,8.3358,-3.9981
201.297,4.0032,8.3358,-3.9981
201.305,4.0032,8.3331,-3.9981
201.313,4.0032,8.3331,-3.9981
201.320,4.0032,8.3304,-3.9981
201.328,4.0032,8.3304,-3.9981
201.336,4.0032,8.3304,-3.9981
201.343,4.0032,8.3278,-3.9981
201.351,4.0032,8.3278,-3.9981
201.359,4.0032,8.3251,-3.9981
201.367,4.0032,8.3251,-3.9981
201.374,4.0032,8.3251,-3.9981
201.381,4.0032,8.3224,-3.9981
201.390,4.0032,8.3224,-3.9981
201.397,4.0032,8.3224,-3.9981
201.405,4.0032,8.3198,-3.9981
201.413,4.0032,8.3198,-3.9981
201.420,4.0032,8.3171,-3.9981
201.430,4.0032,8.3171,-3.9981
201.438,4.0032,8.3171,-3.9981
201.446,4.0032,8.3144,-3.9981
201.456,4.0032,8.3144,-3.9981
201.462,4.0032,8.3118,-3.9981
201.473,4.0032,8.3118,-3.9981
201.480,4.0032,8.3091,-3.9981
201.489,4.0032,8.3091,-3.9981
201.497,4.0032,8.3091,-3.9981
201.505,4.0032,8.3064,-3.9981
201.514,4.0032,8.3064,-3.9981
201.522,4.0032,8.3038,-3.9981
201.531,4.0032,8.3038,-3.9981
201.540,4.0032,8.3011,-3.9981
201.547,4.0032,8.3011,-3.9981
201.556,4.0032,8.3011,-3.9981
201.562,4.0032,8.2984,-3.9981
201.572,4.0032,8.2984,-3.9981
201.578,4.0032,8.2984,-3.9981
201.586,4.0032,8.2958,-3.9981
201.594,4.0032,8.2958,-3.9981
201.603,4.0032,8.2931,-3.9981
201.611,4.0032,8.2931,-3.9981
201.620,4.0032,8.2904,-3.9981
201.628,4.0032,8.2904,-3.9981
201.637,4.0032,8.2904,-3.9981
201.645,4.0032,8.2878,-3.9981
201.653,4.0032,8.2878,-3.9981
201.661,4.0032,8.2851,-3.9981
201.671,4.0032,8.2851,-3.9981
201.678,4.0032,8.2851,-3.9981
201.686,4.0032,8.2824,-3.9981
201.694,4.0032,8.2824,-3.9981
201.702,4.0032,8.2798,-3.9981
201.711,4.0032,8.2798,-3.9981
201.719,4.0032,8.2771,-3.9981
201.728,4.0032,8.2771,-3.9981
201.736,4.0032,8.2771,-3.9981
201.743,4.0032,8.2744,-3.9981
201.752,4.0032,8.2744,-3.9981
201.760,4.0032,8.2718,-3.9981
201.770,4.0032,8.2718,-3.9981
201.777,4.0032,8.2718,-3.9981
201.784,4.0032,8.2691,-3.9981
201.791,4.0032,8.2691,-3.9981
201.799,4.0032,8.2664,-3.9981
201.808,4.0032,8.2664,-3.9981
201.815,4.0032,8.2664,-3.9981
201.822,4.0032,8.2638,-3.9981
201.830,4.0032,8.2638,-3.9981
201.837,4.0032,8.2638,-3.9981
201.846,4.0032,8.2611,-3.9981
201.853,4.0032,8.2611,-3.9981
201.861,4.0032,8.2584,-3.9981
201.872,4.0032,8.2584,-3.9981
201.887,4.0032,8.2558,-3.9981
201.897,4.0032,8.2558,-3.9981
201.905,4.0032,8.2531,-3.9981
201.914,4.0032,8.2531,-3.9981
201.921,4.0032,8.2504,-3.9981
201.931,4.0032,8.2504,-3.9981
201.940,4.0032,8.2478,-3.9981
201.949,4.0032,8.2478,-3.9981
201.958,4.0032,8.2478,-3.9981
201.965,4.0032,8.2451,-3.9981
201.976,4.0032,8.2451,-3.9981
201.983,4.0032,8.2424,-3.9981
201.993,4.0032,8.2424,-3.9981
202.002,4.0032,8.2398,-3.9981
202.011,4.0032,8.2398,-3.9981
202.020,4.0032,8.2371,-3.9981
202.029,4.0032,8.2371,-3.9981
202.039,4.0032,8.2344,-3.9981
202.047,4.0032,8.2344,-3.9981
202.056,4.0032,8.2344,-3.9981
202.065,4.0032,8.2318,-3.9981
202.075,4.0032,8.2318,-3.9981
202.083,4.0032,8.2291,-3.9981
202.093,4.0032,8.2291,-3.9981
202.103,4.0032,8.2264,-3.9981
202.114,4.0032,8.2264,-3.9981
202.121,4.0032,8.2238,-3.9981
202.132,4.0032,8.2238,-3.9981
202.139,4.0032,8.2211,-3.9981
202.149,4.0032,8.2211,-3.9981
202.157,4.0032,8.2211,-3.9981
202.166,4.0032,8.2184,-3.9981
202.176,4.0032,8.2184,-3.9981
202.183,4.0032,8.2158,-3.9981
202.193,4.0032,8.2158,-3.9981
202.201,4.0032,8.2131,-3.9981
202.211,4.0032,8.2131,-3.9981
202.219,4.0032,8.2104,-3.9981
202.229,4.0032,8.2104,-3.9981
202.238,4.0032,8.2104,-3.9981
202.245,4.0032,8.2078,-3.9981
202.256,4.0032,8.2078,-3.9981
202.263,4.0032,8.2051,-3.9981
202.273,4.0032,8.2051,-3.9981
202.281,4.0032,8.2024,-3.9981
202.291,4.0032,8.2024,-3.9981
202.299,4.0032,8.1998,-3.9981
202.309,4.0032,8.1998,-3.9981
202.317,4.0032,8.1998,-3.9981
202.325,4.0032,8.1971,-3.9981
202.335,4.0032,8.1971,-3.9981
202.343,4.0032,8.1944,-3.9981
202.352,4.0032,8.1944,-3.9981
202.359,4.0032,8.1918,-3.9981
202.368,4.0032,8.1918,-3.9981
202.376,4.0032,8.1918,-3.9981
202.384,4.0032,8.1891,-3.9981
202.394,4.0032,8.1891,-3.9981
202.402,4.0032,8.1864,-3.9981
202.411,4.0032,8.1864,-3.9981
202.419,4.0032,8.1838,-3.9981
202.428,4.0032,8.1838,-3.9981
202.437,4.0032,8.1838,-3.9981
202.446,4.0032,8.1811,-3.9981
202.456,4.0032,8.1811,-3.9981
202.463,4.0032,8.1784,-3.9981
202.473,4.0032,8.1784,-3.9981
202.480,4.0032,8.1758,-3.9981
202.491,4.0032,8.1758,-3.9981
202.499,4.0032,8.1731,-3.9981
202.508,4.0032,8.1731,-3.9981
202.516,4.0032,8.1731,-3.9981
202.524,4.0032,8.1704,-3.9981
202.534,4.0032,8.1704,-3.9981
202.541,4.0032,8.1678,-3.9981
202.551,4.0032,8.1678,-3.9981
202.559,4.0032,8.1651,-3.9981
202.569,4.0032,8.1651,-3.9981
202.577,4.0032,8.1651,-3.9981
202.584,4.0032,8.1624,-3.9981
202.594,4.0032,8.1624,-3.9981
202.602,4.0032,8.1598,-3.9981
202.612,4.0032,8.1598,-3.9981
202.619,4.0032,8.1571,-3.9981
202.629,4.0032,8.1571,-3.9981
202.638,4.0032,8.1571,-3.9981
202.646,4.0032,8.1544,-3.9981
202.657,4.0032,8.1544,-3.9981
202.664,4.0032,8.1544,-3.9981
202.674,4.0032,8.1544,-3.9981
202.680,4.0032,8.1544,-3.9981
202.690,4.0032,8.1544,-3.9981
202.697,4.0032,8.1544,-3.9981
202.706,4.0032,8.1544,-3.9981
202.715,4.0032,8.1544,-3.9981
202.724,4.0032,8.1544,-3.9981
202.732,4.0032,8.1544,-3.9981
202.741,4.0032,8.1544,-3.9981
202.750,4.0032,8.1544,-3.9981
202.759,4.0032,8.1544,-3.9981
202.769,4.0032,8.1544,-3.9981
202.776,4.0032,8.1544,-3.9981
202.786,4.0032,8.1544,-3.9981
202.795,4.0032,8.1544,-3.9981
202.805,4.0032,8.1544,-3.9981
202.813,4.0032,8.1544,-3.9981
202.821,4.0032,8.1544,-3.9981
202.830,4.0032,8.1544,-3.9981
202.838,4.0032,8.1544,-3.9981
202.847,4.0032,8.1544,-3.9981
202.855,4.0032,8.1544,-3.9981
202.863,4.0032,8.1544,-3.9981
202.872,4.0032,8.1544,-3.9981
202.880,4.0032,8.1544,-3.9981
202.889,4.0032,8.1544,-3.9981
202.897,4.0032,8.1544,-3.9981
202.905,4.0032,8.1544,-3.9981
202.913,4.0032,8.1544,-3.9981
202.921,4.0032,8.1544,-3.9981
202.929,4.0032,8.1544,-3.9981
202.937,4.0032,8.1544,-3.9981
202.945,4.0032,8.1544,-3.9981
202.954,4.0032,8.1544,-3.9981
202.961,4.0032,8.1544,-3.9981
202.971,4.0032,8.1544,-3.9981
202.978,4.0032,8.1544,-3.9981
202.988,4.0032,8.1544,-3.9981
202.995,4.0032,8.1544,-3.9981
203.005,4.0032,8.1544,-3.9981
203.014,4.0032,8.1544,-3.9981
203.023,4.0032,8.1544,-3.9981
203.031,4.0032,8.1544,-3.9981
203.040,4.0032,8.1544,-3.9981
203.049,4.0032,8.1544,-3.9981
203.057,4.0032,8.1544,-3.9981
203.066,4.0032,8.1544,-3.9981
203.077,4.0032,8.1544,-3.9981
203.085,4.0032,8.1544,-3.9981
203.093,4.0032,8.1544,-3.9981
203.102,4.0032,8.1544,-3.9981
203.111,4.0032,8.1544,-3.9981
203.119,4.0032,8.1544,-3.9981
203.128,4.0032,8.1544,-3.9981
203.138,4.0032,8.1544,-3.9981
203.146,4.0032,8.1544,-3.9981
203.156,4.0032,8.1544,-3.9981
203.164,4.0032,8.1544,-3.9981
203.174,4.0032,8.1544,-3.9981
203.181,4.0032,8.1544,-3.9981
203.191,4.0032,8.1544,-3.9981
203.201,4.0032,8.1544,-3.9981
203.210,4.0032,8.1544,-3.9981
203.220,4.0032,8.1534,-3.9981
203.232,4.0032,8.1534,-3.9981
203.241,4.0032,8.1534,-3.9981
203.251,4.0032,8.1534,-3.9981
203.259,4.0032,8.1525,-3.9981
203.270,4.0032,8.1525,-3.9981
203.279,4.0032,8.1525,-3.9981
203.289,4.0032,8.1525,-3.9981
203.298,4.0032,8.1525,-3.9981
203.307,4.0032,8.1522,-3.9981
203.319,4.0032,8.1522,-3.9981
203.329,4.0032,8.1522,-3.9981
203.339,4.0032,8.1522,-3.9981
203.351,4.0032,8.1522,-3.9981
203.361,4.0032,8.1521,-3.9981
203.372,4.0032,8.1521,-3.9981
203.379,4.0032,8.1521,-3.9981
203.389,4.0032,8.1521,-3.9981
203.397,4.0032,8.1521,-3.9981
203.406,4.0032,8.1521,-3.9981
203.415,4.0032,8.1521,-3.9981
203.424,4.0032,8.1521,-3.9981
203.433,4.0032,8.1521,-3.9981
203.443,4.0032,8.1521,-3.9981
203.451,4.0032,8.1521,-3.9981
203.461,4.0032,8.1521,-3.9981
203.472,4.0032,8.1521,-3.9981
203.479,4.0032,8.1521,-3.9981
203.488,4.0032,8.1521,-3.9981
203.498,4.0032,8.1521,-3.9981
203.506,4.0032,8.1521,-3.9981
203.516,4.0032,8.1521,-3.9981
203.525,4.0032,8.1521,-3.9981
203.535,4.0032,8.1521,-3.9981
203.543,4.0032,8.1521,-3.9981
203.553,4.0032,8.1521,-3.9981
203.561,4.0032,8.1521,-3.9981
203.571,4.0032,8.1521,-3.9981
203.579,4.0032,8.1521,-3.9981
203.588,4.0032,8.1521,-3.9981
203.595,4.0032,8.1521,-3.9981
203.603,4.0032,8.1521,-3.9981
203.612,4.0032,8.1521,-3.9981
203.621,4.0032,8.1521,-3.9981
203.628,4.0032,8.1521,-3.9981
203.638,4.0032,8.1521,-3.9981
203.645,4.0032,8.1521,-3.9981
203.655,4.0032,8.1521,-3.9981
203.661,4.0032,8.1521,-3.9981
203.671,4.0032,8.1521,-3.9981
203.678,4.0032,8.1521,-3.9981
203.689,4.0032,8.1521,-3.9981
203.695,4.0032,8.1521,-3.9981
203.705,4.0032,8.1521,-3.9981
203.713,4.0032,8.1521,-3.9981
203.721,4.0032,8.1521,-3.9981
203.730,4.0032,8.1521,-3.9981
203.738,4.0032,8.1521,-3.9981
203.747,4.0032,8.1521,-3.9981
203.754,4.0032,8.1521,-3.9981
203.762,4.0032,8.1521,-3.9981
203.772,4.0032,8.1521,-3.9981
203.779,4.0032,8.1521,-3.9981
203.787,4.0032,8.1521,-3.9981
203.795,4.0032,8.1521,-3.9981
203.804,4.0032,8.1521,-3.9981
203.812,4.0032,8.1521,-3.9981
203.820,4.0032,8.1521,-3.9981
203.828,4.0032,8.1521,-3.9981
203.837,4.0032,8.1521,-3.9981
203.844,4.0032,8.1521,-3.9981
203.853,4.0032,8.1521,-3.9981
203.861,4.0032,8.1521,-3.9981
203.870,4.0032,8.1521,-3.9981
203.876,4.0032,8.1521,-3.9981
203.883,4.0032,8.1521,-3.9981
203.891,4.0032,8.1521,-3.9981
203.898,4.0032,8.1521,-3.9981
203.905,4.0032,8.1521,-3.9981
203.914,4.0032,8.1521,-3.9981
203.925,4.0032,8.1521,-3.9981
203.937,4.0032,8.1521,-3.9981
203.945,4.0032,8.1521,-3.9981
203.953,4.0032,8.1521,-3.9981
203.960,4.0032,8.1521,-3.9981
203.968,4.0032,8.1521,-3.9981
203.975,4.0032,8.1521,-3.9981
203.983,4.0032,8.1521,-3.9981
203.991,4.0032,8.1521,-3.9981
203.998,4.0032,8.1521,-3.9981
204.008,4.0032,8.1521,-3.9981
204.016,4.0032,8.1521,-3.9981
204.023,4.0032,8.1521,-3.9981
204.032,4.0032,8.1521,-3.9981
204.040,4.0032,8.1521,-3.9981
204.049,4.0032,8.1521,-3.9981
204.056,4.0032,8.1521,-3.9981
204.065,4.0032,8.1521,-3.9981
204.074,4.0032,8.1521,-3.9981
204.081,4.0032,8.1521,-3.9981
204.090,4.0032,8.1521,-3.9981
204.098,4.0032,8.1521,-3.9981
204.107,4.0032,8.1521,-3.9981
204.115,4.0032,8.1521,-3.9981
204.123,4.0032,8.1521,-3.9981
204.131,4.0032,8.1521,-3.9981
204.140,4.0032,8.1521,-3.9981
204.147,4.0032,8.1521,-3.9981
204.156,4.0032,8.1521,-3.9981
204.163,4.0032,8.1521,-3.9981
204.172,4.0032,8.1521,-3.9981
204.179,4.0032,8.1521,-3.9981
204.188,4.0032,8.1521,-3.9981
204.195,4.0032,8.1521,-3.9981
204.205,4.0032,8.1521,-3.9981
204.213,4.0032,8.1521,-3.9981
204.223,4.0032,8.1521,-3.9981
204.231,4.0032,8.1521,-3.9981
204.240,4.0032,8.1521,-3.9981
204.248,4.0032,8.1521,-3.9981
204.256,4.0032,8.1521,-3.9981
204.265,4.0032,8.1521,-3.9981
204.275,4.0032,8.1521,-3.9981
204.284,4.0032,8.1521,-3.9981
204.292,4.0032,8.1521,-3.9981
204.301,4.0032,8.1521,-3.9981
204.310,4.0032,8.1521,-3.9981
204.318,4.0032,8.1521,-3.9981
204.327,4.0032,8.1521,-3.9981
204.335,4.0032,8.1521,-3.9981
204.343,4.0032,8.1521,-3.9981
204.352,4.0032,8.1521,-3.9981
204.360,4.0032,8.1521,-3.9981
204.369,4.0032,8.1521,-3.9981
204.377,4.0032,8.1521,-3.9981
204.384,4.0032,8.1521,-3.9981
204.394,4.0032,8.1521,-3.9981
204.403,4.0032,8.1521,-3.9981
204.412,4.0032,8.1521,-3.9981
204.422,4.0032,8.1521,-3.9981
204.430,4.0032,8.1521,-3.9981
204.440,4.0032,8.1521,-3.9981
204.449,4.0032,8.1521,-3.9981
204.457,4.0032,8.1521,-3.9981
204.466,4.0032,8.1521,-3.9981
204.477,4.0032,8.1521,-3.9981
204.485,4.0032,8.1521,-3.9981
204.495,4.0032,8.1521,-3.9981
204.504,4.0032,8.1521,-3.9981
204.512,4.0032,8.1521,-3.9981
204.520,4.0032,8.1521,-3.9981
204.529,4.0032,8.1521,-3.9981
204.538,4.0032,8.1521,-3.9981
204.547,4.0032,8.1521,-3.9981
204.556,4.0032,8.1521,-3.9981
204.565,4.0032,8.1521,-3.9981
204.574,4.0032,8.1521,-3.9981
204.583,4.0032,8.1521,-3.9981
204.593,4.0032,8.1521,-3.9981
204.602,4.0032,8.1521,-3.9981
204.612,4.0032,8.1521,-3.9981
204.621,4.0032,8.1521,-3.9981
204.631,4.0032,8.1521,-3.9981
204.640,4.0032,8.1521,-3.9981
204.648,4.0032,8.1521,-3.9981
204.657,4.0032,8.1521,-3.9981
204.665,4.0032,8.1521,-3.9981
204.677,4.0032,8.1521,-3.9981
204.686,4.0032,8.1521,-3.9981
204.694,4.0032,8.1521,-3.9981
204.704,4.0032,8.1521,-3.9981
204.713,4.0032,8.1521,-3.9981
204.721,4.0032,8.1521,-3.9981
204.729,4.0032,8.1521,-3.9981
204.739,4.0032,8.1521,-3.9981
204.748,4.0032,8.1521,-3.9981
204.757,4.0032,8.1521,-3.9981
204.769,4.0032,8.1521,-3.9981
204.778,4.0032,8.1521,-3.9981
204.788,4.0032,8.1521,-3.9981
204.799,4.0032,8.1521,-3.9981
204.808,4.0032,8.1521,-3.9981
204.817,4.0032,8.1521,-3.9981
204.825,4.0032,8.1521,-3.9981
204.836,4.0032,8.1521,-3.9981
204.843,4.0032,8.1521,-3.9981
204.854,4.0032,8.1521,-3.9981
204.862,4.0032,8.1521,-3.9981
204.872,4.0032,8.1521,-3.9981
204.880,4.0032,8.1521,-3.9981
204.889,4.0032,8.1521,-3.9981
204.897,4.0032,8.1521,-3.9981
204.905,4.0032,8.1521,-3.9981
204.915,4.0032,8.1521,-3.9981
204.922,4.0032,8.1521,-3.9981
204.931,4.0032,8.1521,-3.9981
204.940,4.0032,8.1521,-3.9981
204.948,4.0032,8.1521,-3.9981
204.956,4.0032,8.1521,-3.9981
204.963,4.0032,8.1521,-3.9981
204.972,4.0032,8.1521,-3.9981
204.980,4.0032,8.1521,-3.9981
204.989,4.0032,8.1521,-3.9981
204.998,4.0032,8.1521,-3.9981
205.007,4.0032,8.1521,-3.9981
205.015,4.0032,8.1521,-3.9981
205.024,4.0032,8.1521,-3.9981
205.032,4.0032,8.1521,-3.9981
205.042,4.0032,8.1521,-3.9981
205.049,4.0032,8.1521,-3.9981
205.058,4.0032,8.1521,-3.9981
205.066,4.0032,8.1521,-3.9981
205.074,4.0032,8.1521,-3.9981
205.082,4.0032,8.1521,-3.9981
205.091,4.0032,8.1521,-3.9981
205.100,4.0032,8.1521,-3.9981
205.108,4.0032,8.1521,-3.9981
205.117,4.0032,8.1521,-3.9981
205.125,4.0032,8.1521,-3.9981
205.135,4.0032,8.1521,-3.9981
205.144,4.0032,8.1521,-3.9981
205.152,4.0032,8.1521,-3.9981
205.161,4.0032,8.1521,-3.9981
205.171,4.0032,8.1521,-3.9981
205.179,4.0032,8.1521,-3.9981
205.187,4.0032,8.1521,-3.9981
205.195,4.0032,8.1521,-3.9981
205.205,4.0032,8.1521,-3.9981
205.214,4.0032,8.1521,-3.9981
205.224,4.0032,8.1521,-3.9981
205.233,4.0032,8.1521,-3.9981
205.245,4.0032,8.1521,-3.9981
205.258,4.0032,8.1521,-3.9981
205.267,4.0032,8.1521,-3.9981
205.277,4.0032,8.1521,-3.9981
205.286,4.0032,8.1521,-3.9981
205.295,4.0032,8.1521,-3.9981
205.304,4.0032,8.1521,-3.9981
205.312,4.0032,8.1521,-3.9981
205.321,4.0032,8.1521,-3.9981
205.329,4.0032,8.1521,-3.9981
205.338,4.0032,8.1521,-3.9981
205.346,4.0032,8.1521,-3.9981
205.355,4.0032,8.1521,-3.9981
205.362,4.0032,8.1521,-3.9981
205.373,4.0032,8.1521,-3.9981
205.381,4.0032,8.1521,-3.9981
205.391,4.0032,8.1521,-3.9981
205.403,4.0032,8.1521,-3.9981
205.412,4.0032,8.1521,-3.9981
205.420,4.0032,8.1521,-3.9981
205.429,4.0032,8.1521,-3.9981
205.438,4.0032,8.1521,-3.9981
205.446,4.0032,8.1521,-3.9981
205.455,4.0032,8.1521,-3.9981
205.462,4.0032,8.1521,-3.9981
205.472,4.0032,8.1521,-3.9981
205.479,4.0032,8.1521,-3.9981
205.489,4.0032,8.1521,-3.9981
205.497,4.0032,8.1521,-3.9981
205.505,4.0032,8.1521,-3.9981
205.513,4.0032,8.1521,-3.9981
205.522,4.0032,8.1521,-3.9981
205.530,4.0032,8.1521,-3.9981
205.539,4.0032,8.1521,-3.9981
205.547,4.0032,8.1521,-3.9981
205.555,4.0032,8.1521,-3.9981
205.562,4.0032,8.1521,-3.9981
205.573,4.0032,8.1521,-3.9981
205.580,4.0032,8.1521,-3.9981
205.590,4.0032,8.1521,-3.9981
205.598,4.0032,8.1521,-3.9981
205.607,4.0032,8.1521,-3.9981
205.619,4.0032,8.1521,-3.9981
205.627,4.0032,8.1521,-3.9981
205.638,4.0032,8.1521,-3.9981
205.647,4.0032,8.1521,-3.9981
205.657,4.0032,8.1521,-3.9981
205.666,4.0032,8.1521,-3.9981
205.677,4.0032,8.1521,-3.9981
205.686,4.0032,8.1521,-3.9981
205.698,4.0032,8.1521,-3.9981
205.709,4.0032,8.1521,-3.9981
205.718,4.0032,8.1521,-3.9981
205.727,4.0032,8.1521,-3.9981
205.739,4.0032,8.1521,-3.9981
205.748,4.0032,8.1521,-3.9981
205.757,4.0032,8.1521,-3.9981
205.766,4.0032,8.1521,-3.9981
205.777,4.0032,8.1521,-3.9981
205.787,4.0032,8.1521,-3.9981
205.797,4.0032,8.1521,-3.9981
205.807,4.0032,8.1521,-3.9981
205.819,4.0032,8.1521,-3.9981
205.829,4.0032,8.1521,-3.9981
205.839,4.0032,8.1521,-3.9981
205.849,4.0032,8.1521,-3.9981
205.859,4.0032,8.1521,-3.9981
205.870,4.0032,8.1521,-3.9981
205.880,4.0032,8.1521,-3.9981
205.889,4.0032,8.1521,-3.9981
205.899,4.0032,8.1521,-3.9981
205.910,4.0032,8.1521,-3.9981
205.919,4.0032,8.1521,-3.9981
205.929,4.0032,8.1521,-3.9981
205.948,4.0032,8.1521,-3.9981
205.959,4.0032,8.1521,-3.9981
205.970,4.0032,8.1521,-3.9981
205.979,4.0032,8.1521,-3.9981
205.989,4.0032,8.1521,-3.9981
205.998,4.0032,8.1521,-3.9981
206.009,4.0032,8.1521,-3.9981
206.021,4.0032,8.1521,-3.9981
206.030,4.0032,8.1521,-3.9981
206.041,4.0032,8.1521,-3.9981
206.050,4.0032,8.1521,-3.9981
206.059,4.0032,8.1521,-3.9981
206.071,4.0032,8.1521,-3.9981
206.081,4.0032,8.1521,-3.9981
206.092,4.0032,8.1521,-3.9981
206.102,4.0032,8.1521,-3.9981
206.112,4.0032,8.1521,-3.9981
206.121,4.0032,8.1521,-3.9981
206.132,4.0032,8.1521,-3.9981
206.141,4.0032,8.1521,-3.9981
206.152,4.0032,8.1521,-3.9981
206.161,4.0032,8.1521,-3.9981
206.171,4.0032,8.1521,-3.9981
206.180,4.0032,8.1521,-3.9981
206.191,4.0032,8.1521,-3.9981
206.199,4.0032,8.1521,-3.9981
206.209,4.0032,8.1521,-3.9981
206.219,4.0032,8.1521,-3.9981
206.228,4.0032,8.1521,-3.9981
206.238,4.0032,8.1521,-3.9981
206.246,4.0032,8.1521,-3.9981
206.255,4.0032,8.1521,-3.9981
206.263,4.0032,8.1521,-3.9981
206.273,4.0032,8.1521,-3.9981
206.281,4.0032,8.1521,-3.9981
206.291,4.0032,8.1521,-3.9981
206.302,4.0032,8.1521,-3.9981
206.312,4.0032,8.1521,-3.9981
206.321,4.0032,8.1521,-3.9981
206.332,4.0032,8.1521,-3.9981
206.341,4.0032,8.1521,-3.9981
206.351,4.0032,8.1521,-3.9981
206.361,4.0032,8.1521,-3.9981
206.372,4.0032,8.1521,-3.9981
206.379,4.0032,8.1521,-3.9981
206.389,4.0032,8.1521,-3.9981
206.398,4.0032,8.1521,-3.9981
206.407,4.0032,8.1521,-3.9981
206.416,4.0032,8.1521,-3.9981
206.426,4.0032,8.1521,-3.9981
206.436,4.0032,8.1521,-3.9981
206.444,4.0032,8.1521,-3.9981
206.454,4.0032,8.1521,-3.9981
206.462,4.0032,8.1521,-3.9981
206.473,4.0032,8.1521,-3.9981
206.482,4.0032,8.1521,-3.9981
206.493,4.0032,8.1521,-3.9981
206.503,4.0032,8.1521,-3.9981
206.513,4.0032,8.1521,-3.9981
206.521,4.0032,8.1521,-3.9981
206.530,4.0032,8.1521,-3.9981
206.539,4.0032,8.1521,-3.9981
206.547,4.0032,8.1521,-3.9981
206.556,4.0032,8.1521,-3.9981
206.563,4.0032,8.1521,-3.9981
206.573,4.0032,8.1521,-3.9981
206.582,4.0032,8.1521,-3.9981
206.591,4.0032,8.1521,-3.9981
206.599,4.0032,8.1521,-3.9981
206.610,4.0032,8.1521,-3.9981
206.618,4.0032,8.1521,-3.9981
206.628,4.0032,8.1521,-3.9981
206.637,4.0032,8.1521,-3.9981
206.646,4.0032,8.1521,-3.9981
206.656,4.0032,8.1521,-3.9981
206.665,4.0032,8.1521,-3.9981
206.676,4.0032,8.1521,-3.9981
206.684,4.0032,8.1521,-3.9981
206.697,4.0032,8.1521,-3.9981
206.709,4.0032,8.1521,-3.9981
206.720,4.0032,8.1521,-3.9981
206.730,4.0032,8.1521,-3.9981
206.739,4.0032,8.1521,-3.9981
206.747,4.0032,8.1521,-3.9981
206.757,4.0032,8.1521,-3.9981
206.766,4.0032,8.1521,-3.9981
206.776,4.0032,8.1521,-3.9981
206.786,4.0032,8.1521,-3.9981
206.798,4.0032,8.1521,-3.9981
206.807,4.0032,8.1521,-3.9981
206.818,4.0032,8.1521,-3.9981
206.826,4.0032,8.1521,-3.9981
206.838,4.0032,8.1521,-3.9981
206.845,4.0032,8.1521,-3.9981
206.855,4.0032,8.1521,-3.9981
206.864,4.0032,8.1521,-3.9981
206.873,4.0032,8.1521,-3.9981
206.881,4.0032,8.1521,-3.9981
206.890,4.0032,8.1521,-3.9981
206.899,4.0032,8.1521,-3.9981
206.910,4.0032,8.1521,-3.9981
206.918,4.0032,8.1521,-3.9981
206.927,4.0032,8.1521,-3.9981
206.938,4.0032,8.1521,-3.9981
206.946,4.0032,8.1521,-3.9981
206.956,4.0032,8.1521,-3.9981
206.964,4.0032,8.1521,-3.9981
206.974,4.0032,8.1521,-3.9981
206.982,4.0032,8.1521,-3.9981
206.992,4.0032,8.1521,-3.9981
207.002,4.0032,8.1521,-3.9981
207.011,4.0032,8.1521,-3.9981
207.019,4.0032,8.1521,-3.9981
207.029,4.0032,8.1521,-3.9981
207.041,4.0032,8.1521,-3.9981
207.051,4.0032,8.1521,-3.9981
207.060,4.0032,8.1521,-3.9981
207.072,4.0032,8.1521,-3.9981
207.082,4.0032,8.1521,-3.9981
207.091,4.0032,8.1521,-3.9981
207.101,4.0032,8.1521,-3.9981
207.111,4.0032,8.1521,-3.9981
207.120,4.0032,8.1521,-3.9981
207.129,4.0032,8.1521,-3.9981
207.140,4.0032,8.1521,-3.9981
207.149,4.0032,8.1521,-3.9981
207.158,4.0032,8.1521,-3.9981
207.167,4.0032,8.1521,-3.9981
207.177,4.0032,8.1521,-3.9981
207.186,4.0032,8.1521,-3.9981
207.194,4.0032,8.1521,-3.9981
207.204,4.0032,8.1521,-3.9981
207.213,4.0032,8.1521,-3.9981
207.222,4.0032,8.1521,-3.9981
207.230,4.0032,8.1521,-3.9981
207.241,4.0032,8.1521,-3.9981
207.250,4.0032,8.1521,-3.9981
207.259,4.0032,8.1521,-3.9981
207.268,4.0032,8.1521,-3.9981
207.276,4.0032,8.1521,-3.9981
207.285,4.0032,8.1521,-3.9981
207.294,4.0032,8.1521,-3.9981
207.305,4.0032,8.1521,-3.9981
207.314,4.0032,8.1521,-3.9981
207.323,4.0032,8.1521,-3.9981
207.334,4.0032,8.1521,-3.9981
207.345,4.0032,8.1521,-3.9981
207.355,4.0032,8.1521,-3.9981
207.366,4.0032,8.1521,-3.9981
207.377,4.0032,8.1521,-3.9981
207.387,4.0032,8.1521,-3.9981
207.397,4.0032,8.1521,-3.9981
207.406,4.0032,8.1521,-3.9981
207.414,4.0032,8.1521,-3.9981
207.425,4.0032,8.1521,-3.9981
207.436,4.0032,8.1521,-3.9981
207.445,4.0032,8.1521,-3.9981
207.454,4.0032,8.1521,-3.9981
207.461,4.0032,8.1521,-3.9981
207.471,4.0032,8.1521,-3.9981
207.479,4.0032,8.1521,-3.9981
207.489,4.0032,8.1521,-3.9981
207.497,4.0032,8.1521,-3.9981
207.506,4.0032,8.1521,-3.9981
207.514,4.0032,8.1521,-3.9981
207.522,4.0032,8.1521,-3.9981
207.529,4.0032,8.1521,-3.9981
207.538,4.0032,8.1521,-3.9981
207.546,4.0032,8.1521,-3.9981
207.555,4.0032,8.1521,-3.9981
207.562,4.0032,8.1521,-3.9981
207.571,4.0032,8.1521,-3.9981
207.580,4.0032,8.1521,-3.9981
207.587,4.0032,8.1521,-3.9981
207.596,4.0032,8.1521,-3.9981
207.605,4.0032,8.1521,-3.9981
207.614,4.0032,8.1521,-3.9981
207.623,4.0032,8.1521,-3.9981
207.631,4.0032,8.1521,-3.9981
207.641,4.0032,8.1521,-3.9981
207.651,4.0032,8.1521,-3.9981
207.659,4.0032,8.1521,-3.9981
207.668,4.0032,8.1521,-3.9981
207.677,4.0032,8.1521,-3.9981
207.684,4.0032,8.1521,-3.9981
207.692,4.0032,8.1521,-3.9981
207.702,4.0032,8.1521,-3.9981
207.711,4.0032,8.1521,-3.9981
207.719,4.0032,8.1521,-3.9981
207.728,4.0032,8.1521,-3.9981
207.737,4.0032,8.1521,-3.9981
207.744,4.0032,8.1521,-3.9981
207.752,4.0032,8.1521,-3.9981
207.760,4.0032,8.1521,-3.9981
207.769,4.0032,8.1521,-3.9981
207.777,4.0032,8.1521,-3.9981
207.784,4.0032,8.1521,-3.9981
207.793,4.0032,8.1521,-3.9981
207.801,4.0032,8.1521,-3.9981
207.809,4.0032,8.1521,-3.9981
207.815,4.0032,8.1521,-3.9981
207.823,4.0032,8.1521,-3.9981
207.831,4.0032,8.1521,-3.9981
207.839,4.0032,8.1521,-3.9981
207.849,4.0032,8.1521,-3.9981
207.858,4.0032,8.1521,-3.9981
207.866,4.0032,8.1521,-3.9981
207.875,4.0032,8.1521,-3.9981
207.882,4.0032,8.1521,-3.9981
207.892,4.0032,8.1521,-3.9981
207.900,4.0032,8.1521,-3.9981
207.909,4.0032,8.1521,-3.9981
207.916,4.0032,8.1521,-3.9981
207.924,4.0032,8.1521,-3.9981
207.932,4.0032,8.1521,-3.9981
207.949,4.0032,8.1521,-3.9981
207.959,4.0032,8.1521,-3.9981
207.970,4.0032,8.1521,-3.9981
207.977,4.0032,8.1521,-3.9981
207.986,4.0032,8.1521,-3.9981
207.994,4.0032,8.1521,-3.9981
208.004,4.0032,8.1521,-3.9981
208.012,4.0032,8.1521,-3.9981
208.021,4.0032,8.1521,-3.9981
208.031,4.0032,8.1521,-3.9981
208.039,4.0032,8.1521,-3.9981
208.047,4.0032,8.1521,-3.9981
208.055,4.0032,8.1521,-3.9981
208.063,4.0032,8.1521,-3.9981
208.072,4.0032,8.1521,-3.9981
208.081,4.0032,8.1521,-3.9981
208.091,4.0032,8.1521,-3.9981
208.098,4.0032,8.1521,-3.9981
208.107,4.0032,8.1521,-3.9981
208.115,4.0032,8.1521,-3.9981
208.124,4.0032,8.1521,-3.9981
208.131,4.0032,8.1521,-3.9981
208.140,4.0032,8.1521,-3.9981
208.148,4.0032,8.1521,-3.9981
208.157,4.0032,8.1521,-3.9981
208.167,4.0032,8.1521,-3.9981
208.177,4.0032,8.1521,-3.9981
208.186,4.0032,8.1521,-3.9981
208.195,4.0032,8.1521,-3.9981
208.205,4.0032,8.1521,-3.9981
208.216,4.0032,8.1521,-3.9981
208.225,4.0032,8.1521,-3.9981
208.236,4.0032,8.1521,-3.9981
208.246,4.0032,8.1521,-3.9981
208.256,4.0032,8.1521,-3.9981
208.267,4.0032,8.1521,-3.9981
208.277,4.0032,8.1521,-3.9981
208.287,4.0032,8.1521,-3.9981
208.298,4.0032,8.1521,-3.9981
208.308,4.0032,8.1521,-3.9981
208.318,4.0032,8.1521,-3.9981
208.329,4.0032,8.1521,-3.9981
208.339,4.0032,8.1521,-3.9981
208.347,4.0032,8.1521,-3.9981
208.358,4.0032,8.1521,-3.9981
208.367,4.0032,8.1521,-3.9981
208.377,4.0032,8.1521,-3.9981
208.387,4.0032,8.1521,-3.9981
208.396,4.0032,8.1521,-3.9981
208.406,4.0032,8.1521,-3.9981
208.415,4.0032,8.1521,-3.9981
208.425,4.0032,8.1521,-3.9981
208.434,4.0032,8.1521,-3.9981
208.442,4.0032,8.1521,-3.9981
208.453,4.0032,8.1521,-3.9981
208.460,4.0032,8.1521,-3.9981
208.472,4.0032,8.1521,-3.9981
208.481,4.0032,8.1521,-3.9981
208.492,4.0032,8.1521,-3.9981
208.501,4.0032,8.1521,-3.9981
208.512,4.0032,8.1521,-3.9981
208.520,4.0032,8.1521,-3.9981
208.530,4.0032,8.1521,-3.9981
208.539,4.0032,8.1521,-3.9981
208.548,4.0032,8.1521,-3.9981
208.556,4.0032,8.1521,-3.9981
208.565,4.0032,8.1521,-3.9981
208.577,4.0032,8.1521,-3.9981
208.585,4.0032,8.1521,-3.9981
208.594,4.0032,8.1521,-3.9981
208.603,4.0032,8.1521,-3.9981
208.613,4.0032,8.1521,-3.9981
208.621,4.0032,8.1521,-3.9981
208.632,4.0032,8.1521,-3.9981
208.641,4.0032,8.1521,-3.9981
208.651,4.0032,8.1521,-3.9981
208.659,4.0032,8.1521,-3.9981
208.669,4.0032,8.1521,-3.9981
208.677,4.0032,8.1521,-3.9981
208.685,4.0032,8.1521,-3.9981
208.695,4.0032,8.1521,-3.9981
208.704,4.0032,8.1521,-3.9981
208.713,4.0032,8.1521,-3.9981
208.722,4.0032,8.1521,-3.9981
208.730,4.0032,8.1521,-3.9981
208.740,4.0032,8.1521,-3.9981
208.749,4.0032,8.1521,-3.9981
208.757,4.0032,8.1521,-3.9981
208.766,4.0032,8.1521,-3.9981
208.775,4.0032,8.1521,-3.9981
208.783,4.0032,8.1521,-3.9981
208.793,4.0032,8.1521,-3.9981
208.802,4.0032,8.1521,-3.9981
208.811,4.0032,8.1521,-3.9981
208.819,4.0032,8.1521,-3.9981
208.827,4.0032,8.1521,-3.9981
208.836,4.0032,8.1521,-3.9981
208.844,4.0032,8.1521,-3.9981
208.852,4.0032,8.1521,-3.9981
208.860,4.0032,8.1521,-3.9981
208.870,4.0032,8.1521,-3.9981
208.880,4.0032,8.1521,-3.9981
208.889,4.0032,8.1521,-3.9981
208.897,4.0032,8.1521,-3.9981
208.907,4.0032,8.1521,-3.9981
208.915,4.0032,8.1521,-3.9981
208.923,4.0032,8.1521,-3.9981
208.932,4.0032,8.1521,-3.9981
208.942,4.0032,8.1521,-3.9981
208.950,4.0032,8.1521,-3.9981
208.957,4.0032,8.1521,-3.9981
208.966,4.0032,8.1521,-3.9981
208.975,4.0032,8.1521,-3.9981
208.982,4.0032,8.1521,-3.9981
208.991,4.0032,8.1521,-3.9981
208.999,4.0032,8.1521,-3.9981
209.007,4.0032,8.1521,-3.9981
209.015,4.0032,8.1521,-3.9981
209.022,4.0032,8.1521,-3.9981
209.031,4.0032,8.1521,-3.9981
209.040,4.0032,8.1521,-3.9981
209.049,4.0032,8.1521,-3.9981
209.059,4.0032,8.1521,-3.9981
209.068,4.0032,8.1521,-3.9981
209.077,4.0032,8.1521,-3.9981
209.084,4.0032,8.1521,-3.9981
209.093,4.0032,8.1521,-3.9981
209.100,4.0032,8.1521,-3.9981
209.109,4.0032,8.1521,-3.9981
209.117,4.0032,8.1521,-3.9981
209.126,4.0032,8.1521,-3.9981
209.136,4.0032,8.1521,-3.9981
209.145,4.0032,8.1521,-3.9981
209.154,4.0032,8.1521,-3.9981
209.161,4.0032,8.1521,-3.9981
209.172,4.0032,8.1521,-3.9981
209.180,4.0032,8.1521,-3.9981
209.188,4.0032,8.1521,-3.9981
209.195,4.0032,8.1521,-3.9981
209.204,4.0032,8.1521,-3.9981
209.212,4.0032,8.1521,-3.9981
209.221,4.0032,8.1521,-3.9981
209.229,4.0032,8.1521,-3.9981
209.238,4.0032,8.1521,-3.9981
209.245,4.0032,8.1521,-3.9981
209.254,4.0032,8.1521,-3.9981
209.262,4.0032,8.1521,-3.9981
209.273,4.0032,8.1521,-3.9981
209.281,4.0032,8.1521,-3.9981
209.291,4.0032,8.1521,-3.9981
209.300,4.0032,8.1521,-3.9981
209.308,4.0032,8.1521,-3.9981
209.317,4.0032,8.1521,-3.9981
209.324,4.0032,8.1521,-3.9981
209.334,4.0032,8.1521,-3.9981
209.343,4.0032,8.1521,-3.9981
209.354,4.0032,8.1521,-3.9981
209.363,4.0032,8.1522,-3.9981
209.374,4.0032,8.1522,-3.9981
209.381,4.0032,8.1522,-3.9981
209.392,4.0032,8.1522,-3.9981
209.400,4.0032,8.1523,-3.9981
209.411,4.0032,8.1523,-3.9981
209.421,4.0032,8.1525,-3.9981
209.431,4.0032,8.1525,-3.9981
209.441,4.0032,8.1528,-3.9981
209.452,4.0032,8.1528,-3.9981
209.461,4.0032,8.1531,-3.9981
209.472,4.0032,8.1531,-3.9981
209.480,4.0032,8.1534,-3.9981
209.491,4.0032,8.1534,-3.9981
209.500,4.0032,8.1537,-3.9981
209.511,4.0032,8.1537,-3.9981
209.521,4.0032,8.1545,-3.9981
209.532,4.0032,8.1545,-3.9981
209.541,4.0032,8.1553,-3.9981
209.553,4.0032,8.1553,-3.9981
209.561,4.0032,8.1561,-3.9981
209.573,4.0032,8.1561,-3.9981
209.581,4.0032,8.1569,-3.9981
209.592,4.0032,8.1569,-3.9981
209.601,4.0032,8.1579,-3.9981
209.613,4.0032,8.1579,-3.9981
209.622,4.0032,8.1588,-3.9981
209.634,4.0032,8.1588,-3.9981
209.643,4.0032,8.1598,-3.9981
209.653,4.0032,8.1598,-3.9981
209.660,4.0032,8.1619,-3.9981
209.673,4.0032,8.1619,-3.9981
209.681,4.0032,8.1641,-3.9981
209.693,4.0032,8.1641,-3.9981
209.704,4.0032,8.1664,-3.9981
209.713,4.0032,8.1664,-3.9981
209.722,4.0032,8.1687,-3.9981
209.733,4.0032,8.1687,-3.9981
209.742,4.0032,8.1712,-3.9981
209.752,4.0032,8.1712,-3.9981
209.761,4.0032,8.1738,-3.9981
209.771,4.0032,8.1738,-3.9981
209.780,4.0032,8.1764,-3.9981
209.791,4.0032,8.1764,-3.9981
209.799,4.0032,8.1790,-3.9981
209.810,4.0032,8.1790,-3.9981
209.818,4.0032,8.1790,-3.9981
209.827,4.0032,8.1816,-3.9981
209.838,4.0032,8.1816,-3.9981
209.846,4.0032,8.1841,-3.9981
209.857,4.0032,8.1841,-3.9981
209.865,4.0032,8.1867,-3.9981
209.877,4.0032,8.1867,-3.9981
209.884,4.0032,8.1893,-3.9981
209.895,4.0032,8.1893,-3.9981
209.905,4.0032,8.1919,-3.9981
209.915,4.0032,8.1919,-3.9981
209.924,4.0032,8.1945,-3.9981
209.934,4.0032,8.1945,-3.9981
209.942,4.0032,8.1970,-3.9981
209.952,4.0032,8.1970,-3.9981
209.970,4.0032,8.1996,-3.9981
209.980,4.0032,8.2022,-3.9981
209.991,4.0032,8.2022,-3.9981
209.998,4.0032,8.2048,-3.9981
210.009,4.0032,8.2048,-3.9981
210.017,4.0032,8.2048,-3.9981
210.024,4.0032,8.2073,-3.9981
210.034,4.0032,8.2073,-3.9981
210.042,4.0032,8.2099,-3.9981
210.051,4.0032,8.2099,-3.9981
210.059,4.0032,8.2125,-3.9981
210.068,4.0032,8.2125,-3.9981
210.077,4.0032,8.2125,-3.9981
210.085,4.0032,8.2151,-3.9981
210.095,4.0032,8.2151,-3.9981
210.104,4.0032,8.2176,-3.9981
210.114,4.0032,8.2176,-3.9981
210.121,4.0032,8.2202,-3.9981
210.131,4.0032,8.2202,-3.9981
210.140,4.0032,8.2228,-3.9981
210.149,4.0032,8.2228,-3.9981
210.158,4.0032,8.2228,-3.9981
210.167,4.0032,8.2253,-3.9981
210.178,4.0032,8.2253,-3.9981
210.186,4.0032,8.2279,-3.9981
210.195,4.0032,8.2279,-3.9981
210.204,4.0032,8.2305,-3.9981
210.213,4.0032,8.2305,-3.9981
210.222,4.0032,8.2330,-3.9981
210.230,4.0032,8.2330,-3.9981
210.240,4.0032,8.2356,-3.9981
210.247,4.0032,8.2356,-3.9981
210.256,4.0032,8.2356,-3.9981
210.263,4.0032,8.2381,-3.9981
210.273,4.0032,8.2381,-3.9981
210.280,4.0032,8.2407,-3.9981
210.290,4.0032,8.2407,-3.9981
210.299,4.0032,8.2433,-3.9981
210.307,4.0032,8.2433,-3.9981
210.315,4.0032,8.2433,-3.9981
210.324,4.0032,8.2458,-3.9981
210.334,4.0032,8.2458,-3.9981
210.343,4.0032,8.2484,-3.9981
210.354,4.0032,8.2484,-3.9981
210.363,4.0032,8.2510,-3.9981
210.374,4.0032,8.2510,-3.9981
210.380,4.0032,8.2535,-3.9981
210.390,4.0032,8.2535,-3.9981
210.398,4.0032,8.2535,-3.9981
210.408,4.0032,8.2561,-3.9981
210.419,4.0032,8.2587,-3.9981
210.428,4.0032,8.2587,-3.9981
210.436,4.0032,8.2587,-3.9981
210.444,4.0032,8.2612,-3.9981
210.453,4.0032,8.2612,-3.9981
210.460,4.0032,8.2638,-3.9981
210.470,4.0032,8.2638,-3.9981
210.478,4.0032,8.2638,-3.9981
210.487,4.0032,8.2664,-3.9981
210.497,4.0032,8.2664,-3.9981
210.505,4.0032,8.2689,-3.9981
210.515,4.0032,8.2689,-3.9981
210.524,4.0032,8.2715,-3.9981
210.533,4.0032,8.2715,-3.9981
210.542,4.0032,8.2741,-3.9981
210.551,4.0032,8.2741,-3.9981
210.559,4.0032,8.2767,-3.9981
210.571,4.0032,8.2767,-3.9981
210.579,4.0032,8.2792,-3.9981
210.588,4.0032,8.2792,-3.9981
210.597,4.0032,8.2792,-3.9981
210.606,4.0032,8.2818,-3.9981
210.616,4.0032,8.2818,-3.9981
210.624,4.0032,8.2844,-3.9981
210.633,4.0032,8.2844,-3.9981
210.641,4.0032,8.2869,-3.9981
210.651,4.0032,8.2869,-3.9981
210.660,4.0032,8.2895,-3.9981
210.670,4.0032,8.2895,-3.9981
210.679,4.0032,8.2921,-3.9981
210.691,4.0032,8.2921,-3.9981
210.699,4.0032,8.2947,-3.9981
210.711,4.0032,8.2947,-3.9981
210.720,4.0032,8.2972,-3.9981
210.730,4.0032,8.2972,-3.9981
210.739,4.0032,8.2998,-3.9981
210.749,4.0032,8.2998,-3.9981
210.757,4.0032,8.2998,-3.9981
210.765,4.0032,8.3024,-3.9981
210.776,4.0032,8.3024,-3.9981
210.785,4.0032,8.3050,-3.9981
210.795,4.0032,8.3050,-3.9981
210.804,4.0032,8.3075,-3.9981
210.814,4.0032,8.3075,-3.9981
210.822,4.0032,8.3101,-3.9981
210.832,4.0032,8.3101,-3.9981
210.842,4.0032,8.3127,-3.9981
210.851,4.0032,8.3127,-3.9981
210.860,4.0032,8.3153,-3.9981
210.871,4.0032,8.3153,-3.9981
210.879,4.0032,8.3178,-3.9981
210.889,4.0032,8.3178,-3.9981
210.898,4.0032,8.3178,-3.9981
210.908,4.0032,8.3204,-3.9981
210.917,4.0032,8.3204,-3.9981
210.927,4.0032,8.3230,-3.9981
210.939,4.0032,8.3256,-3.9981
210.947,4.0032,8.3256,-3.9981
210.957,4.0032,8.3256,-3.9981
210.966,4.0032,8.3281,-3.9981
210.977,4.0032,8.3281,-3.9981
210.985,4.0032,8.3307,-3.9981
210.994,4.0032,8.3307,-3.9981
211.004,4.0032,8.3333,-3.9981
211.014,4.0032,8.3333,-3.9981
211.022,4.0032,8.3359,-3.9981
211.031,4.0032,8.3359,-3.9981
211.040,4.0032,8.3384,-3.9981
211.050,4.0032,8.3384,-3.9981
211.059,4.0032,8.3410,-3.9981
211.071,4.0032,8.3410,-3.9981
211.078,4.0032,8.3436,-3.9981
211.089,4.0032,8.3436,-3.9981
211.097,4.0032,8.3436,-3.9981
211.106,4.0032,8.3461,-3.9981
211.116,4.0032,8.3461,-3.9981
211.125,4.0032,8.3487,-3.9981
211.135,4.0032,8.3487,-3.9981
211.143,4.0032,8.3513,-3.9981
211.154,4.0032,8.3513,-3.9981
211.162,4.0032,8.3539,-3.9981
211.173,4.0032,8.3539,-3.9981
211.180,4.0032,8.3564,-3.9981
211.189,4.0032,8.3564,-3.9981
211.195,4.0032,8.3564,-3.9981
211.205,4.0032,8.3590,-3.9981
211.214,4.0032,8.3590,-3.9981
211.222,4.0032,8.3616,-3.9981
211.231,4.0032,8.3616,-3.9981
211.239,4.0032,8.3642,-3.9981
211.248,4.0032,8.3642,-3.9981
211.256,4.0032,8.3642,-3.9981
211.265,4.0032,8.3667,-3.9981
211.274,4.0032,8.3667,-3.9981
211.283,4.0032,8.3693,-3.9981
211.293,4.0032,8.3693,-3.9981
211.302,4.0032,8.3719,-3.9981
211.311,4.0032,8.3719,-3.9981
211.320,4.0032,8.3744,-3.9981
211.329,4.0032,8.3744,-3.9981
211.337,4.0032,8.3744,-3.9981
211.345,4.0032,8.3770,-3.9981
211.354,4.0032,8.3770,-3.9981
211.362,4.0032,8.3796,-3.9981
211.372,4.0032,8.3796,-3.9981
211.379,4.0032,8.3822,-3.9981
211.390,4.0032,8.3822,-3.9981
211.396,4.0032,8.3822,-3.9981
211.404,4.0032,8.3847,-3.9981
211.412,4.0032,8.3847,-3.9981
211.421,4.0032,8.3873,-3.9981
211.430,4.0032,8.3873,-3.9981
211.439,4.0032,8.3899,-3.9981
211.447,4.0032,8.3899,-3.9981
211.456,4.0032,8.3899,-3.9981
211.463,4.0032,8.3925,-3.9981
211.474,4.0032,8.3925,-3.9981
211.481,4.0032,8.3950,-3.9981
211.491,4.0032,8.3950,-3.9981
211.499,4.0032,8.3976,-3.9981
211.509,4.0032,8.3976,-3.9981
211.517,4.0032,8.3976,-3.9981
211.525,4.0032,8.4002,-3.9981
211.536,4.0032,8.4002,-3.9981
211.544,4.0032,8.4027,-3.9981
211.554,4.0032,8.4027,-3.9981
211.561,4.0032,8.4053,-3.9981
211.571,4.0032,8.4053,-3.9981
211.579,4.0032,8.4079,-3.9981
211.589,4.0032,8.4079,-3.9981
211.597,4.0032,8.4079,-3.9981
211.604,4.0032,8.4105,-3.9981
211.613,4.0032,8.4105,-3.9981
211.620,4.0032,8.4130,-3.9981
211.629,4.0032,8.4130,-3.9981
211.637,4.0032,8.4130,-3.9981
211.644,4.0032,8.4156,-3.9981
211.653,4.0032,8.4156,-3.9981
211.660,4.0032,8.4182,-3.9981
211.669,4.0032,8.4182,-3.9981
211.676,4.0032,8.4182,-3.9981
211.684,4.0032,8.4208,-3.9981
211.693,4.0032,8.4208,-3.9981
211.701,4.0032,8.4233,-3.9981
211.711,4.0032,8.4233,-3.9981
211.719,4.0032,8.4259,-3.9981
211.727,4.0032,8.4259,-3.9981
211.736,4.0032,8.4259,-3.9981
211.742,4.0032,8.4285,-3.9981
211.751,4.0032,8.4285,-3.9981
211.758,4.0032,8.4285,-3.9981
211.767,4.0032,8.4311,-3.9981
211.776,4.0032,8.4311,-3.9981
211.783,4.0032,8.4337,-3.9981
211.792,4.0032,8.4337,-3.9981
211.801,4.0032,8.4362,-3.9981
211.811,4.0032,8.4362,-3.9981
211.818,4.0032,8.4362,-3.9981
211.826,4.0032,8.4388,-3.9981
211.835,4.0032,8.4388,-3.9981
211.843,4.0032,8.4414,-3.9981
211.851,4.0032,8.4414,-3.9981
211.860,4.0032,8.4440,-3.9981
211.869,4.0032,8.4440,-3.9981
211.876,4.0032,8.4440,-3.9981
211.883,4.0032,8.4465,-3.9981
211.893,4.0032,8.4465,-3.9981
211.902,4.0032,8.4491,-3.9981
211.910,4.0032,8.4491,-3.9981
211.920,4.0032,8.4517,-3.9981
211.929,4.0032,8.4517,-3.9981
211.939,4.0032,8.4543,-3.9981
211.949,4.0032,8.4543,-3.9981
211.957,4.0032,8.4543,-3.9981
211.966,4.0032,8.4569,-3.9981
211.977,4.0032,8.4569,-3.9981
211.986,4.0032,8.4594,-3.9981
211.995,4.0032,8.4594,-3.9981
212.003,4.0032,8.4620,-3.9981
212.012,4.0032,8.4620,-3.9981
212.021,4.0032,8.4646,-3.9981
212.030,4.0032,8.4646,-3.9981
212.039,4.0032,8.4672,-3.9981
212.049,4.0032,8.4672,-3.9981
212.058,4.0032,8.4672,-3.9981
212.065,4.0032,8.4697,-3.9981
212.076,4.0032,8.4697,-3.9981
212.086,4.0032,8.4723,-3.9981
212.096,4.0032,8.4723,-3.9981
212.105,4.0032,8.4749,-3.9981
212.114,4.0032,8.4749,-3.9981
212.122,4.0032,8.4775,-3.9981
212.131,4.0032,8.4775,-3.9981
212.141,4.0032,8.4800,-3.9981
212.151,4.0032,8.4800,-3.9981
212.159,4.0032,8.4826,-3.9981
212.170,4.0032,8.4826,-3.9981
212.178,4.0032,8.4826,-3.9981
212.186,4.0032,8.4852,-3.9981
212.196,4.0032,8.4852,-3.9981
212.212,4.0032,8.4878,-3.9981
212.222,4.0032,8.4903,-3.9981
212.232,4.0032,8.4903,-3.9981
212.239,4.0032,8.4929,-3.9981
212.248,4.0032,8.4929,-3.9981
212.258,4.0032,8.4929,-3.9981
212.266,4.0032,8.4955,-3.9981
212.276,4.0032,8.4955,-3.9981
212.284,4.0032,8.4981,-3.9981
212.294,4.0032,8.4981,-3.9981
212.303,4.0032,8.5006,-3.9981
212.312,4.0032,8.5006,-3.9981
212.321,4.0032,8.5032,-3.9981
212.330,4.0032,8.5032,-3.9981
212.339,4.0032,8.5058,-3.9981
212.348,4.0032,8.5058,-3.9981
212.357,4.0032,8.5058,-3.9981
212.366,4.0032,8.5084,-3.9981
212.377,4.0032,8.5084,-3.9981
212.386,4.0032,8.5109,-3.9981
212.395,4.0032,8.5109,-3.9981
212.405,4.0032,8.5135,-3.9981
212.412,4.0032,8.5135,-3.9981
212.421,4.0032,8.5161,-3.9981
212.428,4.0032,8.5161,-3.9981
212.437,4.0032,8.5161,-3.9981
212.444,4.0032,8.5187,-3.9981
212.453,4.0032,8.5187,-3.9981
212.460,4.0032,8.5212,-3.9981
212.471,4.0032,8.5212,-3.9981
212.481,4.0032,8.5238,-3.9981
212.491,4.0032,8.5238,-3.9981
212.500,4.0032,8.5264,-3.9981
212.510,4.0032,8.5264,-3.9981
212.517,4.0032,8.5264,-3.9981
212.525,4.0032,8.5290,-3.9981
212.533,4.0032,8.5290,-3.9981
212.542,4.0032,8.5315,-3.9981
212.551,4.0032,8.5315,-3.9981
212.560,4.0032,8.5341,-3.9981
212.570,4.0032,8.5341,-3.9981
212.577,4.0032,8.5341,-3.9981
212.585,4.0032,8.5367,-3.9981
212.594,4.0032,8.5367,-3.9981
212.603,4.0032,8.5393,-3.9981
212.612,4.0032,8.5393,-3.9981
212.620,4.0032,8.5418,-3.9981
212.628,4.0032,8.5418,-3.9981
212.637,4.0032,8.5418,-3.9981
212.645,4.0032,8.5444,-3.9981
212.654,4.0032,8.5444,-3.9981
212.660,4.0032,8.5470,-3.9981
212.670,4.0032,8.5470,-3.9981
212.678,4.0032,8.5470,-3.9981
212.686,4.0032,8.5495,-3.9981
212.695,4.0032,8.5495,-3.9981
212.704,4.0032,8.5521,-3.9981
212.714,4.0032,8.5521,-3.9981
212.723,4.0032,8.5547,-3.9981
212.732,4.0032,8.5547,-3.9981
212.740,4.0032,8.5573,-3.9981
212.748,4.0032,8.5573,-3.9981
212.756,4.0032,8.5573,-3.9981
212.764,4.0032,8.5598,-3.9981
212.774,4.0032,8.5598,-3.9981
212.781,4.0032,8.5624,-3.9981
212.791,4.0032,8.5624,-3.9981
212.799,4.0032,8.5650,-3.9981
212.808,4.0032,8.5650,-3.9981
212.816,4.0032,8.5650,-3.9981
212.824,4.0032,8.5676,-3.9981
212.833,4.0032,8.5676,-3.9981
212.841,4.0032,8.5701,-3.9981
212.849,4.0032,8.5701,-3.9981
212.857,4.0032,8.5701,-3.9981
212.865,4.0032,8.5727,-3.9981
212.875,4.0032,8.5727,-3.9981
212.882,4.0032,8.5753,-3.9981
212.891,4.0032,8.5753,-3.9981
212.899,4.0032,8.5779,-3.9981
212.907,4.0032,8.5779,-3.9981
212.915,4.0032,8.5779,-3.9981
212.923,4.0032,8.5804,-3.9981
212.931,4.0032,8.5804,-3.9981
212.939,4.0032,8.5830,-3.9981
212.949,4.0032,8.5830,-3.9981
212.957,4.0032,8.5830,-3.9981
212.966,4.0032,8.5856,-3.9981
212.975,4.0032,8.5856,-3.9981
212.983,4.0032,8.5881,-3.9981
212.993,4.0032,8.5881,-3.9981
213.000,4.0032,8.5907,-3.9981
213.010,4.0032,8.5907,-3.9981
213.017,4.0032,8.5907,-3.9981
213.024,4.0032,8.5933,-3.9981
213.034,4.0032,8.5933,-3.9981
213.041,4.0032,8.5959,-3.9981
213.050,4.0032,8.5959,-3.9981
213.058,4.0032,8.5959,-3.9981
213.065,4.0032,8.5984,-3.9981
213.075,4.0032,8.5984,-3.9981
213.082,4.0032,8.6010,-3.9981
213.091,4.0032,8.6010,-3.9981
213.098,4.0032,8.6010,-3.9981
213.106,4.0032,8.6036,-3.9981
213.114,4.0032,8.6036,-3.9981
213.121,4.0032,8.6061,-3.9981
213.130,4.0032,8.6061,-3.9981
213.138,4.0032,8.6061,-3.9981
213.145,4.0032,8.6087,-3.9981
213.155,4.0032,8.6087,-3.9981
213.161,4.0032,8.6113,-3.9981
213.172,4.0032,8.6113,-3.9981
213.180,4.0032,8.6138,-3.9981
213.189,4.0032,8.6138,-3.9981
213.197,4.0032,8.6138,-3.9981
213.207,4.0032,8.6164,-3.9981
213.217,4.0032,8.6164,-3.9981
213.225,4.0032,8.6190,-3.9981
213.236,4.0032,8.6190,-3.9981
213.244,4.0032,8.6215,-3.9981
213.253,4.0032,8.6215,-3.9981
213.262,4.0032,8.6241,-3.9981
213.273,4.0032,8.6241,-3.9981
213.280,4.0032,8.6267,-3.9981
213.290,4.0032,8.6267,-3.9981
213.298,4.0032,8.6267,-3.9981
213.306,4.0032,8.6293,-3.9981
213.316,4.0032,8.6293,-3.9981
213.324,4.0032,8.6318,-3.9981
213.333,4.0032,8.6318,-3.9981
213.342,4.0032,8.6344,-3.9981
213.352,4.0032,8.6344,-3.9981
213.360,4.0032,8.6370,-3.9981
213.372,4.0032,8.6370,-3.9981
213.381,4.0032,8.6395,-3.9981
213.391,4.0032,8.6395,-3.9981
213.399,4.0032,8.6421,-3.9981
213.410,4.0032,8.6421,-3.9981
213.418,4.0032,8.6421,-3.9981
213.426,4.0032,8.6447,-3.9981
213.436,4.0032,8.6447,-3.9981
213.444,4.0032,8.6472,-3.9981
213.454,4.0032,8.6472,-3.9981
213.462,4.0032,8.6498,-3.9981
213.474,4.0032,8.6498,-3.9981
213.482,4.0032,8.6524,-3.9981
213.492,4.0032,8.6524,-3.9981
213.500,4.0032,8.6549,-3.9981
213.510,4.0032,8.6549,-3.9981
213.518,4.0032,8.6549,-3.9981
213.527,4.0032,8.6575,-3.9981
213.537,4.0032,8.6575,-3.9981
213.545,4.0032,8.6601,-3.9981
213.556,4.0032,8.6601,-3.9981
213.564,4.0032,8.6627,-3.9981
213.576,4.0032,8.6627,-3.9981
213.584,4.0032,8.6652,-3.9981
213.594,4.0032,8.6652,-3.9981
213.603,4.0032,8.6678,-3.9981
213.612,4.0032,8.6678,-3.9981
213.623,4.0032,8.6704,-3.9981
213.632,4.0032,8.6704,-3.9981
213.642,4.0032,8.6729,-3.9981
213.653,4.0032,8.6729,-3.9981
213.660,4.0032,8.6755,-3.9981
213.672,4.0032,8.6755,-3.9981
213.679,4.0032,8.6781,-3.9981
213.689,4.0032,8.6781,-3.9981
213.697,4.0032,8.6781,-3.9981
213.705,4.0032,8.6806,-3.9981
213.715,4.0032,8.6806,-3.9981
213.723,4.0032,8.6832,-3.9981
213.732,4.0032,8.6832,-3.9981
213.740,4.0032,8.6858,-3.9981
213.749,4.0032,8.6858,-3.9981
213.756,4.0032,8.6858,-3.9981
213.763,4.0032,8.6884,-3.9981
213.774,4.0032,8.6884,-3.9981
213.780,4.0032,8.6909,-3.9981
213.790,4.0032,8.6909,-3.9981
213.798,4.0032,8.6909,-3.9981
213.806,4.0032,8.6935,-3.9981
213.813,4.0032,8.6935,-3.9981
213.822,4.0032,8.6961,-3.9981
213.830,4.0032,8.6961,-3.9981
213.838,4.0032,8.6961,-3.9981
213.845,4.0032,8.6986,-3.9981
213.856,4.0032,8.6986,-3.9981
213.863,4.0032,8.7012,-3.9981
213.872,4.0032,8.7012,-3.9981
213.880,4.0032,8.7038,-3.9981
213.890,4.0032,8.7038,-3.9981
213.897,4.0032,8.7038,-3.9981
213.906,4.0032,8.7063,-3.9981
213.915,4.0032,8.7063,-3.9981
213.923,4.0032,8.7089,-3.9981
213.932,4.0032,8.7089,-3.9981
213.941,4.0032,8.7115,-3.9981
213.948,4.0032,8.7115,-3.9981
213.955,4.0032,8.7115,-3.9981
213.963,4.0032,8.7141,-3.9981
213.971,4.0032,8.7141,-3.9981
213.978,4.0032,8.7141,-3.9981
213.987,4.0032,8.7166,-3.9981
213.996,4.0032,8.7166,-3.9981
214.005,4.0032,8.7192,-3.9981
214.014,4.0032,8.7192,-3.9981
214.021,4.0032,8.7218,-3.9981
214.030,4.0032,8.7218,-3.9981
214.038,4.0032,8.7218,-3.9981
214.046,4.0032,8.7244,-3.9981
214.055,4.0032,8.7244,-3.9981
214.062,4.0032,8.7269,-3.9981
214.072,4.0032,8.7269,-3.9981
214.079,4.0032,8.7295,-3.9981
214.088,4.0032,8.7295,-3.9981
214.096,4.0032,8.7295,-3.9981
214.104,4.0032,8.7321,-3.9981
214.114,4.0032,8.7321,-3.9981
214.120,4.0032,8.7347,-3.9981
214.129,4.0032,8.7347,-3.9981
214.137,4.0032,8.7347,-3.9981
214.145,4.0032,8.7372,-3.9981
214.153,4.0032,8.7372,-3.9981
214.161,4.0032,8.7398,-3.9981
214.170,4.0032,8.7398,-3.9981
214.179,4.0032,8.7424,-3.9981
214.188,4.0032,8.7424,-3.9981
214.196,4.0032,8.7424,-3.9981
214.204,4.0032,8.7450,-3.9981
214.213,4.0032,8.7450,-3.9981
214.222,4.0032,8.7475,-3.9981
214.230,4.0032,8.7475,-3.9981
214.239,4.0032,8.7501,-3.9981
214.248,4.0032,8.7501,-3.9981
214.257,4.0032,8.7501,-3.9981
214.263,4.0032,8.7527,-3.9981
214.274,4.0032,8.7527,-3.9981
214.281,4.0032,8.7553,-3.9981
214.290,4.0032,8.7553,-3.9981
214.298,4.0032,8.7553,-3.9981
214.306,4.0032,8.7578,-3.9981
214.315,4.0032,8.7578,-3.9981
214.323,4.0032,8.7604,-3.9981
214.331,4.0032,8.7604,-3.9981
214.339,4.0032,8.7630,-3.9981
214.349,4.0032,8.7630,-3.9981
214.355,4.0032,8.7630,-3.9981
214.364,4.0032,8.7656,-3.9981
214.373,4.0032,8.7656,-3.9981
214.382,4.0032,8.7681,-3.9981
214.399,4.0032,8.7707,-3.9981
214.410,4.0032,8.7707,-3.9981
214.417,4.0032,8.7707,-3.9981
214.425,4.0032,8.7733,-3.9981
214.435,4.0032,8.7733,-3.9981
214.443,4.0032,8.7759,-3.9981
214.452,4.0032,8.7759,-3.9981
214.460,4.0032,8.7784,-3.9981
214.470,4.0032,8.7784,-3.9981
214.477,4.0032,8.7784,-3.9981
214.486,4.0032,8.7810,-3.9981
214.496,4.0032,8.7810,-3.9981
214.504,4.0032,8.7836,-3.9981
214.514,4.0032,8.7836,-3.9981
214.523,4.0032,8.7862,-3.9981
214.533,4.0032,8.7862,-3.9981
214.541,4.0032,8.7887,-3.9981
214.551,4.0032,8.7887,-3.9981
214.559,4.0032,8.7913,-3.9981
214.569,4.0032,8.7913,-3.9981
214.578,4.0032,8.7913,-3.9981
214.586,4.0032,8.7939,-3.9981
214.596,4.0032,8.7939,-3.9981
214.604,4.0032,8.7965,-3.9981
214.614,4.0032,8.7965,-3.9981
214.622,4.0032,8.7990,-3.9981
214.632,4.0032,8.7990,-3.9981
214.641,4.0032,8.8016,-3.9981
214.651,4.0032,8.8016,-3.9981
214.660,4.0032,8.8042,-3.9981
214.670,4.0032,8.8042,-3.9981
214.679,4.0032,8.8067,-3.9981
214.688,4.0032,8.8067,-3.9981
214.695,4.0032,8.8067,-3.9981
214.706,4.0032,8.8093,-3.9981
214.713,4.0032,8.8093,-3.9981
214.722,4.0032,8.8119,-3.9981
214.730,4.0032,8.8119,-3.9981
214.740,4.0032,8.8145,-3.9981
214.748,4.0032,8.8145,-3.9981
214.756,4.0032,8.8145,-3.9981
214.765,4.0032,8.8170,-3.9981
214.774,4.0032,8.8170,-3.9981
214.782,4.0032,8.8196,-3.9981
214.791,4.0032,8.8196,-3.9981
214.800,4.0032,8.8222,-3.9981
214.809,4.0032,8.8222,-3.9981
214.819,4.0032,8.8247,-3.9981
214.828,4.0032,8.8247,-3.9981
214.836,4.0032,8.8247,-3.9981
214.845,4.0032,8.8273,-3.9981
214.854,4.0032,8.8273,-3.9981
214.864,4.0032,8.8299,-3.9981
214.874,4.0032,8.8299,-3.9981
214.882,4.0032,8.8325,-3.9981
214.892,4.0032,8.8325,-3.9981
214.900,4.0032,8.8350,-3.9981
214.910,4.0032,8.8350,-3.9981
214.918,4.0032,8.8350,-3.9981
214.926,4.0032,8.8376,-3.9981
214.934,4.0032,8.8376,-3.9981
214.943,4.0032,8.8402,-3.9981
214.953,4.0032,8.8402,-3.9981
214.960,4.0032,8.8427,-3.9981
214.970,4.0032,8.8427,-3.9981
214.978,4.0032,8.8427,-3.9981
214.986,4.0032,8.8453,-3.9981
214.994,4.0032,8.8453,-3.9981
215.003,4.0032,8.8479,-3.9981
215.012,4.0032,8.8479,-3.9981
215.019,4.0032,8.8505,-3.9981
215.027,4.0032,8.8505,-3.9981
215.036,4.0032,8.8505,-3.9981
215.044,4.0032,8.8530,-3.9981
215.053,4.0032,8.8530,-3.9981
215.061,4.0032,8.8556,-3.9981
215.070,4.0032,8.8556,-3.9981
215.077,4.0032,8.8556,-3.9981
215.085,4.0032,8.8581,-3.9981
215.094,4.0032,8.8581,-3.9981
215.104,4.0032,8.8607,-3.9981
215.112,4.0032,8.8607,-3.9981
215.121,4.0032,8.8633,-3.9981
215.130,4.0032,8.8633,-3.9981
215.138,4.0032,8.8658,-3.9981
215.146,4.0032,8.8658,-3.9981
215.155,4.0032,8.8658,-3.9981
215.162,4.0032,8.8684,-3.9981
215.171,4.0032,8.8684,-3.9981
215.178,4.0032,8.8684,-3.9981
215.185,4.0032,8.8710,-3.9981
215.195,4.0032,8.8710,-3.9981
215.203,4.0032,8.8735,-3.9981
215.212,4.0032,8.8735,-3.9981
215.221,4.0032,8.8761,-3.9981
215.228,4.0032,8.8761,-3.9981
215.237,4.0032,8.8761,-3.9981
215.244,4.0032,8.8787,-3.9981
215.252,4.0032,8.8787,-3.9981
215.259,4.0032,8.8812,-3.9981
215.268,4.0032,8.8812,-3.9981
215.276,4.0032,8.8812,-3.9981
215.285,4.0032,8.8838,-3.9981
215.294,4.0032,8.8838,-3.9981
215.302,4.0032,8.8864,-3.9981
215.311,4.0032,8.8864,-3.9981
215.319,4.0032,8.8889,-3.9981
215.327,4.0032,8.8889,-3.9981
215.336,4.0032,8.8889,-3.9981
215.344,4.0032,8.8915,-3.9981
215.352,4.0032,8.8915,-3.9981
215.360,4.0032,8.8941,-3.9981
215.369,4.0032,8.8941,-3.9981
215.376,4.0032,8.8941,-3.9981
215.385,4.0032,8.8966,-3.9981
215.395,4.0032,8.8966,-3.9981
215.404,4.0032,8.8992,-3.9981
215.413,4.0032,8.8992,-3.9981
215.420,4.0032,8.9018,-3.9981
215.430,4.0032,8.9018,-3.9981
215.438,4.0032,8.9018,-3.9981
215.445,4.0032,8.9043,-3.9981
215.454,4.0032,8.9043,-3.9981
215.463,4.0032,8.9069,-3.9981
215.473,4.0032,8.9069,-3.9981
215.480,4.0032,8.9095,-3.9981
215.490,4.0032,8.9095,-3.9981
215.497,4.0032,8.9095,-3.9981
215.505,4.0032,8.9120,-3.9981
215.514,4.0032,8.9120,-3.9981
215.522,4.0032,8.9146,-3.9981
215.530,4.0032,8.9146,-3.9981
215.539,4.0032,8.9172,-3.9981
215.546,4.0032,8.9172,-3.9981
215.555,4.0032,8.9172,-3.9981
215.561,4.0032,8.9197,-3.9981
215.571,4.0032,8.9197,-3.9981
215.579,4.0032,8.9223,-3.9981
215.589,4.0032,8.9223,-3.9981
215.596,4.0032,8.9223,-3.9981
215.607,4.0032,8.9249,-3.9981
215.617,4.0032,8.9249,-3.9981
215.625,4.0032,8.9274,-3.9981
215.634,4.0032,8.9274,-3.9981
215.642,4.0032,8.9300,-3.9981
215.650,4.0032,8.9300,-3.9981
215.657,4.0032,8.9300,-3.9981
215.667,4.0032,8.9325,-3.9981
215.676,4.0032,8.9325,-3.9981
215.684,4.0032,8.9351,-3.9981
215.693,4.0032,8.9351,-3.9981
215.702,4.0032,8.9377,-3.9981
215.711,4.0032,8.9377,-3.9981
215.721,4.0032,8.9402,-3.9981
215.729,4.0032,8.9402,-3.9981
215.738,4.0032,8.9402,-3.9981
215.745,4.0032,8.9428,-3.9981
215.755,4.0032,8.9428,-3.9981
215.762,4.0032,8.9453,-3.9981
215.772,4.0032,8.9453,-3.9981
215.779,4.0032,8.9479,-3.9981
215.788,4.0032,8.9479,-3.9981
215.796,4.0032,8.9479,-3.9981
215.805,4.0032,8.9505,-3.9981
215.814,4.0032,8.9505,-3.9981
215.822,4.0032,8.9530,-3.9981
215.831,4.0032,8.9530,-3.9981
215.839,4.0032,8.9556,-3.9981
215.848,4.0032,8.9556,-3.9981
215.857,4.0032,8.9556,-3.9981
215.865,4.0032,8.9581,-3.9981
215.875,4.0032,8.9581,-3.9981
215.885,4.0032,8.9607,-3.9981
215.894,4.0032,8.9607,-3.9981
215.903,4.0032,8.9632,-3.9981
215.912,4.0032,8.9632,-3.9981
215.921,4.0032,8.9658,-3.9981
215.930,4.0032,8.9658,-3.9981
215.938,4.0032,8.9658,-3.9981
215.946,4.0032,8.9684,-3.9981
215.956,4.0032,8.9684,-3.9981
215.965,4.0032,8.9709,-3.9981
215.975,4.0032,8.9709,-3.9981
215.982,4.0032,8.9735,-3.9981
215.992,4.0032,8.9735,-3.9981
216.000,4.0032,8.9760,-3.9981
216.010,4.0032,8.9760,-3.9981
216.018,4.0032,8.9786,-3.9981
216.027,4.0032,8.9786,-3.9981
216.037,4.0032,8.9786,-3.9981
216.045,4.0032,8.9811,-3.9981
216.054,4.0032,8.9811,-3.9981
216.062,4.0032,8.9837,-3.9981
216.072,4.0032,8.9837,-3.9981
216.079,4.0032,8.9862,-3.9981
216.089,4.0032,8.9862,-3.9981
216.097,4.0032,8.9862,-3.9981
216.105,4.0032,8.9888,-3.9981
216.115,4.0032,8.9888,-3.9981
216.123,4.0032,8.9914,-3.9981
216.134,4.0032,8.9914,-3.9981
216.142,4.0032,8.9939,-3.9981
216.152,4.0032,8.9939,-3.9981
216.161,4.0032,8.9965,-3.9981
216.171,4.0032,8.9965,-3.9981
216.179,4.0032,8.9990,-3.9981
216.190,4.0032,8.9990,-3.9981
216.197,4.0032,8.9990,-3.9981
216.206,4.0032,9.0016,-3.9981
216.215,4.0032,9.0016,-3.9981
216.224,4.0032,9.0041,-3.9981
216.233,4.0032,9.0041,-3.9981
216.242,4.0032,9.0067,-3.9981
216.251,4.0032,9.0067,-3.9981
216.259,4.0032,9.0092,-3.9981
216.269,4.0032,9.0092,-3.9981
216.277,4.0032,9.0092,-3.9981
216.286,4.0032,9.0118,-3.9981
216.295,4.0032,9.0118,-3.9981
216.303,4.0032,9.0143,-3.9981
216.311,4.0032,9.0143,-3.9981
216.320,4.0032,9.0169,-3.9981
216.328,4.0032,9.0169,-3.9981
216.339,4.0032,9.0194,-3.9981
216.348,4.0032,9.0194,-3.9981
216.356,4.0032,9.0194,-3.9981
216.364,4.0032,9.0220,-3.9981
216.373,4.0032,9.0220,-3.9981
216.381,4.0032,9.0245,-3.9981
216.389,4.0032,9.0245,-3.9981
216.397,4.0032,9.0245,-3.9981
216.405,4.0032,9.0271,-3.9981
216.414,4.0032,9.0271,-3.9981
216.421,4.0032,9.0296,-3.9981
216.430,4.0032,9.0296,-3.9981
216.438,4.0032,9.0296,-3.9981
216.445,4.0032,9.0322,-3.9981
216.455,4.0032,9.0322,-3.9981
216.463,4.0032,9.0348,-3.9981
216.472,4.0032,9.0348,-3.9981
216.480,4.0032,9.0373,-3.9981
216.490,4.0032,9.0373,-3.9981
216.497,4.0032,9.0373,-3.9981
216.506,4.0032,9.0399,-3.9981
216.514,4.0032,9.0399,-3.9981
216.522,4.0032,9.0424,-3.9981
216.531,4.0032,9.0424,-3.9981
216.538,4.0032,9.0450,-3.9981
216.546,4.0032,9.0450,-3.9981
216.554,4.0032,9.0450,-3.9981
216.562,4.0032,9.0475,-3.9981
216.572,4.0032,9.0475,-3.9981
216.580,4.0032,9.0501,-3.9981
216.590,4.0032,9.0501,-3.9981
216.609,4.0032,9.0526,-3.9981
216.621,4.0032,9.0552,-3.9981
216.631,4.0032,9.0552,-3.9981
216.640,4.0032,9.0577,-3.9981
216.648,4.0032,9.0577,-3.9981
216.656,4.0032,9.0577,-3.9981
216.665,4.0032,9.0603,-3.9981
216.675,4.0032,9.0603,-3.9981
216.683,4.0032,9.0628,-3.9981
216.692,4.0032,9.0628,-3.9981
216.702,4.0032,9.0654,-3.9981
216.711,4.0032,9.0654,-3.9981
216.719,4.0032,9.0679,-3.9981
216.727,4.0032,9.0679,-3.9981
216.736,4.0032,9.0679,-3.9981
216.744,4.0032,9.0705,-3.9981
216.754,4.0032,9.0705,-3.9981
216.762,4.0032,9.0731,-3.9981
216.772,4.0032,9.0731,-3.9981
216.779,4.0032,9.0756,-3.9981
216.788,4.0032,9.0756,-3.9981
216.796,4.0032,9.0756,-3.9981
216.805,4.0032,9.0782,-3.9981
216.813,4.0032,9.0782,-3.9981
216.821,4.0032,9.0807,-3.9981
216.828,4.0032,9.0807,-3.9981
216.837,4.0032,9.0807,-3.9981
216.844,4.0032,9.0833,-3.9981
216.852,4.0032,9.0833,-3.9981
216.860,4.0032,9.0858,-3.9981
216.869,4.0032,9.0858,-3.9981
216.876,4.0032,9.0858,-3.9981
216.884,4.0032,9.0884,-3.9981
216.892,4.0032,9.0884,-3.9981
216.900,4.0032,9.0909,-3.9981
216.910,4.0032,9.0909,-3.9981
216.917,4.0032,9.0909,-3.9981
216.924,4.0032,9.0935,-3.9981
216.933,4.0032,9.0935,-3.9981
216.942,4.0032,9.0961,-3.9981
216.951,4.0032,9.0961,-3.9981
216.959,4.0032,9.0986,-3.9981
216.968,4.0032,9.0986,-3.9981
216.977,4.0032,9.0986,-3.9981
216.984,4.0032,9.1012,-3.9981
216.994,4.0032,9.1012,-3.9981
217.003,4.0032,9.1037,-3.9981
217.012,4.0032,9.1037,-3.9981
217.020,4.0032,9.1063,-3.9981
217.029,4.0032,9.1063,-3.9981
217.038,4.0032,9.1063,-3.9981
217.045,4.0032,9.1089,-3.9981
217.055,4.0032,9.1089,-3.9981
217.063,4.0032,9.1114,-3.9981
217.073,4.0032,9.1114,-3.9981
217.082,4.0032,9.1140,-3.9981
217.092,4.0032,9.1140,-3.9981
217.100,4.0032,9.1165,-3.9981
217.109,4.0032,9.1165,-3.9981
217.117,4.0032,9.1165,-3.9981
217.126,4.0032,9.1191,-3.9981
217.136,4.0032,9.1191,-3.9981
217.143,4.0032,9.1217,-3.9981
217.154,4.0032,9.1217,-3.9981
217.162,4.0032,9.1242,-3.9981
217.172,4.0032,9.1242,-3.9981
217.179,4.0032,9.1268,-3.9981
217.188,4.0032,9.1268,-3.9981
217.195,4.0032,9.1268,-3.9981
217.204,4.0032,9.1294,-3.9981
217.213,4.0032,9.1294,-3.9981
217.222,4.0032,9.1319,-3.9981
217.231,4.0032,9.1319,-3.9981
217.240,4.0032,9.1345,-3.9981
217.249,4.0032,9.1345,-3.9981
217.256,4.0032,9.1345,-3.9981
217.264,4.0032,9.1370,-3.9981
217.274,4.0032,9.1370,-3.9981
217.281,4.0032,9.1396,-3.9981
217.289,4.0032,9.1396,-3.9981
217.298,4.0032,9.1396,-3.9981
217.306,4.0032,9.1422,-3.9981
217.314,4.0032,9.1422,-3.9981
217.322,4.0032,9.1447,-3.9981
217.332,4.0032,9.1447,-3.9981
217.340,4.0032,9.1473,-3.9981
217.348,4.0032,9.1473,-3.9981
217.356,4.0032,9.1473,-3.9981
217.365,4.0032,9.1499,-3.9981
217.374,4.0032,9.1499,-3.9981
217.382,4.0032,9.1524,-3.9981
217.393,4.0032,9.1524,-3.9981
217.403,4.0032,9.1550,-3.9981
217.413,4.0032,9.1550,-3.9981
217.421,4.0032,9.1575,-3.9981
217.431,4.0032,9.1575,-3.9981
217.440,4.0032,9.1601,-3.9981
217.449,4.0032,9.1601,-3.9981
217.457,4.0032,9.1601,-3.9981
217.463,4.0032,9.1627,-3.9981
217.473,4.0032,9.1627,-3.9981
217.480,4.0032,9.1652,-3.9981
217.490,4.0032,9.1652,-3.9981
217.498,4.0032,9.1652,-3.9981
217.506,4.0032,9.1678,-3.9981
217.514,4.0032,9.1678,-3.9981
217.522,4.0032,9.1704,-3.9981
217.530,4.0032,9.1704,-3.9981
217.539,4.0032,9.1729,-3.9981
217.547,4.0032,9.1729,-3.9981
217.555,4.0032,9.1729,-3.9981
217.562,4.0032,9.1755,-3.9981
217.573,4.0032,9.1755,-3.9981
217.581,4.0032,9.1781,-3.9981
217.589,4.0032,9.1781,-3.9981
217.597,4.0032,9.1781,-3.9981
217.606,4.0032,9.1806,-3.9981
217.615,4.0032,9.1806,-3.9981
217.624,4.0032,9.1832,-3.9981
217.634,4.0032,9.1832,-3.9981
217.643,4.0032,9.1857,-3.9981
217.652,4.0032,9.1857,-3.9981
217.659,4.0032,9.1883,-3.9981
217.669,4.0032,9.1883,-3.9981
217.677,4.0032,9.1883,-3.9981
217.684,4.0032,9.1909,-3.9981
217.692,4.0032,9.1909,-3.9981
217.700,4.0032,9.1934,-3.9981
217.709,4.0032,9.1934,-3.9981
217.717,4.0032,9.1934,-3.9981
217.725,4.0032,9.1960,-3.9981
217.734,4.0032,9.1960,-3.9981
217.742,4.0032,9.1986,-3.9981
217.750,4.0032,9.1986,-3.9981
217.759,4.0032,9.2011,-3.9981
217.769,4.0032,9.2011,-3.9981
217.777,4.0032,9.2011,-3.9981
217.784,4.0032,9.2037,-3.9981
217.793,4.0032,9.2037,-3.9981
217.802,4.0032,9.2063,-3.9981
217.811,4.0032,9.2063,-3.9981
217.820,4.0032,9.2088,-3.9981
217.829,4.0032,9.2088,-3.9981
217.838,4.0032,9.2088,-3.9981
217.845,4.0032,9.2114,-3.9981
217.855,4.0032,9.2114,-3.9981
217.862,4.0032,9.2140,-3.9981
217.872,4.0032,9.2140,-3.9981
217.880,4.0032,9.2165,-3.9981
217.889,4.0032,9.2165,-3.9981
217.897,4.0032,9.2165,-3.9981
217.904,4.0032,9.2191,-3.9981
217.913,4.0032,9.2191,-3.9981
217.921,4.0032,9.2217,-3.9981
217.929,4.0032,9.2217,-3.9981
217.938,4.0032,9.2217,-3.9981
217.946,4.0032,9.2242,-3.9981
217.955,4.0032,9.2242,-3.9981
217.962,4.0032,9.2268,-3.9981
217.972,4.0032,9.2268,-3.9981
217.979,4.0032,9.2294,-3.9981
217.989,4.0032,9.2294,-3.9981
217.996,4.0032,9.2294,-3.9981
218.006,4.0032,9.2319,-3.9981
218.015,4.0032,9.2319,-3.9981
218.023,4.0032,9.2345,-3.9981
218.033,4.0032,9.2345,-3.9981
218.041,4.0032,9.2370,-3.9981
218.050,4.0032,9.2370,-3.9981
218.057,4.0032,9.2370,-3.9981
218.066,4.0032,9.2396,-3.9981
218.075,4.0032,9.2396,-3.9981
218.083,4.0032,9.2422,-3.9981
218.092,4.0032,9.2422,-3.9981
218.101,4.0032,9.2447,-3.9981
218.110,4.0032,9.2447,-3.9981
218.118,4.0032,9.2447,-3.9981
218.126,4.0032,9.2473,-3.9981
218.137,4.0032,9.2473,-3.9981
218.145,4.0032,9.2499,-3.9981
218.154,4.0032,9.2499,-3.9981
218.162,4.0032,9.2524,-3.9981
218.171,4.0032,9.2524,-3.9981
218.180,4.0032,9.2550,-3.9981
218.190,4.0032,9.2550,-3.9981
218.198,4.0032,9.2550,-3.9981
218.207,4.0032,9.2575,-3.9981
218.216,4.0032,9.2575,-3.9981
218.225,4.0032,9.2601,-3.9981
218.234,4.0032,9.2601,-3.9981
218.243,4.0032,9.2627,-3.9981
218.252,4.0032,9.2627,-3.9981
218.261,4.0032,9.2652,-3.9981
218.273,4.0032,9.2652,-3.9981
218.280,4.0032,9.2678,-3.9981
218.291,4.0032,9.2678,-3.9981
218.300,4.0032,9.2704,-3.9981
218.311,4.0032,9.2704,-3.9981
218.320,4.0032,9.2729,-3.9981
218.330,4.0032,9.2729,-3.9981
218.339,4.0032,9.2755,-3.9981
218.348,4.0032,9.2755,-3.9981
218.357,4.0032,9.2755,-3.9981
218.365,4.0032,9.2780,-3.9981
218.375,4.0032,9.2780,-3.9981
218.384,4.0032,9.2806,-3.9981
218.394,4.0032,9.2806,-3.9981
218.404,4.0032,9.2832,-3.9981
218.414,4.0032,9.2832,-3.9981
218.422,4.0032,9.2857,-3.9981
218.432,4.0032,9.2857,-3.9981
218.440,4.0032,9.2883,-3.9981
218.450,4.0032,9.2883,-3.9981
218.458,4.0032,9.2908,-3.9981
218.468,4.0032,9.2908,-3.9981
218.477,4.0032,9.2908,-3.9981
218.486,4.0032,9.2934,-3.9981
218.496,4.0032,9.2934,-3.9981
218.505,4.0032,9.2960,-3.9981
218.514,4.0032,9.2960,-3.9981
218.522,4.0032,9.2985,-3.9981
218.532,4.0032,9.2985,-3.9981
218.541,4.0032,9.3011,-3.9981
218.550,4.0032,9.3011,-3.9981
218.558,4.0032,9.3036,-3.9981
218.569,4.0032,9.3036,-3.9981
218.577,4.0032,9.3036,-3.9981
218.587,4.0032,9.3062,-3.9981
218.597,4.0032,9.3062,-3.9981
218.606,4.0032,9.3087,-3.9981
218.615,4.0032,9.3087,-3.9981
218.623,4.0032,9.3113,-3.9981
218.634,4.0032,9.3113,-3.9981
218.643,4.0032,9.3139,-3.9981
218.653,4.0032,9.3139,-3.9981
218.662,4.0032,9.3164,-3.9981
218.671,4.0032,9.3164,-3.9981
218.679,4.0032,9.3190,-3.9981
218.690,4.0032,9.3190,-3.9981
218.697,4.0032,9.3190,-3.9981
218.706,4.0032,9.3215,-3.9981
218.714,4.0032,9.3215,-3.9981
218.722,4.0032,9.3241,-3.9981
218.731,4.0032,9.3241,-3.9981
218.740,4.0032,9.3267,-3.9981
218.748,4.0032,9.3267,-3.9981
218.757,4.0032,9.3267,-3.9981
218.764,4.0032,9.3292,-3.9981
218.773,4.0032,9.3292,-3.9981
218.780,4.0032,9.3318,-3.9981
218.790,4.0032,9.3318,-3.9981
218.796,4.0032,9.3318,-3.9981
218.806,4.0032,9.3343,-3.9981
218.814,4.0032,9.3343,-3.9981
218.823,4.0032,9.3369,-3.9981
218.838,4.0032,9.3369,-3.9981
218.846,4.0032,9.3394,-3.9981
218.855,4.0032,9.3394,-3.9981
218.861,4.0032,9.3420,-3.9981
218.871,4.0032,9.3420,-3.9981
218.878,4.0032,9.3420,-3.9981
218.886,4.0032,9.3445,-3.9981
218.894,4.0032,9.3445,-3.9981
218.905,4.0032,9.3471,-3.9981
218.913,4.0032,9.3471,-3.9981
218.920,4.0032,9.3497,-3.9981
218.929,4.0032,9.3497,-3.9981
218.937,4.0032,9.3497,-3.9981
218.945,4.0032,9.3522,-3.9981
218.953,4.0032,9.3522,-3.9981
218.961,4.0032,9.3548,-3.9981
218.971,4.0032,9.3548,-3.9981
218.979,4.0032,9.3573,-3.9981
218.987,4.0032,9.3573,-3.9981
218.995,4.0032,9.3573,-3.9981
219.004,4.0032,9.3599,-3.9981
219.013,4.0032,9.3599,-3.9981
219.022,4.0032,9.3624,-3.9981
219.030,4.0032,9.3624,-3.9981
219.038,4.0032,9.3624,-3.9981
219.045,4.0032,9.3640,-3.9981
219.054,4.0032,9.3640,-3.9981
219.060,4.0032,9.3640,-3.9981
219.070,4.0032,9.3640,-3.9981
219.077,4.0032,9.3640,-3.9981
219.085,4.0032,9.3640,-3.9981
219.093,4.0032,9.3640,-3.9981
219.102,4.0032,9.3640,-3.9981
219.111,4.0032,9.3640,-3.9981
219.119,4.0032,9.3640,-3.9981
219.128,4.0032,9.3640,-3.9981
219.137,4.0032,9.3640,-3.9981
219.144,4.0032,9.3640,-3.9981
219.152,4.0032,9.3640,-3.9981
219.159,4.0032,9.3640,-3.9981
219.166,4.0032,9.3640,-3.9981
219.173,4.0032,9.3640,-3.9981
219.181,4.0032,9.3640,-3.9981
219.189,4.0032,9.3640,-3.9981
219.197,4.0032,9.3640,-3.9981
219.205,4.0032,9.3640,-3.9981
219.214,4.0032,9.3640,-3.9981
219.222,4.0032,9.3640,-3.9981
219.231,4.0032,9.3640,-3.9981
219.240,4.0032,9.3640,-3.9981
219.247,4.0032,9.3640,-3.9981
219.256,4.0032,9.3640,-3.9981
219.263,4.0032,9.3640,-3.9981
219.272,4.0032,9.3640,-3.9981
219.280,4.0032,9.3640,-3.9981
219.289,4.0032,9.3640,-3.9981
219.296,4.0032,9.3640,-3.9981
219.304,4.0032,9.3640,-3.9981
219.313,4.0032,9.3640,-3.9981
219.321,4.0032,9.3640,-3.9981
219.330,4.0032,9.3640,-3.9981
219.339,4.0032,9.3640,-3.9981
219.347,4.0032,9.3640,-3.9981
219.355,4.0032,9.3640,-3.9981
219.362,4.0032,9.3640,-3.9981
219.372,4.0032,9.3640,-3.9981
219.379,4.0032,9.3640,-3.9981
219.387,4.0032,9.3640,-3.9981
219.395,4.0032,9.3640,-3.9981
219.404,4.0032,9.3640,-3.9981
219.413,4.0032,9.3640,-3.9981
219.421,4.0032,9.3640,-3.9981
219.429,4.0032,9.3640,-3.9981
219.437,4.0032,9.3640,-3.9981
219.446,4.0032,9.3640,-3.9981
219.454,4.0032,9.3640,-3.9981
219.462,4.0032,9.3640,-3.9981
219.472,4.0032,9.3640,-3.9981
219.479,4.0032,9.3640,-3.9981
219.490,4.0032,9.3640,-3.9981
219.497,4.0032,9.3640,-3.9981
219.507,4.0032,9.3640,-3.9981
219.515,4.0032,9.3640,-3.9981
219.523,4.0032,9.3640,-3.9981
219.531,4.0032,9.3640,-3.9981
219.541,4.0032,9.3640,-3.9981
219.549,4.0032,9.3640,-3.9981
219.557,4.0032,9.3640,-3.9981
219.565,4.0032,9.3640,-3.9981
219.575,4.0032,9.3640,-3.9981
219.582,4.0032,9.3640,-3.9981
219.591,4.0032,9.3640,-3.9981
219.601,4.0032,9.3640,-3.9981
219.610,4.0032,9.3640,-3.9981
219.620,4.0032,9.3640,-3.9981
219.631,4.0032,9.3640,-3.9981
219.639,4.0032,9.3640,-3.9981
219.648,4.0032,9.3640,-3.9981
219.656,4.0032,9.3640,-3.9981
219.666,4.0032,9.3640,-3.9981
219.675,4.0032,9.3640,-3.9981
219.683,4.0032,9.3640,-3.9981
219.691,4.0032,9.3640,-3.9981
219.699,4.0032,9.3640,-3.9981
219.710,4.0032,9.3640,-3.9981
219.717,4.0032,9.3640,-3.9981
219.727,4.0032,9.3640,-3.9981
219.735,4.0032,9.3640,-3.9981
219.743,4.0032,9.3640,-3.9981
219.751,4.0032,9.3640,-3.9981
219.760,4.0032,9.3640,-3.9981
219.770,4.0032,9.3640,-3.9981
219.777,4.0032,9.3640,-3.9981
219.786,4.0032,9.3640,-3.9981
219.794,4.0032,9.3640,-3.9981
219.804,4.0032,9.3640,-3.9981
219.812,4.0032,9.3640,-3.9981
219.820,4.0032,9.3640,-3.9981
219.829,4.0032,9.3640,-3.9981
219.838,4.0032,9.3640,-3.9981
219.845,4.0032,9.3640,-3.9981
219.855,4.0032,9.3640,-3.9981
219.862,4.0032,9.3640,-3.9981
219.871,4.0032,9.3640,-3.9981
219.879,4.0032,9.3640,-3.9981
219.888,4.0032,9.3640,-3.9981
219.897,4.0032,9.3640,-3.9981
219.906,4.0032,9.3640,-3.9981
219.915,4.0032,9.3640,-3.9981
219.923,4.0032,9.3640,-3.9981
219.933,4.0032,9.3640,-3.9981
219.941,4.0032,9.3640,-3.9981
219.949,4.0032,9.3640,-3.9981
219.957,4.0032,9.3640,-3.9981
219.964,4.0032,9.3640,-3.9981
219.973,4.0032,9.3640,-3.9981
219.980,4.0032,9.3640,-3.9981
219.988,4.0032,9.3640,-3.9981
219.995,4.0032,9.3640,-3.9981
220.004,4.0032,9.3640,-3.9981
220.012,4.0032,9.3640,-3.9981
220.021,4.0032,9.3640,-3.9981
220.029,4.0032,9.3640,-3.9981
220.037,4.0032,9.3640,-3.9981
220.044,4.0032,9.3640,-3.9981
220.053,4.0032,9.3640,-3.9981
220.060,4.0032,9.3640,-3.9981
220.068,4.0032,9.3640,-3.9981
220.076,4.0032,9.3640,-3.9981
220.084,4.0032,9.3640,-3.9981
220.091,4.0032,9.3640,-3.9981
220.099,4.0032,9.3640,-3.9981
220.108,4.0032,9.3640,-3.9981
220.115,4.0032,9.3640,-3.9981
220.123,4.0032,9.3640,-3.9981
220.130,4.0032,9.3640,-3.9981
220.139,4.0032,9.3640,-3.9981
220.146,4.0032,9.3640,-3.9981
220.154,4.0032,9.3640,-3.9981
220.160,4.0032,9.3640,-3.9981
220.169,4.0032,9.3640,-3.9981
220.177,4.0032,9.3640,-3.9981
220.183,4.0032,9.3640,-3.9984
220.192,4.0032,9.3640,-3.9984
220.200,4.0032,9.3640,-3.9989
220.210,4.0032,9.3640,-3.9989
220.217,4.0032,9.3640,-3.9989
220.224,4.0032,9.3640,-3.9995
220.233,4.0032,9.3640,-3.9995
220.242,4.0032,9.3640,-4.0017
220.250,4.0032,9.3640,-4.0017
220.258,4.0032,9.3640,-4.0017
220.267,4.0032,9.3640,-4.0044
220.276,4.0032,9.3640,-4.0044
220.283,4.0032,9.3640,-4.0074
220.293,4.0032,9.3640,-4.0074
220.300,4.0032,9.3640,-4.0105
220.309,4.0032,9.3640,-4.0105
220.316,4.0032,9.3640,-4.0105
220.324,4.0032,9.3640,-4.0140
220.334,4.0032,9.3640,-4.0140
220.342,4.0032,9.3640,-4.0177
220.350,4.0032,9.3640,-4.0177
220.359,4.0032,9.3640,-4.0249
220.369,4.0032,9.3640,-4.0249
220.376,4.0032,9.3640,-4.0249
220.384,4.0032,9.3640,-4.0329
220.392,4.0032,9.3640,-4.0329
220.399,4.0032,9.3640,-4.0412
220.408,4.0032,9.3640,-4.0412
220.417,4.0032,9.3640,-4.0412
220.425,4.0032,9.3640,-4.0505
220.434,4.0032,9.3640,-4.0505
220.442,4.0032,9.3640,-4.0693
220.451,4.0032,9.3640,-4.0693
220.459,4.0032,9.3640,-4.0891
220.469,4.0032,9.3640,-4.0891
220.477,4.0032,9.3640,-4.0891
220.485,4.0032,9.3640,-4.1111
220.494,4.0032,9.3640,-4.1111
220.503,4.0032,9.3640,-4.1344
220.513,4.0032,9.3640,-4.1344
220.520,4.0032,9.3640,-4.1577
220.530,4.0032,9.3640,-4.1577
220.539,4.0032,9.3640,-4.1811
220.548,4.0032,9.3640,-4.1811
220.557,4.0032,9.3640,-4.1811
220.565,4.0032,9.3640,-4.2044
220.576,4.0032,9.3640,-4.2044
220.583,4.0032,9.3640,-4.2277
220.593,4.0032,9.3640,-4.2277
220.602,4.0032,9.3640,-4.2511
220.611,4.0032,9.3640,-4.2511
220.620,4.0032,9.3640,-4.2744
220.630,4.0032,9.3640,-4.2744
220.639,4.0032,9.3640,-4.2977
220.648,4.0032,9.3640,-4.2977
220.657,4.0032,9.3640,-4.2977
220.666,4.0032,9.3640,-4.3211
220.676,4.0032,9.3640,-4.3211
220.687,4.0032,9.3640,-4.3444
220.696,4.0032,9.3640,-4.3444
220.706,4.0032,9.3640,-4.3677
220.716,4.0032,9.3640,-4.3677
220.725,4.0032,9.3640,-4.3911
220.737,4.0032,9.3640,-4.3911
220.745,4.0032,9.3640,-4.4144
220.756,4.0032,9.3640,-4.4144
220.765,4.0032,9.3640,-4.4377
220.777,4.0032,9.3640,-4.4377
220.786,4.0032,9.3640,-4.4611
220.795,4.0032,9.3640,-4.4611
220.805,4.0032,9.3640,-4.4844
220.815,4.0032,9.3640,-4.4844
220.824,4.0032,9.3640,-4.5077
220.835,4.0032,9.3640,-4.5077
220.843,4.0032,9.3640,-4.5311
220.855,4.0032,9.3640,-4.5311
220.864,4.0032,9.3640,-4.5544
220.874,4.0032,9.3640,-4.5544
220.883,4.0032,9.3640,-4.5777
220.892,4.0032,9.3640,-4.5777
220.902,4.0032,9.3640,-4.6011
220.913,4.0032,9.3640,-4.6011
220.922,4.0031,9.3640,-4.6244
220.933,4.0031,9.3640,-4.6244
220.942,4.0030,9.3640,-4.6477
220.952,4.0030,9.3640,-4.6477
220.961,4.0029,9.3640,-4.6711
220.972,4.0029,9.3640,-4.6711
220.981,4.0027,9.3640,-4.6944
220.993,4.0027,9.3640,-4.6944
221.002,4.0021,9.3640,-4.7177
221.013,4.0021,9.3640,-4.7177
221.022,4.0014,9.3640,-4.7411
221.032,4.0014,9.3640,-4.7411
221.043,4.0007,9.3640,-4.7644
221.052,4.0007,9.3640,-4.7644
221.073,4.0000,9.3640,-4.7877
221.083,3.9992,9.3640,-4.8111
221.093,3.9992,9.3640,-4.8111
221.102,3.9983,9.3640,-4.8344
221.112,3.9983,9.3640,-4.8344
221.121,3.9974,9.3640,-4.8576
221.130,3.9974,9.3640,-4.8576
221.140,3.9965,9.3640,-4.8808
221.150,3.9965,9.3640,-4.8808
221.158,3.9965,9.3640,-4.8808
221.169,3.9946,9.3640,-4.9040
221.178,3.9926,9.3640,-4.9271
221.189,3.9926,9.3640,-4.9271
221.198,3.9926,9.3640,-4.9271
221.206,3.9906,9.3640,-4.9502
221.216,3.9906,9.3640,-4.9502
221.225,3.9884,9.3640,-4.9734
221.235,3.9884,9.3640,-4.9734
221.243,3.9862,9.3640,-4.9965
221.253,3.9862,9.3640,-4.9965
221.261,3.9840,9.3640,-5.0196
221.272,3.9840,9.3640,-5.0196
221.279,3.9816,9.3640,-5.0427
221.290,3.9816,9.3640,-5.0427
221.298,3.9816,9.3640,-5.0427
221.306,3.9789,9.3640,-5.0658
221.315,3.9789,9.3640,-5.0658
221.324,3.9733,9.3640,-5.0889
221.334,3.9733,9.3640,-5.0889
221.343,3.9674,9.3640,-5.1120
221.353,3.9674,9.3640,-5.1120
221.360,3.9612,9.3640,-5.1351
221.371,3.9612,9.3640,-5.1351
221.379,3.9547,9.3640,-5.1582
221.390,3.9547,9.3640,-5.1582
221.399,3.9480,9.3640,-5.1813
221.408,3.9480,9.3640,-5.1813
221.416,3.9480,9.3640,-5.1813
221.424,3.9410,9.3640,-5.2044
221.435,3.9410,9.3640,-5.2044
221.444,3.9340,9.3640,-5.2275
221.453,3.9340,9.3640,-5.2275
221.461,3.9270,9.3640,-5.2506
221.472,3.9270,9.3640,-5.2506
221.479,3.9200,9.3640,-5.2737
221.489,3.9200,9.3640,-5.2737
221.496,3.9200,9.3640,-5.2737
221.505,3.9131,9.3640,-5.2967
221.513,3.9131,9.3640,-5.2967
221.522,3.9061,9.3640,-5.3198
221.532,3.9061,9.3640,-5.3198
221.541,3.8991,9.3640,-5.3429
221.549,3.8991,9.3640,-5.3429
221.558,3.8991,9.3640,-5.3429
221.567,3.8921,9.3640,-5.3659
221.576,3.8921,9.3640,-5.3659
221.584,3.8852,9.3640,-5.3890
221.592,3.8852,9.3640,-5.3890
221.600,3.8782,9.3640,-5.4121
221.609,3.8782,9.3640,-5.4121
221.618,3.8712,9.3640,-5.4351
221.627,3.8712,9.3640,-5.4351
221.635,3.8712,9.3640,-5.4351
221.643,3.8643,9.3640,-5.4582
221.652,3.8643,9.3640,-5.4582
221.660,3.8574,9.3640,-5.4812
221.669,3.8574,9.3640,-5.4812
221.677,3.8574,9.3640,-5.4812
221.686,3.8504,9.3640,-5.5042
221.694,3.8504,9.3640,-5.5042
221.702,3.8435,9.3640,-5.5272
221.712,3.8435,9.3640,-5.5272
221.719,3.8366,9.3640,-5.5502
221.729,3.8366,9.3640,-5.5502
221.738,3.8366,9.3640,-5.5502
221.746,3.8297,9.3640,-5.5731
221.755,3.8297,9.3640,-5.5731
221.763,3.8228,9.3640,-5.5959
221.773,3.8228,9.3640,-5.5959
221.780,3.8159,9.3640,-5.6185
221.790,3.8159,9.3640,-5.6185
221.797,3.8159,9.3640,-5.6185
221.806,3.8091,9.3640,-5.6404
221.816,3.8091,9.3640,-5.6404
221.824,3.8024,9.3640,-5.6619
221.835,3.8024,9.3640,-5.6619
221.843,3.7956,9.3640,-5.6826
221.854,3.7956,9.3640,-5.6826
221.862,3.7888,9.3640,-5.7028
221.873,3.7888,9.3640,-5.7028
221.881,3.7821,9.3640,-5.7218
221.891,3.7821,9.3640,-5.7218
221.900,3.7753,9.3640,-5.7400
221.910,3.7753,9.3640,-5.7400
221.918,3.7753,9.3640,-5.7400
221.927,3.7685,9.3640,-5.7484
221.936,3.7685,9.3640,-5.7484
221.945,3.7618,9.3640,-5.7561
221.955,3.7618,9.3640,-5.7561
221.963,3.7551,9.3640,-5.7596
221.974,3.7551,9.3640,-5.7596
221.984,3.7483,9.3640,-5.7626
221.993,3.7483,9.3640,-5.7626
222.003,3.7416,9.3640,-5.7652
222.012,3.7416,9.3640,-5.7652
222.021,3.7348,9.3640,-5.7674
222.031,3.7348,9.3640,-5.7674
222.042,3.7281,9.3640,-5.7681
222.053,3.7281,9.3640,-5.7681
222.061,3.7214,9.3640,-5.7686
222.073,3.7214,9.3640,-5.7686
222.082,3.7146,9.3640,-5.7690
222.092,3.7146,9.3640,-5.7690
222.101,3.7079,9.3640,-5.7693
222.112,3.7079,9.3640,-5.7693
222.121,3.7011,9.3640,-5.7693
222.131,3.7011,9.3640,-5.7693
222.140,3.6944,9.3640,-5.7693
222.151,3.6944,9.3640,-5.7693
222.160,3.6877,9.3640,-5.7693
222.170,3.6877,9.3640,-5.7693
222.179,3.6809,9.3640,-5.7693
222.187,3.6809,9.3640,-5.7693
222.195,3.6809,9.3640,-5.7693
222.204,3.6742,9.3640,-5.7693
222.213,3.6742,9.3640,-5.7693
222.222,3.6675,9.3640,-5.7693
222.231,3.6675,9.3640,-5.7693
222.240,3.6607,9.3640,-5.7693
222.248,3.6607,9.3640,-5.7693
222.257,3.6607,9.3640,-5.7693
222.265,3.6540,9.3640,-5.7693
222.275,3.6540,9.3640,-5.7693
222.283,3.6473,9.3640,-5.7693
222.292,3.6473,9.3640,-5.7693
222.301,3.6405,9.3640,-5.7693
222.310,3.6405,9.3640,-5.7693
222.320,3.6338,9.3640,-5.7693
222.330,3.6338,9.3640,-5.7693
222.339,3.6270,9.3640,-5.7693
222.349,3.6270,9.3640,-5.7693
222.357,3.6270,9.3640,-5.7693
222.365,3.6203,9.3640,-5.7693
222.375,3.6203,9.3640,-5.7693
222.384,3.6135,9.3640,-5.7693
222.394,3.6135,9.3640,-5.7693
222.403,3.6067,9.3640,-5.7693
222.413,3.6067,9.3640,-5.7693
222.422,3.5999,9.3640,-5.7697
222.434,3.5999,9.3640,-5.7697
222.443,3.5931,9.3640,-5.7703
222.453,3.5931,9.3640,-5.7703
222.461,3.5863,9.3640,-5.7711
222.471,3.5863,9.3640,-5.7711
222.479,3.5795,9.3640,-5.7737
222.487,3.5795,9.3640,-5.7737
222.494,3.5795,9.3640,-5.7737
222.503,3.5727,9.3640,-5.7767
222.512,3.5727,9.3640,-5.7767
222.522,3.5659,9.3640,-5.7798
222.532,3.5659,9.3640,-5.7798
222.540,3.5591,9.3640,-5.7831
222.549,3.5591,9.3640,-5.7831
222.557,3.5591,9.3640,-5.7831
222.565,3.5523,9.3640,-5.7864
222.575,3.5523,9.3640,-5.7864
222.582,3.5455,9.3640,-5.7898
222.592,3.5455,9.3640,-5.7898
222.600,3.5387,9.3640,-5.7932
222.609,3.5387,9.3640,-5.7932
222.616,3.5387,9.3640,-5.7932
222.625,3.5319,9.3640,-5.7968
222.634,3.5319,9.3640,-5.7968
222.643,3.5251,9.3640,-5.8004
222.651,3.5251,9.3640,-5.8004
222.659,3.5183,9.3640,-5.8075
222.668,3.5183,9.3640,-5.8075
222.676,3.5183,9.3640,-5.8075
222.683,3.5115,9.3640,-5.8150
222.694,3.5115,9.3640,-5.8150
222.704,3.5047,9.3640,-5.8230
222.713,3.5047,9.3640,-5.8230
222.721,3.4979,9.3640,-5.8313
222.730,3.4979,9.3640,-5.8313
222.739,3.4911,9.3640,-5.8401
222.748,3.4911,9.3640,-5.8401
222.756,3.4911,9.3640,-5.8401
222.765,3.4843,9.3640,-5.8491
222.775,3.4843,9.3640,-5.8491
222.783,3.4774,9.3640,-5.8583
222.792,3.4774,9.3640,-5.8583
222.801,3.4706,9.3640,-5.8675
222.811,3.4706,9.3640,-5.8675
222.819,3.4638,9.3640,-5.8766
222.830,3.4638,9.3640,-5.8766
222.838,3.4638,9.3640,-5.8766
222.846,3.4570,9.3640,-5.8855
222.855,3.4570,9.3640,-5.8855
222.863,3.4502,9.3640,-5.8945
222.874,3.4502,9.3640,-5.8945
222.881,3.4434,9.3640,-5.9035
222.892,3.4434,9.3640,-5.9035
222.899,3.4366,9.3640,-5.9124
222.910,3.4366,9.3640,-5.9124
222.917,3.4366,9.3640,-5.9124
222.926,3.4298,9.3640,-5.9212
222.934,3.4298,9.3640,-5.9212
222.943,3.4230,9.3640,-5.9298
222.951,3.4230,9.3640,-5.9298
222.960,3.4162,9.3640,-5.9381
222.969,3.4162,9.3640,-5.9381
222.977,3.4162,9.3640,-5.9381
222.985,3.4094,9.3640,-5.9457
222.994,3.4094,9.3640,-5.9457
223.003,3.4026,9.3640,-5.9526
223.012,3.4026,9.3640,-5.9526
223.021,3.3959,9.3640,-5.9559
223.030,3.3959,9.3640,-5.9559
223.039,3.3891,9.3640,-5.9590
223.048,3.3891,9.3640,-5.9590
223.056,3.3891,9.3640,-5.9590
223.063,3.3823,9.3640,-5.9614
223.074,3.3823,9.3640,-5.9614
223.082,3.3755,9.3640,-5.9622
223.090,3.3755,9.3640,-5.9622
223.099,3.3687,9.3640,-5.9628
223.109,3.3687,9.3640,-5.9628
223.116,3.3687,9.3640,-5.9628
223.124,3.3620,9.3640,-5.9632
223.134,3.3620,9.3640,-5.9632
223.142,3.3552,9.3640,-5.9635
223.151,3.3552,9.3640,-5.9635
223.159,3.3484,9.3640,-5.9638
223.170,3.3484,9.3640,-5.9638
223.177,3.3484,9.3640,-5.9638
223.185,3.3417,9.3640,-5.9638
223.196,3.3417,9.3640,-5.9638
223.205,3.3349,9.3640,-5.9638
223.215,3.3349,9.3640,-5.9638
223.224,3.3281,9.3640,-5.9638
223.234,3.3281,9.3640,-5.9638
223.242,3.3213,9.3640,-5.9638
223.253,3.3213,9.3640,-5.9638
223.260,3.3146,9.3640,-5.9638
223.272,3.3146,9.3640,-5.9638
223.279,3.3078,9.3640,-5.9638
223.290,3.3078,9.3640,-5.9638
223.298,3.3078,9.3640,-5.9638
223.308,3.3010,9.3640,-5.9638
223.319,3.2942,9.3640,-5.9641
223.328,3.2942,9.3640,-5.9641
223.338,3.2942,9.3640,-5.9641
223.346,3.2875,9.3640,-5.9644
223.355,3.2875,9.3640,-5.9644
223.364,3.2807,9.3640,-5.9649
223.375,3.2807,9.3640,-5.9649
223.383,3.2739,9.3640,-5.9655
223.403,3.2671,9.3640,-5.9662
223.413,3.2671,9.3640,-5.9662
223.423,3.2604,9.3640,-5.9686
223.432,3.2604,9.3640,-5.9686
223.442,3.2536,9.3640,-5.9711
223.452,3.2536,9.3640,-5.9711
223.461,3.2468,9.3640,-5.9738
223.471,3.2468,9.3640,-5.9738
223.479,3.2400,9.3640,-5.9766
223.489,3.2400,9.3640,-5.9766
223.498,3.2400,9.3640,-5.9766
223.508,3.2332,9.3640,-5.9792
223.517,3.2332,9.3640,-5.9792
223.525,3.2265,9.3640,-5.9818
223.536,3.2265,9.3640,-5.9818
223.543,3.2197,9.3640,-5.9844
223.554,3.2197,9.3640,-5.9844
223.562,3.2129,9.3640,-5.9869
223.573,3.2129,9.3640,-5.9869
223.582,3.2062,9.3640,-5.9894
223.592,3.2062,9.3640,-5.9894
223.601,3.1994,9.3640,-5.9917
223.611,3.1994,9.3640,-5.9917
223.620,3.1926,9.3640,-5.9925
223.630,3.1926,9.3640,-5.9925
223.640,3.1859,9.3640,-5.9933
223.650,3.1859,9.3640,-5.9933
223.659,3.1791,9.3640,-5.9939
223.672,3.1791,9.3640,-5.9939
223.680,3.1723,9.3640,-5.9945
223.690,3.1723,9.3640,-5.9945
223.698,3.1723,9.3640,-5.9945
223.708,3.1656,9.3640,-5.9949
223.717,3.1656,9.3640,-5.9949
223.725,3.1588,9.3640,-5.9952
223.738,3.1588,9.3640,-5.9952
223.745,3.1520,9.3640,-5.9952
223.755,3.1520,9.3640,-5.9952
223.763,3.1453,9.3640,-5.9952
223.772,3.1453,9.3640,-5.9952
223.781,3.1385,9.3640,-5.9952
223.790,3.1385,9.3640,-5.9952
223.798,3.1385,9.3640,-5.9952
223.806,3.1317,9.3640,-5.9952
223.814,3.1317,9.3640,-5.9952
223.822,3.1250,9.3640,-5.9952
223.832,3.1250,9.3640,-5.9952
223.840,3.1182,9.3640,-5.9952
223.848,3.1182,9.3640,-5.9952
223.857,3.1182,9.3640,-5.9952
223.865,3.1114,9.3640,-5.9952
223.874,3.1114,9.3640,-5.9952
223.882,3.1047,9.3640,-5.9952
223.892,3.1047,9.3640,-5.9952
223.900,3.0979,9.3640,-5.9954
223.910,3.0979,9.3640,-5.9954
223.918,3.0911,9.3640,-5.9958
223.928,3.0911,9.3640,-5.9958
223.938,3.0911,9.3640,-5.9958
223.945,3.0843,9.3640,-5.9962
223.956,3.0843,9.3640,-5.9962
223.962,3.0776,9.3640,-5.9967
223.973,3.0776,9.3640,-5.9967
223.981,3.0708,9.3640,-5.9974
223.990,3.0708,9.3640,-5.9974
223.998,3.0708,9.3640,-5.9974
224.006,3.0640,9.3640,-5.9981
224.016,3.0640,9.3640,-5.9981
224.023,3.0572,9.3640,-6.0004
224.033,3.0572,9.3640,-6.0004
224.042,3.0505,9.3640,-6.0027
224.052,3.0505,9.3640,-6.0027
224.060,3.0437,9.3640,-6.0035
224.071,3.0437,9.3640,-6.0035
224.079,3.0369,9.3640,-6.0043
224.089,3.0369,9.3640,-6.0043
224.096,3.0369,9.3640,-6.0043
224.105,3.0302,9.3640,-6.0049
224.113,3.0302,9.3640,-6.0049
224.122,3.0234,9.3640,-6.0055
224.130,3.0234,9.3640,-6.0055
224.139,3.0166,9.3640,-6.0059
224.147,3.0166,9.3640,-6.0059
224.155,3.0166,9.3640,-6.0059
224.163,3.0099,9.3640,-6.0059
224.173,3.0099,9.3640,-6.0059
224.181,3.0031,9.3640,-6.0059
224.190,3.0031,9.3640,-6.0059
224.199,2.9964,9.3640,-6.0059
224.208,2.9964,9.3640,-6.0059
224.216,2.9964,9.3640,-6.0059
224.224,2.9897,9.3640,-6.0059
224.233,2.9897,9.3640,-6.0059
224.241,2.9829,9.3640,-6.0059
224.249,2.9829,9.3640,-6.0059
224.258,2.9829,9.3640,-6.0059
224.265,2.9762,9.3640,-6.0059
224.275,2.9762,9.3640,-6.0059
224.281,2.9695,9.3640,-6.0059
224.291,2.9695,9.3640,-6.0059
224.298,2.9628,9.3640,-6.0059
224.308,2.9628,9.3640,-6.0059
224.316,2.9628,9.3640,-6.0059
224.324,2.9560,9.3640,-6.0059
224.332,2.9560,9.3640,-6.0059
224.342,2.9493,9.3640,-6.0059
224.351,2.9493,9.3640,-6.0059
224.358,2.9493,9.3640,-6.0059
224.366,2.9426,9.3640,-6.0059
224.376,2.9426,9.3640,-6.0059
224.383,2.9359,9.3640,-6.0059
224.392,2.9359,9.3640,-6.0059
224.401,2.9292,9.3640,-6.0059
224.411,2.9292,9.3640,-6.0059
224.419,2.9224,9.3640,-6.0059
224.426,2.9224,9.3640,-6.0059
224.436,2.9224,9.3640,-6.0059
224.444,2.9157,9.3640,-6.0059
224.455,2.9157,9.3640,-6.0059
224.464,2.9090,9.3640,-6.0059
224.474,2.9090,9.3640,-6.0059
224.483,2.9023,9.3640,-6.0059
224.493,2.9023,9.3640,-6.0059
224.501,2.8955,9.3640,-6.0059
224.511,2.8955,9.3640,-6.0059
224.519,2.8888,9.3640,-6.0059
224.530,2.8888,9.3640,-6.0059
224.538,2.8888,9.3640,-6.0059
224.547,2.8821,9.3640,-6.0059
224.558,2.8821,9.3640,-6.0059
224.566,2.8755,9.3640,-6.0059
224.577,2.8755,9.3640,-6.0059
224.585,2.8689,9.3640,-6.0059
224.595,2.8689,9.3640,-6.0059
224.606,2.8622,9.3640,-6.0059
224.617,2.8622,9.3640,-6.0059
224.625,2.8556,9.3640,-6.0059
224.637,2.8556,9.3640,-6.0059
224.645,2.8490,9.3640,-6.0055
224.657,2.8490,9.3640,-6.0055
224.665,2.8424,9.3640,-6.0048
224.676,2.8424,9.3640,-6.0048
224.683,2.8358,9.3640,-6.0040
224.692,2.8358,9.3640,-6.0040
224.701,2.8293,9.3640,-6.0015
224.711,2.8293,9.3640,-6.0015
224.721,2.8227,9.3640,-5.9989
224.731,2.8227,9.3640,-5.9989
224.740,2.8161,9.3640,-5.9963
224.749,2.8161,9.3640,-5.9963
224.758,2.8095,9.3640,-5.9940
224.769,2.8095,9.3640,-5.9940
224.777,2.8095,9.3640,-5.9940
224.786,2.8029,9.3640,-5.9932
224.796,2.8029,9.3640,-5.9932
224.806,2.7962,9.3640,-5.9925
224.815,2.7962,9.3640,-5.9925
224.824,2.7896,9.3640,-5.9920
224.833,2.7896,9.3640,-5.9920
224.842,2.7829,9.3640,-5.9916
224.851,2.7829,9.3640,-5.9916
224.860,2.7762,9.3640,-5.9916
224.869,2.7762,9.3640,-5.9916
224.877,2.7762,9.3640,-5.9916
224.887,2.7696,9.3640,-5.9916
224.896,2.7696,9.3640,-5.9916
224.905,2.7630,9.3640,-5.9916
224.915,2.7630,9.3640,-5.9916
224.923,2.7563,9.3640,-5.9916
224.936,2.7563,9.3640,-5.9916
224.946,2.7497,9.3640,-5.9916
224.957,2.7497,9.3640,-5.9916
224.965,2.7431,9.3640,-5.9916
224.974,2.7431,9.3640,-5.9916
224.983,2.7364,9.3640,-5.9916
224.992,2.7364,9.3640,-5.9916
224.999,2.7298,9.3640,-5.9916
225.009,2.7298,9.3640,-5.9916
225.017,2.7298,9.3640,-5.9916
225.025,2.7232,9.3640,-5.9916
225.034,2.7232,9.3640,-5.9916
225.043,2.7165,9.3640,-5.9916
225.052,2.7165,9.3640,-5.9916
225.061,2.7099,9.3640,-5.9916
225.072,2.7099,9.3640,-5.9916
225.079,2.7032,9.3640,-5.9916
225.088,2.7032,9.3640,-5.9916
225.095,2.7032,9.3640,-5.9916
225.104,2.6965,9.3640,-5.9916
225.112,2.6965,9.3640,-5.9916
225.121,2.6899,9.3640,-5.9916
225.130,2.6899,9.3640,-5.9916
225.139,2.6832,9.3640,-5.9916
225.147,2.6832,9.3640,-5.9916
225.157,2.6832,9.3640,-5.9916
225.166,2.6765,9.3640,-5.9916
225.174,2.6765,9.3640,-5.9916
225.182,2.6698,9.3640,-5.9916
225.191,2.6698,9.3640,-5.9916
225.199,2.6631,9.3640,-5.9916
225.209,2.6631,9.3640,-5.9916
225.217,2.6631,9.3640,-5.9916
225.225,2.6564,9.3640,-5.9916
225.234,2.6564,9.3640,-5.9916
225.242,2.6496,9.3640,-5.9920
225.252,2.6496,9.3640,-5.9920
225.260,2.6429,9.3640,-5.9926
225.270,2.6429,9.3640,-5.9926
225.278,2.6429,9.3640,-5.9926
225.287,2.6361,9.3640,-5.9934
225.296,2.6361,9.3640,-5.9934
225.304,2.6293,9.3640,-5.9957
225.313,2.6293,9.3640,-5.9957
225.321,2.6226,9.3640,-5.9981
225.329,2.6226,9.3640,-5.9981
225.339,2.6158,9.3640,-6.0003
225.348,2.6158,9.3640,-6.0003
225.356,2.6158,9.3640,-6.0003
225.364,2.6091,9.3640,-6.0010
225.374,2.6091,9.3640,-6.0010
225.381,2.6023,9.3640,-6.0017
225.390,2.6023,9.3640,-6.0017
225.398,2.5956,9.3640,-6.0023
225.408,2.5956,9.3640,-6.0023
225.415,2.5956,9.3640,-6.0023
225.424,2.5888,9.3640,-6.0027
225.434,2.5888,9.3640,-6.0027
225.443,2.5820,9.3640,-6.0029
225.451,2.5820,9.3640,-6.0029
225.460,2.5753,9.3640,-6.0029
225.470,2.5753,9.3640,-6.0029
225.478,2.5753,9.3640,-6.0029
225.485,2.5685,9.3640,-6.0029
225.494,2.5685,9.3640,-6.0029
225.503,2.5618,9.3640,-6.0029
225.512,2.5618,9.3640,-6.0029
225.521,2.5550,9.3640,-6.0029
225.530,2.5550,9.3640,-6.0029
225.538,2.5483,9.3640,-6.0029
225.547,2.5483,9.3640,-6.0029
225.556,2.5483,9.3640,-6.0029
225.563,2.5415,9.3640,-6.0029
225.572,2.5415,9.3640,-6.0029
225.580,2.5348,9.3640,-6.0029
225.589,2.5348,9.3640,-6.0029
225.596,2.5348,9.3640,-6.0029
225.605,2.5281,9.3640,-6.0029
225.614,2.5281,9.3640,-6.0029
225.622,2.5213,9.3640,-6.0029
225.630,2.5213,9.3640,-6.0029
225.638,2.5213,9.3640,-6.0029
225.646,2.5146,9.3640,-6.0029
225.655,2.5146,9.3640,-6.0029
225.663,2.5079,9.3640,-6.0029
225.671,2.5079,9.3640,-6.0029
225.679,2.5012,9.3640,-6.0029
225.688,2.5012,9.3640,-6.0029
225.697,2.5012,9.3640,-6.0029
225.706,2.4945,9.3640,-6.0029
225.724,2.4878,9.3640,-6.0029
225.734,2.4878,9.3640,-6.0029
225.743,2.4811,9.3640,-6.0029
225.753,2.4811,9.3640,-6.0029
225.761,2.4744,9.3640,-6.0029
225.772,2.4744,9.3640,-6.0029
225.779,2.4677,9.3640,-6.0029
225.790,2.4677,9.3640,-6.0029
225.798,2.4677,9.3640,-6.0029
225.806,2.4610,9.3640,-6.0029
225.815,2.4610,9.3640,-6.0029
225.825,2.4543,9.3640,-6.0029
225.834,2.4543,9.3640,-6.0029
225.843,2.4476,9.3640,-6.0029
225.853,2.4476,9.3640,-6.0029
225.861,2.4409,9.3640,-6.0029
225.872,2.4409,9.3640,-6.0029
225.881,2.4341,9.3640,-6.0029
225.892,2.4341,9.3640,-6.0029
225.900,2.4274,9.3640,-6.0029
225.910,2.4274,9.3640,-6.0029
225.918,2.4274,9.3640,-6.0029
225.927,2.4207,9.3640,-6.0029
225.936,2.4207,9.3640,-6.0029
225.944,2.4140,9.3640,-6.0029
225.953,2.4140,9.3640,-6.0029
225.961,2.4073,9.3640,-6.0029
225.971,2.4073,9.3640,-6.0029
225.979,2.4005,9.3640,-6.0029
225.989,2.4005,9.3640,-6.0029
225.997,2.4005,9.3640,-6.0029
226.007,2.3938,9.3640,-6.0029
226.015,2.3938,9.3640,-6.0029
226.025,2.3871,9.3640,-6.0029
226.035,2.3871,9.3640,-6.0029
226.043,2.3804,9.3640,-6.0029
226.053,2.3804,9.3640,-6.0029
226.061,2.3737,9.3640,-6.0029
226.071,2.3737,9.3640,-6.0029
226.078,2.3737,9.3640,-6.0029
226.087,2.3670,9.3640,-6.0029
226.097,2.3670,9.3640,-6.0029
226.106,2.3602,9.3640,-6.0029
226.116,2.3602,9.3640,-6.0029
226.124,2.3535,9.3640,-6.0029
226.134,2.3535,9.3640,-6.0029
226.143,2.3468,9.3640,-6.0029
226.152,2.3468,9.3640,-6.0029
226.161,2.3401,9.3640,-6.0029
226.172,2.3401,9.3640,-6.0029
226.181,2.3334,9.3640,-6.0029
226.191,2.3334,9.3640,-6.0029
226.199,2.3267,9.3640,-6.0029
226.210,2.3267,9.3640,-6.0029
226.217,2.3267,9.3640,-6.0029
226.226,2.3200,9.3640,-6.0029
226.235,2.3200,9.3640,-6.0029
226.243,2.3133,9.3640,-6.0029
226.253,2.3133,9.3640,-6.0029
226.260,2.3066,9.3640,-6.0029
226.269,2.3066,9.3640,-6.0029
226.277,2.3066,9.3640,-6.0029
226.285,2.2999,9.3640,-6.0029
226.293,2.2999,9.3640,-6.0029
226.302,2.2932,9.3640,-6.0029
226.311,2.2932,9.3640,-6.0029
226.319,2.2865,9.3640,-6.0029
226.327,2.2865,9.3640,-6.0029
226.336,2.2865,9.3640,-6.0029
226.343,2.2798,9.3640,-6.0029
226.352,2.2798,9.3640,-6.0029
226.360,2.2731,9.3640,-6.0029
226.371,2.2731,9.3640,-6.0029
226.378,2.2731,9.3640,-6.0029
226.386,2.2664,9.3640,-6.0029
226.395,2.2664,9.3640,-6.0029
226.404,2.2597,9.3640,-6.0029
226.413,2.2597,9.3640,-6.0029
226.422,2.2530,9.3640,-6.0029
226.431,2.2530,9.3640,-6.0029
226.440,2.2463,9.3640,-6.0029
226.450,2.2463,9.3640,-6.0029
226.460,2.2396,9.3640,-6.0029
226.469,2.2396,9.3640,-6.0029
226.478,2.2396,9.3640,-6.0029
226.487,2.2329,9.3640,-6.0029
226.497,2.2329,9.3640,-6.0029
226.506,2.2262,9.3640,-6.0029
226.515,2.2262,9.3640,-6.0029
226.524,2.2195,9.3640,-6.0029
226.533,2.2195,9.3640,-6.0029
226.542,2.2127,9.3640,-6.0029
226.552,2.2127,9.3640,-6.0029
226.559,2.2060,9.3640,-6.0029
226.570,2.2060,9.3640,-6.0029
226.580,2.1993,9.3640,-6.0029
226.590,2.1993,9.3640,-6.0029
226.598,2.1926,9.3640,-6.0029
226.609,2.1926,9.3640,-6.0029
226.618,2.1926,9.3640,-6.0029
226.627,2.1859,9.3640,-6.0029
226.638,2.1859,9.3640,-6.0029
226.646,2.1792,9.3640,-6.0029
226.655,2.1792,9.3640,-6.0029
226.663,2.1725,9.3640,-6.0029
226.673,2.1725,9.3640,-6.0029
226.679,2.1658,9.3640,-6.0029
226.688,2.1658,9.3640,-6.0029
226.695,2.1658,9.3640,-6.0029
226.704,2.1591,9.3640,-6.0029
226.713,2.1591,9.3640,-6.0029
226.721,2.1525,9.3640,-6.0029
226.729,2.1525,9.3640,-6.0029
226.738,2.1525,9.3640,-6.0029
226.746,2.1458,9.3640,-6.0029
226.755,2.1458,9.3640,-6.0029
226.763,2.1391,9.3640,-6.0029
226.772,2.1391,9.3640,-6.0029
226.779,2.1324,9.3640,-6.0029
226.789,2.1324,9.3640,-6.0029
226.796,2.1324,9.3640,-6.0029
226.805,2.1257,9.3640,-6.0029
226.815,2.1257,9.3640,-6.0029
226.823,2.1190,9.3640,-6.0029
226.833,2.1190,9.3640,-6.0029
226.842,2.1123,9.3640,-6.0029
226.852,2.1123,9.3640,-6.0029
226.861,2.1056,9.3640,-6.0029
226.871,2.1056,9.3640,-6.0029
226.880,2.0989,9.3640,-6.0029
226.890,2.0989,9.3640,-6.0029
226.899,2.0922,9.3640,-6.0029
226.908,2.0922,9.3640,-6.0029
226.916,2.0922,9.3640,-6.0029
226.924,2.0856,9.3640,-6.0029
226.934,2.0856,9.3640,-6.0029
226.944,2.0789,9.3640,-6.0029
226.954,2.0789,9.3640,-6.0029
226.963,2.0722,9.3640,-6.0029
226.974,2.0722,9.3640,-6.0029
226.982,2.0655,9.3640,-6.0029
226.993,2.0655,9.3640,-6.0029
227.003,2.0588,9.3640,-6.0029
227.012,2.0588,9.3640,-6.0029
227.022,2.0521,9.3640,-6.0029
227.034,2.0521,9.3640,-6.0029
227.043,2.0454,9.3640,-6.0029
227.052,2.0454,9.3640,-6.0029
227.061,2.0387,9.3640,-6.0029
227.071,2.0387,9.3640,-6.0029
227.079,2.0320,9.3640,-6.0029
227.090,2.0320,9.3640,-6.0029
227.098,2.0320,9.3640,-6.0029
227.107,2.0253,9.3640,-6.0029
227.116,2.0253,9.3640,-6.0029
227.124,2.0186,9.3640,-6.0029
227.134,2.0186,9.3640,-6.0029
227.143,2.0119,9.3640,-6.0029
227.153,2.0119,9.3640,-6.0029
227.161,2.0052,9.3640,-6.0029
227.171,2.0052,9.3640,-6.0029
227.180,1.9985,9.3640,-6.0029
227.189,1.9985,9.3640,-6.0029
227.196,1.9985,9.3640,-6.0029
227.206,1.9918,9.3640,-6.0029
227.215,1.9918,9.3640,-6.0029
227.223,1.9851,9.3640,-6.0029
227.233,1.9851,9.3640,-6.0029
227.242,1.9784,9.3640,-6.0029
227.251,1.9784,9.3640,-6.0029
227.259,1.9717,9.3640,-6.0029
227.270,1.9717,9.3640,-6.0029
227.277,1.9717,9.3640,-6.0029
227.286,1.9650,9.3640,-6.0029
227.296,1.9650,9.3640,-6.0029
227.305,1.9583,9.3640,-6.0029
227.315,1.9583,9.3640,-6.0029
227.323,1.9516,9.3640,-6.0029
227.333,1.9516,9.3640,-6.0029
227.342,1.9450,9.3640,-6.0029
227.352,1.9450,9.3640,-6.0029
227.361,1.9382,9.3640,-6.0029
227.372,1.9382,9.3640,-6.0029
227.380,1.9315,9.3640,-6.0029
227.390,1.9315,9.3640,-6.0029
227.398,1.9315,9.3640,-6.0029
227.407,1.9248,9.3640,-6.0029
227.417,1.9248,9.3640,-6.0029
227.427,1.9181,9.3640,-6.0029
227.437,1.9181,9.3640,-6.0029
227.445,1.9114,9.3640,-6.0029
227.456,1.9114,9.3640,-6.0029
227.465,1.9047,9.3640,-6.0029
227.475,1.9047,9.3640,-6.0029
227.484,1.8980,9.3640,-6.0029
227.494,1.8980,9.3640,-6.0029
227.502,1.8913,9.3640,-6.0029
227.511,1.8913,9.3640,-6.0029
227.520,1.8846,9.3640,-6.0029
227.528,1.8846,9.3640,-6.0029
227.538,1.8846,9.3640,-6.0029
227.546,1.8779,9.3640,-6.0029
227.556,1.8779,9.3640,-6.0029
227.564,1.8712,9.3640,-6.0029
227.574,1.8712,9.3640,-6.0029
227.581,1.8644,9.3640,-6.0029
227.590,1.8644,9.3640,-6.0029
227.598,1.8644,9.3640,-6.0029
227.606,1.8577,9.3640,-6.0029
227.616,1.8577,9.3640,-6.0029
227.624,1.8510,9.3640,-6.0029
227.632,1.8510,9.3640,-6.0029
227.642,1.8443,9.3640,-6.0029
227.650,1.8443,9.3640,-6.0029
227.658,1.8443,9.3640,-6.0029
227.666,1.8376,9.3640,-6.0029
227.675,1.8376,9.3640,-6.0029
227.682,1.8308,9.3640,-6.0029
227.692,1.8308,9.3640,-6.0029
227.700,1.8241,9.3640,-6.0029
227.710,1.8241,9.3640,-6.0029
227.717,1.8241,9.3640,-6.0029
227.725,1.8174,9.3640,-6.0029
227.734,1.8174,9.3640,-6.0029
227.742,1.8107,9.3640,-6.0029
227.753,1.8107,9.3640,-6.0029
227.761,1.8039,9.3640,-6.0029
227.771,1.8039,9.3640,-6.0029
227.778,1.8039,9.3640,-6.0029
227.787,1.7972,9.3640,-6.0029
227.796,1.7972,9.3640,-6.0029
227.804,1.7904,9.3640,-6.0029
227.813,1.7904,9.3640,-6.0029
227.821,1.7837,9.3640,-6.0029
227.829,1.7837,9.3640,-6.0029
227.838,1.7837,9.3640,-6.0029
227.846,1.7770,9.3640,-6.0029
227.856,1.7770,9.3640,-6.0029
227.863,1.7702,9.3640,-6.0029
227.873,1.7702,9.3640,-6.0029
227.883,1.7635,9.3640,-6.0029
227.892,1.7635,9.3640,-6.0029
227.899,1.7568,9.3640,-6.0029
227.909,1.7568,9.3640,-6.0029
227.917,1.7568,9.3640,-6.0029
227.925,1.7500,9.3640,-6.0029
227.934,1.7500,9.3640,-6.0029
227.942,1.7433,9.3640,-6.0029
227.951,1.7433,9.3640,-6.0029
227.959,1.7366,9.3640,-6.0029
227.967,1.7366,9.3640,-6.0029
227.975,1.7366,9.3640,-6.0029
227.982,1.7298,9.3640,-6.0029
227.992,1.7298,9.3640,-6.0029
227.999,1.7231,9.3640,-6.0029
228.009,1.7231,9.3640,-6.0029
228.017,1.7231,9.3640,-6.0029
228.024,1.7164,9.3640,-6.0029
228.034,1.7164,9.3640,-6.0029
228.042,1.7096,9.3640,-6.0029
228.051,1.7096,9.3640,-6.0029
228.058,1.7096,9.3640,-6.0029
228.075,1.7029,9.3640,-6.0029
228.084,1.6962,9.3640,-6.0029
228.092,1.6962,9.3640,-6.0029
228.100,1.6895,9.3640,-6.0029
228.110,1.6895,9.3640,-6.0029
228.117,1.6895,9.3640,-6.0029
228.125,1.6827,9.3640,-6.0029
228.134,1.6827,9.3640,-6.0029
228.142,1.6760,9.3640,-6.0029
228.150,1.6760,9.3640,-6.0029
228.158,1.6760,9.3640,-6.0029
228.165,1.6693,9.3640,-6.0029
228.176,1.6693,9.3640,-6.0029
228.183,1.6626,9.3640,-6.0029
228.193,1.6626,9.3640,-6.0029
228.202,1.6559,9.3640,-6.0029
228.212,1.6559,9.3640,-6.0029
228.220,1.6491,9.3640,-6.0029
228.229,1.6491,9.3640,-6.0029
228.239,1.6424,9.3640,-6.0029
228.248,1.6424,9.3640,-6.0029
228.256,1.6424,9.3640,-6.0029
228.264,1.6357,9.3640,-6.0029
228.274,1.6357,9.3640,-6.0029
228.282,1.6290,9.3640,-6.0029
228.292,1.6290,9.3640,-6.0029
228.300,1.6223,9.3640,-6.0029
228.310,1.6223,9.3640,-6.0029
228.318,1.6223,9.3640,-6.0029
228.327,1.6155,9.3640,-6.0029
228.337,1.6155,9.3640,-6.0029
228.345,1.6088,9.3640,-6.0029
228.355,1.6088,9.3640,-6.0029
228.364,1.6021,9.3640,-6.0029
228.374,1.6021,9.3640,-6.0029
228.383,1.5954,9.3640,-6.0029
228.393,1.5954,9.3640,-6.0029
228.401,1.5887,9.3640,-6.0029
228.411,1.5887,9.3640,-6.0029
228.419,1.5819,9.3640,-6.0029
228.429,1.5819,9.3640,-6.0029
228.438,1.5819,9.3640,-6.0029
228.446,1.5752,9.3640,-6.0029
228.454,1.5752,9.3640,-6.0029
228.462,1.5685,9.3640,-6.0029
228.472,1.5685,9.3640,-6.0029
228.480,1.5618,9.3640,-6.0029
228.490,1.5618,9.3640,-6.0029
228.498,1.5618,9.3640,-6.0029
228.508,1.5551,9.3640,-6.0029
228.518,1.5551,9.3640,-6.0029
228.526,1.5483,9.3640,-6.0029
228.536,1.5483,9.3640,-6.0029
228.545,1.5416,9.3640,-6.0029
228.554,1.5416,9.3640,-6.0029
228.562,1.5349,9.3640,-6.0029
228.574,1.5349,9.3640,-6.0029
228.582,1.5282,9.3640,-6.0029
228.592,1.5282,9.3640,-6.0029
228.601,1.5214,9.3640,-6.0029
228.610,1.5214,9.3640,-6.0029
228.618,1.5214,9.3640,-6.0029
228.627,1.5147,9.3640,-6.0029
228.638,1.5147,9.3640,-6.0029
228.647,1.5080,9.3640,-6.0029
228.656,1.5080,9.3640,-6.0029
228.665,1.5013,9.3640,-6.0029
228.676,1.5013,9.3640,-6.0029
228.683,1.4946,9.3640,-6.0029
228.694,1.4946,9.3640,-6.0029
228.703,1.4878,9.3640,-6.0029
228.712,1.4878,9.3640,-6.0029
228.720,1.4811,9.3640,-6.0029
228.729,1.4811,9.3640,-6.0029
228.736,1.4811,9.3640,-6.0029
228.744,1.4744,9.3640,-6.0029
228.754,1.4744,9.3640,-6.0029
228.761,1.4677,9.3640,-6.0029
228.772,1.4677,9.3640,-6.0029
228.779,1.4610,9.3640,-6.0029
228.789,1.4610,9.3640,-6.0029
228.795,1.4610,9.3640,-6.0029
228.803,1.4543,9.3640,-6.0029
228.813,1.4543,9.3640,-6.0029
228.821,1.4476,9.3640,-6.0029
228.829,1.4476,9.3640,-6.0029
228.838,1.4476,9.3640,-6.0029
228.846,1.4409,9.3640,-6.0029
228.855,1.4409,9.3640,-6.0029
228.861,1.4342,9.3640,-6.0029
228.872,1.4342,9.3640,-6.0029
228.880,1.4275,9.3640,-6.0029
228.888,1.4275,9.3640,-6.0029
228.896,1.4275,9.3640,-6.0029
228.905,1.4207,9.3640,-6.0029
228.913,1.4207,9.3640,-6.0029
228.921,1.4140,9.3640,-6.0029
228.930,1.4140,9.3640,-6.0029
228.938,1.4140,9.3640,-6.0029
228.946,1.4073,9.3640,-6.0029
228.954,1.4073,9.3640,-6.0029
228.962,1.4006,9.3640,-6.0029
228.972,1.4006,9.3640,-6.0029
228.979,1.3939,9.3640,-6.0029
228.987,1.3939,9.3640,-6.0029
228.995,1.3939,9.3640,-6.0029
229.003,1.3872,9.3640,-6.0029
229.011,1.3872,9.3640,-6.0029
229.019,1.3805,9.3640,-6.0029
229.028,1.3805,9.3640,-6.0029
229.036,1.3805,9.3640,-6.0029
229.043,1.3738,9.3640,-6.0029
229.052,1.3738,9.3640,-6.0029
229.060,1.3671,9.3640,-6.0029
229.069,1.3671,9.3640,-6.0029
229.077,1.3671,9.3640,-6.0029
229.086,1.3604,9.3640,-6.0029
229.095,1.3604,9.3640,-6.0029
229.105,1.3537,9.3640,-6.0029
229.113,1.3537,9.3640,-6.0029
229.122,1.3470,9.3640,-6.0029
229.129,1.3470,9.3640,-6.0029
229.139,1.3402,9.3640,-6.0029
229.147,1.3402,9.3640,-6.0029
229.155,1.3402,9.3640,-6.0029
229.162,1.3335,9.3640,-6.0029
229.172,1.3335,9.3640,-6.0029
229.180,1.3268,9.3640,-6.0029
229.188,1.3268,9.3640,-6.0029
229.196,1.3268,9.3640,-6.0029
229.204,1.3201,9.3640,-6.0029
229.214,1.3201,9.3640,-6.0029
229.221,1.3134,9.3640,-6.0029
229.229,1.3134,9.3640,-6.0029
229.238,1.3134,9.3640,-6.0029
229.246,1.3067,9.3640,-6.0029
229.254,1.3067,9.3640,-6.0029
229.262,1.3000,9.3640,-6.0029
229.271,1.3000,9.3640,-6.0029
229.279,1.2933,9.3640,-6.0029
229.288,1.2933,9.3640,-6.0029
229.295,1.2933,9.3640,-6.0029
229.304,1.2865,9.3640,-6.0029
229.312,1.2865,9.3640,-6.0029
229.320,1.2798,9.3640,-6.0029
229.330,1.2798,9.3640,-6.0029
229.338,1.2798,9.3640,-6.0029
229.345,1.2731,9.3640,-6.0029
229.355,1.2731,9.3640,-6.0029
229.363,1.2664,9.3640,-6.0029
229.372,1.2664,9.3640,-6.0029
229.379,1.2597,9.3640,-6.0029
229.389,1.2597,9.3640,-6.0029
229.397,1.2597,9.3640,-6.0029
229.404,1.2529,9.3640,-6.0029
229.413,1.2529,9.3640,-6.0029
229.421,1.2462,9.3640,-6.0029
229.431,1.2462,9.3640,-6.0029
229.440,1.2395,9.3640,-6.0029
229.450,1.2395,9.3640,-6.0029
229.458,1.2395,9.3640,-6.0029
229.467,1.2328,9.3640,-6.0029
229.477,1.2328,9.3640,-6.0029
229.484,1.2261,9.3640,-6.0029
229.494,1.2261,9.3640,-6.0029
229.504,1.2194,9.3640,-6.0029
229.513,1.2194,9.3640,-6.0029
229.522,1.2127,9.3640,-6.0029
229.532,1.2127,9.3640,-6.0029
229.541,1.2059,9.3640,-6.0029
229.550,1.2059,9.3640,-6.0029
229.559,1.1992,9.3640,-6.0029
229.571,1.1992,9.3640,-6.0029
229.578,1.1925,9.3640,-6.0029
229.589,1.1925,9.3640,-6.0029
229.597,1.1925,9.3640,-6.0029
229.607,1.1858,9.3640,-6.0029
229.616,1.1858,9.3640,-6.0029
229.624,1.1791,9.3640,-6.0029
229.634,1.1791,9.3640,-6.0029
229.643,1.1724,9.3640,-6.0029
229.653,1.1724,9.3640,-6.0029
229.662,1.1657,9.3640,-6.0029
229.672,1.1657,9.3640,-6.0029
229.680,1.1590,9.3640,-6.0029
229.689,1.1590,9.3640,-6.0029
229.697,1.1590,9.3640,-6.0029
229.705,1.1523,9.3640,-6.0029
229.714,1.1523,9.3640,-6.0029
229.722,1.1456,9.3640,-6.0029
229.731,1.1456,9.3640,-6.0029
229.740,1.1388,9.3640,-6.0029
229.750,1.1388,9.3640,-6.0029
229.758,1.1321,9.3640,-6.0029
229.768,1.1321,9.3640,-6.0029
229.777,1.1321,9.3640,-6.0029
229.784,1.1254,9.3640,-6.0029
229.795,1.1254,9.3640,-6.0029
229.804,1.1187,9.3640,-6.0029
229.814,1.1187,9.3640,-6.0029
229.822,1.1120,9.3640,-6.0029
229.831,1.1120,9.3640,-6.0029
229.840,1.1053,9.3640,-6.0029
229.849,1.1053,9.3640,-6.0029
229.857,1.1053,9.3640,-6.0029
229.866,1.0986,9.3640,-6.0029
229.877,1.0986,9.3640,-6.0029
229.884,1.0918,9.3640,-6.0029
229.894,1.0918,9.3640,-6.0029
229.903,1.0851,9.3640,-6.0029
229.913,1.0851,9.3640,-6.0029
229.922,1.0784,9.3640,-6.0029
229.931,1.0784,9.3640,-6.0029
229.941,1.0717,9.3640,-6.0029
229.950,1.0717,9.3640,-6.0029
229.959,1.0650,9.3640,-6.0029
229.969,1.0650,9.3640,-6.0029
229.976,1.0650,9.3640,-6.0029
229.984,1.0582,9.3640,-6.0029
229.994,1.0582,9.3640,-6.0029
230.001,1.0515,9.3640,-6.0029
230.011,1.0515,9.3640,-6.0029
230.019,1.0448,9.3640,-6.0029
230.028,1.0448,9.3640,-6.0029
230.037,1.0448,9.3640,-6.0029
230.044,1.0381,9.3640,-6.0029
230.054,1.0381,9.3640,-6.0029
230.061,1.0313,9.3640,-6.0029
230.071,1.0313,9.3640,-6.0029
230.078,1.0313,9.3640,-6.0029
230.087,1.0246,9.3640,-6.0029
230.094,1.0246,9.3640,-6.0029
230.103,1.0179,9.3640,-6.0029
230.113,1.0179,9.3640,-6.0029
230.121,1.0111,9.3640,-6.0029
230.131,1.0111,9.3640,-6.0029
230.139,1.0044,9.3640,-6.0029
230.148,1.0044,9.3640,-6.0029
230.155,1.0044,9.3640,-6.0029
230.163,0.9977,9.3640,-6.0029
230.173,0.9977,9.3640,-6.0029
230.180,0.9910,9.3640,-6.0029
230.189,0.9910,9.3640,-6.0029
230.196,0.9910,9.3640,-6.0029
230.205,0.9842,9.3640,-6.0029
230.214,0.9842,9.3640,-6.0029
230.222,0.9775,9.3640,-6.0029
230.230,0.9775,9.3640,-6.0029
230.239,0.9708,9.3640,-6.0029
230.247,0.9708,9.3640,-6.0029
230.256,0.9708,9.3640,-6.0029
230.263,0.9640,9.3640,-6.0029
230.274,0.9640,9.3640,-6.0029
230.280,0.9573,9.3640,-6.0029
230.290,0.9573,9.3640,-6.0029
230.297,0.9573,9.3640,-6.0029
230.305,0.9506,9.3640,-6.0029
230.315,0.9506,9.3640,-6.0029
230.322,0.9439,9.3640,-6.0029
230.332,0.9439,9.3640,-6.0029
230.339,0.9371,9.3640,-6.0029
230.347,0.9371,9.3640,-6.0029
230.355,0.9371,9.3640,-6.0029
230.363,0.9304,9.3640,-6.0029
230.380,0.9236,9.3640,-6.0029
230.390,0.9236,9.3640,-6.0029
230.398,0.9236,9.3640,-6.0029
230.407,0.9169,9.3640,-6.0029
230.416,0.9169,9.3640,-6.0029
230.423,0.9102,9.3640,-6.0029
230.433,0.9102,9.3640,-6.0029
230.441,0.9034,9.3640,-6.0029
230.451,0.9034,9.3640,-6.0029
230.459,0.8967,9.3640,-6.0029
230.468,0.8967,9.3640,-6.0029
230.476,0.8967,9.3640,-6.0029
230.483,0.8900,9.3640,-6.0029
230.492,0.8900,9.3640,-6.0029
230.501,0.8833,9.3640,-6.0029
230.511,0.8833,9.3640,-6.0029
230.519,0.8765,9.3640,-6.0029
230.528,0.8765,9.3640,-6.0029
230.536,0.8765,9.3640,-6.0029
230.544,0.8698,9.3640,-6.0029
230.552,0.8698,9.3640,-6.0029
230.560,0.8631,9.3640,-6.0029
230.570,0.8631,9.3640,-6.0029
230.577,0.8631,9.3640,-6.0029
230.585,0.8563,9.3640,-6.0029
230.594,0.8563,9.3640,-6.0029
230.602,0.8496,9.3640,-6.0029
230.611,0.8496,9.3640,-6.0029
230.619,0.8429,9.3640,-6.0029
230.628,0.8429,9.3640,-6.0029
230.636,0.8429,9.3640,-6.0029
230.644,0.8362,9.3640,-6.0029
230.653,0.8362,9.3640,-6.0029
230.661,0.8294,9.3640,-6.0029
230.671,0.8294,9.3640,-6.0029
230.679,0.8227,9.3640,-6.0029
230.689,0.8227,9.3640,-6.0029
230.696,0.8227,9.3640,-6.0029
230.705,0.8160,9.3640,-6.0029
230.714,0.8160,9.3640,-6.0029
230.723,0.8093,9.3640,-6.0029
230.732,0.8093,9.3640,-6.0029
230.741,0.8025,9.3640,-6.0029
230.750,0.8025,9.3640,-6.0029
230.759,0.7958,9.3640,-6.0029
230.769,0.7958,9.3640,-6.0029
230.778,0.7958,9.3640,-6.0029
230.787,0.7891,9.3640,-6.0029
230.796,0.7891,9.3640,-6.0029
230.806,0.7823,9.3640,-6.0029
230.816,0.7823,9.3640,-6.0029
230.824,0.7756,9.3640,-6.0029
230.833,0.7756,9.3640,-6.0029
230.842,0.7689,9.3640,-6.0029
230.853,0.7689,9.3640,-6.0029
230.861,0.7621,9.3640,-6.0029
230.871,0.7621,9.3640,-6.0029
230.879,0.7554,9.3640,-6.0029
230.889,0.7554,9.3640,-6.0029
230.899,0.7487,9.3640,-6.0029
230.909,0.7487,9.3640,-6.0029
230.918,0.7487,9.3640,-6.0029
230.926,0.7420,9.3640,-6.0029
230.936,0.7420,9.3640,-6.0029
230.944,0.7352,9.3640,-6.0029
230.952,0.7352,9.3640,-6.0029
230.960,0.7285,9.3640,-6.0029
230.971,0.7285,9.3640,-6.0029
230.980,0.7218,9.3640,-6.0029
230.989,0.7218,9.3640,-6.0029
230.997,0.7218,9.3640,-6.0029
231.006,0.7151,9.3640,-6.0029
231.015,0.7151,9.3640,-6.0029
231.023,0.7083,9.3640,-6.0029
231.032,0.7083,9.3640,-6.0029
231.042,0.7016,9.3640,-6.0029
231.051,0.7016,9.3640,-6.0029
231.059,0.6949,9.3640,-6.0029
231.070,0.6949,9.3640,-6.0029
231.078,0.6949,9.3640,-6.0029
231.087,0.6882,9.3640,-6.0029
231.095,0.6882,9.3640,-6.0029
231.105,0.6815,9.3640,-6.0029
231.114,0.6815,9.3640,-6.0029
231.122,0.6748,9.3640,-6.0029
231.131,0.6748,9.3640,-6.0029
231.141,0.6680,9.3640,-6.0029
231.151,0.6680,9.3640,-6.0029
231.159,0.6613,9.3640,-6.0029
231.170,0.6613,9.3640,-6.0029
231.178,0.6613,9.3640,-6.0029
231.187,0.6546,9.3640,-6.0029
231.197,0.6546,9.3640,-6.0029
231.206,0.6479,9.3640,-6.0029
231.214,0.6479,9.3640,-6.0029
231.222,0.6412,9.3640,-6.0029
231.230,0.6412,9.3640,-6.0029
231.239,0.6345,9.3640,-6.0029
231.247,0.6345,9.3640,-6.0029
231.256,0.6345,9.3640,-6.0029
231.263,0.6277,9.3640,-6.0029
231.272,0.6277,9.3640,-6.0029
231.280,0.6210,9.3640,-6.0029
231.289,0.6210,9.3640,-6.0029
231.296,0.6210,9.3640,-6.0029
231.304,0.6143,9.3640,-6.0029
231.313,0.6143,9.3640,-6.0029
231.321,0.6076,9.3640,-6.0029
231.329,0.6076,9.3640,-6.0029
231.338,0.6076,9.3640,-6.0029
231.346,0.6009,9.3640,-6.0029
231.355,0.6009,9.3640,-6.0029
231.363,0.5942,9.3640,-6.0029
231.373,0.5942,9.3640,-6.0029
231.380,0.5874,9.3640,-6.0029
231.390,0.5874,9.3640,-6.0029
231.398,0.5874,9.3640,-6.0029
231.406,0.5807,9.3640,-6.0029
231.415,0.5807,9.3640,-6.0029
231.423,0.5740,9.3640,-6.0029
231.432,0.5740,9.3640,-6.0029
231.441,0.5673,9.3640,-6.0029
231.449,0.5673,9.3640,-6.0029
231.457,0.5673,9.3640,-6.0029
231.465,0.5606,9.3640,-6.0029
231.475,0.5606,9.3640,-6.0029
231.481,0.5539,9.3640,-6.0029
231.492,0.5539,9.3640,-6.0029
231.501,0.5472,9.3640,-6.0029
231.510,0.5472,9.3640,-6.0029
231.519,0.5405,9.3640,-6.0029
231.528,0.5405,9.3640,-6.0029
231.537,0.5405,9.3640,-6.0029
231.544,0.5337,9.3640,-6.0029
231.553,0.5337,9.3640,-6.0029
231.562,0.5270,9.3640,-6.0029
231.571,0.5270,9.3640,-6.0029
231.579,0.5203,9.3640,-6.0029
231.588,0.5203,9.3640,-6.0029
231.595,0.5203,9.3640,-6.0029
231.604,0.5136,9.3640,-6.0029
231.612,0.5136,9.3640,-6.0029
231.621,0.5069,9.3640,-6.0029
231.631,0.5069,9.3640,-6.0029
231.637,0.5069,9.3640,-6.0029
231.646,0.5002,9.3640,-6.0029
231.654,0.5002,9.3640,-6.0029
231.662,0.4935,9.3640,-6.0029
231.672,0.4935,9.3640,-6.0029
231.680,0.4867,9.3640,-6.0029
231.689,0.4867,9.3640,-6.0029
231.696,0.4867,9.3640,-6.0029
231.705,0.4800,9.3640,-6.0029
231.714,0.4800,9.3640,-6.0029
231.723,0.4733,9.3640,-6.0029
231.732,0.4733,9.3640,-6.0029
231.740,0.4666,9.3640,-6.0029
231.751,0.4666,9.3640,-6.0029
231.760,0.4599,9.3640,-6.0029
231.770,0.4599,9.3640,-6.0029
231.778,0.4599,9.3640,-6.0029
231.786,0.4532,9.3640,-6.0029
231.795,0.4532,9.3640,-6.0029
231.804,0.4465,9.3640,-6.0029
231.812,0.4465,9.3640,-6.0029
231.820,0.4398,9.3640,-6.0029
231.829,0.4398,9.3640,-6.0029
231.838,0.4398,9.3640,-6.0029
231.845,0.4331,9.3640,-6.0029
231.855,0.4331,9.3640,-6.0029
231.864,0.4264,9.3640,-6.0029
231.874,0.4264,9.3640,-6.0029
231.881,0.4197,9.3640,-6.0029
231.892,0.4197,9.3640,-6.0029
231.900,0.4130,9.3640,-6.0029
231.909,0.4130,9.3640,-6.0029
231.917,0.4130,9.3640,-6.0029
231.926,0.4062,9.3640,-6.0029
231.937,0.4062,9.3640,-6.0029
231.945,0.3995,9.3640,-6.0029
231.954,0.3995,9.3640,-6.0029
231.965,0.3928,9.3640,-6.0029
231.975,0.3928,9.3640,-6.0029
231.983,0.3861,9.3640,-6.0029
231.994,0.3861,9.3640,-6.0029
232.002,0.3794,9.3640,-6.0029
232.012,0.3794,9.3640,-6.0029
232.021,0.3727,9.3640,-6.0029
232.030,0.3727,9.3640,-6.0029
232.039,0.3660,9.3640,-6.0029
232.049,0.3660,9.3640,-6.0029
232.057,0.3660,9.3640,-6.0029
232.066,0.3593,9.3640,-6.0029
232.077,0.3593,9.3640,-6.0029
232.085,0.3525,9.3640,-6.0029
232.095,0.3525,9.3640,-6.0029
232.104,0.3458,9.3640,-6.0029
232.115,0.3458,9.3640,-6.0029
232.123,0.3391,9.3640,-6.0029
232.133,0.3391,9.3640,-6.0029
232.142,0.3324,9.3640,-6.0029
232.153,0.3324,9.3640,-6.0029
232.162,0.3257,9.3640,-6.0029
232.173,0.3257,9.3640,-6.0029
232.181,0.3189,9.3640,-6.0029
232.190,0.3189,9.3640,-6.0029
232.198,0.3189,9.3640,-6.0029
232.207,0.3122,9.3640,-6.0029
232.214,0.3122,9.3640,-6.0029
232.223,0.3055,9.3640,-6.0029
232.233,0.3055,9.3640,-6.0029
232.241,0.2988,9.3640,-6.0029
232.250,0.2988,9.3640,-6.0029
232.260,0.2920,9.3640,-6.0029
232.270,0.2920,9.3640,-6.0029
232.278,0.2920,9.3640,-6.0029
232.286,0.2853,9.3640,-6.0029
232.295,0.2853,9.3640,-6.0029
232.304,0.2786,9.3640,-6.0029
232.314,0.2786,9.3640,-6.0029
232.323,0.2718,9.3640,-6.0029
232.332,0.2718,9.3640,-6.0029
232.340,0.2651,9.3640,-6.0029
232.349,0.2651,9.3640,-6.0029
232.358,0.2651,9.3640,-6.0029
232.365,0.2584,9.3640,-6.0029
232.376,0.2584,9.3640,-6.0029
232.385,0.2516,9.3640,-6.0029
232.394,0.2516,9.3640,-6.0029
232.403,0.2449,9.3640,-6.0029
232.412,0.2449,9.3640,-6.0029
232.420,0.2381,9.3640,-6.0029
232.429,0.2381,9.3640,-6.0029
232.438,0.2381,9.3640,-6.0029
232.447,0.2314,9.3640,-6.0029
232.456,0.2314,9.3640,-6.0029
232.466,0.2247,9.3640,-6.0029
232.476,0.2247,9.3640,-6.0029
232.483,0.2179,9.3640,-6.0029
232.493,0.2179,9.3640,-6.0029
232.501,0.2112,9.3640,-6.0029
232.510,0.2112,9.3640,-6.0029
232.517,0.2112,9.3640,-6.0029
232.526,0.2045,9.3640,-6.0029
232.535,0.2045,9.3640,-6.0029
232.544,0.1977,9.3640,-6.0029
232.554,0.1977,9.3640,-6.0029
232.562,0.1910,9.3640,-6.0029
232.572,0.1910,9.3640,-6.0029
232.580,0.1843,9.3640,-6.0029
232.589,0.1843,9.3640,-6.0029
232.597,0.1843,9.3640,-6.0029
232.606,0.1775,9.3640,-6.0029
232.614,0.1775,9.3640,-6.0029
232.622,0.1708,9.3640,-6.0029
232.629,0.1708,9.3640,-6.0029
232.638,0.1708,9.3640,-6.0029
232.646,0.1640,9.3640,-6.0029
232.655,0.1640,9.3640,-6.0029
232.661,0.1573,9.3640,-6.0029
232.672,0.1573,9.3640,-6.0029
232.679,0.1506,9.3640,-6.0029
232.687,0.1506,9.3640,-6.0029
232.694,0.1506,9.3640,-6.0029
232.703,0.1438,9.3640,-6.0029
232.711,0.1438,9.3640,-6.0029
232.727,0.1371,9.3640,-6.0029
232.737,0.1371,9.3640,-6.0029
232.745,0.1304,9.3640,-6.0029
232.754,0.1304,9.3640,-6.0029
232.762,0.1236,9.3640,-6.0029
232.773,0.1236,9.3640,-6.0029
232.780,0.1169,9.3640,-6.0029
232.790,0.1169,9.3640,-6.0029
232.798,0.1169,9.3640,-6.0029
232.807,0.1102,9.3640,-6.0029
232.816,0.1102,9.3640,-6.0029
232.824,0.1034,9.3640,-6.0029
232.835,0.1034,9.3640,-6.0029
232.843,0.0967,9.3640,-6.0029
232.852,0.0967,9.3640,-6.0029
232.860,0.0900,9.3640,-6.0029
232.870,0.0900,9.3640,-6.0029
232.877,0.0900,9.3640,-6.0029
232.886,0.0832,9.3640,-6.0029
232.897,0.0832,9.3640,-6.0029
232.906,0.0765,9.3640,-6.0029
232.915,0.0765,9.3640,-6.0029
232.923,0.0698,9.3640,-6.0029
232.932,0.0698,9.3640,-6.0029
232.940,0.0630,9.3640,-6.0029
232.950,0.0630,9.3640,-6.0029
232.958,0.0630,9.3640,-6.0029
232.966,0.0563,9.3640,-6.0029
232.976,0.0563,9.3640,-6.0029
232.984,0.0496,9.3640,-6.0029
232.994,0.0496,9.3640,-6.0029
233.003,0.0428,9.3640,-6.0029
233.012,0.0428,9.3640,-6.0029
233.020,0.0361,9.3640,-6.0029
233.028,0.0361,9.3640,-6.0029
233.038,0.0361,9.3640,-6.0029
233.045,0.0294,9.3640,-6.0029
233.055,0.0294,9.3640,-6.0029
233.062,0.0226,9.3640,-6.0029
233.073,0.0226,9.3640,-6.0029
233.080,0.0159,9.3640,-6.0029
233.090,0.0159,9.3640,-6.0029
233.097,0.0159,9.3640,-6.0029
233.107,0.0092,9.3640,-6.0029
233.115,0.0092,9.3640,-6.0029
233.124,0.0024,9.3640,-6.0029
233.133,0.0024,9.3640,-6.0029
233.142,-0.0043,9.3640,-6.0029
233.151,-0.0043,9.3640,-6.0029
233.158,-0.0043,9.3640,-6.0029
233.167,-0.0110,9.3640,-6.0029
233.176,-0.0110,9.3640,-6.0029
233.186,-0.0178,9.3640,-6.0029
233.197,-0.0178,9.3640,-6.0029
233.205,-0.0245,9.3640,-6.0029
233.215,-0.0245,9.3640,-6.0029
233.223,-0.0312,9.3640,-6.0029
233.234,-0.0312,9.3640,-6.0029
233.243,-0.0380,9.3640,-6.0029
233.253,-0.0380,9.3640,-6.0029
233.262,-0.0447,9.3640,-6.0029
233.273,-0.0447,9.3640,-6.0029
233.281,-0.0514,9.3640,-6.0029
233.292,-0.0514,9.3640,-6.0029
233.301,-0.0582,9.3640,-6.0029
233.312,-0.0582,9.3640,-6.0029
233.320,-0.0649,9.3640,-6.0029
233.329,-0.0649,9.3640,-6.0029
233.338,-0.0716,9.3640,-6.0029
233.348,-0.0716,9.3640,-6.0029
233.356,-0.0716,9.3640,-6.0029
233.365,-0.0784,9.3640,-6.0029
233.377,-0.0784,9.3640,-6.0029
233.386,-0.0851,9.3640,-6.0029
233.398,-0.0851,9.3640,-6.0029
233.407,-0.0918,9.3640,-6.0029
233.417,-0.0918,9.3640,-6.0029
233.425,-0.0986,9.3640,-6.0029
233.435,-0.0986,9.3640,-6.0029
233.443,-0.1053,9.3640,-6.0029
233.453,-0.1053,9.3640,-6.0029
233.461,-0.1120,9.3640,-6.0029
233.470,-0.1120,9.3640,-6.0029
233.478,-0.1187,9.3640,-6.0029
233.488,-0.1187,9.3640,-6.0029
233.497,-0.1187,9.3640,-6.0029
233.505,-0.1255,9.3640,-6.0029
233.515,-0.1255,9.3640,-6.0029
233.525,-0.1322,9.3640,-6.0029
233.534,-0.1322,9.3640,-6.0029
233.542,-0.1389,9.3640,-6.0029
233.553,-0.1389,9.3640,-6.0029
233.561,-0.1456,9.3640,-6.0029
233.572,-0.1456,9.3640,-6.0029
233.579,-0.1523,9.3640,-6.0029
233.590,-0.1523,9.3640,-6.0029
233.597,-0.1523,9.3640,-6.0029
233.606,-0.1591,9.3640,-6.0029
233.616,-0.1591,9.3640,-6.0029
233.625,-0.1658,9.3640,-6.0029
233.635,-0.1658,9.3640,-6.0029
233.643,-0.1725,9.3640,-6.0029
233.653,-0.1725,9.3640,-6.0029
233.661,-0.1792,9.3640,-6.0029
233.672,-0.1792,9.3640,-6.0029
233.681,-0.1859,9.3640,-6.0029
233.690,-0.1859,9.3640,-6.0029
233.699,-0.1926,9.3640,-6.0029
233.710,-0.1926,9.3640,-6.0029
233.719,-0.1994,9.3640,-6.0029
233.729,-0.1994,9.3640,-6.0029
233.738,-0.1994,9.3640,-6.0029
233.745,-0.2061,9.3640,-6.0029
233.756,-0.2061,9.3640,-6.0029
233.764,-0.2128,9.3640,-6.0029
233.774,-0.2128,9.3640,-6.0029
233.781,-0.2195,9.3640,-6.0029
233.792,-0.2195,9.3640,-6.0029
233.800,-0.2262,9.3640,-6.0029
233.810,-0.2262,9.3640,-6.0029
233.817,-0.2262,9.3640,-6.0029
233.825,-0.2329,9.3640,-6.0029
233.835,-0.2329,9.3640,-6.0029
233.843,-0.2396,9.3640,-6.0029
233.851,-0.2396,9.3640,-6.0029
233.860,-0.2464,9.3640,-6.0029
233.871,-0.2464,9.3640,-6.0029
233.878,-0.2464,9.3640,-6.0029
233.887,-0.2531,9.3640,-6.0029
233.897,-0.2531,9.3640,-6.0029
233.905,-0.2598,9.3640,-6.0029
233.915,-0.2598,9.3640,-6.0029
233.923,-0.2665,9.3640,-6.0029
233.932,-0.2665,9.3640,-6.0029
233.941,-0.2732,9.3640,-6.0029
233.950,-0.2732,9.3640,-6.0029
233.959,-0.2799,9.3640,-6.0029
233.967,-0.2799,9.3640,-6.0029
233.976,-0.2799,9.3640,-6.0029
233.983,-0.2866,9.3640,-6.0029
233.994,-0.2866,9.3640,-6.0029
234.002,-0.2934,9.3640,-6.0029
234.012,-0.2934,9.3640,-6.0029
234.020,-0.3001,9.3640,-6.0029
234.030,-0.3001,9.3640,-6.0029
234.039,-0.3068,9.3640,-6.0029
234.048,-0.3068,9.3640,-6.0029
234.056,-0.3068,9.3640,-6.0029
234.064,-0.3135,9.3640,-6.0029
234.074,-0.3135,9.3640,-6.0029
234.082,-0.3202,9.3640,-6.0029
234.091,-0.3202,9.3640,-6.0029
234.100,-0.3269,9.3640,-6.0029
234.109,-0.3269,9.3640,-6.0029
234.117,-0.3269,9.3640,-6.0029
234.124,-0.3337,9.3640,-6.0029
234.135,-0.3337,9.3640,-6.0029
234.143,-0.3404,9.3640,-6.0029
234.153,-0.3404,9.3640,-6.0029
234.161,-0.3471,9.3640,-6.0029
234.171,-0.3471,9.3640,-6.0029
234.180,-0.3538,9.3640,-6.0029
234.190,-0.3538,9.3640,-6.0029
234.198,-0.3538,9.3640,-6.0029
234.208,-0.3605,9.3640,-6.0029
234.218,-0.3605,9.3640,-6.0029
234.228,-0.3672,9.3640,-6.0029
234.239,-0.3739,9.3640,-6.0029
234.249,-0.3739,9.3640,-6.0029
234.258,-0.3739,9.3640,-6.0029
234.265,-0.3806,9.3640,-6.0029
234.275,-0.3806,9.3640,-6.0029
234.283,-0.3874,9.3640,-6.0029
234.292,-0.3874,9.3640,-6.0029
234.300,-0.3941,9.3640,-6.0029
234.310,-0.3941,9.3640,-6.0029
234.318,-0.3941,9.3640,-6.0029
234.325,-0.4008,9.3640,-6.0029
234.336,-0.4008,9.3640,-6.0029
234.344,-0.4075,9.3640,-6.0029
234.354,-0.4075,9.3640,-6.0029
234.362,-0.4142,9.3640,-6.0029
234.373,-0.4142,9.3640,-6.0029
234.380,-0.4209,9.3640,-6.0029
234.388,-0.4209,9.3640,-6.0029
234.396,-0.4209,9.3640,-6.0029
234.406,-0.4276,9.3640,-6.0029
234.414,-0.4276,9.3640,-6.0029
234.422,-0.4344,9.3640,-6.0029
234.432,-0.4344,9.3640,-6.0029
234.441,-0.4411,9.3640,-6.0029
234.450,-0.4411,9.3640,-6.0029
234.458,-0.4478,9.3640,-6.0029
234.470,-0.4478,9.3640,-6.0029
234.478,-0.4478,9.3640,-6.0029
234.488,-0.4545,9.3640,-6.0029
234.497,-0.4545,9.3640,-6.0029
234.506,-0.4613,9.3640,-6.0029
234.516,-0.4613,9.3640,-6.0029
234.524,-0.4680,9.3640,-6.0029
234.535,-0.4680,9.3640,-6.0029
234.543,-0.4747,9.3640,-6.0029
234.553,-0.4747,9.3640,-6.0029
234.561,-0.4814,9.3640,-6.0029
234.573,-0.4814,9.3640,-6.0029
234.582,-0.4881,9.3640,-6.0029
234.591,-0.4881,9.3640,-6.0029
234.600,-0.4949,9.3640,-6.0029
234.610,-0.4949,9.3640,-6.0029
234.619,-0.5016,9.3640,-6.0029
234.629,-0.5016,9.3640,-6.0029
234.638,-0.5016,9.3640,-6.0029
234.648,-0.5083,9.3640,-6.0029
234.658,-0.5083,9.3640,-6.0029
234.667,-0.5150,9.3640,-6.0029
234.678,-0.5150,9.3640,-6.0029
234.686,-0.5217,9.3640,-6.0029
234.697,-0.5217,9.3640,-6.0029
234.707,-0.5285,9.3640,-6.0029
234.716,-0.5285,9.3640,-6.0029
234.724,-0.5352,9.3640,-6.0029
234.733,-0.5352,9.3640,-6.0029
234.742,-0.5419,9.3640,-6.0029
234.750,-0.5419,9.3640,-6.0029
234.760,-0.5487,9.3640,-6.0029
234.772,-0.5487,9.3640,-6.0029
234.780,-0.5554,9.3640,-6.0029
234.790,-0.5554,9.3640,-6.0029
234.800,-0.5621,9.3640,-6.0029
234.810,-0.5621,9.3640,-6.0029
234.820,-0.5689,9.3640,-6.0029
234.830,-0.5689,9.3640,-6.0029
234.838,-0.5689,9.3640,-6.0029
234.847,-0.5756,9.3640,-6.0029
234.857,-0.5756,9.3640,-6.0029
234.866,-0.5824,9.3640,-6.0029
234.876,-0.5824,9.3640,-6.0029
234.885,-0.5891,9.3640,-6.0029
234.896,-0.5891,9.3640,-6.0029
234.904,-0.5958,9.3640,-6.0029
234.915,-0.5958,9.3640,-6.0029
234.923,-0.6026,9.3640,-6.0029
234.933,-0.6026,9.3640,-6.0029
234.944,-0.6093,9.3640,-6.0029
234.954,-0.6093,9.3640,-6.0029
234.964,-0.6161,9.3640,-6.0029
234.975,-0.6161,9.3640,-6.0029
234.983,-0.6228,9.3640,-6.0029
234.993,-0.6228,9.3640,-6.0029
235.003,-0.6296,9.3640,-6.0029
235.012,-0.6296,9.3640,-6.0029
235.021,-0.6363,9.3640,-6.0029
235.030,-0.6363,9.3640,-6.0029
235.039,-0.6430,9.3640,-6.0029
235.047,-0.6430,9.3640,-6.0029
235.056,-0.6430,9.3640,-6.0029
235.063,-0.6498,9.3640,-6.0029
235.075,-0.6498,9.3640,-6.0029
235.082,-0.6565,9.3640,-6.0029
235.093,-0.6565,9.3640,-6.0029
235.101,-0.6633,9.3640,-6.0029
235.109,-0.6633,9.3640,-6.0029
235.117,-0.6633,9.3640,-6.0029
235.125,-0.6700,9.3640,-6.0029
235.135,-0.6700,9.3640,-6.0029
235.143,-0.6767,9.3640,-6.0029
235.151,-0.6767,9.3640,-6.0029
235.168,-0.6835,9.3640,-6.0029
235.178,-0.6835,9.3640,-6.0029
235.187,-0.6902,9.3640,-6.0029
235.196,-0.6902,9.3640,-6.0029
235.205,-0.6970,9.3640,-6.0029
235.214,-0.6970,9.3640,-6.0029
235.223,-0.7037,9.3640,-6.0029
235.232,-0.7037,9.3640,-6.0029
235.240,-0.7105,9.3640,-6.0029
235.250,-0.7105,9.3640,-6.0029
235.257,-0.7105,9.3640,-6.0029
235.266,-0.7172,9.3640,-6.0029
235.276,-0.7172,9.3640,-6.0029
235.284,-0.7239,9.3640,-6.0029
235.293,-0.7239,9.3640,-6.0029
235.302,-0.7307,9.3640,-6.0029
235.312,-0.7307,9.3640,-6.0029
235.320,-0.7374,9.3640,-6.0029
235.330,-0.7374,9.3640,-6.0029
235.338,-0.7374,9.3640,-6.0029
235.346,-0.7442,9.3640,-6.0029
235.355,-0.7442,9.3640,-6.0029
235.363,-0.7509,9.3640,-6.0029
235.374,-0.7509,9.3640,-6.0029
235.381,-0.7577,9.3640,-6.0029
235.391,-0.7577,9.3640,-6.0029
235.400,-0.7644,9.3640,-6.0029
235.409,-0.7644,9.3640,-6.0029
235.416,-0.7644,9.3640,-6.0029
235.425,-0.7712,9.3640,-6.0029
235.434,-0.7712,9.3640,-6.0029
235.442,-0.7779,9.3640,-6.0029
235.452,-0.7779,9.3640,-6.0029
235.460,-0.7846,9.3640,-6.0029
235.471,-0.7846,9.3640,-6.0029
235.478,-0.7846,9.3640,-6.0029
235.486,-0.7914,9.3640,-6.0029
235.496,-0.7914,9.3640,-6.0029
235.504,-0.7981,9.3640,-6.0029
235.512,-0.7981,9.3640,-6.0029
235.521,-0.8049,9.3640,-6.0029
235.530,-0.8049,9.3640,-6.0029
235.538,-0.8116,9.3640,-6.0029
235.547,-0.8116,9.3640,-6.0029
235.555,-0.8116,9.3640,-6.0029
235.563,-0.8184,9.3640,-6.0029
235.573,-0.8184,9.3640,-6.0029
235.583,-0.8251,9.3640,-6.0029
235.591,-0.8251,9.3640,-6.0029
235.600,-0.8319,9.3640,-6.0029
235.610,-0.8319,9.3640,-6.0029
235.618,-0.8319,9.3640,-6.0029
235.625,-0.8386,9.3640,-6.0029
235.635,-0.8386,9.3640,-6.0029
235.643,-0.8453,9.3640,-6.0029
235.653,-0.8453,9.3640,-6.0029
235.661,-0.8521,9.3640,-6.0029
235.672,-0.8521,9.3640,-6.0029
235.680,-0.8588,9.3640,-6.0029
235.690,-0.8588,9.3640,-6.0029
235.697,-0.8588,9.3640,-6.0029
235.706,-0.8656,9.3640,-6.0029
235.716,-0.8656,9.3640,-6.0029
235.724,-0.8723,9.3640,-6.0029
235.734,-0.8723,9.3640,-6.0029
235.742,-0.8791,9.3640,-6.0029
235.753,-0.8791,9.3640,-6.0029
235.763,-0.8858,9.3640,-6.0029
235.773,-0.8858,9.3640,-6.0029
235.782,-0.8926,9.3640,-6.0029
235.792,-0.8926,9.3640,-6.0029
235.800,-0.8993,9.3640,-6.0029
235.811,-0.8993,9.3640,-6.0029
235.821,-0.9061,9.3640,-6.0029
235.831,-0.9061,9.3640,-6.0029
235.840,-0.9128,9.3640,-6.0029
235.850,-0.9128,9.3640,-6.0029
235.860,-0.9196,9.3640,-6.0029
235.871,-0.9196,9.3640,-6.0029
235.880,-0.9263,9.3640,-6.0029
235.890,-0.9263,9.3640,-6.0029
235.898,-0.9263,9.3640,-6.0029
235.907,-0.9330,9.3640,-6.0029
235.916,-0.9330,9.3640,-6.0029
235.925,-0.9398,9.3640,-6.0029
235.936,-0.9398,9.3640,-6.0029
235.944,-0.9465,9.3640,-6.0029
235.955,-0.9465,9.3640,-6.0029
235.962,-0.9533,9.3640,-6.0029
235.972,-0.9533,9.3640,-6.0029
235.979,-0.9600,9.3640,-6.0029
235.989,-0.9600,9.3640,-6.0029
235.996,-0.9600,9.3640,-6.0029
236.006,-0.9668,9.3640,-6.0029
236.015,-0.9668,9.3640,-6.0029
236.024,-0.9735,9.3640,-6.0029
236.035,-0.9735,9.3640,-6.0029
236.043,-0.9803,9.3640,-6.0029
236.052,-0.9803,9.3640,-6.0029
236.061,-0.9870,9.3640,-6.0029
236.071,-0.9870,9.3640,-6.0029
236.080,-0.9937,9.3640,-6.0029
236.092,-0.9937,9.3640,-6.0029
236.100,-1.0005,9.3640,-6.0029
236.110,-1.0005,9.3640,-6.0029
236.118,-1.0005,9.3640,-6.0029
236.127,-1.0072,9.3640,-6.0029
236.136,-1.0072,9.3640,-6.0029
236.144,-1.0140,9.3640,-6.0029
236.155,-1.0140,9.3640,-6.0029
236.163,-1.0207,9.3640,-6.0029
236.174,-1.0207,9.3640,-6.0029
236.182,-1.0275,9.3640,-6.0029
236.193,-1.0275,9.3640,-6.0029
236.202,-1.0342,9.3640,-6.0029
236.212,-1.0342,9.3640,-6.0029
236.222,-1.0409,9.3640,-6.0029
236.233,-1.0409,9.3640,-6.0029
236.242,-1.0477,9.3640,-6.0029
236.252,-1.0477,9.3640,-6.0029
236.259,-1.0544,9.3640,-6.0029
236.269,-1.0544,9.3640,-6.0029
236.278,-1.0544,9.3640,-6.0029
236.285,-1.0612,9.3640,-6.0029
236.296,-1.0612,9.3640,-6.0029
236.304,-1.0679,9.3640,-6.0029
236.313,-1.0679,9.3640,-6.0029
236.321,-1.0747,9.3640,-6.0029
236.329,-1.0747,9.3640,-6.0029
236.338,-1.0814,9.3640,-6.0029
236.347,-1.0814,9.3640,-6.0029
236.355,-1.0814,9.3640,-6.0029
236.362,-1.0881,9.3640,-6.0029
236.373,-1.0881,9.3640,-6.0029
236.380,-1.0949,9.3640,-6.0029
236.390,-1.0949,9.3640,-6.0029
236.397,-1.0949,9.3640,-6.0029
236.406,-1.1016,9.3640,-6.0029
236.414,-1.1016,9.3640,-6.0029
236.422,-1.1084,9.3640,-6.0029
236.432,-1.1084,9.3640,-6.0029
236.440,-1.1151,9.3640,-6.0029
236.449,-1.1151,9.3640,-6.0029
236.456,-1.1151,9.3640,-6.0029
236.464,-1.1219,9.3640,-6.0029
236.473,-1.1219,9.3640,-6.0029
236.482,-1.1286,9.3640,-6.0029
236.492,-1.1286,9.3640,-6.0029
236.500,-1.1353,9.3640,-6.0029
236.510,-1.1353,9.3640,-6.0029
236.518,-1.1353,9.3640,-6.0029
236.526,-1.1421,9.3640,-6.0029
236.536,-1.1421,9.3640,-6.0029
236.545,-1.1488,9.3640,-6.0029
236.553,-1.1488,9.3640,-6.0029
236.562,-1.1555,9.3640,-6.0029
236.573,-1.1555,9.3640,-6.0029
236.581,-1.1623,9.3640,-6.0029
236.590,-1.1623,9.3640,-6.0029
236.597,-1.1623,9.3640,-6.0029
236.606,-1.1690,9.3640,-6.0029
236.615,-1.1690,9.3640,-6.0029
236.623,-1.1757,9.3640,-6.0029
236.632,-1.1757,9.3640,-6.0029
236.641,-1.1825,9.3640,-6.0029
236.649,-1.1825,9.3640,-6.0029
236.659,-1.1892,9.3640,-6.0029
236.669,-1.1892,9.3640,-6.0029
236.677,-1.1892,9.3640,-6.0029
236.685,-1.1959,9.3640,-6.0029
236.697,-1.1959,9.3640,-6.0029
236.706,-1.2027,9.3640,-6.0029
236.716,-1.2027,9.3640,-6.0029
236.724,-1.2094,9.3640,-6.0029
236.735,-1.2094,9.3640,-6.0029
236.743,-1.2161,9.3640,-6.0029
236.753,-1.2161,9.3640,-6.0029
236.761,-1.2228,9.3640,-6.0029
236.771,-1.2228,9.3640,-6.0029
236.779,-1.2296,9.3640,-6.0029
236.789,-1.2296,9.3640,-6.0029
236.798,-1.2296,9.3640,-6.0029
236.806,-1.2363,9.3640,-6.0029
236.816,-1.2363,9.3640,-6.0029
236.825,-1.2430,9.3640,-6.0029
236.836,-1.2430,9.3640,-6.0029
236.844,-1.2498,9.3640,-6.0029
236.855,-1.2498,9.3640,-6.0029
236.864,-1.2565,9.3640,-6.0029
236.875,-1.2565,9.3640,-6.0029
236.884,-1.2632,9.3640,-6.0029
236.894,-1.2632,9.3640,-6.0029
236.905,-1.2699,9.3640,-6.0029
236.913,-1.2699,9.3640,-6.0029
236.921,-1.2767,9.3640,-6.0029
236.930,-1.2767,9.3640,-6.0029
236.939,-1.2834,9.3640,-6.0029
236.947,-1.2834,9.3640,-6.0029
236.956,-1.2834,9.3640,-6.0029
236.964,-1.2901,9.3640,-6.0029
236.975,-1.2901,9.3640,-6.0029
236.982,-1.2968,9.3640,-6.0029
236.992,-1.2968,9.3640,-6.0029
237.002,-1.3036,9.3640,-6.0029
237.011,-1.3036,9.3640,-6.0029
237.020,-1.3103,9.3640,-6.0029
237.029,-1.3103,9.3640,-6.0029
237.038,-1.3170,9.3640,-6.0029
237.049,-1.3170,9.3640,-6.0029
237.058,-1.3170,9.3640,-6.0029
237.067,-1.3237,9.3640,-6.0029
237.078,-1.3237,9.3640,-6.0029
237.087,-1.3304,9.3640,-6.0029
237.099,-1.3372,9.3640,-6.0029
237.110,-1.3372,9.3640,-6.0029
237.118,-1.3372,9.3640,-6.0029
237.128,-1.3439,9.3640,-6.0029
237.139,-1.3506,9.3640,-6.0029
237.150,-1.3506,9.3640,-6.0029
237.160,-1.3573,9.3640,-6.0029
237.172,-1.3573,9.3640,-6.0029
237.180,-1.3640,9.3640,-6.0029
237.191,-1.3640,9.3640,-6.0029
237.201,-1.3708,9.3640,-6.0029
237.212,-1.3708,9.3640,-6.0029
237.221,-1.3775,9.3640,-6.0029
237.231,-1.3775,9.3640,-6.0029
237.239,-1.3842,9.3640,-6.0029
237.249,-1.3842,9.3640,-6.0029
237.258,-1.3842,9.3640,-6.0029
237.269,-1.3909,9.3640,-6.0029
237.280,-1.3976,9.3640,-6.0029
237.291,-1.3976,9.3640,-6.0029
237.301,-1.4044,9.3640,-6.0029
237.311,-1.4044,9.3640,-6.0029
237.319,-1.4111,9.3640,-6.0029
237.329,-1.4111,9.3640,-6.0029
237.338,-1.4111,9.3640,-6.0029
237.346,-1.4178,9.3640,-6.0029
237.356,-1.4178,9.3640,-6.0029
237.365,-1.4245,9.3640,-6.0029
237.375,-1.4245,9.3640,-6.0029
237.384,-1.4313,9.3640,-6.0029
237.395,-1.4313,9.3640,-6.0029
237.403,-1.4380,9.3640,-6.0029
237.413,-1.4380,9.3640,-6.0029
237.422,-1.4447,9.3640,-6.0029
237.431,-1.4447,9.3640,-6.0029
237.440,-1.4514,9.3640,-6.0029
237.450,-1.4514,9.3640,-6.0029
237.459,-1.4582,9.3640,-6.0029
237.470,-1.4582,9.3640,-6.0029
237.478,-1.4582,9.3640,-6.0029
237.487,-1.4649,9.3640,-6.0029
237.495,-1.4649,9.3640,-6.0029
237.505,-1.4716,9.3640,-6.0029
237.515,-1.4716,9.3640,-6.0029
237.523,-1.4784,9.3640,-6.0029
237.533,-1.4784,9.3640,-6.0029
237.541,-1.4851,9.3640,-6.0029
237.551,-1.4851,9.3640,-6.0029
237.558,-1.4851,9.3640,-6.0029
237.566,-1.4918,9.3640,-6.0029
237.577,-1.4918,9.3640,-6.0029
237.584,-1.4986,9.3640,-6.0029
237.594,-1.4986,9.3640,-6.0029
237.603,-1.5053,9.3640,-6.0029
237.613,-1.5053,9.3640,-6.0029
237.624,-1.5120,9.3640,-6.0029
237.638,-1.5120,9.3640,-6.0029
237.649,-1.5188,9.3640,-6.0029
237.663,-1.5255,9.3640,-6.0029
237.676,-1.5255,9.3640,-6.0029
237.689,-1.5322,9.3640,-6.0029
237.698,-1.5322,9.3640,-6.0029
237.707,-1.5390,9.3640,-6.0029
237.716,-1.5390,9.3640,-6.0029
237.725,-1.5457,9.3640,-6.0029
237.734,-1.5457,9.3640,-6.0029
237.742,-1.5524,9.3640,-6.0029
237.751,-1.5524,9.3640,-6.0029
237.758,-1.5592,9.3640,-6.0029
237.771,-1.5592,9.3640,-6.0029
237.778,-1.5592,9.3640,-6.0029
237.786,-1.5659,9.3640,-6.0029
237.795,-1.5659,9.3640,-6.0029
237.804,-1.5727,9.3640,-6.0029
237.813,-1.5727,9.3640,-6.0029
237.821,-1.5794,9.3640,-6.0029
237.831,-1.5794,9.3640,-6.0029
237.840,-1.5861,9.3640,-6.0029
237.849,-1.5861,9.3640,-6.0029
237.857,-1.5861,9.3640,-6.0029
237.864,-1.5929,9.3640,-6.0029
237.875,-1.5929,9.3640,-6.0029
237.882,-1.5996,9.3640,-6.0029
237.892,-1.5996,9.3640,-6.0029
237.900,-1.6063,9.3640,-6.0029
237.910,-1.6063,9.3640,-6.0029
237.917,-1.6063,9.3640,-6.0029
237.926,-1.6131,9.3640,-6.0029
237.935,-1.6131,9.3640,-6.0029
237.943,-1.6198,9.3640,-6.0029
237.953,-1.6198,9.3640,-6.0029
237.960,-1.6266,9.3640,-6.0029
237.972,-1.6266,9.3640,-6.0029
237.979,-1.6333,9.3640,-6.0029
237.988,-1.6333,9.3640,-6.0029
237.996,-1.6333,9.3640,-6.0029
238.005,-1.6401,9.3640,-6.0029
238.013,-1.6401,9.3640,-6.0029
238.022,-1.6468,9.3640,-6.0029
238.030,-1.6468,9.3640,-6.0029
238.038,-1.6468,9.3640,-6.0029
238.046,-1.6535,9.3640,-6.0029
238.055,-1.6535,9.3640,-6.0029
238.063,-1.6603,9.3640,-6.0029
238.073,-1.6603,9.3640,-6.0029
238.081,-1.6670,9.3640,-6.0029
238.090,-1.6670,9.3640,-6.0029
238.097,-1.6670,9.3640,-6.0029
238.105,-1.6738,9.3640,-6.0029
238.113,-1.6738,9.3640,-6.0029
238.121,-1.6805,9.3640,-6.0029
238.130,-1.6805,9.3640,-6.0029
238.139,-1.6873,9.3640,-6.0029
238.148,-1.6873,9.3640,-6.0029
238.156,-1.6873,9.3640,-6.0029
238.163,-1.6940,9.3640,-6.0029
238.175,-1.6940,9.3640,-6.0029
238.182,-1.7008,9.3640,-6.0029
238.191,-1.7008,9.3640,-6.0029
238.199,-1.7075,9.3640,-6.0029
238.208,-1.7075,9.3640,-6.0029
238.215,-1.7075,9.3640,-6.0029
238.225,-1.7143,9.3640,-6.0029
238.237,-1.7143,9.3640,-6.0029
238.245,-1.7210,9.3640,-6.0029
238.255,-1.7210,9.3640,-6.0029
238.262,-1.7278,9.3640,-6.0029
238.274,-1.7278,9.3640,-6.0029
238.281,-1.7345,9.3640,-6.0029
238.291,-1.7345,9.3640,-6.0029
238.301,-1.7413,9.3640,-6.0029
238.312,-1.7413,9.3640,-6.0029
238.321,-1.7480,9.3640,-6.0029
238.332,-1.7480,9.3640,-6.0029
238.340,-1.7548,9.3640,-6.0029
238.350,-1.7548,9.3640,-6.0029
238.357,-1.7548,9.3640,-6.0029
238.366,-1.7616,9.3640,-6.0029
238.377,-1.7616,9.3640,-6.0029
238.386,-1.7683,9.3640,-6.0029
238.396,-1.7683,9.3640,-6.0029
238.406,-1.7751,9.3640,-6.0029
238.415,-1.7751,9.3640,-6.0029
238.424,-1.7818,9.3640,-6.0029
238.436,-1.7818,9.3640,-6.0029
238.444,-1.7885,9.3640,-6.0029
238.454,-1.7885,9.3640,-6.0029
238.462,-1.7953,9.3640,-6.0029
238.473,-1.7953,9.3640,-6.0029
238.480,-1.8020,9.3640,-6.0029
238.490,-1.8020,9.3640,-6.0029
238.497,-1.8020,9.3640,-6.0029
238.506,-1.8088,9.3640,-6.0029
238.516,-1.8088,9.3640,-6.0029
238.523,-1.8155,9.3640,-6.0029
238.534,-1.8155,9.3640,-6.0029
238.542,-1.8223,9.3640,-6.0029
238.552,-1.8223,9.3640,-6.0029
238.561,-1.8290,9.3640,-6.0029
238.572,-1.8290,9.3640,-6.0029
238.581,-1.8358,9.3640,-6.0029
238.592,-1.8358,9.3640,-6.0029
238.600,-1.8425,9.3640,-6.0029
238.611,-1.8425,9.3640,-6.0029
238.619,-1.8493,9.3640,-6.0029
238.628,-1.8493,9.3640,-6.0029
238.636,-1.8493,9.3640,-6.0029
238.644,-1.8561,9.3640,-6.0029
238.654,-1.8561,9.3640,-6.0029
238.663,-1.8628,9.3640,-6.0029
238.674,-1.8628,9.3640,-6.0029
238.682,-1.8696,9.3640,-6.0029
238.693,-1.8696,9.3640,-6.0029
238.701,-1.8763,9.3640,-6.0029
238.711,-1.8763,9.3640,-6.0029
238.720,-1.8831,9.3640,-6.0029
238.730,-1.8831,9.3640,-6.0029
238.740,-1.8898,9.3640,-6.0029
238.751,-1.8898,9.3640,-6.0029
238.759,-1.8966,9.3640,-6.0029
238.771,-1.8966,9.3640,-6.0029
238.779,-1.9033,9.3640,-6.0029
238.789,-1.9033,9.3640,-6.0029
238.796,-1.9033,9.3640,-6.0029
238.805,-1.9101,9.3640,-6.0029
238.816,-1.9101,9.3640,-6.0029
238.823,-1.9168,9.3640,-6.0029
238.833,-1.9168,9.3640,-6.0029
238.841,-1.9236,9.3640,-6.0029
238.852,-1.9236,9.3640,-6.0029
238.861,-1.9303,9.3640,-6.0029
238.871,-1.9303,9.3640,-6.0029
238.879,-1.9371,9.3640,-6.0029
238.888,-1.9371,9.3640,-6.0029
238.897,-1.9371,9.3640,-6.0029
238.906,-1.9438,9.3640,-6.0029
238.914,-1.9438,9.3640,-6.0029
238.923,-1.9506,9.3640,-6.0029
238.932,-1.9506,9.3640,-6.0029
238.941,-1.9573,9.3640,-6.0029
238.948,-1.9573,9.3640,-6.0029
238.957,-1.9573,9.3640,-6.0029
238.965,-1.9641,9.3640,-6.0029
238.975,-1.9641,9.3640,-6.0029
238.982,-1.9708,9.3640,-6.0029
238.991,-1.9708,9.3640,-6.0029
238.999,-1.9776,9.3640,-6.0029
239.008,-1.9776,9.3640,-6.0029
239.016,-1.9776,9.3640,-6.0029
239.024,-1.9843,9.3640,-6.0029
239.033,-1.9843,9.3640,-6.0029
239.040,-1.9911,9.3640,-6.0029
239.050,-1.9911,9.3640,-6.0029
239.058,-1.9911,9.3640,-6.0029
239.066,-1.9978,9.3640,-6.0029
239.076,-1.9978,9.3640,-6.0029
239.084,-2.0046,9.3640,-6.0029
239.094,-2.0046,9.3640,-6.0029
239.101,-2.0113,9.3640,-6.0029
239.111,-2.0113,9.3640,-6.0029
239.118,-2.0113,9.3640,-6.0029
239.126,-2.0181,9.3640,-6.0029
239.135,-2.0181,9.3640,-6.0029
239.143,-2.0248,9.3640,-6.0029
239.151,-2.0248,9.3640,-6.0029
239.158,-2.0316,9.3640,-6.0029
239.168,-2.0316,9.3640,-6.0029
239.177,-2.0316,9.3640,-6.0029
239.184,-2.0383,9.3640,-6.0029
239.193,-2.0383,9.3640,-6.0029
239.202,-2.0451,9.3640,-6.0029
239.211,-2.0451,9.3640,-6.0029
239.220,-2.0518,9.3640,-6.0029
239.228,-2.0518,9.3640,-6.0029
239.237,-2.0518,9.3640,-6.0029
239.244,-2.0585,9.3640,-6.0029
239.254,-2.0585,9.3640,-6.0029
239.261,-2.0653,9.3640,-6.0029
239.272,-2.0653,9.3640,-6.0029
239.281,-2.0720,9.3640,-6.0029
239.290,-2.0720,9.3640,-6.0029
239.299,-2.0787,9.3640,-6.0029
239.308,-2.0787,9.3640,-6.0029
239.317,-2.0787,9.3640,-6.0029
239.325,-2.0855,9.3640,-6.0029
239.334,-2.0855,9.3640,-6.0029
239.342,-2.0922,9.3640,-6.0029
239.350,-2.0922,9.3640,-6.0029
239.359,-2.0989,9.3640,-6.0029
239.368,-2.0989,9.3640,-6.0029
239.377,-2.0989,9.3640,-6.0029
239.384,-2.1057,9.3640,-6.0029
239.395,-2.1057,9.3640,-6.0029
239.403,-2.1124,9.3640,-6.0029
239.412,-2.1124,9.3640,-6.0029
239.421,-2.1191,9.3640,-6.0029
239.430,-2.1191,9.3640,-6.0029
239.440,-2.1258,9.3640,-6.0029
239.448,-2.1258,9.3640,-6.0029
239.456,-2.1258,9.3640,-6.0029
239.462,-2.1326,9.3640,-6.0029
239.473,-2.1326,9.3640,-6.0029
239.481,-2.1393,9.3640,-6.0029
239.492,-2.1393,9.3640,-6.0029
239.501,-2.1460,9.3640,-6.0029
239.511,-2.1460,9.3640,-6.0029
239.519,-2.1528,9.3640,-6.0029
239.529,-2.1528,9.3640,-6.0029
239.538,-2.1528,9.3640,-6.0029
239.546,-2.1595,9.3640,-6.0029
239.556,-2.1595,9.3640,-6.0029
239.564,-2.1662,9.3640,-6.0029
239.575,-2.1662,9.3640,-6.0029
239.583,-2.1730,9.3640,-6.0029
239.593,-2.1730,9.3640,-6.0029
239.602,-2.1797,9.3640,-6.0029
239.612,-2.1797,9.3640,-6.0029
239.621,-2.1864,9.3640,-6.0029
239.631,-2.1864,9.3640,-6.0029
239.639,-2.1931,9.3640,-6.0029
239.648,-2.1931,9.3640,-6.0029
239.658,-2.1931,9.3640,-6.0029
239.666,-2.1999,9.3640,-6.0029
239.676,-2.1999,9.3640,-6.0029
239.687,-2.2066,9.3640,-6.0029
239.697,-2.2066,9.3640,-6.0029
239.706,-2.2133,9.3640,-6.0029
239.716,-2.2133,9.3640,-6.0029
239.725,-2.2201,9.3640,-6.0029
239.736,-2.2201,9.3640,-6.0029
239.743,-2.2268,9.3640,-6.0029
239.753,-2.2268,9.3640,-6.0029
239.760,-2.2335,9.3640,-6.0029
239.772,-2.2335,9.3640,-6.0029
239.780,-2.2403,9.3640,-6.0029
239.798,-2.2403,9.3640,-6.0029
239.807,-2.2470,9.3640,-6.0029
239.817,-2.2470,9.3640,-6.0029
239.826,-2.2537,9.3640,-6.0029
239.837,-2.2537,9.3640,-6.0029
239.845,-2.2604,9.3640,-6.0029
239.856,-2.2604,9.3640,-6.0029
239.864,-2.2672,9.3640,-6.0029
239.875,-2.2672,9.3640,-6.0029
239.882,-2.2739,9.3640,-6.0029
239.892,-2.2739,9.3640,-6.0029
239.903,-2.2806,9.3640,-6.0029
239.913,-2.2806,9.3640,-6.0029
239.922,-2.2874,9.3640,-6.0029
239.931,-2.2874,9.3640,-6.0029
239.942,-2.2941,9.3640,-6.0029
239.952,-2.2941,9.3640,-6.0029
239.960,-2.3008,9.3640,-6.0029
239.972,-2.3008,9.3640,-6.0029
239.979,-2.3075,9.3640,-6.0029
239.990,-2.3075,9.3640,-6.0029
239.999,-2.3143,9.3640,-6.0029
240.008,-2.3143,9.3640,-6.0029
240.018,-2.3143,9.3640,-6.0029
240.027,-2.3210,9.3640,-6.0029
240.037,-2.3210,9.3640,-6.0029
240.045,-2.3277,9.3640,-6.0029
240.054,-2.3277,9.3640,-6.0029
240.062,-2.3345,9.3640,-6.0029
240.073,-2.3345,9.3640,-6.0029
240.080,-2.3412,9.3640,-6.0029
240.090,-2.3412,9.3640,-6.0029
240.098,-2.3412,9.3640,-6.0029
240.107,-2.3479,9.3640,-6.0029
240.116,-2.3479,9.3640,-6.0029
240.124,-2.3547,9.3640,-6.0029
240.132,-2.3547,9.3640,-6.0029
240.141,-2.3614,9.3640,-6.0029
240.151,-2.3614,9.3640,-6.0029
240.160,-2.3681,9.3640,-6.0029
240.171,-2.3681,9.3640,-6.0029
240.179,-2.3748,9.3640,-6.0029
240.188,-2.3748,9.3640,-6.0029
240.196,-2.3748,9.3640,-6.0029
240.205,-2.3816,9.3640,-6.0029
240.214,-2.3816,9.3640,-6.0029
240.222,-2.3883,9.3640,-6.0029
240.231,-2.3883,9.3640,-6.0029
240.239,-2.3950,9.3640,-6.0029
240.248,-2.3950,9.3640,-6.0029
240.256,-2.3950,9.3640,-6.0029
240.265,-2.4018,9.3640,-6.0029
240.275,-2.4018,9.3640,-6.0029
240.282,-2.4085,9.3640,-6.0029
240.292,-2.4085,9.3640,-6.0029
240.301,-2.4152,9.3640,-6.0029
240.311,-2.4152,9.3640,-6.0029
240.318,-2.4152,9.3640,-6.0029
240.326,-2.4220,9.3640,-6.0029
240.336,-2.4220,9.3640,-6.0029
240.344,-2.4287,9.3640,-6.0029
240.355,-2.4287,9.3640,-6.0029
240.362,-2.4354,9.3640,-6.0029
240.373,-2.4354,9.3640,-6.0029
240.380,-2.4422,9.3640,-6.0029
240.390,-2.4422,9.3640,-6.0029
240.397,-2.4422,9.3640,-6.0029
240.406,-2.4489,9.3640,-6.0029
240.416,-2.4489,9.3640,-6.0029
240.424,-2.4556,9.3640,-6.0029
240.432,-2.4556,9.3640,-6.0029
240.440,-2.4623,9.3640,-6.0029
240.449,-2.4623,9.3640,-6.0029
240.457,-2.4623,9.3640,-6.0029
240.465,-2.4691,9.3640,-6.0029
240.475,-2.4691,9.3640,-6.0029
240.483,-2.4758,9.3640,-6.0029
240.491,-2.4758,9.3640,-6.0029
240.499,-2.4825,9.3640,-6.0029
240.510,-2.4825,9.3640,-6.0029
240.517,-2.4825,9.3640,-6.0029
240.526,-2.4893,9.3640,-6.0029
240.536,-2.4893,9.3640,-6.0029
240.544,-2.4960,9.3640,-6.0029
240.552,-2.4960,9.3640,-6.0029
240.560,-2.5027,9.3640,-6.0029
240.570,-2.5027,9.3640,-6.0029
240.578,-2.5027,9.3640,-6.0029
240.585,-2.5095,9.3640,-6.0029
240.594,-2.5095,9.3640,-6.0029
240.604,-2.5162,9.3640,-6.0029
240.613,-2.5162,9.3640,-6.0029
240.622,-2.5229,9.3640,-6.0029
240.630,-2.5229,9.3640,-6.0029
240.639,-2.5297,9.3640,-6.0029
240.647,-2.5297,9.3640,-6.0029
240.656,-2.5297,9.3640,-6.0029
240.662,-2.5364,9.3640,-6.0029
240.673,-2.5364,9.3640,-6.0029
240.680,-2.5432,9.3640,-6.0029
240.690,-2.5432,9.3640,-6.0029
240.698,-2.5432,9.3640,-6.0029
240.707,-2.5499,9.3640,-6.0029
240.717,-2.5499,9.3640,-6.0029
240.724,-2.5566,9.3640,-6.0029
240.734,-2.5566,9.3640,-6.0029
240.742,-2.5634,9.3640,-6.0029
240.752,-2.5634,9.3640,-6.0029
240.761,-2.5701,9.3640,-6.0029
240.772,-2.5701,9.3640,-6.0029
240.780,-2.5768,9.3640,-6.0029
240.790,-2.5768,9.3640,-6.0029
240.799,-2.5836,9.3640,-6.0029
240.810,-2.5836,9.3640,-6.0029
240.818,-2.5836,9.3640,-6.0029
240.826,-2.5903,9.3640,-6.0029
240.835,-2.5903,9.3640,-6.0029
240.844,-2.5971,9.3640,-6.0029
240.853,-2.5971,9.3640,-6.0029
240.862,-2.6038,9.3640,-6.0029
240.873,-2.6038,9.3640,-6.0029
240.881,-2.6106,9.3640,-6.0029
240.891,-2.6106,9.3640,-6.0029
240.900,-2.6173,9.3640,-6.0029
240.911,-2.6173,9.3640,-6.0029
240.920,-2.6241,9.3640,-6.0029
240.930,-2.6241,9.3640,-6.0029
240.939,-2.6308,9.3640,-6.0029
240.949,-2.6308,9.3640,-6.0029
240.958,-2.6308,9.3640,-6.0029
240.967,-2.6376,9.3640,-6.0029
240.976,-2.6376,9.3640,-6.0029
240.984,-2.6444,9.3640,-6.0029
240.993,-2.6444,9.3640,-6.0029
241.002,-2.6511,9.3640,-6.0029
241.012,-2.6511,9.3640,-6.0029
241.020,-2.6578,9.3640,-6.0029
241.029,-2.6578,9.3640,-6.0029
241.038,-2.6578,9.3640,-6.0029
241.046,-2.6646,9.3640,-6.0029
241.056,-2.6646,9.3640,-6.0029
241.064,-2.6713,9.3640,-6.0029
241.074,-2.6713,9.3640,-6.0029
241.082,-2.6781,9.3640,-6.0029
241.093,-2.6781,9.3640,-6.0029
241.101,-2.6848,9.3640,-6.0029
241.111,-2.6848,9.3640,-6.0029
241.119,-2.6916,9.3640,-6.0029
241.128,-2.6916,9.3640,-6.0029
241.138,-2.6916,9.3640,-6.0029
241.145,-2.6983,9.3640,-6.0029
241.155,-2.6983,9.3640,-6.0029
241.162,-2.7051,9.3640,-6.0029
241.173,-2.7051,9.3640,-6.0029
241.180,-2.7118,9.3640,-6.0029
241.190,-2.7118,9.3640,-6.0029
241.198,-2.7118,9.3640,-6.0029
241.208,-2.7186,9.3640,-6.0029
241.217,-2.7186,9.3640,-6.0029
241.225,-2.7253,9.3640,-6.0029
241.237,-2.7253,9.3640,-6.0029
241.244,-2.7321,9.3640,-6.0029
241.254,-2.7321,9.3640,-6.0029
241.263,-2.7388,9.3640,-6.0029
241.274,-2.7388,9.3640,-6.0029
241.282,-2.7456,9.3640,-6.0029
241.292,-2.7456,9.3640,-6.0029
241.301,-2.7523,9.3640,-6.0029
241.310,-2.7523,9.3640,-6.0029
241.318,-2.7523,9.3640,-6.0029
241.326,-2.7591,9.3640,-6.0029
241.335,-2.7591,9.3640,-6.0029
241.343,-2.7658,9.3640,-6.0029
241.351,-2.7658,9.3640,-6.0029
241.359,-2.7726,9.3640,-6.0029
241.368,-2.7726,9.3640,-6.0029
241.376,-2.7726,9.3640,-6.0029
241.384,-2.7793,9.3640,-6.0029
241.393,-2.7793,9.3640,-6.0029
241.401,-2.7861,9.3640,-6.0029
241.411,-2.7861,9.3640,-6.0029
241.419,-2.7928,9.3640,-6.0029
241.427,-2.7928,9.3640,-6.0029
241.436,-2.7928,9.3640,-6.0029
241.444,-2.7996,9.3640,-6.0029
241.453,-2.7996,9.3640,-6.0029
241.462,-2.8063,9.3640,-6.0029
241.473,-2.8063,9.3640,-6.0029
241.479,-2.8131,9.3640,-6.0029
241.490,-2.8131,9.3640,-6.0029
241.498,-2.8131,9.3640,-6.0029
241.507,-2.8198,9.3640,-6.0029
241.516,-2.8198,9.3640,-6.0029
241.524,-2.8266,9.3640,-6.0029
241.533,-2.8266,9.3640,-6.0029
241.541,-2.8333,9.3640,-6.0029
241.549,-2.8333,9.3640,-6.0029
241.557,-2.8333,9.3640,-6.0029
241.565,-2.8401,9.3640,-6.0029
241.575,-2.8401,9.3640,-6.0029
241.582,-2.8468,9.3640,-6.0029
241.593,-2.8468,9.3640,-6.0029
241.600,-2.8536,9.3640,-6.0029
241.610,-2.8536,9.3640,-6.0029
241.618,-2.8536,9.3640,-6.0029
241.626,-2.8603,9.3640,-6.0029
241.635,-2.8603,9.3640,-6.0029
241.643,-2.8671,9.3640,-6.0029
241.652,-2.8671,9.3640,-6.0029
241.659,-2.8738,9.3640,-6.0029
241.667,-2.8738,9.3640,-6.0029
241.676,-2.8738,9.3640,-6.0029
241.685,-2.8806,9.3640,-6.0029
241.694,-2.8806,9.3640,-6.0029
241.702,-2.8874,9.3640,-6.0029
241.711,-2.8874,9.3640,-6.0029
241.720,-2.8941,9.3640,-6.0029
241.728,-2.8941,9.3640,-6.0029
241.737,-2.8941,9.3640,-6.0029
241.745,-2.9009,9.3640,-6.0029
241.753,-2.9009,9.3640,-6.0029
241.761,-2.9076,9.3640,-6.0029
241.772,-2.9076,9.3640,-6.0029
241.780,-2.9144,9.3640,-6.0029
241.788,-2.9144,9.3640,-6.0029
241.797,-2.9144,9.3640,-6.0029
241.805,-2.9211,9.3640,-6.0029
241.814,-2.9211,9.3640,-6.0029
241.822,-2.9279,9.3640,-6.0029
241.830,-2.9279,9.3640,-6.0029
241.839,-2.9346,9.3640,-6.0029
241.847,-2.9346,9.3640,-6.0029
241.855,-2.9346,9.3640,-6.0029
241.862,-2.9414,9.3640,-6.0029
241.872,-2.9414,9.3640,-6.0029
241.879,-2.9481,9.3640,-6.0029
241.889,-2.9481,9.3640,-6.0029
241.896,-2.9481,9.3640,-6.0029
241.908,-2.9549,9.3640,-6.0029
241.922,-2.9616,9.3640,-6.0029
241.932,-2.9616,9.3640,-6.0029
241.940,-2.9684,9.3640,-6.0029
241.949,-2.9684,9.3640,-6.0029
241.957,-2.9684,9.3640,-6.0029
241.964,-2.9751,9.3640,-6.0029
241.974,-2.9751,9.3640,-6.0029
241.982,-2.9819,9.3640,-6.0029
241.992,-2.9819,9.3640,-6.0029
242.001,-2.9886,9.3640,-6.0029
242.010,-2.9886,9.3640,-6.0029
242.019,-2.9954,9.3640,-6.0029
242.028,-2.9954,9.3640,-6.0029
242.037,-2.9954,9.3640,-6.0029
242.046,-3.0021,9.3640,-6.0029
242.055,-3.0021,9.3640,-6.0029
242.064,-3.0089,9.3640,-6.0029
242.073,-3.0089,9.3640,-6.0029
242.081,-3.0156,9.3640,-6.0029
242.090,-3.0156,9.3640,-6.0029
242.099,-3.0224,9.3640,-6.0029
242.109,-3.0224,9.3640,-6.0029
242.117,-3.0224,9.3640,-6.0029
242.125,-3.0291,9.3640,-6.0029
242.135,-3.0291,9.3640,-6.0029
242.144,-3.0359,9.3640,-6.0029
242.153,-3.0359,9.3640,-6.0029
242.162,-3.0426,9.3640,-6.0029
242.173,-3.0426,9.3640,-6.0029
242.180,-3.0494,9.3640,-6.0029
242.191,-3.0494,9.3640,-6.0029
242.200,-3.0561,9.3640,-6.0029
242.210,-3.0561,9.3640,-6.0029
242.218,-3.0561,9.3640,-6.0029
242.227,-3.0629,9.3640,-6.0029
242.236,-3.0629,9.3640,-6.0029
242.243,-3.0696,9.3640,-6.0029
242.253,-3.0696,9.3640,-6.0029
242.260,-3.0764,9.3640,-6.0029
242.270,-3.0764,9.3640,-6.0029
242.277,-3.0764,9.3640,-6.0029
242.285,-3.0831,9.3640,-6.0029
242.294,-3.0831,9.3640,-6.0029
242.303,-3.0899,9.3640,-6.0029
242.312,-3.0899,9.3640,-6.0029
242.320,-3.0966,9.3640,-6.0029
242.330,-3.0966,9.3640,-6.0029
242.339,-3.1034,9.3640,-6.0029
242.349,-3.1034,9.3640,-6.0029
242.358,-3.1034,9.3640,-6.0029
242.365,-3.1101,9.3640,-6.0029
242.377,-3.1101,9.3640,-6.0029
242.384,-3.1169,9.3640,-6.0029
242.393,-3.1169,9.3640,-6.0029
242.402,-3.1236,9.3640,-6.0029
242.412,-3.1236,9.3640,-6.0029
242.421,-3.1304,9.3640,-6.0029
242.430,-3.1304,9.3640,-6.0029
242.440,-3.1371,9.3640,-6.0029
242.448,-3.1371,9.3640,-6.0029
242.456,-3.1371,9.3640,-6.0029
242.466,-3.1438,9.3640,-6.0029
242.476,-3.1438,9.3640,-6.0029
242.485,-3.1506,9.3640,-6.0029
242.495,-3.1506,9.3640,-6.0029
242.505,-3.1573,9.3640,-6.0029
242.514,-3.1573,9.3640,-6.0029
242.522,-3.1641,9.3640,-6.0029
242.534,-3.1641,9.3640,-6.0029
242.545,-3.1708,9.3640,-6.0029
242.557,-3.1708,9.3640,-6.0029
242.566,-3.1776,9.3640,-6.0029
242.576,-3.1776,9.3640,-6.0029
242.584,-3.1843,9.3640,-6.0029
242.594,-3.1843,9.3640,-6.0029
242.604,-3.1911,9.3640,-6.0029
242.613,-3.1911,9.3640,-6.0029
242.623,-3.1978,9.3640,-6.0029
242.632,-3.1978,9.3640,-6.0029
242.641,-3.2046,9.3640,-6.0029
242.651,-3.2046,9.3640,-6.0029
242.660,-3.2113,9.3640,-6.0029
242.671,-3.2113,9.3640,-6.0029
242.679,-3.2180,9.3640,-6.0029
242.689,-3.2180,9.3640,-6.0029
242.695,-3.2180,9.3640,-6.0029
242.705,-3.2248,9.3640,-6.0029
242.714,-3.2248,9.3640,-6.0029
242.721,-3.2315,9.3640,-6.0029
242.729,-3.2315,9.3640,-6.0029
242.738,-3.2315,9.3640,-6.0029
242.745,-3.2383,9.3640,-6.0029
242.755,-3.2383,9.3640,-6.0029
242.763,-3.2450,9.3640,-6.0029
242.772,-3.2450,9.3640,-6.0029
242.779,-3.2517,9.3640,-6.0029
242.788,-3.2517,9.3640,-6.0029
242.796,-3.2517,9.3640,-6.0029
242.805,-3.2585,9.3640,-6.0029
242.813,-3.2585,9.3640,-6.0029
242.821,-3.2652,9.3640,-6.0029
242.831,-3.2652,9.3640,-6.0029
242.841,-3.2720,9.3640,-6.0029
242.848,-3.2720,9.3640,-6.0029
242.858,-3.2720,9.3640,-6.0029
242.865,-3.2787,9.3640,-6.0029
242.875,-3.2787,9.3640,-6.0029
242.883,-3.2854,9.3640,-6.0029
242.894,-3.2854,9.3640,-6.0029
242.903,-3.2922,9.3640,-6.0029
242.912,-3.2922,9.3640,-6.0029
242.920,-3.2989,9.3640,-6.0029
242.929,-3.2989,9.3640,-6.0029
242.937,-3.2989,9.3640,-6.0029
242.944,-3.3056,9.3640,-6.0029
242.955,-3.3056,9.3640,-6.0029
242.962,-3.3124,9.3640,-6.0029
242.972,-3.3124,9.3640,-6.0029
242.980,-3.3191,9.3640,-6.0029
242.990,-3.3191,9.3640,-6.0029
242.997,-3.3191,9.3640,-6.0029
243.005,-3.3258,9.3640,-6.0029
243.015,-3.3258,9.3640,-6.0029
243.022,-3.3326,9.3640,-6.0029
243.031,-3.3326,9.3640,-6.0029
243.039,-3.3393,9.3640,-6.0029
243.048,-3.3393,9.3640,-6.0029
243.055,-3.3393,9.3640,-6.0029
243.063,-3.3460,9.3640,-6.0029
243.073,-3.3460,9.3640,-6.0029
243.080,-3.3528,9.3640,-6.0029
243.089,-3.3528,9.3640,-6.0029
243.096,-3.3528,9.3640,-6.0029
243.105,-3.3595,9.3640,-6.0029
243.114,-3.3595,9.3640,-6.0029
243.122,-3.3662,9.3640,-6.0029
243.130,-3.3662,9.3640,-6.0029
243.139,-3.3730,9.3640,-6.0029
243.147,-3.3730,9.3640,-6.0029
243.155,-3.3730,9.3640,-6.0029
243.162,-3.3797,9.3640,-6.0029
243.172,-3.3797,9.3640,-6.0029
243.178,-3.3864,9.3640,-6.0029
243.189,-3.3864,9.3640,-6.0029
243.196,-3.3864,9.3640,-6.0029
243.205,-3.3932,9.3640,-6.0029
243.214,-3.3932,9.3640,-6.0029
243.222,-3.3999,9.3640,-6.0029
243.231,-3.3999,9.3640,-6.0029
243.240,-3.4066,9.3640,-6.0029
243.251,-3.4066,9.3640,-6.0029
243.260,-3.4134,9.3640,-6.0029
243.270,-3.4134,9.3640,-6.0029
243.279,-3.4201,9.3640,-6.0029
243.289,-3.4201,9.3640,-6.0029
243.298,-3.4201,9.3640,-6.0029
243.306,-3.4269,9.3640,-6.0029
243.317,-3.4269,9.3640,-6.0029
243.325,-3.4336,9.3640,-6.0029
243.336,-3.4336,9.3640,-6.0029
243.344,-3.4403,9.3640,-6.0029
243.354,-3.4403,9.3640,-6.0029
243.361,-3.4471,9.3640,-6.0029
243.372,-3.4471,9.3640,-6.0029
243.380,-3.4538,9.3640,-6.0029
243.391,-3.4538,9.3640,-6.0029
243.400,-3.4606,9.3640,-6.0029
243.411,-3.4606,9.3640,-6.0029
243.419,-3.4673,9.3640,-6.0029
243.428,-3.4673,9.3640,-6.0029
243.439,-3.4740,9.3640,-6.0029
243.448,-3.4740,9.3640,-6.0029
243.458,-3.4740,9.3640,-6.0029
243.466,-3.4808,9.3640,-6.0029
243.476,-3.4808,9.3640,-6.0029
243.484,-3.4875,9.3640,-6.0029
243.494,-3.4875,9.3640,-6.0029
243.502,-3.4943,9.3640,-6.0029
243.511,-3.4943,9.3640,-6.0029
243.519,-3.5010,9.3640,-6.0029
243.528,-3.5010,9.3640,-6.0029
243.538,-3.5010,9.3640,-6.0029
243.545,-3.5078,9.3640,-6.0029
243.555,-3.5078,9.3640,-6.0029
243.562,-3.5145,9.3640,-6.0029
243.572,-3.5145,9.3640,-6.0029
243.580,-3.5212,9.3640,-6.0029
243.590,-3.5212,9.3640,-6.0029
243.599,-3.5280,9.3640,-6.0029
243.609,-3.5280,9.3640,-6.0029
243.619,-3.5347,9.3640,-6.0029
243.628,-3.5347,9.3640,-6.0029
243.638,-3.5347,9.3640,-6.0029
243.646,-3.5414,9.3640,-6.0029
243.656,-3.5414,9.3640,-6.0029
243.665,-3.5482,9.3640,-6.0029
243.675,-3.5482,9.3640,-6.0029
243.684,-3.5549,9.3640,-6.0029
243.694,-3.5549,9.3640,-6.0029
243.703,-3.5617,9.3640,-6.0029
243.712,-3.5617,9.3640,-6.0029
243.721,-3.5684,9.3640,-6.0029
243.731,-3.5684,9.3640,-6.0029
243.740,-3.5752,9.3640,-6.0029
243.749,-3.5752,9.3640,-6.0029
243.758,-3.5752,9.3640,-6.0029
243.768,-3.5819,9.3640,-6.0029
243.778,-3.5887,9.3640,-6.0029
243.789,-3.5887,9.3640,-6.0029
243.798,-3.5954,9.3640,-6.0029
243.809,-3.5954,9.3640,-6.0029
243.816,-3.5954,9.3640,-6.0029
243.825,-3.6022,9.3640,-6.0029
243.834,-3.6022,9.3640,-6.0029
243.842,-3.6089,9.3640,-6.0029
243.850,-3.6089,9.3640,-6.0029
243.859,-3.6157,9.3640,-6.0029
243.867,-3.6157,9.3640,-6.0029
243.875,-3.6157,9.3640,-6.0029
243.883,-3.6224,9.3640,-6.0029
243.892,-3.6224,9.3640,-6.0029
243.902,-3.6291,9.3640,-6.0029
243.913,-3.6291,9.3640,-6.0029
243.921,-3.6359,9.3640,-6.0029
243.930,-3.6359,9.3640,-6.0029
243.938,-3.6359,9.3640,-6.0029
243.945,-3.6426,9.3640,-6.0029
243.955,-3.6426,9.3640,-6.0029
243.962,-3.6494,9.3640,-6.0029
243.973,-3.6494,9.3640,-6.0029
243.980,-3.6561,9.3640,-6.0029
243.990,-3.6561,9.3640,-6.0029
243.998,-3.6561,9.3640,-6.0029
244.006,-3.6629,9.3640,-6.0029
244.015,-3.6629,9.3640,-6.0029
244.023,-3.6696,9.3640,-6.0029
244.032,-3.6696,9.3640,-6.0029
244.041,-3.6764,9.3640,-6.0029
244.049,-3.6764,9.3640,-6.0029
244.057,-3.6764,9.3640,-6.0029
244.073,-3.6831,9.3640,-6.0029
244.082,-3.6899,9.3640,-6.0029
244.091,-3.6899,9.3640,-6.0029
244.100,-3.6967,9.3640,-6.0029
244.108,-3.6967,9.3640,-6.0029
244.115,-3.6967,9.3640,-6.0029
244.123,-3.7034,9.3640,-6.0029
244.132,-3.7034,9.3640,-6.0029
244.139,-3.7102,9.3640,-6.0029
244.148,-3.7102,9.3640,-6.0029
244.156,-3.7102,9.3640,-6.0029
244.163,-3.7169,9.3640,-6.0029
244.172,-3.7169,9.3640,-6.0029
244.180,-3.7237,9.3640,-6.0029
244.189,-3.7237,9.3640,-6.0029
244.197,-3.7237,9.3640,-6.0029
244.205,-3.7305,9.3640,-6.0029
244.214,-3.7305,9.3640,-6.0029
244.222,-3.7372,9.3640,-6.0029
244.232,-3.7372,9.3640,-6.0029
244.241,-3.7440,9.3640,-6.0029
244.249,-3.7440,9.3640,-6.0029
244.258,-3.7440,9.3640,-6.0029
244.266,-3.7507,9.3640,-6.0029
244.276,-3.7507,9.3640,-6.0029
244.283,-3.7575,9.3640,-6.0029
244.292,-3.7575,9.3640,-6.0029
244.299,-3.7642,9.3640,-6.0029
244.309,-3.7642,9.3640,-6.0029
244.316,-3.7642,9.3640,-6.0029
244.325,-3.7710,9.3640,-6.0029
244.334,-3.7710,9.3640,-6.0029
244.342,-3.7777,9.3640,-6.0029
244.349,-3.7777,9.3640,-6.0029
244.358,-3.7777,9.3640,-6.0029
244.366,-3.7845,9.3640,-6.0029
244.376,-3.7845,9.3640,-6.0029
244.384,-3.7912,9.3640,-6.0029
244.392,-3.7912,9.3640,-6.0029
244.400,-3.7980,9.3640,-6.0029
244.410,-3.7980,9.3640,-6.0029
244.418,-3.7980,9.3640,-6.0029
244.426,-3.8047,9.3640,-6.0029
244.437,-3.8047,9.3640,-6.0029
244.444,-3.8115,9.3640,-6.0029
244.453,-3.8115,9.3640,-6.0029
244.460,-3.8182,9.3640,-6.0029
244.469,-3.8182,9.3640,-6.0029
244.476,-3.8182,9.3640,-6.0029
244.483,-3.8249,9.3640,-6.0029
244.493,-3.8249,9.3640,-6.0029
244.502,-3.8317,9.3640,-6.0029
244.512,-3.8317,9.3640,-6.0029
244.521,-3.8384,9.3640,-6.0029
244.531,-3.8384,9.3640,-6.0029
244.540,-3.8451,9.3640,-6.0029
244.550,-3.8451,9.3640,-6.0029
244.558,-3.8451,9.3640,-6.0029
244.566,-3.8517,9.3640,-6.0029
244.576,-3.8517,9.3640,-6.0029
244.584,-3.8583,9.3640,-6.0029
244.594,-3.8583,9.3640,-6.0029
244.603,-3.8649,9.3640,-6.0029
244.613,-3.8649,9.3640,-6.0029
244.622,-3.8714,9.3640,-6.0029
244.634,-3.8714,9.3640,-6.0029
244.643,-3.8778,9.3640,-6.0029
244.653,-3.8778,9.3640,-6.0029
244.662,-3.8842,9.3640,-6.0029
244.673,-3.8842,9.3640,-6.0029
244.681,-3.8906,9.3640,-6.0029
244.691,-3.8906,9.3640,-6.0029
244.699,-3.8969,9.3640,-6.0029
244.710,-3.8969,9.3640,-6.0029
244.718,-3.8969,9.3640,-6.0029
244.727,-3.9032,9.3640,-6.0029
244.737,-3.9032,9.3640,-6.0029
244.745,-3.9096,9.3640,-6.0029
244.754,-3.9096,9.3640,-6.0029
244.762,-3.9159,9.3640,-6.0029
244.773,-3.9159,9.3640,-6.0029
244.780,-3.9223,9.3640,-6.0029
244.791,-3.9223,9.3640,-6.0029
244.798,-3.9223,9.3640,-6.0029
244.807,-3.9286,9.3640,-6.0029
244.815,-3.9286,9.3640,-6.0029
244.825,-3.9350,9.3640,-6.0029
244.834,-3.9350,9.3640,-6.0029
244.842,-3.9414,9.3640,-6.0029
244.851,-3.9414,9.3640,-6.0029
244.859,-3.9477,9.3640,-6.0029
244.870,-3.9477,9.3640,-6.0029
244.878,-3.9477,9.3640,-6.0029
244.888,-3.9540,9.3640,-6.0029
244.896,-3.9540,9.3640,-6.0029
244.905,-3.9602,9.3640,-6.0029
244.916,-3.9602,9.3640,-6.0029
244.924,-3.9664,9.3640,-6.0029
244.935,-3.9664,9.3640,-6.0029
244.943,-3.9726,9.3640,-6.0029
244.952,-3.9726,9.3640,-6.0029
244.961,-3.9786,9.3640,-6.0029
244.972,-3.9786,9.3640,-6.0029
244.981,-3.9844,9.3640,-6.0029
244.990,-3.9844,9.3640,-6.0029
244.998,-3.9844,9.3640,-6.0029
245.008,-3.9899,9.3640,-6.0029
245.017,-3.9899,9.3640,-6.0029
245.026,-3.9925,9.3640,-6.0029
245.037,-3.9925,9.3640,-6.0029
245.046,-3.9948,9.3640,-6.0029
245.055,-3.9948,9.3640,-6.0029
245.064,-3.9971,9.3640,-6.0029
245.074,-3.9971,9.3640,-6.0029
245.081,-3.9991,9.3640,-6.0029
245.091,-3.9991,9.3640,-6.0029
245.098,-3.9991,9.3640,-6.0029
245.107,-3.9999,9.3640,-6.0029
245.116,-3.9999,9.3640,-6.0029
245.124,-4.0007,9.3640,-6.0029
245.133,-4.0007,9.3640,-6.0029
245.141,-4.0014,9.3640,-6.0029
245.149,-4.0014,9.3640,-6.0029
245.158,-4.0014,9.3640,-6.0029
245.165,-4.0020,9.3640,-6.0029
245.175,-4.0020,9.3640,-6.0029
245.183,-4.0022,9.3640,-6.0029
245.192,-4.0022,9.3640,-6.0029
245.200,-4.0024,9.3640,-6.0029
245.210,-4.0024,9.3640,-6.0029
245.218,-4.0024,9.3640,-6.0029
245.226,-4.0025,9.3640,-6.0029
245.234,-4.0025,9.3640,-6.0029
245.243,-4.0027,9.3640,-6.0029
245.251,-4.0027,9.3640,-6.0029
245.259,-4.0029,9.3640,-6.0029
245.268,-4.0029,9.3640,-6.0029
245.276,-4.0029,9.3640,-6.0029
245.284,-4.0030,9.3640,-6.0029
245.293,-4.0030,9.3640,-6.0029
245.302,-4.0032,9.3640,-6.0029
245.312,-4.0032,9.3640,-6.0029
245.320,-4.0033,9.3640,-6.0029
245.328,-4.0033,9.3640,-6.0029
245.337,-4.0033,9.3640,-6.0029
245.344,-4.0035,9.3640,-6.0029
245.352,-4.0035,9.3640,-6.0029
245.360,-4.0036,9.3640,-6.0029
245.370,-4.0036,9.3640,-6.0029
245.377,-4.0036,9.3640,-6.0029
245.386,-4.0038,9.3640,-6.0029
245.395,-4.0038,9.3640,-6.0029
245.404,-4.0039,9.3640,-6.0029
245.412,-4.0039,9.3640,-6.0029
245.421,-4.0041,9.3640,-6.0029
245.430,-4.0041,9.3640,-6.0029
245.439,-4.0042,9.3640,-6.0029
245.447,-4.0042,9.3640,-6.0029
245.454,-4.0042,9.3640,-6.0029
245.463,-4.0044,9.3640,-6.0029
245.473,-4.0044,9.3640,-6.0029
245.480,-4.0045,9.3640,-6.0029
245.489,-4.0045,9.3640,-6.0029
245.497,-4.0045,9.3640,-6.0029
245.505,-4.0046,9.3640,-6.0029
245.514,-4.0046,9.3640,-6.0029
245.522,-4.0047,9.3640,-6.0029
245.531,-4.0047,9.3640,-6.0029
245.540,-4.0047,9.3640,-6.0029
245.549,-4.0047,9.3640,-6.0029
245.557,-4.0047,9.3640,-6.0029
245.565,-4.0047,9.3640,-6.0029
245.574,-4.0047,9.3640,-6.0029
245.582,-4.0047,9.3640,-6.0029
245.592,-4.0047,9.3640,-6.0029
245.600,-4.0047,9.3640,-6.0029
245.609,-4.0047,9.3640,-6.0029
245.616,-4.0047,9.3640,-6.0029
245.625,-4.0047,9.3640,-6.0029
245.636,-4.0047,9.3640,-6.0029
245.644,-4.0047,9.3640,-6.0029
245.652,-4.0047,9.3640,-6.0029
245.659,-4.0047,9.3640,-6.0029
245.667,-4.0047,9.3640,-6.0029
245.675,-4.0047,9.3640,-6.0029
245.683,-4.0047,9.3640,-6.0029
245.692,-4.0047,9.3640,-6.0029
245.701,-4.0047,9.3640,-6.0029
245.709,-4.0047,9.3640,-6.0029
245.716,-4.0047,9.3640,-6.0029
245.724,-4.0047,9.3640,-6.0029
245.733,-4.0047,9.3640,-6.0029
245.741,-4.0047,9.3640,-6.0029
245.750,-4.0047,9.3640,-6.0029
245.758,-4.0047,9.3640,-6.0029
245.767,-4.0047,9.3640,-6.0029
245.777,-4.0047,9.3640,-6.0029
245.785,-4.0047,9.3640,-6.0029
245.795,-4.0047,9.3640,-6.0029
245.804,-4.0047,9.3640,-6.0029
245.813,-4.0047,9.3640,-6.0029
245.822,-4.0047,9.3640,-6.0029
245.832,-4.0047,9.3640,-6.0029
245.841,-4.0047,9.3640,-6.0029
245.850,-4.0047,9.3640,-6.0029
245.858,-4.0047,9.3640,-6.0029
245.867,-4.0047,9.3640,-6.0029
245.876,-4.0047,9.3640,-6.0029
245.884,-4.0047,9.3640,-6.0029
245.893,-4.0047,9.3640,-6.0029
245.903,-4.0047,9.3640,-6.0029
245.912,-4.0047,9.3640,-6.0029
245.921,-4.0047,9.3640,-6.0029
245.931,-4.0047,9.3640,-6.0029
245.940,-4.0047,9.3640,-6.0029
245.948,-4.0047,9.3640,-6.0029
245.957,-4.0047,9.3640,-6.0029
245.966,-4.0047,9.3640,-6.0029
245.975,-4.0047,9.3640,-6.0029
245.984,-4.0047,9.3640,-6.0029
245.992,-4.0047,9.3640,-6.0029
246.001,-4.0047,9.3640,-6.0029
246.010,-4.0047,9.3640,-6.0029
246.018,-4.0047,9.3640,-6.0029
246.026,-4.0047,9.3640,-6.0029
246.035,-4.0047,9.3640,-6.0029
246.042,-4.0047,9.3640,-6.0029
246.050,-4.0047,9.3640,-6.0029
246.057,-4.0047,9.3640,-6.0029
246.067,-4.0047,9.3640,-6.0029
246.075,-4.0047,9.3640,-6.0029
246.085,-4.0047,9.3640,-6.0029
246.094,-4.0047,9.3640,-6.0029
246.102,-4.0047,9.3640,-6.0029
246.111,-4.0047,9.3640,-6.0029
246.117,-4.0047,9.3640,-6.0029
246.126,-4.0047,9.3640,-6.0029
246.135,-4.0047,9.3640,-6.0029
246.144,-4.0047,9.3640,-6.0029
246.152,-4.0047,9.3640,-6.0029
246.160,-4.0047,9.3640,-6.0029
246.171,-4.0047,9.3640,-6.0029
246.179,-4.0047,9.3640,-6.0029
246.195,-4.0047,9.3640,-6.0029
246.205,-4.0047,9.3640,-6.0029
246.214,-4.0047,9.3640,-6.0029
246.224,-4.0047,9.3640,-6.0029
246.232,-4.0047,9.3640,-6.0029
246.242,-4.0047,9.3640,-6.0029
246.251,-4.0047,9.3640,-6.0029
246.258,-4.0047,9.3640,-6.0029
246.267,-4.0047,9.3640,-6.0029
246.276,-4.0047,9.3640,-6.0029
246.284,-4.0047,9.3640,-6.0029
246.292,-4.0047,9.3640,-6.0029
246.301,-4.0047,9.3640,-6.0029
246.310,-4.0047,9.3640,-6.0029
246.320,-4.0047,9.3640,-6.0029
246.328,-4.0047,9.3640,-6.0029
246.337,-4.0047,9.3640,-6.0029
246.345,-4.0047,9.3640,-6.0029
246.353,-4.0047,9.3640,-6.0029
246.361,-4.0047,9.3640,-6.0029
246.370,-4.0047,9.3640,-6.0029
246.378,-4.0047,9.3640,-6.0029
246.386,-4.0047,9.3640,-6.0029
246.394,-4.0047,9.3640,-6.0029
246.403,-4.0047,9.3640,-6.0029
246.412,-4.0047,9.3640,-6.0029
246.420,-4.0047,9.3640,-6.0029
246.428,-4.0047,9.3640,-6.0029
246.437,-4.0047,9.3640,-6.0029
246.445,-4.0047,9.3640,-6.0029
246.454,-4.0047,9.3640,-6.0029
246.461,-4.0047,9.3640,-6.0029
246.471,-4.0047,9.3640,-6.0029
246.478,-4.0047,9.3640,-6.0029
246.486,-4.0047,9.3639,-6.0029
246.496,-4.0047,9.3639,-6.0029
246.505,-4.0047,9.3639,-6.0029
246.514,-4.0047,9.3639,-6.0029
246.522,-4.0047,9.3638,-6.0029
246.531,-4.0047,9.3638,-6.0029
246.540,-4.0047,9.3635,-6.0029
246.549,-4.0047,9.3635,-6.0029
246.557,-4.0047,9.3635,-6.0029
246.566,-4.0047,9.3632,-6.0029
246.575,-4.0047,9.3632,-6.0029
246.583,-4.0047,9.3628,-6.0029
246.592,-4.0047,9.3628,-6.0029
246.601,-4.0047,9.3621,-6.0029
246.611,-4.0047,9.3621,-6.0029
246.618,-4.0047,9.3621,-6.0029
246.626,-4.0047,9.3612,-6.0029
246.636,-4.0047,9.3612,-6.0029
246.644,-4.0047,9.3603,-6.0029
246.652,-4.0047,9.3603,-6.0029
246.660,-4.0047,9.3593,-6.0029
246.670,-4.0047,9.3593,-6.0029
246.678,-4.0047,9.3593,-6.0029
246.686,-4.0047,9.3583,-6.0029
246.696,-4.0047,9.3583,-6.0029
246.705,-4.0047,9.3561,-6.0029
246.713,-4.0047,9.3561,-6.0029
246.722,-4.0047,9.3539,-6.0029
246.731,-4.0047,9.3539,-6.0029
246.739,-4.0047,9.3515,-6.0029
246.747,-4.0047,9.3515,-6.0029
246.755,-4.0047,9.3515,-6.0029
246.762,-4.0047,9.3492,-6.0029
246.773,-4.0047,9.3492,-6.0029
246.781,-4.0047,9.3467,-6.0029
246.790,-4.0047,9.3467,-6.0029
246.797,-4.0047,9.3467,-6.0029
246.807,-4.0047,9.3442,-6.0029
246.817,-4.0047,9.3442,-6.0029
246.825,-4.0047,9.3416,-6.0029
246.837,-4.0047,9.3416,-6.0029
246.844,-4.0047,9.3390,-6.0029
246.854,-4.0047,9.3390,-6.0029
246.862,-4.0047,9.3363,-6.0029
246.875,-4.0047,9.3363,-6.0029
246.886,-4.0047,9.3336,-6.0029
246.899,-4.0047,9.3310,-6.0029
246.912,-4.0047,9.3310,-6.0029
246.920,-4.0047,9.3283,-6.0029
246.932,-4.0047,9.3283,-6.0029
246.942,-4.0047,9.3256,-6.0029
246.953,-4.0047,9.3256,-6.0029
246.962,-4.0047,9.3230,-6.0029
246.974,-4.0047,9.3230,-6.0029
246.982,-4.0047,9.3203,-6.0029
246.993,-4.0047,9.3203,-6.0029
247.002,-4.0047,9.3176,-6.0029
247.013,-4.0047,9.3176,-6.0029
247.022,-4.0047,9.3150,-6.0029
247.032,-4.0047,9.3150,-6.0029
247.042,-4.0047,9.3123,-6.0029
247.053,-4.0047,9.3123,-6.0029
247.063,-4.0047,9.3096,-6.0029
247.074,-4.0047,9.3096,-6.0029
247.083,-4.0047,9.3070,-6.0029
247.094,-4.0047,9.3070,-6.0029
247.106,-4.0047,9.3043,-6.0029
247.118,-4.0047,9.3043,-6.0029
247.128,-4.0047,9.3016,-6.0029
247.140,-4.0047,9.2990,-6.0029
247.152,-4.0047,9.2990,-6.0029
247.161,-4.0047,9.2963,-6.0029
247.173,-4.0047,9.2963,-6.0029
247.182,-4.0047,9.2936,-6.0029
247.192,-4.0047,9.2936,-6.0029
247.201,-4.0047,9.2910,-6.0029
247.211,-4.0047,9.2910,-6.0029
247.221,-4.0047,9.2883,-6.0029
247.232,-4.0047,9.2883,-6.0029
247.242,-4.0047,9.2856,-6.0029
247.254,-4.0047,9.2856,-6.0029
247.263,-4.0047,9.2830,-6.0029
247.274,-4.0047,9.2830,-6.0029
247.282,-4.0047,9.2803,-6.0029
247.291,-4.0047,9.2803,-6.0029
247.299,-4.0047,9.2776,-6.0029
247.310,-4.0047,9.2776,-6.0029
247.318,-4.0047,9.2776,-6.0029
247.327,-4.0047,9.2750,-6.0029
247.339,-4.0047,9.2723,-6.0029
247.350,-4.0047,9.2723,-6.0029
247.358,-4.0047,9.2723,-6.0029
247.368,-4.0047,9.2696,-6.0029
247.380,-4.0047,9.2670,-6.0029
247.392,-4.0047,9.2670,-6.0029
247.401,-4.0047,9.2643,-6.0029
247.414,-4.0047,9.2643,-6.0029
247.425,-4.0047,9.2616,-6.0029
247.436,-4.0047,9.2616,-6.0029
247.445,-4.0047,9.2590,-6.0029
247.458,-4.0047,9.2590,-6.0029
247.467,-4.0047,9.2563,-6.0029
247.479,-4.0047,9.2536,-6.0029
247.491,-4.0047,9.2536,-6.0029
247.501,-4.0047,9.2510,-6.0029
247.514,-4.0047,9.2510,-6.0029
247.524,-4.0047,9.2483,-6.0029
247.536,-4.0047,9.2483,-6.0029
247.547,-4.0047,9.2456,-6.0029
247.558,-4.0047,9.2430,-6.0029
247.571,-4.0047,9.2430,-6.0029
247.579,-4.0047,9.2403,-6.0029
247.589,-4.0047,9.2403,-6.0029
247.597,-4.0047,9.2403,-6.0029
247.606,-4.0047,9.2376,-6.0029
247.616,-4.0047,9.2376,-6.0029
247.624,-4.0047,9.2350,-6.0029
247.636,-4.0047,9.2350,-6.0029
247.644,-4.0047,9.2323,-6.0029
247.655,-4.0047,9.2323,-6.0029
247.664,-4.0047,9.2296,-6.0029
247.675,-4.0047,9.2296,-6.0029
247.683,-4.0047,9.2270,-6.0029
247.695,-4.0047,9.2270,-6.0029
247.704,-4.0047,9.2243,-6.0029
247.715,-4.0047,9.2243,-6.0029
247.723,-4.0047,9.2216,-6.0029
247.733,-4.0047,9.2216,-6.0029
247.742,-4.0047,9.2190,-6.0029
247.752,-4.0047,9.2190,-6.0029
247.762,-4.0047,9.2163,-6.0029
247.773,-4.0047,9.2163,-6.0029
247.781,-4.0047,9.2136,-6.0029
247.791,-4.0047,9.2136,-6.0029
247.798,-4.0047,9.2110,-6.0029
247.809,-4.0047,9.2110,-6.0029
247.817,-4.0047,9.2110,-6.0029
247.825,-4.0047,9.2083,-6.0029
247.836,-4.0047,9.2083,-6.0029
247.844,-4.0047,9.2056,-6.0029
247.855,-4.0047,9.2056,-6.0029
247.862,-4.0047,9.2030,-6.0029
247.874,-4.0047,9.2030,-6.0029
247.882,-4.0047,9.2003,-6.0029
247.892,-4.0047,9.2003,-6.0029
247.903,-4.0047,9.1976,-6.0029
247.912,-4.0047,9.1976,-6.0029
247.920,-4.0047,9.1950,-6.0029
247.932,-4.0047,9.1950,-6.0029
247.940,-4.0047,9.1923,-6.0029
247.950,-4.0047,9.1923,-6.0029
247.959,-4.0047,9.1896,-6.0029
247.969,-4.0047,9.1896,-6.0029
247.976,-4.0047,9.1896,-6.0029
247.984,-4.0047,9.1870,-6.0029
247.995,-4.0047,9.1870,-6.0029
248.003,-4.0047,9.1843,-6.0029
248.013,-4.0047,9.1843,-6.0029
248.021,-4.0047,9.1816,-6.0029
248.031,-4.0047,9.1816,-6.0029
248.040,-4.0047,9.1790,-6.0029
248.050,-4.0047,9.1790,-6.0029
248.058,-4.0047,9.1790,-6.0029
248.066,-4.0047,9.1763,-6.0029
248.076,-4.0047,9.1763,-6.0029
248.084,-4.0047,9.1736,-6.0029
248.093,-4.0047,9.1736,-6.0029
248.102,-4.0047,9.1710,-6.0029
248.111,-4.0047,9.1710,-6.0029
248.119,-4.0047,9.1683,-6.0029
248.130,-4.0047,9.1683,-6.0029
248.138,-4.0047,9.1683,-6.0029
248.146,-4.0047,9.1656,-6.0029
248.155,-4.0047,9.1656,-6.0029
248.163,-4.0047,9.1630,-6.0029
248.174,-4.0047,9.1630,-6.0029
248.181,-4.0047,9.1603,-6.0029
248.191,-4.0047,9.1603,-6.0029
248.199,-4.0047,9.1576,-6.0029
248.209,-4.0047,9.1576,-6.0029
248.216,-4.0047,9.1576,-6.0029
248.224,-4.0047,9.1550,-6.0029
248.233,-4.0047,9.1550,-6.0029
248.243,-4.0047,9.1523,-6.0029
248.253,-4.0047,9.1523,-6.0029
248.262,-4.0047,9.1496,-6.0029
248.274,-4.0047,9.1496,-6.0029
248.282,-4.0047,9.1470,-6.0029
248.292,-4.0047,9.1470,-6.0029
248.302,-4.0047,9.1443,-6.0029
248.312,-4.0047,9.1443,-6.0029
248.322,-4.0047,9.1416,-6.0029
248.334,-4.0047,9.1416,-6.0029
248.342,-4.0047,9.1390,-6.0029
248.353,-4.0047,9.1390,-6.0029
248.363,-4.0047,9.1363,-6.0029
248.372,-4.0047,9.1363,-6.0029
248.380,-4.0047,9.1336,-6.0029
248.391,-4.0047,9.1336,-6.0029
248.400,-4.0047,9.1310,-6.0029
248.411,-4.0047,9.1310,-6.0029
248.428,-4.0047,9.1283,-6.0029
248.440,-4.0047,9.1256,-6.0029
248.451,-4.0047,9.1256,-6.0029
248.460,-4.0047,9.1230,-6.0029
248.470,-4.0047,9.1230,-6.0029
248.479,-4.0047,9.1203,-6.0029
248.489,-4.0047,9.1203,-6.0029
248.498,-4.0047,9.1203,-6.0029
248.507,-4.0047,9.1176,-6.0029
248.517,-4.0047,9.1176,-6.0029
248.526,-4.0047,9.1150,-6.0029
248.537,-4.0047,9.1150,-6.0029
248.544,-4.0047,9.1123,-6.0029
248.554,-4.0047,9.1123,-6.0029
248.562,-4.0047,9.1096,-6.0029
248.573,-4.0047,9.1096,-6.0029
248.581,-4.0047,9.1070,-6.0029
248.591,-4.0047,9.1070,-6.0029
248.600,-4.0047,9.1043,-6.0029
248.611,-4.0047,9.1043,-6.0029
248.620,-4.0047,9.1016,-6.0029
248.630,-4.0047,9.1016,-6.0029
248.639,-4.0047,9.0990,-6.0029
248.650,-4.0047,9.0990,-6.0029
248.660,-4.0047,9.0963,-6.0029
248.672,-4.0047,9.0963,-6.0029
248.680,-4.0047,9.0936,-6.0029
248.691,-4.0047,9.0936,-6.0029
248.699,-4.0047,9.0910,-6.0029
248.710,-4.0047,9.0910,-6.0029
248.719,-4.0047,9.0883,-6.0029
248.729,-4.0047,9.0883,-6.0029
248.739,-4.0047,9.0856,-6.0029
248.750,-4.0047,9.0856,-6.0029
248.758,-4.0047,9.0856,-6.0029
248.767,-4.0047,9.0830,-6.0029
248.777,-4.0047,9.0830,-6.0029
248.787,-4.0047,9.0803,-6.0029
248.797,-4.0047,9.0803,-6.0029
248.808,-4.0047,9.0776,-6.0029
248.818,-4.0047,9.0776,-6.0029
248.826,-4.0047,9.0750,-6.0029
248.837,-4.0047,9.0750,-6.0029
248.846,-4.0047,9.0723,-6.0029
248.856,-4.0047,9.0723,-6.0029
248.865,-4.0047,9.0696,-6.0029
248.874,-4.0047,9.0696,-6.0029
248.882,-4.0047,9.0670,-6.0029
248.892,-4.0047,9.0670,-6.0029
248.900,-4.0047,9.0643,-6.0029
248.912,-4.0047,9.0643,-6.0029
248.920,-4.0047,9.0616,-6.0029
248.930,-4.0047,9.0616,-6.0029
248.939,-4.0047,9.0590,-6.0029
248.949,-4.0047,9.0590,-6.0029
248.958,-4.0047,9.0563,-6.0029
248.970,-4.0047,9.0563,-6.0029
248.978,-4.0047,9.0563,-6.0029
248.987,-4.0047,9.0536,-6.0029
248.996,-4.0047,9.0536,-6.0029
249.005,-4.0047,9.0510,-6.0029
249.014,-4.0047,9.0510,-6.0029
249.023,-4.0047,9.0483,-6.0029
249.033,-4.0047,9.0483,-6.0029
249.041,-4.0047,9.0456,-6.0029
249.051,-4.0047,9.0456,-6.0029
249.060,-4.0047,9.0430,-6.0029
249.071,-4.0047,9.0430,-6.0029
249.079,-4.0047,9.0403,-6.0029
249.090,-4.0047,9.0403,-6.0029
249.098,-4.0047,9.0403,-6.0029
249.107,-4.0047,9.0376,-6.0029
249.117,-4.0047,9.0376,-6.0029
249.125,-4.0047,9.0350,-6.0029
249.136,-4.0047,9.0350,-6.0029
249.144,-4.0047,9.0323,-6.0029
249.154,-4.0047,9.0323,-6.0029
249.161,-4.0047,9.0296,-6.0029
249.172,-4.0047,9.0296,-6.0029
249.180,-4.0047,9.0270,-6.0029
249.188,-4.0047,9.0270,-6.0029
249.196,-4.0047,9.0270,-6.0029
249.205,-4.0047,9.0243,-6.0029
249.215,-4.0047,9.0243,-6.0029
249.223,-4.0047,9.0216,-6.0029
249.232,-4.0047,9.0216,-6.0029
249.240,-4.0047,9.0190,-6.0029
249.249,-4.0047,9.0190,-6.0029
249.258,-4.0047,9.0190,-6.0029
249.266,-4.0047,9.0163,-6.0029
249.276,-4.0047,9.0163,-6.0029
249.285,-4.0047,9.0136,-6.0029
249.295,-4.0047,9.0136,-6.0029
249.305,-4.0047,9.0110,-6.0029
249.315,-4.0047,9.0110,-6.0029
249.323,-4.0047,9.0083,-6.0029
249.333,-4.0047,9.0083,-6.0029
249.341,-4.0047,9.0056,-6.0029
249.350,-4.0047,9.0056,-6.0029
249.358,-4.0047,9.0056,-6.0029
249.366,-4.0047,9.0030,-6.0029
249.376,-4.0047,9.0030,-6.0029
249.384,-4.0047,9.0003,-6.0029
249.395,-4.0047,9.0003,-6.0029
249.403,-4.0047,8.9976,-6.0029
249.413,-4.0047,8.9976,-6.0029
249.421,-4.0047,8.9950,-6.0029
249.431,-4.0047,8.9950,-6.0029
249.440,-4.0047,8.9923,-6.0029
249.450,-4.0047,8.9923,-6.0029
249.459,-4.0047,8.9896,-6.0029
249.470,-4.0047,8.9896,-6.0029
249.477,-4.0047,8.9896,-6.0029
249.486,-4.0047,8.9870,-6.0029
249.495,-4.0047,8.9870,-6.0029
249.504,-4.0047,8.9843,-6.0029
249.514,-4.0047,8.9843,-6.0029
249.523,-4.0047,8.9816,-6.0029
249.532,-4.0047,8.9816,-6.0029
249.542,-4.0047,8.9790,-6.0029
249.553,-4.0047,8.9790,-6.0029
249.563,-4.0047,8.9763,-6.0029
249.573,-4.0047,8.9763,-6.0029
249.582,-4.0047,8.9736,-6.0029
249.593,-4.0047,8.9736,-6.0029
249.601,-4.0047,8.9710,-6.0029
249.612,-4.0047,8.9710,-6.0029
249.619,-4.0047,8.9683,-6.0029
249.629,-4.0047,8.9683,-6.0029
249.638,-4.0047,8.9683,-6.0029
249.647,-4.0047,8.9656,-6.0029
249.658,-4.0047,8.9656,-6.0029
249.666,-4.0047,8.9630,-6.0029
249.678,-4.0047,8.9630,-6.0029
249.688,-4.0047,8.9603,-6.0029
249.699,-4.0047,8.9576,-6.0029
249.710,-4.0047,8.9576,-6.0029
249.720,-4.0047,8.9550,-6.0029
249.730,-4.0047,8.9550,-6.0029
249.741,-4.0047,8.9523,-6.0029
249.751,-4.0047,8.9523,-6.0029
249.759,-4.0047,8.9496,-6.0029
249.771,-4.0047,8.9496,-6.0029
249.781,-4.0047,8.9470,-6.0029
249.791,-4.0047,8.9470,-6.0029
249.800,-4.0047,8.9443,-6.0029
249.811,-4.0047,8.9443,-6.0029
249.819,-4.0047,8.9416,-6.0029
249.828,-4.0047,8.9416,-6.0029
249.837,-4.0047,8.9416,-6.0029
249.846,-4.0047,8.9390,-6.0029
249.858,-4.0047,8.9390,-6.0029
249.866,-4.0047,8.9363,-6.0029
249.878,-4.0047,8.9363,-6.0029
249.888,-4.0047,8.9336,-6.0029
249.897,-4.0047,8.9336,-6.0029
249.907,-4.0047,8.9310,-6.0029
249.917,-4.0047,8.9310,-6.0029
249.926,-4.0047,8.9283,-6.0029
249.937,-4.0047,8.9283,-6.0029
249.945,-4.0047,8.9256,-6.0029
249.957,-4.0047,8.9256,-6.0029
249.965,-4.0047,8.9230,-6.0029
249.975,-4.0047,8.9230,-6.0029
249.984,-4.0047,8.9203,-6.0029
249.996,-4.0047,8.9203,-6.0029
250.006,-4.0047,8.9176,-6.0029
250.017,-4.0047,8.9176,-6.0029
250.026,-4.0047,8.9150,-6.0029
250.038,-4.0047,8.9123,-6.0029
250.050,-4.0047,8.9123,-6.0029
250.059,-4.0047,8.9096,-6.0029
250.070,-4.0047,8.9096,-6.0029
250.079,-4.0047,8.9070,-6.0029
250.090,-4.0047,8.9070,-6.0029
250.099,-4.0047,8.9043,-6.0029
250.110,-4.0047,8.9043,-6.0029
250.117,-4.0047,8.9043,-6.0029
250.126,-4.0047,8.9016,-6.0029
250.138,-4.0047,8.9016,-6.0029
250.146,-4.0047,8.8990,-6.0029
250.157,-4.0047,8.8990,-6.0029
250.164,-4.0047,8.8963,-6.0029
250.175,-4.0047,8.8963,-6.0029
250.183,-4.0047,8.8936,-6.0029
250.193,-4.0047,8.8936,-6.0029
250.202,-4.0047,8.8910,-6.0029
250.213,-4.0047,8.8910,-6.0029
250.222,-4.0047,8.8883,-6.0029
250.233,-4.0047,8.8883,-6.0029
250.241,-4.0047,8.8856,-6.0029
250.251,-4.0047,8.8856,-6.0029
250.259,-4.0047,8.8830,-6.0029
250.270,-4.0047,8.8830,-6.0029
250.278,-4.0047,8.8830,-6.0029
250.286,-4.0047,8.8803,-6.0029
250.297,-4.0047,8.8803,-6.0029
250.305,-4.0047,8.8776,-6.0029
250.316,-4.0047,8.8776,-6.0029
250.325,-4.0047,8.8750,-6.0029
250.334,-4.0047,8.8750,-6.0029
250.343,-4.0047,8.8723,-6.0029
250.353,-4.0047,8.8723,-6.0029
250.362,-4.0047,8.8696,-6.0029
250.372,-4.0047,8.8696,-6.0029
250.380,-4.0047,8.8670,-6.0029
250.390,-4.0047,8.8670,-6.0029
250.398,-4.0047,8.8643,-6.0029
250.411,-4.0047,8.8643,-6.0029
250.420,-4.0047,8.8616,-6.0029
250.429,-4.0047,8.8616,-6.0029
250.440,-4.0047,8.8590,-6.0029
250.451,-4.0047,8.8590,-6.0029
250.459,-4.0047,8.8563,-6.0029
250.472,-4.0047,8.8563,-6.0029
250.480,-4.0047,8.8536,-6.0029
250.489,-4.0047,8.8536,-6.0029
250.498,-4.0047,8.8536,-6.0029
250.506,-4.0047,8.8510,-6.0029
250.516,-4.0047,8.8510,-6.0029
250.524,-4.0047,8.8483,-6.0029
250.535,-4.0047,8.8483,-6.0029
250.543,-4.0047,8.8456,-6.0029
250.551,-4.0047,8.8456,-6.0029
250.560,-4.0047,8.8430,-6.0029
250.571,-4.0047,8.8430,-6.0029
250.578,-4.0047,8.8403,-6.0029
250.589,-4.0047,8.8403,-6.0029
250.596,-4.0047,8.8403,-6.0029
250.605,-4.0047,8.8376,-6.0029
250.615,-4.0047,8.8376,-6.0029
250.624,-4.0047,8.8350,-6.0029
250.634,-4.0047,8.8350,-6.0029
250.642,-4.0047,8.8323,-6.0029
250.652,-4.0047,8.8323,-6.0029
250.660,-4.0047,8.8296,-6.0029
250.678,-4.0047,8.8296,-6.0029
250.688,-4.0047,8.8270,-6.0029
250.697,-4.0047,8.8270,-6.0029
250.706,-4.0047,8.8243,-6.0029
250.716,-4.0047,8.8243,-6.0029
250.723,-4.0047,8.8216,-6.0029
250.733,-4.0047,8.8216,-6.0029
250.740,-4.0047,8.8190,-6.0029
250.751,-4.0047,8.8190,-6.0029
250.759,-4.0047,8.8163,-6.0029
250.770,-4.0047,8.8163,-6.0029
250.778,-4.0047,8.8163,-6.0029
250.786,-4.0047,8.8136,-6.0029
250.797,-4.0047,8.8136,-6.0029
250.808,-4.0047,8.8110,-6.0029
250.817,-4.0047,8.8110,-6.0029
250.827,-4.0047,8.8083,-6.0029
250.838,-4.0047,8.8083,-6.0029
250.847,-4.0047,8.8056,-6.0029
250.858,-4.0047,8.8056,-6.0029
250.868,-4.0047,8.8030,-6.0029
250.879,-4.0047,8.8003,-6.0029
250.890,-4.0047,8.8003,-6.0029
250.899,-4.0047,8.7976,-6.0029
250.911,-4.0047,8.7976,-6.0029
250.920,-4.0047,8.7950,-6.0029
250.932,-4.0047,8.7950,-6.0029
250.940,-4.0047,8.7923,-6.0029
250.950,-4.0047,8.7923,-6.0029
250.958,-4.0047,8.7923,-6.0029
250.968,-4.0047,8.7897,-6.0029
250.980,-4.0047,8.7870,-6.0029
250.989,-4.0047,8.7870,-6.0029
250.998,-4.0047,8.7870,-6.0029
251.006,-4.0047,8.7843,-6.0029
251.018,-4.0047,8.7843,-6.0029
251.028,-4.0047,8.7817,-6.0029
251.039,-4.0047,8.7790,-6.0029
251.049,-4.0047,8.7790,-6.0029
251.058,-4.0047,8.7790,-6.0029
251.065,-4.0047,8.7763,-6.0029
251.077,-4.0047,8.7763,-6.0029
251.084,-4.0047,8.7737,-6.0029
251.095,-4.0047,8.7737,-6.0029
251.106,-4.0047,8.7710,-6.0029
251.115,-4.0047,8.7710,-6.0029
251.124,-4.0047,8.7683,-6.0029
251.137,-4.0047,8.7683,-6.0029
251.144,-4.0047,8.7657,-6.0029
251.155,-4.0047,8.7657,-6.0029
251.165,-4.0047,8.7630,-6.0029
251.176,-4.0047,8.7630,-6.0029
251.184,-4.0047,8.7603,-6.0029
251.195,-4.0047,8.7603,-6.0029
251.205,-4.0047,8.7577,-6.0029
251.214,-4.0047,8.7577,-6.0029
251.222,-4.0047,8.7550,-6.0029
251.233,-4.0047,8.7550,-6.0029
251.243,-4.0047,8.7523,-6.0029
251.253,-4.0047,8.7523,-6.0029
251.262,-4.0047,8.7497,-6.0029
251.273,-4.0047,8.7497,-6.0029
251.282,-4.0047,8.7470,-6.0029
251.293,-4.0047,8.7470,-6.0029
251.303,-4.0047,8.7443,-6.0029
251.313,-4.0047,8.7443,-6.0029
251.322,-4.0047,8.7417,-6.0029
251.332,-4.0047,8.7417,-6.0029
251.342,-4.0047,8.7390,-6.0029
251.353,-4.0047,8.7390,-6.0029
251.362,-4.0047,8.7363,-6.0029
251.373,-4.0047,8.7363,-6.0029
251.382,-4.0047,8.7337,-6.0029
251.392,-4.0047,8.7337,-6.0029
251.400,-4.0047,8.7310,-6.0029
251.410,-4.0047,8.7310,-6.0029
251.418,-4.0047,8.7283,-6.0029
251.428,-4.0047,8.7283,-6.0029
251.438,-4.0047,8.7283,-6.0029
251.446,-4.0047,8.7257,-6.0029
251.455,-4.0047,8.7257,-6.0029
251.462,-4.0047,8.7230,-6.0029
251.473,-4.0047,8.7230,-6.0029
251.480,-4.0047,8.7203,-6.0029
251.490,-4.0047,8.7203,-6.0029
251.498,-4.0047,8.7203,-6.0029
251.507,-4.0047,8.7177,-6.0029
251.516,-4.0047,8.7177,-6.0029
251.524,-4.0047,8.7150,-6.0029
251.534,-4.0047,8.7150,-6.0029
251.542,-4.0047,8.7123,-6.0029
251.552,-4.0047,8.7123,-6.0029
251.560,-4.0047,8.7097,-6.0029
251.572,-4.0047,8.7097,-6.0029
251.579,-4.0047,8.7070,-6.0029
251.591,-4.0047,8.7070,-6.0029
251.599,-4.0047,8.7043,-6.0029
251.608,-4.0047,8.7043,-6.0029
251.617,-4.0047,8.7043,-6.0029
251.626,-4.0047,8.7017,-6.0029
251.637,-4.0047,8.7017,-6.0029
251.645,-4.0047,8.6990,-6.0029
251.655,-4.0047,8.6990,-6.0029
251.664,-4.0047,8.6963,-6.0029
251.674,-4.0047,8.6963,-6.0029
251.684,-4.0047,8.6937,-6.0029
251.694,-4.0047,8.6937,-6.0029
251.702,-4.0047,8.6910,-6.0029
251.712,-4.0047,8.6910,-6.0029
251.720,-4.0047,8.6883,-6.0029
251.732,-4.0047,8.6883,-6.0029
251.740,-4.0047,8.6857,-6.0029
251.750,-4.0047,8.6857,-6.0029
251.759,-4.0047,8.6830,-6.0029
251.769,-4.0047,8.6830,-6.0029
251.778,-4.0047,8.6830,-6.0029
251.786,-4.0047,8.6803,-6.0029
251.799,-4.0047,8.6777,-6.0029
251.809,-4.0047,8.6777,-6.0029
251.816,-4.0047,8.6777,-6.0029
251.824,-4.0047,8.6750,-6.0029
251.835,-4.0047,8.6750,-6.0029
251.843,-4.0047,8.6723,-6.0029
251.854,-4.0047,8.6723,-6.0029
251.863,-4.0047,8.6697,-6.0029
251.873,-4.0047,8.6697,-6.0029
251.880,-4.0047,8.6670,-6.0029
251.890,-4.0047,8.6670,-6.0029
251.898,-4.0047,8.6670,-6.0029
251.907,-4.0047,8.6643,-6.0029
251.916,-4.0047,8.6643,-6.0029
251.925,-4.0047,8.6617,-6.0029
251.935,-4.0047,8.6617,-6.0029
251.943,-4.0047,8.6590,-6.0029
251.954,-4.0047,8.6590,-6.0029
251.962,-4.0047,8.6563,-6.0029
251.972,-4.0047,8.6563,-6.0029
251.981,-4.0047,8.6537,-6.0029
251.991,-4.0047,8.6537,-6.0029
251.998,-4.0047,8.6510,-6.0029
252.009,-4.0047,8.6510,-6.0029
252.018,-4.0047,8.6510,-6.0029
252.025,-4.0047,8.6483,-6.0029
252.036,-4.0047,8.6483,-6.0029
252.044,-4.0047,8.6457,-6.0029
252.055,-4.0047,8.6457,-6.0029
252.063,-4.0047,8.6430,-6.0029
252.073,-4.0047,8.6430,-6.0029
252.082,-4.0047,8.6403,-6.0029
252.093,-4.0047,8.6403,-6.0029
252.103,-4.0047,8.6377,-6.0029
252.114,-4.0047,8.6377,-6.0029
252.123,-4.0047,8.6350,-6.0029
252.134,-4.0047,8.6350,-6.0029
252.143,-4.0047,8.6323,-6.0029
252.153,-4.0047,8.6323,-6.0029
252.162,-4.0047,8.6297,-6.0029
252.173,-4.0047,8.6297,-6.0029
252.182,-4.0047,8.6270,-6.0029
252.194,-4.0047,8.6270,-6.0029
252.203,-4.0047,8.6243,-6.0029
252.213,-4.0047,8.6243,-6.0029
252.221,-4.0047,8.6217,-6.0029
252.232,-4.0047,8.6217,-6.0029
252.242,-4.0047,8.6190,-6.0029
252.252,-4.0047,8.6190,-6.0029
252.262,-4.0047,8.6163,-6.0029
252.275,-4.0047,8.6163,-6.0029
252.283,-4.0047,8.6137,-6.0029
252.293,-4.0047,8.6137,-6.0029
252.302,-4.0047,8.6110,-6.0029
252.312,-4.0047,8.6110,-6.0029
252.321,-4.0047,8.6083,-6.0029
252.329,-4.0047,8.6083,-6.0029
252.340,-4.0047,8.6057,-6.0029
252.350,-4.0047,8.6057,-6.0029
252.358,-4.0047,8.6057,-6.0029
252.367,-4.0047,8.6030,-6.0029
252.378,-4.0047,8.6030,-6.0029
252.386,-4.0047,8.6003,-6.0029
252.396,-4.0047,8.6003,-6.0029
252.405,-4.0047,8.5977,-6.0029
252.417,-4.0047,8.5977,-6.0029
252.426,-4.0047,8.5950,-6.0029
252.439,-4.0047,8.5923,-6.0029
252.449,-4.0047,8.5923,-6.0029
252.459,-4.0047,8.5897,-6.0029
252.472,-4.0047,8.5897,-6.0029
252.481,-4.0047,8.5870,-6.0029
252.492,-4.0047,8.5870,-6.0029
252.501,-4.0047,8.5843,-6.0029
252.512,-4.0047,8.5843,-6.0029
252.521,-4.0047,8.5817,-6.0029
252.532,-4.0047,8.5817,-6.0029
252.541,-4.0047,8.5790,-6.0029
252.552,-4.0047,8.5790,-6.0029
252.561,-4.0047,8.5763,-6.0029
252.572,-4.0047,8.5763,-6.0029
252.580,-4.0047,8.5737,-6.0029
252.592,-4.0047,8.5737,-6.0029
252.600,-4.0047,8.5710,-6.0029
252.611,-4.0047,8.5710,-6.0029
252.621,-4.0047,8.5683,-6.0029
252.631,-4.0047,8.5683,-6.0029
252.640,-4.0047,8.5657,-6.0029
252.651,-4.0047,8.5657,-6.0029
252.660,-4.0047,8.5630,-6.0029
252.671,-4.0047,8.5630,-6.0029
252.679,-4.0047,8.5603,-6.0029
252.688,-4.0047,8.5603,-6.0029
252.697,-4.0047,8.5603,-6.0029
252.706,-4.0047,8.5577,-6.0029
252.715,-4.0047,8.5577,-6.0029
252.725,-4.0047,8.5550,-6.0029
252.734,-4.0047,8.5550,-6.0029
252.744,-4.0047,8.5523,-6.0029
252.754,-4.0047,8.5523,-6.0029
252.762,-4.0047,8.5497,-6.0029
252.774,-4.0047,8.5497,-6.0029
252.781,-4.0047,8.5470,-6.0029
252.792,-4.0047,8.5470,-6.0029
252.802,-4.0047,8.5443,-6.0029
252.812,-4.0047,8.5443,-6.0029
252.820,-4.0047,8.5417,-6.0029
252.830,-4.0047,8.5417,-6.0029
252.839,-4.0047,8.5390,-6.0029
252.849,-4.0047,8.5390,-6.0029
252.856,-4.0047,8.5390,-6.0029
252.865,-4.0047,8.5363,-6.0029
252.875,-4.0047,8.5363,-6.0029
252.883,-4.0047,8.5337,-6.0029
252.893,-4.0047,8.5337,-6.0029
252.902,-4.0047,8.5310,-6.0029
252.912,-4.0047,8.5310,-6.0029
252.921,-4.0047,8.5283,-6.0029
252.932,-4.0047,8.5283,-6.0029
252.942,-4.0047,8.5257,-6.0029
252.959,-4.0047,8.5230,-6.0029
252.970,-4.0047,8.5230,-6.0029
252.978,-4.0047,8.5230,-6.0029
252.987,-4.0047,8.5203,-6.0029
252.997,-4.0047,8.5203,-6.0029
253.006,-4.0047,8.5177,-6.0029
253.017,-4.0047,8.5177,-6.0029
253.025,-4.0047,8.5150,-6.0029
253.036,-4.0047,8.5150,-6.0029
253.045,-4.0047,8.5123,-6.0029
253.056,-4.0047,8.5123,-6.0029
253.063,-4.0047,8.5097,-6.0029
253.074,-4.0047,8.5097,-6.0029
253.082,-4.0047,8.5070,-6.0029
253.092,-4.0047,8.5070,-6.0029
253.102,-4.0047,8.5043,-6.0029
253.111,-4.0047,8.5043,-6.0029
253.119,-4.0047,8.5017,-6.0029
253.130,-4.0047,8.5017,-6.0029
253.138,-4.0047,8.4990,-6.0029
253.147,-4.0047,8.4990,-6.0029
253.155,-4.0047,8.4990,-6.0029
253.165,-4.0047,8.4963,-6.0029
253.175,-4.0047,8.4963,-6.0029
253.183,-4.0047,8.4937,-6.0029
253.192,-4.0047,8.4937,-6.0029
253.201,-4.0047,8.4910,-6.0029
253.211,-4.0047,8.4910,-6.0029
253.219,-4.0047,8.4883,-6.0029
253.229,-4.0047,8.4883,-6.0029
253.238,-4.0047,8.4883,-6.0029
253.246,-4.0047,8.4857,-6.0029
253.257,-4.0047,8.4857,-6.0029
253.265,-4.0047,8.4830,-6.0029
253.276,-4.0047,8.4830,-6.0029
253.284,-4.0047,8.4803,-6.0029
253.294,-4.0047,8.4803,-6.0029
253.304,-4.0047,8.4777,-6.0029
253.314,-4.0047,8.4777,-6.0029
253.323,-4.0047,8.4750,-6.0029
253.334,-4.0047,8.4750,-6.0029
253.343,-4.0047,8.4723,-6.0029
253.354,-4.0047,8.4723,-6.0029
253.363,-4.0047,8.4697,-6.0029
253.374,-4.0047,8.4697,-6.0029
253.383,-4.0047,8.4670,-6.0029
253.394,-4.0047,8.4670,-6.0029
253.403,-4.0047,8.4643,-6.0029
253.413,-4.0047,8.4643,-6.0029
253.422,-4.0047,8.4617,-6.0029
253.433,-4.0047,8.4617,-6.0029
253.444,-4.0047,8.4590,-6.0029
253.452,-4.0047,8.4590,-6.0029
253.461,-4.0047,8.4563,-6.0029
253.472,-4.0047,8.4563,-6.0029
253.480,-4.0047,8.4537,-6.0029
253.492,-4.0047,8.4537,-6.0029
253.501,-4.0047,8.4510,-6.0029
253.512,-4.0047,8.4510,-6.0029
253.521,-4.0047,8.4483,-6.0029
253.532,-4.0047,8.4483,-6.0029
253.542,-4.0047,8.4457,-6.0029
253.554,-4.0047,8.4457,-6.0029
253.562,-4.0047,8.4430,-6.0029
253.573,-4.0047,8.4430,-6.0029
253.581,-4.0047,8.4403,-6.0029
253.592,-4.0047,8.4403,-6.0029
253.601,-4.0047,8.4377,-6.0029
253.611,-4.0047,8.4377,-6.0029
253.620,-4.0047,8.4350,-6.0029
253.629,-4.0047,8.4350,-6.0029
253.638,-4.0047,8.4323,-6.0029
253.650,-4.0047,8.4323,-6.0029
253.658,-4.0047,8.4323,-6.0029
253.668,-4.0047,8.4297,-6.0029
253.679,-4.0047,8.4270,-6.0029
253.690,-4.0047,8.4270,-6.0029
253.700,-4.0047,8.4243,-6.0029
253.710,-4.0047,8.4243,-6.0029
253.719,-4.0047,8.4217,-6.0029
253.729,-4.0047,8.4217,-6.0029
253.738,-4.0047,8.4217,-6.0029
253.746,-4.0047,8.4190,-6.0029
253.757,-4.0047,8.4190,-6.0029
253.766,-4.0047,8.4163,-6.0029
253.779,-4.0047,8.4137,-6.0029
253.790,-4.0047,8.4137,-6.0029
253.802,-4.0047,8.4110,-6.0029
253.812,-4.0047,8.4110,-6.0029
253.823,-4.0047,8.4083,-6.0029
253.834,-4.0047,8.4083,-6.0029
253.842,-4.0047,8.4057,-6.0029
253.854,-4.0047,8.4057,-6.0029
253.863,-4.0047,8.4030,-6.0029
253.874,-4.0047,8.4030,-6.0029
253.882,-4.0047,8.4003,-6.0029
253.892,-4.0047,8.4003,-6.0029
253.900,-4.0047,8.3977,-6.0029
253.911,-4.0047,8.3977,-6.0029
253.919,-4.0047,8.3950,-6.0029
253.927,-4.0047,8.3950,-6.0029
253.936,-4.0047,8.3950,-6.0029
253.944,-4.0047,8.3923,-6.0029
253.955,-4.0047,8.3923,-6.0029
253.962,-4.0047,8.3897,-6.0029
253.973,-4.0047,8.3897,-6.0029
253.980,-4.0047,8.3870,-6.0029
253.991,-4.0047,8.3870,-6.0029
253.999,-4.0047,8.3843,-6.0029
254.010,-4.0047,8.3843,-6.0029
254.018,-4.0047,8.3843,-6.0029
254.025,-4.0047,8.3817,-6.0029
254.035,-4.0047,8.3817,-6.0029
254.043,-4.0047,8.3790,-6.0029
254.053,-4.0047,8.3790,-6.0029
254.061,-4.0047,8.3763,-6.0029
254.071,-4.0047,8.3763,-6.0029
254.079,-4.0047,8.3737,-6.0029
254.089,-4.0047,8.3737,-6.0029
254.098,-4.0047,8.3737,-6.0029
254.105,-4.0047,8.3710,-6.0029
254.115,-4.0047,8.3710,-6.0029
254.123,-4.0047,8.3683,-6.0029
254.132,-4.0047,8.3683,-6.0029
254.141,-4.0047,8.3657,-6.0029
254.150,-4.0047,8.3657,-6.0029
254.159,-4.0047,8.3630,-6.0029
254.169,-4.0047,8.3630,-6.0029
254.177,-4.0047,8.3630,-6.0029
254.184,-4.0047,8.3603,-6.0029
254.194,-4.0047,8.3603,-6.0029
254.203,-4.0047,8.3577,-6.0029
254.212,-4.0047,8.3577,-6.0029
254.221,-4.0047,8.3550,-6.0029
254.230,-4.0047,8.3550,-6.0029
254.240,-4.0047,8.3523,-6.0029
254.250,-4.0047,8.3523,-6.0029
254.258,-4.0047,8.3523,-6.0029
254.266,-4.0047,8.3497,-6.0029
254.277,-4.0047,8.3497,-6.0029
254.285,-4.0047,8.3470,-6.0029
254.295,-4.0047,8.3470,-6.0029
254.304,-4.0047,8.3443,-6.0029
254.314,-4.0047,8.3443,-6.0029
254.321,-4.0047,8.3417,-6.0029
254.332,-4.0047,8.3417,-6.0029
254.340,-4.0047,8.3390,-6.0029
254.349,-4.0047,8.3390,-6.0029
254.358,-4.0047,8.3390,-6.0029
254.366,-4.0047,8.3363,-6.0029
254.376,-4.0047,8.3363,-6.0029
254.383,-4.0047,8.3337,-6.0029
254.393,-4.0047,8.3337,-6.0029
254.402,-4.0047,8.3310,-6.0029
254.411,-4.0047,8.3310,-6.0029
254.418,-4.0047,8.3310,-6.0029
254.426,-4.0047,8.3283,-6.0029
254.438,-4.0047,8.3283,-6.0029
254.445,-4.0047,8.3257,-6.0029
254.455,-4.0047,8.3257,-6.0029
254.464,-4.0047,8.3230,-6.0029
254.473,-4.0047,8.3230,-6.0029
254.481,-4.0047,8.3203,-6.0029
254.491,-4.0047,8.3203,-6.0029
254.499,-4.0047,8.3177,-6.0029
254.509,-4.0047,8.3177,-6.0029
254.518,-4.0047,8.3177,-6.0029
254.526,-4.0047,8.3150,-6.0029
254.535,-4.0047,8.3150,-6.0029
254.543,-4.0047,8.3123,-6.0029
254.553,-4.0047,8.3123,-6.0029
254.561,-4.0047,8.3097,-6.0029
254.571,-4.0047,8.3097,-6.0029
254.579,-4.0047,8.3070,-6.0029
254.589,-4.0047,8.3070,-6.0029
254.598,-4.0047,8.3043,-6.0029
254.610,-4.0047,8.3043,-6.0029
254.618,-4.0047,8.3043,-6.0029
254.626,-4.0047,8.3017,-6.0029
254.637,-4.0047,8.3017,-6.0029
254.646,-4.0047,8.2990,-6.0029
254.656,-4.0047,8.2990,-6.0029
254.665,-4.0047,8.2963,-6.0029
254.677,-4.0047,8.2963,-6.0029
254.685,-4.0047,8.2937,-6.0029
254.696,-4.0047,8.2937,-6.0029
254.706,-4.0047,8.2910,-6.0029
254.715,-4.0047,8.2910,-6.0029
254.724,-4.0047,8.2883,-6.0029
254.736,-4.0047,8.2883,-6.0029
254.745,-4.0047,8.2857,-6.0029
254.756,-4.0047,8.2857,-6.0029
254.765,-4.0047,8.2830,-6.0029
254.776,-4.0047,8.2830,-6.0029
254.784,-4.0047,8.2803,-6.0029
254.795,-4.0047,8.2803,-6.0029
254.804,-4.0047,8.2777,-6.0029
254.816,-4.0047,8.2777,-6.0029
254.826,-4.0047,8.2750,-6.0029
254.837,-4.0047,8.2750,-6.0029
254.845,-4.0047,8.2723,-6.0029
254.855,-4.0047,8.2723,-6.0029
254.863,-4.0047,8.2697,-6.0029
254.873,-4.0047,8.2697,-6.0029
254.881,-4.0047,8.2670,-6.0029
254.892,-4.0047,8.2670,-6.0029
254.900,-4.0047,8.2643,-6.0029
254.911,-4.0047,8.2643,-6.0029
254.921,-4.0047,8.2617,-6.0029
254.931,-4.0047,8.2617,-6.0029
254.942,-4.0047,8.2590,-6.0029
254.953,-4.0047,8.2590,-6.0029
254.961,-4.0047,8.2563,-6.0029
254.972,-4.0047,8.2563,-6.0029
254.979,-4.0047,8.2537,-6.0029
254.990,-4.0047,8.2537,-6.0029
254.998,-4.0047,8.2537,-6.0029
255.007,-4.0047,8.2510,-6.0029
255.018,-4.0047,8.2510,-6.0029
255.027,-4.0047,8.2483,-6.0029
255.038,-4.0047,8.2483,-6.0029
255.048,-4.0047,8.2457,-6.0029
255.058,-4.0047,8.2457,-6.0029
255.067,-4.0047,8.2430,-6.0029
255.078,-4.0047,8.2430,-6.0029
255.086,-4.0047,8.2403,-6.0029
255.098,-4.0047,8.2403,-6.0029
255.106,-4.0047,8.2377,-6.0029
255.117,-4.0047,8.2377,-6.0029
255.126,-4.0047,8.2350,-6.0029
255.139,-4.0047,8.2323,-6.0029
255.148,-4.0047,8.2323,-6.0029
255.157,-4.0047,8.2323,-6.0029
255.165,-4.0047,8.2297,-6.0029
255.176,-4.0047,8.2297,-6.0029
255.184,-4.0047,8.2270,-6.0029
255.195,-4.0047,8.2270,-6.0029
255.205,-4.0047,8.2243,-6.0029
255.215,-4.0047,8.2243,-6.0029
255.232,-4.0047,8.2217,-6.0029
255.243,-4.0047,8.2190,-6.0029
255.254,-4.0047,8.2190,-6.0029
255.261,-4.0047,8.2163,-6.0029
255.272,-4.0047,8.2163,-6.0029
255.280,-4.0047,8.2137,-6.0029
255.290,-4.0047,8.2137,-6.0029
255.300,-4.0047,8.2110,-6.0029
255.309,-4.0047,8.2110,-6.0029
255.317,-4.0047,8.2110,-6.0029
255.324,-4.0047,8.2083,-6.0029
255.336,-4.0047,8.2083,-6.0029
255.344,-4.0047,8.2057,-6.0029
255.354,-4.0047,8.2057,-6.0029
255.363,-4.0047,8.2030,-6.0029
255.374,-4.0047,8.2030,-6.0029
255.381,-4.0047,8.2003,-6.0029
255.392,-4.0047,8.2003,-6.0029
255.400,-4.0047,8.1977,-6.0029
255.411,-4.0047,8.1977,-6.0029
255.418,-4.0047,8.1950,-6.0029
255.430,-4.0047,8.1950,-6.0029
255.439,-4.0047,8.1923,-6.0029
255.448,-4.0047,8.1923,-6.0029
255.456,-4.0047,8.1923,-6.0029
255.464,-4.0047,8.1897,-6.0029
255.474,-4.0047,8.1897,-6.0029
255.482,-4.0047,8.1870,-6.0029
255.493,-4.0047,8.1870,-6.0029
255.501,-4.0047,8.1843,-6.0029
255.511,-4.0047,8.1843,-6.0029
255.519,-4.0047,8.1817,-6.0029
255.528,-4.0047,8.1817,-6.0029
255.538,-4.0047,8.1817,-6.0029
255.545,-4.0047,8.1790,-6.0029
255.557,-4.0047,8.1790,-6.0029
255.565,-4.0047,8.1763,-6.0029
255.575,-4.0047,8.1763,-6.0029
255.584,-4.0047,8.1737,-6.0029
255.594,-4.0047,8.1737,-6.0029
255.602,-4.0047,8.1710,-6.0029
255.612,-4.0047,8.1710,-6.0029
255.620,-4.0047,8.1683,-6.0029
255.629,-4.0047,8.1683,-6.0029
255.638,-4.0047,8.1683,-6.0029
255.646,-4.0047,8.1657,-6.0029
255.656,-4.0047,8.1657,-6.0029
255.664,-4.0047,8.1630,-6.0029
255.675,-4.0047,8.1630,-6.0029
255.683,-4.0047,8.1603,-6.0029
255.693,-4.0047,8.1603,-6.0029
255.702,-4.0047,8.1577,-6.0029
255.711,-4.0047,8.1577,-6.0029
255.719,-4.0047,8.1550,-6.0029
255.729,-4.0047,8.1550,-6.0029
255.738,-4.0047,8.1550,-6.0029
255.745,-4.0047,8.1523,-6.0029
255.755,-4.0047,8.1523,-6.0029
255.764,-4.0047,8.1497,-6.0029
255.774,-4.0047,8.1497,-6.0029
255.781,-4.0047,8.1470,-6.0029
255.791,-4.0047,8.1470,-6.0029
255.802,-4.0047,8.1443,-6.0029
255.811,-4.0047,8.1443,-6.0029
255.818,-4.0047,8.1417,-6.0029
255.828,-4.0047,8.1417,-6.0029
255.837,-4.0047,8.1417,-6.0029
255.846,-4.0047,8.1390,-6.0029
255.858,-4.0047,8.1390,-6.0029
255.865,-4.0047,8.1363,-6.0029
255.877,-4.0047,8.1363,-6.0029
255.885,-4.0047,8.1337,-6.0029
255.895,-4.0047,8.1337,-6.0029
255.905,-4.0047,8.1310,-6.0029
255.915,-4.0047,8.1310,-6.0029
255.925,-4.0047,8.1283,-6.0029
255.935,-4.0047,8.1283,-6.0029
255.943,-4.0047,8.1257,-6.0029
255.953,-4.0047,8.1257,-6.0029
255.961,-4.0047,8.1230,-6.0029
255.972,-4.0047,8.1230,-6.0029
255.980,-4.0047,8.1203,-6.0029
255.991,-4.0047,8.1203,-6.0029
255.999,-4.0047,8.1177,-6.0029
256.010,-4.0047,8.1177,-6.0029
256.019,-4.0047,8.1150,-6.0029
256.029,-4.0047,8.1150,-6.0029
256.040,-4.0047,8.1123,-6.0029
256.052,-4.0047,8.1123,-6.0029
256.061,-4.0047,8.1097,-6.0029
256.072,-4.0047,8.1097,-6.0029
256.080,-4.0047,8.1070,-6.0029
256.092,-4.0047,8.1070,-6.0029
256.100,-4.0047,8.1043,-6.0029
256.111,-4.0047,8.1043,-6.0029
256.118,-4.0047,8.1043,-6.0029
256.126,-4.0047,8.1017,-6.0029
256.136,-4.0047,8.1017,-6.0029
256.145,-4.0047,8.0990,-6.0029
256.156,-4.0047,8.0990,-6.0029
256.164,-4.0047,8.0963,-6.0029
256.176,-4.0047,8.0963,-6.0029
256.184,-4.0047,8.0937,-6.0029
256.195,-4.0047,8.0937,-6.0029
256.205,-4.0047,8.0910,-6.0029
256.215,-4.0047,8.0910,-6.0029
256.225,-4.0047,8.0883,-6.0029
256.236,-4.0047,8.0883,-6.0029
256.244,-4.0047,8.0857,-6.0029
256.254,-4.0047,8.0857,-6.0029
256.262,-4.0047,8.0830,-6.0029
256.273,-4.0047,8.0830,-6.0029
256.281,-4.0047,8.0803,-6.0029
256.291,-4.0047,8.0803,-6.0029
256.301,-4.0047,8.0777,-6.0029
256.310,-4.0047,8.0777,-6.0029
256.319,-4.0047,8.0750,-6.0029
256.331,-4.0047,8.0750,-6.0029
256.339,-4.0047,8.0723,-6.0029
256.349,-4.0047,8.0723,-6.0029
256.359,-4.0047,8.0697,-6.0029
256.370,-4.0047,8.0697,-6.0029
256.379,-4.0047,8.0670,-6.0029
256.390,-4.0047,8.0670,-6.0029
256.398,-4.0047,8.0670,-6.0029
256.407,-4.0047,8.0643,-6.0029
256.415,-4.0047,8.0643,-6.0029
256.424,-4.0047,8.0617,-6.0029
256.434,-4.0047,8.0617,-6.0029
256.443,-4.0047,8.0590,-6.0029
256.452,-4.0047,8.0590,-6.0029
256.460,-4.0047,8.0563,-6.0029
256.471,-4.0047,8.0563,-6.0029
256.479,-4.0047,8.0537,-6.0029
256.489,-4.0047,8.0537,-6.0029
256.497,-4.0047,8.0537,-6.0029
256.507,-4.0047,8.0510,-6.0029
256.516,-4.0047,8.0510,-6.0029
256.524,-4.0047,8.0483,-6.0029
256.534,-4.0047,8.0483,-6.0029
256.543,-4.0047,8.0457,-6.0029
256.553,-4.0047,8.0457,-6.0029
256.561,-4.0047,8.0430,-6.0029
256.572,-4.0047,8.0430,-6.0029
256.582,-4.0047,8.0403,-6.0029
256.591,-4.0047,8.0403,-6.0029
256.600,-4.0047,8.0377,-6.0029
256.612,-4.0047,8.0377,-6.0029
256.619,-4.0047,8.0350,-6.0029
256.628,-4.0047,8.0350,-6.0029
256.637,-4.0047,8.0350,-6.0029
256.645,-4.0047,8.0323,-6.0029
256.654,-4.0047,8.0323,-6.0029
256.662,-4.0047,8.0297,-6.0029
256.674,-4.0047,8.0297,-6.0029
256.682,-4.0047,8.0270,-6.0029
256.693,-4.0047,8.0270,-6.0029
256.701,-4.0047,8.0243,-6.0029
256.712,-4.0047,8.0243,-6.0029
256.721,-4.0047,8.0217,-6.0029
256.730,-4.0047,8.0217,-6.0029
256.739,-4.0047,8.0190,-6.0029
256.748,-4.0047,8.0190,-6.0029
256.757,-4.0047,8.0190,-6.0029
256.765,-4.0047,8.0163,-6.0029
256.775,-4.0047,8.0163,-6.0029
256.784,-4.0047,8.0137,-6.0029
256.793,-4.0047,8.0137,-6.0029
256.802,-4.0047,8.0110,-6.0029
256.812,-4.0047,8.0110,-6.0029
256.821,-4.0047,8.0083,-6.0029
256.831,-4.0047,8.0083,-6.0029
256.839,-4.0047,8.0057,-6.0029
256.850,-4.0047,8.0057,-6.0029
256.857,-4.0047,8.0057,-6.0029
256.865,-4.0047,8.0030,-6.0029
256.876,-4.0047,8.0030,-6.0029
256.884,-4.0047,8.0003,-6.0029
256.893,-4.0047,8.0003,-6.0029
256.902,-4.0047,7.9977,-6.0029
256.912,-4.0047,7.9977,-6.0029
256.919,-4.0047,7.9950,-6.0029
256.928,-4.0047,7.9950,-6.0029
256.936,-4.0047,7.9950,-6.0029
256.944,-4.0047,7.9923,-6.0029
256.953,-4.0047,7.9923,-6.0029
256.960,-4.0047,7.9897,-6.0029
256.972,-4.0047,7.9897,-6.0029
256.980,-4.0047,7.9870,-6.0029
256.990,-4.0047,7.9870,-6.0029
256.997,-4.0047,7.9870,-6.0029
257.005,-4.0047,7.9843,-6.0029
257.013,-4.0047,7.9843,-6.0029
257.022,-4.0047,7.9817,-6.0029
257.032,-4.0047,7.9817,-6.0029
257.039,-4.0047,7.9790,-6.0029
257.048,-4.0047,7.9790,-6.0029
257.057,-4.0047,7.9790,-6.0029
257.065,-4.0047,7.9763,-6.0029
257.076,-4.0047,7.9763,-6.0029
257.083,-4.0047,7.9737,-6.0029
257.093,-4.0047,7.9737,-6.0029
257.102,-4.0047,7.9710,-6.0029
257.112,-4.0047,7.9710,-6.0029
257.121,-4.0047,7.9683,-6.0029
257.130,-4.0047,7.9683,-6.0029
257.140,-4.0047,7.9657,-6.0029
257.150,-4.0047,7.9657,-6.0029
257.159,-4.0047,7.9630,-6.0029
257.171,-4.0047,7.9630,-6.0029
257.180,-4.0047,7.9603,-6.0029
257.191,-4.0047,7.9603,-6.0029
257.201,-4.0047,7.9577,-6.0029
257.212,-4.0047,7.9577,-6.0029
257.222,-4.0047,7.9550,-6.0029
257.232,-4.0047,7.9550,-6.0029
257.242,-4.0047,7.9523,-6.0029
257.253,-4.0047,7.9523,-6.0029
257.263,-4.0047,7.9497,-6.0029
257.275,-4.0047,7.9497,-6.0029
257.284,-4.0047,7.9470,-6.0029
257.295,-4.0047,7.9470,-6.0029
257.306,-4.0047,7.9443,-6.0029
257.317,-4.0047,7.9443,-6.0029
257.326,-4.0047,7.9417,-6.0029
257.338,-4.0047,7.9417,-6.0029
257.347,-4.0047,7.9390,-6.0029
257.357,-4.0047,7.9390,-6.0029
257.368,-4.0047,7.9363,-6.0029
257.378,-4.0047,7.9363,-6.0029
257.386,-4.0047,7.9337,-6.0029
257.397,-4.0047,7.9337,-6.0029
257.405,-4.0047,7.9310,-6.0029
257.416,-4.0047,7.9310,-6.0029
257.424,-4.0047,7.9283,-6.0029
257.434,-4.0047,7.9283,-6.0029
257.443,-4.0047,7.9257,-6.0029
257.453,-4.0047,7.9257,-6.0029
257.461,-4.0047,7.9230,-6.0029
257.473,-4.0047,7.9230,-6.0029
257.480,-4.0047,7.9203,-6.0029
257.498,-4.0047,7.9177,-6.0029
257.510,-4.0047,7.9177,-6.0029
257.518,-4.0047,7.9177,-6.0029
257.526,-4.0047,7.9150,-6.0029
257.537,-4.0047,7.9150,-6.0029
257.545,-4.0047,7.9123,-6.0029
257.556,-4.0047,7.9123,-6.0029
257.565,-4.0047,7.9097,-6.0029
257.576,-4.0047,7.9097,-6.0029
257.584,-4.0047,7.9070,-6.0029
257.596,-4.0047,7.9070,-6.0029
257.605,-4.0047,7.9043,-6.0029
257.616,-4.0047,7.9043,-6.0029
257.626,-4.0047,7.9017,-6.0029
257.639,-4.0047,7.8990,-6.0029
257.649,-4.0047,7.8990,-6.0029
257.660,-4.0047,7.8963,-6.0029
257.673,-4.0047,7.8963,-6.0029
257.681,-4.0047,7.8937,-6.0029
257.693,-4.0047,7.8937,-6.0029
257.702,-4.0047,7.8910,-6.0029
257.712,-4.0047,7.8910,-6.0029
257.721,-4.0047,7.8883,-6.0029
257.732,-4.0047,7.8883,-6.0029
257.741,-4.0047,7.8857,-6.0029
257.752,-4.0047,7.8857,-6.0029
257.760,-4.0047,7.8830,-6.0029
257.772,-4.0047,7.8830,-6.0029
257.780,-4.0047,7.8803,-6.0029
257.790,-4.0047,7.8803,-6.0029
257.799,-4.0047,7.8777,-6.0029
257.812,-4.0047,7.8777,-6.0029
257.820,-4.0047,7.8750,-6.0029
257.830,-4.0047,7.8750,-6.0029
257.838,-4.0047,7.8750,-6.0029
257.846,-4.0047,7.8723,-6.0029
257.858,-4.0047,7.8723,-6.0029
257.866,-4.0047,7.8697,-6.0029
257.876,-4.0047,7.8697,-6.0029
257.883,-4.0047,7.8670,-6.0029
257.893,-4.0047,7.8670,-6.0029
257.902,-4.0047,7.8643,-6.0029
257.911,-4.0047,7.8643,-6.0029
257.919,-4.0047,7.8617,-6.0029
257.929,-4.0047,7.8617,-6.0029
257.939,-4.0047,7.8590,-6.0029
257.948,-4.0047,7.8590,-6.0029
257.957,-4.0047,7.8590,-6.0029
257.964,-4.0047,7.8563,-6.0029
257.974,-4.0047,7.8563,-6.0029
257.980,-4.0047,7.8537,-6.0029
257.991,-4.0047,7.8537,-6.0029
257.998,-4.0047,7.8537,-6.0029
258.005,-4.0047,7.8510,-6.0029
258.015,-4.0047,7.8510,-6.0029
258.022,-4.0047,7.8483,-6.0029
258.033,-4.0047,7.8483,-6.0029
258.040,-4.0047,7.8457,-6.0029
258.050,-4.0047,7.8457,-6.0029
258.058,-4.0047,7.8430,-6.0029
258.070,-4.0047,7.8430,-6.0029
258.079,-4.0047,7.8403,-6.0029
258.089,-4.0047,7.8403,-6.0029
258.097,-4.0047,7.8403,-6.0029
258.107,-4.0047,7.8377,-6.0029
258.118,-4.0047,7.8377,-6.0029
258.126,-4.0047,7.8350,-6.0029
258.137,-4.0047,7.8350,-6.0029
258.146,-4.0047,7.8323,-6.0029
258.156,-4.0047,7.8323,-6.0029
258.165,-4.0047,7.8297,-6.0029
258.176,-4.0047,7.8297,-6.0029
258.183,-4.0047,7.8270,-6.0029
258.193,-4.0047,7.8270,-6.0029
258.202,-4.0047,7.8243,-6.0029
258.213,-4.0047,7.8243,-6.0029
258.221,-4.0047,7.8217,-6.0029
258.231,-4.0047,7.8217,-6.0029
258.241,-4.0047,7.8190,-6.0029
258.249,-4.0047,7.8190,-6.0029
258.258,-4.0047,7.8190,-6.0029
258.267,-4.0047,7.8163,-6.0029
258.277,-4.0047,7.8163,-6.0029
258.286,-4.0047,7.8137,-6.0029
258.296,-4.0047,7.8137,-6.0029
258.305,-4.0047,7.8110,-6.0029
258.314,-4.0047,7.8110,-6.0029
258.323,-4.0047,7.8083,-6.0029
258.334,-4.0047,7.8083,-6.0029
258.342,-4.0047,7.8057,-6.0029
258.352,-4.0047,7.8057,-6.0029
258.362,-4.0047,7.8030,-6.0029
258.374,-4.0047,7.8030,-6.0029
258.382,-4.0047,7.8003,-6.0029
258.394,-4.0047,7.8003,-6.0029
258.404,-4.0047,7.7977,-6.0029
258.414,-4.0047,7.7977,-6.0029
258.424,-4.0047,7.7950,-6.0029
258.436,-4.0047,7.7950,-6.0029
258.445,-4.0047,7.7923,-6.0029
258.456,-4.0047,7.7923,-6.0029
258.465,-4.0047,7.7897,-6.0029
258.476,-4.0047,7.7897,-6.0029
258.486,-4.0047,7.7870,-6.0029
258.496,-4.0047,7.7870,-6.0029
258.507,-4.0047,7.7843,-6.0029
258.517,-4.0047,7.7843,-6.0029
258.528,-4.0047,7.7817,-6.0029
258.539,-4.0047,7.7790,-6.0029
258.549,-4.0047,7.7790,-6.0029
258.558,-4.0047,7.7790,-6.0029
258.570,-4.0047,7.7763,-6.0029
258.582,-4.0047,7.7737,-6.0029
258.594,-4.0047,7.7737,-6.0029
258.604,-4.0047,7.7710,-6.0029
258.615,-4.0047,7.7710,-6.0029
258.625,-4.0047,7.7683,-6.0029
258.636,-4.0047,7.7683,-6.0029
258.644,-4.0047,7.7657,-6.0029
258.656,-4.0047,7.7657,-6.0029
258.664,-4.0047,7.7630,-6.0029
258.676,-4.0047,7.7630,-6.0029
258.683,-4.0047,7.7603,-6.0029
258.695,-4.0047,7.7603,-6.0029
258.705,-4.0047,7.7577,-6.0029
258.716,-4.0047,7.7577,-6.0029
258.725,-4.0047,7.7550,-6.0029
258.738,-4.0047,7.7550,-6.0029
258.747,-4.0047,7.7550,-6.0029
258.759,-4.0047,7.7550,-6.0029
258.771,-4.0047,7.7550,-6.0029
258.780,-4.0047,7.7550,-6.0029
258.790,-4.0047,7.7550,-6.0029
258.800,-4.0047,7.7550,-6.0029
258.810,-4.0047,7.7550,-6.0029
258.818,-4.0047,7.7550,-6.0029
258.827,-4.0047,7.7550,-6.0029
258.839,-4.0047,7.7550,-6.0029
258.849,-4.0047,7.7550,-6.0029
258.858,-4.0047,7.7550,-6.0029
258.870,-4.0047,7.7550,-6.0029
258.879,-4.0047,7.7550,-6.0029
258.890,-4.0047,7.7550,-6.0029
258.898,-4.0047,7.7550,-6.0029
258.908,-4.0047,7.7550,-6.0029
258.918,-4.0047,7.7550,-6.0029
258.927,-4.0047,7.7550,-6.0029
258.937,-4.0047,7.7550,-6.0029
258.946,-4.0047,7.7550,-6.0029
258.956,-4.0047,7.7550,-6.0029
258.965,-4.0047,7.7550,-6.0029
258.975,-4.0047,7.7550,-6.0029
258.983,-4.0047,7.7550,-6.0029
258.993,-4.0047,7.7550,-6.0029
259.002,-4.0047,7.7550,-6.0029
259.012,-4.0047,7.7550,-6.0029
259.020,-4.0047,7.7550,-6.0029
259.030,-4.0047,7.7550,-6.0029
259.039,-4.0047,7.7550,-6.0029
259.048,-4.0047,7.7550,-6.0029
259.056,-4.0047,7.7550,-6.0029
259.064,-4.0047,7.7550,-6.0029
259.076,-4.0047,7.7550,-6.0029
259.086,-4.0047,7.7550,-6.0029
259.097,-4.0047,7.7550,-6.0029
259.106,-4.0047,7.7550,-6.0029
259.116,-4.0047,7.7550,-6.0029
259.124,-4.0047,7.7550,-6.0029
259.134,-4.0047,7.7550,-6.0029
259.144,-4.0047,7.7550,-6.0029
259.154,-4.0047,7.7550,-6.0029
259.162,-4.0047,7.7550,-6.0029
259.173,-4.0047,7.7550,-6.0029
259.180,-4.0047,7.7550,-6.0029
259.190,-4.0047,7.7550,-6.0029
259.199,-4.0047,7.7550,-6.0029
259.209,-4.0047,7.7550,-6.0029
259.217,-4.0047,7.7550,-6.0029
259.225,-4.0047,7.7550,-6.0029
259.238,-4.0047,7.7550,-6.0029
259.247,-4.0047,7.7550,-6.0029
259.257,-4.0047,7.7550,-6.0029
259.266,-4.0047,7.7550,-6.0029
259.277,-4.0047,7.7550,-6.0029
259.285,-4.0047,7.7550,-6.0029
259.297,-4.0047,7.7550,-6.0029
259.304,-4.0047,7.7550,-6.0029
259.314,-4.0047,7.7550,-6.0029
259.322,-4.0047,7.7550,-6.0029
259.331,-4.0047,7.7550,-6.0029
259.340,-4.0047,7.7550,-6.0029
259.348,-4.0047,7.7550,-6.0029
259.357,-4.0047,7.7550,-6.0029
259.365,-4.0047,7.7550,-6.0029
259.376,-4.0047,7.7550,-6.0029
259.384,-4.0047,7.7550,-6.0029
259.393,-4.0047,7.7550,-6.0029
259.401,-4.0047,7.7550,-6.0029
259.410,-4.0047,7.7550,-6.0029
259.419,-4.0047,7.7550,-6.0029
259.427,-4.0047,7.7550,-6.0029
259.436,-4.0047,7.7550,-6.0029
259.444,-4.0047,7.7550,-6.0029
259.454,-4.0047,7.7550,-6.0029
259.462,-4.0047,7.7550,-6.0029
259.474,-4.0047,7.7550,-6.0029
259.482,-4.0047,7.7550,-6.0029
259.491,-4.0047,7.7550,-6.0029
259.501,-4.0047,7.7550,-6.0029
259.512,-4.0047,7.7550,-6.0029
259.521,-4.0047,7.7550,-6.0029
259.531,-4.0047,7.7550,-6.0029
259.539,-4.0047,7.7550,-6.0029
259.547,-4.0047,7.7550,-6.0029
259.555,-4.0047,7.7550,-6.0029
259.564,-4.0047,7.7550,-6.0029
259.575,-4.0047,7.7550,-6.0029
259.583,-4.0047,7.7550,-6.0029
259.593,-4.0047,7.7550,-6.0029
259.602,-4.0047,7.7550,-6.0029
259.612,-4.0047,7.7550,-6.0029
259.622,-4.0047,7.7550,-6.0029
259.643,-4.0047,7.7550,-6.0029
259.653,-4.0047,7.7550,-6.0029
259.663,-4.0047,7.7550,-6.0029
259.674,-4.0047,7.7550,-6.0029
259.683,-4.0047,7.7550,-6.0029
259.693,-4.0047,7.7550,-6.0029
259.703,-4.0047,7.7550,-6.0029
259.714,-4.0047,7.7550,-6.0029
259.723,-4.0047,7.7550,-6.0029
259.732,-4.0047,7.7550,-6.0029
259.741,-4.0047,7.7550,-6.0029
259.752,-4.0047,7.7550,-6.0029
259.760,-4.0047,7.7550,-6.0029
259.771,-4.0047,7.7550,-6.0029
259.780,-4.0047,7.7550,-6.0029
259.789,-4.0047,7.7550,-6.0029
259.798,-4.0047,7.7550,-6.0029
259.808,-4.0047,7.7550,-6.0029
259.817,-4.0047,7.7550,-6.0029
259.828,-4.0047,7.7550,-6.0029
259.839,-4.0047,7.7550,-6.0029
259.848,-4.0047,7.7550,-6.0029
259.859,-4.0047,7.7550,-6.0029
259.870,-4.0047,7.7550,-6.0029
259.878,-4.0047,7.7550,-6.0029
259.887,-4.0047,7.7550,-6.0029
259.897,-4.0047,7.7550,-6.0029
259.907,-4.0047,7.7550,-6.0029
259.915,-4.0047,7.7550,-6.0029
259.923,-4.0047,7.7550,-6.0029
259.932,-4.0047,7.7550,-6.0029
259.940,-4.0047,7.7550,-6.0029
259.950,-4.0047,7.7550,-6.0029
259.959,-4.0047,7.7550,-6.0029
259.969,-4.0047,7.7550,-6.0029
259.979,-4.0047,7.7550,-6.0029
259.988,-4.0047,7.7550,-6.0029
259.997,-4.0047,7.7550,-6.0029
260.005,-4.0047,7.7550,-6.0029
260.015,-4.0047,7.7550,-6.0029
260.024,-4.0047,7.7550,-6.0029
260.033,-4.0047,7.7550,-6.0029
260.044,-4.0047,7.7550,-6.0029
260.053,-4.0047,7.7550,-6.0029
260.062,-4.0047,7.7550,-6.0029
260.074,-4.0047,7.7550,-6.0029
260.082,-4.0047,7.7550,-6.0029
260.092,-4.0047,7.7550,-6.0029
260.101,-4.0047,7.7550,-6.0029
260.112,-4.0047,7.7550,-6.0029
260.119,-4.0047,7.7550,-6.0029
260.128,-4.0047,7.7550,-6.0029
260.137,-4.0047,7.7550,-6.0029
260.145,-4.0047,7.7550,-6.0029
260.155,-4.0047,7.7550,-6.0029
260.162,-4.0047,7.7550,-6.0029
260.173,-4.0047,7.7550,-6.0029
260.180,-4.0047,7.7550,-6.0029
260.191,-4.0047,7.7550,-6.0029
260.200,-4.0047,7.7550,-6.0029
260.209,-4.0047,7.7550,-6.0029
260.218,-4.0047,7.7550,-6.0029
260.227,-4.0047,7.7550,-6.0029
260.237,-4.0047,7.7550,-6.0029
260.245,-4.0047,7.7550,-6.0029
260.255,-4.0047,7.7550,-6.0029
260.263,-4.0047,7.7550,-6.0029
260.272,-4.0047,7.7550,-6.0029
260.280,-4.0047,7.7550,-6.0029
260.291,-4.0047,7.7550,-6.0029
260.298,-4.0047,7.7550,-6.0029
260.306,-4.0047,7.7550,-6.0029
260.314,-4.0047,7.7550,-6.0029
260.323,-4.0047,7.7550,-6.0029
260.330,-4.0047,7.7550,-6.0029
260.339,-4.0047,7.7550,-6.0029
260.347,-4.0047,7.7550,-6.0029
260.355,-4.0047,7.7550,-6.0029
260.361,-4.0047,7.7550,-6.0029
260.370,-4.0047,7.7550,-6.0029
260.377,-4.0047,7.7550,-6.0029
260.385,-4.0047,7.7550,-6.0029
260.394,-4.0047,7.7550,-6.0029
260.403,-4.0047,7.7550,-6.0029
260.411,-4.0047,7.7550,-6.0029
260.420,-4.0047,7.7550,-6.0029
260.429,-4.0047,7.7550,-6.0029
260.438,-4.0047,7.7550,-6.0029
260.448,-4.0047,7.7550,-6.0029
260.456,-4.0047,7.7550,-6.0029
260.465,-4.0047,7.7550,-6.0029
260.474,-4.0047,7.7550,-6.0029
260.483,-4.0047,7.7550,-6.0029
260.493,-4.0047,7.7550,-6.0029
260.502,-4.0047,7.7550,-6.0029
260.512,-4.0047,7.7550,-6.0029
260.520,-4.0047,7.7550,-6.0029
260.530,-4.0047,7.7550,-6.0029
260.539,-4.0047,7.7550,-6.0029
260.549,-4.0047,7.7550,-6.0029
260.558,-4.0047,7.7550,-6.0029
260.569,-4.0047,7.7550,-6.0029
260.585,-4.0047,7.7550,-6.0029
260.596,-4.0047,7.7550,-6.0029
260.606,-4.0047,7.7550,-6.0029
260.615,-4.0047,7.7550,-6.0029
260.626,-4.0047,7.7550,-6.0029
260.639,-4.0047,7.7550,-6.0029
260.651,-4.0047,7.7550,-6.0029
260.659,-4.0047,7.7550,-6.0029
260.670,-4.0047,7.7550,-6.0029
260.679,-4.0047,7.7550,-6.0029
260.689,-4.0047,7.7550,-6.0029
260.697,-4.0047,7.7550,-6.0029
260.705,-4.0047,7.7550,-6.0029
260.716,-4.0047,7.7550,-6.0029
260.724,-4.0047,7.7550,-6.0029
260.734,-4.0047,7.7550,-6.0029
260.741,-4.0047,7.7550,-6.0029
260.752,-4.0047,7.7550,-6.0029
260.759,-4.0047,7.7550,-6.0029
260.769,-4.0047,7.7550,-6.0029
260.776,-4.0047,7.7550,-6.0029
260.783,-4.0047,7.7550,-6.0029
260.794,-4.0047,7.7550,-6.0029
260.801,-4.0047,7.7550,-6.0029
260.812,-4.0047,7.7550,-6.0029
260.820,-4.0047,7.7550,-6.0029
260.830,-4.0047,7.7550,-6.0029
260.839,-4.0047,7.7550,-6.0029
260.848,-4.0047,7.7550,-6.0029
260.857,-4.0047,7.7550,-6.0029
260.865,-4.0047,7.7550,-6.0029
260.876,-4.0047,7.7550,-6.0029
260.885,-4.0047,7.7550,-6.0029
260.896,-4.0047,7.7550,-6.0029
260.905,-4.0047,7.7550,-6.0029
260.915,-4.0047,7.7550,-6.0029
260.923,-4.0047,7.7550,-6.0029
260.935,-4.0047,7.7550,-6.0029
260.943,-4.0047,7.7550,-6.0029
260.954,-4.0047,7.7550,-6.0029
260.962,-4.0047,7.7550,-6.0029
260.973,-4.0047,7.7550,-6.0029
260.980,-4.0047,7.7550,-6.0029
260.991,-4.0047,7.7550,-6.0029
260.999,-4.0047,7.7550,-6.0029
261.010,-4.0047,7.7550,-6.0029
261.017,-4.0047,7.7550,-6.0029
261.023,-4.0047,7.7550,-6.0029
261.031,-4.0047,7.7550,-6.0029
261.039,-4.0047,7.7550,-6.0029
261.047,-4.0047,7.7550,-6.0029
261.055,-4.0047,7.7550,-6.0029
261.061,-4.0047,7.7550,-6.0029
261.072,-4.0047,7.7550,-6.0029
261.080,-4.0047,7.7550,-6.0029
261.090,-4.0047,7.7550,-6.0029
261.098,-4.0047,7.7550,-6.0029
261.106,-4.0047,7.7550,-6.0029
261.114,-4.0047,7.7550,-6.0029
261.122,-4.0047,7.7550,-6.0029
261.129,-4.0047,7.7550,-6.0029
261.138,-4.0047,7.7550,-6.0029
261.144,-4.0047,7.7550,-6.0029
261.152,-4.0047,7.7550,-6.0029
261.159,-4.0047,7.7550,-6.0029
261.169,-4.0047,7.7550,-6.0029
261.175,-4.0047,7.7550,-6.0029
261.181,-4.0047,7.7550,-6.0029
261.190,-4.0047,7.7550,-6.0029
261.197,-4.0047,7.7550,-6.0029
261.204,-4.0047,7.7550,-6.0029
261.212,-4.0047,7.7550,-6.0029
261.219,-4.0047,7.7550,-6.0029
261.229,-4.0047,7.7550,-6.0029
261.236,-4.0047,7.7550,-6.0029
261.244,-4.0047,7.7550,-6.0029
261.253,-4.0047,7.7550,-6.0029
261.262,-4.0047,7.7550,-6.0029
261.271,-4.0047,7.7550,-6.0029
261.280,-4.0047,7.7550,-6.0029
261.289,-4.0047,7.7550,-6.0029
261.298,-4.0047,7.7550,-6.0029
261.307,-4.0047,7.7550,-6.0029
261.314,-4.0047,7.7550,-6.0029
261.322,-4.0047,7.7550,-6.0029
261.330,-4.0047,7.7550,-6.0029
261.338,-4.0047,7.7550,-6.0029
261.345,-4.0047,7.7550,-6.0029
261.355,-4.0047,7.7550,-6.0029
261.362,-4.0047,7.7551,-6.0029
261.372,-4.0047,7.7551,-6.0029
261.379,-4.0047,7.7551,-6.0029
261.389,-4.0047,7.7551,-6.0029
261.396,-4.0047,7.7551,-6.0029
261.405,-4.0047,7.7552,-6.0029
261.414,-4.0047,7.7552,-6.0029
261.423,-4.0047,7.7553,-6.0029
261.433,-4.0047,7.7553,-6.0029
261.442,-4.0047,7.7555,-6.0029
261.451,-4.0047,7.7555,-6.0029
261.460,-4.0047,7.7557,-6.0029
261.471,-4.0047,7.7557,-6.0029
261.478,-4.0047,7.7557,-6.0029
261.485,-4.0047,7.7560,-6.0029
261.494,-4.0047,7.7560,-6.0029
261.503,-4.0047,7.7563,-6.0029
261.512,-4.0047,7.7563,-6.0029
261.519,-4.0047,7.7566,-6.0029
261.528,-4.0047,7.7566,-6.0029
261.535,-4.0047,7.7566,-6.0029
261.542,-4.0047,7.7569,-6.0029
261.550,-4.0047,7.7569,-6.0029
261.557,-4.0047,7.7569,-6.0029
261.565,-4.0047,7.7577,-6.0029
261.574,-4.0047,7.7577,-6.0029
261.580,-4.0047,7.7584,-6.0029
261.589,-4.0047,7.7584,-6.0029
261.596,-4.0047,7.7584,-6.0029
261.604,-4.0047,7.7593,-6.0029
261.612,-4.0047,7.7593,-6.0029
261.621,-4.0047,7.7601,-6.0029
261.629,-4.0047,7.7601,-6.0029
261.636,-4.0047,7.7601,-6.0029
261.643,-4.0047,7.7611,-6.0029
261.652,-4.0047,7.7611,-6.0029
261.668,-4.0047,7.7620,-6.0029
261.677,-4.0047,7.7620,-6.0029
261.686,-4.0047,7.7630,-6.0029
261.695,-4.0047,7.7630,-6.0029
261.704,-4.0047,7.7640,-6.0029
261.714,-4.0047,7.7640,-6.0029
261.721,-4.0047,7.7661,-6.0029
261.731,-4.0047,7.7661,-6.0029
261.739,-4.0047,7.7682,-6.0029
261.749,-4.0047,7.7682,-6.0029
261.756,-4.0047,7.7682,-6.0029
261.764,-4.0047,7.7704,-6.0029
261.774,-4.0047,7.7704,-6.0029
261.780,-4.0047,7.7726,-6.0029
261.788,-4.0047,7.7726,-6.0029
261.796,-4.0047,7.7726,-6.0029
261.804,-4.0047,7.7749,-6.0029
261.813,-4.0047,7.7749,-6.0029
261.822,-4.0047,7.7772,-6.0029
261.830,-4.0047,7.7772,-6.0029
261.838,-4.0047,7.7772,-6.0029
261.844,-4.0047,7.7796,-6.0029
261.852,-4.0047,7.7796,-6.0029
261.860,-4.0047,7.7819,-6.0029
261.868,-4.0047,7.7819,-6.0029
261.877,-4.0047,7.7819,-6.0029
261.883,-4.0047,7.7844,-6.0029
261.893,-4.0047,7.7844,-6.0029
261.899,-4.0047,7.7868,-6.0029
261.909,-4.0047,7.7868,-6.0029
261.916,-4.0047,7.7868,-6.0029
261.924,-4.0047,7.7894,-6.0029
261.931,-4.0047,7.7894,-6.0029
261.939,-4.0047,7.7920,-6.0029
261.947,-4.0047,7.7920,-6.0029
261.955,-4.0047,7.7920,-6.0029
261.963,-4.0047,7.7945,-6.0029
261.974,-4.0047,7.7945,-6.0029
261.983,-4.0047,7.7971,-6.0029
261.992,-4.0047,7.7971,-6.0029
262.002,-4.0047,7.7997,-6.0029
262.012,-4.0047,7.7997,-6.0029
262.020,-4.0047,7.8023,-6.0029
262.030,-4.0047,7.8023,-6.0029
262.038,-4.0047,7.8023,-6.0029
262.045,-4.0047,7.8049,-6.0029
262.053,-4.0047,7.8049,-6.0029
262.059,-4.0047,7.8075,-6.0029
262.068,-4.0047,7.8075,-6.0029
262.076,-4.0047,7.8075,-6.0029
262.083,-4.0047,7.8101,-6.0029
262.092,-4.0047,7.8101,-6.0029
262.100,-4.0047,7.8127,-6.0029
262.110,-4.0047,7.8127,-6.0029
262.117,-4.0047,7.8127,-6.0029
262.126,-4.0047,7.8153,-6.0029
262.137,-4.0047,7.8153,-6.0029
262.145,-4.0047,7.8179,-6.0029
262.155,-4.0047,7.8179,-6.0029
262.163,-4.0047,7.8205,-6.0029
262.173,-4.0047,7.8205,-6.0029
262.181,-4.0047,7.8231,-6.0029
262.190,-4.0047,7.8231,-6.0029
262.198,-4.0047,7.8257,-6.0029
262.209,-4.0047,7.8257,-6.0029
262.218,-4.0047,7.8257,-6.0029
262.227,-4.0047,7.8283,-6.0029
262.238,-4.0047,7.8283,-6.0029
262.246,-4.0047,7.8309,-6.0029
262.256,-4.0047,7.8309,-6.0029
262.265,-4.0047,7.8335,-6.0029
262.275,-4.0047,7.8335,-6.0029
262.283,-4.0047,7.8361,-6.0029
262.292,-4.0047,7.8361,-6.0029
262.302,-4.0047,7.8386,-6.0029
262.313,-4.0047,7.8386,-6.0029
262.322,-4.0047,7.8412,-6.0029
262.331,-4.0047,7.8412,-6.0029
262.341,-4.0047,7.8438,-6.0029
262.350,-4.0047,7.8438,-6.0029
262.358,-4.0047,7.8438,-6.0029
262.367,-4.0047,7.8464,-6.0029
262.378,-4.0047,7.8464,-6.0029
262.385,-4.0047,7.8490,-6.0029
262.395,-4.0047,7.8490,-6.0029
262.403,-4.0047,7.8516,-6.0029
262.411,-4.0047,7.8516,-6.0029
262.418,-4.0047,7.8516,-6.0029
262.423,-4.0047,7.8541,-6.0029
262.433,-4.0047,7.8541,-6.0029
262.441,-4.0047,7.8567,-6.0029
262.450,-4.0047,7.8567,-6.0029
262.457,-4.0047,7.8567,-6.0029
262.465,-4.0047,7.8593,-6.0029
262.473,-4.0047,7.8593,-6.0029
262.481,-4.0047,7.8619,-6.0029
262.489,-4.0047,7.8619,-6.0029
262.497,-4.0047,7.8619,-6.0029
262.505,-4.0047,7.8644,-6.0029
262.514,-4.0047,7.8644,-6.0029
262.521,-4.0047,7.8670,-6.0029
262.530,-4.0047,7.8670,-6.0029
262.537,-4.0047,7.8670,-6.0029
262.546,-4.0047,7.8696,-6.0029
262.554,-4.0047,7.8696,-6.0029
262.561,-4.0047,7.8722,-6.0029
262.571,-4.0047,7.8722,-6.0029
262.579,-4.0047,7.8747,-6.0029
262.589,-4.0047,7.8747,-6.0029
262.596,-4.0047,7.8747,-6.0029
262.605,-4.0047,7.8773,-6.0029
262.615,-4.0047,7.8773,-6.0029
262.624,-4.0047,7.8799,-6.0029
262.634,-4.0047,7.8799,-6.0029
262.642,-4.0047,7.8825,-6.0029
262.652,-4.0047,7.8825,-6.0029
262.660,-4.0047,7.8850,-6.0029
262.671,-4.0047,7.8850,-6.0029
262.680,-4.0047,7.8876,-6.0029
262.690,-4.0047,7.8876,-6.0029
262.699,-4.0047,7.8902,-6.0029
262.709,-4.0047,7.8902,-6.0029
262.718,-4.0047,7.8902,-6.0029
262.725,-4.0047,7.8928,-6.0029
262.735,-4.0047,7.8928,-6.0029
262.741,-4.0047,7.8954,-6.0029
262.749,-4.0047,7.8954,-6.0029
262.756,-4.0047,7.8954,-6.0029
262.764,-4.0047,7.8979,-6.0029
262.774,-4.0047,7.8979,-6.0029
262.781,-4.0047,7.9005,-6.0029
262.790,-4.0047,7.9005,-6.0029
262.799,-4.0047,7.9031,-6.0029
262.809,-4.0047,7.9031,-6.0029
262.816,-4.0047,7.9031,-6.0029
262.824,-4.0047,7.9057,-6.0029
262.833,-4.0047,7.9057,-6.0029
262.840,-4.0047,7.9083,-6.0029
262.849,-4.0047,7.9083,-6.0029
262.857,-4.0047,7.9083,-6.0029
262.864,-4.0047,7.9109,-6.0029
262.873,-4.0047,7.9109,-6.0029
262.880,-4.0047,7.9134,-6.0029
262.890,-4.0047,7.9134,-6.0029
262.896,-4.0047,7.9134,-6.0029
262.904,-4.0047,7.9160,-6.0029
262.912,-4.0047,7.9160,-6.0029
262.920,-4.0047,7.9186,-6.0029
262.927,-4.0047,7.9186,-6.0029
262.934,-4.0047,7.9186,-6.0029
262.942,-4.0047,7.9212,-6.0029
262.951,-4.0047,7.9212,-6.0029
262.958,-4.0047,7.9238,-6.0029
262.967,-4.0047,7.9238,-6.0029
262.975,-4.0047,7.9238,-6.0029
262.982,-4.0047,7.9264,-6.0029
262.991,-4.0047,7.9264,-6.0029
262.998,-4.0047,7.9264,-6.0029
263.005,-4.0047,7.9289,-6.0029
263.014,-4.0047,7.9289,-6.0029
263.022,-4.0047,7.9315,-6.0029
263.031,-4.0047,7.9315,-6.0029
263.039,-4.0047,7.9341,-6.0029
263.048,-4.0047,7.9341,-6.0029
263.055,-4.0047,7.9341,-6.0029
263.063,-4.0047,7.9367,-6.0029
263.074,-4.0047,7.9367,-6.0029
263.080,-4.0047,7.9393,-6.0029
263.090,-4.0047,7.9393,-6.0029
263.096,-4.0047,7.9393,-6.0029
263.105,-4.0047,7.9419,-6.0029
263.113,-4.0047,7.9419,-6.0029
263.122,-4.0047,7.9445,-6.0029
263.132,-4.0047,7.9445,-6.0029
263.141,-4.0047,7.9471,-6.0029
263.150,-4.0047,7.9471,-6.0029
263.157,-4.0047,7.9471,-6.0029
263.166,-4.0047,7.9496,-6.0029
263.175,-4.0047,7.9496,-6.0029
263.183,-4.0047,7.9522,-6.0029
263.193,-4.0047,7.9522,-6.0029
263.202,-4.0047,7.9548,-6.0029
263.210,-4.0047,7.9548,-6.0029
263.219,-4.0047,7.9574,-6.0029
263.229,-4.0047,7.9574,-6.0029
263.238,-4.0047,7.9574,-6.0029
263.245,-4.0047,7.9600,-6.0029
263.255,-4.0047,7.9600,-6.0029
263.263,-4.0047,7.9626,-6.0029
263.273,-4.0047,7.9626,-6.0029
263.280,-4.0047,7.9652,-6.0029
263.289,-4.0047,7.9652,-6.0029
263.297,-4.0047,7.9652,-6.0029
263.305,-4.0047,7.9678,-6.0029
263.315,-4.0047,7.9678,-6.0029
263.323,-4.0047,7.9703,-6.0029
263.331,-4.0047,7.9703,-6.0029
263.340,-4.0047,7.9729,-6.0029
263.348,-4.0047,7.9729,-6.0029
263.355,-4.0047,7.9729,-6.0029
263.363,-4.0047,7.9755,-6.0029
263.373,-4.0047,7.9755,-6.0029
263.380,-4.0047,7.9781,-6.0029
263.388,-4.0047,7.9781,-6.0029
263.395,-4.0047,7.9781,-6.0029
263.406,-4.0047,7.9807,-6.0029
263.415,-4.0047,7.9807,-6.0029
263.424,-4.0047,7.9833,-6.0029
263.434,-4.0047,7.9833,-6.0029
263.442,-4.0047,7.9859,-6.0029
263.451,-4.0047,7.9859,-6.0029
263.459,-4.0047,7.9885,-6.0029
263.470,-4.0047,7.9885,-6.0029
263.477,-4.0047,7.9885,-6.0029
263.485,-4.0047,7.9910,-6.0029
263.496,-4.0047,7.9910,-6.0029
263.505,-4.0047,7.9936,-6.0029
263.514,-4.0047,7.9936,-6.0029
263.522,-4.0047,7.9962,-6.0029
263.531,-4.0047,7.9962,-6.0029
263.540,-4.0047,7.9988,-6.0029
263.549,-4.0047,7.9988,-6.0029
263.557,-4.0047,7.9988,-6.0029
263.565,-4.0047,8.0014,-6.0029
263.576,-4.0047,8.0014,-6.0029
263.584,-4.0047,8.0040,-6.0029
263.594,-4.0047,8.0040,-6.0029
263.603,-4.0047,8.0066,-6.0029
263.613,-4.0047,8.0066,-6.0029
263.621,-4.0047,8.0092,-6.0029
263.631,-4.0047,8.0092,-6.0029
263.640,-4.0047,8.0118,-6.0029
263.649,-4.0047,8.0118,-6.0029
263.656,-4.0047,8.0118,-6.0029
263.663,-4.0047,8.0143,-6.0029
263.672,-4.0047,8.0143,-6.0029
263.679,-4.0047,8.0169,-6.0029
263.688,-4.0047,8.0169,-6.0029
263.696,-4.0047,8.0169,-6.0029
263.705,-4.0047,8.0195,-6.0029
263.713,-4.0047,8.0195,-6.0029
263.721,-4.0047,8.0221,-6.0029
263.730,-4.0047,8.0221,-6.0029
263.738,-4.0047,8.0221,-6.0029
263.746,-4.0047,8.0247,-6.0029
263.755,-4.0047,8.0247,-6.0029
263.763,-4.0047,8.0273,-6.0029
263.773,-4.0047,8.0273,-6.0029
263.782,-4.0047,8.0299,-6.0029
263.792,-4.0047,8.0299,-6.0029
263.801,-4.0047,8.0325,-6.0029
263.811,-4.0047,8.0325,-6.0029
263.818,-4.0047,8.0325,-6.0029
263.827,-4.0047,8.0351,-6.0029
263.838,-4.0047,8.0351,-6.0029
263.846,-4.0047,8.0377,-6.0029
263.856,-4.0047,8.0377,-6.0029
263.864,-4.0047,8.0402,-6.0029
263.874,-4.0047,8.0402,-6.0029
263.881,-4.0047,8.0428,-6.0029
263.891,-4.0047,8.0428,-6.0029
263.898,-4.0047,8.0428,-6.0029
263.906,-4.0047,8.0454,-6.0029
263.916,-4.0047,8.0454,-6.0029
263.925,-4.0047,8.0480,-6.0029
263.934,-4.0047,8.0480,-6.0029
263.943,-4.0047,8.0506,-6.0029
263.953,-4.0047,8.0506,-6.0029
263.960,-4.0047,8.0532,-6.0029
263.972,-4.0047,8.0532,-6.0029
263.979,-4.0047,8.0558,-6.0029
263.990,-4.0047,8.0558,-6.0029
263.998,-4.0047,8.0558,-6.0029
264.007,-4.0047,8.0584,-6.0029
264.023,-4.0047,8.0610,-6.0029
264.034,-4.0047,8.0610,-6.0029
264.041,-4.0047,8.0635,-6.0029
264.050,-4.0047,8.0635,-6.0029
264.057,-4.0047,8.0635,-6.0029
264.066,-4.0047,8.0661,-6.0029
264.074,-4.0047,8.0661,-6.0029
264.083,-4.0047,8.0687,-6.0029
264.092,-4.0047,8.0687,-6.0029
264.100,-4.0047,8.0713,-6.0029
264.110,-4.0047,8.0713,-6.0029
264.117,-4.0047,8.0713,-6.0029
264.125,-4.0047,8.0739,-6.0029
264.135,-4.0047,8.0739,-6.0029
264.145,-4.0047,8.0765,-6.0029
264.154,-4.0047,8.0765,-6.0029
264.162,-4.0047,8.0791,-6.0029
264.171,-4.0047,8.0791,-6.0029
264.178,-4.0047,8.0791,-6.0029
264.185,-4.0047,8.0817,-6.0029
264.195,-4.0047,8.0817,-6.0029
264.204,-4.0047,8.0843,-6.0029
264.213,-4.0047,8.0843,-6.0029
264.221,-4.0047,8.0868,-6.0029
264.229,-4.0047,8.0868,-6.0029
264.238,-4.0047,8.0868,-6.0029
264.244,-4.0047,8.0894,-6.0029
264.254,-4.0047,8.0894,-6.0029
264.260,-4.0047,8.0920,-6.0029
264.270,-4.0047,8.0920,-6.0029
264.276,-4.0047,8.0920,-6.0029
264.285,-4.0047,8.0946,-6.0029
264.293,-4.0047,8.0946,-6.0029
264.303,-4.0047,8.0972,-6.0029
264.312,-4.0047,8.0972,-6.0029
264.319,-4.0047,8.0998,-6.0029
264.327,-4.0047,8.0998,-6.0029
264.335,-4.0047,8.0998,-6.0029
264.342,-4.0047,8.1024,-6.0029
264.350,-4.0047,8.1024,-6.0029
264.358,-4.0047,8.1024,-6.0029
264.365,-4.0047,8.1050,-6.0029
264.375,-4.0047,8.1050,-6.0029
264.382,-4.0047,8.1076,-6.0029
264.391,-4.0047,8.1076,-6.0029
264.398,-4.0047,8.1076,-6.0029
264.406,-4.0047,8.1101,-6.0029
264.413,-4.0047,8.1101,-6.0029
264.421,-4.0047,8.1127,-6.0029
264.428,-4.0047,8.1127,-6.0029
264.436,-4.0047,8.1127,-6.0029
264.442,-4.0047,8.1153,-6.0029
264.450,-4.0047,8.1153,-6.0029
264.456,-4.0047,8.1153,-6.0029
264.463,-4.0047,8.1179,-6.0029
264.471,-4.0047,8.1179,-6.0029
264.477,-4.0047,8.1179,-6.0029
264.485,-4.0047,8.1205,-6.0029
264.493,-4.0047,8.1205,-6.0029
264.500,-4.0047,8.1231,-6.0029
264.508,-4.0047,8.1231,-6.0029
264.515,-4.0047,8.1231,-6.0029
264.522,-4.0047,8.1257,-6.0029
264.530,-4.0047,8.1257,-6.0029
264.537,-4.0047,8.1257,-6.0029
264.546,-4.0047,8.1283,-6.0029
264.555,-4.0047,8.1283,-6.0029
264.562,-4.0047,8.1309,-6.0029
264.571,-4.0047,8.1309,-6.0029
264.578,-4.0047,8.1334,-6.0029
264.587,-4.0047,8.1334,-6.0029
264.594,-4.0047,8.1334,-6.0029
264.601,-4.0047,8.1360,-6.0029
264.610,-4.0047,8.1360,-6.0029
264.617,-4.0047,8.1360,-6.0029
264.623,-4.0047,8.1386,-6.0029
264.631,-4.0047,8.1386,-6.0029
264.639,-4.0047,8.1412,-6.0029
264.647,-4.0047,8.1412,-6.0029
264.656,-4.0047,8.1412,-6.0029
264.664,-4.0047,8.1438,-6.0029
264.675,-4.0047,8.1438,-6.0029
264.681,-4.0047,8.1464,-6.0029
264.692,-4.0047,8.1464,-6.0029
264.702,-4.0047,8.1490,-6.0029
264.711,-4.0047,8.1490,-6.0029
264.720,-4.0047,8.1515,-6.0029
264.729,-4.0047,8.1515,-6.0029
264.739,-4.0047,8.1541,-6.0029
264.748,-4.0047,8.1541,-6.0029
264.756,-4.0047,8.1541,-6.0029
264.765,-4.0047,8.1567,-6.0029
264.776,-4.0047,8.1567,-6.0029
264.785,-4.0047,8.1593,-6.0029
264.796,-4.0047,8.1593,-6.0029
264.805,-4.0047,8.1619,-6.0029
264.814,-4.0047,8.1619,-6.0029
264.823,-4.0047,8.1645,-6.0029
264.833,-4.0047,8.1645,-6.0029
264.841,-4.0047,8.1671,-6.0029
264.851,-4.0047,8.1671,-6.0029
264.860,-4.0047,8.1696,-6.0029
264.871,-4.0047,8.1696,-6.0029
264.880,-4.0047,8.1722,-6.0029
264.890,-4.0047,8.1722,-6.0029
264.898,-4.0047,8.1722,-6.0029
264.908,-4.0047,8.1748,-6.0029
264.917,-4.0047,8.1748,-6.0029
264.927,-4.0047,8.1774,-6.0029
264.937,-4.0047,8.1774,-6.0029
264.945,-4.0047,8.1800,-6.0029
264.955,-4.0047,8.1800,-6.0029
264.963,-4.0047,8.1826,-6.0029
264.974,-4.0047,8.1826,-6.0029
264.981,-4.0047,8.1852,-6.0029
264.991,-4.0047,8.1852,-6.0029
265.000,-4.0047,8.1878,-6.0029
265.010,-4.0047,8.1878,-6.0029
265.019,-4.0047,8.1903,-6.0029
265.029,-4.0047,8.1903,-6.0029
265.038,-4.0047,8.1903,-6.0029
265.046,-4.0047,8.1929,-6.0029
265.057,-4.0047,8.1929,-6.0029
265.065,-4.0047,8.1955,-6.0029
265.076,-4.0047,8.1955,-6.0029
265.084,-4.0047,8.1981,-6.0029
265.094,-4.0047,8.1981,-6.0029
265.102,-4.0047,8.2007,-6.0029
265.112,-4.0047,8.2007,-6.0029
265.121,-4.0047,8.2033,-6.0029
265.130,-4.0047,8.2033,-6.0029
265.140,-4.0047,8.2059,-6.0029
265.150,-4.0047,8.2059,-6.0029
265.160,-4.0047,8.2085,-6.0029
265.173,-4.0047,8.2085,-6.0029
265.181,-4.0047,8.2111,-6.0029
265.191,-4.0047,8.2111,-6.0029
265.199,-4.0047,8.2136,-6.0029
265.209,-4.0047,8.2136,-6.0029
265.218,-4.0047,8.2162,-6.0029
265.228,-4.0047,8.2162,-6.0029
265.238,-4.0047,8.2162,-6.0029
265.248,-4.0047,8.2188,-6.0029
265.257,-4.0047,8.2188,-6.0029
265.265,-4.0047,8.2214,-6.0029
265.275,-4.0047,8.2214,-6.0029
265.283,-4.0047,8.2240,-6.0029
265.291,-4.0047,8.2240,-6.0029
265.299,-4.0047,8.2266,-6.0029
265.310,-4.0047,8.2266,-6.0029
265.317,-4.0047,8.2266,-6.0029
265.325,-4.0047,8.2292,-6.0029
265.335,-4.0047,8.2292,-6.0029
265.344,-4.0047,8.2318,-6.0029
265.353,-4.0047,8.2318,-6.0029
265.361,-4.0047,8.2344,-6.0029
265.372,-4.0047,8.2344,-6.0029
265.379,-4.0047,8.2370,-6.0029
265.390,-4.0047,8.2370,-6.0029
265.397,-4.0047,8.2370,-6.0029
265.405,-4.0047,8.2395,-6.0029
265.414,-4.0047,8.2395,-6.0029
265.422,-4.0047,8.2421,-6.0029
265.431,-4.0047,8.2421,-6.0029
265.440,-4.0047,8.2447,-6.0029
265.450,-4.0047,8.2447,-6.0029
265.458,-4.0047,8.2473,-6.0029
265.466,-4.0047,8.2473,-6.0029
265.475,-4.0047,8.2473,-6.0029
265.481,-4.0047,8.2499,-6.0029
265.491,-4.0047,8.2499,-6.0029
265.498,-4.0047,8.2499,-6.0029
265.507,-4.0047,8.2525,-6.0029
265.516,-4.0047,8.2525,-6.0029
265.523,-4.0047,8.2551,-6.0029
265.531,-4.0047,8.2551,-6.0029
265.539,-4.0047,8.2577,-6.0029
265.548,-4.0047,8.2577,-6.0029
265.555,-4.0047,8.2577,-6.0029
265.562,-4.0047,8.2603,-6.0029
265.571,-4.0047,8.2603,-6.0029
265.579,-4.0047,8.2629,-6.0029
265.588,-4.0047,8.2629,-6.0029
265.595,-4.0047,8.2629,-6.0029
265.604,-4.0047,8.2654,-6.0029
265.613,-4.0047,8.2654,-6.0029
265.621,-4.0047,8.2680,-6.0029
265.630,-4.0047,8.2680,-6.0029
265.639,-4.0047,8.2706,-6.0029
265.647,-4.0047,8.2706,-6.0029
265.655,-4.0047,8.2706,-6.0029
265.662,-4.0047,8.2732,-6.0029
265.672,-4.0047,8.2732,-6.0029
265.679,-4.0047,8.2758,-6.0029
265.688,-4.0047,8.2758,-6.0029
265.695,-4.0047,8.2758,-6.0029
265.704,-4.0047,8.2784,-6.0029
265.712,-4.0047,8.2784,-6.0029
265.720,-4.0047,8.2810,-6.0029
265.731,-4.0047,8.2810,-6.0029
265.739,-4.0047,8.2836,-6.0029
265.747,-4.0047,8.2836,-6.0029
265.755,-4.0047,8.2836,-6.0029
265.764,-4.0047,8.2862,-6.0029
265.774,-4.0047,8.2862,-6.0029
265.782,-4.0047,8.2887,-6.0029
265.791,-4.0047,8.2887,-6.0029
265.800,-4.0047,8.2913,-6.0029
265.809,-4.0047,8.2913,-6.0029
265.816,-4.0047,8.2913,-6.0029
265.824,-4.0047,8.2939,-6.0029
265.834,-4.0047,8.2939,-6.0029
265.841,-4.0047,8.2965,-6.0029
265.849,-4.0047,8.2965,-6.0029
265.857,-4.0047,8.2965,-6.0029
265.863,-4.0047,8.2991,-6.0029
265.872,-4.0047,8.2991,-6.0029
265.878,-4.0047,8.2991,-6.0029
265.884,-4.0047,8.3017,-6.0029
265.892,-4.0047,8.3017,-6.0029
265.899,-4.0047,8.3043,-6.0029
265.908,-4.0047,8.3043,-6.0029
265.915,-4.0047,8.3043,-6.0029
265.922,-4.0047,8.3069,-6.0029
265.930,-4.0047,8.3069,-6.0029
265.938,-4.0047,8.3069,-6.0029
265.946,-4.0047,8.3095,-6.0029
265.956,-4.0047,8.3095,-6.0029
265.963,-4.0047,8.3121,-6.0029
265.974,-4.0047,8.3121,-6.0029
265.981,-4.0047,8.3146,-6.0029
265.990,-4.0047,8.3146,-6.0029
265.998,-4.0047,8.3146,-6.0029
266.006,-4.0047,8.3172,-6.0029
266.015,-4.0047,8.3172,-6.0029
266.022,-4.0047,8.3198,-6.0029
266.032,-4.0047,8.3198,-6.0029
266.040,-4.0047,8.3224,-6.0029
266.049,-4.0047,8.3224,-6.0029
266.058,-4.0047,8.3224,-6.0029
266.067,-4.0047,8.3250,-6.0029
266.077,-4.0047,8.3250,-6.0029
266.085,-4.0047,8.3276,-6.0029
266.095,-4.0047,8.3276,-6.0029
266.103,-4.0047,8.3302,-6.0029
266.113,-4.0047,8.3302,-6.0029
266.121,-4.0047,8.3328,-6.0029
266.131,-4.0047,8.3328,-6.0029
266.141,-4.0047,8.3354,-6.0029
266.149,-4.0047,8.3354,-6.0029
266.158,-4.0047,8.3354,-6.0029
266.168,-4.0047,8.3379,-6.0029
266.179,-4.0047,8.3405,-6.0029
266.191,-4.0047,8.3405,-6.0029
266.198,-4.0047,8.3405,-6.0029
266.206,-4.0047,8.3431,-6.0029
266.216,-4.0047,8.3431,-6.0029
266.223,-4.0047,8.3457,-6.0029
266.232,-4.0047,8.3457,-6.0029
266.239,-4.0047,8.3483,-6.0029
266.247,-4.0047,8.3483,-6.0029
266.255,-4.0047,8.3483,-6.0029
266.263,-4.0047,8.3509,-6.0029
266.272,-4.0047,8.3509,-6.0029
266.280,-4.0047,8.3535,-6.0029
266.288,-4.0047,8.3535,-6.0029
266.297,-4.0047,8.3535,-6.0029
266.307,-4.0047,8.3561,-6.0029
266.315,-4.0047,8.3561,-6.0029
266.324,-4.0047,8.3587,-6.0029
266.331,-4.0047,8.3587,-6.0029
266.340,-4.0047,8.3613,-6.0029
266.348,-4.0047,8.3613,-6.0029
266.357,-4.0047,8.3613,-6.0029
266.364,-4.0047,8.3638,-6.0029
266.383,-4.0047,8.3664,-6.0029
266.394,-4.0047,8.3664,-6.0029
266.403,-4.0047,8.3690,-6.0029
266.411,-4.0047,8.3690,-6.0029
266.421,-4.0047,8.3716,-6.0029
266.430,-4.0047,8.3716,-6.0029
266.439,-4.0047,8.3742,-6.0029
266.448,-4.0047,8.3742,-6.0029
266.456,-4.0047,8.3742,-6.0029
266.463,-4.0047,8.3768,-6.0029
266.474,-4.0047,8.3768,-6.0029
266.482,-4.0047,8.3794,-6.0029
266.492,-4.0047,8.3794,-6.0029
266.501,-4.0047,8.3820,-6.0029
266.511,-4.0047,8.3820,-6.0029
266.519,-4.0047,8.3846,-6.0029
266.529,-4.0047,8.3846,-6.0029
266.536,-4.0047,8.3846,-6.0029
266.545,-4.0047,8.3872,-6.0029
266.554,-4.0047,8.3872,-6.0029
266.561,-4.0047,8.3897,-6.0029
266.571,-4.0047,8.3897,-6.0029
266.579,-4.0047,8.3923,-6.0029
266.587,-4.0047,8.3923,-6.0029
266.595,-4.0047,8.3923,-6.0029
266.604,-4.0047,8.3949,-6.0029
266.613,-4.0047,8.3949,-6.0029
266.621,-4.0047,8.3975,-6.0029
266.631,-4.0047,8.3975,-6.0029
266.639,-4.0047,8.4001,-6.0029
266.647,-4.0047,8.4001,-6.0029
266.656,-4.0047,8.4001,-6.0029
266.663,-4.0047,8.4027,-6.0029
266.673,-4.0047,8.4027,-6.0029
266.679,-4.0047,8.4053,-6.0029
266.689,-4.0047,8.4053,-6.0029
266.695,-4.0047,8.4053,-6.0029
266.704,-4.0047,8.4079,-6.0029
266.712,-4.0047,8.4079,-6.0029
266.721,-4.0047,8.4105,-6.0029
266.729,-4.0047,8.4105,-6.0029
266.738,-4.0047,8.4105,-6.0029
266.745,-4.0047,8.4131,-6.0029
266.753,-4.0047,8.4131,-6.0029
266.761,-4.0047,8.4156,-6.0029
266.770,-4.0047,8.4156,-6.0029
266.776,-4.0047,8.4156,-6.0029
266.784,-4.0047,8.4182,-6.0029
266.792,-4.0047,8.4182,-6.0029
266.801,-4.0047,8.4208,-6.0029
266.812,-4.0047,8.4208,-6.0029
266.819,-4.0047,8.4234,-6.0029
266.828,-4.0047,8.4234,-6.0029
266.836,-4.0047,8.4234,-6.0029
266.844,-4.0047,8.4260,-6.0029
266.852,-4.0047,8.4260,-6.0029
266.860,-4.0047,8.4286,-6.0029
266.868,-4.0047,8.4286,-6.0029
266.876,-4.0047,8.4286,-6.0029
266.882,-4.0047,8.4311,-6.0029
266.891,-4.0047,8.4311,-6.0029
266.898,-4.0047,8.4311,-6.0029
266.906,-4.0047,8.4337,-6.0029
266.914,-4.0047,8.4337,-6.0029
266.921,-4.0047,8.4363,-6.0029
266.929,-4.0047,8.4363,-6.0029
266.937,-4.0047,8.4363,-6.0029
266.944,-4.0047,8.4389,-6.0029
266.952,-4.0047,8.4389,-6.0029
266.960,-4.0047,8.4415,-6.0029
266.970,-4.0047,8.4415,-6.0029
266.977,-4.0047,8.4415,-6.0029
266.985,-4.0047,8.4441,-6.0029
266.993,-4.0047,8.4441,-6.0029
267.002,-4.0047,8.4467,-6.0029
267.010,-4.0047,8.4467,-6.0029
267.018,-4.0047,8.4467,-6.0029
267.025,-4.0047,8.4492,-6.0029
267.034,-4.0047,8.4492,-6.0029
267.041,-4.0047,8.4518,-6.0029
267.050,-4.0047,8.4518,-6.0029
267.057,-4.0047,8.4518,-6.0029
267.065,-4.0047,8.4544,-6.0029
267.074,-4.0047,8.4544,-6.0029
267.082,-4.0047,8.4570,-6.0029
267.091,-4.0047,8.4570,-6.0029
267.099,-4.0047,8.4596,-6.0029
267.108,-4.0047,8.4596,-6.0029
267.115,-4.0047,8.4596,-6.0029
267.123,-4.0047,8.4622,-6.0029
267.132,-4.0047,8.4622,-6.0029
267.140,-4.0047,8.4648,-6.0029
267.148,-4.0047,8.4648,-6.0029
267.157,-4.0047,8.4648,-6.0029
267.164,-4.0047,8.4673,-6.0029
267.174,-4.0047,8.4673,-6.0029
267.182,-4.0047,8.4699,-6.0029
267.191,-4.0047,8.4699,-6.0029
267.198,-4.0047,8.4725,-6.0029
267.209,-4.0047,8.4725,-6.0029
267.219,-4.0047,8.4751,-6.0029
267.227,-4.0047,8.4751,-6.0029
267.237,-4.0047,8.4751,-6.0029
267.245,-4.0047,8.4777,-6.0029
267.256,-4.0047,8.4777,-6.0029
267.264,-4.0047,8.4803,-6.0029
267.274,-4.0047,8.4803,-6.0029
267.281,-4.0047,8.4829,-6.0029
267.291,-4.0047,8.4829,-6.0029
267.300,-4.0047,8.4854,-6.0029
267.309,-4.0047,8.4854,-6.0029
267.317,-4.0047,8.4854,-6.0029
267.326,-4.0047,8.4880,-6.0029
267.336,-4.0047,8.4880,-6.0029
267.344,-4.0047,8.4906,-6.0029
267.353,-4.0047,8.4906,-6.0029
267.360,-4.0047,8.4932,-6.0029
267.370,-4.0047,8.4932,-6.0029
267.377,-4.0047,8.4932,-6.0029
267.385,-4.0047,8.4958,-6.0029
267.395,-4.0047,8.4958,-6.0029
267.403,-4.0047,8.4984,-6.0029
267.413,-4.0047,8.4984,-6.0029
267.423,-4.0047,8.5010,-6.0029
267.433,-4.0047,8.5010,-6.0029
267.441,-4.0047,8.5035,-6.0029
267.451,-4.0047,8.5035,-6.0029
267.460,-4.0047,8.5061,-6.0029
267.469,-4.0047,8.5061,-6.0029
267.477,-4.0047,8.5061,-6.0029
267.485,-4.0047,8.5087,-6.0029
267.494,-4.0047,8.5087,-6.0029
267.502,-4.0047,8.5113,-6.0029
267.510,-4.0047,8.5113,-6.0029
267.519,-4.0047,8.5139,-6.0029
267.529,-4.0047,8.5139,-6.0029
267.539,-4.0047,8.5165,-6.0029
267.548,-4.0047,8.5165,-6.0029
267.557,-4.0047,8.5165,-6.0029
267.567,-4.0047,8.5191,-6.0029
267.577,-4.0047,8.5191,-6.0029
267.585,-4.0047,8.5216,-6.0029
267.597,-4.0047,8.5216,-6.0029
267.607,-4.0047,8.5242,-6.0029
267.616,-4.0047,8.5242,-6.0029
267.625,-4.0047,8.5268,-6.0029
267.635,-4.0047,8.5268,-6.0029
267.645,-4.0047,8.5294,-6.0029
267.656,-4.0047,8.5294,-6.0029
267.664,-4.0047,8.5320,-6.0029
267.674,-4.0047,8.5320,-6.0029
267.682,-4.0047,8.5346,-6.0029
267.692,-4.0047,8.5346,-6.0029
267.701,-4.0047,8.5371,-6.0029
267.711,-4.0047,8.5371,-6.0029
267.720,-4.0047,8.5397,-6.0029
267.730,-4.0047,8.5397,-6.0029
267.741,-4.0047,8.5423,-6.0029
267.750,-4.0047,8.5423,-6.0029
267.757,-4.0047,8.5423,-6.0029
267.766,-4.0047,8.5449,-6.0029
267.776,-4.0047,8.5449,-6.0029
267.783,-4.0047,8.5475,-6.0029
267.791,-4.0047,8.5475,-6.0029
267.799,-4.0047,8.5501,-6.0029
267.809,-4.0047,8.5501,-6.0029
267.818,-4.0047,8.5501,-6.0029
267.826,-4.0047,8.5527,-6.0029
267.838,-4.0047,8.5527,-6.0029
267.848,-4.0047,8.5553,-6.0029
267.859,-4.0047,8.5578,-6.0029
267.869,-4.0047,8.5578,-6.0029
267.878,-4.0047,8.5578,-6.0029
267.887,-4.0047,8.5604,-6.0029
267.896,-4.0047,8.5604,-6.0029
267.906,-4.0047,8.5630,-6.0029
267.916,-4.0047,8.5630,-6.0029
267.924,-4.0047,8.5656,-6.0029
267.934,-4.0047,8.5656,-6.0029
267.943,-4.0047,8.5682,-6.0029
267.953,-4.0047,8.5682,-6.0029
267.960,-4.0047,8.5708,-6.0029
267.971,-4.0047,8.5708,-6.0029
267.978,-4.0047,8.5708,-6.0029
267.987,-4.0047,8.5734,-6.0029
267.996,-4.0047,8.5734,-6.0029
268.006,-4.0047,8.5760,-6.0029
268.015,-4.0047,8.5760,-6.0029
268.024,-4.0047,8.5785,-6.0029
268.034,-4.0047,8.5785,-6.0029
268.042,-4.0047,8.5811,-6.0029
268.052,-4.0047,8.5811,-6.0029
268.060,-4.0047,8.5837,-6.0029
268.071,-4.0047,8.5837,-6.0029
268.079,-4.0047,8.5863,-6.0029
268.089,-4.0047,8.5863,-6.0029
268.097,-4.0047,8.5863,-6.0029
268.105,-4.0047,8.5889,-6.0029
268.114,-4.0047,8.5889,-6.0029
268.122,-4.0047,8.5915,-6.0029
268.131,-4.0047,8.5915,-6.0029
268.139,-4.0047,8.5941,-6.0029
268.149,-4.0047,8.5941,-6.0029
268.157,-4.0047,8.5941,-6.0029
268.164,-4.0047,8.5967,-6.0029
268.173,-4.0047,8.5967,-6.0029
268.181,-4.0047,8.5992,-6.0029
268.190,-4.0047,8.5992,-6.0029
268.198,-4.0047,8.5992,-6.0029
268.206,-4.0047,8.6018,-6.0029
268.215,-4.0047,8.6018,-6.0029
268.223,-4.0047,8.6044,-6.0029
268.232,-4.0047,8.6044,-6.0029
268.242,-4.0047,8.6070,-6.0029
268.249,-4.0047,8.6070,-6.0029
268.258,-4.0047,8.6070,-6.0029
268.264,-4.0047,8.6096,-6.0029
268.275,-4.0047,8.6096,-6.0029
268.280,-4.0047,8.6122,-6.0029
268.290,-4.0047,8.6122,-6.0029
268.298,-4.0047,8.6122,-6.0029
268.307,-4.0047,8.6148,-6.0029
268.315,-4.0047,8.6148,-6.0029
268.323,-4.0047,8.6174,-6.0029
268.331,-4.0047,8.6174,-6.0029
268.340,-4.0047,8.6199,-6.0029
268.347,-4.0047,8.6199,-6.0029
268.356,-4.0047,8.6199,-6.0029
268.363,-4.0047,8.6225,-6.0029
268.373,-4.0047,8.6225,-6.0029
268.385,-4.0047,8.6251,-6.0029
268.396,-4.0047,8.6251,-6.0029
268.407,-4.0047,8.6277,-6.0029
268.421,-4.0047,8.6303,-6.0029
268.435,-4.0047,8.6303,-6.0029
268.452,-4.0047,8.6329,-6.0029
268.468,-4.0047,8.6355,-6.0029
268.484,-4.0047,8.6381,-6.0029
268.498,-4.0047,8.6381,-6.0029
268.508,-4.0047,8.6407,-6.0029
268.519,-4.0047,8.6432,-6.0029
268.527,-4.0047,8.6432,-6.0029
268.536,-4.0047,8.6432,-6.0029
268.545,-4.0047,8.6458,-6.0029
268.555,-4.0047,8.6458,-6.0029
268.566,-4.0047,8.6484,-6.0029
268.579,-4.0047,8.6510,-6.0029
268.598,-4.0047,8.6510,-6.0029
268.610,-4.0047,8.6536,-6.0029
268.621,-4.0047,8.6562,-6.0029
268.630,-4.0047,8.6562,-6.0029
268.639,-4.0047,8.6588,-6.0029
268.647,-4.0047,8.6588,-6.0029
268.656,-4.0047,8.6588,-6.0029
268.664,-4.0047,8.6614,-6.0029
268.673,-4.0047,8.6614,-6.0029
268.681,-4.0047,8.6640,-6.0029
268.692,-4.0047,8.6640,-6.0029
268.700,-4.0047,8.6666,-6.0029
268.710,-4.0047,8.6666,-6.0029
268.717,-4.0047,8.6666,-6.0029
268.725,-4.0047,8.6692,-6.0029
268.734,-4.0047,8.6692,-6.0029
268.742,-4.0047,8.6718,-6.0029
268.751,-4.0047,8.6718,-6.0029
268.758,-4.0047,8.6744,-6.0029
268.767,-4.0047,8.6744,-6.0029
268.775,-4.0047,8.6744,-6.0029
268.783,-4.0047,8.6769,-6.0029
268.793,-4.0047,8.6769,-6.0029
268.803,-4.0047,8.6795,-6.0029
268.813,-4.0047,8.6795,-6.0029
268.822,-4.0047,8.6821,-6.0029
268.832,-4.0047,8.6821,-6.0029
268.841,-4.0047,8.6847,-6.0029
268.859,-4.0047,8.6873,-6.0029
268.870,-4.0047,8.6873,-6.0029
268.877,-4.0047,8.6873,-6.0029
268.886,-4.0047,8.6899,-6.0029
268.896,-4.0047,8.6899,-6.0029
268.905,-4.0047,8.6925,-6.0029
268.915,-4.0047,8.6925,-6.0029
268.923,-4.0047,8.6951,-6.0029
268.932,-4.0047,8.6951,-6.0029
268.940,-4.0047,8.6977,-6.0029
268.949,-4.0047,8.6977,-6.0029
268.957,-4.0047,8.6977,-6.0029
268.966,-4.0047,8.7003,-6.0029
268.976,-4.0047,8.7003,-6.0029
268.983,-4.0047,8.7029,-6.0029
268.993,-4.0047,8.7029,-6.0029
269.001,-4.0047,8.7055,-6.0029
269.011,-4.0047,8.7055,-6.0029
269.019,-4.0047,8.7081,-6.0029
269.029,-4.0047,8.7081,-6.0029
269.037,-4.0047,8.7081,-6.0029
269.046,-4.0047,8.7107,-6.0029
269.055,-4.0047,8.7107,-6.0029
269.062,-4.0047,8.7133,-6.0029
269.071,-4.0047,8.7133,-6.0029
269.078,-4.0047,8.7133,-6.0029
269.085,-4.0047,8.7159,-6.0029
269.094,-4.0047,8.7159,-6.0029
269.102,-4.0047,8.7184,-6.0029
269.110,-4.0047,8.7184,-6.0029
269.118,-4.0047,8.7184,-6.0029
269.125,-4.0047,8.7210,-6.0029
269.133,-4.0047,8.7210,-6.0029
269.141,-4.0047,8.7236,-6.0029
269.150,-4.0047,8.7236,-6.0029
269.158,-4.0047,8.7236,-6.0029
269.165,-4.0047,8.7262,-6.0029
269.175,-4.0047,8.7262,-6.0029
269.183,-4.0047,8.7288,-6.0029
269.192,-4.0047,8.7288,-6.0029
269.200,-4.0047,8.7314,-6.0029
269.210,-4.0047,8.7314,-6.0029
269.217,-4.0047,8.7314,-6.0029
269.225,-4.0047,8.7340,-6.0029
269.236,-4.0047,8.7340,-6.0029
269.243,-4.0047,8.7366,-6.0029
269.252,-4.0047,8.7366,-6.0029
269.260,-4.0047,8.7392,-6.0029
269.269,-4.0047,8.7392,-6.0029
269.276,-4.0047,8.7392,-6.0029
269.284,-4.0047,8.7418,-6.0029
269.293,-4.0047,8.7418,-6.0029
269.302,-4.0047,8.7444,-6.0029
269.311,-4.0047,8.7444,-6.0029
269.318,-4.0047,8.7444,-6.0029
269.326,-4.0047,8.7470,-6.0029
269.337,-4.0047,8.7470,-6.0029
269.344,-4.0047,8.7496,-6.0029
269.351,-4.0047,8.7496,-6.0029
269.358,-4.0047,8.7522,-6.0029
269.367,-4.0047,8.7522,-6.0029
269.376,-4.0047,8.7522,-6.0029
269.383,-4.0047,8.7548,-6.0029
269.392,-4.0047,8.7548,-6.0029
269.399,-4.0047,8.7574,-6.0029
269.408,-4.0047,8.7574,-6.0029
269.416,-4.0047,8.7574,-6.0029
269.424,-4.0047,8.7600,-6.0029
269.435,-4.0047,8.7600,-6.0029
269.442,-4.0047,8.7627,-6.0029
269.452,-4.0047,8.7627,-6.0029
269.461,-4.0047,8.7653,-6.0029
269.471,-4.0047,8.7653,-6.0029
269.479,-4.0047,8.7679,-6.0029
269.488,-4.0047,8.7679,-6.0029
269.496,-4.0047,8.7679,-6.0029
269.504,-4.0047,8.7705,-6.0029
269.513,-4.0047,8.7705,-6.0029
269.520,-4.0047,8.7731,-6.0029
269.529,-4.0047,8.7731,-6.0029
269.537,-4.0047,8.7731,-6.0029
269.545,-4.0047,8.7757,-6.0029
269.553,-4.0047,8.7757,-6.0029
269.561,-4.0047,8.7783,-6.0029
269.570,-4.0047,8.7783,-6.0029
269.577,-4.0047,8.7783,-6.0029
269.584,-4.0047,8.7809,-6.0029
269.593,-4.0047,8.7809,-6.0029
269.600,-4.0047,8.7835,-6.0029
269.610,-4.0047,8.7835,-6.0029
269.617,-4.0047,8.7835,-6.0029
269.625,-4.0047,8.7861,-6.0029
269.632,-4.0047,8.7861,-6.0029
269.639,-4.0047,8.7887,-6.0029
269.647,-4.0047,8.7887,-6.0029
269.655,-4.0047,8.7887,-6.0029
269.661,-4.0047,8.7913,-6.0029
269.671,-4.0047,8.7913,-6.0029
269.678,-4.0047,8.7913,-6.0029
269.687,-4.0047,8.7939,-6.0029
269.695,-4.0047,8.7939,-6.0029
269.703,-4.0047,8.7965,-6.0029
269.711,-4.0047,8.7965,-6.0029
269.721,-4.0047,8.7991,-6.0029
269.730,-4.0047,8.7991,-6.0029
269.738,-4.0047,8.8017,-6.0029
269.746,-4.0047,8.8017,-6.0029
269.754,-4.0047,8.8017,-6.0029
269.762,-4.0047,8.8043,-6.0029
269.772,-4.0047,8.8043,-6.0029
269.780,-4.0047,8.8069,-6.0029
269.789,-4.0047,8.8069,-6.0029
269.798,-4.0047,8.8069,-6.0029
269.808,-4.0047,8.8095,-6.0029
269.816,-4.0047,8.8095,-6.0029
269.825,-4.0047,8.8121,-6.0029
269.835,-4.0047,8.8121,-6.0029
269.845,-4.0047,8.8147,-6.0029
269.856,-4.0047,8.8147,-6.0029
269.864,-4.0047,8.8173,-6.0029
269.874,-4.0047,8.8173,-6.0029
269.881,-4.0047,8.8199,-6.0029
269.892,-4.0047,8.8199,-6.0029
269.901,-4.0047,8.8225,-6.0029
269.911,-4.0047,8.8225,-6.0029
269.920,-4.0047,8.8251,-6.0029
269.929,-4.0047,8.8251,-6.0029
269.938,-4.0047,8.8251,-6.0029
269.945,-4.0047,8.8277,-6.0029
269.956,-4.0047,8.8277,-6.0029
269.963,-4.0047,8.8303,-6.0029
269.973,-4.0047,8.8303,-6.0029
269.980,-4.0047,8.8329,-6.0029
269.988,-4.0047,8.8329,-6.0029
269.996,-4.0047,8.8329,-6.0029
270.004,-4.0047,8.8356,-6.0029
270.012,-4.0047,8.8356,-6.0029
270.020,-4.0047,8.8382,-6.0029
270.029,-4.0047,8.8382,-6.0029
270.038,-4.0047,8.8382,-6.0029
270.046,-4.0047,8.8408,-6.0029
270.055,-4.0047,8.8408,-6.0029
270.062,-4.0047,8.8434,-6.0029
270.073,-4.0047,8.8434,-6.0029
270.081,-4.0047,8.8460,-6.0029
270.091,-4.0047,8.8460,-6.0029
270.097,-4.0047,8.8460,-6.0029
270.106,-4.0047,8.8486,-6.0029
270.115,-4.0047,8.8486,-6.0029
270.123,-4.0047,8.8512,-6.0029
270.132,-4.0047,8.8512,-6.0029
270.142,-4.0047,8.8538,-6.0029
270.150,-4.0047,8.8538,-6.0029
270.158,-4.0047,8.8538,-6.0029
270.166,-4.0047,8.8564,-6.0029
270.176,-4.0047,8.8564,-6.0029
270.184,-4.0047,8.8590,-6.0029
270.193,-4.0047,8.8590,-6.0029
270.203,-4.0047,8.8616,-6.0029
270.213,-4.0047,8.8616,-6.0029
270.221,-4.0047,8.8642,-6.0029
270.232,-4.0047,8.8642,-6.0029
270.241,-4.0047,8.8668,-6.0029
270.251,-4.0047,8.8668,-6.0029
270.259,-4.0047,8.8694,-6.0029
270.269,-4.0047,8.8694,-6.0029
270.278,-4.0047,8.8694,-6.0029
270.285,-4.0047,8.8720,-6.0029
270.294,-4.0047,8.8720,-6.0029
270.302,-4.0047,8.8746,-6.0029
270.311,-4.0047,8.8746,-6.0029
270.318,-4.0047,8.8746,-6.0029
270.327,-4.0047,8.8772,-6.0029
270.335,-4.0047,8.8772,-6.0029
270.343,-4.0047,8.8799,-6.0029
270.351,-4.0047,8.8799,-6.0029
270.359,-4.0047,8.8825,-6.0029
270.367,-4.0047,8.8825,-6.0029
270.376,-4.0047,8.8825,-6.0029
270.383,-4.0047,8.8851,-6.0029
270.393,-4.0047,8.8851,-6.0029
270.401,-4.0047,8.8877,-6.0029
270.411,-4.0047,8.8877,-6.0029
270.418,-4.0047,8.8903,-6.0029
270.427,-4.0047,8.8903,-6.0029
270.436,-4.0047,8.8903,-6.0029
270.443,-4.0047,8.8929,-6.0029
270.452,-4.0047,8.8929,-6.0029
270.459,-4.0047,8.8955,-6.0029
270.469,-4.0047,8.8955,-6.0029
270.477,-4.0047,8.8955,-6.0029
270.485,-4.0047,8.8981,-6.0029
270.493,-4.0047,8.8981,-6.0029
270.503,-4.0047,8.9007,-6.0029
270.512,-4.0047,8.9007,-6.0029
270.520,-4.0047,8.9033,-6.0029
270.530,-4.0047,8.9033,-6.0029
270.539,-4.0047,8.9059,-6.0029
270.547,-4.0047,8.9059,-6.0029
270.554,-4.0047,8.9059,-6.0029
270.562,-4.0047,8.9086,-6.0029
270.572,-4.0047,8.9086,-6.0029
270.579,-4.0047,8.9112,-6.0029
270.588,-4.0047,8.9112,-6.0029
270.597,-4.0047,8.9112,-6.0029
270.605,-4.0047,8.9138,-6.0029
270.614,-4.0047,8.9138,-6.0029
270.623,-4.0047,8.9164,-6.0029
270.631,-4.0047,8.9164,-6.0029
270.640,-4.0047,8.9190,-6.0029
270.649,-4.0047,8.9190,-6.0029
270.657,-4.0047,8.9190,-6.0029
270.663,-4.0047,8.9216,-6.0029
270.675,-4.0047,8.9216,-6.0029
270.682,-4.0047,8.9242,-6.0029
270.691,-4.0047,8.9242,-6.0029
270.699,-4.0047,8.9268,-6.0029
270.709,-4.0047,8.9268,-6.0029
270.717,-4.0047,8.9268,-6.0029
270.725,-4.0047,8.9294,-6.0029
270.734,-4.0047,8.9294,-6.0029
270.741,-4.0047,8.9320,-6.0029
270.750,-4.0047,8.9320,-6.0029
270.757,-4.0047,8.9320,-6.0029
270.765,-4.0047,8.9347,-6.0029
270.774,-4.0047,8.9347,-6.0029
270.781,-4.0047,8.9373,-6.0029
270.791,-4.0047,8.9373,-6.0029
270.799,-4.0047,8.9399,-6.0029
270.809,-4.0047,8.9399,-6.0029
270.816,-4.0047,8.9399,-6.0029
270.823,-4.0047,8.9425,-6.0029
270.833,-4.0047,8.9425,-6.0029
270.840,-4.0047,8.9451,-6.0029
270.848,-4.0047,8.9451,-6.0029
270.856,-4.0047,8.9451,-6.0029
270.865,-4.0047,8.9477,-6.0029
270.873,-4.0047,8.9477,-6.0029
270.880,-4.0047,8.9503,-6.0029
270.888,-4.0047,8.9503,-6.0029
270.896,-4.0047,8.9503,-6.0029
270.903,-4.0047,8.9529,-6.0029
270.913,-4.0047,8.9529,-6.0029
270.920,-4.0047,8.9556,-6.0029
270.930,-4.0047,8.9556,-6.0029
270.938,-4.0047,8.9556,-6.0029
270.947,-4.0047,8.9582,-6.0029
270.956,-4.0047,8.9582,-6.0029
270.964,-4.0047,8.9608,-6.0029
270.974,-4.0047,8.9608,-6.0029
270.982,-4.0047,8.9634,-6.0029
270.992,-4.0047,8.9634,-6.0029
271.001,-4.0047,8.9660,-6.0029
271.012,-4.0047,8.9660,-6.0029
271.021,-4.0047,8.9686,-6.0029
271.031,-4.0047,8.9686,-6.0029
271.040,-4.0047,8.9712,-6.0029
271.048,-4.0047,8.9712,-6.0029
271.057,-4.0047,8.9712,-6.0029
271.066,-4.0047,8.9739,-6.0029
271.076,-4.0047,8.9739,-6.0029
271.083,-4.0047,8.9765,-6.0029
271.092,-4.0047,8.9765,-6.0029
271.101,-4.0047,8.9791,-6.0029
271.109,-4.0047,8.9791,-6.0029
271.118,-4.0047,8.9791,-6.0029
271.126,-4.0047,8.9817,-6.0029
271.136,-4.0047,8.9817,-6.0029
271.144,-4.0047,8.9843,-6.0029
271.153,-4.0047,8.9843,-6.0029
271.162,-4.0047,8.9869,-6.0029
271.173,-4.0047,8.9869,-6.0029
271.181,-4.0047,8.9895,-6.0029
271.191,-4.0047,8.9895,-6.0029
271.201,-4.0047,8.9922,-6.0029
271.210,-4.0047,8.9922,-6.0029
271.219,-4.0047,8.9948,-6.0029
271.229,-4.0047,8.9948,-6.0029
271.237,-4.0047,8.9948,-6.0029
271.253,-4.0047,8.9974,-6.0029
271.263,-4.0047,9.0000,-6.0029
271.272,-4.0047,9.0000,-6.0029
271.280,-4.0047,9.0026,-6.0029
271.290,-4.0047,9.0026,-6.0029
271.299,-4.0047,9.0052,-6.0029
271.308,-4.0047,9.0052,-6.0029
271.318,-4.0047,9.0052,-6.0029
271.325,-4.0047,9.0078,-6.0029
271.334,-4.0047,9.0078,-6.0029
271.343,-4.0047,9.0105,-6.0029
271.351,-4.0047,9.0105,-6.0029
271.359,-4.0047,9.0131,-6.0029
271.369,-4.0047,9.0131,-6.0029
271.377,-4.0047,9.0131,-6.0029
271.385,-4.0047,9.0157,-6.0029
271.395,-4.0047,9.0157,-6.0029
271.404,-4.0047,9.0183,-6.0029
271.415,-4.0047,9.0183,-6.0029
271.422,-4.0047,9.0209,-6.0029
271.432,-4.0047,9.0209,-6.0029
271.441,-4.0047,9.0235,-6.0029
271.449,-4.0047,9.0235,-6.0029
271.458,-4.0047,9.0235,-6.0029
271.466,-4.0047,9.0261,-6.0029
271.477,-4.0047,9.0261,-6.0029
271.485,-4.0047,9.0287,-6.0029
271.497,-4.0047,9.0287,-6.0029
271.507,-4.0047,9.0314,-6.0029
271.515,-4.0047,9.0314,-6.0029
271.523,-4.0047,9.0340,-6.0029
271.532,-4.0047,9.0340,-6.0029
271.542,-4.0047,9.0366,-6.0029
271.549,-4.0047,9.0366,-6.0029
271.557,-4.0047,9.0366,-6.0029
271.565,-4.0047,9.0392,-6.0029
271.575,-4.0047,9.0392,-6.0029
271.583,-4.0047,9.0418,-6.0029
271.591,-4.0047,9.0418,-6.0029
271.599,-4.0047,9.0444,-6.0029
271.607,-4.0047,9.0444,-6.0029
271.615,-4.0047,9.0444,-6.0029
271.623,-4.0047,9.0470,-6.0029
271.632,-4.0047,9.0470,-6.0029
271.641,-4.0047,9.0496,-6.0029
271.649,-4.0047,9.0496,-6.0029
271.657,-4.0047,9.0496,-6.0029
271.665,-4.0047,9.0522,-6.0029
271.673,-4.0047,9.0522,-6.0029
271.681,-4.0047,9.0549,-6.0029
271.689,-4.0047,9.0549,-6.0029
271.698,-4.0047,9.0549,-6.0029
271.705,-4.0047,9.0575,-6.0029
271.715,-4.0047,9.0575,-6.0029
271.723,-4.0047,9.0601,-6.0029
271.732,-4.0047,9.0601,-6.0029
271.741,-4.0047,9.0627,-6.0029
271.749,-4.0047,9.0627,-6.0029
271.756,-4.0047,9.0627,-6.0029
271.764,-4.0047,9.0653,-6.0029
271.774,-4.0047,9.0653,-6.0029
271.781,-4.0047,9.0679,-6.0029
271.790,-4.0047,9.0679,-6.0029
271.797,-4.0047,9.0679,-6.0029
271.805,-4.0047,9.0705,-6.0029
271.813,-4.0047,9.0705,-6.0029
271.820,-4.0047,9.0731,-6.0029
271.829,-4.0047,9.0731,-6.0029
271.838,-4.0047,9.0731,-6.0029
271.845,-4.0047,9.0757,-6.0029
271.855,-4.0047,9.0757,-6.0029
271.863,-4.0047,9.0783,-6.0029
271.872,-4.0047,9.0783,-6.0029
271.879,-4.0047,9.0810,-6.0029
271.888,-4.0047,9.0810,-6.0029
271.896,-4.0047,9.0810,-6.0029
271.904,-4.0047,9.0836,-6.0029
271.912,-4.0047,9.0836,-6.0029
271.920,-4.0047,9.0862,-6.0029
271.928,-4.0047,9.0862,-6.0029
271.937,-4.0047,9.0862,-6.0029
271.945,-4.0047,9.0888,-6.0029
271.954,-4.0047,9.0888,-6.0029
271.963,-4.0047,9.0914,-6.0029
271.972,-4.0047,9.0914,-6.0029
271.979,-4.0047,9.0940,-6.0029
271.989,-4.0047,9.0940,-6.0029
271.997,-4.0047,9.0940,-6.0029
272.006,-4.0047,9.0966,-6.0029
272.015,-4.0047,9.0966,-6.0029
272.023,-4.0047,9.0992,-6.0029
272.031,-4.0047,9.0992,-6.0029
272.040,-4.0047,9.1018,-6.0029
272.047,-4.0047,9.1018,-6.0029
272.055,-4.0047,9.1018,-6.0029
272.062,-4.0047,9.1044,-6.0029
272.071,-4.0047,9.1044,-6.0029
272.079,-4.0047,9.1070,-6.0029
272.087,-4.0047,9.1070,-6.0029
272.095,-4.0047,9.1070,-6.0029
272.104,-4.0047,9.1096,-6.0029
272.113,-4.0047,9.1096,-6.0029
272.121,-4.0047,9.1122,-6.0029
272.131,-4.0047,9.1122,-6.0029
272.139,-4.0047,9.1148,-6.0029
272.148,-4.0047,9.1148,-6.0029
272.155,-4.0047,9.1148,-6.0029
272.164,-4.0047,9.1174,-6.0029
272.174,-4.0047,9.1174,-6.0029
272.181,-4.0047,9.1200,-6.0029
272.190,-4.0047,9.1200,-6.0029
272.199,-4.0047,9.1226,-6.0029
272.209,-4.0047,9.1226,-6.0029
272.217,-4.0047,9.1226,-6.0029
272.225,-4.0047,9.1253,-6.0029
272.234,-4.0047,9.1253,-6.0029
272.243,-4.0047,9.1279,-6.0029
272.252,-4.0047,9.1279,-6.0029
272.261,-4.0047,9.1305,-6.0029
272.270,-4.0047,9.1305,-6.0029
272.279,-4.0047,9.1331,-6.0029
272.289,-4.0047,9.1331,-6.0029
272.297,-4.0047,9.1331,-6.0029
272.306,-4.0047,9.1357,-6.0029
272.316,-4.0047,9.1357,-6.0029
272.325,-4.0047,9.1383,-6.0029
272.334,-4.0047,9.1383,-6.0029
272.342,-4.0047,9.1409,-6.0029
272.351,-4.0047,9.1409,-6.0029
272.359,-4.0047,9.1435,-6.0029
272.368,-4.0047,9.1435,-6.0029
272.376,-4.0047,9.1435,-6.0029
272.385,-4.0047,9.1461,-6.0029
272.394,-4.0047,9.1461,-6.0029
272.403,-4.0047,9.1487,-6.0029
272.412,-4.0047,9.1487,-6.0029
272.421,-4.0047,9.1513,-6.0029
272.431,-4.0047,9.1513,-6.0029
272.439,-4.0047,9.1539,-6.0029
272.448,-4.0047,9.1539,-6.0029
272.456,-4.0047,9.1539,-6.0029
272.464,-4.0047,9.1565,-6.0029
272.473,-4.0047,9.1565,-6.0029
272.480,-4.0047,9.1591,-6.0029
272.490,-4.0047,9.1591,-6.0029
272.497,-4.0047,9.1591,-6.0029
272.505,-4.0047,9.1617,-6.0029
272.514,-4.0047,9.1617,-6.0029
272.521,-4.0047,9.1643,-6.0029
272.530,-4.0047,9.1643,-6.0029
272.538,-4.0047,9.1643,-6.0029
272.545,-4.0047,9.1669,-6.0029
272.554,-4.0047,9.1669,-6.0029
272.561,-4.0047,9.1695,-6.0029
272.572,-4.0047,9.1695,-6.0029
272.579,-4.0047,9.1721,-6.0029
272.590,-4.0047,9.1721,-6.0029
272.598,-4.0047,9.1747,-6.0029
272.609,-4.0047,9.1747,-6.0029
272.617,-4.0047,9.1747,-6.0029
272.626,-4.0047,9.1773,-6.0029
272.634,-4.0047,9.1773,-6.0029
272.643,-4.0047,9.1799,-6.0029
272.652,-4.0047,9.1799,-6.0029
272.661,-4.0047,9.1825,-6.0029
272.670,-4.0047,9.1825,-6.0029
272.679,-4.0047,9.1851,-6.0029
272.688,-4.0047,9.1851,-6.0029
272.696,-4.0047,9.1851,-6.0029
272.706,-4.0047,9.1877,-6.0029
272.715,-4.0047,9.1877,-6.0029
272.723,-4.0047,9.1903,-6.0029
272.731,-4.0047,9.1903,-6.0029
272.741,-4.0047,9.1929,-6.0029
272.750,-4.0047,9.1929,-6.0029
272.759,-4.0047,9.1955,-6.0029
272.769,-4.0047,9.1955,-6.0029
272.777,-4.0047,9.1955,-6.0029
272.785,-4.0047,9.1981,-6.0029
272.794,-4.0047,9.1981,-6.0029
272.803,-4.0047,9.2007,-6.0029
272.811,-4.0047,9.2007,-6.0029
272.820,-4.0047,9.2033,-6.0029
272.829,-4.0047,9.2033,-6.0029
272.837,-4.0047,9.2033,-6.0029
272.845,-4.0047,9.2059,-6.0029
272.854,-4.0047,9.2059,-6.0029
272.863,-4.0047,9.2085,-6.0029
272.873,-4.0047,9.2085,-6.0029
272.881,-4.0047,9.2111,-6.0029
272.890,-4.0047,9.2111,-6.0029
272.897,-4.0047,9.2111,-6.0029
272.906,-4.0047,9.2137,-6.0029
272.914,-4.0047,9.2137,-6.0029
272.922,-4.0047,9.2163,-6.0029
272.931,-4.0047,9.2163,-6.0029
272.939,-4.0047,9.2189,-6.0029
272.947,-4.0047,9.2189,-6.0029
272.955,-4.0047,9.2189,-6.0029
272.962,-4.0047,9.2215,-6.0029
272.972,-4.0047,9.2215,-6.0029
272.980,-4.0047,9.2241,-6.0029
272.989,-4.0047,9.2241,-6.0029
272.996,-4.0047,9.2241,-6.0029
273.006,-4.0047,9.2267,-6.0029
273.014,-4.0047,9.2267,-6.0029
273.022,-4.0047,9.2293,-6.0029
273.029,-4.0047,9.2293,-6.0029
273.038,-4.0047,9.2293,-6.0029
273.044,-4.0047,9.2319,-6.0029
273.053,-4.0047,9.2319,-6.0029
273.061,-4.0047,9.2344,-6.0029
273.071,-4.0047,9.2344,-6.0029
273.077,-4.0047,9.2344,-6.0029
273.084,-4.0047,9.2370,-6.0029
273.092,-4.0047,9.2370,-6.0029
273.100,-4.0047,9.2396,-6.0029
273.109,-4.0047,9.2396,-6.0029
273.117,-4.0047,9.2396,-6.0029
273.124,-4.0047,9.2422,-6.0029
273.134,-4.0047,9.2422,-6.0029
273.142,-4.0047,9.2448,-6.0029
273.149,-4.0047,9.2448,-6.0029
273.158,-4.0047,9.2448,-6.0029
273.166,-4.0047,9.2474,-6.0029
273.176,-4.0047,9.2474,-6.0029
273.183,-4.0047,9.2500,-6.0029
273.191,-4.0047,9.2500,-6.0029
273.198,-4.0047,9.2500,-6.0029
273.207,-4.0047,9.2526,-6.0029
273.216,-4.0047,9.2526,-6.0029
273.224,-4.0047,9.2552,-6.0029
273.232,-4.0047,9.2552,-6.0029
273.241,-4.0047,9.2578,-6.0029
273.249,-4.0047,9.2578,-6.0029
273.257,-4.0047,9.2578,-6.0029
273.264,-4.0047,9.2604,-6.0029
273.274,-4.0047,9.2604,-6.0029
273.282,-4.0047,9.2630,-6.0029
273.290,-4.0047,9.2630,-6.0029
273.297,-4.0047,9.2630,-6.0029
273.305,-4.0047,9.2656,-6.0029
273.314,-4.0047,9.2656,-6.0029
273.322,-4.0047,9.2682,-6.0029
273.330,-4.0047,9.2682,-6.0029
273.340,-4.0047,9.2708,-6.0029
273.348,-4.0047,9.2708,-6.0029
273.355,-4.0047,9.2708,-6.0029
273.363,-4.0047,9.2734,-6.0029
273.372,-4.0047,9.2734,-6.0029
273.380,-4.0047,9.2760,-6.0029
273.389,-4.0047,9.2760,-6.0029
273.397,-4.0047,9.2760,-6.0029
273.406,-4.0047,9.2786,-6.0029
273.414,-4.0047,9.2786,-6.0029
273.422,-4.0047,9.2812,-6.0029
273.431,-4.0047,9.2812,-6.0029
273.439,-4.0047,9.2838,-6.0029
273.447,-4.0047,9.2838,-6.0029
273.455,-4.0047,9.2838,-6.0029
273.462,-4.0047,9.2864,-6.0029
273.473,-4.0047,9.2864,-6.0029
273.479,-4.0047,9.2890,-6.0029
273.489,-4.0047,9.2890,-6.0029
273.496,-4.0047,9.2890,-6.0029
273.505,-4.0047,9.2916,-6.0029
273.514,-4.0047,9.2916,-6.0029
273.523,-4.0047,9.2942,-6.0029
273.531,-4.0047,9.2942,-6.0029
273.541,-4.0047,9.2968,-6.0029
273.551,-4.0047,9.2968,-6.0029
273.559,-4.0047,9.2994,-6.0029
273.570,-4.0047,9.2994,-6.0029
273.578,-4.0047,9.2994,-6.0029
273.587,-4.0047,9.3020,-6.0029
273.596,-4.0047,9.3020,-6.0029
273.606,-4.0047,9.3046,-6.0029
273.615,-4.0047,9.3046,-6.0029
273.623,-4.0047,9.3071,-6.0029
273.633,-4.0047,9.3071,-6.0029
273.641,-4.0047,9.3097,-6.0029
273.660,-4.0047,9.3123,-6.0029
273.670,-4.0047,9.3123,-6.0029
273.679,-4.0047,9.3149,-6.0029
273.688,-4.0047,9.3149,-6.0029
273.698,-4.0047,9.3149,-6.0029
273.707,-4.0047,9.3175,-6.0029
273.716,-4.0047,9.3175,-6.0029
273.725,-4.0047,9.3201,-6.0029
273.735,-4.0047,9.3201,-6.0029
273.744,-4.0047,9.3227,-6.0029
273.751,-4.0047,9.3227,-6.0029
273.759,-4.0047,9.3253,-6.0029
273.768,-4.0047,9.3253,-6.0029
273.776,-4.0047,9.3253,-6.0029
273.783,-4.0047,9.3279,-6.0029
273.792,-4.0047,9.3279,-6.0029
273.799,-4.0047,9.3305,-6.0029
273.809,-4.0047,9.3305,-6.0029
273.817,-4.0047,9.3305,-6.0029
273.826,-4.0047,9.3331,-6.0029
273.836,-4.0047,9.3331,-6.0029
273.844,-4.0047,9.3357,-6.0029
273.857,-4.0047,9.3357,-6.0029
273.864,-4.0047,9.3383,-6.0029
273.874,-4.0047,9.3383,-6.0029
273.881,-4.0047,9.3409,-6.0029
273.891,-4.0047,9.3409,-6.0029
273.899,-4.0047,9.3435,-6.0029
273.909,-4.0047,9.3435,-6.0029
273.917,-4.0047,9.3435,-6.0029
273.926,-4.0047,9.3461,-6.0029
273.936,-4.0047,9.3461,-6.0029
273.945,-4.0047,9.3487,-6.0029
273.955,-4.0047,9.3487,-6.0029
273.962,-4.0047,9.3513,-6.0029
273.973,-4.0047,9.3513,-6.0029
273.980,-4.0047,9.3539,-6.0029
273.990,-4.0047,9.3539,-6.0029
273.998,-4.0047,9.3565,-6.0029
274.009,-4.0047,9.3565,-6.0029
274.016,-4.0047,9.3565,-6.0029
274.025,-4.0047,9.3591,-6.0029
274.035,-4.0047,9.3591,-6.0029
274.043,-4.0047,9.3617,-6.0029
274.052,-4.0047,9.3617,-6.0029
274.059,-4.0047,9.3640,-6.0029
274.068,-4.0047,9.3640,-6.0029
274.075,-4.0047,9.3640,-6.0029
274.082,-4.0047,9.3640,-6.0029
274.090,-4.0047,9.3640,-6.0029
274.099,-4.0047,9.3640,-6.0029
274.107,-4.0047,9.3640,-6.0029
274.114,-4.0047,9.3640,-6.0029
274.121,-4.0047,9.3640,-6.0029
274.130,-4.0047,9.3640,-6.0029
274.138,-4.0047,9.3640,-6.0029
274.146,-4.0047,9.3640,-6.0029
274.153,-4.0047,9.3640,-6.0029
274.162,-4.0047,9.3640,-6.0029
274.170,-4.0047,9.3640,-6.0029
274.178,-4.0047,9.3640,-6.0029
274.187,-4.0047,9.3640,-6.0029
274.194,-4.0047,9.3640,-6.0029
274.201,-4.0047,9.3640,-6.0029
274.209,-4.0047,9.3640,-6.0029
274.216,-4.0047,9.3640,-6.0029
274.225,-4.0047,9.3640,-6.0029
274.234,-4.0047,9.3640,-6.0029
274.242,-4.0047,9.3640,-6.0029
274.249,-4.0047,9.3640,-6.0029
274.258,-4.0047,9.3640,-6.0029
274.264,-4.0047,9.3640,-6.0029
274.274,-4.0047,9.3640,-6.0029
274.281,-4.0047,9.3640,-6.0029
274.290,-4.0047,9.3640,-6.0029
274.296,-4.0047,9.3640,-6.0029
274.306,-4.0047,9.3640,-6.0029
274.312,-4.0047,9.3640,-6.0029
274.322,-4.0047,9.3640,-6.0029
274.332,-4.0047,9.3640,-6.0029
274.339,-4.0047,9.3640,-6.0029
274.349,-4.0047,9.3640,-6.0029
274.355,-4.0047,9.3640,-6.0029
274.363,-4.0047,9.3640,-6.0029
274.372,-4.0047,9.3640,-6.0029
274.379,-4.0047,9.3640,-6.0029
274.387,-4.0047,9.3640,-6.0029
274.395,-4.0047,9.3640,-6.0029
274.403,-4.0047,9.3640,-6.0029
274.411,-4.0047,9.3640,-6.0029
274.418,-4.0047,9.3640,-6.0029
274.425,-4.0047,9.3640,-6.0029
274.434,-4.0047,9.3640,-6.0029
274.443,-4.0047,9.3640,-6.0029
274.450,-4.0047,9.3640,-6.0029
274.458,-4.0047,9.3640,-6.0029
274.465,-4.0047,9.3640,-6.0029
274.474,-4.0047,9.3640,-6.0029
274.482,-4.0047,9.3640,-6.0029
274.490,-4.0047,9.3640,-6.0029
274.497,-4.0047,9.3640,-6.0029
274.505,-4.0047,9.3640,-6.0029
274.513,-4.0047,9.3640,-6.0029
274.521,-4.0047,9.3640,-6.0029
274.530,-4.0047,9.3640,-6.0029
274.538,-4.0047,9.3640,-6.0029
274.546,-4.0047,9.3640,-6.0029
274.554,-4.0047,9.3640,-6.0029
274.562,-4.0047,9.3640,-6.0029
274.571,-4.0047,9.3640,-6.0029
274.579,-4.0047,9.3640,-6.0029
274.587,-4.0047,9.3640,-6.0029
274.595,-4.0047,9.3640,-6.0029
274.605,-4.0047,9.3640,-6.0029
274.615,-4.0047,9.3640,-6.0029
274.622,-4.0047,9.3640,-6.0029
274.630,-4.0047,9.3640,-6.0029
274.639,-4.0047,9.3640,-6.0029
274.647,-4.0047,9.3640,-6.0029
274.654,-4.0047,9.3640,-6.0029
274.662,-4.0047,9.3640,-6.0029
274.671,-4.0047,9.3640,-6.0029
274.679,-4.0047,9.3640,-6.0029
274.686,-4.0047,9.3640,-6.0029
274.694,-4.0047,9.3640,-6.0029
274.702,-4.0047,9.3640,-6.0029
274.711,-4.0047,9.3640,-6.0029
274.718,-4.0047,9.3640,-6.0029
274.726,-4.0047,9.3640,-6.0029
274.734,-4.0047,9.3640,-6.0029
274.742,-4.0047,9.3640,-6.0029
274.751,-4.0047,9.3640,-6.0029
274.759,-4.0047,9.3640,-6.0029
274.768,-4.0047,9.3640,-6.0029
274.777,-4.0047,9.3640,-6.0029
274.784,-4.0047,9.3640,-6.0029
274.793,-4.0047,9.3640,-6.0029
274.800,-4.0047,9.3640,-6.0029
274.809,-4.0047,9.3640,-6.0029
274.818,-4.0047,9.3640,-6.0029
274.826,-4.0047,9.3640,-6.0029
274.834,-4.0047,9.3640,-6.0029
274.843,-4.0047,9.3640,-6.0029
274.853,-4.0047,9.3640,-6.0029
274.861,-4.0047,9.3640,-6.0029
274.872,-4.0047,9.3640,-6.0029
274.880,-4.0047,9.3640,-6.0029
274.889,-4.0047,9.3640,-6.0029
274.896,-4.0047,9.3640,-6.0029
274.905,-4.0047,9.3640,-6.0029
274.915,-4.0047,9.3640,-6.0029
274.922,-4.0047,9.3640,-6.0029
274.931,-4.0047,9.3640,-6.0029
274.940,-4.0047,9.3640,-6.0029
274.950,-4.0047,9.3640,-6.0029
274.959,-4.0047,9.3640,-6.0029
274.968,-4.0047,9.3640,-6.0029
274.977,-4.0047,9.3640,-6.0029
274.985,-4.0047,9.3640,-6.0029
274.993,-4.0047,9.3640,-6.0029
275.001,-4.0047,9.3640,-6.0029
275.010,-4.0047,9.3640,-6.0029
275.017,-4.0047,9.3640,-6.0029
275.025,-4.0047,9.3640,-6.0029
275.034,-4.0047,9.3640,-6.0029
275.042,-4.0047,9.3640,-6.0029
275.049,-4.0047,9.3640,-6.0029
275.057,-4.0047,9.3640,-6.0029
275.064,-4.0047,9.3640,-6.0029
275.073,-4.0047,9.3640,-6.0029
275.079,-4.0047,9.3640,-6.0029
275.088,-4.0047,9.3640,-6.0029
275.095,-4.0047,9.3640,-6.0029
275.103,-4.0047,9.3640,-6.0029
275.112,-4.0047,9.3640,-6.0029
275.121,-4.0047,9.3640,-6.0029
275.129,-4.0047,9.3640,-6.0029
275.137,-4.0047,9.3640,-6.0029
275.144,-4.0047,9.3640,-6.0029
275.153,-4.0047,9.3640,-6.0029
275.159,-4.0047,9.3640,-6.0029
275.168,-4.0047,9.3640,-6.0029
275.175,-4.0047,9.3640,-6.0029
275.183,-4.0047,9.3640,-6.0029
275.191,-4.0047,9.3640,-6.0029
275.198,-4.0047,9.3640,-6.0029
275.207,-4.0047,9.3640,-6.0029
275.214,-4.0047,9.3640,-6.0029
275.221,-4.0047,9.3640,-6.0029
275.230,-4.0047,9.3640,-6.0029
275.238,-4.0047,9.3640,-6.0029
275.247,-4.0047,9.3640,-6.0029
275.255,-4.0047,9.3640,-6.0029
275.263,-4.0047,9.3640,-6.0029
275.272,-4.0047,9.3640,-6.0029
275.280,-4.0047,9.3640,-6.0029
275.288,-4.0047,9.3640,-6.0029
275.296,-4.0047,9.3640,-6.0029
275.304,-4.0047,9.3640,-6.0029
275.311,-4.0047,9.3640,-6.0029
275.318,-4.0047,9.3640,-6.0029
275.330,-4.0047,9.3640,-6.0029
275.340,-4.0047,9.3640,-6.0029
275.351,-4.0047,9.3640,-6.0029
275.361,-4.0047,9.3640,-6.0029
275.371,-4.0047,9.3640,-6.0029
275.380,-4.0047,9.3640,-6.0029
275.390,-4.0047,9.3640,-6.0029
275.401,-4.0047,9.3640,-6.0029
275.412,-4.0047,9.3640,-6.0029
275.421,-4.0047,9.3640,-6.0029
275.433,-4.0047,9.3640,-6.0029
275.441,-4.0047,9.3640,-6.0029
275.452,-4.0047,9.3640,-6.0029
275.461,-4.0047,9.3640,-6.0029
275.475,-4.0047,9.3640,-6.0029
275.484,-4.0047,9.3640,-6.0029
275.494,-4.0047,9.3640,-6.0029
275.502,-4.0047,9.3640,-6.0029
275.513,-4.0047,9.3640,-6.0029
275.522,-4.0047,9.3640,-6.0029
275.530,-4.0047,9.3640,-6.0029
275.540,-4.0047,9.3640,-6.0029
275.551,-4.0047,9.3640,-6.0029
275.561,-4.0047,9.3640,-6.0029
275.576,-4.0047,9.3640,-6.0029
275.584,-4.0047,9.3640,-6.0029
275.591,-4.0047,9.3640,-6.0029
275.597,-4.0047,9.3640,-6.0029
275.605,-4.0047,9.3640,-6.0029
275.613,-4.0047,9.3640,-6.0029
275.621,-4.0047,9.3640,-6.0029
275.628,-4.0047,9.3640,-6.0029
275.637,-4.0047,9.3640,-6.0029
275.643,-4.0047,9.3640,-6.0029
275.651,-4.0047,9.3640,-6.0029
275.657,-4.0047,9.3640,-6.0029
275.667,-4.0047,9.3640,-6.0029
275.675,-4.0047,9.3640,-6.0029
275.681,-4.0047,9.3640,-6.0029
275.688,-4.0047,9.3640,-6.0029
275.696,-4.0047,9.3640,-6.0029
275.703,-4.0047,9.3640,-6.0029
275.710,-4.0047,9.3640,-6.0029
275.718,-4.0047,9.3640,-6.0029
275.725,-4.0047,9.3640,-6.0029
275.733,-4.0047,9.3640,-6.0029
275.740,-4.0047,9.3640,-6.0029
275.747,-4.0047,9.3640,-6.0029
275.754,-4.0047,9.3640,-6.0029
275.762,-4.0047,9.3640,-6.0029
275.771,-4.0047,9.3640,-6.0029
275.779,-4.0047,9.3640,-6.0029
275.785,-4.0047,9.3640,-6.0029
275.793,-4.0047,9.3640,-6.0029
275.800,-4.0047,9.3640,-6.0029
275.812,-4.0047,9.3640,-6.0029
275.824,-4.0047,9.3640,-6.0029
275.833,-4.0047,9.3640,-6.0029
275.843,-4.0047,9.3640,-6.0029
275.850,-4.0047,9.3640,-6.0029
275.863,-4.0047,9.3640,-6.0029
275.874,-4.0047,9.3640,-6.0029
275.888,-4.0047,9.3640,-6.0029
275.897,-4.0047,9.3640,-6.0029
275.909,-4.0047,9.3640,-6.0029
275.919,-4.0047,9.3640,-6.0029
275.929,-4.0047,9.3640,-6.0029
275.941,-4.0047,9.3640,-6.0029
275.951,-4.0047,9.3640,-6.0029
275.959,-4.0047,9.3640,-6.0029
275.970,-4.0047,9.3640,-6.0029
275.982,-4.0047,9.3640,-6.0029
275.991,-4.0047,9.3640,-6.0029
276.001,-4.0047,9.3640,-6.0029
276.015,-4.0047,9.3640,-6.0029
276.025,-4.0047,9.3640,-6.0029
276.037,-4.0047,9.3640,-6.0029
276.048,-4.0047,9.3640,-6.0029
276.058,-4.0047,9.3640,-6.0029
276.078,-4.0047,9.3640,-6.0029
276.098,-4.0047,9.3640,-6.0029
276.109,-4.0047,9.3640,-6.0029
276.116,-4.0047,9.3640,-6.0029
276.127,-4.0047,9.3640,-6.0029
276.137,-4.0047,9.3640,-6.0029
276.146,-4.0047,9.3640,-6.0029
276.156,-4.0047,9.3640,-6.0029
276.169,-4.0047,9.3640,-6.0029
276.184,-4.0047,9.3640,-6.0029
276.196,-4.0047,9.3640,-6.0029
276.208,-4.0047,9.3640,-6.0029
276.218,-4.0047,9.3640,-6.0029
276.228,-4.0047,9.3640,-6.0029
276.240,-4.0047,9.3640,-6.0029
276.249,-4.0047,9.3640,-6.0029
276.259,-4.0047,9.3640,-6.0029
276.273,-4.0047,9.3640,-6.0029
276.283,-4.0047,9.3640,-6.0029
276.295,-4.0047,9.3640,-6.0029
276.307,-4.0047,9.3640,-6.0029
276.321,-4.0047,9.3640,-6.0029
276.331,-4.0047,9.3640,-6.0029
276.342,-4.0047,9.3640,-6.0029
276.354,-4.0047,9.3640,-6.0029
276.363,-4.0047,9.3640,-6.0029
276.373,-4.0047,9.3640,-6.0029
276.380,-4.0047,9.3640,-6.0029
276.389,-4.0047,9.3640,-6.0029
276.396,-4.0047,9.3640,-6.0029
276.404,-4.0047,9.3640,-6.0029
276.413,-4.0047,9.3640,-6.0029
276.421,-4.0047,9.3640,-6.0029
276.433,-4.0047,9.3640,-6.0029
276.441,-4.0047,9.3640,-6.0029
276.453,-4.0047,9.3640,-6.0029
276.466,-4.0047,9.3640,-6.0029
276.477,-4.0047,9.3640,-6.0029
276.488,-4.0047,9.3640,-6.0029
276.495,-4.0047,9.3640,-6.0029
276.503,-4.0047,9.3640,-6.0029
276.513,-4.0047,9.3640,-6.0029
276.521,-4.0047,9.3640,-6.0029
276.530,-4.0047,9.3640,-6.0029
276.539,-4.0047,9.3640,-6.0029
276.547,-4.0047,9.3640,-6.0029
276.555,-4.0047,9.3640,-6.0029
276.562,-4.0047,9.3640,-6.0029
276.572,-4.0047,9.3640,-6.0029
276.579,-4.0047,9.3640,-6.0029
276.586,-4.0047,9.3640,-6.0029
276.594,-4.0047,9.3640,-6.0029
276.603,-4.0047,9.3640,-6.0029
276.613,-4.0047,9.3640,-6.0029
276.626,-4.0047,9.3640,-6.0029
276.644,-4.0047,9.3640,-6.0029
276.655,-4.0047,9.3640,-6.0029
276.663,-4.0047,9.3640,-6.0029
276.673,-4.0047,9.3640,-6.0029
276.681,-4.0047,9.3640,-6.0029
276.690,-4.0047,9.3640,-6.0029
276.698,-4.0047,9.3640,-6.0029
276.705,-4.0047,9.3640,-6.0029
276.714,-4.0047,9.3640,-6.0029
276.722,-4.0047,9.3640,-6.0029
276.730,-4.0047,9.3640,-6.0029
276.738,-4.0047,9.3640,-6.0029
276.745,-4.0047,9.3640,-6.0029
276.755,-4.0047,9.3640,-6.0029
276.763,-4.0047,9.3640,-6.0029
276.775,-4.0047,9.3640,-6.0029
276.784,-4.0047,9.3640,-6.0029
276.795,-4.0047,9.3640,-6.0029
276.803,-4.0047,9.3640,-6.0029
276.810,-4.0047,9.3640,-6.0029
276.820,-4.0047,9.3640,-6.0029
276.827,-4.0047,9.3640,-6.0029
276.836,-4.0047,9.3640,-6.0029
276.843,-4.0047,9.3640,-6.0029
276.854,-4.0047,9.3640,-6.0029
276.861,-4.0047,9.3640,-6.0029
276.872,-4.0047,9.3640,-6.0029
276.880,-4.0047,9.3640,-6.0029
276.889,-4.0047,9.3640,-6.0029
276.897,-4.0047,9.3640,-6.0029
276.906,-4.0047,9.3640,-6.0029
276.915,-4.0047,9.3640,-6.0029
276.922,-4.0047,9.3640,-6.0029
276.932,-4.0047,9.3640,-6.0029
276.940,-4.0047,9.3640,-6.0029
276.948,-4.0047,9.3640,-6.0029
276.957,-4.0047,9.3640,-6.0029
276.965,-4.0047,9.3640,-6.0029
276.975,-4.0047,9.3640,-6.0029
276.982,-4.0047,9.3640,-6.0029
276.991,-4.0047,9.3640,-6.0029
277.000,-4.0047,9.3640,-6.0029
277.010,-4.0047,9.3640,-6.0029
277.019,-4.0047,9.3640,-6.0029
277.029,-4.0047,9.3640,-6.0029
277.037,-4.0047,9.3640,-6.0029
277.045,-4.0047,9.3640,-6.0029
277.054,-4.0047,9.3640,-6.0029
277.061,-4.0047,9.3640,-6.0029
277.072,-4.0047,9.3640,-6.0029
277.079,-4.0047,9.3640,-6.0029
277.089,-4.0047,9.3640,-6.0029
277.097,-4.0047,9.3640,-6.0029
277.105,-4.0047,9.3640,-6.0029
277.114,-4.0047,9.3640,-6.0029
277.123,-4.0047,9.3640,-6.0029
277.131,-4.0047,9.3640,-6.0029
277.140,-4.0047,9.3640,-6.0029
277.150,-4.0047,9.3640,-6.0029
277.180,-4.0047,9.3640,-6.0029
277.193,-4.0047,9.3640,-6.0029
277.205,-4.0047,9.3640,-6.0029
277.215,-4.0047,9.3640,-6.0029
277.223,-4.0047,9.3640,-6.0029
277.231,-4.0047,9.3640,-6.0029
277.241,-4.0047,9.3640,-6.0029
277.249,-4.0047,9.3640,-6.0029
277.258,-4.0047,9.3640,-6.0029
277.275,-4.0047,9.3640,-6.0029
