Time,X,Y,Z
0.000,0.0000,9.3638,0.0000
0.021,0.0000,9.3638,0.0000
0.036,0.0000,9.3638,0.0000
0.045,0.0000,9.3638,0.0000
0.054,0.0000,9.3638,0.0000
0.063,0.0000,9.3638,0.0000
0.072,0.0000,9.3638,0.0000
0.082,0.0000,9.3638,0.0000
0.090,0.0000,9.3638,0.0000
0.100,0.0000,9.3638,0.0000
0.109,0.0000,9.3638,0.0000
0.119,0.0000,9.3638,0.0000
0.130,0.0000,9.3638,0.0000
0.142,0.0000,9.3638,0.0000
0.150,0.0000,9.3638,0.0000
0.160,0.0000,9.3638,0.0000
0.168,0.0000,9.3638,0.0000
0.177,0.0000,9.3638,0.0000
0.186,0.0000,9.3638,0.0000
0.196,0.0000,9.3638,0.0000
0.204,0.0000,9.3638,0.0000
0.212,0.0000,9.3638,0.0000
0.221,0.0000,9.3638,0.0000
0.230,0.0000,9.3638,0.0000
0.238,0.0000,9.3638,0.0000
0.247,0.0000,9.3638,0.0000
0.254,0.0000,9.3638,0.0000
0.263,0.0000,9.3638,0.0000
0.270,0.0000,9.3638,0.0000
0.280,0.0000,9.3638,0.0000
0.287,0.0000,9.3638,0.0000
0.297,0.0000,9.3638,0.0000
0.304,0.0000,9.3638,0.0000
0.314,0.0000,9.3638,0.0000
0.322,0.0000,9.3638,0.0000
0.331,0.0000,9.3638,0.0000
0.341,0.0000,9.3638,0.0000
0.350,0.0000,9.3638,0.0000
0.359,0.0000,9.3638,0.0000
0.367,0.0000,9.3638,0.0000
0.377,0.0000,9.3638,0.0000
0.384,0.0000,9.3638,0.0000
0.394,0.0000,9.3638,0.0000
0.403,0.0000,9.3638,0.0000
0.411,0.0000,9.3638,0.0000
0.422,0.0000,9.3638,0.0000
0.430,0.0000,9.3638,0.0000
0.440,0.0000,9.3638,0.0000
0.449,0.0000,9.3638,0.0000
0.458,0.0000,9.3638,0.0000
0.468,0.0000,9.3638,0.0000
0.480,0.0000,9.3638,0.0000
0.487,0.0000,9.3638,0.0000
0.497,0.0000,9.3638,0.0000
0.505,0.0000,9.3638,0.0000
0.515,0.0000,9.3638,0.0000
0.522,0.0000,9.3638,0.0000
0.532,0.0000,9.3638,0.0000
0.542,0.0000,9.3638,0.0000
0.550,0.0000,9.3638,0.0000
0.559,0.0000,9.3638,0.0000
0.568,0.0000,9.3638,0.0000
0.578,0.0000,9.3638,0.0000
0.585,0.0000,9.3638,0.0000
0.596,0.0000,9.3638,0.0000
0.605,0.0000,9.3638,0.0000
0.615,0.0000,9.3638,0.0000
0.629,0.0000,9.3638,0.0000
0.644,0.0000,9.3638,0.0000
0.663,0.0000,9.3638,0.0000
0.678,0.0000,9.3638,0.0000
0.695,0.0000,9.3638,0.0000
0.710,0.0000,9.3638,0.0000
0.725,0.0000,9.3638,0.0000
0.748,0.0000,9.3638,0.0000
0.764,0.0000,9.3638,0.0000
0.783,0.0000,9.3638,0.0000
0.798,0.0000,9.3638,0.0000
0.811,0.0000,9.3638,0.0000
0.822,0.0000,9.3638,0.0000
0.833,0.0000,9.3638,0.0000
0.845,0.0000,9.3638,0.0000
0.857,0.0000,9.3638,0.0000
0.870,0.0000,9.3638,0.0000
0.882,0.0000,9.3638,0.0000
0.900,0.0000,9.3638,0.0000
0.912,0.0000,9.3638,0.0000
0.925,0.0000,9.3638,0.0000
0.937,0.0000,9.3638,0.0000
0.951,0.0000,9.3638,0.0000
0.969,0.0000,9.3638,0.0000
0.985,0.0000,9.3638,0.0000
1.000,0.0000,9.3638,0.0000
1.015,0.0000,9.3638,0.0000
1.031,0.0000,9.3638,0.0000
1.045,0.0000,9.3638,0.0000
1.055,0.0000,9.3638,0.0000
1.065,0.0000,9.3638,0.0000
1.079,0.0000,9.3638,0.0000
1.088,0.0000,9.3638,0.0000
1.104,0.0000,9.3638,0.0000
1.120,0.0000,9.3638,0.0000
1.143,0.0000,9.3638,0.0000
1.158,0.0000,9.3638,0.0000
1.169,0.0000,9.3638,0.0000
1.185,0.0000,9.3638,0.0000
1.194,0.0000,9.3638,0.0000
1.203,0.0000,9.3638,0.0000
1.217,0.0000,9.3638,0.0000
1.227,0.0000,9.3638,0.0000
1.240,0.0000,9.3638,0.0000
1.251,0.0000,9.3638,0.0000
1.264,0.0000,9.3638,0.0000
1.282,0.0000,9.3638,0.0000
1.299,0.0000,9.3638,0.0000
1.312,0.0000,9.3638,0.0000
1.326,0.0000,9.3638,0.0000
1.338,0.0000,9.3638,0.0000
1.349,0.0000,9.3638,0.0000
1.360,0.0000,9.3638,0.0000
1.372,0.0000,9.3638,0.0000
1.385,0.0000,9.3638,0.0000
1.396,0.0000,9.3638,0.0000
1.407,0.0000,9.3638,0.0000
1.419,0.0000,9.3638,0.0000
1.433,0.0000,9.3638,0.0000
1.444,0.0000,9.3638,0.0000
1.456,0.0000,9.3638,0.0000
1.466,0.0000,9.3638,0.0000
1.477,0.0000,9.3638,0.0000
1.485,0.0000,9.3638,0.0000
1.502,0.0000,9.3638,0.0000
1.518,0.0000,9.3638,0.0000
1.530,0.0000,9.3638,0.0000
1.541,0.0000,9.3638,0.0000
1.550,0.0000,9.3638,0.0000
1.560,0.0000,9.3638,0.0000
1.568,0.0000,9.3638,0.0000
1.579,0.0000,9.3638,0.0000
1.588,0.0000,9.3638,0.0000
1.598,0.0000,9.3638,0.0000
1.608,0.0000,9.3638,0.0000
1.621,0.0000,9.3638,0.0000
1.637,0.0000,9.3638,0.0000
1.647,0.0000,9.3638,0.0000
1.657,0.0000,9.3638,0.0000
1.667,0.0000,9.3638,0.0000
1.677,0.0000,9.3638,0.0000
1.692,0.0000,9.3638,0.0000
1.706,0.0000,9.3638,0.0000
1.718,0.0000,9.3638,0.0000
1.734,0.0000,9.3638,0.0000
1.746,0.0000,9.3638,0.0000
1.757,0.0000,9.3638,0.0000
1.770,0.0000,9.3638,0.0000
1.784,0.0000,9.3638,0.0000
1.794,0.0000,9.3638,0.0000
1.804,0.0000,9.3638,0.0000
1.813,0.0000,9.3638,0.0000
1.822,0.0000,9.3638,0.0000
1.831,0.0000,9.3638,0.0000
1.841,0.0000,9.3638,0.0000
1.851,0.0000,9.3638,0.0000
1.860,0.0000,9.3638,0.0000
1.868,0.0000,9.3638,0.0000
1.877,0.0000,9.3638,0.0000
1.888,0.0000,9.3638,0.0000
1.900,0.0000,9.3638,0.0000
1.909,0.0000,9.3638,0.0000
1.918,0.0000,9.3638,0.0000
1.928,0.0000,9.3638,0.0000
1.937,0.0000,9.3638,0.0000
1.947,0.0000,9.3638,0.0000
1.957,0.0000,9.3638,0.0000
1.965,0.0000,9.3638,0.0000
1.974,0.0000,9.3638,0.0000
1.985,0.0000,9.3638,0.0000
1.995,0.0000,9.3638,0.0000
2.005,0.0000,9.3638,0.0000
2.014,0.0000,9.3638,0.0000
2.023,0.0000,9.3638,0.0000
2.033,0.0000,9.3638,0.0000
2.041,0.0000,9.3638,0.0000
2.050,0.0000,9.3638,0.0000
2.057,0.0000,9.3638,0.0000
2.067,0.0000,9.3638,0.0000
2.077,0.0000,9.3638,0.0000
2.089,0.0000,9.3638,0.0000
2.102,0.0000,9.3638,0.0000
2.114,0.0000,9.3638,0.0000
2.128,0.0000,9.3638,0.0000
2.138,0.0000,9.3638,0.0000
2.152,0.0000,9.3638,0.0000
2.163,0.0000,9.3638,0.0000
2.173,0.0000,9.3638,0.0000
2.183,0.0000,9.3638,0.0000
2.193,0.0000,9.3638,0.0000
2.204,0.0000,9.3638,0.0000
2.214,0.0000,9.3638,0.0000
2.222,0.0000,9.3638,0.0000
2.232,0.0000,9.3638,0.0000
2.242,0.0000,9.3638,0.0000
2.250,0.0000,9.3638,0.0000
2.269,0.0000,9.3638,0.0000
2.280,0.0000,9.3638,0.0000
2.290,0.0000,9.3638,0.0000
2.303,0.0000,9.3638,0.0000
2.312,0.0000,9.3638,0.0000
2.323,0.0000,9.3638,0.0000
2.333,0.0000,9.3638,0.0000
2.342,0.0000,9.3638,0.0000
2.351,0.0000,9.3638,0.0000
2.363,0.0000,9.3638,0.0000
2.376,0.0000,9.3638,0.0000
2.388,0.0000,9.3638,0.0000
2.400,0.0000,9.3638,0.0000
2.410,0.0000,9.3638,0.0000
2.420,0.0000,9.3638,0.0000
2.430,0.0000,9.3638,0.0000
2.441,0.0000,9.3638,0.0000
2.459,0.0000,9.3638,0.0000
2.474,0.0000,9.3638,0.0000
2.487,0.0000,9.3638,0.0000
2.505,0.0000,9.3638,0.0000
2.528,0.0000,9.3638,0.0000
2.539,0.0000,9.3638,0.0000
2.551,0.0000,9.3638,0.0000
2.562,0.0000,9.3638,0.0000
2.571,0.0000,9.3638,0.0000
2.580,0.0000,9.3638,0.0000
2.587,0.0000,9.3638,0.0000
2.597,0.0000,9.3638,0.0000
2.605,0.0000,9.3638,0.0000
2.614,0.0000,9.3638,0.0000
2.621,0.0000,9.3638,0.0000
2.631,0.0000,9.3638,0.0000
2.647,0.0000,9.3638,0.0000
2.656,0.0000,9.3638,0.0000
2.666,0.0000,9.3638,0.0000
2.678,0.0000,9.3638,0.0000
2.687,0.0000,9.3638,0.0000
2.698,0.0000,9.3638,0.0000
2.708,0.0000,9.3638,0.0000
2.717,0.0000,9.3638,0.0000
2.727,0.0000,9.3638,0.0000
2.736,0.0000,9.3638,0.0000
2.744,0.0000,9.3638,0.0000
2.753,0.0000,9.3638,0.0000
2.764,0.0000,9.3638,0.0000
2.775,0.0000,9.3638,0.0000
2.784,0.0000,9.3638,0.0000
2.797,0.0000,9.3638,0.0000
2.809,0.0000,9.3638,0.0000
2.827,0.0000,9.3638,0.0000
2.842,0.0000,9.3638,0.0000
2.853,0.0000,9.3638,0.0000
2.866,0.0000,9.3638,0.0000
2.877,0.0000,9.3638,0.0000
2.887,0.0000,9.3638,0.0000
2.899,0.0000,9.3638,0.0000
2.907,0.0000,9.3638,0.0000
2.916,0.0000,9.3638,0.0000
2.927,0.0000,9.3638,0.0000
2.937,0.0000,9.3638,0.0000
2.946,0.0000,9.3638,0.0000
2.955,0.0000,9.3638,0.0000
2.964,0.0000,9.3638,0.0000
2.972,0.0000,9.3638,0.0000
2.982,0.0000,9.3638,0.0000
2.991,0.0000,9.3638,0.0000
3.000,0.0000,9.3638,0.0000
3.008,0.0000,9.3638,0.0000
3.022,0.0000,9.3638,0.0000
3.032,0.0000,9.3638,0.0000
3.045,0.0000,9.3638,0.0000
3.055,0.0000,9.3638,0.0000
3.065,0.0000,9.3638,0.0000
3.074,0.0000,9.3638,0.0000
3.083,0.0000,9.3638,0.0000
3.091,0.0000,9.3638,0.0000
3.101,0.0000,9.3638,0.0000
3.109,0.0000,9.3638,0.0000
3.118,0.0000,9.3638,0.0000
3.126,0.0000,9.3638,0.0000
3.135,0.0000,9.3638,0.0000
3.143,0.0000,9.3638,0.0000
3.151,0.0000,9.3638,0.0000
3.161,0.0000,9.3638,0.0000
3.169,0.0000,9.3638,0.0000
3.178,0.0000,9.3638,0.0000
3.185,0.0000,9.3638,0.0000
3.199,0.0000,9.3638,0.0000
3.207,0.0000,9.3638,0.0000
3.217,0.0000,9.3638,0.0000
3.226,0.0000,9.3638,0.0000
3.236,0.0000,9.3638,0.0000
3.245,0.0000,9.3638,0.0000
3.255,0.0000,9.3638,0.0000
3.264,0.0000,9.3638,0.0000
3.272,0.0000,9.3638,0.0000
3.281,0.0000,9.3638,0.0000
3.290,0.0000,9.3638,0.0000
3.299,0.0000,9.3638,0.0000
3.307,0.0000,9.3638,0.0000
3.317,0.0000,9.3638,0.0000
3.325,0.0000,9.3638,0.0000
3.338,0.0000,9.3638,0.0000
3.349,0.0000,9.3638,0.0000
3.369,0.0000,9.3638,0.0000
3.381,0.0000,9.3638,0.0000
3.392,0.0000,9.3638,0.0000
3.405,0.0000,9.3638,0.0000
3.417,0.0000,9.3638,0.0000
3.431,0.0000,9.3638,0.0000
3.448,0.0000,9.3638,0.0000
3.460,0.0000,9.3638,0.0000
3.470,0.0000,9.3638,0.0000
3.481,0.0000,9.3638,0.0000
3.490,0.0000,9.3638,0.0000
3.503,0.0000,9.3638,0.0000
3.513,0.0000,9.3638,0.0000
3.530,0.0000,9.3638,0.0000
3.546,0.0000,9.3638,0.0000
3.563,0.0000,9.3638,0.0000
3.576,0.0000,9.3638,0.0000
3.591,0.0000,9.3638,0.0000
3.604,0.0000,9.3638,0.0000
3.616,0.0000,9.3638,0.0000
3.627,0.0000,9.3638,0.0000
3.640,0.0000,9.3638,0.0000
3.651,0.0000,9.3638,0.0000
3.664,0.0000,9.3638,0.0000
3.676,0.0000,9.3638,0.0000
3.685,0.0000,9.3638,0.0000
3.696,0.0000,9.3638,0.0000
3.704,0.0000,9.3638,0.0000
3.716,0.0000,9.3638,0.0000
3.724,0.0000,9.3638,0.0000
3.737,0.0000,9.3638,0.0000
3.747,0.0000,9.3638,0.0000
3.757,0.0000,9.3638,0.0000
3.770,0.0000,9.3638,0.0000
3.782,0.0000,9.3638,0.0000
3.796,0.0000,9.3638,0.0000
3.813,0.0000,9.3638,0.0000
3.828,0.0000,9.3638,0.0000
3.839,0.0000,9.3638,0.0000
3.847,0.0000,9.3638,0.0000
3.854,0.0000,9.3638,0.0000
3.865,0.0000,9.3638,0.0000
3.874,0.0000,9.3638,0.0000
3.883,0.0000,9.3638,0.0000
3.895,0.0000,9.3638,0.0000
3.907,0.0000,9.3638,0.0000
3.918,0.0000,9.3638,0.0000
3.930,0.0000,9.3638,0.0000
3.938,0.0000,9.3638,0.0000
3.946,0.0000,9.3638,0.0000
3.955,0.0000,9.3638,0.0000
3.963,0.0000,9.3638,0.0000
3.971,0.0000,9.3638,0.0000
3.979,0.0000,9.3638,0.0000
3.989,0.0000,9.3638,0.0000
3.998,0.0000,9.3638,0.0000
4.005,0.0000,9.3638,0.0000
4.015,0.0000,9.3638,0.0000
4.023,0.0000,9.3638,0.0000
4.032,0.0000,9.3638,0.0000
4.040,0.0000,9.3638,0.0000
4.049,0.0000,9.3638,0.0000
4.060,0.0000,9.3638,0.0000
4.071,0.0000,9.3638,0.0000
4.081,0.0000,9.3638,0.0000
4.088,0.0000,9.3638,0.0000
4.101,0.0000,9.3638,0.0000
4.110,0.0000,9.3638,0.0000
4.118,0.0000,9.3638,0.0000
4.128,0.0000,9.3638,0.0000
4.138,0.0000,9.3638,0.0000
4.146,0.0000,9.3638,0.0000
4.156,0.0000,9.3638,0.0000
4.166,0.0000,9.3638,0.0000
4.175,0.0000,9.3638,0.0000
4.184,0.0000,9.3638,0.0000
4.200,0.0000,9.3638,0.0000
4.215,0.0000,9.3638,0.0000
4.231,0.0000,9.3638,0.0000
4.243,0.0000,9.3638,0.0000
4.253,0.0000,9.3638,0.0000
4.267,0.0000,9.3638,0.0000
4.284,0.0000,9.3638,0.0000
4.295,0.0000,9.3638,0.0000
4.306,0.0000,9.3638,0.0000
4.318,0.0000,9.3638,0.0000
4.328,0.0000,9.3638,0.0000
4.343,0.0000,9.3638,0.0000
4.353,0.0000,9.3638,0.0000
4.366,0.0000,9.3638,0.0000
4.387,0.0000,9.3638,0.0000
4.398,0.0000,9.3638,0.0000
4.409,0.0000,9.3638,0.0000
4.421,0.0000,9.3638,0.0000
4.434,0.0000,9.3638,0.0000
4.445,0.0000,9.3638,0.0000
4.456,0.0000,9.3638,0.0000
4.470,0.0000,9.3638,0.0000
4.479,0.0000,9.3638,0.0000
4.487,0.0000,9.3638,0.0000
4.497,0.0000,9.3638,0.0000
4.507,0.0000,9.3638,0.0000
4.517,0.0000,9.3638,0.0000
4.530,0.0000,9.3638,0.0000
4.551,0.0000,9.3638,0.0000
4.566,0.0000,9.3638,0.0000
4.579,0.0000,9.3638,0.0000
4.592,0.0000,9.3638,0.0000
4.609,0.0000,9.3638,0.0000
4.620,0.0000,9.3638,0.0000
4.630,0.0000,9.3638,0.0000
4.641,0.0000,9.3638,0.0000
4.651,0.0000,9.3638,0.0000
4.663,0.0000,9.3638,0.0000
4.674,0.0000,9.3638,0.0000
4.688,0.0000,9.3638,0.0000
4.699,0.0000,9.3638,0.0000
4.707,0.0000,9.3638,0.0000
4.719,0.0000,9.3638,0.0000
4.738,0.0000,9.3638,0.0000
4.753,0.0000,9.3638,0.0000
4.766,0.0000,9.3638,0.0000
4.784,0.0000,9.3638,0.0000
4.792,0.0000,9.3638,0.0000
4.803,0.0000,9.3638,0.0000
4.813,0.0000,9.3638,0.0000
4.823,0.0000,9.3638,0.0000
4.834,0.0000,9.3638,0.0000
4.845,0.0000,9.3638,0.0000
4.855,0.0000,9.3638,0.0000
4.870,0.0000,9.3638,0.0000
4.883,0.0000,9.3638,0.0000
4.894,0.0000,9.3638,0.0000
4.907,0.0000,9.3638,0.0000
4.919,0.0000,9.3638,0.0000
4.929,0.0000,9.3638,0.0000
4.940,0.0000,9.3638,0.0000
4.951,0.0000,9.3638,0.0000
4.964,0.0000,9.3638,0.0000
4.976,0.0000,9.3638,0.0000
4.989,0.0000,9.3638,0.0000
5.003,0.0000,9.3638,0.0000
5.011,0.0000,9.3638,0.0000
5.021,0.0000,9.3638,0.0000
5.039,0.0000,9.3638,0.0000
5.054,0.0000,9.3638,0.0000
5.066,0.0000,9.3638,0.0000
5.079,0.0000,9.3638,0.0000
5.088,0.0000,9.3638,0.0000
5.101,0.0000,9.3638,0.0000
5.111,0.0000,9.3638,0.0000
5.124,0.0000,9.3638,0.0000
5.134,0.0000,9.3638,0.0000
5.145,0.0000,9.3638,0.0000
5.162,0.0000,9.3638,0.0000
5.172,0.0000,9.3638,0.0000
5.183,0.0000,9.3638,0.0000
5.193,0.0000,9.3638,0.0000
5.204,0.0000,9.3638,0.0000
5.214,0.0000,9.3638,0.0000
5.222,0.0000,9.3638,0.0000
5.233,0.0000,9.3638,0.0000
5.243,0.0000,9.3638,0.0000
5.255,0.0000,9.3638,0.0000
5.267,0.0000,9.3638,0.0000
5.282,0.0000,9.3638,0.0000
5.290,0.0000,9.3638,0.0000
5.305,0.0000,9.3638,0.0000
5.320,0.0000,9.3638,0.0000
5.330,0.0000,9.3638,0.0000
5.340,0.0000,9.3638,0.0000
5.351,0.0000,9.3638,0.0000
5.363,0.0000,9.3638,0.0000
5.371,0.0000,9.3638,0.0000
5.383,0.0000,9.3638,0.0000
5.391,0.0000,9.3638,0.0000
5.403,0.0000,9.3638,0.0000
5.411,0.0000,9.3638,0.0000
5.430,0.0000,9.3638,0.0000
5.443,0.0000,9.3638,0.0000
5.453,0.0000,9.3638,0.0000
5.466,0.0000,9.3638,0.0000
5.477,0.0000,9.3638,0.0000
5.492,0.0000,9.3638,0.0000
5.514,0.0000,9.3638,0.0000
5.526,0.0000,9.3638,0.0000
5.541,0.0000,9.3638,0.0000
5.554,0.0000,9.3638,0.0000
5.565,0.0000,9.3638,0.0000
5.577,0.0000,9.3638,0.0000
5.585,0.0000,9.3638,0.0000
5.594,0.0000,9.3638,0.0000
5.602,0.0000,9.3638,0.0000
5.610,0.0000,9.3638,0.0000
5.622,0.0000,9.3638,0.0000
5.631,0.0000,9.3638,0.0000
5.640,0.0000,9.3638,0.0000
5.647,0.0000,9.3638,0.0000
5.655,0.0000,9.3638,0.0000
5.664,0.0000,9.3638,0.0000
5.674,0.0000,9.3638,0.0000
5.681,0.0000,9.3638,0.0000
5.690,0.0000,9.3638,0.0000
5.699,0.0000,9.3638,0.0000
5.721,0.0000,9.3638,0.0000
5.730,0.0000,9.3638,0.0000
5.742,0.0000,9.3638,0.0000
5.750,0.0000,9.3638,0.0000
5.766,0.0000,9.3638,0.0000
5.778,0.0000,9.3638,0.0000
5.789,0.0000,9.3638,0.0000
5.801,0.0000,9.3638,0.0000
5.810,0.0000,9.3638,0.0000
5.819,0.0000,9.3638,0.0000
5.831,0.0000,9.3638,0.0000
5.839,0.0000,9.3638,0.0000
5.848,0.0000,9.3638,0.0000
5.856,0.0000,9.3638,0.0000
5.867,0.0000,9.3638,0.0000
5.876,0.0000,9.3638,0.0000
5.884,0.0000,9.3638,0.0000
5.898,0.0000,9.3638,0.0000
5.911,0.0000,9.3638,0.0000
5.920,0.0000,9.3638,0.0000
5.931,0.0000,9.3638,0.0000
5.941,0.0000,9.3638,0.0000
5.950,0.0000,9.3638,0.0000
5.961,0.0000,9.3638,0.0000
5.974,0.0000,9.3638,0.0000
5.996,0.0000,9.3638,0.0000
6.011,0.0000,9.3638,0.0000
6.022,0.0000,9.3638,0.0000
6.038,0.0000,9.3638,0.0000
6.048,0.0000,9.3638,0.0000
6.059,0.0000,9.3638,0.0000
6.071,0.0000,9.3638,0.0000
6.083,0.0000,9.3638,0.0000
6.092,0.0000,9.3638,0.0000
6.105,0.0000,9.3638,0.0000
6.116,0.0000,9.3638,0.0000
6.131,0.0000,9.3638,0.0000
6.152,0.0000,9.3638,0.0000
6.166,0.0000,9.3638,0.0000
6.180,0.0000,9.3638,0.0000
6.201,0.0000,9.3638,0.0000
6.214,0.0000,9.3638,0.0000
6.230,0.0000,9.3638,0.0000
6.239,0.0000,9.3638,0.0000
6.251,0.0000,9.3638,0.0000
6.262,0.0000,9.3638,0.0000
6.277,0.0000,9.3638,0.0000
6.286,0.0000,9.3638,0.0000
6.300,0.0000,9.3638,0.0000
6.309,0.0000,9.3638,0.0000
6.317,0.0000,9.3638,0.0000
6.328,0.0000,9.3638,0.0000
6.342,0.0000,9.3638,0.0000
6.351,0.0000,9.3638,0.0000
6.363,0.0000,9.3638,0.0000
6.381,0.0000,9.3638,0.0000
6.397,0.0000,9.3638,0.0000
6.408,0.0000,9.3638,0.0000
6.416,0.0000,9.3638,0.0000
6.431,0.0000,9.3638,0.0000
6.445,0.0000,9.3638,0.0000
6.462,0.0000,9.3638,0.0000
6.477,0.0000,9.3638,0.0000
6.494,0.0000,9.3638,0.0000
6.509,0.0000,9.3638,0.0000
6.521,0.0000,9.3638,0.0000
6.534,0.0000,9.3638,0.0000
6.545,0.0000,9.3638,0.0000
6.557,0.0000,9.3638,0.0000
6.568,0.0000,9.3638,0.0000
6.583,0.0000,9.3638,0.0000
6.591,0.0000,9.3638,0.0000
6.601,0.0000,9.3638,0.0000
6.609,0.0000,9.3638,0.0000
6.618,0.0000,9.3638,0.0000
6.626,0.0000,9.3638,0.0000
6.636,0.0000,9.3638,0.0000
6.645,0.0000,9.3638,0.0000
6.653,0.0000,9.3638,0.0000
6.661,0.0000,9.3638,0.0000
6.669,0.0000,9.3638,0.0000
6.678,0.0000,9.3638,0.0000
6.685,0.0000,9.3638,0.0000
6.696,0.0000,9.3638,0.0000
6.703,0.0000,9.3638,0.0000
6.712,0.0000,9.3638,0.0000
6.720,0.0000,9.3638,0.0000
6.729,0.0000,9.3638,0.0000
6.739,0.0000,9.3638,0.0000
6.747,0.0000,9.3638,0.0000
6.755,0.0000,9.3638,0.0000
6.764,0.0000,9.3638,0.0000
6.774,0.0000,9.3638,0.0000
6.782,0.0000,9.3638,0.0000
6.794,0.0000,9.3638,0.0000
6.807,0.0000,9.3638,0.0000
6.823,0.0000,9.3638,0.0000
6.838,0.0000,9.3638,0.0000
6.853,0.0000,9.3638,0.0000
6.872,0.0000,9.3638,0.0000
6.888,0.0000,9.3638,0.0000
6.900,0.0000,9.3638,0.0000
6.915,0.0000,9.3638,0.0000
6.930,0.0000,9.3638,0.0000
6.943,0.0000,9.3638,0.0000
6.956,0.0000,9.3638,0.0000
7.031,0.0000,9.3638,0.0000
7.086,0.0000,9.3638,0.0000
7.113,0.0000,9.3638,0.0000
7.124,0.0000,9.3638,0.0000
7.168,0.0000,9.3638,0.0000
7.192,0.0000,9.3638,0.0000
7.210,0.0000,9.3638,0.0000
7.261,0.0000,9.3638,0.0000
7.275,0.0000,9.3638,0.0000
7.290,0.0000,9.3638,0.0000
7.306,0.0000,9.3638,0.0000
7.318,0.0000,9.3638,0.0000
7.334,0.0000,9.3638,0.0000
7.349,0.0000,9.3638,0.0000
7.369,0.0000,9.3638,0.0000
7.390,0.0000,9.3638,0.0000
7.406,0.0000,9.3638,0.0000
7.420,0.0000,9.3638,0.0000
7.438,0.0000,9.3638,0.0000
7.453,0.0000,9.3638,0.0000
7.466,0.0000,9.3638,0.0000
7.480,0.0000,9.3638,0.0000
7.494,0.0000,9.3638,0.0000
7.511,0.0000,9.3638,0.0000
7.533,0.0000,9.3638,0.0000
7.544,0.0000,9.3638,0.0000
7.558,0.0000,9.3638,0.0000
7.568,0.0000,9.3638,0.0000
7.581,0.0000,9.3638,0.0000
7.596,0.0000,9.3638,0.0000
7.608,0.0000,9.3638,0.0000
7.621,0.0000,9.3638,0.0000
7.636,0.0000,9.3638,0.0000
7.648,0.0000,9.3638,0.0000
7.656,0.0000,9.3638,0.0000
7.673,0.0000,9.3638,0.0000
7.691,0.0000,9.3638,0.0000
7.716,0.0000,9.3638,0.0000
7.727,0.0000,9.3638,0.0000
7.738,0.0000,9.3638,0.0000
7.748,0.0000,9.3638,0.0000
7.758,0.0000,9.3638,0.0000
7.768,0.0000,9.3638,0.0000
7.779,0.0000,9.3638,0.0000
7.789,0.0000,9.3638,0.0000
7.801,0.0000,9.3638,0.0000
7.809,0.0000,9.3638,0.0000
7.820,0.0000,9.3638,0.0000
7.834,0.0000,9.3638,0.0000
7.846,0.0000,9.3638,0.0000
7.855,0.0000,9.3638,0.0000
7.872,0.0000,9.3638,0.0000
7.887,0.0000,9.3638,0.0000
7.961,0.0000,9.3638,0.0000
7.989,0.0000,9.3638,0.0000
8.015,0.0000,9.3638,0.0000
8.029,0.0000,9.3638,0.0000
8.050,0.0000,9.3638,0.0000
8.067,0.0000,9.3638,0.0000
8.092,0.0000,9.3638,0.0000
8.105,0.0000,9.3638,0.0000
8.120,0.0000,9.3638,0.0000
8.132,0.0000,9.3638,0.0000
8.144,0.0000,9.3638,0.0000
8.155,0.0000,9.3638,0.0000
8.167,0.0000,9.3638,0.0000
8.180,0.0000,9.3638,0.0000
8.191,0.0000,9.3638,0.0000
8.203,0.0000,9.3638,0.0000
8.214,0.0000,9.3638,0.0000
8.230,0.0000,9.3638,0.0000
8.246,0.0000,9.3638,0.0000
8.261,0.0000,9.3638,0.0000
8.275,0.0000,9.3638,0.0000
8.296,0.0000,9.3638,0.0000
8.316,0.0000,9.3638,0.0000
8.330,0.0000,9.3638,0.0000
8.343,0.0000,9.3638,0.0000
8.357,0.0000,9.3638,0.0000
8.370,0.0000,9.3638,0.0000
8.382,0.0000,9.3638,0.0000
8.392,0.0000,9.3638,0.0000
8.402,0.0000,9.3638,0.0000
8.412,0.0000,9.3638,0.0000
8.423,0.0000,9.3638,0.0000
8.435,0.0000,9.3638,0.0000
8.446,0.0000,9.3638,0.0000
8.457,0.0000,9.3638,0.0000
8.467,0.0000,9.3638,0.0000
8.478,0.0000,9.3638,0.0000
8.492,0.0000,9.3638,0.0000
8.504,0.0000,9.3638,0.0000
8.520,0.0000,9.3638,0.0000
8.532,0.0000,9.3638,0.0000
8.550,0.0000,9.3638,0.0000
8.566,0.0000,9.3638,0.0000
8.584,0.0000,9.3638,0.0000
8.598,0.0000,9.3638,0.0000
8.612,0.0000,9.3638,0.0000
8.623,0.0000,9.3638,0.0000
8.635,0.0000,9.3638,0.0000
8.646,0.0000,9.3638,0.0000
8.657,0.0000,9.3638,0.0000
8.667,0.0000,9.3638,0.0000
8.678,0.0000,9.3638,0.0000
8.687,0.0000,9.3638,0.0000
8.698,0.0000,9.3638,0.0000
8.709,0.0000,9.3638,0.0000
8.720,0.0000,9.3638,0.0000
8.731,0.0000,9.3638,0.0000
8.742,0.0000,9.3638,0.0000
8.753,0.0000,9.3638,0.0000
8.764,0.0000,9.3638,0.0000
8.774,0.0000,9.3638,0.0000
8.786,0.0000,9.3638,0.0000
8.798,0.0000,9.3638,0.0000
8.808,0.0000,9.3638,0.0000
8.821,0.0000,9.3638,0.0000
8.831,0.0000,9.3638,0.0000
8.843,0.0000,9.3638,0.0000
8.852,0.0000,9.3638,0.0000
8.863,0.0000,9.3638,0.0000
8.875,0.0000,9.3638,0.0000
8.886,0.0000,9.3638,0.0000
8.897,0.0000,9.3638,0.0000
8.909,0.0000,9.3638,0.0000
8.920,0.0000,9.3638,0.0000
8.930,0.0000,9.3638,0.0000
8.939,0.0000,9.3638,0.0000
8.947,0.0000,9.3638,0.0000
8.955,0.0000,9.3638,0.0000
8.964,0.0000,9.3638,0.0000
8.972,0.0000,9.3638,0.0000
8.980,0.0000,9.3638,0.0000
8.987,0.0000,9.3638,0.0000
8.997,0.0000,9.3638,0.0000
9.004,0.0000,9.3638,0.0000
9.013,0.0000,9.3638,0.0000
9.021,0.0000,9.3638,0.0000
9.030,0.0000,9.3638,0.0000
9.038,0.0000,9.3638,0.0000
9.046,0.0000,9.3638,0.0000
9.054,0.0000,9.3638,0.0000
9.064,0.0000,9.3638,0.0000
9.072,0.0000,9.3638,0.0000
9.081,0.0000,9.3638,0.0000
9.089,0.0000,9.3638,0.0000
9.099,0.0000,9.3638,0.0000
9.108,0.0000,9.3638,0.0000
9.116,0.0000,9.3638,0.0000
9.125,0.0000,9.3638,0.0000
9.133,0.0000,9.3638,0.0000
9.141,0.0000,9.3638,0.0000
9.149,0.0000,9.3638,0.0000
9.158,0.0000,9.3638,0.0000
9.165,0.0000,9.3638,0.0000
9.173,0.0000,9.3638,0.0000
9.182,0.0000,9.3638,0.0000
9.189,0.0000,9.3638,0.0000
9.199,0.0000,9.3638,0.0000
9.206,0.0000,9.3638,0.0000
9.215,0.0000,9.3638,0.0000
9.222,0.0000,9.3638,0.0000
9.230,0.0000,9.3638,0.0000
9.239,0.0000,9.3638,0.0000
9.248,0.0000,9.3638,0.0000
9.255,0.0000,9.3638,0.0000
9.264,0.0000,9.3638,0.0000
9.272,0.0000,9.3638,0.0000
9.281,0.0000,9.3638,0.0000
9.287,0.0000,9.3638,0.0000
9.297,0.0000,9.3638,0.0000
9.305,0.0000,9.3638,0.0000
9.314,0.0000,9.3638,0.0000
9.321,0.0000,9.3638,0.0000
9.329,0.0000,9.3638,0.0000
9.338,0.0000,9.3638,0.0000
9.347,0.0000,9.3638,0.0000
9.356,0.0000,9.3638,0.0000
9.365,0.0000,9.3638,0.0000
9.375,0.0000,9.3638,0.0000
9.383,0.0000,9.3638,0.0000
9.392,0.0000,9.3638,0.0000
9.401,0.0000,9.3638,0.0000
9.410,0.0000,9.3638,0.0000
9.420,0.0000,9.3638,0.0000
9.429,0.0000,9.3638,0.0000
9.439,0.0000,9.3638,0.0000
9.448,0.0000,9.3638,0.0000
9.457,0.0000,9.3638,0.0000
9.464,0.0000,9.3638,0.0000
9.474,0.0000,9.3638,0.0000
9.482,0.0000,9.3638,0.0000
9.490,0.0000,9.3638,0.0000
9.500,0.0000,9.3638,0.0000
9.508,0.0000,9.3638,0.0000
9.518,0.0000,9.3638,0.0000
9.525,0.0000,9.3638,0.0000
9.534,0.0000,9.3638,0.0000
9.542,0.0000,9.3638,0.0000
9.551,0.0000,9.3638,0.0000
9.561,0.0000,9.3638,0.0000
9.568,0.0000,9.3638,0.0000
9.577,0.0000,9.3638,0.0000
9.585,0.0000,9.3638,0.0000
9.595,0.0000,9.3638,0.0000
9.603,0.0000,9.3638,0.0000
9.612,0.0000,9.3638,0.0000
9.622,0.0000,9.3638,0.0000
9.630,0.0000,9.3638,0.0000
9.639,0.0000,9.3638,0.0000
9.647,0.0000,9.3638,0.0000
9.657,0.0000,9.3638,0.0000
9.666,0.0000,9.3638,0.0000
9.676,0.0000,9.3638,0.0000
9.685,0.0000,9.3638,0.0000
9.695,0.0000,9.3638,0.0000
9.704,0.0000,9.3638,0.0000
9.713,0.0000,9.3638,0.0000
9.724,0.0000,9.3638,0.0000
9.734,0.0000,9.3638,0.0000
9.744,0.0000,9.3638,0.0000
9.755,0.0000,9.3638,0.0000
9.765,0.0000,9.3638,0.0000
9.773,0.0000,9.3638,0.0000
9.783,0.0000,9.3638,0.0000
9.792,0.0000,9.3638,0.0000
9.802,0.0000,9.3638,0.0000
9.812,0.0000,9.3638,0.0000
9.820,0.0000,9.3638,0.0000
9.830,0.0000,9.3638,0.0000
9.840,0.0000,9.3638,0.0000
9.850,0.0000,9.3638,0.0000
9.861,0.0000,9.3638,0.0000
9.871,0.0000,9.3638,0.0000
9.882,0.0000,9.3638,0.0000
9.891,0.0000,9.3638,0.0000
9.904,0.0000,9.3638,0.0000
9.913,0.0000,9.3638,0.0000
9.923,0.0000,9.3638,0.0000
9.934,0.0000,9.3638,0.0000
9.943,0.0000,9.3638,0.0000
9.951,0.0000,9.3638,0.0000
9.960,0.0000,9.3638,0.0000
9.969,0.0000,9.3638,0.0000
9.979,0.0000,9.3638,0.0000
9.989,0.0000,9.3638,0.0000
9.998,0.0000,9.3638,0.0000
10.006,0.0000,9.3638,0.0000
10.016,0.0000,9.3638,0.0000
10.024,0.0000,9.3638,0.0000
10.035,0.0000,9.3638,0.0000
10.044,0.0000,9.3638,0.0000
10.052,0.0000,9.3638,0.0000
10.062,0.0000,9.3638,0.0000
10.071,0.0000,9.3638,0.0000
10.080,0.0000,9.3638,0.0000
10.088,0.0000,9.3638,0.0000
10.099,0.0000,9.3638,0.0000
10.107,0.0000,9.3638,0.0000
10.116,0.0000,9.3638,0.0000
10.125,0.0000,9.3638,0.0000
10.135,0.0000,9.3638,0.0000
10.143,0.0000,9.3638,0.0000
10.152,0.0000,9.3638,0.0000
10.162,0.0000,9.3638,0.0000
10.170,0.0000,9.3638,0.0000
10.180,0.0000,9.3638,0.0000
10.187,0.0000,9.3638,0.0000
10.197,0.0000,9.3638,0.0000
10.204,0.0000,9.3638,0.0000
10.213,0.0000,9.3638,0.0000
10.220,0.0000,9.3638,0.0000
10.229,0.0000,9.3638,0.0000
10.237,0.0000,9.3638,0.0000
10.245,0.0000,9.3638,0.0000
10.253,0.0000,9.3638,0.0000
10.262,0.0000,9.3638,0.0000
10.270,0.0000,9.3638,0.0000
10.279,0.0000,9.3638,0.0000
10.286,0.0000,9.3638,0.0000
10.295,0.0000,9.3638,0.0000
10.303,0.0000,9.3638,0.0000
10.312,0.0000,9.3638,0.0000
10.320,0.0000,9.3638,0.0000
10.329,0.0000,9.3638,0.0000
10.336,0.0000,9.3638,0.0000
10.345,0.0000,9.3638,0.0000
10.352,0.0000,9.3638,0.0000
10.362,0.0000,9.3638,0.0000
10.370,0.0000,9.3638,0.0000
10.379,0.0000,9.3638,0.0000
10.387,0.0000,9.3638,0.0000
10.396,0.0000,9.3638,0.0000
10.404,0.0000,9.3638,0.0000
10.412,0.0000,9.3638,0.0000
10.421,0.0000,9.3638,0.0000
10.429,0.0000,9.3638,0.0000
10.439,0.0000,9.3638,0.0000
10.448,0.0000,9.3638,0.0000
10.468,0.0000,9.3638,0.0000
10.478,0.0000,9.3638,0.0000
10.485,0.0000,9.3638,0.0000
10.494,0.0000,9.3638,0.0000
10.503,0.0000,9.3638,0.0000
10.512,0.0000,9.3638,0.0000
10.519,0.0000,9.3638,0.0000
10.527,0.0000,9.3638,0.0000
10.536,0.0000,9.3638,0.0000
10.545,0.0000,9.3638,0.0000
10.552,0.0000,9.3638,0.0000
10.561,0.0000,9.3638,0.0000
10.569,0.0000,9.3638,0.0000
10.578,0.0000,9.3638,0.0000
10.585,0.0000,9.3638,0.0000
10.594,0.0000,9.3638,0.0000
10.603,0.0000,9.3638,0.0000
10.610,0.0000,9.3638,0.0000
10.618,0.0000,9.3638,0.0000
10.625,0.0000,9.3638,0.0000
10.636,0.0000,9.3638,0.0000
10.643,0.0000,9.3638,0.0000
10.652,0.0000,9.3638,0.0000
10.662,0.0000,9.3638,0.0000
10.670,0.0000,9.3638,0.0000
10.679,0.0000,9.3638,0.0000
10.687,0.0000,9.3638,0.0000
10.696,0.0000,9.3638,0.0000
10.705,0.0000,9.3638,0.0000
10.714,0.0000,9.3638,0.0000
10.721,0.0000,9.3638,0.0000
10.730,0.0000,9.3638,0.0000
10.739,0.0000,9.3638,0.0000
10.747,0.0000,9.3638,0.0000
10.755,0.0000,9.3638,0.0000
10.764,0.0000,9.3638,0.0000
10.772,0.0000,9.3638,0.0000
10.783,0.0000,9.3638,0.0000
10.790,0.0000,9.3638,0.0000
10.799,0.0000,9.3638,0.0000
10.807,0.0000,9.3638,0.0000
10.816,0.0000,9.3638,0.0000
10.823,0.0000,9.3638,0.0000
10.833,0.0000,9.3638,0.0000
10.842,0.0000,9.3638,0.0000
10.850,0.0000,9.3638,0.0000
10.858,0.0000,9.3638,0.0000
10.866,0.0000,9.3638,0.0000
10.876,0.0000,9.3638,0.0000
10.884,0.0000,9.3638,0.0000
10.892,0.0000,9.3638,0.0000
10.902,0.0000,9.3638,0.0000
10.910,0.0000,9.3638,0.0000
10.920,0.0000,9.3638,0.0000
10.929,0.0000,9.3638,0.0000
10.939,0.0000,9.3638,0.0000
10.947,0.0000,9.3638,0.0000
10.956,0.0000,9.3638,0.0000
10.966,0.0000,9.3638,0.0000
10.975,0.0000,9.3638,0.0000
10.983,0.0000,9.3638,0.0000
10.992,0.0000,9.3638,0.0000
11.003,0.0000,9.3638,0.0000
11.011,0.0000,9.3638,0.0000
11.020,0.0000,9.3638,0.0000
11.029,0.0000,9.3638,0.0000
11.038,0.0000,9.3638,0.0000
11.047,0.0000,9.3638,0.0000
11.056,0.0000,9.3638,0.0000
11.067,0.0000,9.3638,0.0000
11.076,0.0000,9.3638,0.0000
11.085,0.0000,9.3638,0.0000
11.094,0.0000,9.3638,0.0000
11.103,0.0000,9.3638,0.0000
11.112,0.0000,9.3638,0.0000
11.121,0.0000,9.3638,0.0000
11.130,0.0000,9.3638,0.0000
11.140,0.0000,9.3638,0.0000
11.149,0.0000,9.3638,0.0000
11.159,0.0000,9.3638,0.0000
11.169,0.0000,9.3638,0.0000
11.179,0.0000,9.3638,0.0000
11.189,0.0000,9.3638,0.0000
11.199,0.0000,9.3638,0.0000
11.208,0.0000,9.3638,0.0000
11.217,0.0000,9.3638,0.0000
11.226,0.0000,9.3638,0.0000
11.236,0.0000,9.3638,0.0000
11.244,0.0000,9.3638,0.0000
11.254,0.0000,9.3638,0.0000
11.262,0.0000,9.3638,0.0000
11.271,0.0000,9.3638,0.0000
11.280,0.0000,9.3638,0.0000
11.288,0.0000,9.3638,0.0000
11.297,0.0000,9.3638,0.0000
11.305,0.0000,9.3638,0.0000
11.315,0.0000,9.3638,0.0000
11.322,0.0000,9.3638,0.0000
11.332,0.0000,9.3638,0.0000
11.341,0.0000,9.3638,0.0000
11.351,0.0000,9.3638,0.0000
11.359,0.0000,9.3638,0.0000
11.368,0.0000,9.3638,0.0000
11.377,0.0000,9.3638,0.0000
11.386,0.0000,9.3638,0.0000
11.397,0.0000,9.3638,0.0000
11.405,0.0000,9.3638,0.0000
11.415,0.0000,9.3638,0.0000
11.422,0.0000,9.3638,0.0000
11.430,0.0000,9.3638,0.0000
11.439,0.0000,9.3638,0.0000
11.448,0.0000,9.3638,0.0000
11.455,0.0000,9.3638,0.0000
11.464,0.0000,9.3638,0.0000
11.472,0.0000,9.3638,0.0000
11.481,0.0000,9.3638,0.0000
11.488,0.0000,9.3638,0.0000
11.498,0.0000,9.3638,0.0000
11.506,0.0000,9.3638,0.0000
11.516,0.0000,9.3638,0.0000
11.523,0.0000,9.3638,0.0000
11.532,0.0000,9.3638,0.0000
11.542,0.0000,9.3638,0.0000
11.550,0.0000,9.3638,0.0000
11.560,0.0000,9.3638,0.0000
11.568,0.0000,9.3638,0.0000
11.577,0.0000,9.3638,0.0000
11.584,0.0000,9.3638,0.0000
11.592,0.0000,9.3638,0.0000
11.601,0.0000,9.3638,0.0000
11.609,0.0000,9.3638,0.0000
11.618,0.0000,9.3638,0.0000
11.626,0.0000,9.3638,0.0000
11.636,0.0000,9.3638,0.0000
11.644,0.0000,9.3638,0.0000
11.651,0.0000,9.3638,0.0000
11.662,0.0000,9.3638,0.0000
11.669,0.0000,9.3638,0.0000
11.678,0.0000,9.3638,0.0000
11.686,0.0000,9.3638,0.0000
11.694,0.0000,9.3638,0.0000
11.702,0.0000,9.3638,0.0000
11.710,0.0000,9.3638,0.0000
11.719,0.0000,9.3638,0.0000
11.727,0.0000,9.3638,0.0000
11.736,0.0000,9.3638,0.0000
11.744,0.0000,9.3638,0.0000
11.753,0.0000,9.3638,0.0000
11.762,0.0000,9.3638,0.0000
11.770,0.0000,9.3638,0.0000
11.781,0.0000,9.3638,0.0000
11.788,0.0000,9.3638,0.0000
11.798,0.0000,9.3638,0.0000
11.806,0.0000,9.3638,0.0000
11.816,0.0000,9.3638,0.0000
11.823,0.0000,9.3638,0.0000
11.832,0.0000,9.3638,0.0000
11.841,0.0000,9.3638,0.0000
11.849,0.0000,9.3638,0.0000
11.858,0.0000,9.3638,0.0000
11.868,0.0000,9.3638,0.0000
11.877,0.0000,9.3638,0.0000
11.884,0.0000,9.3638,0.0000
11.895,0.0000,9.3638,0.0000
11.903,0.0000,9.3638,0.0000
11.911,0.0000,9.3638,0.0000
11.919,0.0000,9.3638,0.0000
11.928,0.0000,9.3638,0.0000
11.937,0.0000,9.3638,0.0000
11.947,0.0000,9.3638,0.0000
11.958,0.0000,9.3638,0.0000
11.968,0.0000,9.3638,0.0000
11.978,0.0000,9.3638,0.0000
11.987,0.0000,9.3638,0.0000
11.996,0.0000,9.3638,0.0000
12.005,0.0000,9.3638,0.0000
12.013,0.0000,9.3638,0.0000
12.021,0.0000,9.3638,0.0000
12.029,0.0000,9.3638,0.0000
12.037,0.0000,9.3638,0.0000
12.046,0.0000,9.3638,0.0000
12.053,0.0000,9.3638,0.0000
12.062,0.0000,9.3638,0.0000
12.070,0.0000,9.3638,0.0000
12.079,0.0000,9.3638,0.0000
12.087,0.0000,9.3638,0.0000
12.095,0.0000,9.3638,0.0000
12.102,0.0000,9.3638,0.0000
12.112,0.0000,9.3638,0.0000
12.119,0.0000,9.3638,0.0000
12.129,0.0000,9.3638,0.0000
12.138,0.0000,9.3638,0.0000
12.146,0.0000,9.3638,0.0000
12.154,0.0000,9.3638,0.0000
12.162,0.0000,9.3638,0.0000
12.171,0.0000,9.3638,0.0000
12.180,0.0000,9.3638,0.0000
12.188,0.0000,9.3638,0.0000
12.198,0.0000,9.3638,0.0000
12.205,0.0000,9.3638,0.0000
12.214,0.0000,9.3638,0.0000
12.222,0.0000,9.3638,0.0000
12.232,0.0000,9.3638,0.0000
12.240,0.0000,9.3638,0.0000
12.249,0.0000,9.3638,0.0000
12.258,0.0000,9.3638,0.0000
12.267,0.0000,9.3638,0.0000
12.275,0.0000,9.3638,0.0000
12.284,0.0000,9.3638,0.0000
12.296,0.0000,9.3638,0.0000
12.309,0.0000,9.3638,0.0000
12.318,0.0000,9.3638,0.0000
12.328,0.0000,9.3638,0.0000
12.336,0.0000,9.3638,0.0000
12.346,0.0000,9.3638,0.0000
12.355,0.0000,9.3638,0.0000
12.364,0.0000,9.3638,0.0000
12.374,0.0000,9.3638,0.0000
12.382,0.0000,9.3638,0.0000
12.391,0.0000,9.3638,0.0000
12.401,0.0000,9.3638,0.0000
12.419,0.0000,9.3638,0.0000
12.431,0.0000,9.3638,0.0000
12.442,0.0000,9.3638,0.0000
12.453,0.0000,9.3638,0.0000
12.463,0.0000,9.3638,0.0000
12.473,0.0000,9.3638,0.0000
12.484,0.0000,9.3638,0.0000
12.491,0.0000,9.3638,0.0000
12.502,0.0000,9.3638,0.0000
12.510,0.0000,9.3638,0.0000
12.519,0.0000,9.3638,0.0000
12.529,0.0000,9.3638,0.0000
12.538,0.0000,9.3638,0.0000
12.547,0.0000,9.3638,0.0000
12.555,0.0000,9.3638,0.0000
12.565,0.0000,9.3638,0.0000
12.574,0.0000,9.3638,0.0000
12.584,0.0000,9.3638,0.0000
12.594,0.0000,9.3638,0.0000
12.601,0.0000,9.3638,0.0000
12.610,0.0000,9.3638,0.0000
12.620,0.0000,9.3638,0.0000
12.630,0.0000,9.3638,0.0000
12.639,0.0000,9.3638,0.0000
12.648,0.0000,9.3638,0.0000
12.658,0.0000,9.3638,0.0000
12.668,0.0000,9.3638,0.0000
12.677,0.0000,9.3638,0.0000
12.686,0.0000,9.3638,0.0000
12.695,0.0000,9.3638,0.0000
12.703,0.0000,9.3638,0.0000
12.712,0.0000,9.3638,0.0000
12.720,0.0000,9.3638,0.0000
12.728,0.0000,9.3638,0.0000
12.738,0.0000,9.3638,0.0000
12.747,0.0000,9.3638,0.0000
12.754,0.0000,9.3638,0.0000
12.764,0.0000,9.3638,0.0000
12.772,0.0000,9.3638,0.0000
12.781,0.0000,9.3638,0.0000
12.788,0.0000,9.3638,0.0000
12.797,0.0000,9.3638,0.0000
12.806,0.0000,9.3638,0.0000
12.814,0.0000,9.3638,0.0000
12.822,0.0000,9.3638,0.0000
12.831,0.0000,9.3638,0.0000
12.840,0.0000,9.3638,0.0000
12.847,0.0000,9.3638,0.0000
12.856,0.0000,9.3638,0.0000
12.865,0.0000,9.3638,0.0000
12.875,0.0000,9.3638,0.0000
12.883,0.0000,9.3638,0.0000
12.891,0.0000,9.3638,0.0000
12.901,0.0000,9.3638,0.0000
12.908,0.0000,9.3638,0.0000
12.918,0.0000,9.3638,0.0000
12.927,0.0000,9.3638,0.0000
12.937,0.0000,9.3638,0.0000
12.955,0.0000,9.3638,0.0000
12.965,0.0000,9.3638,0.0000
12.972,0.0000,9.3638,0.0000
12.981,0.0000,9.3638,0.0000
12.988,0.0000,9.3638,0.0000
12.998,0.0000,9.3638,0.0000
13.006,0.0000,9.3638,0.0000
13.016,0.0000,9.3638,0.0000
13.024,0.0000,9.3638,0.0000
13.033,0.0000,9.3638,0.0000
13.041,0.0000,9.3638,0.0000
13.050,0.0000,9.3638,0.0000
13.059,0.0000,9.3638,0.0000
13.068,0.0000,9.3638,0.0000
13.077,0.0000,9.3638,0.0000
13.085,0.0000,9.3638,0.0000
13.094,0.0000,9.3638,0.0000
13.103,0.0000,9.3638,0.0000
13.111,0.0000,9.3638,0.0000
13.120,0.0000,9.3638,0.0000
13.128,0.0000,9.3638,0.0000
13.137,0.0000,9.3638,0.0000
13.145,0.0000,9.3638,0.0000
13.153,0.0000,9.3638,0.0000
13.162,0.0000,9.3638,0.0000
13.171,0.0000,9.3638,0.0000
13.180,0.0000,9.3638,0.0000
13.187,0.0000,9.3638,0.0000
13.197,0.0000,9.3638,0.0000
13.204,0.0000,9.3638,0.0000
13.213,0.0000,9.3638,0.0000
13.221,0.0000,9.3638,0.0000
13.230,0.0000,9.3638,0.0000
13.238,0.0000,9.3638,0.0000
13.246,0.0000,9.3638,0.0000
13.254,0.0000,9.3638,0.0000
13.264,0.0000,9.3638,0.0000
13.274,0.0000,9.3638,0.0000
13.281,0.0000,9.3638,0.0000
13.290,0.0000,9.3638,0.0000
13.299,0.0000,9.3638,0.0000
13.308,0.0000,9.3638,0.0000
13.316,0.0000,9.3638,0.0000
13.324,0.0000,9.3638,0.0000
13.333,0.0000,9.3638,0.0000
13.340,0.0000,9.3638,0.0000
13.349,0.0000,9.3638,0.0000
13.357,0.0000,9.3638,0.0000
13.367,0.0000,9.3638,0.0000
13.374,0.0000,9.3638,0.0000
13.383,0.0000,9.3638,0.0000
13.390,0.0000,9.3638,0.0000
13.400,0.0000,9.3638,0.0000
13.407,0.0000,9.3638,0.0000
13.417,0.0000,9.3638,0.0000
13.423,0.0000,9.3638,0.0000
13.432,0.0000,9.3638,0.0000
13.441,0.0000,9.3638,0.0000
13.450,0.0000,9.3638,0.0000
13.458,0.0000,9.3638,0.0000
13.468,0.0000,9.3638,0.0000
13.477,0.0000,9.3638,0.0000
13.483,0.0000,9.3638,0.0000
13.493,0.0000,9.3638,0.0000
13.502,0.0000,9.3638,0.0000
13.510,0.0000,9.3638,0.0000
13.517,0.0000,9.3638,0.0000
13.527,0.0000,9.3638,0.0000
13.537,0.0000,9.3638,0.0000
13.545,0.0000,9.3638,0.0000
13.554,0.0000,9.3638,0.0000
13.563,0.0000,9.3638,0.0000
13.571,0.0000,9.3638,0.0000
13.579,0.0000,9.3638,0.0000
13.588,0.0000,9.3638,0.0000
13.598,0.0000,9.3638,0.0000
13.606,0.0000,9.3638,0.0000
13.615,0.0000,9.3638,0.0000
13.624,0.0000,9.3638,0.0000
13.633,0.0000,9.3638,0.0000
13.642,0.0000,9.3638,0.0000
13.651,0.0000,9.3638,0.0000
13.660,0.0000,9.3638,0.0000
13.669,0.0000,9.3638,0.0000
13.678,0.0000,9.3638,0.0000
13.686,0.0000,9.3638,0.0003
13.696,0.0000,9.3638,0.0003
13.705,0.0000,9.3638,0.0006
13.716,0.0000,9.3638,0.0006
13.725,0.0000,9.3638,0.0010
13.735,0.0000,9.3638,0.0010
13.744,0.0000,9.3638,0.0015
13.755,0.0000,9.3638,0.0015
13.765,0.0000,9.3638,0.0020
13.775,0.0000,9.3638,0.0020
13.784,0.0000,9.3638,0.0020
13.792,0.0000,9.3638,0.0026
13.804,0.0000,9.3638,0.0026
13.812,0.0000,9.3638,0.0032
13.821,0.0000,9.3638,0.0032
13.830,0.0000,9.3638,0.0039
13.840,0.0000,9.3638,0.0039
13.850,0.0000,9.3638,0.0046
13.860,0.0000,9.3638,0.0046
13.869,0.0000,9.3638,0.0054
13.879,0.0000,9.3638,0.0054
13.887,0.0000,9.3638,0.0076
13.898,0.0000,9.3638,0.0076
13.905,0.0000,9.3638,0.0098
13.916,0.0000,9.3638,0.0098
13.925,0.0000,9.3638,0.0121
13.934,0.0000,9.3638,0.0121
13.943,0.0000,9.3638,0.0121
13.952,0.0000,9.3638,0.0145
13.963,0.0000,9.3638,0.0145
13.970,0.0000,9.3638,0.0169
13.980,0.0000,9.3638,0.0169
13.988,0.0000,9.3638,0.0192
13.998,0.0000,9.3638,0.0192
14.007,0.0000,9.3638,0.0216
14.015,0.0000,9.3638,0.0216
14.022,0.0000,9.3638,0.0216
14.030,0.0000,9.3638,0.0240
14.039,0.0000,9.3638,0.0240
14.047,0.0000,9.3638,0.0263
14.055,0.0000,9.3638,0.0263
14.062,0.0000,9.3638,0.0263
14.071,0.0000,9.3638,0.0287
14.080,0.0000,9.3638,0.0287
14.087,0.0000,9.3638,0.0311
14.096,0.0000,9.3638,0.0311
14.105,0.0000,9.3638,0.0335
14.113,0.0000,9.3638,0.0335
14.120,0.0000,9.3638,0.0335
14.129,0.0000,9.3638,0.0360
14.138,0.0000,9.3638,0.0360
14.145,0.0000,9.3638,0.0386
14.154,0.0000,9.3638,0.0386
14.163,0.0000,9.3638,0.0386
14.171,0.0000,9.3638,0.0412
14.180,0.0000,9.3638,0.0412
14.187,0.0000,9.3638,0.0438
14.197,0.0000,9.3638,0.0438
14.204,0.0000,9.3638,0.0438
14.212,0.0000,9.3638,0.0464
14.221,0.0000,9.3638,0.0464
14.229,0.0000,9.3638,0.0490
14.236,0.0000,9.3638,0.0490
14.244,0.0000,9.3638,0.0490
14.251,0.0000,9.3638,0.0516
14.260,0.0000,9.3638,0.0516
14.268,0.0000,9.3638,0.0543
14.277,0.0000,9.3638,0.0543
14.285,0.0000,9.3638,0.0569
14.294,0.0000,9.3638,0.0569
14.302,0.0000,9.3638,0.0569
14.310,0.0000,9.3638,0.0595
14.318,0.0000,9.3638,0.0595
14.326,0.0000,9.3638,0.0621
14.335,0.0000,9.3638,0.0621
14.344,0.0000,9.3638,0.0647
14.353,0.0000,9.3638,0.0647
14.362,0.0000,9.3638,0.0647
14.368,0.0000,9.3638,0.0673
14.379,0.0000,9.3638,0.0673
14.386,0.0000,9.3638,0.0699
14.396,0.0000,9.3638,0.0699
14.403,0.0000,9.3638,0.0699
14.411,0.0000,9.3638,0.0725
14.418,0.0000,9.3638,0.0725
14.426,0.0000,9.3638,0.0751
14.435,0.0000,9.3638,0.0751
14.444,0.0000,9.3638,0.0751
14.451,0.0000,9.3638,0.0777
14.460,0.0000,9.3638,0.0777
14.468,0.0000,9.3638,0.0803
14.477,0.0000,9.3638,0.0803
14.484,0.0000,9.3638,0.0829
14.493,0.0000,9.3638,0.0829
14.501,0.0000,9.3638,0.0829
14.508,0.0000,9.3638,0.0855
14.518,0.0000,9.3638,0.0855
14.525,0.0000,9.3638,0.0882
14.535,0.0000,9.3638,0.0882
14.541,0.0000,9.3638,0.0882
14.550,0.0000,9.3638,0.0908
14.558,0.0000,9.3638,0.0908
14.566,0.0000,9.3638,0.0934
14.575,0.0000,9.3638,0.0934
14.583,0.0000,9.3638,0.0934
14.590,0.0000,9.3638,0.0961
14.600,0.0000,9.3638,0.0961
14.607,0.0000,9.3638,0.0987
14.617,0.0000,9.3638,0.0987
14.623,0.0000,9.3638,0.0987
14.633,0.0000,9.3638,0.1014
14.642,0.0000,9.3638,0.1014
14.651,0.0000,9.3638,0.1041
14.658,0.0000,9.3638,0.1041
14.666,0.0000,9.3638,0.1068
14.676,0.0000,9.3638,0.1068
14.683,0.0000,9.3638,0.1068
14.692,0.0000,9.3638,0.1096
14.701,0.0000,9.3638,0.1096
14.710,0.0000,9.3638,0.1124
14.718,0.0000,9.3638,0.1124
14.727,0.0000,9.3638,0.1152
14.736,0.0000,9.3638,0.1152
14.744,0.0000,9.3638,0.1152
14.751,0.0000,9.3638,0.1182
14.760,0.0000,9.3638,0.1182
14.768,0.0000,9.3638,0.1211
14.778,0.0000,9.3638,0.1211
14.786,0.0000,9.3638,0.1241
14.797,0.0000,9.3638,0.1241
14.806,0.0000,9.3638,0.1272
14.816,0.0000,9.3638,0.1272
14.825,0.0000,9.3638,0.1303
14.836,0.0000,9.3638,0.1303
14.843,0.0000,9.3638,0.1303
14.851,0.0000,9.3638,0.1335
14.862,0.0000,9.3638,0.1335
14.870,0.0000,9.3638,0.1367
14.880,0.0000,9.3638,0.1367
14.889,0.0000,9.3638,0.1400
14.899,0.0000,9.3638,0.1400
14.908,0.0000,9.3638,0.1434
14.919,0.0000,9.3638,0.1434
14.930,0.0000,9.3638,0.1468
14.940,0.0000,9.3638,0.1468
14.949,0.0000,9.3638,0.1502
14.959,0.0000,9.3638,0.1502
14.969,0.0000,9.3638,0.1537
14.981,0.0000,9.3638,0.1537
14.989,0.0000,9.3638,0.1572
15.001,0.0000,9.3638,0.1572
15.011,0.0000,9.3638,0.1608
15.020,0.0000,9.3638,0.1608
15.030,0.0000,9.3638,0.1644
15.039,0.0000,9.3638,0.1644
15.048,0.0000,9.3638,0.1680
15.056,0.0000,9.3638,0.1680
15.066,0.0000,9.3638,0.1716
15.076,0.0000,9.3638,0.1716
15.084,0.0000,9.3638,0.1752
15.095,0.0000,9.3638,0.1752
15.103,0.0000,9.3638,0.1752
15.112,0.0000,9.3638,0.1821
15.121,0.0000,9.3638,0.1821
15.131,0.0000,9.3638,0.1891
15.140,0.0000,9.3638,0.1891
15.149,0.0000,9.3638,0.1960
15.158,0.0000,9.3638,0.1960
15.166,0.0000,9.3638,0.2030
15.176,0.0000,9.3638,0.2030
15.184,0.0000,9.3638,0.2100
15.195,0.0000,9.3638,0.2100
15.203,0.0000,9.3638,0.2100
15.211,0.0000,9.3638,0.2170
15.221,0.0000,9.3638,0.2170
15.230,0.0000,9.3638,0.2241
15.238,0.0000,9.3638,0.2241
15.248,0.0000,9.3638,0.2312
15.256,0.0000,9.3638,0.2312
15.264,0.0000,9.3638,0.2382
15.274,0.0000,9.3638,0.2382
15.282,0.0000,9.3638,0.2382
15.291,0.0000,9.3638,0.2454
15.301,0.0000,9.3638,0.2454
15.309,0.0000,9.3638,0.2525
15.319,0.0000,9.3638,0.2525
15.326,0.0000,9.3638,0.2597
15.336,0.0000,9.3638,0.2597
15.344,0.0000,9.3638,0.2597
15.352,0.0000,9.3638,0.2669
15.359,0.0000,9.3638,0.2669
15.368,0.0000,9.3638,0.2742
15.376,0.0000,9.3638,0.2742
15.384,0.0000,9.3638,0.2815
15.392,0.0000,9.3638,0.2815
15.410,0.0000,9.3638,0.2888
15.418,0.0000,9.3638,0.2888
15.426,0.0000,9.3638,0.2962
15.436,0.0000,9.3638,0.2962
15.443,0.0000,9.3638,0.2962
15.451,0.0000,9.3638,0.3036
15.461,0.0000,9.3638,0.3036
15.469,0.0000,9.3638,0.3110
15.478,0.0000,9.3638,0.3110
15.486,0.0000,9.3638,0.3185
15.496,0.0000,9.3638,0.3185
15.503,0.0000,9.3638,0.3185
15.512,0.0000,9.3638,0.3260
15.520,0.0000,9.3638,0.3260
15.529,0.0000,9.3638,0.3334
15.537,0.0000,9.3638,0.3334
15.545,0.0000,9.3638,0.3409
15.553,0.0000,9.3638,0.3409
15.561,0.0000,9.3638,0.3409
15.567,0.0000,9.3638,0.3484
15.576,0.0000,9.3638,0.3484
15.582,0.0000,9.3638,0.3484
15.590,0.0000,9.3638,0.3558
15.599,0.0000,9.3638,0.3558
15.606,0.0000,9.3638,0.3633
15.615,0.0000,9.3638,0.3633
15.622,0.0000,9.3638,0.3633
15.630,0.0000,9.3638,0.3708
15.640,0.0000,9.3638,0.3708
15.648,0.0000,9.3638,0.3782
15.657,0.0000,9.3638,0.3782
15.664,0.0000,9.3638,0.3857
15.673,0.0000,9.3638,0.3857
15.681,0.0000,9.3638,0.3857
15.688,0.0000,9.3638,0.3932
15.698,0.0000,9.3638,0.3932
15.705,0.0000,9.3638,0.4006
15.714,0.0000,9.3638,0.4006
15.721,0.0000,9.3638,0.4006
15.729,0.0000,9.3638,0.4081
15.738,0.0000,9.3638,0.4081
15.746,0.0000,9.3638,0.4156
15.754,0.0000,9.3638,0.4156
15.763,0.0000,9.3638,0.4156
15.771,0.0000,9.3638,0.4230
15.780,0.0000,9.3638,0.4230
15.789,0.0001,9.3638,0.4305
15.799,0.0001,9.3638,0.4305
15.806,0.0002,9.3638,0.4380
15.815,0.0002,9.3638,0.4380
15.822,0.0002,9.3638,0.4380
15.829,0.0003,9.3638,0.4454
15.837,0.0003,9.3638,0.4454
15.844,0.0004,9.3638,0.4529
15.853,0.0004,9.3638,0.4529
15.861,0.0004,9.3638,0.4529
15.869,0.0005,9.3638,0.4604
15.878,0.0005,9.3638,0.4604
15.886,0.0007,9.3638,0.4678
15.896,0.0007,9.3638,0.4678
15.902,0.0007,9.3638,0.4678
15.909,0.0008,9.3638,0.4753
15.917,0.0008,9.3638,0.4753
15.926,0.0009,9.3638,0.4827
15.935,0.0009,9.3638,0.4827
15.944,0.0010,9.3638,0.4901
15.953,0.0010,9.3638,0.4901
15.962,0.0010,9.3638,0.4901
15.969,0.0012,9.3638,0.4976
15.979,0.0012,9.3638,0.4976
15.987,0.0013,9.3638,0.5050
15.997,0.0013,9.3638,0.5050
16.005,0.0015,9.3638,0.5125
16.015,0.0015,9.3638,0.5125
16.023,0.0015,9.3638,0.5125
16.032,0.0016,9.3638,0.5199
16.043,0.0016,9.3638,0.5199
16.051,0.0018,9.3638,0.5273
16.061,0.0018,9.3638,0.5273
16.070,0.0020,9.3638,0.5348
16.080,0.0020,9.3638,0.5348
16.088,0.0022,9.3638,0.5422
16.099,0.0022,9.3638,0.5422
16.106,0.0023,9.3638,0.5496
16.115,0.0023,9.3638,0.5496
16.122,0.0023,9.3638,0.5496
16.131,0.0026,9.3638,0.5570
16.141,0.0026,9.3638,0.5570
16.149,0.0028,9.3638,0.5644
16.157,0.0028,9.3638,0.5644
16.166,0.0030,9.3638,0.5718
16.176,0.0030,9.3638,0.5718
16.184,0.0036,9.3638,0.5793
16.195,0.0036,9.3638,0.5793
16.202,0.0036,9.3638,0.5793
16.210,0.0041,9.3638,0.5867
16.219,0.0041,9.3638,0.5867
16.229,0.0048,9.3638,0.5941
16.237,0.0048,9.3638,0.5941
16.245,0.0054,9.3638,0.6015
16.255,0.0054,9.3638,0.6015
16.263,0.0054,9.3638,0.6015
16.273,0.0060,9.3638,0.6089
16.284,0.0067,9.3638,0.6163
16.295,0.0067,9.3638,0.6163
16.304,0.0074,9.3638,0.6237
16.315,0.0074,9.3638,0.6237
16.323,0.0074,9.3638,0.6237
16.331,0.0080,9.3638,0.6311
16.342,0.0080,9.3638,0.6311
16.350,0.0088,9.3638,0.6385
16.359,0.0088,9.3638,0.6385
16.367,0.0095,9.3638,0.6459
16.376,0.0095,9.3638,0.6459
16.384,0.0095,9.3638,0.6459
16.391,0.0102,9.3638,0.6533
16.401,0.0102,9.3638,0.6533
16.408,0.0110,9.3638,0.6607
16.418,0.0110,9.3638,0.6607
16.426,0.0118,9.3638,0.6681
16.436,0.0118,9.3638,0.6681
16.444,0.0118,9.3638,0.6681
16.451,0.0126,9.3638,0.6755
16.461,0.0126,9.3638,0.6755
16.469,0.0134,9.3638,0.6829
16.478,0.0134,9.3638,0.6829
16.487,0.0142,9.3638,0.6903
16.497,0.0142,9.3638,0.6903
16.504,0.0150,9.3638,0.6977
16.514,0.0150,9.3638,0.6977
16.522,0.0150,9.3638,0.6977
16.531,0.0158,9.3638,0.7051
16.540,0.0158,9.3638,0.7051
16.546,0.0166,9.3638,0.7125
16.555,0.0166,9.3638,0.7125
16.562,0.0166,9.3638,0.7125
16.570,0.0174,9.3638,0.7198
16.578,0.0174,9.3638,0.7198
16.585,0.0182,9.3638,0.7272
16.593,0.0182,9.3638,0.7272
16.602,0.0182,9.3638,0.7272
16.610,0.0190,9.3638,0.7346
16.620,0.0190,9.3638,0.7346
16.630,0.0198,9.3638,0.7420
16.641,0.0198,9.3638,0.7420
16.650,0.0206,9.3638,0.7493
16.661,0.0206,9.3638,0.7493
16.669,0.0214,9.3638,0.7567
16.681,0.0214,9.3638,0.7567
16.689,0.0221,9.3638,0.7641
16.701,0.0221,9.3638,0.7641
16.709,0.0228,9.3638,0.7714
16.722,0.0228,9.3638,0.7714
16.730,0.0235,9.3638,0.7788
16.741,0.0235,9.3638,0.7788
16.749,0.0237,9.3638,0.7861
16.760,0.0237,9.3638,0.7861
16.769,0.0239,9.3638,0.7935
16.780,0.0239,9.3638,0.7935
16.788,0.0240,9.3638,0.8008
16.800,0.0240,9.3638,0.8008
16.808,0.0241,9.3638,0.8082
16.819,0.0241,9.3638,0.8082
16.827,0.0241,9.3638,0.8155
16.838,0.0241,9.3638,0.8155
16.847,0.0241,9.3638,0.8229
16.858,0.0241,9.3638,0.8229
16.867,0.0241,9.3638,0.8302
16.877,0.0241,9.3638,0.8302
16.886,0.0241,9.3638,0.8376
16.898,0.0241,9.3638,0.8376
16.906,0.0241,9.3638,0.8449
16.918,0.0241,9.3638,0.8449
16.926,0.0241,9.3638,0.8523
16.936,0.0241,9.3638,0.8523
16.945,0.0241,9.3638,0.8596
16.953,0.0241,9.3638,0.8596
16.960,0.0241,9.3638,0.8596
16.967,0.0241,9.3638,0.8670
16.977,0.0241,9.3638,0.8670
16.984,0.0241,9.3638,0.8670
16.991,0.0241,9.3638,0.8743
17.001,0.0241,9.3638,0.8743
17.007,0.0241,9.3638,0.8817
17.017,0.0241,9.3638,0.8817
17.023,0.0241,9.3638,0.8817
17.031,0.0241,9.3638,0.8890
17.040,0.0241,9.3638,0.8890
17.048,0.0241,9.3638,0.8964
17.056,0.0241,9.3638,0.8964
17.065,0.0241,9.3638,0.9037
17.073,0.0241,9.3638,0.9037
17.082,0.0241,9.3638,0.9037
17.088,0.0240,9.3638,0.9110
17.098,0.0240,9.3638,0.9110
17.105,0.0239,9.3638,0.9184
17.115,0.0239,9.3638,0.9184
17.122,0.0239,9.3638,0.9184
17.131,0.0237,9.3638,0.9257
17.139,0.0237,9.3638,0.9257
17.147,0.0234,9.3638,0.9331
17.156,0.0234,9.3638,0.9331
17.165,0.0228,9.3638,0.9404
17.173,0.0228,9.3638,0.9404
17.182,0.0228,9.3638,0.9404
17.190,0.0221,9.3638,0.9478
17.200,0.0221,9.3638,0.9478
17.208,0.0214,9.3638,0.9552
17.217,0.0214,9.3638,0.9552
17.225,0.0207,9.3638,0.9626
17.234,0.0207,9.3638,0.9626
17.242,0.0207,9.3638,0.9626
17.249,0.0199,9.3638,0.9699
17.258,0.0199,9.3638,0.9699
17.266,0.0190,9.3638,0.9773
17.276,0.0190,9.3638,0.9773
17.285,0.0181,9.3638,0.9847
17.294,0.0181,9.3638,0.9847
17.303,0.0181,9.3638,0.9847
17.312,0.0172,9.3638,0.9921
17.322,0.0172,9.3638,0.9921
17.333,0.0152,9.3638,0.9995
17.342,0.0152,9.3638,0.9995
17.351,0.0131,9.3638,1.0069
17.360,0.0131,9.3638,1.0069
17.371,0.0109,9.3638,1.0143
17.381,0.0109,9.3638,1.0143
17.389,0.0086,9.3638,1.0217
17.400,0.0086,9.3638,1.0217
17.408,0.0063,9.3638,1.0290
17.419,0.0063,9.3638,1.0290
17.429,0.0039,9.3638,1.0364
17.439,0.0039,9.3638,1.0364
17.449,0.0014,9.3638,1.0438
17.459,0.0014,9.3638,1.0438
17.467,-0.0012,9.3638,1.0512
17.479,-0.0012,9.3638,1.0512
17.488,-0.0038,9.3638,1.0586
17.498,-0.0038,9.3638,1.0586
17.507,-0.0064,9.3638,1.0660
17.517,-0.0064,9.3638,1.0660
17.526,-0.0091,9.3638,1.0734
17.537,-0.0091,9.3638,1.0734
17.546,-0.0145,9.3638,1.0808
17.557,-0.0145,9.3638,1.0808
17.566,-0.0201,9.3638,1.0882
17.575,-0.0201,9.3638,1.0882
17.583,-0.0201,9.3638,1.0882
17.591,-0.0258,9.3638,1.0955
17.600,-0.0258,9.3638,1.0955
17.609,-0.0316,9.3638,1.1029
17.618,-0.0316,9.3638,1.1029
17.626,-0.0376,9.3638,1.1103
17.637,-0.0376,9.3638,1.1103
17.645,-0.0436,9.3638,1.1177
17.654,-0.0436,9.3638,1.1177
17.663,-0.0436,9.3638,1.1177
17.671,-0.0497,9.3638,1.1251
17.681,-0.0497,9.3638,1.1251
17.689,-0.0559,9.3638,1.1325
17.700,-0.0559,9.3638,1.1325
17.707,-0.0622,9.3638,1.1399
17.716,-0.0622,9.3638,1.1399
17.723,-0.0622,9.3638,1.1399
17.732,-0.0687,9.3638,1.1473
17.741,-0.0687,9.3638,1.1473
17.749,-0.0752,9.3638,1.1547
17.758,-0.0752,9.3638,1.1547
17.768,-0.0818,9.3638,1.1621
17.775,-0.0818,9.3638,1.1621
17.784,-0.0884,9.3638,1.1695
17.793,-0.0884,9.3638,1.1695
17.802,-0.0884,9.3638,1.1695
17.810,-0.0952,9.3638,1.1769
17.819,-0.0952,9.3638,1.1769
17.826,-0.1020,9.3638,1.1843
17.835,-0.1020,9.3638,1.1843
17.843,-0.1020,9.3638,1.1843
17.850,-0.1089,9.3638,1.1917
17.865,-0.1159,9.3638,1.1991
17.880,-0.1159,9.3638,1.1991
17.888,-0.1229,9.3638,1.2065
17.897,-0.1229,9.3638,1.2065
17.904,-0.1299,9.3638,1.2139
17.914,-0.1299,9.3638,1.2139
17.921,-0.1299,9.3638,1.2139
17.929,-0.1369,9.3638,1.2213
17.937,-0.1369,9.3638,1.2213
17.946,-0.1439,9.3638,1.2287
17.953,-0.1439,9.3638,1.2287
17.962,-0.1439,9.3638,1.2287
17.968,-0.1509,9.3638,1.2361
17.979,-0.1509,9.3638,1.2361
17.986,-0.1579,9.3638,1.2435
17.996,-0.1579,9.3638,1.2435
18.006,-0.1649,9.3638,1.2509
18.015,-0.1649,9.3638,1.2509
18.023,-0.1649,9.3638,1.2509
18.031,-0.1719,9.3638,1.2583
18.041,-0.1719,9.3638,1.2583
18.048,-0.1789,9.3638,1.2658
18.059,-0.1789,9.3638,1.2658
18.067,-0.1859,9.3638,1.2732
18.076,-0.1859,9.3638,1.2732
18.085,-0.1929,9.3638,1.2806
18.095,-0.1929,9.3638,1.2806
18.102,-0.1929,9.3638,1.2806
18.110,-0.1999,9.3638,1.2880
18.119,-0.1999,9.3638,1.2880
18.128,-0.2069,9.3638,1.2954
18.137,-0.2069,9.3638,1.2954
18.146,-0.2139,9.3638,1.3029
18.154,-0.2139,9.3638,1.3029
18.162,-0.2139,9.3638,1.3029
18.170,-0.2209,9.3638,1.3103
18.180,-0.2209,9.3638,1.3103
18.188,-0.2279,9.3638,1.3177
18.198,-0.2279,9.3638,1.3177
18.205,-0.2349,9.3638,1.3252
18.215,-0.2349,9.3638,1.3252
18.222,-0.2349,9.3638,1.3252
18.231,-0.2419,9.3638,1.3326
18.240,-0.2419,9.3638,1.3326
18.248,-0.2489,9.3638,1.3400
18.257,-0.2489,9.3638,1.3400
18.266,-0.2559,9.3638,1.3475
18.276,-0.2559,9.3638,1.3475
18.283,-0.2559,9.3638,1.3475
18.290,-0.2629,9.3638,1.3549
18.301,-0.2629,9.3638,1.3549
18.310,-0.2699,9.3638,1.3624
18.319,-0.2699,9.3638,1.3624
18.328,-0.2769,9.3638,1.3698
18.338,-0.2769,9.3638,1.3698
18.347,-0.2839,9.3638,1.3773
18.356,-0.2839,9.3638,1.3773
18.365,-0.2909,9.3638,1.3847
18.375,-0.2909,9.3638,1.3847
18.383,-0.2909,9.3638,1.3847
18.392,-0.2979,9.3638,1.3922
18.403,-0.2979,9.3638,1.3922
18.411,-0.3049,9.3638,1.3997
18.421,-0.3049,9.3638,1.3997
18.430,-0.3119,9.3638,1.4071
18.439,-0.3119,9.3638,1.4071
18.447,-0.3189,9.3638,1.4146
18.456,-0.3189,9.3638,1.4146
18.465,-0.3259,9.3638,1.4221
18.475,-0.3259,9.3638,1.4221
18.482,-0.3259,9.3638,1.4221
18.490,-0.3329,9.3638,1.4296
18.500,-0.3329,9.3638,1.4296
18.509,-0.3399,9.3638,1.4370
18.520,-0.3399,9.3638,1.4370
18.528,-0.3469,9.3638,1.4445
18.538,-0.3469,9.3638,1.4445
18.547,-0.3539,9.3638,1.4520
18.556,-0.3539,9.3638,1.4520
18.565,-0.3609,9.3638,1.4595
18.575,-0.3609,9.3638,1.4595
18.584,-0.3609,9.3638,1.4595
18.592,-0.3679,9.3638,1.4670
18.603,-0.3679,9.3638,1.4670
18.612,-0.3749,9.3638,1.4745
18.622,-0.3749,9.3638,1.4745
18.632,-0.3819,9.3638,1.4820
18.644,-0.3819,9.3638,1.4820
18.651,-0.3889,9.3638,1.4895
18.662,-0.3889,9.3638,1.4895
18.670,-0.3959,9.3638,1.4970
18.681,-0.3959,9.3638,1.4970
18.689,-0.4029,9.3638,1.5045
18.699,-0.4029,9.3638,1.5045
18.708,-0.4099,9.3638,1.5120
18.718,-0.4099,9.3638,1.5120
18.728,-0.4169,9.3638,1.5195
18.738,-0.4169,9.3638,1.5195
18.747,-0.4239,9.3638,1.5270
18.757,-0.4239,9.3638,1.5270
18.768,-0.4309,9.3638,1.5346
18.779,-0.4309,9.3638,1.5346
18.789,-0.4379,9.3638,1.5421
18.800,-0.4379,9.3638,1.5421
18.809,-0.4449,9.3638,1.5496
18.820,-0.4449,9.3638,1.5496
18.829,-0.4519,9.3638,1.5572
18.840,-0.4519,9.3638,1.5572
18.848,-0.4589,9.3638,1.5647
18.857,-0.4589,9.3638,1.5647
18.867,-0.4659,9.3638,1.5723
18.879,-0.4659,9.3638,1.5723
18.888,-0.4729,9.3638,1.5799
18.899,-0.4729,9.3638,1.5799
18.909,-0.4799,9.3638,1.5876
18.919,-0.4799,9.3638,1.5876
18.928,-0.4869,9.3638,1.5954
18.941,-0.4869,9.3638,1.5954
18.949,-0.4939,9.3638,1.6033
18.960,-0.4939,9.3638,1.6033
18.970,-0.5009,9.3638,1.6112
18.980,-0.5009,9.3638,1.6112
18.988,-0.5079,9.3638,1.6193
19.000,-0.5079,9.3638,1.6193
19.009,-0.5149,9.3638,1.6274
19.019,-0.5149,9.3638,1.6274
19.028,-0.5219,9.3638,1.6355
19.039,-0.5219,9.3638,1.6355
19.049,-0.5289,9.3638,1.6437
19.059,-0.5289,9.3638,1.6437
19.068,-0.5359,9.3638,1.6518
19.080,-0.5359,9.3638,1.6518
19.088,-0.5429,9.3638,1.6600
19.098,-0.5429,9.3638,1.6600
19.106,-0.5499,9.3638,1.6681
19.116,-0.5499,9.3638,1.6681
19.123,-0.5499,9.3638,1.6681
19.132,-0.5569,9.3638,1.6763
19.142,-0.5569,9.3638,1.6763
19.151,-0.5639,9.3638,1.6844
19.160,-0.5639,9.3638,1.6844
19.168,-0.5709,9.3638,1.6926
19.179,-0.5709,9.3638,1.6926
19.186,-0.5779,9.3638,1.7007
19.195,-0.5779,9.3638,1.7007
19.202,-0.5779,9.3638,1.7007
19.210,-0.5849,9.3638,1.7089
19.218,-0.5849,9.3638,1.7089
19.225,-0.5919,9.3638,1.7170
19.236,-0.5919,9.3638,1.7170
19.243,-0.5919,9.3638,1.7170
19.250,-0.5989,9.3638,1.7252
19.258,-0.5989,9.3638,1.7252
19.265,-0.6059,9.3638,1.7333
19.275,-0.6059,9.3638,1.7333
19.283,-0.6059,9.3638,1.7333
19.290,-0.6129,9.3638,1.7415
19.300,-0.6129,9.3638,1.7415
19.306,-0.6199,9.3638,1.7496
19.316,-0.6199,9.3638,1.7496
19.323,-0.6199,9.3638,1.7496
19.333,-0.6269,9.3638,1.7578
19.341,-0.6269,9.3638,1.7578
19.348,-0.6339,9.3638,1.7659
19.356,-0.6339,9.3638,1.7659
19.364,-0.6409,9.3638,1.7741
19.372,-0.6409,9.3638,1.7741
19.380,-0.6409,9.3638,1.7741
19.387,-0.6479,9.3638,1.7822
19.398,-0.6479,9.3638,1.7822
19.405,-0.6549,9.3638,1.7904
19.415,-0.6549,9.3638,1.7904
19.423,-0.6549,9.3638,1.7904
19.432,-0.6619,9.3638,1.7986
19.440,-0.6619,9.3638,1.7986
19.449,-0.6689,9.3638,1.8067
19.457,-0.6689,9.3638,1.8067
19.465,-0.6759,9.3638,1.8149
19.474,-0.6759,9.3638,1.8149
19.482,-0.6759,9.3638,1.8149
19.489,-0.6829,9.3638,1.8231
19.498,-0.6829,9.3638,1.8231
19.506,-0.6899,9.3638,1.8312
19.516,-0.6899,9.3638,1.8312
19.524,-0.6899,9.3638,1.8312
19.531,-0.6969,9.3638,1.8394
19.539,-0.6969,9.3638,1.8394
19.548,-0.7039,9.3638,1.8476
19.555,-0.7039,9.3638,1.8476
19.563,-0.7039,9.3638,1.8476
19.570,-0.7109,9.3638,1.8558
19.579,-0.7109,9.3638,1.8558
19.585,-0.7179,9.3638,1.8640
19.594,-0.7179,9.3638,1.8640
19.601,-0.7179,9.3638,1.8640
19.609,-0.7249,9.3638,1.8721
19.616,-0.7249,9.3638,1.8721
19.624,-0.7249,9.3638,1.8721
19.632,-0.7319,9.3638,1.8803
19.642,-0.7319,9.3638,1.8803
19.649,-0.7389,9.3638,1.8885
19.658,-0.7389,9.3638,1.8885
19.666,-0.7459,9.3638,1.8967
19.675,-0.7459,9.3638,1.8967
19.681,-0.7459,9.3638,1.8967
19.688,-0.7529,9.3638,1.9049
19.697,-0.7529,9.3638,1.9049
19.704,-0.7599,9.3638,1.9130
19.714,-0.7599,9.3638,1.9130
19.722,-0.7599,9.3638,1.9130
19.730,-0.7669,9.3638,1.9212
19.740,-0.7669,9.3638,1.9212
19.749,-0.7739,9.3638,1.9294
19.759,-0.7739,9.3638,1.9294
19.769,-0.7809,9.3638,1.9376
19.779,-0.7809,9.3638,1.9376
19.788,-0.7879,9.3638,1.9458
19.798,-0.7879,9.3638,1.9458
19.805,-0.7949,9.3638,1.9540
19.815,-0.7949,9.3638,1.9540
19.821,-0.7949,9.3638,1.9540
19.830,-0.8019,9.3638,1.9622
19.839,-0.8019,9.3638,1.9622
19.848,-0.8089,9.3638,1.9703
19.857,-0.8089,9.3638,1.9703
19.867,-0.8159,9.3638,1.9785
19.879,-0.8159,9.3638,1.9785
19.886,-0.8229,9.3638,1.9867
19.897,-0.8229,9.3638,1.9867
19.904,-0.8299,9.3638,1.9949
19.915,-0.8299,9.3638,1.9949
19.923,-0.8299,9.3638,1.9949
19.932,-0.8369,9.3638,2.0031
19.943,-0.8369,9.3638,2.0031
19.950,-0.8439,9.3638,2.0113
19.962,-0.8439,9.3638,2.0113
19.971,-0.8509,9.3638,2.0195
19.981,-0.8509,9.3638,2.0195
19.991,-0.8579,9.3638,2.0277
20.003,-0.8579,9.3638,2.0277
20.012,-0.8649,9.3638,2.0359
20.023,-0.8649,9.3638,2.0359
20.033,-0.8719,9.3638,2.0441
20.044,-0.8719,9.3638,2.0441
20.053,-0.8789,9.3638,2.0523
20.064,-0.8859,9.3638,2.0605
20.074,-0.8859,9.3638,2.0605
20.084,-0.8929,9.3638,2.0688
20.096,-0.8929,9.3638,2.0688
20.106,-0.8999,9.3638,2.0770
20.119,-0.8999,9.3638,2.0770
20.128,-0.9069,9.3638,2.0853
20.139,-0.9069,9.3638,2.0853
20.149,-0.9139,9.3638,2.0936
20.159,-0.9139,9.3638,2.0936
20.168,-0.9209,9.3638,2.1019
20.179,-0.9209,9.3638,2.1019
20.187,-0.9279,9.3638,2.1102
20.198,-0.9279,9.3638,2.1102
20.207,-0.9349,9.3638,2.1185
20.216,-0.9349,9.3638,2.1185
20.224,-0.9349,9.3638,2.1185
20.234,-0.9419,9.3638,2.1269
20.245,-0.9489,9.3638,2.1352
20.254,-0.9489,9.3638,2.1352
20.264,-0.9489,9.3638,2.1352
20.272,-0.9559,9.3638,2.1436
20.283,-0.9559,9.3638,2.1436
20.291,-0.9629,9.3638,2.1520
20.302,-0.9629,9.3638,2.1520
20.311,-0.9699,9.3638,2.1603
20.320,-0.9699,9.3638,2.1603
20.330,-0.9769,9.3638,2.1687
20.341,-0.9769,9.3638,2.1687
20.350,-0.9839,9.3638,2.1771
20.361,-0.9839,9.3638,2.1771
20.369,-0.9909,9.3638,2.1854
20.380,-0.9909,9.3638,2.1854
20.388,-0.9979,9.3638,2.1938
20.397,-0.9979,9.3638,2.1938
20.406,-1.0049,9.3638,2.2022
20.419,-1.0049,9.3638,2.2022
20.436,-1.0119,9.3638,2.2106
20.446,-1.0189,9.3638,2.2189
20.456,-1.0189,9.3638,2.2189
20.465,-1.0259,9.3638,2.2273
20.475,-1.0259,9.3638,2.2273
20.484,-1.0259,9.3638,2.2273
20.491,-1.0329,9.3638,2.2357
20.501,-1.0329,9.3638,2.2357
20.508,-1.0399,9.3638,2.2441
20.519,-1.0399,9.3638,2.2441
20.528,-1.0469,9.3638,2.2524
20.539,-1.0469,9.3638,2.2524
20.548,-1.0539,9.3638,2.2608
20.556,-1.0539,9.3638,2.2608
20.565,-1.0609,9.3638,2.2692
20.575,-1.0609,9.3638,2.2692
20.582,-1.0609,9.3638,2.2692
20.591,-1.0679,9.3638,2.2775
20.601,-1.0679,9.3638,2.2775
20.609,-1.0749,9.3638,2.2859
20.619,-1.0749,9.3638,2.2859
20.629,-1.0819,9.3638,2.2942
20.637,-1.0819,9.3638,2.2942
20.645,-1.0889,9.3638,2.3026
20.654,-1.0889,9.3638,2.3026
20.663,-1.0889,9.3638,2.3026
20.671,-1.0959,9.3638,2.3109
20.680,-1.0959,9.3638,2.3109
20.688,-1.1029,9.3638,2.3193
20.697,-1.1029,9.3638,2.3193
20.704,-1.1099,9.3638,2.3276
20.714,-1.1099,9.3638,2.3276
20.722,-1.1099,9.3638,2.3276
20.730,-1.1169,9.3638,2.3359
20.738,-1.1169,9.3638,2.3359
20.747,-1.1239,9.3638,2.3443
20.755,-1.1239,9.3638,2.3443
20.763,-1.1239,9.3638,2.3443
20.771,-1.1309,9.3638,2.3526
20.781,-1.1309,9.3638,2.3526
20.789,-1.1379,9.3638,2.3609
20.798,-1.1379,9.3638,2.3609
20.806,-1.1448,9.3638,2.3692
20.815,-1.1448,9.3638,2.3692
20.823,-1.1448,9.3638,2.3692
20.831,-1.1518,9.3638,2.3775
20.841,-1.1518,9.3638,2.3775
20.849,-1.1588,9.3638,2.3858
20.859,-1.1588,9.3638,2.3858
20.867,-1.1658,9.3638,2.3942
20.878,-1.1658,9.3638,2.3942
20.890,-1.1728,9.3638,2.4025
20.903,-1.1728,9.3638,2.4025
20.911,-1.1798,9.3638,2.4108
20.921,-1.1798,9.3638,2.4108
20.930,-1.1868,9.3638,2.4190
20.943,-1.1868,9.3638,2.4190
20.951,-1.1938,9.3638,2.4273
20.961,-1.1938,9.3638,2.4273
20.970,-1.2008,9.3638,2.4356
20.980,-1.2008,9.3638,2.4356
20.988,-1.2078,9.3638,2.4439
20.999,-1.2078,9.3638,2.4439
21.006,-1.2148,9.3638,2.4522
21.016,-1.2148,9.3638,2.4522
21.023,-1.2148,9.3638,2.4522
21.031,-1.2217,9.3638,2.4604
21.039,-1.2217,9.3638,2.4604
21.048,-1.2287,9.3638,2.4687
21.056,-1.2287,9.3638,2.4687
21.066,-1.2357,9.3638,2.4770
21.075,-1.2357,9.3638,2.4770
21.083,-1.2357,9.3638,2.4770
21.091,-1.2427,9.3638,2.4852
21.101,-1.2427,9.3638,2.4852
21.110,-1.2497,9.3638,2.4935
21.119,-1.2497,9.3638,2.4935
21.127,-1.2567,9.3638,2.5017
21.136,-1.2567,9.3638,2.5017
21.146,-1.2637,9.3638,2.5100
21.155,-1.2637,9.3638,2.5100
21.163,-1.2637,9.3638,2.5100
21.170,-1.2707,9.3638,2.5182
21.180,-1.2707,9.3638,2.5182
21.189,-1.2777,9.3638,2.5264
21.201,-1.2777,9.3638,2.5264
21.208,-1.2847,9.3638,2.5347
21.218,-1.2847,9.3638,2.5347
21.226,-1.2917,9.3638,2.5429
21.237,-1.2917,9.3638,2.5429
21.245,-1.2986,9.3638,2.5512
21.255,-1.2986,9.3638,2.5512
21.264,-1.3056,9.3638,2.5594
21.273,-1.3056,9.3638,2.5594
21.282,-1.3056,9.3638,2.5594
21.290,-1.3126,9.3638,2.5676
21.301,-1.3126,9.3638,2.5676
21.309,-1.3196,9.3638,2.5759
21.319,-1.3196,9.3638,2.5759
21.329,-1.3266,9.3638,2.5841
21.338,-1.3266,9.3638,2.5841
21.348,-1.3336,9.3638,2.5923
21.358,-1.3336,9.3638,2.5923
21.368,-1.3406,9.3638,2.6006
21.379,-1.3406,9.3638,2.6006
21.388,-1.3476,9.3638,2.6088
21.399,-1.3476,9.3638,2.6088
21.408,-1.3546,9.3638,2.6170
21.419,-1.3546,9.3638,2.6170
21.428,-1.3616,9.3638,2.6252
21.439,-1.3616,9.3638,2.6252
21.448,-1.3686,9.3638,2.6335
21.458,-1.3686,9.3638,2.6335
21.468,-1.3756,9.3638,2.6417
21.479,-1.3756,9.3638,2.6417
21.488,-1.3825,9.3638,2.6499
21.501,-1.3825,9.3638,2.6499
21.509,-1.3895,9.3638,2.6582
21.518,-1.3895,9.3638,2.6582
21.527,-1.3965,9.3638,2.6664
21.537,-1.3965,9.3638,2.6664
21.547,-1.4035,9.3638,2.6746
21.557,-1.4035,9.3638,2.6746
21.566,-1.4105,9.3638,2.6829
21.576,-1.4105,9.3638,2.6829
21.585,-1.4175,9.3638,2.6911
21.597,-1.4175,9.3638,2.6911
21.606,-1.4245,9.3638,2.6993
21.616,-1.4245,9.3638,2.6993
21.625,-1.4315,9.3638,2.7075
21.637,-1.4315,9.3638,2.7075
21.646,-1.4385,9.3638,2.7158
21.657,-1.4385,9.3638,2.7158
21.665,-1.4455,9.3638,2.7240
21.675,-1.4455,9.3638,2.7240
21.685,-1.4525,9.3638,2.7322
21.696,-1.4525,9.3638,2.7322
21.706,-1.4595,9.3638,2.7404
21.718,-1.4595,9.3638,2.7404
21.727,-1.4665,9.3638,2.7487
21.737,-1.4665,9.3638,2.7487
21.747,-1.4734,9.3638,2.7569
21.756,-1.4734,9.3638,2.7569
21.767,-1.4804,9.3638,2.7651
21.777,-1.4804,9.3638,2.7651
21.787,-1.4874,9.3638,2.7734
21.799,-1.4874,9.3638,2.7734
21.807,-1.4944,9.3638,2.7816
21.819,-1.4944,9.3638,2.7816
21.830,-1.5014,9.3638,2.7899
21.842,-1.5014,9.3638,2.7899
21.851,-1.5084,9.3638,2.7981
21.864,-1.5084,9.3638,2.7981
21.873,-1.5154,9.3638,2.8063
21.883,-1.5154,9.3638,2.8063
21.893,-1.5224,9.3638,2.8146
21.905,-1.5294,9.3638,2.8228
21.916,-1.5294,9.3638,2.8228
21.925,-1.5364,9.3638,2.8310
21.938,-1.5364,9.3638,2.8310
21.947,-1.5434,9.3638,2.8393
21.956,-1.5434,9.3638,2.8393
21.966,-1.5504,9.3638,2.8475
21.975,-1.5504,9.3638,2.8475
21.984,-1.5573,9.3638,2.8557
21.997,-1.5573,9.3638,2.8557
22.006,-1.5643,9.3638,2.8640
22.017,-1.5643,9.3638,2.8640
22.027,-1.5713,9.3638,2.8722
22.039,-1.5713,9.3638,2.8722
22.049,-1.5783,9.3638,2.8804
22.060,-1.5783,9.3638,2.8804
22.070,-1.5853,9.3638,2.8887
22.081,-1.5853,9.3638,2.8887
22.091,-1.5923,9.3638,2.8969
22.104,-1.5923,9.3638,2.8969
22.113,-1.5993,9.3638,2.9051
22.125,-1.6063,9.3638,2.9133
22.136,-1.6063,9.3638,2.9133
22.146,-1.6133,9.3638,2.9215
22.157,-1.6133,9.3638,2.9215
22.167,-1.6203,9.3638,2.9298
22.178,-1.6203,9.3638,2.9298
22.189,-1.6273,9.3638,2.9380
22.202,-1.6273,9.3638,2.9380
22.212,-1.6342,9.3638,2.9462
22.223,-1.6342,9.3638,2.9462
22.235,-1.6412,9.3638,2.9544
22.246,-1.6482,9.3638,2.9626
22.255,-1.6482,9.3638,2.9626
22.265,-1.6552,9.3638,2.9709
22.274,-1.6552,9.3638,2.9709
22.283,-1.6552,9.3638,2.9709
22.292,-1.6622,9.3638,2.9791
22.302,-1.6622,9.3638,2.9791
22.312,-1.6692,9.3638,2.9873
22.322,-1.6692,9.3638,2.9873
22.331,-1.6762,9.3638,2.9955
22.342,-1.6762,9.3638,2.9955
22.350,-1.6832,9.3638,3.0037
22.360,-1.6832,9.3638,3.0037
22.368,-1.6902,9.3638,3.0119
22.379,-1.6902,9.3638,3.0119
22.388,-1.6972,9.3638,3.0202
22.398,-1.6972,9.3638,3.0202
22.409,-1.7042,9.3638,3.0284
22.419,-1.7042,9.3638,3.0284
22.427,-1.7112,9.3638,3.0366
22.438,-1.7112,9.3638,3.0366
22.446,-1.7181,9.3638,3.0448
22.457,-1.7181,9.3638,3.0448
22.466,-1.7251,9.3638,3.0530
22.476,-1.7251,9.3638,3.0530
22.485,-1.7321,9.3638,3.0612
22.496,-1.7321,9.3638,3.0612
22.504,-1.7321,9.3638,3.0612
22.514,-1.7391,9.3638,3.0694
22.523,-1.7391,9.3638,3.0694
22.535,-1.7461,9.3638,3.0776
22.545,-1.7531,9.3638,3.0859
22.554,-1.7531,9.3638,3.0859
22.565,-1.7601,9.3638,3.0941
22.576,-1.7601,9.3638,3.0941
22.584,-1.7671,9.3638,3.1023
22.595,-1.7671,9.3638,3.1023
22.604,-1.7671,9.3638,3.1023
22.613,-1.7741,9.3638,3.1105
22.623,-1.7741,9.3638,3.1105
22.631,-1.7811,9.3638,3.1187
22.641,-1.7811,9.3638,3.1187
22.649,-1.7881,9.3638,3.1268
22.660,-1.7881,9.3638,3.1268
22.670,-1.7950,9.3638,3.1350
22.682,-1.7950,9.3638,3.1350
22.692,-1.8020,9.3638,3.1432
22.703,-1.8020,9.3638,3.1432
22.713,-1.8090,9.3638,3.1514
22.725,-1.8160,9.3638,3.1596
22.736,-1.8160,9.3638,3.1596
22.746,-1.8230,9.3638,3.1678
22.756,-1.8230,9.3638,3.1678
22.767,-1.8300,9.3638,3.1759
22.778,-1.8300,9.3638,3.1759
22.785,-1.8370,9.3638,3.1841
22.796,-1.8370,9.3638,3.1841
22.806,-1.8440,9.3638,3.1923
22.816,-1.8440,9.3638,3.1923
22.828,-1.8509,9.3638,3.2004
22.838,-1.8509,9.3638,3.2004
22.847,-1.8579,9.3638,3.2086
22.857,-1.8579,9.3638,3.2086
22.867,-1.8649,9.3638,3.2167
22.878,-1.8649,9.3638,3.2167
22.887,-1.8719,9.3638,3.2249
22.898,-1.8719,9.3638,3.2249
22.906,-1.8789,9.3638,3.2330
22.917,-1.8789,9.3638,3.2330
22.926,-1.8858,9.3638,3.2412
22.936,-1.8858,9.3638,3.2412
22.947,-1.8928,9.3638,3.2493
22.957,-1.8928,9.3638,3.2493
22.968,-1.8998,9.3638,3.2575
22.979,-1.8998,9.3638,3.2575
22.988,-1.9068,9.3638,3.2656
22.999,-1.9068,9.3638,3.2656
23.009,-1.9138,9.3638,3.2737
23.019,-1.9138,9.3638,3.2737
23.029,-1.9208,9.3638,3.2818
23.040,-1.9208,9.3638,3.2818
23.048,-1.9277,9.3638,3.2899
23.058,-1.9277,9.3638,3.2899
23.067,-1.9347,9.3638,3.2980
23.080,-1.9347,9.3638,3.2980
23.090,-1.9417,9.3638,3.3061
23.101,-1.9417,9.3638,3.3061
23.109,-1.9487,9.3638,3.3142
23.119,-1.9487,9.3638,3.3142
23.127,-1.9557,9.3638,3.3223
23.137,-1.9557,9.3638,3.3223
23.145,-1.9627,9.3638,3.3304
23.158,-1.9627,9.3638,3.3304
23.175,-1.9696,9.3638,3.3385
23.187,-1.9766,9.3638,3.3466
23.199,-1.9766,9.3638,3.3466
23.209,-1.9836,9.3638,3.3547
23.219,-1.9836,9.3638,3.3547
23.228,-1.9906,9.3638,3.3628
23.238,-1.9906,9.3638,3.3628
23.249,-1.9975,9.3638,3.3709
23.260,-1.9975,9.3638,3.3709
23.269,-2.0045,9.3638,3.3790
23.279,-2.0045,9.3638,3.3790
23.288,-2.0115,9.3638,3.3871
23.299,-2.0115,9.3638,3.3871
23.308,-2.0185,9.3638,3.3952
23.320,-2.0185,9.3638,3.3952
23.329,-2.0255,9.3638,3.4033
23.340,-2.0255,9.3638,3.4033
23.350,-2.0324,9.3638,3.4114
23.359,-2.0324,9.3638,3.4114
23.369,-2.0394,9.3638,3.4195
23.380,-2.0394,9.3638,3.4195
23.388,-2.0464,9.3638,3.4276
23.400,-2.0464,9.3638,3.4276
23.408,-2.0534,9.3638,3.4357
23.419,-2.0534,9.3638,3.4357
23.427,-2.0603,9.3638,3.4438
23.438,-2.0603,9.3638,3.4438
23.447,-2.0673,9.3638,3.4519
23.457,-2.0673,9.3638,3.4519
23.469,-2.0743,9.3638,3.4599
23.479,-2.0743,9.3638,3.4599
23.487,-2.0813,9.3638,3.4680
23.499,-2.0813,9.3638,3.4680
23.507,-2.0883,9.3638,3.4761
23.517,-2.0883,9.3638,3.4761
23.526,-2.0953,9.3638,3.4842
23.536,-2.0953,9.3638,3.4842
23.546,-2.1023,9.3638,3.4923
23.555,-2.1023,9.3638,3.4923
23.564,-2.1023,9.3638,3.4923
23.573,-2.1093,9.3638,3.5004
23.583,-2.1093,9.3638,3.5004
23.592,-2.1163,9.3638,3.5085
23.602,-2.1163,9.3638,3.5085
23.610,-2.1233,9.3638,3.5166
23.621,-2.1233,9.3638,3.5166
23.630,-2.1303,9.3638,3.5247
23.640,-2.1303,9.3638,3.5247
23.649,-2.1373,9.3638,3.5327
23.658,-2.1373,9.3638,3.5327
23.666,-2.1443,9.3638,3.5408
23.675,-2.1443,9.3638,3.5408
23.683,-2.1443,9.3638,3.5408
23.691,-2.1513,9.3638,3.5489
23.702,-2.1513,9.3638,3.5489
23.713,-2.1583,9.3638,3.5570
23.723,-2.1583,9.3638,3.5570
23.733,-2.1653,9.3638,3.5651
23.744,-2.1653,9.3638,3.5651
23.752,-2.1723,9.3638,3.5732
23.763,-2.1723,9.3638,3.5732
23.772,-2.1793,9.3638,3.5812
23.782,-2.1793,9.3638,3.5812
23.792,-2.1863,9.3638,3.5893
23.804,-2.1863,9.3638,3.5893
23.813,-2.1933,9.3638,3.5973
23.823,-2.1933,9.3638,3.5973
23.833,-2.2003,9.3638,3.6054
23.843,-2.2003,9.3638,3.6054
23.853,-2.2073,9.3638,3.6134
23.864,-2.2143,9.3638,3.6214
23.877,-2.2143,9.3638,3.6214
23.885,-2.2213,9.3638,3.6295
23.897,-2.2213,9.3638,3.6295
23.905,-2.2283,9.3638,3.6375
23.917,-2.2283,9.3638,3.6375
23.927,-2.2353,9.3638,3.6455
23.938,-2.2353,9.3638,3.6455
23.948,-2.2423,9.3638,3.6535
23.961,-2.2423,9.3638,3.6535
23.974,-2.2493,9.3638,3.6615
23.986,-2.2563,9.3638,3.6696
23.998,-2.2563,9.3638,3.6696
24.008,-2.2633,9.3638,3.6776
24.019,-2.2633,9.3638,3.6776
24.031,-2.2703,9.3638,3.6856
24.042,-2.2703,9.3638,3.6856
24.051,-2.2773,9.3638,3.6936
24.063,-2.2773,9.3638,3.6936
24.073,-2.2843,9.3638,3.7016
24.085,-2.2913,9.3638,3.7095
24.097,-2.2913,9.3638,3.7095
24.107,-2.2983,9.3638,3.7175
24.118,-2.2983,9.3638,3.7175
24.127,-2.3053,9.3638,3.7255
24.139,-2.3053,9.3638,3.7255
24.148,-2.3123,9.3638,3.7335
24.158,-2.3123,9.3638,3.7335
24.168,-2.3193,9.3638,3.7414
24.179,-2.3193,9.3638,3.7414
24.188,-2.3263,9.3638,3.7494
24.200,-2.3263,9.3638,3.7494
24.209,-2.3333,9.3638,3.7574
24.220,-2.3333,9.3638,3.7574
24.231,-2.3403,9.3638,3.7653
24.242,-2.3403,9.3638,3.7653
24.251,-2.3473,9.3638,3.7733
24.261,-2.3473,9.3638,3.7733
24.270,-2.3543,9.3638,3.7812
24.281,-2.3543,9.3638,3.7812
24.289,-2.3613,9.3638,3.7891
24.300,-2.3613,9.3638,3.7891
24.309,-2.3683,9.3638,3.7970
24.319,-2.3683,9.3638,3.7970
24.329,-2.3753,9.3638,3.8049
24.340,-2.3753,9.3638,3.8049
24.349,-2.3823,9.3638,3.8128
24.359,-2.3823,9.3638,3.8128
24.368,-2.3893,9.3638,3.8206
24.379,-2.3893,9.3638,3.8206
24.386,-2.3963,9.3638,3.8285
24.397,-2.3963,9.3638,3.8285
24.405,-2.4033,9.3638,3.8364
24.415,-2.4033,9.3638,3.8364
24.423,-2.4033,9.3638,3.8364
24.433,-2.4103,9.3638,3.8442
24.443,-2.4103,9.3638,3.8442
24.452,-2.4173,9.3638,3.8520
24.463,-2.4173,9.3638,3.8520
24.472,-2.4243,9.3638,3.8599
24.482,-2.4243,9.3638,3.8599
24.491,-2.4313,9.3638,3.8677
24.503,-2.4313,9.3638,3.8677
24.511,-2.4383,9.3638,3.8755
24.521,-2.4383,9.3638,3.8755
24.528,-2.4453,9.3638,3.8833
24.538,-2.4453,9.3638,3.8833
24.545,-2.4523,9.3638,3.8911
24.554,-2.4523,9.3638,3.8911
24.563,-2.4523,9.3638,3.8911
24.572,-2.4593,9.3638,3.8989
24.583,-2.4593,9.3638,3.8989
24.592,-2.4663,9.3638,3.9067
24.603,-2.4663,9.3638,3.9067
24.611,-2.4733,9.3638,3.9145
24.621,-2.4733,9.3638,3.9145
24.631,-2.4803,9.3638,3.9223
24.641,-2.4803,9.3638,3.9223
24.650,-2.4873,9.3638,3.9301
24.659,-2.4873,9.3638,3.9301
24.668,-2.4943,9.3638,3.9378
24.679,-2.4943,9.3638,3.9378
24.687,-2.5013,9.3638,3.9455
24.699,-2.5013,9.3638,3.9455
24.708,-2.5083,9.3638,3.9533
24.719,-2.5083,9.3638,3.9533
24.728,-2.5153,9.3638,3.9609
24.739,-2.5153,9.3638,3.9609
24.748,-2.5223,9.3638,3.9682
24.758,-2.5223,9.3638,3.9682
24.767,-2.5293,9.3638,3.9753
24.776,-2.5293,9.3638,3.9753
24.785,-2.5363,9.3638,3.9822
24.795,-2.5363,9.3638,3.9822
24.804,-2.5433,9.3638,3.9858
24.815,-2.5433,9.3638,3.9858
24.825,-2.5503,9.3638,3.9892
24.835,-2.5503,9.3638,3.9892
24.844,-2.5573,9.3638,3.9925
24.854,-2.5573,9.3638,3.9925
24.863,-2.5573,9.3638,3.9925
24.872,-2.5643,9.3638,3.9958
24.882,-2.5643,9.3638,3.9958
24.891,-2.5713,9.3638,3.9990
24.901,-2.5713,9.3638,3.9990
24.911,-2.5783,9.3638,4.0022
24.921,-2.5783,9.3638,4.0022
24.931,-2.5853,9.3638,4.0055
24.941,-2.5853,9.3638,4.0055
24.951,-2.5923,9.3638,4.0087
24.961,-2.5923,9.3638,4.0087
24.970,-2.5993,9.3638,4.0119
24.979,-2.5993,9.3638,4.0119
24.987,-2.6063,9.3638,4.0151
24.999,-2.6063,9.3638,4.0151
25.007,-2.6133,9.3638,4.0184
25.017,-2.6133,9.3638,4.0184
25.025,-2.6203,9.3638,4.0216
25.038,-2.6203,9.3638,4.0216
25.047,-2.6273,9.3638,4.0248
25.057,-2.6273,9.3638,4.0248
25.067,-2.6343,9.3638,4.0280
25.079,-2.6343,9.3638,4.0280
25.086,-2.6413,9.3638,4.0312
25.098,-2.6413,9.3638,4.0312
25.108,-2.6483,9.3638,4.0344
25.120,-2.6483,9.3638,4.0344
25.132,-2.6553,9.3638,4.0376
25.142,-2.6553,9.3638,4.0376
25.152,-2.6623,9.3638,4.0407
25.165,-2.6693,9.3638,4.0439
25.176,-2.6693,9.3638,4.0439
25.186,-2.6763,9.3638,4.0471
25.198,-2.6763,9.3638,4.0471
25.208,-2.6833,9.3638,4.0502
25.221,-2.6833,9.3638,4.0502
25.234,-2.6903,9.3638,4.0533
25.244,-2.6973,9.3638,4.0564
25.256,-2.6973,9.3638,4.0564
25.265,-2.7043,9.3638,4.0595
25.276,-2.7043,9.3638,4.0595
25.286,-2.7113,9.3638,4.0625
25.298,-2.7113,9.3638,4.0625
25.307,-2.7183,9.3638,4.0655
25.319,-2.7183,9.3638,4.0655
25.329,-2.7253,9.3638,4.0684
25.341,-2.7253,9.3638,4.0684
25.351,-2.7323,9.3638,4.0712
25.362,-2.7323,9.3638,4.0712
25.372,-2.7393,9.3638,4.0738
25.383,-2.7393,9.3638,4.0738
25.392,-2.7463,9.3638,4.0764
25.403,-2.7463,9.3638,4.0764
25.413,-2.7533,9.3638,4.0787
25.423,-2.7533,9.3638,4.0787
25.433,-2.7603,9.3638,4.0809
25.443,-2.7603,9.3638,4.0809
25.452,-2.7673,9.3638,4.0817
25.464,-2.7673,9.3638,4.0817
25.473,-2.7743,9.3638,4.0824
25.485,-2.7813,9.3638,4.0831
25.498,-2.7813,9.3638,4.0831
25.506,-2.7883,9.3638,4.0837
25.517,-2.7883,9.3638,4.0837
25.528,-2.7953,9.3638,4.0841
25.538,-2.7953,9.3638,4.0841
25.548,-2.8023,9.3638,4.0844
25.558,-2.8023,9.3638,4.0844
25.567,-2.8093,9.3638,4.0844
25.578,-2.8093,9.3638,4.0844
25.586,-2.8163,9.3638,4.0844
25.597,-2.8163,9.3638,4.0844
25.605,-2.8233,9.3638,4.0844
25.615,-2.8233,9.3638,4.0844
25.623,-2.8233,9.3638,4.0844
25.631,-2.8303,9.3638,4.0844
25.640,-2.8303,9.3638,4.0844
25.648,-2.8373,9.3638,4.0844
25.657,-2.8373,9.3638,4.0844
25.666,-2.8443,9.3638,4.0844
25.676,-2.8443,9.3638,4.0844
25.683,-2.8443,9.3638,4.0844
25.691,-2.8513,9.3638,4.0844
25.701,-2.8513,9.3638,4.0844
25.709,-2.8582,9.3638,4.0844
25.717,-2.8582,9.3638,4.0844
25.725,-2.8652,9.3638,4.0844
25.736,-2.8652,9.3638,4.0844
25.743,-2.8652,9.3638,4.0844
25.751,-2.8722,9.3638,4.0844
25.761,-2.8722,9.3638,4.0844
25.770,-2.8792,9.3638,4.0844
25.780,-2.8792,9.3638,4.0844
25.789,-2.8862,9.3638,4.0844
25.800,-2.8862,9.3638,4.0844
25.808,-2.8932,9.3638,4.0844
25.818,-2.8932,9.3638,4.0844
25.827,-2.9002,9.3638,4.0844
25.837,-2.9002,9.3638,4.0844
25.846,-2.9072,9.3638,4.0844
25.854,-2.9072,9.3638,4.0844
25.863,-2.9072,9.3638,4.0844
25.871,-2.9142,9.3638,4.0844
25.881,-2.9142,9.3638,4.0844
25.889,-2.9212,9.3638,4.0844
25.899,-2.9212,9.3638,4.0844
25.907,-2.9282,9.3638,4.0844
25.917,-2.9282,9.3638,4.0844
25.926,-2.9352,9.3638,4.0844
25.936,-2.9352,9.3638,4.0844
25.945,-2.9422,9.3638,4.0844
25.954,-2.9422,9.3638,4.0844
25.963,-2.9422,9.3638,4.0844
25.981,-2.9492,9.3638,4.0844
25.991,-2.9562,9.3638,4.0844
26.002,-2.9562,9.3638,4.0844
26.010,-2.9632,9.3638,4.0844
26.020,-2.9632,9.3638,4.0844
26.028,-2.9702,9.3638,4.0844
26.039,-2.9702,9.3638,4.0844
26.047,-2.9772,9.3638,4.0844
26.056,-2.9772,9.3638,4.0844
26.066,-2.9842,9.3638,4.0844
26.075,-2.9842,9.3638,4.0844
26.083,-2.9842,9.3638,4.0844
26.090,-2.9912,9.3638,4.0841
26.100,-2.9912,9.3638,4.0841
26.108,-2.9982,9.3638,4.0838
26.117,-2.9982,9.3638,4.0838
26.125,-3.0052,9.3638,4.0835
26.134,-3.0052,9.3638,4.0835
26.142,-3.0052,9.3638,4.0835
26.150,-3.0122,9.3638,4.0830
26.159,-3.0122,9.3638,4.0830
26.167,-3.0192,9.3638,4.0826
26.176,-3.0192,9.3638,4.0826
26.184,-3.0262,9.3638,4.0821
26.194,-3.0262,9.3638,4.0821
26.202,-3.0262,9.3638,4.0821
26.211,-3.0332,9.3638,4.0816
26.221,-3.0332,9.3638,4.0816
26.230,-3.0402,9.3638,4.0811
26.241,-3.0402,9.3638,4.0811
26.250,-3.0472,9.3638,4.0806
26.260,-3.0472,9.3638,4.0806
26.269,-3.0542,9.3638,4.0800
26.278,-3.0542,9.3638,4.0800
26.286,-3.0612,9.3638,4.0794
26.296,-3.0612,9.3638,4.0794
26.305,-3.0682,9.3638,4.0787
26.317,-3.0682,9.3638,4.0787
26.325,-3.0752,9.3638,4.0781
26.337,-3.0752,9.3638,4.0781
26.346,-3.0822,9.3638,4.0774
26.356,-3.0822,9.3638,4.0774
26.364,-3.0892,9.3638,4.0767
26.374,-3.0892,9.3638,4.0767
26.382,-3.0892,9.3638,4.0767
26.390,-3.0962,9.3638,4.0761
26.402,-3.0962,9.3638,4.0761
26.411,-3.1032,9.3638,4.0754
26.421,-3.1032,9.3638,4.0754
26.431,-3.1102,9.3638,4.0747
26.441,-3.1102,9.3638,4.0747
26.450,-3.1172,9.3638,4.0740
26.460,-3.1172,9.3638,4.0740
26.469,-3.1242,9.3638,4.0734
26.479,-3.1242,9.3638,4.0734
26.488,-3.1312,9.3638,4.0727
26.497,-3.1312,9.3638,4.0727
26.506,-3.1382,9.3638,4.0720
26.517,-3.1382,9.3638,4.0720
26.526,-3.1452,9.3638,4.0713
26.538,-3.1452,9.3638,4.0713
26.547,-3.1522,9.3638,4.0706
26.557,-3.1522,9.3638,4.0706
26.567,-3.1592,9.3638,4.0699
26.579,-3.1592,9.3638,4.0699
26.588,-3.1662,9.3638,4.0692
26.598,-3.1662,9.3638,4.0692
26.607,-3.1732,9.3638,4.0684
26.618,-3.1732,9.3638,4.0684
26.627,-3.1802,9.3638,4.0677
26.637,-3.1802,9.3638,4.0677
26.647,-3.1872,9.3638,4.0669
26.656,-3.1872,9.3638,4.0669
26.666,-3.1942,9.3638,4.0662
26.675,-3.1942,9.3638,4.0662
26.684,-3.2012,9.3638,4.0654
26.696,-3.2012,9.3638,4.0654
26.704,-3.2082,9.3638,4.0646
26.715,-3.2082,9.3638,4.0646
26.725,-3.2152,9.3638,4.0638
26.736,-3.2152,9.3638,4.0638
26.747,-3.2222,9.3638,4.0630
26.757,-3.2222,9.3638,4.0630
26.767,-3.2292,9.3638,4.0622
26.779,-3.2292,9.3638,4.0622
26.787,-3.2362,9.3638,4.0614
26.798,-3.2362,9.3638,4.0614
26.807,-3.2432,9.3638,4.0606
26.818,-3.2432,9.3638,4.0606
26.827,-3.2502,9.3638,4.0598
26.837,-3.2502,9.3638,4.0598
26.846,-3.2572,9.3638,4.0590
26.855,-3.2572,9.3638,4.0590
26.863,-3.2572,9.3638,4.0590
26.872,-3.2642,9.3638,4.0582
26.881,-3.2642,9.3638,4.0582
26.888,-3.2712,9.3638,4.0574
26.896,-3.2712,9.3638,4.0574
26.903,-3.2712,9.3638,4.0574
26.910,-3.2782,9.3638,4.0566
26.920,-3.2782,9.3638,4.0566
26.926,-3.2852,9.3638,4.0558
26.935,-3.2852,9.3638,4.0558
26.942,-3.2852,9.3638,4.0558
26.950,-3.2922,9.3638,4.0550
26.958,-3.2922,9.3638,4.0550
26.967,-3.2992,9.3638,4.0542
26.975,-3.2992,9.3638,4.0542
26.983,-3.2992,9.3638,4.0542
26.990,-3.3062,9.3638,4.0534
27.000,-3.3062,9.3638,4.0534
27.008,-3.3132,9.3638,4.0526
27.016,-3.3132,9.3638,4.0526
27.024,-3.3132,9.3638,4.0526
27.033,-3.3202,9.3638,4.0518
27.041,-3.3202,9.3638,4.0518
27.048,-3.3272,9.3638,4.0510
27.057,-3.3272,9.3638,4.0510
27.066,-3.3342,9.3638,4.0502
27.075,-3.3342,9.3638,4.0502
27.082,-3.3342,9.3638,4.0502
27.092,-3.3412,9.3638,4.0494
27.102,-3.3412,9.3638,4.0494
27.109,-3.3482,9.3638,4.0486
27.118,-3.3482,9.3638,4.0486
27.126,-3.3552,9.3638,4.0478
27.135,-3.3552,9.3638,4.0478
27.142,-3.3552,9.3638,4.0478
27.149,-3.3622,9.3638,4.0470
27.158,-3.3622,9.3638,4.0470
27.166,-3.3692,9.3638,4.0462
27.175,-3.3692,9.3638,4.0462
27.184,-3.3762,9.3638,4.0454
27.195,-3.3762,9.3638,4.0454
27.205,-3.3832,9.3638,4.0446
27.216,-3.3832,9.3638,4.0446
27.225,-3.3902,9.3638,4.0438
27.236,-3.3902,9.3638,4.0438
27.245,-3.3972,9.3638,4.0430
27.255,-3.3972,9.3638,4.0430
27.264,-3.4042,9.3638,4.0422
27.274,-3.4042,9.3638,4.0422
27.283,-3.4042,9.3638,4.0422
27.290,-3.4112,9.3638,4.0414
27.301,-3.4112,9.3638,4.0414
27.310,-3.4182,9.3638,4.0406
27.320,-3.4182,9.3638,4.0406
27.329,-3.4252,9.3638,4.0398
27.341,-3.4252,9.3638,4.0398
27.352,-3.4322,9.3638,4.0390
27.364,-3.4322,9.3638,4.0390
27.372,-3.4392,9.3638,4.0382
27.380,-3.4392,9.3638,4.0382
27.387,-3.4462,9.3638,4.0374
27.397,-3.4462,9.3638,4.0374
27.404,-3.4462,9.3638,4.0374
27.412,-3.4532,9.3638,4.0367
27.421,-3.4532,9.3638,4.0367
27.429,-3.4602,9.3638,4.0359
27.436,-3.4602,9.3638,4.0359
27.445,-3.4672,9.3638,4.0351
27.453,-3.4672,9.3638,4.0351
27.460,-3.4672,9.3638,4.0351
27.466,-3.4742,9.3638,4.0343
27.473,-3.4742,9.3638,4.0343
27.481,-3.4742,9.3638,4.0343
27.488,-3.4812,9.3638,4.0335
27.498,-3.4812,9.3638,4.0335
27.504,-3.4882,9.3638,4.0327
27.513,-3.4882,9.3638,4.0327
27.519,-3.4882,9.3638,4.0327
27.527,-3.4952,9.3638,4.0320
27.534,-3.4952,9.3638,4.0320
27.542,-3.4952,9.3638,4.0320
27.548,-3.5022,9.3638,4.0312
27.556,-3.5022,9.3638,4.0312
27.563,-3.5022,9.3638,4.0312
27.570,-3.5092,9.3638,4.0304
27.579,-3.5092,9.3638,4.0304
27.585,-3.5162,9.3638,4.0296
27.594,-3.5162,9.3638,4.0296
27.602,-3.5162,9.3638,4.0296
27.611,-3.5232,9.3638,4.0288
27.619,-3.5232,9.3638,4.0288
27.626,-3.5302,9.3638,4.0281
27.636,-3.5302,9.3638,4.0281
27.644,-3.5302,9.3638,4.0281
27.652,-3.5372,9.3638,4.0273
27.660,-3.5372,9.3638,4.0273
27.669,-3.5442,9.3638,4.0265
27.676,-3.5442,9.3638,4.0265
27.684,-3.5442,9.3638,4.0265
27.691,-3.5512,9.3638,4.0257
27.702,-3.5512,9.3638,4.0257
27.709,-3.5582,9.3638,4.0250
27.717,-3.5582,9.3638,4.0250
27.724,-3.5652,9.3638,4.0242
27.734,-3.5652,9.3638,4.0242
27.741,-3.5652,9.3638,4.0242
27.749,-3.5722,9.3638,4.0234
27.756,-3.5722,9.3638,4.0234
27.766,-3.5792,9.3638,4.0226
27.774,-3.5792,9.3638,4.0226
27.782,-3.5792,9.3638,4.0226
27.790,-3.5862,9.3638,4.0219
27.798,-3.5862,9.3638,4.0219
27.805,-3.5932,9.3638,4.0211
27.815,-3.5932,9.3638,4.0211
27.824,-3.5932,9.3638,4.0211
27.832,-3.6002,9.3638,4.0203
27.841,-3.6002,9.3638,4.0203
27.849,-3.6072,9.3638,4.0195
27.858,-3.6072,9.3638,4.0195
27.866,-3.6142,9.3638,4.0188
27.874,-3.6142,9.3638,4.0188
27.882,-3.6142,9.3638,4.0188
27.889,-3.6212,9.3638,4.0180
27.900,-3.6212,9.3638,4.0180
27.907,-3.6282,9.3638,4.0172
27.916,-3.6282,9.3638,4.0172
27.923,-3.6282,9.3638,4.0172
27.931,-3.6352,9.3638,4.0165
27.939,-3.6352,9.3638,4.0165
27.947,-3.6422,9.3638,4.0157
27.954,-3.6422,9.3638,4.0157
27.962,-3.6422,9.3638,4.0157
27.968,-3.6492,9.3638,4.0149
27.978,-3.6492,9.3638,4.0149
27.986,-3.6562,9.3638,4.0142
27.996,-3.6562,9.3638,4.0142
28.005,-3.6632,9.3638,4.0134
28.015,-3.6632,9.3638,4.0134
28.023,-3.6632,9.3638,4.0134
28.031,-3.6702,9.3638,4.0127
28.041,-3.6702,9.3638,4.0127
28.049,-3.6772,9.3638,4.0119
28.057,-3.6772,9.3638,4.0119
28.065,-3.6842,9.3638,4.0112
28.074,-3.6842,9.3638,4.0112
28.081,-3.6842,9.3638,4.0112
28.088,-3.6912,9.3638,4.0104
28.097,-3.6912,9.3638,4.0104
28.104,-3.6982,9.3638,4.0097
28.112,-3.6982,9.3638,4.0097
28.120,-3.6982,9.3638,4.0097
28.127,-3.7052,9.3638,4.0089
28.136,-3.7052,9.3638,4.0089
28.143,-3.7052,9.3638,4.0089
28.150,-3.7122,9.3638,4.0082
28.159,-3.7122,9.3638,4.0082
28.167,-3.7192,9.3638,4.0074
28.174,-3.7192,9.3638,4.0074
28.182,-3.7192,9.3638,4.0074
28.188,-3.7262,9.3638,4.0067
28.196,-3.7262,9.3638,4.0067
28.202,-3.7262,9.3638,4.0067
28.209,-3.7332,9.3638,4.0059
28.218,-3.7332,9.3638,4.0059
28.224,-3.7402,9.3638,4.0052
28.234,-3.7402,9.3638,4.0052
28.242,-3.7402,9.3638,4.0052
28.250,-3.7472,9.3638,4.0045
28.258,-3.7472,9.3638,4.0045
28.266,-3.7542,9.3638,4.0038
28.275,-3.7542,9.3638,4.0038
28.282,-3.7542,9.3638,4.0038
28.288,-3.7612,9.3638,4.0030
28.296,-3.7612,9.3638,4.0030
28.304,-3.7682,9.3638,4.0023
28.312,-3.7682,9.3638,4.0023
28.320,-3.7682,9.3638,4.0023
28.329,-3.7752,9.3638,4.0017
28.338,-3.7752,9.3638,4.0017
28.346,-3.7822,9.3638,4.0011
28.354,-3.7822,9.3638,4.0011
28.362,-3.7822,9.3638,4.0011
28.369,-3.7892,9.3638,4.0005
28.377,-3.7892,9.3638,4.0005
28.384,-3.7962,9.3638,4.0001
28.391,-3.7962,9.3638,4.0001
28.399,-3.7962,9.3638,4.0001
28.406,-3.8032,9.3638,3.9997
28.414,-3.8032,9.3638,3.9997
28.421,-3.8032,9.3638,3.9997
28.428,-3.8102,9.3638,3.9994
28.437,-3.8102,9.3638,3.9994
28.444,-3.8172,9.3638,3.9994
28.455,-3.8172,9.3638,3.9994
28.469,-3.8242,9.3638,3.9994
28.478,-3.8242,9.3638,3.9994
28.485,-3.8312,9.3638,3.9994
28.492,-3.8312,9.3638,3.9994
28.498,-3.8312,9.3638,3.9994
28.506,-3.8382,9.3638,3.9994
28.515,-3.8382,9.3638,3.9994
28.521,-3.8382,9.3638,3.9994
28.528,-3.8452,9.3638,3.9994
28.535,-3.8452,9.3638,3.9994
28.542,-3.8452,9.3638,3.9994
28.548,-3.8522,9.3638,3.9994
28.555,-3.8522,9.3638,3.9994
28.562,-3.8522,9.3638,3.9994
28.569,-3.8592,9.3638,3.9994
28.576,-3.8592,9.3638,3.9994
28.582,-3.8592,9.3638,3.9994
28.589,-3.8661,9.3638,3.9994
28.596,-3.8661,9.3638,3.9994
28.604,-3.8731,9.3638,3.9994
28.612,-3.8731,9.3638,3.9994
28.619,-3.8731,9.3638,3.9994
28.624,-3.8801,9.3638,3.9994
28.633,-3.8801,9.3638,3.9994
28.639,-3.8801,9.3638,3.9994
28.647,-3.8871,9.3638,3.9994
28.654,-3.8871,9.3638,3.9994
28.662,-3.8871,9.3638,3.9994
28.668,-3.8941,9.3638,3.9994
28.674,-3.8941,9.3638,3.9994
28.682,-3.8941,9.3638,3.9994
28.689,-3.9011,9.3638,3.9994
28.699,-3.9011,9.3638,3.9994
28.705,-3.9080,9.3638,3.9994
28.714,-3.9080,9.3638,3.9994
28.721,-3.9080,9.3638,3.9994
28.730,-3.9150,9.3638,3.9994
28.736,-3.9150,9.3638,3.9994
28.744,-3.9220,9.3638,3.9994
28.751,-3.9220,9.3638,3.9994
28.758,-3.9220,9.3638,3.9994
28.764,-3.9290,9.3638,3.9994
28.771,-3.9290,9.3638,3.9994
28.779,-3.9290,9.3638,3.9994
28.786,-3.9360,9.3638,3.9994
28.795,-3.9360,9.3638,3.9994
28.802,-3.9360,9.3638,3.9994
28.809,-3.9429,9.3638,3.9994
28.817,-3.9429,9.3638,3.9994
28.823,-3.9429,9.3638,3.9994
28.829,-3.9499,9.3638,3.9994
28.837,-3.9499,9.3638,3.9994
28.844,-3.9569,9.3638,3.9994
28.854,-3.9569,9.3638,3.9994
28.860,-3.9569,9.3638,3.9994
28.867,-3.9639,9.3638,3.9994
28.875,-3.9639,9.3638,3.9994
28.884,-3.9639,9.3638,3.9994
28.891,-3.9708,9.3638,3.9994
28.901,-3.9708,9.3638,3.9994
28.909,-3.9778,9.3638,3.9994
28.918,-3.9778,9.3638,3.9994
28.925,-3.9848,9.3638,3.9994
28.933,-3.9848,9.3638,3.9994
28.940,-3.9848,9.3638,3.9994
28.947,-3.9918,9.3638,3.9994
28.954,-3.9918,9.3638,3.9994
28.962,-3.9918,9.3638,3.9994
28.969,-3.9987,9.3638,3.9994
28.977,-3.9987,9.3638,3.9994
28.984,-3.9987,9.3638,3.9994
28.990,-4.0057,9.3638,3.9994
29.000,-4.0057,9.3638,3.9994
29.008,-4.0127,9.3638,3.9994
29.016,-4.0127,9.3638,3.9994
29.024,-4.0127,9.3638,3.9994
29.032,-4.0196,9.3638,3.9994
29.040,-4.0196,9.3638,3.9994
29.047,-4.0266,9.3638,3.9994
29.056,-4.0266,9.3638,3.9994
29.063,-4.0266,9.3638,3.9994
29.071,-4.0336,9.3638,3.9994
29.080,-4.0336,9.3638,3.9994
29.088,-4.0405,9.3638,3.9994
29.098,-4.0405,9.3638,3.9994
29.107,-4.0475,9.3638,3.9994
29.116,-4.0475,9.3638,3.9994
29.123,-4.0475,9.3638,3.9994
29.129,-4.0544,9.3638,3.9994
29.138,-4.0544,9.3638,3.9994
29.144,-4.0614,9.3638,3.9994
29.154,-4.0614,9.3638,3.9994
29.161,-4.0614,9.3638,3.9994
29.169,-4.0683,9.3638,3.9994
29.177,-4.0683,9.3638,3.9994
29.185,-4.0753,9.3638,3.9994
29.194,-4.0753,9.3638,3.9994
29.202,-4.0753,9.3638,3.9994
29.210,-4.0822,9.3638,3.9994
29.218,-4.0822,9.3638,3.9994
29.225,-4.0892,9.3638,3.9994
29.233,-4.0892,9.3638,3.9994
29.241,-4.0892,9.3638,3.9994
29.248,-4.0961,9.3638,3.9994
29.257,-4.0961,9.3638,3.9994
29.265,-4.1031,9.3638,3.9994
29.273,-4.1031,9.3638,3.9994
29.280,-4.1031,9.3638,3.9994
29.288,-4.1100,9.3638,3.9994
29.297,-4.1100,9.3638,3.9994
29.306,-4.1170,9.3638,3.9994
29.314,-4.1170,9.3638,3.9994
29.321,-4.1170,9.3638,3.9994
29.330,-4.1239,9.3638,3.9994
29.338,-4.1239,9.3638,3.9994
29.345,-4.1308,9.3638,3.9994
29.354,-4.1308,9.3638,3.9994
29.361,-4.1308,9.3638,3.9994
29.367,-4.1378,9.3638,3.9994
29.374,-4.1378,9.3638,3.9994
29.381,-4.1378,9.3638,3.9994
29.388,-4.1447,9.3638,3.9994
29.397,-4.1447,9.3638,3.9994
29.403,-4.1447,9.3638,3.9994
29.410,-4.1516,9.3638,3.9994
29.418,-4.1516,9.3638,3.9994
29.425,-4.1584,9.3638,3.9994
29.434,-4.1584,9.3638,3.9994
29.440,-4.1584,9.3638,3.9994
29.448,-4.1652,9.3638,3.9994
29.454,-4.1652,9.3638,3.9994
29.462,-4.1652,9.3638,3.9994
29.468,-4.1719,9.3638,3.9994
29.476,-4.1719,9.3638,3.9994
29.483,-4.1719,9.3638,3.9994
29.489,-4.1784,9.3638,3.9994
29.498,-4.1784,9.3638,3.9994
29.504,-4.1847,9.3638,3.9994
29.514,-4.1847,9.3638,3.9994
29.520,-4.1847,9.3638,3.9994
29.528,-4.1907,9.3638,3.9994
29.536,-4.1907,9.3638,3.9994
29.545,-4.1962,9.3638,3.9994
29.552,-4.1962,9.3638,3.9994
29.560,-4.1962,9.3638,3.9994
29.566,-4.1986,9.3638,3.9994
29.574,-4.1986,9.3638,3.9994
29.580,-4.1986,9.3638,3.9994
29.587,-4.2007,9.3638,3.9994
29.595,-4.2007,9.3638,3.9994
29.603,-4.2007,9.3638,3.9994
29.610,-4.2016,9.3638,3.9994
29.619,-4.2016,9.3638,3.9994
29.627,-4.2024,9.3638,3.9994
29.636,-4.2024,9.3638,3.9994
29.642,-4.2024,9.3638,3.9994
29.649,-4.2031,9.3638,3.9994
29.656,-4.2031,9.3638,3.9994
29.664,-4.2037,9.3638,3.9994
29.672,-4.2037,9.3638,3.9994
29.680,-4.2037,9.3638,3.9994
29.687,-4.2039,9.3638,3.9994
29.696,-4.2039,9.3638,3.9994
29.703,-4.2039,9.3638,3.9994
29.712,-4.2041,9.3638,3.9994
29.720,-4.2041,9.3638,3.9994
29.728,-4.2043,9.3638,3.9994
29.737,-4.2043,9.3638,3.9994
29.745,-4.2044,9.3638,3.9994
29.754,-4.2044,9.3638,3.9994
29.762,-4.2044,9.3638,3.9994
29.770,-4.2045,9.3638,3.9994
29.781,-4.2045,9.3638,3.9994
29.787,-4.2046,9.3638,3.9994
29.795,-4.2046,9.3638,3.9994
29.803,-4.2046,9.3638,3.9994
29.811,-4.2046,9.3638,3.9994
29.818,-4.2046,9.3638,3.9994
29.824,-4.2046,9.3638,3.9994
29.831,-4.2046,9.3638,3.9994
29.838,-4.2046,9.3638,3.9994
29.846,-4.2046,9.3638,3.9994
29.853,-4.2046,9.3638,3.9994
29.859,-4.2046,9.3638,3.9994
29.867,-4.2046,9.3638,3.9994
29.874,-4.2046,9.3638,3.9994
29.880,-4.2046,9.3638,3.9994
29.886,-4.2046,9.3638,3.9994
29.894,-4.2046,9.3638,3.9994
29.902,-4.2046,9.3638,3.9994
29.908,-4.2046,9.3638,3.9994
29.916,-4.2046,9.3638,3.9994
29.923,-4.2046,9.3638,3.9994
29.930,-4.2046,9.3638,3.9994
29.937,-4.2046,9.3638,3.9994
29.945,-4.2046,9.3638,3.9994
29.954,-4.2046,9.3638,3.9994
29.962,-4.2046,9.3638,3.9994
29.969,-4.2046,9.3638,3.9994
29.977,-4.2046,9.3638,3.9994
29.986,-4.2046,9.3638,3.9994
29.995,-4.2046,9.3638,3.9994
30.002,-4.2046,9.3638,3.9994
30.010,-4.2046,9.3638,3.9994
30.018,-4.2046,9.3638,3.9994
30.025,-4.2046,9.3638,3.9994
30.032,-4.2046,9.3638,3.9994
30.040,-4.2046,9.3638,3.9994
30.047,-4.2046,9.3638,3.9994
30.055,-4.2046,9.3638,3.9994
30.062,-4.2046,9.3638,3.9994
30.068,-4.2046,9.3638,3.9994
30.076,-4.2046,9.3638,3.9994
30.085,-4.2046,9.3638,3.9994
30.095,-4.2046,9.3638,3.9994
30.102,-4.2046,9.3638,3.9994
30.110,-4.2046,9.3638,3.9994
30.117,-4.2046,9.3638,3.9994
30.124,-4.2046,9.3638,3.9994
30.133,-4.2046,9.3638,3.9994
30.140,-4.2046,9.3638,3.9994
30.148,-4.2045,9.3638,3.9994
30.156,-4.2045,9.3638,3.9994
30.164,-4.2044,9.3638,3.9994
30.172,-4.2044,9.3638,3.9994
30.179,-4.2044,9.3638,3.9994
30.186,-4.2043,9.3638,3.9994
30.194,-4.2043,9.3638,3.9994
30.201,-4.2043,9.3638,3.9994
30.208,-4.2041,9.3638,3.9994
30.216,-4.2041,9.3638,3.9994
30.223,-4.2041,9.3638,3.9994
30.231,-4.2039,9.3638,3.9994
30.239,-4.2039,9.3638,3.9994
30.247,-4.2037,9.3638,3.9994
30.254,-4.2037,9.3638,3.9994
30.263,-4.2037,9.3638,3.9994
30.270,-4.2030,9.3638,3.9994
30.279,-4.2030,9.3638,3.9994
30.286,-4.2024,9.3638,3.9994
30.295,-4.2024,9.3638,3.9994
30.302,-4.2024,9.3638,3.9994
30.310,-4.2017,9.3638,3.9994
30.318,-4.2017,9.3638,3.9994
30.325,-4.2009,9.3638,3.9994
30.334,-4.2009,9.3638,3.9994
30.342,-4.2009,9.3638,3.9994
30.349,-4.2001,9.3638,3.9994
30.360,-4.2001,9.3638,3.9994
30.366,-4.1992,9.3638,3.9994
30.375,-4.1992,9.3638,3.9994
30.382,-4.1992,9.3638,3.9994
30.389,-4.1984,9.3638,3.9994
30.396,-4.1984,9.3638,3.9994
30.403,-4.1984,9.3638,3.9994
30.410,-4.1974,9.3638,3.9994
30.418,-4.1974,9.3638,3.9994
30.425,-4.1965,9.3638,3.9994
30.435,-4.1965,9.3638,3.9994
30.441,-4.1965,9.3638,3.9994
30.449,-4.1945,9.3638,3.9994
30.457,-4.1945,9.3638,3.9994
30.465,-4.1925,9.3638,3.9994
30.473,-4.1925,9.3638,3.9994
30.481,-4.1925,9.3638,3.9994
30.488,-4.1905,9.3638,3.9994
30.497,-4.1905,9.3638,3.9994
30.504,-4.1885,9.3638,3.9994
30.513,-4.1885,9.3638,3.9994
30.520,-4.1885,9.3638,3.9994
30.528,-4.1864,9.3638,3.9994
30.536,-4.1864,9.3638,3.9994
30.544,-4.1843,9.3638,3.9994
30.552,-4.1843,9.3638,3.9994
30.560,-4.1843,9.3638,3.9994
30.568,-4.1822,9.3638,3.9994
30.576,-4.1822,9.3638,3.9994
30.584,-4.1822,9.3638,3.9994
30.591,-4.1801,9.3638,3.9994
30.601,-4.1801,9.3638,3.9994
30.609,-4.1779,9.3638,3.9994
30.618,-4.1779,9.3638,3.9994
30.626,-4.1758,9.3638,3.9994
30.635,-4.1758,9.3638,3.9994
30.642,-4.1758,9.3638,3.9994
30.650,-4.1736,9.3638,3.9994
30.657,-4.1736,9.3638,3.9994
30.665,-4.1714,9.3638,3.9994
30.672,-4.1714,9.3638,3.9994
30.679,-4.1714,9.3638,3.9994
30.686,-4.1692,9.3638,3.9994
30.694,-4.1692,9.3638,3.9994
30.701,-4.1692,9.3638,3.9994
30.706,-4.1669,9.3638,3.9994
30.724,-4.1647,9.3638,3.9994
30.734,-4.1647,9.3638,3.9994
30.741,-4.1647,9.3638,3.9994
30.748,-4.1624,9.3638,3.9994
30.756,-4.1624,9.3638,3.9994
30.764,-4.1602,9.3638,3.9994
30.772,-4.1602,9.3638,3.9994
30.782,-4.1602,9.3638,3.9994
30.789,-4.1579,9.3638,3.9994
30.799,-4.1579,9.3638,3.9994
30.806,-4.1556,9.3638,3.9994
30.815,-4.1556,9.3638,3.9994
30.822,-4.1556,9.3638,3.9994
30.831,-4.1533,9.3638,3.9994
30.841,-4.1533,9.3638,3.9994
30.848,-4.1510,9.3638,3.9994
30.856,-4.1510,9.3638,3.9994
30.864,-4.1510,9.3638,3.9994
30.872,-4.1487,9.3638,3.9994
30.880,-4.1487,9.3638,3.9994
30.888,-4.1464,9.3638,3.9994
30.897,-4.1464,9.3638,3.9994
30.906,-4.1441,9.3638,3.9994
30.915,-4.1441,9.3638,3.9994
30.923,-4.1441,9.3638,3.9994
30.933,-4.1419,9.3638,3.9994
30.941,-4.1419,9.3638,3.9994
30.950,-4.1396,9.3638,3.9994
30.959,-4.1396,9.3638,3.9994
30.968,-4.1373,9.3638,3.9994
30.975,-4.1373,9.3638,3.9994
30.983,-4.1373,9.3638,3.9994
30.990,-4.1350,9.3638,3.9994
31.000,-4.1350,9.3638,3.9994
31.006,-4.1327,9.3638,3.9994
31.016,-4.1327,9.3638,3.9994
31.022,-4.1327,9.3638,3.9994
31.030,-4.1304,9.3638,3.9994
31.038,-4.1304,9.3638,3.9994
31.046,-4.1282,9.3638,3.9994
31.054,-4.1282,9.3638,3.9994
31.063,-4.1282,9.3638,3.9994
31.069,-4.1259,9.3638,3.9994
31.078,-4.1259,9.3638,3.9994
31.085,-4.1236,9.3638,3.9994
31.095,-4.1236,9.3638,3.9994
31.102,-4.1236,9.3638,3.9994
31.110,-4.1213,9.3638,3.9994
31.118,-4.1213,9.3638,3.9994
31.125,-4.1191,9.3638,3.9994
31.135,-4.1191,9.3638,3.9994
31.142,-4.1191,9.3638,3.9994
31.150,-4.1168,9.3638,3.9994
31.158,-4.1168,9.3638,3.9994
31.166,-4.1145,9.3638,3.9994
31.175,-4.1145,9.3638,3.9994
31.182,-4.1145,9.3638,3.9994
31.189,-4.1122,9.3638,3.9994
31.198,-4.1122,9.3638,3.9994
31.206,-4.1099,9.3638,3.9994
31.214,-4.1099,9.3638,3.9994
31.220,-4.1099,9.3638,3.9994
31.228,-4.1077,9.3638,3.9994
31.236,-4.1077,9.3638,3.9994
31.245,-4.1054,9.3638,3.9994
31.253,-4.1054,9.3638,3.9994
31.261,-4.1054,9.3638,3.9994
31.268,-4.1031,9.3638,3.9994
31.278,-4.1031,9.3638,3.9994
31.286,-4.1008,9.3638,3.9994
31.296,-4.1008,9.3638,3.9994
31.302,-4.1008,9.3638,3.9994
31.311,-4.0986,9.3638,3.9994
31.320,-4.0986,9.3638,3.9994
31.327,-4.0963,9.3638,3.9994
31.336,-4.0963,9.3638,3.9994
31.344,-4.0940,9.3638,3.9994
31.354,-4.0940,9.3638,3.9994
31.361,-4.0940,9.3638,3.9994
31.369,-4.0917,9.3638,3.9994
31.377,-4.0917,9.3638,3.9994
31.385,-4.0894,9.3638,3.9994
31.394,-4.0894,9.3638,3.9994
31.402,-4.0894,9.3638,3.9994
31.409,-4.0871,9.3638,3.9994
31.419,-4.0871,9.3638,3.9994
31.426,-4.0848,9.3638,3.9994
31.436,-4.0848,9.3638,3.9994
31.444,-4.0826,9.3638,3.9994
31.453,-4.0826,9.3638,3.9994
31.461,-4.0826,9.3638,3.9994
31.468,-4.0803,9.3638,3.9994
31.479,-4.0803,9.3638,3.9994
31.486,-4.0780,9.3638,3.9994
31.495,-4.0780,9.3638,3.9994
31.503,-4.0780,9.3638,3.9994
31.511,-4.0757,9.3638,3.9994
31.520,-4.0757,9.3638,3.9994
31.529,-4.0734,9.3638,3.9994
31.538,-4.0734,9.3638,3.9994
31.545,-4.0711,9.3638,3.9994
31.554,-4.0711,9.3638,3.9994
31.563,-4.0711,9.3638,3.9994
31.571,-4.0688,9.3638,3.9994
31.580,-4.0688,9.3638,3.9994
31.588,-4.0666,9.3638,3.9994
31.598,-4.0666,9.3638,3.9994
31.606,-4.0643,9.3638,3.9994
31.616,-4.0643,9.3638,3.9994
31.625,-4.0620,9.3638,3.9994
31.634,-4.0620,9.3638,3.9994
31.641,-4.0620,9.3638,3.9994
31.652,-4.0597,9.3638,3.9994
31.663,-4.0597,9.3638,3.9994
31.671,-4.0574,9.3638,3.9994
31.681,-4.0574,9.3638,3.9994
31.688,-4.0551,9.3638,3.9994
31.698,-4.0551,9.3638,3.9994
31.705,-4.0529,9.3638,3.9994
31.715,-4.0529,9.3638,3.9994
31.723,-4.0529,9.3638,3.9994
31.731,-4.0506,9.3638,3.9994
31.741,-4.0506,9.3638,3.9994
31.748,-4.0483,9.3638,3.9994
31.757,-4.0483,9.3638,3.9994
31.765,-4.0461,9.3638,3.9994
31.774,-4.0461,9.3638,3.9994
31.782,-4.0461,9.3638,3.9994
31.790,-4.0438,9.3638,3.9994
31.800,-4.0438,9.3638,3.9994
31.807,-4.0416,9.3638,3.9994
31.816,-4.0416,9.3638,3.9994
31.822,-4.0416,9.3638,3.9994
31.832,-4.0394,9.3638,3.9994
31.841,-4.0394,9.3638,3.9994
31.849,-4.0372,9.3638,3.9994
31.858,-4.0372,9.3638,3.9994
31.867,-4.0350,9.3638,3.9994
31.876,-4.0350,9.3638,3.9994
31.884,-4.0350,9.3638,3.9994
31.892,-4.0330,9.3638,3.9994
31.902,-4.0330,9.3638,3.9994
31.910,-4.0309,9.3638,3.9994
31.918,-4.0309,9.3638,3.9994
31.925,-4.0290,9.3638,3.9994
31.933,-4.0290,9.3638,3.9994
31.941,-4.0290,9.3638,3.9994
31.948,-4.0280,9.3638,3.9994
31.958,-4.0280,9.3638,3.9994
31.965,-4.0271,9.3638,3.9994
31.974,-4.0271,9.3638,3.9994
31.981,-4.0271,9.3638,3.9994
31.989,-4.0264,9.3638,3.9994
31.998,-4.0264,9.3638,3.9994
32.005,-4.0256,9.3638,3.9994
32.015,-4.0256,9.3638,3.9994
32.021,-4.0256,9.3638,3.9994
32.029,-4.0250,9.3638,3.9994
32.038,-4.0250,9.3638,3.9994
32.045,-4.0248,9.3638,3.9994
32.054,-4.0248,9.3638,3.9994
32.062,-4.0248,9.3638,3.9994
32.069,-4.0246,9.3638,3.9994
32.079,-4.0246,9.3638,3.9994
32.085,-4.0245,9.3638,3.9994
32.095,-4.0245,9.3638,3.9994
32.102,-4.0245,9.3638,3.9994
32.111,-4.0244,9.3638,3.9994
32.120,-4.0244,9.3638,3.9994
32.128,-4.0244,9.3638,3.9994
32.136,-4.0244,9.3638,3.9994
32.144,-4.0244,9.3638,3.9994
32.151,-4.0244,9.3638,3.9994
32.159,-4.0244,9.3638,3.9994
32.168,-4.0244,9.3638,3.9994
32.176,-4.0244,9.3638,3.9994
32.182,-4.0244,9.3638,3.9994
32.190,-4.0244,9.3638,3.9994
32.199,-4.0244,9.3638,3.9994
32.205,-4.0244,9.3638,3.9994
32.213,-4.0244,9.3638,3.9994
32.220,-4.0244,9.3638,3.9994
32.226,-4.0244,9.3638,3.9994
32.235,-4.0244,9.3638,3.9994
32.242,-4.0244,9.3638,3.9994
32.250,-4.0244,9.3638,3.9994
32.257,-4.0244,9.3638,3.9994
32.266,-4.0244,9.3638,3.9994
32.274,-4.0244,9.3638,3.9994
32.282,-4.0244,9.3638,3.9994
32.290,-4.0244,9.3638,3.9994
32.299,-4.0244,9.3638,3.9994
32.305,-4.0244,9.3638,3.9994
32.314,-4.0244,9.3638,3.9994
32.321,-4.0244,9.3638,3.9994
32.329,-4.0244,9.3638,3.9994
32.337,-4.0244,9.3638,3.9994
32.345,-4.0244,9.3638,3.9994
32.353,-4.0244,9.3638,3.9994
32.361,-4.0244,9.3638,3.9994
32.368,-4.0244,9.3638,3.9994
32.377,-4.0244,9.3638,3.9994
32.384,-4.0244,9.3638,3.9994
32.391,-4.0244,9.3638,3.9994
32.400,-4.0244,9.3638,3.9994
32.409,-4.0244,9.3638,3.9994
32.417,-4.0244,9.3638,3.9994
32.424,-4.0244,9.3638,3.9994
32.432,-4.0244,9.3638,3.9994
32.440,-4.0244,9.3638,3.9994
32.447,-4.0244,9.3638,3.9994
32.455,-4.0244,9.3638,3.9994
32.463,-4.0244,9.3638,3.9994
32.471,-4.0244,9.3638,3.9994
32.477,-4.0244,9.3638,3.9994
32.484,-4.0244,9.3638,3.9994
32.492,-4.0244,9.3638,3.9994
32.502,-4.0244,9.3638,3.9994
32.508,-4.0243,9.3638,3.9994
32.517,-4.0243,9.3638,3.9994
32.523,-4.0243,9.3638,3.9994
32.531,-4.0242,9.3638,3.9994
32.539,-4.0242,9.3638,3.9994
32.547,-4.0241,9.3638,3.9994
32.555,-4.0241,9.3638,3.9994
32.563,-4.0241,9.3638,3.9994
32.570,-4.0239,9.3638,3.9994
32.579,-4.0239,9.3638,3.9994
32.585,-4.0237,9.3638,3.9994
32.594,-4.0237,9.3638,3.9994
32.602,-4.0237,9.3638,3.9994
32.609,-4.0231,9.3638,3.9994
32.617,-4.0231,9.3638,3.9994
32.624,-4.0224,9.3638,3.9994
32.632,-4.0224,9.3638,3.9994
32.639,-4.0224,9.3638,3.9994
32.646,-4.0217,9.3638,3.9994
32.655,-4.0217,9.3638,3.9994
32.662,-4.0217,9.3638,3.9994
32.670,-4.0210,9.3638,3.9994
32.679,-4.0210,9.3638,3.9994
32.686,-4.0202,9.3638,3.9994
32.695,-4.0202,9.3638,3.9994
32.703,-4.0202,9.3638,3.9994
32.709,-4.0195,9.3638,3.9994
32.718,-4.0195,9.3638,3.9994
32.725,-4.0187,9.3638,3.9994
32.734,-4.0187,9.3638,3.9994
32.741,-4.0187,9.3638,3.9994
32.749,-4.0180,9.3638,3.9994
32.756,-4.0180,9.3638,3.9994
32.765,-4.0172,9.3638,3.9994
32.773,-4.0172,9.3638,3.9994
32.781,-4.0172,9.3638,3.9994
32.789,-4.0165,9.3638,3.9994
32.798,-4.0165,9.3638,3.9994
32.805,-4.0157,9.3638,3.9994
32.814,-4.0157,9.3638,3.9994
32.820,-4.0157,9.3638,3.9994
32.827,-4.0149,9.3638,3.9994
32.836,-4.0149,9.3638,3.9994
32.843,-4.0149,9.3638,3.9994
32.851,-4.0142,9.3638,3.9994
32.860,-4.0142,9.3638,3.9994
32.868,-4.0134,9.3638,3.9994
32.877,-4.0134,9.3638,3.9994
32.884,-4.0127,9.3638,3.9994
32.893,-4.0127,9.3638,3.9994
32.902,-4.0127,9.3638,3.9994
32.908,-4.0119,9.3638,3.9994
32.917,-4.0119,9.3638,3.9994
32.924,-4.0119,9.3638,3.9994
32.933,-4.0112,9.3638,3.9994
32.942,-4.0112,9.3638,3.9994
32.949,-4.0104,9.3638,3.9994
32.957,-4.0104,9.3638,3.9994
32.967,-4.0096,9.3638,3.9994
32.976,-4.0096,9.3638,3.9994
32.983,-4.0096,9.3638,3.9994
32.992,-4.0089,9.3638,3.9994
33.002,-4.0089,9.3638,3.9994
33.010,-4.0081,9.3638,3.9994
33.019,-4.0081,9.3638,3.9994
33.028,-4.0072,9.3638,3.9994
33.037,-4.0072,9.3638,3.9994
33.045,-4.0064,9.3638,3.9994
33.053,-4.0064,9.3638,3.9994
33.062,-4.0064,9.3638,3.9994
33.069,-4.0056,9.3638,3.9994
33.079,-4.0056,9.3638,3.9994
33.086,-4.0047,9.3638,3.9994
33.096,-4.0047,9.3638,3.9994
33.102,-4.0047,9.3638,3.9994
33.109,-4.0039,9.3638,3.9994
33.122,-4.0039,9.3638,3.9994
33.133,-4.0031,9.3638,3.9994
33.146,-4.0023,9.3638,3.9994
33.158,-4.0023,9.3638,3.9994
33.170,-4.0016,9.3638,3.9994
33.186,-4.0009,9.3638,3.9994
33.197,-4.0009,9.3638,3.9994
33.204,-4.0002,9.3638,3.9994
33.212,-4.0002,9.3638,3.9994
33.218,-4.0002,9.3638,3.9994
33.226,-3.9996,9.3638,3.9994
33.235,-3.9996,9.3638,3.9994
33.242,-3.9996,9.3638,3.9994
33.249,-3.9994,9.3638,3.9994
33.257,-3.9994,9.3638,3.9994
33.263,-3.9994,9.3638,3.9994
33.270,-3.9992,9.3638,3.9994
33.278,-3.9992,9.3638,3.9994
33.286,-3.9991,9.3638,3.9994
33.295,-3.9991,9.3638,3.9994
33.303,-3.9991,9.3638,3.9994
33.309,-3.9989,9.3638,3.9994
33.318,-3.9989,9.3638,3.9994
33.324,-3.9988,9.3638,3.9994
33.334,-3.9988,9.3638,3.9994
33.341,-3.9988,9.3638,3.9994
33.350,-3.9988,9.3638,3.9994
33.357,-3.9988,9.3638,3.9994
33.366,-3.9988,9.3638,3.9994
33.374,-3.9988,9.3638,3.9994
33.382,-3.9988,9.3638,3.9994
33.389,-3.9988,9.3638,3.9994
33.398,-3.9988,9.3638,3.9994
33.404,-3.9988,9.3638,3.9994
33.413,-3.9988,9.3638,3.9994
33.419,-3.9988,9.3638,3.9994
33.427,-3.9988,9.3638,3.9994
33.434,-3.9988,9.3638,3.9994
33.441,-3.9988,9.3638,3.9994
33.447,-3.9988,9.3638,3.9994
33.456,-3.9988,9.3638,3.9994
33.463,-3.9988,9.3638,3.9994
33.471,-3.9988,9.3638,3.9994
33.479,-3.9988,9.3638,3.9994
33.487,-3.9988,9.3638,3.9994
33.495,-3.9988,9.3638,3.9994
33.502,-3.9988,9.3638,3.9994
33.508,-3.9988,9.3638,3.9994
33.517,-3.9988,9.3638,3.9994
33.523,-3.9988,9.3638,3.9994
33.531,-3.9988,9.3638,3.9994
33.539,-3.9988,9.3638,3.9994
33.547,-3.9988,9.3638,3.9994
33.554,-3.9988,9.3638,3.9994
33.562,-3.9988,9.3638,3.9994
33.567,-3.9988,9.3638,3.9994
33.575,-3.9988,9.3638,3.9994
33.582,-3.9988,9.3638,3.9994
33.590,-3.9988,9.3638,3.9994
33.600,-3.9988,9.3638,3.9994
33.606,-3.9988,9.3638,3.9994
33.614,-3.9988,9.3638,3.9994
33.621,-3.9988,9.3638,3.9994
33.628,-3.9988,9.3637,3.9994
33.638,-3.9988,9.3637,3.9994
33.644,-3.9988,9.3637,3.9994
33.653,-3.9988,9.3637,3.9994
33.661,-3.9988,9.3637,3.9994
33.668,-3.9988,9.3636,3.9994
33.679,-3.9988,9.3636,3.9994
33.686,-3.9988,9.3635,3.9994
33.694,-3.9988,9.3635,3.9994
33.702,-3.9988,9.3635,3.9994
33.708,-3.9988,9.3633,3.9994
33.718,-3.9988,9.3633,3.9994
33.723,-3.9988,9.3633,3.9994
33.730,-3.9988,9.3630,3.9994
33.739,-3.9988,9.3630,3.9994
33.747,-3.9988,9.3627,3.9994
33.754,-3.9988,9.3627,3.9994
33.761,-3.9988,9.3627,3.9994
33.768,-3.9988,9.3624,3.9994
33.778,-3.9988,9.3624,3.9994
33.784,-3.9988,9.3620,3.9994
33.793,-3.9988,9.3620,3.9994
33.801,-3.9988,9.3620,3.9994
33.807,-3.9988,9.3613,3.9994
33.816,-3.9988,9.3613,3.9994
33.822,-3.9988,9.3613,3.9994
33.829,-3.9988,9.3605,3.9994
33.838,-3.9988,9.3605,3.9994
33.845,-3.9988,9.3597,3.9994
33.853,-3.9988,9.3597,3.9994
33.862,-3.9988,9.3597,3.9994
33.868,-3.9988,9.3589,3.9994
33.876,-3.9988,9.3589,3.9994
33.883,-3.9988,9.3589,3.9994
33.889,-3.9988,9.3580,3.9994
33.897,-3.9988,9.3580,3.9994
33.904,-3.9988,9.3580,3.9994
33.911,-3.9988,9.3571,3.9994
33.919,-3.9988,9.3571,3.9994
33.926,-3.9988,9.3563,3.9994
33.935,-3.9988,9.3563,3.9994
33.943,-3.9988,9.3563,3.9994
33.951,-3.9988,9.3553,3.9994
33.961,-3.9988,9.3553,3.9994
33.969,-3.9988,9.3544,3.9994
33.980,-3.9988,9.3544,3.9994
33.988,-3.9988,9.3535,3.9994
33.997,-3.9988,9.3535,3.9994
34.004,-3.9988,9.3525,3.9994
34.014,-3.9988,9.3525,3.9994
34.021,-3.9988,9.3525,3.9994
34.029,-3.9988,9.3515,3.9994
34.038,-3.9988,9.3515,3.9994
34.047,-3.9988,9.3505,3.9994
34.055,-3.9988,9.3505,3.9994
34.063,-3.9988,9.3505,3.9994
34.070,-3.9988,9.3484,3.9994
34.080,-3.9988,9.3484,3.9994
34.087,-3.9988,9.3462,3.9994
34.097,-3.9988,9.3462,3.9994
34.105,-3.9988,9.3440,3.9994
34.114,-3.9988,9.3440,3.9994
34.122,-3.9988,9.3440,3.9994
34.130,-3.9988,9.3418,3.9994
34.140,-3.9988,9.3418,3.9994
34.147,-3.9988,9.3395,3.9994
34.156,-3.9988,9.3395,3.9994
34.165,-3.9988,9.3372,3.9994
34.174,-3.9988,9.3372,3.9994
34.183,-3.9988,9.3372,3.9994
34.190,-3.9988,9.3348,3.9994
34.200,-3.9988,9.3348,3.9994
34.209,-3.9988,9.3324,3.9994
34.218,-3.9988,9.3324,3.9994
34.225,-3.9988,9.3299,3.9994
34.235,-3.9988,9.3299,3.9994
34.243,-3.9988,9.3299,3.9994
34.250,-3.9988,9.3275,3.9994
34.259,-3.9988,9.3275,3.9994
34.267,-3.9988,9.3249,3.9994
34.276,-3.9988,9.3249,3.9994
34.283,-3.9988,9.3249,3.9994
34.290,-3.9988,9.3223,3.9994
34.299,-3.9988,9.3223,3.9994
34.306,-3.9988,9.3197,3.9994
34.316,-3.9988,9.3197,3.9994
34.323,-3.9988,9.3197,3.9994
34.330,-3.9988,9.3171,3.9994
34.340,-3.9988,9.3171,3.9994
34.347,-3.9988,9.3144,3.9994
34.356,-3.9988,9.3144,3.9994
34.364,-3.9988,9.3117,3.9994
34.374,-3.9988,9.3117,3.9994
34.381,-3.9988,9.3117,3.9994
34.388,-3.9988,9.3091,3.9994
34.397,-3.9988,9.3091,3.9994
34.406,-3.9988,9.3064,3.9994
34.415,-3.9988,9.3064,3.9994
34.422,-3.9988,9.3064,3.9994
34.430,-3.9988,9.3037,3.9994
34.439,-3.9988,9.3037,3.9994
34.446,-3.9988,9.3011,3.9994
34.455,-3.9988,9.3011,3.9994
34.462,-3.9988,9.3011,3.9994
34.469,-3.9988,9.2984,3.9994
34.478,-3.9988,9.2984,3.9994
34.484,-3.9988,9.2957,3.9994
34.492,-3.9988,9.2957,3.9994
34.499,-3.9988,9.2957,3.9994
34.505,-3.9988,9.2931,3.9994
34.514,-3.9988,9.2931,3.9994
34.520,-3.9988,9.2931,3.9994
34.526,-3.9988,9.2904,3.9994
34.535,-3.9988,9.2904,3.9994
34.542,-3.9988,9.2904,3.9994
34.549,-3.9988,9.2877,3.9994
34.557,-3.9988,9.2877,3.9994
34.564,-3.9988,9.2877,3.9994
34.571,-3.9988,9.2851,3.9994
34.578,-3.9988,9.2851,3.9994
34.585,-3.9988,9.2824,3.9994
34.592,-3.9988,9.2824,3.9994
34.601,-3.9988,9.2824,3.9994
34.607,-3.9988,9.2797,3.9994
34.616,-3.9988,9.2797,3.9994
34.622,-3.9988,9.2797,3.9994
34.629,-3.9988,9.2771,3.9994
34.636,-3.9988,9.2771,3.9994
34.642,-3.9988,9.2771,3.9994
34.650,-3.9988,9.2744,3.9994
34.659,-3.9988,9.2744,3.9994
34.668,-3.9988,9.2717,3.9994
34.677,-3.9988,9.2717,3.9994
34.683,-3.9988,9.2717,3.9994
34.690,-3.9988,9.2691,3.9994
34.699,-3.9988,9.2691,3.9994
34.705,-3.9988,9.2664,3.9994
34.713,-3.9988,9.2664,3.9994
34.718,-3.9988,9.2664,3.9994
34.726,-3.9988,9.2637,3.9994
34.734,-3.9988,9.2637,3.9994
34.741,-3.9988,9.2637,3.9994
34.747,-3.9988,9.2611,3.9994
34.756,-3.9988,9.2611,3.9994
34.763,-3.9988,9.2611,3.9994
34.770,-3.9988,9.2584,3.9994
34.778,-3.9988,9.2584,3.9994
34.785,-3.9988,9.2557,3.9994
34.793,-3.9988,9.2557,3.9994
34.800,-3.9988,9.2557,3.9994
34.807,-3.9988,9.2531,3.9994
34.816,-3.9988,9.2531,3.9994
34.823,-3.9988,9.2531,3.9994
34.831,-3.9988,9.2504,3.9994
34.839,-3.9988,9.2504,3.9994
34.848,-3.9988,9.2477,3.9994
34.856,-3.9988,9.2477,3.9994
34.864,-3.9988,9.2477,3.9994
34.870,-3.9988,9.2451,3.9994
34.881,-3.9988,9.2451,3.9994
34.887,-3.9988,9.2424,3.9994
34.896,-3.9988,9.2424,3.9994
34.902,-3.9988,9.2424,3.9994
34.908,-3.9988,9.2397,3.9994
34.917,-3.9988,9.2397,3.9994
34.923,-3.9988,9.2397,3.9994
34.929,-3.9988,9.2371,3.9994
34.938,-3.9988,9.2371,3.9994
34.944,-3.9988,9.2344,3.9994
34.953,-3.9988,9.2344,3.9994
34.959,-3.9988,9.2344,3.9994
34.967,-3.9988,9.2317,3.9994
34.976,-3.9988,9.2317,3.9994
34.983,-3.9988,9.2317,3.9994
34.989,-3.9988,9.2291,3.9994
34.997,-3.9988,9.2291,3.9994
35.004,-3.9988,9.2291,3.9994
35.011,-3.9988,9.2264,3.9994
35.019,-3.9988,9.2264,3.9994
35.025,-3.9988,9.2237,3.9994
35.034,-3.9988,9.2237,3.9994
35.040,-3.9988,9.2237,3.9994
35.047,-3.9988,9.2211,3.9994
35.054,-3.9988,9.2211,3.9994
35.062,-3.9988,9.2211,3.9994
35.068,-3.9988,9.2184,3.9994
35.078,-3.9988,9.2184,3.9994
35.084,-3.9988,9.2157,3.9994
35.094,-3.9988,9.2157,3.9994
35.101,-3.9988,9.2157,3.9994
35.117,-3.9988,9.2131,3.9994
35.127,-3.9988,9.2104,3.9994
35.136,-3.9988,9.2104,3.9994
35.143,-3.9988,9.2104,3.9994
35.149,-3.9988,9.2077,3.9994
35.157,-3.9988,9.2077,3.9994
35.165,-3.9988,9.2051,3.9994
35.173,-3.9988,9.2051,3.9994
35.180,-3.9988,9.2051,3.9994
35.187,-3.9988,9.2024,3.9994
35.196,-3.9988,9.2024,3.9994
35.202,-3.9988,9.2024,3.9994
35.208,-3.9988,9.1997,3.9994
35.217,-3.9988,9.1997,3.9994
35.224,-3.9988,9.1971,3.9994
35.234,-3.9988,9.1971,3.9994
35.241,-3.9988,9.1971,3.9994
35.249,-3.9988,9.1944,3.9994
35.258,-3.9988,9.1944,3.9994
35.265,-3.9988,9.1917,3.9994
35.274,-3.9988,9.1917,3.9994
35.283,-3.9988,9.1917,3.9994
35.289,-3.9988,9.1891,3.9994
35.301,-3.9988,9.1891,3.9994
35.308,-3.9988,9.1864,3.9994
35.319,-3.9988,9.1864,3.9994
35.326,-3.9988,9.1837,3.9994
35.337,-3.9988,9.1837,3.9994
35.345,-3.9988,9.1811,3.9994
35.354,-3.9988,9.1811,3.9994
35.363,-3.9988,9.1811,3.9994
35.371,-3.9988,9.1784,3.9994
35.382,-3.9988,9.1784,3.9994
35.389,-3.9988,9.1757,3.9994
35.399,-3.9988,9.1757,3.9994
35.407,-3.9988,9.1731,3.9994
35.417,-3.9988,9.1731,3.9994
35.425,-3.9988,9.1704,3.9994
35.436,-3.9988,9.1704,3.9994
35.443,-3.9988,9.1704,3.9994
35.452,-3.9988,9.1677,3.9994
35.462,-3.9988,9.1677,3.9994
35.472,-3.9988,9.1651,3.9994
35.483,-3.9988,9.1651,3.9994
35.490,-3.9988,9.1624,3.9994
35.501,-3.9988,9.1624,3.9994
35.508,-3.9988,9.1597,3.9994
35.518,-3.9988,9.1597,3.9994
35.526,-3.9988,9.1571,3.9994
35.536,-3.9988,9.1571,3.9994
35.545,-3.9988,9.1544,3.9994
35.555,-3.9988,9.1544,3.9994
35.563,-3.9988,9.1544,3.9994
35.570,-3.9988,9.1517,3.9994
35.580,-3.9988,9.1517,3.9994
35.588,-3.9988,9.1491,3.9994
35.599,-3.9988,9.1491,3.9994
35.607,-3.9988,9.1464,3.9994
35.617,-3.9988,9.1464,3.9994
35.626,-3.9988,9.1437,3.9994
35.635,-3.9988,9.1437,3.9994
35.644,-3.9988,9.1437,3.9994
35.652,-3.9988,9.1410,3.9994
35.663,-3.9988,9.1410,3.9994
35.672,-3.9988,9.1384,3.9994
35.682,-3.9988,9.1384,3.9994
35.690,-3.9988,9.1357,3.9994
35.700,-3.9988,9.1357,3.9994
35.707,-3.9988,9.1331,3.9994
35.717,-3.9988,9.1331,3.9994
35.724,-3.9988,9.1331,3.9994
35.731,-3.9988,9.1304,3.9994
35.741,-3.9988,9.1304,3.9994
35.748,-3.9988,9.1277,3.9994
35.758,-3.9988,9.1277,3.9994
35.766,-3.9988,9.1251,3.9994
35.774,-3.9988,9.1251,3.9994
35.782,-3.9988,9.1251,3.9994
35.788,-3.9988,9.1224,3.9994
35.798,-3.9988,9.1224,3.9994
35.804,-3.9988,9.1197,3.9994
35.813,-3.9988,9.1197,3.9994
35.819,-3.9988,9.1197,3.9994
35.827,-3.9988,9.1170,3.9994
35.837,-3.9988,9.1170,3.9994
35.845,-3.9988,9.1144,3.9994
35.853,-3.9988,9.1144,3.9994
35.862,-3.9988,9.1144,3.9994
35.869,-3.9988,9.1117,3.9994
35.878,-3.9988,9.1117,3.9994
35.886,-3.9988,9.1091,3.9994
35.895,-3.9988,9.1091,3.9994
35.903,-3.9988,9.1091,3.9994
35.910,-3.9988,9.1064,3.9994
35.919,-3.9988,9.1064,3.9994
35.925,-3.9988,9.1037,3.9994
35.934,-3.9988,9.1037,3.9994
35.941,-3.9988,9.1037,3.9994
35.949,-3.9988,9.1010,3.9994
35.958,-3.9988,9.1010,3.9994
35.965,-3.9988,9.0984,3.9994
35.973,-3.9988,9.0984,3.9994
35.982,-3.9988,9.0984,3.9994
35.988,-3.9988,9.0957,3.9994
35.997,-3.9988,9.0957,3.9994
36.004,-3.9988,9.0957,3.9994
36.011,-3.9988,9.0930,3.9994
36.019,-3.9988,9.0930,3.9994
36.026,-3.9988,9.0904,3.9994
36.036,-3.9988,9.0904,3.9994
36.043,-3.9988,9.0904,3.9994
36.049,-3.9988,9.0877,3.9994
36.058,-3.9988,9.0877,3.9994
36.064,-3.9988,9.0851,3.9994
36.073,-3.9988,9.0851,3.9994
36.080,-3.9988,9.0851,3.9994
36.087,-3.9988,9.0824,3.9994
36.095,-3.9988,9.0824,3.9994
36.102,-3.9988,9.0824,3.9994
36.108,-3.9988,9.0797,3.9994
36.118,-3.9988,9.0797,3.9994
36.124,-3.9988,9.0770,3.9994
36.134,-3.9988,9.0770,3.9994
36.141,-3.9988,9.0770,3.9994
36.148,-3.9988,9.0744,3.9994
36.157,-3.9988,9.0744,3.9994
36.165,-3.9988,9.0717,3.9994
36.172,-3.9988,9.0717,3.9994
36.179,-3.9988,9.0717,3.9994
36.186,-3.9988,9.0691,3.9994
36.194,-3.9988,9.0691,3.9994
36.201,-3.9988,9.0691,3.9994
36.207,-3.9988,9.0664,3.9994
36.216,-3.9988,9.0664,3.9994
36.223,-3.9988,9.0664,3.9994
36.232,-3.9988,9.0637,3.9994
36.241,-3.9988,9.0637,3.9994
36.248,-3.9988,9.0611,3.9994
36.256,-3.9988,9.0611,3.9994
36.263,-3.9988,9.0611,3.9994
36.270,-3.9988,9.0584,3.9994
36.279,-3.9988,9.0584,3.9994
36.285,-3.9988,9.0557,3.9994
36.295,-3.9988,9.0557,3.9994
36.302,-3.9988,9.0557,3.9994
36.310,-3.9988,9.0531,3.9994
36.317,-3.9988,9.0531,3.9994
36.324,-3.9988,9.0504,3.9994
36.334,-3.9988,9.0504,3.9994
36.341,-3.9988,9.0504,3.9994
36.347,-3.9988,9.0477,3.9994
36.356,-3.9988,9.0477,3.9994
36.363,-3.9988,9.0477,3.9994
36.370,-3.9988,9.0451,3.9994
36.378,-3.9988,9.0451,3.9994
36.386,-3.9988,9.0424,3.9994
36.395,-3.9988,9.0424,3.9994
36.403,-3.9988,9.0424,3.9994
36.409,-3.9988,9.0397,3.9994
36.417,-3.9988,9.0397,3.9994
36.424,-3.9988,9.0397,3.9994
36.431,-3.9988,9.0371,3.9994
36.439,-3.9988,9.0371,3.9994
36.447,-3.9988,9.0344,3.9994
36.455,-3.9988,9.0344,3.9994
36.463,-3.9988,9.0344,3.9994
36.470,-3.9988,9.0317,3.9994
36.479,-3.9988,9.0317,3.9994
36.485,-3.9988,9.0291,3.9994
36.495,-3.9988,9.0291,3.9994
36.502,-3.9988,9.0291,3.9994
36.510,-3.9988,9.0264,3.9994
36.519,-3.9988,9.0264,3.9994
36.526,-3.9988,9.0237,3.9994
36.536,-3.9988,9.0237,3.9994
36.543,-3.9988,9.0237,3.9994
36.550,-3.9988,9.0211,3.9994
36.560,-3.9988,9.0211,3.9994
36.569,-3.9988,9.0184,3.9994
36.577,-3.9988,9.0184,3.9994
36.584,-3.9988,9.0157,3.9994
36.592,-3.9988,9.0157,3.9994
36.601,-3.9988,9.0157,3.9994
36.608,-3.9988,9.0131,3.9994
36.618,-3.9988,9.0131,3.9994
36.624,-3.9988,9.0104,3.9994
36.635,-3.9988,9.0104,3.9994
36.642,-3.9988,9.0104,3.9994
36.649,-3.9988,9.0077,3.9994
36.658,-3.9988,9.0077,3.9994
36.667,-3.9988,9.0051,3.9994
36.677,-3.9988,9.0051,3.9994
36.684,-3.9988,9.0051,3.9994
36.692,-3.9988,9.0024,3.9994
36.702,-3.9988,9.0024,3.9994
36.710,-3.9988,8.9997,3.9994
36.719,-3.9988,8.9997,3.9994
36.729,-3.9988,8.9971,3.9994
36.741,-3.9988,8.9971,3.9994
36.749,-3.9988,8.9944,3.9994
36.758,-3.9988,8.9944,3.9994
36.766,-3.9988,8.9917,3.9994
36.775,-3.9988,8.9917,3.9994
36.782,-3.9988,8.9917,3.9994
36.791,-3.9988,8.9891,3.9994
36.801,-3.9988,8.9891,3.9994
36.808,-3.9988,8.9864,3.9994
36.818,-3.9988,8.9864,3.9994
36.825,-3.9988,8.9837,3.9994
36.835,-3.9988,8.9837,3.9994
36.842,-3.9988,8.9837,3.9994
36.851,-3.9988,8.9811,3.9994
36.860,-3.9988,8.9811,3.9994
36.868,-3.9988,8.9784,3.9994
36.877,-3.9988,8.9784,3.9994
36.885,-3.9988,8.9757,3.9994
36.892,-3.9988,8.9757,3.9994
36.901,-3.9988,8.9757,3.9994
36.908,-3.9988,8.9731,3.9994
36.917,-3.9988,8.9731,3.9994
36.924,-3.9988,8.9704,3.9994
36.934,-3.9988,8.9704,3.9994
36.944,-3.9988,8.9677,3.9994
36.953,-3.9988,8.9677,3.9994
36.961,-3.9988,8.9677,3.9994
36.969,-3.9988,8.9651,3.9994
36.979,-3.9988,8.9651,3.9994
36.986,-3.9988,8.9624,3.9994
36.996,-3.9988,8.9624,3.9994
37.003,-3.9988,8.9624,3.9994
37.010,-3.9988,8.9597,3.9994
37.018,-3.9988,8.9597,3.9994
37.025,-3.9988,8.9571,3.9994
37.035,-3.9988,8.9571,3.9994
37.041,-3.9988,8.9571,3.9994
37.049,-3.9988,8.9544,3.9994
37.056,-3.9988,8.9544,3.9994
37.065,-3.9988,8.9517,3.9994
37.072,-3.9988,8.9517,3.9994
37.079,-3.9988,8.9517,3.9994
37.086,-3.9988,8.9491,3.9994
37.095,-3.9988,8.9491,3.9994
37.101,-3.9988,8.9491,3.9994
37.107,-3.9988,8.9464,3.9994
37.116,-3.9988,8.9464,3.9994
37.122,-3.9988,8.9464,3.9994
37.130,-3.9988,8.9437,3.9994
37.138,-3.9988,8.9437,3.9994
37.146,-3.9988,8.9411,3.9994
37.163,-3.9988,8.9411,3.9994
37.170,-3.9988,8.9384,3.9994
37.179,-3.9988,8.9384,3.9994
37.186,-3.9988,8.9357,3.9994
37.195,-3.9988,8.9357,3.9994
37.202,-3.9988,8.9357,3.9994
37.210,-3.9988,8.9331,3.9994
37.219,-3.9988,8.9331,3.9994
37.225,-3.9988,8.9304,3.9994
37.234,-3.9988,8.9304,3.9994
37.242,-3.9988,8.9304,3.9994
37.249,-3.9988,8.9277,3.9994
37.257,-3.9988,8.9277,3.9994
37.266,-3.9988,8.9251,3.9994
37.274,-3.9988,8.9251,3.9994
37.281,-3.9988,8.9251,3.9994
37.287,-3.9988,8.9224,3.9994
37.296,-3.9988,8.9224,3.9994
37.304,-3.9988,8.9197,3.9994
37.314,-3.9988,8.9197,3.9994
37.321,-3.9988,8.9197,3.9994
37.328,-3.9988,8.9171,3.9994
37.338,-3.9988,8.9171,3.9994
37.347,-3.9988,8.9144,3.9994
37.355,-3.9988,8.9144,3.9994
37.364,-3.9988,8.9117,3.9994
37.372,-3.9988,8.9117,3.9994
37.380,-3.9988,8.9117,3.9994
37.386,-3.9988,8.9091,3.9994
37.395,-3.9988,8.9091,3.9994
37.401,-3.9988,8.9091,3.9994
37.409,-3.9988,8.9064,3.9994
37.418,-3.9988,8.9064,3.9994
37.425,-3.9988,8.9037,3.9994
37.434,-3.9988,8.9037,3.9994
37.442,-3.9988,8.9037,3.9994
37.448,-3.9988,8.9011,3.9994
37.456,-3.9988,8.9011,3.9994
37.464,-3.9988,8.9011,3.9994
37.471,-3.9988,8.8984,3.9994
37.478,-3.9988,8.8984,3.9994
37.485,-3.9988,8.8957,3.9994
37.496,-3.9988,8.8957,3.9994
37.503,-3.9988,8.8957,3.9994
37.509,-3.9988,8.8931,3.9994
37.518,-3.9988,8.8931,3.9994
37.525,-3.9988,8.8904,3.9994
37.534,-3.9988,8.8904,3.9994
37.540,-3.9988,8.8904,3.9994
37.547,-3.9988,8.8877,3.9994
37.555,-3.9988,8.8877,3.9994
37.563,-3.9988,8.8877,3.9994
37.570,-3.9988,8.8851,3.9994
37.580,-3.9988,8.8851,3.9994
37.586,-3.9988,8.8824,3.9994
37.596,-3.9988,8.8824,3.9994
37.603,-3.9988,8.8824,3.9994
37.611,-3.9988,8.8797,3.9994
37.619,-3.9988,8.8797,3.9994
37.625,-3.9988,8.8771,3.9994
37.634,-3.9988,8.8771,3.9994
37.642,-3.9988,8.8771,3.9994
37.649,-3.9988,8.8744,3.9994
37.658,-3.9988,8.8744,3.9994
37.665,-3.9988,8.8717,3.9994
37.674,-3.9988,8.8717,3.9994
37.681,-3.9988,8.8717,3.9994
37.688,-3.9988,8.8691,3.9994
37.697,-3.9988,8.8691,3.9994
37.705,-3.9988,8.8664,3.9994
37.713,-3.9988,8.8664,3.9994
37.720,-3.9988,8.8664,3.9994
37.728,-3.9988,8.8637,3.9994
37.736,-3.9988,8.8637,3.9994
37.744,-3.9988,8.8637,3.9994
37.752,-3.9988,8.8611,3.9994
37.761,-3.9988,8.8611,3.9994
37.769,-3.9988,8.8584,3.9994
37.779,-3.9988,8.8584,3.9994
37.786,-3.9988,8.8557,3.9994
37.796,-3.9988,8.8557,3.9994
37.802,-3.9988,8.8557,3.9994
37.811,-3.9988,8.8531,3.9994
37.820,-3.9988,8.8531,3.9994
37.829,-3.9988,8.8504,3.9994
37.838,-3.9988,8.8504,3.9994
37.846,-3.9988,8.8477,3.9994
37.856,-3.9988,8.8477,3.9994
37.863,-3.9988,8.8477,3.9994
37.871,-3.9988,8.8451,3.9994
37.880,-3.9988,8.8451,3.9994
37.888,-3.9988,8.8424,3.9994
37.898,-3.9988,8.8424,3.9994
37.905,-3.9988,8.8397,3.9994
37.915,-3.9988,8.8397,3.9994
37.922,-3.9988,8.8397,3.9994
37.930,-3.9988,8.8371,3.9994
37.939,-3.9988,8.8371,3.9994
37.946,-3.9988,8.8344,3.9994
37.955,-3.9988,8.8344,3.9994
37.964,-3.9988,8.8317,3.9994
37.974,-3.9988,8.8317,3.9994
37.982,-3.9988,8.8317,3.9994
37.990,-3.9988,8.8291,3.9994
38.000,-3.9988,8.8291,3.9994
38.008,-3.9988,8.8264,3.9994
38.019,-3.9988,8.8264,3.9994
38.026,-3.9988,8.8237,3.9994
38.036,-3.9988,8.8237,3.9994
38.044,-3.9988,8.8211,3.9994
38.053,-3.9988,8.8211,3.9994
38.061,-3.9988,8.8211,3.9994
38.068,-3.9988,8.8184,3.9994
38.079,-3.9988,8.8184,3.9994
38.087,-3.9988,8.8157,3.9994
38.096,-3.9988,8.8157,3.9994
38.104,-3.9988,8.8157,3.9994
38.112,-3.9988,8.8131,3.9994
38.121,-3.9988,8.8131,3.9994
38.129,-3.9988,8.8104,3.9994
38.138,-3.9988,8.8104,3.9994
38.145,-3.9988,8.8077,3.9994
38.155,-3.9988,8.8077,3.9994
38.162,-3.9988,8.8077,3.9994
38.170,-3.9988,8.8051,3.9994
38.180,-3.9988,8.8051,3.9994
38.188,-3.9988,8.8024,3.9994
38.198,-3.9988,8.8024,3.9994
38.205,-3.9988,8.7997,3.9994
38.216,-3.9988,8.7997,3.9994
38.224,-3.9988,8.7971,3.9994
38.235,-3.9988,8.7971,3.9994
38.243,-3.9988,8.7971,3.9994
38.250,-3.9988,8.7944,3.9994
38.257,-3.9988,8.7944,3.9994
38.266,-3.9988,8.7917,3.9994
38.275,-3.9988,8.7917,3.9994
38.282,-3.9988,8.7917,3.9994
38.289,-3.9988,8.7891,3.9994
38.299,-3.9988,8.7891,3.9994
38.306,-3.9988,8.7864,3.9994
38.315,-3.9988,8.7864,3.9994
38.322,-3.9988,8.7864,3.9994
38.330,-3.9988,8.7837,3.9994
38.340,-3.9988,8.7837,3.9994
38.347,-3.9988,8.7811,3.9994
38.355,-3.9988,8.7811,3.9994
38.363,-3.9988,8.7811,3.9994
38.370,-3.9988,8.7784,3.9994
38.379,-3.9988,8.7784,3.9994
38.386,-3.9988,8.7757,3.9994
38.396,-3.9988,8.7757,3.9994
38.404,-3.9988,8.7757,3.9994
38.411,-3.9988,8.7731,3.9994
38.420,-3.9988,8.7731,3.9994
38.427,-3.9988,8.7704,3.9994
38.435,-3.9988,8.7704,3.9994
38.442,-3.9988,8.7704,3.9994
38.450,-3.9988,8.7677,3.9994
38.458,-3.9988,8.7677,3.9994
38.465,-3.9988,8.7651,3.9994
38.473,-3.9988,8.7651,3.9994
38.481,-3.9988,8.7651,3.9994
38.488,-3.9988,8.7624,3.9994
38.497,-3.9988,8.7624,3.9994
38.504,-3.9988,8.7624,3.9994
38.512,-3.9988,8.7597,3.9994
38.520,-3.9988,8.7597,3.9994
38.529,-3.9988,8.7571,3.9994
38.537,-3.9988,8.7571,3.9994
38.545,-3.9988,8.7544,3.9994
38.554,-3.9988,8.7544,3.9994
38.562,-3.9988,8.7544,3.9994
38.569,-3.9988,8.7517,3.9994
38.579,-3.9988,8.7517,3.9994
38.586,-3.9988,8.7491,3.9994
38.596,-3.9988,8.7491,3.9994
38.605,-3.9988,8.7464,3.9994
38.614,-3.9988,8.7464,3.9994
38.621,-3.9988,8.7464,3.9994
38.629,-3.9988,8.7437,3.9994
38.638,-3.9988,8.7437,3.9994
38.645,-3.9988,8.7411,3.9994
38.652,-3.9988,8.7411,3.9994
38.660,-3.9988,8.7411,3.9994
38.669,-3.9988,8.7384,3.9994
38.677,-3.9988,8.7384,3.9994
38.684,-3.9988,8.7357,3.9994
38.693,-3.9988,8.7357,3.9994
38.701,-3.9988,8.7357,3.9994
38.708,-3.9988,8.7331,3.9994
38.717,-3.9988,8.7331,3.9994
38.724,-3.9988,8.7304,3.9994
38.734,-3.9988,8.7304,3.9994
38.740,-3.9988,8.7304,3.9994
38.748,-3.9988,8.7277,3.9994
38.758,-3.9988,8.7277,3.9994
38.766,-3.9988,8.7251,3.9994
38.777,-3.9988,8.7251,3.9994
38.784,-3.9988,8.7224,3.9994
38.793,-3.9988,8.7224,3.9994
38.801,-3.9988,8.7224,3.9994
38.809,-3.9988,8.7197,3.9994
38.818,-3.9988,8.7197,3.9994
38.826,-3.9988,8.7171,3.9994
38.837,-3.9988,8.7171,3.9994
38.845,-3.9988,8.7144,3.9994
38.852,-3.9988,8.7144,3.9994
38.859,-3.9988,8.7144,3.9994
38.867,-3.9988,8.7117,3.9994
38.875,-3.9988,8.7117,3.9994
38.882,-3.9988,8.7117,3.9994
38.890,-3.9988,8.7091,3.9994
38.901,-3.9988,8.7091,3.9994
38.908,-3.9988,8.7064,3.9994
38.917,-3.9988,8.7064,3.9994
38.923,-3.9988,8.7064,3.9994
38.932,-3.9988,8.7037,3.9994
38.940,-3.9988,8.7037,3.9994
38.949,-3.9988,8.7011,3.9994
38.957,-3.9988,8.7011,3.9994
38.966,-3.9988,8.6984,3.9994
38.976,-3.9988,8.6984,3.9994
38.983,-3.9988,8.6984,3.9994
38.990,-3.9988,8.6957,3.9994
39.000,-3.9988,8.6957,3.9994
39.006,-3.9988,8.6931,3.9994
39.015,-3.9988,8.6931,3.9994
39.022,-3.9988,8.6931,3.9994
39.031,-3.9988,8.6904,3.9994
39.040,-3.9988,8.6904,3.9994
39.048,-3.9988,8.6877,3.9994
39.058,-3.9988,8.6877,3.9994
39.066,-3.9988,8.6851,3.9994
39.075,-3.9988,8.6851,3.9994
39.085,-3.9988,8.6824,3.9994
39.095,-3.9988,8.6824,3.9994
39.102,-3.9988,8.6824,3.9994
39.109,-3.9988,8.6797,3.9994
39.118,-3.9988,8.6797,3.9994
39.126,-3.9988,8.6771,3.9994
39.135,-3.9988,8.6771,3.9994
39.143,-3.9988,8.6771,3.9994
39.151,-3.9988,8.6744,3.9994
39.159,-3.9988,8.6744,3.9994
39.167,-3.9988,8.6717,3.9994
39.176,-3.9988,8.6717,3.9994
39.183,-3.9988,8.6717,3.9994
39.191,-3.9988,8.6691,3.9994
39.201,-3.9988,8.6691,3.9994
39.209,-3.9988,8.6664,3.9994
39.227,-3.9988,8.6637,3.9994
39.237,-3.9988,8.6637,3.9994
39.246,-3.9988,8.6611,3.9994
39.256,-3.9988,8.6611,3.9994
39.265,-3.9988,8.6584,3.9994
39.275,-3.9988,8.6584,3.9994
39.283,-3.9988,8.6584,3.9994
39.291,-3.9988,8.6557,3.9994
39.301,-3.9988,8.6557,3.9994
39.308,-3.9988,8.6531,3.9994
39.318,-3.9988,8.6531,3.9994
39.324,-3.9988,8.6504,3.9994
39.336,-3.9988,8.6504,3.9994
39.343,-3.9988,8.6504,3.9994
39.352,-3.9988,8.6477,3.9994
39.361,-3.9988,8.6477,3.9994
39.369,-3.9988,8.6451,3.9994
39.379,-3.9988,8.6451,3.9994
39.386,-3.9988,8.6424,3.9994
39.397,-3.9988,8.6424,3.9994
39.404,-3.9988,8.6424,3.9994
39.412,-3.9988,8.6397,3.9994
39.421,-3.9988,8.6397,3.9994
39.430,-3.9988,8.6371,3.9994
39.439,-3.9988,8.6371,3.9994
39.448,-3.9988,8.6344,3.9994
39.457,-3.9988,8.6344,3.9994
39.465,-3.9988,8.6317,3.9994
39.475,-3.9988,8.6317,3.9994
39.483,-3.9988,8.6317,3.9994
39.491,-3.9988,8.6291,3.9994
39.501,-3.9988,8.6291,3.9994
39.510,-3.9988,8.6264,3.9994
39.519,-3.9988,8.6264,3.9994
39.526,-3.9988,8.6237,3.9994
39.535,-3.9988,8.6237,3.9994
39.544,-3.9988,8.6211,3.9994
39.553,-3.9988,8.6211,3.9994
39.560,-3.9988,8.6211,3.9994
39.568,-3.9988,8.6184,3.9994
39.577,-3.9988,8.6184,3.9994
39.584,-3.9988,8.6157,3.9994
39.593,-3.9988,8.6157,3.9994
39.601,-3.9988,8.6157,3.9994
39.608,-3.9988,8.6131,3.9994
39.616,-3.9988,8.6131,3.9994
39.624,-3.9988,8.6131,3.9994
39.633,-3.9988,8.6104,3.9994
39.641,-3.9988,8.6104,3.9994
39.648,-3.9988,8.6077,3.9994
39.656,-3.9988,8.6077,3.9994
39.664,-3.9988,8.6077,3.9994
39.670,-3.9988,8.6051,3.9994
39.679,-3.9988,8.6051,3.9994
39.686,-3.9988,8.6024,3.9994
39.695,-3.9988,8.6024,3.9994
39.703,-3.9988,8.6024,3.9994
39.710,-3.9988,8.5997,3.9994
39.718,-3.9988,8.5997,3.9994
39.726,-3.9988,8.5971,3.9994
39.735,-3.9988,8.5971,3.9994
39.743,-3.9988,8.5971,3.9994
39.750,-3.9988,8.5944,3.9994
39.758,-3.9988,8.5944,3.9994
39.766,-3.9988,8.5917,3.9994
39.775,-3.9988,8.5917,3.9994
39.784,-3.9988,8.5917,3.9994
39.790,-3.9988,8.5891,3.9994
39.800,-3.9988,8.5891,3.9994
39.807,-3.9988,8.5864,3.9994
39.815,-3.9988,8.5864,3.9994
39.822,-3.9988,8.5864,3.9994
39.829,-3.9988,8.5837,3.9994
39.838,-3.9988,8.5837,3.9994
39.846,-3.9988,8.5811,3.9994
39.854,-3.9988,8.5811,3.9994
39.862,-3.9988,8.5811,3.9994
39.869,-3.9988,8.5784,3.9994
39.878,-3.9988,8.5784,3.9994
39.885,-3.9988,8.5757,3.9994
39.895,-3.9988,8.5757,3.9994
39.902,-3.9988,8.5757,3.9994
39.909,-3.9988,8.5731,3.9994
39.916,-3.9988,8.5731,3.9994
39.923,-3.9988,8.5731,3.9994
39.931,-3.9988,8.5704,3.9994
39.940,-3.9988,8.5704,3.9994
39.947,-3.9988,8.5677,3.9994
39.954,-3.9988,8.5677,3.9994
39.963,-3.9988,8.5677,3.9994
39.969,-3.9988,8.5651,3.9994
39.978,-3.9988,8.5651,3.9994
39.984,-3.9988,8.5624,3.9994
39.995,-3.9988,8.5624,3.9994
40.002,-3.9988,8.5624,3.9994
40.009,-3.9988,8.5597,3.9994
40.018,-3.9988,8.5597,3.9994
40.025,-3.9988,8.5571,3.9994
40.033,-3.9988,8.5571,3.9994
40.041,-3.9988,8.5571,3.9994
40.048,-3.9988,8.5544,3.9994
40.057,-3.9988,8.5544,3.9994
40.063,-3.9988,8.5544,3.9994
40.071,-3.9988,8.5517,3.9994
40.080,-3.9988,8.5517,3.9994
40.088,-3.9988,8.5491,3.9994
40.098,-3.9988,8.5491,3.9994
40.105,-3.9988,8.5464,3.9994
40.113,-3.9988,8.5464,3.9994
40.120,-3.9988,8.5464,3.9994
40.126,-3.9988,8.5437,3.9994
40.135,-3.9988,8.5437,3.9994
40.141,-3.9988,8.5437,3.9994
40.149,-3.9988,8.5411,3.9994
40.156,-3.9988,8.5411,3.9994
40.165,-3.9988,8.5384,3.9994
40.173,-3.9988,8.5384,3.9994
40.181,-3.9988,8.5384,3.9994
40.187,-3.9988,8.5357,3.9994
40.198,-3.9988,8.5357,3.9994
40.205,-3.9988,8.5331,3.9994
40.214,-3.9988,8.5331,3.9994
40.221,-3.9988,8.5331,3.9994
40.229,-3.9988,8.5304,3.9994
40.236,-3.9988,8.5304,3.9994
40.244,-3.9988,8.5304,3.9994
40.250,-3.9988,8.5277,3.9994
40.258,-3.9988,8.5277,3.9994
40.267,-3.9988,8.5251,3.9994
40.274,-3.9988,8.5251,3.9994
40.281,-3.9988,8.5251,3.9994
40.288,-3.9988,8.5224,3.9994
40.298,-3.9988,8.5224,3.9994
40.305,-3.9988,8.5197,3.9994
40.314,-3.9988,8.5197,3.9994
40.321,-3.9988,8.5197,3.9994
40.330,-3.9988,8.5171,3.9994
40.340,-3.9988,8.5171,3.9994
40.348,-3.9988,8.5144,3.9994
40.358,-3.9988,8.5144,3.9994
40.367,-3.9988,8.5117,3.9994
40.376,-3.9988,8.5117,3.9994
40.384,-3.9988,8.5091,3.9994
40.394,-3.9988,8.5091,3.9994
40.402,-3.9988,8.5091,3.9994
40.409,-3.9988,8.5064,3.9994
40.419,-3.9988,8.5064,3.9994
40.428,-3.9988,8.5037,3.9994
40.437,-3.9988,8.5037,3.9994
40.445,-3.9988,8.5011,3.9994
40.454,-3.9988,8.5011,3.9994
40.463,-3.9988,8.5011,3.9994
40.471,-3.9988,8.4984,3.9994
40.481,-3.9988,8.4984,3.9994
40.488,-3.9988,8.4957,3.9994
40.499,-3.9988,8.4957,3.9994
40.507,-3.9988,8.4931,3.9994
40.516,-3.9988,8.4931,3.9994
40.524,-3.9988,8.4904,3.9994
40.535,-3.9988,8.4904,3.9994
40.543,-3.9988,8.4904,3.9994
40.551,-3.9988,8.4877,3.9994
40.562,-3.9988,8.4877,3.9994
40.570,-3.9988,8.4851,3.9994
40.580,-3.9988,8.4851,3.9994
40.588,-3.9988,8.4824,3.9994
40.599,-3.9988,8.4824,3.9994
40.606,-3.9988,8.4797,3.9994
40.616,-3.9988,8.4797,3.9994
40.623,-3.9988,8.4797,3.9994
40.632,-3.9988,8.4771,3.9994
40.642,-3.9988,8.4771,3.9994
40.649,-3.9988,8.4744,3.9994
40.660,-3.9988,8.4744,3.9994
40.668,-3.9988,8.4717,3.9994
40.678,-3.9988,8.4717,3.9994
40.684,-3.9988,8.4691,3.9994
40.694,-3.9988,8.4691,3.9994
40.702,-3.9988,8.4691,3.9994
40.710,-3.9988,8.4664,3.9994
40.720,-3.9988,8.4664,3.9994
40.729,-3.9988,8.4637,3.9994
40.738,-3.9988,8.4637,3.9994
40.746,-3.9988,8.4611,3.9994
40.756,-3.9988,8.4611,3.9994
40.765,-3.9988,8.4584,3.9994
40.775,-3.9988,8.4584,3.9994
40.783,-3.9988,8.4584,3.9994
40.790,-3.9988,8.4557,3.9994
40.798,-3.9988,8.4557,3.9994
40.804,-3.9988,8.4531,3.9994
40.814,-3.9988,8.4531,3.9994
40.821,-3.9988,8.4531,3.9994
40.829,-3.9988,8.4504,3.9994
40.837,-3.9988,8.4504,3.9994
40.846,-3.9988,8.4477,3.9994
40.854,-3.9988,8.4477,3.9994
40.862,-3.9988,8.4477,3.9994
40.870,-3.9988,8.4451,3.9994
40.879,-3.9988,8.4451,3.9994
40.886,-3.9988,8.4424,3.9994
40.895,-3.9988,8.4424,3.9994
40.903,-3.9988,8.4424,3.9994
40.910,-3.9988,8.4397,3.9994
40.918,-3.9988,8.4397,3.9994
40.926,-3.9988,8.4371,3.9994
40.936,-3.9988,8.4371,3.9994
40.943,-3.9988,8.4371,3.9994
40.951,-3.9988,8.4344,3.9994
40.958,-3.9988,8.4344,3.9994
40.967,-3.9988,8.4317,3.9994
40.974,-3.9988,8.4317,3.9994
40.982,-3.9988,8.4317,3.9994
40.989,-3.9988,8.4291,3.9994
40.999,-3.9988,8.4291,3.9994
41.006,-3.9988,8.4264,3.9994
41.015,-3.9988,8.4264,3.9994
41.022,-3.9988,8.4264,3.9994
41.030,-3.9988,8.4237,3.9994
41.039,-3.9988,8.4237,3.9994
41.046,-3.9988,8.4211,3.9994
41.054,-3.9988,8.4211,3.9994
41.063,-3.9988,8.4211,3.9994
41.070,-3.9988,8.4184,3.9994
41.080,-3.9988,8.4184,3.9994
41.086,-3.9988,8.4157,3.9994
41.096,-3.9988,8.4157,3.9994
41.102,-3.9988,8.4157,3.9994
41.111,-3.9988,8.4131,3.9994
41.118,-3.9988,8.4131,3.9994
41.126,-3.9988,8.4104,3.9994
41.134,-3.9988,8.4104,3.9994
41.142,-3.9988,8.4104,3.9994
41.148,-3.9988,8.4077,3.9994
41.156,-3.9988,8.4077,3.9994
41.164,-3.9988,8.4051,3.9994
41.174,-3.9988,8.4051,3.9994
41.181,-3.9988,8.4051,3.9994
41.189,-3.9988,8.4024,3.9994
41.199,-3.9988,8.4024,3.9994
41.206,-3.9988,8.3997,3.9994
41.215,-3.9988,8.3997,3.9994
41.222,-3.9988,8.3997,3.9994
41.230,-3.9988,8.3971,3.9994
41.238,-3.9988,8.3971,3.9994
41.246,-3.9988,8.3944,3.9994
41.254,-3.9988,8.3944,3.9994
41.262,-3.9988,8.3944,3.9994
41.269,-3.9988,8.3917,3.9994
41.278,-3.9988,8.3917,3.9994
41.285,-3.9988,8.3891,3.9994
41.294,-3.9988,8.3891,3.9994
41.302,-3.9988,8.3891,3.9994
41.318,-3.9988,8.3864,3.9994
41.328,-3.9988,8.3837,3.9994
41.337,-3.9988,8.3837,3.9994
41.344,-3.9988,8.3811,3.9994
41.353,-3.9988,8.3811,3.9994
41.361,-3.9988,8.3811,3.9994
41.368,-3.9988,8.3784,3.9994
41.376,-3.9988,8.3784,3.9994
41.384,-3.9988,8.3757,3.9994
41.392,-3.9988,8.3757,3.9994
41.400,-3.9988,8.3757,3.9994
41.406,-3.9988,8.3731,3.9994
41.416,-3.9988,8.3731,3.9994
41.422,-3.9988,8.3731,3.9994
41.429,-3.9988,8.3704,3.9994
41.438,-3.9988,8.3704,3.9994
41.446,-3.9988,8.3677,3.9994
41.455,-3.9988,8.3677,3.9994
41.463,-3.9988,8.3677,3.9994
41.469,-3.9988,8.3651,3.9994
41.480,-3.9988,8.3651,3.9994
41.487,-3.9988,8.3624,3.9994
41.496,-3.9988,8.3624,3.9994
41.503,-3.9988,8.3624,3.9994
41.511,-3.9988,8.3597,3.9994
41.518,-3.9988,8.3597,3.9994
41.526,-3.9988,8.3571,3.9994
41.535,-3.9988,8.3571,3.9994
41.542,-3.9988,8.3571,3.9994
41.549,-3.9988,8.3544,3.9994
41.558,-3.9988,8.3544,3.9994
41.566,-3.9988,8.3517,3.9994
41.576,-3.9988,8.3517,3.9994
41.584,-3.9988,8.3517,3.9994
41.592,-3.9988,8.3491,3.9994
41.602,-3.9988,8.3491,3.9994
41.609,-3.9988,8.3464,3.9994
41.619,-3.9988,8.3464,3.9994
41.627,-3.9988,8.3437,3.9994
41.637,-3.9988,8.3437,3.9994
41.644,-3.9988,8.3411,3.9994
41.654,-3.9988,8.3411,3.9994
41.662,-3.9988,8.3411,3.9994
41.670,-3.9988,8.3384,3.9994
41.679,-3.9988,8.3384,3.9994
41.686,-3.9988,8.3357,3.9994
41.695,-3.9988,8.3357,3.9994
41.702,-3.9988,8.3357,3.9994
41.710,-3.9988,8.3331,3.9994
41.720,-3.9988,8.3331,3.9994
41.728,-3.9988,8.3304,3.9994
41.737,-3.9988,8.3304,3.9994
41.746,-3.9988,8.3277,3.9994
41.754,-3.9988,8.3277,3.9994
41.763,-3.9988,8.3277,3.9994
41.772,-3.9988,8.3251,3.9994
41.782,-3.9988,8.3251,3.9994
41.790,-3.9988,8.3224,3.9994
41.800,-3.9988,8.3224,3.9994
41.808,-3.9988,8.3197,3.9994
41.818,-3.9988,8.3197,3.9994
41.826,-3.9988,8.3171,3.9994
41.836,-3.9988,8.3171,3.9994
41.844,-3.9988,8.3171,3.9994
41.851,-3.9988,8.3144,3.9994
41.860,-3.9988,8.3144,3.9994
41.868,-3.9988,8.3117,3.9994
41.878,-3.9988,8.3117,3.9994
41.886,-3.9988,8.3091,3.9994
41.896,-3.9988,8.3091,3.9994
41.904,-3.9988,8.3064,3.9994
41.914,-3.9988,8.3064,3.9994
41.920,-3.9988,8.3064,3.9994
41.929,-3.9988,8.3037,3.9994
41.938,-3.9988,8.3037,3.9994
41.946,-3.9988,8.3011,3.9994
41.954,-3.9988,8.3011,3.9994
41.963,-3.9988,8.3011,3.9994
41.969,-3.9988,8.2984,3.9994
41.980,-3.9988,8.2984,3.9994
41.987,-3.9988,8.2957,3.9994
41.998,-3.9988,8.2957,3.9994
42.006,-3.9988,8.2931,3.9994
42.016,-3.9988,8.2931,3.9994
42.024,-3.9988,8.2904,3.9994
42.034,-3.9988,8.2904,3.9994
42.042,-3.9988,8.2904,3.9994
42.050,-3.9988,8.2877,3.9994
42.059,-3.9988,8.2877,3.9994
42.066,-3.9988,8.2851,3.9994
42.075,-3.9988,8.2851,3.9994
42.083,-3.9988,8.2851,3.9994
42.089,-3.9988,8.2824,3.9994
42.098,-3.9988,8.2824,3.9994
42.105,-3.9988,8.2797,3.9994
42.114,-3.9988,8.2797,3.9994
42.121,-3.9988,8.2797,3.9994
42.128,-3.9988,8.2771,3.9994
42.137,-3.9988,8.2771,3.9994
42.145,-3.9988,8.2744,3.9994
42.153,-3.9988,8.2744,3.9994
42.161,-3.9988,8.2744,3.9994
42.169,-3.9988,8.2717,3.9994
42.178,-3.9988,8.2717,3.9994
42.185,-3.9988,8.2691,3.9994
42.193,-3.9988,8.2691,3.9994
42.201,-3.9988,8.2691,3.9994
42.209,-3.9988,8.2664,3.9994
42.217,-3.9988,8.2664,3.9994
42.225,-3.9988,8.2637,3.9994
42.234,-3.9988,8.2637,3.9994
42.242,-3.9988,8.2637,3.9994
42.249,-3.9988,8.2611,3.9994
42.258,-3.9988,8.2611,3.9994
42.265,-3.9988,8.2584,3.9994
42.274,-3.9988,8.2584,3.9994
42.282,-3.9988,8.2584,3.9994
42.289,-3.9988,8.2557,3.9994
42.298,-3.9988,8.2557,3.9994
42.305,-3.9988,8.2531,3.9994
42.314,-3.9988,8.2531,3.9994
42.322,-3.9988,8.2531,3.9994
42.329,-3.9988,8.2504,3.9994
42.338,-3.9988,8.2504,3.9994
42.345,-3.9988,8.2477,3.9994
42.354,-3.9988,8.2477,3.9994
42.363,-3.9988,8.2477,3.9994
42.372,-3.9988,8.2451,3.9994
42.381,-3.9988,8.2451,3.9994
42.389,-3.9988,8.2424,3.9994
42.398,-3.9988,8.2424,3.9994
42.406,-3.9988,8.2397,3.9994
42.414,-3.9988,8.2397,3.9994
42.421,-3.9988,8.2397,3.9994
42.428,-3.9988,8.2371,3.9994
42.437,-3.9988,8.2371,3.9994
42.445,-3.9988,8.2344,3.9994
42.453,-3.9988,8.2344,3.9994
42.462,-3.9988,8.2344,3.9994
42.469,-3.9988,8.2317,3.9994
42.478,-3.9988,8.2317,3.9994
42.484,-3.9988,8.2291,3.9994
42.494,-3.9988,8.2291,3.9994
42.502,-3.9988,8.2291,3.9994
42.509,-3.9988,8.2264,3.9994
42.517,-3.9988,8.2264,3.9994
42.524,-3.9988,8.2237,3.9994
42.535,-3.9988,8.2237,3.9994
42.542,-3.9988,8.2237,3.9994
42.548,-3.9988,8.2211,3.9994
42.557,-3.9988,8.2211,3.9994
42.566,-3.9988,8.2184,3.9994
42.573,-3.9988,8.2184,3.9994
42.582,-3.9988,8.2184,3.9994
42.588,-3.9988,8.2157,3.9994
42.598,-3.9988,8.2157,3.9994
42.604,-3.9988,8.2131,3.9994
42.614,-3.9988,8.2131,3.9994
42.621,-3.9988,8.2131,3.9994
42.629,-3.9988,8.2104,3.9994
42.637,-3.9988,8.2104,3.9994
42.644,-3.9988,8.2077,3.9994
42.653,-3.9988,8.2077,3.9994
42.661,-3.9988,8.2077,3.9994
42.668,-3.9988,8.2051,3.9994
42.678,-3.9988,8.2051,3.9994
42.684,-3.9988,8.2024,3.9994
42.694,-3.9988,8.2024,3.9994
42.701,-3.9988,8.2024,3.9994
42.709,-3.9988,8.1997,3.9994
42.718,-3.9988,8.1997,3.9994
42.726,-3.9988,8.1971,3.9994
42.735,-3.9988,8.1971,3.9994
42.743,-3.9988,8.1971,3.9994
42.750,-3.9988,8.1944,3.9994
42.758,-3.9988,8.1944,3.9994
42.765,-3.9988,8.1917,3.9994
42.775,-3.9988,8.1917,3.9994
42.783,-3.9988,8.1917,3.9994
42.790,-3.9988,8.1891,3.9994
42.799,-3.9988,8.1891,3.9994
42.806,-3.9988,8.1864,3.9994
42.815,-3.9988,8.1864,3.9994
42.822,-3.9988,8.1864,3.9994
42.829,-3.9988,8.1837,3.9994
42.838,-3.9988,8.1837,3.9994
42.844,-3.9988,8.1811,3.9994
42.853,-3.9988,8.1811,3.9994
42.862,-3.9988,8.1811,3.9994
42.870,-3.9988,8.1784,3.9994
42.880,-3.9988,8.1784,3.9994
42.887,-3.9988,8.1757,3.9994
42.897,-3.9988,8.1757,3.9994
42.904,-3.9988,8.1731,3.9994
42.914,-3.9988,8.1731,3.9994
42.922,-3.9988,8.1731,3.9994
42.930,-3.9988,8.1704,3.9994
42.939,-3.9988,8.1704,3.9994
42.947,-3.9988,8.1677,3.9994
42.956,-3.9988,8.1677,3.9994
42.964,-3.9988,8.1677,3.9994
42.972,-3.9988,8.1651,3.9994
42.982,-3.9988,8.1651,3.9994
42.989,-3.9988,8.1624,3.9994
42.998,-3.9988,8.1624,3.9994
43.006,-3.9988,8.1597,3.9994
43.018,-3.9988,8.1597,3.9994
43.025,-3.9988,8.1571,3.9994
43.036,-3.9988,8.1571,3.9994
43.045,-3.9988,8.1544,3.9994
43.056,-3.9988,8.1544,3.9994
43.066,-3.9988,8.1544,3.9994
43.075,-3.9988,8.1544,3.9994
43.084,-3.9988,8.1544,3.9994
43.093,-3.9988,8.1544,3.9994
43.105,-3.9988,8.1544,3.9994
43.114,-3.9988,8.1544,3.9994
43.121,-3.9988,8.1544,3.9994
43.131,-3.9988,8.1544,3.9994
43.141,-3.9988,8.1544,3.9994
43.149,-3.9988,8.1544,3.9994
43.158,-3.9988,8.1544,3.9994
43.166,-3.9988,8.1544,3.9994
43.176,-3.9988,8.1544,3.9994
43.184,-3.9988,8.1544,3.9994
43.194,-3.9988,8.1544,3.9994
43.202,-3.9988,8.1544,3.9994
43.211,-3.9988,8.1544,3.9994
43.220,-3.9988,8.1544,3.9994
43.228,-3.9988,8.1544,3.9994
43.236,-3.9988,8.1544,3.9994
43.244,-3.9988,8.1544,3.9994
43.253,-3.9988,8.1544,3.9994
43.262,-3.9988,8.1544,3.9994
43.270,-3.9988,8.1544,3.9994
43.280,-3.9988,8.1544,3.9994
43.287,-3.9988,8.1544,3.9994
43.296,-3.9988,8.1544,3.9994
43.302,-3.9988,8.1544,3.9994
43.312,-3.9988,8.1544,3.9994
43.320,-3.9988,8.1544,3.9994
43.328,-3.9988,8.1544,3.9994
43.336,-3.9988,8.1544,3.9994
43.344,-3.9988,8.1544,3.9994
43.352,-3.9988,8.1544,3.9994
43.360,-3.9988,8.1544,3.9994
43.367,-3.9988,8.1544,3.9994
43.386,-3.9988,8.1544,3.9994
43.396,-3.9988,8.1544,3.9994
43.402,-3.9988,8.1544,3.9994
43.411,-3.9988,8.1544,3.9994
43.419,-3.9988,8.1544,3.9994
43.428,-3.9988,8.1544,3.9994
43.437,-3.9988,8.1544,3.9994
43.444,-3.9988,8.1544,3.9994
43.452,-3.9988,8.1544,3.9994
43.460,-3.9988,8.1544,3.9994
43.469,-3.9988,8.1544,3.9994
43.477,-3.9988,8.1544,3.9994
43.485,-3.9988,8.1544,3.9994
43.493,-3.9988,8.1544,3.9994
43.502,-3.9988,8.1544,3.9994
43.508,-3.9988,8.1544,3.9994
43.517,-3.9988,8.1544,3.9994
43.524,-3.9988,8.1544,3.9994
43.532,-3.9988,8.1544,3.9994
43.540,-3.9988,8.1544,3.9994
43.548,-3.9988,8.1544,3.9994
43.555,-3.9988,8.1544,3.9994
43.564,-3.9988,8.1544,3.9994
43.571,-3.9988,8.1544,3.9994
43.581,-3.9988,8.1544,3.9994
43.588,-3.9988,8.1544,3.9994
43.597,-3.9988,8.1544,3.9994
43.605,-3.9988,8.1544,3.9994
43.613,-3.9988,8.1544,3.9994
43.621,-3.9988,8.1544,3.9994
43.629,-3.9988,8.1544,3.9994
43.638,-3.9988,8.1544,3.9994
43.645,-3.9988,8.1544,3.9994
43.655,-3.9988,8.1544,3.9994
43.662,-3.9988,8.1544,3.9994
43.671,-3.9988,8.1544,3.9994
43.679,-3.9988,8.1544,3.9994
43.687,-3.9988,8.1544,3.9994
43.695,-3.9988,8.1544,3.9994
43.703,-3.9988,8.1544,3.9994
43.710,-3.9988,8.1544,3.9994
43.719,-3.9988,8.1544,3.9994
43.727,-3.9988,8.1544,3.9994
43.736,-3.9988,8.1544,3.9994
43.744,-3.9988,8.1534,3.9994
43.753,-3.9988,8.1534,3.9994
43.761,-3.9988,8.1534,3.9994
43.768,-3.9988,8.1525,3.9994
43.777,-3.9988,8.1525,3.9994
43.786,-3.9988,8.1525,3.9994
43.795,-3.9988,8.1525,3.9994
43.803,-3.9988,8.1525,3.9994
43.810,-3.9988,8.1521,3.9994
43.818,-3.9988,8.1521,3.9994
43.825,-3.9988,8.1521,3.9994
43.834,-3.9988,8.1521,3.9994
43.841,-3.9988,8.1521,3.9994
43.848,-3.9988,8.1521,3.9994
43.856,-3.9988,8.1521,3.9994
43.863,-3.9988,8.1521,3.9994
43.869,-3.9988,8.1521,3.9994
43.877,-3.9988,8.1521,3.9994
43.884,-3.9988,8.1521,3.9994
43.892,-3.9988,8.1521,3.9994
43.899,-3.9988,8.1521,3.9994
43.906,-3.9988,8.1521,3.9994
43.916,-3.9988,8.1521,3.9994
43.922,-3.9988,8.1521,3.9994
43.929,-3.9988,8.1520,3.9994
43.937,-3.9988,8.1520,3.9994
43.945,-3.9988,8.1519,3.9994
43.953,-3.9988,8.1519,3.9994
43.960,-3.9988,8.1519,3.9994
43.967,-3.9988,8.1519,3.9994
43.975,-3.9988,8.1519,3.9994
43.982,-3.9988,8.1519,3.9994
43.988,-3.9988,8.1519,3.9994
43.997,-3.9988,8.1519,3.9994
44.004,-3.9988,8.1519,3.9994
44.013,-3.9988,8.1519,3.9994
44.020,-3.9988,8.1519,3.9994
44.029,-3.9988,8.1519,3.9994
44.037,-3.9988,8.1519,3.9994
44.046,-3.9988,8.1519,3.9994
44.054,-3.9988,8.1519,3.9994
44.062,-3.9988,8.1519,3.9994
44.070,-3.9988,8.1519,3.9994
44.079,-3.9988,8.1519,3.9994
44.085,-3.9988,8.1519,3.9994
44.095,-3.9988,8.1519,3.9994
44.102,-3.9988,8.1519,3.9994
44.110,-3.9988,8.1519,3.9994
44.117,-3.9988,8.1519,3.9994
44.125,-3.9988,8.1519,3.9994
44.135,-3.9988,8.1519,3.9994
44.142,-3.9988,8.1519,3.9994
44.150,-3.9988,8.1519,3.9994
44.158,-3.9988,8.1519,3.9994
44.166,-3.9988,8.1519,3.9994
44.175,-3.9988,8.1519,3.9994
44.182,-3.9988,8.1519,3.9994
44.190,-3.9988,8.1519,3.9994
44.199,-3.9988,8.1519,3.9994
44.205,-3.9988,8.1519,3.9994
44.216,-3.9988,8.1519,3.9994
44.223,-3.9988,8.1519,3.9994
44.231,-3.9988,8.1519,3.9994
44.238,-3.9988,8.1519,3.9994
44.248,-3.9988,8.1519,3.9994
44.255,-3.9988,8.1519,3.9994
44.264,-3.9988,8.1519,3.9994
44.272,-3.9988,8.1519,3.9994
44.281,-3.9988,8.1519,3.9994
44.288,-3.9988,8.1519,3.9994
44.298,-3.9988,8.1519,3.9994
44.305,-3.9988,8.1519,3.9994
44.315,-3.9988,8.1519,3.9994
44.322,-3.9988,8.1519,3.9994
44.332,-3.9988,8.1519,3.9994
44.341,-3.9988,8.1519,3.9994
44.349,-3.9988,8.1519,3.9994
44.358,-3.9988,8.1519,3.9994
44.367,-3.9988,8.1519,3.9994
44.376,-3.9988,8.1519,3.9994
44.383,-3.9988,8.1519,3.9994
44.392,-3.9988,8.1519,3.9994
44.401,-3.9988,8.1519,3.9994
44.408,-3.9988,8.1519,3.9994
44.416,-3.9988,8.1519,3.9994
44.424,-3.9988,8.1519,3.9994
44.434,-3.9988,8.1519,3.9994
44.441,-3.9988,8.1519,3.9994
44.448,-3.9988,8.1519,3.9994
44.456,-3.9988,8.1519,3.9994
44.464,-3.9988,8.1519,3.9994
44.473,-3.9988,8.1519,3.9994
44.480,-3.9988,8.1519,3.9994
44.488,-3.9988,8.1519,3.9994
44.497,-3.9988,8.1519,3.9994
44.504,-3.9988,8.1519,3.9994
44.510,-3.9988,8.1519,3.9994
44.518,-3.9988,8.1519,3.9994
44.525,-3.9988,8.1519,3.9994
44.534,-3.9988,8.1519,3.9994
44.541,-3.9988,8.1519,3.9994
44.549,-3.9988,8.1519,3.9994
44.557,-3.9988,8.1519,3.9994
44.566,-3.9988,8.1519,3.9994
44.574,-3.9988,8.1519,3.9994
44.581,-3.9988,8.1519,3.9994
44.588,-3.9988,8.1519,3.9994
44.597,-3.9988,8.1519,3.9994
44.603,-3.9988,8.1519,3.9994
44.610,-3.9988,8.1519,3.9994
44.617,-3.9988,8.1519,3.9994
44.625,-3.9988,8.1519,3.9994
44.635,-3.9988,8.1519,3.9994
44.642,-3.9988,8.1519,3.9994
44.649,-3.9988,8.1519,3.9994
44.656,-3.9988,8.1519,3.9994
44.664,-3.9988,8.1519,3.9994
44.672,-3.9988,8.1519,3.9994
44.680,-3.9988,8.1519,3.9994
44.688,-3.9988,8.1519,3.9994
44.697,-3.9988,8.1519,3.9994
44.704,-3.9988,8.1519,3.9994
44.713,-3.9988,8.1519,3.9994
44.719,-3.9988,8.1519,3.9994
44.728,-3.9988,8.1519,3.9994
44.735,-3.9988,8.1519,3.9994
44.742,-3.9988,8.1519,3.9994
44.750,-3.9988,8.1519,3.9994
44.759,-3.9988,8.1519,3.9994
44.767,-3.9988,8.1519,3.9994
44.775,-3.9988,8.1519,3.9994
44.783,-3.9988,8.1519,3.9994
44.790,-3.9988,8.1519,3.9994
44.800,-3.9988,8.1519,3.9994
44.809,-3.9988,8.1519,3.9994
44.816,-3.9988,8.1519,3.9994
44.824,-3.9988,8.1519,3.9994
44.833,-3.9988,8.1519,3.9994
44.841,-3.9988,8.1519,3.9994
44.847,-3.9988,8.1519,3.9994
44.855,-3.9988,8.1519,3.9994
44.862,-3.9988,8.1519,3.9994
44.870,-3.9988,8.1519,3.9994
44.879,-3.9988,8.1519,3.9994
44.886,-3.9988,8.1519,3.9994
44.894,-3.9988,8.1519,3.9994
44.901,-3.9988,8.1519,3.9994
44.908,-3.9988,8.1519,3.9994
44.916,-3.9988,8.1519,3.9994
44.923,-3.9988,8.1519,3.9994
44.930,-3.9988,8.1519,3.9994
44.939,-3.9988,8.1519,3.9994
44.948,-3.9988,8.1519,3.9994
44.954,-3.9988,8.1519,3.9994
44.963,-3.9988,8.1519,3.9994
44.970,-3.9988,8.1519,3.9994
44.980,-3.9988,8.1519,3.9994
44.988,-3.9988,8.1519,3.9994
44.997,-3.9988,8.1519,3.9994
45.005,-3.9988,8.1519,3.9994
45.013,-3.9988,8.1519,3.9994
45.020,-3.9988,8.1519,3.9994
45.029,-3.9988,8.1519,3.9994
45.037,-3.9988,8.1519,3.9994
45.045,-3.9988,8.1519,3.9994
45.053,-3.9988,8.1519,3.9994
45.062,-3.9988,8.1519,3.9994
45.069,-3.9988,8.1519,3.9994
45.078,-3.9988,8.1519,3.9994
45.085,-3.9988,8.1519,3.9994
45.094,-3.9988,8.1519,3.9994
45.102,-3.9988,8.1519,3.9994
45.110,-3.9988,8.1519,3.9994
45.117,-3.9988,8.1519,3.9994
45.124,-3.9988,8.1519,3.9994
45.132,-3.9988,8.1519,3.9994
45.139,-3.9988,8.1519,3.9994
45.146,-3.9988,8.1519,3.9994
45.154,-3.9988,8.1519,3.9994
45.161,-3.9988,8.1519,3.9994
45.168,-3.9988,8.1519,3.9994
45.176,-3.9988,8.1519,3.9994
45.184,-3.9988,8.1519,3.9994
45.190,-3.9988,8.1519,3.9994
45.199,-3.9988,8.1519,3.9994
45.208,-3.9988,8.1519,3.9994
45.222,-3.9988,8.1519,3.9994
45.230,-3.9988,8.1519,3.9994
45.238,-3.9988,8.1519,3.9994
45.245,-3.9988,8.1519,3.9994
45.252,-3.9988,8.1519,3.9994
45.259,-3.9988,8.1519,3.9994
45.265,-3.9988,8.1519,3.9994
45.273,-3.9988,8.1519,3.9994
45.281,-3.9988,8.1519,3.9994
45.287,-3.9988,8.1519,3.9994
45.295,-3.9988,8.1519,3.9994
45.302,-3.9988,8.1519,3.9994
45.310,-3.9988,8.1519,3.9994
45.317,-3.9988,8.1519,3.9994
45.324,-3.9988,8.1519,3.9994
45.332,-3.9988,8.1519,3.9994
45.339,-3.9988,8.1519,3.9994
45.346,-3.9988,8.1519,3.9994
45.355,-3.9988,8.1519,3.9994
45.363,-3.9988,8.1519,3.9994
45.370,-3.9988,8.1519,3.9994
45.378,-3.9988,8.1519,3.9994
45.386,-3.9988,8.1519,3.9994
45.394,-3.9988,8.1519,3.9994
45.403,-3.9988,8.1519,3.9994
45.410,-3.9988,8.1519,3.9994
45.418,-3.9988,8.1519,3.9994
45.425,-3.9988,8.1519,3.9994
45.435,-3.9988,8.1519,3.9994
45.442,-3.9988,8.1519,3.9994
45.449,-3.9988,8.1519,3.9994
45.457,-3.9988,8.1519,3.9994
45.466,-3.9988,8.1519,3.9994
45.472,-3.9988,8.1519,3.9994
45.480,-3.9988,8.1519,3.9994
45.487,-3.9988,8.1519,3.9994
45.496,-3.9988,8.1519,3.9994
45.503,-3.9988,8.1519,3.9994
45.511,-3.9988,8.1519,3.9994
45.520,-3.9988,8.1519,3.9994
45.529,-3.9988,8.1519,3.9994
45.537,-3.9988,8.1519,3.9994
45.546,-3.9988,8.1519,3.9994
45.556,-3.9988,8.1519,3.9994
45.564,-3.9988,8.1519,3.9994
45.574,-3.9988,8.1519,3.9994
45.583,-3.9988,8.1519,3.9994
45.593,-3.9988,8.1519,3.9994
45.603,-3.9988,8.1519,3.9994
45.612,-3.9988,8.1519,3.9994
45.622,-3.9988,8.1519,3.9994
45.629,-3.9988,8.1519,3.9994
45.639,-3.9988,8.1519,3.9994
45.647,-3.9988,8.1519,3.9994
45.656,-3.9988,8.1519,3.9994
45.664,-3.9988,8.1519,3.9994
45.672,-3.9988,8.1519,3.9994
45.682,-3.9988,8.1519,3.9994
45.690,-3.9988,8.1519,3.9994
45.700,-3.9988,8.1519,3.9994
45.708,-3.9988,8.1519,3.9994
45.719,-3.9988,8.1519,3.9994
45.728,-3.9988,8.1519,3.9994
45.737,-3.9988,8.1519,3.9994
45.745,-3.9988,8.1519,3.9994
45.754,-3.9988,8.1519,3.9994
45.764,-3.9988,8.1519,3.9994
45.774,-3.9988,8.1519,3.9994
45.783,-3.9988,8.1519,3.9994
45.792,-3.9988,8.1519,3.9994
45.802,-3.9988,8.1519,3.9994
45.811,-3.9988,8.1519,3.9994
45.821,-3.9988,8.1519,3.9994
45.829,-3.9988,8.1519,3.9994
45.839,-3.9988,8.1519,3.9994
45.848,-3.9988,8.1519,3.9994
45.856,-3.9988,8.1519,3.9994
45.865,-3.9988,8.1519,3.9994
45.874,-3.9988,8.1519,3.9994
45.881,-3.9988,8.1519,3.9994
45.890,-3.9988,8.1519,3.9994
45.900,-3.9988,8.1519,3.9994
45.907,-3.9988,8.1519,3.9994
45.916,-3.9988,8.1519,3.9994
45.923,-3.9988,8.1519,3.9994
45.931,-3.9988,8.1519,3.9994
45.940,-3.9988,8.1519,3.9994
45.949,-3.9988,8.1519,3.9994
45.957,-3.9988,8.1519,3.9994
45.966,-3.9988,8.1519,3.9994
45.976,-3.9988,8.1519,3.9994
45.984,-3.9988,8.1519,3.9994
45.991,-3.9988,8.1519,3.9994
46.001,-3.9988,8.1519,3.9994
46.009,-3.9988,8.1519,3.9994
46.017,-3.9988,8.1519,3.9994
46.026,-3.9988,8.1519,3.9994
46.036,-3.9988,8.1519,3.9994
46.044,-3.9988,8.1519,3.9994
46.053,-3.9988,8.1519,3.9994
46.062,-3.9988,8.1519,3.9994
46.070,-3.9988,8.1519,3.9994
46.080,-3.9988,8.1519,3.9994
46.088,-3.9988,8.1519,3.9994
46.097,-3.9988,8.1519,3.9994
46.106,-3.9988,8.1519,3.9994
46.114,-3.9988,8.1519,3.9994
46.122,-3.9988,8.1519,3.9994
46.131,-3.9988,8.1519,3.9994
46.140,-3.9988,8.1519,3.9994
46.148,-3.9988,8.1519,3.9994
46.157,-3.9988,8.1519,3.9994
46.165,-3.9988,8.1519,3.9994
46.173,-3.9988,8.1519,3.9994
46.181,-3.9988,8.1519,3.9994
46.188,-3.9988,8.1519,3.9994
46.198,-3.9988,8.1519,3.9994
46.205,-3.9988,8.1519,3.9994
46.213,-3.9988,8.1519,3.9994
46.220,-3.9988,8.1519,3.9994
46.229,-3.9988,8.1519,3.9994
46.238,-3.9988,8.1519,3.9994
46.246,-3.9988,8.1519,3.9994
46.253,-3.9988,8.1519,3.9994
46.262,-3.9988,8.1519,3.9994
46.270,-3.9988,8.1519,3.9994
46.279,-3.9988,8.1519,3.9994
46.286,-3.9988,8.1519,3.9994
46.296,-3.9988,8.1519,3.9994
46.303,-3.9988,8.1519,3.9994
46.313,-3.9988,8.1519,3.9994
46.321,-3.9988,8.1519,3.9994
46.330,-3.9988,8.1519,3.9994
46.339,-3.9988,8.1519,3.9994
46.347,-3.9988,8.1519,3.9994
46.356,-3.9988,8.1519,3.9994
46.365,-3.9988,8.1519,3.9994
46.375,-3.9988,8.1519,3.9994
46.383,-3.9988,8.1519,3.9994
46.391,-3.9988,8.1519,3.9994
46.400,-3.9988,8.1519,3.9994
46.409,-3.9988,8.1519,3.9994
46.418,-3.9988,8.1519,3.9994
46.426,-3.9988,8.1519,3.9994
46.435,-3.9988,8.1519,3.9994
46.443,-3.9988,8.1519,3.9994
46.452,-3.9988,8.1519,3.9994
46.460,-3.9988,8.1519,3.9994
46.469,-3.9988,8.1519,3.9994
46.477,-3.9988,8.1519,3.9994
46.486,-3.9988,8.1519,3.9994
46.495,-3.9988,8.1519,3.9994
46.502,-3.9988,8.1519,3.9994
46.511,-3.9988,8.1519,3.9994
46.521,-3.9988,8.1519,3.9994
46.530,-3.9988,8.1519,3.9994
46.538,-3.9988,8.1519,3.9994
46.547,-3.9988,8.1519,3.9994
46.555,-3.9988,8.1519,3.9994
46.564,-3.9988,8.1519,3.9994
46.572,-3.9988,8.1519,3.9994
46.583,-3.9988,8.1519,3.9994
46.590,-3.9988,8.1519,3.9994
46.599,-3.9988,8.1519,3.9994
46.608,-3.9988,8.1519,3.9994
46.617,-3.9988,8.1519,3.9994
46.624,-3.9988,8.1519,3.9994
46.634,-3.9988,8.1519,3.9994
46.641,-3.9988,8.1519,3.9994
46.649,-3.9988,8.1519,3.9994
46.658,-3.9988,8.1519,3.9994
46.666,-3.9988,8.1519,3.9994
46.675,-3.9988,8.1519,3.9994
46.682,-3.9988,8.1519,3.9994
46.691,-3.9988,8.1519,3.9994
46.701,-3.9988,8.1519,3.9994
46.709,-3.9988,8.1519,3.9994
46.718,-3.9988,8.1519,3.9994
46.725,-3.9988,8.1519,3.9994
46.735,-3.9988,8.1519,3.9994
46.743,-3.9988,8.1519,3.9994
46.752,-3.9988,8.1519,3.9994
46.761,-3.9988,8.1519,3.9994
46.768,-3.9988,8.1519,3.9994
46.777,-3.9988,8.1519,3.9994
46.788,-3.9988,8.1519,3.9994
46.796,-3.9988,8.1519,3.9994
46.803,-3.9988,8.1519,3.9994
46.812,-3.9988,8.1519,3.9994
46.821,-3.9988,8.1519,3.9994
46.830,-3.9988,8.1519,3.9994
46.839,-3.9988,8.1519,3.9994
46.848,-3.9988,8.1519,3.9994
46.855,-3.9988,8.1519,3.9994
46.864,-3.9988,8.1519,3.9994
46.873,-3.9988,8.1519,3.9994
46.881,-3.9988,8.1519,3.9994
46.889,-3.9988,8.1519,3.9994
46.900,-3.9988,8.1519,3.9994
46.907,-3.9988,8.1519,3.9994
46.917,-3.9988,8.1519,3.9994
46.926,-3.9988,8.1519,3.9994
46.936,-3.9988,8.1519,3.9994
46.945,-3.9988,8.1519,3.9994
46.953,-3.9988,8.1519,3.9994
46.962,-3.9988,8.1519,3.9994
46.970,-3.9988,8.1519,3.9994
46.980,-3.9988,8.1519,3.9994
46.990,-3.9988,8.1519,3.9994
46.999,-3.9988,8.1519,3.9994
47.007,-3.9988,8.1519,3.9994
47.016,-3.9988,8.1519,3.9994
47.024,-3.9988,8.1519,3.9994
47.034,-3.9988,8.1519,3.9994
47.041,-3.9988,8.1519,3.9994
47.050,-3.9988,8.1519,3.9994
47.059,-3.9988,8.1519,3.9994
47.068,-3.9988,8.1519,3.9994
47.076,-3.9988,8.1519,3.9994
47.084,-3.9988,8.1519,3.9994
47.094,-3.9988,8.1519,3.9994
47.102,-3.9988,8.1519,3.9994
47.111,-3.9988,8.1519,3.9994
47.123,-3.9988,8.1519,3.9994
47.135,-3.9988,8.1519,3.9994
47.149,-3.9988,8.1519,3.9994
47.157,-3.9988,8.1519,3.9994
47.165,-3.9988,8.1519,3.9994
47.173,-3.9988,8.1519,3.9994
47.181,-3.9988,8.1519,3.9994
47.191,-3.9988,8.1519,3.9994
47.209,-3.9988,8.1519,3.9994
47.219,-3.9988,8.1519,3.9994
47.229,-3.9988,8.1519,3.9994
47.238,-3.9988,8.1519,3.9994
47.246,-3.9988,8.1519,3.9994
47.254,-3.9988,8.1519,3.9994
47.262,-3.9988,8.1519,3.9994
47.270,-3.9988,8.1519,3.9994
47.278,-3.9988,8.1519,3.9994
47.286,-3.9988,8.1519,3.9994
47.294,-3.9988,8.1519,3.9994
47.302,-3.9988,8.1519,3.9994
47.310,-3.9988,8.1519,3.9994
47.318,-3.9988,8.1519,3.9994
47.325,-3.9988,8.1519,3.9994
47.336,-3.9988,8.1519,3.9994
47.342,-3.9988,8.1519,3.9994
47.350,-3.9988,8.1519,3.9994
47.359,-3.9988,8.1519,3.9994
47.369,-3.9988,8.1519,3.9994
47.378,-3.9988,8.1519,3.9994
47.385,-3.9988,8.1519,3.9994
47.394,-3.9988,8.1519,3.9994
47.402,-3.9988,8.1519,3.9994
47.411,-3.9988,8.1519,3.9994
47.420,-3.9988,8.1519,3.9994
47.429,-3.9988,8.1519,3.9994
47.438,-3.9988,8.1519,3.9994
47.446,-3.9988,8.1519,3.9994
47.454,-3.9988,8.1519,3.9994
47.463,-3.9988,8.1519,3.9994
47.470,-3.9988,8.1519,3.9994
47.478,-3.9988,8.1519,3.9994
47.485,-3.9988,8.1519,3.9994
47.494,-3.9988,8.1519,3.9994
47.502,-3.9988,8.1519,3.9994
47.511,-3.9988,8.1519,3.9994
47.519,-3.9988,8.1519,3.9994
47.526,-3.9988,8.1519,3.9994
47.535,-3.9988,8.1519,3.9994
47.543,-3.9988,8.1519,3.9994
47.551,-3.9988,8.1519,3.9994
47.559,-3.9988,8.1519,3.9994
47.566,-3.9988,8.1519,3.9994
47.574,-3.9988,8.1519,3.9994
47.582,-3.9988,8.1519,3.9994
47.589,-3.9988,8.1519,3.9994
47.599,-3.9988,8.1519,3.9994
47.607,-3.9988,8.1519,3.9994
47.616,-3.9988,8.1519,3.9994
47.623,-3.9988,8.1519,3.9994
47.632,-3.9988,8.1519,3.9994
47.640,-3.9988,8.1519,3.9994
47.648,-3.9988,8.1519,3.9994
47.656,-3.9988,8.1519,3.9994
47.665,-3.9988,8.1519,3.9994
47.673,-3.9988,8.1519,3.9994
47.681,-3.9988,8.1519,3.9994
47.688,-3.9988,8.1519,3.9994
47.696,-3.9988,8.1519,3.9994
47.704,-3.9988,8.1519,3.9994
47.712,-3.9988,8.1519,3.9994
47.719,-3.9988,8.1519,3.9994
47.728,-3.9988,8.1519,3.9994
47.736,-3.9988,8.1519,3.9994
47.743,-3.9988,8.1519,3.9994
47.751,-3.9988,8.1519,3.9994
47.759,-3.9988,8.1519,3.9994
47.767,-3.9988,8.1519,3.9994
47.774,-3.9988,8.1519,3.9994
47.783,-3.9988,8.1519,3.9994
47.791,-3.9988,8.1519,3.9994
47.801,-3.9988,8.1519,3.9994
47.808,-3.9988,8.1519,3.9994
47.818,-3.9988,8.1519,3.9994
47.825,-3.9988,8.1519,3.9994
47.834,-3.9988,8.1519,3.9994
47.841,-3.9988,8.1519,3.9994
47.850,-3.9988,8.1519,3.9994
47.858,-3.9988,8.1519,3.9994
47.866,-3.9988,8.1519,3.9994
47.873,-3.9988,8.1519,3.9994
47.882,-3.9988,8.1519,3.9994
47.888,-3.9988,8.1519,3.9994
47.897,-3.9988,8.1519,3.9994
47.904,-3.9988,8.1519,3.9994
47.915,-3.9988,8.1519,3.9994
47.922,-3.9988,8.1519,3.9994
47.931,-3.9988,8.1519,3.9994
47.940,-3.9988,8.1519,3.9994
47.948,-3.9988,8.1519,3.9994
47.958,-3.9988,8.1519,3.9994
47.968,-3.9988,8.1519,3.9994
47.978,-3.9988,8.1519,3.9994
47.985,-3.9988,8.1519,3.9994
47.995,-3.9988,8.1519,3.9994
48.004,-3.9988,8.1519,3.9994
48.013,-3.9988,8.1519,3.9994
48.021,-3.9988,8.1519,3.9994
48.030,-3.9988,8.1519,3.9994
48.039,-3.9988,8.1519,3.9994
48.046,-3.9988,8.1519,3.9994
48.054,-3.9988,8.1519,3.9994
48.062,-3.9988,8.1519,3.9994
48.070,-3.9988,8.1519,3.9994
48.078,-3.9988,8.1519,3.9994
48.086,-3.9988,8.1519,3.9994
48.095,-3.9988,8.1519,3.9994
48.102,-3.9988,8.1519,3.9994
48.111,-3.9988,8.1519,3.9994
48.120,-3.9988,8.1519,3.9994
48.127,-3.9988,8.1519,3.9994
48.136,-3.9988,8.1519,3.9994
48.145,-3.9988,8.1519,3.9994
48.153,-3.9988,8.1519,3.9994
48.162,-3.9988,8.1519,3.9994
48.171,-3.9988,8.1519,3.9994
48.180,-3.9988,8.1519,3.9994
48.188,-3.9988,8.1519,3.9994
48.197,-3.9988,8.1519,3.9994
48.205,-3.9988,8.1519,3.9994
48.215,-3.9988,8.1519,3.9994
48.222,-3.9988,8.1519,3.9994
48.231,-3.9988,8.1519,3.9994
48.240,-3.9988,8.1519,3.9994
48.248,-3.9988,8.1519,3.9994
48.256,-3.9988,8.1519,3.9994
48.265,-3.9988,8.1519,3.9994
48.273,-3.9988,8.1519,3.9994
48.281,-3.9988,8.1519,3.9994
48.288,-3.9988,8.1519,3.9994
48.297,-3.9988,8.1519,3.9994
48.305,-3.9988,8.1519,3.9994
48.314,-3.9988,8.1519,3.9994
48.322,-3.9988,8.1519,3.9994
48.330,-3.9988,8.1519,3.9994
48.339,-3.9988,8.1519,3.9994
48.355,-3.9988,8.1519,3.9994
48.372,-3.9988,8.1519,3.9994
48.385,-3.9988,8.1519,3.9994
48.395,-3.9988,8.1519,3.9994
48.403,-3.9988,8.1519,3.9994
48.413,-3.9988,8.1519,3.9994
48.421,-3.9988,8.1519,3.9994
48.429,-3.9988,8.1519,3.9994
48.438,-3.9988,8.1519,3.9994
48.446,-3.9988,8.1519,3.9994
48.454,-3.9988,8.1519,3.9994
48.462,-3.9988,8.1519,3.9994
48.468,-3.9988,8.1519,3.9994
48.477,-3.9988,8.1519,3.9994
48.485,-3.9988,8.1519,3.9994
48.493,-3.9988,8.1519,3.9994
48.501,-3.9988,8.1519,3.9994
48.510,-3.9988,8.1519,3.9994
48.518,-3.9988,8.1519,3.9994
48.525,-3.9988,8.1519,3.9994
48.534,-3.9988,8.1519,3.9994
48.542,-3.9988,8.1519,3.9994
48.549,-3.9988,8.1519,3.9994
48.557,-3.9988,8.1519,3.9994
48.565,-3.9988,8.1519,3.9994
48.574,-3.9988,8.1519,3.9994
48.582,-3.9988,8.1519,3.9994
48.589,-3.9988,8.1519,3.9994
48.598,-3.9988,8.1519,3.9994
48.605,-3.9988,8.1519,3.9994
48.615,-3.9988,8.1519,3.9994
48.622,-3.9988,8.1519,3.9994
48.632,-3.9988,8.1519,3.9994
48.639,-3.9988,8.1519,3.9994
48.647,-3.9988,8.1519,3.9994
48.654,-3.9988,8.1519,3.9994
48.663,-3.9988,8.1519,3.9994
48.670,-3.9988,8.1519,3.9994
48.679,-3.9988,8.1519,3.9994
48.685,-3.9988,8.1519,3.9994
48.694,-3.9988,8.1519,3.9994
48.701,-3.9988,8.1519,3.9994
48.708,-3.9988,8.1519,3.9994
48.715,-3.9988,8.1519,3.9994
48.724,-3.9988,8.1519,3.9994
48.732,-3.9988,8.1519,3.9994
48.740,-3.9988,8.1519,3.9994
48.747,-3.9988,8.1519,3.9994
48.755,-3.9988,8.1519,3.9994
48.763,-3.9988,8.1519,3.9994
48.770,-3.9988,8.1519,3.9994
48.777,-3.9988,8.1519,3.9994
48.785,-3.9988,8.1519,3.9994
48.792,-3.9988,8.1519,3.9994
48.800,-3.9988,8.1519,3.9994
48.808,-3.9988,8.1519,3.9994
48.818,-3.9988,8.1519,3.9994
48.825,-3.9988,8.1519,3.9994
48.834,-3.9988,8.1519,3.9994
48.840,-3.9988,8.1519,3.9994
48.848,-3.9988,8.1519,3.9994
48.855,-3.9988,8.1519,3.9994
48.862,-3.9988,8.1519,3.9994
48.869,-3.9988,8.1519,3.9994
48.877,-3.9988,8.1519,3.9994
48.885,-3.9988,8.1519,3.9994
48.892,-3.9988,8.1519,3.9994
48.900,-3.9988,8.1519,3.9994
48.907,-3.9988,8.1519,3.9994
48.916,-3.9988,8.1519,3.9994
48.923,-3.9988,8.1519,3.9994
48.931,-3.9988,8.1519,3.9994
48.939,-3.9988,8.1519,3.9994
48.946,-3.9988,8.1519,3.9994
48.953,-3.9988,8.1519,3.9994
48.961,-3.9988,8.1519,3.9994
48.969,-3.9988,8.1519,3.9994
48.977,-3.9988,8.1519,3.9994
48.984,-3.9988,8.1519,3.9994
48.992,-3.9988,8.1519,3.9994
49.002,-3.9988,8.1519,3.9994
49.009,-3.9988,8.1519,3.9994
49.018,-3.9988,8.1519,3.9994
49.034,-3.9988,8.1519,3.9994
49.043,-3.9988,8.1519,3.9994
49.050,-3.9988,8.1519,3.9994
49.058,-3.9988,8.1519,3.9994
49.066,-3.9988,8.1519,3.9994
49.073,-3.9988,8.1519,3.9994
49.081,-3.9988,8.1519,3.9994
49.088,-3.9988,8.1519,3.9994
49.096,-3.9988,8.1519,3.9994
49.102,-3.9988,8.1519,3.9994
49.110,-3.9988,8.1519,3.9994
49.118,-3.9988,8.1519,3.9994
49.125,-3.9988,8.1519,3.9994
49.133,-3.9988,8.1519,3.9994
49.141,-3.9988,8.1519,3.9994
49.148,-3.9988,8.1519,3.9994
49.155,-3.9988,8.1519,3.9994
49.164,-3.9988,8.1519,3.9994
49.171,-3.9988,8.1519,3.9994
49.181,-3.9988,8.1519,3.9994
49.191,-3.9988,8.1519,3.9994
49.201,-3.9988,8.1519,3.9994
49.210,-3.9988,8.1519,3.9994
49.219,-3.9988,8.1519,3.9994
49.228,-3.9988,8.1519,3.9994
49.238,-3.9988,8.1519,3.9994
49.247,-3.9988,8.1519,3.9994
49.256,-3.9988,8.1519,3.9994
49.265,-3.9988,8.1519,3.9994
49.274,-3.9988,8.1519,3.9994
49.284,-3.9988,8.1519,3.9994
49.295,-3.9988,8.1519,3.9994
49.304,-3.9988,8.1519,3.9994
49.314,-3.9988,8.1519,3.9994
49.324,-3.9988,8.1519,3.9994
49.333,-3.9988,8.1519,3.9994
49.340,-3.9988,8.1519,3.9994
49.349,-3.9988,8.1519,3.9994
49.357,-3.9988,8.1519,3.9994
49.364,-3.9988,8.1519,3.9994
49.373,-3.9988,8.1519,3.9994
49.381,-3.9988,8.1519,3.9994
49.389,-3.9988,8.1519,3.9994
49.398,-3.9988,8.1519,3.9994
49.406,-3.9988,8.1519,3.9994
49.415,-3.9988,8.1519,3.9994
49.426,-3.9988,8.1519,3.9994
49.435,-3.9988,8.1519,3.9994
49.444,-3.9988,8.1519,3.9994
49.452,-3.9988,8.1519,3.9994
49.462,-3.9988,8.1519,3.9994
49.471,-3.9988,8.1520,3.9994
49.481,-3.9988,8.1520,3.9994
49.488,-3.9988,8.1520,3.9994
49.499,-3.9988,8.1520,3.9994
49.507,-3.9988,8.1521,3.9994
49.517,-3.9988,8.1521,3.9994
49.524,-3.9988,8.1522,3.9994
49.533,-3.9988,8.1522,3.9994
49.541,-3.9988,8.1522,3.9994
49.549,-3.9988,8.1522,3.9994
49.558,-3.9988,8.1522,3.9994
49.567,-3.9988,8.1523,3.9994
49.576,-3.9988,8.1523,3.9994
49.584,-3.9988,8.1524,3.9994
49.593,-3.9988,8.1524,3.9994
49.602,-3.9988,8.1524,3.9994
49.610,-3.9988,8.1526,3.9994
49.619,-3.9988,8.1526,3.9994
49.628,-3.9988,8.1528,3.9994
49.638,-3.9988,8.1528,3.9994
49.646,-3.9988,8.1531,3.9994
49.655,-3.9988,8.1531,3.9994
49.663,-3.9988,8.1531,3.9994
49.671,-3.9988,8.1533,3.9994
49.679,-3.9988,8.1533,3.9994
49.686,-3.9988,8.1536,3.9994
49.695,-3.9988,8.1536,3.9994
49.703,-3.9988,8.1536,3.9994
49.711,-3.9988,8.1539,3.9994
49.721,-3.9988,8.1539,3.9994
49.728,-3.9988,8.1542,3.9994
49.737,-3.9988,8.1542,3.9994
49.744,-3.9988,8.1545,3.9994
49.753,-3.9988,8.1545,3.9994
49.761,-3.9988,8.1545,3.9994
49.769,-3.9988,8.1548,3.9994
49.778,-3.9988,8.1548,3.9994
49.786,-3.9988,8.1552,3.9994
49.794,-3.9988,8.1552,3.9994
49.803,-3.9988,8.1552,3.9994
49.811,-3.9988,8.1555,3.9994
49.820,-3.9988,8.1555,3.9994
49.827,-3.9988,8.1559,3.9994
49.837,-3.9988,8.1559,3.9994
49.845,-3.9988,8.1566,3.9994
49.854,-3.9988,8.1566,3.9994
49.863,-3.9988,8.1566,3.9994
49.870,-3.9988,8.1574,3.9994
49.880,-3.9988,8.1574,3.9994
49.886,-3.9988,8.1581,3.9994
49.896,-3.9988,8.1581,3.9994
49.903,-3.9988,8.1581,3.9994
49.912,-3.9988,8.1590,3.9994
49.921,-3.9988,8.1590,3.9994
49.929,-3.9988,8.1598,3.9994
49.938,-3.9988,8.1598,3.9994
49.947,-3.9988,8.1606,3.9994
49.956,-3.9988,8.1606,3.9994
49.964,-3.9988,8.1606,3.9994
49.971,-3.9988,8.1615,3.9994
49.980,-3.9988,8.1615,3.9994
49.987,-3.9988,8.1624,3.9994
49.997,-3.9988,8.1624,3.9994
50.004,-3.9988,8.1633,3.9994
50.013,-3.9988,8.1633,3.9994
50.020,-3.9988,8.1633,3.9994
50.029,-3.9988,8.1642,3.9994
50.038,-3.9988,8.1642,3.9994
50.046,-3.9988,8.1652,3.9994
50.055,-3.9988,8.1652,3.9994
50.063,-3.9988,8.1652,3.9994
50.070,-3.9988,8.1661,3.9994
50.079,-3.9988,8.1661,3.9994
50.087,-3.9988,8.1671,3.9994
50.097,-3.9988,8.1671,3.9994
50.104,-3.9988,8.1680,3.9994
50.113,-3.9988,8.1680,3.9994
50.121,-3.9988,8.1680,3.9994
50.128,-3.9988,8.1690,3.9994
50.136,-3.9988,8.1690,3.9994
50.144,-3.9988,8.1700,3.9994
50.153,-3.9988,8.1700,3.9994
50.161,-3.9988,8.1700,3.9994
50.169,-3.9988,8.1710,3.9994
50.179,-3.9988,8.1710,3.9994
50.187,-3.9988,8.1720,3.9994
50.197,-3.9988,8.1720,3.9994
50.205,-3.9988,8.1730,3.9994
50.214,-3.9988,8.1730,3.9994
50.221,-3.9988,8.1730,3.9994
50.229,-3.9988,8.1740,3.9994
50.238,-3.9988,8.1740,3.9994
50.245,-3.9988,8.1750,3.9994
50.254,-3.9988,8.1750,3.9994
50.262,-3.9988,8.1750,3.9994
50.270,-3.9988,8.1761,3.9994
50.280,-3.9988,8.1761,3.9994
50.286,-3.9988,8.1771,3.9994
50.296,-3.9988,8.1771,3.9994
50.303,-3.9988,8.1771,3.9994
50.311,-3.9988,8.1781,3.9994
50.319,-3.9988,8.1781,3.9994
50.327,-3.9988,8.1791,3.9994
50.335,-3.9988,8.1791,3.9994
50.342,-3.9988,8.1791,3.9994
50.350,-3.9988,8.1802,3.9994
50.359,-3.9988,8.1802,3.9994
50.367,-3.9988,8.1822,3.9994
50.376,-3.9988,8.1822,3.9994
50.383,-3.9988,8.1822,3.9994
50.392,-3.9988,8.1843,3.9994
50.401,-3.9988,8.1843,3.9994
50.410,-3.9988,8.1864,3.9994
50.419,-3.9988,8.1864,3.9994
50.428,-3.9988,8.1885,3.9994
50.438,-3.9988,8.1885,3.9994
50.447,-3.9988,8.1906,3.9994
50.455,-3.9988,8.1906,3.9994
50.463,-3.9988,8.1906,3.9994
50.470,-3.9988,8.1927,3.9994
50.480,-3.9988,8.1927,3.9994
50.488,-3.9988,8.1949,3.9994
50.497,-3.9988,8.1949,3.9994
50.506,-3.9988,8.1970,3.9994
50.515,-3.9988,8.1970,3.9994
50.522,-3.9988,8.1970,3.9994
50.531,-3.9988,8.1992,3.9994
50.541,-3.9988,8.1992,3.9994
50.549,-3.9988,8.2014,3.9994
50.557,-3.9988,8.2014,3.9994
50.566,-3.9988,8.2035,3.9994
50.574,-3.9988,8.2035,3.9994
50.583,-3.9988,8.2035,3.9994
50.591,-3.9988,8.2057,3.9994
50.601,-3.9988,8.2057,3.9994
50.609,-3.9988,8.2080,3.9994
50.619,-3.9988,8.2080,3.9994
50.627,-3.9988,8.2102,3.9994
50.636,-3.9988,8.2102,3.9994
50.645,-3.9988,8.2124,3.9994
50.654,-3.9988,8.2124,3.9994
50.662,-3.9988,8.2124,3.9994
50.669,-3.9988,8.2147,3.9994
50.680,-3.9988,8.2147,3.9994
50.688,-3.9988,8.2170,3.9994
50.699,-3.9988,8.2170,3.9994
50.708,-3.9988,8.2193,3.9994
50.718,-3.9988,8.2193,3.9994
50.728,-3.9988,8.2216,3.9994
50.735,-3.9988,8.2216,3.9994
50.744,-3.9988,8.2239,3.9994
50.752,-3.9988,8.2239,3.9994
50.761,-3.9988,8.2239,3.9994
50.769,-3.9988,8.2263,3.9994
50.780,-3.9988,8.2263,3.9994
50.787,-3.9988,8.2287,3.9994
50.796,-3.9988,8.2287,3.9994
50.805,-3.9988,8.2311,3.9994
50.814,-3.9988,8.2311,3.9994
50.822,-3.9988,8.2311,3.9994
50.830,-3.9988,8.2335,3.9994
50.840,-3.9988,8.2335,3.9994
50.848,-3.9988,8.2359,3.9994
50.868,-3.9988,8.2384,3.9994
50.876,-3.9988,8.2384,3.9994
50.884,-3.9988,8.2409,3.9994
50.893,-3.9988,8.2409,3.9994
50.902,-3.9988,8.2409,3.9994
50.910,-3.9988,8.2434,3.9994
50.919,-3.9988,8.2434,3.9994
50.928,-3.9988,8.2459,3.9994
50.937,-3.9988,8.2459,3.9994
50.945,-3.9988,8.2484,3.9994
50.953,-3.9988,8.2484,3.9994
50.961,-3.9988,8.2484,3.9994
50.969,-3.9988,8.2509,3.9994
50.976,-3.9988,8.2509,3.9994
50.984,-3.9988,8.2535,3.9994
50.993,-3.9988,8.2535,3.9994
51.003,-3.9988,8.2535,3.9994
51.011,-3.9988,8.2560,3.9994
51.020,-3.9988,8.2560,3.9994
51.029,-3.9988,8.2586,3.9994
51.037,-3.9988,8.2586,3.9994
51.046,-3.9988,8.2612,3.9994
51.055,-3.9988,8.2612,3.9994
51.063,-3.9988,8.2612,3.9994
51.071,-3.9988,8.2638,3.9994
51.081,-3.9988,8.2638,3.9994
51.088,-3.9988,8.2665,3.9994
51.097,-3.9988,8.2665,3.9994
51.104,-3.9988,8.2691,3.9994
51.114,-3.9988,8.2691,3.9994
51.120,-3.9988,8.2691,3.9994
51.127,-3.9988,8.2717,3.9994
51.136,-3.9988,8.2717,3.9994
51.144,-3.9988,8.2744,3.9994
51.152,-3.9988,8.2744,3.9994
51.160,-3.9988,8.2744,3.9994
51.167,-3.9988,8.2770,3.9994
51.176,-3.9988,8.2770,3.9994
51.182,-3.9988,8.2770,3.9994
51.189,-3.9988,8.2797,3.9994
51.199,-3.9988,8.2797,3.9994
51.208,-3.9988,8.2823,3.9994
51.216,-3.9988,8.2823,3.9994
51.223,-3.9988,8.2823,3.9994
51.231,-3.9988,8.2850,3.9994
51.239,-3.9988,8.2850,3.9994
51.248,-3.9988,8.2876,3.9994
51.257,-3.9988,8.2876,3.9994
51.265,-3.9988,8.2903,3.9994
51.273,-3.9988,8.2903,3.9994
51.281,-3.9988,8.2903,3.9994
51.289,-3.9988,8.2929,3.9994
51.299,-3.9988,8.2929,3.9994
51.306,-3.9988,8.2956,3.9994
51.316,-3.9988,8.2956,3.9994
51.324,-3.9988,8.2956,3.9994
51.331,-3.9988,8.2982,3.9994
51.340,-3.9988,8.2982,3.9994
51.347,-3.9988,8.3009,3.9994
51.356,-3.9988,8.3009,3.9994
51.363,-3.9988,8.3009,3.9994
51.371,-3.9988,8.3035,3.9994
51.380,-3.9988,8.3035,3.9994
51.387,-3.9988,8.3062,3.9994
51.395,-3.9988,8.3062,3.9994
51.402,-3.9988,8.3062,3.9994
51.408,-3.9988,8.3088,3.9994
51.417,-3.9988,8.3088,3.9994
51.423,-3.9988,8.3088,3.9994
51.432,-3.9988,8.3115,3.9994
51.440,-3.9988,8.3115,3.9994
51.448,-3.9988,8.3141,3.9994
51.455,-3.9988,8.3141,3.9994
51.464,-3.9988,8.3168,3.9994
51.472,-3.9988,8.3168,3.9994
51.480,-3.9988,8.3168,3.9994
51.486,-3.9988,8.3194,3.9994
51.496,-3.9988,8.3194,3.9994
51.503,-3.9988,8.3194,3.9994
51.511,-3.9988,8.3221,3.9994
51.519,-3.9988,8.3221,3.9994
51.527,-3.9988,8.3247,3.9994
51.536,-3.9988,8.3247,3.9994
51.543,-3.9988,8.3247,3.9994
51.550,-3.9988,8.3274,3.9994
51.558,-3.9988,8.3274,3.9994
51.566,-3.9988,8.3300,3.9994
51.575,-3.9988,8.3300,3.9994
51.581,-3.9988,8.3300,3.9994
51.589,-3.9988,8.3326,3.9994
51.597,-3.9988,8.3326,3.9994
51.604,-3.9988,8.3353,3.9994
51.613,-3.9988,8.3353,3.9994
51.621,-3.9988,8.3353,3.9994
51.628,-3.9988,8.3379,3.9994
51.636,-3.9988,8.3379,3.9994
51.643,-3.9988,8.3379,3.9994
51.651,-3.9988,8.3406,3.9994
51.660,-3.9988,8.3406,3.9994
51.668,-3.9988,8.3432,3.9994
51.676,-3.9988,8.3432,3.9994
51.683,-3.9988,8.3432,3.9994
51.690,-3.9988,8.3459,3.9994
51.700,-3.9988,8.3459,3.9994
51.707,-3.9988,8.3485,3.9994
51.716,-3.9988,8.3485,3.9994
51.723,-3.9988,8.3485,3.9994
51.732,-3.9988,8.3512,3.9994
51.739,-3.9988,8.3512,3.9994
51.748,-3.9988,8.3538,3.9994
51.756,-3.9988,8.3538,3.9994
51.766,-3.9988,8.3565,3.9994
51.774,-3.9988,8.3565,3.9994
51.783,-3.9988,8.3565,3.9994
51.789,-3.9988,8.3591,3.9994
51.800,-3.9988,8.3591,3.9994
51.808,-3.9988,8.3617,3.9994
51.817,-3.9988,8.3617,3.9994
51.825,-3.9988,8.3644,3.9994
51.835,-3.9988,8.3644,3.9994
51.843,-3.9988,8.3644,3.9994
51.851,-3.9988,8.3670,3.9994
51.860,-3.9988,8.3670,3.9994
51.870,-3.9988,8.3697,3.9994
51.880,-3.9988,8.3697,3.9994
51.888,-3.9988,8.3723,3.9994
51.897,-3.9988,8.3723,3.9994
51.905,-3.9988,8.3749,3.9994
51.914,-3.9988,8.3749,3.9994
51.922,-3.9988,8.3749,3.9994
51.931,-3.9988,8.3776,3.9994
51.940,-3.9988,8.3776,3.9994
51.949,-3.9988,8.3802,3.9994
51.960,-3.9988,8.3802,3.9994
51.968,-3.9988,8.3829,3.9994
51.979,-3.9988,8.3829,3.9994
51.987,-3.9988,8.3855,3.9994
51.997,-3.9988,8.3855,3.9994
52.004,-3.9988,8.3855,3.9994
52.013,-3.9988,8.3881,3.9994
52.022,-3.9988,8.3881,3.9994
52.031,-3.9988,8.3908,3.9994
52.039,-3.9988,8.3908,3.9994
52.047,-3.9988,8.3934,3.9994
52.056,-3.9988,8.3934,3.9994
52.065,-3.9988,8.3960,3.9994
52.075,-3.9988,8.3960,3.9994
52.082,-3.9988,8.3960,3.9994
52.090,-3.9988,8.3987,3.9994
52.100,-3.9988,8.3987,3.9994
52.109,-3.9988,8.4013,3.9994
52.118,-3.9988,8.4013,3.9994
52.128,-3.9988,8.4039,3.9994
52.137,-3.9988,8.4039,3.9994
52.145,-3.9988,8.4066,3.9994
52.154,-3.9988,8.4066,3.9994
52.162,-3.9988,8.4066,3.9994
52.170,-3.9988,8.4092,3.9994
52.180,-3.9988,8.4092,3.9994
52.188,-3.9988,8.4118,3.9994
52.200,-3.9988,8.4118,3.9994
52.207,-3.9988,8.4145,3.9994
52.218,-3.9988,8.4145,3.9994
52.224,-3.9988,8.4171,3.9994
52.235,-3.9988,8.4171,3.9994
52.242,-3.9988,8.4171,3.9994
52.251,-3.9988,8.4197,3.9994
52.260,-3.9988,8.4197,3.9994
52.268,-3.9988,8.4224,3.9994
52.275,-3.9988,8.4224,3.9994
52.282,-3.9988,8.4224,3.9994
52.289,-3.9988,8.4250,3.9994
52.299,-3.9988,8.4250,3.9994
52.305,-3.9988,8.4277,3.9994
52.315,-3.9988,8.4277,3.9994
52.322,-3.9988,8.4277,3.9994
52.329,-3.9988,8.4303,3.9994
52.337,-3.9988,8.4303,3.9994
52.346,-3.9988,8.4329,3.9994
52.353,-3.9988,8.4329,3.9994
52.362,-3.9988,8.4329,3.9994
52.370,-3.9988,8.4356,3.9994
52.378,-3.9988,8.4356,3.9994
52.385,-3.9988,8.4382,3.9994
52.396,-3.9988,8.4382,3.9994
52.404,-3.9988,8.4408,3.9994
52.413,-3.9988,8.4408,3.9994
52.421,-3.9988,8.4408,3.9994
52.430,-3.9988,8.4435,3.9994
52.441,-3.9988,8.4435,3.9994
52.449,-3.9988,8.4461,3.9994
52.458,-3.9988,8.4461,3.9994
52.467,-3.9988,8.4488,3.9994
52.476,-3.9988,8.4488,3.9994
52.484,-3.9988,8.4514,3.9994
52.492,-3.9988,8.4514,3.9994
52.500,-3.9988,8.4514,3.9994
52.507,-3.9988,8.4540,3.9994
52.519,-3.9988,8.4540,3.9994
52.528,-3.9988,8.4567,3.9994
52.537,-3.9988,8.4567,3.9994
52.545,-3.9988,8.4593,3.9994
52.554,-3.9988,8.4593,3.9994
52.563,-3.9988,8.4593,3.9994
52.570,-3.9988,8.4620,3.9994
52.580,-3.9988,8.4620,3.9994
52.587,-3.9988,8.4646,3.9994
52.596,-3.9988,8.4646,3.9994
52.604,-3.9988,8.4646,3.9994
52.611,-3.9988,8.4672,3.9994
52.620,-3.9988,8.4672,3.9994
52.628,-3.9988,8.4699,3.9994
52.638,-3.9988,8.4699,3.9994
52.647,-3.9988,8.4725,3.9994
52.655,-3.9988,8.4725,3.9994
52.663,-3.9988,8.4725,3.9994
52.670,-3.9988,8.4751,3.9994
52.678,-3.9988,8.4751,3.9994
52.685,-3.9988,8.4778,3.9994
52.694,-3.9988,8.4778,3.9994
52.702,-3.9988,8.4778,3.9994
52.708,-3.9988,8.4804,3.9994
52.717,-3.9988,8.4804,3.9994
52.723,-3.9988,8.4804,3.9994
52.731,-3.9988,8.4830,3.9994
52.739,-3.9988,8.4830,3.9994
52.748,-3.9988,8.4857,3.9994
52.757,-3.9988,8.4857,3.9994
52.765,-3.9988,8.4883,3.9994
52.774,-3.9988,8.4883,3.9994
52.782,-3.9988,8.4883,3.9994
52.788,-3.9988,8.4910,3.9994
52.798,-3.9988,8.4910,3.9994
52.805,-3.9988,8.4936,3.9994
52.814,-3.9988,8.4936,3.9994
52.822,-3.9988,8.4936,3.9994
52.830,-3.9988,8.4962,3.9994
52.837,-3.9988,8.4962,3.9994
52.845,-3.9988,8.4989,3.9994
52.854,-3.9988,8.4989,3.9994
52.864,-3.9988,8.4989,3.9994
52.872,-3.9988,8.5015,3.9994
52.881,-3.9988,8.5015,3.9994
52.888,-3.9988,8.5041,3.9994
52.899,-3.9988,8.5041,3.9994
52.906,-3.9988,8.5068,3.9994
52.915,-3.9988,8.5068,3.9994
52.922,-3.9988,8.5068,3.9994
52.930,-3.9988,8.5094,3.9994
52.938,-3.9988,8.5094,3.9994
52.946,-3.9988,8.5121,3.9994
52.954,-3.9988,8.5121,3.9994
52.962,-3.9988,8.5121,3.9994
52.978,-3.9988,8.5147,3.9994
52.988,-3.9988,8.5173,3.9994
52.997,-3.9988,8.5173,3.9994
53.006,-3.9988,8.5200,3.9994
53.016,-3.9988,8.5200,3.9994
53.023,-3.9988,8.5200,3.9994
53.032,-3.9988,8.5226,3.9994
53.040,-3.9988,8.5226,3.9994
53.049,-3.9988,8.5252,3.9994
53.057,-3.9988,8.5252,3.9994
53.065,-3.9988,8.5279,3.9994
53.074,-3.9988,8.5279,3.9994
53.082,-3.9988,8.5279,3.9994
53.089,-3.9988,8.5305,3.9994
53.100,-3.9988,8.5305,3.9994
53.108,-3.9988,8.5332,3.9994
53.117,-3.9988,8.5332,3.9994
53.126,-3.9988,8.5358,3.9994
53.135,-3.9988,8.5358,3.9994
53.144,-3.9988,8.5384,3.9994
53.152,-3.9988,8.5384,3.9994
53.161,-3.9988,8.5384,3.9994
53.170,-3.9988,8.5411,3.9994
53.179,-3.9988,8.5411,3.9994
53.188,-3.9988,8.5437,3.9994
53.197,-3.9988,8.5437,3.9994
53.206,-3.9988,8.5464,3.9994
53.215,-3.9988,8.5464,3.9994
53.224,-3.9988,8.5490,3.9994
53.234,-3.9988,8.5490,3.9994
53.243,-3.9988,8.5490,3.9994
53.253,-3.9988,8.5516,3.9994
53.264,-3.9988,8.5543,3.9994
53.273,-3.9988,8.5543,3.9994
53.282,-3.9988,8.5543,3.9994
53.289,-3.9988,8.5569,3.9994
53.300,-3.9988,8.5569,3.9994
53.308,-3.9988,8.5596,3.9994
53.318,-3.9988,8.5596,3.9994
53.325,-3.9988,8.5622,3.9994
53.335,-3.9988,8.5622,3.9994
53.343,-3.9988,8.5622,3.9994
53.352,-3.9988,8.5648,3.9994
53.362,-3.9988,8.5648,3.9994
53.370,-3.9988,8.5675,3.9994
53.380,-3.9988,8.5675,3.9994
53.387,-3.9988,8.5701,3.9994
53.398,-3.9988,8.5701,3.9994
53.407,-3.9988,8.5728,3.9994
53.417,-3.9988,8.5728,3.9994
53.425,-3.9988,8.5754,3.9994
53.436,-3.9988,8.5754,3.9994
53.444,-3.9988,8.5780,3.9994
53.454,-3.9988,8.5780,3.9994
53.462,-3.9988,8.5780,3.9994
53.471,-3.9988,8.5807,3.9994
53.481,-3.9988,8.5807,3.9994
53.489,-3.9988,8.5833,3.9994
53.500,-3.9988,8.5833,3.9994
53.507,-3.9988,8.5859,3.9994
53.517,-3.9988,8.5859,3.9994
53.524,-3.9988,8.5886,3.9994
53.534,-3.9988,8.5886,3.9994
53.541,-3.9988,8.5886,3.9994
53.549,-3.9988,8.5912,3.9994
53.557,-3.9988,8.5912,3.9994
53.565,-3.9988,8.5938,3.9994
53.573,-3.9988,8.5938,3.9994
53.581,-3.9988,8.5938,3.9994
53.589,-3.9988,8.5965,3.9994
53.599,-3.9988,8.5965,3.9994
53.606,-3.9988,8.5991,3.9994
53.615,-3.9988,8.5991,3.9994
53.624,-3.9988,8.5991,3.9994
53.631,-3.9988,8.6017,3.9994
53.640,-3.9988,8.6017,3.9994
53.648,-3.9988,8.6044,3.9994
53.657,-3.9988,8.6044,3.9994
53.664,-3.9988,8.6070,3.9994
53.674,-3.9988,8.6070,3.9994
53.681,-3.9988,8.6070,3.9994
53.688,-3.9988,8.6096,3.9994
53.697,-3.9988,8.6096,3.9994
53.704,-3.9988,8.6123,3.9994
53.713,-3.9988,8.6123,3.9994
53.721,-3.9988,8.6123,3.9994
53.729,-3.9988,8.6149,3.9994
53.737,-3.9988,8.6149,3.9994
53.745,-3.9988,8.6176,3.9994
53.753,-3.9988,8.6176,3.9994
53.760,-3.9988,8.6176,3.9994
53.768,-3.9988,8.6202,3.9994
53.777,-3.9988,8.6202,3.9994
53.784,-3.9988,8.6228,3.9994
53.792,-3.9988,8.6228,3.9994
53.800,-3.9988,8.6228,3.9994
53.807,-3.9988,8.6255,3.9994
53.816,-3.9988,8.6255,3.9994
53.823,-3.9988,8.6255,3.9994
53.832,-3.9988,8.6281,3.9994
53.841,-3.9988,8.6281,3.9994
53.848,-3.9988,8.6307,3.9994
53.855,-3.9988,8.6307,3.9994
53.864,-3.9988,8.6307,3.9994
53.871,-3.9988,8.6334,3.9994
53.880,-3.9988,8.6334,3.9994
53.887,-3.9988,8.6360,3.9994
53.896,-3.9988,8.6360,3.9994
53.904,-3.9988,8.6360,3.9994
53.912,-3.9988,8.6386,3.9994
53.920,-3.9988,8.6386,3.9994
53.929,-3.9988,8.6413,3.9994
53.938,-3.9988,8.6413,3.9994
53.945,-3.9988,8.6439,3.9994
53.954,-3.9988,8.6439,3.9994
53.961,-3.9988,8.6439,3.9994
53.969,-3.9988,8.6465,3.9994
53.977,-3.9988,8.6465,3.9994
53.985,-3.9988,8.6492,3.9994
53.993,-3.9988,8.6492,3.9994
54.001,-3.9988,8.6492,3.9994
54.008,-3.9988,8.6518,3.9994
54.017,-3.9988,8.6518,3.9994
54.023,-3.9988,8.6518,3.9994
54.031,-3.9988,8.6545,3.9994
54.039,-3.9988,8.6545,3.9994
54.047,-3.9988,8.6571,3.9994
54.054,-3.9988,8.6571,3.9994
54.063,-3.9988,8.6571,3.9994
54.071,-3.9988,8.6597,3.9994
54.079,-3.9988,8.6597,3.9994
54.085,-3.9988,8.6624,3.9994
54.094,-3.9988,8.6624,3.9994
54.102,-3.9988,8.6624,3.9994
54.110,-3.9988,8.6650,3.9994
54.119,-3.9988,8.6650,3.9994
54.127,-3.9988,8.6676,3.9994
54.136,-3.9988,8.6676,3.9994
54.144,-3.9988,8.6702,3.9994
54.152,-3.9988,8.6702,3.9994
54.160,-3.9988,8.6702,3.9994
54.167,-3.9988,8.6729,3.9994
54.175,-3.9988,8.6729,3.9994
54.183,-3.9988,8.6729,3.9994
54.190,-3.9988,8.6755,3.9994
54.200,-3.9988,8.6755,3.9994
54.207,-3.9988,8.6781,3.9994
54.217,-3.9988,8.6781,3.9994
54.223,-3.9988,8.6781,3.9994
54.232,-3.9988,8.6807,3.9994
54.239,-3.9988,8.6807,3.9994
54.247,-3.9988,8.6834,3.9994
54.255,-3.9988,8.6834,3.9994
54.263,-3.9988,8.6834,3.9994
54.270,-3.9988,8.6860,3.9994
54.280,-3.9988,8.6860,3.9994
54.288,-3.9988,8.6886,3.9994
54.298,-3.9988,8.6886,3.9994
54.306,-3.9988,8.6912,3.9994
54.317,-3.9988,8.6912,3.9994
54.324,-3.9988,8.6938,3.9994
54.333,-3.9988,8.6938,3.9994
54.341,-3.9988,8.6938,3.9994
54.349,-3.9988,8.6965,3.9994
54.356,-3.9988,8.6965,3.9994
54.365,-3.9988,8.6991,3.9994
54.374,-3.9988,8.6991,3.9994
54.382,-3.9988,8.6991,3.9994
54.389,-3.9988,8.7017,3.9994
54.399,-3.9988,8.7017,3.9994
54.407,-3.9988,8.7043,3.9994
54.416,-3.9988,8.7043,3.9994
54.424,-3.9988,8.7069,3.9994
54.433,-3.9988,8.7069,3.9994
54.442,-3.9988,8.7069,3.9994
54.449,-3.9988,8.7096,3.9994
54.459,-3.9988,8.7096,3.9994
54.467,-3.9988,8.7122,3.9994
54.476,-3.9988,8.7122,3.9994
54.484,-3.9988,8.7148,3.9994
54.494,-3.9988,8.7148,3.9994
54.503,-3.9988,8.7148,3.9994
54.510,-3.9988,8.7174,3.9994
54.521,-3.9988,8.7174,3.9994
54.530,-3.9988,8.7200,3.9994
54.539,-3.9988,8.7200,3.9994
54.548,-3.9988,8.7227,3.9994
54.557,-3.9988,8.7227,3.9994
54.564,-3.9988,8.7253,3.9994
54.572,-3.9988,8.7253,3.9994
54.581,-3.9988,8.7253,3.9994
54.588,-3.9988,8.7279,3.9994
54.598,-3.9988,8.7279,3.9994
54.605,-3.9988,8.7305,3.9994
54.616,-3.9988,8.7305,3.9994
54.623,-3.9988,8.7305,3.9994
54.632,-3.9988,8.7331,3.9994
54.641,-3.9988,8.7331,3.9994
54.649,-3.9988,8.7358,3.9994
54.658,-3.9988,8.7358,3.9994
54.667,-3.9988,8.7384,3.9994
54.675,-3.9988,8.7384,3.9994
54.683,-3.9988,8.7384,3.9994
54.690,-3.9988,8.7410,3.9994
54.700,-3.9988,8.7410,3.9994
54.708,-3.9988,8.7436,3.9994
54.717,-3.9988,8.7436,3.9994
54.724,-3.9988,8.7462,3.9994
54.735,-3.9988,8.7462,3.9994
54.743,-3.9988,8.7462,3.9994
54.751,-3.9988,8.7489,3.9994
54.760,-3.9988,8.7489,3.9994
54.769,-3.9988,8.7515,3.9994
54.777,-3.9988,8.7515,3.9994
54.784,-3.9988,8.7541,3.9994
54.792,-3.9988,8.7541,3.9994
54.801,-3.9988,8.7541,3.9994
54.809,-3.9988,8.7567,3.9994
54.818,-3.9988,8.7567,3.9994
54.827,-3.9988,8.7594,3.9994
54.836,-3.9988,8.7594,3.9994
54.844,-3.9988,8.7620,3.9994
54.852,-3.9988,8.7620,3.9994
54.860,-3.9988,8.7620,3.9994
54.867,-3.9988,8.7646,3.9994
54.877,-3.9988,8.7646,3.9994
54.884,-3.9988,8.7672,3.9994
54.893,-3.9988,8.7672,3.9994
54.901,-3.9988,8.7672,3.9994
54.909,-3.9988,8.7698,3.9994
54.918,-3.9988,8.7698,3.9994
54.925,-3.9988,8.7725,3.9994
54.934,-3.9988,8.7725,3.9994
54.942,-3.9988,8.7725,3.9994
54.949,-3.9988,8.7751,3.9994
54.957,-3.9988,8.7751,3.9994
54.966,-3.9988,8.7777,3.9994
54.975,-3.9988,8.7777,3.9994
54.983,-3.9988,8.7777,3.9994
54.990,-3.9988,8.7803,3.9994
54.999,-3.9988,8.7803,3.9994
55.006,-3.9988,8.7829,3.9994
55.016,-3.9988,8.7829,3.9994
55.022,-3.9988,8.7829,3.9994
55.031,-3.9988,8.7856,3.9994
55.040,-3.9988,8.7856,3.9994
55.048,-3.9988,8.7882,3.9994
55.056,-3.9988,8.7882,3.9994
55.064,-3.9988,8.7908,3.9994
55.073,-3.9988,8.7908,3.9994
55.080,-3.9988,8.7908,3.9994
55.087,-3.9988,8.7934,3.9994
55.096,-3.9988,8.7934,3.9994
55.113,-3.9988,8.7960,3.9994
55.122,-3.9988,8.7960,3.9994
55.131,-3.9988,8.7986,3.9994
55.139,-3.9988,8.7986,3.9994
55.146,-3.9988,8.8012,3.9994
55.153,-3.9988,8.8012,3.9994
55.161,-3.9988,8.8012,3.9994
55.169,-3.9988,8.8039,3.9994
55.178,-3.9988,8.8039,3.9994
55.185,-3.9988,8.8065,3.9994
55.194,-3.9988,8.8065,3.9994
55.201,-3.9988,8.8065,3.9994
55.209,-3.9988,8.8091,3.9994
55.220,-3.9988,8.8091,3.9994
55.227,-3.9988,8.8117,3.9994
55.237,-3.9988,8.8117,3.9994
55.245,-3.9988,8.8143,3.9994
55.256,-3.9988,8.8143,3.9994
55.264,-3.9988,8.8169,3.9994
55.272,-3.9988,8.8169,3.9994
55.280,-3.9988,8.8169,3.9994
55.287,-3.9988,8.8195,3.9994
55.295,-3.9988,8.8195,3.9994
55.303,-3.9988,8.8195,3.9994
55.311,-3.9988,8.8221,3.9994
55.319,-3.9988,8.8221,3.9994
55.326,-3.9988,8.8247,3.9994
55.336,-3.9988,8.8247,3.9994
55.344,-3.9988,8.8247,3.9994
55.351,-3.9988,8.8274,3.9994
55.360,-3.9988,8.8274,3.9994
55.368,-3.9988,8.8300,3.9994
55.376,-3.9988,8.8300,3.9994
55.383,-3.9988,8.8300,3.9994
55.391,-3.9988,8.8326,3.9994
55.400,-3.9988,8.8326,3.9994
55.407,-3.9988,8.8352,3.9994
55.416,-3.9988,8.8352,3.9994
55.422,-3.9988,8.8352,3.9994
55.431,-3.9988,8.8378,3.9994
55.439,-3.9988,8.8378,3.9994
55.446,-3.9988,8.8404,3.9994
55.454,-3.9988,8.8404,3.9994
55.463,-3.9988,8.8404,3.9994
55.470,-3.9988,8.8430,3.9994
55.478,-3.9988,8.8430,3.9994
55.484,-3.9988,8.8456,3.9994
55.493,-3.9988,8.8456,3.9994
55.500,-3.9988,8.8456,3.9994
55.508,-3.9988,8.8482,3.9994
55.516,-3.9988,8.8482,3.9994
55.523,-3.9988,8.8482,3.9994
55.530,-3.9988,8.8508,3.9994
55.539,-3.9988,8.8508,3.9994
55.547,-3.9988,8.8534,3.9994
55.557,-3.9988,8.8534,3.9994
55.566,-3.9988,8.8560,3.9994
55.575,-3.9988,8.8560,3.9994
55.583,-3.9988,8.8560,3.9994
55.591,-3.9988,8.8586,3.9994
55.601,-3.9988,8.8586,3.9994
55.608,-3.9988,8.8612,3.9994
55.618,-3.9988,8.8612,3.9994
55.626,-3.9988,8.8638,3.9994
55.636,-3.9988,8.8638,3.9994
55.645,-3.9988,8.8664,3.9994
55.653,-3.9988,8.8664,3.9994
55.662,-3.9988,8.8664,3.9994
55.670,-3.9988,8.8690,3.9994
55.678,-3.9988,8.8690,3.9994
55.686,-3.9988,8.8716,3.9994
55.695,-3.9988,8.8716,3.9994
55.703,-3.9988,8.8716,3.9994
55.710,-3.9988,8.8742,3.9994
55.719,-3.9988,8.8742,3.9994
55.727,-3.9988,8.8768,3.9994
55.737,-3.9988,8.8768,3.9994
55.745,-3.9988,8.8794,3.9994
55.755,-3.9988,8.8794,3.9994
55.764,-3.9988,8.8820,3.9994
55.773,-3.9988,8.8820,3.9994
55.782,-3.9988,8.8820,3.9994
55.791,-3.9988,8.8846,3.9994
55.801,-3.9988,8.8846,3.9994
55.809,-3.9988,8.8872,3.9994
55.820,-3.9988,8.8872,3.9994
55.828,-3.9988,8.8898,3.9994
55.837,-3.9988,8.8898,3.9994
55.846,-3.9988,8.8924,3.9994
55.854,-3.9988,8.8924,3.9994
55.862,-3.9988,8.8924,3.9994
55.870,-3.9988,8.8950,3.9994
55.879,-3.9988,8.8950,3.9994
55.888,-3.9988,8.8975,3.9994
55.897,-3.9988,8.8975,3.9994
55.905,-3.9988,8.9001,3.9994
55.915,-3.9988,8.9001,3.9994
55.923,-3.9988,8.9001,3.9994
55.933,-3.9988,8.9027,3.9994
55.944,-3.9988,8.9053,3.9994
55.954,-3.9988,8.9053,3.9994
55.963,-3.9988,8.9053,3.9994
55.972,-3.9988,8.9079,3.9994
55.982,-3.9988,8.9079,3.9994
55.991,-3.9988,8.9105,3.9994
56.002,-3.9988,8.9105,3.9994
56.010,-3.9988,8.9131,3.9994
56.019,-3.9988,8.9131,3.9994
56.029,-3.9988,8.9157,3.9994
56.040,-3.9988,8.9157,3.9994
56.047,-3.9988,8.9182,3.9994
56.056,-3.9988,8.9182,3.9994
56.065,-3.9988,8.9208,3.9994
56.074,-3.9988,8.9208,3.9994
56.082,-3.9988,8.9208,3.9994
56.090,-3.9988,8.9234,3.9994
56.100,-3.9988,8.9234,3.9994
56.107,-3.9988,8.9260,3.9994
56.117,-3.9988,8.9260,3.9994
56.125,-3.9988,8.9286,3.9994
56.136,-3.9988,8.9286,3.9994
56.143,-3.9988,8.9286,3.9994
56.152,-3.9988,8.9312,3.9994
56.161,-3.9988,8.9312,3.9994
56.169,-3.9988,8.9338,3.9994
56.179,-3.9988,8.9338,3.9994
56.187,-3.9988,8.9364,3.9994
56.197,-3.9988,8.9364,3.9994
56.205,-3.9988,8.9389,3.9994
56.214,-3.9988,8.9389,3.9994
56.221,-3.9988,8.9389,3.9994
56.230,-3.9988,8.9415,3.9994
56.239,-3.9988,8.9415,3.9994
56.248,-3.9988,8.9441,3.9994
56.256,-3.9988,8.9441,3.9994
56.264,-3.9988,8.9467,3.9994
56.273,-3.9988,8.9467,3.9994
56.281,-3.9988,8.9467,3.9994
56.289,-3.9988,8.9493,3.9994
56.299,-3.9988,8.9493,3.9994
56.307,-3.9988,8.9519,3.9994
56.316,-3.9988,8.9519,3.9994
56.323,-3.9988,8.9519,3.9994
56.332,-3.9988,8.9545,3.9994
56.342,-3.9988,8.9545,3.9994
56.350,-3.9988,8.9570,3.9994
56.360,-3.9988,8.9570,3.9994
56.369,-3.9988,8.9596,3.9994
56.378,-3.9988,8.9596,3.9994
56.387,-3.9988,8.9622,3.9994
56.396,-3.9988,8.9622,3.9994
56.405,-3.9988,8.9648,3.9994
56.414,-3.9988,8.9648,3.9994
56.422,-3.9988,8.9648,3.9994
56.431,-3.9988,8.9674,3.9994
56.439,-3.9988,8.9674,3.9994
56.447,-3.9988,8.9700,3.9994
56.455,-3.9988,8.9700,3.9994
56.465,-3.9988,8.9725,3.9994
56.473,-3.9988,8.9725,3.9994
56.481,-3.9988,8.9725,3.9994
56.488,-3.9988,8.9751,3.9994
56.496,-3.9988,8.9751,3.9994
56.503,-3.9988,8.9751,3.9994
56.511,-3.9988,8.9777,3.9994
56.519,-3.9988,8.9777,3.9994
56.527,-3.9988,8.9803,3.9994
56.536,-3.9988,8.9803,3.9994
56.543,-3.9988,8.9803,3.9994
56.550,-3.9988,8.9829,3.9994
56.559,-3.9988,8.9829,3.9994
56.567,-3.9988,8.9854,3.9994
56.575,-3.9988,8.9854,3.9994
56.583,-3.9988,8.9854,3.9994
56.590,-3.9988,8.9880,3.9994
56.600,-3.9988,8.9880,3.9994
56.607,-3.9988,8.9906,3.9994
56.616,-3.9988,8.9906,3.9994
56.623,-3.9988,8.9906,3.9994
56.631,-3.9988,8.9932,3.9994
56.640,-3.9988,8.9932,3.9994
56.648,-3.9988,8.9958,3.9994
56.656,-3.9988,8.9958,3.9994
56.664,-3.9988,8.9983,3.9994
56.673,-3.9988,8.9983,3.9994
56.680,-3.9988,8.9983,3.9994
56.686,-3.9988,9.0009,3.9994
56.696,-3.9988,9.0009,3.9994
56.704,-3.9988,9.0009,3.9994
56.711,-3.9988,9.0035,3.9994
56.719,-3.9988,9.0035,3.9994
56.726,-3.9988,9.0061,3.9994
56.735,-3.9988,9.0061,3.9994
56.743,-3.9988,9.0061,3.9994
56.750,-3.9988,9.0087,3.9994
56.758,-3.9988,9.0087,3.9994
56.767,-3.9988,9.0113,3.9994
56.776,-3.9988,9.0113,3.9994
56.784,-3.9988,9.0138,3.9994
56.793,-3.9988,9.0138,3.9994
56.800,-3.9988,9.0138,3.9994
56.806,-3.9988,9.0164,3.9994
56.815,-3.9988,9.0164,3.9994
56.823,-3.9988,9.0164,3.9994
56.831,-3.9988,9.0190,3.9994
56.840,-3.9988,9.0190,3.9994
56.848,-3.9988,9.0216,3.9994
56.856,-3.9988,9.0216,3.9994
56.864,-3.9988,9.0242,3.9994
56.875,-3.9988,9.0242,3.9994
56.882,-3.9988,9.0242,3.9994
56.891,-3.9988,9.0268,3.9994
56.902,-3.9988,9.0268,3.9994
56.910,-3.9988,9.0293,3.9994
56.918,-3.9988,9.0293,3.9994
56.926,-3.9988,9.0319,3.9994
56.936,-3.9988,9.0319,3.9994
56.943,-3.9988,9.0319,3.9994
56.952,-3.9988,9.0345,3.9994
56.962,-3.9988,9.0345,3.9994
56.970,-3.9988,9.0371,3.9994
56.980,-3.9988,9.0371,3.9994
56.987,-3.9988,9.0397,3.9994
56.998,-3.9988,9.0397,3.9994
57.006,-3.9988,9.0422,3.9994
57.016,-3.9988,9.0422,3.9994
57.024,-3.9988,9.0422,3.9994
57.033,-3.9988,9.0448,3.9994
57.042,-3.9988,9.0448,3.9994
57.050,-3.9988,9.0474,3.9994
57.062,-3.9988,9.0474,3.9994
57.071,-3.9988,9.0500,3.9994
57.081,-3.9988,9.0500,3.9994
57.089,-3.9988,9.0525,3.9994
57.098,-3.9988,9.0525,3.9994
57.105,-3.9988,9.0551,3.9994
57.115,-3.9988,9.0551,3.9994
57.123,-3.9988,9.0551,3.9994
57.131,-3.9988,9.0577,3.9994
57.139,-3.9988,9.0577,3.9994
57.147,-3.9988,9.0603,3.9994
57.157,-3.9988,9.0603,3.9994
57.166,-3.9988,9.0628,3.9994
57.174,-3.9988,9.0628,3.9994
57.183,-3.9988,9.0628,3.9994
57.189,-3.9988,9.0654,3.9994
57.199,-3.9988,9.0654,3.9994
57.206,-3.9988,9.0680,3.9994
57.217,-3.9988,9.0680,3.9994
57.224,-3.9988,9.0706,3.9994
57.235,-3.9988,9.0706,3.9994
57.242,-3.9988,9.0706,3.9994
57.250,-3.9988,9.0732,3.9994
57.259,-3.9988,9.0732,3.9994
57.267,-3.9988,9.0757,3.9994
57.286,-3.9988,9.0783,3.9994
57.297,-3.9988,9.0783,3.9994
57.306,-3.9988,9.0809,3.9994
57.315,-3.9988,9.0809,3.9994
57.323,-3.9988,9.0809,3.9994
57.331,-3.9988,9.0835,3.9994
57.341,-3.9988,9.0835,3.9994
57.348,-3.9988,9.0860,3.9994
57.357,-3.9988,9.0860,3.9994
57.365,-3.9988,9.0886,3.9994
57.374,-3.9988,9.0886,3.9994
57.382,-3.9988,9.0886,3.9994
57.388,-3.9988,9.0912,3.9994
57.398,-3.9988,9.0912,3.9994
57.404,-3.9988,9.0938,3.9994
57.415,-3.9988,9.0938,3.9994
57.422,-3.9988,9.0938,3.9994
57.431,-3.9988,9.0964,3.9994
57.439,-3.9988,9.0964,3.9994
57.448,-3.9988,9.0989,3.9994
57.456,-3.9988,9.0989,3.9994
57.464,-3.9988,9.1015,3.9994
57.475,-3.9988,9.1015,3.9994
57.482,-3.9988,9.1015,3.9994
57.490,-3.9988,9.1041,3.9994
57.499,-3.9988,9.1041,3.9994
57.506,-3.9988,9.1067,3.9994
57.515,-3.9988,9.1067,3.9994
57.522,-3.9988,9.1067,3.9994
57.530,-3.9988,9.1092,3.9994
57.539,-3.9988,9.1092,3.9994
57.547,-3.9988,9.1118,3.9994
57.555,-3.9988,9.1118,3.9994
57.563,-3.9988,9.1118,3.9994
57.570,-3.9988,9.1144,3.9994
57.580,-3.9988,9.1144,3.9994
57.587,-3.9988,9.1170,3.9994
57.596,-3.9988,9.1170,3.9994
57.604,-3.9988,9.1170,3.9994
57.612,-3.9988,9.1196,3.9994
57.621,-3.9988,9.1196,3.9994
57.629,-3.9988,9.1221,3.9994
57.638,-3.9988,9.1221,3.9994
57.646,-3.9988,9.1247,3.9994
57.655,-3.9988,9.1247,3.9994
57.663,-3.9988,9.1247,3.9994
57.670,-3.9988,9.1273,3.9994
57.680,-3.9988,9.1273,3.9994
57.687,-3.9988,9.1299,3.9994
57.696,-3.9988,9.1299,3.9994
57.703,-3.9988,9.1299,3.9994
57.711,-3.9988,9.1325,3.9994
57.720,-3.9988,9.1325,3.9994
57.728,-3.9988,9.1350,3.9994
57.736,-3.9988,9.1350,3.9994
57.745,-3.9988,9.1376,3.9994
57.754,-3.9988,9.1376,3.9994
57.762,-3.9988,9.1376,3.9994
57.770,-3.9988,9.1402,3.9994
57.778,-3.9988,9.1402,3.9994
57.786,-3.9988,9.1428,3.9994
57.795,-3.9988,9.1428,3.9994
57.803,-3.9988,9.1428,3.9994
57.811,-3.9988,9.1454,3.9994
57.820,-3.9988,9.1454,3.9994
57.827,-3.9988,9.1479,3.9994
57.838,-3.9988,9.1479,3.9994
57.846,-3.9988,9.1505,3.9994
57.854,-3.9988,9.1505,3.9994
57.862,-3.9988,9.1505,3.9994
57.870,-3.9988,9.1531,3.9994
57.880,-3.9988,9.1531,3.9994
57.887,-3.9988,9.1557,3.9994
57.897,-3.9988,9.1557,3.9994
57.904,-3.9988,9.1583,3.9994
57.914,-3.9988,9.1583,3.9994
57.921,-3.9988,9.1583,3.9994
57.929,-3.9988,9.1608,3.9994
57.938,-3.9988,9.1608,3.9994
57.946,-3.9988,9.1634,3.9994
57.954,-3.9988,9.1634,3.9994
57.963,-3.9988,9.1634,3.9994
57.971,-3.9988,9.1660,3.9994
57.980,-3.9988,9.1660,3.9994
57.988,-3.9988,9.1686,3.9994
57.998,-3.9988,9.1686,3.9994
58.005,-3.9988,9.1712,3.9994
58.014,-3.9988,9.1712,3.9994
58.022,-3.9988,9.1712,3.9994
58.030,-3.9988,9.1737,3.9994
58.039,-3.9988,9.1737,3.9994
58.046,-3.9988,9.1763,3.9994
58.055,-3.9988,9.1763,3.9994
58.063,-3.9988,9.1763,3.9994
58.070,-3.9988,9.1789,3.9994
58.079,-3.9988,9.1789,3.9994
58.087,-3.9988,9.1815,3.9994
58.098,-3.9988,9.1815,3.9994
58.105,-3.9988,9.1841,3.9994
58.114,-3.9988,9.1841,3.9994
58.122,-3.9988,9.1841,3.9994
58.130,-3.9988,9.1866,3.9994
58.140,-3.9988,9.1866,3.9994
58.148,-3.9988,9.1892,3.9994
58.157,-3.9988,9.1892,3.9994
58.166,-3.9988,9.1918,3.9994
58.176,-3.9988,9.1918,3.9994
58.184,-3.9988,9.1918,3.9994
58.191,-3.9988,9.1943,3.9994
58.201,-3.9988,9.1943,3.9994
58.209,-3.9988,9.1969,3.9994
58.219,-3.9988,9.1969,3.9994
58.226,-3.9988,9.1995,3.9994
58.237,-3.9988,9.1995,3.9994
58.245,-3.9988,9.2020,3.9994
58.254,-3.9988,9.2020,3.9994
58.263,-3.9988,9.2020,3.9994
58.272,-3.9988,9.2046,3.9994
58.282,-3.9988,9.2046,3.9994
58.289,-3.9988,9.2072,3.9994
58.301,-3.9988,9.2072,3.9994
58.308,-3.9988,9.2098,3.9994
58.319,-3.9988,9.2098,3.9994
58.328,-3.9988,9.2123,3.9994
58.338,-3.9988,9.2123,3.9994
58.346,-3.9988,9.2149,3.9994
58.355,-3.9988,9.2149,3.9994
58.364,-3.9988,9.2149,3.9994
58.371,-3.9988,9.2175,3.9994
58.381,-3.9988,9.2175,3.9994
58.389,-3.9988,9.2201,3.9994
58.399,-3.9988,9.2201,3.9994
58.407,-3.9988,9.2226,3.9994
58.416,-3.9988,9.2226,3.9994
58.425,-3.9988,9.2252,3.9994
58.434,-3.9988,9.2252,3.9994
58.443,-3.9988,9.2252,3.9994
58.451,-3.9988,9.2278,3.9994
58.460,-3.9988,9.2278,3.9994
58.470,-3.9988,9.2304,3.9994
58.479,-3.9988,9.2304,3.9994
58.487,-3.9988,9.2330,3.9994
58.497,-3.9988,9.2330,3.9994
58.505,-3.9988,9.2355,3.9994
58.515,-3.9988,9.2355,3.9994
58.522,-3.9988,9.2355,3.9994
58.532,-3.9988,9.2381,3.9994
58.542,-3.9988,9.2381,3.9994
58.551,-3.9988,9.2407,3.9994
58.562,-3.9988,9.2407,3.9994
58.570,-3.9988,9.2433,3.9994
58.580,-3.9988,9.2433,3.9994
58.586,-3.9988,9.2459,3.9994
58.596,-3.9988,9.2459,3.9994
58.603,-3.9988,9.2459,3.9994
58.611,-3.9988,9.2485,3.9994
58.620,-3.9988,9.2485,3.9994
58.629,-3.9988,9.2511,3.9994
58.637,-3.9988,9.2511,3.9994
58.644,-3.9988,9.2511,3.9994
58.651,-3.9988,9.2537,3.9994
58.659,-3.9988,9.2537,3.9994
58.666,-3.9988,9.2562,3.9994
58.674,-3.9988,9.2562,3.9994
58.682,-3.9988,9.2562,3.9994
58.689,-3.9988,9.2588,3.9994
58.699,-3.9988,9.2588,3.9994
58.706,-3.9988,9.2614,3.9994
58.714,-3.9988,9.2614,3.9994
58.722,-3.9988,9.2614,3.9994
58.729,-3.9988,9.2640,3.9994
58.737,-3.9988,9.2640,3.9994
58.745,-3.9988,9.2666,3.9994
58.753,-3.9988,9.2666,3.9994
58.762,-3.9988,9.2666,3.9994
58.768,-3.9988,9.2692,3.9994
58.778,-3.9988,9.2692,3.9994
58.785,-3.9988,9.2718,3.9994
58.794,-3.9988,9.2718,3.9994
58.801,-3.9988,9.2718,3.9994
58.809,-3.9988,9.2744,3.9994
58.818,-3.9988,9.2744,3.9994
58.826,-3.9988,9.2770,3.9994
58.835,-3.9988,9.2770,3.9994
58.842,-3.9988,9.2770,3.9994
58.850,-3.9988,9.2796,3.9994
58.858,-3.9988,9.2796,3.9994
58.865,-3.9988,9.2822,3.9994
58.874,-3.9988,9.2822,3.9994
58.881,-3.9988,9.2822,3.9994
58.888,-3.9988,9.2848,3.9994
58.897,-3.9988,9.2848,3.9994
58.905,-3.9988,9.2874,3.9994
58.913,-3.9988,9.2874,3.9994
58.921,-3.9988,9.2874,3.9994
58.929,-3.9988,9.2900,3.9994
58.938,-3.9988,9.2900,3.9994
58.945,-3.9988,9.2926,3.9994
58.954,-3.9988,9.2926,3.9994
58.962,-3.9988,9.2926,3.9994
58.970,-3.9988,9.2952,3.9994
58.978,-3.9988,9.2952,3.9994
58.985,-3.9988,9.2978,3.9994
58.995,-3.9988,9.2978,3.9994
59.002,-3.9988,9.2978,3.9994
59.009,-3.9988,9.3004,3.9994
59.019,-3.9988,9.3004,3.9994
59.027,-3.9988,9.3030,3.9994
59.035,-3.9988,9.3030,3.9994
59.043,-3.9988,9.3030,3.9994
59.050,-3.9988,9.3056,3.9994
59.059,-3.9988,9.3056,3.9994
59.066,-3.9988,9.3082,3.9994
59.074,-3.9988,9.3082,3.9994
59.082,-3.9988,9.3082,3.9994
59.089,-3.9988,9.3108,3.9994
59.098,-3.9988,9.3108,3.9994
59.106,-3.9988,9.3134,3.9994
59.115,-3.9988,9.3134,3.9994
59.122,-3.9988,9.3134,3.9994
59.129,-3.9988,9.3160,3.9994
59.138,-3.9988,9.3160,3.9994
59.145,-3.9988,9.3186,3.9994
59.153,-3.9988,9.3186,3.9994
59.159,-3.9988,9.3186,3.9994
59.167,-3.9988,9.3212,3.9994
59.176,-3.9988,9.3212,3.9994
59.183,-3.9988,9.3212,3.9994
59.189,-3.9988,9.3238,3.9994
59.199,-3.9988,9.3238,3.9994
59.207,-3.9988,9.3264,3.9994
59.216,-3.9988,9.3264,3.9994
59.222,-3.9988,9.3264,3.9994
59.230,-3.9988,9.3290,3.9994
59.239,-3.9988,9.3290,3.9994
59.246,-3.9988,9.3316,3.9994
59.254,-3.9988,9.3316,3.9994
59.262,-3.9988,9.3316,3.9994
59.269,-3.9988,9.3342,3.9994
59.278,-3.9988,9.3342,3.9994
59.285,-3.9988,9.3368,3.9994
59.293,-3.9988,9.3368,3.9994
59.301,-3.9988,9.3368,3.9994
59.308,-3.9988,9.3394,3.9994
59.317,-3.9988,9.3394,3.9994
59.324,-3.9988,9.3420,3.9994
59.333,-3.9988,9.3420,3.9994
59.341,-3.9988,9.3420,3.9994
59.348,-3.9988,9.3446,3.9994
59.359,-3.9988,9.3446,3.9994
59.368,-3.9988,9.3472,3.9994
59.377,-3.9988,9.3472,3.9994
59.385,-3.9988,9.3498,3.9994
59.394,-3.9988,9.3498,3.9994
59.402,-3.9988,9.3498,3.9994
59.410,-3.9988,9.3524,3.9994
59.419,-3.9988,9.3524,3.9994
59.433,-3.9988,9.3550,3.9994
59.447,-3.9988,9.3575,3.9994
59.455,-3.9988,9.3575,3.9994
59.463,-3.9988,9.3575,3.9994
59.471,-3.9988,9.3601,3.9994
59.480,-3.9988,9.3601,3.9994
59.487,-3.9988,9.3627,3.9994
59.496,-3.9988,9.3627,3.9994
59.504,-3.9988,9.3627,3.9994
59.513,-3.9988,9.3640,3.9994
59.522,-3.9988,9.3640,3.9994
59.530,-3.9988,9.3640,3.9994
59.539,-3.9988,9.3640,3.9994
59.547,-3.9988,9.3640,3.9994
59.556,-3.9988,9.3640,3.9994
59.566,-3.9988,9.3640,3.9994
59.575,-3.9988,9.3640,3.9994
59.582,-3.9988,9.3640,3.9994
59.592,-3.9988,9.3640,3.9994
59.603,-3.9988,9.3640,3.9994
59.611,-3.9988,9.3640,3.9994
59.620,-3.9988,9.3640,3.9994
59.628,-3.9988,9.3640,3.9994
59.637,-3.9988,9.3640,3.9994
59.645,-3.9988,9.3640,3.9994
59.654,-3.9988,9.3640,3.9994
59.663,-3.9988,9.3640,3.9994
59.670,-3.9988,9.3640,3.9994
59.680,-3.9988,9.3640,3.9994
59.688,-3.9988,9.3640,3.9994
59.697,-3.9988,9.3640,3.9994
59.705,-3.9988,9.3640,3.9994
59.713,-3.9988,9.3640,3.9994
59.721,-3.9988,9.3640,3.9994
59.730,-3.9988,9.3640,3.9994
59.739,-3.9988,9.3640,3.9994
59.747,-3.9988,9.3640,3.9994
59.755,-3.9988,9.3640,3.9994
59.764,-3.9988,9.3640,3.9994
59.772,-3.9988,9.3640,3.9994
59.782,-3.9988,9.3640,3.9994
59.790,-3.9988,9.3640,3.9994
59.799,-3.9988,9.3640,3.9994
59.807,-3.9988,9.3640,3.9994
59.817,-3.9988,9.3640,3.9994
59.824,-3.9988,9.3640,3.9994
59.835,-3.9988,9.3640,3.9994
59.843,-3.9988,9.3640,3.9994
59.850,-3.9988,9.3640,3.9994
59.857,-3.9988,9.3640,3.9994
59.866,-3.9988,9.3640,3.9994
59.873,-3.9988,9.3640,3.9994
59.881,-3.9988,9.3640,3.9994
59.887,-3.9988,9.3640,3.9994
59.896,-3.9988,9.3640,3.9994
59.903,-3.9988,9.3640,3.9994
59.910,-3.9988,9.3640,3.9994
59.918,-3.9988,9.3640,3.9994
59.925,-3.9988,9.3640,3.9994
59.935,-3.9988,9.3640,3.9994
59.944,-3.9988,9.3640,3.9994
59.951,-3.9988,9.3640,3.9994
59.959,-3.9988,9.3640,3.9994
59.967,-3.9988,9.3640,3.9994
59.975,-3.9988,9.3640,3.9994
59.982,-3.9988,9.3640,3.9994
59.991,-3.9988,9.3640,3.9994
59.999,-3.9988,9.3640,3.9994
60.007,-3.9988,9.3640,3.9994
60.015,-3.9988,9.3640,3.9994
60.023,-3.9988,9.3640,3.9994
60.031,-3.9988,9.3640,3.9994
60.039,-3.9988,9.3640,3.9994
60.047,-3.9988,9.3640,3.9994
60.055,-3.9988,9.3640,3.9994
60.062,-3.9988,9.3640,3.9994
60.070,-3.9988,9.3640,3.9994
60.077,-3.9988,9.3640,3.9994
60.085,-3.9988,9.3640,3.9994
60.093,-3.9988,9.3640,3.9994
60.101,-3.9988,9.3640,3.9994
60.108,-3.9988,9.3640,3.9994
60.118,-3.9988,9.3640,3.9994
60.124,-3.9988,9.3640,3.9994
60.134,-3.9988,9.3640,3.9994
60.142,-3.9988,9.3640,3.9994
60.150,-3.9988,9.3640,3.9994
60.157,-3.9988,9.3640,3.9994
60.166,-3.9988,9.3640,3.9994
60.173,-3.9988,9.3640,3.9994
60.181,-3.9988,9.3640,3.9994
60.187,-3.9988,9.3640,3.9994
60.197,-3.9988,9.3640,3.9994
60.204,-3.9988,9.3640,3.9994
60.213,-3.9988,9.3640,3.9994
60.219,-3.9988,9.3640,3.9994
60.227,-3.9988,9.3640,3.9994
60.236,-3.9988,9.3640,3.9994
60.245,-3.9988,9.3640,3.9994
60.253,-3.9988,9.3640,3.9994
60.261,-3.9988,9.3640,3.9994
60.269,-3.9988,9.3640,3.9994
60.278,-3.9988,9.3640,3.9994
60.286,-3.9988,9.3640,3.9994
60.296,-3.9988,9.3640,3.9994
60.303,-3.9988,9.3640,3.9994
60.311,-3.9988,9.3640,3.9994
60.319,-3.9988,9.3640,3.9994
60.327,-3.9988,9.3640,3.9994
60.336,-3.9988,9.3640,3.9994
60.344,-3.9988,9.3640,3.9994
60.351,-3.9988,9.3640,3.9994
60.359,-3.9988,9.3640,3.9994
60.367,-3.9988,9.3640,3.9994
60.376,-3.9988,9.3640,3.9994
60.384,-3.9988,9.3640,3.9994
60.393,-3.9988,9.3640,3.9994
60.399,-3.9988,9.3640,3.9994
60.407,-3.9988,9.3640,3.9994
60.416,-3.9988,9.3640,3.9994
60.424,-3.9988,9.3640,3.9994
60.433,-3.9988,9.3640,3.9994
60.441,-3.9988,9.3640,3.9994
60.449,-3.9988,9.3640,3.9994
60.457,-3.9988,9.3640,3.9994
60.465,-3.9988,9.3640,3.9994
60.473,-3.9988,9.3640,3.9994
60.481,-3.9988,9.3640,3.9994
60.488,-3.9988,9.3640,3.9994
60.496,-3.9988,9.3640,3.9994
60.504,-3.9988,9.3640,3.9994
60.512,-3.9988,9.3640,3.9994
60.519,-3.9988,9.3640,3.9994
60.526,-3.9988,9.3640,3.9994
60.534,-3.9988,9.3640,3.9994
60.542,-3.9988,9.3640,3.9994
60.549,-3.9988,9.3640,3.9994
60.557,-3.9988,9.3640,3.9994
60.567,-3.9988,9.3640,3.9994
60.575,-3.9988,9.3640,3.9994
60.582,-3.9988,9.3640,3.9994
60.589,-3.9988,9.3640,3.9994
60.600,-3.9988,9.3640,3.9994
60.606,-3.9987,9.3640,3.9994
60.615,-3.9987,9.3640,3.9994
60.623,-3.9987,9.3640,3.9994
60.633,-3.9986,9.3640,3.9994
60.641,-3.9986,9.3640,3.9994
60.650,-3.9985,9.3640,3.9994
60.659,-3.9985,9.3640,3.9994
60.668,-3.9983,9.3640,3.9994
60.678,-3.9983,9.3640,3.9994
60.685,-3.9981,9.3640,3.9994
60.696,-3.9981,9.3640,3.9994
60.703,-3.9981,9.3640,3.9994
60.713,-3.9975,9.3640,3.9994
60.722,-3.9975,9.3640,3.9994
60.730,-3.9968,9.3640,3.9994
60.738,-3.9968,9.3640,3.9994
60.748,-3.9961,9.3640,3.9994
60.757,-3.9961,9.3640,3.9994
60.766,-3.9953,9.3640,3.9994
60.776,-3.9953,9.3640,3.9994
60.783,-3.9953,9.3640,3.9994
60.792,-3.9944,9.3640,3.9994
60.802,-3.9944,9.3640,3.9994
60.810,-3.9935,9.3640,3.9994
60.819,-3.9935,9.3640,3.9994
60.827,-3.9915,9.3640,3.9994
60.838,-3.9915,9.3640,3.9994
60.845,-3.9895,9.3640,3.9994
60.856,-3.9895,9.3640,3.9994
60.865,-3.9874,9.3640,3.9994
60.875,-3.9874,9.3640,3.9994
60.883,-3.9874,9.3640,3.9994
60.890,-3.9852,9.3640,3.9994
60.899,-3.9852,9.3640,3.9994
60.907,-3.9829,9.3640,3.9994
60.916,-3.9829,9.3640,3.9994
60.923,-3.9829,9.3640,3.9994
60.934,-3.9807,9.3640,3.9994
60.943,-3.9807,9.3640,3.9994
60.951,-3.9784,9.3640,3.9994
60.962,-3.9784,9.3640,3.9994
60.970,-3.9760,9.3640,3.9994
60.980,-3.9760,9.3640,3.9994
60.987,-3.9737,9.3640,3.9994
60.999,-3.9737,9.3640,3.9994
61.007,-3.9713,9.3640,3.9994
61.016,-3.9713,9.3640,3.9994
61.025,-3.9689,9.3640,3.9994
61.035,-3.9689,9.3640,3.9994
61.044,-3.9665,9.3640,3.9994
61.053,-3.9665,9.3640,3.9994
61.061,-3.9665,9.3640,3.9994
61.070,-3.9641,9.3640,3.9994
61.080,-3.9641,9.3640,3.9994
61.088,-3.9617,9.3640,3.9994
61.098,-3.9617,9.3640,3.9994
61.105,-3.9592,9.3640,3.9994
61.115,-3.9592,9.3640,3.9994
61.122,-3.9592,9.3640,3.9994
61.129,-3.9568,9.3640,3.9994
61.139,-3.9568,9.3640,3.9994
61.147,-3.9543,9.3640,3.9994
61.155,-3.9543,9.3640,3.9994
61.163,-3.9543,9.3640,3.9994
61.170,-3.9518,9.3640,3.9994
61.179,-3.9518,9.3640,3.9994
61.186,-3.9492,9.3640,3.9994
61.195,-3.9492,9.3640,3.9994
61.202,-3.9492,9.3640,3.9994
61.210,-3.9467,9.3640,3.9994
61.218,-3.9467,9.3640,3.9994
61.225,-3.9441,9.3640,3.9994
61.235,-3.9441,9.3640,3.9994
61.241,-3.9441,9.3640,3.9994
61.249,-3.9415,9.3640,3.9994
61.258,-3.9415,9.3640,3.9994
61.266,-3.9389,9.3640,3.9994
61.274,-3.9389,9.3640,3.9994
61.281,-3.9389,9.3640,3.9994
61.287,-3.9363,9.3640,3.9994
61.297,-3.9363,9.3640,3.9994
61.304,-3.9336,9.3640,3.9994
61.314,-3.9336,9.3640,3.9994
61.321,-3.9336,9.3640,3.9994
61.329,-3.9309,9.3640,3.9994
61.337,-3.9309,9.3640,3.9994
61.345,-3.9255,9.3640,3.9994
61.355,-3.9255,9.3640,3.9994
61.362,-3.9255,9.3640,3.9994
61.370,-3.9199,9.3640,3.9994
61.378,-3.9199,9.3640,3.9994
61.386,-3.9144,9.3640,3.9994
61.395,-3.9144,9.3640,3.9994
61.404,-3.9088,9.3640,3.9994
61.413,-3.9088,9.3640,3.9994
61.420,-3.9088,9.3640,3.9994
61.427,-3.9032,9.3640,3.9994
61.437,-3.9032,9.3640,3.9994
61.444,-3.8975,9.3640,3.9994
61.453,-3.8975,9.3640,3.9994
61.460,-3.8975,9.3640,3.9994
61.468,-3.8918,9.3640,3.9994
61.477,-3.8918,9.3640,3.9994
61.483,-3.8918,9.3640,3.9994
61.490,-3.8860,9.3640,3.9994
61.500,-3.8860,9.3640,3.9994
61.507,-3.8802,9.3640,3.9994
61.517,-3.8802,9.3640,3.9994
61.524,-3.8743,9.3640,3.9994
61.534,-3.8743,9.3640,3.9994
61.542,-3.8743,9.3640,3.9994
61.549,-3.8684,9.3640,3.9994
61.558,-3.8684,9.3640,3.9994
61.566,-3.8623,9.3640,3.9994
61.575,-3.8623,9.3640,3.9994
61.582,-3.8623,9.3640,3.9994
61.589,-3.8562,9.3640,3.9994
61.602,-3.8562,9.3640,3.9994
61.615,-3.8501,9.3640,3.9994
61.625,-3.8439,9.3640,3.9994
61.634,-3.8439,9.3640,3.9994
61.641,-3.8439,9.3640,3.9994
61.648,-3.8376,9.3640,3.9994
61.657,-3.8376,9.3640,3.9994
61.665,-3.8314,9.3640,3.9994
61.673,-3.8314,9.3640,3.9994
61.680,-3.8314,9.3640,3.9994
61.689,-3.8250,9.3640,3.9994
61.697,-3.8250,9.3640,3.9994
61.704,-3.8187,9.3640,3.9994
61.714,-3.8187,9.3640,3.9994
61.721,-3.8187,9.3640,3.9994
61.729,-3.8124,9.3640,3.9994
61.737,-3.8124,9.3640,3.9994
61.746,-3.8060,9.3640,3.9994
61.754,-3.8060,9.3640,3.9994
61.761,-3.8060,9.3640,3.9994
61.769,-3.7997,9.3640,3.9994
61.779,-3.7997,9.3640,3.9994
61.786,-3.7933,9.3640,3.9994
61.796,-3.7933,9.3640,3.9994
61.803,-3.7933,9.3640,3.9994
61.811,-3.7869,9.3640,3.9994
61.819,-3.7869,9.3640,3.9994
61.827,-3.7805,9.3640,3.9994
61.837,-3.7805,9.3640,3.9994
61.845,-3.7741,9.3640,3.9994
61.853,-3.7741,9.3640,3.9994
61.862,-3.7741,9.3640,3.9994
61.868,-3.7676,9.3640,3.9994
61.878,-3.7676,9.3640,3.9994
61.885,-3.7611,9.3640,3.9994
61.896,-3.7611,9.3640,3.9994
61.905,-3.7546,9.3640,3.9994
61.914,-3.7546,9.3640,3.9994
61.921,-3.7546,9.3640,3.9994
61.930,-3.7481,9.3640,3.9994
61.939,-3.7481,9.3640,3.9994
61.948,-3.7415,9.3640,3.9994
61.959,-3.7415,9.3640,3.9994
61.968,-3.7350,9.3640,3.9994
61.977,-3.7350,9.3640,3.9994
61.985,-3.7284,9.3640,3.9994
61.995,-3.7284,9.3640,3.9994
62.003,-3.7284,9.3640,3.9994
62.011,-3.7218,9.3640,3.9994
62.020,-3.7218,9.3640,3.9994
62.029,-3.7152,9.3640,3.9994
62.038,-3.7152,9.3640,3.9994
62.047,-3.7086,9.3640,3.9994
62.056,-3.7086,9.3640,3.9994
62.066,-3.7021,9.3640,3.9994
62.075,-3.7021,9.3640,3.9994
62.082,-3.7021,9.3640,3.9994
62.090,-3.6955,9.3640,3.9994
62.099,-3.6955,9.3640,3.9994
62.107,-3.6889,9.3640,3.9994
62.117,-3.6889,9.3640,3.9994
62.126,-3.6824,9.3640,3.9994
62.137,-3.6824,9.3640,3.9994
62.145,-3.6758,9.3640,3.9994
62.155,-3.6758,9.3640,3.9994
62.163,-3.6758,9.3640,3.9994
62.172,-3.6692,9.3640,3.9994
62.182,-3.6692,9.3640,3.9994
62.190,-3.6627,9.3640,3.9994
62.200,-3.6627,9.3640,3.9994
62.207,-3.6561,9.3640,3.9994
62.217,-3.6561,9.3640,3.9994
62.224,-3.6561,9.3640,3.9994
62.233,-3.6495,9.3640,3.9994
62.242,-3.6495,9.3640,3.9994
62.250,-3.6430,9.3640,3.9994
62.259,-3.6430,9.3640,3.9994
62.267,-3.6364,9.3640,3.9994
62.277,-3.6364,9.3640,3.9994
62.285,-3.6299,9.3640,3.9994
62.295,-3.6299,9.3640,3.9994
62.302,-3.6299,9.3640,3.9994
62.311,-3.6233,9.3640,3.9994
62.320,-3.6233,9.3640,3.9994
62.328,-3.6168,9.3640,3.9994
62.337,-3.6168,9.3640,3.9994
62.346,-3.6102,9.3640,3.9994
62.356,-3.6102,9.3640,3.9994
62.365,-3.6037,9.3640,3.9994
62.375,-3.6037,9.3640,3.9994
62.382,-3.6037,9.3640,3.9994
62.389,-3.5971,9.3640,3.9994
62.398,-3.5971,9.3640,3.9994
62.406,-3.5906,9.3640,3.9994
62.414,-3.5906,9.3640,3.9994
62.421,-3.5906,9.3640,3.9994
62.429,-3.5840,9.3640,3.9994
62.438,-3.5840,9.3640,3.9994
62.446,-3.5775,9.3640,3.9994
62.454,-3.5775,9.3640,3.9994
62.462,-3.5775,9.3640,3.9994
62.470,-3.5710,9.3640,3.9991
62.479,-3.5710,9.3640,3.9991
62.485,-3.5645,9.3640,3.9988
62.496,-3.5645,9.3640,3.9988
62.503,-3.5645,9.3640,3.9988
62.512,-3.5579,9.3640,3.9984
62.521,-3.5579,9.3640,3.9984
62.530,-3.5514,9.3640,3.9980
62.538,-3.5514,9.3640,3.9980
62.546,-3.5449,9.3640,3.9976
62.554,-3.5449,9.3640,3.9976
62.562,-3.5449,9.3640,3.9976
62.569,-3.5384,9.3640,3.9971
62.578,-3.5384,9.3640,3.9971
62.585,-3.5319,9.3640,3.9966
62.593,-3.5319,9.3640,3.9966
62.601,-3.5319,9.3640,3.9966
62.608,-3.5254,9.3640,3.9961
62.618,-3.5254,9.3640,3.9961
62.625,-3.5189,9.3640,3.9955
62.635,-3.5189,9.3640,3.9955
62.642,-3.5189,9.3640,3.9955
62.650,-3.5124,9.3640,3.9950
62.659,-3.5124,9.3640,3.9950
62.667,-3.5058,9.3640,3.9944
62.676,-3.5058,9.3640,3.9944
62.683,-3.5058,9.3640,3.9944
62.689,-3.4993,9.3640,3.9938
62.698,-3.4993,9.3640,3.9938
62.705,-3.4928,9.3640,3.9932
62.714,-3.4928,9.3640,3.9932
62.720,-3.4928,9.3640,3.9932
62.729,-3.4863,9.3640,3.9925
62.736,-3.4863,9.3640,3.9925
62.745,-3.4798,9.3640,3.9919
62.752,-3.4798,9.3640,3.9919
62.760,-3.4798,9.3640,3.9919
62.767,-3.4732,9.3640,3.9912
62.777,-3.4732,9.3640,3.9912
62.784,-3.4667,9.3640,3.9905
62.794,-3.4667,9.3640,3.9905
62.802,-3.4667,9.3640,3.9905
62.810,-3.4602,9.3640,3.9897
62.819,-3.4602,9.3640,3.9897
62.827,-3.4537,9.3640,3.9890
62.836,-3.4537,9.3640,3.9890
62.843,-3.4537,9.3640,3.9890
62.851,-3.4471,9.3640,3.9882
62.860,-3.4471,9.3640,3.9882
62.868,-3.4406,9.3640,3.9875
62.876,-3.4406,9.3640,3.9875
62.884,-3.4341,9.3640,3.9867
62.893,-3.4341,9.3640,3.9867
62.901,-3.4341,9.3640,3.9867
62.907,-3.4276,9.3640,3.9859
62.917,-3.4276,9.3640,3.9859
62.923,-3.4276,9.3640,3.9859
62.932,-3.4210,9.3640,3.9836
62.940,-3.4210,9.3640,3.9836
62.949,-3.4145,9.3640,3.9814
62.956,-3.4145,9.3640,3.9814
62.966,-3.4080,9.3640,3.9791
62.974,-3.4080,9.3640,3.9791
62.982,-3.4080,9.3640,3.9791
62.989,-3.4015,9.3640,3.9767
62.998,-3.4015,9.3640,3.9767
63.005,-3.3950,9.3640,3.9743
63.015,-3.3950,9.3640,3.9743
63.022,-3.3950,9.3640,3.9743
63.031,-3.3884,9.3640,3.9719
63.039,-3.3884,9.3640,3.9719
63.047,-3.3819,9.3640,3.9694
63.054,-3.3819,9.3640,3.9694
63.062,-3.3819,9.3640,3.9694
63.070,-3.3754,9.3640,3.9669
63.078,-3.3754,9.3640,3.9669
63.086,-3.3689,9.3640,3.9644
63.095,-3.3689,9.3640,3.9644
63.103,-3.3689,9.3640,3.9644
63.110,-3.3623,9.3640,3.9618
63.118,-3.3623,9.3640,3.9618
63.126,-3.3558,9.3640,3.9592
63.135,-3.3558,9.3640,3.9592
63.142,-3.3558,9.3640,3.9592
63.149,-3.3493,9.3640,3.9567
63.156,-3.3493,9.3640,3.9567
63.165,-3.3428,9.3640,3.9541
63.175,-3.3428,9.3640,3.9541
63.183,-3.3428,9.3640,3.9541
63.191,-3.3363,9.3640,3.9515
63.202,-3.3363,9.3640,3.9515
63.210,-3.3297,9.3640,3.9489
63.219,-3.3297,9.3640,3.9489
63.226,-3.3232,9.3640,3.9463
63.237,-3.3232,9.3640,3.9463
63.245,-3.3167,9.3640,3.9437
63.254,-3.3167,9.3640,3.9437
63.262,-3.3167,9.3640,3.9437
63.270,-3.3102,9.3640,3.9410
63.279,-3.3102,9.3640,3.9410
63.288,-3.3037,9.3640,3.9383
63.297,-3.3037,9.3640,3.9383
63.305,-3.2971,9.3640,3.9356
63.315,-3.2971,9.3640,3.9356
63.323,-3.2971,9.3640,3.9356
63.333,-3.2906,9.3640,3.9329
63.342,-3.2906,9.3640,3.9329
63.351,-3.2841,9.3640,3.9301
63.359,-3.2841,9.3640,3.9301
63.368,-3.2776,9.3640,3.9274
63.379,-3.2776,9.3640,3.9274
63.386,-3.2711,9.3640,3.9246
63.398,-3.2711,9.3640,3.9246
63.406,-3.2646,9.3640,3.9218
63.417,-3.2646,9.3640,3.9218
63.425,-3.2580,9.3640,3.9189
63.435,-3.2580,9.3640,3.9189
63.443,-3.2580,9.3640,3.9189
63.450,-3.2515,9.3640,3.9161
63.459,-3.2515,9.3640,3.9161
63.467,-3.2450,9.3640,3.9132
63.477,-3.2450,9.3640,3.9132
63.484,-3.2385,9.3640,3.9103
63.496,-3.2385,9.3640,3.9103
63.505,-3.2320,9.3640,3.9074
63.514,-3.2320,9.3640,3.9074
63.521,-3.2320,9.3640,3.9074
63.530,-3.2255,9.3640,3.9044
63.538,-3.2255,9.3640,3.9044
63.546,-3.2189,9.3640,3.9014
63.555,-3.2189,9.3640,3.9014
63.564,-3.2189,9.3640,3.9014
63.571,-3.2124,9.3640,3.8984
63.580,-3.2124,9.3640,3.8984
63.588,-3.2059,9.3640,3.8954
63.598,-3.2059,9.3640,3.8954
63.606,-3.1994,9.3640,3.8923
63.616,-3.1994,9.3640,3.8923
63.624,-3.1929,9.3640,3.8892
63.634,-3.1929,9.3640,3.8892
63.641,-3.1929,9.3640,3.8892
63.649,-3.1863,9.3640,3.8861
63.657,-3.1863,9.3640,3.8861
63.665,-3.1798,9.3640,3.8830
63.675,-3.1798,9.3640,3.8830
63.683,-3.1798,9.3640,3.8830
63.689,-3.1733,9.3640,3.8798
63.700,-3.1733,9.3640,3.8798
63.708,-3.1668,9.3640,3.8766
63.716,-3.1668,9.3640,3.8766
63.723,-3.1668,9.3640,3.8766
63.731,-3.1603,9.3640,3.8734
63.740,-3.1603,9.3640,3.8734
63.748,-3.1538,9.3640,3.8702
63.756,-3.1538,9.3640,3.8702
63.764,-3.1472,9.3640,3.8670
63.773,-3.1472,9.3640,3.8670
63.781,-3.1472,9.3640,3.8670
63.789,-3.1407,9.3640,3.8638
63.803,-3.1407,9.3640,3.8638
63.816,-3.1342,9.3640,3.8606
63.827,-3.1277,9.3640,3.8574
63.836,-3.1277,9.3640,3.8574
63.845,-3.1212,9.3640,3.8542
63.854,-3.1212,9.3640,3.8542
63.863,-3.1212,9.3640,3.8542
63.871,-3.1147,9.3640,3.8510
63.880,-3.1147,9.3640,3.8510
63.887,-3.1082,9.3640,3.8478
63.896,-3.1082,9.3640,3.8478
63.903,-3.1082,9.3640,3.8478
63.912,-3.1017,9.3640,3.8446
63.920,-3.1017,9.3640,3.8446
63.929,-3.0952,9.3640,3.8414
63.938,-3.0952,9.3640,3.8414
63.946,-3.0887,9.3640,3.8382
63.954,-3.0887,9.3640,3.8382
63.962,-3.0887,9.3640,3.8382
63.970,-3.0821,9.3640,3.8350
63.981,-3.0821,9.3640,3.8350
63.988,-3.0756,9.3640,3.8318
63.999,-3.0756,9.3640,3.8318
64.006,-3.0691,9.3640,3.8286
64.016,-3.0691,9.3640,3.8286
64.022,-3.0691,9.3640,3.8286
64.031,-3.0626,9.3640,3.8254
64.041,-3.0626,9.3640,3.8254
64.049,-3.0561,9.3640,3.8222
64.056,-3.0561,9.3640,3.8222
64.066,-3.0496,9.3640,3.8190
64.076,-3.0496,9.3640,3.8190
64.084,-3.0496,9.3640,3.8190
64.091,-3.0431,9.3640,3.8158
64.102,-3.0431,9.3640,3.8158
64.109,-3.0366,9.3640,3.8126
64.119,-3.0366,9.3640,3.8126
64.126,-3.0301,9.3640,3.8093
64.136,-3.0301,9.3640,3.8093
64.144,-3.0236,9.3640,3.8061
64.154,-3.0236,9.3640,3.8061
64.162,-3.0236,9.3640,3.8061
64.170,-3.0171,9.3640,3.8029
64.179,-3.0171,9.3640,3.8029
64.187,-3.0106,9.3640,3.7997
64.197,-3.0106,9.3640,3.7997
64.205,-3.0041,9.3640,3.7965
64.215,-3.0041,9.3640,3.7965
64.222,-3.0041,9.3640,3.7965
64.231,-2.9976,9.3640,3.7932
64.240,-2.9976,9.3640,3.7932
64.248,-2.9911,9.3640,3.7900
64.256,-2.9911,9.3640,3.7900
64.265,-2.9845,9.3640,3.7868
64.274,-2.9845,9.3640,3.7868
64.283,-2.9845,9.3640,3.7868
64.289,-2.9780,9.3640,3.7836
64.300,-2.9780,9.3640,3.7836
64.306,-2.9715,9.3640,3.7803
64.316,-2.9715,9.3640,3.7803
64.323,-2.9715,9.3640,3.7803
64.332,-2.9650,9.3640,3.7771
64.342,-2.9650,9.3640,3.7771
64.350,-2.9585,9.3640,3.7739
64.358,-2.9585,9.3640,3.7739
64.366,-2.9520,9.3640,3.7706
64.378,-2.9520,9.3640,3.7706
64.384,-2.9455,9.3640,3.7674
64.394,-2.9455,9.3640,3.7674
64.402,-2.9455,9.3640,3.7674
64.410,-2.9389,9.3640,3.7642
64.419,-2.9389,9.3640,3.7642
64.425,-2.9324,9.3640,3.7609
64.438,-2.9324,9.3640,3.7609
64.446,-2.9259,9.3640,3.7577
64.455,-2.9259,9.3640,3.7577
64.464,-2.9194,9.3640,3.7545
64.473,-2.9194,9.3640,3.7545
64.483,-2.9194,9.3640,3.7545
64.492,-2.9129,9.3640,3.7512
64.502,-2.9129,9.3640,3.7512
64.509,-2.9064,9.3640,3.7480
64.520,-2.9064,9.3640,3.7480
64.530,-2.8999,9.3640,3.7447
64.539,-2.8999,9.3640,3.7447
64.549,-2.8934,9.3640,3.7415
64.561,-2.8934,9.3640,3.7415
64.570,-2.8868,9.3640,3.7383
64.580,-2.8868,9.3640,3.7383
64.589,-2.8803,9.3640,3.7350
64.598,-2.8803,9.3640,3.7350
64.607,-2.8738,9.3640,3.7318
64.619,-2.8738,9.3640,3.7318
64.628,-2.8673,9.3640,3.7285
64.638,-2.8673,9.3640,3.7285
64.646,-2.8608,9.3640,3.7253
64.656,-2.8608,9.3640,3.7253
64.665,-2.8543,9.3640,3.7221
64.677,-2.8543,9.3640,3.7221
64.686,-2.8478,9.3640,3.7188
64.697,-2.8478,9.3640,3.7188
64.706,-2.8413,9.3640,3.7156
64.717,-2.8413,9.3640,3.7156
64.725,-2.8348,9.3640,3.7123
64.737,-2.8348,9.3640,3.7123
64.746,-2.8282,9.3640,3.7091
64.756,-2.8282,9.3640,3.7091
64.766,-2.8217,9.3640,3.7058
64.776,-2.8217,9.3640,3.7058
64.784,-2.8152,9.3640,3.7026
64.797,-2.8152,9.3640,3.7026
64.806,-2.8087,9.3640,3.6994
64.816,-2.8087,9.3640,3.6994
64.825,-2.8022,9.3640,3.6961
64.836,-2.8022,9.3640,3.6961
64.845,-2.7957,9.3640,3.6929
64.854,-2.7957,9.3640,3.6929
64.865,-2.7892,9.3640,3.6896
64.875,-2.7892,9.3640,3.6896
64.884,-2.7826,9.3640,3.6863
64.894,-2.7826,9.3640,3.6863
64.903,-2.7826,9.3640,3.6863
64.913,-2.7761,9.3640,3.6831
64.924,-2.7761,9.3640,3.6831
64.934,-2.7696,9.3640,3.6798
64.943,-2.7696,9.3640,3.6798
64.951,-2.7631,9.3640,3.6766
64.962,-2.7631,9.3640,3.6766
64.971,-2.7566,9.3640,3.6733
64.982,-2.7566,9.3640,3.6733
64.990,-2.7501,9.3640,3.6700
65.002,-2.7501,9.3640,3.6700
65.010,-2.7436,9.3640,3.6668
65.019,-2.7436,9.3640,3.6668
65.028,-2.7370,9.3640,3.6635
65.039,-2.7370,9.3640,3.6635
65.048,-2.7305,9.3640,3.6602
65.057,-2.7305,9.3640,3.6602
65.066,-2.7240,9.3640,3.6570
65.075,-2.7240,9.3640,3.6570
65.085,-2.7175,9.3640,3.6537
65.095,-2.7175,9.3640,3.6537
65.103,-2.7175,9.3640,3.6537
65.112,-2.7110,9.3640,3.6504
65.121,-2.7110,9.3640,3.6504
65.130,-2.7044,9.3640,3.6471
65.138,-2.7044,9.3640,3.6471
65.147,-2.6979,9.3640,3.6438
65.157,-2.6979,9.3640,3.6438
65.166,-2.6914,9.3640,3.6405
65.176,-2.6914,9.3640,3.6405
65.184,-2.6914,9.3640,3.6405
65.193,-2.6849,9.3640,3.6371
65.202,-2.6849,9.3640,3.6371
65.211,-2.6783,9.3640,3.6337
65.220,-2.6783,9.3640,3.6337
65.228,-2.6718,9.3640,3.6303
65.238,-2.6718,9.3640,3.6303
65.246,-2.6653,9.3640,3.6269
65.255,-2.6653,9.3640,3.6269
65.263,-2.6653,9.3640,3.6269
65.272,-2.6588,9.3640,3.6235
65.283,-2.6588,9.3640,3.6235
65.290,-2.6522,9.3640,3.6200
65.302,-2.6522,9.3640,3.6200
65.310,-2.6457,9.3640,3.6165
65.320,-2.6457,9.3640,3.6165
65.328,-2.6392,9.3640,3.6130
65.339,-2.6392,9.3640,3.6130
65.347,-2.6326,9.3640,3.6095
65.356,-2.6326,9.3640,3.6095
65.365,-2.6261,9.3640,3.6060
65.373,-2.6261,9.3640,3.6060
65.383,-2.6261,9.3640,3.6060
65.391,-2.6196,9.3640,3.6025
65.401,-2.6196,9.3640,3.6025
65.410,-2.6131,9.3640,3.5989
65.420,-2.6131,9.3640,3.5989
65.430,-2.6065,9.3640,3.5954
65.439,-2.6065,9.3640,3.5954
65.447,-2.6000,9.3640,3.5919
65.457,-2.6000,9.3640,3.5919
65.466,-2.5935,9.3640,3.5884
65.474,-2.5935,9.3640,3.5884
65.483,-2.5935,9.3640,3.5884
65.491,-2.5869,9.3640,3.5848
65.502,-2.5869,9.3640,3.5848
65.510,-2.5804,9.3640,3.5813
65.519,-2.5804,9.3640,3.5813
65.526,-2.5739,9.3640,3.5777
65.536,-2.5739,9.3640,3.5777
65.544,-2.5674,9.3640,3.5742
65.553,-2.5674,9.3640,3.5742
65.562,-2.5674,9.3640,3.5742
65.570,-2.5608,9.3640,3.5707
65.580,-2.5608,9.3640,3.5707
65.587,-2.5543,9.3640,3.5671
65.597,-2.5543,9.3640,3.5671
65.605,-2.5478,9.3640,3.5636
65.616,-2.5478,9.3640,3.5636
65.624,-2.5412,9.3640,3.5601
65.635,-2.5412,9.3640,3.5601
65.643,-2.5412,9.3640,3.5601
65.650,-2.5347,9.3640,3.5565
65.661,-2.5347,9.3640,3.5565
65.670,-2.5282,9.3640,3.5530
65.680,-2.5282,9.3640,3.5530
65.688,-2.5216,9.3640,3.5494
65.699,-2.5216,9.3640,3.5494
65.707,-2.5151,9.3640,3.5459
65.717,-2.5151,9.3640,3.5459
65.725,-2.5086,9.3640,3.5423
65.736,-2.5086,9.3640,3.5423
65.745,-2.5021,9.3640,3.5388
65.755,-2.5021,9.3640,3.5388
65.765,-2.4955,9.3640,3.5353
65.775,-2.4955,9.3640,3.5353
65.784,-2.4890,9.3640,3.5317
65.795,-2.4890,9.3640,3.5317
65.803,-2.4890,9.3640,3.5317
65.813,-2.4825,9.3640,3.5282
65.823,-2.4825,9.3640,3.5282
65.832,-2.4760,9.3640,3.5246
65.843,-2.4760,9.3640,3.5246
65.851,-2.4694,9.3640,3.5211
65.862,-2.4694,9.3640,3.5211
65.872,-2.4629,9.3640,3.5175
65.883,-2.4629,9.3640,3.5175
65.891,-2.4563,9.3640,3.5140
65.903,-2.4563,9.3640,3.5140
65.911,-2.4498,9.3640,3.5104
65.922,-2.4498,9.3640,3.5104
65.931,-2.4433,9.3640,3.5069
65.943,-2.4433,9.3640,3.5069
65.952,-2.4367,9.3640,3.5034
65.964,-2.4367,9.3640,3.5034
65.972,-2.4302,9.3640,3.4998
65.984,-2.4302,9.3640,3.4998
65.993,-2.4237,9.3640,3.4963
66.004,-2.4171,9.3640,3.4927
66.014,-2.4171,9.3640,3.4927
66.023,-2.4171,9.3640,3.4927
66.032,-2.4106,9.3640,3.4892
66.042,-2.4106,9.3640,3.4892
66.049,-2.4040,9.3640,3.4856
66.060,-2.4040,9.3640,3.4856
66.068,-2.3975,9.3640,3.4821
66.078,-2.3975,9.3640,3.4821
66.087,-2.3909,9.3640,3.4785
66.097,-2.3909,9.3640,3.4785
66.106,-2.3843,9.3640,3.4750
66.116,-2.3843,9.3640,3.4750
66.125,-2.3778,9.3640,3.4714
66.136,-2.3778,9.3640,3.4714
66.145,-2.3712,9.3640,3.4679
66.156,-2.3712,9.3640,3.4679
66.166,-2.3647,9.3640,3.4643
66.177,-2.3647,9.3640,3.4643
66.186,-2.3581,9.3640,3.4608
66.197,-2.3581,9.3640,3.4608
66.213,-2.3515,9.3640,3.4572
66.227,-2.3449,9.3640,3.4537
66.239,-2.3449,9.3640,3.4537
66.248,-2.3384,9.3640,3.4502
66.257,-2.3384,9.3640,3.4502
66.267,-2.3318,9.3640,3.4466
66.278,-2.3318,9.3640,3.4466
66.286,-2.3252,9.3640,3.4431
66.297,-2.3252,9.3640,3.4431
66.306,-2.3186,9.3640,3.4395
66.316,-2.3186,9.3640,3.4395
66.325,-2.3121,9.3640,3.4360
66.337,-2.3121,9.3640,3.4360
66.345,-2.3055,9.3640,3.4324
66.356,-2.3055,9.3640,3.4324
66.365,-2.2989,9.3640,3.4289
66.375,-2.2989,9.3640,3.4289
66.385,-2.2923,9.3640,3.4253
66.397,-2.2923,9.3640,3.4253
66.405,-2.2858,9.3640,3.4218
66.416,-2.2858,9.3640,3.4218
66.425,-2.2792,9.3640,3.4182
66.436,-2.2792,9.3640,3.4182
66.446,-2.2726,9.3640,3.4147
66.456,-2.2726,9.3640,3.4147
66.465,-2.2660,9.3640,3.4111
66.475,-2.2660,9.3640,3.4111
66.483,-2.2660,9.3640,3.4111
66.491,-2.2594,9.3640,3.4076
66.501,-2.2594,9.3640,3.4076
66.510,-2.2528,9.3640,3.4040
66.520,-2.2528,9.3640,3.4040
66.529,-2.2463,9.3640,3.4005
66.539,-2.2463,9.3640,3.4005
66.548,-2.2396,9.3640,3.3969
66.558,-2.2396,9.3640,3.3969
66.567,-2.2330,9.3640,3.3933
66.577,-2.2330,9.3640,3.3933
66.585,-2.2264,9.3640,3.3898
66.594,-2.2264,9.3640,3.3898
66.603,-2.2264,9.3640,3.3898
66.612,-2.2198,9.3640,3.3862
66.621,-2.2198,9.3640,3.3862
66.629,-2.2131,9.3640,3.3827
66.639,-2.2131,9.3640,3.3827
66.648,-2.2065,9.3640,3.3791
66.657,-2.2065,9.3640,3.3791
66.666,-2.1998,9.3640,3.3756
66.676,-2.1998,9.3640,3.3756
66.684,-2.1930,9.3640,3.3720
66.695,-2.1930,9.3640,3.3720
66.703,-2.1930,9.3640,3.3720
66.712,-2.1862,9.3640,3.3684
66.720,-2.1862,9.3640,3.3684
66.729,-2.1794,9.3640,3.3649
66.739,-2.1794,9.3640,3.3649
66.746,-2.1725,9.3640,3.3613
66.754,-2.1725,9.3640,3.3613
66.763,-2.1725,9.3640,3.3613
66.770,-2.1656,9.3640,3.3578
66.780,-2.1656,9.3640,3.3578
66.788,-2.1586,9.3640,3.3542
66.797,-2.1586,9.3640,3.3542
66.805,-2.1516,9.3640,3.3506
66.814,-2.1516,9.3640,3.3506
66.822,-2.1516,9.3640,3.3506
66.830,-2.1446,9.3640,3.3471
66.840,-2.1446,9.3640,3.3471
66.847,-2.1376,9.3640,3.3435
66.856,-2.1376,9.3640,3.3435
66.865,-2.1306,9.3640,3.3399
66.873,-2.1306,9.3640,3.3399
66.882,-2.1306,9.3640,3.3399
66.889,-2.1236,9.3640,3.3364
66.898,-2.1236,9.3640,3.3364
66.905,-2.1166,9.3640,3.3328
66.916,-2.1166,9.3640,3.3328
66.923,-2.1166,9.3640,3.3328
66.932,-2.1096,9.3640,3.3293
66.940,-2.1096,9.3640,3.3293
66.948,-2.1026,9.3640,3.3257
66.956,-2.1026,9.3640,3.3257
66.965,-2.0956,9.3640,3.3221
66.974,-2.0956,9.3640,3.3221
66.982,-2.0956,9.3640,3.3221
66.989,-2.0886,9.3640,3.3186
67.000,-2.0886,9.3640,3.3186
67.008,-2.0816,9.3640,3.3150
67.017,-2.0816,9.3640,3.3150
67.026,-2.0746,9.3640,3.3114
67.037,-2.0746,9.3640,3.3114
67.046,-2.0676,9.3640,3.3079
67.055,-2.0676,9.3640,3.3079
67.064,-2.0606,9.3640,3.3043
67.073,-2.0606,9.3640,3.3043
67.082,-2.0606,9.3640,3.3043
67.090,-2.0536,9.3640,3.3008
67.100,-2.0536,9.3640,3.3008
67.108,-2.0466,9.3640,3.2972
67.118,-2.0466,9.3640,3.2972
67.126,-2.0396,9.3640,3.2936
67.136,-2.0396,9.3640,3.2936
67.144,-2.0326,9.3640,3.2901
67.153,-2.0326,9.3640,3.2901
67.161,-2.0326,9.3640,3.2901
67.170,-2.0256,9.3640,3.2865
67.181,-2.0256,9.3640,3.2865
67.189,-2.0186,9.3640,3.2830
67.199,-2.0186,9.3640,3.2830
67.208,-2.0116,9.3640,3.2794
67.218,-2.0116,9.3640,3.2794
67.227,-2.0046,9.3640,3.2758
67.236,-2.0046,9.3640,3.2758
67.245,-1.9976,9.3640,3.2723
67.255,-1.9976,9.3640,3.2723
67.265,-1.9906,9.3640,3.2687
67.275,-1.9906,9.3640,3.2687
67.283,-1.9906,9.3640,3.2687
67.291,-1.9836,9.3640,3.2651
67.301,-1.9836,9.3640,3.2651
67.309,-1.9766,9.3640,3.2616
67.318,-1.9766,9.3640,3.2616
67.326,-1.9696,9.3640,3.2580
67.337,-1.9696,9.3640,3.2580
67.345,-1.9626,9.3640,3.2544
67.355,-1.9626,9.3640,3.2544
67.364,-1.9626,9.3640,3.2544
67.371,-1.9556,9.3640,3.2508
67.382,-1.9556,9.3640,3.2508
67.389,-1.9486,9.3640,3.2473
67.400,-1.9486,9.3640,3.2473
67.408,-1.9416,9.3640,3.2437
67.418,-1.9416,9.3640,3.2437
67.426,-1.9346,9.3640,3.2401
67.435,-1.9346,9.3640,3.2401
67.444,-1.9276,9.3640,3.2365
67.454,-1.9276,9.3640,3.2365
67.463,-1.9276,9.3640,3.2365
67.470,-1.9206,9.3640,3.2329
67.481,-1.9206,9.3640,3.2329
67.489,-1.9136,9.3640,3.2293
67.498,-1.9136,9.3640,3.2293
67.506,-1.9066,9.3640,3.2257
67.514,-1.9066,9.3640,3.2257
67.522,-1.9066,9.3640,3.2257
67.530,-1.8996,9.3640,3.2221
67.539,-1.8996,9.3640,3.2221
67.547,-1.8926,9.3640,3.2185
67.557,-1.8926,9.3640,3.2185
67.565,-1.8856,9.3640,3.2150
67.575,-1.8856,9.3640,3.2150
67.582,-1.8856,9.3640,3.2150
67.589,-1.8786,9.3640,3.2113
67.599,-1.8786,9.3640,3.2113
67.607,-1.8716,9.3640,3.2077
67.616,-1.8716,9.3640,3.2077
67.623,-1.8716,9.3640,3.2077
67.632,-1.8646,9.3640,3.2041
67.641,-1.8646,9.3640,3.2041
67.648,-1.8576,9.3640,3.2005
67.656,-1.8576,9.3640,3.2005
67.665,-1.8506,9.3640,3.1969
67.673,-1.8506,9.3640,3.1969
67.681,-1.8506,9.3640,3.1969
67.689,-1.8436,9.3640,3.1933
67.699,-1.8436,9.3640,3.1933
67.706,-1.8366,9.3640,3.1896
67.714,-1.8366,9.3640,3.1896
67.721,-1.8366,9.3640,3.1896
67.730,-1.8296,9.3640,3.1860
67.738,-1.8296,9.3640,3.1860
67.746,-1.8226,9.3640,3.1824
67.755,-1.8226,9.3640,3.1824
67.763,-1.8226,9.3640,3.1824
67.770,-1.8156,9.3640,3.1755
67.779,-1.8156,9.3640,3.1755
67.787,-1.8086,9.3640,3.1686
67.796,-1.8086,9.3640,3.1686
67.804,-1.8016,9.3640,3.1617
67.813,-1.8016,9.3640,3.1617
67.821,-1.8016,9.3640,3.1617
67.829,-1.7946,9.3640,3.1547
67.838,-1.7946,9.3640,3.1547
67.846,-1.7876,9.3640,3.1477
67.855,-1.7876,9.3640,3.1477
67.863,-1.7876,9.3640,3.1477
67.871,-1.7806,9.3640,3.1407
67.881,-1.7806,9.3640,3.1407
67.888,-1.7736,9.3640,3.1336
67.898,-1.7736,9.3640,3.1336
67.905,-1.7666,9.3640,3.1264
67.915,-1.7666,9.3640,3.1264
67.922,-1.7666,9.3640,3.1264
67.931,-1.7596,9.3640,3.1192
67.939,-1.7596,9.3640,3.1192
67.947,-1.7526,9.3640,3.1119
67.955,-1.7526,9.3640,3.1119
67.964,-1.7456,9.3640,3.1046
67.973,-1.7456,9.3640,3.1046
67.981,-1.7456,9.3640,3.1046
67.989,-1.7386,9.3640,3.0973
67.998,-1.7386,9.3640,3.0973
68.007,-1.7316,9.3640,3.0899
68.016,-1.7316,9.3640,3.0899
68.024,-1.7246,9.3640,3.0825
68.035,-1.7246,9.3640,3.0825
68.043,-1.7246,9.3640,3.0825
68.051,-1.7176,9.3640,3.0751
68.062,-1.7176,9.3640,3.0751
68.070,-1.7106,9.3640,3.0676
68.078,-1.7106,9.3640,3.0676
68.087,-1.7036,9.3640,3.0602
68.096,-1.7036,9.3640,3.0602
68.104,-1.6966,9.3640,3.0528
68.113,-1.6966,9.3640,3.0528
68.121,-1.6966,9.3640,3.0528
68.128,-1.6896,9.3640,3.0454
68.138,-1.6896,9.3640,3.0454
68.146,-1.6826,9.3640,3.0380
68.155,-1.6826,9.3640,3.0380
68.163,-1.6826,9.3640,3.0380
68.171,-1.6756,9.3640,3.0306
68.180,-1.6756,9.3640,3.0306
68.187,-1.6686,9.3640,3.0232
68.197,-1.6686,9.3640,3.0232
68.205,-1.6616,9.3640,3.0157
68.214,-1.6616,9.3640,3.0157
68.221,-1.6616,9.3640,3.0157
68.229,-1.6546,9.3640,3.0083
68.238,-1.6546,9.3640,3.0083
68.247,-1.6476,9.3640,3.0009
68.255,-1.6476,9.3640,3.0009
68.264,-1.6406,9.3640,2.9935
68.274,-1.6406,9.3640,2.9935
68.283,-1.6406,9.3640,2.9935
68.292,-1.6336,9.3640,2.9861
68.302,-1.6336,9.3640,2.9861
68.310,-1.6266,9.3640,2.9787
68.318,-1.6266,9.3640,2.9787
68.327,-1.6196,9.3640,2.9713
68.338,-1.6196,9.3640,2.9713
68.345,-1.6126,9.3640,2.9639
68.355,-1.6126,9.3640,2.9639
68.364,-1.6056,9.3640,2.9565
68.374,-1.6056,9.3640,2.9565
68.383,-1.6056,9.3640,2.9565
68.391,-1.5986,9.3640,2.9491
68.403,-1.5986,9.3640,2.9491
68.410,-1.5916,9.3640,2.9417
68.419,-1.5916,9.3640,2.9417
68.427,-1.5846,9.3640,2.9343
68.437,-1.5846,9.3640,2.9343
68.446,-1.5776,9.3640,2.9269
68.455,-1.5776,9.3640,2.9269
68.463,-1.5776,9.3640,2.9269
68.471,-1.5706,9.3640,2.9195
68.481,-1.5706,9.3640,2.9195
68.488,-1.5636,9.3640,2.9121
68.499,-1.5636,9.3640,2.9121
68.506,-1.5566,9.3640,2.9048
68.518,-1.5566,9.3640,2.9048
68.526,-1.5496,9.3640,2.8974
68.541,-1.5496,9.3640,2.8974
68.553,-1.5426,9.3640,2.8900
68.564,-1.5356,9.3640,2.8827
68.574,-1.5356,9.3640,2.8827
68.582,-1.5356,9.3640,2.8827
68.590,-1.5286,9.3640,2.8753
68.600,-1.5286,9.3640,2.8753
68.608,-1.5216,9.3640,2.8680
68.618,-1.5216,9.3640,2.8680
68.625,-1.5146,9.3640,2.8607
68.636,-1.5146,9.3640,2.8607
68.645,-1.5076,9.3640,2.8533
68.653,-1.5076,9.3640,2.8533
68.662,-1.5076,9.3640,2.8533
68.670,-1.5006,9.3640,2.8460
68.679,-1.5006,9.3640,2.8460
68.687,-1.4936,9.3640,2.8387
68.697,-1.4936,9.3640,2.8387
68.704,-1.4866,9.3640,2.8313
68.713,-1.4866,9.3640,2.8313
68.721,-1.4866,9.3640,2.8313
68.730,-1.4796,9.3640,2.8240
68.737,-1.4796,9.3640,2.8240
68.746,-1.4726,9.3640,2.8167
68.754,-1.4726,9.3640,2.8167
68.762,-1.4726,9.3640,2.8167
68.769,-1.4656,9.3640,2.8094
68.778,-1.4656,9.3640,2.8094
68.785,-1.4586,9.3640,2.8022
68.794,-1.4586,9.3640,2.8022
68.802,-1.4586,9.3640,2.8022
68.809,-1.4516,9.3640,2.7949
68.818,-1.4516,9.3640,2.7949
68.825,-1.4446,9.3640,2.7876
68.834,-1.4446,9.3640,2.7876
68.842,-1.4446,9.3640,2.7876
68.849,-1.4376,9.3640,2.7803
68.857,-1.4376,9.3640,2.7803
68.865,-1.4306,9.3640,2.7730
68.874,-1.4306,9.3640,2.7730
68.881,-1.4306,9.3640,2.7730
68.889,-1.4236,9.3640,2.7658
68.897,-1.4236,9.3640,2.7658
68.905,-1.4166,9.3640,2.7585
68.913,-1.4166,9.3640,2.7585
68.921,-1.4166,9.3640,2.7585
68.929,-1.4096,9.3640,2.7513
68.938,-1.4096,9.3640,2.7513
68.945,-1.4026,9.3640,2.7440
68.954,-1.4026,9.3640,2.7440
68.962,-1.4026,9.3640,2.7440
68.970,-1.3956,9.3640,2.7368
68.977,-1.3956,9.3640,2.7368
68.985,-1.3886,9.3640,2.7296
68.994,-1.3886,9.3640,2.7296
69.002,-1.3886,9.3640,2.7296
69.009,-1.3816,9.3640,2.7223
69.018,-1.3816,9.3640,2.7223
69.026,-1.3746,9.3640,2.7151
69.036,-1.3746,9.3640,2.7151
69.044,-1.3746,9.3640,2.7151
69.052,-1.3676,9.3640,2.7079
69.062,-1.3676,9.3640,2.7079
69.069,-1.3606,9.3640,2.7007
69.078,-1.3606,9.3640,2.7007
69.085,-1.3536,9.3640,2.6934
69.095,-1.3536,9.3640,2.6934
69.102,-1.3536,9.3640,2.6934
69.110,-1.3466,9.3640,2.6862
69.118,-1.3466,9.3640,2.6862
69.125,-1.3396,9.3640,2.6790
69.134,-1.3396,9.3640,2.6790
69.141,-1.3396,9.3640,2.6790
69.148,-1.3326,9.3640,2.6718
69.157,-1.3326,9.3640,2.6718
69.165,-1.3256,9.3640,2.6646
69.173,-1.3256,9.3640,2.6646
69.181,-1.3256,9.3640,2.6646
69.189,-1.3186,9.3640,2.6574
69.199,-1.3186,9.3640,2.6574
69.207,-1.3116,9.3640,2.6502
69.215,-1.3116,9.3640,2.6502
69.223,-1.3116,9.3640,2.6502
69.230,-1.3046,9.3640,2.6430
69.239,-1.3046,9.3640,2.6430
69.246,-1.2976,9.3640,2.6358
69.255,-1.2976,9.3640,2.6358
69.263,-1.2976,9.3640,2.6358
69.271,-1.2906,9.3640,2.6286
69.280,-1.2906,9.3640,2.6286
69.287,-1.2836,9.3640,2.6214
69.297,-1.2836,9.3640,2.6214
69.304,-1.2766,9.3640,2.6142
69.313,-1.2766,9.3640,2.6142
69.320,-1.2766,9.3640,2.6142
69.329,-1.2696,9.3640,2.6070
69.337,-1.2696,9.3640,2.6070
69.345,-1.2626,9.3640,2.5998
69.353,-1.2626,9.3640,2.5998
69.361,-1.2626,9.3640,2.5998
69.369,-1.2556,9.3640,2.5926
69.379,-1.2556,9.3640,2.5926
69.386,-1.2486,9.3640,2.5854
69.396,-1.2486,9.3640,2.5854
69.402,-1.2486,9.3640,2.5854
69.411,-1.2416,9.3640,2.5782
69.420,-1.2416,9.3640,2.5782
69.428,-1.2346,9.3640,2.5710
69.437,-1.2346,9.3640,2.5710
69.446,-1.2276,9.3640,2.5638
69.455,-1.2276,9.3640,2.5638
69.464,-1.2206,9.3640,2.5567
69.474,-1.2206,9.3640,2.5567
69.482,-1.2206,9.3640,2.5567
69.489,-1.2136,9.3640,2.5495
69.499,-1.2136,9.3640,2.5495
69.506,-1.2066,9.3640,2.5423
69.515,-1.2066,9.3640,2.5423
69.522,-1.2066,9.3640,2.5423
69.531,-1.1996,9.3640,2.5351
69.540,-1.1996,9.3640,2.5351
69.548,-1.1926,9.3640,2.5279
69.556,-1.1926,9.3640,2.5279
69.565,-1.1856,9.3640,2.5207
69.576,-1.1856,9.3640,2.5207
69.584,-1.1856,9.3640,2.5207
69.592,-1.1786,9.3640,2.5135
69.603,-1.1786,9.3640,2.5135
69.611,-1.1716,9.3640,2.5063
69.621,-1.1716,9.3640,2.5063
69.631,-1.1646,9.3640,2.4991
69.640,-1.1646,9.3640,2.4991
69.647,-1.1576,9.3640,2.4919
69.656,-1.1576,9.3640,2.4919
69.664,-1.1506,9.3640,2.4847
69.673,-1.1506,9.3640,2.4847
69.682,-1.1506,9.3640,2.4847
69.691,-1.1436,9.3640,2.4775
69.700,-1.1436,9.3640,2.4775
69.708,-1.1366,9.3640,2.4703
69.718,-1.1366,9.3640,2.4703
69.725,-1.1296,9.3640,2.4631
69.737,-1.1296,9.3640,2.4631
69.745,-1.1226,9.3640,2.4559
69.755,-1.1226,9.3640,2.4559
69.765,-1.1156,9.3640,2.4487
69.775,-1.1156,9.3640,2.4487
69.785,-1.1086,9.3640,2.4415
69.795,-1.1086,9.3640,2.4415
69.804,-1.1086,9.3640,2.4415
69.813,-1.1016,9.3640,2.4343
69.823,-1.1016,9.3640,2.4343
69.831,-1.0946,9.3640,2.4271
69.842,-1.0946,9.3640,2.4271
69.850,-1.0876,9.3640,2.4199
69.858,-1.0876,9.3640,2.4199
69.866,-1.0806,9.3640,2.4128
69.875,-1.0806,9.3640,2.4128
69.883,-1.0806,9.3640,2.4128
69.892,-1.0736,9.3640,2.4056
69.902,-1.0736,9.3640,2.4056
69.910,-1.0666,9.3640,2.3984
69.919,-1.0666,9.3640,2.3984
69.926,-1.0596,9.3640,2.3912
69.936,-1.0596,9.3640,2.3912
69.944,-1.0526,9.3640,2.3841
69.954,-1.0526,9.3640,2.3841
69.963,-1.0526,9.3640,2.3841
69.970,-1.0456,9.3640,2.3769
69.981,-1.0456,9.3640,2.3769
69.988,-1.0386,9.3640,2.3697
69.998,-1.0386,9.3640,2.3697
70.006,-1.0316,9.3640,2.3625
70.016,-1.0316,9.3640,2.3625
70.023,-1.0316,9.3640,2.3625
70.031,-1.0246,9.3640,2.3554
70.041,-1.0246,9.3640,2.3554
70.050,-1.0176,9.3640,2.3482
70.058,-1.0176,9.3640,2.3482
70.066,-1.0106,9.3640,2.3411
70.075,-1.0106,9.3640,2.3411
70.084,-1.0036,9.3640,2.3339
70.093,-1.0036,9.3640,2.3339
70.101,-1.0036,9.3640,2.3339
70.108,-0.9966,9.3640,2.3267
70.117,-0.9966,9.3640,2.3267
70.124,-0.9966,9.3640,2.3267
70.132,-0.9896,9.3640,2.3196
70.141,-0.9896,9.3640,2.3196
70.149,-0.9826,9.3640,2.3125
70.157,-0.9826,9.3640,2.3125
70.165,-0.9756,9.3640,2.3053
70.174,-0.9756,9.3640,2.3053
70.182,-0.9756,9.3640,2.3053
70.189,-0.9686,9.3640,2.2982
70.198,-0.9686,9.3640,2.2982
70.206,-0.9616,9.3640,2.2910
70.215,-0.9616,9.3640,2.2910
70.222,-0.9616,9.3640,2.2910
70.231,-0.9546,9.3640,2.2839
70.238,-0.9546,9.3640,2.2839
70.247,-0.9476,9.3640,2.2767
70.254,-0.9476,9.3640,2.2767
70.264,-0.9476,9.3640,2.2767
70.271,-0.9406,9.3640,2.2696
70.280,-0.9406,9.3640,2.2696
70.287,-0.9336,9.3640,2.2624
70.296,-0.9336,9.3640,2.2624
70.303,-0.9336,9.3640,2.2624
70.311,-0.9266,9.3640,2.2553
70.319,-0.9266,9.3640,2.2553
70.328,-0.9196,9.3640,2.2481
70.337,-0.9196,9.3640,2.2481
70.344,-0.9126,9.3640,2.2410
70.353,-0.9126,9.3640,2.2410
70.362,-0.9126,9.3640,2.2410
70.369,-0.9056,9.3640,2.2338
70.379,-0.9056,9.3640,2.2338
70.386,-0.8986,9.3640,2.2267
70.395,-0.8986,9.3640,2.2267
70.402,-0.8986,9.3640,2.2267
70.410,-0.8916,9.3640,2.2195
70.419,-0.8916,9.3640,2.2195
70.426,-0.8846,9.3640,2.2124
70.436,-0.8846,9.3640,2.2124
70.444,-0.8776,9.3640,2.2052
70.453,-0.8776,9.3640,2.2052
70.461,-0.8776,9.3640,2.2052
70.469,-0.8706,9.3640,2.1981
70.479,-0.8706,9.3640,2.1981
70.486,-0.8636,9.3640,2.1909
70.495,-0.8636,9.3640,2.1909
70.503,-0.8636,9.3640,2.1909
70.511,-0.8566,9.3640,2.1838
70.520,-0.8566,9.3640,2.1838
70.529,-0.8496,9.3640,2.1766
70.539,-0.8496,9.3640,2.1766
70.547,-0.8426,9.3640,2.1695
70.555,-0.8426,9.3640,2.1695
70.563,-0.8426,9.3640,2.1695
70.571,-0.8356,9.3640,2.1624
70.580,-0.8356,9.3640,2.1624
70.588,-0.8286,9.3640,2.1552
70.598,-0.8286,9.3640,2.1552
70.605,-0.8216,9.3640,2.1481
70.615,-0.8216,9.3640,2.1481
70.621,-0.8216,9.3640,2.1481
70.629,-0.8146,9.3640,2.1409
70.638,-0.8146,9.3640,2.1409
70.646,-0.8076,9.3640,2.1338
70.655,-0.8076,9.3640,2.1338
70.663,-0.8076,9.3640,2.1338
70.669,-0.8006,9.3640,2.1266
70.681,-0.8006,9.3640,2.1266
70.688,-0.7936,9.3640,2.1195
70.698,-0.7936,9.3640,2.1195
70.704,-0.7866,9.3640,2.1124
70.714,-0.7866,9.3640,2.1124
70.722,-0.7866,9.3640,2.1124
70.732,-0.7796,9.3640,2.1052
70.741,-0.7796,9.3640,2.1052
70.749,-0.7726,9.3640,2.0981
70.758,-0.7726,9.3640,2.0981
70.766,-0.7656,9.3640,2.0910
70.776,-0.7656,9.3640,2.0910
70.793,-0.7586,9.3640,2.0839
70.803,-0.7586,9.3640,2.0839
70.811,-0.7516,9.3640,2.0767
70.818,-0.7516,9.3640,2.0767
70.827,-0.7446,9.3640,2.0696
70.838,-0.7446,9.3640,2.0696
70.846,-0.7376,9.3640,2.0625
70.855,-0.7376,9.3640,2.0625
70.864,-0.7376,9.3640,2.0625
70.872,-0.7306,9.3640,2.0554
70.881,-0.7306,9.3640,2.0554
70.889,-0.7236,9.3640,2.0483
70.901,-0.7236,9.3640,2.0483
70.908,-0.7166,9.3640,2.0412
70.917,-0.7166,9.3640,2.0412
70.925,-0.7096,9.3640,2.0341
70.936,-0.7096,9.3640,2.0341
70.944,-0.7026,9.3640,2.0270
70.954,-0.7026,9.3640,2.0270
70.963,-0.7026,9.3640,2.0270
70.971,-0.6956,9.3640,2.0199
70.982,-0.6956,9.3640,2.0199
70.990,-0.6886,9.3640,2.0128
71.000,-0.6886,9.3640,2.0128
71.008,-0.6816,9.3640,2.0058
71.019,-0.6816,9.3640,2.0058
71.027,-0.6746,9.3640,1.9987
71.038,-0.6746,9.3640,1.9987
71.047,-0.6676,9.3640,1.9916
71.057,-0.6676,9.3640,1.9916
71.067,-0.6606,9.3640,1.9846
71.076,-0.6606,9.3640,1.9846
71.084,-0.6536,9.3640,1.9775
71.095,-0.6536,9.3640,1.9775
71.104,-0.6536,9.3640,1.9775
71.112,-0.6466,9.3640,1.9705
71.122,-0.6466,9.3640,1.9705
71.131,-0.6396,9.3640,1.9635
71.140,-0.6396,9.3640,1.9635
71.148,-0.6326,9.3640,1.9565
71.157,-0.6326,9.3640,1.9565
71.167,-0.6256,9.3640,1.9496
71.176,-0.6256,9.3640,1.9496
71.185,-0.6186,9.3640,1.9427
71.195,-0.6186,9.3640,1.9427
71.203,-0.6186,9.3640,1.9427
71.212,-0.6116,9.3640,1.9390
71.221,-0.6116,9.3640,1.9390
71.231,-0.6046,9.3640,1.9354
71.240,-0.6046,9.3640,1.9354
71.248,-0.5976,9.3640,1.9319
71.258,-0.5976,9.3640,1.9319
71.267,-0.5906,9.3640,1.9286
71.276,-0.5906,9.3640,1.9286
71.284,-0.5906,9.3640,1.9286
71.292,-0.5836,9.3640,1.9256
71.301,-0.5836,9.3640,1.9256
71.308,-0.5766,9.3640,1.9228
71.317,-0.5766,9.3640,1.9228
71.325,-0.5696,9.3640,1.9203
71.334,-0.5696,9.3640,1.9203
71.342,-0.5696,9.3640,1.9203
71.351,-0.5626,9.3640,1.9180
71.360,-0.5626,9.3640,1.9180
71.369,-0.5556,9.3640,1.9158
71.377,-0.5556,9.3640,1.9158
71.385,-0.5486,9.3640,1.9150
71.393,-0.5486,9.3640,1.9150
71.402,-0.5486,9.3640,1.9150
71.409,-0.5416,9.3640,1.9142
71.419,-0.5416,9.3640,1.9142
71.425,-0.5346,9.3640,1.9134
71.435,-0.5346,9.3640,1.9134
71.443,-0.5346,9.3640,1.9134
71.451,-0.5276,9.3640,1.9127
71.460,-0.5276,9.3640,1.9127
71.468,-0.5206,9.3640,1.9119
71.477,-0.5206,9.3640,1.9119
71.483,-0.5206,9.3640,1.9119
71.492,-0.5136,9.3640,1.9113
71.502,-0.5136,9.3640,1.9113
71.510,-0.5066,9.3640,1.9106
71.518,-0.5066,9.3640,1.9106
71.526,-0.4996,9.3640,1.9100
71.536,-0.4996,9.3640,1.9100
71.544,-0.4926,9.3640,1.9095
71.553,-0.4926,9.3640,1.9095
71.561,-0.4926,9.3640,1.9095
71.569,-0.4856,9.3640,1.9090
71.578,-0.4856,9.3640,1.9090
71.586,-0.4786,9.3640,1.9086
71.596,-0.4786,9.3640,1.9086
71.604,-0.4786,9.3640,1.9086
71.612,-0.4716,9.3640,1.9084
71.621,-0.4716,9.3640,1.9084
71.629,-0.4646,9.3640,1.9084
71.639,-0.4646,9.3640,1.9084
71.647,-0.4576,9.3640,1.9084
71.655,-0.4576,9.3640,1.9084
71.663,-0.4576,9.3640,1.9084
71.670,-0.4506,9.3640,1.9084
71.680,-0.4506,9.3640,1.9084
71.687,-0.4436,9.3640,1.9084
71.695,-0.4436,9.3640,1.9084
71.703,-0.4436,9.3640,1.9084
71.711,-0.4366,9.3640,1.9084
71.719,-0.4366,9.3640,1.9084
71.727,-0.4296,9.3640,1.9084
71.736,-0.4296,9.3640,1.9084
71.745,-0.4226,9.3640,1.9084
71.754,-0.4226,9.3640,1.9084
71.761,-0.4226,9.3640,1.9084
71.769,-0.4156,9.3640,1.9084
71.778,-0.4156,9.3640,1.9084
71.787,-0.4086,9.3640,1.9084
71.797,-0.4086,9.3640,1.9084
71.805,-0.4016,9.3640,1.9084
71.814,-0.4016,9.3640,1.9084
71.821,-0.4016,9.3640,1.9084
71.829,-0.3946,9.3640,1.9084
71.838,-0.3946,9.3640,1.9084
71.846,-0.3876,9.3640,1.9084
71.854,-0.3876,9.3640,1.9084
71.863,-0.3876,9.3640,1.9084
71.871,-0.3806,9.3640,1.9084
71.880,-0.3806,9.3640,1.9084
71.887,-0.3736,9.3640,1.9084
71.897,-0.3736,9.3640,1.9084
71.905,-0.3666,9.3640,1.9084
71.914,-0.3666,9.3640,1.9084
71.921,-0.3666,9.3640,1.9084
71.930,-0.3596,9.3640,1.9084
71.938,-0.3596,9.3640,1.9084
71.947,-0.3526,9.3640,1.9084
71.955,-0.3526,9.3640,1.9084
71.964,-0.3526,9.3640,1.9084
71.971,-0.3456,9.3640,1.9084
71.979,-0.3456,9.3640,1.9084
71.989,-0.3386,9.3640,1.9087
71.999,-0.3386,9.3640,1.9087
72.008,-0.3316,9.3640,1.9090
72.018,-0.3316,9.3640,1.9090
72.025,-0.3246,9.3640,1.9095
72.035,-0.3246,9.3640,1.9095
72.042,-0.3246,9.3640,1.9095
72.050,-0.3176,9.3640,1.9100
72.058,-0.3176,9.3640,1.9100
72.067,-0.3106,9.3640,1.9105
72.075,-0.3106,9.3640,1.9105
72.084,-0.3106,9.3640,1.9105
72.091,-0.3036,9.3640,1.9111
72.103,-0.3036,9.3640,1.9111
72.111,-0.2966,9.3640,1.9117
72.119,-0.2966,9.3640,1.9117
72.127,-0.2896,9.3640,1.9123
72.138,-0.2896,9.3640,1.9123
72.147,-0.2826,9.3640,1.9129
72.155,-0.2826,9.3640,1.9129
72.163,-0.2826,9.3640,1.9129
72.172,-0.2756,9.3640,1.9135
72.180,-0.2756,9.3640,1.9135
72.188,-0.2686,9.3640,1.9141
72.198,-0.2686,9.3640,1.9141
72.205,-0.2616,9.3640,1.9148
72.215,-0.2616,9.3640,1.9148
72.223,-0.2616,9.3640,1.9148
72.233,-0.2546,9.3640,1.9154
72.241,-0.2546,9.3640,1.9154
72.250,-0.2476,9.3640,1.9161
72.259,-0.2476,9.3640,1.9161
72.268,-0.2406,9.3640,1.9168
72.277,-0.2406,9.3640,1.9168
72.285,-0.2336,9.3640,1.9175
72.296,-0.2336,9.3640,1.9175
72.303,-0.2336,9.3640,1.9175
72.313,-0.2266,9.3640,1.9183
72.323,-0.2266,9.3640,1.9183
72.331,-0.2196,9.3640,1.9190
72.342,-0.2196,9.3640,1.9190
72.350,-0.2126,9.3640,1.9198
72.359,-0.2126,9.3640,1.9198
72.368,-0.2056,9.3640,1.9206
72.377,-0.2056,9.3640,1.9206
72.385,-0.1986,9.3640,1.9214
72.393,-0.1986,9.3640,1.9214
72.402,-0.1986,9.3640,1.9214
72.409,-0.1916,9.3640,1.9222
72.419,-0.1916,9.3640,1.9222
72.426,-0.1846,9.3640,1.9230
72.436,-0.1846,9.3640,1.9230
72.444,-0.1846,9.3640,1.9230
72.452,-0.1776,9.3640,1.9252
72.461,-0.1776,9.3640,1.9252
72.469,-0.1706,9.3640,1.9274
72.478,-0.1706,9.3640,1.9274
72.486,-0.1636,9.3640,1.9297
72.496,-0.1636,9.3640,1.9297
72.504,-0.1566,9.3640,1.9320
72.514,-0.1566,9.3640,1.9320
72.522,-0.1566,9.3640,1.9320
72.532,-0.1496,9.3640,1.9343
72.541,-0.1496,9.3640,1.9343
72.549,-0.1426,9.3640,1.9366
72.558,-0.1426,9.3640,1.9366
72.566,-0.1356,9.3640,1.9389
72.574,-0.1356,9.3640,1.9389
72.582,-0.1356,9.3640,1.9389
72.591,-0.1286,9.3640,1.9413
72.600,-0.1286,9.3640,1.9413
72.607,-0.1216,9.3640,1.9436
72.616,-0.1216,9.3640,1.9436
72.622,-0.1216,9.3640,1.9436
72.630,-0.1146,9.3640,1.9460
72.639,-0.1146,9.3640,1.9460
72.647,-0.1076,9.3640,1.9483
72.655,-0.1076,9.3640,1.9483
72.663,-0.1076,9.3640,1.9483
72.669,-0.1006,9.3640,1.9507
72.678,-0.1006,9.3640,1.9507
72.685,-0.0936,9.3640,1.9530
72.692,-0.0936,9.3640,1.9530
72.702,-0.0936,9.3640,1.9530
72.709,-0.0866,9.3640,1.9554
72.717,-0.0866,9.3640,1.9554
72.724,-0.0866,9.3640,1.9554
72.732,-0.0796,9.3640,1.9577
72.741,-0.0796,9.3640,1.9577
72.747,-0.0726,9.3640,1.9601
72.755,-0.0726,9.3640,1.9601
72.763,-0.0726,9.3640,1.9601
72.770,-0.0656,9.3640,1.9624
72.779,-0.0656,9.3640,1.9624
72.786,-0.0586,9.3640,1.9647
72.795,-0.0586,9.3640,1.9647
72.803,-0.0586,9.3640,1.9647
72.810,-0.0516,9.3640,1.9670
72.819,-0.0516,9.3640,1.9670
72.826,-0.0446,9.3640,1.9693
72.836,-0.0446,9.3640,1.9693
72.843,-0.0446,9.3640,1.9693
72.850,-0.0376,9.3640,1.9716
72.859,-0.0376,9.3640,1.9716
72.867,-0.0306,9.3640,1.9739
72.875,-0.0306,9.3640,1.9739
72.882,-0.0306,9.3640,1.9739
72.889,-0.0236,9.3640,1.9761
72.899,-0.0236,9.3640,1.9761
72.906,-0.0166,9.3640,1.9784
72.915,-0.0166,9.3640,1.9784
72.922,-0.0166,9.3640,1.9784
72.930,-0.0096,9.3640,1.9807
72.937,-0.0096,9.3640,1.9807
72.945,-0.0026,9.3640,1.9830
72.953,-0.0026,9.3640,1.9830
72.960,-0.0026,9.3640,1.9830
72.968,0.0044,9.3640,1.9852
72.978,0.0044,9.3640,1.9852
72.985,0.0114,9.3640,1.9875
72.994,0.0114,9.3640,1.9875
73.002,0.0114,9.3640,1.9875
73.010,0.0184,9.3640,1.9897
73.019,0.0184,9.3640,1.9897
73.026,0.0254,9.3640,1.9919
73.035,0.0254,9.3640,1.9919
73.043,0.0254,9.3640,1.9919
73.050,0.0324,9.3640,1.9941
73.069,0.0394,9.3640,1.9963
73.080,0.0394,9.3640,1.9963
73.087,0.0464,9.3640,1.9971
73.096,0.0464,9.3640,1.9971
73.104,0.0534,9.3640,1.9979
73.114,0.0534,9.3640,1.9979
73.121,0.0534,9.3640,1.9979
73.130,0.0604,9.3640,1.9987
73.138,0.0604,9.3640,1.9987
73.146,0.0674,9.3640,1.9994
73.154,0.0674,9.3640,1.9994
73.162,0.0674,9.3640,1.9994
73.169,0.0744,9.3640,2.0002
73.178,0.0744,9.3640,2.0002
73.184,0.0814,9.3640,2.0010
73.193,0.0814,9.3640,2.0010
73.201,0.0814,9.3640,2.0010
73.208,0.0884,9.3640,2.0017
73.217,0.0884,9.3640,2.0017
73.225,0.0954,9.3640,2.0024
73.233,0.0954,9.3640,2.0024
73.241,0.0954,9.3640,2.0024
73.248,0.1024,9.3640,2.0032
73.257,0.1024,9.3640,2.0032
73.265,0.1094,9.3640,2.0039
73.274,0.1094,9.3640,2.0039
73.282,0.1094,9.3640,2.0039
73.289,0.1164,9.3640,2.0046
73.299,0.1164,9.3640,2.0046
73.306,0.1234,9.3640,2.0052
73.316,0.1234,9.3640,2.0052
73.322,0.1234,9.3640,2.0052
73.329,0.1304,9.3640,2.0058
73.337,0.1304,9.3640,2.0058
73.345,0.1374,9.3640,2.0065
73.353,0.1374,9.3640,2.0065
73.361,0.1374,9.3640,2.0065
73.369,0.1444,9.3640,2.0070
73.379,0.1444,9.3640,2.0070
73.386,0.1514,9.3640,2.0075
73.397,0.1514,9.3640,2.0075
73.404,0.1584,9.3640,2.0080
73.414,0.1584,9.3640,2.0080
73.422,0.1584,9.3640,2.0080
73.430,0.1654,9.3640,2.0084
73.440,0.1654,9.3640,2.0084
73.448,0.1724,9.3640,2.0088
73.457,0.1724,9.3640,2.0088
73.466,0.1794,9.3640,2.0092
73.475,0.1794,9.3640,2.0092
73.483,0.1794,9.3640,2.0092
73.491,0.1864,9.3640,2.0095
73.501,0.1864,9.3640,2.0095
73.509,0.1934,9.3640,2.0097
73.518,0.1934,9.3640,2.0097
73.526,0.2004,9.3640,2.0097
73.536,0.2004,9.3640,2.0097
73.543,0.2004,9.3640,2.0097
73.551,0.2074,9.3640,2.0097
73.561,0.2074,9.3640,2.0097
73.569,0.2144,9.3640,2.0097
73.580,0.2144,9.3640,2.0097
73.588,0.2214,9.3640,2.0097
73.599,0.2214,9.3640,2.0097
73.608,0.2284,9.3640,2.0097
73.618,0.2284,9.3640,2.0097
73.627,0.2354,9.3640,2.0097
73.636,0.2354,9.3640,2.0097
73.645,0.2424,9.3640,2.0097
73.655,0.2424,9.3640,2.0097
73.663,0.2424,9.3640,2.0097
73.671,0.2494,9.3640,2.0097
73.681,0.2494,9.3640,2.0097
73.689,0.2564,9.3640,2.0097
73.699,0.2564,9.3640,2.0097
73.707,0.2634,9.3640,2.0097
73.716,0.2634,9.3640,2.0097
73.723,0.2634,9.3640,2.0097
73.732,0.2704,9.3640,2.0097
73.741,0.2704,9.3640,2.0097
73.749,0.2774,9.3640,2.0097
73.758,0.2774,9.3640,2.0097
73.767,0.2844,9.3640,2.0097
73.777,0.2844,9.3640,2.0097
73.786,0.2914,9.3640,2.0097
73.796,0.2914,9.3640,2.0097
73.805,0.2984,9.3640,2.0097
73.814,0.2984,9.3640,2.0097
73.821,0.2984,9.3640,2.0097
73.830,0.3054,9.3640,2.0097
73.838,0.3054,9.3640,2.0097
73.846,0.3124,9.3640,2.0097
73.853,0.3124,9.3640,2.0097
73.861,0.3124,9.3640,2.0097
73.869,0.3194,9.3640,2.0097
73.878,0.3194,9.3640,2.0097
73.886,0.3264,9.3640,2.0097
73.895,0.3264,9.3640,2.0097
73.903,0.3264,9.3640,2.0097
73.911,0.3334,9.3640,2.0097
73.919,0.3334,9.3640,2.0097
73.926,0.3404,9.3640,2.0097
73.935,0.3404,9.3640,2.0097
73.943,0.3404,9.3640,2.0097
73.951,0.3474,9.3640,2.0097
73.958,0.3474,9.3640,2.0097
73.966,0.3544,9.3640,2.0097
73.974,0.3544,9.3640,2.0097
73.982,0.3544,9.3640,2.0097
73.988,0.3614,9.3640,2.0097
73.998,0.3614,9.3640,2.0097
74.005,0.3684,9.3640,2.0097
74.014,0.3684,9.3640,2.0097
74.020,0.3684,9.3640,2.0097
74.028,0.3754,9.3640,2.0097
74.035,0.3754,9.3640,2.0097
74.044,0.3824,9.3640,2.0097
74.052,0.3824,9.3640,2.0097
74.060,0.3824,9.3640,2.0097
74.068,0.3894,9.3640,2.0097
74.076,0.3894,9.3640,2.0097
74.083,0.3894,9.3640,2.0097
74.091,0.3964,9.3640,2.0097
74.102,0.3964,9.3640,2.0097
74.109,0.4034,9.3640,2.0097
74.117,0.4034,9.3640,2.0097
74.124,0.4104,9.3640,2.0097
74.134,0.4104,9.3640,2.0097
74.140,0.4104,9.3640,2.0097
74.149,0.4174,9.3640,2.0097
74.156,0.4174,9.3640,2.0097
74.165,0.4244,9.3640,2.0097
74.172,0.4244,9.3640,2.0097
74.180,0.4244,9.3640,2.0097
74.187,0.4314,9.3640,2.0097
74.196,0.4314,9.3640,2.0097
74.203,0.4314,9.3640,2.0097
74.210,0.4384,9.3640,2.0097
74.219,0.4384,9.3640,2.0097
74.227,0.4454,9.3640,2.0097
74.235,0.4454,9.3640,2.0097
74.243,0.4454,9.3640,2.0097
74.251,0.4524,9.3640,2.0097
74.259,0.4524,9.3640,2.0097
74.266,0.4594,9.3640,2.0097
74.274,0.4594,9.3640,2.0097
74.282,0.4594,9.3640,2.0097
74.289,0.4664,9.3640,2.0097
74.298,0.4664,9.3640,2.0097
74.306,0.4734,9.3640,2.0097
74.315,0.4734,9.3640,2.0097
74.322,0.4734,9.3640,2.0097
74.330,0.4804,9.3640,2.0097
74.339,0.4804,9.3640,2.0097
74.346,0.4874,9.3640,2.0097
74.354,0.4874,9.3640,2.0097
74.361,0.4874,9.3640,2.0097
74.369,0.4944,9.3640,2.0097
74.379,0.4944,9.3640,2.0097
74.386,0.5014,9.3640,2.0097
74.395,0.5014,9.3640,2.0097
74.403,0.5014,9.3640,2.0097
74.411,0.5084,9.3640,2.0097
74.420,0.5084,9.3640,2.0097
74.428,0.5154,9.3640,2.0097
74.436,0.5154,9.3640,2.0097
74.444,0.5154,9.3640,2.0097
74.451,0.5224,9.3640,2.0097
74.459,0.5224,9.3640,2.0097
74.468,0.5294,9.3640,2.0097
74.477,0.5294,9.3640,2.0097
74.484,0.5364,9.3640,2.0097
74.492,0.5364,9.3640,2.0097
74.500,0.5364,9.3640,2.0097
74.507,0.5434,9.3640,2.0097
74.514,0.5434,9.3640,2.0097
74.522,0.5434,9.3640,2.0097
74.530,0.5504,9.3640,2.0097
74.539,0.5504,9.3640,2.0097
74.546,0.5574,9.3640,2.0097
74.555,0.5574,9.3640,2.0097
74.563,0.5574,9.3640,2.0097
74.570,0.5644,9.3640,2.0097
74.580,0.5644,9.3640,2.0097
74.587,0.5714,9.3640,2.0097
74.595,0.5714,9.3640,2.0097
74.603,0.5714,9.3640,2.0097
74.610,0.5784,9.3640,2.0097
74.619,0.5784,9.3640,2.0097
74.626,0.5854,9.3640,2.0097
74.635,0.5854,9.3640,2.0097
74.644,0.5924,9.3640,2.0097
74.653,0.5924,9.3640,2.0097
74.662,0.5924,9.3640,2.0097
74.669,0.5994,9.3640,2.0097
74.680,0.5994,9.3640,2.0097
74.687,0.6064,9.3640,2.0097
74.697,0.6064,9.3640,2.0097
74.705,0.6134,9.3640,2.0097
74.714,0.6134,9.3640,2.0097
74.721,0.6134,9.3640,2.0097
74.730,0.6204,9.3640,2.0097
74.739,0.6204,9.3640,2.0097
74.747,0.6274,9.3640,2.0097
74.755,0.6274,9.3640,2.0097
74.764,0.6344,9.3640,2.0097
74.773,0.6344,9.3640,2.0097
74.781,0.6344,9.3640,2.0097
74.788,0.6414,9.3640,2.0097
74.798,0.6414,9.3640,2.0097
74.806,0.6484,9.3640,2.0097
74.816,0.6484,9.3640,2.0097
74.823,0.6484,9.3640,2.0097
74.832,0.6554,9.3640,2.0097
74.842,0.6554,9.3640,2.0097
74.850,0.6624,9.3640,2.0097
74.861,0.6624,9.3640,2.0097
74.869,0.6694,9.3640,2.0097
74.879,0.6694,9.3640,2.0097
74.887,0.6764,9.3640,2.0097
74.896,0.6764,9.3640,2.0097
74.904,0.6834,9.3640,2.0097
74.914,0.6834,9.3640,2.0097
74.922,0.6834,9.3640,2.0097
74.930,0.6904,9.3640,2.0097
74.939,0.6904,9.3640,2.0097
74.947,0.6974,9.3640,2.0097
74.955,0.6974,9.3640,2.0097
74.964,0.7044,9.3640,2.0097
74.973,0.7044,9.3640,2.0097
74.982,0.7044,9.3640,2.0097
74.990,0.7114,9.3640,2.0097
75.001,0.7114,9.3640,2.0097
75.009,0.7184,9.3640,2.0097
75.019,0.7184,9.3640,2.0097
75.028,0.7254,9.3640,2.0097
75.038,0.7254,9.3640,2.0097
75.047,0.7324,9.3640,2.0097
75.056,0.7324,9.3640,2.0097
75.067,0.7394,9.3640,2.0097
75.077,0.7394,9.3640,2.0097
75.085,0.7464,9.3640,2.0097
75.095,0.7464,9.3640,2.0097
75.101,0.7464,9.3640,2.0097
75.110,0.7534,9.3640,2.0097
75.118,0.7534,9.3640,2.0097
75.126,0.7604,9.3640,2.0097
75.136,0.7604,9.3640,2.0097
75.143,0.7604,9.3640,2.0097
75.151,0.7674,9.3640,2.0097
75.160,0.7674,9.3640,2.0097
75.168,0.7744,9.3640,2.0097
75.176,0.7744,9.3640,2.0097
75.183,0.7744,9.3640,2.0097
75.190,0.7814,9.3640,2.0097
75.201,0.7814,9.3640,2.0097
75.208,0.7884,9.3640,2.0097
75.217,0.7884,9.3640,2.0097
75.224,0.7954,9.3640,2.0097
75.234,0.7954,9.3640,2.0097
75.241,0.7954,9.3640,2.0097
75.249,0.8024,9.3640,2.0097
75.257,0.8024,9.3640,2.0097
75.266,0.8094,9.3640,2.0097
75.274,0.8094,9.3640,2.0097
75.282,0.8094,9.3640,2.0097
75.289,0.8164,9.3640,2.0097
75.299,0.8164,9.3640,2.0097
75.306,0.8234,9.3640,2.0097
75.322,0.8234,9.3640,2.0097
75.334,0.8304,9.3640,2.0097
75.346,0.8374,9.3640,2.0097
75.358,0.8374,9.3640,2.0097
75.374,0.8444,9.3640,2.0097
75.384,0.8444,9.3640,2.0097
75.390,0.8514,9.3640,2.0097
75.401,0.8514,9.3640,2.0097
75.407,0.8584,9.3640,2.0097
75.417,0.8584,9.3640,2.0097
75.423,0.8584,9.3640,2.0097
75.434,0.8654,9.3640,2.0097
75.443,0.8654,9.3640,2.0097
75.451,0.8724,9.3640,2.0097
75.459,0.8724,9.3640,2.0097
75.467,0.8794,9.3640,2.0097
75.476,0.8794,9.3640,2.0097
75.483,0.8794,9.3640,2.0097
75.491,0.8864,9.3640,2.0097
75.499,0.8864,9.3640,2.0097
75.507,0.8934,9.3640,2.0097
75.515,0.8934,9.3640,2.0097
75.522,0.8934,9.3640,2.0097
75.530,0.9004,9.3640,2.0097
75.538,0.9004,9.3640,2.0097
75.545,0.9074,9.3640,2.0097
75.554,0.9074,9.3640,2.0097
75.561,0.9074,9.3640,2.0097
75.570,0.9144,9.3640,2.0097
75.578,0.9144,9.3640,2.0097
75.587,0.9214,9.3640,2.0097
75.605,0.9284,9.3640,2.0097
75.616,0.9284,9.3640,2.0097
75.623,0.9284,9.3640,2.0097
75.632,0.9354,9.3640,2.0097
75.641,0.9354,9.3640,2.0097
75.650,0.9424,9.3640,2.0097
75.660,0.9424,9.3640,2.0097
75.669,0.9494,9.3640,2.0097
75.679,0.9494,9.3640,2.0097
75.687,0.9564,9.3640,2.0097
75.698,0.9564,9.3640,2.0097
75.705,0.9634,9.3640,2.0097
75.715,0.9634,9.3640,2.0097
75.723,0.9634,9.3640,2.0097
75.732,0.9704,9.3640,2.0097
75.741,0.9704,9.3640,2.0097
75.748,0.9774,9.3640,2.0097
75.756,0.9774,9.3640,2.0097
75.764,0.9844,9.3640,2.0097
75.773,0.9844,9.3640,2.0097
75.781,0.9844,9.3640,2.0097
75.788,0.9914,9.3640,2.0097
75.798,0.9914,9.3640,2.0097
75.805,0.9984,9.3640,2.0097
75.814,0.9984,9.3640,2.0097
75.821,0.9984,9.3640,2.0097
75.829,1.0054,9.3640,2.0097
75.838,1.0054,9.3640,2.0097
75.845,1.0124,9.3640,2.0097
75.853,1.0124,9.3640,2.0097
75.862,1.0124,9.3640,2.0097
75.869,1.0194,9.3640,2.0097
75.877,1.0194,9.3640,2.0097
75.885,1.0264,9.3640,2.0097
75.892,1.0264,9.3640,2.0097
75.901,1.0264,9.3640,2.0097
75.909,1.0334,9.3640,2.0097
75.918,1.0334,9.3640,2.0097
75.926,1.0404,9.3640,2.0097
75.935,1.0404,9.3640,2.0097
75.945,1.0474,9.3640,2.0097
75.953,1.0474,9.3640,2.0097
75.962,1.0474,9.3640,2.0097
75.970,1.0544,9.3640,2.0097
75.980,1.0544,9.3640,2.0097
75.989,1.0614,9.3640,2.0097
75.998,1.0614,9.3640,2.0097
76.006,1.0684,9.3640,2.0097
76.015,1.0684,9.3640,2.0097
76.024,1.0684,9.3640,2.0097
76.032,1.0754,9.3640,2.0097
76.041,1.0754,9.3640,2.0097
76.049,1.0824,9.3640,2.0097
76.058,1.0824,9.3640,2.0097
76.067,1.0894,9.3640,2.0097
76.076,1.0894,9.3640,2.0097
76.084,1.0964,9.3640,2.0097
76.093,1.0964,9.3640,2.0097
76.103,1.0964,9.3640,2.0097
76.112,1.1034,9.3640,2.0097
76.122,1.1034,9.3640,2.0097
76.131,1.1104,9.3640,2.0097
76.140,1.1104,9.3640,2.0097
76.149,1.1174,9.3640,2.0097
76.159,1.1174,9.3640,2.0097
76.167,1.1244,9.3640,2.0097
76.176,1.1244,9.3640,2.0097
76.185,1.1314,9.3640,2.0097
76.194,1.1314,9.3640,2.0097
76.202,1.1314,9.3640,2.0097
76.212,1.1384,9.3640,2.0097
76.221,1.1384,9.3640,2.0097
76.229,1.1454,9.3640,2.0097
76.239,1.1454,9.3640,2.0097
76.247,1.1524,9.3640,2.0097
76.255,1.1524,9.3640,2.0097
76.264,1.1524,9.3640,2.0097
76.272,1.1594,9.3640,2.0097
76.282,1.1594,9.3640,2.0097
76.289,1.1664,9.3640,2.0097
76.299,1.1664,9.3640,2.0097
76.307,1.1734,9.3640,2.0097
76.317,1.1734,9.3640,2.0097
76.325,1.1804,9.3640,2.0097
76.334,1.1804,9.3640,2.0097
76.342,1.1804,9.3640,2.0097
76.350,1.1874,9.3640,2.0097
76.359,1.1874,9.3640,2.0097
76.367,1.1944,9.3640,2.0097
76.375,1.1944,9.3640,2.0097
76.383,1.1944,9.3640,2.0097
76.391,1.2014,9.3640,2.0097
76.401,1.2014,9.3640,2.0097
76.408,1.2084,9.3640,2.0097
76.417,1.2084,9.3640,2.0097
76.424,1.2154,9.3640,2.0097
76.434,1.2154,9.3640,2.0097
76.441,1.2154,9.3640,2.0097
76.449,1.2224,9.3640,2.0097
76.457,1.2224,9.3640,2.0097
76.467,1.2294,9.3640,2.0097
76.475,1.2294,9.3640,2.0097
76.483,1.2294,9.3640,2.0097
76.491,1.2364,9.3640,2.0097
76.500,1.2364,9.3640,2.0097
76.508,1.2434,9.3640,2.0097
76.517,1.2434,9.3640,2.0097
76.525,1.2504,9.3640,2.0097
76.535,1.2504,9.3640,2.0097
76.542,1.2504,9.3640,2.0097
76.549,1.2574,9.3640,2.0097
76.557,1.2574,9.3640,2.0097
76.567,1.2644,9.3640,2.0097
76.575,1.2644,9.3640,2.0097
76.584,1.2714,9.3640,2.0097
76.592,1.2714,9.3640,2.0097
76.600,1.2714,9.3640,2.0097
76.608,1.2784,9.3640,2.0097
76.618,1.2784,9.3640,2.0097
76.626,1.2854,9.3640,2.0097
76.636,1.2854,9.3640,2.0097
76.644,1.2924,9.3640,2.0097
76.653,1.2924,9.3640,2.0097
76.662,1.2924,9.3640,2.0097
76.670,1.2994,9.3640,2.0097
76.680,1.2994,9.3640,2.0097
76.688,1.3064,9.3640,2.0097
76.698,1.3064,9.3640,2.0097
76.705,1.3134,9.3640,2.0097
76.716,1.3134,9.3640,2.0097
76.723,1.3134,9.3640,2.0097
76.731,1.3204,9.3640,2.0097
76.740,1.3204,9.3640,2.0097
76.748,1.3274,9.3640,2.0097
76.757,1.3274,9.3640,2.0097
76.766,1.3344,9.3640,2.0097
76.775,1.3344,9.3640,2.0097
76.782,1.3344,9.3640,2.0097
76.791,1.3414,9.3640,2.0097
76.802,1.3414,9.3640,2.0097
76.811,1.3484,9.3640,2.0097
76.820,1.3484,9.3640,2.0097
76.828,1.3554,9.3640,2.0097
76.837,1.3554,9.3640,2.0097
76.845,1.3624,9.3640,2.0097
76.854,1.3624,9.3640,2.0097
76.862,1.3624,9.3640,2.0097
76.869,1.3694,9.3640,2.0097
76.880,1.3694,9.3640,2.0097
76.887,1.3764,9.3640,2.0097
76.896,1.3764,9.3640,2.0097
76.905,1.3834,9.3640,2.0097
76.915,1.3834,9.3640,2.0097
76.922,1.3834,9.3640,2.0097
76.931,1.3904,9.3640,2.0097
76.940,1.3904,9.3640,2.0097
76.949,1.3974,9.3640,2.0097
76.957,1.3974,9.3640,2.0097
76.966,1.4044,9.3640,2.0097
76.974,1.4044,9.3640,2.0097
76.982,1.4044,9.3640,2.0097
76.989,1.4114,9.3640,2.0097
77.000,1.4114,9.3640,2.0097
77.007,1.4184,9.3640,2.0097
77.015,1.4184,9.3640,2.0097
77.023,1.4184,9.3640,2.0097
77.031,1.4254,9.3640,2.0097
77.040,1.4254,9.3640,2.0097
77.047,1.4324,9.3640,2.0097
77.056,1.4324,9.3640,2.0097
77.066,1.4394,9.3640,2.0097
77.073,1.4394,9.3640,2.0097
77.081,1.4394,9.3640,2.0097
77.088,1.4464,9.3640,2.0097
77.098,1.4464,9.3640,2.0097
77.105,1.4534,9.3640,2.0097
77.113,1.4534,9.3640,2.0097
77.122,1.4534,9.3640,2.0097
77.129,1.4604,9.3640,2.0097
77.136,1.4604,9.3640,2.0097
77.145,1.4674,9.3640,2.0097
77.153,1.4674,9.3640,2.0097
77.161,1.4674,9.3640,2.0097
77.169,1.4744,9.3640,2.0097
77.178,1.4744,9.3640,2.0097
77.185,1.4814,9.3640,2.0097
77.194,1.4814,9.3640,2.0097
77.202,1.4814,9.3640,2.0097
77.210,1.4884,9.3640,2.0097
77.219,1.4884,9.3640,2.0097
77.228,1.4954,9.3640,2.0097
77.239,1.4954,9.3640,2.0097
77.247,1.5024,9.3640,2.0097
77.255,1.5024,9.3640,2.0097
77.263,1.5024,9.3640,2.0097
77.272,1.5094,9.3640,2.0097
77.280,1.5094,9.3640,2.0097
77.288,1.5164,9.3640,2.0097
77.298,1.5164,9.3640,2.0097
77.306,1.5234,9.3640,2.0097
77.315,1.5234,9.3640,2.0097
77.322,1.5234,9.3640,2.0097
77.332,1.5304,9.3640,2.0097
77.340,1.5304,9.3640,2.0097
77.349,1.5374,9.3640,2.0097
77.357,1.5374,9.3640,2.0097
77.366,1.5444,9.3640,2.0097
77.374,1.5444,9.3640,2.0097
77.392,1.5514,9.3640,2.0097
77.403,1.5514,9.3640,2.0097
77.411,1.5584,9.3640,2.0097
77.421,1.5584,9.3640,2.0097
77.431,1.5654,9.3640,2.0097
77.439,1.5654,9.3640,2.0097
77.448,1.5724,9.3640,2.0097
77.456,1.5724,9.3640,2.0097
77.465,1.5794,9.3640,2.0097
77.474,1.5794,9.3640,2.0097
77.483,1.5794,9.3640,2.0097
77.491,1.5864,9.3640,2.0097
77.500,1.5864,9.3640,2.0097
77.509,1.5934,9.3640,2.0097
77.518,1.5934,9.3640,2.0097
77.526,1.6004,9.3640,2.0097
77.535,1.6004,9.3640,2.0097
77.544,1.6074,9.3640,2.0097
77.553,1.6074,9.3640,2.0097
77.562,1.6074,9.3640,2.0097
77.570,1.6144,9.3640,2.0097
77.579,1.6144,9.3640,2.0097
77.587,1.6214,9.3640,2.0097
77.596,1.6214,9.3640,2.0097
77.604,1.6284,9.3640,2.0097
77.615,1.6284,9.3640,2.0097
77.624,1.6284,9.3640,2.0097
77.633,1.6354,9.3640,2.0097
77.642,1.6354,9.3640,2.0097
77.650,1.6424,9.3640,2.0097
77.657,1.6424,9.3640,2.0097
77.666,1.6494,9.3640,2.0097
77.676,1.6494,9.3640,2.0097
77.684,1.6494,9.3640,2.0097
77.691,1.6564,9.3640,2.0097
77.702,1.6564,9.3640,2.0097
77.710,1.6634,9.3640,2.0097
77.718,1.6634,9.3640,2.0097
77.726,1.6704,9.3640,2.0097
77.736,1.6704,9.3640,2.0097
77.744,1.6704,9.3640,2.0097
77.752,1.6774,9.3640,2.0097
77.762,1.6774,9.3640,2.0097
77.771,1.6844,9.3640,2.0097
77.780,1.6844,9.3640,2.0097
77.788,1.6914,9.3640,2.0097
77.797,1.6914,9.3640,2.0097
77.805,1.6984,9.3640,2.0097
77.816,1.6984,9.3640,2.0097
77.824,1.6984,9.3640,2.0097
77.833,1.7054,9.3640,2.0097
77.842,1.7054,9.3640,2.0097
77.851,1.7124,9.3640,2.0097
77.859,1.7124,9.3640,2.0097
77.868,1.7194,9.3640,2.0097
77.879,1.7194,9.3640,2.0097
77.886,1.7264,9.3640,2.0097
77.896,1.7264,9.3640,2.0097
77.904,1.7334,9.3640,2.0097
77.914,1.7334,9.3640,2.0097
77.922,1.7334,9.3640,2.0097
77.930,1.7404,9.3640,2.0097
77.939,1.7404,9.3640,2.0097
77.947,1.7474,9.3640,2.0097
77.955,1.7474,9.3640,2.0097
77.963,1.7474,9.3640,2.0097
77.971,1.7544,9.3640,2.0097
77.980,1.7544,9.3640,2.0097
77.986,1.7614,9.3640,2.0097
77.996,1.7614,9.3640,2.0097
78.004,1.7614,9.3640,2.0097
78.012,1.7684,9.3640,2.0097
78.020,1.7684,9.3640,2.0097
78.028,1.7754,9.3640,2.0097
78.037,1.7754,9.3640,2.0097
78.046,1.7824,9.3640,2.0097
78.055,1.7824,9.3640,2.0097
78.063,1.7824,9.3640,2.0097
78.071,1.7894,9.3640,2.0097
78.080,1.7894,9.3640,2.0097
78.088,1.7964,9.3640,2.0097
78.096,1.7964,9.3640,2.0097
78.104,1.8034,9.3640,2.0097
78.114,1.8034,9.3640,2.0097
78.122,1.8034,9.3640,2.0097
78.132,1.8104,9.3640,2.0097
78.141,1.8104,9.3640,2.0097
78.150,1.8174,9.3640,2.0097
78.157,1.8174,9.3640,2.0097
78.166,1.8244,9.3640,2.0097
78.175,1.8244,9.3640,2.0097
78.184,1.8244,9.3640,2.0097
78.190,1.8314,9.3640,2.0097
78.201,1.8314,9.3640,2.0097
78.209,1.8384,9.3640,2.0097
78.218,1.8384,9.3640,2.0097
78.226,1.8454,9.3640,2.0097
78.236,1.8454,9.3640,2.0097
78.245,1.8524,9.3640,2.0097
78.252,1.8524,9.3640,2.0097
78.261,1.8524,9.3640,2.0097
78.269,1.8594,9.3640,2.0097
78.279,1.8594,9.3640,2.0097
78.287,1.8664,9.3640,2.0097
78.296,1.8664,9.3640,2.0097
78.304,1.8734,9.3640,2.0097
78.314,1.8734,9.3640,2.0097
78.322,1.8734,9.3640,2.0097
78.330,1.8804,9.3640,2.0097
78.339,1.8804,9.3640,2.0097
78.347,1.8874,9.3640,2.0097
78.356,1.8874,9.3640,2.0097
78.364,1.8944,9.3640,2.0097
78.374,1.8944,9.3640,2.0097
78.382,1.8944,9.3640,2.0097
78.391,1.9014,9.3640,2.0097
78.400,1.9014,9.3640,2.0097
78.408,1.9084,9.3640,2.0097
78.417,1.9084,9.3640,2.0097
78.425,1.9154,9.3640,2.0097
78.435,1.9154,9.3640,2.0097
78.444,1.9224,9.3640,2.0097
78.454,1.9224,9.3640,2.0097
78.463,1.9224,9.3640,2.0097
78.472,1.9294,9.3640,2.0097
78.483,1.9294,9.3640,2.0097
78.491,1.9364,9.3640,2.0097
78.501,1.9364,9.3640,2.0097
78.510,1.9434,9.3640,2.0097
78.520,1.9434,9.3640,2.0097
78.529,1.9504,9.3640,2.0097
78.540,1.9504,9.3640,2.0097
78.548,1.9574,9.3640,2.0097
78.557,1.9574,9.3640,2.0097
78.566,1.9644,9.3640,2.0097
78.575,1.9644,9.3640,2.0097
78.585,1.9714,9.3640,2.0097
78.594,1.9714,9.3640,2.0097
78.603,1.9714,9.3640,2.0097
78.611,1.9784,9.3640,2.0097
78.621,1.9784,9.3640,2.0097
78.629,1.9854,9.3640,2.0097
78.638,1.9854,9.3640,2.0097
78.646,1.9924,9.3640,2.0097
78.655,1.9924,9.3640,2.0097
78.664,1.9994,9.3640,2.0097
78.674,1.9994,9.3640,2.0097
78.682,1.9994,9.3640,2.0097
78.690,2.0064,9.3640,2.0097
78.700,2.0064,9.3640,2.0097
78.709,2.0134,9.3640,2.0097
78.717,2.0134,9.3640,2.0097
78.726,2.0204,9.3640,2.0097
78.734,2.0204,9.3640,2.0097
78.743,2.0204,9.3640,2.0097
78.751,2.0274,9.3640,2.0097
78.759,2.0274,9.3640,2.0097
78.767,2.0344,9.3640,2.0097
78.776,2.0344,9.3640,2.0097
78.784,2.0414,9.3640,2.0097
78.794,2.0414,9.3640,2.0097
78.803,2.0414,9.3640,2.0097
78.811,2.0484,9.3640,2.0097
78.820,2.0484,9.3640,2.0097
78.827,2.0554,9.3640,2.0097
78.836,2.0554,9.3640,2.0097
78.844,2.0554,9.3640,2.0097
78.852,2.0624,9.3640,2.0097
78.862,2.0624,9.3640,2.0097
78.870,2.0694,9.3640,2.0097
78.880,2.0694,9.3640,2.0097
78.887,2.0764,9.3640,2.0097
78.896,2.0764,9.3640,2.0097
78.904,2.0764,9.3640,2.0097
78.911,2.0834,9.3640,2.0097
78.920,2.0834,9.3640,2.0097
78.928,2.0904,9.3640,2.0097
78.937,2.0904,9.3640,2.0097
78.944,2.0974,9.3640,2.0097
78.954,2.0974,9.3640,2.0097
78.963,2.0974,9.3640,2.0097
78.970,2.1044,9.3640,2.0097
78.981,2.1044,9.3640,2.0097
78.988,2.1114,9.3640,2.0097
78.997,2.1114,9.3640,2.0097
79.004,2.1184,9.3640,2.0097
79.012,2.1184,9.3640,2.0097
79.019,2.1184,9.3640,2.0097
79.026,2.1254,9.3640,2.0097
79.035,2.1254,9.3640,2.0097
79.042,2.1254,9.3640,2.0097
79.049,2.1324,9.3640,2.0097
79.058,2.1324,9.3640,2.0097
79.066,2.1394,9.3640,2.0097
79.075,2.1394,9.3640,2.0097
79.083,2.1394,9.3640,2.0097
79.089,2.1464,9.3640,2.0097
79.099,2.1464,9.3640,2.0097
79.106,2.1534,9.3640,2.0097
79.115,2.1534,9.3640,2.0097
79.121,2.1534,9.3640,2.0097
79.129,2.1604,9.3640,2.0097
79.136,2.1604,9.3640,2.0097
79.145,2.1674,9.3640,2.0097
79.153,2.1674,9.3640,2.0097
79.161,2.1674,9.3640,2.0097
79.167,2.1744,9.3640,2.0097
79.177,2.1744,9.3640,2.0097
79.184,2.1814,9.3640,2.0097
79.193,2.1814,9.3640,2.0097
79.200,2.1814,9.3640,2.0097
79.207,2.1884,9.3640,2.0097
79.216,2.1884,9.3640,2.0097
79.222,2.1884,9.3640,2.0097
79.230,2.1954,9.3640,2.0097
79.239,2.1954,9.3640,2.0097
79.247,2.2024,9.3640,2.0097
79.255,2.2024,9.3640,2.0097
79.263,2.2024,9.3640,2.0097
79.270,2.2094,9.3640,2.0097
79.279,2.2094,9.3640,2.0097
79.286,2.2164,9.3640,2.0097
79.295,2.2164,9.3640,2.0097
79.301,2.2164,9.3640,2.0097
79.309,2.2234,9.3640,2.0097
79.318,2.2234,9.3640,2.0097
79.326,2.2304,9.3640,2.0097
79.335,2.2304,9.3640,2.0097
79.343,2.2304,9.3640,2.0097
79.350,2.2374,9.3640,2.0097
79.359,2.2374,9.3640,2.0097
79.367,2.2444,9.3640,2.0097
79.375,2.2444,9.3640,2.0097
79.382,2.2444,9.3640,2.0097
79.389,2.2514,9.3640,2.0097
79.398,2.2514,9.3640,2.0097
79.406,2.2584,9.3640,2.0097
79.415,2.2584,9.3640,2.0097
79.431,2.2654,9.3640,2.0097
79.440,2.2654,9.3640,2.0097
79.448,2.2724,9.3640,2.0097
79.456,2.2724,9.3640,2.0097
79.465,2.2794,9.3640,2.0097
79.474,2.2794,9.3640,2.0097
79.482,2.2794,9.3640,2.0097
79.488,2.2864,9.3640,2.0097
79.498,2.2864,9.3640,2.0097
79.506,2.2934,9.3640,2.0097
79.515,2.2934,9.3640,2.0097
79.522,2.2934,9.3640,2.0097
79.531,2.3004,9.3640,2.0097
79.540,2.3004,9.3640,2.0097
79.548,2.3074,9.3640,2.0097
79.556,2.3074,9.3640,2.0097
79.565,2.3144,9.3640,2.0097
79.574,2.3144,9.3640,2.0097
79.581,2.3144,9.3640,2.0097
79.589,2.3214,9.3640,2.0097
79.598,2.3214,9.3640,2.0097
79.605,2.3284,9.3640,2.0097
79.615,2.3284,9.3640,2.0097
79.623,2.3284,9.3640,2.0097
79.632,2.3354,9.3640,2.0097
79.641,2.3354,9.3640,2.0097
79.648,2.3424,9.3640,2.0097
79.657,2.3424,9.3640,2.0097
79.666,2.3494,9.3640,2.0097
79.674,2.3494,9.3640,2.0097
79.681,2.3494,9.3640,2.0097
79.690,2.3564,9.3640,2.0097
79.699,2.3564,9.3640,2.0097
79.706,2.3634,9.3640,2.0097
79.716,2.3634,9.3640,2.0097
79.724,2.3634,9.3640,2.0097
79.733,2.3704,9.3640,2.0097
79.743,2.3704,9.3640,2.0097
79.752,2.3774,9.3640,2.0097
79.761,2.3774,9.3640,2.0097
79.769,2.3844,9.3640,2.0097
79.780,2.3844,9.3640,2.0097
79.787,2.3914,9.3640,2.0097
79.798,2.3914,9.3640,2.0097
79.805,2.3984,9.3640,2.0097
79.814,2.3984,9.3640,2.0097
79.822,2.3984,9.3640,2.0097
79.830,2.4054,9.3640,2.0097
79.841,2.4054,9.3640,2.0097
79.849,2.4124,9.3640,2.0097
79.857,2.4124,9.3640,2.0097
79.866,2.4194,9.3640,2.0097
79.875,2.4194,9.3640,2.0097
79.882,2.4194,9.3640,2.0097
79.891,2.4264,9.3640,2.0097
79.903,2.4264,9.3640,2.0097
79.911,2.4334,9.3640,2.0097
79.921,2.4334,9.3640,2.0097
79.931,2.4404,9.3640,2.0097
79.942,2.4404,9.3640,2.0097
79.951,2.4474,9.3640,2.0097
79.962,2.4474,9.3640,2.0097
79.971,2.4544,9.3640,2.0097
79.981,2.4544,9.3640,2.0097
79.989,2.4614,9.3640,2.0097
79.998,2.4614,9.3640,2.0097
80.005,2.4684,9.3640,2.0097
80.015,2.4684,9.3640,2.0097
80.024,2.4684,9.3640,2.0097
80.032,2.4754,9.3640,2.0097
80.042,2.4754,9.3640,2.0097
80.050,2.4824,9.3640,2.0097
80.060,2.4824,9.3640,2.0097
80.068,2.4894,9.3640,2.0097
80.079,2.4894,9.3640,2.0097
80.086,2.4964,9.3640,2.0097
80.095,2.4964,9.3640,2.0097
80.103,2.4964,9.3640,2.0097
80.111,2.5034,9.3640,2.0097
80.120,2.5034,9.3640,2.0097
80.128,2.5104,9.3640,2.0097
80.138,2.5104,9.3640,2.0097
80.147,2.5174,9.3640,2.0097
80.155,2.5174,9.3640,2.0097
80.163,2.5174,9.3640,2.0097
80.171,2.5244,9.3640,2.0097
80.179,2.5244,9.3640,2.0097
80.186,2.5314,9.3640,2.0097
80.195,2.5314,9.3640,2.0097
80.203,2.5314,9.3640,2.0097
80.210,2.5384,9.3640,2.0097
80.217,2.5384,9.3640,2.0097
80.225,2.5454,9.3640,2.0097
80.234,2.5454,9.3640,2.0097
80.241,2.5454,9.3640,2.0097
80.249,2.5524,9.3640,2.0097
80.256,2.5524,9.3640,2.0097
80.266,2.5594,9.3640,2.0097
80.273,2.5594,9.3640,2.0097
80.280,2.5594,9.3640,2.0097
80.287,2.5664,9.3640,2.0097
80.296,2.5664,9.3640,2.0097
80.303,2.5664,9.3640,2.0097
80.310,2.5734,9.3640,2.0097
80.319,2.5734,9.3640,2.0097
80.326,2.5804,9.3640,2.0097
80.334,2.5804,9.3640,2.0097
80.343,2.5804,9.3640,2.0097
80.352,2.5874,9.3640,2.0097
80.361,2.5874,9.3640,2.0097
80.370,2.5944,9.3640,2.0097
80.380,2.5944,9.3640,2.0097
80.388,2.6014,9.3640,2.0097
80.398,2.6014,9.3640,2.0097
80.404,2.6084,9.3640,2.0097
80.415,2.6084,9.3640,2.0097
80.422,2.6084,9.3640,2.0097
80.429,2.6154,9.3640,2.0097
80.436,2.6154,9.3640,2.0097
80.446,2.6224,9.3640,2.0097
80.455,2.6224,9.3640,2.0097
80.463,2.6224,9.3640,2.0097
80.471,2.6294,9.3640,2.0097
80.481,2.6294,9.3640,2.0097
80.488,2.6364,9.3640,2.0097
80.497,2.6364,9.3640,2.0097
80.506,2.6434,9.3640,2.0097
80.517,2.6434,9.3640,2.0097
80.525,2.6504,9.3640,2.0097
80.534,2.6504,9.3640,2.0097
80.542,2.6504,9.3640,2.0097
80.551,2.6574,9.3640,2.0097
80.561,2.6574,9.3640,2.0097
80.569,2.6644,9.3640,2.0097
80.578,2.6644,9.3640,2.0097
80.585,2.6714,9.3640,2.0097
80.595,2.6714,9.3640,2.0097
80.603,2.6714,9.3640,2.0097
80.609,2.6784,9.3640,2.0097
80.618,2.6784,9.3640,2.0097
80.625,2.6854,9.3640,2.0097
80.636,2.6854,9.3640,2.0097
80.642,2.6854,9.3640,2.0097
80.650,2.6924,9.3640,2.0097
80.659,2.6924,9.3640,2.0097
80.667,2.6994,9.3640,2.0097
80.675,2.6994,9.3640,2.0097
80.683,2.6994,9.3640,2.0097
80.690,2.7064,9.3640,2.0097
80.700,2.7064,9.3640,2.0097
80.707,2.7134,9.3640,2.0097
80.717,2.7134,9.3640,2.0097
80.723,2.7134,9.3640,2.0097
80.732,2.7204,9.3640,2.0097
80.741,2.7204,9.3640,2.0097
80.749,2.7274,9.3640,2.0097
80.757,2.7274,9.3640,2.0097
80.765,2.7344,9.3640,2.0097
80.773,2.7344,9.3640,2.0097
80.781,2.7344,9.3640,2.0097
80.788,2.7414,9.3640,2.0097
80.798,2.7414,9.3640,2.0097
80.805,2.7484,9.3640,2.0097
80.814,2.7484,9.3640,2.0097
80.821,2.7484,9.3640,2.0097
80.829,2.7554,9.3640,2.0097
80.837,2.7554,9.3640,2.0097
80.845,2.7624,9.3640,2.0097
80.853,2.7624,9.3640,2.0097
80.860,2.7624,9.3640,2.0097
80.869,2.7694,9.3640,2.0097
80.877,2.7694,9.3640,2.0097
80.884,2.7764,9.3640,2.0097
80.892,2.7764,9.3640,2.0097
80.900,2.7764,9.3640,2.0097
80.906,2.7834,9.3640,2.0097
80.916,2.7834,9.3640,2.0097
80.922,2.7834,9.3640,2.0097
80.930,2.7904,9.3640,2.0097
80.939,2.7904,9.3640,2.0097
80.947,2.7974,9.3640,2.0097
80.955,2.7974,9.3640,2.0097
80.965,2.8044,9.3640,2.0097
80.972,2.8044,9.3640,2.0097
80.980,2.8044,9.3640,2.0097
80.988,2.8114,9.3640,2.0097
80.998,2.8114,9.3640,2.0097
81.006,2.8184,9.3640,2.0097
81.016,2.8184,9.3640,2.0097
81.023,2.8184,9.3640,2.0097
81.033,2.8254,9.3640,2.0097
81.042,2.8254,9.3640,2.0097
81.050,2.8324,9.3640,2.0097
81.058,2.8324,9.3640,2.0097
81.068,2.8394,9.3640,2.0097
81.076,2.8394,9.3640,2.0097
81.083,2.8394,9.3640,2.0097
81.090,2.8464,9.3640,2.0097
81.100,2.8464,9.3640,2.0097
81.109,2.8534,9.3640,2.0097
81.118,2.8534,9.3640,2.0097
81.125,2.8604,9.3640,2.0097
81.135,2.8604,9.3640,2.0097
81.142,2.8604,9.3640,2.0097
81.150,2.8674,9.3640,2.0097
81.159,2.8674,9.3640,2.0097
81.168,2.8744,9.3640,2.0097
81.179,2.8744,9.3640,2.0097
81.187,2.8814,9.3640,2.0097
81.198,2.8814,9.3640,2.0097
81.206,2.8884,9.3640,2.0097
81.216,2.8884,9.3640,2.0097
81.224,2.8954,9.3640,2.0097
81.235,2.8954,9.3640,2.0097
81.242,2.8954,9.3640,2.0097
81.250,2.9024,9.3640,2.0097
81.260,2.9024,9.3640,2.0097
81.267,2.9094,9.3640,2.0097
81.276,2.9094,9.3640,2.0097
81.284,2.9164,9.3640,2.0097
81.293,2.9164,9.3640,2.0097
81.301,2.9164,9.3640,2.0097
81.310,2.9234,9.3640,2.0097
81.320,2.9234,9.3640,2.0097
81.328,2.9304,9.3640,2.0097
81.338,2.9304,9.3640,2.0097
81.347,2.9374,9.3640,2.0097
81.356,2.9374,9.3640,2.0097
81.364,2.9444,9.3640,2.0097
81.373,2.9444,9.3640,2.0097
81.382,2.9444,9.3640,2.0097
81.389,2.9514,9.3640,2.0097
81.399,2.9514,9.3640,2.0097
81.406,2.9584,9.3640,2.0097
81.416,2.9584,9.3640,2.0097
81.422,2.9584,9.3640,2.0097
81.430,2.9654,9.3640,2.0097
81.439,2.9654,9.3640,2.0097
81.447,2.9724,9.3640,2.0097
81.454,2.9724,9.3640,2.0097
81.471,2.9794,9.3640,2.0097
81.480,2.9794,9.3640,2.0097
81.486,2.9864,9.3640,2.0097
81.495,2.9864,9.3640,2.0097
81.502,2.9864,9.3640,2.0097
81.510,2.9934,9.3640,2.0097
81.517,2.9934,9.3640,2.0097
81.524,3.0004,9.3640,2.0097
81.534,3.0004,9.3640,2.0097
81.541,3.0004,9.3640,2.0097
81.549,3.0074,9.3640,2.0097
81.557,3.0074,9.3640,2.0097
81.566,3.0144,9.3640,2.0097
81.574,3.0144,9.3640,2.0097
81.582,3.0144,9.3640,2.0097
81.589,3.0214,9.3640,2.0097
81.599,3.0214,9.3640,2.0097
81.606,3.0284,9.3640,2.0097
81.616,3.0284,9.3640,2.0097
81.623,3.0284,9.3640,2.0097
81.631,3.0354,9.3640,2.0097
81.640,3.0354,9.3640,2.0097
81.648,3.0424,9.3640,2.0097
81.657,3.0424,9.3640,2.0097
81.664,3.0494,9.3640,2.0097
81.672,3.0494,9.3640,2.0097
81.680,3.0494,9.3640,2.0097
81.686,3.0564,9.3640,2.0097
81.694,3.0564,9.3640,2.0097
81.701,3.0564,9.3640,2.0097
81.709,3.0634,9.3640,2.0097
81.717,3.0634,9.3640,2.0097
81.724,3.0634,9.3640,2.0097
81.731,3.0704,9.3640,2.0097
81.738,3.0704,9.3640,2.0097
81.747,3.0774,9.3640,2.0097
81.756,3.0774,9.3640,2.0097
81.764,3.0774,9.3640,2.0097
81.772,3.0844,9.3640,2.0097
81.781,3.0844,9.3640,2.0097
81.788,3.0914,9.3640,2.0097
81.798,3.0914,9.3640,2.0097
81.806,3.0984,9.3640,2.0097
81.817,3.0984,9.3640,2.0097
81.823,3.0984,9.3640,2.0097
81.832,3.1054,9.3640,2.0097
81.840,3.1054,9.3640,2.0097
81.848,3.1124,9.3640,2.0097
81.855,3.1124,9.3640,2.0097
81.864,3.1194,9.3640,2.0097
81.872,3.1194,9.3640,2.0097
81.881,3.1194,9.3640,2.0097
81.887,3.1264,9.3640,2.0097
81.897,3.1264,9.3640,2.0097
81.903,3.1264,9.3640,2.0097
81.912,3.1334,9.3640,2.0097
81.921,3.1334,9.3640,2.0097
81.929,3.1404,9.3640,2.0097
81.937,3.1404,9.3640,2.0097
81.944,3.1474,9.3640,2.0097
81.953,3.1474,9.3640,2.0097
81.961,3.1474,9.3640,2.0097
81.969,3.1544,9.3640,2.0097
81.977,3.1544,9.3640,2.0097
81.985,3.1614,9.3640,2.0097
81.995,3.1614,9.3640,2.0097
82.003,3.1614,9.3640,2.0097
82.010,3.1684,9.3640,2.0097
82.019,3.1684,9.3640,2.0097
82.026,3.1754,9.3640,2.0097
82.035,3.1754,9.3640,2.0097
82.042,3.1754,9.3640,2.0097
82.050,3.1824,9.3640,2.0097
82.057,3.1824,9.3640,2.0097
82.066,3.1894,9.3640,2.0097
82.074,3.1894,9.3640,2.0097
82.081,3.1894,9.3640,2.0097
82.088,3.1964,9.3640,2.0097
82.096,3.1964,9.3640,2.0097
82.103,3.1964,9.3640,2.0097
82.111,3.2034,9.3640,2.0097
82.118,3.2034,9.3640,2.0097
82.126,3.2104,9.3640,2.0097
82.135,3.2104,9.3640,2.0097
82.142,3.2104,9.3640,2.0097
82.150,3.2174,9.3640,2.0097
82.158,3.2174,9.3640,2.0097
82.166,3.2244,9.3640,2.0097
82.174,3.2244,9.3640,2.0097
82.182,3.2244,9.3640,2.0097
82.189,3.2314,9.3640,2.0097
82.198,3.2314,9.3640,2.0097
82.204,3.2384,9.3640,2.0097
82.214,3.2384,9.3640,2.0097
82.221,3.2384,9.3640,2.0097
82.228,3.2454,9.3640,2.0097
82.237,3.2454,9.3640,2.0097
82.244,3.2524,9.3640,2.0097
82.255,3.2524,9.3640,2.0097
82.264,3.2594,9.3640,2.0097
82.275,3.2594,9.3640,2.0097
82.283,3.2594,9.3640,2.0097
82.290,3.2664,9.3640,2.0097
82.300,3.2664,9.3640,2.0097
82.308,3.2734,9.3640,2.0097
82.318,3.2734,9.3640,2.0097
82.325,3.2804,9.3640,2.0097
82.335,3.2804,9.3640,2.0097
82.343,3.2804,9.3640,2.0097
82.351,3.2874,9.3640,2.0097
82.365,3.2944,9.3640,2.0097
82.376,3.2944,9.3640,2.0097
82.383,3.2944,9.3640,2.0097
82.390,3.3014,9.3640,2.0097
82.400,3.3014,9.3640,2.0097
82.408,3.3084,9.3640,2.0097
82.417,3.3084,9.3640,2.0097
82.425,3.3154,9.3640,2.0097
82.435,3.3154,9.3640,2.0097
82.443,3.3154,9.3640,2.0097
82.452,3.3224,9.3640,2.0097
82.462,3.3224,9.3640,2.0097
82.472,3.3294,9.3640,2.0097
82.481,3.3294,9.3640,2.0097
82.490,3.3364,9.3640,2.0097
82.500,3.3364,9.3640,2.0097
82.507,3.3434,9.3640,2.0097
82.516,3.3434,9.3640,2.0097
82.524,3.3434,9.3640,2.0097
82.533,3.3504,9.3640,2.0097
82.541,3.3504,9.3640,2.0097
82.550,3.3574,9.3640,2.0097
82.558,3.3574,9.3640,2.0097
82.567,3.3644,9.3640,2.0097
82.576,3.3644,9.3640,2.0097
82.585,3.3714,9.3640,2.0097
82.596,3.3714,9.3640,2.0097
82.603,3.3714,9.3640,2.0097
82.611,3.3784,9.3640,2.0097
82.621,3.3784,9.3640,2.0097
82.630,3.3854,9.3640,2.0097
82.639,3.3854,9.3640,2.0097
82.648,3.3924,9.3640,2.0097
82.658,3.3924,9.3640,2.0097
82.667,3.3994,9.3640,2.0097
82.676,3.3994,9.3640,2.0097
82.684,3.4064,9.3640,2.0097
82.694,3.4064,9.3640,2.0097
82.701,3.4064,9.3640,2.0097
82.710,3.4134,9.3640,2.0097
82.718,3.4134,9.3640,2.0097
82.726,3.4204,9.3640,2.0097
82.735,3.4204,9.3640,2.0097
82.744,3.4204,9.3640,2.0097
82.751,3.4274,9.3640,2.0097
82.760,3.4274,9.3640,2.0097
82.768,3.4344,9.3640,2.0097
82.777,3.4344,9.3640,2.0097
82.784,3.4344,9.3640,2.0097
82.792,3.4415,9.3640,2.0097
82.802,3.4415,9.3640,2.0097
82.809,3.4485,9.3640,2.0097
82.818,3.4485,9.3640,2.0097
82.825,3.4555,9.3640,2.0097
82.836,3.4555,9.3640,2.0097
82.843,3.4555,9.3640,2.0097
82.851,3.4625,9.3640,2.0097
82.859,3.4625,9.3640,2.0097
82.867,3.4695,9.3640,2.0097
82.874,3.4695,9.3640,2.0097
82.883,3.4695,9.3640,2.0097
82.890,3.4765,9.3640,2.0097
82.899,3.4765,9.3640,2.0097
82.906,3.4835,9.3640,2.0097
82.915,3.4835,9.3640,2.0097
82.922,3.4835,9.3640,2.0097
82.929,3.4905,9.3640,2.0097
82.936,3.4905,9.3640,2.0097
82.944,3.4975,9.3640,2.0097
82.954,3.4975,9.3640,2.0097
82.963,3.4975,9.3640,2.0097
82.970,3.5045,9.3640,2.0097
82.981,3.5045,9.3640,2.0097
82.987,3.5115,9.3640,2.0097
82.996,3.5115,9.3640,2.0097
83.003,3.5115,9.3640,2.0097
83.010,3.5185,9.3640,2.0097
83.018,3.5185,9.3640,2.0097
83.025,3.5255,9.3640,2.0097
83.034,3.5255,9.3640,2.0097
83.042,3.5255,9.3640,2.0097
83.049,3.5325,9.3640,2.0097
83.057,3.5325,9.3640,2.0097
83.065,3.5395,9.3640,2.0097
83.075,3.5395,9.3640,2.0097
83.082,3.5395,9.3640,2.0097
83.089,3.5465,9.3640,2.0097
83.099,3.5465,9.3640,2.0097
83.107,3.5535,9.3640,2.0097
83.115,3.5535,9.3640,2.0097
83.122,3.5535,9.3640,2.0097
83.130,3.5605,9.3640,2.0097
83.139,3.5605,9.3640,2.0097
83.146,3.5675,9.3640,2.0097
83.154,3.5675,9.3640,2.0097
83.162,3.5675,9.3640,2.0097
83.169,3.5745,9.3640,2.0097
83.177,3.5745,9.3640,2.0097
83.186,3.5815,9.3640,2.0097
83.195,3.5815,9.3640,2.0097
83.201,3.5815,9.3640,2.0097
83.208,3.5885,9.3640,2.0097
83.217,3.5885,9.3640,2.0097
83.224,3.5885,9.3640,2.0097
83.232,3.5955,9.3640,2.0097
83.241,3.5955,9.3640,2.0097
83.249,3.6025,9.3640,2.0097
83.257,3.6025,9.3640,2.0097
83.264,3.6025,9.3640,2.0097
83.272,3.6095,9.3640,2.0097
83.280,3.6095,9.3640,2.0097
83.287,3.6165,9.3640,2.0097
83.294,3.6165,9.3640,2.0097
83.301,3.6165,9.3640,2.0097
83.309,3.6235,9.3640,2.0097
83.318,3.6235,9.3640,2.0097
83.325,3.6305,9.3640,2.0097
83.336,3.6305,9.3640,2.0097
83.344,3.6305,9.3640,2.0097
83.352,3.6375,9.3640,2.0097
83.359,3.6375,9.3640,2.0097
83.368,3.6445,9.3640,2.0097
83.376,3.6445,9.3640,2.0097
83.384,3.6445,9.3640,2.0097
83.390,3.6515,9.3640,2.0097
83.400,3.6515,9.3640,2.0097
83.406,3.6585,9.3640,2.0097
83.415,3.6585,9.3640,2.0097
83.421,3.6585,9.3640,2.0097
83.429,3.6655,9.3640,2.0097
83.438,3.6655,9.3640,2.0097
83.446,3.6725,9.3640,2.0097
83.464,3.6795,9.3640,2.0097
83.472,3.6795,9.3640,2.0097
83.480,3.6795,9.3640,2.0097
83.487,3.6865,9.3640,2.0097
83.496,3.6865,9.3640,2.0097
83.503,3.6865,9.3640,2.0097
83.511,3.6935,9.3640,2.0097
83.520,3.6935,9.3640,2.0097
83.529,3.7005,9.3640,2.0097
83.538,3.7005,9.3640,2.0097
83.547,3.7075,9.3640,2.0097
83.556,3.7075,9.3640,2.0097
83.564,3.7145,9.3640,2.0097
83.574,3.7145,9.3640,2.0097
83.581,3.7145,9.3640,2.0097
83.589,3.7215,9.3640,2.0097
83.599,3.7215,9.3640,2.0097
83.607,3.7285,9.3640,2.0097
83.616,3.7285,9.3640,2.0097
83.624,3.7355,9.3640,2.0097
83.634,3.7355,9.3640,2.0097
83.641,3.7355,9.3640,2.0097
83.650,3.7425,9.3640,2.0097
83.657,3.7425,9.3640,2.0097
83.667,3.7495,9.3640,2.0097
83.676,3.7495,9.3640,2.0097
83.684,3.7495,9.3640,2.0097
83.691,3.7565,9.3640,2.0097
83.701,3.7565,9.3640,2.0097
83.709,3.7635,9.3640,2.0097
83.719,3.7635,9.3640,2.0097
83.728,3.7705,9.3640,2.0097
83.739,3.7705,9.3640,2.0097
83.748,3.7775,9.3640,2.0097
83.757,3.7775,9.3640,2.0097
83.768,3.7845,9.3640,2.0097
83.777,3.7845,9.3640,2.0097
83.785,3.7915,9.3640,2.0097
83.794,3.7915,9.3640,2.0097
83.801,3.7915,9.3640,2.0097
83.809,3.7985,9.3640,2.0097
83.818,3.7985,9.3640,2.0097
83.826,3.8055,9.3640,2.0097
83.837,3.8055,9.3640,2.0097
83.844,3.8125,9.3640,2.0097
83.853,3.8125,9.3640,2.0097
83.861,3.8125,9.3640,2.0097
83.869,3.8195,9.3640,2.0097
83.878,3.8195,9.3640,2.0097
83.887,3.8265,9.3640,2.0097
83.897,3.8265,9.3640,2.0097
83.904,3.8335,9.3640,2.0097
83.915,3.8335,9.3640,2.0097
83.922,3.8335,9.3640,2.0097
83.931,3.8405,9.3640,2.0097
83.940,3.8405,9.3640,2.0097
83.949,3.8475,9.3640,2.0097
83.958,3.8475,9.3640,2.0097
83.966,3.8545,9.3640,2.0097
83.974,3.8545,9.3640,2.0097
83.982,3.8545,9.3640,2.0097
83.989,3.8615,9.3640,2.0097
83.999,3.8615,9.3640,2.0097
84.006,3.8685,9.3640,2.0097
84.015,3.8685,9.3640,2.0097
84.021,3.8685,9.3640,2.0097
84.029,3.8755,9.3640,2.0097
84.037,3.8755,9.3640,2.0097
84.045,3.8825,9.3640,2.0097
84.054,3.8825,9.3640,2.0097
84.062,3.8825,9.3640,2.0097
84.071,3.8895,9.3640,2.0097
84.081,3.8895,9.3640,2.0097
84.089,3.8965,9.3640,2.0097
84.097,3.8965,9.3640,2.0097
84.105,3.9034,9.3640,2.0097
84.113,3.9034,9.3640,2.0097
84.121,3.9034,9.3640,2.0097
84.129,3.9103,9.3640,2.0097
84.138,3.9103,9.3640,2.0097
84.145,3.9171,9.3640,2.0097
84.154,3.9171,9.3640,2.0097
84.162,3.9171,9.3640,2.0097
84.169,3.9240,9.3640,2.0097
84.179,3.9240,9.3640,2.0097
84.186,3.9308,9.3640,2.0097
84.197,3.9308,9.3640,2.0097
84.205,3.9377,9.3640,2.0097
84.214,3.9377,9.3640,2.0097
84.220,3.9377,9.3640,2.0097
84.229,3.9445,9.3640,2.0097
84.237,3.9445,9.3640,2.0097
84.244,3.9513,9.3640,2.0097
84.253,3.9513,9.3640,2.0097
84.261,3.9513,9.3640,2.0097
84.267,3.9582,9.3640,2.0097
84.277,3.9582,9.3640,2.0097
84.284,3.9650,9.3640,2.0097
84.292,3.9650,9.3640,2.0097
84.300,3.9650,9.3640,2.0097
84.306,3.9718,9.3640,2.0097
84.315,3.9718,9.3640,2.0097
84.323,3.9718,9.3640,2.0097
84.331,3.9786,9.3640,2.0097
84.339,3.9786,9.3640,2.0097
84.346,3.9855,9.3640,2.0097
84.354,3.9855,9.3640,2.0097
84.361,3.9855,9.3640,2.0097
84.369,3.9922,9.3640,2.0097
84.378,3.9922,9.3640,2.0097
84.385,3.9990,9.3640,2.0097
84.393,3.9990,9.3640,2.0097
84.402,3.9990,9.3640,2.0097
84.409,4.0057,9.3640,2.0097
84.418,4.0057,9.3640,2.0097
84.425,4.0124,9.3640,2.0097
84.435,4.0124,9.3640,2.0097
84.443,4.0124,9.3640,2.0097
84.450,4.0191,9.3640,2.0097
84.458,4.0191,9.3640,2.0097
84.467,4.0256,9.3640,2.0097
84.475,4.0256,9.3640,2.0097
84.483,4.0256,9.3640,2.0097
84.490,4.0320,9.3640,2.0097
84.499,4.0320,9.3640,2.0097
84.506,4.0383,9.3640,2.0097
84.516,4.0383,9.3640,2.0097
84.523,4.0383,9.3640,2.0097
84.531,4.0445,9.3640,2.0097
84.540,4.0445,9.3640,2.0097
84.547,4.0505,9.3640,2.0097
84.555,4.0505,9.3640,2.0097
84.563,4.0505,9.3640,2.0097
84.570,4.0563,9.3640,2.0097
84.579,4.0563,9.3640,2.0097
84.587,4.0619,9.3640,2.0097
84.595,4.0619,9.3640,2.0097
84.603,4.0619,9.3640,2.0097
84.610,4.0646,9.3640,2.0097
84.621,4.0646,9.3640,2.0097
84.627,4.0672,9.3640,2.0097
84.637,4.0672,9.3640,2.0097
84.645,4.0698,9.3640,2.0097
84.653,4.0698,9.3640,2.0097
84.661,4.0698,9.3640,2.0097
84.669,4.0722,9.3640,2.0097
84.677,4.0722,9.3640,2.0097
84.685,4.0745,9.3640,2.0097
84.693,4.0745,9.3640,2.0097
84.701,4.0745,9.3640,2.0097
84.708,4.0766,9.3640,2.0097
84.717,4.0766,9.3640,2.0097
84.724,4.0766,9.3640,2.0097
84.733,4.0785,9.3640,2.0097
84.741,4.0785,9.3640,2.0097
84.748,4.0794,9.3640,2.0097
84.756,4.0794,9.3640,2.0097
84.766,4.0803,9.3640,2.0097
84.773,4.0803,9.3640,2.0097
84.782,4.0803,9.3640,2.0097
84.789,4.0810,9.3640,2.0097
84.799,4.0810,9.3640,2.0097
84.806,4.0817,9.3640,2.0097
84.815,4.0817,9.3640,2.0097
84.822,4.0817,9.3640,2.0097
84.831,4.0823,9.3640,2.0097
84.839,4.0823,9.3640,2.0097
84.847,4.0825,9.3640,2.0097
84.856,4.0825,9.3640,2.0097
84.864,4.0827,9.3640,2.0097
84.873,4.0827,9.3640,2.0097
84.881,4.0827,9.3640,2.0097
84.889,4.0828,9.3640,2.0097
84.899,4.0828,9.3640,2.0097
84.907,4.0829,9.3640,2.0097
84.916,4.0829,9.3640,2.0097
84.923,4.0829,9.3640,2.0097
84.933,4.0829,9.3640,2.0097
84.941,4.0829,9.3640,2.0097
84.949,4.0829,9.3640,2.0097
84.956,4.0829,9.3640,2.0097
84.966,4.0829,9.3640,2.0097
84.976,4.0829,9.3640,2.0097
84.984,4.0829,9.3640,2.0097
84.994,4.0829,9.3640,2.0097
85.003,4.0829,9.3640,2.0097
85.012,4.0829,9.3640,2.0097
85.019,4.0829,9.3640,2.0097
85.029,4.0829,9.3640,2.0097
85.038,4.0829,9.3640,2.0097
85.046,4.0829,9.3640,2.0097
85.054,4.0829,9.3640,2.0097
85.064,4.0829,9.3640,2.0097
85.073,4.0829,9.3640,2.0097
85.081,4.0829,9.3640,2.0097
85.089,4.0829,9.3640,2.0097
85.099,4.0829,9.3640,2.0097
85.107,4.0829,9.3640,2.0097
85.115,4.0829,9.3640,2.0097
85.124,4.0829,9.3640,2.0097
85.132,4.0829,9.3640,2.0097
85.141,4.0829,9.3640,2.0097
85.150,4.0829,9.3640,2.0097
85.159,4.0829,9.3640,2.0097
85.167,4.0829,9.3640,2.0097
85.176,4.0829,9.3640,2.0097
85.184,4.0829,9.3640,2.0097
85.191,4.0829,9.3640,2.0097
85.202,4.0829,9.3640,2.0097
85.210,4.0829,9.3640,2.0097
85.219,4.0829,9.3640,2.0097
85.227,4.0828,9.3640,2.0097
85.235,4.0828,9.3640,2.0097
85.243,4.0828,9.3640,2.0097
85.249,4.0826,9.3640,2.0097
85.259,4.0826,9.3640,2.0097
85.267,4.0825,9.3640,2.0097
85.275,4.0825,9.3640,2.0097
85.283,4.0825,9.3640,2.0097
85.289,4.0823,9.3640,2.0097
85.299,4.0823,9.3640,2.0097
85.306,4.0821,9.3640,2.0097
85.315,4.0821,9.3640,2.0097
85.322,4.0821,9.3640,2.0097
85.330,4.0819,9.3640,2.0097
85.339,4.0819,9.3640,2.0097
85.346,4.0817,9.3640,2.0097
85.354,4.0817,9.3640,2.0097
85.362,4.0817,9.3640,2.0097
85.369,4.0811,9.3640,2.0097
85.378,4.0811,9.3640,2.0097
85.385,4.0805,9.3640,2.0097
85.395,4.0805,9.3640,2.0097
85.403,4.0805,9.3640,2.0097
85.409,4.0798,9.3640,2.0097
85.418,4.0798,9.3640,2.0097
85.426,4.0792,9.3640,2.0097
85.436,4.0792,9.3640,2.0097
85.443,4.0792,9.3640,2.0097
85.450,4.0784,9.3640,2.0097
85.459,4.0784,9.3640,2.0097
85.467,4.0777,9.3640,2.0097
85.474,4.0777,9.3640,2.0097
85.481,4.0777,9.3640,2.0097
85.498,4.0769,9.3640,2.0097
85.507,4.0761,9.3640,2.0097
85.517,4.0761,9.3640,2.0097
85.523,4.0761,9.3640,2.0097
85.532,4.0752,9.3640,2.0097
85.541,4.0752,9.3640,2.0097
85.549,4.0744,9.3640,2.0097
85.558,4.0744,9.3640,2.0097
85.566,4.0735,9.3640,2.0097
85.575,4.0735,9.3640,2.0097
85.583,4.0735,9.3640,2.0097
85.591,4.0726,9.3640,2.0097
85.601,4.0726,9.3640,2.0097
85.608,4.0717,9.3640,2.0097
85.617,4.0717,9.3640,2.0097
85.626,4.0708,9.3640,2.0097
85.635,4.0708,9.3640,2.0097
85.644,4.0699,9.3640,2.0097
85.653,4.0699,9.3640,2.0097
85.661,4.0699,9.3640,2.0097
85.670,4.0690,9.3640,2.0097
85.678,4.0690,9.3640,2.0097
85.687,4.0680,9.3640,2.0097
85.697,4.0680,9.3640,2.0097
85.705,4.0661,9.3640,2.0097
85.714,4.0661,9.3640,2.0097
85.721,4.0661,9.3640,2.0097
85.729,4.0641,9.3640,2.0097
85.739,4.0641,9.3640,2.0097
85.746,4.0622,9.3640,2.0097
85.754,4.0622,9.3640,2.0097
85.763,4.0622,9.3640,2.0097
85.770,4.0602,9.3640,2.0097
85.781,4.0602,9.3640,2.0097
85.788,4.0582,9.3640,2.0097
85.798,4.0582,9.3640,2.0097
85.805,4.0563,9.3640,2.0097
85.814,4.0563,9.3640,2.0097
85.821,4.0563,9.3640,2.0097
85.830,4.0543,9.3640,2.0097
85.840,4.0543,9.3640,2.0097
85.847,4.0523,9.3640,2.0097
85.856,4.0523,9.3640,2.0097
85.864,4.0502,9.3640,2.0097
85.873,4.0502,9.3640,2.0097
85.880,4.0502,9.3640,2.0097
85.888,4.0482,9.3640,2.0097
85.897,4.0482,9.3640,2.0097
85.904,4.0482,9.3640,2.0097
85.911,4.0461,9.3640,2.0097
85.920,4.0461,9.3640,2.0097
85.928,4.0440,9.3640,2.0097
85.937,4.0440,9.3640,2.0097
85.945,4.0419,9.3640,2.0097
85.954,4.0419,9.3640,2.0097
85.963,4.0419,9.3640,2.0097
85.970,4.0399,9.3640,2.0097
85.980,4.0399,9.3640,2.0097
85.987,4.0379,9.3640,2.0097
85.996,4.0379,9.3640,2.0097
86.003,4.0379,9.3640,2.0097
86.011,4.0359,9.3640,2.0097
86.021,4.0359,9.3640,2.0097
86.030,4.0338,9.3640,2.0097
86.040,4.0338,9.3640,2.0097
86.048,4.0318,9.3640,2.0097
86.058,4.0318,9.3640,2.0097
86.068,4.0297,9.3640,2.0097
86.078,4.0297,9.3640,2.0097
86.086,4.0277,9.3640,2.0097
86.096,4.0277,9.3640,2.0097
86.104,4.0256,9.3640,2.0097
86.114,4.0256,9.3640,2.0097
86.122,4.0256,9.3640,2.0097
86.131,4.0235,9.3640,2.0097
86.140,4.0235,9.3640,2.0097
86.149,4.0214,9.3640,2.0097
86.158,4.0214,9.3640,2.0097
86.166,4.0193,9.3640,2.0097
86.175,4.0193,9.3640,2.0097
86.184,4.0173,9.3640,2.0097
86.194,4.0173,9.3640,2.0097
86.203,4.0173,9.3640,2.0097
86.212,4.0152,9.3640,2.0097
86.221,4.0152,9.3640,2.0097
86.231,4.0131,9.3640,2.0097
86.241,4.0131,9.3640,2.0097
86.249,4.0110,9.3640,2.0097
86.260,4.0110,9.3640,2.0097
86.270,4.0089,9.3640,2.0097
86.281,4.0089,9.3640,2.0097
86.289,4.0069,9.3640,2.0097
86.300,4.0069,9.3640,2.0097
86.308,4.0048,9.3640,2.0097
86.318,4.0048,9.3640,2.0097
86.326,4.0028,9.3640,2.0097
86.337,4.0028,9.3640,2.0097
86.344,4.0007,9.3640,2.0097
86.353,4.0007,9.3640,2.0097
86.362,4.0007,9.3640,2.0097
86.369,3.9987,9.3640,2.0097
86.380,3.9987,9.3640,2.0097
86.387,3.9966,9.3640,2.0097
86.396,3.9966,9.3640,2.0097
86.404,3.9946,9.3640,2.0097
86.414,3.9946,9.3640,2.0097
86.421,3.9946,9.3640,2.0097
86.430,3.9925,9.3640,2.0097
86.440,3.9925,9.3640,2.0097
86.447,3.9905,9.3640,2.0097
86.456,3.9905,9.3640,2.0097
86.464,3.9885,9.3640,2.0097
86.474,3.9885,9.3640,2.0097
86.482,3.9885,9.3640,2.0097
86.489,3.9865,9.3640,2.0097
86.500,3.9865,9.3640,2.0097
86.506,3.9855,9.3640,2.0097
86.516,3.9855,9.3640,2.0097
86.523,3.9855,9.3640,2.0097
86.531,3.9846,9.3640,2.0097
86.539,3.9846,9.3640,2.0097
86.547,3.9837,9.3640,2.0097
86.555,3.9837,9.3640,2.0097
86.562,3.9837,9.3640,2.0097
86.569,3.9829,9.3640,2.0097
86.578,3.9829,9.3640,2.0097
86.585,3.9822,9.3640,2.0097
86.593,3.9822,9.3640,2.0097
86.600,3.9822,9.3640,2.0097
86.607,3.9816,9.3640,2.0097
86.615,3.9816,9.3640,2.0097
86.622,3.9816,9.3640,2.0097
86.631,3.9813,9.3640,2.0097
86.639,3.9813,9.3640,2.0097
86.646,3.9812,9.3640,2.0097
86.654,3.9812,9.3640,2.0097
86.661,3.9812,9.3640,2.0097
86.669,3.9810,9.3640,2.0097
86.677,3.9810,9.3640,2.0097
86.685,3.9809,9.3640,2.0097
86.693,3.9809,9.3640,2.0097
86.702,3.9809,9.3640,2.0097
86.708,3.9808,9.3640,2.0097
86.718,3.9808,9.3640,2.0097
86.726,3.9808,9.3640,2.0097
86.736,3.9808,9.3640,2.0097
86.745,3.9808,9.3640,2.0097
86.753,3.9808,9.3640,2.0097
86.762,3.9808,9.3640,2.0097
86.769,3.9808,9.3640,2.0097
86.779,3.9808,9.3640,2.0097
86.787,3.9808,9.3640,2.0097
86.796,3.9808,9.3640,2.0097
86.804,3.9808,9.3640,2.0097
86.812,3.9808,9.3640,2.0097
86.821,3.9808,9.3640,2.0097
86.830,3.9808,9.3640,2.0097
86.840,3.9808,9.3640,2.0097
86.848,3.9808,9.3640,2.0097
86.856,3.9808,9.3640,2.0097
86.864,3.9808,9.3640,2.0097
86.874,3.9808,9.3640,2.0097
86.882,3.9808,9.3640,2.0097
86.889,3.9808,9.3640,2.0097
86.898,3.9808,9.3640,2.0097
86.906,3.9808,9.3640,2.0097
86.916,3.9808,9.3640,2.0097
86.923,3.9808,9.3640,2.0097
86.931,3.9808,9.3640,2.0097
86.940,3.9808,9.3640,2.0097
86.948,3.9808,9.3640,2.0097
86.957,3.9808,9.3640,2.0097
86.967,3.9808,9.3640,2.0097
86.975,3.9808,9.3640,2.0097
86.984,3.9808,9.3640,2.0097
86.990,3.9808,9.3640,2.0097
87.000,3.9808,9.3640,2.0097
87.007,3.9808,9.3640,2.0097
87.016,3.9808,9.3640,2.0097
87.023,3.9808,9.3640,2.0097
87.032,3.9808,9.3640,2.0097
87.041,3.9808,9.3640,2.0097
87.050,3.9808,9.3640,2.0097
87.059,3.9808,9.3640,2.0097
87.067,3.9808,9.3640,2.0097
87.075,3.9808,9.3640,2.0097
87.084,3.9808,9.3640,2.0097
87.092,3.9808,9.3640,2.0097
87.102,3.9808,9.3640,2.0097
87.109,3.9808,9.3640,2.0097
87.118,3.9808,9.3640,2.0097
87.126,3.9808,9.3640,2.0097
87.135,3.9808,9.3640,2.0097
87.143,3.9808,9.3640,2.0097
87.152,3.9808,9.3640,2.0097
87.160,3.9808,9.3640,2.0097
87.169,3.9808,9.3640,2.0097
87.176,3.9808,9.3640,2.0097
87.186,3.9808,9.3640,2.0097
87.194,3.9808,9.3640,2.0097
87.202,3.9808,9.3640,2.0097
87.211,3.9808,9.3640,2.0097
87.219,3.9808,9.3640,2.0097
87.227,3.9808,9.3640,2.0097
87.236,3.9808,9.3640,2.0097
87.244,3.9808,9.3640,2.0097
87.251,3.9809,9.3640,2.0097
87.259,3.9809,9.3640,2.0097
87.267,3.9810,9.3640,2.0097
87.276,3.9810,9.3640,2.0097
87.283,3.9810,9.3640,2.0097
87.291,3.9811,9.3640,2.0097
87.299,3.9811,9.3640,2.0097
87.307,3.9812,9.3640,2.0097
87.315,3.9812,9.3640,2.0097
87.323,3.9812,9.3640,2.0097
87.331,3.9814,9.3640,2.0097
87.340,3.9814,9.3640,2.0097
87.348,3.9815,9.3640,2.0097
87.358,3.9815,9.3640,2.0097
87.367,3.9817,9.3640,2.0097
87.375,3.9817,9.3640,2.0097
87.384,3.9819,9.3640,2.0097
87.394,3.9819,9.3640,2.0097
87.403,3.9819,9.3640,2.0097
87.411,3.9820,9.3640,2.0097
87.420,3.9820,9.3640,2.0097
87.427,3.9822,9.3640,2.0097
87.437,3.9822,9.3640,2.0097
87.447,3.9824,9.3640,2.0097
87.455,3.9824,9.3640,2.0097
87.464,3.9826,9.3640,2.0097
87.472,3.9826,9.3640,2.0097
87.481,3.9826,9.3640,2.0097
87.488,3.9828,9.3640,2.0097
87.498,3.9828,9.3640,2.0097
87.507,3.9830,9.3640,2.0097
87.516,3.9830,9.3640,2.0097
87.525,3.9833,9.3640,2.0097
87.535,3.9833,9.3640,2.0097
87.545,3.9839,9.3640,2.0097
87.555,3.9839,9.3640,2.0097
87.564,3.9845,9.3640,2.0097
87.574,3.9845,9.3640,2.0097
87.582,3.9845,9.3640,2.0097
87.600,3.9851,9.3640,2.0097
87.610,3.9857,9.3640,2.0097
87.619,3.9857,9.3640,2.0097
87.627,3.9863,9.3640,2.0097
87.637,3.9863,9.3640,2.0097
87.645,3.9869,9.3640,2.0097
87.654,3.9869,9.3640,2.0097
87.663,3.9869,9.3640,2.0097
87.671,3.9875,9.3640,2.0097
87.681,3.9875,9.3640,2.0097
87.688,3.9881,9.3640,2.0097
87.699,3.9881,9.3640,2.0097
87.707,3.9888,9.3640,2.0097
87.717,3.9888,9.3640,2.0097
87.726,3.9894,9.3640,2.0097
87.735,3.9894,9.3640,2.0097
87.744,3.9894,9.3640,2.0097
87.753,3.9901,9.3640,2.0097
87.763,3.9901,9.3640,2.0097
87.770,3.9907,9.3640,2.0097
87.779,3.9907,9.3640,2.0097
87.787,3.9914,9.3640,2.0097
87.796,3.9914,9.3640,2.0097
87.804,3.9921,9.3640,2.0097
87.813,3.9921,9.3640,2.0097
87.820,3.9921,9.3640,2.0097
87.827,3.9928,9.3640,2.0097
87.836,3.9928,9.3640,2.0097
87.844,3.9928,9.3640,2.0097
87.851,3.9935,9.3640,2.0097
87.858,3.9935,9.3640,2.0097
87.867,3.9942,9.3640,2.0097
87.875,3.9942,9.3640,2.0097
87.883,3.9942,9.3640,2.0097
87.889,3.9949,9.3640,2.0097
87.900,3.9949,9.3640,2.0097
87.907,3.9956,9.3640,2.0097
87.916,3.9956,9.3640,2.0097
87.922,3.9956,9.3640,2.0097
87.931,3.9963,9.3640,2.0097
87.939,3.9963,9.3640,2.0097
87.947,3.9969,9.3640,2.0097
87.955,3.9969,9.3640,2.0097
87.964,3.9976,9.3640,2.0097
87.973,3.9976,9.3640,2.0097
87.981,3.9976,9.3640,2.0097
87.988,3.9982,9.3640,2.0097
87.998,3.9982,9.3640,2.0097
88.005,3.9988,9.3640,2.0097
88.014,3.9988,9.3640,2.0097
88.021,3.9988,9.3640,2.0097
88.030,3.9994,9.3640,2.0097
88.038,3.9994,9.3640,2.0097
88.046,4.0000,9.3640,2.0097
88.056,4.0000,9.3640,2.0097
88.064,4.0006,9.3640,2.0097
88.073,4.0006,9.3640,2.0097
88.081,4.0006,9.3640,2.0097
88.088,4.0008,9.3640,2.0097
88.097,4.0008,9.3640,2.0097
88.103,4.0008,9.3640,2.0097
88.112,4.0011,9.3640,2.0097
88.120,4.0011,9.3640,2.0097
88.128,4.0013,9.3640,2.0097
88.136,4.0013,9.3640,2.0097
88.144,4.0015,9.3640,2.0097
88.153,4.0015,9.3640,2.0097
88.160,4.0015,9.3640,2.0097
88.168,4.0017,9.3640,2.0097
88.179,4.0017,9.3640,2.0097
88.185,4.0019,9.3640,2.0097
88.194,4.0019,9.3640,2.0097
88.202,4.0019,9.3640,2.0097
88.210,4.0021,9.3640,2.0097
88.219,4.0021,9.3640,2.0097
88.226,4.0022,9.3640,2.0097
88.236,4.0022,9.3640,2.0097
88.243,4.0022,9.3640,2.0097
88.251,4.0024,9.3640,2.0097
88.259,4.0024,9.3640,2.0097
88.268,4.0025,9.3640,2.0097
88.276,4.0025,9.3640,2.0097
88.284,4.0025,9.3640,2.0097
88.293,4.0025,9.3640,2.0097
88.301,4.0025,9.3640,2.0097
88.308,4.0025,9.3640,2.0097
88.318,4.0025,9.3640,2.0097
88.324,4.0025,9.3640,2.0097
88.334,4.0025,9.3640,2.0097
88.340,4.0025,9.3640,2.0097
88.348,4.0025,9.3640,2.0097
88.357,4.0025,9.3640,2.0097
88.365,4.0025,9.3640,2.0097
88.372,4.0025,9.3640,2.0097
88.379,4.0025,9.3640,2.0097
88.386,4.0025,9.3640,2.0097
88.396,4.0025,9.3640,2.0097
88.404,4.0025,9.3640,2.0097
88.411,4.0025,9.3639,2.0097
88.420,4.0025,9.3639,2.0097
88.428,4.0025,9.3639,2.0097
88.436,4.0025,9.3639,2.0097
88.444,4.0025,9.3639,2.0097
88.451,4.0025,9.3638,2.0097
88.459,4.0025,9.3638,2.0097
88.467,4.0025,9.3638,2.0097
88.475,4.0025,9.3638,2.0097
88.484,4.0025,9.3638,2.0097
88.491,4.0025,9.3637,2.0097
88.502,4.0025,9.3637,2.0097
88.509,4.0025,9.3636,2.0097
88.520,4.0025,9.3636,2.0097
88.527,4.0025,9.3634,2.0097
88.536,4.0025,9.3634,2.0097
88.544,4.0025,9.3631,2.0097
88.552,4.0025,9.3631,2.0097
88.559,4.0025,9.3631,2.0097
88.568,4.0025,9.3628,2.0097
88.577,4.0025,9.3628,2.0097
88.585,4.0025,9.3626,2.0097
88.594,4.0025,9.3626,2.0097
88.602,4.0025,9.3626,2.0097
88.610,4.0025,9.3623,2.0097
88.620,4.0025,9.3623,2.0097
88.629,4.0025,9.3620,2.0097
88.638,4.0025,9.3620,2.0097
88.646,4.0025,9.3616,2.0097
88.657,4.0025,9.3616,2.0097
88.666,4.0025,9.3613,2.0097
88.675,4.0025,9.3613,2.0097
88.684,4.0025,9.3613,2.0097
88.692,4.0025,9.3609,2.0097
88.703,4.0025,9.3609,2.0097
88.711,4.0025,9.3602,2.0097
88.720,4.0025,9.3602,2.0097
88.729,4.0025,9.3594,2.0097
88.738,4.0025,9.3594,2.0097
88.747,4.0025,9.3586,2.0097
88.755,4.0025,9.3586,2.0097
88.764,4.0025,9.3578,2.0097
88.774,4.0025,9.3578,2.0097
88.783,4.0025,9.3578,2.0097
88.791,4.0025,9.3570,2.0097
88.802,4.0025,9.3570,2.0097
88.811,4.0025,9.3561,2.0097
88.821,4.0025,9.3561,2.0097
88.830,4.0025,9.3553,2.0097
88.840,4.0025,9.3553,2.0097
88.849,4.0025,9.3544,2.0097
88.859,4.0025,9.3544,2.0097
88.868,4.0025,9.3535,2.0097
88.877,4.0025,9.3535,2.0097
88.885,4.0025,9.3526,2.0097
88.895,4.0025,9.3526,2.0097
88.904,4.0025,9.3526,2.0097
88.912,4.0025,9.3517,2.0097
88.921,4.0025,9.3517,2.0097
88.930,4.0025,9.3508,2.0097
88.939,4.0025,9.3508,2.0097
88.948,4.0025,9.3499,2.0097
88.957,4.0025,9.3499,2.0097
88.966,4.0025,9.3490,2.0097
88.975,4.0025,9.3490,2.0097
88.984,4.0025,9.3490,2.0097
88.992,4.0025,9.3480,2.0097
89.003,4.0025,9.3480,2.0097
89.011,4.0025,9.3471,2.0097
89.021,4.0025,9.3471,2.0097
89.030,4.0025,9.3462,2.0097
89.038,4.0025,9.3462,2.0097
89.046,4.0025,9.3452,2.0097
89.054,4.0025,9.3452,2.0097
89.062,4.0025,9.3452,2.0097
89.069,4.0025,9.3443,2.0097
89.077,4.0025,9.3443,2.0097
89.087,4.0025,9.3434,2.0097
89.095,4.0025,9.3434,2.0097
89.102,4.0025,9.3434,2.0097
89.110,4.0025,9.3424,2.0097
89.120,4.0025,9.3424,2.0097
89.127,4.0025,9.3415,2.0097
89.137,4.0025,9.3415,2.0097
89.146,4.0025,9.3405,2.0097
89.155,4.0025,9.3405,2.0097
89.163,4.0025,9.3405,2.0097
89.169,4.0025,9.3395,2.0097
89.180,4.0025,9.3395,2.0097
89.187,4.0025,9.3386,2.0097
89.197,4.0025,9.3386,2.0097
89.206,4.0025,9.3376,2.0097
89.216,4.0025,9.3376,2.0097
89.223,4.0025,9.3376,2.0097
89.231,4.0025,9.3366,2.0097
89.240,4.0025,9.3366,2.0097
89.248,4.0025,9.3356,2.0097
89.257,4.0025,9.3356,2.0097
89.266,4.0025,9.3346,2.0097
89.275,4.0025,9.3346,2.0097
89.283,4.0025,9.3346,2.0097
89.290,4.0025,9.3336,2.0097
89.301,4.0025,9.3336,2.0097
89.308,4.0025,9.3326,2.0097
89.317,4.0025,9.3326,2.0097
89.325,4.0025,9.3316,2.0097
89.335,4.0025,9.3316,2.0097
89.343,4.0025,9.3316,2.0097
89.351,4.0025,9.3306,2.0097
89.360,4.0025,9.3306,2.0097
89.368,4.0025,9.3285,2.0097
89.376,4.0025,9.3285,2.0097
89.385,4.0025,9.3264,2.0097
89.393,4.0025,9.3264,2.0097
89.401,4.0025,9.3264,2.0097
89.408,4.0025,9.3243,2.0097
89.418,4.0025,9.3243,2.0097
89.426,4.0025,9.3222,2.0097
89.436,4.0025,9.3222,2.0097
89.444,4.0025,9.3201,2.0097
89.453,4.0025,9.3201,2.0097
89.461,4.0025,9.3201,2.0097
89.469,4.0025,9.3180,2.0097
89.479,4.0025,9.3180,2.0097
89.485,4.0025,9.3159,2.0097
89.494,4.0025,9.3159,2.0097
89.502,4.0025,9.3159,2.0097
89.510,4.0025,9.3138,2.0097
89.519,4.0025,9.3138,2.0097
89.527,4.0025,9.3117,2.0097
89.537,4.0025,9.3117,2.0097
89.544,4.0025,9.3095,2.0097
89.553,4.0025,9.3095,2.0097
89.561,4.0025,9.3095,2.0097
89.569,4.0025,9.3074,2.0097
89.578,4.0025,9.3074,2.0097
89.586,4.0025,9.3052,2.0097
89.595,4.0025,9.3052,2.0097
89.604,4.0025,9.3052,2.0097
89.611,4.0025,9.3030,2.0097
89.621,4.0025,9.3030,2.0097
89.629,4.0025,9.3008,2.0097
89.640,4.0025,9.3008,2.0097
89.648,4.0025,9.2986,2.0097
89.669,4.0025,9.2964,2.0097
89.679,4.0025,9.2964,2.0097
89.687,4.0025,9.2942,2.0097
89.696,4.0025,9.2942,2.0097
89.705,4.0025,9.2919,2.0097
89.715,4.0025,9.2919,2.0097
89.723,4.0025,9.2919,2.0097
89.731,4.0025,9.2897,2.0097
89.741,4.0025,9.2897,2.0097
89.749,4.0025,9.2875,2.0097
89.758,4.0025,9.2875,2.0097
89.766,4.0025,9.2852,2.0097
89.774,4.0025,9.2852,2.0097
89.783,4.0025,9.2852,2.0097
89.789,4.0025,9.2829,2.0097
89.799,4.0025,9.2829,2.0097
89.807,4.0025,9.2807,2.0097
89.816,4.0025,9.2807,2.0097
89.823,4.0025,9.2807,2.0097
89.832,4.0025,9.2784,2.0097
89.841,4.0025,9.2784,2.0097
89.848,4.0025,9.2761,2.0097
89.856,4.0025,9.2761,2.0097
89.866,4.0025,9.2738,2.0097
89.875,4.0025,9.2738,2.0097
89.883,4.0025,9.2738,2.0097
89.891,4.0025,9.2715,2.0097
89.901,4.0025,9.2715,2.0097
89.908,4.0025,9.2691,2.0097
89.918,4.0025,9.2691,2.0097
89.928,4.0025,9.2668,2.0097
89.938,4.0025,9.2668,2.0097
89.946,4.0025,9.2645,2.0097
89.956,4.0025,9.2645,2.0097
89.965,4.0025,9.2621,2.0097
89.975,4.0025,9.2621,2.0097
89.984,4.0025,9.2597,2.0097
89.995,4.0025,9.2597,2.0097
90.003,4.0025,9.2597,2.0097
90.011,4.0025,9.2574,2.0097
90.021,4.0025,9.2574,2.0097
90.029,4.0025,9.2550,2.0097
90.038,4.0025,9.2550,2.0097
90.048,4.0025,9.2526,2.0097
90.059,4.0025,9.2526,2.0097
90.068,4.0025,9.2501,2.0097
90.079,4.0025,9.2501,2.0097
90.087,4.0025,9.2477,2.0097
90.098,4.0025,9.2477,2.0097
90.107,4.0025,9.2453,2.0097
90.116,4.0025,9.2453,2.0097
90.124,4.0025,9.2428,2.0097
90.135,4.0025,9.2428,2.0097
90.142,4.0025,9.2428,2.0097
90.150,4.0025,9.2403,2.0097
90.160,4.0025,9.2403,2.0097
90.169,4.0025,9.2378,2.0097
90.179,4.0025,9.2378,2.0097
90.187,4.0025,9.2353,2.0097
90.198,4.0025,9.2353,2.0097
90.206,4.0025,9.2328,2.0097
90.216,4.0025,9.2328,2.0097
90.223,4.0025,9.2328,2.0097
90.233,4.0025,9.2303,2.0097
90.242,4.0025,9.2303,2.0097
90.251,4.0025,9.2278,2.0097
90.261,4.0025,9.2278,2.0097
90.270,4.0025,9.2253,2.0097
90.281,4.0025,9.2253,2.0097
90.288,4.0025,9.2227,2.0097
90.300,4.0025,9.2227,2.0097
90.307,4.0025,9.2201,2.0097
90.316,4.0025,9.2201,2.0097
90.323,4.0025,9.2201,2.0097
90.332,4.0025,9.2176,2.0097
90.341,4.0025,9.2176,2.0097
90.348,4.0025,9.2150,2.0097
90.357,4.0025,9.2150,2.0097
90.364,4.0025,9.2124,2.0097
90.373,4.0025,9.2124,2.0097
90.381,4.0025,9.2124,2.0097
90.388,4.0025,9.2098,2.0097
90.398,4.0025,9.2098,2.0097
90.406,4.0025,9.2072,2.0097
90.416,4.0025,9.2072,2.0097
90.424,4.0025,9.2072,2.0097
90.433,4.0025,9.2046,2.0097
90.443,4.0025,9.2046,2.0097
90.451,4.0025,9.2020,2.0097
90.459,4.0025,9.2020,2.0097
90.468,4.0025,9.1994,2.0097
90.477,4.0025,9.1994,2.0097
90.485,4.0025,9.1968,2.0097
90.494,4.0025,9.1968,2.0097
90.502,4.0025,9.1968,2.0097
90.510,4.0025,9.1942,2.0097
90.519,4.0025,9.1942,2.0097
90.526,4.0025,9.1916,2.0097
90.534,4.0025,9.1916,2.0097
90.542,4.0025,9.1916,2.0097
90.550,4.0025,9.1889,2.0097
90.558,4.0025,9.1889,2.0097
90.566,4.0025,9.1863,2.0097
90.575,4.0025,9.1863,2.0097
90.582,4.0025,9.1863,2.0097
90.590,4.0025,9.1836,2.0097
90.600,4.0025,9.1836,2.0097
90.608,4.0025,9.1809,2.0097
90.618,4.0025,9.1809,2.0097
90.625,4.0025,9.1783,2.0097
90.636,4.0025,9.1783,2.0097
90.643,4.0025,9.1783,2.0097
90.651,4.0025,9.1756,2.0097
90.659,4.0025,9.1756,2.0097
90.667,4.0025,9.1729,2.0097
90.676,4.0025,9.1729,2.0097
90.684,4.0025,9.1703,2.0097
90.692,4.0025,9.1703,2.0097
90.700,4.0025,9.1703,2.0097
90.708,4.0025,9.1676,2.0097
90.718,4.0025,9.1676,2.0097
90.725,4.0025,9.1649,2.0097
90.734,4.0025,9.1649,2.0097
90.743,4.0025,9.1649,2.0097
90.750,4.0025,9.1623,2.0097
90.760,4.0025,9.1623,2.0097
90.768,4.0025,9.1596,2.0097
90.778,4.0025,9.1596,2.0097
90.786,4.0025,9.1569,2.0097
90.795,4.0025,9.1569,2.0097
90.804,4.0025,9.1569,2.0097
90.811,4.0025,9.1543,2.0097
90.820,4.0025,9.1543,2.0097
90.827,4.0025,9.1516,2.0097
90.837,4.0025,9.1516,2.0097
90.845,4.0025,9.1489,2.0097
90.855,4.0025,9.1489,2.0097
90.863,4.0025,9.1489,2.0097
90.870,4.0025,9.1463,2.0097
90.880,4.0025,9.1463,2.0097
90.887,4.0025,9.1436,2.0097
90.897,4.0025,9.1436,2.0097
90.904,4.0025,9.1409,2.0097
90.913,4.0025,9.1409,2.0097
90.920,4.0025,9.1409,2.0097
90.928,4.0025,9.1383,2.0097
90.937,4.0025,9.1383,2.0097
90.945,4.0025,9.1356,2.0097
90.953,4.0025,9.1356,2.0097
90.961,4.0025,9.1356,2.0097
90.969,4.0025,9.1329,2.0097
90.978,4.0025,9.1329,2.0097
90.987,4.0025,9.1303,2.0097
90.996,4.0025,9.1303,2.0097
91.004,4.0025,9.1276,2.0097
91.013,4.0025,9.1276,2.0097
91.020,4.0025,9.1276,2.0097
91.028,4.0025,9.1249,2.0097
91.037,4.0025,9.1249,2.0097
91.044,4.0025,9.1223,2.0097
91.053,4.0025,9.1223,2.0097
91.061,4.0025,9.1223,2.0097
91.069,4.0025,9.1196,2.0097
91.079,4.0025,9.1196,2.0097
91.087,4.0025,9.1169,2.0097
91.096,4.0025,9.1169,2.0097
91.104,4.0025,9.1169,2.0097
91.112,4.0025,9.1143,2.0097
91.120,4.0025,9.1143,2.0097
91.129,4.0025,9.1116,2.0097
91.139,4.0025,9.1116,2.0097
91.146,4.0025,9.1089,2.0097
91.156,4.0025,9.1089,2.0097
91.166,4.0025,9.1063,2.0097
91.175,4.0025,9.1063,2.0097
91.183,4.0025,9.1063,2.0097
91.192,4.0025,9.1036,2.0097
91.203,4.0025,9.1036,2.0097
91.211,4.0025,9.1009,2.0097
91.220,4.0025,9.1009,2.0097
91.229,4.0025,9.0983,2.0097
91.240,4.0025,9.0983,2.0097
91.248,4.0025,9.0956,2.0097
91.257,4.0025,9.0956,2.0097
91.267,4.0025,9.0929,2.0097
91.277,4.0025,9.0929,2.0097
91.285,4.0025,9.0903,2.0097
91.295,4.0025,9.0903,2.0097
91.304,4.0025,9.0903,2.0097
91.313,4.0025,9.0876,2.0097
91.322,4.0025,9.0876,2.0097
91.331,4.0025,9.0849,2.0097
91.342,4.0025,9.0849,2.0097
91.350,4.0025,9.0823,2.0097
91.361,4.0025,9.0823,2.0097
91.371,4.0025,9.0796,2.0097
91.380,4.0025,9.0796,2.0097
91.388,4.0025,9.0769,2.0097
91.397,4.0025,9.0769,2.0097
91.406,4.0025,9.0743,2.0097
91.416,4.0025,9.0743,2.0097
91.423,4.0025,9.0743,2.0097
91.432,4.0025,9.0716,2.0097
91.442,4.0025,9.0716,2.0097
91.450,4.0025,9.0689,2.0097
91.459,4.0025,9.0689,2.0097
91.468,4.0025,9.0663,2.0097
91.477,4.0025,9.0663,2.0097
91.485,4.0025,9.0636,2.0097
91.496,4.0025,9.0636,2.0097
91.504,4.0025,9.0636,2.0097
91.513,4.0025,9.0609,2.0097
91.523,4.0025,9.0609,2.0097
91.531,4.0025,9.0583,2.0097
91.540,4.0025,9.0583,2.0097
91.548,4.0025,9.0556,2.0097
91.557,4.0025,9.0556,2.0097
91.566,4.0025,9.0529,2.0097
91.574,4.0025,9.0529,2.0097
91.582,4.0025,9.0529,2.0097
91.590,4.0025,9.0503,2.0097
91.601,4.0025,9.0503,2.0097
91.608,4.0025,9.0476,2.0097
91.618,4.0025,9.0476,2.0097
91.625,4.0025,9.0449,2.0097
91.635,4.0025,9.0449,2.0097
91.642,4.0025,9.0449,2.0097
91.651,4.0025,9.0423,2.0097
91.659,4.0025,9.0423,2.0097
91.667,4.0025,9.0396,2.0097
91.676,4.0025,9.0396,2.0097
91.684,4.0025,9.0369,2.0097
91.693,4.0025,9.0369,2.0097
91.702,4.0025,9.0369,2.0097
91.710,4.0025,9.0343,2.0097
91.719,4.0025,9.0343,2.0097
91.726,4.0025,9.0316,2.0097
91.735,4.0025,9.0316,2.0097
91.743,4.0025,9.0316,2.0097
91.751,4.0025,9.0289,2.0097
91.768,4.0025,9.0263,2.0097
91.778,4.0025,9.0263,2.0097
91.785,4.0025,9.0236,2.0097
91.796,4.0025,9.0236,2.0097
91.804,4.0025,9.0209,2.0097
91.812,4.0025,9.0209,2.0097
91.820,4.0025,9.0209,2.0097
91.827,4.0025,9.0183,2.0097
91.837,4.0025,9.0183,2.0097
91.845,4.0025,9.0156,2.0097
91.854,4.0025,9.0156,2.0097
91.861,4.0025,9.0156,2.0097
91.870,4.0025,9.0129,2.0097
91.879,4.0025,9.0129,2.0097
91.886,4.0025,9.0103,2.0097
91.896,4.0025,9.0103,2.0097
91.903,4.0025,9.0103,2.0097
91.909,4.0025,9.0076,2.0097
91.919,4.0025,9.0076,2.0097
91.927,4.0025,9.0049,2.0097
91.936,4.0025,9.0049,2.0097
91.945,4.0025,9.0023,2.0097
91.953,4.0025,9.0023,2.0097
91.962,4.0025,9.0023,2.0097
91.969,4.0025,8.9996,2.0097
91.980,4.0025,8.9996,2.0097
91.988,4.0025,8.9969,2.0097
91.998,4.0025,8.9969,2.0097
92.006,4.0025,8.9943,2.0097
92.016,4.0025,8.9943,2.0097
92.024,4.0025,8.9943,2.0097
92.032,4.0025,8.9916,2.0097
92.040,4.0025,8.9916,2.0097
92.048,4.0025,8.9889,2.0097
92.058,4.0025,8.9889,2.0097
92.066,4.0025,8.9863,2.0097
92.076,4.0025,8.9863,2.0097
92.084,4.0025,8.9836,2.0097
92.093,4.0025,8.9836,2.0097
92.102,4.0025,8.9836,2.0097
92.109,4.0025,8.9809,2.0097
92.119,4.0025,8.9809,2.0097
92.126,4.0025,8.9783,2.0097
92.136,4.0025,8.9783,2.0097
92.143,4.0025,8.9783,2.0097
92.151,4.0025,8.9756,2.0097
92.159,4.0025,8.9756,2.0097
92.167,4.0025,8.9729,2.0097
92.177,4.0025,8.9729,2.0097
92.184,4.0025,8.9703,2.0097
92.194,4.0025,8.9703,2.0097
92.202,4.0025,8.9703,2.0097
92.209,4.0025,8.9676,2.0097
92.217,4.0025,8.9676,2.0097
92.225,4.0025,8.9649,2.0097
92.235,4.0025,8.9649,2.0097
92.242,4.0025,8.9649,2.0097
92.249,4.0025,8.9623,2.0097
92.258,4.0025,8.9623,2.0097
92.266,4.0025,8.9596,2.0097
92.276,4.0025,8.9596,2.0097
92.285,4.0025,8.9569,2.0097
92.295,4.0025,8.9569,2.0097
92.303,4.0025,8.9569,2.0097
92.310,4.0025,8.9543,2.0097
92.319,4.0025,8.9543,2.0097
92.327,4.0025,8.9516,2.0097
92.336,4.0025,8.9516,2.0097
92.343,4.0025,8.9516,2.0097
92.351,4.0025,8.9489,2.0097
92.359,4.0025,8.9489,2.0097
92.367,4.0025,8.9463,2.0097
92.376,4.0025,8.9463,2.0097
92.384,4.0025,8.9436,2.0097
92.393,4.0025,8.9436,2.0097
92.401,4.0025,8.9436,2.0097
92.409,4.0025,8.9409,2.0097
92.418,4.0025,8.9409,2.0097
92.427,4.0025,8.9383,2.0097
92.438,4.0025,8.9383,2.0097
92.446,4.0025,8.9356,2.0097
92.456,4.0025,8.9356,2.0097
92.464,4.0025,8.9329,2.0097
92.474,4.0025,8.9329,2.0097
92.481,4.0025,8.9329,2.0097
92.490,4.0025,8.9303,2.0097
92.501,4.0025,8.9303,2.0097
92.507,4.0025,8.9276,2.0097
92.517,4.0025,8.9276,2.0097
92.524,4.0025,8.9249,2.0097
92.535,4.0025,8.9249,2.0097
92.543,4.0025,8.9249,2.0097
92.552,4.0025,8.9223,2.0097
92.563,4.0025,8.9223,2.0097
92.571,4.0025,8.9196,2.0097
92.583,4.0025,8.9196,2.0097
92.590,4.0025,8.9169,2.0097
92.601,4.0025,8.9169,2.0097
92.610,4.0025,8.9143,2.0097
92.620,4.0025,8.9143,2.0097
92.629,4.0025,8.9116,2.0097
92.639,4.0025,8.9116,2.0097
92.647,4.0025,8.9089,2.0097
92.656,4.0025,8.9089,2.0097
92.665,4.0025,8.9063,2.0097
92.675,4.0025,8.9063,2.0097
92.683,4.0025,8.9063,2.0097
92.690,4.0025,8.9036,2.0097
92.702,4.0025,8.9036,2.0097
92.710,4.0025,8.9009,2.0097
92.719,4.0025,8.9009,2.0097
92.728,4.0025,8.8983,2.0097
92.739,4.0025,8.8983,2.0097
92.748,4.0025,8.8956,2.0097
92.758,4.0025,8.8956,2.0097
92.768,4.0025,8.8929,2.0097
92.778,4.0025,8.8929,2.0097
92.785,4.0025,8.8903,2.0097
92.796,4.0025,8.8903,2.0097
92.804,4.0025,8.8876,2.0097
92.814,4.0025,8.8876,2.0097
92.823,4.0025,8.8876,2.0097
92.832,4.0025,8.8849,2.0097
92.841,4.0025,8.8849,2.0097
92.848,4.0025,8.8823,2.0097
92.857,4.0025,8.8823,2.0097
92.865,4.0025,8.8796,2.0097
92.874,4.0025,8.8796,2.0097
92.881,4.0025,8.8796,2.0097
92.890,4.0025,8.8769,2.0097
92.900,4.0025,8.8769,2.0097
92.906,4.0025,8.8743,2.0097
92.917,4.0025,8.8743,2.0097
92.924,4.0025,8.8743,2.0097
92.932,4.0025,8.8716,2.0097
92.941,4.0025,8.8716,2.0097
92.949,4.0025,8.8689,2.0097
92.957,4.0025,8.8689,2.0097
92.965,4.0025,8.8663,2.0097
92.973,4.0025,8.8663,2.0097
92.982,4.0025,8.8663,2.0097
92.989,4.0025,8.8636,2.0097
92.999,4.0025,8.8636,2.0097
93.006,4.0025,8.8609,2.0097
93.016,4.0025,8.8609,2.0097
93.022,4.0025,8.8609,2.0097
93.030,4.0025,8.8583,2.0097
93.039,4.0025,8.8583,2.0097
93.048,4.0025,8.8556,2.0097
93.056,4.0025,8.8556,2.0097
93.065,4.0025,8.8529,2.0097
93.074,4.0025,8.8529,2.0097
93.082,4.0025,8.8529,2.0097
93.090,4.0025,8.8503,2.0097
93.100,4.0025,8.8503,2.0097
93.107,4.0025,8.8476,2.0097
93.115,4.0025,8.8476,2.0097
93.123,4.0025,8.8476,2.0097
93.132,4.0025,8.8449,2.0097
93.140,4.0025,8.8449,2.0097
93.148,4.0025,8.8423,2.0097
93.157,4.0025,8.8423,2.0097
93.166,4.0025,8.8396,2.0097
93.174,4.0025,8.8396,2.0097
93.181,4.0025,8.8396,2.0097
93.188,4.0025,8.8369,2.0097
93.199,4.0025,8.8369,2.0097
93.206,4.0025,8.8343,2.0097
93.216,4.0025,8.8343,2.0097
93.223,4.0025,8.8343,2.0097
93.231,4.0025,8.8316,2.0097
93.241,4.0025,8.8316,2.0097
93.249,4.0025,8.8289,2.0097
93.258,4.0025,8.8289,2.0097
93.266,4.0025,8.8263,2.0097
93.275,4.0025,8.8263,2.0097
93.284,4.0025,8.8236,2.0097
93.294,4.0025,8.8236,2.0097
93.302,4.0025,8.8236,2.0097
93.310,4.0025,8.8209,2.0097
93.318,4.0025,8.8209,2.0097
93.326,4.0025,8.8183,2.0097
93.335,4.0025,8.8183,2.0097
93.343,4.0025,8.8183,2.0097
93.350,4.0025,8.8156,2.0097
93.358,4.0025,8.8156,2.0097
93.367,4.0025,8.8129,2.0097
93.376,4.0025,8.8129,2.0097
93.384,4.0025,8.8103,2.0097
93.392,4.0025,8.8103,2.0097
93.400,4.0025,8.8103,2.0097
93.408,4.0025,8.8076,2.0097
93.417,4.0025,8.8076,2.0097
93.424,4.0025,8.8049,2.0097
93.436,4.0025,8.8049,2.0097
93.442,4.0025,8.8049,2.0097
93.450,4.0025,8.8023,2.0097
93.458,4.0025,8.8023,2.0097
93.468,4.0025,8.7996,2.0097
93.476,4.0025,8.7996,2.0097
93.484,4.0025,8.7996,2.0097
93.491,4.0025,8.7969,2.0097
93.501,4.0025,8.7969,2.0097
93.508,4.0025,8.7943,2.0097
93.518,4.0025,8.7943,2.0097
93.526,4.0025,8.7916,2.0097
93.536,4.0025,8.7916,2.0097
93.544,4.0025,8.7889,2.0097
93.553,4.0025,8.7889,2.0097
93.560,4.0025,8.7889,2.0097
93.568,4.0025,8.7863,2.0097
93.578,4.0025,8.7863,2.0097
93.586,4.0025,8.7836,2.0097
93.595,4.0025,8.7836,2.0097
93.604,4.0025,8.7836,2.0097
93.611,4.0025,8.7809,2.0097
93.620,4.0025,8.7809,2.0097
93.628,4.0025,8.7783,2.0097
93.638,4.0025,8.7783,2.0097
93.646,4.0025,8.7756,2.0097
93.655,4.0025,8.7756,2.0097
93.664,4.0025,8.7756,2.0097
93.672,4.0025,8.7729,2.0097
93.682,4.0025,8.7729,2.0097
93.690,4.0025,8.7703,2.0097
93.702,4.0025,8.7703,2.0097
93.710,4.0025,8.7676,2.0097
93.719,4.0025,8.7676,2.0097
93.729,4.0025,8.7649,2.0097
93.739,4.0025,8.7649,2.0097
93.747,4.0025,8.7623,2.0097
93.757,4.0025,8.7623,2.0097
93.766,4.0025,8.7596,2.0097
93.777,4.0025,8.7596,2.0097
93.785,4.0025,8.7569,2.0097
93.796,4.0025,8.7569,2.0097
93.804,4.0025,8.7543,2.0097
93.815,4.0025,8.7543,2.0097
93.822,4.0025,8.7543,2.0097
93.831,4.0025,8.7516,2.0097
93.840,4.0025,8.7516,2.0097
93.850,4.0025,8.7489,2.0097
93.867,4.0025,8.7463,2.0097
93.882,4.0025,8.7463,2.0097
93.891,4.0025,8.7436,2.0097
93.902,4.0025,8.7436,2.0097
93.912,4.0025,8.7410,2.0097
93.921,4.0025,8.7410,2.0097
93.930,4.0025,8.7383,2.0097
93.940,4.0025,8.7383,2.0097
93.948,4.0025,8.7356,2.0097
93.958,4.0025,8.7356,2.0097
93.966,4.0025,8.7329,2.0097
93.975,4.0025,8.7329,2.0097
93.983,4.0025,8.7329,2.0097
93.992,4.0025,8.7303,2.0097
94.002,4.0025,8.7303,2.0097
94.010,4.0025,8.7276,2.0097
94.020,4.0025,8.7276,2.0097
94.029,4.0025,8.7250,2.0097
94.038,4.0025,8.7250,2.0097
94.046,4.0025,8.7223,2.0097
94.056,4.0025,8.7223,2.0097
94.064,4.0025,8.7196,2.0097
94.074,4.0025,8.7196,2.0097
94.083,4.0025,8.7196,2.0097
94.090,4.0025,8.7169,2.0097
94.101,4.0025,8.7169,2.0097
94.108,4.0025,8.7143,2.0097
94.118,4.0025,8.7143,2.0097
94.126,4.0025,8.7116,2.0097
94.136,4.0025,8.7116,2.0097
94.143,4.0025,8.7116,2.0097
94.151,4.0025,8.7090,2.0097
94.162,4.0025,8.7090,2.0097
94.170,4.0025,8.7063,2.0097
94.179,4.0025,8.7063,2.0097
94.186,4.0025,8.7036,2.0097
94.196,4.0025,8.7036,2.0097
94.203,4.0025,8.7036,2.0097
94.211,4.0025,8.7010,2.0097
94.219,4.0025,8.7010,2.0097
94.228,4.0025,8.6983,2.0097
94.237,4.0025,8.6983,2.0097
94.245,4.0025,8.6956,2.0097
94.254,4.0025,8.6956,2.0097
94.263,4.0025,8.6956,2.0097
94.271,4.0025,8.6930,2.0097
94.282,4.0025,8.6930,2.0097
94.290,4.0025,8.6903,2.0097
94.300,4.0025,8.6903,2.0097
94.308,4.0025,8.6876,2.0097
94.317,4.0025,8.6876,2.0097
94.324,4.0025,8.6850,2.0097
94.334,4.0025,8.6850,2.0097
94.341,4.0025,8.6850,2.0097
94.349,4.0025,8.6823,2.0097
94.357,4.0025,8.6823,2.0097
94.366,4.0025,8.6796,2.0097
94.375,4.0025,8.6796,2.0097
94.384,4.0025,8.6796,2.0097
94.394,4.0025,8.6770,2.0097
94.404,4.0025,8.6770,2.0097
94.412,4.0025,8.6743,2.0097
94.420,4.0025,8.6743,2.0097
94.429,4.0025,8.6716,2.0097
94.438,4.0025,8.6716,2.0097
94.445,4.0025,8.6690,2.0097
94.455,4.0025,8.6690,2.0097
94.463,4.0025,8.6690,2.0097
94.471,4.0025,8.6663,2.0097
94.479,4.0025,8.6663,2.0097
94.487,4.0025,8.6636,2.0097
94.497,4.0025,8.6636,2.0097
94.504,4.0025,8.6610,2.0097
94.514,4.0025,8.6610,2.0097
94.522,4.0025,8.6610,2.0097
94.530,4.0025,8.6583,2.0097
94.540,4.0025,8.6583,2.0097
94.548,4.0025,8.6556,2.0097
94.557,4.0025,8.6556,2.0097
94.565,4.0025,8.6530,2.0097
94.573,4.0025,8.6530,2.0097
94.582,4.0025,8.6530,2.0097
94.589,4.0025,8.6503,2.0097
94.600,4.0025,8.6503,2.0097
94.607,4.0025,8.6476,2.0097
94.617,4.0025,8.6476,2.0097
94.623,4.0025,8.6476,2.0097
94.632,4.0025,8.6450,2.0097
94.642,4.0025,8.6450,2.0097
94.649,4.0025,8.6423,2.0097
94.658,4.0025,8.6423,2.0097
94.666,4.0025,8.6396,2.0097
94.676,4.0025,8.6396,2.0097
94.683,4.0025,8.6396,2.0097
94.691,4.0025,8.6370,2.0097
94.701,4.0025,8.6370,2.0097
94.709,4.0025,8.6343,2.0097
94.718,4.0025,8.6343,2.0097
94.725,4.0025,8.6316,2.0097
94.737,4.0025,8.6316,2.0097
94.744,4.0025,8.6316,2.0097
94.752,4.0025,8.6290,2.0097
94.764,4.0025,8.6263,2.0097
94.773,4.0025,8.6263,2.0097
94.781,4.0025,8.6263,2.0097
94.788,4.0025,8.6236,2.0097
94.798,4.0025,8.6236,2.0097
94.806,4.0025,8.6210,2.0097
94.815,4.0025,8.6210,2.0097
94.822,4.0025,8.6210,2.0097
94.831,4.0025,8.6183,2.0097
94.839,4.0025,8.6183,2.0097
94.847,4.0025,8.6156,2.0097
94.856,4.0025,8.6156,2.0097
94.864,4.0025,8.6156,2.0097
94.871,4.0025,8.6130,2.0097
94.881,4.0025,8.6130,2.0097
94.888,4.0025,8.6103,2.0097
94.898,4.0025,8.6103,2.0097
94.905,4.0025,8.6076,2.0097
94.914,4.0025,8.6076,2.0097
94.922,4.0025,8.6076,2.0097
94.930,4.0025,8.6050,2.0097
94.940,4.0025,8.6050,2.0097
94.948,4.0025,8.6023,2.0097
94.958,4.0025,8.6023,2.0097
94.967,4.0025,8.5996,2.0097
94.975,4.0025,8.5996,2.0097
94.984,4.0025,8.5970,2.0097
94.993,4.0025,8.5970,2.0097
95.002,4.0025,8.5970,2.0097
95.010,4.0025,8.5943,2.0097
95.020,4.0025,8.5943,2.0097
95.028,4.0025,8.5916,2.0097
95.037,4.0025,8.5916,2.0097
95.046,4.0025,8.5890,2.0097
95.055,4.0025,8.5890,2.0097
95.066,4.0025,8.5863,2.0097
95.075,4.0025,8.5863,2.0097
95.083,4.0025,8.5863,2.0097
95.092,4.0025,8.5836,2.0097
95.102,4.0025,8.5836,2.0097
95.111,4.0025,8.5810,2.0097
95.120,4.0025,8.5810,2.0097
95.129,4.0025,8.5783,2.0097
95.140,4.0025,8.5783,2.0097
95.148,4.0025,8.5756,2.0097
95.158,4.0025,8.5756,2.0097
95.168,4.0025,8.5730,2.0097
95.178,4.0025,8.5730,2.0097
95.187,4.0025,8.5703,2.0097
95.197,4.0025,8.5703,2.0097
95.205,4.0025,8.5676,2.0097
95.216,4.0025,8.5676,2.0097
95.224,4.0025,8.5676,2.0097
95.232,4.0025,8.5650,2.0097
95.241,4.0025,8.5650,2.0097
95.250,4.0025,8.5623,2.0097
95.260,4.0025,8.5623,2.0097
95.269,4.0025,8.5596,2.0097
95.278,4.0025,8.5596,2.0097
95.286,4.0025,8.5570,2.0097
95.298,4.0025,8.5570,2.0097
95.306,4.0025,8.5543,2.0097
95.316,4.0025,8.5543,2.0097
95.325,4.0025,8.5516,2.0097
95.335,4.0025,8.5516,2.0097
95.343,4.0025,8.5516,2.0097
95.350,4.0025,8.5490,2.0097
95.360,4.0025,8.5490,2.0097
95.370,4.0025,8.5463,2.0097
95.380,4.0025,8.5463,2.0097
95.388,4.0025,8.5436,2.0097
95.398,4.0025,8.5436,2.0097
95.405,4.0025,8.5410,2.0097
95.414,4.0025,8.5410,2.0097
95.421,4.0025,8.5410,2.0097
95.430,4.0025,8.5383,2.0097
95.439,4.0025,8.5383,2.0097
95.447,4.0025,8.5356,2.0097
95.455,4.0025,8.5356,2.0097
95.464,4.0025,8.5330,2.0097
95.473,4.0025,8.5330,2.0097
95.482,4.0025,8.5330,2.0097
95.489,4.0025,8.5303,2.0097
95.499,4.0025,8.5303,2.0097
95.506,4.0025,8.5276,2.0097
95.516,4.0025,8.5276,2.0097
95.524,4.0025,8.5250,2.0097
95.534,4.0025,8.5250,2.0097
95.542,4.0025,8.5250,2.0097
95.550,4.0025,8.5223,2.0097
95.559,4.0025,8.5223,2.0097
95.566,4.0025,8.5196,2.0097
95.576,4.0025,8.5196,2.0097
95.584,4.0025,8.5196,2.0097
95.591,4.0025,8.5170,2.0097
95.601,4.0025,8.5170,2.0097
95.608,4.0025,8.5143,2.0097
95.617,4.0025,8.5143,2.0097
95.624,4.0025,8.5116,2.0097
95.634,4.0025,8.5116,2.0097
95.641,4.0025,8.5116,2.0097
95.649,4.0025,8.5090,2.0097
95.657,4.0025,8.5090,2.0097
95.666,4.0025,8.5063,2.0097
95.675,4.0025,8.5063,2.0097
95.683,4.0025,8.5063,2.0097
95.690,4.0025,8.5036,2.0097
95.701,4.0025,8.5036,2.0097
95.708,4.0025,8.5010,2.0097
95.717,4.0025,8.5010,2.0097
95.724,4.0025,8.4983,2.0097
95.735,4.0025,8.4983,2.0097
95.743,4.0025,8.4983,2.0097
95.751,4.0025,8.4956,2.0097
95.761,4.0025,8.4956,2.0097
95.768,4.0025,8.4930,2.0097
95.779,4.0025,8.4930,2.0097
95.786,4.0025,8.4903,2.0097
95.796,4.0025,8.4903,2.0097
95.804,4.0025,8.4876,2.0097
95.814,4.0025,8.4876,2.0097
95.822,4.0025,8.4876,2.0097
95.831,4.0025,8.4850,2.0097
95.839,4.0025,8.4850,2.0097
95.847,4.0025,8.4823,2.0097
95.855,4.0025,8.4823,2.0097
95.864,4.0025,8.4823,2.0097
95.872,4.0025,8.4796,2.0097
95.883,4.0025,8.4796,2.0097
95.889,4.0025,8.4770,2.0097
95.900,4.0025,8.4770,2.0097
95.906,4.0025,8.4743,2.0097
95.916,4.0025,8.4743,2.0097
95.923,4.0025,8.4743,2.0097
95.931,4.0025,8.4716,2.0097
95.940,4.0025,8.4716,2.0097
95.948,4.0025,8.4690,2.0097
95.956,4.0025,8.4690,2.0097
95.965,4.0025,8.4663,2.0097
95.975,4.0025,8.4663,2.0097
95.983,4.0025,8.4663,2.0097
95.991,4.0025,8.4636,2.0097
96.011,4.0025,8.4610,2.0097
96.020,4.0025,8.4610,2.0097
96.028,4.0025,8.4583,2.0097
96.038,4.0025,8.4583,2.0097
96.045,4.0025,8.4556,2.0097
96.055,4.0025,8.4556,2.0097
96.064,4.0025,8.4530,2.0097
96.074,4.0025,8.4530,2.0097
96.082,4.0025,8.4530,2.0097
96.090,4.0025,8.4503,2.0097
96.101,4.0025,8.4503,2.0097
96.107,4.0025,8.4476,2.0097
96.118,4.0025,8.4476,2.0097
96.125,4.0025,8.4450,2.0097
96.136,4.0025,8.4450,2.0097
96.143,4.0025,8.4450,2.0097
96.152,4.0025,8.4423,2.0097
96.162,4.0025,8.4423,2.0097
96.170,4.0025,8.4396,2.0097
96.182,4.0025,8.4396,2.0097
96.189,4.0025,8.4370,2.0097
96.199,4.0025,8.4370,2.0097
96.208,4.0025,8.4343,2.0097
96.219,4.0025,8.4343,2.0097
96.227,4.0025,8.4316,2.0097
96.237,4.0025,8.4316,2.0097
96.245,4.0025,8.4290,2.0097
96.254,4.0025,8.4290,2.0097
96.264,4.0025,8.4263,2.0097
96.275,4.0025,8.4263,2.0097
96.284,4.0025,8.4263,2.0097
96.292,4.0025,8.4236,2.0097
96.304,4.0025,8.4210,2.0097
96.315,4.0025,8.4210,2.0097
96.324,4.0025,8.4183,2.0097
96.335,4.0025,8.4183,2.0097
96.343,4.0025,8.4183,2.0097
96.351,4.0025,8.4156,2.0097
96.362,4.0025,8.4156,2.0097
96.371,4.0025,8.4130,2.0097
96.381,4.0025,8.4130,2.0097
96.390,4.0025,8.4103,2.0097
96.403,4.0025,8.4103,2.0097
96.411,4.0025,8.4076,2.0097
96.423,4.0025,8.4076,2.0097
96.432,4.0025,8.4050,2.0097
96.444,4.0025,8.4023,2.0097
96.455,4.0025,8.4023,2.0097
96.464,4.0025,8.4023,2.0097
96.473,4.0025,8.3996,2.0097
96.483,4.0025,8.3996,2.0097
96.490,4.0025,8.3970,2.0097
96.501,4.0025,8.3970,2.0097
96.508,4.0025,8.3943,2.0097
96.518,4.0025,8.3943,2.0097
96.526,4.0025,8.3916,2.0097
96.536,4.0025,8.3916,2.0097
96.544,4.0025,8.3890,2.0097
96.554,4.0025,8.3890,2.0097
96.563,4.0025,8.3890,2.0097
96.572,4.0025,8.3863,2.0097
96.582,4.0025,8.3863,2.0097
96.590,4.0025,8.3836,2.0097
96.601,4.0025,8.3836,2.0097
96.610,4.0025,8.3810,2.0097
96.619,4.0025,8.3810,2.0097
96.628,4.0025,8.3783,2.0097
96.638,4.0025,8.3783,2.0097
96.646,4.0025,8.3757,2.0097
96.655,4.0025,8.3757,2.0097
96.663,4.0025,8.3757,2.0097
96.671,4.0025,8.3730,2.0097
96.679,4.0025,8.3730,2.0097
96.687,4.0025,8.3703,2.0097
96.696,4.0025,8.3703,2.0097
96.704,4.0025,8.3703,2.0097
96.710,4.0025,8.3677,2.0097
96.720,4.0025,8.3677,2.0097
96.728,4.0025,8.3650,2.0097
96.737,4.0025,8.3650,2.0097
96.747,4.0025,8.3623,2.0097
96.755,4.0025,8.3623,2.0097
96.763,4.0025,8.3623,2.0097
96.770,4.0025,8.3597,2.0097
96.781,4.0025,8.3597,2.0097
96.788,4.0025,8.3570,2.0097
96.797,4.0025,8.3570,2.0097
96.804,4.0025,8.3543,2.0097
96.814,4.0025,8.3543,2.0097
96.821,4.0025,8.3543,2.0097
96.829,4.0025,8.3517,2.0097
96.837,4.0025,8.3517,2.0097
96.845,4.0025,8.3490,2.0097
96.854,4.0025,8.3490,2.0097
96.861,4.0025,8.3490,2.0097
96.869,4.0025,8.3464,2.0097
96.878,4.0025,8.3464,2.0097
96.886,4.0025,8.3437,2.0097
96.895,4.0025,8.3437,2.0097
96.904,4.0025,8.3437,2.0097
96.911,4.0025,8.3410,2.0097
96.921,4.0025,8.3410,2.0097
96.929,4.0025,8.3384,2.0097
96.938,4.0025,8.3384,2.0097
96.946,4.0025,8.3357,2.0097
96.955,4.0025,8.3357,2.0097
96.964,4.0025,8.3357,2.0097
96.972,4.0025,8.3330,2.0097
96.980,4.0025,8.3330,2.0097
96.987,4.0025,8.3304,2.0097
96.998,4.0025,8.3304,2.0097
97.005,4.0025,8.3277,2.0097
97.015,4.0025,8.3277,2.0097
97.022,4.0025,8.3277,2.0097
97.032,4.0025,8.3250,2.0097
97.041,4.0025,8.3250,2.0097
97.049,4.0025,8.3224,2.0097
97.058,4.0025,8.3224,2.0097
97.067,4.0025,8.3197,2.0097
97.076,4.0025,8.3197,2.0097
97.084,4.0025,8.3171,2.0097
97.095,4.0025,8.3171,2.0097
97.103,4.0025,8.3171,2.0097
97.112,4.0025,8.3144,2.0097
97.123,4.0025,8.3144,2.0097
97.130,4.0025,8.3117,2.0097
97.141,4.0025,8.3117,2.0097
97.149,4.0025,8.3091,2.0097
97.157,4.0025,8.3091,2.0097
97.166,4.0025,8.3064,2.0097
97.176,4.0025,8.3064,2.0097
97.184,4.0025,8.3037,2.0097
97.194,4.0025,8.3037,2.0097
97.203,4.0025,8.3037,2.0097
97.211,4.0025,8.3011,2.0097
97.221,4.0025,8.3011,2.0097
97.231,4.0025,8.2984,2.0097
97.241,4.0025,8.2984,2.0097
97.249,4.0025,8.2957,2.0097
97.258,4.0025,8.2957,2.0097
97.267,4.0025,8.2931,2.0097
97.277,4.0025,8.2931,2.0097
97.284,4.0025,8.2904,2.0097
97.295,4.0025,8.2904,2.0097
97.304,4.0025,8.2904,2.0097
97.312,4.0025,8.2877,2.0097
97.322,4.0025,8.2877,2.0097
97.332,4.0025,8.2851,2.0097
97.342,4.0025,8.2851,2.0097
97.350,4.0025,8.2824,2.0097
97.360,4.0025,8.2824,2.0097
97.368,4.0025,8.2797,2.0097
97.378,4.0025,8.2797,2.0097
97.386,4.0025,8.2771,2.0097
97.396,4.0025,8.2771,2.0097
97.404,4.0025,8.2744,2.0097
97.415,4.0025,8.2744,2.0097
97.422,4.0025,8.2744,2.0097
97.432,4.0025,8.2718,2.0097
97.443,4.0025,8.2718,2.0097
97.452,4.0025,8.2691,2.0097
97.461,4.0025,8.2691,2.0097
97.470,4.0025,8.2664,2.0097
97.481,4.0025,8.2664,2.0097
97.488,4.0025,8.2638,2.0097
97.497,4.0025,8.2638,2.0097
97.505,4.0025,8.2611,2.0097
97.515,4.0025,8.2611,2.0097
97.522,4.0025,8.2611,2.0097
97.531,4.0025,8.2585,2.0097
97.541,4.0025,8.2585,2.0097
97.549,4.0025,8.2558,2.0097
97.558,4.0025,8.2558,2.0097
97.567,4.0025,8.2531,2.0097
97.577,4.0025,8.2531,2.0097
97.585,4.0025,8.2505,2.0097
97.595,4.0025,8.2505,2.0097
97.604,4.0025,8.2505,2.0097
97.612,4.0025,8.2478,2.0097
97.622,4.0025,8.2478,2.0097
97.631,4.0025,8.2452,2.0097
97.640,4.0025,8.2452,2.0097
97.648,4.0025,8.2425,2.0097
97.658,4.0025,8.2425,2.0097
97.668,4.0025,8.2398,2.0097
97.678,4.0025,8.2398,2.0097
97.687,4.0025,8.2372,2.0097
97.698,4.0025,8.2372,2.0097
97.707,4.0025,8.2345,2.0097
97.718,4.0025,8.2345,2.0097
97.726,4.0025,8.2318,2.0097
97.737,4.0025,8.2318,2.0097
97.746,4.0025,8.2292,2.0097
97.755,4.0025,8.2292,2.0097
97.765,4.0025,8.2265,2.0097
97.775,4.0025,8.2265,2.0097
97.785,4.0025,8.2239,2.0097
97.794,4.0025,8.2239,2.0097
97.802,4.0025,8.2239,2.0097
97.812,4.0025,8.2212,2.0097
97.822,4.0025,8.2212,2.0097
97.831,4.0025,8.2185,2.0097
97.842,4.0025,8.2185,2.0097
97.850,4.0025,8.2159,2.0097
97.861,4.0025,8.2159,2.0097
97.870,4.0025,8.2132,2.0097
97.880,4.0025,8.2132,2.0097
97.888,4.0025,8.2106,2.0097
97.899,4.0025,8.2106,2.0097
97.908,4.0025,8.2079,2.0097
97.918,4.0025,8.2079,2.0097
97.926,4.0025,8.2052,2.0097
97.937,4.0025,8.2052,2.0097
97.944,4.0025,8.2052,2.0097
97.955,4.0025,8.2052,2.0097
97.963,4.0025,8.2052,2.0097
97.971,4.0025,8.2052,2.0097
97.982,4.0025,8.2052,2.0097
97.989,4.0025,8.2052,2.0097
98.000,4.0025,8.2052,2.0097
98.006,4.0025,8.2052,2.0097
98.016,4.0025,8.2052,2.0097
98.023,4.0025,8.2052,2.0097
98.032,4.0025,8.2052,2.0097
98.041,4.0025,8.2052,2.0097
98.050,4.0025,8.2052,2.0097
98.059,4.0025,8.2052,2.0097
98.067,4.0025,8.2052,2.0097
98.076,4.0025,8.2052,2.0097
98.083,4.0025,8.2052,2.0097
98.090,4.0025,8.2052,2.0097
98.100,4.0025,8.2052,2.0097
98.108,4.0025,8.2052,2.0097
98.117,4.0025,8.2052,2.0097
98.125,4.0025,8.2052,2.0097
98.143,4.0025,8.2052,2.0097
98.151,4.0025,8.2052,2.0097
98.160,4.0025,8.2052,2.0097
98.168,4.0025,8.2052,2.0097
98.179,4.0025,8.2052,2.0097
98.186,4.0025,8.2052,2.0097
98.195,4.0025,8.2052,2.0097
98.204,4.0025,8.2052,2.0097
98.212,4.0025,8.2052,2.0097
98.220,4.0025,8.2052,2.0097
98.229,4.0025,8.2052,2.0097
98.238,4.0025,8.2052,2.0097
98.247,4.0025,8.2052,2.0097
98.254,4.0025,8.2052,2.0097
98.263,4.0025,8.2052,2.0097
98.270,4.0025,8.2052,2.0097
98.280,4.0025,8.2052,2.0097
98.287,4.0025,8.2052,2.0097
98.298,4.0025,8.2052,2.0097
98.305,4.0025,8.2052,2.0097
98.315,4.0025,8.2052,2.0097
98.323,4.0025,8.2052,2.0097
98.333,4.0025,8.2052,2.0097
98.342,4.0025,8.2052,2.0097
98.350,4.0025,8.2052,2.0097
98.359,4.0025,8.2052,2.0097
98.367,4.0025,8.2052,2.0097
98.376,4.0025,8.2052,2.0097
98.384,4.0025,8.2052,2.0097
98.394,4.0025,8.2052,2.0097
98.402,4.0025,8.2052,2.0097
98.410,4.0025,8.2052,2.0097
98.420,4.0025,8.2052,2.0097
98.427,4.0025,8.2052,2.0097
98.437,4.0025,8.2052,2.0097
98.444,4.0025,8.2052,2.0097
98.454,4.0025,8.2052,2.0097
98.462,4.0025,8.2052,2.0097
98.470,4.0025,8.2052,2.0097
98.481,4.0025,8.2052,2.0097
98.489,4.0025,8.2052,2.0097
98.499,4.0025,8.2052,2.0097
98.507,4.0025,8.2052,2.0097
98.517,4.0025,8.2052,2.0097
98.524,4.0025,8.2052,2.0097
98.534,4.0025,8.2052,2.0097
98.543,4.0025,8.2052,2.0097
98.551,4.0025,8.2052,2.0097
98.560,4.0025,8.2052,2.0097
98.568,4.0025,8.2052,2.0097
98.578,4.0025,8.2052,2.0097
98.585,4.0025,8.2052,2.0097
98.596,4.0025,8.2052,2.0097
98.604,4.0025,8.2052,2.0097
98.613,4.0025,8.2052,2.0097
98.621,4.0025,8.2052,2.0097
98.629,4.0025,8.2052,2.0097
98.639,4.0025,8.2052,2.0097
98.646,4.0025,8.2052,2.0097
98.656,4.0025,8.2052,2.0097
98.664,4.0025,8.2052,2.0097
98.674,4.0025,8.2052,2.0097
98.683,4.0025,8.2052,2.0097
98.690,4.0025,8.2052,2.0097
98.701,4.0025,8.2052,2.0097
98.708,4.0025,8.2052,2.0097
98.718,4.0025,8.2052,2.0097
98.725,4.0025,8.2052,2.0097
98.735,4.0025,8.2052,2.0097
98.743,4.0025,8.2052,2.0097
98.751,4.0025,8.2052,2.0097
98.761,4.0025,8.2052,2.0097
98.770,4.0025,8.2052,2.0097
98.780,4.0025,8.2052,2.0097
98.789,4.0025,8.2052,2.0097
98.798,4.0025,8.2052,2.0097
98.807,4.0025,8.2052,2.0097
98.816,4.0025,8.2052,2.0097
98.824,4.0025,8.2052,2.0097
98.833,4.0025,8.2052,2.0097
98.842,4.0025,8.2052,2.0097
98.850,4.0025,8.2052,2.0097
98.859,4.0025,8.2052,2.0097
98.868,4.0025,8.2052,2.0097
98.876,4.0025,8.2052,2.0097
98.884,4.0025,8.2052,2.0097
98.891,4.0025,8.2052,2.0097
98.902,4.0025,8.2052,2.0097
98.909,4.0025,8.2052,2.0097
98.919,4.0025,8.2052,2.0097
98.927,4.0025,8.2052,2.0097
98.938,4.0025,8.2052,2.0097
98.947,4.0025,8.2052,2.0097
98.956,4.0025,8.2052,2.0097
98.966,4.0025,8.2052,2.0097
98.976,4.0025,8.2052,2.0097
98.984,4.0025,8.2052,2.0097
98.995,4.0025,8.2052,2.0097
99.004,4.0025,8.2052,2.0097
99.012,4.0025,8.2052,2.0097
99.021,4.0025,8.2052,2.0097
99.030,4.0025,8.2052,2.0097
99.039,4.0025,8.2052,2.0097
99.047,4.0025,8.2052,2.0097
99.056,4.0025,8.2052,2.0097
99.065,4.0025,8.2052,2.0097
99.073,4.0025,8.2052,2.0097
99.081,4.0025,8.2052,2.0097
99.089,4.0025,8.2052,2.0097
99.099,4.0025,8.2052,2.0097
99.107,4.0025,8.2052,2.0097
99.117,4.0025,8.2052,2.0097
99.124,4.0025,8.2052,2.0097
99.134,4.0025,8.2052,2.0097
99.142,4.0025,8.2052,2.0097
99.150,4.0025,8.2052,2.0097
99.158,4.0025,8.2052,2.0097
99.167,4.0025,8.2052,2.0097
99.175,4.0025,8.2052,2.0097
99.183,4.0025,8.2052,2.0097
99.189,4.0025,8.2052,2.0097
99.197,4.0025,8.2052,2.0097
99.204,4.0025,8.2052,2.0097
99.213,4.0025,8.2052,2.0097
99.221,4.0025,8.2052,2.0097
99.229,4.0025,8.2052,2.0097
99.238,4.0025,8.2052,2.0097
99.246,4.0025,8.2052,2.0097
99.253,4.0025,8.2052,2.0097
99.260,4.0025,8.2052,2.0097
99.268,4.0025,8.2052,2.0097
99.276,4.0025,8.2052,2.0097
99.283,4.0025,8.2052,2.0097
99.290,4.0025,8.2052,2.0097
99.300,4.0025,8.2052,2.0097
99.307,4.0025,8.2052,2.0097
99.316,4.0025,8.2052,2.0097
99.323,4.0025,8.2052,2.0097
99.331,4.0025,8.2052,2.0097
99.340,4.0025,8.2052,2.0097
99.348,4.0025,8.2052,2.0097
99.356,4.0025,8.2052,2.0097
99.364,4.0025,8.2052,2.0097
99.373,4.0025,8.2052,2.0097
99.380,4.0025,8.2052,2.0097
99.388,4.0025,8.2052,2.0097
99.396,4.0025,8.2052,2.0097
99.404,4.0025,8.2052,2.0097
99.410,4.0025,8.2052,2.0097
99.418,4.0025,8.2052,2.0097
99.424,4.0025,8.2052,2.0097
99.435,4.0025,8.2052,2.0097
99.442,4.0025,8.2052,2.0097
99.451,4.0025,8.2052,2.0097
99.459,4.0025,8.2052,2.0097
99.466,4.0025,8.2052,2.0097
99.475,4.0025,8.2052,2.0097
99.484,4.0025,8.2052,2.0097
99.492,4.0025,8.2052,2.0097
99.502,4.0025,8.2052,2.0097
99.510,4.0025,8.2052,2.0097
99.517,4.0025,8.2052,2.0097
99.525,4.0025,8.2052,2.0097
99.534,4.0025,8.2052,2.0097
99.542,4.0025,8.2052,2.0097
99.550,4.0025,8.2052,2.0097
99.558,4.0025,8.2052,2.0097
99.567,4.0025,8.2052,2.0097
99.575,4.0025,8.2052,2.0097
99.584,4.0025,8.2052,2.0097
99.596,4.0025,8.2052,2.0097
99.606,4.0025,8.2052,2.0097
99.621,4.0025,8.2052,2.0097
99.629,4.0025,8.2052,2.0097
99.638,4.0025,8.2052,2.0097
99.646,4.0025,8.2052,2.0097
99.656,4.0025,8.2052,2.0097
99.664,4.0025,8.2052,2.0097
99.674,4.0025,8.2052,2.0097
99.682,4.0025,8.2052,2.0097
99.690,4.0025,8.2052,2.0097
99.699,4.0025,8.2052,2.0097
99.707,4.0025,8.2052,2.0097
99.718,4.0025,8.2052,2.0097
99.727,4.0025,8.2052,2.0097
99.736,4.0025,8.2052,2.0097
99.743,4.0025,8.2052,2.0097
99.750,4.0025,8.2052,2.0097
99.758,4.0025,8.2052,2.0097
99.766,4.0025,8.2052,2.0097
99.775,4.0025,8.2052,2.0097
99.783,4.0025,8.2052,2.0097
99.791,4.0025,8.2052,2.0097
99.802,4.0025,8.2052,2.0097
99.810,4.0025,8.2052,2.0097
99.818,4.0025,8.2052,2.0097
99.826,4.0025,8.2052,2.0097
99.836,4.0025,8.2052,2.0097
99.843,4.0025,8.2052,2.0097
99.850,4.0025,8.2052,2.0097
99.859,4.0025,8.2052,2.0097
99.867,4.0025,8.2052,2.0097
99.876,4.0025,8.2052,2.0097
99.883,4.0025,8.2052,2.0097
99.890,4.0025,8.2052,2.0097
99.901,4.0025,8.2052,2.0097
99.908,4.0025,8.2052,2.0097
99.918,4.0025,8.2052,2.0097
99.925,4.0025,8.2052,2.0097
99.936,4.0025,8.2052,2.0097
99.942,4.0025,8.2052,2.0097
99.950,4.0025,8.2052,2.0097
99.959,4.0025,8.2052,2.0097
99.975,4.0025,8.2052,2.0097
99.985,4.0025,8.2052,2.0097
99.995,4.0025,8.2052,2.0097
100.002,4.0025,8.2052,2.0097
100.010,4.0025,8.2052,2.0097
100.019,4.0025,8.2052,2.0097
100.028,4.0025,8.2052,2.0097
100.036,4.0025,8.2052,2.0097
100.045,4.0025,8.2052,2.0097
100.054,4.0025,8.2052,2.0097
100.062,4.0025,8.2052,2.0097
100.070,4.0025,8.2052,2.0097
100.080,4.0025,8.2052,2.0097
100.088,4.0025,8.2052,2.0097
100.096,4.0025,8.2052,2.0097
100.105,4.0025,8.2052,2.0097
100.114,4.0025,8.2052,2.0097
100.122,4.0025,8.2052,2.0097
100.131,4.0025,8.2052,2.0097
100.139,4.0025,8.2052,2.0097
100.147,4.0025,8.2052,2.0097
100.156,4.0025,8.2052,2.0097
100.164,4.0025,8.2052,2.0097
100.172,4.0025,8.2052,2.0097
100.181,4.0025,8.2052,2.0097
100.188,4.0025,8.2052,2.0097
100.199,4.0025,8.2052,2.0097
100.207,4.0025,8.2052,2.0097
100.218,4.0025,8.2052,2.0097
100.227,4.0025,8.2052,2.0097
100.237,4.0025,8.2052,2.0097
100.246,4.0025,8.2052,2.0097
100.255,4.0025,8.2052,2.0097
100.265,4.0025,8.2052,2.0097
100.275,4.0025,8.2052,2.0097
100.284,4.0025,8.2052,2.0097
100.293,4.0025,8.2052,2.0097
100.301,4.0025,8.2052,2.0097
100.308,4.0025,8.2052,2.0097
100.318,4.0025,8.2052,2.0097
100.326,4.0025,8.2052,2.0097
100.335,4.0025,8.2052,2.0097
100.343,4.0025,8.2052,2.0097
100.352,4.0025,8.2052,2.0097
100.362,4.0025,8.2052,2.0097
100.370,4.0025,8.2052,2.0097
100.379,4.0025,8.2052,2.0097
100.387,4.0025,8.2052,2.0097
100.396,4.0025,8.2052,2.0097
100.404,4.0025,8.2052,2.0097
100.413,4.0025,8.2052,2.0097
100.421,4.0025,8.2052,2.0097
100.430,4.0025,8.2052,2.0097
100.438,4.0025,8.2052,2.0097
100.446,4.0025,8.2052,2.0097
100.454,4.0025,8.2052,2.0097
100.462,4.0025,8.2052,2.0097
100.469,4.0025,8.2053,2.0097
100.478,4.0025,8.2053,2.0097
100.485,4.0025,8.2053,2.0097
100.494,4.0025,8.2053,2.0097
100.502,4.0025,8.2053,2.0097
100.510,4.0025,8.2054,2.0097
100.518,4.0025,8.2054,2.0097
100.526,4.0025,8.2054,2.0097
100.536,4.0025,8.2054,2.0097
100.543,4.0025,8.2054,2.0097
100.550,4.0025,8.2055,2.0097
100.559,4.0025,8.2055,2.0097
100.568,4.0025,8.2055,2.0097
100.576,4.0025,8.2055,2.0097
100.584,4.0025,8.2056,2.0097
100.592,4.0025,8.2056,2.0097
100.601,4.0025,8.2056,2.0097
100.608,4.0025,8.2057,2.0097
100.617,4.0025,8.2057,2.0097
100.625,4.0025,8.2058,2.0097
100.634,4.0025,8.2058,2.0097
100.641,4.0025,8.2058,2.0097
100.649,4.0025,8.2060,2.0097
100.656,4.0025,8.2060,2.0097
100.665,4.0025,8.2062,2.0097
100.672,4.0025,8.2062,2.0097
100.680,4.0025,8.2062,2.0097
100.687,4.0025,8.2065,2.0097
100.697,4.0025,8.2065,2.0097
100.705,4.0025,8.2067,2.0097
100.714,4.0025,8.2067,2.0097
100.722,4.0025,8.2067,2.0097
100.729,4.0025,8.2070,2.0097
100.738,4.0025,8.2070,2.0097
100.746,4.0025,8.2073,2.0097
100.754,4.0025,8.2073,2.0097
100.762,4.0025,8.2073,2.0097
100.769,4.0025,8.2076,2.0097
100.777,4.0025,8.2076,2.0097
100.784,4.0025,8.2079,2.0097
100.792,4.0025,8.2079,2.0097
100.800,4.0025,8.2079,2.0097
100.808,4.0025,8.2082,2.0097
100.816,4.0025,8.2082,2.0097
100.823,4.0025,8.2082,2.0097
100.831,4.0025,8.2086,2.0097
100.839,4.0025,8.2086,2.0097
100.847,4.0025,8.2089,2.0097
100.855,4.0025,8.2089,2.0097
100.863,4.0025,8.2089,2.0097
100.870,4.0025,8.2093,2.0097
100.878,4.0025,8.2093,2.0097
100.886,4.0025,8.2096,2.0097
100.895,4.0025,8.2096,2.0097
100.903,4.0025,8.2096,2.0097
100.911,4.0025,8.2100,2.0097
100.919,4.0025,8.2100,2.0097
100.926,4.0025,8.2103,2.0097
100.935,4.0025,8.2103,2.0097
100.942,4.0025,8.2103,2.0097
100.949,4.0025,8.2111,2.0097
100.957,4.0025,8.2111,2.0097
100.964,4.0025,8.2118,2.0097
100.973,4.0025,8.2118,2.0097
100.981,4.0025,8.2118,2.0097
100.988,4.0025,8.2126,2.0097
100.997,4.0025,8.2126,2.0097
101.004,4.0025,8.2133,2.0097
101.012,4.0025,8.2133,2.0097
101.020,4.0025,8.2133,2.0097
101.027,4.0025,8.2141,2.0097
101.035,4.0025,8.2141,2.0097
101.042,4.0025,8.2141,2.0097
101.049,4.0025,8.2148,2.0097
101.057,4.0025,8.2148,2.0097
101.064,4.0025,8.2156,2.0097
101.072,4.0025,8.2156,2.0097
101.081,4.0025,8.2156,2.0097
101.087,4.0025,8.2163,2.0097
101.097,4.0025,8.2163,2.0097
101.104,4.0025,8.2171,2.0097
101.114,4.0025,8.2171,2.0097
101.121,4.0025,8.2171,2.0097
101.128,4.0025,8.2179,2.0097
101.137,4.0025,8.2179,2.0097
101.144,4.0025,8.2179,2.0097
101.150,4.0025,8.2187,2.0097
101.158,4.0025,8.2187,2.0097
101.165,4.0025,8.2195,2.0097
101.173,4.0025,8.2195,2.0097
101.180,4.0025,8.2195,2.0097
101.188,4.0025,8.2203,2.0097
101.196,4.0025,8.2203,2.0097
101.204,4.0025,8.2203,2.0097
101.210,4.0025,8.2211,2.0097
101.219,4.0025,8.2211,2.0097
101.225,4.0025,8.2220,2.0097
101.235,4.0025,8.2220,2.0097
101.241,4.0025,8.2220,2.0097
101.249,4.0025,8.2228,2.0097
101.256,4.0025,8.2228,2.0097
101.263,4.0025,8.2228,2.0097
101.269,4.0025,8.2237,2.0097
101.277,4.0025,8.2237,2.0097
101.284,4.0025,8.2245,2.0097
101.293,4.0025,8.2245,2.0097
101.300,4.0025,8.2245,2.0097
101.307,4.0025,8.2254,2.0097
101.316,4.0025,8.2254,2.0097
101.324,4.0025,8.2254,2.0097
101.332,4.0025,8.2263,2.0097
101.342,4.0025,8.2263,2.0097
101.350,4.0025,8.2272,2.0097
101.359,4.0025,8.2272,2.0097
101.367,4.0025,8.2281,2.0097
101.376,4.0025,8.2281,2.0097
101.383,4.0025,8.2281,2.0097
101.391,4.0025,8.2290,2.0097
101.400,4.0025,8.2290,2.0097
101.408,4.0025,8.2299,2.0097
101.417,4.0025,8.2299,2.0097
101.423,4.0025,8.2299,2.0097
101.432,4.0025,8.2308,2.0097
101.441,4.0025,8.2308,2.0097
101.449,4.0025,8.2318,2.0097
101.458,4.0025,8.2318,2.0097
101.467,4.0025,8.2327,2.0097
101.476,4.0025,8.2327,2.0097
101.484,4.0025,8.2337,2.0097
101.495,4.0025,8.2337,2.0097
101.503,4.0025,8.2337,2.0097
101.513,4.0025,8.2346,2.0097
101.523,4.0025,8.2346,2.0097
101.533,4.0025,8.2356,2.0097
101.542,4.0025,8.2356,2.0097
101.549,4.0025,8.2366,2.0097
101.559,4.0025,8.2366,2.0097
101.566,4.0025,8.2376,2.0097
101.575,4.0025,8.2376,2.0097
101.582,4.0025,8.2376,2.0097
101.590,4.0025,8.2386,2.0097
101.600,4.0025,8.2386,2.0097
101.607,4.0025,8.2396,2.0097
101.615,4.0025,8.2396,2.0097
101.623,4.0025,8.2396,2.0097
101.631,4.0025,8.2406,2.0097
101.641,4.0025,8.2406,2.0097
101.649,4.0025,8.2416,2.0097
101.658,4.0025,8.2416,2.0097
101.666,4.0025,8.2426,2.0097
101.675,4.0025,8.2426,2.0097
101.683,4.0025,8.2426,2.0097
101.690,4.0025,8.2437,2.0097
101.700,4.0025,8.2437,2.0097
101.707,4.0025,8.2457,2.0097
101.717,4.0025,8.2457,2.0097
101.724,4.0025,8.2457,2.0097
101.732,4.0025,8.2478,2.0097
101.740,4.0025,8.2478,2.0097
101.748,4.0025,8.2499,2.0097
101.755,4.0025,8.2499,2.0097
101.762,4.0025,8.2499,2.0097
101.769,4.0025,8.2520,2.0097
101.778,4.0025,8.2520,2.0097
101.785,4.0025,8.2541,2.0097
101.793,4.0025,8.2541,2.0097
101.800,4.0025,8.2541,2.0097
101.808,4.0025,8.2562,2.0097
101.816,4.0025,8.2562,2.0097
101.823,4.0025,8.2562,2.0097
101.832,4.0025,8.2584,2.0097
101.840,4.0025,8.2584,2.0097
101.846,4.0025,8.2605,2.0097
101.853,4.0025,8.2605,2.0097
101.861,4.0025,8.2605,2.0097
101.869,4.0025,8.2627,2.0097
101.875,4.0025,8.2627,2.0097
101.883,4.0025,8.2627,2.0097
101.890,4.0025,8.2649,2.0097
101.899,4.0025,8.2649,2.0097
101.906,4.0025,8.2671,2.0097
101.915,4.0025,8.2671,2.0097
101.922,4.0025,8.2671,2.0097
101.930,4.0025,8.2693,2.0097
101.937,4.0025,8.2693,2.0097
101.945,4.0025,8.2716,2.0097
101.954,4.0025,8.2716,2.0097
101.962,4.0025,8.2716,2.0097
101.969,4.0025,8.2738,2.0097
101.978,4.0025,8.2738,2.0097
101.985,4.0025,8.2761,2.0097
101.995,4.0025,8.2761,2.0097
102.002,4.0025,8.2761,2.0097
102.010,4.0025,8.2783,2.0097
102.019,4.0025,8.2783,2.0097
102.026,4.0025,8.2806,2.0097
102.035,4.0025,8.2806,2.0097
102.042,4.0025,8.2806,2.0097
102.049,4.0025,8.2829,2.0097
102.058,4.0025,8.2829,2.0097
102.066,4.0025,8.2852,2.0097
102.074,4.0025,8.2852,2.0097
102.089,4.0025,8.2875,2.0097
102.100,4.0025,8.2875,2.0097
102.107,4.0025,8.2898,2.0097
102.117,4.0025,8.2898,2.0097
102.123,4.0025,8.2898,2.0097
102.131,4.0025,8.2921,2.0097
102.139,4.0025,8.2921,2.0097
102.147,4.0025,8.2944,2.0097
102.155,4.0025,8.2944,2.0097
102.163,4.0025,8.2944,2.0097
102.171,4.0025,8.2967,2.0097
102.179,4.0025,8.2967,2.0097
102.186,4.0025,8.2991,2.0097
102.194,4.0025,8.2991,2.0097
102.201,4.0025,8.2991,2.0097
102.208,4.0025,8.3014,2.0097
102.218,4.0025,8.3014,2.0097
102.225,4.0025,8.3038,2.0097
102.234,4.0025,8.3038,2.0097
102.241,4.0025,8.3038,2.0097
102.249,4.0025,8.3062,2.0097
102.256,4.0025,8.3062,2.0097
102.265,4.0025,8.3086,2.0097
102.273,4.0025,8.3086,2.0097
102.281,4.0025,8.3086,2.0097
102.288,4.0025,8.3110,2.0097
102.296,4.0025,8.3110,2.0097
102.303,4.0025,8.3110,2.0097
102.310,4.0025,8.3134,2.0097
102.318,4.0025,8.3134,2.0097
102.325,4.0025,8.3159,2.0097
102.335,4.0025,8.3159,2.0097
102.342,4.0025,8.3159,2.0097
102.349,4.0025,8.3184,2.0097
102.356,4.0025,8.3184,2.0097
102.364,4.0025,8.3209,2.0097
102.372,4.0025,8.3209,2.0097
102.381,4.0025,8.3209,2.0097
102.388,4.0025,8.3234,2.0097
102.396,4.0025,8.3234,2.0097
102.403,4.0025,8.3234,2.0097
102.411,4.0025,8.3260,2.0097
102.418,4.0025,8.3260,2.0097
102.425,4.0025,8.3286,2.0097
102.436,4.0025,8.3286,2.0097
102.443,4.0025,8.3286,2.0097
102.450,4.0025,8.3311,2.0097
102.458,4.0025,8.3311,2.0097
102.465,4.0025,8.3337,2.0097
102.473,4.0025,8.3337,2.0097
102.480,4.0025,8.3337,2.0097
102.487,4.0025,8.3363,2.0097
102.495,4.0025,8.3363,2.0097
102.503,4.0025,8.3363,2.0097
102.509,4.0025,8.3389,2.0097
102.518,4.0025,8.3389,2.0097
102.525,4.0025,8.3415,2.0097
102.535,4.0025,8.3415,2.0097
102.541,4.0025,8.3415,2.0097
102.548,4.0025,8.3441,2.0097
102.557,4.0025,8.3441,2.0097
102.566,4.0025,8.3467,2.0097
102.574,4.0025,8.3467,2.0097
102.582,4.0025,8.3467,2.0097
102.589,4.0025,8.3494,2.0097
102.598,4.0025,8.3494,2.0097
102.606,4.0025,8.3520,2.0097
102.615,4.0025,8.3520,2.0097
102.623,4.0025,8.3520,2.0097
102.631,4.0025,8.3546,2.0097
102.640,4.0025,8.3546,2.0097
102.648,4.0025,8.3573,2.0097
102.656,4.0025,8.3573,2.0097
102.663,4.0025,8.3573,2.0097
102.671,4.0025,8.3599,2.0097
102.679,4.0025,8.3599,2.0097
102.687,4.0025,8.3625,2.0097
102.696,4.0025,8.3625,2.0097
102.704,4.0025,8.3652,2.0097
102.714,4.0025,8.3652,2.0097
102.722,4.0025,8.3652,2.0097
102.731,4.0025,8.3678,2.0097
102.742,4.0025,8.3678,2.0097
102.750,4.0025,8.3704,2.0097
102.760,4.0025,8.3704,2.0097
102.769,4.0025,8.3731,2.0097
102.778,4.0025,8.3731,2.0097
102.786,4.0025,8.3757,2.0097
102.796,4.0025,8.3757,2.0097
102.806,4.0025,8.3784,2.0097
102.816,4.0025,8.3784,2.0097
102.825,4.0025,8.3810,2.0097
102.835,4.0025,8.3810,2.0097
102.843,4.0025,8.3810,2.0097
102.851,4.0025,8.3836,2.0097
102.860,4.0025,8.3836,2.0097
102.868,4.0025,8.3863,2.0097
102.877,4.0025,8.3863,2.0097
102.885,4.0025,8.3889,2.0097
102.894,4.0025,8.3889,2.0097
102.901,4.0025,8.3889,2.0097
102.909,4.0025,8.3915,2.0097
102.919,4.0025,8.3915,2.0097
102.929,4.0025,8.3942,2.0097
102.940,4.0025,8.3942,2.0097
102.949,4.0025,8.3968,2.0097
102.958,4.0025,8.3968,2.0097
102.966,4.0025,8.3994,2.0097
102.976,4.0025,8.3994,2.0097
102.985,4.0025,8.4021,2.0097
102.993,4.0025,8.4021,2.0097
103.000,4.0025,8.4021,2.0097
103.008,4.0025,8.4047,2.0097
103.017,4.0025,8.4047,2.0097
103.023,4.0025,8.4047,2.0097
103.030,4.0025,8.4073,2.0097
103.039,4.0025,8.4073,2.0097
103.046,4.0025,8.4100,2.0097
103.053,4.0025,8.4100,2.0097
103.061,4.0025,8.4100,2.0097
103.068,4.0025,8.4126,2.0097
103.077,4.0025,8.4126,2.0097
103.083,4.0025,8.4126,2.0097
103.090,4.0025,8.4153,2.0097
103.099,4.0025,8.4153,2.0097
103.107,4.0025,8.4179,2.0097
103.118,4.0025,8.4179,2.0097
103.125,4.0025,8.4206,2.0097
103.135,4.0025,8.4206,2.0097
103.143,4.0025,8.4206,2.0097
103.150,4.0025,8.4232,2.0097
103.158,4.0025,8.4232,2.0097
103.166,4.0025,8.4259,2.0097
103.173,4.0025,8.4259,2.0097
103.181,4.0025,8.4259,2.0097
103.188,4.0025,8.4285,2.0097
103.197,4.0025,8.4285,2.0097
103.204,4.0025,8.4312,2.0097
103.214,4.0025,8.4312,2.0097
103.221,4.0025,8.4312,2.0097
103.229,4.0025,8.4338,2.0097
103.237,4.0025,8.4338,2.0097
103.246,4.0025,8.4365,2.0097
103.254,4.0025,8.4365,2.0097
103.261,4.0025,8.4365,2.0097
103.266,4.0025,8.4391,2.0097
103.276,4.0025,8.4391,2.0097
103.283,4.0025,8.4391,2.0097
103.291,4.0025,8.4418,2.0097
103.300,4.0025,8.4418,2.0097
103.308,4.0025,8.4444,2.0097
103.316,4.0025,8.4444,2.0097
103.323,4.0025,8.4444,2.0097
103.331,4.0025,8.4471,2.0097
103.339,4.0025,8.4471,2.0097
103.346,4.0025,8.4497,2.0097
103.355,4.0025,8.4497,2.0097
103.363,4.0025,8.4497,2.0097
103.370,4.0025,8.4524,2.0097
103.380,4.0025,8.4524,2.0097
103.386,4.0025,8.4551,2.0097
103.395,4.0025,8.4551,2.0097
103.403,4.0025,8.4551,2.0097
103.410,4.0025,8.4577,2.0097
103.418,4.0025,8.4577,2.0097
103.424,4.0025,8.4604,2.0097
103.437,4.0025,8.4604,2.0097
103.444,4.0025,8.4604,2.0097
103.450,4.0025,8.4630,2.0097
103.458,4.0025,8.4630,2.0097
103.466,4.0025,8.4657,2.0097
103.475,4.0025,8.4657,2.0097
103.482,4.0025,8.4657,2.0097
103.488,4.0025,8.4684,2.0097
103.498,4.0025,8.4684,2.0097
103.505,4.0025,8.4710,2.0097
103.514,4.0025,8.4710,2.0097
103.521,4.0025,8.4710,2.0097
103.529,4.0025,8.4737,2.0097
103.537,4.0025,8.4737,2.0097
103.545,4.0025,8.4764,2.0097
103.554,4.0025,8.4764,2.0097
103.561,4.0025,8.4764,2.0097
103.568,4.0025,8.4790,2.0097
103.576,4.0025,8.4790,2.0097
103.584,4.0025,8.4817,2.0097
103.591,4.0025,8.4817,2.0097
103.598,4.0025,8.4817,2.0097
103.606,4.0025,8.4844,2.0097
103.615,4.0025,8.4844,2.0097
103.622,4.0025,8.4844,2.0097
103.630,4.0025,8.4870,2.0097
103.639,4.0025,8.4870,2.0097
103.648,4.0025,8.4897,2.0097
103.656,4.0025,8.4897,2.0097
103.664,4.0025,8.4924,2.0097
103.673,4.0025,8.4924,2.0097
103.681,4.0025,8.4924,2.0097
103.687,4.0025,8.4950,2.0097
103.696,4.0025,8.4950,2.0097
103.704,4.0025,8.4977,2.0097
103.712,4.0025,8.4977,2.0097
103.719,4.0025,8.4977,2.0097
103.725,4.0025,8.5003,2.0097
103.734,4.0025,8.5003,2.0097
103.741,4.0025,8.5003,2.0097
103.748,4.0025,8.5030,2.0097
103.756,4.0025,8.5030,2.0097
103.764,4.0025,8.5056,2.0097
103.773,4.0025,8.5056,2.0097
103.781,4.0025,8.5056,2.0097
103.788,4.0025,8.5083,2.0097
103.798,4.0025,8.5083,2.0097
103.804,4.0025,8.5109,2.0097
103.814,4.0025,8.5109,2.0097
103.822,4.0025,8.5109,2.0097
103.831,4.0025,8.5136,2.0097
103.840,4.0025,8.5136,2.0097
103.848,4.0025,8.5162,2.0097
103.858,4.0025,8.5162,2.0097
103.868,4.0025,8.5189,2.0097
103.875,4.0025,8.5189,2.0097
103.884,4.0025,8.5189,2.0097
103.891,4.0025,8.5216,2.0097
103.901,4.0025,8.5216,2.0097
103.910,4.0025,8.5242,2.0097
103.919,4.0025,8.5242,2.0097
103.927,4.0025,8.5269,2.0097
103.936,4.0025,8.5269,2.0097
103.944,4.0025,8.5295,2.0097
103.953,4.0025,8.5295,2.0097
103.961,4.0025,8.5295,2.0097
103.969,4.0025,8.5322,2.0097
103.977,4.0025,8.5322,2.0097
103.985,4.0025,8.5348,2.0097
103.993,4.0025,8.5348,2.0097
104.002,4.0025,8.5348,2.0097
104.011,4.0025,8.5375,2.0097
104.021,4.0025,8.5375,2.0097
104.030,4.0025,8.5401,2.0097
104.040,4.0025,8.5401,2.0097
104.048,4.0025,8.5427,2.0097
104.058,4.0025,8.5427,2.0097
104.068,4.0025,8.5454,2.0097
104.078,4.0025,8.5454,2.0097
104.085,4.0025,8.5480,2.0097
104.095,4.0025,8.5480,2.0097
104.103,4.0025,8.5480,2.0097
104.111,4.0025,8.5507,2.0097
104.120,4.0025,8.5507,2.0097
104.129,4.0025,8.5533,2.0097
104.139,4.0025,8.5533,2.0097
104.147,4.0025,8.5560,2.0097
104.156,4.0025,8.5560,2.0097
104.165,4.0025,8.5586,2.0097
104.173,4.0025,8.5586,2.0097
104.181,4.0025,8.5586,2.0097
104.189,4.0025,8.5613,2.0097
104.199,4.0025,8.5613,2.0097
104.206,4.0025,8.5639,2.0097
104.215,4.0025,8.5639,2.0097
104.222,4.0025,8.5639,2.0097
104.231,4.0025,8.5666,2.0097
104.240,4.0025,8.5666,2.0097
104.248,4.0025,8.5692,2.0097
104.257,4.0025,8.5692,2.0097
104.266,4.0025,8.5719,2.0097
104.273,4.0025,8.5719,2.0097
104.281,4.0025,8.5719,2.0097
104.288,4.0025,8.5745,2.0097
104.297,4.0025,8.5745,2.0097
104.304,4.0025,8.5745,2.0097
104.312,4.0025,8.5772,2.0097
104.320,4.0025,8.5772,2.0097
104.328,4.0025,8.5798,2.0097
104.336,4.0025,8.5798,2.0097
104.354,4.0025,8.5825,2.0097
104.363,4.0025,8.5825,2.0097
104.371,4.0025,8.5851,2.0097
104.379,4.0025,8.5851,2.0097
104.387,4.0025,8.5878,2.0097
104.397,4.0025,8.5878,2.0097
104.406,4.0025,8.5904,2.0097
104.414,4.0025,8.5904,2.0097
104.422,4.0025,8.5904,2.0097
104.429,4.0025,8.5931,2.0097
104.437,4.0025,8.5931,2.0097
104.444,4.0025,8.5957,2.0097
104.454,4.0025,8.5957,2.0097
104.461,4.0025,8.5957,2.0097
104.469,4.0025,8.5984,2.0097
104.478,4.0025,8.5984,2.0097
104.486,4.0025,8.6010,2.0097
104.494,4.0025,8.6010,2.0097
104.501,4.0025,8.6010,2.0097
104.509,4.0025,8.6037,2.0097
104.519,4.0025,8.6037,2.0097
104.527,4.0025,8.6063,2.0097
104.535,4.0025,8.6063,2.0097
104.543,4.0025,8.6063,2.0097
104.550,4.0025,8.6090,2.0097
104.558,4.0025,8.6090,2.0097
104.567,4.0025,8.6116,2.0097
104.575,4.0025,8.6116,2.0097
104.582,4.0025,8.6116,2.0097
104.589,4.0025,8.6143,2.0097
104.598,4.0025,8.6143,2.0097
104.605,4.0025,8.6169,2.0097
104.613,4.0025,8.6169,2.0097
104.620,4.0025,8.6169,2.0097
104.627,4.0025,8.6196,2.0097
104.636,4.0025,8.6196,2.0097
104.644,4.0025,8.6196,2.0097
104.652,4.0025,8.6223,2.0097
104.663,4.0025,8.6223,2.0097
104.670,4.0025,8.6249,2.0097
104.679,4.0025,8.6249,2.0097
104.686,4.0025,8.6276,2.0097
104.696,4.0025,8.6276,2.0097
104.703,4.0025,8.6276,2.0097
104.711,4.0025,8.6302,2.0097
104.719,4.0025,8.6302,2.0097
104.727,4.0025,8.6329,2.0097
104.736,4.0025,8.6329,2.0097
104.743,4.0025,8.6329,2.0097
104.750,4.0025,8.6355,2.0097
104.758,4.0025,8.6355,2.0097
104.766,4.0025,8.6382,2.0097
104.774,4.0025,8.6382,2.0097
104.781,4.0025,8.6382,2.0097
104.788,4.0025,8.6408,2.0097
104.797,4.0025,8.6408,2.0097
104.804,4.0025,8.6435,2.0097
104.812,4.0025,8.6435,2.0097
104.821,4.0025,8.6435,2.0097
104.828,4.0025,8.6461,2.0097
104.837,4.0025,8.6461,2.0097
104.844,4.0025,8.6461,2.0097
104.852,4.0025,8.6488,2.0097
104.860,4.0025,8.6488,2.0097
104.867,4.0025,8.6514,2.0097
104.875,4.0025,8.6514,2.0097
104.883,4.0025,8.6514,2.0097
104.891,4.0025,8.6540,2.0097
104.900,4.0025,8.6540,2.0097
104.907,4.0025,8.6567,2.0097
104.917,4.0025,8.6567,2.0097
104.923,4.0025,8.6567,2.0097
104.932,4.0025,8.6593,2.0097
104.940,4.0025,8.6593,2.0097
104.948,4.0025,8.6619,2.0097
104.954,4.0025,8.6619,2.0097
104.961,4.0025,8.6619,2.0097
104.968,4.0025,8.6645,2.0097
104.977,4.0025,8.6645,2.0097
104.983,4.0025,8.6645,2.0097
104.990,4.0025,8.6672,2.0097
104.999,4.0025,8.6672,2.0097
105.006,4.0025,8.6698,2.0097
105.015,4.0025,8.6698,2.0097
105.022,4.0025,8.6698,2.0097
105.029,4.0025,8.6724,2.0097
105.038,4.0025,8.6724,2.0097
105.045,4.0025,8.6750,2.0097
105.053,4.0025,8.6750,2.0097
105.061,4.0025,8.6750,2.0097
105.069,4.0025,8.6777,2.0097
105.076,4.0025,8.6777,2.0097
105.083,4.0025,8.6777,2.0097
105.089,4.0025,8.6803,2.0097
105.099,4.0025,8.6803,2.0097
105.106,4.0025,8.6829,2.0097
105.115,4.0025,8.6829,2.0097
105.122,4.0025,8.6829,2.0097
105.130,4.0025,8.6856,2.0097
105.138,4.0025,8.6856,2.0097
105.147,4.0025,8.6882,2.0097
105.155,4.0025,8.6882,2.0097
105.164,4.0025,8.6882,2.0097
105.170,4.0025,8.6909,2.0097
105.179,4.0025,8.6909,2.0097
105.188,4.0025,8.6935,2.0097
105.197,4.0025,8.6935,2.0097
105.204,4.0025,8.6961,2.0097
105.213,4.0025,8.6961,2.0097
105.220,4.0025,8.6961,2.0097
105.227,4.0025,8.6988,2.0097
105.235,4.0025,8.6988,2.0097
105.243,4.0025,8.6988,2.0097
105.251,4.0025,8.7014,2.0097
105.258,4.0025,8.7014,2.0097
105.266,4.0025,8.7041,2.0097
105.276,4.0025,8.7041,2.0097
105.284,4.0025,8.7067,2.0097
105.294,4.0025,8.7067,2.0097
105.302,4.0025,8.7067,2.0097
105.310,4.0025,8.7093,2.0097
105.320,4.0025,8.7093,2.0097
105.327,4.0025,8.7120,2.0097
105.338,4.0025,8.7120,2.0097
105.347,4.0025,8.7146,2.0097
105.355,4.0025,8.7146,2.0097
105.363,4.0025,8.7146,2.0097
105.371,4.0025,8.7173,2.0097
105.380,4.0025,8.7173,2.0097
105.387,4.0025,8.7199,2.0097
105.397,4.0025,8.7199,2.0097
105.404,4.0025,8.7226,2.0097
105.413,4.0025,8.7226,2.0097
105.421,4.0025,8.7226,2.0097
105.429,4.0025,8.7252,2.0097
105.438,4.0025,8.7252,2.0097
105.448,4.0025,8.7279,2.0097
105.456,4.0025,8.7279,2.0097
105.465,4.0025,8.7305,2.0097
105.473,4.0025,8.7305,2.0097
105.481,4.0025,8.7305,2.0097
105.489,4.0025,8.7332,2.0097
105.498,4.0025,8.7332,2.0097
105.506,4.0025,8.7358,2.0097
105.514,4.0025,8.7358,2.0097
105.522,4.0025,8.7358,2.0097
105.530,4.0025,8.7385,2.0097
105.539,4.0025,8.7385,2.0097
105.546,4.0025,8.7412,2.0097
105.554,4.0025,8.7412,2.0097
105.561,4.0025,8.7412,2.0097
105.569,4.0025,8.7438,2.0097
105.577,4.0025,8.7438,2.0097
105.584,4.0025,8.7465,2.0097
105.591,4.0025,8.7465,2.0097
105.600,4.0025,8.7465,2.0097
105.607,4.0025,8.7491,2.0097
105.616,4.0025,8.7491,2.0097
105.622,4.0025,8.7491,2.0097
105.630,4.0025,8.7518,2.0097
105.637,4.0025,8.7518,2.0097
105.644,4.0025,8.7518,2.0097
105.650,4.0025,8.7545,2.0097
105.658,4.0025,8.7545,2.0097
105.665,4.0025,8.7571,2.0097
105.673,4.0025,8.7571,2.0097
105.680,4.0025,8.7571,2.0097
105.687,4.0025,8.7598,2.0097
105.695,4.0025,8.7598,2.0097
105.702,4.0025,8.7598,2.0097
105.709,4.0025,8.7624,2.0097
105.716,4.0025,8.7624,2.0097
105.723,4.0025,8.7624,2.0097
105.730,4.0025,8.7651,2.0097
105.738,4.0025,8.7651,2.0097
105.746,4.0025,8.7678,2.0097
105.754,4.0025,8.7678,2.0097
105.761,4.0025,8.7678,2.0097
105.768,4.0025,8.7704,2.0097
105.777,4.0025,8.7704,2.0097
105.785,4.0025,8.7731,2.0097
105.793,4.0025,8.7731,2.0097
105.800,4.0025,8.7731,2.0097
105.807,4.0025,8.7757,2.0097
105.815,4.0025,8.7757,2.0097
105.821,4.0025,8.7757,2.0097
105.829,4.0025,8.7784,2.0097
105.838,4.0025,8.7784,2.0097
105.845,4.0025,8.7811,2.0097
105.854,4.0025,8.7811,2.0097
105.862,4.0025,8.7811,2.0097
105.869,4.0025,8.7837,2.0097
105.877,4.0025,8.7837,2.0097
105.884,4.0025,8.7864,2.0097
105.893,4.0025,8.7864,2.0097
105.900,4.0025,8.7864,2.0097
105.907,4.0025,8.7891,2.0097
105.915,4.0025,8.7891,2.0097
105.922,4.0025,8.7891,2.0097
105.930,4.0025,8.7917,2.0097
105.938,4.0025,8.7917,2.0097
105.946,4.0025,8.7944,2.0097
105.955,4.0025,8.7944,2.0097
105.962,4.0025,8.7944,2.0097
105.969,4.0025,8.7971,2.0097
105.978,4.0025,8.7971,2.0097
105.986,4.0025,8.7997,2.0097
105.994,4.0025,8.7997,2.0097
106.000,4.0025,8.7997,2.0097
106.008,4.0025,8.8024,2.0097
106.016,4.0025,8.8024,2.0097
106.023,4.0025,8.8024,2.0097
106.030,4.0025,8.8051,2.0097
106.039,4.0025,8.8051,2.0097
106.046,4.0025,8.8077,2.0097
106.055,4.0025,8.8077,2.0097
106.063,4.0025,8.8077,2.0097
106.070,4.0025,8.8104,2.0097
106.079,4.0025,8.8104,2.0097
106.086,4.0025,8.8130,2.0097
106.096,4.0025,8.8130,2.0097
106.102,4.0025,8.8130,2.0097
106.110,4.0025,8.8157,2.0097
106.117,4.0025,8.8157,2.0097
106.125,4.0025,8.8184,2.0097
106.133,4.0025,8.8184,2.0097
106.140,4.0025,8.8184,2.0097
106.148,4.0025,8.8210,2.0097
106.156,4.0025,8.8210,2.0097
106.164,4.0025,8.8210,2.0097
106.170,4.0025,8.8237,2.0097
106.179,4.0025,8.8237,2.0097
106.186,4.0025,8.8264,2.0097
106.194,4.0025,8.8264,2.0097
106.201,4.0025,8.8264,2.0097
106.208,4.0025,8.8290,2.0097
106.218,4.0025,8.8290,2.0097
106.224,4.0025,8.8317,2.0097
106.234,4.0025,8.8317,2.0097
106.241,4.0025,8.8317,2.0097
106.249,4.0025,8.8344,2.0097
106.257,4.0025,8.8344,2.0097
106.265,4.0025,8.8370,2.0097
106.273,4.0025,8.8370,2.0097
106.282,4.0025,8.8370,2.0097
106.289,4.0025,8.8397,2.0097
106.298,4.0025,8.8397,2.0097
106.305,4.0025,8.8424,2.0097
106.314,4.0025,8.8424,2.0097
106.320,4.0025,8.8424,2.0097
106.328,4.0025,8.8450,2.0097
106.338,4.0025,8.8450,2.0097
106.345,4.0025,8.8477,2.0097
106.353,4.0025,8.8477,2.0097
106.362,4.0025,8.8477,2.0097
106.370,4.0025,8.8504,2.0097
106.380,4.0025,8.8504,2.0097
106.387,4.0025,8.8530,2.0097
106.397,4.0025,8.8530,2.0097
106.406,4.0025,8.8557,2.0097
106.414,4.0025,8.8557,2.0097
106.422,4.0025,8.8557,2.0097
106.430,4.0025,8.8584,2.0097
106.438,4.0025,8.8584,2.0097
106.447,4.0025,8.8610,2.0097
106.456,4.0025,8.8610,2.0097
106.464,4.0025,8.8637,2.0097
106.473,4.0025,8.8637,2.0097
106.480,4.0025,8.8637,2.0097
106.488,4.0025,8.8664,2.0097
106.497,4.0025,8.8664,2.0097
106.505,4.0025,8.8690,2.0097
106.515,4.0025,8.8690,2.0097
106.522,4.0025,8.8690,2.0097
106.529,4.0025,8.8717,2.0097
106.539,4.0025,8.8717,2.0097
106.549,4.0025,8.8744,2.0097
106.559,4.0025,8.8744,2.0097
106.579,4.0025,8.8770,2.0097
106.590,4.0025,8.8797,2.0097
106.601,4.0025,8.8797,2.0097
106.609,4.0025,8.8824,2.0097
106.619,4.0025,8.8824,2.0097
106.628,4.0025,8.8850,2.0097
106.638,4.0025,8.8850,2.0097
106.645,4.0025,8.8877,2.0097
106.654,4.0025,8.8877,2.0097
106.664,4.0025,8.8904,2.0097
106.673,4.0025,8.8904,2.0097
106.681,4.0025,8.8904,2.0097
106.689,4.0025,8.8930,2.0097
106.700,4.0025,8.8930,2.0097
106.707,4.0025,8.8957,2.0097
106.717,4.0025,8.8957,2.0097
106.725,4.0025,8.8984,2.0097
106.736,4.0025,8.8984,2.0097
106.743,4.0025,8.8984,2.0097
106.751,4.0025,8.9010,2.0097
106.762,4.0025,8.9010,2.0097
106.769,4.0025,8.9037,2.0097
106.778,4.0025,8.9037,2.0097
106.787,4.0025,8.9064,2.0097
106.796,4.0025,8.9064,2.0097
106.804,4.0025,8.9064,2.0097
106.811,4.0025,8.9090,2.0097
106.820,4.0025,8.9090,2.0097
106.828,4.0025,8.9117,2.0097
106.837,4.0025,8.9117,2.0097
106.846,4.0025,8.9144,2.0097
106.855,4.0025,8.9144,2.0097
106.862,4.0025,8.9144,2.0097
106.870,4.0025,8.9170,2.0097
106.878,4.0025,8.9170,2.0097
106.885,4.0025,8.9197,2.0097
106.893,4.0025,8.9197,2.0097
106.901,4.0025,8.9197,2.0097
106.908,4.0025,8.9224,2.0097
106.917,4.0025,8.9224,2.0097
106.924,4.0025,8.9224,2.0097
106.933,4.0025,8.9250,2.0097
106.941,4.0025,8.9250,2.0097
106.949,4.0025,8.9277,2.0097
106.957,4.0025,8.9277,2.0097
106.966,4.0025,8.9304,2.0097
106.974,4.0025,8.9304,2.0097
106.982,4.0025,8.9304,2.0097
106.988,4.0025,8.9330,2.0097
106.998,4.0025,8.9330,2.0097
107.004,4.0025,8.9357,2.0097
107.013,4.0025,8.9357,2.0097
107.020,4.0025,8.9357,2.0097
107.030,4.0025,8.9384,2.0097
107.038,4.0025,8.9384,2.0097
107.046,4.0025,8.9410,2.0097
107.053,4.0025,8.9410,2.0097
107.061,4.0025,8.9410,2.0097
107.068,4.0025,8.9437,2.0097
107.077,4.0025,8.9437,2.0097
107.085,4.0025,8.9464,2.0097
107.093,4.0025,8.9464,2.0097
107.101,4.0025,8.9464,2.0097
107.108,4.0025,8.9490,2.0097
107.119,4.0025,8.9490,2.0097
107.125,4.0025,8.9517,2.0097
107.135,4.0025,8.9517,2.0097
107.142,4.0025,8.9517,2.0097
107.150,4.0025,8.9544,2.0097
107.158,4.0025,8.9544,2.0097
107.166,4.0025,8.9570,2.0097
107.174,4.0025,8.9570,2.0097
107.181,4.0025,8.9570,2.0097
107.188,4.0025,8.9597,2.0097
107.197,4.0025,8.9597,2.0097
107.204,4.0025,8.9624,2.0097
107.215,4.0025,8.9624,2.0097
107.222,4.0025,8.9624,2.0097
107.230,4.0025,8.9650,2.0097
107.239,4.0025,8.9650,2.0097
107.247,4.0025,8.9677,2.0097
107.256,4.0025,8.9677,2.0097
107.264,4.0025,8.9704,2.0097
107.274,4.0025,8.9704,2.0097
107.281,4.0025,8.9704,2.0097
107.289,4.0025,8.9730,2.0097
107.299,4.0025,8.9730,2.0097
107.306,4.0025,8.9757,2.0097
107.314,4.0025,8.9757,2.0097
107.322,4.0025,8.9757,2.0097
107.331,4.0025,8.9784,2.0097
107.340,4.0025,8.9784,2.0097
107.348,4.0025,8.9810,2.0097
107.356,4.0025,8.9810,2.0097
107.365,4.0025,8.9837,2.0097
107.373,4.0025,8.9837,2.0097
107.382,4.0025,8.9837,2.0097
107.389,4.0025,8.9864,2.0097
107.400,4.0025,8.9864,2.0097
107.407,4.0025,8.9890,2.0097
107.417,4.0025,8.9890,2.0097
107.425,4.0025,8.9917,2.0097
107.436,4.0025,8.9917,2.0097
107.444,4.0025,8.9944,2.0097
107.454,4.0025,8.9944,2.0097
107.462,4.0025,8.9944,2.0097
107.472,4.0025,8.9970,2.0097
107.481,4.0025,8.9970,2.0097
107.490,4.0025,8.9997,2.0097
107.499,4.0025,8.9997,2.0097
107.506,4.0025,9.0024,2.0097
107.515,4.0025,9.0024,2.0097
107.523,4.0025,9.0024,2.0097
107.531,4.0025,9.0050,2.0097
107.540,4.0025,9.0050,2.0097
107.548,4.0025,9.0077,2.0097
107.556,4.0025,9.0077,2.0097
107.567,4.0025,9.0104,2.0097
107.576,4.0025,9.0104,2.0097
107.584,4.0025,9.0130,2.0097
107.593,4.0025,9.0130,2.0097
107.601,4.0025,9.0130,2.0097
107.609,4.0025,9.0157,2.0097
107.617,4.0025,9.0157,2.0097
107.625,4.0025,9.0184,2.0097
107.635,4.0025,9.0184,2.0097
107.644,4.0025,9.0184,2.0097
107.652,4.0025,9.0210,2.0097
107.661,4.0025,9.0210,2.0097
107.669,4.0025,9.0237,2.0097
107.680,4.0025,9.0237,2.0097
107.688,4.0025,9.0264,2.0097
107.698,4.0025,9.0264,2.0097
107.707,4.0025,9.0290,2.0097
107.717,4.0025,9.0290,2.0097
107.725,4.0025,9.0317,2.0097
107.737,4.0025,9.0317,2.0097
107.745,4.0025,9.0344,2.0097
107.754,4.0025,9.0344,2.0097
107.761,4.0025,9.0344,2.0097
107.769,4.0025,9.0370,2.0097
107.778,4.0025,9.0370,2.0097
107.786,4.0025,9.0397,2.0097
107.793,4.0025,9.0397,2.0097
107.803,4.0025,9.0397,2.0097
107.812,4.0025,9.0424,2.0097
107.822,4.0025,9.0424,2.0097
107.832,4.0025,9.0450,2.0097
107.842,4.0025,9.0450,2.0097
107.850,4.0025,9.0477,2.0097
107.860,4.0025,9.0477,2.0097
107.869,4.0025,9.0504,2.0097
107.878,4.0025,9.0504,2.0097
107.885,4.0025,9.0530,2.0097
107.894,4.0025,9.0530,2.0097
107.901,4.0025,9.0530,2.0097
107.909,4.0025,9.0557,2.0097
107.917,4.0025,9.0557,2.0097
107.925,4.0025,9.0584,2.0097
107.935,4.0025,9.0584,2.0097
107.942,4.0025,9.0584,2.0097
107.949,4.0025,9.0610,2.0097
107.959,4.0025,9.0610,2.0097
107.969,4.0025,9.0637,2.0097
107.979,4.0025,9.0637,2.0097
107.988,4.0025,9.0664,2.0097
107.998,4.0025,9.0664,2.0097
108.006,4.0025,9.0690,2.0097
108.016,4.0025,9.0690,2.0097
108.023,4.0025,9.0690,2.0097
108.032,4.0025,9.0717,2.0097
108.040,4.0025,9.0717,2.0097
108.048,4.0025,9.0744,2.0097
108.056,4.0025,9.0744,2.0097
108.065,4.0025,9.0770,2.0097
108.072,4.0025,9.0770,2.0097
108.080,4.0025,9.0770,2.0097
108.086,4.0025,9.0797,2.0097
108.095,4.0025,9.0797,2.0097
108.102,4.0025,9.0797,2.0097
108.109,4.0025,9.0824,2.0097
108.117,4.0025,9.0824,2.0097
108.123,4.0025,9.0824,2.0097
108.131,4.0025,9.0850,2.0097
108.140,4.0025,9.0850,2.0097
108.147,4.0025,9.0877,2.0097
108.155,4.0025,9.0877,2.0097
108.162,4.0025,9.0877,2.0097
108.169,4.0025,9.0904,2.0097
108.178,4.0025,9.0904,2.0097
108.185,4.0025,9.0930,2.0097
108.193,4.0025,9.0930,2.0097
108.201,4.0025,9.0930,2.0097
108.208,4.0025,9.0957,2.0097
108.217,4.0025,9.0957,2.0097
108.223,4.0025,9.0957,2.0097
108.232,4.0025,9.0984,2.0097
108.240,4.0025,9.0984,2.0097
108.247,4.0025,9.1010,2.0097
108.254,4.0025,9.1010,2.0097
108.261,4.0025,9.1010,2.0097
108.269,4.0025,9.1037,2.0097
108.277,4.0025,9.1037,2.0097
108.284,4.0025,9.1064,2.0097
108.292,4.0025,9.1064,2.0097
108.300,4.0025,9.1064,2.0097
108.306,4.0025,9.1090,2.0097
108.315,4.0025,9.1090,2.0097
108.321,4.0025,9.1090,2.0097
108.329,4.0025,9.1117,2.0097
108.336,4.0025,9.1117,2.0097
108.345,4.0025,9.1143,2.0097
108.352,4.0025,9.1143,2.0097
108.361,4.0025,9.1143,2.0097
108.367,4.0025,9.1170,2.0097
108.376,4.0025,9.1170,2.0097
108.382,4.0025,9.1170,2.0097
108.389,4.0025,9.1197,2.0097
108.398,4.0025,9.1197,2.0097
108.405,4.0025,9.1223,2.0097
108.413,4.0025,9.1223,2.0097
108.420,4.0025,9.1223,2.0097
108.427,4.0025,9.1250,2.0097
108.435,4.0025,9.1250,2.0097
108.444,4.0025,9.1276,2.0097
108.454,4.0025,9.1276,2.0097
108.460,4.0025,9.1276,2.0097
108.469,4.0025,9.1303,2.0097
108.476,4.0025,9.1303,2.0097
108.484,4.0025,9.1329,2.0097
108.492,4.0025,9.1329,2.0097
108.501,4.0025,9.1329,2.0097
108.509,4.0025,9.1356,2.0097
108.517,4.0025,9.1356,2.0097
108.523,4.0025,9.1356,2.0097
108.531,4.0025,9.1382,2.0097
108.540,4.0025,9.1382,2.0097
108.548,4.0025,9.1408,2.0097
108.555,4.0025,9.1408,2.0097
108.563,4.0025,9.1408,2.0097
108.570,4.0025,9.1435,2.0097
108.579,4.0025,9.1435,2.0097
108.587,4.0025,9.1461,2.0097
108.596,4.0025,9.1461,2.0097
108.604,4.0025,9.1461,2.0097
108.611,4.0025,9.1488,2.0097
108.619,4.0025,9.1488,2.0097
108.627,4.0025,9.1514,2.0097
108.635,4.0025,9.1514,2.0097
108.642,4.0025,9.1514,2.0097
108.649,4.0025,9.1540,2.0097
108.656,4.0025,9.1540,2.0097
108.664,4.0025,9.1540,2.0097
108.670,4.0025,9.1566,2.0097
108.679,4.0025,9.1566,2.0097
108.689,4.0025,9.1593,2.0097
108.699,4.0025,9.1593,2.0097
108.706,4.0025,9.1619,2.0097
108.714,4.0025,9.1619,2.0097
108.721,4.0025,9.1619,2.0097
108.728,4.0025,9.1645,2.0097
108.737,4.0025,9.1645,2.0097
108.744,4.0025,9.1645,2.0097
108.752,4.0025,9.1671,2.0097
108.759,4.0025,9.1671,2.0097
108.766,4.0025,9.1698,2.0097
108.773,4.0025,9.1698,2.0097
108.782,4.0025,9.1698,2.0097
108.788,4.0025,9.1724,2.0097
108.797,4.0025,9.1724,2.0097
108.804,4.0025,9.1724,2.0097
108.812,4.0025,9.1750,2.0097
108.820,4.0025,9.1750,2.0097
108.828,4.0025,9.1776,2.0097
108.836,4.0025,9.1776,2.0097
108.844,4.0025,9.1802,2.0097
108.852,4.0025,9.1802,2.0097
108.860,4.0025,9.1802,2.0097
108.868,4.0025,9.1829,2.0097
108.877,4.0025,9.1829,2.0097
108.895,4.0025,9.1855,2.0097
108.905,4.0025,9.1881,2.0097
108.913,4.0025,9.1881,2.0097
108.921,4.0025,9.1881,2.0097
108.929,4.0025,9.1908,2.0097
108.939,4.0025,9.1908,2.0097
108.946,4.0025,9.1934,2.0097
108.955,4.0025,9.1934,2.0097
108.963,4.0025,9.1934,2.0097
108.971,4.0025,9.1960,2.0097
108.980,4.0025,9.1960,2.0097
108.988,4.0025,9.1987,2.0097
108.997,4.0025,9.1987,2.0097
109.005,4.0025,9.2013,2.0097
109.013,4.0025,9.2013,2.0097
109.021,4.0025,9.2013,2.0097
109.029,4.0025,9.2040,2.0097
109.038,4.0025,9.2040,2.0097
109.046,4.0025,9.2066,2.0097
109.055,4.0025,9.2066,2.0097
109.063,4.0025,9.2066,2.0097
109.071,4.0025,9.2092,2.0097
109.081,4.0025,9.2092,2.0097
109.089,4.0025,9.2119,2.0097
109.100,4.0025,9.2119,2.0097
109.108,4.0025,9.2145,2.0097
109.119,4.0025,9.2145,2.0097
109.128,4.0025,9.2172,2.0097
109.138,4.0025,9.2172,2.0097
109.147,4.0025,9.2198,2.0097
109.157,4.0025,9.2198,2.0097
109.165,4.0025,9.2224,2.0097
109.174,4.0025,9.2224,2.0097
109.181,4.0025,9.2224,2.0097
109.189,4.0025,9.2251,2.0097
109.200,4.0025,9.2251,2.0097
109.207,4.0025,9.2277,2.0097
109.216,4.0025,9.2277,2.0097
109.224,4.0025,9.2303,2.0097
109.235,4.0025,9.2303,2.0097
109.242,4.0025,9.2303,2.0097
109.251,4.0025,9.2330,2.0097
109.260,4.0025,9.2330,2.0097
109.269,4.0025,9.2356,2.0097
109.277,4.0025,9.2356,2.0097
109.285,4.0025,9.2382,2.0097
109.296,4.0025,9.2382,2.0097
109.304,4.0025,9.2382,2.0097
109.312,4.0025,9.2409,2.0097
109.320,4.0025,9.2409,2.0097
109.329,4.0025,9.2435,2.0097
109.338,4.0025,9.2435,2.0097
109.347,4.0025,9.2461,2.0097
109.356,4.0025,9.2461,2.0097
109.363,4.0025,9.2461,2.0097
109.371,4.0025,9.2488,2.0097
109.379,4.0025,9.2488,2.0097
109.387,4.0025,9.2514,2.0097
109.395,4.0025,9.2514,2.0097
109.402,4.0025,9.2514,2.0097
109.409,4.0025,9.2540,2.0097
109.418,4.0025,9.2540,2.0097
109.424,4.0025,9.2567,2.0097
109.433,4.0025,9.2567,2.0097
109.439,4.0025,9.2567,2.0097
109.447,4.0025,9.2593,2.0097
109.455,4.0025,9.2593,2.0097
109.464,4.0025,9.2593,2.0097
109.470,4.0025,9.2619,2.0097
109.478,4.0025,9.2619,2.0097
109.485,4.0025,9.2646,2.0097
109.494,4.0025,9.2646,2.0097
109.500,4.0025,9.2646,2.0097
109.507,4.0025,9.2672,2.0097
109.516,4.0025,9.2672,2.0097
109.523,4.0025,9.2672,2.0097
109.531,4.0025,9.2699,2.0097
109.541,4.0025,9.2699,2.0097
109.548,4.0025,9.2725,2.0097
109.556,4.0025,9.2725,2.0097
109.564,4.0025,9.2752,2.0097
109.573,4.0025,9.2752,2.0097
109.580,4.0025,9.2752,2.0097
109.587,4.0025,9.2778,2.0097
109.596,4.0025,9.2778,2.0097
109.603,4.0025,9.2778,2.0097
109.611,4.0025,9.2805,2.0097
109.621,4.0025,9.2805,2.0097
109.629,4.0025,9.2831,2.0097
109.638,4.0025,9.2831,2.0097
109.646,4.0025,9.2858,2.0097
109.655,4.0025,9.2858,2.0097
109.662,4.0025,9.2858,2.0097
109.670,4.0025,9.2884,2.0097
109.677,4.0025,9.2884,2.0097
109.685,4.0025,9.2911,2.0097
109.693,4.0025,9.2911,2.0097
109.701,4.0025,9.2911,2.0097
109.708,4.0025,9.2938,2.0097
109.717,4.0025,9.2938,2.0097
109.723,4.0025,9.2938,2.0097
109.732,4.0025,9.2964,2.0097
109.739,4.0025,9.2964,2.0097
109.747,4.0025,9.2991,2.0097
109.754,4.0025,9.2991,2.0097
109.761,4.0025,9.2991,2.0097
109.768,4.0025,9.3017,2.0097
109.777,4.0025,9.3017,2.0097
109.784,4.0025,9.3017,2.0097
109.790,4.0025,9.3044,2.0097
109.799,4.0025,9.3044,2.0097
109.807,4.0025,9.3070,2.0097
109.815,4.0025,9.3070,2.0097
109.823,4.0025,9.3070,2.0097
109.831,4.0025,9.3097,2.0097
109.839,4.0025,9.3097,2.0097
109.847,4.0025,9.3124,2.0097
109.855,4.0025,9.3124,2.0097
109.863,4.0025,9.3124,2.0097
109.871,4.0025,9.3150,2.0097
109.878,4.0025,9.3150,2.0097
109.886,4.0025,9.3177,2.0097
109.894,4.0025,9.3177,2.0097
109.902,4.0025,9.3177,2.0097
109.909,4.0025,9.3204,2.0097
109.917,4.0025,9.3204,2.0097
109.923,4.0025,9.3204,2.0097
109.932,4.0025,9.3230,2.0097
109.940,4.0025,9.3230,2.0097
109.948,4.0025,9.3257,2.0097
109.955,4.0025,9.3257,2.0097
109.964,4.0025,9.3257,2.0097
109.970,4.0025,9.3284,2.0097
109.979,4.0025,9.3284,2.0097
109.986,4.0025,9.3310,2.0097
109.995,4.0025,9.3310,2.0097
110.001,4.0025,9.3310,2.0097
110.010,4.0025,9.3337,2.0097
110.019,4.0025,9.3337,2.0097
110.027,4.0025,9.3364,2.0097
110.037,4.0025,9.3364,2.0097
110.044,4.0025,9.3390,2.0097
110.052,4.0025,9.3390,2.0097
110.063,4.0025,9.3390,2.0097
110.070,4.0025,9.3417,2.0097
110.079,4.0025,9.3417,2.0097
110.086,4.0025,9.3444,2.0097
110.093,4.0025,9.3444,2.0097
110.101,4.0025,9.3444,2.0097
110.108,4.0025,9.3470,2.0097
110.117,4.0025,9.3470,2.0097
110.123,4.0025,9.3470,2.0097
110.130,4.0025,9.3497,2.0097
110.139,4.0025,9.3497,2.0097
110.147,4.0025,9.3524,2.0097
110.155,4.0025,9.3524,2.0097
110.162,4.0025,9.3524,2.0097
110.171,4.0025,9.3550,2.0097
110.180,4.0025,9.3550,2.0097
110.187,4.0025,9.3577,2.0097
110.197,4.0025,9.3577,2.0097
110.204,4.0025,9.3603,2.0097
110.214,4.0025,9.3603,2.0097
110.222,4.0025,9.3603,2.0097
110.231,4.0025,9.3630,2.0097
110.240,4.0025,9.3630,2.0097
110.248,4.0025,9.3640,2.0097
110.255,4.0025,9.3640,2.0097
110.263,4.0025,9.3640,2.0097
110.271,4.0025,9.3640,2.0097
110.279,4.0025,9.3640,2.0097
110.287,4.0025,9.3640,2.0097
110.295,4.0025,9.3640,2.0097
110.303,4.0025,9.3640,2.0097
110.311,4.0025,9.3640,2.0097
110.319,4.0025,9.3640,2.0097
110.326,4.0025,9.3640,2.0097
110.335,4.0025,9.3640,2.0097
110.342,4.0025,9.3640,2.0097
110.351,4.0025,9.3640,2.0097
110.359,4.0025,9.3640,2.0097
110.368,4.0025,9.3640,2.0097
110.378,4.0025,9.3640,2.0097
110.386,4.0025,9.3640,2.0097
110.396,4.0025,9.3640,2.0097
110.405,4.0025,9.3640,2.0097
110.415,4.0025,9.3640,2.0097
110.423,4.0025,9.3640,2.0097
110.432,4.0025,9.3640,2.0097
110.441,4.0025,9.3640,2.0097
110.449,4.0025,9.3640,2.0097
110.457,4.0025,9.3640,2.0097
110.466,4.0025,9.3640,2.0097
110.475,4.0025,9.3640,2.0097
110.483,4.0025,9.3640,2.0097
110.491,4.0025,9.3640,2.0097
110.499,4.0025,9.3640,2.0097
110.507,4.0025,9.3640,2.0097
110.514,4.0025,9.3640,2.0097
110.522,4.0025,9.3640,2.0097
110.530,4.0025,9.3640,2.0097
110.538,4.0025,9.3640,2.0097
110.546,4.0025,9.3640,2.0097
110.554,4.0025,9.3640,2.0097
110.562,4.0025,9.3640,2.0097
110.571,4.0025,9.3640,2.0097
110.580,4.0025,9.3640,2.0097
110.587,4.0025,9.3640,2.0097
110.598,4.0025,9.3640,2.0097
110.605,4.0025,9.3640,2.0097
110.615,4.0025,9.3640,2.0097
110.622,4.0025,9.3640,2.0097
110.631,4.0025,9.3640,2.0097
110.639,4.0025,9.3640,2.0097
110.647,4.0025,9.3640,2.0097
110.655,4.0025,9.3640,2.0097
110.663,4.0025,9.3640,2.0097
110.670,4.0025,9.3640,2.0097
110.679,4.0025,9.3640,2.0097
110.686,4.0025,9.3640,2.0097
110.695,4.0025,9.3640,2.0097
110.702,4.0025,9.3640,2.0097
110.709,4.0025,9.3640,2.0097
110.718,4.0025,9.3640,2.0097
110.726,4.0025,9.3640,2.0097
110.734,4.0025,9.3640,2.0097
110.742,4.0025,9.3640,2.0097
110.748,4.0025,9.3640,2.0097
110.756,4.0025,9.3640,2.0097
110.764,4.0025,9.3640,2.0097
110.772,4.0025,9.3640,2.0097
110.779,4.0025,9.3640,2.0097
110.787,4.0025,9.3640,2.0097
110.795,4.0025,9.3640,2.0097
110.803,4.0025,9.3640,2.0097
110.810,4.0025,9.3640,2.0097
110.817,4.0025,9.3640,2.0097
110.824,4.0025,9.3640,2.0097
110.832,4.0025,9.3640,2.0097
110.840,4.0025,9.3640,2.0097
110.847,4.0025,9.3640,2.0097
110.855,4.0025,9.3640,2.0097
110.863,4.0025,9.3640,2.0097
110.870,4.0025,9.3640,2.0097
110.879,4.0025,9.3640,2.0097
110.886,4.0025,9.3640,2.0097
110.895,4.0025,9.3640,2.0097
110.901,4.0025,9.3640,2.0097
110.909,4.0025,9.3640,2.0097
110.917,4.0025,9.3640,2.0097
110.925,4.0025,9.3640,2.0097
110.933,4.0025,9.3640,2.0097
110.940,4.0025,9.3640,2.0097
110.947,4.0025,9.3640,2.0097
110.955,4.0025,9.3640,2.0097
110.962,4.0025,9.3640,2.0097
110.969,4.0025,9.3640,2.0097
110.977,4.0025,9.3640,2.0097
110.985,4.0025,9.3640,2.0097
110.992,4.0025,9.3640,2.0097
110.999,4.0025,9.3640,2.0097
111.006,4.0025,9.3640,2.0097
111.016,4.0025,9.3640,2.0097
111.022,4.0025,9.3640,2.0097
111.029,4.0025,9.3640,2.0097
111.038,4.0025,9.3640,2.0097
111.045,4.0025,9.3640,2.0097
111.053,4.0025,9.3640,2.0097
111.059,4.0025,9.3640,2.0097
111.066,4.0025,9.3640,2.0097
111.075,4.0025,9.3640,2.0097
111.082,4.0025,9.3640,2.0097
111.089,4.0025,9.3640,2.0097
111.099,4.0025,9.3640,2.0097
111.106,4.0025,9.3640,2.0097
111.115,4.0025,9.3640,2.0097
111.123,4.0025,9.3640,2.0097
111.130,4.0025,9.3640,2.0097
111.137,4.0025,9.3640,2.0097
111.146,4.0025,9.3640,2.0097
111.153,4.0025,9.3640,2.0097
111.161,4.0025,9.3640,2.0097
111.175,4.0025,9.3640,2.0097
111.188,4.0025,9.3640,2.0097
111.196,4.0025,9.3640,2.0097
111.203,4.0025,9.3640,2.0097
111.210,4.0025,9.3640,2.0097
111.218,4.0025,9.3640,2.0097
111.225,4.0025,9.3640,2.0097
111.233,4.0025,9.3640,2.0097
111.240,4.0025,9.3640,2.0097
111.247,4.0025,9.3640,2.0097
111.255,4.0025,9.3640,2.0097
111.262,4.0025,9.3640,2.0097
111.269,4.0025,9.3640,2.0097
111.277,4.0025,9.3640,2.0097
111.284,4.0025,9.3640,2.0097
111.292,4.0025,9.3640,2.0097
111.299,4.0025,9.3640,2.0097
111.306,4.0025,9.3640,2.0097
111.315,4.0025,9.3640,2.0097
111.322,4.0025,9.3640,2.0097
111.329,4.0025,9.3640,2.0097
111.336,4.0025,9.3640,2.0097
111.343,4.0025,9.3640,2.0097
111.351,4.0025,9.3640,2.0097
111.358,4.0025,9.3640,2.0097
111.366,4.0025,9.3640,2.0097
111.375,4.0025,9.3640,2.0097
111.383,4.0025,9.3640,2.0097
111.390,4.0025,9.3640,2.0097
111.399,4.0025,9.3640,2.0097
111.407,4.0025,9.3640,2.0097
111.414,4.0025,9.3640,2.0097
111.420,4.0025,9.3640,2.0097
111.428,4.0025,9.3640,2.0097
111.435,4.0025,9.3640,2.0097
111.445,4.0025,9.3640,2.0097
111.453,4.0025,9.3640,2.0097
111.461,4.0025,9.3640,2.0097
111.470,4.0025,9.3640,2.0097
111.479,4.0025,9.3640,2.0097
111.487,4.0025,9.3640,2.0097
111.496,4.0025,9.3640,2.0097
111.504,4.0025,9.3640,2.0097
111.512,4.0025,9.3640,2.0097
111.520,4.0025,9.3640,2.0097
111.529,4.0025,9.3640,2.0097
111.537,4.0025,9.3640,2.0097
111.545,4.0025,9.3640,2.0097
111.553,4.0025,9.3640,2.0097
111.564,4.0025,9.3640,2.0097
111.571,4.0025,9.3640,2.0097
111.579,4.0025,9.3640,2.0097
111.586,4.0025,9.3640,2.0097
111.595,4.0025,9.3640,2.0097
111.603,4.0025,9.3640,2.0097
111.611,4.0025,9.3640,2.0097
111.621,4.0025,9.3640,2.0097
111.629,4.0025,9.3640,2.0097
111.639,4.0025,9.3640,2.0097
111.648,4.0025,9.3640,2.0097
111.658,4.0025,9.3640,2.0097
111.667,4.0025,9.3640,2.0097
111.677,4.0025,9.3640,2.0097
111.686,4.0025,9.3640,2.0097
111.695,4.0025,9.3640,2.0097
111.704,4.0025,9.3640,2.0097
111.712,4.0025,9.3640,2.0097
111.719,4.0025,9.3640,2.0097
111.726,4.0025,9.3640,2.0097
111.737,4.0025,9.3640,2.0097
111.745,4.0025,9.3640,2.0097
111.754,4.0025,9.3640,2.0097
111.762,4.0025,9.3640,2.0097
111.769,4.0025,9.3640,2.0097
111.778,4.0025,9.3640,2.0097
111.786,4.0025,9.3640,2.0097
111.794,4.0025,9.3640,2.0097
111.802,4.0025,9.3640,2.0097
111.810,4.0025,9.3640,2.0097
111.818,4.0025,9.3640,2.0097
111.825,4.0025,9.3640,2.0097
111.834,4.0025,9.3640,2.0097
111.841,4.0025,9.3640,2.0097
111.849,4.0025,9.3640,2.0097
111.857,4.0025,9.3640,2.0097
111.866,4.0025,9.3640,2.0097
111.875,4.0025,9.3640,2.0097
111.883,4.0025,9.3640,2.0097
111.891,4.0025,9.3640,2.0097
111.901,4.0025,9.3640,2.0097
111.907,4.0025,9.3640,2.0100
111.916,4.0025,9.3640,2.0100
111.921,4.0025,9.3640,2.0100
111.928,4.0025,9.3640,2.0103
111.936,4.0025,9.3640,2.0103
111.943,4.0025,9.3640,2.0103
111.950,4.0025,9.3640,2.0108
111.957,4.0025,9.3640,2.0108
111.964,4.0025,9.3640,2.0114
111.972,4.0025,9.3640,2.0114
111.980,4.0025,9.3640,2.0114
111.987,4.0025,9.3640,2.0120
111.995,4.0025,9.3640,2.0120
112.001,4.0025,9.3640,2.0120
112.009,4.0025,9.3640,2.0127
112.019,4.0025,9.3640,2.0127
112.026,4.0025,9.3640,2.0134
112.036,4.0025,9.3640,2.0134
112.044,4.0025,9.3640,2.0157
112.052,4.0025,9.3640,2.0157
112.059,4.0025,9.3640,2.0157
112.066,4.0025,9.3640,2.0180
112.075,4.0025,9.3640,2.0180
112.082,4.0025,9.3640,2.0180
112.089,4.0025,9.3640,2.0205
112.098,4.0025,9.3640,2.0205
112.106,4.0025,9.3640,2.0232
112.113,4.0025,9.3640,2.0232
112.120,4.0025,9.3640,2.0232
112.127,4.0025,9.3640,2.0259
112.135,4.0025,9.3640,2.0259
112.141,4.0025,9.3640,2.0259
112.149,4.0025,9.3640,2.0288
112.157,4.0025,9.3640,2.0288
112.165,4.0025,9.3640,2.0318
112.173,4.0025,9.3640,2.0318
112.181,4.0025,9.3640,2.0318
112.188,4.0025,9.3640,2.0349
112.198,4.0025,9.3640,2.0349
112.205,4.0025,9.3640,2.0381
112.214,4.0025,9.3640,2.0381
112.220,4.0025,9.3640,2.0381
112.228,4.0025,9.3640,2.0414
112.236,4.0025,9.3640,2.0414
112.243,4.0025,9.3640,2.0414
112.250,4.0025,9.3640,2.0448
112.258,4.0025,9.3640,2.0448
112.265,4.0025,9.3640,2.0482
112.272,4.0025,9.3640,2.0482
112.280,4.0025,9.3640,2.0482
112.286,4.0025,9.3640,2.0517
112.295,4.0025,9.3640,2.0517
112.303,4.0025,9.3640,2.0517
112.309,4.0025,9.3640,2.0551
112.317,4.0025,9.3640,2.0551
112.323,4.0025,9.3640,2.0551
112.330,4.0025,9.3640,2.0585
112.337,4.0025,9.3640,2.0585
112.344,4.0025,9.3640,2.0620
112.352,4.0025,9.3640,2.0620
112.358,4.0025,9.3640,2.0620
112.365,4.0025,9.3640,2.0655
112.374,4.0025,9.3640,2.0655
112.381,4.0025,9.3640,2.0655
112.387,4.0025,9.3640,2.0690
112.396,4.0025,9.3640,2.0690
112.402,4.0025,9.3640,2.0690
112.409,4.0025,9.3640,2.0725
112.416,4.0025,9.3640,2.0725
112.422,4.0025,9.3640,2.0725
112.429,4.0025,9.3640,2.0760
112.438,4.0025,9.3640,2.0760
112.446,4.0025,9.3640,2.0795
112.455,4.0025,9.3640,2.0795
112.463,4.0025,9.3640,2.0795
112.472,4.0025,9.3640,2.0830
112.480,4.0025,9.3640,2.0830
112.488,4.0025,9.3640,2.0866
112.497,4.0025,9.3640,2.0866
112.504,4.0025,9.3640,2.0901
112.511,4.0025,9.3640,2.0901
112.518,4.0025,9.3640,2.0901
112.524,4.0025,9.3640,2.0937
112.533,4.0025,9.3640,2.0937
112.540,4.0025,9.3640,2.0937
112.547,4.0025,9.3640,2.0972
112.555,4.0025,9.3640,2.0972
112.561,4.0025,9.3640,2.0972
112.568,4.0025,9.3640,2.1008
112.576,4.0025,9.3640,2.1008
112.585,4.0025,9.3640,2.1044
112.593,4.0025,9.3640,2.1044
112.601,4.0025,9.3640,2.1044
112.607,4.0025,9.3640,2.1080
112.617,4.0025,9.3640,2.1080
112.623,4.0025,9.3640,2.1080
112.631,4.0025,9.3640,2.1115
112.640,4.0025,9.3640,2.1115
112.648,4.0025,9.3640,2.1151
112.655,4.0025,9.3640,2.1151
112.663,4.0025,9.3640,2.1151
112.670,4.0025,9.3640,2.1187
112.679,4.0025,9.3640,2.1187
112.685,4.0025,9.3640,2.1222
112.693,4.0025,9.3640,2.1222
112.700,4.0025,9.3640,2.1222
112.709,4.0025,9.3640,2.1258
112.718,4.0025,9.3640,2.1258
112.725,4.0025,9.3640,2.1294
112.734,4.0025,9.3640,2.1294
112.741,4.0025,9.3640,2.1294
112.749,4.0025,9.3640,2.1330
112.757,4.0025,9.3640,2.1330
112.766,4.0025,9.3640,2.1365
112.774,4.0025,9.3640,2.1365
112.782,4.0025,9.3640,2.1365
112.789,4.0025,9.3640,2.1401
112.798,4.0025,9.3640,2.1401
112.805,4.0025,9.3640,2.1437
112.815,4.0025,9.3640,2.1437
112.822,4.0025,9.3640,2.1437
112.831,4.0025,9.3640,2.1473
112.840,4.0025,9.3640,2.1473
112.848,4.0025,9.3640,2.1509
112.857,4.0025,9.3640,2.1509
112.864,4.0025,9.3640,2.1545
112.871,4.0025,9.3640,2.1545
112.879,4.0025,9.3640,2.1545
112.887,4.0025,9.3640,2.1582
112.896,4.0025,9.3640,2.1582
112.904,4.0025,9.3640,2.1582
112.911,4.0025,9.3640,2.1618
112.919,4.0025,9.3640,2.1618
112.928,4.0025,9.3640,2.1654
112.936,4.0025,9.3640,2.1654
112.944,4.0025,9.3640,2.1690
112.954,4.0025,9.3640,2.1690
112.963,4.0025,9.3640,2.1690
112.971,4.0025,9.3640,2.1727
112.979,4.0025,9.3640,2.1727
112.986,4.0025,9.3640,2.1763
112.995,4.0025,9.3640,2.1763
113.003,4.0025,9.3640,2.1763
113.010,4.0025,9.3640,2.1800
113.018,4.0025,9.3640,2.1800
113.025,4.0025,9.3640,2.1869
113.035,4.0025,9.3640,2.1869
113.042,4.0025,9.3640,2.1869
113.050,4.0025,9.3640,2.1938
113.057,4.0025,9.3640,2.1938
113.067,4.0025,9.3640,2.2007
113.074,4.0025,9.3640,2.2007
113.082,4.0025,9.3640,2.2007
113.088,4.0025,9.3640,2.2077
113.098,4.0025,9.3640,2.2077
113.105,4.0025,9.3640,2.2147
113.114,4.0025,9.3640,2.2147
113.121,4.0025,9.3640,2.2147
113.131,4.0025,9.3640,2.2218
113.139,4.0025,9.3640,2.2218
113.146,4.0025,9.3640,2.2289
113.156,4.0025,9.3640,2.2289
113.164,4.0025,9.3640,2.2289
113.171,4.0025,9.3640,2.2360
113.180,4.0025,9.3640,2.2360
113.188,4.0025,9.3640,2.2431
113.196,4.0025,9.3640,2.2431
113.202,4.0025,9.3640,2.2431
113.208,4.0025,9.3640,2.2503
113.215,4.0025,9.3640,2.2503
113.222,4.0025,9.3640,2.2503
113.229,4.0025,9.3640,2.2575
113.237,4.0025,9.3640,2.2575
113.244,4.0025,9.3640,2.2648
113.252,4.0025,9.3640,2.2648
113.258,4.0025,9.3640,2.2648
113.264,4.0025,9.3640,2.2720
113.272,4.0025,9.3640,2.2720
113.281,4.0025,9.3640,2.2720
113.288,4.0025,9.3640,2.2792
113.298,4.0025,9.3640,2.2792
113.304,4.0025,9.3640,2.2865
113.314,4.0025,9.3640,2.2865
113.320,4.0025,9.3640,2.2865
113.327,4.0025,9.3640,2.2937
113.335,4.0025,9.3640,2.2937
113.342,4.0025,9.3640,2.2937
113.350,4.0025,9.3640,2.3009
113.358,4.0025,9.3640,2.3009
113.365,4.0025,9.3640,2.3082
113.375,4.0025,9.3640,2.3082
113.382,4.0025,9.3640,2.3082
113.389,4.0025,9.3640,2.3154
113.398,4.0025,9.3640,2.3154
113.405,4.0025,9.3640,2.3226
113.414,4.0025,9.3640,2.3226
113.431,4.0025,9.3640,2.3299
113.440,4.0025,9.3640,2.3299
113.447,4.0025,9.3640,2.3371
113.455,4.0025,9.3640,2.3371
113.464,4.0025,9.3640,2.3443
113.472,4.0025,9.3640,2.3443
113.480,4.0025,9.3640,2.3443
113.487,4.0025,9.3640,2.3516
113.496,4.0025,9.3640,2.3516
113.503,4.0025,9.3640,2.3516
113.513,4.0025,9.3640,2.3588
113.521,4.0025,9.3640,2.3588
113.531,4.0025,9.3640,2.3661
113.539,4.0025,9.3640,2.3661
113.547,4.0025,9.3640,2.3733
113.556,4.0025,9.3640,2.3733
113.564,4.0025,9.3640,2.3733
113.571,4.0025,9.3640,2.3805
113.582,4.0025,9.3640,2.3805
113.591,4.0025,9.3640,2.3878
113.602,4.0025,9.3640,2.3878
113.609,4.0025,9.3640,2.3950
113.620,4.0025,9.3640,2.3950
113.626,4.0025,9.3640,2.4022
113.636,4.0025,9.3640,2.4022
113.644,4.0025,9.3640,2.4095
113.656,4.0025,9.3640,2.4095
113.664,4.0025,9.3640,2.4167
113.674,4.0025,9.3640,2.4167
113.682,4.0025,9.3640,2.4167
113.688,4.0025,9.3640,2.4239
113.698,4.0025,9.3640,2.4239
113.706,4.0025,9.3640,2.4311
113.716,4.0025,9.3640,2.4311
113.723,4.0025,9.3640,2.4311
113.731,4.0025,9.3640,2.4383
113.740,4.0025,9.3640,2.4383
113.747,4.0025,9.3640,2.4455
113.755,4.0025,9.3640,2.4455
113.764,4.0025,9.3640,2.4527
113.772,4.0025,9.3640,2.4527
113.779,4.0025,9.3640,2.4527
113.787,4.0025,9.3640,2.4600
113.797,4.0025,9.3640,2.4600
113.804,4.0025,9.3640,2.4672
113.813,4.0025,9.3640,2.4672
113.821,4.0025,9.3640,2.4672
113.829,4.0025,9.3640,2.4744
113.838,4.0025,9.3640,2.4744
113.845,4.0025,9.3640,2.4816
113.856,4.0025,9.3640,2.4816
113.866,4.0025,9.3640,2.4888
113.876,4.0025,9.3640,2.4888
113.884,4.0025,9.3640,2.4960
113.893,4.0025,9.3640,2.4960
113.903,4.0025,9.3640,2.4960
113.910,4.0025,9.3640,2.5032
113.920,4.0025,9.3640,2.5032
113.927,4.0025,9.3640,2.5104
113.937,4.0025,9.3640,2.5104
113.946,4.0025,9.3640,2.5176
113.955,4.0025,9.3640,2.5176
113.964,4.0025,9.3640,2.5176
113.971,4.0025,9.3640,2.5248
113.982,4.0025,9.3640,2.5248
113.990,4.0025,9.3640,2.5320
114.000,4.0025,9.3640,2.5320
114.008,4.0025,9.3640,2.5392
114.017,4.0025,9.3640,2.5392
114.026,4.0025,9.3640,2.5464
114.037,4.0025,9.3640,2.5464
114.044,4.0025,9.3640,2.5536
114.054,4.0025,9.3640,2.5536
114.063,4.0025,9.3640,2.5536
114.072,4.0025,9.3640,2.5608
114.082,4.0025,9.3640,2.5608
114.090,4.0025,9.3640,2.5680
114.101,4.0025,9.3640,2.5680
114.108,4.0025,9.3640,2.5752
114.119,4.0025,9.3640,2.5752
114.128,4.0025,9.3640,2.5824
114.138,4.0025,9.3640,2.5824
114.147,4.0025,9.3640,2.5895
114.155,4.0025,9.3640,2.5895
114.164,4.0025,9.3640,2.5895
114.172,4.0025,9.3640,2.5967
114.182,4.0025,9.3640,2.5967
114.190,4.0025,9.3640,2.6039
114.200,4.0025,9.3640,2.6039
114.209,4.0025,9.3640,2.6111
114.219,4.0025,9.3640,2.6111
114.227,4.0025,9.3640,2.6183
114.236,4.0025,9.3640,2.6183
114.245,4.0025,9.3640,2.6255
114.254,4.0025,9.3640,2.6255
114.261,4.0025,9.3640,2.6255
114.270,4.0025,9.3640,2.6327
114.278,4.0025,9.3640,2.6327
114.286,4.0025,9.3640,2.6399
114.294,4.0025,9.3640,2.6399
114.302,4.0025,9.3640,2.6399
114.309,4.0025,9.3640,2.6471
114.320,4.0025,9.3640,2.6471
114.327,4.0025,9.3640,2.6543
114.336,4.0025,9.3640,2.6543
114.343,4.0025,9.3640,2.6543
114.350,4.0025,9.3640,2.6615
114.357,4.0025,9.3640,2.6615
114.366,4.0025,9.3640,2.6687
114.374,4.0025,9.3640,2.6687
114.383,4.0025,9.3640,2.6687
114.390,4.0025,9.3640,2.6759
114.399,4.0025,9.3640,2.6759
114.406,4.0025,9.3640,2.6831
114.414,4.0025,9.3640,2.6831
114.421,4.0025,9.3640,2.6831
114.430,4.0025,9.3640,2.6903
114.439,4.0025,9.3640,2.6903
114.447,4.0025,9.3640,2.6975
114.456,4.0025,9.3640,2.6975
114.463,4.0025,9.3640,2.6975
114.469,4.0025,9.3640,2.7047
114.479,4.0025,9.3640,2.7047
114.486,4.0025,9.3640,2.7119
114.494,4.0025,9.3640,2.7119
114.501,4.0025,9.3640,2.7119
114.509,4.0025,9.3640,2.7191
114.518,4.0025,9.3640,2.7191
114.525,4.0025,9.3640,2.7263
114.535,4.0025,9.3640,2.7263
114.542,4.0025,9.3640,2.7263
114.549,4.0025,9.3640,2.7335
114.557,4.0025,9.3640,2.7335
114.564,4.0025,9.3640,2.7406
114.573,4.0025,9.3640,2.7406
114.581,4.0025,9.3640,2.7406
114.587,4.0025,9.3640,2.7478
114.596,4.0025,9.3640,2.7478
114.604,4.0025,9.3640,2.7478
114.611,4.0025,9.3640,2.7550
114.620,4.0025,9.3640,2.7550
114.626,4.0025,9.3640,2.7622
114.635,4.0025,9.3640,2.7622
114.641,4.0025,9.3640,2.7622
114.649,4.0025,9.3640,2.7694
114.658,4.0025,9.3640,2.7694
114.666,4.0025,9.3640,2.7766
114.674,4.0025,9.3640,2.7766
114.681,4.0025,9.3640,2.7766
114.688,4.0025,9.3640,2.7838
114.696,4.0025,9.3640,2.7838
114.703,4.0025,9.3640,2.7838
114.711,4.0025,9.3640,2.7910
114.719,4.0025,9.3640,2.7910
114.726,4.0025,9.3640,2.7982
114.735,4.0025,9.3640,2.7982
114.743,4.0025,9.3640,2.7982
114.750,4.0025,9.3640,2.8054
114.758,4.0025,9.3640,2.8054
114.766,4.0025,9.3640,2.8126
114.773,4.0025,9.3640,2.8126
114.782,4.0025,9.3640,2.8126
114.789,4.0025,9.3640,2.8198
114.799,4.0025,9.3640,2.8198
114.806,4.0025,9.3640,2.8270
114.815,4.0025,9.3640,2.8270
114.822,4.0025,9.3640,2.8270
114.830,4.0025,9.3640,2.8342
114.838,4.0025,9.3640,2.8342
114.846,4.0025,9.3640,2.8414
114.854,4.0025,9.3640,2.8414
114.861,4.0025,9.3640,2.8414
114.868,4.0025,9.3640,2.8486
114.877,4.0025,9.3640,2.8486
114.884,4.0025,9.3640,2.8486
114.891,4.0025,9.3640,2.8558
114.900,4.0025,9.3640,2.8558
114.907,4.0025,9.3640,2.8630
114.916,4.0025,9.3640,2.8630
114.924,4.0025,9.3640,2.8630
114.931,4.0025,9.3640,2.8702
114.939,4.0025,9.3640,2.8702
114.947,4.0025,9.3640,2.8774
114.955,4.0025,9.3640,2.8774
114.963,4.0025,9.3640,2.8774
114.972,4.0025,9.3640,2.8846
114.980,4.0025,9.3640,2.8846
114.987,4.0025,9.3640,2.8918
114.996,4.0025,9.3640,2.8918
115.004,4.0025,9.3640,2.8990
115.012,4.0025,9.3640,2.8990
115.019,4.0025,9.3640,2.8990
115.025,4.0025,9.3640,2.9062
115.035,4.0025,9.3640,2.9062
115.041,4.0025,9.3640,2.9062
115.049,4.0025,9.3640,2.9134
115.057,4.0025,9.3640,2.9134
115.067,4.0025,9.3640,2.9206
115.076,4.0025,9.3640,2.9206
115.084,4.0025,9.3640,2.9206
115.090,4.0025,9.3640,2.9278
115.100,4.0025,9.3640,2.9278
115.107,4.0025,9.3640,2.9350
115.115,4.0025,9.3640,2.9350
115.123,4.0025,9.3640,2.9350
115.132,4.0025,9.3640,2.9423
115.140,4.0025,9.3640,2.9423
115.147,4.0025,9.3640,2.9495
115.155,4.0025,9.3640,2.9495
115.163,4.0025,9.3640,2.9495
115.169,4.0025,9.3640,2.9567
115.179,4.0025,9.3640,2.9567
115.187,4.0025,9.3640,2.9639
115.195,4.0025,9.3640,2.9639
115.203,4.0025,9.3640,2.9639
115.211,4.0025,9.3640,2.9711
115.220,4.0025,9.3640,2.9711
115.227,4.0025,9.3640,2.9783
115.237,4.0025,9.3640,2.9783
115.245,4.0025,9.3640,2.9855
115.254,4.0025,9.3640,2.9855
115.262,4.0025,9.3640,2.9855
115.270,4.0025,9.3640,2.9927
115.280,4.0025,9.3640,2.9927
115.288,4.0025,9.3640,2.9999
115.298,4.0025,9.3640,2.9999
115.306,4.0025,9.3640,3.0071
115.315,4.0025,9.3640,3.0071
115.322,4.0025,9.3640,3.0071
115.330,4.0025,9.3640,3.0143
115.339,4.0025,9.3640,3.0143
115.347,4.0025,9.3640,3.0215
115.356,4.0025,9.3640,3.0215
115.366,4.0025,9.3640,3.0287
115.374,4.0025,9.3640,3.0287
115.382,4.0025,9.3640,3.0287
115.389,4.0025,9.3640,3.0359
115.398,4.0025,9.3640,3.0359
115.405,4.0025,9.3640,3.0431
115.414,4.0025,9.3640,3.0431
115.422,4.0025,9.3640,3.0431
115.430,4.0025,9.3640,3.0503
115.438,4.0025,9.3640,3.0503
115.447,4.0025,9.3640,3.0575
115.457,4.0025,9.3640,3.0575
115.465,4.0025,9.3640,3.0647
115.475,4.0025,9.3640,3.0647
115.484,4.0025,9.3640,3.0647
115.491,4.0025,9.3640,3.0719
115.501,4.0025,9.3640,3.0719
115.509,4.0025,9.3640,3.0791
115.520,4.0025,9.3640,3.0791
115.528,4.0025,9.3640,3.0863
115.537,4.0025,9.3640,3.0863
115.545,4.0025,9.3640,3.0935
115.554,4.0025,9.3640,3.0935
115.562,4.0025,9.3640,3.0935
115.570,4.0025,9.3640,3.1007
115.580,4.0025,9.3640,3.1007
115.588,4.0025,9.3640,3.1079
115.597,4.0025,9.3640,3.1079
115.605,4.0025,9.3640,3.1151
115.614,4.0025,9.3640,3.1151
115.622,4.0025,9.3640,3.1151
115.630,4.0025,9.3640,3.1223
115.639,4.0025,9.3640,3.1223
115.647,4.0025,9.3640,3.1295
115.656,4.0025,9.3640,3.1295
115.663,4.0025,9.3640,3.1295
115.672,4.0025,9.3640,3.1367
115.681,4.0025,9.3640,3.1367
115.689,4.0025,9.3640,3.1439
115.699,4.0025,9.3640,3.1439
115.707,4.0025,9.3640,3.1511
115.716,4.0025,9.3640,3.1511
115.723,4.0025,9.3640,3.1511
115.733,4.0025,9.3640,3.1583
115.742,4.0025,9.3640,3.1583
115.750,4.0025,9.3640,3.1655
115.757,4.0025,9.3640,3.1655
115.765,4.0025,9.3640,3.1727
115.773,4.0025,9.3640,3.1727
115.782,4.0025,9.3640,3.1727
115.788,4.0025,9.3640,3.1799
115.798,4.0025,9.3640,3.1799
115.804,4.0025,9.3640,3.1871
115.821,4.0025,9.3640,3.1871
115.830,4.0025,9.3640,3.1943
115.838,4.0025,9.3640,3.1943
115.846,4.0025,9.3640,3.2015
115.853,4.0025,9.3640,3.2015
115.862,4.0025,9.3640,3.2015
115.869,4.0025,9.3640,3.2087
115.879,4.0025,9.3640,3.2087
115.885,4.0025,9.3640,3.2159
115.894,4.0025,9.3640,3.2159
115.902,4.0025,9.3640,3.2159
115.909,4.0025,9.3640,3.2231
115.919,4.0025,9.3640,3.2231
115.926,4.0025,9.3640,3.2303
115.936,4.0025,9.3640,3.2303
115.943,4.0025,9.3640,3.2303
115.951,4.0025,9.3640,3.2375
115.960,4.0025,9.3640,3.2375
115.968,4.0025,9.3640,3.2447
115.977,4.0025,9.3640,3.2447
115.985,4.0025,9.3640,3.2519
115.993,4.0025,9.3640,3.2519
116.002,4.0025,9.3640,3.2519
116.009,4.0025,9.3640,3.2591
116.018,4.0025,9.3640,3.2591
116.026,4.0025,9.3640,3.2663
116.036,4.0025,9.3640,3.2663
116.043,4.0025,9.3640,3.2663
116.051,4.0025,9.3640,3.2735
116.060,4.0025,9.3640,3.2735
116.068,4.0025,9.3640,3.2806
116.077,4.0025,9.3640,3.2806
116.084,4.0025,9.3640,3.2806
116.091,4.0025,9.3640,3.2878
116.100,4.0025,9.3640,3.2878
116.108,4.0025,9.3640,3.2950
116.117,4.0025,9.3640,3.2950
116.124,4.0025,9.3640,3.3021
116.133,4.0025,9.3640,3.3021
116.140,4.0025,9.3640,3.3021
116.147,4.0025,9.3640,3.3093
116.156,4.0025,9.3640,3.3093
116.163,4.0025,9.3640,3.3093
116.171,4.0025,9.3640,3.3165
116.182,4.0025,9.3640,3.3165
116.189,4.0025,9.3640,3.3236
116.198,4.0025,9.3640,3.3236
116.205,4.0025,9.3640,3.3308
116.215,4.0025,9.3640,3.3308
116.222,4.0025,9.3640,3.3308
116.230,4.0025,9.3640,3.3379
116.238,4.0025,9.3640,3.3379
116.247,4.0025,9.3640,3.3451
116.254,4.0025,9.3640,3.3451
116.262,4.0025,9.3640,3.3451
116.269,4.0025,9.3640,3.3523
116.279,4.0025,9.3640,3.3523
116.285,4.0025,9.3640,3.3594
116.294,4.0025,9.3640,3.3594
116.303,4.0025,9.3640,3.3594
116.310,4.0025,9.3640,3.3666
116.318,4.0025,9.3640,3.3666
116.325,4.0025,9.3640,3.3738
116.336,4.0025,9.3640,3.3738
116.343,4.0025,9.3640,3.3738
116.349,4.0025,9.3640,3.3809
116.358,4.0025,9.3640,3.3809
116.367,4.0025,9.3640,3.3881
116.375,4.0025,9.3640,3.3881
116.382,4.0025,9.3640,3.3881
116.388,4.0025,9.3640,3.3952
116.398,4.0025,9.3640,3.3952
116.404,4.0025,9.3640,3.4024
116.414,4.0025,9.3640,3.4024
116.421,4.0025,9.3640,3.4024
116.428,4.0025,9.3640,3.4095
116.435,4.0025,9.3640,3.4095
116.444,4.0025,9.3640,3.4095
116.451,4.0025,9.3640,3.4167
116.461,4.0025,9.3640,3.4167
116.468,4.0025,9.3640,3.4238
116.476,4.0025,9.3640,3.4238
116.484,4.0025,9.3640,3.4238
116.491,4.0025,9.3640,3.4309
116.500,4.0025,9.3640,3.4309
116.507,4.0025,9.3640,3.4380
116.516,4.0025,9.3640,3.4380
116.524,4.0025,9.3640,3.4380
116.532,4.0025,9.3640,3.4451
116.542,4.0025,9.3640,3.4451
116.550,4.0025,9.3640,3.4522
116.558,4.0025,9.3640,3.4522
116.568,4.0025,9.3640,3.4593
116.577,4.0025,9.3640,3.4593
116.585,4.0025,9.3640,3.4664
116.595,4.0025,9.3640,3.4664
116.604,4.0025,9.3640,3.4664
116.611,4.0025,9.3640,3.4735
116.621,4.0025,9.3640,3.4735
116.629,4.0025,9.3640,3.4806
116.639,4.0025,9.3640,3.4806
116.647,4.0025,9.3640,3.4876
116.656,4.0025,9.3640,3.4876
116.665,4.0025,9.3640,3.4947
116.674,4.0025,9.3640,3.4947
116.682,4.0025,9.3640,3.4947
116.688,4.0025,9.3640,3.5018
116.698,4.0025,9.3640,3.5018
116.705,4.0025,9.3640,3.5089
116.714,4.0025,9.3640,3.5089
116.721,4.0025,9.3640,3.5089
116.730,4.0025,9.3640,3.5159
116.739,4.0025,9.3640,3.5159
116.747,4.0025,9.3640,3.5230
116.756,4.0025,9.3640,3.5230
116.764,4.0025,9.3640,3.5301
116.773,4.0025,9.3640,3.5301
116.780,4.0025,9.3640,3.5301
116.788,4.0025,9.3640,3.5372
116.798,4.0025,9.3640,3.5372
116.805,4.0025,9.3640,3.5442
116.815,4.0025,9.3640,3.5442
116.821,4.0025,9.3640,3.5442
116.830,4.0025,9.3640,3.5513
116.837,4.0025,9.3640,3.5513
116.846,4.0025,9.3640,3.5584
116.854,4.0025,9.3640,3.5584
116.862,4.0025,9.3640,3.5584
116.870,4.0025,9.3640,3.5655
116.879,4.0025,9.3640,3.5655
116.887,4.0025,9.3640,3.5725
116.897,4.0025,9.3640,3.5725
116.905,4.0025,9.3640,3.5796
116.914,4.0025,9.3640,3.5796
116.922,4.0025,9.3640,3.5796
116.930,4.0025,9.3640,3.5866
116.940,4.0025,9.3640,3.5866
116.947,4.0025,9.3640,3.5937
116.956,4.0025,9.3640,3.5937
116.964,4.0025,9.3640,3.6008
116.973,4.0025,9.3640,3.6008
116.981,4.0025,9.3640,3.6008
116.988,4.0025,9.3640,3.6078
116.998,4.0025,9.3640,3.6078
117.005,4.0025,9.3640,3.6149
117.012,4.0025,9.3640,3.6149
117.019,4.0025,9.3640,3.6149
117.025,4.0025,9.3640,3.6219
117.035,4.0025,9.3640,3.6219
117.041,4.0025,9.3640,3.6219
117.048,4.0025,9.3640,3.6290
117.055,4.0025,9.3640,3.6290
117.064,4.0025,9.3640,3.6290
117.070,4.0025,9.3640,3.6360
117.079,4.0025,9.3640,3.6360
117.086,4.0025,9.3640,3.6431
117.095,4.0025,9.3640,3.6431
117.101,4.0025,9.3640,3.6431
117.109,4.0025,9.3640,3.6501
117.118,4.0025,9.3640,3.6501
117.125,4.0025,9.3640,3.6572
117.135,4.0025,9.3640,3.6572
117.142,4.0025,9.3640,3.6572
117.150,4.0025,9.3640,3.6643
117.158,4.0025,9.3640,3.6643
117.166,4.0025,9.3640,3.6713
117.174,4.0025,9.3640,3.6713
117.182,4.0025,9.3640,3.6713
117.189,4.0025,9.3640,3.6784
117.199,4.0025,9.3640,3.6784
117.207,4.0025,9.3640,3.6854
117.215,4.0025,9.3640,3.6854
117.222,4.0025,9.3640,3.6854
117.230,4.0025,9.3640,3.6925
117.239,4.0025,9.3640,3.6925
117.247,4.0025,9.3640,3.6995
117.255,4.0025,9.3640,3.6995
117.263,4.0025,9.3640,3.6995
117.272,4.0025,9.3640,3.7066
117.281,4.0025,9.3640,3.7066
117.287,4.0025,9.3640,3.7136
117.297,4.0025,9.3640,3.7136
117.304,4.0025,9.3640,3.7206
117.313,4.0025,9.3640,3.7206
117.321,4.0025,9.3640,3.7206
117.329,4.0025,9.3640,3.7277
117.338,4.0025,9.3640,3.7277
117.345,4.0025,9.3640,3.7347
117.353,4.0025,9.3640,3.7347
117.361,4.0025,9.3640,3.7347
117.368,4.0025,9.3640,3.7417
117.377,4.0025,9.3640,3.7417
117.385,4.0025,9.3640,3.7487
117.394,4.0025,9.3640,3.7487
117.401,4.0025,9.3640,3.7487
117.409,4.0025,9.3640,3.7557
117.418,4.0025,9.3640,3.7557
117.425,4.0025,9.3640,3.7627
117.434,4.0025,9.3640,3.7627
117.441,4.0025,9.3640,3.7627
117.449,4.0025,9.3640,3.7697
117.457,4.0025,9.3640,3.7697
117.464,4.0025,9.3640,3.7767
117.473,4.0025,9.3640,3.7767
117.481,4.0025,9.3640,3.7767
117.488,4.0025,9.3640,3.7837
117.496,4.0025,9.3640,3.7837
117.504,4.0025,9.3640,3.7837
117.512,4.0025,9.3640,3.7906
117.521,4.0025,9.3640,3.7906
117.530,4.0025,9.3640,3.7976
117.538,4.0025,9.3640,3.7976
117.547,4.0025,9.3640,3.8046
117.556,4.0025,9.3640,3.8046
117.564,4.0025,9.3640,3.8116
117.574,4.0025,9.3640,3.8116
117.581,4.0025,9.3640,3.8116
117.590,4.0025,9.3640,3.8186
117.600,4.0025,9.3640,3.8186
117.608,4.0025,9.3640,3.8256
117.616,4.0025,9.3640,3.8256
117.625,4.0025,9.3640,3.8325
117.635,4.0025,9.3640,3.8325
117.643,4.0025,9.3640,3.8325
117.650,4.0025,9.3640,3.8395
117.658,4.0025,9.3640,3.8395
117.668,4.0025,9.3640,3.8464
117.676,4.0025,9.3640,3.8464
117.684,4.0025,9.3640,3.8533
117.694,4.0025,9.3640,3.8533
117.702,4.0025,9.3640,3.8533
117.708,4.0025,9.3640,3.8602
117.718,4.0025,9.3640,3.8602
117.726,4.0025,9.3640,3.8671
117.736,4.0025,9.3640,3.8671
117.745,4.0025,9.3640,3.8740
117.754,4.0025,9.3640,3.8740
117.762,4.0025,9.3640,3.8740
117.769,4.0025,9.3640,3.8777
117.780,4.0025,9.3640,3.8777
117.787,4.0025,9.3640,3.8813
117.797,4.0025,9.3640,3.8813
117.806,4.0025,9.3640,3.8849
117.816,4.0025,9.3640,3.8849
117.823,4.0025,9.3640,3.8849
117.832,4.0025,9.3640,3.8884
117.842,4.0025,9.3640,3.8884
117.850,4.0025,9.3640,3.8919
117.859,4.0025,9.3640,3.8919
117.868,4.0025,9.3640,3.8954
117.879,4.0025,9.3640,3.8954
117.887,4.0025,9.3640,3.8989
117.897,4.0025,9.3640,3.8989
117.905,4.0025,9.3640,3.9024
117.915,4.0025,9.3640,3.9024
117.923,4.0025,9.3640,3.9024
117.934,4.0025,9.3640,3.9058
117.944,4.0025,9.3640,3.9093
117.954,4.0025,9.3640,3.9093
117.963,4.0025,9.3640,3.9093
117.972,4.0025,9.3640,3.9127
117.981,4.0025,9.3640,3.9127
117.989,4.0025,9.3640,3.9162
118.000,4.0025,9.3640,3.9162
118.009,4.0025,9.3640,3.9196
118.017,4.0025,9.3640,3.9196
118.026,4.0025,9.3640,3.9231
118.035,4.0025,9.3640,3.9231
118.043,4.0025,9.3640,3.9231
118.050,4.0025,9.3640,3.9265
118.057,4.0025,9.3640,3.9265
118.066,4.0025,9.3640,3.9299
118.075,4.0025,9.3640,3.9299
118.083,4.0025,9.3640,3.9299
118.089,4.0025,9.3640,3.9334
118.098,4.0025,9.3640,3.9334
118.106,4.0025,9.3640,3.9368
118.116,4.0025,9.3640,3.9368
118.123,4.0025,9.3640,3.9368
118.131,4.0025,9.3640,3.9403
118.140,4.0025,9.3640,3.9403
118.148,4.0025,9.3640,3.9437
118.155,4.0025,9.3640,3.9437
118.164,4.0025,9.3640,3.9471
118.173,4.0025,9.3640,3.9471
118.181,4.0025,9.3640,3.9471
118.189,4.0025,9.3640,3.9505
118.198,4.0025,9.3640,3.9505
118.214,4.0025,9.3640,3.9539
118.228,4.0025,9.3640,3.9572
118.241,4.0025,9.3640,3.9572
118.252,4.0025,9.3640,3.9606
118.268,4.0025,9.3640,3.9638
118.277,4.0025,9.3640,3.9638
118.284,4.0025,9.3640,3.9669
118.293,4.0025,9.3640,3.9669
118.301,4.0025,9.3640,3.9669
118.308,4.0025,9.3640,3.9698
118.316,4.0025,9.3640,3.9698
118.323,4.0025,9.3640,3.9698
118.331,4.0025,9.3640,3.9726
118.340,4.0025,9.3640,3.9726
118.347,4.0025,9.3640,3.9751
118.356,4.0025,9.3640,3.9751
118.365,4.0025,9.3640,3.9775
118.372,4.0025,9.3640,3.9775
118.380,4.0025,9.3640,3.9775
118.387,4.0025,9.3640,3.9798
118.396,4.0025,9.3640,3.9798
118.403,4.0025,9.3640,3.9798
118.410,4.0025,9.3640,3.9806
118.419,4.0025,9.3640,3.9806
118.425,4.0025,9.3640,3.9814
118.435,4.0025,9.3640,3.9814
118.441,4.0025,9.3640,3.9814
118.449,4.0025,9.3640,3.9822
118.456,4.0025,9.3640,3.9822
118.463,4.0025,9.3640,3.9822
118.470,4.0025,9.3640,3.9844
118.479,4.0025,9.3640,3.9844
118.485,4.0025,9.3640,3.9867
118.494,4.0025,9.3640,3.9867
118.502,4.0025,9.3640,3.9867
118.509,4.0025,9.3640,3.9890
118.518,4.0025,9.3640,3.9890
118.525,4.0025,9.3640,3.9912
118.534,4.0025,9.3640,3.9912
118.541,4.0025,9.3640,3.9912
118.548,4.0025,9.3640,3.9935
118.557,4.0025,9.3640,3.9935
118.566,4.0025,9.3640,3.9959
118.575,4.0025,9.3640,3.9959
118.582,4.0025,9.3640,3.9959
118.589,4.0025,9.3640,3.9984
118.598,4.0025,9.3640,3.9984
118.605,4.0025,9.3640,4.0010
118.614,4.0025,9.3640,4.0010
118.621,4.0025,9.3640,4.0010
118.628,4.0025,9.3640,4.0038
118.635,4.0025,9.3640,4.0038
118.642,4.0025,9.3640,4.0038
118.650,4.0025,9.3640,4.0067
118.658,4.0025,9.3640,4.0067
118.666,4.0025,9.3640,4.0097
118.673,4.0025,9.3640,4.0097
118.681,4.0025,9.3640,4.0097
118.687,4.0025,9.3640,4.0129
118.697,4.0025,9.3640,4.0129
118.702,4.0025,9.3640,4.0129
118.709,4.0025,9.3640,4.0161
118.717,4.0025,9.3640,4.0161
118.724,4.0025,9.3640,4.0161
118.731,4.0025,9.3640,4.0194
118.740,4.0025,9.3640,4.0194
118.746,4.0025,9.3640,4.0227
118.754,4.0025,9.3640,4.0227
118.761,4.0025,9.3640,4.0227
118.769,4.0025,9.3640,4.0260
118.776,4.0025,9.3640,4.0260
118.783,4.0025,9.3640,4.0260
118.790,4.0025,9.3640,4.0294
118.799,4.0025,9.3640,4.0294
118.805,4.0025,9.3640,4.0327
118.814,4.0025,9.3640,4.0327
118.820,4.0025,9.3640,4.0327
118.827,4.0025,9.3640,4.0360
118.835,4.0025,9.3640,4.0360
118.842,4.0025,9.3640,4.0360
118.848,4.0025,9.3640,4.0394
118.855,4.0025,9.3640,4.0394
118.864,4.0025,9.3640,4.0394
118.871,4.0025,9.3640,4.0427
118.879,4.0025,9.3640,4.0427
118.886,4.0025,9.3640,4.0461
118.896,4.0025,9.3640,4.0461
118.904,4.0025,9.3640,4.0494
118.912,4.0025,9.3640,4.0494
118.919,4.0025,9.3640,4.0494
118.926,4.0025,9.3640,4.0527
118.936,4.0025,9.3640,4.0527
118.943,4.0025,9.3640,4.0527
118.951,4.0025,9.3640,4.0560
118.959,4.0025,9.3640,4.0560
118.967,4.0025,9.3640,4.0593
118.975,4.0025,9.3640,4.0593
118.982,4.0025,9.3640,4.0593
118.989,4.0025,9.3640,4.0625
118.997,4.0025,9.3640,4.0625
119.005,4.0025,9.3640,4.0657
119.013,4.0025,9.3640,4.0657
119.021,4.0025,9.3640,4.0657
119.027,4.0025,9.3640,4.0689
119.036,4.0025,9.3640,4.0689
119.044,4.0025,9.3640,4.0720
119.052,4.0025,9.3640,4.0720
119.059,4.0025,9.3640,4.0720
119.068,4.0025,9.3640,4.0751
119.077,4.0025,9.3640,4.0751
119.085,4.0025,9.3640,4.0781
119.094,4.0025,9.3640,4.0781
119.101,4.0025,9.3640,4.0781
119.108,4.0025,9.3640,4.0810
119.118,4.0025,9.3640,4.0810
119.126,4.0025,9.3640,4.0836
119.137,4.0025,9.3640,4.0836
119.146,4.0025,9.3640,4.0861
119.156,4.0025,9.3640,4.0861
119.164,4.0025,9.3640,4.0883
119.175,4.0025,9.3640,4.0883
119.183,4.0025,9.3640,4.0883
119.191,4.0025,9.3640,4.0890
119.203,4.0025,9.3640,4.0890
119.211,4.0025,9.3640,4.0896
119.220,4.0025,9.3640,4.0896
119.229,4.0025,9.3640,4.0901
119.239,4.0025,9.3640,4.0901
119.249,4.0025,9.3640,4.0905
119.258,4.0025,9.3640,4.0905
119.267,4.0025,9.3640,4.0905
119.277,4.0025,9.3640,4.0905
119.287,4.0025,9.3640,4.0905
119.299,4.0025,9.3640,4.0905
119.307,4.0025,9.3640,4.0905
119.317,4.0025,9.3640,4.0905
119.324,4.0025,9.3640,4.0905
119.334,4.0025,9.3640,4.0905
119.341,4.0025,9.3640,4.0905
119.351,4.0025,9.3640,4.0905
119.360,4.0025,9.3640,4.0905
119.368,4.0025,9.3640,4.0905
119.378,4.0025,9.3640,4.0905
119.386,4.0025,9.3640,4.0905
119.396,4.0025,9.3640,4.0905
119.404,4.0025,9.3640,4.0905
119.414,4.0025,9.3640,4.0905
119.421,4.0025,9.3640,4.0905
119.430,4.0025,9.3640,4.0905
119.439,4.0025,9.3640,4.0905
119.447,4.0025,9.3640,4.0905
119.456,4.0025,9.3640,4.0905
119.464,4.0025,9.3640,4.0905
119.472,4.0025,9.3640,4.0905
119.480,4.0025,9.3640,4.0905
119.487,4.0025,9.3640,4.0905
119.496,4.0025,9.3640,4.0905
119.505,4.0025,9.3640,4.0905
119.512,4.0025,9.3640,4.0905
119.519,4.0025,9.3640,4.0905
119.527,4.0025,9.3640,4.0905
119.536,4.0025,9.3640,4.0905
119.543,4.0025,9.3640,4.0905
119.550,4.0025,9.3640,4.0902
119.558,4.0025,9.3640,4.0902
119.566,4.0025,9.3640,4.0898
119.574,4.0025,9.3640,4.0898
119.581,4.0025,9.3640,4.0898
119.588,4.0025,9.3640,4.0894
119.598,4.0025,9.3640,4.0894
119.604,4.0025,9.3640,4.0888
119.612,4.0025,9.3640,4.0888
119.619,4.0025,9.3640,4.0888
119.626,4.0025,9.3640,4.0882
119.634,4.0025,9.3640,4.0882
119.640,4.0025,9.3640,4.0882
119.648,4.0025,9.3640,4.0876
119.655,4.0025,9.3640,4.0876
119.663,4.0025,9.3640,4.0876
119.669,4.0025,9.3640,4.0870
119.678,4.0025,9.3640,4.0870
119.685,4.0025,9.3640,4.0863
119.692,4.0025,9.3640,4.0863
119.699,4.0025,9.3640,4.0863
119.706,4.0025,9.3640,4.0856
119.713,4.0025,9.3640,4.0856
119.720,4.0025,9.3640,4.0856
119.727,4.0025,9.3640,4.0849
119.735,4.0025,9.3640,4.0849
119.742,4.0025,9.3640,4.0849
119.749,4.0025,9.3640,4.0842
119.757,4.0025,9.3640,4.0842
119.765,4.0025,9.3640,4.0834
119.773,4.0025,9.3640,4.0834
119.780,4.0025,9.3640,4.0834
119.788,4.0025,9.3640,4.0827
119.796,4.0025,9.3640,4.0827
119.803,4.0025,9.3640,4.0827
119.809,4.0025,9.3640,4.0819
119.817,4.0025,9.3640,4.0819
119.823,4.0025,9.3640,4.0819
119.831,4.0025,9.3640,4.0811
119.838,4.0025,9.3640,4.0811
119.845,4.0025,9.3640,4.0803
119.853,4.0025,9.3640,4.0803
119.860,4.0025,9.3640,4.0803
119.868,4.0025,9.3640,4.0781
119.876,4.0025,9.3640,4.0781
119.884,4.0025,9.3640,4.0759
119.891,4.0025,9.3640,4.0759
119.899,4.0025,9.3640,4.0759
119.905,4.0025,9.3640,4.0737
119.914,4.0025,9.3640,4.0737
119.920,4.0025,9.3640,4.0737
119.927,4.0025,9.3640,4.0714
119.936,4.0025,9.3640,4.0714
119.943,4.0025,9.3640,4.0714
119.951,4.0025,9.3640,4.0692
119.960,4.0025,9.3640,4.0692
119.967,4.0025,9.3640,4.0670
119.975,4.0025,9.3640,4.0670
119.981,4.0025,9.3640,4.0670
119.989,4.0025,9.3640,4.0647
119.997,4.0025,9.3640,4.0647
120.003,4.0025,9.3640,4.0647
120.010,4.0025,9.3640,4.0625
120.019,4.0025,9.3640,4.0625
120.025,4.0025,9.3640,4.0603
120.032,4.0025,9.3640,4.0603
120.039,4.0025,9.3640,4.0603
120.045,4.0025,9.3640,4.0580
120.054,4.0025,9.3640,4.0580
120.061,4.0025,9.3640,4.0580
120.069,4.0025,9.3640,4.0558
120.077,4.0025,9.3640,4.0558
120.083,4.0025,9.3640,4.0558
120.090,4.0025,9.3640,4.0536
120.098,4.0025,9.3640,4.0536
120.105,4.0025,9.3640,4.0514
120.114,4.0025,9.3640,4.0514
120.120,4.0025,9.3640,4.0514
120.126,4.0025,9.3640,4.0492
120.135,4.0025,9.3640,4.0492
120.141,4.0025,9.3640,4.0492
120.148,4.0025,9.3640,4.0470
120.156,4.0025,9.3640,4.0470
120.163,4.0025,9.3640,4.0470
120.170,4.0025,9.3640,4.0462
120.178,4.0025,9.3640,4.0462
120.186,4.0025,9.3640,4.0453
120.194,4.0025,9.3640,4.0453
120.201,4.0025,9.3640,4.0453
120.209,4.0025,9.3640,4.0445
120.218,4.0025,9.3640,4.0445
120.225,4.0025,9.3640,4.0437
120.235,4.0025,9.3640,4.0437
120.242,4.0025,9.3640,4.0437
120.260,4.0025,9.3640,4.0430
120.268,4.0025,9.3640,4.0422
120.276,4.0025,9.3640,4.0422
120.283,4.0025,9.3640,4.0422
120.289,4.0025,9.3640,4.0414
120.299,4.0025,9.3640,4.0414
120.305,4.0025,9.3640,4.0406
120.314,4.0025,9.3640,4.0406
120.321,4.0025,9.3640,4.0406
120.329,4.0025,9.3640,4.0399
120.338,4.0025,9.3640,4.0399
120.346,4.0025,9.3640,4.0391
120.355,4.0025,9.3640,4.0391
120.362,4.0025,9.3640,4.0391
120.371,4.0025,9.3640,4.0384
120.380,4.0025,9.3640,4.0384
120.388,4.0025,9.3640,4.0377
120.396,4.0025,9.3640,4.0377
120.404,4.0025,9.3640,4.0370
120.414,4.0025,9.3640,4.0370
120.421,4.0025,9.3640,4.0370
120.429,4.0025,9.3640,4.0363
120.437,4.0025,9.3640,4.0363
120.446,4.0025,9.3640,4.0357
120.454,4.0025,9.3640,4.0357
120.462,4.0025,9.3640,4.0357
120.470,4.0025,9.3640,4.0352
120.479,4.0025,9.3640,4.0352
120.487,4.0025,9.3640,4.0347
120.497,4.0025,9.3640,4.0347
120.505,4.0025,9.3640,4.0343
120.514,4.0025,9.3640,4.0343
120.522,4.0025,9.3640,4.0343
120.530,4.0025,9.3640,4.0340
120.539,4.0025,9.3640,4.0340
120.547,4.0025,9.3640,4.0340
120.558,4.0025,9.3640,4.0340
120.568,4.0025,9.3640,4.0340
120.575,4.0025,9.3640,4.0340
120.584,4.0025,9.3640,4.0340
120.591,4.0025,9.3640,4.0340
120.601,4.0025,9.3640,4.0340
120.609,4.0025,9.3640,4.0340
120.617,4.0025,9.3640,4.0340
120.624,4.0025,9.3640,4.0340
120.633,4.0025,9.3640,4.0340
120.640,4.0025,9.3640,4.0340
120.647,4.0025,9.3640,4.0340
120.655,4.0025,9.3640,4.0340
120.662,4.0025,9.3640,4.0340
120.669,4.0025,9.3640,4.0340
120.678,4.0025,9.3640,4.0340
120.686,4.0025,9.3640,4.0340
120.695,4.0025,9.3640,4.0340
120.703,4.0025,9.3640,4.0340
120.710,4.0025,9.3640,4.0340
120.718,4.0025,9.3640,4.0340
120.726,4.0025,9.3640,4.0340
120.734,4.0025,9.3640,4.0340
120.742,4.0025,9.3640,4.0340
120.749,4.0025,9.3640,4.0340
120.757,4.0025,9.3640,4.0340
120.765,4.0025,9.3640,4.0340
120.774,4.0025,9.3640,4.0340
120.782,4.0025,9.3640,4.0340
120.789,4.0025,9.3640,4.0340
120.799,4.0025,9.3640,4.0340
120.807,4.0025,9.3640,4.0340
120.814,4.0025,9.3640,4.0340
120.823,4.0025,9.3640,4.0340
120.833,4.0025,9.3640,4.0337
120.842,4.0025,9.3640,4.0337
120.849,4.0025,9.3640,4.0332
120.857,4.0025,9.3640,4.0332
120.865,4.0025,9.3640,4.0328
120.873,4.0025,9.3640,4.0328
120.881,4.0025,9.3640,4.0328
120.887,4.0025,9.3640,4.0323
120.896,4.0025,9.3640,4.0323
120.904,4.0025,9.3640,4.0323
120.914,4.0025,9.3640,4.0317
120.922,4.0025,9.3640,4.0317
120.929,4.0025,9.3640,4.0312
120.937,4.0025,9.3640,4.0312
120.946,4.0025,9.3640,4.0306
120.956,4.0025,9.3640,4.0306
120.963,4.0025,9.3640,4.0306
120.970,4.0025,9.3640,4.0301
120.978,4.0025,9.3640,4.0301
120.986,4.0025,9.3640,4.0295
120.993,4.0025,9.3640,4.0295
121.001,4.0025,9.3640,4.0295
121.008,4.0025,9.3640,4.0290
121.018,4.0025,9.3640,4.0290
121.025,4.0025,9.3640,4.0285
121.034,4.0025,9.3640,4.0285
121.040,4.0025,9.3640,4.0285
121.049,4.0025,9.3640,4.0279
121.056,4.0025,9.3640,4.0279
121.065,4.0025,9.3640,4.0274
121.073,4.0025,9.3640,4.0274
121.081,4.0025,9.3640,4.0274
121.087,4.0025,9.3640,4.0268
121.095,4.0025,9.3640,4.0268
121.103,4.0025,9.3640,4.0268
121.110,4.0025,9.3640,4.0262
121.117,4.0025,9.3640,4.0262
121.124,4.0025,9.3640,4.0262
121.131,4.0025,9.3640,4.0257
121.140,4.0025,9.3640,4.0257
121.147,4.0025,9.3640,4.0251
121.154,4.0025,9.3640,4.0251
121.162,4.0025,9.3640,4.0251
121.169,4.0025,9.3640,4.0245
121.177,4.0025,9.3640,4.0245
121.184,4.0025,9.3640,4.0239
121.192,4.0025,9.3640,4.0239
121.199,4.0025,9.3640,4.0239
121.206,4.0025,9.3640,4.0233
121.214,4.0025,9.3640,4.0233
121.221,4.0025,9.3640,4.0233
121.228,4.0025,9.3640,4.0227
121.235,4.0025,9.3640,4.0227
121.243,4.0025,9.3640,4.0227
121.250,4.0025,9.3640,4.0221
121.257,4.0025,9.3640,4.0221
121.266,4.0025,9.3640,4.0215
121.274,4.0025,9.3640,4.0215
121.280,4.0025,9.3640,4.0215
121.287,4.0025,9.3640,4.0208
121.295,4.0025,9.3640,4.0208
121.302,4.0025,9.3640,4.0208
121.309,4.0025,9.3640,4.0202
121.319,4.0025,9.3640,4.0202
121.326,4.0025,9.3640,4.0195
121.336,4.0025,9.3640,4.0195
121.343,4.0025,9.3640,4.0195
121.351,4.0025,9.3640,4.0189
121.358,4.0025,9.3640,4.0189
121.366,4.0025,9.3640,4.0182
121.374,4.0025,9.3640,4.0182
121.382,4.0025,9.3640,4.0182
121.388,4.0025,9.3640,4.0175
121.397,4.0025,9.3640,4.0175
121.404,4.0025,9.3640,4.0168
121.413,4.0025,9.3640,4.0168
121.419,4.0025,9.3640,4.0168
121.425,4.0025,9.3640,4.0161
121.434,4.0025,9.3640,4.0161
121.441,4.0025,9.3640,4.0161
121.448,4.0025,9.3640,4.0154
121.456,4.0025,9.3640,4.0154
121.464,4.0025,9.3640,4.0154
121.470,4.0025,9.3640,4.0147
121.477,4.0025,9.3640,4.0147
121.483,4.0025,9.3640,4.0147
121.491,4.0025,9.3640,4.0141
121.500,4.0025,9.3640,4.0141
121.507,4.0025,9.3640,4.0134
121.514,4.0025,9.3640,4.0134
121.521,4.0025,9.3640,4.0134
121.528,4.0025,9.3640,4.0127
121.536,4.0025,9.3640,4.0127
121.542,4.0025,9.3640,4.0127
121.548,4.0025,9.3640,4.0120
121.555,4.0025,9.3640,4.0120
121.562,4.0025,9.3640,4.0120
121.569,4.0025,9.3640,4.0113
121.577,4.0025,9.3640,4.0113
121.585,4.0025,9.3640,4.0107
121.592,4.0025,9.3640,4.0107
121.600,4.0025,9.3640,4.0107
121.609,4.0025,9.3640,4.0100
121.617,4.0025,9.3640,4.0100
121.624,4.0025,9.3640,4.0093
121.632,4.0025,9.3640,4.0093
121.639,4.0025,9.3640,4.0093
121.647,4.0025,9.3640,4.0087
121.656,4.0025,9.3640,4.0087
121.663,4.0025,9.3640,4.0087
121.671,4.0025,9.3640,4.0080
121.680,4.0025,9.3640,4.0080
121.688,4.0025,9.3640,4.0073
121.696,4.0025,9.3640,4.0073
121.704,4.0025,9.3640,4.0067
121.712,4.0025,9.3640,4.0067
121.720,4.0025,9.3640,4.0067
121.728,4.0025,9.3640,4.0061
121.737,4.0025,9.3640,4.0061
121.744,4.0025,9.3640,4.0055
121.754,4.0025,9.3640,4.0055
121.762,4.0025,9.3640,4.0055
121.769,4.0025,9.3640,4.0048
121.778,4.0025,9.3640,4.0048
121.786,4.0025,9.3640,4.0042
121.795,4.0025,9.3640,4.0042
121.802,4.0025,9.3640,4.0042
121.812,4.0025,9.3640,4.0036
121.821,4.0025,9.3640,4.0036
121.829,4.0025,9.3640,4.0030
121.837,4.0025,9.3640,4.0030
121.844,4.0025,9.3640,4.0025
121.852,4.0025,9.3640,4.0025
121.858,4.0025,9.3640,4.0025
121.866,4.0025,9.3640,4.0020
121.874,4.0025,9.3640,4.0020
121.881,4.0025,9.3640,4.0020
121.888,4.0025,9.3640,4.0016
121.897,4.0025,9.3640,4.0016
121.904,4.0025,9.3640,4.0012
121.914,4.0025,9.3640,4.0012
121.922,4.0025,9.3640,4.0012
121.930,4.0025,9.3640,4.0012
121.939,4.0025,9.3640,4.0012
121.947,4.0025,9.3640,4.0012
121.956,4.0025,9.3640,4.0012
121.964,4.0025,9.3640,4.0012
121.972,4.0025,9.3640,4.0012
121.980,4.0025,9.3640,4.0012
121.988,4.0025,9.3640,4.0012
121.997,4.0025,9.3640,4.0012
122.005,4.0025,9.3640,4.0012
122.015,4.0025,9.3640,4.0012
122.023,4.0025,9.3640,4.0012
122.033,4.0025,9.3640,4.0012
122.043,4.0025,9.3640,4.0012
122.051,4.0025,9.3640,4.0012
122.061,4.0025,9.3640,4.0012
122.069,4.0025,9.3640,4.0012
122.078,4.0025,9.3640,4.0012
122.086,4.0025,9.3640,4.0012
122.095,4.0025,9.3640,4.0012
122.102,4.0025,9.3640,4.0012
122.109,4.0025,9.3640,4.0012
122.116,4.0025,9.3640,4.0012
122.124,4.0025,9.3640,4.0012
122.132,4.0025,9.3640,4.0012
122.139,4.0025,9.3640,4.0012
122.146,4.0025,9.3640,4.0012
122.154,4.0025,9.3640,4.0012
122.161,4.0025,9.3640,4.0012
122.169,4.0025,9.3640,4.0012
122.175,4.0025,9.3640,4.0012
122.182,4.0025,9.3640,4.0012
122.188,4.0025,9.3640,4.0012
122.196,4.0025,9.3640,4.0012
122.203,4.0025,9.3640,4.0012
122.210,4.0025,9.3640,4.0012
122.218,4.0025,9.3640,4.0012
122.225,4.0025,9.3640,4.0012
122.234,4.0025,9.3640,4.0012
122.241,4.0025,9.3640,4.0012
122.248,4.0025,9.3640,4.0012
122.256,4.0025,9.3640,4.0012
122.264,4.0025,9.3639,4.0012
122.272,4.0025,9.3639,4.0012
122.289,4.0025,9.3639,4.0012
122.299,4.0025,9.3639,4.0012
122.306,4.0025,9.3638,4.0012
122.315,4.0025,9.3638,4.0012
122.320,4.0025,9.3638,4.0012
122.328,4.0025,9.3636,4.0012
122.337,4.0025,9.3636,4.0012
122.345,4.0025,9.3633,4.0012
122.353,4.0025,9.3633,4.0012
122.361,4.0025,9.3633,4.0012
122.367,4.0025,9.3630,4.0012
122.376,4.0025,9.3630,4.0012
122.383,4.0025,9.3630,4.0012
122.391,4.0025,9.3627,4.0012
122.400,4.0025,9.3627,4.0012
122.407,4.0025,9.3624,4.0012
122.415,4.0025,9.3624,4.0012
122.422,4.0025,9.3624,4.0012
122.428,4.0025,9.3621,4.0012
122.437,4.0025,9.3621,4.0012
122.443,4.0025,9.3621,4.0012
122.451,4.0025,9.3613,4.0012
122.459,4.0025,9.3613,4.0012
122.467,4.0025,9.3605,4.0012
122.474,4.0025,9.3605,4.0012
122.481,4.0025,9.3605,4.0012
122.487,4.0025,9.3597,4.0012
122.495,4.0025,9.3597,4.0012
122.501,4.0025,9.3597,4.0012
122.508,4.0025,9.3588,4.0012
122.519,4.0025,9.3588,4.0012
122.527,4.0025,9.3579,4.0012
122.536,4.0025,9.3579,4.0012
122.544,4.0025,9.3570,4.0012
122.553,4.0025,9.3570,4.0012
122.561,4.0025,9.3570,4.0012
122.568,4.0025,9.3560,4.0012
122.577,4.0025,9.3560,4.0012
122.585,4.0025,9.3550,4.0012
122.593,4.0025,9.3550,4.0012
122.600,4.0025,9.3550,4.0012
122.607,4.0025,9.3529,4.0012
122.617,4.0025,9.3529,4.0012
122.623,4.0025,9.3529,4.0012
122.631,4.0025,9.3508,4.0012
122.640,4.0025,9.3508,4.0012
122.647,4.0025,9.3486,4.0012
122.655,4.0025,9.3486,4.0012
122.662,4.0025,9.3486,4.0012
122.669,4.0025,9.3464,4.0012
122.677,4.0025,9.3464,4.0012
122.684,4.0025,9.3442,4.0012
122.692,4.0025,9.3442,4.0012
122.700,4.0025,9.3442,4.0012
122.706,4.0025,9.3419,4.0012
122.715,4.0025,9.3419,4.0012
122.721,4.0025,9.3419,4.0012
122.727,4.0025,9.3396,4.0012
122.736,4.0025,9.3396,4.0012
122.743,4.0025,9.3396,4.0012
122.750,4.0025,9.3372,4.0012
122.757,4.0025,9.3372,4.0012
122.766,4.0025,9.3348,4.0012
122.773,4.0025,9.3348,4.0012
122.780,4.0025,9.3348,4.0012
122.787,4.0025,9.3324,4.0012
122.795,4.0025,9.3324,4.0012
122.801,4.0025,9.3324,4.0012
122.809,4.0025,9.3299,4.0012
122.818,4.0025,9.3299,4.0012
122.825,4.0025,9.3275,4.0012
122.835,4.0025,9.3275,4.0012
122.842,4.0025,9.3275,4.0012
122.849,4.0025,9.3250,4.0012
122.858,4.0025,9.3250,4.0012
122.866,4.0025,9.3226,4.0012
122.875,4.0025,9.3226,4.0012
122.883,4.0025,9.3226,4.0012
122.891,4.0025,9.3201,4.0012
122.901,4.0025,9.3201,4.0012
122.910,4.0025,9.3176,4.0012
122.922,4.0025,9.3176,4.0012
122.931,4.0025,9.3150,4.0012
122.941,4.0025,9.3150,4.0012
122.949,4.0025,9.3125,4.0012
122.958,4.0025,9.3125,4.0012
122.967,4.0025,9.3099,4.0012
122.976,4.0025,9.3099,4.0012
122.986,4.0025,9.3073,4.0012
122.996,4.0025,9.3073,4.0012
123.004,4.0025,9.3047,4.0012
123.014,4.0025,9.3047,4.0012
123.022,4.0025,9.3047,4.0012
123.032,4.0025,9.3020,4.0012
123.041,4.0025,9.3020,4.0012
123.050,4.0025,9.2994,4.0012
123.059,4.0025,9.2994,4.0012
123.069,4.0025,9.2967,4.0012
123.077,4.0025,9.2967,4.0012
123.086,4.0025,9.2940,4.0012
123.096,4.0025,9.2940,4.0012
123.104,4.0025,9.2914,4.0012
123.114,4.0025,9.2914,4.0012
123.122,4.0025,9.2914,4.0012
123.131,4.0025,9.2887,4.0012
123.140,4.0025,9.2887,4.0012
123.148,4.0025,9.2860,4.0012
123.157,4.0025,9.2860,4.0012
123.166,4.0025,9.2834,4.0012
123.176,4.0025,9.2834,4.0012
123.185,4.0025,9.2807,4.0012
123.195,4.0025,9.2807,4.0012
123.204,4.0025,9.2780,4.0012
123.213,4.0025,9.2780,4.0012
123.222,4.0025,9.2780,4.0012
123.230,4.0025,9.2754,4.0012
123.239,4.0025,9.2754,4.0012
123.247,4.0025,9.2727,4.0012
123.256,4.0025,9.2727,4.0012
123.265,4.0025,9.2700,4.0012
123.274,4.0025,9.2700,4.0012
123.282,4.0025,9.2700,4.0012
123.289,4.0025,9.2674,4.0012
123.300,4.0025,9.2674,4.0012
123.308,4.0025,9.2647,4.0012
123.318,4.0025,9.2647,4.0012
123.327,4.0025,9.2620,4.0012
123.336,4.0025,9.2620,4.0012
123.344,4.0025,9.2620,4.0012
123.351,4.0025,9.2594,4.0012
123.360,4.0025,9.2594,4.0012
123.367,4.0025,9.2567,4.0012
123.376,4.0025,9.2567,4.0012
123.383,4.0025,9.2567,4.0012
123.390,4.0025,9.2540,4.0012
123.399,4.0025,9.2540,4.0012
123.406,4.0025,9.2514,4.0012
123.415,4.0025,9.2514,4.0012
123.423,4.0025,9.2514,4.0012
123.431,4.0025,9.2487,4.0012
123.440,4.0025,9.2487,4.0012
123.448,4.0025,9.2460,4.0012
123.456,4.0025,9.2460,4.0012
123.464,4.0025,9.2434,4.0012
123.473,4.0025,9.2434,4.0012
123.481,4.0025,9.2434,4.0012
123.489,4.0025,9.2407,4.0012
123.498,4.0025,9.2407,4.0012
123.504,4.0025,9.2380,4.0012
123.514,4.0025,9.2380,4.0012
123.521,4.0025,9.2380,4.0012
123.529,4.0025,9.2354,4.0012
123.538,4.0025,9.2354,4.0012
123.546,4.0025,9.2327,4.0012
123.554,4.0025,9.2327,4.0012
123.562,4.0025,9.2327,4.0012
123.569,4.0025,9.2300,4.0012
123.578,4.0025,9.2300,4.0012
123.585,4.0025,9.2274,4.0012
123.594,4.0025,9.2274,4.0012
123.600,4.0025,9.2274,4.0012
123.608,4.0025,9.2247,4.0012
123.616,4.0025,9.2247,4.0012
123.625,4.0025,9.2220,4.0012
123.635,4.0025,9.2220,4.0012
123.643,4.0025,9.2220,4.0012
123.652,4.0025,9.2194,4.0012
123.662,4.0025,9.2194,4.0012
123.670,4.0025,9.2167,4.0012
123.679,4.0025,9.2167,4.0012
123.686,4.0025,9.2140,4.0012
123.694,4.0025,9.2140,4.0012
123.702,4.0025,9.2140,4.0012
123.709,4.0025,9.2114,4.0012
123.717,4.0025,9.2114,4.0012
123.723,4.0025,9.2114,4.0012
123.730,4.0025,9.2087,4.0012
123.738,4.0025,9.2087,4.0012
123.746,4.0025,9.2060,4.0012
123.755,4.0025,9.2060,4.0012
123.763,4.0025,9.2060,4.0012
123.770,4.0025,9.2034,4.0012
123.780,4.0025,9.2034,4.0012
123.787,4.0025,9.2007,4.0012
123.796,4.0025,9.2007,4.0012
123.803,4.0025,9.2007,4.0012
123.809,4.0025,9.1980,4.0012
123.817,4.0025,9.1980,4.0012
123.824,4.0025,9.1980,4.0012
123.831,4.0025,9.1954,4.0012
123.839,4.0025,9.1954,4.0012
123.847,4.0025,9.1927,4.0012
123.854,4.0025,9.1927,4.0012
123.861,4.0025,9.1927,4.0012
123.868,4.0025,9.1900,4.0012
123.875,4.0025,9.1900,4.0012
123.882,4.0025,9.1900,4.0012
123.889,4.0025,9.1874,4.0012
123.897,4.0025,9.1874,4.0012
123.904,4.0025,9.1847,4.0012
123.912,4.0025,9.1847,4.0012
123.920,4.0025,9.1847,4.0012
123.926,4.0025,9.1820,4.0012
123.935,4.0025,9.1820,4.0012
123.941,4.0025,9.1820,4.0012
123.950,4.0025,9.1794,4.0012
123.958,4.0025,9.1794,4.0012
123.967,4.0025,9.1767,4.0012
123.977,4.0025,9.1767,4.0012
123.985,4.0025,9.1740,4.0012
123.995,4.0025,9.1740,4.0012
124.004,4.0025,9.1740,4.0012
124.012,4.0025,9.1714,4.0012
124.020,4.0025,9.1714,4.0012
124.029,4.0025,9.1687,4.0012
124.038,4.0025,9.1687,4.0012
124.046,4.0025,9.1660,4.0012
124.056,4.0025,9.1660,4.0012
124.063,4.0025,9.1660,4.0012
124.072,4.0025,9.1634,4.0012
124.081,4.0025,9.1634,4.0012
124.089,4.0025,9.1607,4.0012
124.100,4.0025,9.1607,4.0012
124.109,4.0025,9.1580,4.0012
124.118,4.0025,9.1580,4.0012
124.127,4.0025,9.1554,4.0012
124.138,4.0025,9.1554,4.0012
124.146,4.0025,9.1527,4.0012
124.155,4.0025,9.1527,4.0012
124.166,4.0025,9.1500,4.0012
124.175,4.0025,9.1500,4.0012
124.184,4.0025,9.1474,4.0012
124.195,4.0025,9.1474,4.0012
124.203,4.0025,9.1474,4.0012
124.211,4.0025,9.1447,4.0012
124.221,4.0025,9.1447,4.0012
124.230,4.0025,9.1420,4.0012
124.240,4.0025,9.1420,4.0012
124.249,4.0025,9.1394,4.0012
124.258,4.0025,9.1394,4.0012
124.267,4.0025,9.1367,4.0012
124.276,4.0025,9.1367,4.0012
124.285,4.0025,9.1340,4.0012
124.295,4.0025,9.1340,4.0012
124.302,4.0025,9.1340,4.0012
124.311,4.0025,9.1314,4.0012
124.320,4.0025,9.1314,4.0012
124.330,4.0025,9.1287,4.0012
124.340,4.0025,9.1287,4.0012
124.348,4.0025,9.1261,4.0012
124.366,4.0025,9.1234,4.0012
124.376,4.0025,9.1234,4.0012
124.384,4.0025,9.1208,4.0012
124.394,4.0025,9.1208,4.0012
124.404,4.0025,9.1208,4.0012
124.412,4.0025,9.1181,4.0012
124.422,4.0025,9.1181,4.0012
124.429,4.0025,9.1155,4.0012
124.438,4.0025,9.1155,4.0012
124.445,4.0025,9.1128,4.0012
124.453,4.0025,9.1128,4.0012
124.461,4.0025,9.1128,4.0012
124.468,4.0025,9.1102,4.0012
124.477,4.0025,9.1102,4.0012
124.485,4.0025,9.1075,4.0012
124.495,4.0025,9.1075,4.0012
124.503,4.0025,9.1075,4.0012
124.512,4.0025,9.1048,4.0012
124.521,4.0025,9.1048,4.0012
124.529,4.0025,9.1022,4.0012
124.540,4.0025,9.1022,4.0012
124.549,4.0025,9.0995,4.0012
124.558,4.0025,9.0995,4.0012
124.568,4.0025,9.0968,4.0012
124.577,4.0025,9.0968,4.0012
124.584,4.0025,9.0968,4.0012
124.590,4.0025,9.0942,4.0012
124.600,4.0025,9.0942,4.0012
124.606,4.0025,9.0915,4.0012
124.615,4.0025,9.0915,4.0012
124.621,4.0025,9.0915,4.0012
124.628,4.0025,9.0889,4.0012
124.637,4.0025,9.0889,4.0012
124.643,4.0025,9.0889,4.0012
124.651,4.0025,9.0862,4.0012
124.659,4.0025,9.0862,4.0012
124.667,4.0025,9.0835,4.0012
124.675,4.0025,9.0835,4.0012
124.683,4.0025,9.0835,4.0012
124.689,4.0025,9.0809,4.0012
124.698,4.0025,9.0809,4.0012
124.705,4.0025,9.0782,4.0012
124.713,4.0025,9.0782,4.0012
124.719,4.0025,9.0782,4.0012
124.727,4.0025,9.0755,4.0012
124.735,4.0025,9.0755,4.0012
124.742,4.0025,9.0755,4.0012
124.749,4.0025,9.0729,4.0012
124.757,4.0025,9.0729,4.0012
124.764,4.0025,9.0729,4.0012
124.770,4.0025,9.0702,4.0012
124.778,4.0025,9.0702,4.0012
124.785,4.0025,9.0675,4.0012
124.794,4.0025,9.0675,4.0012
124.800,4.0025,9.0675,4.0012
124.807,4.0025,9.0649,4.0012
124.817,4.0025,9.0649,4.0012
124.824,4.0025,9.0622,4.0012
124.833,4.0025,9.0622,4.0012
124.840,4.0025,9.0622,4.0012
124.847,4.0025,9.0595,4.0012
124.856,4.0025,9.0595,4.0012
124.862,4.0025,9.0595,4.0012
124.870,4.0025,9.0569,4.0012
124.877,4.0025,9.0569,4.0012
124.884,4.0025,9.0542,4.0012
124.891,4.0025,9.0542,4.0012
124.900,4.0025,9.0542,4.0012
124.906,4.0025,9.0515,4.0012
124.915,4.0025,9.0515,4.0012
124.922,4.0025,9.0515,4.0012
124.931,4.0025,9.0489,4.0012
124.940,4.0025,9.0489,4.0012
124.948,4.0025,9.0462,4.0012
124.956,4.0025,9.0462,4.0012
124.964,4.0025,9.0435,4.0012
124.972,4.0025,9.0435,4.0012
124.981,4.0025,9.0435,4.0012
124.989,4.0025,9.0409,4.0012
125.001,4.0025,9.0409,4.0012
125.009,4.0025,9.0382,4.0012
125.018,4.0025,9.0382,4.0012
125.025,4.0025,9.0355,4.0012
125.035,4.0025,9.0355,4.0012
125.042,4.0025,9.0355,4.0012
125.048,4.0025,9.0329,4.0012
125.057,4.0025,9.0329,4.0012
125.065,4.0025,9.0302,4.0012
125.073,4.0025,9.0302,4.0012
125.080,4.0025,9.0302,4.0012
125.086,4.0025,9.0275,4.0012
125.094,4.0025,9.0275,4.0012
125.102,4.0025,9.0275,4.0012
125.108,4.0025,9.0249,4.0012
125.116,4.0025,9.0249,4.0012
125.123,4.0025,9.0249,4.0012
125.131,4.0025,9.0222,4.0012
125.137,4.0025,9.0222,4.0012
125.146,4.0025,9.0195,4.0012
125.157,4.0025,9.0195,4.0012
125.167,4.0025,9.0169,4.0012
125.176,4.0025,9.0169,4.0012
125.183,4.0025,9.0169,4.0012
125.190,4.0025,9.0142,4.0012
125.201,4.0025,9.0142,4.0012
125.210,4.0025,9.0115,4.0012
125.219,4.0025,9.0115,4.0012
125.228,4.0025,9.0089,4.0012
125.237,4.0025,9.0089,4.0012
125.246,4.0025,9.0062,4.0012
125.254,4.0025,9.0062,4.0012
125.262,4.0025,9.0062,4.0012
125.269,4.0025,9.0035,4.0012
125.279,4.0025,9.0035,4.0012
125.287,4.0025,9.0009,4.0012
125.297,4.0025,9.0009,4.0012
125.306,4.0025,8.9982,4.0012
125.316,4.0025,8.9982,4.0012
125.325,4.0025,8.9955,4.0012
125.335,4.0025,8.9955,4.0012
125.342,4.0025,8.9955,4.0012
125.349,4.0025,8.9929,4.0012
125.357,4.0025,8.9929,4.0012
125.368,4.0025,8.9902,4.0012
125.376,4.0025,8.9902,4.0012
125.384,4.0025,8.9875,4.0012
125.396,4.0025,8.9875,4.0012
125.403,4.0025,8.9875,4.0012
125.412,4.0025,8.9849,4.0012
125.421,4.0025,8.9849,4.0012
125.429,4.0025,8.9822,4.0012
125.438,4.0025,8.9822,4.0012
125.446,4.0025,8.9795,4.0012
125.454,4.0025,8.9795,4.0012
125.463,4.0025,8.9795,4.0012
125.471,4.0025,8.9769,4.0012
125.482,4.0025,8.9769,4.0012
125.490,4.0025,8.9742,4.0012
125.500,4.0025,8.9742,4.0012
125.508,4.0025,8.9715,4.0012
125.518,4.0025,8.9715,4.0012
125.526,4.0025,8.9689,4.0012
125.536,4.0025,8.9689,4.0012
125.545,4.0025,8.9662,4.0012
125.555,4.0025,8.9662,4.0012
125.562,4.0025,8.9662,4.0012
125.571,4.0025,8.9635,4.0012
125.581,4.0025,8.9635,4.0012
125.588,4.0025,8.9609,4.0012
125.597,4.0025,8.9609,4.0012
125.605,4.0025,8.9582,4.0012
125.614,4.0025,8.9582,4.0012
125.621,4.0025,8.9582,4.0012
125.629,4.0025,8.9555,4.0012
125.638,4.0025,8.9555,4.0012
125.646,4.0025,8.9529,4.0012
125.654,4.0025,8.9529,4.0012
125.662,4.0025,8.9529,4.0012
125.669,4.0025,8.9502,4.0012
125.679,4.0025,8.9502,4.0012
125.685,4.0025,8.9475,4.0012
125.694,4.0025,8.9475,4.0012
125.702,4.0025,8.9475,4.0012
125.709,4.0025,8.9449,4.0012
125.718,4.0025,8.9449,4.0012
125.725,4.0025,8.9422,4.0012
125.734,4.0025,8.9422,4.0012
125.741,4.0025,8.9422,4.0012
125.749,4.0025,8.9395,4.0012
125.758,4.0025,8.9395,4.0012
125.765,4.0025,8.9369,4.0012
125.774,4.0025,8.9369,4.0012
125.782,4.0025,8.9369,4.0012
125.790,4.0025,8.9342,4.0012
125.799,4.0025,8.9342,4.0012
125.807,4.0025,8.9315,4.0012
125.816,4.0025,8.9315,4.0012
125.823,4.0025,8.9315,4.0012
125.829,4.0025,8.9289,4.0012
125.838,4.0025,8.9289,4.0012
125.845,4.0025,8.9262,4.0012
125.852,4.0025,8.9262,4.0012
125.859,4.0025,8.9262,4.0012
125.866,4.0025,8.9235,4.0012
125.873,4.0025,8.9235,4.0012
125.881,4.0025,8.9235,4.0012
125.886,4.0025,8.9209,4.0012
125.895,4.0025,8.9209,4.0012
125.903,4.0025,8.9209,4.0012
125.909,4.0025,8.9182,4.0012
125.917,4.0025,8.9182,4.0012
125.922,4.0025,8.9182,4.0012
125.930,4.0025,8.9155,4.0012
125.937,4.0025,8.9155,4.0012
125.945,4.0025,8.9129,4.0012
125.954,4.0025,8.9129,4.0012
125.962,4.0025,8.9129,4.0012
125.971,4.0025,8.9102,4.0012
125.981,4.0025,8.9102,4.0012
125.987,4.0025,8.9075,4.0012
125.997,4.0025,8.9075,4.0012
126.003,4.0025,8.9075,4.0012
126.011,4.0025,8.9049,4.0012
126.019,4.0025,8.9049,4.0012
126.027,4.0025,8.9022,4.0012
126.036,4.0025,8.9022,4.0012
126.044,4.0025,8.8995,4.0012
126.054,4.0025,8.8995,4.0012
126.061,4.0025,8.8995,4.0012
126.068,4.0025,8.8969,4.0012
126.078,4.0025,8.8969,4.0012
126.085,4.0025,8.8942,4.0012
126.094,4.0025,8.8942,4.0012
126.101,4.0025,8.8942,4.0012
126.109,4.0025,8.8915,4.0012
126.119,4.0025,8.8915,4.0012
126.126,4.0025,8.8889,4.0012
126.135,4.0025,8.8889,4.0012
126.142,4.0025,8.8889,4.0012
126.150,4.0025,8.8862,4.0012
126.157,4.0025,8.8862,4.0012
126.164,4.0025,8.8835,4.0012
126.172,4.0025,8.8835,4.0012
126.180,4.0025,8.8835,4.0012
126.186,4.0025,8.8809,4.0012
126.195,4.0025,8.8809,4.0012
126.201,4.0025,8.8809,4.0012
126.209,4.0025,8.8782,4.0012
126.218,4.0025,8.8782,4.0012
126.226,4.0025,8.8755,4.0012
126.237,4.0025,8.8755,4.0012
126.244,4.0025,8.8729,4.0012
126.253,4.0025,8.8729,4.0012
126.261,4.0025,8.8729,4.0012
126.269,4.0025,8.8702,4.0012
126.278,4.0025,8.8702,4.0012
126.285,4.0025,8.8675,4.0012
126.294,4.0025,8.8675,4.0012
126.302,4.0025,8.8675,4.0012
126.310,4.0025,8.8649,4.0012
126.318,4.0025,8.8649,4.0012
126.326,4.0025,8.8622,4.0012
126.337,4.0025,8.8622,4.0012
126.345,4.0025,8.8595,4.0012
126.353,4.0025,8.8595,4.0012
126.362,4.0025,8.8595,4.0012
126.370,4.0025,8.8569,4.0012
126.378,4.0025,8.8569,4.0012
126.386,4.0025,8.8542,4.0012
126.394,4.0025,8.8542,4.0012
126.402,4.0025,8.8542,4.0012
126.407,4.0025,8.8515,4.0012
126.420,4.0025,8.8515,4.0012
126.433,4.0025,8.8489,4.0012
126.442,4.0025,8.8489,4.0012
126.448,4.0025,8.8462,4.0012
126.456,4.0025,8.8462,4.0012
126.464,4.0025,8.8462,4.0012
126.470,4.0025,8.8435,4.0012
126.478,4.0025,8.8435,4.0012
126.486,4.0025,8.8409,4.0012
126.493,4.0025,8.8409,4.0012
126.500,4.0025,8.8409,4.0012
126.506,4.0025,8.8382,4.0012
126.515,4.0025,8.8382,4.0012
126.522,4.0025,8.8382,4.0012
126.529,4.0025,8.8355,4.0012
126.537,4.0025,8.8355,4.0012
126.544,4.0025,8.8329,4.0012
126.552,4.0025,8.8329,4.0012
126.558,4.0025,8.8329,4.0012
126.565,4.0025,8.8302,4.0012
126.574,4.0025,8.8302,4.0012
126.581,4.0025,8.8302,4.0012
126.587,4.0025,8.8275,4.0012
126.596,4.0025,8.8275,4.0012
126.602,4.0025,8.8275,4.0012
126.610,4.0025,8.8249,4.0012
126.620,4.0025,8.8249,4.0012
126.628,4.0025,8.8222,4.0012
126.637,4.0025,8.8222,4.0012
126.645,4.0025,8.8195,4.0012
126.654,4.0025,8.8195,4.0012
126.662,4.0025,8.8195,4.0012
126.671,4.0025,8.8169,4.0012
126.681,4.0025,8.8169,4.0012
126.688,4.0025,8.8142,4.0012
126.699,4.0025,8.8142,4.0012
126.706,4.0025,8.8115,4.0012
126.715,4.0025,8.8115,4.0012
126.722,4.0025,8.8115,4.0012
126.730,4.0025,8.8089,4.0012
126.738,4.0025,8.8089,4.0012
126.746,4.0025,8.8062,4.0012
126.754,4.0025,8.8062,4.0012
126.763,4.0025,8.8062,4.0012
126.770,4.0025,8.8035,4.0012
126.781,4.0025,8.8035,4.0012
126.790,4.0025,8.8009,4.0012
126.802,4.0025,8.8009,4.0012
126.811,4.0025,8.7982,4.0012
126.821,4.0025,8.7982,4.0012
126.831,4.0025,8.7955,4.0012
126.844,4.0025,8.7955,4.0012
126.852,4.0025,8.7929,4.0012
126.860,4.0025,8.7929,4.0012
126.868,4.0025,8.7902,4.0012
126.877,4.0025,8.7902,4.0012
126.883,4.0025,8.7902,4.0012
126.890,4.0025,8.7875,4.0012
126.899,4.0025,8.7875,4.0012
126.907,4.0025,8.7849,4.0012
126.916,4.0025,8.7849,4.0012
126.923,4.0025,8.7849,4.0012
126.931,4.0025,8.7822,4.0012
126.940,4.0025,8.7822,4.0012
126.948,4.0025,8.7795,4.0012
126.956,4.0025,8.7795,4.0012
126.966,4.0025,8.7769,4.0012
126.975,4.0025,8.7769,4.0012
126.983,4.0025,8.7769,4.0012
126.990,4.0025,8.7742,4.0012
127.000,4.0025,8.7742,4.0012
127.007,4.0025,8.7715,4.0012
127.017,4.0025,8.7715,4.0012
127.024,4.0025,8.7715,4.0012
127.033,4.0025,8.7689,4.0012
127.042,4.0025,8.7689,4.0012
127.050,4.0025,8.7662,4.0012
127.059,4.0025,8.7662,4.0012
127.067,4.0025,8.7635,4.0012
127.075,4.0025,8.7635,4.0012
127.082,4.0025,8.7635,4.0012
127.088,4.0025,8.7609,4.0012
127.097,4.0025,8.7609,4.0012
127.103,4.0025,8.7609,4.0012
127.111,4.0025,8.7582,4.0012
127.119,4.0025,8.7582,4.0012
127.126,4.0025,8.7555,4.0012
127.135,4.0025,8.7555,4.0012
127.142,4.0025,8.7555,4.0012
127.148,4.0025,8.7529,4.0012
127.158,4.0025,8.7529,4.0012
127.166,4.0025,8.7502,4.0012
127.174,4.0025,8.7502,4.0012
127.181,4.0025,8.7502,4.0012
127.188,4.0025,8.7475,4.0012
127.197,4.0025,8.7475,4.0012
127.205,4.0025,8.7449,4.0012
127.214,4.0025,8.7449,4.0012
127.221,4.0025,8.7449,4.0012
127.227,4.0025,8.7422,4.0012
127.237,4.0025,8.7422,4.0012
127.245,4.0025,8.7395,4.0012
127.253,4.0025,8.7395,4.0012
127.259,4.0025,8.7395,4.0012
127.268,4.0025,8.7369,4.0012
127.277,4.0025,8.7369,4.0012
127.284,4.0025,8.7342,4.0012
127.293,4.0025,8.7342,4.0012
127.301,4.0025,8.7342,4.0012
127.308,4.0025,8.7315,4.0012
127.317,4.0025,8.7315,4.0012
127.324,4.0025,8.7289,4.0012
127.335,4.0025,8.7289,4.0012
127.342,4.0025,8.7289,4.0012
127.350,4.0025,8.7262,4.0012
127.359,4.0025,8.7262,4.0012
127.367,4.0025,8.7235,4.0012
127.375,4.0025,8.7235,4.0012
127.382,4.0025,8.7235,4.0012
127.390,4.0025,8.7209,4.0012
127.400,4.0025,8.7209,4.0012
127.407,4.0025,8.7182,4.0012
127.415,4.0025,8.7182,4.0012
127.423,4.0025,8.7182,4.0012
127.430,4.0025,8.7155,4.0012
127.439,4.0025,8.7155,4.0012
127.446,4.0025,8.7129,4.0012
127.455,4.0025,8.7129,4.0012
127.462,4.0025,8.7129,4.0012
127.471,4.0025,8.7102,4.0012
127.480,4.0025,8.7102,4.0012
127.487,4.0025,8.7075,4.0012
127.496,4.0025,8.7075,4.0012
127.503,4.0025,8.7075,4.0012
127.511,4.0025,8.7049,4.0012
127.519,4.0025,8.7049,4.0012
127.526,4.0025,8.7022,4.0012
127.536,4.0025,8.7022,4.0012
127.543,4.0025,8.7022,4.0012
127.552,4.0025,8.6995,4.0012
127.560,4.0025,8.6995,4.0012
127.568,4.0025,8.6969,4.0012
127.576,4.0025,8.6969,4.0012
127.583,4.0025,8.6969,4.0012
127.590,4.0025,8.6942,4.0012
127.600,4.0025,8.6942,4.0012
127.607,4.0025,8.6915,4.0012
127.615,4.0025,8.6915,4.0012
127.623,4.0025,8.6915,4.0012
127.631,4.0025,8.6889,4.0012
127.638,4.0025,8.6889,4.0012
127.646,4.0025,8.6862,4.0012
127.654,4.0025,8.6862,4.0012
127.661,4.0025,8.6862,4.0012
127.667,4.0025,8.6835,4.0012
127.675,4.0025,8.6835,4.0012
127.682,4.0025,8.6835,4.0012
127.689,4.0025,8.6809,4.0012
127.698,4.0025,8.6809,4.0012
127.705,4.0025,8.6782,4.0012
127.712,4.0025,8.6782,4.0012
127.719,4.0025,8.6782,4.0012
127.725,4.0025,8.6755,4.0012
127.734,4.0025,8.6755,4.0012
127.740,4.0025,8.6755,4.0012
127.748,4.0025,8.6729,4.0012
127.755,4.0025,8.6729,4.0012
127.764,4.0025,8.6702,4.0012
127.772,4.0025,8.6702,4.0012
127.780,4.0025,8.6702,4.0012
127.788,4.0025,8.6675,4.0012
127.796,4.0025,8.6675,4.0012
127.803,4.0025,8.6675,4.0012
127.812,4.0025,8.6649,4.0012
127.820,4.0025,8.6649,4.0012
127.829,4.0025,8.6622,4.0012
127.838,4.0025,8.6622,4.0012
127.848,4.0025,8.6595,4.0012
127.857,4.0025,8.6595,4.0012
127.865,4.0025,8.6569,4.0012
127.874,4.0025,8.6569,4.0012
127.883,4.0025,8.6569,4.0012
127.891,4.0025,8.6542,4.0012
127.901,4.0025,8.6542,4.0012
127.908,4.0025,8.6515,4.0012
127.917,4.0025,8.6515,4.0012
127.925,4.0025,8.6489,4.0012
127.936,4.0025,8.6489,4.0012
127.944,4.0025,8.6489,4.0012
127.952,4.0025,8.6462,4.0012
127.962,4.0025,8.6462,4.0012
127.970,4.0025,8.6435,4.0012
127.979,4.0025,8.6435,4.0012
127.987,4.0025,8.6409,4.0012
127.997,4.0025,8.6409,4.0012
128.005,4.0025,8.6382,4.0012
128.014,4.0025,8.6382,4.0012
128.022,4.0025,8.6382,4.0012
128.031,4.0025,8.6355,4.0012
128.041,4.0025,8.6355,4.0012
128.048,4.0025,8.6329,4.0012
128.057,4.0025,8.6329,4.0012
128.065,4.0025,8.6302,4.0012
128.074,4.0025,8.6302,4.0012
128.083,4.0025,8.6302,4.0012
128.090,4.0025,8.6275,4.0012
128.101,4.0025,8.6275,4.0012
128.109,4.0025,8.6249,4.0012
128.119,4.0025,8.6249,4.0012
128.127,4.0025,8.6222,4.0012
128.136,4.0025,8.6222,4.0012
128.144,4.0025,8.6195,4.0012
128.154,4.0025,8.6195,4.0012
128.162,4.0025,8.6195,4.0012
128.169,4.0025,8.6169,4.0012
128.179,4.0025,8.6169,4.0012
128.187,4.0025,8.6142,4.0012
128.195,4.0025,8.6142,4.0012
128.204,4.0025,8.6115,4.0012
128.214,4.0025,8.6115,4.0012
128.221,4.0025,8.6115,4.0012
128.229,4.0025,8.6089,4.0012
128.238,4.0025,8.6089,4.0012
128.245,4.0025,8.6062,4.0012
128.254,4.0025,8.6062,4.0012
128.261,4.0025,8.6062,4.0012
128.269,4.0025,8.6035,4.0012
128.278,4.0025,8.6035,4.0012
128.285,4.0025,8.6009,4.0012
128.294,4.0025,8.6009,4.0012
128.302,4.0025,8.6009,4.0012
128.309,4.0025,8.5982,4.0012
128.317,4.0025,8.5982,4.0012
128.325,4.0025,8.5955,4.0012
128.334,4.0025,8.5955,4.0012
128.340,4.0025,8.5955,4.0012
128.347,4.0025,8.5929,4.0012
128.355,4.0025,8.5929,4.0012
128.362,4.0025,8.5929,4.0012
128.368,4.0025,8.5902,4.0012
128.376,4.0025,8.5902,4.0012
128.383,4.0025,8.5902,4.0012
128.391,4.0025,8.5875,4.0012
128.399,4.0025,8.5875,4.0012
128.406,4.0025,8.5849,4.0012
128.414,4.0025,8.5849,4.0012
128.421,4.0025,8.5849,4.0012
128.427,4.0025,8.5822,4.0012
128.436,4.0025,8.5822,4.0012
128.442,4.0025,8.5822,4.0012
128.450,4.0025,8.5795,4.0012
128.457,4.0025,8.5795,4.0012
128.465,4.0025,8.5769,4.0012
128.473,4.0025,8.5769,4.0012
128.481,4.0025,8.5769,4.0012
128.495,4.0025,8.5742,4.0012
128.504,4.0025,8.5715,4.0012
128.513,4.0025,8.5715,4.0012
128.519,4.0025,8.5715,4.0012
128.526,4.0025,8.5689,4.0012
128.535,4.0025,8.5689,4.0012
128.541,4.0025,8.5689,4.0012
128.548,4.0025,8.5662,4.0012
128.557,4.0025,8.5662,4.0012
128.564,4.0025,8.5635,4.0012
128.572,4.0025,8.5635,4.0012
128.579,4.0025,8.5635,4.0012
128.586,4.0025,8.5609,4.0012
128.595,4.0025,8.5609,4.0012
128.602,4.0025,8.5609,4.0012
128.609,4.0025,8.5582,4.0012
128.618,4.0025,8.5582,4.0012
128.625,4.0025,8.5555,4.0012
128.634,4.0025,8.5555,4.0012
128.640,4.0025,8.5555,4.0012
128.648,4.0025,8.5529,4.0012
128.656,4.0025,8.5529,4.0012
128.663,4.0025,8.5529,4.0012
128.670,4.0025,8.5502,4.0012
128.678,4.0025,8.5502,4.0012
128.686,4.0025,8.5475,4.0012
128.693,4.0025,8.5475,4.0012
128.701,4.0025,8.5475,4.0012
128.708,4.0025,8.5449,4.0012
128.717,4.0025,8.5449,4.0012
128.723,4.0025,8.5449,4.0012
128.730,4.0025,8.5422,4.0012
128.738,4.0025,8.5422,4.0012
128.746,4.0025,8.5395,4.0012
128.754,4.0025,8.5395,4.0012
128.761,4.0025,8.5395,4.0012
128.769,4.0025,8.5369,4.0012
128.779,4.0025,8.5369,4.0012
128.786,4.0025,8.5342,4.0012
128.795,4.0025,8.5342,4.0012
128.802,4.0025,8.5342,4.0012
128.810,4.0025,8.5315,4.0012
128.817,4.0025,8.5315,4.0012
128.825,4.0025,8.5289,4.0012
128.834,4.0025,8.5289,4.0012
128.841,4.0025,8.5289,4.0012
128.848,4.0025,8.5262,4.0012
128.856,4.0025,8.5262,4.0012
128.864,4.0025,8.5262,4.0012
128.872,4.0025,8.5235,4.0012
128.880,4.0025,8.5235,4.0012
128.887,4.0025,8.5209,4.0012
128.895,4.0025,8.5209,4.0012
128.902,4.0025,8.5209,4.0012
128.909,4.0025,8.5182,4.0012
128.918,4.0025,8.5182,4.0012
128.924,4.0025,8.5182,4.0012
128.932,4.0025,8.5155,4.0012
128.940,4.0025,8.5155,4.0012
128.947,4.0025,8.5129,4.0012
128.954,4.0025,8.5129,4.0012
128.961,4.0025,8.5129,4.0012
128.969,4.0025,8.5102,4.0012
128.977,4.0025,8.5102,4.0012
128.983,4.0025,8.5102,4.0012
128.990,4.0025,8.5075,4.0012
129.001,4.0025,8.5075,4.0012
129.008,4.0025,8.5049,4.0012
129.016,4.0025,8.5049,4.0012
129.023,4.0025,8.5049,4.0012
129.031,4.0025,8.5022,4.0012
129.040,4.0025,8.5022,4.0012
129.047,4.0025,8.4995,4.0012
129.056,4.0025,8.4995,4.0012
129.063,4.0025,8.4995,4.0012
129.069,4.0025,8.4969,4.0012
129.077,4.0025,8.4969,4.0012
129.084,4.0025,8.4969,4.0012
129.091,4.0025,8.4942,4.0012
129.099,4.0025,8.4942,4.0012
129.105,4.0025,8.4915,4.0012
129.114,4.0025,8.4915,4.0012
129.121,4.0025,8.4915,4.0012
129.128,4.0025,8.4889,4.0012
129.138,4.0025,8.4889,4.0012
129.145,4.0025,8.4862,4.0012
129.155,4.0025,8.4862,4.0012
129.164,4.0025,8.4835,4.0012
129.173,4.0025,8.4835,4.0012
129.181,4.0025,8.4835,4.0012
129.187,4.0025,8.4809,4.0012
129.196,4.0025,8.4809,4.0012
129.203,4.0025,8.4809,4.0012
129.211,4.0025,8.4782,4.0012
129.220,4.0025,8.4782,4.0012
129.227,4.0025,8.4755,4.0012
129.236,4.0025,8.4755,4.0012
129.244,4.0025,8.4729,4.0012
129.252,4.0025,8.4729,4.0012
129.260,4.0025,8.4729,4.0012
129.268,4.0025,8.4702,4.0012
129.276,4.0025,8.4702,4.0012
129.284,4.0025,8.4675,4.0012
129.293,4.0025,8.4675,4.0012
129.299,4.0025,8.4675,4.0012
129.307,4.0025,8.4649,4.0012
129.318,4.0025,8.4649,4.0012
129.326,4.0025,8.4622,4.0012
129.335,4.0025,8.4622,4.0012
129.343,4.0025,8.4622,4.0012
129.353,4.0025,8.4595,4.0012
129.362,4.0025,8.4595,4.0012
129.370,4.0025,8.4569,4.0012
129.381,4.0025,8.4569,4.0012
129.388,4.0025,8.4542,4.0012
129.397,4.0025,8.4542,4.0012
129.404,4.0025,8.4515,4.0012
129.414,4.0025,8.4515,4.0012
129.421,4.0025,8.4515,4.0012
129.429,4.0025,8.4489,4.0012
129.438,4.0025,8.4489,4.0012
129.446,4.0025,8.4462,4.0012
129.454,4.0025,8.4462,4.0012
129.462,4.0025,8.4462,4.0012
129.469,4.0025,8.4435,4.0012
129.480,4.0025,8.4435,4.0012
129.488,4.0025,8.4409,4.0012
129.501,4.0025,8.4409,4.0012
129.511,4.0025,8.4382,4.0012
129.521,4.0025,8.4382,4.0012
129.530,4.0025,8.4355,4.0012
129.540,4.0025,8.4355,4.0012
129.548,4.0025,8.4329,4.0012
129.557,4.0025,8.4329,4.0012
129.564,4.0025,8.4302,4.0012
129.574,4.0025,8.4302,4.0012
129.582,4.0025,8.4302,4.0012
129.591,4.0025,8.4275,4.0012
129.599,4.0025,8.4275,4.0012
129.607,4.0025,8.4249,4.0012
129.616,4.0025,8.4249,4.0012
129.625,4.0025,8.4222,4.0012
129.634,4.0025,8.4222,4.0012
129.641,4.0025,8.4222,4.0012
129.648,4.0025,8.4195,4.0012
129.656,4.0025,8.4195,4.0012
129.662,4.0025,8.4195,4.0012
129.670,4.0025,8.4169,4.0012
129.678,4.0025,8.4169,4.0012
129.686,4.0025,8.4142,4.0012
129.693,4.0025,8.4142,4.0012
129.701,4.0025,8.4142,4.0012
129.707,4.0025,8.4115,4.0012
129.717,4.0025,8.4115,4.0012
129.723,4.0025,8.4115,4.0012
129.731,4.0025,8.4089,4.0012
129.739,4.0025,8.4089,4.0012
129.747,4.0025,8.4062,4.0012
129.754,4.0025,8.4062,4.0012
129.763,4.0025,8.4062,4.0012
129.771,4.0025,8.4035,4.0012
129.783,4.0025,8.4035,4.0012
129.792,4.0025,8.4009,4.0012
129.804,4.0025,8.4009,4.0012
129.812,4.0025,8.3982,4.0012
129.819,4.0025,8.3982,4.0012
129.827,4.0025,8.3955,4.0012
129.836,4.0025,8.3955,4.0012
129.843,4.0025,8.3955,4.0012
129.851,4.0025,8.3929,4.0012
129.861,4.0025,8.3929,4.0012
129.869,4.0025,8.3902,4.0012
129.877,4.0025,8.3902,4.0012
129.885,4.0025,8.3875,4.0012
129.892,4.0025,8.3875,4.0012
129.899,4.0025,8.3875,4.0012
129.907,4.0025,8.3849,4.0012
129.916,4.0025,8.3849,4.0012
129.923,4.0025,8.3849,4.0012
129.930,4.0025,8.3822,4.0012
129.938,4.0025,8.3822,4.0012
129.946,4.0025,8.3795,4.0012
129.954,4.0025,8.3795,4.0012
129.961,4.0025,8.3795,4.0012
129.967,4.0025,8.3769,4.0012
129.976,4.0025,8.3769,4.0012
129.984,4.0025,8.3769,4.0012
129.990,4.0025,8.3742,4.0012
129.999,4.0025,8.3742,4.0012
130.005,4.0025,8.3715,4.0012
130.014,4.0025,8.3715,4.0012
130.020,4.0025,8.3715,4.0012
130.027,4.0025,8.3689,4.0012
130.035,4.0025,8.3689,4.0012
130.044,4.0025,8.3662,4.0012
130.053,4.0025,8.3662,4.0012
130.059,4.0025,8.3662,4.0012
130.066,4.0025,8.3635,4.0012
130.076,4.0025,8.3635,4.0012
130.083,4.0025,8.3635,4.0012
130.089,4.0025,8.3609,4.0012
130.097,4.0025,8.3609,4.0012
130.105,4.0025,8.3582,4.0012
130.113,4.0025,8.3582,4.0012
130.121,4.0025,8.3582,4.0012
130.127,4.0025,8.3555,4.0012
130.138,4.0025,8.3555,4.0012
130.145,4.0025,8.3529,4.0012
130.155,4.0025,8.3529,4.0012
130.163,4.0025,8.3529,4.0012
130.170,4.0025,8.3502,4.0012
130.178,4.0025,8.3502,4.0012
130.187,4.0025,8.3475,4.0012
130.197,4.0025,8.3475,4.0012
130.204,4.0025,8.3449,4.0012
130.214,4.0025,8.3449,4.0012
130.221,4.0025,8.3449,4.0012
130.230,4.0025,8.3422,4.0012
130.239,4.0025,8.3422,4.0012
130.248,4.0025,8.3395,4.0012
130.256,4.0025,8.3395,4.0012
130.265,4.0025,8.3369,4.0012
130.273,4.0025,8.3369,4.0012
130.281,4.0025,8.3369,4.0012
130.287,4.0025,8.3342,4.0012
130.296,4.0025,8.3342,4.0012
130.302,4.0025,8.3342,4.0012
130.310,4.0025,8.3315,4.0012
130.318,4.0025,8.3315,4.0012
130.324,4.0025,8.3289,4.0012
130.332,4.0025,8.3289,4.0012
130.340,4.0025,8.3289,4.0012
130.347,4.0025,8.3262,4.0012
130.354,4.0025,8.3262,4.0012
130.361,4.0025,8.3262,4.0012
130.368,4.0025,8.3235,4.0012
130.376,4.0025,8.3235,4.0012
130.383,4.0025,8.3235,4.0012
130.390,4.0025,8.3209,4.0012
130.400,4.0025,8.3209,4.0012
130.407,4.0025,8.3182,4.0012
130.416,4.0025,8.3182,4.0012
130.422,4.0025,8.3182,4.0012
130.430,4.0025,8.3155,4.0012
130.440,4.0025,8.3155,4.0012
130.447,4.0025,8.3129,4.0012
130.455,4.0025,8.3129,4.0012
130.463,4.0025,8.3129,4.0012
130.471,4.0025,8.3102,4.0012
130.480,4.0025,8.3102,4.0012
130.487,4.0025,8.3075,4.0012
130.497,4.0025,8.3075,4.0012
130.504,4.0025,8.3049,4.0012
130.515,4.0025,8.3049,4.0012
130.523,4.0025,8.3049,4.0012
130.533,4.0025,8.3022,4.0012
130.551,4.0025,8.2995,4.0012
130.561,4.0025,8.2995,4.0012
130.568,4.0025,8.2969,4.0012
130.577,4.0025,8.2969,4.0012
130.585,4.0025,8.2942,4.0012
130.595,4.0025,8.2942,4.0012
130.602,4.0025,8.2942,4.0012
130.610,4.0025,8.2915,4.0012
130.621,4.0025,8.2915,4.0012
130.630,4.0025,8.2889,4.0012
130.640,4.0025,8.2889,4.0012
130.647,4.0025,8.2862,4.0012
130.655,4.0025,8.2862,4.0012
130.663,4.0025,8.2862,4.0012
130.670,4.0025,8.2835,4.0012
130.679,4.0025,8.2835,4.0012
130.686,4.0025,8.2809,4.0012
130.695,4.0025,8.2809,4.0012
130.702,4.0025,8.2809,4.0012
130.710,4.0025,8.2782,4.0012
130.719,4.0025,8.2782,4.0012
130.727,4.0025,8.2755,4.0012
130.737,4.0025,8.2755,4.0012
130.744,4.0025,8.2729,4.0012
130.752,4.0025,8.2729,4.0012
130.761,4.0025,8.2729,4.0012
130.768,4.0025,8.2702,4.0012
130.778,4.0025,8.2702,4.0012
130.785,4.0025,8.2675,4.0012
130.794,4.0025,8.2675,4.0012
130.801,4.0025,8.2675,4.0012
130.810,4.0025,8.2649,4.0012
130.817,4.0025,8.2649,4.0012
130.825,4.0025,8.2622,4.0012
130.836,4.0025,8.2622,4.0012
130.843,4.0025,8.2622,4.0012
130.850,4.0025,8.2595,4.0012
130.858,4.0025,8.2595,4.0012
130.866,4.0025,8.2569,4.0012
130.874,4.0025,8.2569,4.0012
130.880,4.0025,8.2569,4.0012
130.887,4.0025,8.2542,4.0012
130.896,4.0025,8.2542,4.0012
130.903,4.0025,8.2542,4.0012
130.909,4.0025,8.2515,4.0012
130.918,4.0025,8.2515,4.0012
130.925,4.0025,8.2489,4.0012
130.934,4.0025,8.2489,4.0012
130.940,4.0025,8.2489,4.0012
130.947,4.0025,8.2462,4.0012
130.955,4.0025,8.2462,4.0012
130.964,4.0025,8.2462,4.0012
130.971,4.0025,8.2435,4.0012
130.979,4.0025,8.2435,4.0012
130.986,4.0025,8.2409,4.0012
130.994,4.0025,8.2409,4.0012
131.001,4.0025,8.2409,4.0012
131.007,4.0025,8.2382,4.0012
131.015,4.0025,8.2382,4.0012
131.022,4.0025,8.2382,4.0012
131.029,4.0025,8.2355,4.0012
131.037,4.0025,8.2355,4.0012
131.045,4.0025,8.2329,4.0012
131.054,4.0025,8.2329,4.0012
131.062,4.0025,8.2329,4.0012
131.069,4.0025,8.2302,4.0012
131.079,4.0025,8.2302,4.0012
131.085,4.0025,8.2275,4.0012
131.093,4.0025,8.2275,4.0012
131.100,4.0025,8.2275,4.0012
131.107,4.0025,8.2249,4.0012
131.115,4.0025,8.2249,4.0012
131.122,4.0025,8.2249,4.0012
131.129,4.0025,8.2222,4.0012
131.138,4.0025,8.2222,4.0012
131.145,4.0025,8.2195,4.0012
131.154,4.0025,8.2195,4.0012
131.161,4.0025,8.2195,4.0012
131.169,4.0025,8.2169,4.0012
131.176,4.0025,8.2169,4.0012
131.183,4.0025,8.2169,4.0012
131.189,4.0025,8.2142,4.0012
131.200,4.0025,8.2142,4.0012
131.206,4.0025,8.2115,4.0012
131.215,4.0025,8.2115,4.0012
131.221,4.0025,8.2115,4.0012
131.228,4.0025,8.2089,4.0012
131.237,4.0025,8.2089,4.0012
131.245,4.0025,8.2062,4.0012
131.254,4.0025,8.2062,4.0012
131.262,4.0025,8.2062,4.0012
131.269,4.0025,8.2035,4.0012
131.280,4.0025,8.2035,4.0012
131.287,4.0025,8.2009,4.0012
131.296,4.0025,8.2009,4.0012
131.302,4.0025,8.2009,4.0012
131.311,4.0025,8.1982,4.0012
131.320,4.0025,8.1982,4.0012
131.328,4.0025,8.1955,4.0012
131.338,4.0025,8.1955,4.0012
131.347,4.0025,8.1929,4.0012
131.356,4.0025,8.1929,4.0012
131.364,4.0025,8.1929,4.0012
131.372,4.0025,8.1902,4.0012
131.381,4.0025,8.1902,4.0012
131.388,4.0025,8.1875,4.0012
131.396,4.0025,8.1875,4.0012
131.404,4.0025,8.1875,4.0012
131.410,4.0025,8.1849,4.0012
131.418,4.0025,8.1849,4.0012
131.425,4.0025,8.1822,4.0012
131.434,4.0025,8.1822,4.0012
131.441,4.0025,8.1822,4.0012
131.449,4.0025,8.1795,4.0012
131.457,4.0025,8.1795,4.0012
131.466,4.0025,8.1769,4.0012
131.474,4.0025,8.1769,4.0012
131.482,4.0025,8.1769,4.0012
131.489,4.0025,8.1742,4.0012
131.498,4.0025,8.1742,4.0012
131.504,4.0025,8.1715,4.0012
131.512,4.0025,8.1715,4.0012
131.518,4.0025,8.1715,4.0012
131.526,4.0025,8.1689,4.0012
131.534,4.0025,8.1689,4.0012
131.541,4.0025,8.1689,4.0012
131.549,4.0025,8.1662,4.0012
131.558,4.0025,8.1662,4.0012
131.566,4.0025,8.1635,4.0012
131.574,4.0025,8.1635,4.0012
131.582,4.0025,8.1635,4.0012
131.590,4.0025,8.1609,4.0012
131.598,4.0025,8.1609,4.0012
131.604,4.0025,8.1582,4.0012
131.614,4.0025,8.1582,4.0012
131.622,4.0025,8.1582,4.0012
131.630,4.0025,8.1555,4.0012
131.643,4.0025,8.1555,4.0012
131.652,4.0025,8.1529,4.0012
131.661,4.0025,8.1529,4.0012
131.670,4.0025,8.1502,4.0012
131.681,4.0025,8.1502,4.0012
131.688,4.0025,8.1475,4.0012
131.697,4.0025,8.1475,4.0012
131.704,4.0025,8.1449,4.0012
131.715,4.0025,8.1449,4.0012
131.722,4.0025,8.1449,4.0012
131.731,4.0025,8.1422,4.0012
131.742,4.0025,8.1422,4.0012
131.750,4.0025,8.1395,4.0012
131.758,4.0025,8.1395,4.0012
131.766,4.0025,8.1369,4.0012
131.776,4.0025,8.1369,4.0012
131.784,4.0025,8.1369,4.0012
131.790,4.0025,8.1342,4.0012
131.800,4.0025,8.1342,4.0012
131.808,4.0025,8.1315,4.0012
131.817,4.0025,8.1315,4.0012
131.824,4.0025,8.1315,4.0012
131.832,4.0025,8.1289,4.0012
131.842,4.0025,8.1289,4.0012
131.849,4.0025,8.1262,4.0012
131.859,4.0025,8.1262,4.0012
131.868,4.0025,8.1235,4.0012
131.876,4.0025,8.1235,4.0012
131.884,4.0025,8.1209,4.0012
131.894,4.0025,8.1209,4.0012
131.903,4.0025,8.1209,4.0012
131.910,4.0025,8.1182,4.0012
131.920,4.0025,8.1182,4.0012
131.928,4.0025,8.1155,4.0012
131.938,4.0025,8.1155,4.0012
131.946,4.0025,8.1129,4.0012
131.955,4.0025,8.1129,4.0012
131.963,4.0025,8.1129,4.0012
131.971,4.0025,8.1102,4.0012
131.981,4.0025,8.1102,4.0012
131.988,4.0025,8.1075,4.0012
131.996,4.0025,8.1075,4.0012
132.003,4.0025,8.1075,4.0012
132.011,4.0025,8.1049,4.0012
132.021,4.0025,8.1049,4.0012
132.030,4.0025,8.1022,4.0012
132.040,4.0025,8.1022,4.0012
132.049,4.0025,8.0995,4.0012
132.059,4.0025,8.0995,4.0012
132.068,4.0025,8.0969,4.0012
132.077,4.0025,8.0969,4.0012
132.085,4.0025,8.0942,4.0012
132.094,4.0025,8.0942,4.0012
132.102,4.0025,8.0942,4.0012
132.109,4.0025,8.0915,4.0012
132.117,4.0025,8.0915,4.0012
132.124,4.0025,8.0889,4.0012
132.134,4.0025,8.0889,4.0012
132.140,4.0025,8.0889,4.0012
132.146,4.0025,8.0862,4.0012
132.154,4.0025,8.0862,4.0012
132.162,4.0025,8.0862,4.0012
132.169,4.0025,8.0835,4.0012
132.176,4.0025,8.0835,4.0012
132.184,4.0025,8.0835,4.0012
132.191,4.0025,8.0809,4.0012
132.200,4.0025,8.0809,4.0012
132.206,4.0025,8.0782,4.0012
132.215,4.0025,8.0782,4.0012
132.221,4.0025,8.0782,4.0012
132.229,4.0025,8.0755,4.0012
132.237,4.0025,8.0755,4.0012
132.244,4.0025,8.0755,4.0012
132.251,4.0025,8.0729,4.0012
132.259,4.0025,8.0729,4.0012
132.267,4.0025,8.0702,4.0012
132.275,4.0025,8.0702,4.0012
132.282,4.0025,8.0702,4.0012
132.288,4.0025,8.0675,4.0012
132.298,4.0025,8.0675,4.0012
132.305,4.0025,8.0649,4.0012
132.314,4.0025,8.0649,4.0012
132.320,4.0025,8.0649,4.0012
132.327,4.0025,8.0622,4.0012
132.335,4.0025,8.0622,4.0012
132.342,4.0025,8.0622,4.0012
132.349,4.0025,8.0595,4.0012
132.356,4.0025,8.0595,4.0012
132.364,4.0025,8.0569,4.0012
132.372,4.0025,8.0569,4.0012
132.379,4.0025,8.0569,4.0012
132.385,4.0025,8.0542,4.0012
132.394,4.0025,8.0542,4.0012
132.400,4.0025,8.0542,4.0012
132.409,4.0025,8.0515,4.0012
132.417,4.0025,8.0515,4.0012
132.425,4.0025,8.0489,4.0012
132.434,4.0025,8.0489,4.0012
132.441,4.0025,8.0489,4.0012
132.448,4.0025,8.0462,4.0012
132.456,4.0025,8.0462,4.0012
132.464,4.0025,8.0435,4.0012
132.473,4.0025,8.0435,4.0012
132.479,4.0025,8.0435,4.0012
132.486,4.0025,8.0409,4.0012
132.494,4.0025,8.0409,4.0012
132.502,4.0025,8.0409,4.0012
132.508,4.0025,8.0382,4.0012
132.517,4.0025,8.0382,4.0012
132.523,4.0025,8.0382,4.0012
132.531,4.0025,8.0355,4.0012
132.539,4.0025,8.0355,4.0012
132.547,4.0025,8.0329,4.0012
132.555,4.0025,8.0329,4.0012
132.561,4.0025,8.0329,4.0012
132.567,4.0025,8.0302,4.0012
132.577,4.0025,8.0302,4.0012
132.586,4.0025,8.0275,4.0012
132.595,4.0025,8.0275,4.0012
132.602,4.0025,8.0275,4.0012
132.611,4.0025,8.0249,4.0012
132.630,4.0025,8.0222,4.0012
132.639,4.0025,8.0222,4.0012
132.647,4.0025,8.0195,4.0012
132.655,4.0025,8.0195,4.0012
132.662,4.0025,8.0195,4.0012
132.669,4.0025,8.0169,4.0012
132.678,4.0025,8.0169,4.0012
132.685,4.0025,8.0142,4.0012
132.692,4.0025,8.0142,4.0012
132.700,4.0025,8.0142,4.0012
132.707,4.0025,8.0115,4.0012
132.715,4.0025,8.0115,4.0012
132.721,4.0025,8.0115,4.0012
132.728,4.0025,8.0089,4.0012
132.737,4.0025,8.0089,4.0012
132.744,4.0025,8.0089,4.0012
132.751,4.0025,8.0062,4.0012
132.757,4.0025,8.0062,4.0012
132.765,4.0025,8.0035,4.0012
132.773,4.0025,8.0035,4.0012
132.780,4.0025,8.0035,4.0012
132.787,4.0025,8.0009,4.0012
132.795,4.0025,8.0009,4.0012
132.802,4.0025,8.0009,4.0012
132.808,4.0025,7.9982,4.0012
132.816,4.0025,7.9982,4.0012
132.823,4.0025,7.9982,4.0012
132.831,4.0025,7.9955,4.0012
132.840,4.0025,7.9955,4.0012
132.847,4.0025,7.9929,4.0012
132.855,4.0025,7.9929,4.0012
132.862,4.0025,7.9929,4.0012
132.868,4.0025,7.9902,4.0012
132.878,4.0025,7.9902,4.0012
132.886,4.0025,7.9875,4.0012
132.895,4.0025,7.9875,4.0012
132.902,4.0025,7.9875,4.0012
132.911,4.0025,7.9849,4.0012
132.920,4.0025,7.9849,4.0012
132.927,4.0025,7.9822,4.0012
132.936,4.0025,7.9822,4.0012
132.945,4.0025,7.9795,4.0012
132.956,4.0025,7.9795,4.0012
132.965,4.0025,7.9769,4.0012
132.975,4.0025,7.9769,4.0012
132.984,4.0025,7.9742,4.0012
132.993,4.0025,7.9742,4.0012
133.001,4.0025,7.9742,4.0012
133.008,4.0025,7.9715,4.0012
133.018,4.0025,7.9715,4.0012
133.025,4.0025,7.9689,4.0012
133.035,4.0025,7.9689,4.0012
133.042,4.0025,7.9689,4.0012
133.049,4.0025,7.9662,4.0012
133.057,4.0025,7.9662,4.0012
133.068,4.0025,7.9635,4.0012
133.076,4.0025,7.9635,4.0012
133.083,4.0025,7.9635,4.0012
133.090,4.0025,7.9609,4.0012
133.100,4.0025,7.9609,4.0012
133.107,4.0025,7.9582,4.0012
133.116,4.0025,7.9582,4.0012
133.123,4.0025,7.9582,4.0012
133.133,4.0025,7.9555,4.0012
133.141,4.0025,7.9555,4.0012
133.149,4.0025,7.9529,4.0012
133.158,4.0025,7.9529,4.0012
133.166,4.0025,7.9502,4.0012
133.175,4.0025,7.9502,4.0012
133.183,4.0025,7.9502,4.0012
133.191,4.0025,7.9475,4.0012
133.199,4.0025,7.9475,4.0012
133.206,4.0025,7.9449,4.0012
133.215,4.0025,7.9449,4.0012
133.222,4.0025,7.9449,4.0012
133.230,4.0025,7.9422,4.0012
133.238,4.0025,7.9422,4.0012
133.247,4.0025,7.9395,4.0012
133.255,4.0025,7.9395,4.0012
133.262,4.0025,7.9395,4.0012
133.270,4.0025,7.9369,4.0012
133.278,4.0025,7.9369,4.0012
133.285,4.0025,7.9342,4.0012
133.294,4.0025,7.9342,4.0012
133.301,4.0025,7.9342,4.0012
133.311,4.0025,7.9315,4.0012
133.319,4.0025,7.9315,4.0012
133.326,4.0025,7.9289,4.0012
133.336,4.0025,7.9289,4.0012
133.344,4.0025,7.9289,4.0012
133.351,4.0025,7.9262,4.0012
133.361,4.0025,7.9262,4.0012
133.368,4.0025,7.9235,4.0012
133.376,4.0025,7.9235,4.0012
133.382,4.0025,7.9235,4.0012
133.389,4.0025,7.9209,4.0012
133.397,4.0025,7.9209,4.0012
133.404,4.0025,7.9209,4.0012
133.411,4.0025,7.9182,4.0012
133.420,4.0025,7.9182,4.0012
133.426,4.0025,7.9155,4.0012
133.436,4.0025,7.9155,4.0012
133.443,4.0025,7.9155,4.0012
133.451,4.0025,7.9129,4.0012
133.458,4.0025,7.9129,4.0012
133.466,4.0025,7.9102,4.0012
133.474,4.0025,7.9102,4.0012
133.482,4.0025,7.9102,4.0012
133.488,4.0025,7.9075,4.0012
133.496,4.0025,7.9075,4.0012
133.502,4.0025,7.9075,4.0012
133.509,4.0025,7.9049,4.0012
133.518,4.0025,7.9049,4.0012
133.525,4.0025,7.9022,4.0012
133.534,4.0025,7.9022,4.0012
133.541,4.0025,7.9022,4.0012
133.548,4.0025,7.8995,4.0012
133.556,4.0025,7.8995,4.0012
133.565,4.0025,7.8969,4.0012
133.574,4.0025,7.8969,4.0012
133.582,4.0025,7.8969,4.0012
133.589,4.0025,7.8942,4.0012
133.599,4.0025,7.8942,4.0012
133.606,4.0025,7.8915,4.0012
133.614,4.0025,7.8915,4.0012
133.621,4.0025,7.8915,4.0012
133.627,4.0025,7.8889,4.0012
133.637,4.0025,7.8889,4.0012
133.643,4.0025,7.8889,4.0012
133.650,4.0025,7.8862,4.0012
133.657,4.0025,7.8862,4.0012
133.665,4.0025,7.8835,4.0012
133.674,4.0025,7.8835,4.0012
133.682,4.0025,7.8835,4.0012
133.688,4.0025,7.8809,4.0012
133.696,4.0025,7.8809,4.0012
133.704,4.0025,7.8809,4.0012
133.711,4.0025,7.8782,4.0012
133.720,4.0025,7.8782,4.0012
133.727,4.0025,7.8755,4.0012
133.735,4.0025,7.8755,4.0012
133.743,4.0025,7.8755,4.0012
133.751,4.0025,7.8729,4.0012
133.759,4.0025,7.8729,4.0012
133.766,4.0025,7.8702,4.0012
133.774,4.0025,7.8702,4.0012
133.782,4.0025,7.8702,4.0012
133.788,4.0025,7.8675,4.0012
133.798,4.0025,7.8675,4.0012
133.803,4.0025,7.8675,4.0012
133.811,4.0025,7.8649,4.0012
133.820,4.0025,7.8649,4.0012
133.828,4.0025,7.8622,4.0012
133.835,4.0025,7.8622,4.0012
133.844,4.0025,7.8595,4.0012
133.854,4.0025,7.8595,4.0012
133.862,4.0025,7.8595,4.0012
133.870,4.0025,7.8569,4.0012
133.880,4.0025,7.8569,4.0012
133.888,4.0025,7.8542,4.0012
133.897,4.0025,7.8542,4.0012
133.904,4.0025,7.8515,4.0012
133.912,4.0025,7.8515,4.0012
133.919,4.0025,7.8515,4.0012
133.926,4.0025,7.8489,4.0012
133.935,4.0025,7.8489,4.0012
133.942,4.0025,7.8489,4.0012
133.949,4.0025,7.8462,4.0012
133.957,4.0025,7.8462,4.0012
133.964,4.0025,7.8435,4.0012
133.972,4.0025,7.8435,4.0012
133.981,4.0025,7.8435,4.0012
133.987,4.0025,7.8409,4.0012
133.996,4.0025,7.8409,4.0012
134.004,4.0025,7.8409,4.0012
134.012,4.0025,7.8382,4.0012
134.020,4.0025,7.8382,4.0012
134.028,4.0025,7.8355,4.0012
134.037,4.0025,7.8355,4.0012
134.045,4.0025,7.8329,4.0012
134.054,4.0025,7.8329,4.0012
134.061,4.0025,7.8329,4.0012
134.069,4.0025,7.8302,4.0012
134.077,4.0025,7.8302,4.0012
134.084,4.0025,7.8275,4.0012
134.093,4.0025,7.8275,4.0012
134.103,4.0025,7.8275,4.0012
134.111,4.0025,7.8249,4.0012
134.121,4.0025,7.8249,4.0012
134.128,4.0025,7.8222,4.0012
134.138,4.0025,7.8222,4.0012
134.146,4.0025,7.8195,4.0012
134.155,4.0025,7.8195,4.0012
134.163,4.0025,7.8195,4.0012
134.170,4.0025,7.8169,4.0012
134.180,4.0025,7.8169,4.0012
134.187,4.0025,7.8142,4.0012
134.196,4.0025,7.8142,4.0012
134.203,4.0025,7.8142,4.0012
134.212,4.0025,7.8115,4.0012
134.220,4.0025,7.8115,4.0012
134.228,4.0025,7.8089,4.0012
134.237,4.0025,7.8089,4.0012
134.246,4.0025,7.8062,4.0012
134.254,4.0025,7.8062,4.0012
134.263,4.0025,7.8062,4.0012
134.270,4.0025,7.8035,4.0012
134.280,4.0025,7.8035,4.0012
134.286,4.0025,7.8009,4.0012
134.297,4.0025,7.8009,4.0012
134.304,4.0025,7.7982,4.0012
134.313,4.0025,7.7982,4.0012
134.321,4.0025,7.7982,4.0012
134.329,4.0025,7.7955,4.0012
134.338,4.0025,7.7955,4.0012
134.347,4.0025,7.7929,4.0012
134.355,4.0025,7.7929,4.0012
134.363,4.0025,7.7929,4.0012
134.372,4.0025,7.7902,4.0012
134.381,4.0025,7.7902,4.0012
134.388,4.0025,7.7875,4.0012
134.398,4.0025,7.7875,4.0012
134.405,4.0025,7.7849,4.0012
134.415,4.0025,7.7849,4.0012
134.422,4.0025,7.7849,4.0012
134.431,4.0025,7.7822,4.0012
134.440,4.0025,7.7822,4.0012
134.448,4.0025,7.7795,4.0012
134.458,4.0025,7.7795,4.0012
134.466,4.0025,7.7769,4.0012
134.476,4.0025,7.7769,4.0012
134.483,4.0025,7.7769,4.0012
134.491,4.0025,7.7742,4.0012
134.501,4.0025,7.7742,4.0012
134.508,4.0025,7.7715,4.0012
134.517,4.0025,7.7715,4.0012
134.524,4.0025,7.7715,4.0012
134.531,4.0025,7.7689,4.0012
134.540,4.0025,7.7689,4.0012
134.548,4.0025,7.7662,4.0012
134.557,4.0025,7.7662,4.0012
134.566,4.0025,7.7635,4.0012
134.574,4.0025,7.7635,4.0012
134.583,4.0025,7.7635,4.0012
134.589,4.0025,7.7609,4.0012
134.600,4.0025,7.7609,4.0012
134.607,4.0025,7.7582,4.0012
134.616,4.0025,7.7582,4.0012
134.622,4.0025,7.7582,4.0012
134.630,4.0025,7.7555,4.0012
134.639,4.0025,7.7555,4.0012
134.647,4.0025,7.7529,4.0012
134.655,4.0025,7.7529,4.0012
134.663,4.0025,7.7529,4.0012
134.669,4.0025,7.7502,4.0012
134.679,4.0025,7.7502,4.0012
134.685,4.0025,7.7475,4.0012
134.695,4.0025,7.7475,4.0012
134.702,4.0025,7.7475,4.0012
134.708,4.0025,7.7449,4.0012
134.727,4.0025,7.7422,4.0012
134.737,4.0025,7.7422,4.0012
134.743,4.0025,7.7422,4.0012
134.750,4.0025,7.7395,4.0012
134.759,4.0025,7.7395,4.0012
134.766,4.0025,7.7369,4.0012
134.776,4.0025,7.7369,4.0012
134.783,4.0025,7.7369,4.0012
134.790,4.0025,7.7342,4.0012
134.799,4.0025,7.7342,4.0012
134.805,4.0025,7.7315,4.0012
134.815,4.0025,7.7315,4.0012
134.821,4.0025,7.7315,4.0012
134.828,4.0025,7.7289,4.0012
134.836,4.0025,7.7289,4.0012
134.843,4.0025,7.7289,4.0012
134.851,4.0025,7.7262,4.0012
134.858,4.0025,7.7262,4.0012
134.865,4.0025,7.7235,4.0012
134.873,4.0025,7.7235,4.0012
134.881,4.0025,7.7235,4.0012
134.887,4.0025,7.7209,4.0012
134.896,4.0025,7.7209,4.0012
134.903,4.0025,7.7209,4.0012
134.910,4.0025,7.7182,4.0012
134.918,4.0025,7.7182,4.0012
134.924,4.0025,7.7155,4.0012
134.933,4.0025,7.7155,4.0012
134.940,4.0025,7.7155,4.0012
134.947,4.0025,7.7129,4.0012
134.954,4.0025,7.7129,4.0012
134.960,4.0025,7.7129,4.0012
134.967,4.0025,7.7102,4.0012
134.976,4.0025,7.7102,4.0012
134.983,4.0025,7.7102,4.0012
134.990,4.0025,7.7075,4.0012
135.000,4.0025,7.7075,4.0012
135.007,4.0025,7.7049,4.0012
135.016,4.0025,7.7049,4.0012
135.022,4.0025,7.7049,4.0012
135.031,4.0025,7.7022,4.0012
135.040,4.0025,7.7022,4.0012
135.048,4.0025,7.6995,4.0012
135.057,4.0025,7.6995,4.0012
135.066,4.0025,7.6969,4.0012
135.075,4.0025,7.6969,4.0012
135.083,4.0025,7.6969,4.0012
135.089,4.0025,7.6942,4.0012
135.098,4.0025,7.6942,4.0012
135.105,4.0025,7.6915,4.0012
135.115,4.0025,7.6915,4.0012
135.122,4.0025,7.6915,4.0012
135.129,4.0025,7.6889,4.0012
135.138,4.0025,7.6889,4.0012
135.147,4.0025,7.6862,4.0012
135.157,4.0025,7.6862,4.0012
135.165,4.0025,7.6835,4.0012
135.175,4.0025,7.6835,4.0012
135.183,4.0025,7.6835,4.0012
135.191,4.0025,7.6809,4.0012
135.201,4.0025,7.6809,4.0012
135.209,4.0025,7.6782,4.0012
135.219,4.0025,7.6782,4.0012
135.226,4.0025,7.6755,4.0012
135.235,4.0025,7.6755,4.0012
135.242,4.0025,7.6755,4.0012
135.251,4.0025,7.6729,4.0012
135.261,4.0025,7.6729,4.0012
135.269,4.0025,7.6702,4.0012
135.279,4.0025,7.6702,4.0012
135.286,4.0025,7.6675,4.0012
135.296,4.0025,7.6675,4.0012
135.304,4.0025,7.6649,4.0012
135.314,4.0025,7.6649,4.0012
135.321,4.0025,7.6649,4.0012
135.329,4.0025,7.6622,4.0012
135.338,4.0025,7.6622,4.0012
135.346,4.0025,7.6595,4.0012
135.354,4.0025,7.6595,4.0012
135.363,4.0025,7.6595,4.0012
135.371,4.0025,7.6569,4.0012
135.380,4.0025,7.6569,4.0012
135.388,4.0025,7.6542,4.0012
135.396,4.0025,7.6542,4.0012
135.405,4.0025,7.6542,4.0012
135.415,4.0025,7.6542,4.0012
135.423,4.0025,7.6542,4.0012
135.432,4.0025,7.6542,4.0012
135.441,4.0025,7.6542,4.0012
135.450,4.0025,7.6542,4.0012
135.459,4.0025,7.6542,4.0012
135.468,4.0025,7.6542,4.0012
135.477,4.0025,7.6542,4.0012
135.487,4.0025,7.6542,4.0012
135.496,4.0025,7.6542,4.0012
135.505,4.0025,7.6542,4.0012
135.515,4.0025,7.6542,4.0012
135.522,4.0025,7.6542,4.0012
135.532,4.0025,7.6542,4.0012
135.539,4.0025,7.6542,4.0012
135.548,4.0025,7.6542,4.0012
135.556,4.0025,7.6542,4.0012
135.564,4.0025,7.6542,4.0012
135.571,4.0025,7.6542,4.0012
135.581,4.0025,7.6542,4.0012
135.589,4.0025,7.6542,4.0012
135.599,4.0025,7.6542,4.0012
135.607,4.0025,7.6542,4.0012
135.618,4.0025,7.6542,4.0012
135.627,4.0025,7.6542,4.0012
135.638,4.0025,7.6542,4.0012
135.645,4.0025,7.6542,4.0012
135.654,4.0025,7.6542,4.0012
135.662,4.0025,7.6542,4.0012
135.671,4.0025,7.6542,4.0012
135.681,4.0025,7.6542,4.0012
135.688,4.0025,7.6542,4.0012
135.699,4.0025,7.6542,4.0012
135.705,4.0025,7.6542,4.0012
135.715,4.0025,7.6542,4.0012
135.723,4.0025,7.6542,4.0012
135.732,4.0025,7.6542,4.0012
135.740,4.0025,7.6542,4.0012
135.749,4.0025,7.6542,4.0012
135.759,4.0025,7.6542,4.0012
135.767,4.0025,7.6542,4.0012
135.776,4.0025,7.6542,4.0012
135.785,4.0025,7.6542,4.0012
135.793,4.0025,7.6542,4.0012
135.801,4.0025,7.6542,4.0012
135.809,4.0025,7.6542,4.0012
135.818,4.0025,7.6542,4.0012
135.825,4.0025,7.6542,4.0012
135.836,4.0025,7.6542,4.0012
135.844,4.0025,7.6542,4.0012
135.853,4.0025,7.6542,4.0012
135.861,4.0025,7.6542,4.0012
135.869,4.0025,7.6542,4.0012
135.879,4.0025,7.6542,4.0012
135.886,4.0025,7.6542,4.0012
135.894,4.0025,7.6542,4.0012
135.902,4.0025,7.6542,4.0012
135.909,4.0025,7.6542,4.0012
135.918,4.0025,7.6542,4.0012
135.925,4.0025,7.6542,4.0012
135.934,4.0025,7.6542,4.0012
135.940,4.0025,7.6542,4.0012
135.948,4.0025,7.6542,4.0012
135.955,4.0025,7.6542,4.0012
135.964,4.0025,7.6542,4.0012
135.971,4.0025,7.6542,4.0012
135.979,4.0025,7.6542,4.0012
135.986,4.0025,7.6542,4.0012
135.995,4.0025,7.6542,4.0012
136.002,4.0025,7.6542,4.0012
136.009,4.0025,7.6542,4.0012
136.017,4.0025,7.6542,4.0012
136.024,4.0025,7.6542,4.0012
136.033,4.0025,7.6542,4.0012
136.041,4.0025,7.6542,4.0012
136.048,4.0025,7.6542,4.0012
136.056,4.0025,7.6542,4.0012
136.064,4.0025,7.6542,4.0012
136.073,4.0025,7.6542,4.0012
136.080,4.0025,7.6542,4.0012
136.089,4.0025,7.6542,4.0012
136.097,4.0025,7.6542,4.0012
136.105,4.0025,7.6542,4.0012
136.113,4.0025,7.6542,4.0012
136.122,4.0025,7.6542,4.0012
136.129,4.0025,7.6532,4.0012
136.139,4.0025,7.6532,4.0012
136.147,4.0025,7.6532,4.0012
136.155,4.0025,7.6532,4.0012
136.163,4.0025,7.6532,4.0012
136.170,4.0025,7.6532,4.0012
136.180,4.0025,7.6532,4.0012
136.187,4.0025,7.6532,4.0012
136.195,4.0025,7.6532,4.0012
136.203,4.0025,7.6532,4.0012
136.211,4.0025,7.6532,4.0012
136.219,4.0025,7.6532,4.0012
136.226,4.0025,7.6532,4.0012
136.235,4.0025,7.6532,4.0012
136.243,4.0025,7.6532,4.0012
136.251,4.0025,7.6529,4.0012
136.259,4.0025,7.6529,4.0012
136.267,4.0025,7.6526,4.0012
136.276,4.0025,7.6526,4.0012
136.283,4.0025,7.6526,4.0012
136.291,4.0025,7.6523,4.0012
136.300,4.0025,7.6523,4.0012
136.307,4.0025,7.6523,4.0012
136.315,4.0025,7.6523,4.0012
136.322,4.0025,7.6523,4.0012
136.332,4.0025,7.6522,4.0012
136.340,4.0025,7.6522,4.0012
136.347,4.0025,7.6522,4.0012
136.355,4.0025,7.6522,4.0012
136.363,4.0025,7.6522,4.0012
136.370,4.0025,7.6521,4.0012
136.378,4.0025,7.6521,4.0012
136.385,4.0025,7.6521,4.0012
136.394,4.0025,7.6521,4.0012
136.401,4.0025,7.6521,4.0012
136.409,4.0025,7.6521,4.0012
136.417,4.0025,7.6521,4.0012
136.424,4.0025,7.6521,4.0012
136.433,4.0025,7.6521,4.0012
136.441,4.0025,7.6521,4.0012
136.448,4.0025,7.6521,4.0012
136.455,4.0025,7.6521,4.0012
136.462,4.0025,7.6521,4.0012
136.469,4.0025,7.6521,4.0012
136.478,4.0025,7.6521,4.0012
136.487,4.0025,7.6521,4.0012
136.495,4.0025,7.6521,4.0012
136.504,4.0025,7.6521,4.0012
136.513,4.0025,7.6521,4.0012
136.521,4.0025,7.6521,4.0012
136.527,4.0025,7.6521,4.0012
136.538,4.0025,7.6521,4.0012
136.546,4.0025,7.6521,4.0012
136.555,4.0025,7.6521,4.0012
136.563,4.0025,7.6521,4.0012
136.571,4.0025,7.6521,4.0012
136.578,4.0025,7.6521,4.0012
136.586,4.0025,7.6521,4.0012
136.594,4.0025,7.6521,4.0012
136.601,4.0025,7.6521,4.0012
136.607,4.0025,7.6521,4.0012
136.616,4.0025,7.6521,4.0012
136.623,4.0025,7.6521,4.0012
136.632,4.0025,7.6521,4.0012
136.639,4.0025,7.6521,4.0012
136.647,4.0025,7.6521,4.0012
136.657,4.0025,7.6521,4.0012
136.673,4.0025,7.6521,4.0012
136.683,4.0025,7.6521,4.0012
136.690,4.0025,7.6521,4.0012
136.700,4.0025,7.6521,4.0012
136.707,4.0025,7.6521,4.0012
136.716,4.0025,7.6521,4.0012
136.725,4.0025,7.6521,4.0012
136.734,4.0025,7.6521,4.0012
136.742,4.0025,7.6521,4.0012
136.749,4.0025,7.6521,4.0012
136.759,4.0025,7.6521,4.0012
136.767,4.0025,7.6521,4.0012
136.775,4.0025,7.6521,4.0012
136.783,4.0025,7.6521,4.0012
136.791,4.0025,7.6521,4.0012
136.799,4.0025,7.6521,4.0012
136.807,4.0025,7.6521,4.0012
136.816,4.0025,7.6521,4.0012
136.823,4.0025,7.6521,4.0012
136.830,4.0025,7.6521,4.0012
136.838,4.0025,7.6521,4.0012
136.847,4.0025,7.6521,4.0012
136.855,4.0025,7.6521,4.0012
136.864,4.0025,7.6521,4.0012
136.874,4.0025,7.6521,4.0012
136.882,4.0025,7.6521,4.0012
136.890,4.0025,7.6521,4.0012
136.901,4.0025,7.6521,4.0012
136.909,4.0025,7.6521,4.0012
136.917,4.0025,7.6521,4.0012
136.925,4.0025,7.6521,4.0012
136.936,4.0025,7.6521,4.0012
136.944,4.0025,7.6521,4.0012
136.953,4.0025,7.6521,4.0012
136.961,4.0025,7.6521,4.0012
136.970,4.0025,7.6521,4.0012
136.979,4.0025,7.6521,4.0012
136.987,4.0025,7.6521,4.0012
136.997,4.0025,7.6521,4.0012
137.005,4.0025,7.6521,4.0012
137.014,4.0025,7.6521,4.0012
137.022,4.0025,7.6521,4.0012
137.029,4.0025,7.6521,4.0012
137.039,4.0025,7.6521,4.0012
137.047,4.0025,7.6521,4.0012
137.056,4.0025,7.6521,4.0012
137.066,4.0025,7.6521,4.0012
137.074,4.0025,7.6521,4.0012
137.083,4.0025,7.6521,4.0012
137.091,4.0025,7.6521,4.0012
137.102,4.0025,7.6521,4.0012
137.110,4.0025,7.6521,4.0012
137.118,4.0025,7.6521,4.0012
137.127,4.0025,7.6521,4.0012
137.135,4.0025,7.6521,4.0012
137.142,4.0025,7.6521,4.0012
137.150,4.0025,7.6521,4.0012
137.158,4.0025,7.6521,4.0012
137.166,4.0025,7.6521,4.0012
137.175,4.0025,7.6521,4.0012
137.183,4.0025,7.6521,4.0012
137.191,4.0025,7.6521,4.0012
137.200,4.0025,7.6521,4.0012
137.208,4.0025,7.6521,4.0012
137.216,4.0025,7.6521,4.0012
137.223,4.0025,7.6521,4.0012
137.230,4.0025,7.6521,4.0012
137.238,4.0025,7.6521,4.0012
137.245,4.0025,7.6521,4.0012
137.253,4.0025,7.6521,4.0012
137.260,4.0025,7.6521,4.0012
137.268,4.0025,7.6521,4.0012
137.276,4.0025,7.6521,4.0012
137.285,4.0025,7.6521,4.0012
137.292,4.0025,7.6521,4.0012
137.299,4.0025,7.6521,4.0012
137.307,4.0025,7.6521,4.0012
137.316,4.0025,7.6521,4.0012
137.322,4.0025,7.6521,4.0012
137.332,4.0025,7.6521,4.0012
137.339,4.0025,7.6521,4.0012
137.348,4.0025,7.6521,4.0012
137.355,4.0025,7.6521,4.0012
137.364,4.0025,7.6521,4.0012
137.371,4.0025,7.6521,4.0012
137.380,4.0025,7.6521,4.0012
137.386,4.0025,7.6521,4.0012
137.395,4.0025,7.6521,4.0012
137.401,4.0025,7.6521,4.0012
137.409,4.0025,7.6521,4.0012
137.418,4.0025,7.6521,4.0012
137.425,4.0025,7.6521,4.0012
137.433,4.0025,7.6521,4.0012
137.441,4.0025,7.6521,4.0012
137.449,4.0025,7.6521,4.0012
137.456,4.0025,7.6521,4.0012
137.463,4.0025,7.6521,4.0012
137.471,4.0025,7.6521,4.0012
137.479,4.0025,7.6521,4.0012
137.486,4.0025,7.6521,4.0012
137.493,4.0025,7.6521,4.0012
137.501,4.0025,7.6521,4.0012
137.509,4.0025,7.6521,4.0012
137.517,4.0025,7.6521,4.0012
137.523,4.0025,7.6521,4.0012
137.532,4.0025,7.6521,4.0012
137.540,4.0025,7.6521,4.0012
137.548,4.0025,7.6521,4.0012
137.555,4.0025,7.6521,4.0012
137.563,4.0025,7.6521,4.0012
137.571,4.0025,7.6521,4.0012
137.579,4.0025,7.6521,4.0012
137.587,4.0025,7.6521,4.0012
137.595,4.0025,7.6521,4.0012
137.603,4.0025,7.6521,4.0012
137.610,4.0025,7.6521,4.0012
137.619,4.0025,7.6521,4.0012
137.626,4.0025,7.6521,4.0012
137.635,4.0025,7.6521,4.0012
137.643,4.0025,7.6521,4.0012
137.650,4.0025,7.6521,4.0012
137.658,4.0025,7.6521,4.0012
137.666,4.0025,7.6521,4.0012
137.674,4.0025,7.6521,4.0012
137.682,4.0025,7.6521,4.0012
137.689,4.0025,7.6521,4.0012
137.697,4.0025,7.6521,4.0012
137.705,4.0025,7.6521,4.0012
137.712,4.0025,7.6521,4.0012
137.720,4.0025,7.6521,4.0012
137.727,4.0025,7.6521,4.0012
137.735,4.0025,7.6521,4.0012
137.743,4.0025,7.6521,4.0012
137.751,4.0025,7.6521,4.0012
137.758,4.0025,7.6521,4.0012
137.766,4.0025,7.6521,4.0012
137.774,4.0025,7.6521,4.0012
137.783,4.0025,7.6521,4.0012
137.790,4.0025,7.6521,4.0012
137.799,4.0025,7.6521,4.0012
137.807,4.0025,7.6521,4.0012
137.817,4.0025,7.6521,4.0012
137.824,4.0025,7.6521,4.0012
137.834,4.0025,7.6521,4.0012
137.842,4.0025,7.6521,4.0012
137.850,4.0025,7.6521,4.0012
137.858,4.0025,7.6521,4.0012
137.867,4.0025,7.6521,4.0012
137.875,4.0025,7.6521,4.0012
137.883,4.0025,7.6521,4.0012
137.890,4.0025,7.6521,4.0012
137.898,4.0025,7.6521,4.0012
137.906,4.0025,7.6521,4.0012
137.914,4.0025,7.6521,4.0012
137.923,4.0025,7.6521,4.0012
137.932,4.0025,7.6521,4.0012
137.941,4.0025,7.6521,4.0012
137.950,4.0025,7.6521,4.0012
137.960,4.0025,7.6521,4.0012
137.972,4.0025,7.6521,4.0012
137.987,4.0025,7.6521,4.0012
138.000,4.0025,7.6521,4.0012
138.011,4.0025,7.6521,4.0012
138.020,4.0025,7.6521,4.0012
138.030,4.0025,7.6521,4.0012
138.040,4.0025,7.6521,4.0012
138.050,4.0025,7.6521,4.0012
138.060,4.0025,7.6521,4.0012
138.068,4.0025,7.6521,4.0012
138.080,4.0025,7.6521,4.0012
138.088,4.0025,7.6521,4.0012
138.100,4.0025,7.6521,4.0012
138.109,4.0025,7.6521,4.0012
138.121,4.0025,7.6521,4.0012
138.130,4.0025,7.6521,4.0012
138.141,4.0025,7.6521,4.0012
138.151,4.0025,7.6521,4.0012
138.163,4.0025,7.6521,4.0012
138.175,4.0025,7.6521,4.0012
138.192,4.0025,7.6521,4.0012
138.204,4.0025,7.6521,4.0012
138.212,4.0025,7.6521,4.0012
138.222,4.0025,7.6521,4.0012
138.233,4.0025,7.6521,4.0012
138.242,4.0025,7.6521,4.0012
138.251,4.0025,7.6521,4.0012
138.261,4.0025,7.6521,4.0012
138.271,4.0025,7.6521,4.0012
138.281,4.0025,7.6521,4.0012
138.290,4.0025,7.6521,4.0012
138.301,4.0025,7.6521,4.0012
138.312,4.0025,7.6521,4.0012
138.326,4.0025,7.6521,4.0012
138.336,4.0025,7.6521,4.0012
138.346,4.0025,7.6521,4.0012
138.355,4.0025,7.6521,4.0012
138.365,4.0025,7.6521,4.0012
138.375,4.0025,7.6521,4.0012
138.383,4.0025,7.6521,4.0012
138.393,4.0025,7.6521,4.0012
138.401,4.0025,7.6521,4.0012
138.411,4.0025,7.6521,4.0012
138.421,4.0025,7.6521,4.0012
138.428,4.0025,7.6521,4.0012
138.439,4.0025,7.6521,4.0012
138.448,4.0025,7.6521,4.0012
138.457,4.0025,7.6521,4.0012
138.468,4.0025,7.6521,4.0012
138.477,4.0025,7.6521,4.0012
138.485,4.0025,7.6521,4.0012
138.494,4.0025,7.6521,4.0012
138.502,4.0025,7.6521,4.0012
138.509,4.0025,7.6521,4.0012
138.516,4.0025,7.6521,4.0012
138.523,4.0025,7.6521,4.0012
138.531,4.0025,7.6521,4.0012
138.538,4.0025,7.6521,4.0012
138.545,4.0025,7.6521,4.0012
138.553,4.0025,7.6521,4.0012
138.560,4.0025,7.6521,4.0012
138.569,4.0025,7.6521,4.0012
138.576,4.0025,7.6521,4.0012
138.583,4.0025,7.6521,4.0012
138.591,4.0025,7.6521,4.0012
138.600,4.0025,7.6521,4.0012
138.608,4.0025,7.6521,4.0012
138.616,4.0025,7.6521,4.0012
138.632,4.0025,7.6521,4.0012
138.642,4.0025,7.6521,4.0012
138.649,4.0025,7.6521,4.0012
138.658,4.0025,7.6521,4.0012
138.666,4.0025,7.6521,4.0012
138.673,4.0025,7.6521,4.0012
138.680,4.0025,7.6521,4.0012
138.688,4.0025,7.6521,4.0012
138.697,4.0025,7.6521,4.0012
138.705,4.0025,7.6521,4.0012
138.712,4.0025,7.6521,4.0012
138.720,4.0025,7.6521,4.0012
138.728,4.0025,7.6521,4.0012
138.735,4.0025,7.6521,4.0012
138.743,4.0025,7.6521,4.0012
138.751,4.0025,7.6521,4.0012
138.760,4.0025,7.6521,4.0012
138.768,4.0025,7.6521,4.0012
138.778,4.0025,7.6521,4.0012
138.786,4.0025,7.6521,4.0012
138.797,4.0025,7.6521,4.0012
138.805,4.0025,7.6521,4.0012
138.815,4.0025,7.6521,4.0012
138.823,4.0025,7.6521,4.0012
138.832,4.0025,7.6521,4.0012
138.841,4.0025,7.6521,4.0012
138.849,4.0025,7.6521,4.0012
138.859,4.0025,7.6521,4.0012
138.871,4.0025,7.6521,4.0012
138.884,4.0025,7.6521,4.0012
138.894,4.0025,7.6521,4.0012
138.904,4.0025,7.6521,4.0012
138.912,4.0025,7.6521,4.0012
138.922,4.0025,7.6521,4.0012
138.932,4.0025,7.6521,4.0012
138.941,4.0025,7.6521,4.0012
138.950,4.0025,7.6521,4.0012
138.961,4.0025,7.6521,4.0012
138.969,4.0025,7.6521,4.0012
138.980,4.0025,7.6521,4.0012
138.989,4.0025,7.6521,4.0012
139.001,4.0025,7.6521,4.0012
139.008,4.0025,7.6521,4.0012
139.019,4.0025,7.6521,4.0012
139.027,4.0025,7.6521,4.0012
139.036,4.0025,7.6521,4.0012
139.044,4.0025,7.6521,4.0012
139.054,4.0025,7.6521,4.0012
139.061,4.0025,7.6521,4.0012
139.070,4.0025,7.6521,4.0012
139.080,4.0025,7.6521,4.0012
139.088,4.0025,7.6521,4.0012
139.098,4.0025,7.6521,4.0012
139.106,4.0025,7.6521,4.0012
139.117,4.0025,7.6521,4.0012
139.124,4.0025,7.6521,4.0012
139.133,4.0025,7.6521,4.0012
139.141,4.0025,7.6521,4.0012
139.149,4.0025,7.6521,4.0012
139.156,4.0025,7.6521,4.0012
139.166,4.0025,7.6521,4.0012
139.175,4.0025,7.6521,4.0012
139.183,4.0025,7.6521,4.0012
139.191,4.0025,7.6521,4.0012
139.203,4.0025,7.6521,4.0012
139.210,4.0025,7.6521,4.0012
139.220,4.0025,7.6521,4.0012
139.229,4.0025,7.6521,4.0012
139.238,4.0025,7.6521,4.0012
139.245,4.0025,7.6521,4.0012
139.255,4.0025,7.6521,4.0012
139.262,4.0025,7.6521,4.0012
139.271,4.0025,7.6521,4.0012
139.279,4.0025,7.6521,4.0012
139.287,4.0025,7.6521,4.0012
139.295,4.0025,7.6521,4.0012
139.303,4.0025,7.6521,4.0012
139.311,4.0025,7.6521,4.0012
139.319,4.0025,7.6521,4.0012
139.326,4.0025,7.6521,4.0012
139.335,4.0025,7.6521,4.0012
139.343,4.0025,7.6521,4.0012
139.351,4.0025,7.6521,4.0012
139.360,4.0025,7.6521,4.0012
139.369,4.0025,7.6521,4.0012
139.379,4.0025,7.6521,4.0012
139.388,4.0025,7.6521,4.0012
139.397,4.0025,7.6521,4.0012
139.407,4.0025,7.6521,4.0012
139.416,4.0025,7.6521,4.0012
139.423,4.0025,7.6521,4.0012
139.431,4.0025,7.6521,4.0012
139.440,4.0025,7.6521,4.0012
139.448,4.0025,7.6521,4.0012
139.457,4.0025,7.6521,4.0012
139.466,4.0025,7.6521,4.0012
139.475,4.0025,7.6521,4.0012
139.482,4.0025,7.6521,4.0012
139.488,4.0025,7.6521,4.0012
139.498,4.0025,7.6521,4.0012
139.506,4.0025,7.6521,4.0012
139.514,4.0025,7.6521,4.0012
139.521,4.0025,7.6521,4.0012
139.528,4.0025,7.6521,4.0012
139.538,4.0025,7.6521,4.0012
139.545,4.0025,7.6521,4.0012
139.554,4.0025,7.6521,4.0012
139.563,4.0025,7.6521,4.0012
139.570,4.0025,7.6521,4.0012
139.579,4.0025,7.6521,4.0012
139.586,4.0025,7.6521,4.0012
139.595,4.0025,7.6521,4.0012
139.602,4.0025,7.6521,4.0012
139.612,4.0025,7.6521,4.0012
139.621,4.0025,7.6521,4.0012
139.630,4.0025,7.6521,4.0012
139.637,4.0025,7.6521,4.0012
139.645,4.0025,7.6521,4.0012
139.653,4.0025,7.6521,4.0012
139.660,4.0025,7.6521,4.0012
139.666,4.0025,7.6521,4.0012
139.674,4.0025,7.6521,4.0012
139.682,4.0025,7.6521,4.0012
139.689,4.0025,7.6521,4.0012
139.697,4.0025,7.6521,4.0012
139.706,4.0025,7.6521,4.0012
139.714,4.0025,7.6521,4.0012
139.722,4.0025,7.6521,4.0012
139.729,4.0025,7.6521,4.0012
139.738,4.0025,7.6521,4.0012
139.747,4.0025,7.6521,4.0012
139.754,4.0025,7.6521,4.0012
139.762,4.0025,7.6521,4.0012
139.769,4.0025,7.6521,4.0012
139.778,4.0025,7.6521,4.0012
139.786,4.0025,7.6521,4.0012
139.794,4.0025,7.6521,4.0012
139.801,4.0025,7.6521,4.0012
139.809,4.0025,7.6521,4.0012
139.819,4.0025,7.6521,4.0012
139.826,4.0025,7.6521,4.0012
139.835,4.0025,7.6521,4.0012
139.843,4.0025,7.6521,4.0012
139.850,4.0025,7.6521,4.0012
139.859,4.0025,7.6521,4.0012
139.868,4.0025,7.6521,4.0012
139.876,4.0025,7.6521,4.0012
139.884,4.0025,7.6521,4.0012
139.891,4.0025,7.6521,4.0012
139.902,4.0025,7.6521,4.0012
139.909,4.0025,7.6521,4.0012
139.918,4.0025,7.6521,4.0012
139.926,4.0025,7.6521,4.0012
139.935,4.0025,7.6521,4.0012
139.942,4.0025,7.6521,4.0012
139.951,4.0025,7.6521,4.0012
139.960,4.0025,7.6521,4.0012
139.968,4.0025,7.6521,4.0012
139.976,4.0025,7.6521,4.0012
139.984,4.0025,7.6521,4.0012
139.993,4.0025,7.6521,4.0012
140.001,4.0025,7.6521,4.0012
140.008,4.0025,7.6521,4.0012
140.017,4.0025,7.6521,4.0012
140.024,4.0025,7.6521,4.0012
140.033,4.0025,7.6521,4.0012
140.040,4.0025,7.6521,4.0012
140.050,4.0025,7.6521,4.0012
140.058,4.0025,7.6521,4.0012
140.067,4.0025,7.6521,4.0012
140.076,4.0025,7.6521,4.0012
140.083,4.0025,7.6521,4.0012
140.090,4.0025,7.6521,4.0012
140.100,4.0025,7.6521,4.0012
140.107,4.0025,7.6521,4.0012
140.115,4.0025,7.6521,4.0012
140.122,4.0025,7.6521,4.0012
140.130,4.0025,7.6521,4.0012
140.139,4.0025,7.6521,4.0012
140.147,4.0025,7.6521,4.0012
140.155,4.0025,7.6521,4.0012
140.163,4.0025,7.6521,4.0012
140.171,4.0025,7.6521,4.0012
140.180,4.0025,7.6521,4.0012
140.188,4.0025,7.6521,4.0012
140.196,4.0025,7.6521,4.0012
140.204,4.0025,7.6521,4.0012
140.211,4.0025,7.6521,4.0012
140.220,4.0025,7.6521,4.0012
140.230,4.0025,7.6521,4.0012
140.239,4.0025,7.6521,4.0012
140.248,4.0025,7.6521,4.0012
140.256,4.0025,7.6521,4.0012
140.264,4.0025,7.6521,4.0012
140.270,4.0025,7.6521,4.0012
140.279,4.0025,7.6521,4.0012
140.286,4.0025,7.6521,4.0012
140.296,4.0025,7.6521,4.0012
140.303,4.0025,7.6521,4.0012
140.311,4.0025,7.6521,4.0012
140.320,4.0025,7.6521,4.0012
140.328,4.0025,7.6521,4.0012
140.338,4.0025,7.6521,4.0012
140.346,4.0025,7.6521,4.0012
140.355,4.0025,7.6521,4.0012
140.362,4.0025,7.6521,4.0012
140.370,4.0025,7.6521,4.0012
140.378,4.0025,7.6521,4.0012
140.387,4.0025,7.6521,4.0012
140.395,4.0025,7.6521,4.0012
140.403,4.0025,7.6521,4.0012
140.412,4.0025,7.6521,4.0012
140.420,4.0025,7.6521,4.0012
140.430,4.0025,7.6521,4.0012
140.443,4.0025,7.6521,4.0012
140.457,4.0025,7.6521,4.0012
140.469,4.0025,7.6522,4.0012
140.480,4.0025,7.6522,4.0012
140.488,4.0025,7.6522,4.0012
140.500,4.0025,7.6522,4.0012
140.508,4.0025,7.6523,4.0012
140.520,4.0025,7.6523,4.0012
140.528,4.0025,7.6523,4.0012
140.538,4.0025,7.6523,4.0012
140.546,4.0025,7.6524,4.0012
140.556,4.0025,7.6524,4.0012
140.566,4.0025,7.6525,4.0012
140.575,4.0025,7.6525,4.0012
140.584,4.0025,7.6525,4.0012
140.594,4.0025,7.6525,4.0012
140.602,4.0025,7.6525,4.0012
140.609,4.0025,7.6528,4.0012
140.620,4.0025,7.6528,4.0012
140.629,4.0025,7.6530,4.0012
140.639,4.0025,7.6530,4.0012
140.649,4.0025,7.6533,4.0012
140.659,4.0025,7.6533,4.0012
140.668,4.0025,7.6535,4.0012
140.678,4.0025,7.6535,4.0012
140.686,4.0025,7.6538,4.0012
140.696,4.0025,7.6538,4.0012
140.704,4.0025,7.6541,4.0012
140.715,4.0025,7.6541,4.0012
140.722,4.0025,7.6541,4.0012
140.732,4.0025,7.6544,4.0012
140.742,4.0025,7.6544,4.0012
140.750,4.0025,7.6548,4.0012
140.760,4.0025,7.6548,4.0012
140.769,4.0025,7.6551,4.0012
140.779,4.0025,7.6551,4.0012
140.787,4.0025,7.6559,4.0012
140.799,4.0025,7.6559,4.0012
140.807,4.0025,7.6566,4.0012
140.818,4.0025,7.6566,4.0012
140.826,4.0025,7.6574,4.0012
140.837,4.0025,7.6574,4.0012
140.847,4.0025,7.6582,4.0012
140.858,4.0025,7.6582,4.0012
140.867,4.0025,7.6591,4.0012
140.877,4.0025,7.6591,4.0012
140.885,4.0025,7.6600,4.0012
140.895,4.0025,7.6600,4.0012
140.904,4.0025,7.6608,4.0012
140.914,4.0025,7.6608,4.0012
140.922,4.0025,7.6608,4.0012
140.930,4.0025,7.6618,4.0012
140.940,4.0025,7.6618,4.0012
140.948,4.0025,7.6627,4.0012
140.958,4.0025,7.6627,4.0012
140.967,4.0025,7.6637,4.0012
140.976,4.0025,7.6637,4.0012
140.984,4.0025,7.6646,4.0012
140.992,4.0025,7.6646,4.0012
141.001,4.0025,7.6646,4.0012
141.007,4.0025,7.6657,4.0012
141.017,4.0025,7.6657,4.0012
141.023,4.0025,7.6657,4.0012
141.031,4.0025,7.6677,4.0012
141.040,4.0025,7.6677,4.0012
141.048,4.0025,7.6698,4.0012
141.058,4.0025,7.6698,4.0012
141.066,4.0025,7.6720,4.0012
141.076,4.0025,7.6720,4.0012
141.084,4.0025,7.6720,4.0012
141.091,4.0025,7.6741,4.0012
141.102,4.0025,7.6741,4.0012
141.109,4.0025,7.6763,4.0012
141.118,4.0025,7.6763,4.0012
141.128,4.0025,7.6785,4.0012
141.139,4.0025,7.6785,4.0012
141.145,4.0025,7.6808,4.0012
141.155,4.0025,7.6808,4.0012
141.163,4.0025,7.6808,4.0012
141.170,4.0025,7.6830,4.0012
141.179,4.0025,7.6830,4.0012
141.187,4.0025,7.6853,4.0012
141.198,4.0025,7.6853,4.0012
141.205,4.0025,7.6876,4.0012
141.215,4.0025,7.6876,4.0012
141.223,4.0025,7.6876,4.0012
141.231,4.0025,7.6900,4.0012
141.241,4.0025,7.6900,4.0012
141.250,4.0025,7.6923,4.0012
141.261,4.0025,7.6923,4.0012
141.269,4.0025,7.6947,4.0012
141.278,4.0025,7.6947,4.0012
141.286,4.0025,7.6971,4.0012
141.295,4.0025,7.6971,4.0012
141.303,4.0025,7.6971,4.0012
141.311,4.0025,7.6995,4.0012
141.321,4.0025,7.6995,4.0012
141.329,4.0025,7.7020,4.0012
141.339,4.0025,7.7020,4.0012
141.347,4.0025,7.7045,4.0012
141.356,4.0025,7.7045,4.0012
141.365,4.0025,7.7070,4.0012
141.376,4.0025,7.7070,4.0012
141.384,4.0025,7.7070,4.0012
141.390,4.0025,7.7095,4.0012
141.402,4.0025,7.7095,4.0012
141.409,4.0025,7.7120,4.0012
141.420,4.0025,7.7120,4.0012
141.427,4.0025,7.7146,4.0012
141.439,4.0025,7.7146,4.0012
141.447,4.0025,7.7171,4.0012
141.456,4.0025,7.7171,4.0012
141.464,4.0025,7.7197,4.0012
141.474,4.0025,7.7197,4.0012
141.482,4.0025,7.7197,4.0012
141.488,4.0025,7.7223,4.0012
141.499,4.0025,7.7223,4.0012
141.506,4.0025,7.7249,4.0012
141.516,4.0025,7.7249,4.0012
141.524,4.0025,7.7249,4.0012
141.531,4.0025,7.7275,4.0012
141.541,4.0025,7.7275,4.0012
141.549,4.0025,7.7301,4.0012
141.560,4.0025,7.7301,4.0012
141.567,4.0025,7.7327,4.0012
141.576,4.0025,7.7327,4.0012
141.583,4.0025,7.7327,4.0012
141.591,4.0025,7.7353,4.0012
141.600,4.0025,7.7353,4.0012
141.607,4.0025,7.7379,4.0012
141.617,4.0025,7.7379,4.0012
141.624,4.0025,7.7405,4.0012
141.634,4.0025,7.7405,4.0012
141.641,4.0025,7.7405,4.0012
141.648,4.0025,7.7431,4.0012
141.656,4.0025,7.7431,4.0012
141.665,4.0025,7.7458,4.0012
141.675,4.0025,7.7458,4.0012
141.684,4.0025,7.7458,4.0012
141.691,4.0025,7.7484,4.0012
141.701,4.0025,7.7484,4.0012
141.709,4.0025,7.7510,4.0012
141.718,4.0025,7.7510,4.0012
141.726,4.0025,7.7537,4.0012
141.736,4.0025,7.7537,4.0012
141.744,4.0025,7.7537,4.0012
141.752,4.0025,7.7563,4.0012
141.762,4.0025,7.7563,4.0012
141.770,4.0025,7.7590,4.0012
141.780,4.0025,7.7590,4.0012
141.788,4.0025,7.7616,4.0012
141.799,4.0025,7.7616,4.0012
141.806,4.0025,7.7643,4.0012
141.816,4.0025,7.7643,4.0012
141.824,4.0025,7.7643,4.0012
141.832,4.0025,7.7670,4.0012
141.842,4.0025,7.7670,4.0012
141.851,4.0025,7.7696,4.0012
141.861,4.0025,7.7696,4.0012
141.870,4.0025,7.7723,4.0012
141.879,4.0025,7.7723,4.0012
141.887,4.0025,7.7749,4.0012
141.898,4.0025,7.7749,4.0012
141.906,4.0025,7.7776,4.0012
141.917,4.0025,7.7776,4.0012
141.924,4.0025,7.7803,4.0012
141.934,4.0025,7.7803,4.0012
141.942,4.0025,7.7803,4.0012
141.951,4.0025,7.7829,4.0012
141.959,4.0025,7.7829,4.0012
141.969,4.0025,7.7856,4.0012
141.979,4.0025,7.7856,4.0012
141.987,4.0025,7.7883,4.0012
141.996,4.0025,7.7883,4.0012
142.005,4.0025,7.7909,4.0012
142.014,4.0025,7.7909,4.0012
142.022,4.0025,7.7909,4.0012
142.030,4.0025,7.7936,4.0012
142.040,4.0025,7.7936,4.0012
142.047,4.0025,7.7963,4.0012
142.055,4.0025,7.7963,4.0012
142.064,4.0025,7.7989,4.0012
142.073,4.0025,7.7989,4.0012
142.081,4.0025,7.7989,4.0012
142.088,4.0025,7.8016,4.0012
142.098,4.0025,7.8016,4.0012
142.106,4.0025,7.8043,4.0012
142.116,4.0025,7.8043,4.0012
142.123,4.0025,7.8043,4.0012
142.132,4.0025,7.8069,4.0012
142.141,4.0025,7.8069,4.0012
142.149,4.0025,7.8096,4.0012
142.156,4.0025,7.8096,4.0012
142.164,4.0025,7.8123,4.0012
142.173,4.0025,7.8123,4.0012
142.181,4.0025,7.8123,4.0012
142.188,4.0025,7.8149,4.0012
142.197,4.0025,7.8149,4.0012
142.204,4.0025,7.8176,4.0012
142.213,4.0025,7.8176,4.0012
142.220,4.0025,7.8176,4.0012
142.228,4.0025,7.8203,4.0012
142.237,4.0025,7.8203,4.0012
142.244,4.0025,7.8203,4.0012
142.251,4.0025,7.8229,4.0012
142.260,4.0025,7.8229,4.0012
142.266,4.0025,7.8256,4.0012
142.275,4.0025,7.8256,4.0012
142.283,4.0025,7.8256,4.0012
142.289,4.0025,7.8283,4.0012
142.299,4.0025,7.8283,4.0012
142.305,4.0025,7.8309,4.0012
142.314,4.0025,7.8309,4.0012
142.320,4.0025,7.8309,4.0012
142.328,4.0025,7.8336,4.0012
142.336,4.0025,7.8336,4.0012
142.343,4.0025,7.8336,4.0012
142.351,4.0025,7.8363,4.0012
142.359,4.0025,7.8363,4.0012
142.367,4.0025,7.8389,4.0012
142.376,4.0025,7.8389,4.0012
142.383,4.0025,7.8389,4.0012
142.390,4.0025,7.8416,4.0012
142.398,4.0025,7.8416,4.0012
142.405,4.0025,7.8443,4.0012
142.415,4.0025,7.8443,4.0012
142.423,4.0025,7.8443,4.0012
142.431,4.0025,7.8469,4.0012
142.440,4.0025,7.8469,4.0012
142.447,4.0025,7.8496,4.0012
142.466,4.0025,7.8523,4.0012
142.475,4.0025,7.8523,4.0012
142.482,4.0025,7.8523,4.0012
142.490,4.0025,7.8549,4.0012
142.498,4.0025,7.8549,4.0012
142.505,4.0025,7.8576,4.0012
142.514,4.0025,7.8576,4.0012
142.521,4.0025,7.8576,4.0012
142.528,4.0025,7.8603,4.0012
142.537,4.0025,7.8603,4.0012
142.543,4.0025,7.8603,4.0012
142.552,4.0025,7.8629,4.0012
142.561,4.0025,7.8629,4.0012
142.569,4.0025,7.8656,4.0012
142.576,4.0025,7.8656,4.0012
142.585,4.0025,7.8683,4.0012
142.594,4.0025,7.8683,4.0012
142.601,4.0025,7.8683,4.0012
142.607,4.0025,7.8709,4.0012
142.616,4.0025,7.8709,4.0012
142.622,4.0025,7.8709,4.0012
142.630,4.0025,7.8736,4.0012
142.637,4.0025,7.8736,4.0012
142.646,4.0025,7.8763,4.0012
142.654,4.0025,7.8763,4.0012
142.662,4.0025,7.8763,4.0012
142.669,4.0025,7.8789,4.0012
142.679,4.0025,7.8789,4.0012
142.686,4.0025,7.8816,4.0012
142.696,4.0025,7.8816,4.0012
142.703,4.0025,7.8816,4.0012
142.712,4.0025,7.8843,4.0012
142.720,4.0025,7.8843,4.0012
142.728,4.0025,7.8869,4.0012
142.737,4.0025,7.8869,4.0012
142.744,4.0025,7.8896,4.0012
142.751,4.0025,7.8896,4.0012
142.758,4.0025,7.8896,4.0012
142.767,4.0025,7.8923,4.0012
142.775,4.0025,7.8923,4.0012
142.782,4.0025,7.8923,4.0012
142.790,4.0025,7.8949,4.0012
142.800,4.0025,7.8949,4.0012
142.807,4.0025,7.8976,4.0012
142.817,4.0025,7.8976,4.0012
142.824,4.0025,7.8976,4.0012
142.831,4.0025,7.9003,4.0012
142.840,4.0025,7.9003,4.0012
142.847,4.0025,7.9029,4.0012
142.855,4.0025,7.9029,4.0012
142.863,4.0025,7.9029,4.0012
142.870,4.0025,7.9056,4.0012
142.879,4.0025,7.9056,4.0012
142.886,4.0025,7.9083,4.0012
142.895,4.0025,7.9083,4.0012
142.902,4.0025,7.9083,4.0012
142.909,4.0025,7.9109,4.0012
142.919,4.0025,7.9109,4.0012
142.926,4.0025,7.9136,4.0012
142.936,4.0025,7.9136,4.0012
142.944,4.0025,7.9136,4.0012
142.952,4.0025,7.9163,4.0012
142.962,4.0025,7.9163,4.0012
142.971,4.0025,7.9189,4.0012
142.980,4.0025,7.9189,4.0012
142.987,4.0025,7.9216,4.0012
142.997,4.0025,7.9216,4.0012
143.005,4.0025,7.9243,4.0012
143.015,4.0025,7.9243,4.0012
143.022,4.0025,7.9243,4.0012
143.030,4.0025,7.9269,4.0012
143.040,4.0025,7.9269,4.0012
143.048,4.0025,7.9296,4.0012
143.056,4.0025,7.9296,4.0012
143.065,4.0025,7.9323,4.0012
143.074,4.0025,7.9323,4.0012
143.082,4.0025,7.9323,4.0012
143.089,4.0025,7.9349,4.0012
143.099,4.0025,7.9349,4.0012
143.106,4.0025,7.9376,4.0012
143.116,4.0025,7.9376,4.0012
143.123,4.0025,7.9376,4.0012
143.131,4.0025,7.9403,4.0012
143.142,4.0025,7.9403,4.0012
143.151,4.0025,7.9429,4.0012
143.161,4.0025,7.9429,4.0012
143.169,4.0025,7.9456,4.0012
143.179,4.0025,7.9456,4.0012
143.188,4.0025,7.9483,4.0012
143.198,4.0025,7.9483,4.0012
143.205,4.0025,7.9509,4.0012
143.214,4.0025,7.9509,4.0012
143.221,4.0025,7.9509,4.0012
143.228,4.0025,7.9536,4.0012
143.237,4.0025,7.9536,4.0012
143.244,4.0025,7.9563,4.0012
143.254,4.0025,7.9563,4.0012
143.261,4.0025,7.9563,4.0012
143.270,4.0025,7.9589,4.0012
143.279,4.0025,7.9589,4.0012
143.286,4.0025,7.9616,4.0012
143.295,4.0025,7.9616,4.0012
143.305,4.0025,7.9643,4.0012
143.314,4.0025,7.9643,4.0012
143.321,4.0025,7.9643,4.0012
143.330,4.0025,7.9669,4.0012
143.340,4.0025,7.9669,4.0012
143.347,4.0025,7.9696,4.0012
143.356,4.0025,7.9696,4.0012
143.365,4.0025,7.9723,4.0012
143.374,4.0025,7.9723,4.0012
143.382,4.0025,7.9723,4.0012
143.391,4.0025,7.9749,4.0012
143.401,4.0025,7.9749,4.0012
143.408,4.0025,7.9776,4.0012
143.417,4.0025,7.9776,4.0012
143.423,4.0025,7.9776,4.0012
143.432,4.0025,7.9803,4.0012
143.439,4.0025,7.9803,4.0012
143.447,4.0025,7.9829,4.0012
143.454,4.0025,7.9829,4.0012
143.462,4.0025,7.9829,4.0012
143.469,4.0025,7.9856,4.0012
143.477,4.0025,7.9856,4.0012
143.485,4.0025,7.9883,4.0012
143.493,4.0025,7.9883,4.0012
143.500,4.0025,7.9883,4.0012
143.506,4.0025,7.9909,4.0012
143.514,4.0025,7.9909,4.0012
143.521,4.0025,7.9909,4.0012
143.528,4.0025,7.9936,4.0012
143.536,4.0025,7.9936,4.0012
143.543,4.0025,7.9936,4.0012
143.550,4.0025,7.9963,4.0012
143.558,4.0025,7.9963,4.0012
143.566,4.0025,7.9989,4.0012
143.574,4.0025,7.9989,4.0012
143.582,4.0025,7.9989,4.0012
143.589,4.0025,8.0016,4.0012
143.599,4.0025,8.0016,4.0012
143.607,4.0025,8.0043,4.0012
143.617,4.0025,8.0043,4.0012
143.624,4.0025,8.0043,4.0012
143.631,4.0025,8.0069,4.0012
143.640,4.0025,8.0069,4.0012
143.648,4.0025,8.0096,4.0012
143.657,4.0025,8.0096,4.0012
143.663,4.0025,8.0096,4.0012
143.672,4.0025,8.0123,4.0012
143.683,4.0025,8.0123,4.0012
143.690,4.0025,8.0149,4.0012
143.700,4.0025,8.0149,4.0012
143.707,4.0025,8.0176,4.0012
143.717,4.0025,8.0176,4.0012
143.723,4.0025,8.0176,4.0012
143.731,4.0025,8.0203,4.0012
143.739,4.0025,8.0203,4.0012
143.748,4.0025,8.0229,4.0012
143.755,4.0025,8.0229,4.0012
143.763,4.0025,8.0229,4.0012
143.770,4.0025,8.0256,4.0012
143.781,4.0025,8.0256,4.0012
143.788,4.0025,8.0283,4.0012
143.797,4.0025,8.0283,4.0012
143.805,4.0025,8.0309,4.0012
143.816,4.0025,8.0309,4.0012
143.824,4.0025,8.0336,4.0012
143.833,4.0025,8.0336,4.0012
143.841,4.0025,8.0336,4.0012
143.848,4.0025,8.0363,4.0012
143.857,4.0025,8.0363,4.0012
143.864,4.0025,8.0363,4.0012
143.873,4.0025,8.0389,4.0012
143.883,4.0025,8.0389,4.0012
143.890,4.0025,8.0416,4.0012
143.899,4.0025,8.0416,4.0012
143.906,4.0025,8.0443,4.0012
143.915,4.0025,8.0443,4.0012
143.921,4.0025,8.0443,4.0012
143.928,4.0025,8.0469,4.0012
143.937,4.0025,8.0469,4.0012
143.944,4.0025,8.0496,4.0012
143.953,4.0025,8.0496,4.0012
143.960,4.0025,8.0496,4.0012
143.968,4.0025,8.0523,4.0012
143.975,4.0025,8.0523,4.0012
143.983,4.0025,8.0523,4.0012
143.989,4.0025,8.0549,4.0012
143.998,4.0025,8.0549,4.0012
144.005,4.0025,8.0576,4.0012
144.014,4.0025,8.0576,4.0012
144.021,4.0025,8.0576,4.0012
144.028,4.0025,8.0603,4.0012
144.036,4.0025,8.0603,4.0012
144.043,4.0025,8.0603,4.0012
144.051,4.0025,8.0629,4.0012
144.060,4.0025,8.0629,4.0012
144.068,4.0025,8.0656,4.0012
144.076,4.0025,8.0656,4.0012
144.083,4.0025,8.0656,4.0012
144.090,4.0025,8.0683,4.0012
144.099,4.0025,8.0683,4.0012
144.107,4.0025,8.0709,4.0012
144.116,4.0025,8.0709,4.0012
144.123,4.0025,8.0709,4.0012
144.130,4.0025,8.0736,4.0012
144.139,4.0025,8.0736,4.0012
144.146,4.0025,8.0763,4.0012
144.155,4.0025,8.0763,4.0012
144.163,4.0025,8.0763,4.0012
144.170,4.0025,8.0789,4.0012
144.178,4.0025,8.0789,4.0012
144.187,4.0025,8.0816,4.0012
144.195,4.0025,8.0816,4.0012
144.203,4.0025,8.0816,4.0012
144.211,4.0025,8.0843,4.0012
144.220,4.0025,8.0843,4.0012
144.227,4.0025,8.0869,4.0012
144.237,4.0025,8.0869,4.0012
144.245,4.0025,8.0896,4.0012
144.253,4.0025,8.0896,4.0012
144.262,4.0025,8.0896,4.0012
144.270,4.0025,8.0923,4.0012
144.280,4.0025,8.0923,4.0012
144.288,4.0025,8.0949,4.0012
144.297,4.0025,8.0949,4.0012
144.305,4.0025,8.0976,4.0012
144.314,4.0025,8.0976,4.0012
144.322,4.0025,8.0976,4.0012
144.329,4.0025,8.1003,4.0012
144.339,4.0025,8.1003,4.0012
144.346,4.0025,8.1029,4.0012
144.355,4.0025,8.1029,4.0012
144.362,4.0025,8.1029,4.0012
144.371,4.0025,8.1056,4.0012
144.379,4.0025,8.1056,4.0012
144.387,4.0025,8.1083,4.0012
144.396,4.0025,8.1083,4.0012
144.404,4.0025,8.1109,4.0012
144.415,4.0025,8.1109,4.0012
144.423,4.0025,8.1109,4.0012
144.433,4.0025,8.1136,4.0012
144.441,4.0025,8.1136,4.0012
144.450,4.0025,8.1163,4.0012
144.458,4.0025,8.1163,4.0012
144.467,4.0025,8.1189,4.0012
144.476,4.0025,8.1189,4.0012
144.483,4.0025,8.1189,4.0012
144.491,4.0025,8.1216,4.0012
144.500,4.0025,8.1216,4.0012
144.508,4.0025,8.1243,4.0012
144.517,4.0025,8.1243,4.0012
144.524,4.0025,8.1269,4.0012
144.533,4.0025,8.1269,4.0012
144.541,4.0025,8.1269,4.0012
144.548,4.0025,8.1296,4.0012
144.557,4.0025,8.1296,4.0012
144.565,4.0025,8.1323,4.0012
144.583,4.0025,8.1323,4.0012
144.592,4.0025,8.1349,4.0012
144.602,4.0025,8.1349,4.0012
144.610,4.0025,8.1376,4.0012
144.619,4.0025,8.1376,4.0012
144.627,4.0025,8.1403,4.0012
144.636,4.0025,8.1403,4.0012
144.644,4.0025,8.1403,4.0012
144.651,4.0025,8.1429,4.0012
144.658,4.0025,8.1429,4.0012
144.667,4.0025,8.1456,4.0012
144.675,4.0025,8.1456,4.0012
144.683,4.0025,8.1456,4.0012
144.689,4.0025,8.1483,4.0012
144.699,4.0025,8.1483,4.0012
144.705,4.0025,8.1509,4.0012
144.714,4.0025,8.1509,4.0012
144.720,4.0025,8.1509,4.0012
144.728,4.0025,8.1536,4.0012
144.737,4.0025,8.1536,4.0012
144.744,4.0025,8.1563,4.0012
144.753,4.0025,8.1563,4.0012
144.761,4.0025,8.1563,4.0012
144.767,4.0025,8.1589,4.0012
144.776,4.0025,8.1589,4.0012
144.783,4.0025,8.1589,4.0012
144.792,4.0025,8.1616,4.0012
144.801,4.0025,8.1616,4.0012
144.808,4.0025,8.1643,4.0012
144.816,4.0025,8.1643,4.0012
144.823,4.0025,8.1643,4.0012
144.830,4.0025,8.1669,4.0012
144.838,4.0025,8.1669,4.0012
144.845,4.0025,8.1696,4.0012
144.854,4.0025,8.1696,4.0012
144.861,4.0025,8.1696,4.0012
144.868,4.0025,8.1723,4.0012
144.877,4.0025,8.1723,4.0012
144.886,4.0025,8.1749,4.0012
144.894,4.0025,8.1749,4.0012
144.903,4.0025,8.1749,4.0012
144.910,4.0025,8.1776,4.0012
144.918,4.0025,8.1776,4.0012
144.925,4.0025,8.1803,4.0012
144.935,4.0025,8.1803,4.0012
144.942,4.0025,8.1803,4.0012
144.949,4.0025,8.1829,4.0012
144.956,4.0025,8.1829,4.0012
144.965,4.0025,8.1856,4.0012
144.973,4.0025,8.1856,4.0012
144.980,4.0025,8.1856,4.0012
144.988,4.0025,8.1883,4.0012
144.998,4.0025,8.1883,4.0012
145.006,4.0025,8.1909,4.0012
145.013,4.0025,8.1909,4.0012
145.021,4.0025,8.1909,4.0012
145.029,4.0025,8.1936,4.0012
145.038,4.0025,8.1936,4.0012
145.046,4.0025,8.1962,4.0012
145.054,4.0025,8.1962,4.0012
145.062,4.0025,8.1962,4.0012
145.069,4.0025,8.1989,4.0012
145.078,4.0025,8.1989,4.0012
145.085,4.0025,8.2016,4.0012
145.093,4.0025,8.2016,4.0012
145.100,4.0025,8.2016,4.0012
145.107,4.0025,8.2042,4.0012
145.115,4.0025,8.2042,4.0012
145.121,4.0025,8.2042,4.0012
145.129,4.0025,8.2069,4.0012
145.136,4.0025,8.2069,4.0012
145.143,4.0025,8.2069,4.0012
145.150,4.0025,8.2096,4.0012
145.159,4.0025,8.2096,4.0012
145.167,4.0025,8.2123,4.0012
145.175,4.0025,8.2123,4.0012
145.182,4.0025,8.2123,4.0012
145.189,4.0025,8.2149,4.0012
145.198,4.0025,8.2149,4.0012
145.205,4.0025,8.2176,4.0012
145.214,4.0025,8.2176,4.0012
145.220,4.0025,8.2176,4.0012
145.226,4.0025,8.2202,4.0012
145.235,4.0025,8.2202,4.0012
145.243,4.0025,8.2202,4.0012
145.251,4.0025,8.2229,4.0012
145.258,4.0025,8.2229,4.0012
145.266,4.0025,8.2256,4.0012
145.274,4.0025,8.2256,4.0012
145.281,4.0025,8.2256,4.0012
145.289,4.0025,8.2282,4.0012
145.298,4.0025,8.2282,4.0012
145.306,4.0025,8.2309,4.0012
145.316,4.0025,8.2309,4.0012
145.322,4.0025,8.2309,4.0012
145.331,4.0025,8.2336,4.0012
145.338,4.0025,8.2336,4.0012
145.346,4.0025,8.2362,4.0012
145.354,4.0025,8.2362,4.0012
145.362,4.0025,8.2362,4.0012
145.368,4.0025,8.2389,4.0012
145.377,4.0025,8.2389,4.0012
145.385,4.0025,8.2416,4.0012
145.394,4.0025,8.2416,4.0012
145.400,4.0025,8.2416,4.0012
145.408,4.0025,8.2442,4.0012
145.418,4.0025,8.2442,4.0012
145.425,4.0025,8.2469,4.0012
145.434,4.0025,8.2469,4.0012
145.442,4.0025,8.2469,4.0012
145.450,4.0025,8.2496,4.0012
145.458,4.0025,8.2496,4.0012
145.466,4.0025,8.2522,4.0012
145.475,4.0025,8.2522,4.0012
145.484,4.0025,8.2522,4.0012
145.490,4.0025,8.2549,4.0012
145.500,4.0025,8.2549,4.0012
145.507,4.0025,8.2576,4.0012
145.518,4.0025,8.2576,4.0012
145.525,4.0025,8.2602,4.0012
145.534,4.0025,8.2602,4.0012
145.542,4.0025,8.2602,4.0012
145.549,4.0025,8.2629,4.0012
145.558,4.0025,8.2629,4.0012
145.566,4.0025,8.2656,4.0012
145.576,4.0025,8.2656,4.0012
145.583,4.0025,8.2656,4.0012
145.590,4.0025,8.2682,4.0012
145.600,4.0025,8.2682,4.0012
145.608,4.0025,8.2709,4.0012
145.617,4.0025,8.2709,4.0012
145.624,4.0025,8.2709,4.0012
145.632,4.0025,8.2736,4.0012
145.642,4.0025,8.2736,4.0012
145.649,4.0025,8.2762,4.0012
145.659,4.0025,8.2762,4.0012
145.668,4.0025,8.2789,4.0012
145.677,4.0025,8.2789,4.0012
145.685,4.0025,8.2816,4.0012
145.693,4.0025,8.2816,4.0012
145.702,4.0025,8.2816,4.0012
145.708,4.0025,8.2842,4.0012
145.717,4.0025,8.2842,4.0012
145.724,4.0025,8.2869,4.0012
145.734,4.0025,8.2869,4.0012
145.741,4.0025,8.2869,4.0012
145.750,4.0025,8.2896,4.0012
145.757,4.0025,8.2896,4.0012
145.767,4.0025,8.2922,4.0012
145.776,4.0025,8.2922,4.0012
145.784,4.0025,8.2949,4.0012
145.794,4.0025,8.2949,4.0012
145.801,4.0025,8.2949,4.0012
145.809,4.0025,8.2976,4.0012
145.817,4.0025,8.2976,4.0012
145.825,4.0025,8.3002,4.0012
145.835,4.0025,8.3002,4.0012
145.843,4.0025,8.3002,4.0012
145.850,4.0025,8.3029,4.0012
145.859,4.0025,8.3029,4.0012
145.868,4.0025,8.3056,4.0012
145.877,4.0025,8.3056,4.0012
145.886,4.0025,8.3082,4.0012
145.894,4.0025,8.3082,4.0012
145.902,4.0025,8.3082,4.0012
145.909,4.0025,8.3109,4.0012
145.917,4.0025,8.3109,4.0012
145.924,4.0025,8.3136,4.0012
145.933,4.0025,8.3136,4.0012
145.940,4.0025,8.3136,4.0012
145.947,4.0025,8.3162,4.0012
145.955,4.0025,8.3162,4.0012
145.962,4.0025,8.3162,4.0012
145.968,4.0025,8.3189,4.0012
145.977,4.0025,8.3189,4.0012
145.985,4.0025,8.3216,4.0012
145.993,4.0025,8.3216,4.0012
146.001,4.0025,8.3216,4.0012
146.008,4.0025,8.3242,4.0012
146.018,4.0025,8.3242,4.0012
146.026,4.0025,8.3269,4.0012
146.034,4.0025,8.3269,4.0012
146.041,4.0025,8.3269,4.0012
146.048,4.0025,8.3296,4.0012
146.057,4.0025,8.3296,4.0012
146.066,4.0025,8.3322,4.0012
146.075,4.0025,8.3322,4.0012
146.082,4.0025,8.3322,4.0012
146.090,4.0025,8.3349,4.0012
146.098,4.0025,8.3349,4.0012
146.105,4.0025,8.3376,4.0012
146.114,4.0025,8.3376,4.0012
146.121,4.0025,8.3376,4.0012
146.128,4.0025,8.3402,4.0012
146.137,4.0025,8.3402,4.0012
146.146,4.0025,8.3429,4.0012
146.155,4.0025,8.3429,4.0012
146.161,4.0025,8.3429,4.0012
146.171,4.0025,8.3456,4.0012
146.180,4.0025,8.3456,4.0012
146.187,4.0025,8.3482,4.0012
146.194,4.0025,8.3482,4.0012
146.203,4.0025,8.3482,4.0012
146.210,4.0025,8.3509,4.0012
146.219,4.0025,8.3509,4.0012
146.225,4.0025,8.3536,4.0012
146.235,4.0025,8.3536,4.0012
146.243,4.0025,8.3536,4.0012
146.249,4.0025,8.3562,4.0012
146.257,4.0025,8.3562,4.0012
146.265,4.0025,8.3589,4.0012
146.273,4.0025,8.3589,4.0012
146.280,4.0025,8.3589,4.0012
146.286,4.0025,8.3616,4.0012
146.294,4.0025,8.3616,4.0012
146.303,4.0025,8.3616,4.0012
146.310,4.0025,8.3642,4.0012
146.318,4.0025,8.3642,4.0012
146.325,4.0025,8.3669,4.0012
146.335,4.0025,8.3669,4.0012
146.340,4.0025,8.3669,4.0012
146.347,4.0025,8.3696,4.0012
146.355,4.0025,8.3696,4.0012
146.362,4.0025,8.3696,4.0012
146.369,4.0025,8.3722,4.0012
146.377,4.0025,8.3722,4.0012
146.385,4.0025,8.3749,4.0012
146.394,4.0025,8.3749,4.0012
146.401,4.0025,8.3749,4.0012
146.408,4.0025,8.3776,4.0012
146.417,4.0025,8.3776,4.0012
146.423,4.0025,8.3776,4.0012
146.431,4.0025,8.3802,4.0012
146.437,4.0025,8.3802,4.0012
146.444,4.0025,8.3802,4.0012
146.452,4.0025,8.3829,4.0012
146.461,4.0025,8.3829,4.0012
146.469,4.0025,8.3856,4.0012
146.479,4.0025,8.3856,4.0012
146.487,4.0025,8.3882,4.0012
146.499,4.0025,8.3882,4.0012
146.507,4.0025,8.3909,4.0012
146.517,4.0025,8.3909,4.0012
146.525,4.0025,8.3936,4.0012
146.535,4.0025,8.3936,4.0012
146.542,4.0025,8.3936,4.0012
146.549,4.0025,8.3962,4.0012
146.556,4.0025,8.3962,4.0012
146.563,4.0025,8.3962,4.0012
146.571,4.0025,8.3989,4.0012
146.579,4.0025,8.3989,4.0012
146.586,4.0025,8.4016,4.0012
146.594,4.0025,8.4016,4.0012
146.602,4.0025,8.4016,4.0012
146.608,4.0025,8.4042,4.0012
146.617,4.0025,8.4042,4.0012
146.623,4.0025,8.4042,4.0012
146.632,4.0025,8.4069,4.0012
146.639,4.0025,8.4069,4.0012
146.655,4.0025,8.4096,4.0012
146.664,4.0025,8.4122,4.0012
146.673,4.0025,8.4122,4.0012
146.680,4.0025,8.4122,4.0012
146.687,4.0025,8.4149,4.0012
146.697,4.0025,8.4149,4.0012
146.704,4.0025,8.4176,4.0012
146.713,4.0025,8.4176,4.0012
146.720,4.0025,8.4176,4.0012
146.728,4.0025,8.4202,4.0012
146.737,4.0025,8.4202,4.0012
146.745,4.0025,8.4229,4.0012
146.754,4.0025,8.4229,4.0012
146.762,4.0025,8.4229,4.0012
146.770,4.0025,8.4256,4.0012
146.780,4.0025,8.4256,4.0012
146.788,4.0025,8.4282,4.0012
146.796,4.0025,8.4282,4.0012
146.804,4.0025,8.4282,4.0012
146.811,4.0025,8.4309,4.0012
146.821,4.0025,8.4309,4.0012
146.829,4.0025,8.4336,4.0012
146.839,4.0025,8.4336,4.0012
146.848,4.0025,8.4362,4.0012
146.856,4.0025,8.4362,4.0012
146.865,4.0025,8.4389,4.0012
146.873,4.0025,8.4389,4.0012
146.881,4.0025,8.4389,4.0012
146.888,4.0025,8.4416,4.0012
146.898,4.0025,8.4416,4.0012
146.906,4.0025,8.4442,4.0012
146.916,4.0025,8.4442,4.0012
146.923,4.0025,8.4442,4.0012
146.934,4.0025,8.4469,4.0012
146.943,4.0025,8.4469,4.0012
146.952,4.0025,8.4496,4.0012
146.960,4.0025,8.4496,4.0012
146.967,4.0025,8.4522,4.0012
146.977,4.0025,8.4522,4.0012
146.984,4.0025,8.4549,4.0012
146.995,4.0025,8.4549,4.0012
147.003,4.0025,8.4549,4.0012
147.010,4.0025,8.4576,4.0012
147.019,4.0025,8.4576,4.0012
147.027,4.0025,8.4602,4.0012
147.036,4.0025,8.4602,4.0012
147.043,4.0025,8.4602,4.0012
147.051,4.0025,8.4629,4.0012
147.060,4.0025,8.4629,4.0012
147.068,4.0025,8.4656,4.0012
147.076,4.0025,8.4656,4.0012
147.084,4.0025,8.4682,4.0012
147.094,4.0025,8.4682,4.0012
147.102,4.0025,8.4682,4.0012
147.110,4.0025,8.4709,4.0012
147.119,4.0025,8.4709,4.0012
147.127,4.0025,8.4736,4.0012
147.136,4.0025,8.4736,4.0012
147.143,4.0025,8.4736,4.0012
147.151,4.0025,8.4762,4.0012
147.158,4.0025,8.4762,4.0012
147.167,4.0025,8.4789,4.0012
147.177,4.0025,8.4789,4.0012
147.184,4.0025,8.4789,4.0012
147.191,4.0025,8.4816,4.0012
147.202,4.0025,8.4816,4.0012
147.209,4.0025,8.4842,4.0012
147.217,4.0025,8.4842,4.0012
147.224,4.0025,8.4869,4.0012
147.232,4.0025,8.4869,4.0012
147.240,4.0025,8.4869,4.0012
147.247,4.0025,8.4896,4.0012
147.255,4.0025,8.4896,4.0012
147.262,4.0025,8.4896,4.0012
147.269,4.0025,8.4922,4.0012
147.277,4.0025,8.4922,4.0012
147.285,4.0025,8.4949,4.0012
147.294,4.0025,8.4949,4.0012
147.302,4.0025,8.4949,4.0012
147.309,4.0025,8.4976,4.0012
147.318,4.0025,8.4976,4.0012
147.324,4.0025,8.5002,4.0012
147.333,4.0025,8.5002,4.0012
147.339,4.0025,8.5002,4.0012
147.347,4.0025,8.5029,4.0012
147.355,4.0025,8.5029,4.0012
147.362,4.0025,8.5029,4.0012
147.368,4.0025,8.5056,4.0012
147.377,4.0025,8.5056,4.0012
147.385,4.0025,8.5082,4.0012
147.395,4.0025,8.5082,4.0012
147.402,4.0025,8.5082,4.0012
147.411,4.0025,8.5109,4.0012
147.421,4.0025,8.5109,4.0012
147.430,4.0025,8.5136,4.0012
147.439,4.0025,8.5136,4.0012
147.446,4.0025,8.5162,4.0012
147.454,4.0025,8.5162,4.0012
147.461,4.0025,8.5162,4.0012
147.468,4.0025,8.5189,4.0012
147.477,4.0025,8.5189,4.0012
147.484,4.0025,8.5216,4.0012
147.492,4.0025,8.5216,4.0012
147.500,4.0025,8.5216,4.0012
147.508,4.0025,8.5242,4.0012
147.516,4.0025,8.5242,4.0012
147.523,4.0025,8.5242,4.0012
147.530,4.0025,8.5269,4.0012
147.539,4.0025,8.5269,4.0012
147.546,4.0025,8.5296,4.0012
147.554,4.0025,8.5296,4.0012
147.561,4.0025,8.5296,4.0012
147.568,4.0025,8.5322,4.0012
147.578,4.0025,8.5322,4.0012
147.584,4.0025,8.5322,4.0012
147.591,4.0025,8.5349,4.0012
147.601,4.0025,8.5349,4.0012
147.609,4.0025,8.5376,4.0012
147.618,4.0025,8.5376,4.0012
147.626,4.0025,8.5402,4.0012
147.635,4.0025,8.5402,4.0012
147.643,4.0025,8.5402,4.0012
147.650,4.0025,8.5429,4.0012
147.659,4.0025,8.5429,4.0012
147.666,4.0025,8.5456,4.0012
147.674,4.0025,8.5456,4.0012
147.681,4.0025,8.5456,4.0012
147.688,4.0025,8.5482,4.0012
147.696,4.0025,8.5482,4.0012
147.702,4.0025,8.5482,4.0012
147.710,4.0025,8.5509,4.0012
147.719,4.0025,8.5509,4.0012
147.725,4.0025,8.5536,4.0012
147.734,4.0025,8.5536,4.0012
147.741,4.0025,8.5536,4.0012
147.750,4.0025,8.5562,4.0012
147.758,4.0025,8.5562,4.0012
147.765,4.0025,8.5589,4.0012
147.773,4.0025,8.5589,4.0012
147.781,4.0025,8.5589,4.0012
147.788,4.0025,8.5616,4.0012
147.797,4.0025,8.5616,4.0012
147.803,4.0025,8.5616,4.0012
147.811,4.0025,8.5642,4.0012
147.820,4.0025,8.5642,4.0012
147.829,4.0025,8.5669,4.0012
147.837,4.0025,8.5669,4.0012
147.846,4.0025,8.5696,4.0012
147.855,4.0025,8.5696,4.0012
147.864,4.0025,8.5722,4.0012
147.873,4.0025,8.5722,4.0012
147.881,4.0025,8.5722,4.0012
147.888,4.0025,8.5749,4.0012
147.896,4.0025,8.5749,4.0012
147.903,4.0025,8.5749,4.0012
147.912,4.0025,8.5776,4.0012
147.920,4.0025,8.5776,4.0012
147.929,4.0025,8.5802,4.0012
147.939,4.0025,8.5802,4.0012
147.947,4.0025,8.5829,4.0012
147.956,4.0025,8.5829,4.0012
147.963,4.0025,8.5829,4.0012
147.971,4.0025,8.5856,4.0012
147.980,4.0025,8.5856,4.0012
147.988,4.0025,8.5882,4.0012
147.998,4.0025,8.5882,4.0012
148.006,4.0025,8.5909,4.0012
148.015,4.0025,8.5909,4.0012
148.022,4.0025,8.5909,4.0012
148.030,4.0025,8.5936,4.0012
148.040,4.0025,8.5936,4.0012
148.048,4.0025,8.5962,4.0012
148.056,4.0025,8.5962,4.0012
148.065,4.0025,8.5989,4.0012
148.073,4.0025,8.5989,4.0012
148.084,4.0025,8.6016,4.0012
148.094,4.0025,8.6016,4.0012
148.102,4.0025,8.6016,4.0012
148.109,4.0025,8.6042,4.0012
148.118,4.0025,8.6042,4.0012
148.126,4.0025,8.6069,4.0012
148.135,4.0025,8.6069,4.0012
148.143,4.0025,8.6069,4.0012
148.151,4.0025,8.6096,4.0012
148.160,4.0025,8.6096,4.0012
148.168,4.0025,8.6122,4.0012
148.179,4.0025,8.6122,4.0012
148.187,4.0025,8.6149,4.0012
148.197,4.0025,8.6149,4.0012
148.206,4.0025,8.6176,4.0012
148.215,4.0025,8.6176,4.0012
148.222,4.0025,8.6176,4.0012
148.230,4.0025,8.6202,4.0012
148.239,4.0025,8.6202,4.0012
148.248,4.0025,8.6229,4.0012
148.256,4.0025,8.6229,4.0012
148.267,4.0025,8.6256,4.0012
148.275,4.0025,8.6256,4.0012
148.283,4.0025,8.6256,4.0012
148.292,4.0025,8.6282,4.0012
148.302,4.0025,8.6282,4.0012
148.311,4.0025,8.6309,4.0012
148.321,4.0025,8.6309,4.0012
148.330,4.0025,8.6336,4.0012
148.339,4.0025,8.6336,4.0012
148.349,4.0025,8.6362,4.0012
148.359,4.0025,8.6362,4.0012
148.368,4.0025,8.6389,4.0012
148.377,4.0025,8.6389,4.0012
148.386,4.0025,8.6416,4.0012
148.397,4.0025,8.6416,4.0012
148.405,4.0025,8.6442,4.0012
148.415,4.0025,8.6442,4.0012
148.421,4.0025,8.6442,4.0012
148.430,4.0025,8.6469,4.0012
148.439,4.0025,8.6469,4.0012
148.447,4.0025,8.6496,4.0012
148.455,4.0025,8.6496,4.0012
148.463,4.0025,8.6496,4.0012
148.472,4.0025,8.6522,4.0012
148.481,4.0025,8.6522,4.0012
148.488,4.0025,8.6549,4.0012
148.499,4.0025,8.6549,4.0012
148.506,4.0025,8.6576,4.0012
148.514,4.0025,8.6576,4.0012
148.521,4.0025,8.6576,4.0012
148.530,4.0025,8.6602,4.0012
148.538,4.0025,8.6602,4.0012
148.546,4.0025,8.6629,4.0012
148.554,4.0025,8.6629,4.0012
148.562,4.0025,8.6629,4.0012
148.569,4.0025,8.6656,4.0012
148.578,4.0025,8.6656,4.0012
148.585,4.0025,8.6682,4.0012
148.595,4.0025,8.6682,4.0012
148.602,4.0025,8.6682,4.0012
148.610,4.0025,8.6709,4.0012
148.620,4.0025,8.6709,4.0012
148.628,4.0025,8.6736,4.0012
148.636,4.0025,8.6736,4.0012
148.644,4.0025,8.6762,4.0012
148.652,4.0025,8.6762,4.0012
148.660,4.0025,8.6762,4.0012
148.668,4.0025,8.6789,4.0012
148.676,4.0025,8.6789,4.0012
148.683,4.0025,8.6789,4.0012
148.690,4.0025,8.6816,4.0012
148.699,4.0025,8.6816,4.0012
148.707,4.0025,8.6842,4.0012
148.717,4.0025,8.6842,4.0012
148.723,4.0025,8.6842,4.0012
148.731,4.0025,8.6869,4.0012
148.739,4.0025,8.6869,4.0012
148.747,4.0025,8.6896,4.0012
148.754,4.0025,8.6896,4.0012
148.762,4.0025,8.6896,4.0012
148.769,4.0025,8.6922,4.0012
148.779,4.0025,8.6922,4.0012
148.785,4.0025,8.6949,4.0012
148.793,4.0025,8.6949,4.0012
148.807,4.0025,8.6976,4.0012
148.818,4.0025,8.6976,4.0012
148.827,4.0025,8.7002,4.0012
148.837,4.0025,8.7002,4.0012
148.844,4.0025,8.7002,4.0012
148.851,4.0025,8.7029,4.0012
148.860,4.0025,8.7029,4.0012
148.867,4.0025,8.7056,4.0012
148.875,4.0025,8.7056,4.0012
148.882,4.0025,8.7056,4.0012
148.890,4.0025,8.7082,4.0012
148.901,4.0025,8.7082,4.0012
148.908,4.0025,8.7109,4.0012
148.917,4.0025,8.7109,4.0012
148.924,4.0025,8.7109,4.0012
148.934,4.0025,8.7136,4.0012
148.943,4.0025,8.7136,4.0012
148.951,4.0025,8.7162,4.0012
148.959,4.0025,8.7162,4.0012
148.967,4.0025,8.7189,4.0012
148.975,4.0025,8.7189,4.0012
148.983,4.0025,8.7189,4.0012
148.991,4.0025,8.7216,4.0012
149.001,4.0025,8.7216,4.0012
149.009,4.0025,8.7242,4.0012
149.019,4.0025,8.7242,4.0012
149.027,4.0025,8.7269,4.0012
149.036,4.0025,8.7269,4.0012
149.044,4.0025,8.7269,4.0012
149.051,4.0025,8.7296,4.0012
149.059,4.0025,8.7296,4.0012
149.066,4.0025,8.7322,4.0012
149.075,4.0025,8.7322,4.0012
149.083,4.0025,8.7322,4.0012
149.090,4.0025,8.7349,4.0012
149.099,4.0025,8.7349,4.0012
149.107,4.0025,8.7376,4.0012
149.116,4.0025,8.7376,4.0012
149.122,4.0025,8.7376,4.0012
149.130,4.0025,8.7402,4.0012
149.139,4.0025,8.7402,4.0012
149.147,4.0025,8.7429,4.0012
149.154,4.0025,8.7429,4.0012
149.161,4.0025,8.7429,4.0012
149.168,4.0025,8.7456,4.0012
149.177,4.0025,8.7456,4.0012
149.184,4.0025,8.7482,4.0012
149.194,4.0025,8.7482,4.0012
149.203,4.0025,8.7482,4.0012
149.211,4.0025,8.7509,4.0012
149.220,4.0025,8.7509,4.0012
149.229,4.0025,8.7536,4.0012
149.238,4.0025,8.7536,4.0012
149.247,4.0025,8.7562,4.0012
149.256,4.0025,8.7562,4.0012
149.265,4.0025,8.7589,4.0012
149.274,4.0025,8.7589,4.0012
149.282,4.0025,8.7589,4.0012
149.290,4.0025,8.7616,4.0012
149.298,4.0025,8.7616,4.0012
149.306,4.0025,8.7642,4.0012
149.316,4.0025,8.7642,4.0012
149.324,4.0025,8.7669,4.0012
149.335,4.0025,8.7669,4.0012
149.342,4.0025,8.7669,4.0012
149.351,4.0025,8.7696,4.0012
149.359,4.0025,8.7696,4.0012
149.369,4.0025,8.7722,4.0012
149.379,4.0025,8.7722,4.0012
149.386,4.0025,8.7749,4.0012
149.395,4.0025,8.7749,4.0012
149.403,4.0025,8.7749,4.0012
149.412,4.0025,8.7776,4.0012
149.422,4.0025,8.7776,4.0012
149.431,4.0025,8.7802,4.0012
149.441,4.0025,8.7802,4.0012
149.449,4.0025,8.7829,4.0012
149.459,4.0025,8.7829,4.0012
149.468,4.0025,8.7856,4.0012
149.477,4.0025,8.7856,4.0012
149.485,4.0025,8.7882,4.0012
149.494,4.0025,8.7882,4.0012
149.503,4.0025,8.7882,4.0012
149.511,4.0025,8.7909,4.0012
149.521,4.0025,8.7909,4.0012
149.529,4.0025,8.7936,4.0012
149.538,4.0025,8.7936,4.0012
149.546,4.0025,8.7962,4.0012
149.556,4.0025,8.7962,4.0012
149.566,4.0025,8.7989,4.0012
149.575,4.0025,8.7989,4.0012
149.583,4.0025,8.7989,4.0012
149.590,4.0025,8.8016,4.0012
149.601,4.0025,8.8016,4.0012
149.609,4.0025,8.8042,4.0012
149.618,4.0025,8.8042,4.0012
149.627,4.0025,8.8069,4.0012
149.636,4.0025,8.8069,4.0012
149.644,4.0025,8.8096,4.0012
149.654,4.0025,8.8096,4.0012
149.661,4.0025,8.8096,4.0012
149.669,4.0025,8.8122,4.0012
149.678,4.0025,8.8122,4.0012
149.685,4.0025,8.8149,4.0012
149.693,4.0025,8.8149,4.0012
149.700,4.0025,8.8149,4.0012
149.708,4.0025,8.8176,4.0012
149.716,4.0025,8.8176,4.0012
149.723,4.0025,8.8176,4.0012
149.730,4.0025,8.8202,4.0012
149.739,4.0025,8.8202,4.0012
149.746,4.0025,8.8229,4.0012
149.753,4.0025,8.8229,4.0012
149.761,4.0025,8.8229,4.0012
149.769,4.0025,8.8256,4.0012
149.776,4.0025,8.8256,4.0012
149.784,4.0025,8.8282,4.0012
149.792,4.0025,8.8282,4.0012
149.801,4.0025,8.8282,4.0012
149.808,4.0025,8.8309,4.0012
149.817,4.0025,8.8309,4.0012
149.824,4.0025,8.8309,4.0012
149.833,4.0025,8.8336,4.0012
149.840,4.0025,8.8336,4.0012
149.848,4.0025,8.8362,4.0012
149.856,4.0025,8.8362,4.0012
149.864,4.0025,8.8389,4.0012
149.872,4.0025,8.8389,4.0012
149.879,4.0025,8.8389,4.0012
149.886,4.0025,8.8416,4.0012
149.895,4.0025,8.8416,4.0012
149.903,4.0025,8.8416,4.0012
149.910,4.0025,8.8442,4.0012
149.919,4.0025,8.8442,4.0012
149.926,4.0025,8.8469,4.0012
149.936,4.0025,8.8469,4.0012
149.943,4.0025,8.8469,4.0012
149.951,4.0025,8.8496,4.0012
149.958,4.0025,8.8496,4.0012
149.967,4.0025,8.8522,4.0012
149.975,4.0025,8.8522,4.0012
149.984,4.0025,8.8549,4.0012
149.992,4.0025,8.8549,4.0012
149.999,4.0025,8.8549,4.0012
150.006,4.0025,8.8576,4.0012
150.016,4.0025,8.8576,4.0012
150.022,4.0025,8.8576,4.0012
150.030,4.0025,8.8602,4.0012
150.040,4.0025,8.8602,4.0012
150.049,4.0025,8.8629,4.0012
150.056,4.0025,8.8629,4.0012
150.064,4.0025,8.8656,4.0012
150.073,4.0025,8.8656,4.0012
150.081,4.0025,8.8656,4.0012
150.087,4.0025,8.8682,4.0012
150.095,4.0025,8.8682,4.0012
150.103,4.0025,8.8682,4.0012
150.112,4.0025,8.8709,4.0012
150.119,4.0025,8.8709,4.0012
150.126,4.0025,8.8736,4.0012
150.134,4.0025,8.8736,4.0012
150.141,4.0025,8.8736,4.0012
150.148,4.0025,8.8762,4.0012
150.156,4.0025,8.8762,4.0012
150.164,4.0025,8.8762,4.0012
150.171,4.0025,8.8789,4.0012
150.178,4.0025,8.8789,4.0012
150.186,4.0025,8.8816,4.0012
150.194,4.0025,8.8816,4.0012
150.203,4.0025,8.8816,4.0012
150.210,4.0025,8.8842,4.0012
150.218,4.0025,8.8842,4.0012
150.226,4.0025,8.8869,4.0012
150.235,4.0025,8.8869,4.0012
150.242,4.0025,8.8869,4.0012
150.251,4.0025,8.8896,4.0012
150.260,4.0025,8.8896,4.0012
150.268,4.0025,8.8922,4.0012
150.281,4.0025,8.8922,4.0012
150.291,4.0025,8.8949,4.0012
150.301,4.0025,8.8949,4.0012
150.309,4.0025,8.8976,4.0012
150.318,4.0025,8.8976,4.0012
150.325,4.0025,8.9002,4.0012
150.334,4.0025,8.9002,4.0012
150.341,4.0025,8.9002,4.0012
150.349,4.0025,8.9029,4.0012
150.356,4.0025,8.9029,4.0012
150.363,4.0025,8.9029,4.0012
150.371,4.0025,8.9056,4.0012
150.380,4.0025,8.9056,4.0012
150.388,4.0025,8.9082,4.0012
150.397,4.0025,8.9082,4.0012
150.404,4.0025,8.9109,4.0012
150.414,4.0025,8.9109,4.0012
150.421,4.0025,8.9109,4.0012
150.429,4.0025,8.9136,4.0012
150.439,4.0025,8.9136,4.0012
150.447,4.0025,8.9162,4.0012
150.454,4.0025,8.9162,4.0012
150.461,4.0025,8.9162,4.0012
150.469,4.0025,8.9189,4.0012
150.478,4.0025,8.9189,4.0012
150.485,4.0025,8.9216,4.0012
150.493,4.0025,8.9216,4.0012
150.502,4.0025,8.9216,4.0012
150.510,4.0025,8.9242,4.0012
150.520,4.0025,8.9242,4.0012
150.528,4.0025,8.9269,4.0012
150.537,4.0025,8.9269,4.0012
150.546,4.0025,8.9296,4.0012
150.555,4.0025,8.9296,4.0012
150.563,4.0025,8.9296,4.0012
150.571,4.0025,8.9322,4.0012
150.580,4.0025,8.9322,4.0012
150.588,4.0025,8.9349,4.0012
150.598,4.0025,8.9349,4.0012
150.605,4.0025,8.9376,4.0012
150.616,4.0025,8.9376,4.0012
150.623,4.0025,8.9376,4.0012
150.631,4.0025,8.9402,4.0012
150.641,4.0025,8.9402,4.0012
150.649,4.0025,8.9429,4.0012
150.656,4.0025,8.9429,4.0012
150.665,4.0025,8.9456,4.0012
150.673,4.0025,8.9456,4.0012
150.682,4.0025,8.9456,4.0012
150.689,4.0025,8.9482,4.0012
150.700,4.0025,8.9482,4.0012
150.707,4.0025,8.9509,4.0012
150.717,4.0025,8.9509,4.0012
150.725,4.0025,8.9536,4.0012
150.735,4.0025,8.9536,4.0012
150.743,4.0025,8.9536,4.0012
150.750,4.0025,8.9562,4.0012
150.759,4.0025,8.9562,4.0012
150.767,4.0025,8.9589,4.0012
150.776,4.0025,8.9589,4.0012
150.784,4.0025,8.9616,4.0012
150.793,4.0025,8.9616,4.0012
150.802,4.0025,8.9616,4.0012
150.811,4.0025,8.9642,4.0012
150.819,4.0025,8.9642,4.0012
150.827,4.0025,8.9669,4.0012
150.837,4.0025,8.9669,4.0012
150.845,4.0025,8.9696,4.0012
150.854,4.0025,8.9696,4.0012
150.862,4.0025,8.9696,4.0012
150.870,4.0025,8.9722,4.0012
150.879,4.0025,8.9722,4.0012
150.888,4.0025,8.9749,4.0012
150.898,4.0025,8.9749,4.0012
150.907,4.0025,8.9776,4.0012
150.917,4.0025,8.9776,4.0012
150.924,4.0025,8.9802,4.0012
150.934,4.0025,8.9802,4.0012
150.940,4.0025,8.9802,4.0012
150.949,4.0025,8.9829,4.0012
150.956,4.0025,8.9829,4.0012
150.965,4.0025,8.9856,4.0012
150.974,4.0025,8.9856,4.0012
150.982,4.0025,8.9856,4.0012
150.998,4.0025,8.9882,4.0012
151.007,4.0025,8.9909,4.0012
151.016,4.0025,8.9909,4.0012
151.023,4.0025,8.9909,4.0012
151.030,4.0025,8.9936,4.0012
151.039,4.0025,8.9936,4.0012
151.047,4.0025,8.9962,4.0012
151.055,4.0025,8.9962,4.0012
151.062,4.0025,8.9962,4.0012
151.070,4.0025,8.9989,4.0012
151.079,4.0025,8.9989,4.0012
151.087,4.0025,9.0016,4.0012
151.096,4.0025,9.0016,4.0012
151.104,4.0025,9.0042,4.0012
151.113,4.0025,9.0042,4.0012
151.120,4.0025,9.0042,4.0012
151.128,4.0025,9.0069,4.0012
151.138,4.0025,9.0069,4.0012
151.144,4.0025,9.0096,4.0012
151.153,4.0025,9.0096,4.0012
151.160,4.0025,9.0096,4.0012
151.169,4.0025,9.0122,4.0012
151.177,4.0025,9.0122,4.0012
151.185,4.0025,9.0149,4.0012
151.192,4.0025,9.0149,4.0012
151.200,4.0025,9.0149,4.0012
151.209,4.0025,9.0176,4.0012
151.218,4.0025,9.0176,4.0012
151.226,4.0025,9.0202,4.0012
151.235,4.0025,9.0202,4.0012
151.242,4.0025,9.0202,4.0012
151.249,4.0025,9.0229,4.0012
151.258,4.0025,9.0229,4.0012
151.266,4.0025,9.0256,4.0012
151.273,4.0025,9.0256,4.0012
151.280,4.0025,9.0256,4.0012
151.288,4.0025,9.0282,4.0012
151.296,4.0025,9.0282,4.0012
151.304,4.0025,9.0282,4.0012
151.311,4.0025,9.0309,4.0012
151.319,4.0025,9.0309,4.0012
151.326,4.0025,9.0336,4.0012
151.335,4.0025,9.0336,4.0012
151.342,4.0025,9.0336,4.0012
151.350,4.0025,9.0362,4.0012
151.358,4.0025,9.0362,4.0012
151.366,4.0025,9.0389,4.0012
151.375,4.0025,9.0389,4.0012
151.383,4.0025,9.0389,4.0012
151.389,4.0025,9.0416,4.0012
151.399,4.0025,9.0416,4.0012
151.406,4.0025,9.0442,4.0012
151.416,4.0025,9.0442,4.0012
151.422,4.0025,9.0442,4.0012
151.430,4.0025,9.0469,4.0012
151.439,4.0025,9.0469,4.0012
151.447,4.0025,9.0496,4.0012
151.455,4.0025,9.0496,4.0012
151.463,4.0025,9.0496,4.0012
151.470,4.0025,9.0522,4.0012
151.478,4.0025,9.0522,4.0012
151.486,4.0025,9.0549,4.0012
151.494,4.0025,9.0549,4.0012
151.502,4.0025,9.0549,4.0012
151.509,4.0025,9.0576,4.0012
151.517,4.0025,9.0576,4.0012
151.524,4.0025,9.0602,4.0012
151.534,4.0025,9.0602,4.0012
151.541,4.0025,9.0602,4.0012
151.549,4.0025,9.0629,4.0012
151.557,4.0025,9.0629,4.0012
151.564,4.0025,9.0656,4.0012
151.572,4.0025,9.0656,4.0012
151.579,4.0025,9.0656,4.0012
151.587,4.0025,9.0682,4.0012
151.595,4.0025,9.0682,4.0012
151.602,4.0025,9.0682,4.0012
151.609,4.0025,9.0709,4.0012
151.618,4.0025,9.0709,4.0012
151.625,4.0025,9.0736,4.0012
151.634,4.0025,9.0736,4.0012
151.642,4.0025,9.0736,4.0012
151.650,4.0025,9.0762,4.0012
151.658,4.0025,9.0762,4.0012
151.666,4.0025,9.0789,4.0012
151.674,4.0025,9.0789,4.0012
151.681,4.0025,9.0789,4.0012
151.688,4.0025,9.0816,4.0012
151.697,4.0025,9.0816,4.0012
151.706,4.0025,9.0842,4.0012
151.714,4.0025,9.0842,4.0012
151.721,4.0025,9.0842,4.0012
151.729,4.0025,9.0869,4.0012
151.738,4.0025,9.0869,4.0012
151.747,4.0025,9.0896,4.0012
151.756,4.0025,9.0896,4.0012
151.765,4.0025,9.0922,4.0012
151.773,4.0025,9.0922,4.0012
151.781,4.0025,9.0922,4.0012
151.788,4.0025,9.0949,4.0012
151.799,4.0025,9.0949,4.0012
151.806,4.0025,9.0976,4.0012
151.815,4.0025,9.0976,4.0012
151.822,4.0025,9.0976,4.0012
151.832,4.0025,9.1002,4.0012
151.840,4.0025,9.1002,4.0012
151.848,4.0025,9.1029,4.0012
151.857,4.0025,9.1029,4.0012
151.866,4.0025,9.1056,4.0012
151.874,4.0025,9.1056,4.0012
151.882,4.0025,9.1056,4.0012
151.889,4.0025,9.1082,4.0012
151.898,4.0025,9.1082,4.0012
151.905,4.0025,9.1109,4.0012
151.914,4.0025,9.1109,4.0012
151.922,4.0025,9.1109,4.0012
151.930,4.0025,9.1136,4.0012
151.939,4.0025,9.1136,4.0012
151.948,4.0025,9.1162,4.0012
151.956,4.0025,9.1162,4.0012
151.965,4.0025,9.1189,4.0012
151.974,4.0025,9.1189,4.0012
151.982,4.0025,9.1189,4.0012
151.990,4.0025,9.1216,4.0012
152.001,4.0025,9.1216,4.0012
152.009,4.0025,9.1242,4.0012
152.018,4.0025,9.1242,4.0012
152.026,4.0025,9.1269,4.0012
152.035,4.0025,9.1269,4.0012
152.043,4.0025,9.1269,4.0012
152.051,4.0025,9.1296,4.0012
152.060,4.0025,9.1296,4.0012
152.070,4.0025,9.1322,4.0012
152.077,4.0025,9.1322,4.0012
152.086,4.0025,9.1349,4.0012
152.094,4.0025,9.1349,4.0012
152.103,4.0025,9.1349,4.0012
152.111,4.0025,9.1376,4.0012
152.120,4.0025,9.1376,4.0012
152.128,4.0025,9.1402,4.0012
152.137,4.0025,9.1402,4.0012
152.145,4.0025,9.1429,4.0012
152.154,4.0025,9.1429,4.0012
152.163,4.0025,9.1429,4.0012
152.172,4.0025,9.1456,4.0012
152.182,4.0025,9.1456,4.0012
152.189,4.0025,9.1482,4.0012
152.198,4.0025,9.1482,4.0012
152.205,4.0025,9.1509,4.0012
152.214,4.0025,9.1509,4.0012
152.223,4.0025,9.1509,4.0012
152.231,4.0025,9.1536,4.0012
152.240,4.0025,9.1536,4.0012
152.247,4.0025,9.1562,4.0012
152.255,4.0025,9.1562,4.0012
152.263,4.0025,9.1562,4.0012
152.271,4.0025,9.1589,4.0012
152.279,4.0025,9.1589,4.0012
152.286,4.0025,9.1616,4.0012
152.295,4.0025,9.1616,4.0012
152.302,4.0025,9.1616,4.0012
152.311,4.0025,9.1642,4.0012
152.319,4.0025,9.1642,4.0012
152.326,4.0025,9.1669,4.0012
152.336,4.0025,9.1669,4.0012
152.344,4.0025,9.1696,4.0012
152.352,4.0025,9.1696,4.0012
152.359,4.0025,9.1696,4.0012
152.367,4.0025,9.1722,4.0012
152.375,4.0025,9.1722,4.0012
152.382,4.0025,9.1722,4.0012
152.389,4.0025,9.1749,4.0012
152.398,4.0025,9.1749,4.0012
152.406,4.0025,9.1776,4.0012
152.414,4.0025,9.1776,4.0012
152.422,4.0025,9.1776,4.0012
152.430,4.0025,9.1802,4.0012
152.439,4.0025,9.1802,4.0012
152.445,4.0025,9.1829,4.0012
152.454,4.0025,9.1829,4.0012
152.461,4.0025,9.1829,4.0012
152.469,4.0025,9.1856,4.0012
152.477,4.0025,9.1856,4.0012
152.484,4.0025,9.1882,4.0012
152.491,4.0025,9.1882,4.0012
152.500,4.0025,9.1882,4.0012
152.506,4.0025,9.1909,4.0012
152.515,4.0025,9.1909,4.0012
152.522,4.0025,9.1909,4.0012
152.530,4.0025,9.1936,4.0012
152.538,4.0025,9.1936,4.0012
152.547,4.0025,9.1962,4.0012
152.554,4.0025,9.1962,4.0012
152.562,4.0025,9.1962,4.0012
152.568,4.0025,9.1989,4.0012
152.577,4.0025,9.1989,4.0012
152.584,4.0025,9.1989,4.0012
152.591,4.0025,9.2016,4.0012
152.600,4.0025,9.2016,4.0012
152.608,4.0025,9.2042,4.0012
152.617,4.0025,9.2042,4.0012
152.624,4.0025,9.2069,4.0012
152.634,4.0025,9.2069,4.0012
152.642,4.0025,9.2069,4.0012
152.649,4.0025,9.2096,4.0012
152.655,4.0025,9.2096,4.0012
152.663,4.0025,9.2096,4.0012
152.671,4.0025,9.2122,4.0012
152.681,4.0025,9.2122,4.0012
152.687,4.0025,9.2149,4.0012
152.696,4.0025,9.2149,4.0012
152.703,4.0025,9.2149,4.0012
152.710,4.0025,9.2176,4.0012
152.719,4.0025,9.2176,4.0012
152.727,4.0025,9.2202,4.0012
152.736,4.0025,9.2202,4.0012
152.746,4.0025,9.2229,4.0012
152.757,4.0025,9.2229,4.0012
152.766,4.0025,9.2256,4.0012
152.775,4.0025,9.2256,4.0012
152.782,4.0025,9.2256,4.0012
152.789,4.0025,9.2282,4.0012
152.799,4.0025,9.2282,4.0012
152.806,4.0025,9.2309,4.0012
152.815,4.0025,9.2309,4.0012
152.822,4.0025,9.2309,4.0012
152.829,4.0025,9.2336,4.0012
152.837,4.0025,9.2336,4.0012
152.845,4.0025,9.2362,4.0012
152.855,4.0025,9.2362,4.0012
152.862,4.0025,9.2362,4.0012
152.870,4.0025,9.2389,4.0012
152.877,4.0025,9.2389,4.0012
152.885,4.0025,9.2416,4.0012
152.892,4.0025,9.2416,4.0012
152.900,4.0025,9.2416,4.0012
152.907,4.0025,9.2442,4.0012
152.917,4.0025,9.2442,4.0012
152.923,4.0025,9.2442,4.0012
152.931,4.0025,9.2469,4.0012
152.940,4.0025,9.2469,4.0012
152.948,4.0025,9.2496,4.0012
152.955,4.0025,9.2496,4.0012
152.963,4.0025,9.2496,4.0012
152.970,4.0025,9.2522,4.0012
152.980,4.0025,9.2522,4.0012
152.987,4.0025,9.2549,4.0012
152.997,4.0025,9.2549,4.0012
153.007,4.0025,9.2576,4.0012
153.015,4.0025,9.2576,4.0012
153.022,4.0025,9.2576,4.0012
153.030,4.0025,9.2602,4.0012
153.041,4.0025,9.2602,4.0012
153.049,4.0025,9.2629,4.0012
153.059,4.0025,9.2629,4.0012
153.068,4.0025,9.2656,4.0012
153.076,4.0025,9.2656,4.0012
153.084,4.0025,9.2682,4.0012
153.093,4.0025,9.2682,4.0012
153.101,4.0025,9.2682,4.0012
153.108,4.0025,9.2709,4.0012
153.118,4.0025,9.2709,4.0012
153.127,4.0025,9.2736,4.0012
153.137,4.0025,9.2736,4.0012
153.154,4.0025,9.2762,4.0012
153.164,4.0025,9.2789,4.0012
153.173,4.0025,9.2789,4.0012
153.181,4.0025,9.2789,4.0012
153.189,4.0025,9.2816,4.0012
153.199,4.0025,9.2816,4.0012
153.208,4.0025,9.2842,4.0012
153.219,4.0025,9.2842,4.0012
153.228,4.0025,9.2869,4.0012
153.238,4.0025,9.2869,4.0012
153.245,4.0025,9.2896,4.0012
153.255,4.0025,9.2896,4.0012
153.262,4.0025,9.2896,4.0012
153.271,4.0025,9.2922,4.0012
153.280,4.0025,9.2922,4.0012
153.288,4.0025,9.2949,4.0012
153.296,4.0025,9.2949,4.0012
153.305,4.0025,9.2976,4.0012
153.315,4.0025,9.2976,4.0012
153.322,4.0025,9.2976,4.0012
153.331,4.0025,9.3002,4.0012
153.340,4.0025,9.3002,4.0012
153.348,4.0025,9.3029,4.0012
153.356,4.0025,9.3029,4.0012
153.364,4.0025,9.3056,4.0012
153.372,4.0025,9.3056,4.0012
153.381,4.0025,9.3056,4.0012
153.388,4.0025,9.3082,4.0012
153.399,4.0025,9.3082,4.0012
153.406,4.0025,9.3109,4.0012
153.416,4.0025,9.3109,4.0012
153.424,4.0025,9.3136,4.0012
153.434,4.0025,9.3136,4.0012
153.442,4.0025,9.3136,4.0012
153.450,4.0025,9.3162,4.0012
153.458,4.0025,9.3162,4.0012
153.466,4.0025,9.3189,4.0012
153.473,4.0025,9.3189,4.0012
153.480,4.0025,9.3189,4.0012
153.488,4.0025,9.3216,4.0012
153.495,4.0025,9.3216,4.0012
153.503,4.0025,9.3216,4.0012
153.510,4.0025,9.3242,4.0012
153.519,4.0025,9.3242,4.0012
153.526,4.0025,9.3269,4.0012
153.535,4.0025,9.3269,4.0012
153.543,4.0025,9.3269,4.0012
153.551,4.0025,9.3296,4.0012
153.558,4.0025,9.3296,4.0012
153.565,4.0025,9.3322,4.0012
153.574,4.0025,9.3322,4.0012
153.581,4.0025,9.3322,4.0012
153.588,4.0025,9.3349,4.0012
153.597,4.0025,9.3349,4.0012
153.605,4.0025,9.3376,4.0012
153.614,4.0025,9.3376,4.0012
153.621,4.0025,9.3376,4.0012
153.628,4.0025,9.3402,4.0012
153.637,4.0025,9.3402,4.0012
153.644,4.0025,9.3429,4.0012
153.653,4.0025,9.3429,4.0012
153.660,4.0025,9.3429,4.0012
153.668,4.0025,9.3456,4.0012
153.676,4.0025,9.3456,4.0012
153.684,4.0025,9.3456,4.0012
153.690,4.0025,9.3482,4.0012
153.701,4.0025,9.3482,4.0012
153.708,4.0025,9.3509,4.0012
153.717,4.0025,9.3509,4.0012
153.723,4.0025,9.3509,4.0012
153.732,4.0025,9.3536,4.0012
153.739,4.0025,9.3536,4.0012
153.747,4.0025,9.3562,4.0012
153.756,4.0025,9.3562,4.0012
153.764,4.0025,9.3589,4.0012
153.772,4.0025,9.3589,4.0012
153.780,4.0025,9.3589,4.0012
153.786,4.0025,9.3616,4.0012
153.796,4.0025,9.3616,4.0012
153.802,4.0025,9.3616,4.0012
153.810,4.0025,9.3640,4.0012
153.818,4.0025,9.3640,4.0012
153.826,4.0025,9.3640,4.0012
153.834,4.0025,9.3640,4.0012
153.842,4.0025,9.3640,4.0012
153.850,4.0025,9.3640,4.0012
153.858,4.0025,9.3640,4.0012
153.865,4.0025,9.3640,4.0012
153.873,4.0025,9.3640,4.0012
153.881,4.0025,9.3640,4.0012
153.888,4.0025,9.3640,4.0012
153.896,4.0025,9.3640,4.0012
153.904,4.0025,9.3640,4.0012
153.911,4.0025,9.3640,4.0012
153.919,4.0025,9.3640,4.0012
153.926,4.0025,9.3640,4.0012
153.935,4.0025,9.3640,4.0012
153.942,4.0025,9.3640,4.0012
153.950,4.0025,9.3640,4.0012
153.957,4.0025,9.3640,4.0012
153.965,4.0025,9.3640,4.0012
153.973,4.0025,9.3640,4.0012
153.981,4.0025,9.3640,4.0012
153.987,4.0025,9.3640,4.0012
153.996,4.0025,9.3640,4.0012
154.005,4.0025,9.3640,4.0012
154.014,4.0025,9.3640,4.0012
154.020,4.0025,9.3640,4.0012
154.028,4.0025,9.3640,4.0012
154.036,4.0025,9.3640,4.0012
154.043,4.0025,9.3640,4.0012
154.049,4.0025,9.3640,4.0012
154.057,4.0025,9.3640,4.0012
154.065,4.0025,9.3640,4.0012
154.073,4.0025,9.3640,4.0012
154.080,4.0025,9.3640,4.0012
154.088,4.0025,9.3640,4.0012
154.097,4.0025,9.3640,4.0012
154.105,4.0025,9.3640,4.0012
154.112,4.0025,9.3640,4.0012
154.119,4.0025,9.3640,4.0012
154.127,4.0025,9.3640,4.0012
154.135,4.0025,9.3640,4.0012
154.142,4.0025,9.3640,4.0012
154.149,4.0025,9.3640,4.0012
154.156,4.0025,9.3640,4.0012
154.165,4.0025,9.3640,4.0012
154.173,4.0025,9.3640,4.0012
154.180,4.0025,9.3640,4.0012
154.187,4.0025,9.3640,4.0012
154.194,4.0025,9.3640,4.0012
154.201,4.0025,9.3640,4.0012
154.208,4.0025,9.3640,4.0012
154.218,4.0025,9.3640,4.0012
154.226,4.0025,9.3640,4.0012
154.236,4.0025,9.3640,4.0012
154.244,4.0025,9.3640,4.0012
154.253,4.0025,9.3640,4.0012
154.261,4.0025,9.3640,4.0012
154.268,4.0025,9.3640,4.0012
154.277,4.0025,9.3640,4.0012
154.284,4.0025,9.3640,4.0012
154.293,4.0025,9.3640,4.0012
154.301,4.0025,9.3640,4.0012
154.309,4.0025,9.3640,4.0012
154.317,4.0025,9.3640,4.0012
154.325,4.0025,9.3640,4.0012
154.334,4.0025,9.3640,4.0012
154.342,4.0025,9.3640,4.0012
154.349,4.0025,9.3640,4.0012
154.357,4.0025,9.3640,4.0012
154.366,4.0025,9.3640,4.0012
154.374,4.0025,9.3640,4.0012
154.382,4.0025,9.3640,4.0012
154.389,4.0025,9.3640,4.0012
154.399,4.0025,9.3640,4.0012
154.406,4.0025,9.3640,4.0012
154.416,4.0025,9.3640,4.0012
154.423,4.0025,9.3640,4.0012
154.433,4.0025,9.3640,4.0012
154.443,4.0025,9.3640,4.0012
154.452,4.0025,9.3640,4.0012
154.460,4.0025,9.3640,4.0012
154.468,4.0025,9.3640,4.0012
154.477,4.0025,9.3640,4.0012
154.485,4.0025,9.3640,4.0012
154.494,4.0025,9.3640,4.0012
154.502,4.0025,9.3640,4.0012
154.510,4.0025,9.3640,4.0012
154.519,4.0025,9.3640,4.0012
154.526,4.0025,9.3640,4.0012
154.535,4.0025,9.3640,4.0012
154.543,4.0025,9.3640,4.0012
154.551,4.0025,9.3640,4.0012
154.558,4.0025,9.3640,4.0012
154.567,4.0025,9.3640,4.0012
154.576,4.0025,9.3640,4.0012
154.584,4.0025,9.3640,4.0012
154.592,4.0025,9.3640,4.0012
154.601,4.0025,9.3640,4.0012
154.608,4.0025,9.3640,4.0012
154.618,4.0025,9.3640,4.0012
154.625,4.0025,9.3640,4.0012
154.636,4.0025,9.3640,4.0012
154.644,4.0025,9.3640,4.0012
154.652,4.0025,9.3640,4.0012
154.661,4.0025,9.3640,4.0012
154.670,4.0025,9.3640,4.0012
154.679,4.0025,9.3640,4.0012
154.686,4.0025,9.3640,4.0012
154.695,4.0025,9.3640,4.0012
154.702,4.0025,9.3640,4.0012
154.709,4.0025,9.3640,4.0012
154.717,4.0025,9.3640,4.0012
154.725,4.0025,9.3640,4.0012
154.734,4.0025,9.3640,4.0012
154.742,4.0025,9.3640,4.0012
154.749,4.0025,9.3640,4.0012
154.758,4.0025,9.3640,4.0012
154.767,4.0025,9.3640,4.0012
154.774,4.0025,9.3640,4.0012
154.782,4.0025,9.3640,4.0012
154.790,4.0025,9.3640,4.0012
154.800,4.0025,9.3640,4.0012
154.807,4.0025,9.3640,4.0012
154.816,4.0025,9.3640,4.0012
154.823,4.0025,9.3640,4.0012
154.831,4.0025,9.3640,4.0012
154.838,4.0025,9.3640,4.0012
154.847,4.0025,9.3640,4.0012
154.854,4.0025,9.3640,4.0012
154.861,4.0025,9.3640,4.0012
154.869,4.0025,9.3640,4.0012
154.876,4.0025,9.3640,4.0012
154.884,4.0025,9.3640,4.0012
154.891,4.0025,9.3640,4.0012
154.900,4.0025,9.3640,4.0012
154.907,4.0025,9.3640,4.0009
154.916,4.0025,9.3640,4.0009
154.923,4.0025,9.3640,4.0009
154.931,4.0025,9.3640,4.0005
154.941,4.0025,9.3640,4.0005
154.948,4.0025,9.3640,4.0001
154.956,4.0025,9.3640,4.0001
154.963,4.0025,9.3640,4.0001
154.971,4.0025,9.3640,3.9996
154.980,4.0025,9.3640,3.9996
154.988,4.0025,9.3640,3.9990
154.995,4.0025,9.3640,3.9990
155.004,4.0025,9.3640,3.9983
155.014,4.0025,9.3640,3.9983
155.021,4.0025,9.3640,3.9983
155.028,4.0025,9.3640,3.9976
155.038,4.0025,9.3640,3.9976
155.046,4.0025,9.3640,3.9969
155.054,4.0025,9.3640,3.9969
155.063,4.0025,9.3640,3.9969
155.070,4.0025,9.3640,3.9946
155.080,4.0025,9.3640,3.9946
155.087,4.0025,9.3640,3.9921
155.097,4.0025,9.3640,3.9921
155.104,4.0025,9.3640,3.9894
155.113,4.0025,9.3640,3.9894
155.120,4.0025,9.3640,3.9894
155.128,4.0025,9.3640,3.9865
155.137,4.0025,9.3640,3.9865
155.144,4.0025,9.3640,3.9834
155.154,4.0025,9.3640,3.9834
155.161,4.0025,9.3640,3.9834
155.168,4.0025,9.3640,3.9801
155.178,4.0025,9.3640,3.9801
155.186,4.0025,9.3640,3.9767
155.194,4.0025,9.3640,3.9767
155.202,4.0025,9.3640,3.9767
155.210,4.0025,9.3640,3.9698
155.220,4.0025,9.3640,3.9698
155.228,4.0025,9.3640,3.9626
155.238,4.0025,9.3640,3.9626
155.246,4.0025,9.3640,3.9552
155.255,4.0025,9.3640,3.9552
155.262,4.0025,9.3640,3.9552
155.270,4.0025,9.3640,3.9476
155.279,4.0025,9.3640,3.9476
155.286,4.0025,9.3640,3.9399
155.295,4.0025,9.3640,3.9399
155.303,4.0025,9.3640,3.9399
155.320,4.0025,9.3640,3.9319
155.331,4.0025,9.3640,3.9238
155.340,4.0025,9.3640,3.9238
155.347,4.0025,9.3640,3.9156
155.356,4.0025,9.3640,3.9156
155.364,4.0025,9.3640,3.9156
155.372,4.0025,9.3640,3.9073
155.381,4.0025,9.3640,3.9073
155.388,4.0025,9.3640,3.8988
155.396,4.0025,9.3640,3.8988
155.404,4.0025,9.3640,3.8902
155.412,4.0025,9.3640,3.8902
155.420,4.0025,9.3640,3.8902
155.427,4.0025,9.3640,3.8815
155.437,4.0025,9.3640,3.8815
155.444,4.0025,9.3640,3.8727
155.454,4.0025,9.3640,3.8727
155.462,4.0025,9.3640,3.8727
155.468,4.0025,9.3640,3.8636
155.478,4.0025,9.3640,3.8636
155.486,4.0025,9.3640,3.8543
155.495,4.0025,9.3640,3.8543
155.504,4.0025,9.3640,3.8543
155.513,4.0025,9.3640,3.8447
155.521,4.0025,9.3640,3.8447
155.529,4.0025,9.3640,3.8266
155.540,4.0025,9.3640,3.8266
155.549,4.0025,9.3640,3.8079
155.560,4.0025,9.3640,3.8079
155.569,4.0025,9.3640,3.7890
155.579,4.0025,9.3640,3.7890
155.588,4.0025,9.3640,3.7697
155.597,4.0025,9.3640,3.7697
155.606,4.0025,9.3640,3.7501
155.616,4.0025,9.3640,3.7501
155.624,4.0025,9.3640,3.7305
155.635,4.0025,9.3640,3.7305
155.642,4.0025,9.3640,3.7305
155.651,4.0025,9.3640,3.7107
155.660,4.0025,9.3640,3.7107
155.669,4.0025,9.3640,3.6908
155.679,4.0025,9.3640,3.6908
155.687,4.0025,9.3640,3.6708
155.697,4.0025,9.3640,3.6708
155.705,4.0025,9.3640,3.6507
155.715,4.0025,9.3640,3.6507
155.724,4.0025,9.3640,3.6507
155.733,4.0025,9.3640,3.6302
155.742,4.0025,9.3640,3.6302
155.750,4.0025,9.3640,3.6097
155.760,4.0025,9.3640,3.6097
155.769,4.0025,9.3640,3.5888
155.778,4.0025,9.3640,3.5888
155.787,4.0025,9.3640,3.5677
155.795,4.0025,9.3640,3.5677
155.804,4.0025,9.3640,3.5677
155.812,4.0025,9.3640,3.5461
155.821,4.0025,9.3640,3.5461
155.829,4.0025,9.3640,3.5242
155.841,4.0025,9.3640,3.5242
155.850,4.0025,9.3640,3.5021
155.859,4.0025,9.3640,3.5021
155.868,4.0025,9.3640,3.4797
155.878,4.0025,9.3640,3.4797
155.886,4.0025,9.3640,3.4571
155.896,4.0025,9.3640,3.4571
155.904,4.0025,9.3640,3.4342
155.915,4.0025,9.3640,3.4342
155.922,4.0025,9.3640,3.4342
155.932,4.0025,9.3640,3.4113
155.942,4.0025,9.3640,3.4113
155.950,4.0025,9.3640,3.3884
155.960,4.0025,9.3640,3.3884
155.968,4.0025,9.3640,3.3654
155.978,4.0025,9.3640,3.3654
155.985,4.0025,9.3640,3.3424
155.995,4.0025,9.3640,3.3424
156.003,4.0025,9.3640,3.3424
156.010,4.0025,9.3640,3.3192
156.018,4.0025,9.3640,3.3192
156.027,4.0025,9.3640,3.2961
156.036,4.0025,9.3640,3.2961
156.044,4.0025,9.3640,3.2961
156.052,4.0025,9.3640,3.2729
156.060,4.0025,9.3640,3.2729
156.068,4.0025,9.3640,3.2496
156.076,4.0025,9.3640,3.2496
156.084,4.0025,9.3640,3.2262
156.092,4.0025,9.3640,3.2262
156.101,4.0025,9.3640,3.2262
156.108,4.0025,9.3640,3.2029
156.119,4.0025,9.3640,3.2029
156.126,4.0025,9.3640,3.1796
156.135,4.0025,9.3640,3.1796
156.144,4.0025,9.3640,3.1796
156.152,4.0025,9.3640,3.1562
156.161,4.0025,9.3640,3.1562
156.169,4.0025,9.3640,3.1329
156.180,4.0025,9.3640,3.1329
156.188,4.0025,9.3640,3.1096
156.197,4.0025,9.3640,3.1096
156.205,4.0025,9.3640,3.0862
156.215,4.0025,9.3640,3.0862
156.222,4.0025,9.3640,3.0862
156.230,4.0025,9.3640,3.0629
156.242,4.0025,9.3640,3.0629
156.249,4.0025,9.3640,3.0396
156.258,4.0025,9.3640,3.0396
156.268,4.0025,9.3640,3.0162
156.277,4.0025,9.3640,3.0162
156.284,4.0025,9.3640,2.9929
156.294,4.0025,9.3640,2.9929
156.303,4.0025,9.3640,2.9929
156.309,4.0025,9.3640,2.9696
156.319,4.0025,9.3640,2.9696
156.326,4.0025,9.3640,2.9462
156.337,4.0025,9.3640,2.9462
156.344,4.0025,9.3640,2.9229
156.353,4.0025,9.3640,2.9229
156.362,4.0025,9.3640,2.9229
156.368,4.0025,9.3640,2.8996
156.378,4.0025,9.3640,2.8996
156.386,4.0025,9.3640,2.8762
156.395,4.0025,9.3640,2.8762
156.402,4.0025,9.3640,2.8762
156.412,4.0025,9.3640,2.8529
156.420,4.0025,9.3640,2.8529
156.428,4.0025,9.3640,2.8296
156.438,4.0025,9.3640,2.8296
156.446,4.0025,9.3640,2.8062
156.456,4.0025,9.3640,2.8062
156.463,4.0025,9.3640,2.8062
156.472,4.0025,9.3640,2.7829
156.481,4.0025,9.3640,2.7829
156.489,4.0025,9.3640,2.7596
156.498,4.0025,9.3640,2.7596
156.506,4.0025,9.3640,2.7362
156.516,4.0025,9.3640,2.7362
156.523,4.0025,9.3640,2.7362
156.532,4.0025,9.3640,2.7129
156.541,4.0025,9.3640,2.7129
156.549,4.0025,9.3640,2.6896
156.557,4.0025,9.3640,2.6896
156.566,4.0025,9.3640,2.6662
156.576,4.0025,9.3640,2.6662
156.584,4.0025,9.3640,2.6429
156.594,4.0025,9.3640,2.6429
156.602,4.0025,9.3640,2.6429
156.610,4.0025,9.3640,2.6196
156.620,4.0025,9.3640,2.6196
156.629,4.0025,9.3640,2.5962
156.638,4.0025,9.3640,2.5962
156.646,4.0025,9.3640,2.5729
156.655,4.0025,9.3640,2.5729
156.663,4.0025,9.3640,2.5729
156.672,4.0025,9.3640,2.5496
156.681,4.0025,9.3640,2.5496
156.689,4.0025,9.3640,2.5262
156.699,4.0025,9.3640,2.5262
156.707,4.0025,9.3640,2.5029
156.717,4.0025,9.3640,2.5029
156.724,4.0025,9.3640,2.4796
156.735,4.0025,9.3640,2.4796
156.742,4.0025,9.3640,2.4796
156.751,4.0025,9.3640,2.4562
156.760,4.0025,9.3640,2.4562
156.768,4.0025,9.3640,2.4329
156.779,4.0025,9.3640,2.4329
156.787,4.0025,9.3640,2.4096
156.797,4.0025,9.3640,2.4096
156.806,4.0025,9.3640,2.3862
156.817,4.0025,9.3640,2.3862
156.825,4.0025,9.3640,2.3629
156.836,4.0025,9.3640,2.3629
156.845,4.0025,9.3640,2.3396
156.854,4.0025,9.3640,2.3396
156.862,4.0025,9.3640,2.3396
156.871,4.0025,9.3640,2.3162
156.880,4.0025,9.3640,2.3162
156.888,4.0025,9.3640,2.2929
156.900,4.0025,9.3640,2.2929
156.908,4.0025,9.3640,2.2696
156.918,4.0025,9.3640,2.2696
156.926,4.0025,9.3640,2.2462
156.938,4.0025,9.3640,2.2462
156.947,4.0025,9.3640,2.2229
156.958,4.0025,9.3640,2.2229
156.968,4.0025,9.3640,2.1996
156.978,4.0025,9.3640,2.1996
156.987,4.0025,9.3640,2.1762
156.998,4.0025,9.3640,2.1762
157.005,4.0025,9.3640,2.1529
157.016,4.0025,9.3640,2.1529
157.024,4.0025,9.3640,2.1296
157.036,4.0025,9.3640,2.1296
157.045,4.0025,9.3640,2.1062
157.055,4.0025,9.3640,2.1062
157.064,4.0025,9.3640,2.1062
157.072,4.0025,9.3640,2.0829
157.081,4.0025,9.3640,2.0829
157.089,4.0025,9.3640,2.0596
157.098,4.0025,9.3640,2.0596
157.107,4.0025,9.3640,2.0362
157.116,4.0025,9.3640,2.0362
157.124,4.0025,9.3640,2.0129
157.136,4.0025,9.3640,2.0129
157.143,4.0025,9.3640,2.0129
157.152,4.0025,9.3640,1.9896
157.161,4.0025,9.3640,1.9896
157.170,4.0025,9.3640,1.9662
157.181,4.0025,9.3640,1.9662
157.188,4.0025,9.3640,1.9429
157.198,4.0025,9.3640,1.9429
157.206,4.0025,9.3640,1.9196
157.215,4.0025,9.3640,1.9196
157.223,4.0025,9.3640,1.9196
157.231,4.0025,9.3640,1.8962
157.240,4.0025,9.3640,1.8962
157.248,4.0025,9.3640,1.8729
157.257,4.0025,9.3640,1.8729
157.266,4.0025,9.3640,1.8496
157.275,4.0025,9.3640,1.8496
157.282,4.0025,9.3640,1.8496
157.289,4.0025,9.3640,1.8262
157.299,4.0025,9.3640,1.8262
157.307,4.0025,9.3640,1.8029
157.316,4.0025,9.3640,1.8029
157.324,4.0025,9.3640,1.8029
157.332,4.0025,9.3640,1.7796
157.340,4.0025,9.3640,1.7796
157.348,4.0025,9.3640,1.7562
157.356,4.0025,9.3640,1.7562
157.364,4.0025,9.3640,1.7562
157.372,4.0025,9.3640,1.7329
157.381,4.0025,9.3640,1.7329
157.388,4.0025,9.3640,1.7096
157.398,4.0025,9.3640,1.7096
157.405,4.0025,9.3640,1.6862
157.414,4.0025,9.3640,1.6862
157.421,4.0025,9.3640,1.6862
157.429,4.0025,9.3640,1.6629
157.438,4.0025,9.3640,1.6629
157.446,4.0025,9.3640,1.6396
157.454,4.0025,9.3640,1.6396
157.462,4.0025,9.3640,1.6396
157.470,4.0025,9.3640,1.6162
157.479,4.0025,9.3640,1.6162
157.486,4.0025,9.3640,1.5929
157.495,4.0025,9.3640,1.5929
157.502,4.0025,9.3640,1.5929
157.510,4.0025,9.3640,1.5696
157.519,4.0025,9.3640,1.5696
157.528,4.0025,9.3640,1.5462
157.538,4.0025,9.3640,1.5462
157.546,4.0025,9.3640,1.5229
157.554,4.0025,9.3640,1.5229
157.561,4.0025,9.3640,1.5229
157.570,4.0025,9.3640,1.4996
157.578,4.0025,9.3640,1.4996
157.587,4.0025,9.3640,1.4762
157.596,4.0025,9.3640,1.4762
157.603,4.0025,9.3640,1.4762
157.611,4.0025,9.3640,1.4529
157.620,4.0025,9.3640,1.4529
157.628,4.0025,9.3640,1.4296
157.643,4.0025,9.3640,1.4296
157.656,4.0025,9.3640,1.4062
157.665,4.0025,9.3640,1.3829
157.674,4.0025,9.3640,1.3829
157.682,4.0025,9.3640,1.3829
157.690,4.0025,9.3640,1.3596
157.700,4.0025,9.3640,1.3596
157.708,4.0025,9.3640,1.3362
157.717,4.0025,9.3640,1.3362
157.724,4.0025,9.3640,1.3129
157.734,4.0025,9.3640,1.3129
157.742,4.0025,9.3640,1.3129
157.750,4.0025,9.3640,1.2896
157.758,4.0025,9.3640,1.2896
157.766,4.0025,9.3640,1.2662
157.776,4.0025,9.3640,1.2662
157.785,4.0025,9.3640,1.2429
157.794,4.0025,9.3640,1.2429
157.802,4.0025,9.3640,1.2429
157.810,4.0025,9.3640,1.2196
157.820,4.0025,9.3640,1.2196
157.828,4.0025,9.3640,1.1962
157.838,4.0025,9.3640,1.1962
157.846,4.0025,9.3640,1.1729
157.855,4.0025,9.3640,1.1729
157.863,4.0025,9.3640,1.1729
157.871,4.0025,9.3640,1.1496
157.881,4.0025,9.3640,1.1496
157.888,4.0025,9.3640,1.1262
157.899,4.0025,9.3640,1.1262
157.906,4.0025,9.3640,1.1029
157.916,4.0025,9.3640,1.1029
157.923,4.0025,9.3640,1.1029
157.932,4.0025,9.3640,1.0796
157.942,4.0025,9.3640,1.0796
157.950,4.0025,9.3640,1.0562
157.958,4.0025,9.3640,1.0562
157.967,4.0025,9.3640,1.0329
157.976,4.0025,9.3640,1.0329
157.984,4.0025,9.3640,1.0096
157.994,4.0025,9.3640,1.0096
158.002,4.0025,9.3640,1.0096
158.010,4.0025,9.3640,0.9862
158.021,4.0025,9.3640,0.9862
158.030,4.0025,9.3640,0.9629
158.041,4.0025,9.3640,0.9629
158.051,4.0025,9.3640,0.9396
158.062,4.0025,9.3640,0.9396
158.070,4.0025,9.3640,0.9162
158.080,4.0025,9.3640,0.9162
158.089,4.0025,9.3640,0.8929
158.100,4.0025,9.3640,0.8929
158.108,4.0025,9.3640,0.8696
158.117,4.0025,9.3640,0.8696
158.126,4.0025,9.3640,0.8462
158.136,4.0025,9.3640,0.8462
158.145,4.0025,9.3640,0.8229
158.156,4.0025,9.3640,0.8229
158.164,4.0025,9.3640,0.7996
158.174,4.0025,9.3640,0.7996
158.182,4.0025,9.3640,0.7996
158.190,4.0025,9.3640,0.7762
158.202,4.0025,9.3640,0.7762
158.209,4.0025,9.3640,0.7529
158.219,4.0025,9.3640,0.7529
158.229,4.0025,9.3640,0.7296
158.241,4.0025,9.3640,0.7296
158.252,4.0025,9.3640,0.7062
158.262,4.0025,9.3640,0.7062
158.270,4.0025,9.3640,0.6829
158.281,4.0025,9.3640,0.6829
158.288,4.0025,9.3640,0.6596
158.298,4.0025,9.3640,0.6596
158.306,4.0025,9.3640,0.6362
158.315,4.0025,9.3640,0.6362
158.323,4.0025,9.3640,0.6362
158.331,4.0025,9.3640,0.6129
158.342,4.0025,9.3640,0.6129
158.350,4.0025,9.3640,0.5896
158.360,4.0025,9.3640,0.5896
158.368,4.0025,9.3640,0.5662
158.378,4.0025,9.3640,0.5662
158.386,4.0025,9.3640,0.5429
158.395,4.0025,9.3640,0.5429
158.404,4.0025,9.3640,0.5429
158.412,4.0025,9.3640,0.5196
158.422,4.0025,9.3640,0.5196
158.432,4.0025,9.3640,0.4962
158.442,4.0025,9.3640,0.4962
158.450,4.0025,9.3640,0.4729
158.458,4.0025,9.3640,0.4729
158.466,4.0025,9.3640,0.4496
158.475,4.0025,9.3640,0.4496
158.484,4.0025,9.3640,0.4496
158.491,4.0025,9.3640,0.4262
158.501,4.0025,9.3640,0.4262
158.510,4.0025,9.3640,0.4029
158.519,4.0025,9.3640,0.4029
158.528,4.0025,9.3640,0.3796
158.539,4.0025,9.3640,0.3796
158.547,4.0025,9.3640,0.3562
158.556,4.0025,9.3640,0.3562
158.565,4.0025,9.3640,0.3329
158.575,4.0025,9.3640,0.3329
158.583,4.0025,9.3640,0.3329
158.591,4.0025,9.3640,0.3096
158.602,4.0025,9.3640,0.3096
158.609,4.0025,9.3640,0.2862
158.620,4.0025,9.3640,0.2862
158.629,4.0025,9.3640,0.2629
158.639,4.0025,9.3640,0.2629
158.648,4.0025,9.3640,0.2396
158.658,4.0025,9.3640,0.2396
158.668,4.0025,9.3640,0.2162
158.676,4.0025,9.3640,0.2162
158.684,4.0025,9.3640,0.1929
158.694,4.0025,9.3640,0.1929
158.703,4.0025,9.3640,0.1929
158.711,4.0025,9.3640,0.1696
158.721,4.0025,9.3640,0.1696
158.729,4.0025,9.3640,0.1462
158.739,4.0025,9.3640,0.1462
158.748,4.0025,9.3640,0.1229
158.757,4.0025,9.3640,0.1229
158.765,4.0025,9.3640,0.0996
158.775,4.0025,9.3640,0.0996
158.783,4.0025,9.3640,0.0996
158.791,4.0025,9.3640,0.0762
158.802,4.0025,9.3640,0.0762
158.809,4.0025,9.3640,0.0529
158.818,4.0025,9.3640,0.0529
158.827,4.0025,9.3640,0.0296
158.838,4.0025,9.3640,0.0296
158.845,4.0025,9.3640,0.0062
158.855,4.0025,9.3640,0.0062
158.863,4.0025,9.3640,0.0062
158.872,4.0025,9.3640,-0.0171
158.881,4.0025,9.3640,-0.0171
158.889,4.0025,9.3640,-0.0404
158.899,4.0025,9.3640,-0.0404
158.907,4.0025,9.3640,-0.0638
158.917,4.0025,9.3640,-0.0638
158.924,4.0025,9.3640,-0.0871
158.935,4.0025,9.3640,-0.0871
158.942,4.0025,9.3640,-0.0871
158.951,4.0025,9.3640,-0.1104
158.961,4.0025,9.3640,-0.1104
158.970,4.0025,9.3640,-0.1338
158.979,4.0025,9.3640,-0.1338
158.987,4.0025,9.3640,-0.1571
158.997,4.0025,9.3640,-0.1571
159.004,4.0025,9.3640,-0.1804
159.013,4.0025,9.3640,-0.1804
159.020,4.0025,9.3640,-0.1804
159.028,4.0025,9.3640,-0.2038
159.036,4.0025,9.3640,-0.2038
159.045,4.0025,9.3640,-0.2271
159.054,4.0025,9.3640,-0.2271
159.062,4.0025,9.3640,-0.2271
159.071,4.0025,9.3640,-0.2504
159.079,4.0025,9.3640,-0.2504
159.087,4.0025,9.3640,-0.2738
159.095,4.0025,9.3640,-0.2738
159.103,4.0025,9.3640,-0.2738
159.110,4.0025,9.3640,-0.2971
159.120,4.0025,9.3640,-0.2971
159.127,4.0025,9.3640,-0.3204
159.137,4.0025,9.3640,-0.3204
159.144,4.0025,9.3640,-0.3438
159.153,4.0025,9.3640,-0.3438
159.160,4.0025,9.3640,-0.3438
159.169,4.0025,9.3640,-0.3671
159.176,4.0025,9.3640,-0.3671
159.184,4.0025,9.3640,-0.3904
159.193,4.0025,9.3640,-0.3904
159.201,4.0025,9.3640,-0.3904
159.208,4.0025,9.3640,-0.4138
159.217,4.0025,9.3640,-0.4138
159.226,4.0025,9.3640,-0.4371
159.236,4.0025,9.3640,-0.4371
159.243,4.0025,9.3640,-0.4371
159.250,4.0025,9.3640,-0.4604
159.261,4.0025,9.3640,-0.4604
159.270,4.0025,9.3640,-0.4838
159.279,4.0025,9.3640,-0.4838
159.288,4.0025,9.3640,-0.5071
159.297,4.0025,9.3640,-0.5071
159.305,4.0025,9.3640,-0.5304
159.315,4.0025,9.3640,-0.5304
159.323,4.0025,9.3640,-0.5304
159.332,4.0025,9.3640,-0.5538
159.342,4.0025,9.3640,-0.5538
159.350,4.0025,9.3640,-0.5771
159.359,4.0025,9.3640,-0.5771
159.368,4.0025,9.3640,-0.6004
159.378,4.0025,9.3640,-0.6004
159.386,4.0025,9.3640,-0.6238
159.396,4.0025,9.3640,-0.6238
159.403,4.0025,9.3640,-0.6238
159.412,4.0025,9.3640,-0.6471
159.421,4.0025,9.3640,-0.6471
159.430,4.0025,9.3640,-0.6704
159.440,4.0025,9.3640,-0.6704
159.448,4.0025,9.3640,-0.6938
159.457,4.0025,9.3640,-0.6938
159.467,4.0025,9.3640,-0.7171
159.477,4.0025,9.3640,-0.7171
159.485,4.0025,9.3640,-0.7404
159.496,4.0025,9.3640,-0.7404
159.505,4.0025,9.3640,-0.7638
159.514,4.0025,9.3640,-0.7638
159.522,4.0025,9.3640,-0.7638
159.529,4.0025,9.3640,-0.7871
159.539,4.0025,9.3640,-0.7871
159.548,4.0025,9.3640,-0.8104
159.558,4.0025,9.3640,-0.8104
159.567,4.0025,9.3640,-0.8338
159.575,4.0025,9.3640,-0.8338
159.583,4.0025,9.3640,-0.8338
159.590,4.0025,9.3640,-0.8571
159.601,4.0025,9.3640,-0.8571
159.608,4.0025,9.3640,-0.8804
159.619,4.0025,9.3640,-0.8804
159.627,4.0025,9.3640,-0.9038
159.636,4.0025,9.3640,-0.9038
159.646,4.0025,9.3640,-0.9271
159.655,4.0025,9.3640,-0.9271
159.663,4.0025,9.3640,-0.9271
159.672,4.0025,9.3640,-0.9504
159.681,4.0025,9.3640,-0.9504
159.689,4.0025,9.3640,-0.9738
159.697,4.0025,9.3640,-0.9738
159.706,4.0025,9.3640,-0.9971
159.715,4.0025,9.3640,-0.9971
159.722,4.0025,9.3640,-0.9971
159.730,4.0025,9.3640,-1.0204
159.739,4.0025,9.3640,-1.0204
159.747,4.0025,9.3640,-1.0438
159.755,4.0025,9.3640,-1.0438
159.763,4.0025,9.3640,-1.0438
159.771,4.0025,9.3640,-1.0671
159.779,4.0025,9.3640,-1.0671
159.787,4.0025,9.3640,-1.0904
159.796,4.0025,9.3640,-1.0904
159.805,4.0025,9.3640,-1.1138
159.814,4.0025,9.3640,-1.1138
159.821,4.0025,9.3640,-1.1138
159.829,4.0025,9.3640,-1.1371
159.838,4.0025,9.3640,-1.1371
159.847,4.0025,9.3640,-1.1604
159.855,4.0025,9.3640,-1.1604
159.865,4.0025,9.3640,-1.1838
159.874,4.0025,9.3640,-1.1838
159.881,4.0025,9.3640,-1.1838
159.888,4.0025,9.3640,-1.2071
159.897,4.0025,9.3640,-1.2071
159.904,4.0025,9.3640,-1.2304
159.914,4.0025,9.3640,-1.2304
159.921,4.0025,9.3640,-1.2304
159.928,4.0025,9.3640,-1.2538
159.938,4.0025,9.3640,-1.2538
159.946,4.0025,9.3640,-1.2771
159.955,4.0025,9.3640,-1.2771
159.962,4.0025,9.3640,-1.2771
159.970,4.0025,9.3640,-1.3004
159.979,4.0025,9.3640,-1.3004
159.987,4.0025,9.3640,-1.3238
160.004,4.0025,9.3640,-1.3238
160.016,4.0025,9.3640,-1.3471
160.027,4.0025,9.3640,-1.3704
160.040,4.0025,9.3640,-1.3704
160.054,4.0025,9.3640,-1.3938
160.066,4.0025,9.3640,-1.4171
160.076,4.0025,9.3640,-1.4171
160.084,4.0025,9.3640,-1.4171
160.091,4.0025,9.3640,-1.4404
160.101,4.0025,9.3640,-1.4404
160.109,4.0025,9.3640,-1.4638
160.118,4.0025,9.3640,-1.4638
160.125,4.0025,9.3640,-1.4871
160.136,4.0025,9.3640,-1.4871
160.143,4.0025,9.3640,-1.4871
160.151,4.0025,9.3640,-1.5104
160.159,4.0025,9.3640,-1.5104
160.168,4.0025,9.3640,-1.5338
160.177,4.0025,9.3640,-1.5338
160.186,4.0025,9.3640,-1.5571
160.195,4.0025,9.3640,-1.5571
160.203,4.0025,9.3640,-1.5571
160.210,4.0025,9.3640,-1.5804
160.220,4.0025,9.3640,-1.5804
160.228,4.0025,9.3640,-1.6038
160.237,4.0025,9.3640,-1.6038
160.246,4.0025,9.3640,-1.6271
160.254,4.0025,9.3640,-1.6271
160.264,4.0025,9.3640,-1.6504
160.273,4.0025,9.3640,-1.6504
160.280,4.0025,9.3640,-1.6504
160.288,4.0025,9.3640,-1.6738
160.297,4.0025,9.3640,-1.6738
160.306,4.0025,9.3640,-1.6971
160.316,4.0025,9.3640,-1.6971
160.323,4.0025,9.3640,-1.6971
160.331,4.0025,9.3640,-1.7204
160.341,4.0025,9.3640,-1.7204
160.348,4.0025,9.3640,-1.7438
160.358,4.0025,9.3640,-1.7438
160.366,4.0025,9.3640,-1.7671
160.375,4.0025,9.3640,-1.7671
160.383,4.0025,9.3640,-1.7671
160.390,4.0025,9.3640,-1.7904
160.401,4.0025,9.3640,-1.7904
160.408,4.0025,9.3640,-1.8138
160.418,4.0025,9.3640,-1.8138
160.425,4.0025,9.3640,-1.8371
160.435,4.0025,9.3640,-1.8371
160.444,4.0025,9.3640,-1.8604
160.452,4.0025,9.3640,-1.8604
160.461,4.0025,9.3640,-1.8604
160.469,4.0025,9.3640,-1.8838
160.478,4.0025,9.3640,-1.8838
160.485,4.0025,9.3640,-1.9071
160.496,4.0025,9.3640,-1.9071
160.504,4.0025,9.3640,-1.9304
160.514,4.0025,9.3640,-1.9304
160.523,4.0025,9.3640,-1.9304
160.531,4.0025,9.3640,-1.9538
160.540,4.0025,9.3640,-1.9538
160.548,4.0025,9.3640,-1.9771
160.558,4.0025,9.3640,-1.9771
160.567,4.0025,9.3640,-2.0004
160.576,4.0025,9.3640,-2.0004
160.585,4.0025,9.3640,-2.0238
160.595,4.0025,9.3640,-2.0238
160.604,4.0025,9.3640,-2.0238
160.612,4.0025,9.3640,-2.0471
160.622,4.0025,9.3640,-2.0471
160.632,4.0025,9.3640,-2.0704
160.641,4.0025,9.3640,-2.0704
160.650,4.0025,9.3640,-2.0938
160.660,4.0025,9.3640,-2.0938
160.669,4.0025,9.3640,-2.1171
160.680,4.0025,9.3640,-2.1171
160.687,4.0025,9.3640,-2.1404
160.698,4.0025,9.3640,-2.1404
160.707,4.0025,9.3640,-2.1638
160.718,4.0025,9.3640,-2.1638
160.727,4.0025,9.3640,-2.1871
160.737,4.0025,9.3640,-2.1871
160.747,4.0025,9.3640,-2.2104
160.757,4.0025,9.3640,-2.2104
160.766,4.0025,9.3640,-2.2338
160.777,4.0025,9.3640,-2.2338
160.785,4.0025,9.3640,-2.2571
160.795,4.0025,9.3640,-2.2571
160.804,4.0025,9.3640,-2.2804
160.814,4.0025,9.3640,-2.2804
160.823,4.0025,9.3640,-2.2804
160.833,4.0025,9.3640,-2.3038
160.842,4.0025,9.3640,-2.3038
160.851,4.0025,9.3640,-2.3271
160.860,4.0025,9.3640,-2.3271
160.869,4.0025,9.3640,-2.3504
160.878,4.0025,9.3640,-2.3504
160.886,4.0025,9.3640,-2.3737
160.897,4.0025,9.3640,-2.3737
160.904,4.0025,9.3640,-2.3971
160.915,4.0025,9.3640,-2.3971
160.922,4.0025,9.3640,-2.3971
160.932,4.0025,9.3640,-2.4204
160.941,4.0025,9.3640,-2.4204
160.950,4.0025,9.3640,-2.4437
160.960,4.0025,9.3640,-2.4437
160.969,4.0025,9.3640,-2.4671
160.979,4.0025,9.3640,-2.4671
160.986,4.0025,9.3640,-2.4904
160.996,4.0025,9.3640,-2.4904
161.004,4.0025,9.3640,-2.5137
161.014,4.0025,9.3640,-2.5137
161.020,4.0025,9.3640,-2.5137
161.028,4.0025,9.3640,-2.5371
161.037,4.0025,9.3640,-2.5371
161.045,4.0025,9.3640,-2.5604
161.053,4.0025,9.3640,-2.5604
161.061,4.0025,9.3640,-2.5604
161.069,4.0025,9.3640,-2.5837
161.078,4.0025,9.3640,-2.5837
161.086,4.0025,9.3640,-2.6071
161.097,4.0025,9.3640,-2.6071
161.105,4.0025,9.3640,-2.6304
161.114,4.0025,9.3640,-2.6304
161.121,4.0025,9.3640,-2.6304
161.130,4.0025,9.3640,-2.6537
161.138,4.0025,9.3640,-2.6537
161.146,4.0025,9.3640,-2.6771
161.155,4.0025,9.3640,-2.6771
161.164,4.0025,9.3640,-2.7004
161.173,4.0025,9.3640,-2.7004
161.180,4.0025,9.3640,-2.7004
161.187,4.0025,9.3640,-2.7237
161.197,4.0025,9.3640,-2.7237
161.205,4.0025,9.3640,-2.7471
161.214,4.0025,9.3640,-2.7471
161.222,4.0025,9.3640,-2.7471
161.230,4.0025,9.3640,-2.7704
161.239,4.0025,9.3640,-2.7704
161.247,4.0025,9.3640,-2.7937
161.255,4.0025,9.3640,-2.7937
161.263,4.0025,9.3640,-2.7937
161.271,4.0025,9.3640,-2.8171
161.280,4.0025,9.3640,-2.8171
161.288,4.0025,9.3640,-2.8404
161.298,4.0025,9.3640,-2.8404
161.305,4.0025,9.3640,-2.8637
161.316,4.0025,9.3640,-2.8637
161.322,4.0025,9.3640,-2.8637
161.331,4.0025,9.3640,-2.8871
161.340,4.0025,9.3640,-2.8871
161.347,4.0025,9.3640,-2.9104
161.355,4.0025,9.3640,-2.9104
161.365,4.0025,9.3640,-2.9337
161.374,4.0025,9.3640,-2.9337
161.382,4.0025,9.3640,-2.9337
161.390,4.0025,9.3640,-2.9571
161.400,4.0025,9.3640,-2.9571
161.407,4.0025,9.3640,-2.9804
161.416,4.0025,9.3640,-2.9804
161.423,4.0025,9.3640,-2.9804
161.432,4.0025,9.3640,-3.0037
161.441,4.0025,9.3640,-3.0037
161.448,4.0025,9.3640,-3.0271
161.458,4.0025,9.3640,-3.0271
161.466,4.0025,9.3640,-3.0504
161.475,4.0025,9.3640,-3.0504
161.483,4.0025,9.3640,-3.0504
161.489,4.0025,9.3640,-3.0737
161.500,4.0025,9.3640,-3.0737
161.506,4.0025,9.3640,-3.0971
161.515,4.0025,9.3640,-3.0971
161.523,4.0025,9.3640,-3.0971
161.531,4.0025,9.3640,-3.1204
161.540,4.0025,9.3640,-3.1204
161.548,4.0025,9.3640,-3.1437
161.556,4.0025,9.3640,-3.1437
161.565,4.0025,9.3640,-3.1671
161.574,4.0025,9.3640,-3.1671
161.583,4.0025,9.3640,-3.1671
161.590,4.0025,9.3640,-3.1904
161.601,4.0025,9.3640,-3.1904
161.609,4.0025,9.3640,-3.2137
161.619,4.0025,9.3640,-3.2137
161.626,4.0025,9.3640,-3.2371
161.636,4.0025,9.3640,-3.2371
161.644,4.0025,9.3640,-3.2371
161.651,4.0025,9.3640,-3.2604
161.660,4.0025,9.3640,-3.2604
161.668,4.0025,9.3640,-3.2837
161.679,4.0025,9.3640,-3.2837
161.686,4.0025,9.3640,-3.3071
161.695,4.0025,9.3640,-3.3071
161.703,4.0025,9.3640,-3.3071
161.711,4.0025,9.3640,-3.3304
161.720,4.0025,9.3640,-3.3304
161.727,4.0025,9.3640,-3.3537
161.738,4.0025,9.3640,-3.3537
161.745,4.0025,9.3640,-3.3771
161.755,4.0025,9.3640,-3.3771
161.764,4.0025,9.3640,-3.3771
161.771,4.0025,9.3640,-3.4004
161.780,4.0025,9.3640,-3.4004
161.789,4.0025,9.3640,-3.4237
161.800,4.0025,9.3640,-3.4237
161.807,4.0025,9.3640,-3.4471
161.817,4.0025,9.3640,-3.4471
161.824,4.0025,9.3640,-3.4704
161.835,4.0025,9.3640,-3.4704
161.843,4.0025,9.3640,-3.4704
161.851,4.0025,9.3640,-3.4937
161.861,4.0025,9.3640,-3.4937
161.869,4.0025,9.3640,-3.5171
161.878,4.0025,9.3640,-3.5171
161.886,4.0025,9.3640,-3.5404
161.897,4.0025,9.3640,-3.5404
161.904,4.0025,9.3640,-3.5637
161.914,4.0025,9.3640,-3.5637
161.922,4.0025,9.3640,-3.5637
161.931,4.0025,9.3640,-3.5871
161.940,4.0025,9.3640,-3.5871
161.949,4.0025,9.3640,-3.6104
161.958,4.0025,9.3640,-3.6104
161.966,4.0025,9.3640,-3.6337
161.977,4.0025,9.3640,-3.6337
161.985,4.0025,9.3640,-3.6571
161.996,4.0025,9.3640,-3.6571
162.005,4.0025,9.3640,-3.6804
162.015,4.0025,9.3640,-3.6804
162.023,4.0025,9.3640,-3.6804
162.032,4.0025,9.3640,-3.7037
162.042,4.0025,9.3640,-3.7037
162.050,4.0025,9.3640,-3.7271
162.060,4.0025,9.3640,-3.7271
162.069,4.0025,9.3640,-3.7504
162.078,4.0025,9.3640,-3.7504
162.088,4.0025,9.3640,-3.7737
162.106,4.0025,9.3640,-3.7971
162.116,4.0025,9.3640,-3.7971
162.123,4.0025,9.3640,-3.7971
162.133,4.0025,9.3640,-3.8204
162.142,4.0025,9.3640,-3.8204
162.150,4.0025,9.3640,-3.8437
162.161,4.0025,9.3640,-3.8437
162.170,4.0025,9.3640,-3.8671
162.180,4.0025,9.3640,-3.8671
162.188,4.0025,9.3640,-3.8904
162.198,4.0025,9.3640,-3.8904
162.207,4.0025,9.3640,-3.9137
162.217,4.0025,9.3640,-3.9137
162.225,4.0025,9.3640,-3.9371
162.234,4.0025,9.3640,-3.9371
162.242,4.0025,9.3640,-3.9371
162.250,4.0025,9.3640,-3.9604
162.258,4.0025,9.3640,-3.9604
162.266,4.0025,9.3640,-3.9837
162.275,4.0025,9.3640,-3.9837
162.282,4.0025,9.3640,-3.9837
162.289,4.0025,9.3640,-4.0071
162.299,4.0025,9.3640,-4.0071
162.307,4.0025,9.3640,-4.0304
162.317,4.0025,9.3640,-4.0304
162.324,4.0025,9.3640,-4.0304
162.332,4.0025,9.3640,-4.0537
162.340,4.0025,9.3640,-4.0537
162.348,4.0025,9.3640,-4.0771
162.356,4.0025,9.3640,-4.0771
162.365,4.0025,9.3640,-4.1004
162.374,4.0025,9.3640,-4.1004
162.382,4.0025,9.3640,-4.1004
162.389,4.0025,9.3640,-4.1237
162.397,4.0025,9.3640,-4.1237
162.405,4.0025,9.3640,-4.1471
162.414,4.0025,9.3640,-4.1471
162.421,4.0025,9.3640,-4.1471
162.430,4.0025,9.3640,-4.1704
162.440,4.0025,9.3640,-4.1704
162.447,4.0025,9.3640,-4.1938
162.455,4.0025,9.3640,-4.1938
162.463,4.0025,9.3640,-4.1938
162.471,4.0025,9.3640,-4.2171
162.481,4.0025,9.3640,-4.2171
162.488,4.0025,9.3640,-4.2404
162.498,4.0025,9.3640,-4.2404
162.506,4.0025,9.3640,-4.2638
162.515,4.0025,9.3640,-4.2638
162.523,4.0025,9.3640,-4.2638
162.530,4.0025,9.3640,-4.2871
162.540,4.0025,9.3640,-4.2871
162.548,4.0025,9.3640,-4.3104
162.556,4.0025,9.3640,-4.3104
162.565,4.0025,9.3640,-4.3338
162.573,4.0025,9.3640,-4.3338
162.582,4.0025,9.3640,-4.3338
162.588,4.0025,9.3640,-4.3571
162.598,4.0025,9.3640,-4.3571
162.606,4.0025,9.3640,-4.3804
162.616,4.0025,9.3640,-4.3804
162.623,4.0025,9.3640,-4.3804
162.631,4.0025,9.3640,-4.4038
162.641,4.0025,9.3640,-4.4038
162.649,4.0025,9.3640,-4.4271
162.657,4.0025,9.3640,-4.4271
162.666,4.0025,9.3640,-4.4504
162.675,4.0025,9.3640,-4.4504
162.682,4.0025,9.3640,-4.4504
162.689,4.0025,9.3640,-4.4738
162.698,4.0025,9.3640,-4.4738
162.706,4.0025,9.3640,-4.4971
162.714,4.0025,9.3640,-4.4971
162.722,4.0025,9.3640,-4.4971
162.729,4.0025,9.3640,-4.5204
162.739,4.0025,9.3640,-4.5204
162.746,4.0025,9.3640,-4.5438
162.756,4.0025,9.3640,-4.5438
162.765,4.0025,9.3640,-4.5671
162.774,4.0025,9.3640,-4.5671
162.782,4.0025,9.3640,-4.5671
162.789,4.0025,9.3640,-4.5904
162.799,4.0025,9.3640,-4.5904
162.806,4.0025,9.3640,-4.6138
162.815,4.0025,9.3640,-4.6138
162.822,4.0025,9.3640,-4.6138
162.830,4.0025,9.3640,-4.6371
162.839,4.0025,9.3640,-4.6371
162.846,4.0025,9.3640,-4.6604
162.856,4.0025,9.3640,-4.6604
162.864,4.0025,9.3640,-4.6838
162.874,4.0025,9.3640,-4.6838
162.882,4.0025,9.3640,-4.6838
162.889,4.0025,9.3640,-4.7071
162.898,4.0025,9.3640,-4.7071
162.906,4.0025,9.3640,-4.7304
162.916,4.0025,9.3640,-4.7304
162.923,4.0025,9.3640,-4.7304
162.931,4.0025,9.3640,-4.7538
162.941,4.0025,9.3640,-4.7538
162.949,4.0025,9.3640,-4.7771
162.957,4.0025,9.3640,-4.7771
162.967,4.0025,9.3640,-4.8004
162.975,4.0025,9.3640,-4.8004
162.984,4.0025,9.3640,-4.8004
162.990,4.0025,9.3640,-4.8238
163.001,4.0025,9.3640,-4.8238
163.008,4.0025,9.3640,-4.8471
163.017,4.0025,9.3640,-4.8471
163.024,4.0025,9.3640,-4.8704
163.035,4.0025,9.3640,-4.8704
163.042,4.0025,9.3640,-4.8704
163.050,4.0025,9.3640,-4.8937
163.060,4.0025,9.3640,-4.8937
163.068,4.0025,9.3640,-4.9168
163.078,4.0025,9.3640,-4.9168
163.087,4.0025,9.3640,-4.9397
163.098,4.0025,9.3640,-4.9397
163.106,4.0025,9.3640,-4.9623
163.116,4.0025,9.3640,-4.9623
163.126,4.0025,9.3640,-4.9845
163.137,4.0025,9.3640,-4.9845
163.146,4.0025,9.3640,-5.0063
163.155,4.0025,9.3640,-5.0063
163.164,4.0025,9.3640,-5.0063
163.172,4.0025,9.3640,-5.0279
163.181,4.0025,9.3640,-5.0279
163.189,4.0025,9.3640,-5.0492
163.200,4.0025,9.3640,-5.0492
163.207,4.0025,9.3640,-5.0705
163.218,4.0025,9.3640,-5.0705
163.225,4.0025,9.3640,-5.0915
163.237,4.0025,9.3640,-5.0915
163.246,4.0025,9.3640,-5.1122
163.256,4.0025,9.3640,-5.1122
163.265,4.0025,9.3640,-5.1328
163.274,4.0025,9.3640,-5.1328
163.285,4.0025,9.3640,-5.1531
163.294,4.0025,9.3640,-5.1531
163.301,4.0025,9.3640,-5.1531
163.309,4.0025,9.3640,-5.1732
163.319,4.0025,9.3640,-5.1732
163.327,4.0025,9.3640,-5.1932
163.338,4.0025,9.3640,-5.1932
163.346,4.0025,9.3640,-5.2130
163.355,4.0025,9.3640,-5.2130
163.363,4.0025,9.3640,-5.2130
163.372,4.0025,9.3640,-5.2325
163.381,4.0025,9.3640,-5.2325
163.389,4.0025,9.3640,-5.2520
163.399,4.0025,9.3640,-5.2520
163.407,4.0025,9.3640,-5.2713
163.416,4.0025,9.3640,-5.2713
163.423,4.0025,9.3640,-5.2713
163.432,4.0025,9.3640,-5.2904
163.441,4.0025,9.3640,-5.2904
163.450,4.0025,9.3640,-5.3094
163.458,4.0025,9.3640,-5.3094
163.467,4.0025,9.3640,-5.3284
163.475,4.0025,9.3640,-5.3284
163.484,4.0025,9.3640,-5.3284
163.491,4.0025,9.3640,-5.3471
163.500,4.0025,9.3640,-5.3471
163.507,4.0025,9.3640,-5.3658
163.518,4.0025,9.3640,-5.3658
163.525,4.0025,9.3640,-5.3844
163.534,4.0025,9.3640,-5.3844
163.542,4.0025,9.3640,-5.3844
163.550,4.0025,9.3640,-5.4030
163.558,4.0025,9.3640,-5.4030
163.567,4.0025,9.3640,-5.4215
163.575,4.0025,9.3640,-5.4215
163.583,4.0025,9.3640,-5.4215
163.590,4.0025,9.3640,-5.4400
163.600,4.0025,9.3640,-5.4400
163.608,4.0025,9.3640,-5.4584
163.618,4.0025,9.3640,-5.4584
163.624,4.0025,9.3640,-5.4768
163.634,4.0025,9.3640,-5.4768
163.641,4.0025,9.3640,-5.4768
163.649,4.0025,9.3640,-5.4951
163.657,4.0025,9.3640,-5.4951
163.664,4.0025,9.3640,-5.5133
163.673,4.0025,9.3640,-5.5133
163.680,4.0025,9.3640,-5.5133
163.687,4.0025,9.3640,-5.5229
163.696,4.0025,9.3640,-5.5229
163.703,4.0025,9.3640,-5.5229
163.709,4.0025,9.3640,-5.5323
163.719,4.0025,9.3640,-5.5323
163.727,4.0025,9.3640,-5.5416
163.737,4.0025,9.3640,-5.5416
163.745,4.0025,9.3640,-5.5506
163.753,4.0025,9.3640,-5.5506
163.762,4.0025,9.3640,-5.5506
163.768,4.0025,9.3640,-5.5593
163.778,4.0025,9.3640,-5.5593
163.786,4.0025,9.3640,-5.5679
163.796,4.0025,9.3640,-5.5679
163.803,4.0025,9.3640,-5.5679
163.810,4.0025,9.3640,-5.5764
163.819,4.0025,9.3640,-5.5764
163.826,4.0025,9.3640,-5.5849
163.836,4.0025,9.3640,-5.5849
163.843,4.0025,9.3640,-5.5849
163.851,4.0025,9.3640,-5.5934
163.859,4.0025,9.3640,-5.5934
163.867,4.0025,9.3640,-5.6019
163.876,4.0025,9.3640,-5.6019
163.884,4.0025,9.3640,-5.6104
163.893,4.0025,9.3640,-5.6104
163.902,4.0025,9.3640,-5.6104
163.909,4.0025,9.3640,-5.6188
163.918,4.0025,9.3640,-5.6188
163.924,4.0025,9.3640,-5.6272
163.935,4.0025,9.3640,-5.6272
163.942,4.0025,9.3640,-5.6272
163.950,4.0025,9.3640,-5.6356
163.958,4.0025,9.3640,-5.6356
163.966,4.0025,9.3640,-5.6440
163.975,4.0025,9.3640,-5.6440
163.982,4.0025,9.3640,-5.6440
163.989,4.0025,9.3640,-5.6523
163.998,4.0025,9.3640,-5.6523
164.005,4.0025,9.3640,-5.6606
164.013,4.0025,9.3640,-5.6606
164.020,4.0025,9.3640,-5.6606
164.027,4.0025,9.3640,-5.6689
164.036,4.0025,9.3640,-5.6689
164.043,4.0025,9.3640,-5.6689
164.051,4.0025,9.3640,-5.6772
164.060,4.0025,9.3640,-5.6772
164.068,4.0025,9.3640,-5.6855
164.077,4.0025,9.3640,-5.6855
164.086,4.0025,9.3640,-5.6938
164.096,4.0025,9.3640,-5.6938
164.104,4.0025,9.3640,-5.7022
164.122,4.0025,9.3640,-5.7022
164.130,4.0025,9.3640,-5.7105
164.139,4.0025,9.3640,-5.7105
164.148,4.0025,9.3640,-5.7188
164.156,4.0025,9.3640,-5.7188
164.164,4.0025,9.3640,-5.7188
164.171,4.0025,9.3640,-5.7272
164.181,4.0025,9.3640,-5.7272
164.188,4.0025,9.3640,-5.7354
164.197,4.0025,9.3640,-5.7354
164.204,4.0025,9.3640,-5.7437
164.215,4.0025,9.3640,-5.7437
164.222,4.0025,9.3640,-5.7437
164.229,4.0025,9.3640,-5.7520
164.238,4.0025,9.3640,-5.7520
164.246,4.0025,9.3640,-5.7603
164.255,4.0025,9.3640,-5.7603
164.263,4.0025,9.3640,-5.7603
164.271,4.0025,9.3640,-5.7685
164.280,4.0025,9.3640,-5.7685
164.288,4.0025,9.3640,-5.7767
164.297,4.0025,9.3640,-5.7767
164.305,4.0025,9.3640,-5.7849
164.315,4.0025,9.3640,-5.7849
164.323,4.0025,9.3640,-5.7849
164.333,4.0025,9.3640,-5.7930
164.341,4.0025,9.3640,-5.7930
164.349,4.0025,9.3640,-5.8010
164.358,4.0025,9.3640,-5.8010
164.367,4.0025,9.3640,-5.8089
164.377,4.0025,9.3640,-5.8089
164.385,4.0025,9.3640,-5.8167
164.394,4.0025,9.3640,-5.8167
164.402,4.0025,9.3640,-5.8167
164.410,4.0025,9.3640,-5.8243
164.419,4.0025,9.3640,-5.8243
164.427,4.0025,9.3640,-5.8318
164.436,4.0025,9.3640,-5.8318
164.445,4.0025,9.3640,-5.8392
164.454,4.0025,9.3640,-5.8392
164.461,4.0025,9.3640,-5.8392
164.470,4.0025,9.3640,-5.8465
164.479,4.0025,9.3640,-5.8465
164.488,4.0025,9.3640,-5.8538
164.498,4.0025,9.3640,-5.8538
164.506,4.0025,9.3640,-5.8611
164.517,4.0025,9.3640,-5.8611
164.526,4.0025,9.3640,-5.8683
164.537,4.0025,9.3640,-5.8683
164.546,4.0025,9.3640,-5.8756
164.555,4.0025,9.3640,-5.8756
164.564,4.0025,9.3640,-5.8829
164.574,4.0025,9.3640,-5.8829
164.582,4.0025,9.3640,-5.8829
164.589,4.0025,9.3640,-5.8902
164.600,4.0025,9.3640,-5.8902
164.608,4.0025,9.3640,-5.8976
164.617,4.0025,9.3640,-5.8976
164.626,4.0025,9.3640,-5.9049
164.636,4.0025,9.3640,-5.9049
164.644,4.0025,9.3640,-5.9122
164.654,4.0025,9.3640,-5.9122
164.662,4.0025,9.3640,-5.9122
164.670,4.0025,9.3640,-5.9196
164.679,4.0025,9.3640,-5.9196
164.688,4.0025,9.3640,-5.9270
164.697,4.0025,9.3640,-5.9270
164.705,4.0025,9.3640,-5.9343
164.716,4.0025,9.3640,-5.9343
164.723,4.0025,9.3640,-5.9343
164.732,4.0025,9.3640,-5.9417
164.740,4.0025,9.3640,-5.9417
164.748,4.0025,9.3640,-5.9491
164.755,4.0025,9.3640,-5.9491
164.763,4.0025,9.3640,-5.9491
164.770,4.0025,9.3640,-5.9565
164.779,4.0025,9.3640,-5.9565
164.787,4.0025,9.3640,-5.9639
164.796,4.0025,9.3640,-5.9639
164.803,4.0025,9.3640,-5.9639
164.811,4.0025,9.3640,-5.9712
164.820,4.0025,9.3640,-5.9712
164.827,4.0025,9.3640,-5.9786
164.836,4.0025,9.3640,-5.9786
164.844,4.0025,9.3640,-5.9786
164.850,4.0025,9.3640,-5.9860
164.860,4.0025,9.3640,-5.9860
164.868,4.0025,9.3640,-5.9934
164.877,4.0025,9.3640,-5.9934
164.884,4.0025,9.3640,-6.0008
164.893,4.0025,9.3640,-6.0008
164.901,4.0025,9.3640,-6.0008
164.908,4.0025,9.3640,-6.0082
164.918,4.0025,9.3640,-6.0082
164.924,4.0025,9.3640,-6.0156
164.935,4.0025,9.3640,-6.0156
164.942,4.0025,9.3640,-6.0156
164.950,4.0025,9.3640,-6.0230
164.957,4.0025,9.3640,-6.0230
164.966,4.0025,9.3640,-6.0303
164.974,4.0025,9.3640,-6.0303
164.983,4.0025,9.3640,-6.0303
164.990,4.0025,9.3640,-6.0376
165.000,4.0025,9.3640,-6.0376
165.006,4.0025,9.3640,-6.0448
165.016,4.0025,9.3640,-6.0448
165.022,4.0025,9.3640,-6.0448
165.031,4.0025,9.3640,-6.0520
165.040,4.0025,9.3640,-6.0520
165.047,4.0025,9.3640,-6.0590
165.056,4.0025,9.3640,-6.0590
165.065,4.0025,9.3640,-6.0625
165.074,4.0025,9.3640,-6.0625
165.082,4.0025,9.3640,-6.0625
165.090,4.0025,9.3640,-6.0657
165.099,4.0025,9.3640,-6.0657
165.107,4.0025,9.3640,-6.0688
165.116,4.0025,9.3640,-6.0688
165.124,4.0025,9.3640,-6.0715
165.134,4.0025,9.3640,-6.0715
165.141,4.0025,9.3640,-6.0715
165.149,4.0025,9.3640,-6.0738
165.158,4.0025,9.3640,-6.0738
165.166,4.0025,9.3640,-6.0745
165.175,4.0025,9.3640,-6.0745
165.184,4.0025,9.3640,-6.0745
165.190,4.0025,9.3640,-6.0752
165.201,4.0025,9.3640,-6.0752
165.208,4.0025,9.3640,-6.0758
165.217,4.0025,9.3640,-6.0758
165.224,4.0025,9.3640,-6.0764
165.233,4.0025,9.3640,-6.0764
165.241,4.0025,9.3640,-6.0764
165.249,4.0025,9.3640,-6.0770
165.256,4.0025,9.3640,-6.0770
165.265,4.0025,9.3640,-6.0776
165.273,4.0025,9.3640,-6.0776
165.281,4.0025,9.3640,-6.0776
165.287,4.0025,9.3640,-6.0781
165.297,4.0025,9.3640,-6.0781
165.305,4.0025,9.3640,-6.0786
165.313,4.0025,9.3640,-6.0786
165.321,4.0025,9.3640,-6.0786
165.329,4.0025,9.3640,-6.0789
165.339,4.0025,9.3640,-6.0789
165.346,4.0025,9.3640,-6.0789
165.354,4.0025,9.3640,-6.0789
165.363,4.0025,9.3640,-6.0789
165.370,4.0025,9.3640,-6.0789
165.379,4.0025,9.3640,-6.0789
165.387,4.0025,9.3640,-6.0789
165.396,4.0025,9.3640,-6.0789
165.404,4.0025,9.3640,-6.0789
165.412,4.0025,9.3640,-6.0789
165.420,4.0025,9.3640,-6.0789
165.427,4.0025,9.3640,-6.0789
165.436,4.0025,9.3640,-6.0789
165.444,4.0025,9.3640,-6.0789
165.453,4.0025,9.3640,-6.0789
165.460,4.0025,9.3640,-6.0789
165.467,4.0025,9.3640,-6.0789
165.476,4.0025,9.3640,-6.0789
165.483,4.0025,9.3640,-6.0789
165.490,4.0025,9.3640,-6.0789
165.500,4.0025,9.3640,-6.0789
165.508,4.0025,9.3640,-6.0789
165.516,4.0025,9.3640,-6.0789
165.523,4.0025,9.3640,-6.0789
165.531,4.0025,9.3640,-6.0789
165.540,4.0025,9.3640,-6.0789
165.547,4.0025,9.3640,-6.0789
165.556,4.0025,9.3640,-6.0789
165.565,4.0025,9.3640,-6.0787
165.575,4.0025,9.3640,-6.0787
165.583,4.0025,9.3640,-6.0787
165.590,4.0025,9.3640,-6.0783
165.600,4.0025,9.3640,-6.0783
165.607,4.0025,9.3640,-6.0779
165.618,4.0025,9.3640,-6.0779
165.626,4.0025,9.3640,-6.0774
165.636,4.0025,9.3640,-6.0774
165.644,4.0025,9.3640,-6.0774
165.652,4.0025,9.3640,-6.0767
165.661,4.0025,9.3640,-6.0767
165.670,4.0025,9.3640,-6.0761
165.681,4.0025,9.3640,-6.0761
165.689,4.0025,9.3640,-6.0754
165.700,4.0025,9.3640,-6.0754
165.707,4.0025,9.3640,-6.0747
165.717,4.0025,9.3640,-6.0747
165.725,4.0025,9.3640,-6.0740
165.735,4.0025,9.3640,-6.0740
165.742,4.0025,9.3640,-6.0740
165.750,4.0025,9.3640,-6.0733
165.760,4.0025,9.3640,-6.0733
165.769,4.0025,9.3640,-6.0726
165.780,4.0025,9.3640,-6.0726
165.789,4.0025,9.3640,-6.0718
165.798,4.0025,9.3640,-6.0718
165.806,4.0025,9.3640,-6.0711
165.816,4.0025,9.3640,-6.0711
165.823,4.0025,9.3640,-6.0711
165.833,4.0025,9.3640,-6.0703
165.840,4.0025,9.3640,-6.0703
165.849,4.0025,9.3640,-6.0695
165.857,4.0025,9.3640,-6.0695
165.867,4.0025,9.3640,-6.0673
165.878,4.0025,9.3640,-6.0673
165.885,4.0025,9.3640,-6.0650
165.895,4.0025,9.3640,-6.0650
165.903,4.0025,9.3640,-6.0650
165.911,4.0025,9.3640,-6.0626
165.921,4.0025,9.3640,-6.0626
165.929,4.0025,9.3640,-6.0602
165.939,4.0025,9.3640,-6.0602
165.946,4.0025,9.3640,-6.0577
165.956,4.0025,9.3640,-6.0577
165.965,4.0025,9.3640,-6.0552
165.973,4.0025,9.3640,-6.0552
165.981,4.0025,9.3640,-6.0552
165.990,4.0025,9.3640,-6.0527
166.000,4.0025,9.3640,-6.0527
166.007,4.0025,9.3640,-6.0502
166.016,4.0025,9.3640,-6.0502
166.023,4.0025,9.3640,-6.0502
166.031,4.0025,9.3640,-6.0477
166.040,4.0025,9.3640,-6.0477
166.047,4.0025,9.3640,-6.0452
166.055,4.0025,9.3640,-6.0452
166.063,4.0025,9.3640,-6.0452
166.071,4.0025,9.3640,-6.0428
166.081,4.0025,9.3640,-6.0428
166.089,4.0025,9.3640,-6.0403
166.100,4.0025,9.3640,-6.0403
166.107,4.0025,9.3640,-6.0378
166.116,4.0025,9.3640,-6.0378
166.122,4.0025,9.3640,-6.0378
166.130,4.0025,9.3640,-6.0353
166.139,4.0025,9.3640,-6.0353
166.155,4.0025,9.3640,-6.0328
166.165,4.0025,9.3640,-6.0304
166.173,4.0025,9.3640,-6.0304
166.181,4.0025,9.3640,-6.0304
166.188,4.0025,9.3640,-6.0279
166.196,4.0025,9.3640,-6.0279
166.204,4.0025,9.3640,-6.0255
166.212,4.0025,9.3640,-6.0255
166.220,4.0025,9.3640,-6.0255
166.226,4.0025,9.3640,-6.0230
166.234,4.0025,9.3640,-6.0230
166.241,4.0025,9.3640,-6.0230
166.248,4.0025,9.3640,-6.0206
166.256,4.0025,9.3640,-6.0206
166.265,4.0025,9.3640,-6.0182
166.273,4.0025,9.3640,-6.0182
166.281,4.0025,9.3640,-6.0182
166.288,4.0025,9.3640,-6.0158
166.297,4.0025,9.3640,-6.0158
166.305,4.0025,9.3640,-6.0134
166.313,4.0025,9.3640,-6.0134
166.320,4.0025,9.3640,-6.0134
166.327,4.0025,9.3640,-6.0111
166.335,4.0025,9.3640,-6.0111
166.342,4.0025,9.3640,-6.0111
166.350,4.0025,9.3640,-6.0088
166.358,4.0025,9.3640,-6.0088
166.365,4.0025,9.3640,-6.0064
166.373,4.0025,9.3640,-6.0064
166.382,4.0025,9.3640,-6.0064
166.390,4.0025,9.3640,-6.0041
166.399,4.0025,9.3640,-6.0041
166.406,4.0025,9.3640,-6.0019
166.416,4.0025,9.3640,-6.0019
166.423,4.0025,9.3640,-6.0019
166.431,4.0025,9.3640,-5.9996
166.440,4.0025,9.3640,-5.9996
166.447,4.0025,9.3640,-5.9974
166.456,4.0025,9.3640,-5.9974
166.465,4.0025,9.3640,-5.9951
166.474,4.0025,9.3640,-5.9951
166.483,4.0025,9.3640,-5.9951
166.489,4.0025,9.3640,-5.9930
166.498,4.0025,9.3640,-5.9930
166.505,4.0025,9.3640,-5.9922
166.514,4.0025,9.3640,-5.9922
166.521,4.0025,9.3640,-5.9922
166.529,4.0025,9.3640,-5.9914
166.538,4.0025,9.3640,-5.9914
166.546,4.0025,9.3640,-5.9907
166.555,4.0025,9.3640,-5.9907
166.563,4.0025,9.3640,-5.9907
166.571,4.0025,9.3640,-5.9900
166.580,4.0025,9.3640,-5.9900
166.587,4.0025,9.3640,-5.9893
166.597,4.0025,9.3640,-5.9893
166.605,4.0025,9.3640,-5.9887
166.613,4.0025,9.3640,-5.9887
166.621,4.0025,9.3640,-5.9887
166.628,4.0025,9.3640,-5.9882
166.638,4.0025,9.3640,-5.9882
166.646,4.0025,9.3640,-5.9878
166.655,4.0025,9.3640,-5.9878
166.662,4.0025,9.3640,-5.9878
166.669,4.0025,9.3640,-5.9874
166.678,4.0025,9.3640,-5.9874
166.686,4.0025,9.3640,-5.9871
166.695,4.0025,9.3640,-5.9871
166.703,4.0025,9.3640,-5.9871
166.710,4.0025,9.3640,-5.9871
166.720,4.0025,9.3640,-5.9871
166.728,4.0025,9.3640,-5.9871
166.735,4.0025,9.3640,-5.9871
166.743,4.0025,9.3640,-5.9871
166.751,4.0025,9.3640,-5.9871
166.759,4.0025,9.3640,-5.9871
166.767,4.0025,9.3640,-5.9871
166.777,4.0025,9.3640,-5.9871
166.784,4.0025,9.3640,-5.9871
166.792,4.0025,9.3640,-5.9871
166.799,4.0025,9.3640,-5.9871
166.807,4.0025,9.3640,-5.9871
166.815,4.0025,9.3640,-5.9871
166.822,4.0025,9.3640,-5.9871
166.830,4.0025,9.3640,-5.9871
166.839,4.0025,9.3640,-5.9871
166.847,4.0025,9.3640,-5.9871
166.855,4.0025,9.3640,-5.9871
166.863,4.0025,9.3640,-5.9871
166.872,4.0025,9.3640,-5.9871
166.881,4.0025,9.3640,-5.9871
166.890,4.0025,9.3640,-5.9871
166.900,4.0025,9.3640,-5.9871
166.908,4.0025,9.3640,-5.9871
166.918,4.0025,9.3640,-5.9871
166.925,4.0025,9.3640,-5.9871
166.935,4.0025,9.3640,-5.9871
166.943,4.0025,9.3640,-5.9871
166.951,4.0025,9.3640,-5.9871
166.960,4.0025,9.3640,-5.9871
166.969,4.0025,9.3640,-5.9871
166.978,4.0025,9.3640,-5.9871
166.985,4.0025,9.3640,-5.9871
166.995,4.0025,9.3640,-5.9871
167.004,4.0025,9.3640,-5.9871
167.014,4.0025,9.3640,-5.9871
167.022,4.0025,9.3640,-5.9871
167.031,4.0025,9.3640,-5.9871
167.041,4.0025,9.3640,-5.9871
167.049,4.0025,9.3640,-5.9871
167.057,4.0025,9.3640,-5.9871
167.067,4.0025,9.3640,-5.9871
167.075,4.0025,9.3640,-5.9871
167.083,4.0025,9.3640,-5.9871
167.090,4.0025,9.3640,-5.9871
167.100,4.0025,9.3640,-5.9871
167.108,4.0025,9.3640,-5.9871
167.118,4.0025,9.3640,-5.9871
167.125,4.0025,9.3640,-5.9871
167.135,4.0025,9.3640,-5.9871
167.143,4.0025,9.3640,-5.9871
167.153,4.0025,9.3640,-5.9871
167.162,4.0025,9.3640,-5.9871
167.170,4.0025,9.3640,-5.9871
167.178,4.0025,9.3640,-5.9871
167.186,4.0025,9.3640,-5.9871
167.195,4.0025,9.3640,-5.9871
167.203,4.0025,9.3640,-5.9871
167.211,4.0025,9.3640,-5.9871
167.219,4.0025,9.3640,-5.9871
167.228,4.0025,9.3640,-5.9871
167.238,4.0025,9.3640,-5.9871
167.248,4.0025,9.3640,-5.9871
167.257,4.0025,9.3640,-5.9871
167.265,4.0025,9.3640,-5.9871
167.274,4.0025,9.3640,-5.9871
167.280,4.0025,9.3640,-5.9871
167.288,4.0025,9.3640,-5.9871
167.297,4.0025,9.3640,-5.9871
167.306,4.0025,9.3640,-5.9871
167.314,4.0025,9.3640,-5.9871
167.323,4.0025,9.3640,-5.9871
167.331,4.0025,9.3640,-5.9871
167.338,4.0025,9.3640,-5.9871
167.346,4.0025,9.3640,-5.9871
167.354,4.0025,9.3640,-5.9871
167.361,4.0025,9.3640,-5.9871
167.369,4.0025,9.3640,-5.9871
167.378,4.0025,9.3640,-5.9871
167.386,4.0025,9.3640,-5.9871
167.393,4.0025,9.3640,-5.9871
167.401,4.0025,9.3640,-5.9871
167.408,4.0025,9.3640,-5.9871
167.418,4.0025,9.3640,-5.9871
167.425,4.0025,9.3640,-5.9871
167.433,4.0025,9.3640,-5.9871
167.441,4.0025,9.3640,-5.9871
167.448,4.0025,9.3640,-5.9871
167.455,4.0025,9.3640,-5.9871
167.464,4.0025,9.3640,-5.9871
167.471,4.0025,9.3639,-5.9871
167.480,4.0025,9.3639,-5.9871
167.487,4.0025,9.3639,-5.9871
167.495,4.0025,9.3639,-5.9871
167.502,4.0025,9.3639,-5.9871
167.510,4.0025,9.3638,-5.9871
167.518,4.0025,9.3638,-5.9871
167.524,4.0025,9.3637,-5.9871
167.534,4.0025,9.3637,-5.9871
167.542,4.0025,9.3637,-5.9871
167.549,4.0025,9.3635,-5.9871
167.557,4.0025,9.3635,-5.9871
167.565,4.0025,9.3633,-5.9871
167.574,4.0025,9.3633,-5.9871
167.581,4.0025,9.3633,-5.9871
167.588,4.0025,9.3630,-5.9871
167.599,4.0025,9.3630,-5.9871
167.606,4.0025,9.3627,-5.9871
167.615,4.0025,9.3627,-5.9871
167.622,4.0025,9.3627,-5.9871
167.630,4.0025,9.3624,-5.9871
167.638,4.0025,9.3624,-5.9871
167.646,4.0025,9.3620,-5.9871
167.654,4.0025,9.3620,-5.9871
167.662,4.0025,9.3620,-5.9871
167.669,4.0025,9.3617,-5.9871
167.678,4.0025,9.3617,-5.9871
167.685,4.0025,9.3609,-5.9871
167.694,4.0025,9.3609,-5.9871
167.701,4.0025,9.3609,-5.9871
167.709,4.0025,9.3601,-5.9871
167.718,4.0025,9.3601,-5.9871
167.724,4.0025,9.3593,-5.9871
167.733,4.0025,9.3593,-5.9871
167.740,4.0025,9.3593,-5.9871
167.747,4.0025,9.3584,-5.9871
167.756,4.0025,9.3584,-5.9871
167.764,4.0025,9.3584,-5.9871
167.771,4.0025,9.3575,-5.9871
167.781,4.0025,9.3575,-5.9871
167.788,4.0025,9.3566,-5.9871
167.797,4.0025,9.3566,-5.9871
167.805,4.0025,9.3557,-5.9871
167.814,4.0025,9.3557,-5.9871
167.820,4.0025,9.3557,-5.9871
167.828,4.0025,9.3547,-5.9871
167.836,4.0025,9.3547,-5.9871
167.845,4.0025,9.3538,-5.9871
167.853,4.0025,9.3538,-5.9871
167.860,4.0025,9.3538,-5.9871
167.868,4.0025,9.3528,-5.9871
167.876,4.0025,9.3528,-5.9871
167.884,4.0025,9.3528,-5.9871
167.891,4.0025,9.3518,-5.9871
167.900,4.0025,9.3518,-5.9871
167.908,4.0025,9.3497,-5.9871
167.916,4.0025,9.3497,-5.9871
167.923,4.0025,9.3497,-5.9871
167.932,4.0025,9.3475,-5.9871
167.940,4.0025,9.3475,-5.9871
167.947,4.0025,9.3453,-5.9871
167.955,4.0025,9.3453,-5.9871
167.963,4.0025,9.3453,-5.9871
167.971,4.0025,9.3431,-5.9871
167.982,4.0025,9.3431,-5.9871
167.990,4.0025,9.3408,-5.9871
168.001,4.0025,9.3408,-5.9871
168.009,4.0025,9.3385,-5.9871
168.019,4.0025,9.3385,-5.9871
168.025,4.0025,9.3361,-5.9871
168.034,4.0025,9.3361,-5.9871
168.042,4.0025,9.3361,-5.9871
168.050,4.0025,9.3337,-5.9871
168.057,4.0025,9.3337,-5.9871
168.067,4.0025,9.3313,-5.9871
168.076,4.0025,9.3313,-5.9871
168.085,4.0025,9.3289,-5.9871
168.094,4.0025,9.3289,-5.9871
168.102,4.0025,9.3289,-5.9871
168.110,4.0025,9.3264,-5.9871
168.129,4.0025,9.3239,-5.9871
168.140,4.0025,9.3239,-5.9871
168.149,4.0025,9.3214,-5.9871
168.159,4.0025,9.3214,-5.9871
168.169,4.0025,9.3189,-5.9871
168.179,4.0025,9.3189,-5.9871
168.187,4.0025,9.3164,-5.9871
168.198,4.0025,9.3164,-5.9871
168.206,4.0025,9.3138,-5.9871
168.215,4.0025,9.3138,-5.9871
168.223,4.0025,9.3138,-5.9871
168.233,4.0025,9.3112,-5.9871
168.242,4.0025,9.3112,-5.9871
168.250,4.0025,9.3086,-5.9871
168.261,4.0025,9.3086,-5.9871
168.270,4.0025,9.3060,-5.9871
168.279,4.0025,9.3060,-5.9871
168.288,4.0025,9.3034,-5.9871
168.298,4.0025,9.3034,-5.9871
168.306,4.0025,9.3008,-5.9871
168.316,4.0025,9.3008,-5.9871
168.324,4.0025,9.2981,-5.9871
168.334,4.0025,9.2981,-5.9871
168.342,4.0025,9.2981,-5.9871
168.350,4.0025,9.2955,-5.9871
168.360,4.0025,9.2955,-5.9871
168.368,4.0025,9.2928,-5.9871
168.379,4.0025,9.2928,-5.9871
168.387,4.0025,9.2901,-5.9871
168.397,4.0025,9.2901,-5.9871
168.405,4.0025,9.2875,-5.9871
168.416,4.0025,9.2875,-5.9871
168.423,4.0025,9.2875,-5.9871
168.432,4.0025,9.2848,-5.9871
168.441,4.0025,9.2848,-5.9871
168.450,4.0025,9.2821,-5.9871
168.459,4.0025,9.2821,-5.9871
168.468,4.0025,9.2795,-5.9871
168.478,4.0025,9.2795,-5.9871
168.486,4.0025,9.2768,-5.9871
168.496,4.0025,9.2768,-5.9871
168.506,4.0025,9.2741,-5.9871
168.516,4.0025,9.2741,-5.9871
168.524,4.0025,9.2715,-5.9871
168.535,4.0025,9.2715,-5.9871
168.542,4.0025,9.2715,-5.9871
168.549,4.0025,9.2688,-5.9871
168.557,4.0025,9.2688,-5.9871
168.565,4.0025,9.2661,-5.9871
168.573,4.0025,9.2661,-5.9871
168.581,4.0025,9.2661,-5.9871
168.587,4.0025,9.2635,-5.9871
168.596,4.0025,9.2635,-5.9871
168.604,4.0025,9.2608,-5.9871
168.614,4.0025,9.2608,-5.9871
168.621,4.0025,9.2608,-5.9871
168.629,4.0025,9.2581,-5.9871
168.636,4.0025,9.2581,-5.9871
168.645,4.0025,9.2555,-5.9871
168.653,4.0025,9.2555,-5.9871
168.661,4.0025,9.2555,-5.9871
168.668,4.0025,9.2528,-5.9871
168.677,4.0025,9.2528,-5.9871
168.684,4.0025,9.2501,-5.9871
168.692,4.0025,9.2501,-5.9871
168.700,4.0025,9.2501,-5.9871
168.708,4.0025,9.2475,-5.9871
168.717,4.0025,9.2475,-5.9871
168.724,4.0025,9.2448,-5.9871
168.735,4.0025,9.2448,-5.9871
168.743,4.0025,9.2448,-5.9871
168.751,4.0025,9.2421,-5.9871
168.758,4.0025,9.2421,-5.9871
168.768,4.0025,9.2395,-5.9871
168.777,4.0025,9.2395,-5.9871
168.786,4.0025,9.2368,-5.9871
168.794,4.0025,9.2368,-5.9871
168.803,4.0025,9.2368,-5.9871
168.811,4.0025,9.2341,-5.9871
168.820,4.0025,9.2341,-5.9871
168.828,4.0025,9.2315,-5.9871
168.839,4.0025,9.2315,-5.9871
168.848,4.0025,9.2288,-5.9871
168.857,4.0025,9.2288,-5.9871
168.866,4.0025,9.2261,-5.9871
168.874,4.0025,9.2261,-5.9871
168.883,4.0025,9.2261,-5.9871
168.890,4.0025,9.2235,-5.9871
168.900,4.0025,9.2235,-5.9871
168.908,4.0025,9.2208,-5.9871
168.917,4.0025,9.2208,-5.9871
168.925,4.0025,9.2181,-5.9871
168.935,4.0025,9.2181,-5.9871
168.944,4.0025,9.2181,-5.9871
168.952,4.0025,9.2155,-5.9871
168.963,4.0025,9.2155,-5.9871
168.971,4.0025,9.2128,-5.9871
168.980,4.0025,9.2128,-5.9871
168.989,4.0025,9.2101,-5.9871
169.000,4.0025,9.2101,-5.9871
169.008,4.0025,9.2075,-5.9871
169.018,4.0025,9.2075,-5.9871
169.025,4.0025,9.2048,-5.9871
169.035,4.0025,9.2048,-5.9871
169.044,4.0025,9.2048,-5.9871
169.052,4.0025,9.2021,-5.9871
169.062,4.0025,9.2021,-5.9871
169.071,4.0025,9.1995,-5.9871
169.082,4.0025,9.1995,-5.9871
169.089,4.0025,9.1968,-5.9871
169.099,4.0025,9.1968,-5.9871
169.107,4.0025,9.1941,-5.9871
169.117,4.0025,9.1941,-5.9871
169.124,4.0025,9.1915,-5.9871
169.135,4.0025,9.1915,-5.9871
169.143,4.0025,9.1915,-5.9871
169.150,4.0025,9.1888,-5.9871
169.159,4.0025,9.1888,-5.9871
169.169,4.0025,9.1861,-5.9871
169.178,4.0025,9.1861,-5.9871
169.187,4.0025,9.1835,-5.9871
169.197,4.0025,9.1835,-5.9871
169.205,4.0025,9.1808,-5.9871
169.214,4.0025,9.1808,-5.9871
169.221,4.0025,9.1808,-5.9871
169.230,4.0025,9.1781,-5.9871
169.238,4.0025,9.1781,-5.9871
169.247,4.0025,9.1754,-5.9871
169.255,4.0025,9.1754,-5.9871
169.263,4.0025,9.1754,-5.9871
169.270,4.0025,9.1728,-5.9871
169.280,4.0025,9.1728,-5.9871
169.288,4.0025,9.1701,-5.9871
169.296,4.0025,9.1701,-5.9871
169.305,4.0025,9.1675,-5.9871
169.315,4.0025,9.1675,-5.9871
169.323,4.0025,9.1675,-5.9871
169.332,4.0025,9.1648,-5.9871
169.342,4.0025,9.1648,-5.9871
169.351,4.0025,9.1621,-5.9871
169.360,4.0025,9.1621,-5.9871
169.370,4.0025,9.1595,-5.9871
169.378,4.0025,9.1595,-5.9871
169.386,4.0025,9.1568,-5.9871
169.396,4.0025,9.1568,-5.9871
169.404,4.0025,9.1541,-5.9871
169.414,4.0025,9.1541,-5.9871
169.422,4.0025,9.1541,-5.9871
169.430,4.0025,9.1514,-5.9871
169.441,4.0025,9.1514,-5.9871
169.449,4.0025,9.1488,-5.9871
169.457,4.0025,9.1488,-5.9871
169.467,4.0025,9.1461,-5.9871
169.477,4.0025,9.1461,-5.9871
169.484,4.0025,9.1435,-5.9871
169.494,4.0025,9.1435,-5.9871
169.502,4.0025,9.1435,-5.9871
169.510,4.0025,9.1408,-5.9871
169.519,4.0025,9.1408,-5.9871
169.528,4.0025,9.1381,-5.9871
169.539,4.0025,9.1381,-5.9871
169.548,4.0025,9.1354,-5.9871
169.558,4.0025,9.1354,-5.9871
169.567,4.0025,9.1328,-5.9871
169.578,4.0025,9.1328,-5.9871
169.586,4.0025,9.1301,-5.9871
169.596,4.0025,9.1301,-5.9871
169.604,4.0025,9.1301,-5.9871
169.612,4.0025,9.1274,-5.9871
169.623,4.0025,9.1274,-5.9871
169.630,4.0025,9.1248,-5.9871
169.640,4.0025,9.1248,-5.9871
169.649,4.0025,9.1221,-5.9871
169.658,4.0025,9.1221,-5.9871
169.667,4.0025,9.1195,-5.9871
169.677,4.0025,9.1195,-5.9871
169.686,4.0025,9.1168,-5.9871
169.694,4.0025,9.1168,-5.9871
169.702,4.0025,9.1168,-5.9871
169.711,4.0025,9.1141,-5.9871
169.720,4.0025,9.1141,-5.9871
169.728,4.0025,9.1114,-5.9871
169.738,4.0025,9.1114,-5.9871
169.746,4.0025,9.1088,-5.9871
169.756,4.0025,9.1088,-5.9871
169.765,4.0025,9.1061,-5.9871
169.774,4.0025,9.1061,-5.9871
169.782,4.0025,9.1061,-5.9871
169.791,4.0025,9.1034,-5.9871
169.802,4.0025,9.1034,-5.9871
169.809,4.0025,9.1008,-5.9871
169.820,4.0025,9.1008,-5.9871
169.826,4.0025,9.0981,-5.9871
169.837,4.0025,9.0981,-5.9871
169.844,4.0025,9.0981,-5.9871
169.852,4.0025,9.0954,-5.9871
169.860,4.0025,9.0954,-5.9871
169.869,4.0025,9.0928,-5.9871
169.876,4.0025,9.0928,-5.9871
169.884,4.0025,9.0901,-5.9871
169.893,4.0025,9.0901,-5.9871
169.901,4.0025,9.0901,-5.9871
169.907,4.0025,9.0874,-5.9871
169.917,4.0025,9.0874,-5.9871
169.924,4.0025,9.0848,-5.9871
169.934,4.0025,9.0848,-5.9871
169.941,4.0025,9.0848,-5.9871
169.949,4.0025,9.0821,-5.9871
169.958,4.0025,9.0821,-5.9871
169.966,4.0025,9.0795,-5.9871
169.976,4.0025,9.0795,-5.9871
169.984,4.0025,9.0768,-5.9871
169.993,4.0025,9.0768,-5.9871
170.001,4.0025,9.0768,-5.9871
170.008,4.0025,9.0741,-5.9871
170.017,4.0025,9.0741,-5.9871
170.024,4.0025,9.0714,-5.9871
170.034,4.0025,9.0714,-5.9871
170.042,4.0025,9.0714,-5.9871
170.050,4.0025,9.0688,-5.9871
170.058,4.0025,9.0688,-5.9871
170.067,4.0025,9.0661,-5.9871
170.076,4.0025,9.0661,-5.9871
170.084,4.0025,9.0635,-5.9871
170.093,4.0025,9.0635,-5.9871
170.101,4.0025,9.0635,-5.9871
170.108,4.0025,9.0608,-5.9871
170.116,4.0025,9.0608,-5.9871
170.123,4.0025,9.0608,-5.9871
170.131,4.0025,9.0581,-5.9871
170.139,4.0025,9.0581,-5.9871
170.147,4.0025,9.0554,-5.9871
170.156,4.0025,9.0554,-5.9871
170.165,4.0025,9.0528,-5.9871
170.174,4.0025,9.0528,-5.9871
170.191,4.0025,9.0501,-5.9871
170.202,4.0025,9.0501,-5.9871
170.209,4.0025,9.0475,-5.9871
170.218,4.0025,9.0475,-5.9871
170.226,4.0025,9.0448,-5.9871
170.235,4.0025,9.0448,-5.9871
170.242,4.0025,9.0448,-5.9871
170.251,4.0025,9.0421,-5.9871
170.259,4.0025,9.0421,-5.9871
170.267,4.0025,9.0395,-5.9871
170.276,4.0025,9.0395,-5.9871
170.285,4.0025,9.0368,-5.9871
170.294,4.0025,9.0368,-5.9871
170.303,4.0025,9.0368,-5.9871
170.311,4.0025,9.0341,-5.9871
170.321,4.0025,9.0341,-5.9871
170.328,4.0025,9.0315,-5.9871
170.338,4.0025,9.0315,-5.9871
170.347,4.0025,9.0288,-5.9871
170.355,4.0025,9.0288,-5.9871
170.363,4.0025,9.0288,-5.9871
170.371,4.0025,9.0261,-5.9871
170.379,4.0025,9.0261,-5.9871
170.386,4.0025,9.0235,-5.9871
170.395,4.0025,9.0235,-5.9871
170.401,4.0025,9.0235,-5.9871
170.410,4.0025,9.0208,-5.9871
170.420,4.0025,9.0208,-5.9871
170.427,4.0025,9.0181,-5.9871
170.435,4.0025,9.0181,-5.9871
170.442,4.0025,9.0181,-5.9871
170.449,4.0025,9.0155,-5.9871
170.457,4.0025,9.0155,-5.9871
170.465,4.0025,9.0128,-5.9871
170.474,4.0025,9.0128,-5.9871
170.481,4.0025,9.0128,-5.9871
170.488,4.0025,9.0101,-5.9871
170.498,4.0025,9.0101,-5.9871
170.505,4.0025,9.0075,-5.9871
170.514,4.0025,9.0075,-5.9871
170.521,4.0025,9.0075,-5.9871
170.528,4.0025,9.0048,-5.9871
170.536,4.0025,9.0048,-5.9871
170.543,4.0025,9.0048,-5.9871
170.550,4.0025,9.0021,-5.9871
170.558,4.0025,9.0021,-5.9871
170.567,4.0025,8.9995,-5.9871
170.574,4.0025,8.9995,-5.9871
170.583,4.0025,8.9995,-5.9871
170.589,4.0025,8.9968,-5.9871
170.599,4.0025,8.9968,-5.9871
170.606,4.0025,8.9941,-5.9871
170.615,4.0025,8.9941,-5.9871
170.622,4.0025,8.9941,-5.9871
170.630,4.0025,8.9915,-5.9871
170.640,4.0025,8.9915,-5.9871
170.648,4.0025,8.9888,-5.9871
170.656,4.0025,8.9888,-5.9871
170.665,4.0025,8.9861,-5.9871
170.674,4.0025,8.9861,-5.9871
170.682,4.0025,8.9861,-5.9871
170.689,4.0025,8.9835,-5.9871
170.699,4.0025,8.9835,-5.9871
170.707,4.0025,8.9808,-5.9871
170.716,4.0025,8.9808,-5.9871
170.724,4.0025,8.9781,-5.9871
170.734,4.0025,8.9781,-5.9871
170.742,4.0025,8.9781,-5.9871
170.750,4.0025,8.9755,-5.9871
170.759,4.0025,8.9755,-5.9871
170.767,4.0025,8.9728,-5.9871
170.776,4.0025,8.9728,-5.9871
170.784,4.0025,8.9701,-5.9871
170.794,4.0025,8.9701,-5.9871
170.803,4.0025,8.9701,-5.9871
170.811,4.0025,8.9675,-5.9871
170.821,4.0025,8.9675,-5.9871
170.831,4.0025,8.9648,-5.9871
170.840,4.0025,8.9648,-5.9871
170.848,4.0025,8.9621,-5.9871
170.858,4.0025,8.9621,-5.9871
170.867,4.0025,8.9595,-5.9871
170.875,4.0025,8.9595,-5.9871
170.884,4.0025,8.9568,-5.9871
170.893,4.0025,8.9568,-5.9871
170.901,4.0025,8.9568,-5.9871
170.908,4.0025,8.9541,-5.9871
170.917,4.0025,8.9541,-5.9871
170.925,4.0025,8.9515,-5.9871
170.935,4.0025,8.9515,-5.9871
170.943,4.0025,8.9515,-5.9871
170.951,4.0025,8.9488,-5.9871
170.961,4.0025,8.9488,-5.9871
170.969,4.0025,8.9461,-5.9871
170.980,4.0025,8.9461,-5.9871
170.987,4.0025,8.9435,-5.9871
170.998,4.0025,8.9435,-5.9871
171.006,4.0025,8.9408,-5.9871
171.016,4.0025,8.9408,-5.9871
171.024,4.0025,8.9408,-5.9871
171.033,4.0025,8.9381,-5.9871
171.043,4.0025,8.9381,-5.9871
171.052,4.0025,8.9355,-5.9871
171.060,4.0025,8.9355,-5.9871
171.069,4.0025,8.9328,-5.9871
171.078,4.0025,8.9328,-5.9871
171.086,4.0025,8.9301,-5.9871
171.095,4.0025,8.9301,-5.9871
171.102,4.0025,8.9301,-5.9871
171.109,4.0025,8.9275,-5.9871
171.117,4.0025,8.9275,-5.9871
171.124,4.0025,8.9248,-5.9871
171.134,4.0025,8.9248,-5.9871
171.141,4.0025,8.9248,-5.9871
171.149,4.0025,8.9221,-5.9871
171.157,4.0025,8.9221,-5.9871
171.165,4.0025,8.9195,-5.9871
171.174,4.0025,8.9195,-5.9871
171.183,4.0025,8.9195,-5.9871
171.190,4.0025,8.9168,-5.9871
171.200,4.0025,8.9168,-5.9871
171.206,4.0025,8.9141,-5.9871
171.216,4.0025,8.9141,-5.9871
171.223,4.0025,8.9141,-5.9871
171.230,4.0025,8.9115,-5.9871
171.238,4.0025,8.9115,-5.9871
171.248,4.0025,8.9088,-5.9871
171.257,4.0025,8.9088,-5.9871
171.264,4.0025,8.9088,-5.9871
171.270,4.0025,8.9061,-5.9871
171.279,4.0025,8.9061,-5.9871
171.287,4.0025,8.9035,-5.9871
171.296,4.0025,8.9035,-5.9871
171.305,4.0025,8.9008,-5.9871
171.316,4.0025,8.9008,-5.9871
171.323,4.0025,8.9008,-5.9871
171.331,4.0025,8.8981,-5.9871
171.340,4.0025,8.8981,-5.9871
171.347,4.0025,8.8955,-5.9871
171.355,4.0025,8.8955,-5.9871
171.363,4.0025,8.8955,-5.9871
171.371,4.0025,8.8928,-5.9871
171.380,4.0025,8.8928,-5.9871
171.387,4.0025,8.8901,-5.9871
171.395,4.0025,8.8901,-5.9871
171.404,4.0025,8.8875,-5.9871
171.414,4.0025,8.8875,-5.9871
171.421,4.0025,8.8875,-5.9871
171.428,4.0025,8.8848,-5.9871
171.440,4.0025,8.8848,-5.9871
171.448,4.0025,8.8821,-5.9871
171.456,4.0025,8.8821,-5.9871
171.465,4.0025,8.8795,-5.9871
171.474,4.0025,8.8795,-5.9871
171.482,4.0025,8.8795,-5.9871
171.488,4.0025,8.8768,-5.9871
171.498,4.0025,8.8768,-5.9871
171.505,4.0025,8.8741,-5.9871
171.516,4.0025,8.8741,-5.9871
171.524,4.0025,8.8741,-5.9871
171.533,4.0025,8.8715,-5.9871
171.541,4.0025,8.8715,-5.9871
171.549,4.0025,8.8688,-5.9871
171.558,4.0025,8.8688,-5.9871
171.566,4.0025,8.8661,-5.9871
171.574,4.0025,8.8661,-5.9871
171.581,4.0025,8.8661,-5.9871
171.588,4.0025,8.8635,-5.9871
171.597,4.0025,8.8635,-5.9871
171.605,4.0025,8.8608,-5.9871
171.614,4.0025,8.8608,-5.9871
171.621,4.0025,8.8608,-5.9871
171.629,4.0025,8.8581,-5.9871
171.638,4.0025,8.8581,-5.9871
171.646,4.0025,8.8555,-5.9871
171.654,4.0025,8.8555,-5.9871
171.662,4.0025,8.8555,-5.9871
171.669,4.0025,8.8528,-5.9871
171.677,4.0025,8.8528,-5.9871
171.686,4.0025,8.8501,-5.9871
171.695,4.0025,8.8501,-5.9871
171.704,4.0025,8.8475,-5.9871
171.713,4.0025,8.8475,-5.9871
171.720,4.0025,8.8475,-5.9871
171.727,4.0025,8.8448,-5.9871
171.737,4.0025,8.8448,-5.9871
171.743,4.0025,8.8448,-5.9871
171.751,4.0025,8.8421,-5.9871
171.761,4.0025,8.8421,-5.9871
171.769,4.0025,8.8395,-5.9871
171.777,4.0025,8.8395,-5.9871
171.785,4.0025,8.8368,-5.9871
171.795,4.0025,8.8368,-5.9871
171.802,4.0025,8.8368,-5.9871
171.811,4.0025,8.8341,-5.9871
171.820,4.0025,8.8341,-5.9871
171.828,4.0025,8.8315,-5.9871
171.838,4.0025,8.8315,-5.9871
171.846,4.0025,8.8288,-5.9871
171.855,4.0025,8.8288,-5.9871
171.864,4.0025,8.8261,-5.9871
171.873,4.0025,8.8261,-5.9871
171.881,4.0025,8.8261,-5.9871
171.888,4.0025,8.8235,-5.9871
171.898,4.0025,8.8235,-5.9871
171.907,4.0025,8.8208,-5.9871
171.918,4.0025,8.8208,-5.9871
171.926,4.0025,8.8181,-5.9871
171.937,4.0025,8.8181,-5.9871
171.944,4.0025,8.8155,-5.9871
171.955,4.0025,8.8155,-5.9871
171.963,4.0025,8.8155,-5.9871
171.972,4.0025,8.8128,-5.9871
171.983,4.0025,8.8128,-5.9871
171.990,4.0025,8.8101,-5.9871
172.000,4.0025,8.8101,-5.9871
172.007,4.0025,8.8075,-5.9871
172.017,4.0025,8.8075,-5.9871
172.024,4.0025,8.8048,-5.9871
172.035,4.0025,8.8048,-5.9871
172.043,4.0025,8.8048,-5.9871
172.051,4.0025,8.8021,-5.9871
172.061,4.0025,8.8021,-5.9871
172.070,4.0025,8.7995,-5.9871
172.080,4.0025,8.7995,-5.9871
172.088,4.0025,8.7968,-5.9871
172.098,4.0025,8.7968,-5.9871
172.107,4.0025,8.7941,-5.9871
172.117,4.0025,8.7941,-5.9871
172.124,4.0025,8.7915,-5.9871
172.136,4.0025,8.7915,-5.9871
172.143,4.0025,8.7915,-5.9871
172.152,4.0025,8.7888,-5.9871
172.160,4.0025,8.7888,-5.9871
172.168,4.0025,8.7861,-5.9871
172.177,4.0025,8.7861,-5.9871
172.185,4.0025,8.7835,-5.9871
172.196,4.0025,8.7835,-5.9871
172.213,4.0025,8.7808,-5.9871
172.223,4.0025,8.7808,-5.9871
172.232,4.0025,8.7781,-5.9871
172.242,4.0025,8.7781,-5.9871
172.250,4.0025,8.7755,-5.9871
172.260,4.0025,8.7755,-5.9871
172.269,4.0025,8.7728,-5.9871
172.280,4.0025,8.7728,-5.9871
172.287,4.0025,8.7701,-5.9871
172.296,4.0025,8.7701,-5.9871
172.303,4.0025,8.7701,-5.9871
172.313,4.0025,8.7675,-5.9871
172.321,4.0025,8.7675,-5.9871
172.330,4.0025,8.7648,-5.9871
172.341,4.0025,8.7648,-5.9871
172.349,4.0025,8.7621,-5.9871
172.357,4.0025,8.7621,-5.9871
172.366,4.0025,8.7595,-5.9871
172.375,4.0025,8.7595,-5.9871
172.382,4.0025,8.7595,-5.9871
172.390,4.0025,8.7568,-5.9871
172.402,4.0025,8.7568,-5.9871
172.409,4.0025,8.7541,-5.9871
172.418,4.0025,8.7541,-5.9871
172.425,4.0025,8.7515,-5.9871
172.436,4.0025,8.7515,-5.9871
172.443,4.0025,8.7515,-5.9871
172.451,4.0025,8.7488,-5.9871
172.460,4.0025,8.7488,-5.9871
172.468,4.0025,8.7461,-5.9871
172.476,4.0025,8.7461,-5.9871
172.485,4.0025,8.7435,-5.9871
172.493,4.0025,8.7435,-5.9871
172.502,4.0025,8.7435,-5.9871
172.509,4.0025,8.7408,-5.9871
172.519,4.0025,8.7408,-5.9871
172.526,4.0025,8.7381,-5.9871
172.536,4.0025,8.7381,-5.9871
172.544,4.0025,8.7381,-5.9871
172.552,4.0025,8.7355,-5.9871
172.562,4.0025,8.7355,-5.9871
172.570,4.0025,8.7328,-5.9871
172.579,4.0025,8.7328,-5.9871
172.587,4.0025,8.7301,-5.9871
172.596,4.0025,8.7301,-5.9871
172.605,4.0025,8.7275,-5.9871
172.615,4.0025,8.7275,-5.9871
172.623,4.0025,8.7275,-5.9871
172.631,4.0025,8.7249,-5.9871
172.641,4.0025,8.7249,-5.9871
172.648,4.0025,8.7223,-5.9871
172.656,4.0025,8.7223,-5.9871
172.664,4.0025,8.7197,-5.9871
172.673,4.0025,8.7197,-5.9871
172.681,4.0025,8.7197,-5.9871
172.689,4.0025,8.7171,-5.9871
172.699,4.0025,8.7171,-5.9871
172.707,4.0025,8.7145,-5.9871
172.716,4.0025,8.7145,-5.9871
172.724,4.0025,8.7119,-5.9871
172.735,4.0025,8.7119,-5.9871
172.741,4.0025,8.7119,-5.9871
172.749,4.0025,8.7093,-5.9871
172.757,4.0025,8.7093,-5.9871
172.766,4.0025,8.7068,-5.9871
172.774,4.0025,8.7068,-5.9871
172.783,4.0025,8.7068,-5.9871
172.789,4.0025,8.7042,-5.9871
172.799,4.0025,8.7042,-5.9871
172.806,4.0025,8.7016,-5.9871
172.817,4.0025,8.7016,-5.9871
172.824,4.0025,8.7016,-5.9871
172.832,4.0025,8.6990,-5.9871
172.841,4.0025,8.6990,-5.9871
172.849,4.0025,8.6964,-5.9871
172.858,4.0025,8.6964,-5.9871
172.866,4.0025,8.6938,-5.9871
172.874,4.0025,8.6938,-5.9871
172.882,4.0025,8.6938,-5.9871
172.889,4.0025,8.6912,-5.9871
172.899,4.0025,8.6912,-5.9871
172.907,4.0025,8.6886,-5.9871
172.917,4.0025,8.6886,-5.9871
172.925,4.0025,8.6860,-5.9871
172.935,4.0025,8.6860,-5.9871
172.943,4.0025,8.6860,-5.9871
172.950,4.0025,8.6834,-5.9871
172.960,4.0025,8.6834,-5.9871
172.968,4.0025,8.6808,-5.9871
172.978,4.0025,8.6808,-5.9871
172.986,4.0025,8.6782,-5.9871
172.996,4.0025,8.6782,-5.9871
173.004,4.0025,8.6756,-5.9871
173.013,4.0025,8.6756,-5.9871
173.021,4.0025,8.6756,-5.9871
173.028,4.0025,8.6730,-5.9871
173.039,4.0025,8.6730,-5.9871
173.047,4.0025,8.6704,-5.9871
173.056,4.0025,8.6704,-5.9871
173.064,4.0025,8.6704,-5.9871
173.070,4.0025,8.6678,-5.9871
173.079,4.0025,8.6678,-5.9871
173.086,4.0025,8.6652,-5.9871
173.096,4.0025,8.6652,-5.9871
173.105,4.0025,8.6626,-5.9871
173.116,4.0025,8.6626,-5.9871
173.124,4.0025,8.6626,-5.9871
173.133,4.0025,8.6600,-5.9871
173.144,4.0025,8.6574,-5.9871
173.154,4.0025,8.6574,-5.9871
173.163,4.0025,8.6574,-5.9871
173.171,4.0025,8.6548,-5.9871
173.182,4.0025,8.6548,-5.9871
173.191,4.0025,8.6522,-5.9871
173.203,4.0025,8.6522,-5.9871
173.211,4.0025,8.6496,-5.9871
173.221,4.0025,8.6496,-5.9871
173.229,4.0025,8.6470,-5.9871
173.238,4.0025,8.6470,-5.9871
173.247,4.0025,8.6444,-5.9871
173.258,4.0025,8.6444,-5.9871
173.268,4.0025,8.6418,-5.9871
173.276,4.0025,8.6418,-5.9871
173.285,4.0025,8.6392,-5.9871
173.294,4.0025,8.6392,-5.9871
173.304,4.0025,8.6366,-5.9871
173.314,4.0025,8.6366,-5.9871
173.323,4.0025,8.6366,-5.9871
173.333,4.0025,8.6340,-5.9871
173.342,4.0025,8.6340,-5.9871
173.351,4.0025,8.6314,-5.9871
173.362,4.0025,8.6314,-5.9871
173.370,4.0025,8.6288,-5.9871
173.381,4.0025,8.6288,-5.9871
173.388,4.0025,8.6262,-5.9871
173.399,4.0025,8.6262,-5.9871
173.406,4.0025,8.6236,-5.9871
173.418,4.0025,8.6236,-5.9871
173.426,4.0025,8.6210,-5.9871
173.437,4.0025,8.6210,-5.9871
173.445,4.0025,8.6184,-5.9871
173.456,4.0025,8.6184,-5.9871
173.464,4.0025,8.6184,-5.9871
173.472,4.0025,8.6158,-5.9871
173.484,4.0025,8.6132,-5.9871
173.494,4.0025,8.6132,-5.9871
173.502,4.0025,8.6132,-5.9871
173.510,4.0025,8.6106,-5.9871
173.521,4.0025,8.6106,-5.9871
173.529,4.0025,8.6080,-5.9871
173.540,4.0025,8.6080,-5.9871
173.551,4.0025,8.6080,-5.9871
173.562,4.0025,8.6080,-5.9871
173.570,4.0025,8.6080,-5.9871
173.580,4.0025,8.6080,-5.9871
173.588,4.0025,8.6080,-5.9871
173.599,4.0025,8.6080,-5.9871
173.607,4.0025,8.6080,-5.9871
173.617,4.0025,8.6080,-5.9871
173.624,4.0025,8.6080,-5.9871
173.634,4.0025,8.6080,-5.9871
173.641,4.0025,8.6080,-5.9871
173.649,4.0025,8.6080,-5.9871
173.658,4.0025,8.6080,-5.9871
173.666,4.0025,8.6080,-5.9871
173.674,4.0025,8.6080,-5.9871
173.682,4.0025,8.6080,-5.9871
173.690,4.0025,8.6080,-5.9871
173.699,4.0025,8.6080,-5.9871
173.707,4.0025,8.6080,-5.9871
173.716,4.0025,8.6080,-5.9871
173.724,4.0025,8.6080,-5.9871
173.734,4.0025,8.6080,-5.9871
173.741,4.0025,8.6080,-5.9871
173.749,4.0025,8.6080,-5.9871
173.757,4.0025,8.6080,-5.9871
173.766,4.0025,8.6080,-5.9871
173.773,4.0025,8.6080,-5.9871
173.782,4.0025,8.6080,-5.9871
173.789,4.0025,8.6080,-5.9871
173.798,4.0025,8.6080,-5.9871
173.805,4.0025,8.6080,-5.9871
173.815,4.0025,8.6080,-5.9871
173.822,4.0025,8.6080,-5.9871
173.831,4.0025,8.6080,-5.9871
173.840,4.0025,8.6080,-5.9871
173.849,4.0025,8.6080,-5.9871
173.856,4.0025,8.6080,-5.9871
173.865,4.0025,8.6080,-5.9871
173.873,4.0025,8.6080,-5.9871
173.882,4.0025,8.6080,-5.9871
173.889,4.0025,8.6080,-5.9871
173.899,4.0025,8.6080,-5.9871
173.906,4.0025,8.6080,-5.9871
173.916,4.0025,8.6080,-5.9871
173.923,4.0025,8.6080,-5.9871
173.930,4.0025,8.6080,-5.9871
173.940,4.0025,8.6080,-5.9871
173.949,4.0025,8.6080,-5.9871
173.957,4.0025,8.6080,-5.9871
173.966,4.0025,8.6080,-5.9871
173.975,4.0025,8.6080,-5.9871
173.983,4.0025,8.6080,-5.9871
173.991,4.0025,8.6080,-5.9871
174.002,4.0025,8.6080,-5.9871
174.009,4.0025,8.6080,-5.9871
174.018,4.0025,8.6080,-5.9871
174.025,4.0025,8.6080,-5.9871
174.036,4.0025,8.6080,-5.9871
174.042,4.0025,8.6080,-5.9871
174.051,4.0025,8.6080,-5.9871
174.059,4.0025,8.6080,-5.9871
174.068,4.0025,8.6080,-5.9871
174.077,4.0025,8.6080,-5.9871
174.085,4.0025,8.6080,-5.9871
174.093,4.0025,8.6080,-5.9871
174.102,4.0025,8.6080,-5.9871
174.108,4.0025,8.6080,-5.9871
174.118,4.0025,8.6080,-5.9871
174.126,4.0025,8.6080,-5.9871
174.135,4.0025,8.6080,-5.9871
174.143,4.0025,8.6080,-5.9871
174.159,4.0025,8.6080,-5.9871
174.169,4.0025,8.6080,-5.9871
174.176,4.0025,8.6080,-5.9871
174.185,4.0025,8.6080,-5.9871
174.193,4.0025,8.6080,-5.9871
174.203,4.0025,8.6080,-5.9871
174.211,4.0025,8.6080,-5.9871
174.219,4.0025,8.6080,-5.9871
174.227,4.0025,8.6080,-5.9871
174.235,4.0025,8.6080,-5.9871
174.242,4.0025,8.6080,-5.9871
174.249,4.0025,8.6080,-5.9871
174.256,4.0025,8.6080,-5.9871
174.264,4.0025,8.6080,-5.9871
174.272,4.0025,8.6080,-5.9871
174.280,4.0025,8.6080,-5.9871
174.287,4.0025,8.6080,-5.9871
174.295,4.0025,8.6080,-5.9871
174.303,4.0025,8.6080,-5.9871
174.310,4.0025,8.6080,-5.9871
174.319,4.0025,8.6080,-5.9871
174.325,4.0025,8.6080,-5.9871
174.336,4.0025,8.6080,-5.9871
174.342,4.0025,8.6080,-5.9871
174.351,4.0025,8.6080,-5.9871
174.361,4.0025,8.6080,-5.9871
174.369,4.0025,8.6080,-5.9871
174.378,4.0025,8.6080,-5.9871
174.385,4.0025,8.6080,-5.9871
174.396,4.0025,8.6080,-5.9871
174.404,4.0025,8.6080,-5.9871
174.412,4.0025,8.6080,-5.9871
174.420,4.0025,8.6080,-5.9871
174.428,4.0025,8.6080,-5.9871
174.436,4.0025,8.6080,-5.9871
174.444,4.0025,8.6080,-5.9871
174.453,4.0025,8.6080,-5.9871
174.461,4.0025,8.6080,-5.9871
174.470,4.0025,8.6080,-5.9871
174.479,4.0025,8.6080,-5.9871
174.487,4.0025,8.6080,-5.9871
174.496,4.0025,8.6080,-5.9871
174.505,4.0025,8.6080,-5.9871
174.514,4.0025,8.6080,-5.9871
174.522,4.0025,8.6080,-5.9871
174.531,4.0025,8.6080,-5.9871
174.540,4.0025,8.6080,-5.9871
174.549,4.0025,8.6080,-5.9871
174.557,4.0025,8.6080,-5.9871
174.566,4.0025,8.6080,-5.9871
174.575,4.0025,8.6080,-5.9871
174.583,4.0025,8.6080,-5.9871
174.590,4.0025,8.6080,-5.9871
174.600,4.0025,8.6080,-5.9871
174.607,4.0025,8.6080,-5.9871
174.617,4.0025,8.6080,-5.9871
174.624,4.0025,8.6080,-5.9871
174.634,4.0025,8.6080,-5.9871
174.641,4.0025,8.6080,-5.9871
174.649,4.0025,8.6080,-5.9871
174.658,4.0025,8.6080,-5.9871
174.667,4.0025,8.6080,-5.9871
174.675,4.0025,8.6080,-5.9871
174.684,4.0025,8.6080,-5.9871
174.691,4.0025,8.6080,-5.9871
174.701,4.0025,8.6080,-5.9871
174.708,4.0025,8.6080,-5.9871
174.717,4.0025,8.6080,-5.9871
174.725,4.0025,8.6080,-5.9871
174.734,4.0025,8.6080,-5.9871
174.743,4.0025,8.6080,-5.9871
174.750,4.0025,8.6080,-5.9871
174.759,4.0025,8.6080,-5.9871
174.766,4.0025,8.6080,-5.9871
174.775,4.0025,8.6080,-5.9871
174.783,4.0025,8.6080,-5.9871
174.790,4.0025,8.6080,-5.9871
174.800,4.0025,8.6080,-5.9871
174.809,4.0025,8.6080,-5.9871
174.819,4.0025,8.6080,-5.9871
174.828,4.0025,8.6080,-5.9871
174.838,4.0025,8.6080,-5.9871
174.845,4.0025,8.6080,-5.9871
174.853,4.0025,8.6080,-5.9871
174.860,4.0025,8.6080,-5.9871
174.868,4.0025,8.6080,-5.9871
174.876,4.0025,8.6080,-5.9871
174.885,4.0025,8.6080,-5.9871
174.892,4.0025,8.6080,-5.9871
174.901,4.0025,8.6080,-5.9871
174.909,4.0025,8.6080,-5.9871
174.919,4.0025,8.6080,-5.9871
174.926,4.0025,8.6080,-5.9871
174.935,4.0025,8.6080,-5.9871
174.944,4.0025,8.6080,-5.9871
174.953,4.0025,8.6080,-5.9871
174.964,4.0025,8.6080,-5.9871
174.978,4.0025,8.6080,-5.9871
174.987,4.0025,8.6080,-5.9871
174.997,4.0025,8.6080,-5.9871
175.007,4.0025,8.6080,-5.9871
175.017,4.0025,8.6080,-5.9871
175.025,4.0025,8.6080,-5.9871
175.036,4.0025,8.6080,-5.9871
175.043,4.0025,8.6080,-5.9871
175.051,4.0025,8.6080,-5.9871
175.059,4.0025,8.6080,-5.9871
175.067,4.0025,8.6080,-5.9871
175.074,4.0025,8.6080,-5.9871
175.081,4.0025,8.6080,-5.9871
175.089,4.0025,8.6080,-5.9871
175.099,4.0025,8.6080,-5.9871
175.106,4.0025,8.6080,-5.9871
175.116,4.0025,8.6080,-5.9871
175.123,4.0025,8.6080,-5.9871
175.131,4.0025,8.6080,-5.9871
175.139,4.0025,8.6080,-5.9871
175.148,4.0025,8.6080,-5.9871
175.156,4.0025,8.6080,-5.9871
175.164,4.0025,8.6080,-5.9871
175.170,4.0025,8.6080,-5.9871
175.180,4.0025,8.6080,-5.9871
175.188,4.0025,8.6080,-5.9871
175.198,4.0025,8.6080,-5.9871
175.205,4.0025,8.6080,-5.9871
175.216,4.0025,8.6080,-5.9871
175.222,4.0025,8.6080,-5.9871
175.230,4.0025,8.6080,-5.9871
175.239,4.0025,8.6080,-5.9871
175.247,4.0025,8.6080,-5.9871
175.255,4.0025,8.6080,-5.9871
175.263,4.0025,8.6080,-5.9871
175.270,4.0025,8.6080,-5.9871
175.278,4.0025,8.6080,-5.9871
175.285,4.0025,8.6080,-5.9871
175.293,4.0025,8.6080,-5.9871
175.301,4.0025,8.6080,-5.9871
175.309,4.0025,8.6080,-5.9871
175.317,4.0025,8.6080,-5.9871
175.324,4.0025,8.6080,-5.9871
175.336,4.0025,8.6080,-5.9871
175.343,4.0025,8.6080,-5.9871
175.352,4.0025,8.6080,-5.9871
175.362,4.0025,8.6080,-5.9871
175.371,4.0025,8.6080,-5.9871
175.377,4.0025,8.6080,-5.9871
175.385,4.0025,8.6080,-5.9871
175.392,4.0025,8.6080,-5.9871
175.401,4.0025,8.6080,-5.9871
175.407,4.0025,8.6080,-5.9871
175.416,4.0025,8.6080,-5.9871
175.423,4.0025,8.6080,-5.9871
175.431,4.0025,8.6080,-5.9871
175.439,4.0025,8.6080,-5.9871
175.447,4.0025,8.6080,-5.9871
175.454,4.0025,8.6080,-5.9871
175.461,4.0025,8.6080,-5.9871
175.469,4.0025,8.6080,-5.9871
175.477,4.0025,8.6080,-5.9871
175.484,4.0025,8.6081,-5.9871
175.492,4.0025,8.6081,-5.9871
175.500,4.0025,8.6081,-5.9871
175.508,4.0025,8.6081,-5.9871
175.517,4.0025,8.6081,-5.9871
175.524,4.0025,8.6081,-5.9871
175.531,4.0025,8.6082,-5.9871
175.541,4.0025,8.6082,-5.9871
175.549,4.0025,8.6083,-5.9871
175.558,4.0025,8.6083,-5.9871
175.566,4.0025,8.6083,-5.9871
175.574,4.0025,8.6083,-5.9871
175.582,4.0025,8.6083,-5.9871
175.589,4.0025,8.6084,-5.9871
175.598,4.0025,8.6084,-5.9871
175.606,4.0025,8.6085,-5.9871
175.615,4.0025,8.6085,-5.9871
175.623,4.0025,8.6085,-5.9871
175.631,4.0025,8.6087,-5.9871
175.640,4.0025,8.6087,-5.9871
175.648,4.0025,8.6089,-5.9871
175.658,4.0025,8.6089,-5.9871
175.667,4.0025,8.6092,-5.9871
175.675,4.0025,8.6092,-5.9871
175.683,4.0025,8.6092,-5.9871
175.691,4.0025,8.6095,-5.9871
175.702,4.0025,8.6095,-5.9871
175.709,4.0025,8.6098,-5.9871
175.719,4.0025,8.6098,-5.9871
175.727,4.0025,8.6101,-5.9871
175.736,4.0025,8.6101,-5.9871
175.744,4.0025,8.6104,-5.9871
175.753,4.0025,8.6104,-5.9871
175.762,4.0025,8.6104,-5.9871
175.769,4.0025,8.6107,-5.9871
175.779,4.0025,8.6107,-5.9871
175.787,4.0025,8.6111,-5.9871
175.796,4.0025,8.6111,-5.9871
175.806,4.0025,8.6119,-5.9871
175.815,4.0025,8.6119,-5.9871
175.823,4.0025,8.6119,-5.9871
175.831,4.0025,8.6127,-5.9871
175.841,4.0025,8.6127,-5.9871
175.849,4.0025,8.6135,-5.9871
175.857,4.0025,8.6135,-5.9871
175.866,4.0025,8.6144,-5.9871
175.875,4.0025,8.6144,-5.9871
175.883,4.0025,8.6144,-5.9871
175.890,4.0025,8.6153,-5.9871
175.900,4.0025,8.6153,-5.9871
175.907,4.0025,8.6163,-5.9871
175.916,4.0025,8.6163,-5.9871
175.924,4.0025,8.6163,-5.9871
175.931,4.0025,8.6173,-5.9871
175.940,4.0025,8.6173,-5.9871
175.948,4.0025,8.6183,-5.9871
175.957,4.0025,8.6183,-5.9871
175.965,4.0025,8.6193,-5.9871
175.982,4.0025,8.6193,-5.9871
175.990,4.0025,8.6214,-5.9871
176.000,4.0025,8.6214,-5.9871
176.007,4.0025,8.6235,-5.9871
176.017,4.0025,8.6235,-5.9871
176.025,4.0025,8.6257,-5.9871
176.034,4.0025,8.6257,-5.9871
176.043,4.0025,8.6257,-5.9871
176.050,4.0025,8.6278,-5.9871
176.059,4.0025,8.6278,-5.9871
176.068,4.0025,8.6300,-5.9871
176.078,4.0025,8.6300,-5.9871
176.086,4.0025,8.6322,-5.9871
176.097,4.0025,8.6322,-5.9871
176.106,4.0025,8.6344,-5.9871
176.116,4.0025,8.6344,-5.9871
176.123,4.0025,8.6344,-5.9871
176.131,4.0025,8.6366,-5.9871
176.140,4.0025,8.6366,-5.9871
176.148,4.0025,8.6389,-5.9871
176.156,4.0025,8.6389,-5.9871
176.164,4.0025,8.6412,-5.9871
176.173,4.0025,8.6412,-5.9871
176.181,4.0025,8.6412,-5.9871
176.188,4.0025,8.6435,-5.9871
176.198,4.0025,8.6435,-5.9871
176.205,4.0025,8.6459,-5.9871
176.215,4.0025,8.6459,-5.9871
176.222,4.0025,8.6459,-5.9871
176.230,4.0025,8.6483,-5.9871
176.239,4.0025,8.6483,-5.9871
176.246,4.0025,8.6507,-5.9871
176.253,4.0025,8.6507,-5.9871
176.261,4.0025,8.6507,-5.9871
176.267,4.0025,8.6532,-5.9871
176.275,4.0025,8.6532,-5.9871
176.281,4.0025,8.6532,-5.9871
176.288,4.0025,8.6557,-5.9871
176.297,4.0025,8.6557,-5.9871
176.304,4.0025,8.6557,-5.9871
176.311,4.0025,8.6582,-5.9871
176.320,4.0025,8.6582,-5.9871
176.327,4.0025,8.6608,-5.9871
176.336,4.0025,8.6608,-5.9871
176.343,4.0025,8.6608,-5.9871
176.352,4.0025,8.6634,-5.9871
176.361,4.0025,8.6634,-5.9871
176.369,4.0025,8.6659,-5.9871
176.376,4.0025,8.6659,-5.9871
176.385,4.0025,8.6685,-5.9871
176.393,4.0025,8.6685,-5.9871
176.401,4.0025,8.6685,-5.9871
176.408,4.0025,8.6711,-5.9871
176.418,4.0025,8.6711,-5.9871
176.424,4.0025,8.6737,-5.9871
176.432,4.0025,8.6737,-5.9871
176.439,4.0025,8.6737,-5.9871
176.447,4.0025,8.6762,-5.9871
176.454,4.0025,8.6762,-5.9871
176.462,4.0025,8.6762,-5.9871
176.469,4.0025,8.6788,-5.9871
176.477,4.0025,8.6788,-5.9871
176.484,4.0025,8.6815,-5.9871
176.491,4.0025,8.6815,-5.9871
176.499,4.0025,8.6815,-5.9871
176.507,4.0025,8.6841,-5.9871
176.515,4.0025,8.6841,-5.9871
176.521,4.0025,8.6841,-5.9871
176.529,4.0025,8.6867,-5.9871
176.537,4.0025,8.6867,-5.9871
176.545,4.0025,8.6893,-5.9871
176.553,4.0025,8.6893,-5.9871
176.561,4.0025,8.6893,-5.9871
176.569,4.0025,8.6919,-5.9871
176.577,4.0025,8.6919,-5.9871
176.583,4.0025,8.6919,-5.9871
176.590,4.0025,8.6946,-5.9871
176.598,4.0025,8.6946,-5.9871
176.606,4.0025,8.6972,-5.9871
176.614,4.0025,8.6972,-5.9871
176.622,4.0025,8.6972,-5.9871
176.629,4.0025,8.6999,-5.9871
176.637,4.0025,8.6999,-5.9871
176.643,4.0025,8.6999,-5.9871
176.650,4.0025,8.7025,-5.9871
176.658,4.0025,8.7025,-5.9871
176.666,4.0025,8.7051,-5.9871
176.673,4.0025,8.7051,-5.9871
176.682,4.0025,8.7051,-5.9871
176.688,4.0025,8.7078,-5.9871
176.697,4.0025,8.7078,-5.9871
176.704,4.0025,8.7104,-5.9871
176.713,4.0025,8.7104,-5.9871
176.720,4.0025,8.7104,-5.9871
176.727,4.0025,8.7131,-5.9871
176.736,4.0025,8.7131,-5.9871
176.745,4.0025,8.7157,-5.9871
176.754,4.0025,8.7157,-5.9871
176.763,4.0025,8.7157,-5.9871
176.770,4.0025,8.7184,-5.9871
176.781,4.0025,8.7184,-5.9871
176.789,4.0025,8.7210,-5.9871
176.798,4.0025,8.7210,-5.9871
176.806,4.0025,8.7237,-5.9871
176.818,4.0025,8.7237,-5.9871
176.827,4.0025,8.7263,-5.9871
176.836,4.0025,8.7263,-5.9871
176.846,4.0025,8.7290,-5.9871
176.857,4.0025,8.7290,-5.9871
176.865,4.0025,8.7317,-5.9871
176.875,4.0025,8.7317,-5.9871
176.882,4.0025,8.7317,-5.9871
176.889,4.0025,8.7343,-5.9871
176.899,4.0025,8.7343,-5.9871
176.907,4.0025,8.7370,-5.9871
176.917,4.0025,8.7370,-5.9871
176.924,4.0025,8.7396,-5.9871
176.935,4.0025,8.7396,-5.9871
176.942,4.0025,8.7396,-5.9871
176.950,4.0025,8.7423,-5.9871
176.958,4.0025,8.7423,-5.9871
176.967,4.0025,8.7449,-5.9871
176.976,4.0025,8.7449,-5.9871
176.984,4.0025,8.7476,-5.9871
176.993,4.0025,8.7476,-5.9871
177.001,4.0025,8.7476,-5.9871
177.008,4.0025,8.7502,-5.9871
177.017,4.0025,8.7502,-5.9871
177.026,4.0025,8.7529,-5.9871
177.036,4.0025,8.7529,-5.9871
177.044,4.0025,8.7555,-5.9871
177.056,4.0025,8.7555,-5.9871
177.065,4.0025,8.7581,-5.9871
177.074,4.0025,8.7581,-5.9871
177.083,4.0025,8.7581,-5.9871
177.090,4.0025,8.7608,-5.9871
177.101,4.0025,8.7608,-5.9871
177.109,4.0025,8.7634,-5.9871
177.118,4.0025,8.7634,-5.9871
177.126,4.0025,8.7661,-5.9871
177.135,4.0025,8.7661,-5.9871
177.143,4.0025,8.7661,-5.9871
177.150,4.0025,8.7687,-5.9871
177.158,4.0025,8.7687,-5.9871
177.167,4.0025,8.7713,-5.9871
177.176,4.0025,8.7713,-5.9871
177.183,4.0025,8.7713,-5.9871
177.194,4.0025,8.7740,-5.9871
177.205,4.0025,8.7766,-5.9871
177.214,4.0025,8.7766,-5.9871
177.222,4.0025,8.7766,-5.9871
177.231,4.0025,8.7792,-5.9871
177.240,4.0025,8.7792,-5.9871
177.249,4.0025,8.7818,-5.9871
177.258,4.0025,8.7818,-5.9871
177.267,4.0025,8.7845,-5.9871
177.275,4.0025,8.7845,-5.9871
177.285,4.0025,8.7871,-5.9871
177.293,4.0025,8.7871,-5.9871
177.301,4.0025,8.7871,-5.9871
177.309,4.0025,8.7897,-5.9871
177.319,4.0025,8.7897,-5.9871
177.328,4.0025,8.7923,-5.9871
177.337,4.0025,8.7923,-5.9871
177.345,4.0025,8.7950,-5.9871
177.355,4.0025,8.7950,-5.9871
177.363,4.0025,8.7950,-5.9871
177.369,4.0025,8.7976,-5.9871
177.378,4.0025,8.7976,-5.9871
177.386,4.0025,8.8002,-5.9871
177.394,4.0025,8.8002,-5.9871
177.401,4.0025,8.8002,-5.9871
177.409,4.0025,8.8029,-5.9871
177.419,4.0025,8.8029,-5.9871
177.425,4.0025,8.8055,-5.9871
177.434,4.0025,8.8055,-5.9871
177.443,4.0025,8.8055,-5.9871
177.451,4.0025,8.8081,-5.9871
177.459,4.0025,8.8081,-5.9871
177.468,4.0025,8.8107,-5.9871
177.477,4.0025,8.8107,-5.9871
177.485,4.0025,8.8133,-5.9871
177.491,4.0025,8.8133,-5.9871
177.500,4.0025,8.8133,-5.9871
177.507,4.0025,8.8159,-5.9871
177.516,4.0025,8.8159,-5.9871
177.522,4.0025,8.8159,-5.9871
177.530,4.0025,8.8186,-5.9871
177.538,4.0025,8.8186,-5.9871
177.545,4.0025,8.8212,-5.9871
177.553,4.0025,8.8212,-5.9871
177.560,4.0025,8.8212,-5.9871
177.567,4.0025,8.8238,-5.9871
177.576,4.0025,8.8238,-5.9871
177.583,4.0025,8.8238,-5.9871
177.590,4.0025,8.8264,-5.9871
177.600,4.0025,8.8264,-5.9871
177.606,4.0025,8.8290,-5.9871
177.615,4.0025,8.8290,-5.9871
177.622,4.0025,8.8290,-5.9871
177.631,4.0025,8.8316,-5.9871
177.639,4.0025,8.8316,-5.9871
177.647,4.0025,8.8342,-5.9871
177.655,4.0025,8.8342,-5.9871
177.662,4.0025,8.8342,-5.9871
177.669,4.0025,8.8368,-5.9871
177.678,4.0025,8.8368,-5.9871
177.685,4.0025,8.8394,-5.9871
177.693,4.0025,8.8394,-5.9871
177.701,4.0025,8.8394,-5.9871
177.708,4.0025,8.8420,-5.9871
177.718,4.0025,8.8420,-5.9871
177.725,4.0025,8.8446,-5.9871
177.735,4.0025,8.8446,-5.9871
177.741,4.0025,8.8446,-5.9871
177.750,4.0025,8.8472,-5.9871
177.757,4.0025,8.8472,-5.9871
177.766,4.0025,8.8498,-5.9871
177.773,4.0025,8.8498,-5.9871
177.781,4.0025,8.8498,-5.9871
177.788,4.0025,8.8524,-5.9871
177.797,4.0025,8.8524,-5.9871
177.804,4.0025,8.8550,-5.9871
177.813,4.0025,8.8550,-5.9871
177.820,4.0025,8.8550,-5.9871
177.828,4.0025,8.8576,-5.9871
177.836,4.0025,8.8576,-5.9871
177.844,4.0025,8.8576,-5.9871
177.850,4.0025,8.8602,-5.9871
177.859,4.0025,8.8602,-5.9871
177.868,4.0025,8.8628,-5.9871
177.877,4.0025,8.8628,-5.9871
177.883,4.0025,8.8628,-5.9871
177.891,4.0025,8.8654,-5.9871
177.900,4.0025,8.8654,-5.9871
177.908,4.0025,8.8680,-5.9871
177.917,4.0025,8.8680,-5.9871
177.925,4.0025,8.8707,-5.9871
177.933,4.0025,8.8707,-5.9871
177.941,4.0025,8.8707,-5.9871
177.948,4.0025,8.8733,-5.9871
177.956,4.0025,8.8733,-5.9871
177.964,4.0025,8.8759,-5.9871
177.972,4.0025,8.8759,-5.9871
177.981,4.0025,8.8759,-5.9871
177.990,4.0025,8.8785,-5.9871
178.004,4.0025,8.8811,-5.9871
178.018,4.0025,8.8811,-5.9871
178.028,4.0025,8.8838,-5.9871
178.038,4.0025,8.8838,-5.9871
178.051,4.0025,8.8864,-5.9871
178.064,4.0025,8.8890,-5.9871
178.077,4.0025,8.8890,-5.9871
178.086,4.0025,8.8916,-5.9871
178.098,4.0025,8.8916,-5.9871
178.116,4.0025,8.8943,-5.9871
178.134,4.0025,8.8969,-5.9871
178.149,4.0025,8.8996,-5.9871
178.163,4.0025,8.8996,-5.9871
178.176,4.0025,8.9022,-5.9871
178.192,4.0025,8.9048,-5.9871
178.206,4.0025,8.9075,-5.9871
178.216,4.0025,8.9075,-5.9871
178.227,4.0025,8.9101,-5.9871
178.236,4.0025,8.9101,-5.9871
178.243,4.0025,8.9101,-5.9871
178.251,4.0025,8.9127,-5.9871
178.266,4.0025,8.9154,-5.9871
178.279,4.0025,8.9154,-5.9871
178.287,4.0025,8.9180,-5.9871
178.297,4.0025,8.9180,-5.9871
178.305,4.0025,8.9207,-5.9871
178.315,4.0025,8.9207,-5.9871
178.323,4.0025,8.9207,-5.9871
178.331,4.0025,8.9233,-5.9871
178.341,4.0025,8.9233,-5.9871
178.349,4.0025,8.9260,-5.9871
178.358,4.0025,8.9260,-5.9871
178.369,4.0025,8.9286,-5.9871
178.378,4.0025,8.9286,-5.9871
178.386,4.0025,8.9312,-5.9871
178.393,4.0025,8.9312,-5.9871
178.402,4.0025,8.9312,-5.9871
178.409,4.0025,8.9339,-5.9871
178.418,4.0025,8.9339,-5.9871
178.425,4.0025,8.9365,-5.9871
178.435,4.0025,8.9365,-5.9871
178.444,4.0025,8.9365,-5.9871
178.451,4.0025,8.9392,-5.9871
178.460,4.0025,8.9392,-5.9871
178.469,4.0025,8.9418,-5.9871
178.478,4.0025,8.9418,-5.9871
178.485,4.0025,8.9445,-5.9871
178.495,4.0025,8.9445,-5.9871
178.504,4.0025,8.9445,-5.9871
178.511,4.0025,8.9471,-5.9871
178.522,4.0025,8.9471,-5.9871
178.529,4.0025,8.9498,-5.9871
178.538,4.0025,8.9498,-5.9871
178.545,4.0025,8.9524,-5.9871
178.555,4.0025,8.9524,-5.9871
178.564,4.0025,8.9524,-5.9871
178.572,4.0025,8.9551,-5.9871
178.582,4.0025,8.9551,-5.9871
178.589,4.0025,8.9577,-5.9871
178.599,4.0025,8.9577,-5.9871
178.606,4.0025,8.9604,-5.9871
178.616,4.0025,8.9604,-5.9871
178.622,4.0025,8.9604,-5.9871
178.630,4.0025,8.9631,-5.9871
178.637,4.0025,8.9631,-5.9871
178.645,4.0025,8.9657,-5.9871
178.653,4.0025,8.9657,-5.9871
178.661,4.0025,8.9657,-5.9871
178.668,4.0025,8.9684,-5.9871
178.676,4.0025,8.9684,-5.9871
178.684,4.0025,8.9684,-5.9871
178.690,4.0025,8.9710,-5.9871
178.699,4.0025,8.9710,-5.9871
178.706,4.0025,8.9737,-5.9871
178.716,4.0025,8.9737,-5.9871
178.724,4.0025,8.9764,-5.9871
178.734,4.0025,8.9764,-5.9871
178.742,4.0025,8.9764,-5.9871
178.750,4.0025,8.9790,-5.9871
178.757,4.0025,8.9790,-5.9871
178.765,4.0025,8.9817,-5.9871
178.774,4.0025,8.9817,-5.9871
178.782,4.0025,8.9817,-5.9871
178.789,4.0025,8.9843,-5.9871
178.798,4.0025,8.9843,-5.9871
178.806,4.0025,8.9870,-5.9871
178.815,4.0025,8.9870,-5.9871
178.823,4.0025,8.9870,-5.9871
178.830,4.0025,8.9897,-5.9871
178.839,4.0025,8.9897,-5.9871
178.846,4.0025,8.9923,-5.9871
178.854,4.0025,8.9923,-5.9871
178.861,4.0025,8.9923,-5.9871
178.869,4.0025,8.9950,-5.9871
178.878,4.0025,8.9950,-5.9871
178.886,4.0025,8.9976,-5.9871
178.894,4.0025,8.9976,-5.9871
178.901,4.0025,8.9976,-5.9871
178.908,4.0025,9.0003,-5.9871
178.916,4.0025,9.0003,-5.9871
178.923,4.0025,9.0003,-5.9871
178.931,4.0025,9.0030,-5.9871
178.940,4.0025,9.0030,-5.9871
178.948,4.0025,9.0056,-5.9871
178.956,4.0025,9.0056,-5.9871
178.964,4.0025,9.0056,-5.9871
178.970,4.0025,9.0083,-5.9871
178.980,4.0025,9.0083,-5.9871
178.987,4.0025,9.0109,-5.9871
178.995,4.0025,9.0109,-5.9871
179.002,4.0025,9.0109,-5.9871
179.009,4.0025,9.0136,-5.9871
179.018,4.0025,9.0136,-5.9871
179.025,4.0025,9.0163,-5.9871
179.035,4.0025,9.0163,-5.9871
179.042,4.0025,9.0163,-5.9871
179.050,4.0025,9.0189,-5.9871
179.058,4.0025,9.0189,-5.9871
179.067,4.0025,9.0216,-5.9871
179.077,4.0025,9.0216,-5.9871
179.085,4.0025,9.0243,-5.9871
179.093,4.0025,9.0243,-5.9871
179.102,4.0025,9.0243,-5.9871
179.109,4.0025,9.0269,-5.9871
179.117,4.0025,9.0269,-5.9871
179.125,4.0025,9.0296,-5.9871
179.135,4.0025,9.0296,-5.9871
179.143,4.0025,9.0296,-5.9871
179.150,4.0025,9.0322,-5.9871
179.160,4.0025,9.0322,-5.9871
179.167,4.0025,9.0349,-5.9871
179.176,4.0025,9.0349,-5.9871
179.183,4.0025,9.0349,-5.9871
179.191,4.0025,9.0376,-5.9871
179.201,4.0025,9.0376,-5.9871
179.208,4.0025,9.0402,-5.9871
179.217,4.0025,9.0402,-5.9871
179.226,4.0025,9.0429,-5.9871
179.236,4.0025,9.0429,-5.9871
179.245,4.0025,9.0456,-5.9871
179.256,4.0025,9.0456,-5.9871
179.264,4.0025,9.0456,-5.9871
179.274,4.0025,9.0482,-5.9871
179.284,4.0025,9.0509,-5.9871
179.292,4.0025,9.0509,-5.9871
179.301,4.0025,9.0509,-5.9871
179.309,4.0025,9.0536,-5.9871
179.319,4.0025,9.0536,-5.9871
179.326,4.0025,9.0562,-5.9871
179.336,4.0025,9.0562,-5.9871
179.343,4.0025,9.0562,-5.9871
179.352,4.0025,9.0589,-5.9871
179.360,4.0025,9.0589,-5.9871
179.369,4.0025,9.0616,-5.9871
179.379,4.0025,9.0616,-5.9871
179.387,4.0025,9.0642,-5.9871
179.397,4.0025,9.0642,-5.9871
179.405,4.0025,9.0669,-5.9871
179.416,4.0025,9.0669,-5.9871
179.423,4.0025,9.0669,-5.9871
179.432,4.0025,9.0696,-5.9871
179.442,4.0025,9.0696,-5.9871
179.451,4.0025,9.0722,-5.9871
179.461,4.0025,9.0722,-5.9871
179.469,4.0025,9.0749,-5.9871
179.478,4.0025,9.0749,-5.9871
179.488,4.0025,9.0776,-5.9871
179.496,4.0025,9.0776,-5.9871
179.505,4.0025,9.0802,-5.9871
179.514,4.0025,9.0802,-5.9871
179.522,4.0025,9.0802,-5.9871
179.530,4.0025,9.0829,-5.9871
179.540,4.0025,9.0829,-5.9871
179.548,4.0025,9.0856,-5.9871
179.556,4.0025,9.0856,-5.9871
179.564,4.0025,9.0882,-5.9871
179.573,4.0025,9.0882,-5.9871
179.582,4.0025,9.0882,-5.9871
179.589,4.0025,9.0909,-5.9871
179.600,4.0025,9.0909,-5.9871
179.608,4.0025,9.0936,-5.9871
179.618,4.0025,9.0936,-5.9871
179.627,4.0025,9.0962,-5.9871
179.636,4.0025,9.0962,-5.9871
179.644,4.0025,9.0989,-5.9871
179.653,4.0025,9.0989,-5.9871
179.661,4.0025,9.0989,-5.9871
179.669,4.0025,9.1016,-5.9871
179.678,4.0025,9.1016,-5.9871
179.686,4.0025,9.1042,-5.9871
179.694,4.0025,9.1042,-5.9871
179.702,4.0025,9.1042,-5.9871
179.710,4.0025,9.1069,-5.9871
179.719,4.0025,9.1069,-5.9871
179.727,4.0025,9.1096,-5.9871
179.735,4.0025,9.1096,-5.9871
179.743,4.0025,9.1096,-5.9871
179.751,4.0025,9.1122,-5.9871
179.759,4.0025,9.1122,-5.9871
179.767,4.0025,9.1149,-5.9871
179.776,4.0025,9.1149,-5.9871
179.785,4.0025,9.1176,-5.9871
179.794,4.0025,9.1176,-5.9871
179.803,4.0025,9.1176,-5.9871
179.809,4.0025,9.1202,-5.9871
179.820,4.0025,9.1202,-5.9871
179.827,4.0025,9.1229,-5.9871
179.836,4.0025,9.1229,-5.9871
179.844,4.0025,9.1256,-5.9871
179.853,4.0025,9.1256,-5.9871
179.862,4.0025,9.1256,-5.9871
179.870,4.0025,9.1282,-5.9871
179.876,4.0025,9.1282,-5.9871
179.884,4.0025,9.1309,-5.9871
179.892,4.0025,9.1309,-5.9871
179.901,4.0025,9.1309,-5.9871
179.907,4.0025,9.1336,-5.9871
179.916,4.0025,9.1336,-5.9871
179.923,4.0025,9.1336,-5.9871
179.930,4.0025,9.1362,-5.9871
179.937,4.0025,9.1362,-5.9871
179.945,4.0025,9.1389,-5.9871
179.952,4.0025,9.1389,-5.9871
179.960,4.0025,9.1389,-5.9871
179.967,4.0025,9.1416,-5.9871
179.975,4.0025,9.1416,-5.9871
179.983,4.0025,9.1416,-5.9871
179.990,4.0025,9.1442,-5.9871
179.998,4.0025,9.1442,-5.9871
180.005,4.0025,9.1469,-5.9871
180.014,4.0025,9.1469,-5.9871
180.021,4.0025,9.1469,-5.9871
180.028,4.0025,9.1496,-5.9871
180.036,4.0025,9.1496,-5.9871
180.044,4.0025,9.1522,-5.9871
180.053,4.0025,9.1522,-5.9871
180.059,4.0025,9.1522,-5.9871
180.068,4.0025,9.1549,-5.9871
180.076,4.0025,9.1549,-5.9871
180.083,4.0025,9.1549,-5.9871
180.089,4.0025,9.1576,-5.9871
180.099,4.0025,9.1576,-5.9871
180.107,4.0025,9.1602,-5.9871
180.116,4.0025,9.1602,-5.9871
180.123,4.0025,9.1602,-5.9871
180.130,4.0025,9.1629,-5.9871
180.138,4.0025,9.1629,-5.9871
180.146,4.0025,9.1656,-5.9871
180.154,4.0025,9.1656,-5.9871
180.162,4.0025,9.1656,-5.9871
180.169,4.0025,9.1682,-5.9871
180.178,4.0025,9.1682,-5.9871
180.185,4.0025,9.1709,-5.9871
180.195,4.0025,9.1709,-5.9871
180.202,4.0025,9.1709,-5.9871
180.209,4.0025,9.1736,-5.9871
180.218,4.0025,9.1736,-5.9871
180.225,4.0025,9.1762,-5.9871
180.234,4.0025,9.1762,-5.9871
180.241,4.0025,9.1762,-5.9871
180.249,4.0025,9.1789,-5.9871
180.257,4.0025,9.1789,-5.9871
180.265,4.0025,9.1816,-5.9871
180.273,4.0025,9.1816,-5.9871
180.280,4.0025,9.1816,-5.9871
180.287,4.0025,9.1842,-5.9871
180.294,4.0025,9.1842,-5.9871
180.302,4.0025,9.1842,-5.9871
180.309,4.0025,9.1869,-5.9871
180.317,4.0025,9.1869,-5.9871
180.324,4.0025,9.1896,-5.9871
180.332,4.0025,9.1896,-5.9871
180.340,4.0025,9.1896,-5.9871
180.347,4.0025,9.1922,-5.9871
180.355,4.0025,9.1922,-5.9871
180.362,4.0025,9.1922,-5.9871
180.368,4.0025,9.1949,-5.9871
180.377,4.0025,9.1949,-5.9871
180.384,4.0025,9.1976,-5.9871
180.393,4.0025,9.1976,-5.9871
180.401,4.0025,9.1976,-5.9871
180.408,4.0025,9.2002,-5.9871
180.416,4.0025,9.2002,-5.9871
180.422,4.0025,9.2002,-5.9871
180.430,4.0025,9.2029,-5.9871
180.440,4.0025,9.2029,-5.9871
180.446,4.0025,9.2056,-5.9871
180.454,4.0025,9.2056,-5.9871
180.461,4.0025,9.2056,-5.9871
180.469,4.0025,9.2082,-5.9871
180.478,4.0025,9.2082,-5.9871
180.496,4.0025,9.2109,-5.9871
180.505,4.0025,9.2136,-5.9871
180.516,4.0025,9.2136,-5.9871
180.523,4.0025,9.2136,-5.9871
180.532,4.0025,9.2162,-5.9871
180.541,4.0025,9.2162,-5.9871
180.549,4.0025,9.2189,-5.9871
180.558,4.0025,9.2189,-5.9871
180.566,4.0025,9.2216,-5.9871
180.575,4.0025,9.2216,-5.9871
180.582,4.0025,9.2216,-5.9871
180.589,4.0025,9.2242,-5.9871
180.598,4.0025,9.2242,-5.9871
180.606,4.0025,9.2269,-5.9871
180.616,4.0025,9.2269,-5.9871
180.623,4.0025,9.2269,-5.9871
180.630,4.0025,9.2296,-5.9871
180.640,4.0025,9.2296,-5.9871
180.648,4.0025,9.2322,-5.9871
180.657,4.0025,9.2322,-5.9871
180.666,4.0025,9.2349,-5.9871
180.675,4.0025,9.2349,-5.9871
180.684,4.0025,9.2376,-5.9871
180.693,4.0025,9.2376,-5.9871
180.702,4.0025,9.2376,-5.9871
180.709,4.0025,9.2402,-5.9871
180.719,4.0025,9.2402,-5.9871
180.727,4.0025,9.2429,-5.9871
180.738,4.0025,9.2429,-5.9871
180.747,4.0025,9.2456,-5.9871
180.757,4.0025,9.2456,-5.9871
180.768,4.0025,9.2482,-5.9871
180.779,4.0025,9.2482,-5.9871
180.788,4.0025,9.2509,-5.9871
180.799,4.0025,9.2509,-5.9871
180.807,4.0025,9.2536,-5.9871
180.818,4.0025,9.2536,-5.9871
180.828,4.0025,9.2562,-5.9871
180.839,4.0025,9.2562,-5.9871
180.848,4.0025,9.2589,-5.9871
180.858,4.0025,9.2589,-5.9871
180.867,4.0025,9.2616,-5.9871
180.878,4.0025,9.2616,-5.9871
180.888,4.0025,9.2642,-5.9871
180.898,4.0025,9.2642,-5.9871
180.906,4.0025,9.2669,-5.9871
180.916,4.0025,9.2669,-5.9871
180.923,4.0025,9.2669,-5.9871
180.933,4.0025,9.2696,-5.9871
180.943,4.0025,9.2696,-5.9871
180.952,4.0025,9.2722,-5.9871
180.962,4.0025,9.2722,-5.9871
180.969,4.0025,9.2749,-5.9871
180.981,4.0025,9.2749,-5.9871
180.990,4.0025,9.2776,-5.9871
181.000,4.0025,9.2776,-5.9871
181.009,4.0025,9.2802,-5.9871
181.018,4.0025,9.2802,-5.9871
181.027,4.0025,9.2829,-5.9871
181.038,4.0025,9.2829,-5.9871
181.047,4.0025,9.2856,-5.9871
181.055,4.0025,9.2856,-5.9871
181.065,4.0025,9.2882,-5.9871
181.074,4.0025,9.2882,-5.9871
181.082,4.0025,9.2882,-5.9871
181.089,4.0025,9.2909,-5.9871
181.100,4.0025,9.2909,-5.9871
181.107,4.0025,9.2936,-5.9871
181.117,4.0025,9.2936,-5.9871
181.124,4.0025,9.2962,-5.9871
181.136,4.0025,9.2962,-5.9871
181.142,4.0025,9.2962,-5.9871
181.150,4.0025,9.2989,-5.9871
181.158,4.0025,9.2989,-5.9871
181.165,4.0025,9.3016,-5.9871
181.173,4.0025,9.3016,-5.9871
181.181,4.0025,9.3016,-5.9871
181.188,4.0025,9.3042,-5.9871
181.197,4.0025,9.3042,-5.9871
181.204,4.0025,9.3069,-5.9871
181.212,4.0025,9.3069,-5.9871
181.219,4.0025,9.3069,-5.9871
181.226,4.0025,9.3096,-5.9871
181.234,4.0025,9.3096,-5.9871
181.241,4.0025,9.3096,-5.9871
181.249,4.0025,9.3122,-5.9871
181.258,4.0025,9.3122,-5.9871
181.266,4.0025,9.3149,-5.9871
181.275,4.0025,9.3149,-5.9871
181.282,4.0025,9.3149,-5.9871
181.289,4.0025,9.3176,-5.9871
181.296,4.0025,9.3176,-5.9871
181.304,4.0025,9.3202,-5.9871
181.312,4.0025,9.3202,-5.9871
181.320,4.0025,9.3202,-5.9871
181.326,4.0025,9.3229,-5.9871
181.335,4.0025,9.3229,-5.9871
181.342,4.0025,9.3229,-5.9871
181.350,4.0025,9.3256,-5.9871
181.357,4.0025,9.3256,-5.9871
181.366,4.0025,9.3282,-5.9871
181.373,4.0025,9.3282,-5.9871
181.381,4.0025,9.3282,-5.9871
181.387,4.0025,9.3309,-5.9871
181.397,4.0025,9.3309,-5.9871
181.405,4.0025,9.3336,-5.9871
181.412,4.0025,9.3336,-5.9871
181.419,4.0025,9.3336,-5.9871
181.426,4.0025,9.3362,-5.9871
181.435,4.0025,9.3362,-5.9871
181.443,4.0025,9.3362,-5.9871
181.450,4.0025,9.3389,-5.9871
181.458,4.0025,9.3389,-5.9871
181.466,4.0025,9.3416,-5.9871
181.474,4.0025,9.3416,-5.9871
181.481,4.0025,9.3416,-5.9871
181.488,4.0025,9.3442,-5.9871
181.496,4.0025,9.3442,-5.9871
181.503,4.0025,9.3442,-5.9871
181.510,4.0025,9.3469,-5.9871
181.518,4.0025,9.3469,-5.9871
181.525,4.0025,9.3496,-5.9871
181.535,4.0025,9.3496,-5.9871
181.542,4.0025,9.3496,-5.9871
181.550,4.0025,9.3522,-5.9871
181.557,4.0025,9.3522,-5.9871
181.565,4.0025,9.3549,-5.9871
181.573,4.0025,9.3549,-5.9871
181.580,4.0025,9.3549,-5.9871
181.587,4.0025,9.3576,-5.9871
181.595,4.0025,9.3576,-5.9871
181.603,4.0025,9.3576,-5.9871
181.610,4.0025,9.3602,-5.9871
181.619,4.0025,9.3602,-5.9871
181.626,4.0025,9.3629,-5.9871
181.635,4.0025,9.3629,-5.9871
181.643,4.0025,9.3629,-5.9871
181.649,4.0025,9.3640,-5.9871
181.656,4.0025,9.3640,-5.9871
181.664,4.0025,9.3640,-5.9871
181.671,4.0025,9.3640,-5.9871
181.679,4.0025,9.3640,-5.9871
181.686,4.0025,9.3640,-5.9871
181.694,4.0025,9.3640,-5.9871
181.701,4.0025,9.3640,-5.9871
181.708,4.0025,9.3640,-5.9871
181.715,4.0025,9.3640,-5.9871
181.722,4.0025,9.3640,-5.9871
181.729,4.0025,9.3640,-5.9871
181.738,4.0025,9.3640,-5.9871
181.745,4.0025,9.3640,-5.9871
181.753,4.0025,9.3640,-5.9871
181.760,4.0025,9.3640,-5.9871
181.768,4.0025,9.3640,-5.9871
181.775,4.0025,9.3640,-5.9871
181.783,4.0025,9.3640,-5.9871
181.789,4.0025,9.3640,-5.9871
181.798,4.0025,9.3640,-5.9871
181.804,4.0025,9.3640,-5.9871
181.811,4.0025,9.3640,-5.9871
181.819,4.0025,9.3640,-5.9871
181.826,4.0025,9.3640,-5.9871
181.835,4.0025,9.3640,-5.9871
181.841,4.0025,9.3640,-5.9871
181.850,4.0025,9.3640,-5.9871
181.857,4.0025,9.3640,-5.9871
181.865,4.0025,9.3640,-5.9871
181.873,4.0025,9.3640,-5.9871
181.881,4.0025,9.3640,-5.9871
181.887,4.0025,9.3640,-5.9871
181.896,4.0025,9.3640,-5.9871
181.903,4.0025,9.3640,-5.9871
181.911,4.0025,9.3640,-5.9871
181.921,4.0025,9.3640,-5.9871
181.929,4.0025,9.3640,-5.9871
181.937,4.0025,9.3640,-5.9871
181.946,4.0025,9.3640,-5.9871
181.954,4.0025,9.3640,-5.9871
181.962,4.0025,9.3640,-5.9871
181.970,4.0025,9.3640,-5.9871
181.978,4.0025,9.3640,-5.9871
181.986,4.0025,9.3640,-5.9871
181.993,4.0025,9.3640,-5.9871
182.002,4.0025,9.3640,-5.9871
182.009,4.0025,9.3640,-5.9871
182.018,4.0025,9.3640,-5.9871
182.025,4.0025,9.3640,-5.9871
182.033,4.0025,9.3640,-5.9871
182.041,4.0025,9.3640,-5.9871
182.049,4.0025,9.3640,-5.9871
182.057,4.0025,9.3640,-5.9871
182.067,4.0025,9.3640,-5.9871
182.074,4.0025,9.3640,-5.9871
182.081,4.0025,9.3640,-5.9871
182.089,4.0025,9.3640,-5.9871
182.097,4.0025,9.3640,-5.9871
182.106,4.0025,9.3640,-5.9871
182.113,4.0025,9.3640,-5.9871
182.122,4.0025,9.3640,-5.9871
182.129,4.0025,9.3640,-5.9871
182.139,4.0025,9.3640,-5.9871
182.147,4.0025,9.3640,-5.9871
182.156,4.0025,9.3640,-5.9871
182.163,4.0025,9.3640,-5.9871
182.171,4.0025,9.3640,-5.9871
182.181,4.0025,9.3640,-5.9871
182.188,4.0025,9.3640,-5.9871
182.199,4.0025,9.3640,-5.9871
182.206,4.0025,9.3640,-5.9871
182.216,4.0025,9.3640,-5.9871
182.223,4.0025,9.3640,-5.9871
182.231,4.0025,9.3640,-5.9871
182.240,4.0025,9.3640,-5.9871
182.249,4.0025,9.3640,-5.9871
182.256,4.0025,9.3640,-5.9871
182.266,4.0025,9.3640,-5.9871
182.275,4.0025,9.3640,-5.9871
182.283,4.0025,9.3640,-5.9871
182.290,4.0025,9.3640,-5.9871
182.299,4.0025,9.3640,-5.9871
182.307,4.0025,9.3640,-5.9871
182.315,4.0025,9.3640,-5.9871
182.322,4.0025,9.3640,-5.9871
182.330,4.0025,9.3640,-5.9871
182.339,4.0025,9.3640,-5.9871
182.347,4.0025,9.3640,-5.9871
182.355,4.0025,9.3640,-5.9871
182.363,4.0025,9.3640,-5.9871
182.372,4.0025,9.3640,-5.9871
182.380,4.0025,9.3640,-5.9871
182.388,4.0025,9.3640,-5.9871
182.396,4.0025,9.3640,-5.9871
182.405,4.0025,9.3640,-5.9871
182.413,4.0025,9.3640,-5.9871
182.421,4.0025,9.3640,-5.9871
182.427,4.0025,9.3640,-5.9871
182.436,4.0025,9.3640,-5.9871
182.443,4.0025,9.3640,-5.9871
182.450,4.0025,9.3640,-5.9871
182.457,4.0025,9.3640,-5.9871
182.464,4.0025,9.3640,-5.9871
182.471,4.0025,9.3640,-5.9871
182.478,4.0025,9.3640,-5.9871
182.485,4.0025,9.3640,-5.9871
182.492,4.0025,9.3640,-5.9871
182.500,4.0025,9.3640,-5.9871
182.507,4.0025,9.3640,-5.9871
182.515,4.0025,9.3640,-5.9871
182.523,4.0025,9.3640,-5.9871
182.530,4.0025,9.3640,-5.9871
182.538,4.0025,9.3640,-5.9871
182.546,4.0025,9.3640,-5.9871
182.554,4.0025,9.3640,-5.9871
182.561,4.0025,9.3640,-5.9871
182.568,4.0025,9.3640,-5.9871
182.576,4.0025,9.3640,-5.9871
182.583,4.0025,9.3640,-5.9871
182.590,4.0025,9.3640,-5.9871
182.597,4.0025,9.3640,-5.9871
182.605,4.0025,9.3640,-5.9871
182.613,4.0025,9.3640,-5.9871
182.620,4.0025,9.3640,-5.9871
182.627,4.0025,9.3640,-5.9871
182.636,4.0025,9.3640,-5.9871
182.643,4.0025,9.3640,-5.9871
182.650,4.0025,9.3640,-5.9871
182.657,4.0025,9.3640,-5.9871
182.664,4.0025,9.3640,-5.9871
182.671,4.0025,9.3640,-5.9871
182.678,4.0025,9.3640,-5.9871
182.685,4.0025,9.3640,-5.9871
182.698,4.0025,9.3640,-5.9871
182.710,4.0025,9.3640,-5.9871
182.719,4.0025,9.3640,-5.9871
182.725,4.0025,9.3640,-5.9871
182.734,4.0025,9.3640,-5.9871
182.740,4.0025,9.3640,-5.9871
182.748,4.0025,9.3640,-5.9871
182.755,4.0025,9.3640,-5.9871
182.763,4.0025,9.3640,-5.9871
182.770,4.0025,9.3640,-5.9871
182.777,4.0025,9.3640,-5.9871
182.784,4.0025,9.3640,-5.9871
182.790,4.0025,9.3640,-5.9871
182.799,4.0025,9.3640,-5.9871
182.806,4.0025,9.3640,-5.9871
182.814,4.0025,9.3640,-5.9871
182.821,4.0025,9.3640,-5.9871
182.829,4.0025,9.3640,-5.9871
182.837,4.0025,9.3640,-5.9871
182.845,4.0025,9.3640,-5.9871
182.853,4.0025,9.3640,-5.9871
182.860,4.0025,9.3640,-5.9871
182.866,4.0025,9.3640,-5.9871
182.873,4.0025,9.3640,-5.9871
182.881,4.0025,9.3640,-5.9871
182.889,4.0025,9.3640,-5.9871
182.896,4.0025,9.3640,-5.9871
182.904,4.0025,9.3640,-5.9871
182.911,4.0025,9.3640,-5.9871
182.919,4.0025,9.3640,-5.9871
182.925,4.0025,9.3640,-5.9871
182.933,4.0025,9.3640,-5.9871
182.940,4.0025,9.3640,-5.9871
182.947,4.0025,9.3640,-5.9871
182.954,4.0025,9.3640,-5.9871
182.961,4.0025,9.3640,-5.9871
182.969,4.0025,9.3640,-5.9871
182.976,4.0025,9.3640,-5.9871
182.984,4.0025,9.3640,-5.9871
182.991,4.0025,9.3640,-5.9871
182.998,4.0025,9.3640,-5.9871
183.005,4.0025,9.3640,-5.9871
183.013,4.0025,9.3640,-5.9871
183.020,4.0025,9.3640,-5.9871
183.028,4.0025,9.3640,-5.9871
183.037,4.0025,9.3640,-5.9871
183.045,4.0025,9.3640,-5.9871
183.052,4.0025,9.3640,-5.9871
183.060,4.0025,9.3640,-5.9871
183.068,4.0025,9.3640,-5.9871
183.076,4.0025,9.3640,-5.9871
183.084,4.0025,9.3640,-5.9868
183.093,4.0025,9.3640,-5.9868
183.100,4.0025,9.3640,-5.9868
183.108,4.0025,9.3640,-5.9864
183.116,4.0025,9.3640,-5.9864
183.124,4.0025,9.3640,-5.9864
183.131,4.0025,9.3640,-5.9860
183.140,4.0025,9.3640,-5.9860
183.147,4.0025,9.3640,-5.9854
183.156,4.0025,9.3640,-5.9854
183.163,4.0025,9.3640,-5.9854
183.171,4.0025,9.3640,-5.9848
183.180,4.0025,9.3640,-5.9848
183.188,4.0025,9.3640,-5.9841
183.196,4.0025,9.3640,-5.9841
183.204,4.0025,9.3640,-5.9834
183.214,4.0025,9.3640,-5.9834
183.221,4.0025,9.3640,-5.9834
183.229,4.0025,9.3640,-5.9827
183.239,4.0025,9.3640,-5.9827
183.249,4.0025,9.3640,-5.9820
183.257,4.0025,9.3640,-5.9820
183.265,4.0025,9.3640,-5.9812
183.274,4.0025,9.3640,-5.9812
183.284,4.0025,9.3640,-5.9812
183.291,4.0025,9.3640,-5.9804
183.301,4.0025,9.3640,-5.9804
183.308,4.0025,9.3640,-5.9782
183.316,4.0025,9.3640,-5.9782
183.323,4.0025,9.3640,-5.9782
183.331,4.0025,9.3640,-5.9760
183.340,4.0025,9.3640,-5.9760
183.347,4.0025,9.3640,-5.9737
183.355,4.0025,9.3640,-5.9737
183.363,4.0025,9.3640,-5.9737
183.372,4.0025,9.3640,-5.9714
183.380,4.0025,9.3640,-5.9714
183.387,4.0025,9.3640,-5.9689
183.396,4.0025,9.3640,-5.9689
183.406,4.0025,9.3640,-5.9665
183.415,4.0025,9.3640,-5.9665
183.423,4.0025,9.3640,-5.9665
183.431,4.0025,9.3640,-5.9639
183.440,4.0025,9.3640,-5.9639
183.447,4.0025,9.3640,-5.9612
183.455,4.0025,9.3640,-5.9612
183.463,4.0025,9.3640,-5.9612
183.470,4.0025,9.3640,-5.9584
183.478,4.0025,9.3640,-5.9584
183.486,4.0025,9.3640,-5.9555
183.494,4.0025,9.3640,-5.9555
183.501,4.0025,9.3640,-5.9555
183.508,4.0025,9.3640,-5.9524
183.517,4.0025,9.3640,-5.9524
183.523,4.0025,9.3640,-5.9524
183.530,4.0025,9.3640,-5.9494
183.539,4.0025,9.3640,-5.9494
183.547,4.0025,9.3640,-5.9462
183.555,4.0025,9.3640,-5.9462
183.564,4.0025,9.3640,-5.9430
183.573,4.0025,9.3640,-5.9430
183.580,4.0025,9.3640,-5.9430
183.587,4.0025,9.3640,-5.9398
183.596,4.0025,9.3640,-5.9398
183.604,4.0025,9.3640,-5.9366
183.613,4.0025,9.3640,-5.9366
183.621,4.0025,9.3640,-5.9366
183.629,4.0025,9.3640,-5.9333
183.639,4.0025,9.3640,-5.9333
183.646,4.0025,9.3640,-5.9301
183.653,4.0025,9.3640,-5.9301
183.660,4.0025,9.3640,-5.9301
183.667,4.0025,9.3640,-5.9268
183.675,4.0025,9.3640,-5.9268
183.681,4.0025,9.3640,-5.9268
183.688,4.0025,9.3640,-5.9236
183.696,4.0025,9.3640,-5.9236
183.703,4.0025,9.3640,-5.9236
183.709,4.0025,9.3640,-5.9203
183.717,4.0025,9.3640,-5.9203
183.723,4.0025,9.3640,-5.9203
183.730,4.0025,9.3640,-5.9170
183.738,4.0025,9.3640,-5.9170
183.744,4.0025,9.3640,-5.9137
183.754,4.0025,9.3640,-5.9137
183.761,4.0025,9.3640,-5.9137
183.768,4.0025,9.3640,-5.9104
183.776,4.0025,9.3640,-5.9104
183.783,4.0025,9.3640,-5.9104
183.790,4.0025,9.3640,-5.9071
183.798,4.0025,9.3640,-5.9071
183.805,4.0025,9.3640,-5.9038
183.814,4.0025,9.3640,-5.9038
183.821,4.0025,9.3640,-5.9038
183.828,4.0025,9.3640,-5.9004
183.836,4.0025,9.3640,-5.9004
183.843,4.0025,9.3640,-5.9004
183.851,4.0025,9.3640,-5.8971
183.858,4.0025,9.3640,-5.8971
183.866,4.0025,9.3640,-5.8937
183.874,4.0025,9.3640,-5.8937
183.881,4.0025,9.3640,-5.8937
183.887,4.0025,9.3640,-5.8904
183.895,4.0025,9.3640,-5.8904
183.901,4.0025,9.3640,-5.8904
183.909,4.0025,9.3640,-5.8870
183.917,4.0025,9.3640,-5.8870
183.925,4.0025,9.3640,-5.8837
183.934,4.0025,9.3640,-5.8837
183.941,4.0025,9.3640,-5.8837
183.948,4.0025,9.3640,-5.8804
183.956,4.0025,9.3640,-5.8804
183.963,4.0025,9.3640,-5.8804
183.971,4.0025,9.3640,-5.8770
183.979,4.0025,9.3640,-5.8770
183.986,4.0025,9.3640,-5.8737
183.996,4.0025,9.3640,-5.8737
184.004,4.0025,9.3640,-5.8703
184.011,4.0025,9.3640,-5.8703
184.019,4.0025,9.3640,-5.8703
184.026,4.0025,9.3640,-5.8669
184.036,4.0025,9.3640,-5.8669
184.042,4.0025,9.3640,-5.8669
184.051,4.0025,9.3640,-5.8636
184.058,4.0025,9.3640,-5.8636
184.067,4.0025,9.3640,-5.8602
184.074,4.0025,9.3640,-5.8602
184.081,4.0025,9.3640,-5.8602
184.087,4.0025,9.3640,-5.8568
184.095,4.0025,9.3640,-5.8568
184.103,4.0025,9.3640,-5.8568
184.110,4.0025,9.3640,-5.8534
184.118,4.0025,9.3640,-5.8534
184.125,4.0025,9.3640,-5.8500
184.133,4.0025,9.3640,-5.8500
184.141,4.0025,9.3640,-5.8500
184.149,4.0025,9.3640,-5.8466
184.157,4.0025,9.3640,-5.8466
184.165,4.0025,9.3640,-5.8432
184.173,4.0025,9.3640,-5.8432
184.181,4.0025,9.3640,-5.8432
184.188,4.0025,9.3640,-5.8398
184.196,4.0025,9.3640,-5.8398
184.204,4.0025,9.3640,-5.8398
184.211,4.0025,9.3640,-5.8364
184.219,4.0025,9.3640,-5.8364
184.225,4.0025,9.3640,-5.8329
184.235,4.0025,9.3640,-5.8329
184.242,4.0025,9.3640,-5.8329
184.249,4.0025,9.3640,-5.8295
184.256,4.0025,9.3640,-5.8295
184.264,4.0025,9.3640,-5.8295
184.271,4.0025,9.3640,-5.8260
184.279,4.0025,9.3640,-5.8260
184.285,4.0025,9.3640,-5.8226
184.293,4.0025,9.3640,-5.8226
184.300,4.0025,9.3640,-5.8226
184.306,4.0025,9.3640,-5.8191
184.314,4.0025,9.3640,-5.8191
184.320,4.0025,9.3640,-5.8191
184.327,4.0025,9.3640,-5.8157
184.334,4.0025,9.3640,-5.8157
184.341,4.0025,9.3640,-5.8157
184.347,4.0025,9.3640,-5.8122
184.355,4.0025,9.3640,-5.8122
184.364,4.0025,9.3640,-5.8087
184.373,4.0025,9.3640,-5.8087
184.383,4.0025,9.3640,-5.8087
184.391,4.0025,9.3640,-5.8053
184.399,4.0025,9.3640,-5.8053
184.408,4.0025,9.3640,-5.8019
184.416,4.0025,9.3640,-5.8019
184.424,4.0025,9.3640,-5.7985
184.434,4.0025,9.3640,-5.7985
184.441,4.0025,9.3640,-5.7985
184.449,4.0025,9.3640,-5.7951
184.458,4.0025,9.3640,-5.7951
184.466,4.0025,9.3640,-5.7917
184.473,4.0025,9.3640,-5.7917
184.482,4.0025,9.3640,-5.7917
184.489,4.0025,9.3640,-5.7883
184.497,4.0025,9.3640,-5.7883
184.505,4.0025,9.3640,-5.7849
184.514,4.0025,9.3640,-5.7849
184.521,4.0025,9.3640,-5.7849
184.529,4.0025,9.3640,-5.7815
184.538,4.0025,9.3640,-5.7815
184.546,4.0025,9.3640,-5.7782
184.554,4.0025,9.3640,-5.7782
184.564,4.0025,9.3640,-5.7748
184.573,4.0025,9.3640,-5.7748
184.582,4.0025,9.3640,-5.7748
184.589,4.0025,9.3640,-5.7714
184.600,4.0025,9.3640,-5.7714
184.607,4.0025,9.3640,-5.7680
184.616,4.0025,9.3640,-5.7680
184.623,4.0025,9.3640,-5.7680
184.630,4.0025,9.3640,-5.7647
184.639,4.0025,9.3640,-5.7647
184.647,4.0025,9.3640,-5.7613
184.656,4.0025,9.3640,-5.7613
184.664,4.0025,9.3640,-5.7580
184.673,4.0025,9.3640,-5.7580
184.680,4.0025,9.3640,-5.7580
184.688,4.0025,9.3640,-5.7546
184.698,4.0025,9.3640,-5.7546
184.705,4.0025,9.3640,-5.7512
184.714,4.0025,9.3640,-5.7512
184.721,4.0025,9.3640,-5.7512
184.728,4.0025,9.3640,-5.7478
184.736,4.0025,9.3640,-5.7478
184.743,4.0025,9.3640,-5.7478
184.750,4.0025,9.3640,-5.7445
184.759,4.0025,9.3640,-5.7445
184.767,4.0025,9.3640,-5.7411
184.774,4.0025,9.3640,-5.7411
184.782,4.0025,9.3640,-5.7411
184.789,4.0025,9.3640,-5.7377
184.798,4.0025,9.3640,-5.7377
184.805,4.0025,9.3640,-5.7343
184.815,4.0025,9.3640,-5.7343
184.822,4.0025,9.3640,-5.7343
184.830,4.0025,9.3640,-5.7309
184.839,4.0025,9.3640,-5.7309
184.856,4.0025,9.3640,-5.7275
184.867,4.0025,9.3640,-5.7241
184.875,4.0025,9.3640,-5.7241
184.883,4.0025,9.3640,-5.7241
184.890,4.0025,9.3640,-5.7206
184.899,4.0025,9.3640,-5.7206
184.906,4.0025,9.3640,-5.7172
184.914,4.0025,9.3640,-5.7172
184.921,4.0025,9.3640,-5.7172
184.928,4.0025,9.3640,-5.7137
184.937,4.0025,9.3640,-5.7137
184.943,4.0025,9.3640,-5.7137
184.951,4.0025,9.3640,-5.7102
184.958,4.0025,9.3640,-5.7102
184.966,4.0025,9.3640,-5.7067
184.973,4.0025,9.3640,-5.7067
184.981,4.0025,9.3640,-5.7067
184.988,4.0025,9.3640,-5.7031
184.996,4.0025,9.3640,-5.7031
185.003,4.0025,9.3640,-5.7031
185.009,4.0025,9.3640,-5.6962
185.017,4.0025,9.3640,-5.6962
185.023,4.0025,9.3640,-5.6962
185.030,4.0025,9.3640,-5.6892
185.039,4.0025,9.3640,-5.6892
185.047,4.0025,9.3640,-5.6820
185.054,4.0025,9.3640,-5.6820
185.062,4.0025,9.3640,-5.6820
185.069,4.0025,9.3640,-5.6746
185.078,4.0025,9.3640,-5.6746
185.086,4.0025,9.3640,-5.6671
185.094,4.0025,9.3640,-5.6671
185.101,4.0025,9.3640,-5.6671
185.108,4.0025,9.3640,-5.6594
185.116,4.0025,9.3640,-5.6594
185.122,4.0025,9.3640,-5.6594
185.128,4.0025,9.3640,-5.6516
185.137,4.0025,9.3640,-5.6516
185.144,4.0025,9.3640,-5.6516
185.152,4.0025,9.3640,-5.6437
185.159,4.0025,9.3640,-5.6437
185.167,4.0025,9.3640,-5.6359
185.175,4.0025,9.3640,-5.6359
185.183,4.0025,9.3640,-5.6359
185.189,4.0025,9.3640,-5.6279
185.197,4.0025,9.3640,-5.6279
185.206,4.0025,9.3640,-5.6200
185.214,4.0025,9.3640,-5.6200
185.220,4.0025,9.3640,-5.6200
185.227,4.0025,9.3640,-5.6120
185.235,4.0025,9.3640,-5.6120
185.242,4.0025,9.3640,-5.6120
185.250,4.0025,9.3640,-5.6040
185.258,4.0025,9.3640,-5.6040
185.265,4.0025,9.3640,-5.5960
185.275,4.0025,9.3640,-5.5960
185.283,4.0025,9.3640,-5.5960
185.288,4.0025,9.3640,-5.5879
185.298,4.0025,9.3640,-5.5879
185.306,4.0025,9.3640,-5.5799
185.314,4.0025,9.3640,-5.5799
185.320,4.0025,9.3640,-5.5799
185.327,4.0025,9.3640,-5.5718
185.336,4.0025,9.3640,-5.5718
185.342,4.0025,9.3640,-5.5718
185.350,4.0025,9.3640,-5.5637
185.357,4.0025,9.3640,-5.5637
185.365,4.0025,9.3640,-5.5556
185.373,4.0025,9.3640,-5.5556
185.379,4.0025,9.3640,-5.5556
185.386,4.0025,9.3640,-5.5474
185.394,4.0025,9.3640,-5.5474
185.402,4.0025,9.3640,-5.5474
185.408,4.0025,9.3640,-5.5393
185.417,4.0025,9.3640,-5.5393
185.424,4.0025,9.3640,-5.5393
185.432,4.0025,9.3640,-5.5311
185.439,4.0025,9.3640,-5.5311
185.447,4.0025,9.3640,-5.5230
185.454,4.0025,9.3640,-5.5230
185.462,4.0025,9.3640,-5.5230
185.469,4.0025,9.3640,-5.5148
185.477,4.0025,9.3640,-5.5148
185.484,4.0025,9.3640,-5.5066
185.492,4.0025,9.3640,-5.5066
185.498,4.0025,9.3640,-5.5066
185.505,4.0025,9.3640,-5.4985
185.514,4.0025,9.3640,-5.4985
185.520,4.0025,9.3640,-5.4985
185.527,4.0025,9.3640,-5.4903
185.535,4.0025,9.3640,-5.4903
185.542,4.0025,9.3640,-5.4903
185.549,4.0025,9.3640,-5.4821
185.557,4.0025,9.3640,-5.4821
185.564,4.0025,9.3640,-5.4739
185.573,4.0025,9.3640,-5.4739
185.580,4.0025,9.3640,-5.4739
185.588,4.0025,9.3640,-5.4658
185.597,4.0025,9.3640,-5.4658
185.605,4.0025,9.3640,-5.4576
185.612,4.0025,9.3640,-5.4576
185.621,4.0025,9.3640,-5.4576
185.627,4.0025,9.3640,-5.4494
185.636,4.0025,9.3640,-5.4494
185.643,4.0025,9.3640,-5.4494
185.650,4.0025,9.3640,-5.4413
185.657,4.0025,9.3640,-5.4413
185.664,4.0025,9.3640,-5.4331
185.672,4.0025,9.3640,-5.4331
185.680,4.0025,9.3640,-5.4331
185.688,4.0025,9.3640,-5.4249
185.697,4.0025,9.3640,-5.4249
185.705,4.0025,9.3640,-5.4168
185.714,4.0025,9.3640,-5.4168
185.721,4.0025,9.3640,-5.4168
185.729,4.0025,9.3640,-5.4086
185.736,4.0025,9.3640,-5.4086
185.744,4.0025,9.3640,-5.4005
185.754,4.0025,9.3640,-5.4005
185.763,4.0025,9.3640,-5.4005
185.770,4.0025,9.3640,-5.3924
185.779,4.0025,9.3640,-5.3924
185.787,4.0025,9.3640,-5.3842
185.795,4.0025,9.3640,-5.3842
185.804,4.0025,9.3640,-5.3842
185.811,4.0025,9.3640,-5.3761
185.820,4.0025,9.3640,-5.3761
185.827,4.0025,9.3640,-5.3679
185.836,4.0025,9.3640,-5.3679
185.843,4.0025,9.3640,-5.3679
185.851,4.0025,9.3640,-5.3598
185.861,4.0025,9.3640,-5.3598
185.869,4.0025,9.3640,-5.3516
185.877,4.0025,9.3640,-5.3516
185.885,4.0025,9.3640,-5.3435
185.893,4.0025,9.3640,-5.3435
185.902,4.0025,9.3640,-5.3435
185.909,4.0025,9.3640,-5.3354
185.917,4.0025,9.3640,-5.3354
185.925,4.0025,9.3640,-5.3272
185.936,4.0025,9.3640,-5.3272
185.943,4.0025,9.3640,-5.3272
185.952,4.0025,9.3640,-5.3191
185.960,4.0025,9.3640,-5.3191
185.968,4.0025,9.3640,-5.3110
185.977,4.0025,9.3640,-5.3110
185.985,4.0025,9.3640,-5.3029
185.995,4.0025,9.3640,-5.3029
186.003,4.0025,9.3640,-5.3029
186.009,4.0025,9.3640,-5.2948
186.018,4.0025,9.3640,-5.2948
186.026,4.0025,9.3640,-5.2866
186.035,4.0025,9.3640,-5.2866
186.043,4.0025,9.3640,-5.2866
186.050,4.0025,9.3640,-5.2785
186.059,4.0025,9.3640,-5.2785
186.067,4.0025,9.3640,-5.2704
186.076,4.0025,9.3640,-5.2704
186.084,4.0025,9.3640,-5.2704
186.092,4.0025,9.3640,-5.2623
186.101,4.0025,9.3640,-5.2623
186.108,4.0025,9.3640,-5.2541
186.117,4.0025,9.3640,-5.2541
186.125,4.0025,9.3640,-5.2460
186.135,4.0025,9.3640,-5.2460
186.143,4.0025,9.3640,-5.2460
186.151,4.0025,9.3640,-5.2379
186.160,4.0025,9.3640,-5.2379
186.167,4.0025,9.3640,-5.2298
186.176,4.0025,9.3640,-5.2298
186.183,4.0025,9.3640,-5.2298
186.189,4.0025,9.3640,-5.2216
186.197,4.0025,9.3640,-5.2216
186.205,4.0025,9.3640,-5.2135
186.213,4.0025,9.3640,-5.2135
186.220,4.0025,9.3640,-5.2135
186.227,4.0025,9.3640,-5.2054
186.236,4.0025,9.3640,-5.2054
186.243,4.0025,9.3640,-5.2054
186.251,4.0025,9.3640,-5.1973
186.258,4.0025,9.3640,-5.1973
186.267,4.0025,9.3640,-5.1891
186.274,4.0025,9.3640,-5.1891
186.281,4.0025,9.3640,-5.1891
186.288,4.0025,9.3640,-5.1810
186.298,4.0025,9.3640,-5.1810
186.304,4.0025,9.3640,-5.1729
186.313,4.0025,9.3640,-5.1729
186.320,4.0025,9.3640,-5.1729
186.328,4.0025,9.3640,-5.1648
186.336,4.0025,9.3640,-5.1648
186.343,4.0025,9.3640,-5.1648
186.350,4.0025,9.3640,-5.1566
186.358,4.0025,9.3640,-5.1566
186.365,4.0025,9.3640,-5.1485
186.374,4.0025,9.3640,-5.1485
186.381,4.0025,9.3640,-5.1485
186.388,4.0025,9.3640,-5.1404
186.397,4.0025,9.3640,-5.1404
186.405,4.0025,9.3640,-5.1323
186.412,4.0025,9.3640,-5.1323
186.421,4.0025,9.3640,-5.1323
186.429,4.0025,9.3640,-5.1241
186.438,4.0025,9.3640,-5.1241
186.445,4.0025,9.3640,-5.1160
186.453,4.0025,9.3640,-5.1160
186.460,4.0025,9.3640,-5.1160
186.468,4.0025,9.3640,-5.1079
186.477,4.0025,9.3640,-5.1079
186.484,4.0025,9.3640,-5.1079
186.490,4.0025,9.3640,-5.0998
186.499,4.0025,9.3640,-5.0998
186.507,4.0025,9.3640,-5.0917
186.516,4.0025,9.3640,-5.0917
186.522,4.0025,9.3640,-5.0917
186.530,4.0025,9.3640,-5.0835
186.537,4.0025,9.3640,-5.0835
186.545,4.0025,9.3640,-5.0754
186.553,4.0025,9.3640,-5.0754
186.560,4.0025,9.3640,-5.0754
186.568,4.0025,9.3640,-5.0673
186.577,4.0025,9.3640,-5.0673
186.583,4.0025,9.3640,-5.0673
186.590,4.0025,9.3640,-5.0592
186.599,4.0025,9.3640,-5.0592
186.607,4.0025,9.3640,-5.0510
186.615,4.0025,9.3640,-5.0510
186.623,4.0025,9.3640,-5.0510
186.631,4.0025,9.3640,-5.0429
186.639,4.0025,9.3640,-5.0429
186.646,4.0025,9.3640,-5.0348
186.655,4.0025,9.3640,-5.0348
186.662,4.0025,9.3640,-5.0348
186.670,4.0025,9.3640,-5.0267
186.677,4.0025,9.3640,-5.0267
186.684,4.0025,9.3640,-5.0185
186.692,4.0025,9.3640,-5.0185
186.700,4.0025,9.3640,-5.0185
186.707,4.0025,9.3640,-5.0104
186.715,4.0025,9.3640,-5.0104
186.722,4.0025,9.3640,-5.0104
186.730,4.0025,9.3640,-5.0023
186.739,4.0025,9.3640,-5.0023
186.746,4.0025,9.3640,-4.9942
186.753,4.0025,9.3640,-4.9942
186.761,4.0025,9.3640,-4.9942
186.768,4.0025,9.3640,-4.9861
186.777,4.0025,9.3640,-4.9861
186.784,4.0025,9.3640,-4.9779
186.792,4.0025,9.3640,-4.9779
186.799,4.0025,9.3640,-4.9779
186.806,4.0025,9.3640,-4.9698
186.814,4.0025,9.3640,-4.9698
186.821,4.0025,9.3640,-4.9698
186.828,4.0025,9.3640,-4.9617
186.837,4.0025,9.3640,-4.9617
186.844,4.0025,9.3640,-4.9536
186.852,4.0025,9.3640,-4.9536
186.859,4.0025,9.3640,-4.9536
186.867,4.0025,9.3640,-4.9455
186.874,4.0025,9.3640,-4.9455
186.881,4.0025,9.3640,-4.9455
186.889,4.0025,9.3640,-4.9374
186.897,4.0025,9.3640,-4.9374
186.905,4.0025,9.3640,-4.9293
186.912,4.0025,9.3640,-4.9293
186.919,4.0025,9.3640,-4.9293
186.925,4.0025,9.3640,-4.9212
186.936,4.0025,9.3640,-4.9212
186.943,4.0025,9.3640,-4.9212
186.951,4.0025,9.3640,-4.9131
186.959,4.0025,9.3640,-4.9131
186.967,4.0025,9.3640,-4.9050
186.974,4.0025,9.3640,-4.9050
186.982,4.0025,9.3640,-4.9050
186.989,4.0025,9.3640,-4.8969
187.007,4.0025,9.3640,-4.8888
187.018,4.0025,9.3640,-4.8888
187.024,4.0025,9.3640,-4.8808
187.035,4.0025,9.3640,-4.8808
187.042,4.0025,9.3640,-4.8808
187.050,4.0025,9.3640,-4.8727
187.059,4.0025,9.3640,-4.8727
187.067,4.0025,9.3640,-4.8647
187.075,4.0025,9.3640,-4.8647
187.083,4.0025,9.3640,-4.8647
187.090,4.0025,9.3640,-4.8567
187.097,4.0025,9.3640,-4.8567
187.106,4.0025,9.3640,-4.8486
187.115,4.0025,9.3640,-4.8486
187.123,4.0025,9.3640,-4.8486
187.132,4.0025,9.3640,-4.8406
187.142,4.0025,9.3640,-4.8406
187.150,4.0025,9.3640,-4.8326
187.159,4.0025,9.3640,-4.8326
187.168,4.0025,9.3640,-4.8246
187.179,4.0025,9.3640,-4.8246
187.187,4.0025,9.3640,-4.8167
187.196,4.0025,9.3640,-4.8167
187.205,4.0025,9.3640,-4.8087
187.214,4.0025,9.3640,-4.8087
187.222,4.0025,9.3640,-4.8087
187.230,4.0025,9.3640,-4.8007
187.239,4.0025,9.3640,-4.8007
187.248,4.0025,9.3640,-4.7928
187.257,4.0025,9.3640,-4.7928
187.266,4.0025,9.3640,-4.7849
187.274,4.0025,9.3640,-4.7849
187.282,4.0025,9.3640,-4.7849
187.289,4.0025,9.3640,-4.7770
187.299,4.0025,9.3640,-4.7770
187.307,4.0025,9.3640,-4.7692
187.319,4.0025,9.3640,-4.7692
187.326,4.0025,9.3640,-4.7614
187.336,4.0025,9.3640,-4.7614
187.344,4.0025,9.3640,-4.7614
187.351,4.0025,9.3640,-4.7536
187.361,4.0025,9.3640,-4.7536
187.367,4.0025,9.3640,-4.7460
187.378,4.0025,9.3640,-4.7460
187.386,4.0025,9.3640,-4.7383
187.395,4.0025,9.3640,-4.7383
187.403,4.0025,9.3640,-4.7383
187.410,4.0025,9.3640,-4.7308
187.421,4.0025,9.3640,-4.7308
187.428,4.0025,9.3640,-4.7233
187.437,4.0025,9.3640,-4.7233
187.445,4.0025,9.3640,-4.7161
187.454,4.0025,9.3640,-4.7161
187.460,4.0025,9.3640,-4.7161
187.468,4.0025,9.3640,-4.7089
187.477,4.0025,9.3640,-4.7089
187.485,4.0025,9.3640,-4.7019
187.493,4.0025,9.3640,-4.7019
187.501,4.0025,9.3640,-4.7019
187.508,4.0025,9.3640,-4.6982
187.517,4.0025,9.3640,-4.6982
187.524,4.0025,9.3640,-4.6947
187.535,4.0025,9.3640,-4.6947
187.541,4.0025,9.3640,-4.6947
187.549,4.0025,9.3640,-4.6913
187.556,4.0025,9.3640,-4.6913
187.564,4.0025,9.3640,-4.6879
187.572,4.0025,9.3640,-4.6879
187.580,4.0025,9.3640,-4.6879
187.587,4.0025,9.3640,-4.6846
187.596,4.0025,9.3640,-4.6846
187.603,4.0025,9.3640,-4.6846
187.610,4.0025,9.3640,-4.6813
187.619,4.0025,9.3640,-4.6813
187.626,4.0025,9.3640,-4.6780
187.635,4.0025,9.3640,-4.6780
187.642,4.0025,9.3640,-4.6780
187.649,4.0025,9.3640,-4.6747
187.656,4.0025,9.3640,-4.6747
187.663,4.0025,9.3640,-4.6747
187.671,4.0025,9.3640,-4.6714
187.678,4.0025,9.3640,-4.6714
187.685,4.0025,9.3640,-4.6681
187.693,4.0025,9.3640,-4.6681
187.700,4.0025,9.3640,-4.6681
187.707,4.0025,9.3640,-4.6648
187.716,4.0025,9.3640,-4.6648
187.722,4.0025,9.3640,-4.6648
187.730,4.0025,9.3640,-4.6615
187.738,4.0025,9.3640,-4.6615
187.745,4.0025,9.3640,-4.6582
187.753,4.0025,9.3640,-4.6582
187.760,4.0025,9.3640,-4.6582
187.768,4.0025,9.3640,-4.6549
187.776,4.0025,9.3640,-4.6549
187.785,4.0025,9.3640,-4.6516
187.792,4.0025,9.3640,-4.6516
187.801,4.0025,9.3640,-4.6516
187.808,4.0025,9.3640,-4.6483
187.816,4.0025,9.3640,-4.6483
187.822,4.0025,9.3640,-4.6483
187.829,4.0025,9.3640,-4.6450
187.837,4.0025,9.3640,-4.6450
187.844,4.0025,9.3640,-4.6416
187.853,4.0025,9.3640,-4.6416
187.860,4.0025,9.3640,-4.6416
187.868,4.0025,9.3640,-4.6383
187.875,4.0025,9.3640,-4.6383
187.884,4.0025,9.3640,-4.6350
187.891,4.0025,9.3640,-4.6350
187.900,4.0025,9.3640,-4.6350
187.906,4.0025,9.3640,-4.6316
187.916,4.0025,9.3640,-4.6316
187.923,4.0025,9.3640,-4.6316
187.931,4.0025,9.3640,-4.6283
187.939,4.0025,9.3640,-4.6283
187.947,4.0025,9.3640,-4.6249
187.954,4.0025,9.3640,-4.6249
187.961,4.0025,9.3640,-4.6249
187.967,4.0025,9.3640,-4.6215
187.976,4.0025,9.3640,-4.6215
187.985,4.0025,9.3640,-4.6181
187.995,4.0025,9.3640,-4.6181
188.003,4.0025,9.3640,-4.6181
188.011,4.0025,9.3640,-4.6147
188.020,4.0025,9.3640,-4.6147
188.027,4.0025,9.3640,-4.6112
188.035,4.0025,9.3640,-4.6112
188.043,4.0025,9.3640,-4.6112
188.050,4.0025,9.3640,-4.6078
188.058,4.0025,9.3640,-4.6078
188.066,4.0025,9.3640,-4.6043
188.074,4.0025,9.3640,-4.6043
188.082,4.0025,9.3640,-4.6043
188.089,4.0025,9.3640,-4.6009
188.097,4.0025,9.3640,-4.6009
188.105,4.0025,9.3640,-4.5974
188.113,4.0025,9.3640,-4.5974
188.120,4.0025,9.3640,-4.5974
188.127,4.0025,9.3640,-4.5939
188.136,4.0025,9.3640,-4.5939
188.142,4.0025,9.3640,-4.5939
188.150,4.0025,9.3640,-4.5904
188.157,4.0025,9.3640,-4.5904
188.165,4.0025,9.3640,-4.5868
188.173,4.0025,9.3640,-4.5868
188.181,4.0025,9.3640,-4.5868
188.188,4.0025,9.3640,-4.5833
188.198,4.0025,9.3640,-4.5833
188.205,4.0025,9.3640,-4.5797
188.214,4.0025,9.3640,-4.5797
188.222,4.0025,9.3640,-4.5797
188.230,4.0025,9.3640,-4.5762
188.239,4.0025,9.3640,-4.5762
188.248,4.0025,9.3640,-4.5726
188.258,4.0025,9.3640,-4.5726
188.267,4.0025,9.3640,-4.5690
188.277,4.0025,9.3640,-4.5690
188.285,4.0025,9.3640,-4.5653
188.296,4.0025,9.3640,-4.5653
188.303,4.0025,9.3640,-4.5653
188.312,4.0025,9.3640,-4.5617
188.323,4.0025,9.3640,-4.5617
188.333,4.0025,9.3640,-4.5581
188.343,4.0025,9.3640,-4.5581
188.352,4.0025,9.3640,-4.5545
188.362,4.0025,9.3640,-4.5545
188.371,4.0025,9.3640,-4.5508
188.382,4.0025,9.3640,-4.5508
188.389,4.0025,9.3640,-4.5472
188.403,4.0025,9.3640,-4.5472
188.414,4.0025,9.3640,-4.5436
188.423,4.0025,9.3640,-4.5436
188.433,4.0025,9.3640,-4.5399
188.442,4.0025,9.3640,-4.5399
188.451,4.0025,9.3640,-4.5363
188.461,4.0025,9.3640,-4.5363
188.469,4.0025,9.3640,-4.5326
188.479,4.0025,9.3640,-4.5326
188.487,4.0025,9.3640,-4.5290
188.496,4.0025,9.3640,-4.5290
188.504,4.0025,9.3640,-4.5290
188.511,4.0025,9.3640,-4.5254
188.520,4.0025,9.3640,-4.5254
188.528,4.0025,9.3640,-4.5217
188.537,4.0025,9.3640,-4.5217
188.545,4.0025,9.3640,-4.5181
188.554,4.0025,9.3640,-4.5181
188.561,4.0025,9.3640,-4.5181
188.569,4.0025,9.3640,-4.5144
188.578,4.0025,9.3640,-4.5144
188.585,4.0025,9.3640,-4.5108
188.594,4.0025,9.3640,-4.5108
188.602,4.0025,9.3640,-4.5108
188.609,4.0025,9.3640,-4.5072
188.619,4.0025,9.3640,-4.5072
188.626,4.0025,9.3640,-4.5035
188.636,4.0025,9.3640,-4.5035
188.643,4.0025,9.3640,-4.5035
188.651,4.0025,9.3640,-4.4999
188.660,4.0025,9.3640,-4.4999
188.669,4.0025,9.3640,-4.4962
188.676,4.0025,9.3640,-4.4962
188.684,4.0025,9.3640,-4.4962
188.689,4.0025,9.3640,-4.4926
188.697,4.0025,9.3640,-4.4926
188.704,4.0025,9.3640,-4.4926
188.710,4.0025,9.3640,-4.4890
188.718,4.0025,9.3640,-4.4890
188.725,4.0025,9.3640,-4.4853
188.733,4.0025,9.3640,-4.4853
188.740,4.0025,9.3640,-4.4853
188.746,4.0025,9.3640,-4.4817
188.753,4.0025,9.3640,-4.4817
188.761,4.0025,9.3640,-4.4817
188.768,4.0025,9.3640,-4.4780
188.777,4.0025,9.3640,-4.4780
188.784,4.0025,9.3640,-4.4744
188.791,4.0025,9.3640,-4.4744
188.799,4.0025,9.3640,-4.4744
188.807,4.0025,9.3640,-4.4707
188.815,4.0025,9.3640,-4.4707
188.821,4.0025,9.3640,-4.4707
188.828,4.0025,9.3640,-4.4671
188.836,4.0025,9.3640,-4.4671
188.843,4.0025,9.3640,-4.4671
188.850,4.0025,9.3640,-4.4635
188.857,4.0025,9.3640,-4.4635
188.865,4.0025,9.3640,-4.4598
188.874,4.0025,9.3640,-4.4598
188.882,4.0025,9.3640,-4.4598
188.889,4.0025,9.3640,-4.4562
188.899,4.0025,9.3640,-4.4562
188.906,4.0025,9.3640,-4.4525
188.914,4.0025,9.3640,-4.4525
188.921,4.0025,9.3640,-4.4525
188.929,4.0025,9.3640,-4.4489
188.937,4.0025,9.3640,-4.4489
188.943,4.0025,9.3640,-4.4489
188.951,4.0025,9.3640,-4.4452
188.958,4.0025,9.3640,-4.4452
188.966,4.0025,9.3640,-4.4416
188.973,4.0025,9.3640,-4.4416
188.981,4.0025,9.3640,-4.4416
188.988,4.0025,9.3640,-4.4380
188.996,4.0025,9.3640,-4.4380
189.002,4.0025,9.3640,-4.4380
189.008,4.0025,9.3640,-4.4343
189.018,4.0025,9.3640,-4.4343
189.026,4.0025,9.3640,-4.4307
189.036,4.0025,9.3640,-4.4307
189.044,4.0025,9.3640,-4.4307
189.050,4.0025,9.3640,-4.4270
189.058,4.0025,9.3640,-4.4270
189.065,4.0025,9.3640,-4.4234
189.074,4.0025,9.3640,-4.4234
189.081,4.0025,9.3640,-4.4234
189.087,4.0025,9.3640,-4.4198
189.094,4.0025,9.3640,-4.4198
189.101,4.0025,9.3640,-4.4198
189.109,4.0025,9.3640,-4.4161
189.118,4.0025,9.3640,-4.4161
189.125,4.0025,9.3640,-4.4125
189.135,4.0025,9.3640,-4.4125
189.141,4.0025,9.3640,-4.4125
189.149,4.0025,9.3640,-4.4088
189.156,4.0025,9.3640,-4.4088
189.164,4.0025,9.3640,-4.4052
189.172,4.0025,9.3640,-4.4052
189.179,4.0025,9.3640,-4.4052
189.187,4.0025,9.3640,-4.4015
189.194,4.0025,9.3640,-4.4015
189.202,4.0025,9.3640,-4.4015
189.207,4.0025,9.3640,-4.3979
189.217,4.0025,9.3640,-4.3979
189.223,4.0025,9.3640,-4.3979
189.231,4.0025,9.3640,-4.3943
189.244,4.0025,9.3640,-4.3906
189.258,4.0025,9.3640,-4.3906
189.266,4.0025,9.3640,-4.3870
189.274,4.0025,9.3640,-4.3870
189.282,4.0025,9.3640,-4.3870
189.288,4.0025,9.3640,-4.3833
189.301,4.0025,9.3640,-4.3833
189.308,4.0025,9.3640,-4.3797
189.318,4.0025,9.3640,-4.3797
189.326,4.0025,9.3640,-4.3761
189.336,4.0025,9.3640,-4.3761
189.345,4.0025,9.3640,-4.3724
189.355,4.0025,9.3640,-4.3724
189.362,4.0025,9.3640,-4.3724
189.370,4.0025,9.3640,-4.3688
189.380,4.0025,9.3640,-4.3688
189.388,4.0025,9.3640,-4.3651
189.397,4.0025,9.3640,-4.3651
189.405,4.0025,9.3640,-4.3615
189.414,4.0025,9.3640,-4.3615
189.421,4.0025,9.3640,-4.3615
189.428,4.0025,9.3640,-4.3579
189.439,4.0025,9.3640,-4.3579
189.446,4.0025,9.3640,-4.3542
189.456,4.0025,9.3640,-4.3542
189.463,4.0025,9.3640,-4.3542
189.472,4.0025,9.3640,-4.3506
189.482,4.0025,9.3640,-4.3506
189.489,4.0025,9.3640,-4.3469
189.500,4.0025,9.3640,-4.3469
189.507,4.0025,9.3640,-4.3433
189.517,4.0025,9.3640,-4.3433
189.525,4.0025,9.3640,-4.3397
189.534,4.0025,9.3640,-4.3397
189.543,4.0025,9.3640,-4.3397
189.550,4.0025,9.3640,-4.3360
189.559,4.0025,9.3640,-4.3360
189.567,4.0025,9.3640,-4.3324
189.577,4.0025,9.3640,-4.3324
189.585,4.0025,9.3640,-4.3287
189.595,4.0025,9.3640,-4.3287
189.602,4.0025,9.3640,-4.3287
189.609,4.0025,9.3640,-4.3251
189.620,4.0025,9.3640,-4.3251
189.627,4.0025,9.3640,-4.3215
189.638,4.0025,9.3640,-4.3215
189.645,4.0025,9.3640,-4.3178
189.655,4.0025,9.3640,-4.3178
189.663,4.0025,9.3640,-4.3178
189.672,4.0025,9.3640,-4.3142
189.683,4.0025,9.3640,-4.3142
189.690,4.0025,9.3640,-4.3105
189.702,4.0025,9.3640,-4.3105
189.710,4.0025,9.3640,-4.3069
189.719,4.0025,9.3640,-4.3069
189.726,4.0025,9.3640,-4.3033
189.737,4.0025,9.3640,-4.3033
189.744,4.0025,9.3640,-4.2996
189.752,4.0025,9.3640,-4.2996
189.760,4.0025,9.3640,-4.2996
189.768,4.0025,9.3640,-4.2960
189.778,4.0025,9.3640,-4.2960
189.785,4.0025,9.3640,-4.2924
189.795,4.0025,9.3640,-4.2924
189.804,4.0025,9.3640,-4.2924
189.811,4.0025,9.3640,-4.2887
189.821,4.0025,9.3640,-4.2887
189.829,4.0025,9.3640,-4.2851
189.838,4.0025,9.3640,-4.2851
189.845,4.0025,9.3640,-4.2815
189.854,4.0025,9.3640,-4.2815
189.862,4.0025,9.3640,-4.2815
189.870,4.0025,9.3640,-4.2778
189.879,4.0025,9.3640,-4.2778
189.887,4.0025,9.3640,-4.2742
189.896,4.0025,9.3640,-4.2742
189.904,4.0025,9.3640,-4.2742
189.912,4.0025,9.3640,-4.2706
189.920,4.0025,9.3640,-4.2706
189.929,4.0025,9.3640,-4.2669
189.937,4.0025,9.3640,-4.2669
189.945,4.0025,9.3640,-4.2633
189.954,4.0025,9.3640,-4.2633
189.962,4.0025,9.3640,-4.2633
189.969,4.0025,9.3640,-4.2597
189.976,4.0025,9.3640,-4.2597
189.984,4.0025,9.3640,-4.2561
189.993,4.0025,9.3640,-4.2561
190.001,4.0025,9.3640,-4.2561
190.008,4.0025,9.3640,-4.2524
190.016,4.0025,9.3640,-4.2524
190.023,4.0025,9.3640,-4.2524
190.030,4.0025,9.3640,-4.2488
190.038,4.0025,9.3640,-4.2488
190.044,4.0025,9.3640,-4.2452
190.053,4.0025,9.3640,-4.2452
190.059,4.0025,9.3640,-4.2452
190.068,4.0025,9.3640,-4.2416
190.076,4.0025,9.3640,-4.2416
190.083,4.0025,9.3640,-4.2416
190.089,4.0025,9.3640,-4.2380
190.098,4.0025,9.3640,-4.2380
190.105,4.0025,9.3640,-4.2344
190.113,4.0025,9.3640,-4.2344
190.120,4.0025,9.3640,-4.2344
190.127,4.0025,9.3640,-4.2308
190.137,4.0025,9.3640,-4.2308
190.143,4.0025,9.3640,-4.2308
190.152,4.0025,9.3640,-4.2272
190.160,4.0025,9.3640,-4.2272
190.168,4.0025,9.3640,-4.2236
190.177,4.0025,9.3640,-4.2236
190.184,4.0025,9.3640,-4.2200
190.193,4.0025,9.3640,-4.2200
190.201,4.0025,9.3640,-4.2200
190.206,4.0025,9.3640,-4.2164
190.215,4.0025,9.3640,-4.2164
190.221,4.0025,9.3640,-4.2164
190.228,4.0025,9.3640,-4.2128
190.235,4.0025,9.3640,-4.2128
190.242,4.0025,9.3640,-4.2128
190.248,4.0025,9.3640,-4.2092
190.256,4.0025,9.3640,-4.2092
190.262,4.0025,9.3640,-4.2092
190.268,4.0025,9.3640,-4.2056
190.277,4.0025,9.3640,-4.2056
190.285,4.0025,9.3640,-4.2020
190.293,4.0025,9.3640,-4.2020
190.299,4.0025,9.3640,-4.2020
190.307,4.0025,9.3640,-4.1984
190.314,4.0025,9.3640,-4.1984
190.321,4.0025,9.3640,-4.1984
190.328,4.0025,9.3640,-4.1949
190.336,4.0025,9.3640,-4.1949
190.343,4.0025,9.3640,-4.1949
190.351,4.0025,9.3640,-4.1913
190.359,4.0025,9.3640,-4.1913
190.368,4.0025,9.3640,-4.1877
190.376,4.0025,9.3640,-4.1877
190.384,4.0025,9.3640,-4.1877
190.391,4.0025,9.3640,-4.1842
190.401,4.0025,9.3640,-4.1842
190.407,4.0025,9.3640,-4.1806
190.416,4.0025,9.3640,-4.1806
190.423,4.0025,9.3640,-4.1806
190.430,4.0025,9.3640,-4.1770
190.441,4.0025,9.3640,-4.1770
190.452,4.0025,9.3640,-4.1735
190.465,4.0025,9.3640,-4.1699
190.476,4.0025,9.3640,-4.1699
190.486,4.0025,9.3640,-4.1664
190.497,4.0025,9.3640,-4.1664
190.506,4.0025,9.3640,-4.1628
190.516,4.0025,9.3640,-4.1628
190.525,4.0025,9.3640,-4.1593
190.535,4.0025,9.3640,-4.1593
190.541,4.0025,9.3640,-4.1593
190.548,4.0025,9.3640,-4.1557
190.557,4.0025,9.3640,-4.1557
190.564,4.0025,9.3640,-4.1557
190.570,4.0025,9.3640,-4.1522
190.578,4.0025,9.3640,-4.1522
190.586,4.0025,9.3640,-4.1487
190.593,4.0025,9.3640,-4.1487
190.601,4.0025,9.3640,-4.1487
190.609,4.0025,9.3640,-4.1451
190.619,4.0025,9.3640,-4.1451
190.628,4.0025,9.3640,-4.1416
190.638,4.0025,9.3640,-4.1416
190.645,4.0025,9.3640,-4.1381
190.653,4.0025,9.3640,-4.1381
190.658,4.0025,9.3640,-4.1381
190.665,4.0025,9.3640,-4.1346
190.673,4.0025,9.3640,-4.1346
190.680,4.0025,9.3640,-4.1346
190.687,4.0025,9.3640,-4.1311
190.695,4.0025,9.3640,-4.1311
190.702,4.0025,9.3640,-4.1311
190.710,4.0025,9.3640,-4.1275
190.718,4.0025,9.3640,-4.1275
190.725,4.0025,9.3640,-4.1240
190.735,4.0025,9.3640,-4.1240
190.743,4.0025,9.3640,-4.1240
190.749,4.0025,9.3640,-4.1205
190.758,4.0025,9.3640,-4.1205
190.766,4.0025,9.3640,-4.1170
190.774,4.0025,9.3640,-4.1170
190.781,4.0025,9.3640,-4.1170
190.788,4.0025,9.3640,-4.1135
190.798,4.0025,9.3640,-4.1135
190.806,4.0025,9.3640,-4.1100
190.814,4.0025,9.3640,-4.1100
190.823,4.0025,9.3640,-4.1100
190.831,4.0025,9.3640,-4.1065
190.840,4.0025,9.3640,-4.1065
190.846,4.0025,9.3640,-4.1030
190.854,4.0025,9.3640,-4.1030
190.861,4.0025,9.3640,-4.1030
190.869,4.0025,9.3640,-4.0995
190.877,4.0025,9.3640,-4.0995
190.884,4.0025,9.3640,-4.0960
190.892,4.0025,9.3640,-4.0960
190.900,4.0025,9.3640,-4.0960
190.907,4.0025,9.3640,-4.0925
190.916,4.0025,9.3640,-4.0925
190.923,4.0025,9.3640,-4.0925
190.930,4.0025,9.3640,-4.0890
190.938,4.0025,9.3640,-4.0890
190.946,4.0025,9.3640,-4.0855
190.955,4.0025,9.3640,-4.0855
190.964,4.0025,9.3640,-4.0855
190.971,4.0025,9.3640,-4.0820
190.981,4.0025,9.3640,-4.0820
190.988,4.0025,9.3640,-4.0785
190.996,4.0025,9.3640,-4.0785
191.004,4.0025,9.3640,-4.0750
191.012,4.0025,9.3640,-4.0750
191.020,4.0025,9.3640,-4.0750
191.028,4.0025,9.3640,-4.0715
191.037,4.0025,9.3640,-4.0715
191.045,4.0025,9.3640,-4.0680
191.053,4.0025,9.3640,-4.0680
191.060,4.0025,9.3640,-4.0680
191.068,4.0025,9.3640,-4.0645
191.076,4.0025,9.3640,-4.0645
191.083,4.0025,9.3640,-4.0645
191.090,4.0025,9.3640,-4.0611
191.100,4.0025,9.3640,-4.0611
191.107,4.0025,9.3640,-4.0576
191.115,4.0025,9.3640,-4.0576
191.122,4.0025,9.3640,-4.0576
191.131,4.0025,9.3640,-4.0541
191.139,4.0025,9.3640,-4.0541
191.146,4.0025,9.3640,-4.0506
191.154,4.0025,9.3640,-4.0506
191.163,4.0025,9.3640,-4.0506
191.170,4.0025,9.3640,-4.0472
191.179,4.0025,9.3640,-4.0472
191.186,4.0025,9.3640,-4.0438
191.194,4.0025,9.3640,-4.0438
191.201,4.0025,9.3640,-4.0438
191.209,4.0025,9.3640,-4.0403
191.217,4.0025,9.3640,-4.0403
191.224,4.0025,9.3640,-4.0403
191.231,4.0025,9.3640,-4.0369
191.240,4.0025,9.3640,-4.0369
191.246,4.0025,9.3640,-4.0335
191.254,4.0025,9.3640,-4.0335
191.261,4.0025,9.3640,-4.0335
191.268,4.0025,9.3640,-4.0302
191.275,4.0025,9.3640,-4.0302
191.283,4.0025,9.3640,-4.0302
191.291,4.0025,9.3640,-4.0269
191.301,4.0025,9.3640,-4.0269
191.307,4.0025,9.3640,-4.0236
191.316,4.0025,9.3640,-4.0236
191.323,4.0025,9.3640,-4.0236
191.329,4.0025,9.3640,-4.0204
191.338,4.0025,9.3640,-4.0204
191.344,4.0025,9.3640,-4.0174
191.352,4.0025,9.3640,-4.0174
191.358,4.0025,9.3640,-4.0174
191.366,4.0025,9.3640,-4.0145
191.375,4.0025,9.3640,-4.0145
191.382,4.0025,9.3640,-4.0145
191.389,4.0025,9.3640,-4.0119
191.398,4.0025,9.3640,-4.0119
191.405,4.0025,9.3640,-4.0094
191.413,4.0025,9.3640,-4.0094
191.420,4.0025,9.3640,-4.0094
191.427,4.0025,9.3640,-4.0086
191.434,4.0025,9.3640,-4.0086
191.442,4.0025,9.3640,-4.0086
191.449,4.0025,9.3640,-4.0079
191.457,4.0025,9.3640,-4.0079
191.465,4.0025,9.3640,-4.0072
191.473,4.0025,9.3640,-4.0072
191.480,4.0025,9.3640,-4.0072
191.487,4.0025,9.3640,-4.0066
191.495,4.0025,9.3640,-4.0066
191.512,4.0025,9.3640,-4.0061
191.520,4.0025,9.3640,-4.0061
191.526,4.0025,9.3640,-4.0056
191.535,4.0025,9.3640,-4.0056
191.541,4.0025,9.3640,-4.0056
191.549,4.0025,9.3640,-4.0052
191.557,4.0025,9.3640,-4.0052
191.563,4.0025,9.3640,-4.0052
191.570,4.0025,9.3640,-4.0049
191.579,4.0025,9.3640,-4.0049
191.587,4.0025,9.3640,-4.0046
191.594,4.0025,9.3640,-4.0046
191.601,4.0025,9.3640,-4.0046
191.608,4.0025,9.3640,-4.0046
191.617,4.0025,9.3640,-4.0046
191.624,4.0025,9.3640,-4.0046
191.631,4.0025,9.3640,-4.0046
191.639,4.0025,9.3640,-4.0046
191.646,4.0025,9.3640,-4.0046
191.654,4.0025,9.3640,-4.0046
191.661,4.0025,9.3640,-4.0046
191.669,4.0025,9.3640,-4.0046
191.677,4.0025,9.3640,-4.0046
191.684,4.0025,9.3640,-4.0046
191.691,4.0025,9.3640,-4.0046
191.699,4.0025,9.3640,-4.0046
191.706,4.0025,9.3640,-4.0046
191.714,4.0025,9.3640,-4.0046
191.720,4.0025,9.3640,-4.0046
191.727,4.0025,9.3640,-4.0046
191.735,4.0025,9.3640,-4.0046
191.742,4.0025,9.3640,-4.0046
191.748,4.0025,9.3640,-4.0046
191.756,4.0025,9.3640,-4.0046
191.763,4.0025,9.3640,-4.0046
191.769,4.0025,9.3640,-4.0046
191.778,4.0025,9.3640,-4.0046
191.786,4.0025,9.3640,-4.0046
191.794,4.0025,9.3640,-4.0046
191.802,4.0025,9.3640,-4.0046
191.809,4.0025,9.3640,-4.0046
191.818,4.0025,9.3640,-4.0046
191.825,4.0025,9.3640,-4.0046
191.834,4.0025,9.3640,-4.0046
191.841,4.0025,9.3640,-4.0046
191.850,4.0025,9.3640,-4.0046
191.857,4.0025,9.3640,-4.0046
191.866,4.0025,9.3640,-4.0046
191.873,4.0025,9.3640,-4.0046
191.882,4.0025,9.3640,-4.0046
191.889,4.0025,9.3640,-4.0046
191.897,4.0025,9.3640,-4.0046
191.903,4.0025,9.3640,-4.0046
191.910,4.0025,9.3640,-4.0046
191.918,4.0025,9.3640,-4.0046
191.925,4.0025,9.3640,-4.0046
191.934,4.0025,9.3640,-4.0046
191.940,4.0025,9.3640,-4.0046
191.947,4.0025,9.3640,-4.0046
191.954,4.0025,9.3640,-4.0046
191.962,4.0025,9.3640,-4.0046
191.970,4.0025,9.3640,-4.0046
191.978,4.0025,9.3640,-4.0046
191.985,4.0025,9.3640,-4.0046
191.994,4.0025,9.3640,-4.0046
192.001,4.0025,9.3640,-4.0046
192.009,4.0025,9.3640,-4.0046
192.017,4.0025,9.3640,-4.0046
192.024,4.0025,9.3640,-4.0046
192.032,4.0025,9.3640,-4.0046
192.040,4.0025,9.3640,-4.0046
192.047,4.0025,9.3640,-4.0046
192.056,4.0025,9.3640,-4.0046
192.064,4.0025,9.3640,-4.0046
192.073,4.0025,9.3640,-4.0046
192.082,4.0025,9.3640,-4.0046
192.091,4.0025,9.3640,-4.0046
192.100,4.0025,9.3640,-4.0046
192.107,4.0025,9.3640,-4.0046
192.115,4.0025,9.3640,-4.0046
192.122,4.0025,9.3640,-4.0046
192.130,4.0025,9.3640,-4.0046
192.138,4.0025,9.3640,-4.0046
192.146,4.0025,9.3640,-4.0046
192.153,4.0025,9.3640,-4.0046
192.161,4.0025,9.3640,-4.0046
192.169,4.0025,9.3640,-4.0046
192.179,4.0025,9.3640,-4.0046
192.187,4.0025,9.3639,-4.0046
192.195,4.0025,9.3639,-4.0046
192.203,4.0025,9.3639,-4.0046
192.212,4.0025,9.3639,-4.0046
192.220,4.0025,9.3639,-4.0046
192.227,4.0025,9.3638,-4.0046
192.236,4.0025,9.3638,-4.0046
192.244,4.0025,9.3638,-4.0046
192.250,4.0025,9.3638,-4.0046
192.259,4.0025,9.3638,-4.0046
192.267,4.0025,9.3637,-4.0046
192.275,4.0025,9.3637,-4.0046
192.283,4.0025,9.3637,-4.0046
192.290,4.0025,9.3635,-4.0046
192.300,4.0025,9.3635,-4.0046
192.309,4.0025,9.3632,-4.0046
192.317,4.0025,9.3632,-4.0046
192.325,4.0025,9.3630,-4.0046
192.335,4.0025,9.3630,-4.0046
192.341,4.0025,9.3630,-4.0046
192.350,4.0025,9.3627,-4.0046
192.358,4.0025,9.3627,-4.0046
192.367,4.0025,9.3624,-4.0046
192.376,4.0025,9.3624,-4.0046
192.384,4.0025,9.3621,-4.0046
192.393,4.0025,9.3621,-4.0046
192.402,4.0025,9.3621,-4.0046
192.408,4.0025,9.3617,-4.0046
192.418,4.0025,9.3617,-4.0046
192.424,4.0025,9.3614,-4.0046
192.435,4.0025,9.3614,-4.0046
192.441,4.0025,9.3614,-4.0046
192.448,4.0025,9.3610,-4.0046
192.455,4.0025,9.3610,-4.0046
192.463,4.0025,9.3610,-4.0046
192.470,4.0025,9.3607,-4.0046
192.478,4.0025,9.3607,-4.0046
192.485,4.0025,9.3603,-4.0046
192.494,4.0025,9.3603,-4.0046
192.501,4.0025,9.3603,-4.0046
192.508,4.0025,9.3600,-4.0046
192.517,4.0025,9.3600,-4.0046
192.523,4.0025,9.3600,-4.0046
192.530,4.0025,9.3596,-4.0046
192.538,4.0025,9.3596,-4.0046
192.546,4.0025,9.3593,-4.0046
192.554,4.0025,9.3593,-4.0046
192.560,4.0025,9.3593,-4.0046
192.567,4.0025,9.3589,-4.0046
192.576,4.0025,9.3589,-4.0046
192.583,4.0025,9.3589,-4.0046
192.589,4.0025,9.3586,-4.0046
192.597,4.0025,9.3586,-4.0046
192.605,4.0025,9.3582,-4.0046
192.613,4.0025,9.3582,-4.0046
192.620,4.0025,9.3582,-4.0046
192.626,4.0025,9.3579,-4.0046
192.636,4.0025,9.3579,-4.0046
192.643,4.0025,9.3579,-4.0046
192.649,4.0025,9.3575,-4.0046
192.656,4.0025,9.3575,-4.0046
192.664,4.0025,9.3575,-4.0046
192.671,4.0025,9.3572,-4.0046
192.680,4.0025,9.3572,-4.0046
192.687,4.0025,9.3568,-4.0046
192.696,4.0025,9.3568,-4.0046
192.703,4.0025,9.3568,-4.0046
192.709,4.0025,9.3564,-4.0046
192.719,4.0025,9.3564,-4.0046
192.725,4.0025,9.3561,-4.0046
192.735,4.0025,9.3561,-4.0046
192.742,4.0025,9.3561,-4.0046
192.749,4.0025,9.3557,-4.0046
192.758,4.0025,9.3557,-4.0046
192.766,4.0025,9.3554,-4.0046
192.774,4.0025,9.3554,-4.0046
192.782,4.0025,9.3554,-4.0046
192.788,4.0025,9.3550,-4.0046
192.797,4.0025,9.3550,-4.0046
192.803,4.0025,9.3550,-4.0046
192.810,4.0025,9.3547,-4.0046
192.819,4.0025,9.3547,-4.0046
192.826,4.0025,9.3543,-4.0046
192.834,4.0025,9.3543,-4.0046
192.842,4.0025,9.3543,-4.0046
192.849,4.0025,9.3536,-4.0046
192.860,4.0025,9.3536,-4.0046
192.868,4.0025,9.3528,-4.0046
192.876,4.0025,9.3528,-4.0046
192.884,4.0025,9.3520,-4.0046
192.892,4.0025,9.3520,-4.0046
192.899,4.0025,9.3520,-4.0046
192.906,4.0025,9.3513,-4.0046
192.914,4.0025,9.3513,-4.0046
192.921,4.0025,9.3513,-4.0046
192.927,4.0025,9.3505,-4.0046
192.936,4.0025,9.3505,-4.0046
192.943,4.0025,9.3505,-4.0046
192.953,4.0025,9.3497,-4.0046
192.962,4.0025,9.3497,-4.0046
192.969,4.0025,9.3488,-4.0046
192.980,4.0025,9.3488,-4.0046
192.988,4.0025,9.3480,-4.0046
192.998,4.0025,9.3480,-4.0046
193.006,4.0025,9.3471,-4.0046
193.018,4.0025,9.3471,-4.0046
193.025,4.0025,9.3463,-4.0046
193.035,4.0025,9.3463,-4.0046
193.042,4.0025,9.3463,-4.0046
193.050,4.0025,9.3454,-4.0046
193.059,4.0025,9.3454,-4.0046
193.066,4.0025,9.3445,-4.0046
193.074,4.0025,9.3445,-4.0046
193.082,4.0025,9.3445,-4.0046
193.089,4.0025,9.3436,-4.0046
193.099,4.0025,9.3436,-4.0046
193.107,4.0025,9.3426,-4.0046
193.116,4.0025,9.3426,-4.0046
193.123,4.0025,9.3426,-4.0046
193.130,4.0025,9.3417,-4.0046
193.138,4.0025,9.3417,-4.0046
193.145,4.0025,9.3407,-4.0046
193.154,4.0025,9.3407,-4.0046
193.160,4.0025,9.3407,-4.0046
193.166,4.0025,9.3398,-4.0046
193.174,4.0025,9.3398,-4.0046
193.182,4.0025,9.3398,-4.0046
193.188,4.0025,9.3388,-4.0046
193.195,4.0025,9.3388,-4.0046
193.202,4.0025,9.3388,-4.0046
193.208,4.0025,9.3378,-4.0046
193.218,4.0025,9.3378,-4.0046
193.225,4.0025,9.3368,-4.0046
193.234,4.0025,9.3368,-4.0046
193.241,4.0025,9.3368,-4.0046
193.249,4.0025,9.3357,-4.0046
193.256,4.0025,9.3357,-4.0046
193.265,4.0025,9.3336,-4.0046
193.274,4.0025,9.3336,-4.0046
193.282,4.0025,9.3336,-4.0046
193.288,4.0025,9.3315,-4.0046
193.299,4.0025,9.3315,-4.0046
193.308,4.0025,9.3294,-4.0046
193.317,4.0025,9.3294,-4.0046
193.324,4.0025,9.3294,-4.0046
193.332,4.0025,9.3272,-4.0046
193.341,4.0025,9.3272,-4.0046
193.348,4.0025,9.3250,-4.0046
193.357,4.0025,9.3250,-4.0046
193.365,4.0025,9.3228,-4.0046
193.374,4.0025,9.3228,-4.0046
193.381,4.0025,9.3228,-4.0046
193.390,4.0025,9.3206,-4.0046
193.400,4.0025,9.3206,-4.0046
193.407,4.0025,9.3183,-4.0046
193.416,4.0025,9.3183,-4.0046
193.423,4.0025,9.3183,-4.0046
193.431,4.0025,9.3160,-4.0046
193.439,4.0025,9.3160,-4.0046
193.447,4.0025,9.3137,-4.0046
193.456,4.0025,9.3137,-4.0046
193.465,4.0025,9.3114,-4.0046
193.473,4.0025,9.3114,-4.0046
193.481,4.0025,9.3114,-4.0046
193.488,4.0025,9.3091,-4.0046
193.499,4.0025,9.3091,-4.0046
193.506,4.0025,9.3067,-4.0046
193.515,4.0025,9.3067,-4.0046
193.522,4.0025,9.3067,-4.0046
193.530,4.0025,9.3043,-4.0046
193.538,4.0025,9.3043,-4.0046
193.546,4.0025,9.3019,-4.0046
193.554,4.0025,9.3019,-4.0046
193.563,4.0025,9.3019,-4.0046
193.571,4.0025,9.2994,-4.0046
193.579,4.0025,9.2994,-4.0046
193.587,4.0025,9.2970,-4.0046
193.595,4.0025,9.2970,-4.0046
193.603,4.0025,9.2970,-4.0046
193.611,4.0025,9.2945,-4.0046
193.620,4.0025,9.2945,-4.0046
193.627,4.0025,9.2919,-4.0046
193.636,4.0025,9.2919,-4.0046
193.643,4.0025,9.2919,-4.0046
193.651,4.0025,9.2894,-4.0046
193.659,4.0025,9.2894,-4.0046
193.668,4.0025,9.2868,-4.0046
193.677,4.0025,9.2868,-4.0046
193.685,4.0025,9.2843,-4.0046
193.703,4.0025,9.2843,-4.0046
193.710,4.0025,9.2817,-4.0046
193.718,4.0025,9.2817,-4.0046
193.724,4.0025,9.2791,-4.0046
193.733,4.0025,9.2791,-4.0046
193.740,4.0025,9.2791,-4.0046
193.748,4.0025,9.2765,-4.0046
193.755,4.0025,9.2765,-4.0046
193.763,4.0025,9.2765,-4.0046
193.770,4.0025,9.2739,-4.0046
193.779,4.0025,9.2739,-4.0046
193.785,4.0025,9.2713,-4.0046
193.795,4.0025,9.2713,-4.0046
193.802,4.0025,9.2713,-4.0046
193.809,4.0025,9.2687,-4.0046
193.817,4.0025,9.2687,-4.0046
193.824,4.0025,9.2661,-4.0046
193.833,4.0025,9.2661,-4.0046
193.840,4.0025,9.2661,-4.0046
193.846,4.0025,9.2634,-4.0046
193.855,4.0025,9.2634,-4.0046
193.861,4.0025,9.2634,-4.0046
193.869,4.0025,9.2608,-4.0046
193.876,4.0025,9.2608,-4.0046
193.884,4.0025,9.2608,-4.0046
193.890,4.0025,9.2581,-4.0046
193.898,4.0025,9.2581,-4.0046
193.904,4.0025,9.2555,-4.0046
193.913,4.0025,9.2555,-4.0046
193.919,4.0025,9.2555,-4.0046
193.926,4.0025,9.2528,-4.0046
193.935,4.0025,9.2528,-4.0046
193.944,4.0025,9.2501,-4.0046
193.953,4.0025,9.2501,-4.0046
193.961,4.0025,9.2501,-4.0046
193.967,4.0025,9.2475,-4.0046
193.977,4.0025,9.2475,-4.0046
193.984,4.0025,9.2448,-4.0046
193.993,4.0025,9.2448,-4.0046
194.001,4.0025,9.2448,-4.0046
194.008,4.0025,9.2421,-4.0046
194.016,4.0025,9.2421,-4.0046
194.023,4.0025,9.2421,-4.0046
194.030,4.0025,9.2395,-4.0046
194.038,4.0025,9.2395,-4.0046
194.046,4.0025,9.2368,-4.0046
194.056,4.0025,9.2368,-4.0046
194.063,4.0025,9.2368,-4.0046
194.070,4.0025,9.2341,-4.0046
194.078,4.0025,9.2341,-4.0046
194.085,4.0025,9.2315,-4.0046
194.094,4.0025,9.2315,-4.0046
194.101,4.0025,9.2315,-4.0046
194.108,4.0025,9.2288,-4.0046
194.116,4.0025,9.2288,-4.0046
194.123,4.0025,9.2288,-4.0046
194.129,4.0025,9.2261,-4.0046
194.138,4.0025,9.2261,-4.0046
194.144,4.0025,9.2235,-4.0046
194.154,4.0025,9.2235,-4.0046
194.160,4.0025,9.2235,-4.0046
194.168,4.0025,9.2208,-4.0046
194.176,4.0025,9.2208,-4.0046
194.184,4.0025,9.2181,-4.0046
194.191,4.0025,9.2181,-4.0046
194.199,4.0025,9.2181,-4.0046
194.206,4.0025,9.2155,-4.0046
194.214,4.0025,9.2155,-4.0046
194.220,4.0025,9.2155,-4.0046
194.226,4.0025,9.2128,-4.0046
194.235,4.0025,9.2128,-4.0046
194.242,4.0025,9.2128,-4.0046
194.248,4.0025,9.2101,-4.0046
194.255,4.0025,9.2101,-4.0046
194.262,4.0025,9.2101,-4.0046
194.268,4.0025,9.2075,-4.0046
194.277,4.0025,9.2075,-4.0046
194.284,4.0025,9.2048,-4.0046
194.293,4.0025,9.2048,-4.0046
194.301,4.0025,9.2048,-4.0046
194.309,4.0025,9.2021,-4.0046
194.317,4.0025,9.2021,-4.0046
194.325,4.0025,9.1995,-4.0046
194.334,4.0025,9.1995,-4.0046
194.341,4.0025,9.1995,-4.0046
194.347,4.0025,9.1968,-4.0046
194.356,4.0025,9.1968,-4.0046
194.362,4.0025,9.1968,-4.0046
194.369,4.0025,9.1941,-4.0046
194.377,4.0025,9.1941,-4.0046
194.384,4.0025,9.1915,-4.0046
194.392,4.0025,9.1915,-4.0046
194.400,4.0025,9.1915,-4.0046
194.407,4.0025,9.1888,-4.0046
194.416,4.0025,9.1888,-4.0046
194.422,4.0025,9.1888,-4.0046
194.429,4.0025,9.1861,-4.0046
194.437,4.0025,9.1861,-4.0046
194.442,4.0025,9.1861,-4.0046
194.451,4.0025,9.1835,-4.0046
194.460,4.0025,9.1835,-4.0046
194.468,4.0025,9.1808,-4.0046
194.479,4.0025,9.1808,-4.0046
194.487,4.0025,9.1781,-4.0046
194.497,4.0025,9.1781,-4.0046
194.504,4.0025,9.1754,-4.0046
194.513,4.0025,9.1754,-4.0046
194.520,4.0025,9.1754,-4.0046
194.527,4.0025,9.1728,-4.0046
194.536,4.0025,9.1728,-4.0046
194.544,4.0025,9.1701,-4.0046
194.552,4.0025,9.1701,-4.0046
194.559,4.0025,9.1701,-4.0046
194.567,4.0025,9.1674,-4.0046
194.577,4.0025,9.1674,-4.0046
194.584,4.0025,9.1648,-4.0046
194.593,4.0025,9.1648,-4.0046
194.600,4.0025,9.1648,-4.0046
194.607,4.0025,9.1621,-4.0046
194.616,4.0025,9.1621,-4.0046
194.622,4.0025,9.1621,-4.0046
194.630,4.0025,9.1595,-4.0046
194.638,4.0025,9.1595,-4.0046
194.644,4.0025,9.1568,-4.0046
194.653,4.0025,9.1568,-4.0046
194.660,4.0025,9.1568,-4.0046
194.668,4.0025,9.1541,-4.0046
194.676,4.0025,9.1541,-4.0046
194.684,4.0025,9.1514,-4.0046
194.693,4.0025,9.1514,-4.0046
194.701,4.0025,9.1514,-4.0046
194.709,4.0025,9.1488,-4.0046
194.718,4.0025,9.1488,-4.0046
194.725,4.0025,9.1461,-4.0046
194.733,4.0025,9.1461,-4.0046
194.739,4.0025,9.1461,-4.0046
194.748,4.0025,9.1434,-4.0046
194.757,4.0025,9.1434,-4.0046
194.764,4.0025,9.1408,-4.0046
194.774,4.0025,9.1408,-4.0046
194.781,4.0025,9.1408,-4.0046
194.789,4.0025,9.1381,-4.0046
194.798,4.0025,9.1381,-4.0046
194.805,4.0025,9.1354,-4.0046
194.815,4.0025,9.1354,-4.0046
194.822,4.0025,9.1354,-4.0046
194.829,4.0025,9.1328,-4.0046
194.838,4.0025,9.1328,-4.0046
194.846,4.0025,9.1301,-4.0046
194.855,4.0025,9.1301,-4.0046
194.861,4.0025,9.1301,-4.0046
194.870,4.0025,9.1274,-4.0046
194.878,4.0025,9.1274,-4.0046
194.886,4.0025,9.1248,-4.0046
194.895,4.0025,9.1248,-4.0046
194.903,4.0025,9.1248,-4.0046
194.911,4.0025,9.1221,-4.0046
194.920,4.0025,9.1221,-4.0046
194.927,4.0025,9.1194,-4.0046
194.937,4.0025,9.1194,-4.0046
194.943,4.0025,9.1194,-4.0046
194.950,4.0025,9.1168,-4.0046
194.958,4.0025,9.1168,-4.0046
194.966,4.0025,9.1141,-4.0046
194.974,4.0025,9.1141,-4.0046
194.980,4.0025,9.1141,-4.0046
194.987,4.0025,9.1114,-4.0046
194.997,4.0025,9.1114,-4.0046
195.003,4.0025,9.1114,-4.0046
195.010,4.0025,9.1088,-4.0046
195.019,4.0025,9.1088,-4.0046
195.027,4.0025,9.1061,-4.0046
195.036,4.0025,9.1061,-4.0046
195.044,4.0025,9.1061,-4.0046
195.050,4.0025,9.1034,-4.0046
195.059,4.0025,9.1034,-4.0046
195.067,4.0025,9.1008,-4.0046
195.075,4.0025,9.1008,-4.0046
195.082,4.0025,9.1008,-4.0046
195.088,4.0025,9.0981,-4.0046
195.096,4.0025,9.0981,-4.0046
195.103,4.0025,9.0981,-4.0046
195.110,4.0025,9.0954,-4.0046
195.119,4.0025,9.0954,-4.0046
195.126,4.0025,9.0928,-4.0046
195.134,4.0025,9.0928,-4.0046
195.141,4.0025,9.0928,-4.0046
195.149,4.0025,9.0901,-4.0046
195.156,4.0025,9.0901,-4.0046
195.163,4.0025,9.0901,-4.0046
195.170,4.0025,9.0874,-4.0046
195.178,4.0025,9.0874,-4.0046
195.185,4.0025,9.0848,-4.0046
195.193,4.0025,9.0848,-4.0046
195.200,4.0025,9.0848,-4.0046
195.207,4.0025,9.0821,-4.0046
195.216,4.0025,9.0821,-4.0046
195.222,4.0025,9.0821,-4.0046
195.229,4.0025,9.0795,-4.0046
195.237,4.0025,9.0795,-4.0046
195.244,4.0025,9.0768,-4.0046
195.251,4.0025,9.0768,-4.0046
195.258,4.0025,9.0768,-4.0046
195.265,4.0025,9.0741,-4.0046
195.274,4.0025,9.0741,-4.0046
195.280,4.0025,9.0741,-4.0046
195.287,4.0025,9.0714,-4.0046
195.294,4.0025,9.0714,-4.0046
195.301,4.0025,9.0714,-4.0046
195.309,4.0025,9.0688,-4.0046
195.317,4.0025,9.0688,-4.0046
195.324,4.0025,9.0688,-4.0046
195.332,4.0025,9.0661,-4.0046
195.340,4.0025,9.0661,-4.0046
195.346,4.0025,9.0635,-4.0046
195.355,4.0025,9.0635,-4.0046
195.361,4.0025,9.0635,-4.0046
195.368,4.0025,9.0608,-4.0046
195.375,4.0025,9.0608,-4.0046
195.382,4.0025,9.0608,-4.0046
195.389,4.0025,9.0581,-4.0046
195.397,4.0025,9.0581,-4.0046
195.404,4.0025,9.0554,-4.0046
195.412,4.0025,9.0554,-4.0046
195.420,4.0025,9.0554,-4.0046
195.426,4.0025,9.0528,-4.0046
195.434,4.0025,9.0528,-4.0046
195.440,4.0025,9.0528,-4.0046
195.447,4.0025,9.0501,-4.0046
195.454,4.0025,9.0501,-4.0046
195.463,4.0025,9.0501,-4.0046
195.471,4.0025,9.0475,-4.0046
195.482,4.0025,9.0475,-4.0046
195.489,4.0025,9.0448,-4.0046
195.499,4.0025,9.0448,-4.0046
195.506,4.0025,9.0421,-4.0046
195.515,4.0025,9.0421,-4.0046
195.521,4.0025,9.0421,-4.0046
195.529,4.0025,9.0395,-4.0046
195.538,4.0025,9.0395,-4.0046
195.546,4.0025,9.0368,-4.0046
195.553,4.0025,9.0368,-4.0046
195.561,4.0025,9.0368,-4.0046
195.567,4.0025,9.0341,-4.0046
195.576,4.0025,9.0341,-4.0046
195.583,4.0025,9.0341,-4.0046
195.590,4.0025,9.0315,-4.0046
195.600,4.0025,9.0315,-4.0046
195.607,4.0025,9.0288,-4.0046
195.616,4.0025,9.0288,-4.0046
195.623,4.0025,9.0288,-4.0046
195.631,4.0025,9.0261,-4.0046
195.640,4.0025,9.0261,-4.0046
195.647,4.0025,9.0235,-4.0046
195.655,4.0025,9.0235,-4.0046
195.662,4.0025,9.0235,-4.0046
195.669,4.0025,9.0208,-4.0046
195.677,4.0025,9.0208,-4.0046
195.684,4.0025,9.0181,-4.0046
195.691,4.0025,9.0181,-4.0046
195.699,4.0025,9.0181,-4.0046
195.705,4.0025,9.0155,-4.0046
195.713,4.0025,9.0155,-4.0046
195.720,4.0025,9.0155,-4.0046
195.727,4.0025,9.0128,-4.0046
195.736,4.0025,9.0128,-4.0046
195.745,4.0025,9.0101,-4.0046
195.753,4.0025,9.0101,-4.0046
195.761,4.0025,9.0101,-4.0046
195.769,4.0025,9.0075,-4.0046
195.779,4.0025,9.0075,-4.0046
195.786,4.0025,9.0048,-4.0046
195.795,4.0025,9.0048,-4.0046
195.802,4.0025,9.0048,-4.0046
195.809,4.0025,9.0021,-4.0046
195.818,4.0025,9.0021,-4.0046
195.825,4.0025,8.9995,-4.0046
195.840,4.0025,8.9995,-4.0046
195.851,4.0025,8.9968,-4.0046
195.861,4.0025,8.9968,-4.0046
195.869,4.0025,8.9941,-4.0046
195.877,4.0025,8.9941,-4.0046
195.884,4.0025,8.9915,-4.0046
195.893,4.0025,8.9915,-4.0046
195.901,4.0025,8.9915,-4.0046
195.908,4.0025,8.9888,-4.0046
195.917,4.0025,8.9888,-4.0046
195.924,4.0025,8.9888,-4.0046
195.933,4.0025,8.9861,-4.0046
195.942,4.0025,8.9861,-4.0046
195.949,4.0025,8.9835,-4.0046
195.959,4.0025,8.9835,-4.0046
195.967,4.0025,8.9808,-4.0046
195.975,4.0025,8.9808,-4.0046
195.983,4.0025,8.9808,-4.0046
195.990,4.0025,8.9781,-4.0046
196.000,4.0025,8.9781,-4.0046
196.006,4.0025,8.9755,-4.0046
196.015,4.0025,8.9755,-4.0046
196.022,4.0025,8.9755,-4.0046
196.030,4.0025,8.9728,-4.0046
196.039,4.0025,8.9728,-4.0046
196.046,4.0025,8.9701,-4.0046
196.055,4.0025,8.9701,-4.0046
196.063,4.0025,8.9701,-4.0046
196.070,4.0025,8.9675,-4.0046
196.080,4.0025,8.9675,-4.0046
196.086,4.0025,8.9648,-4.0046
196.095,4.0025,8.9648,-4.0046
196.103,4.0025,8.9648,-4.0046
196.110,4.0025,8.9621,-4.0046
196.119,4.0025,8.9621,-4.0046
196.127,4.0025,8.9595,-4.0046
196.136,4.0025,8.9595,-4.0046
196.144,4.0025,8.9595,-4.0046
196.152,4.0025,8.9568,-4.0046
196.161,4.0025,8.9568,-4.0046
196.171,4.0025,8.9541,-4.0046
196.181,4.0025,8.9541,-4.0046
196.188,4.0025,8.9515,-4.0046
196.197,4.0025,8.9515,-4.0046
196.204,4.0025,8.9488,-4.0046
196.212,4.0025,8.9488,-4.0046
196.220,4.0025,8.9488,-4.0046
196.227,4.0025,8.9461,-4.0046
196.236,4.0025,8.9461,-4.0046
196.242,4.0025,8.9461,-4.0046
196.249,4.0025,8.9435,-4.0046
196.256,4.0025,8.9435,-4.0046
196.264,4.0025,8.9408,-4.0046
196.272,4.0025,8.9408,-4.0046
196.279,4.0025,8.9408,-4.0046
196.285,4.0025,8.9381,-4.0046
196.295,4.0025,8.9381,-4.0046
196.303,4.0025,8.9381,-4.0046
196.310,4.0025,8.9355,-4.0046
196.319,4.0025,8.9355,-4.0046
196.327,4.0025,8.9328,-4.0046
196.336,4.0025,8.9328,-4.0046
196.343,4.0025,8.9328,-4.0046
196.349,4.0025,8.9301,-4.0046
196.358,4.0025,8.9301,-4.0046
196.366,4.0025,8.9275,-4.0046
196.374,4.0025,8.9275,-4.0046
196.381,4.0025,8.9275,-4.0046
196.388,4.0025,8.9248,-4.0046
196.396,4.0025,8.9248,-4.0046
196.404,4.0025,8.9248,-4.0046
196.412,4.0025,8.9221,-4.0046
196.421,4.0025,8.9221,-4.0046
196.428,4.0025,8.9195,-4.0046
196.436,4.0025,8.9195,-4.0046
196.443,4.0025,8.9195,-4.0046
196.451,4.0025,8.9168,-4.0046
196.458,4.0025,8.9168,-4.0046
196.466,4.0025,8.9141,-4.0046
196.474,4.0025,8.9141,-4.0046
196.482,4.0025,8.9141,-4.0046
196.489,4.0025,8.9115,-4.0046
196.497,4.0025,8.9115,-4.0046
196.504,4.0025,8.9115,-4.0046
196.511,4.0025,8.9088,-4.0046
196.520,4.0025,8.9088,-4.0046
196.526,4.0025,8.9061,-4.0046
196.535,4.0025,8.9061,-4.0046
196.542,4.0025,8.9061,-4.0046
196.550,4.0025,8.9035,-4.0046
196.557,4.0025,8.9035,-4.0046
196.566,4.0025,8.9008,-4.0046
196.573,4.0025,8.9008,-4.0046
196.581,4.0025,8.9008,-4.0046
196.587,4.0025,8.8981,-4.0046
196.597,4.0025,8.8981,-4.0046
196.604,4.0025,8.8981,-4.0046
196.611,4.0025,8.8955,-4.0046
196.619,4.0025,8.8955,-4.0046
196.628,4.0025,8.8928,-4.0046
196.636,4.0025,8.8928,-4.0046
196.645,4.0025,8.8901,-4.0046
196.653,4.0025,8.8901,-4.0046
196.661,4.0025,8.8901,-4.0046
196.668,4.0025,8.8875,-4.0046
196.677,4.0025,8.8875,-4.0046
196.684,4.0025,8.8848,-4.0046
196.694,4.0025,8.8848,-4.0046
196.702,4.0025,8.8848,-4.0046
196.710,4.0025,8.8821,-4.0046
196.718,4.0025,8.8821,-4.0046
196.726,4.0025,8.8795,-4.0046
196.736,4.0025,8.8795,-4.0046
196.742,4.0025,8.8795,-4.0046
196.750,4.0025,8.8768,-4.0046
196.757,4.0025,8.8768,-4.0046
196.764,4.0025,8.8741,-4.0046
196.773,4.0025,8.8741,-4.0046
196.780,4.0025,8.8741,-4.0046
196.787,4.0025,8.8715,-4.0046
196.796,4.0025,8.8715,-4.0046
196.804,4.0025,8.8715,-4.0046
196.811,4.0025,8.8688,-4.0046
196.819,4.0025,8.8688,-4.0046
196.825,4.0025,8.8661,-4.0046
196.835,4.0025,8.8661,-4.0046
196.841,4.0025,8.8661,-4.0046
196.849,4.0025,8.8635,-4.0046
196.856,4.0025,8.8635,-4.0046
196.864,4.0025,8.8608,-4.0046
196.874,4.0025,8.8608,-4.0046
196.881,4.0025,8.8608,-4.0046
196.888,4.0025,8.8581,-4.0046
196.896,4.0025,8.8581,-4.0046
196.904,4.0025,8.8555,-4.0046
196.912,4.0025,8.8555,-4.0046
196.920,4.0025,8.8555,-4.0046
196.927,4.0025,8.8528,-4.0046
196.936,4.0025,8.8528,-4.0046
196.943,4.0025,8.8528,-4.0046
196.950,4.0025,8.8501,-4.0046
196.958,4.0025,8.8501,-4.0046
196.966,4.0025,8.8475,-4.0046
196.975,4.0025,8.8475,-4.0046
196.982,4.0025,8.8475,-4.0046
196.990,4.0025,8.8448,-4.0046
196.999,4.0025,8.8448,-4.0046
197.006,4.0025,8.8421,-4.0046
197.015,4.0025,8.8421,-4.0046
197.022,4.0025,8.8421,-4.0046
197.030,4.0025,8.8395,-4.0046
197.039,4.0025,8.8395,-4.0046
197.047,4.0025,8.8368,-4.0046
197.056,4.0025,8.8368,-4.0046
197.063,4.0025,8.8368,-4.0046
197.070,4.0025,8.8341,-4.0046
197.080,4.0025,8.8341,-4.0046
197.087,4.0025,8.8315,-4.0046
197.095,4.0025,8.8315,-4.0046
197.101,4.0025,8.8315,-4.0046
197.110,4.0025,8.8288,-4.0046
197.118,4.0025,8.8288,-4.0046
197.125,4.0025,8.8261,-4.0046
197.135,4.0025,8.8261,-4.0046
197.143,4.0025,8.8261,-4.0046
197.150,4.0025,8.8235,-4.0046
197.158,4.0025,8.8235,-4.0046
197.167,4.0025,8.8208,-4.0046
197.175,4.0025,8.8208,-4.0046
197.183,4.0025,8.8208,-4.0046
197.190,4.0025,8.8181,-4.0046
197.200,4.0025,8.8181,-4.0046
197.208,4.0025,8.8155,-4.0046
197.218,4.0025,8.8155,-4.0046
197.225,4.0025,8.8128,-4.0046
197.234,4.0025,8.8128,-4.0046
197.241,4.0025,8.8128,-4.0046
197.248,4.0025,8.8101,-4.0046
197.258,4.0025,8.8101,-4.0046
197.266,4.0025,8.8075,-4.0046
197.275,4.0025,8.8075,-4.0046
197.282,4.0025,8.8075,-4.0046
197.289,4.0025,8.8048,-4.0046
197.299,4.0025,8.8048,-4.0046
197.306,4.0025,8.8021,-4.0046
197.315,4.0025,8.8021,-4.0046
197.322,4.0025,8.8021,-4.0046
197.330,4.0025,8.7995,-4.0046
197.338,4.0025,8.7995,-4.0046
197.346,4.0025,8.7968,-4.0046
197.356,4.0025,8.7968,-4.0046
197.364,4.0025,8.7968,-4.0046
197.371,4.0025,8.7941,-4.0046
197.380,4.0025,8.7941,-4.0046
197.388,4.0025,8.7915,-4.0046
197.398,4.0025,8.7915,-4.0046
197.405,4.0025,8.7888,-4.0046
197.417,4.0025,8.7888,-4.0046
197.425,4.0025,8.7861,-4.0046
197.434,4.0025,8.7861,-4.0046
197.442,4.0025,8.7861,-4.0046
197.450,4.0025,8.7835,-4.0046
197.458,4.0025,8.7835,-4.0046
197.465,4.0025,8.7808,-4.0046
197.475,4.0025,8.7808,-4.0046
197.482,4.0025,8.7808,-4.0046
197.489,4.0025,8.7781,-4.0046
197.498,4.0025,8.7781,-4.0046
197.505,4.0025,8.7755,-4.0046
197.513,4.0025,8.7755,-4.0046
197.520,4.0025,8.7755,-4.0046
197.527,4.0025,8.7728,-4.0046
197.536,4.0025,8.7728,-4.0046
197.542,4.0025,8.7728,-4.0046
197.549,4.0025,8.7701,-4.0046
197.556,4.0025,8.7701,-4.0046
197.564,4.0025,8.7675,-4.0046
197.572,4.0025,8.7675,-4.0046
197.579,4.0025,8.7675,-4.0046
197.586,4.0025,8.7648,-4.0046
197.594,4.0025,8.7648,-4.0046
197.601,4.0025,8.7648,-4.0046
197.609,4.0025,8.7621,-4.0046
197.618,4.0025,8.7621,-4.0046
197.625,4.0025,8.7595,-4.0046
197.634,4.0025,8.7595,-4.0046
197.641,4.0025,8.7595,-4.0046
197.648,4.0025,8.7568,-4.0046
197.656,4.0025,8.7568,-4.0046
197.663,4.0025,8.7568,-4.0046
197.670,4.0025,8.7541,-4.0046
197.679,4.0025,8.7541,-4.0046
197.687,4.0025,8.7515,-4.0046
197.696,4.0025,8.7515,-4.0046
197.703,4.0025,8.7515,-4.0046
197.712,4.0025,8.7488,-4.0046
197.721,4.0025,8.7488,-4.0046
197.728,4.0025,8.7461,-4.0046
197.737,4.0025,8.7461,-4.0046
197.746,4.0025,8.7435,-4.0046
197.755,4.0025,8.7435,-4.0046
197.762,4.0025,8.7435,-4.0046
197.770,4.0025,8.7408,-4.0046
197.778,4.0025,8.7408,-4.0046
197.786,4.0025,8.7381,-4.0046
197.795,4.0025,8.7381,-4.0046
197.803,4.0025,8.7381,-4.0046
197.810,4.0025,8.7355,-4.0046
197.819,4.0025,8.7355,-4.0046
197.825,4.0025,8.7328,-4.0046
197.835,4.0025,8.7328,-4.0046
197.841,4.0025,8.7328,-4.0046
197.849,4.0025,8.7301,-4.0046
197.857,4.0025,8.7301,-4.0046
197.866,4.0025,8.7275,-4.0046
197.874,4.0025,8.7275,-4.0046
197.881,4.0025,8.7275,-4.0046
197.887,4.0025,8.7248,-4.0046
197.897,4.0025,8.7248,-4.0046
197.903,4.0025,8.7248,-4.0046
197.911,4.0025,8.7221,-4.0046
197.919,4.0025,8.7221,-4.0046
197.928,4.0025,8.7195,-4.0046
197.936,4.0025,8.7195,-4.0046
197.943,4.0025,8.7195,-4.0046
197.951,4.0025,8.7168,-4.0046
197.960,4.0025,8.7168,-4.0046
197.967,4.0025,8.7141,-4.0046
197.975,4.0025,8.7141,-4.0046
197.982,4.0025,8.7141,-4.0046
197.989,4.0025,8.7115,-4.0046
197.997,4.0025,8.7115,-4.0046
198.004,4.0025,8.7115,-4.0046
198.010,4.0025,8.7088,-4.0046
198.019,4.0025,8.7088,-4.0046
198.025,4.0025,8.7061,-4.0046
198.034,4.0025,8.7061,-4.0046
198.040,4.0025,8.7061,-4.0046
198.049,4.0025,8.7035,-4.0046
198.064,4.0025,8.7008,-4.0046
198.078,4.0025,8.7008,-4.0046
198.085,4.0025,8.6981,-4.0046
198.093,4.0025,8.6981,-4.0046
198.101,4.0025,8.6981,-4.0046
198.108,4.0025,8.6955,-4.0046
198.118,4.0025,8.6955,-4.0046
198.124,4.0025,8.6955,-4.0046
198.133,4.0025,8.6928,-4.0046
198.141,4.0025,8.6928,-4.0046
198.149,4.0025,8.6901,-4.0046
198.158,4.0025,8.6901,-4.0046
198.165,4.0025,8.6875,-4.0046
198.174,4.0025,8.6875,-4.0046
198.181,4.0025,8.6875,-4.0046
198.187,4.0025,8.6848,-4.0046
198.196,4.0025,8.6848,-4.0046
198.203,4.0025,8.6848,-4.0046
198.210,4.0025,8.6821,-4.0046
198.218,4.0025,8.6821,-4.0046
198.227,4.0025,8.6795,-4.0046
198.236,4.0025,8.6795,-4.0046
198.243,4.0025,8.6795,-4.0046
198.250,4.0025,8.6768,-4.0046
198.260,4.0025,8.6768,-4.0046
198.267,4.0025,8.6741,-4.0046
198.275,4.0025,8.6741,-4.0046
198.282,4.0025,8.6741,-4.0046
198.289,4.0025,8.6715,-4.0046
198.300,4.0025,8.6715,-4.0046
198.307,4.0025,8.6688,-4.0046
198.317,4.0025,8.6688,-4.0046
198.324,4.0025,8.6661,-4.0046
198.335,4.0025,8.6661,-4.0046
198.342,4.0025,8.6661,-4.0046
198.351,4.0025,8.6635,-4.0046
198.361,4.0025,8.6635,-4.0046
198.369,4.0025,8.6608,-4.0046
198.379,4.0025,8.6608,-4.0046
198.386,4.0025,8.6581,-4.0046
198.395,4.0025,8.6581,-4.0046
198.403,4.0025,8.6581,-4.0046
198.411,4.0025,8.6555,-4.0046
198.421,4.0025,8.6555,-4.0046
198.429,4.0025,8.6528,-4.0046
198.440,4.0025,8.6528,-4.0046
198.446,4.0025,8.6501,-4.0046
198.456,4.0025,8.6501,-4.0046
198.463,4.0025,8.6501,-4.0046
198.471,4.0025,8.6475,-4.0046
198.483,4.0025,8.6475,-4.0046
198.491,4.0025,8.6448,-4.0046
198.502,4.0025,8.6448,-4.0046
198.509,4.0025,8.6421,-4.0046
198.518,4.0025,8.6421,-4.0046
198.525,4.0025,8.6395,-4.0046
198.536,4.0025,8.6395,-4.0046
198.542,4.0025,8.6395,-4.0046
198.550,4.0025,8.6368,-4.0046
198.558,4.0025,8.6368,-4.0046
198.567,4.0025,8.6341,-4.0046
198.574,4.0025,8.6341,-4.0046
198.583,4.0025,8.6341,-4.0046
198.590,4.0025,8.6315,-4.0046
198.600,4.0025,8.6315,-4.0046
198.606,4.0025,8.6288,-4.0046
198.616,4.0025,8.6288,-4.0046
198.624,4.0025,8.6288,-4.0046
198.631,4.0025,8.6261,-4.0046
198.640,4.0025,8.6261,-4.0046
198.647,4.0025,8.6235,-4.0046
198.655,4.0025,8.6235,-4.0046
198.662,4.0025,8.6235,-4.0046
198.669,4.0025,8.6208,-4.0046
198.679,4.0025,8.6208,-4.0046
198.686,4.0025,8.6181,-4.0046
198.696,4.0025,8.6181,-4.0046
198.703,4.0025,8.6181,-4.0046
198.710,4.0025,8.6155,-4.0046
198.718,4.0025,8.6155,-4.0046
198.724,4.0025,8.6155,-4.0046
198.731,4.0025,8.6128,-4.0046
198.739,4.0025,8.6128,-4.0046
198.746,4.0025,8.6101,-4.0046
198.754,4.0025,8.6101,-4.0046
198.760,4.0025,8.6101,-4.0046
198.768,4.0025,8.6075,-4.0046
198.777,4.0025,8.6075,-4.0046
198.784,4.0025,8.6075,-4.0046
198.790,4.0025,8.6048,-4.0046
198.799,4.0025,8.6048,-4.0046
198.806,4.0025,8.6021,-4.0046
198.815,4.0025,8.6021,-4.0046
198.822,4.0025,8.6021,-4.0046
198.830,4.0025,8.5995,-4.0046
198.839,4.0025,8.5995,-4.0046
198.846,4.0025,8.5968,-4.0046
198.856,4.0025,8.5968,-4.0046
198.863,4.0025,8.5968,-4.0046
198.869,4.0025,8.5941,-4.0046
198.879,4.0025,8.5941,-4.0046
198.886,4.0025,8.5915,-4.0046
198.895,4.0025,8.5915,-4.0046
198.903,4.0025,8.5915,-4.0046
198.909,4.0025,8.5888,-4.0046
198.918,4.0025,8.5888,-4.0046
198.925,4.0025,8.5861,-4.0046
198.934,4.0025,8.5861,-4.0046
198.941,4.0025,8.5861,-4.0046
198.947,4.0025,8.5835,-4.0046
198.956,4.0025,8.5835,-4.0046
198.962,4.0025,8.5835,-4.0046
198.969,4.0025,8.5808,-4.0046
198.978,4.0025,8.5808,-4.0046
198.985,4.0025,8.5781,-4.0046
198.993,4.0025,8.5781,-4.0046
199.001,4.0025,8.5781,-4.0046
199.008,4.0025,8.5755,-4.0046
199.018,4.0025,8.5755,-4.0046
199.025,4.0025,8.5728,-4.0046
199.035,4.0025,8.5728,-4.0046
199.041,4.0025,8.5728,-4.0046
199.049,4.0025,8.5701,-4.0046
199.057,4.0025,8.5701,-4.0046
199.065,4.0025,8.5675,-4.0046
199.073,4.0025,8.5675,-4.0046
199.081,4.0025,8.5675,-4.0046
199.087,4.0025,8.5648,-4.0046
199.096,4.0025,8.5648,-4.0046
199.103,4.0025,8.5648,-4.0046
199.110,4.0025,8.5621,-4.0046
199.118,4.0025,8.5621,-4.0046
199.125,4.0025,8.5595,-4.0046
199.135,4.0025,8.5595,-4.0046
199.142,4.0025,8.5595,-4.0046
199.149,4.0025,8.5568,-4.0046
199.157,4.0025,8.5568,-4.0046
199.166,4.0025,8.5541,-4.0046
199.174,4.0025,8.5541,-4.0046
199.181,4.0025,8.5541,-4.0046
199.188,4.0025,8.5515,-4.0046
199.197,4.0025,8.5515,-4.0046
199.203,4.0025,8.5515,-4.0046
199.210,4.0025,8.5488,-4.0046
199.220,4.0025,8.5488,-4.0046
199.227,4.0025,8.5461,-4.0046
199.237,4.0025,8.5461,-4.0046
199.243,4.0025,8.5461,-4.0046
199.251,4.0025,8.5435,-4.0046
199.257,4.0025,8.5435,-4.0046
199.265,4.0025,8.5408,-4.0046
199.273,4.0025,8.5408,-4.0046
199.279,4.0025,8.5408,-4.0046
199.286,4.0025,8.5381,-4.0046
199.295,4.0025,8.5381,-4.0046
199.301,4.0025,8.5381,-4.0046
199.309,4.0025,8.5355,-4.0046
199.320,4.0025,8.5355,-4.0046
199.328,4.0025,8.5328,-4.0046
199.336,4.0025,8.5328,-4.0046
199.344,4.0025,8.5328,-4.0046
199.351,4.0025,8.5301,-4.0046
199.360,4.0025,8.5301,-4.0046
199.367,4.0025,8.5275,-4.0046
199.376,4.0025,8.5275,-4.0046
199.382,4.0025,8.5275,-4.0046
199.389,4.0025,8.5248,-4.0046
199.398,4.0025,8.5248,-4.0046
199.405,4.0025,8.5221,-4.0046
199.413,4.0025,8.5221,-4.0046
199.420,4.0025,8.5221,-4.0046
199.428,4.0025,8.5195,-4.0046
199.439,4.0025,8.5195,-4.0046
199.445,4.0025,8.5168,-4.0046
199.454,4.0025,8.5168,-4.0046
199.460,4.0025,8.5168,-4.0046
199.467,4.0025,8.5141,-4.0046
199.476,4.0025,8.5141,-4.0046
199.484,4.0025,8.5141,-4.0046
199.490,4.0025,8.5115,-4.0046
199.501,4.0025,8.5115,-4.0046
199.507,4.0025,8.5088,-4.0046
199.516,4.0025,8.5088,-4.0046
199.523,4.0025,8.5088,-4.0046
199.531,4.0025,8.5061,-4.0046
199.540,4.0025,8.5061,-4.0046
199.548,4.0025,8.5035,-4.0046
199.557,4.0025,8.5035,-4.0046
199.565,4.0025,8.5008,-4.0046
199.575,4.0025,8.5008,-4.0046
199.582,4.0025,8.5008,-4.0046
199.589,4.0025,8.4981,-4.0046
199.599,4.0025,8.4981,-4.0046
199.607,4.0025,8.4955,-4.0046
199.617,4.0025,8.4955,-4.0046
199.624,4.0025,8.4928,-4.0046
199.634,4.0025,8.4928,-4.0046
199.642,4.0025,8.4928,-4.0046
199.650,4.0025,8.4901,-4.0046
199.660,4.0025,8.4901,-4.0046
199.669,4.0025,8.4875,-4.0046
199.680,4.0025,8.4875,-4.0046
199.687,4.0025,8.4848,-4.0046
199.697,4.0025,8.4848,-4.0046
199.706,4.0025,8.4821,-4.0046
199.716,4.0025,8.4821,-4.0046
199.723,4.0025,8.4821,-4.0046
199.732,4.0025,8.4795,-4.0046
199.742,4.0025,8.4795,-4.0046
199.750,4.0025,8.4768,-4.0046
199.761,4.0025,8.4768,-4.0046
199.770,4.0025,8.4741,-4.0046
199.781,4.0025,8.4741,-4.0046
199.789,4.0025,8.4715,-4.0046
199.799,4.0025,8.4715,-4.0046
199.806,4.0025,8.4688,-4.0046
199.816,4.0025,8.4688,-4.0046
199.824,4.0025,8.4661,-4.0046
199.835,4.0025,8.4661,-4.0046
199.843,4.0025,8.4661,-4.0046
199.851,4.0025,8.4635,-4.0046
199.863,4.0025,8.4635,-4.0046
199.870,4.0025,8.4608,-4.0046
199.879,4.0025,8.4608,-4.0046
199.887,4.0025,8.4581,-4.0046
199.897,4.0025,8.4581,-4.0046
199.905,4.0025,8.4555,-4.0046
199.916,4.0025,8.4555,-4.0046
199.923,4.0025,8.4555,-4.0046
199.932,4.0025,8.4528,-4.0046
199.941,4.0025,8.4528,-4.0046
199.950,4.0025,8.4501,-4.0046
199.959,4.0025,8.4501,-4.0046
199.967,4.0025,8.4475,-4.0046
199.976,4.0025,8.4475,-4.0046
199.985,4.0025,8.4448,-4.0046
199.992,4.0025,8.4448,-4.0046
200.000,4.0025,8.4448,-4.0046
200.007,4.0025,8.4421,-4.0046
200.016,4.0025,8.4421,-4.0046
200.022,4.0025,8.4421,-4.0046
200.029,4.0025,8.4395,-4.0046
200.037,4.0025,8.4395,-4.0046
200.045,4.0025,8.4368,-4.0046
200.054,4.0025,8.4368,-4.0046
200.061,4.0025,8.4368,-4.0046
200.068,4.0025,8.4341,-4.0046
200.077,4.0025,8.4341,-4.0046
200.084,4.0025,8.4341,-4.0046
200.091,4.0025,8.4315,-4.0046
200.100,4.0025,8.4315,-4.0046
200.107,4.0025,8.4288,-4.0046
200.115,4.0025,8.4288,-4.0046
200.122,4.0025,8.4288,-4.0046
200.129,4.0025,8.4261,-4.0046
200.137,4.0025,8.4261,-4.0046
200.144,4.0025,8.4235,-4.0046
200.154,4.0025,8.4235,-4.0046
200.160,4.0025,8.4235,-4.0046
200.168,4.0025,8.4208,-4.0046
200.175,4.0025,8.4208,-4.0046
200.183,4.0025,8.4208,-4.0046
200.190,4.0025,8.4181,-4.0046
200.199,4.0025,8.4181,-4.0046
200.205,4.0025,8.4155,-4.0046
200.214,4.0025,8.4155,-4.0046
200.221,4.0025,8.4155,-4.0046
200.228,4.0025,8.4128,-4.0046
200.236,4.0025,8.4128,-4.0046
200.243,4.0025,8.4128,-4.0046
200.251,4.0025,8.4101,-4.0046
200.259,4.0025,8.4101,-4.0046
200.265,4.0025,8.4075,-4.0046
200.273,4.0025,8.4075,-4.0046
200.280,4.0025,8.4075,-4.0046
200.287,4.0025,8.4048,-4.0046
200.295,4.0025,8.4048,-4.0046
200.302,4.0025,8.4048,-4.0046
200.309,4.0025,8.4021,-4.0046
200.318,4.0025,8.4021,-4.0046
200.324,4.0025,8.3995,-4.0046
200.339,4.0025,8.3995,-4.0046
200.351,4.0025,8.3968,-4.0046
200.360,4.0025,8.3968,-4.0046
200.367,4.0025,8.3941,-4.0046
200.376,4.0025,8.3941,-4.0046
200.382,4.0025,8.3941,-4.0046
200.389,4.0025,8.3915,-4.0046
200.398,4.0025,8.3915,-4.0046
200.406,4.0025,8.3888,-4.0046
200.414,4.0025,8.3888,-4.0046
200.421,4.0025,8.3888,-4.0046
200.427,4.0025,8.3861,-4.0046
200.438,4.0025,8.3861,-4.0046
200.446,4.0025,8.3835,-4.0046
200.454,4.0025,8.3835,-4.0046
200.462,4.0025,8.3835,-4.0046
200.471,4.0025,8.3808,-4.0046
200.479,4.0025,8.3808,-4.0046
200.487,4.0025,8.3781,-4.0046
200.497,4.0025,8.3781,-4.0046
200.503,4.0025,8.3781,-4.0046
200.509,4.0025,8.3755,-4.0046
200.518,4.0025,8.3755,-4.0046
200.524,4.0025,8.3755,-4.0046
200.532,4.0025,8.3728,-4.0046
200.540,4.0025,8.3728,-4.0046
200.547,4.0025,8.3701,-4.0046
200.556,4.0025,8.3701,-4.0046
200.563,4.0025,8.3701,-4.0046
200.570,4.0025,8.3675,-4.0046
200.579,4.0025,8.3675,-4.0046
200.585,4.0025,8.3648,-4.0046
200.594,4.0025,8.3648,-4.0046
200.601,4.0025,8.3648,-4.0046
200.609,4.0025,8.3621,-4.0046
200.619,4.0025,8.3621,-4.0046
200.627,4.0025,8.3595,-4.0046
200.637,4.0025,8.3595,-4.0046
200.646,4.0025,8.3568,-4.0046
200.654,4.0025,8.3568,-4.0046
200.661,4.0025,8.3568,-4.0046
200.669,4.0025,8.3541,-4.0046
200.678,4.0025,8.3541,-4.0046
200.685,4.0025,8.3515,-4.0046
200.694,4.0025,8.3515,-4.0046
200.701,4.0025,8.3515,-4.0046
200.708,4.0025,8.3488,-4.0046
200.718,4.0025,8.3488,-4.0046
200.725,4.0025,8.3461,-4.0046
200.735,4.0025,8.3461,-4.0046
200.741,4.0025,8.3461,-4.0046
200.749,4.0025,8.3435,-4.0046
200.758,4.0025,8.3435,-4.0046
200.767,4.0025,8.3408,-4.0046
200.776,4.0025,8.3408,-4.0046
200.784,4.0025,8.3381,-4.0046
200.793,4.0025,8.3381,-4.0046
200.801,4.0025,8.3381,-4.0046
200.809,4.0025,8.3355,-4.0046
200.818,4.0025,8.3355,-4.0046
200.826,4.0025,8.3328,-4.0046
200.836,4.0025,8.3328,-4.0046
200.844,4.0025,8.3301,-4.0046
200.853,4.0025,8.3301,-4.0046
200.861,4.0025,8.3301,-4.0046
200.869,4.0025,8.3275,-4.0046
200.878,4.0025,8.3275,-4.0046
200.886,4.0025,8.3248,-4.0046
200.895,4.0025,8.3248,-4.0046
200.903,4.0025,8.3248,-4.0046
200.912,4.0025,8.3221,-4.0046
200.922,4.0025,8.3221,-4.0046
200.930,4.0025,8.3195,-4.0046
200.940,4.0025,8.3195,-4.0046
200.949,4.0025,8.3168,-4.0046
200.959,4.0025,8.3168,-4.0046
200.968,4.0025,8.3141,-4.0046
200.978,4.0025,8.3141,-4.0046
200.986,4.0025,8.3115,-4.0046
200.994,4.0025,8.3115,-4.0046
201.003,4.0025,8.3115,-4.0046
201.010,4.0025,8.3088,-4.0046
201.020,4.0025,8.3088,-4.0046
201.027,4.0025,8.3061,-4.0046
201.037,4.0025,8.3061,-4.0046
201.043,4.0025,8.3061,-4.0046
201.051,4.0025,8.3035,-4.0046
201.060,4.0025,8.3035,-4.0046
201.068,4.0025,8.3008,-4.0046
201.077,4.0025,8.3008,-4.0046
201.084,4.0025,8.2981,-4.0046
201.094,4.0025,8.2981,-4.0046
201.101,4.0025,8.2981,-4.0046
201.110,4.0025,8.2955,-4.0046
201.120,4.0025,8.2955,-4.0046
201.129,4.0025,8.2928,-4.0046
201.138,4.0025,8.2928,-4.0046
201.146,4.0025,8.2901,-4.0046
201.155,4.0025,8.2901,-4.0046
201.163,4.0025,8.2901,-4.0046
201.172,4.0025,8.2875,-4.0046
201.181,4.0025,8.2875,-4.0046
201.190,4.0025,8.2848,-4.0046
201.200,4.0025,8.2848,-4.0046
201.208,4.0025,8.2821,-4.0046
201.217,4.0025,8.2821,-4.0046
201.224,4.0025,8.2795,-4.0046
201.234,4.0025,8.2795,-4.0046
201.240,4.0025,8.2795,-4.0046
201.248,4.0025,8.2768,-4.0046
201.256,4.0025,8.2768,-4.0046
201.262,4.0025,8.2768,-4.0046
201.269,4.0025,8.2741,-4.0046
201.278,4.0025,8.2741,-4.0046
201.286,4.0025,8.2715,-4.0046
201.294,4.0025,8.2715,-4.0046
201.304,4.0025,8.2715,-4.0046
201.311,4.0025,8.2688,-4.0046
201.322,4.0025,8.2688,-4.0046
201.331,4.0025,8.2661,-4.0046
201.340,4.0025,8.2661,-4.0046
201.348,4.0025,8.2635,-4.0046
201.355,4.0025,8.2635,-4.0046
201.363,4.0025,8.2635,-4.0046
201.369,4.0025,8.2608,-4.0046
201.378,4.0025,8.2608,-4.0046
201.385,4.0025,8.2581,-4.0046
201.394,4.0025,8.2581,-4.0046
201.402,4.0025,8.2581,-4.0046
201.410,4.0025,8.2555,-4.0046
201.419,4.0025,8.2555,-4.0046
201.426,4.0025,8.2528,-4.0046
201.435,4.0025,8.2528,-4.0046
201.443,4.0025,8.2528,-4.0046
201.451,4.0025,8.2501,-4.0046
201.459,4.0025,8.2501,-4.0046
201.466,4.0025,8.2475,-4.0046
201.474,4.0025,8.2475,-4.0046
201.482,4.0025,8.2475,-4.0046
201.489,4.0025,8.2448,-4.0046
201.498,4.0025,8.2448,-4.0046
201.505,4.0025,8.2421,-4.0046
201.514,4.0025,8.2421,-4.0046
201.521,4.0025,8.2421,-4.0046
201.528,4.0025,8.2395,-4.0046
201.537,4.0025,8.2395,-4.0046
201.544,4.0025,8.2368,-4.0046
201.552,4.0025,8.2368,-4.0046
201.558,4.0025,8.2368,-4.0046
201.566,4.0025,8.2341,-4.0046
201.574,4.0025,8.2341,-4.0046
201.582,4.0025,8.2341,-4.0046
201.588,4.0025,8.2315,-4.0046
201.596,4.0025,8.2315,-4.0046
201.604,4.0025,8.2315,-4.0046
201.612,4.0025,8.2288,-4.0046
201.620,4.0025,8.2288,-4.0046
201.627,4.0025,8.2261,-4.0046
201.636,4.0025,8.2261,-4.0046
201.642,4.0025,8.2261,-4.0046
201.649,4.0025,8.2235,-4.0046
201.656,4.0025,8.2235,-4.0046
201.663,4.0025,8.2235,-4.0046
201.671,4.0025,8.2208,-4.0046
201.680,4.0025,8.2208,-4.0046
201.687,4.0025,8.2181,-4.0046
201.696,4.0025,8.2181,-4.0046
201.704,4.0025,8.2181,-4.0046
201.710,4.0025,8.2155,-4.0046
201.719,4.0025,8.2155,-4.0046
201.726,4.0025,8.2128,-4.0046
201.735,4.0025,8.2128,-4.0046
201.743,4.0025,8.2128,-4.0046
201.750,4.0025,8.2101,-4.0046
201.758,4.0025,8.2101,-4.0046
201.766,4.0025,8.2075,-4.0046
201.774,4.0025,8.2075,-4.0046
201.782,4.0025,8.2075,-4.0046
201.789,4.0025,8.2048,-4.0046
201.798,4.0025,8.2048,-4.0046
201.805,4.0025,8.2021,-4.0046
201.814,4.0025,8.2021,-4.0046
201.822,4.0025,8.2021,-4.0046
201.829,4.0025,8.1995,-4.0046
201.838,4.0025,8.1995,-4.0046
201.844,4.0025,8.1968,-4.0046
201.853,4.0025,8.1968,-4.0046
201.859,4.0025,8.1968,-4.0046
201.866,4.0025,8.1941,-4.0046
201.874,4.0025,8.1941,-4.0046
201.882,4.0025,8.1941,-4.0046
201.888,4.0025,8.1915,-4.0046
201.896,4.0025,8.1915,-4.0046
201.903,4.0025,8.1915,-4.0046
201.910,4.0025,8.1888,-4.0046
201.918,4.0025,8.1888,-4.0046
201.925,4.0025,8.1861,-4.0046
201.934,4.0025,8.1861,-4.0046
201.941,4.0025,8.1861,-4.0046
201.948,4.0025,8.1835,-4.0046
201.956,4.0025,8.1835,-4.0046
201.964,4.0025,8.1835,-4.0046
201.971,4.0025,8.1808,-4.0046
201.980,4.0025,8.1808,-4.0046
201.987,4.0025,8.1781,-4.0046
201.997,4.0025,8.1781,-4.0046
202.005,4.0025,8.1755,-4.0046
202.014,4.0025,8.1755,-4.0046
202.021,4.0025,8.1755,-4.0046
202.029,4.0025,8.1728,-4.0046
202.037,4.0025,8.1728,-4.0046
202.044,4.0025,8.1701,-4.0046
202.055,4.0025,8.1701,-4.0046
202.064,4.0025,8.1675,-4.0046
202.073,4.0025,8.1675,-4.0046
202.079,4.0025,8.1675,-4.0046
202.087,4.0025,8.1648,-4.0046
202.096,4.0025,8.1648,-4.0046
202.103,4.0025,8.1648,-4.0046
202.110,4.0025,8.1621,-4.0046
202.119,4.0025,8.1621,-4.0046
202.126,4.0025,8.1595,-4.0046
202.137,4.0025,8.1595,-4.0046
202.144,4.0025,8.1568,-4.0046
202.153,4.0025,8.1568,-4.0046
202.160,4.0025,8.1568,-4.0046
202.169,4.0025,8.1541,-4.0046
202.177,4.0025,8.1541,-4.0046
202.186,4.0025,8.1541,-4.0046
202.195,4.0025,8.1541,-4.0046
202.202,4.0025,8.1541,-4.0046
202.211,4.0025,8.1541,-4.0046
202.219,4.0025,8.1541,-4.0046
202.227,4.0025,8.1541,-4.0046
202.236,4.0025,8.1541,-4.0046
202.243,4.0025,8.1541,-4.0046
202.251,4.0025,8.1541,-4.0046
202.259,4.0025,8.1541,-4.0046
202.267,4.0025,8.1541,-4.0046
202.276,4.0025,8.1541,-4.0046
202.283,4.0025,8.1541,-4.0046
202.290,4.0025,8.1541,-4.0046
202.299,4.0025,8.1541,-4.0046
202.307,4.0025,8.1541,-4.0046
202.315,4.0025,8.1541,-4.0046
202.322,4.0025,8.1541,-4.0046
202.332,4.0025,8.1541,-4.0046
202.340,4.0025,8.1541,-4.0046
202.348,4.0025,8.1541,-4.0046
202.356,4.0025,8.1541,-4.0046
202.364,4.0025,8.1541,-4.0046
202.373,4.0025,8.1541,-4.0046
202.380,4.0025,8.1541,-4.0046
202.388,4.0025,8.1541,-4.0046
202.398,4.0025,8.1541,-4.0046
202.405,4.0025,8.1541,-4.0046
202.413,4.0025,8.1541,-4.0046
202.420,4.0025,8.1541,-4.0046
202.429,4.0025,8.1541,-4.0046
202.438,4.0025,8.1541,-4.0046
202.447,4.0025,8.1541,-4.0046
202.456,4.0025,8.1541,-4.0046
202.464,4.0025,8.1541,-4.0046
202.471,4.0025,8.1541,-4.0046
202.479,4.0025,8.1541,-4.0046
202.486,4.0025,8.1541,-4.0046
202.496,4.0025,8.1541,-4.0046
202.503,4.0025,8.1541,-4.0046
202.511,4.0025,8.1541,-4.0046
202.520,4.0025,8.1541,-4.0046
202.528,4.0025,8.1541,-4.0046
202.537,4.0025,8.1541,-4.0046
202.545,4.0025,8.1541,-4.0046
202.557,4.0025,8.1541,-4.0046
202.569,4.0025,8.1541,-4.0046
202.581,4.0025,8.1541,-4.0046
202.592,4.0025,8.1541,-4.0046
202.604,4.0025,8.1541,-4.0046
202.620,4.0025,8.1541,-4.0046
202.628,4.0025,8.1541,-4.0046
202.637,4.0025,8.1541,-4.0046
202.645,4.0025,8.1541,-4.0046
202.654,4.0025,8.1541,-4.0046
202.665,4.0025,8.1541,-4.0046
202.673,4.0025,8.1541,-4.0046
202.682,4.0025,8.1541,-4.0046
202.690,4.0025,8.1531,-4.0046
202.701,4.0025,8.1531,-4.0046
202.708,4.0025,8.1531,-4.0046
202.715,4.0025,8.1531,-4.0046
202.722,4.0025,8.1531,-4.0046
202.730,4.0025,8.1531,-4.0046
202.737,4.0025,8.1531,-4.0046
202.745,4.0025,8.1531,-4.0046
202.755,4.0025,8.1531,-4.0046
202.762,4.0025,8.1531,-4.0046
202.769,4.0025,8.1531,-4.0046
202.778,4.0025,8.1531,-4.0046
202.786,4.0025,8.1531,-4.0046
202.796,4.0025,8.1531,-4.0046
202.804,4.0025,8.1531,-4.0046
202.811,4.0025,8.1528,-4.0046
202.822,4.0025,8.1528,-4.0046
202.829,4.0025,8.1525,-4.0046
202.838,4.0025,8.1525,-4.0046
202.847,4.0025,8.1522,-4.0046
202.857,4.0025,8.1522,-4.0046
202.867,4.0025,8.1522,-4.0046
202.876,4.0025,8.1522,-4.0046
202.883,4.0025,8.1522,-4.0046
202.890,4.0025,8.1521,-4.0046
202.899,4.0025,8.1521,-4.0046
202.905,4.0025,8.1521,-4.0046
202.915,4.0025,8.1521,-4.0046
202.921,4.0025,8.1521,-4.0046
202.929,4.0025,8.1520,-4.0046
202.938,4.0025,8.1520,-4.0046
202.945,4.0025,8.1519,-4.0046
202.954,4.0025,8.1519,-4.0046
202.961,4.0025,8.1519,-4.0046
202.969,4.0025,8.1519,-4.0046
202.978,4.0025,8.1519,-4.0046
202.985,4.0025,8.1519,-4.0046
202.995,4.0025,8.1519,-4.0046
203.003,4.0025,8.1519,-4.0046
203.010,4.0025,8.1519,-4.0046
203.018,4.0025,8.1519,-4.0046
203.025,4.0025,8.1519,-4.0046
203.034,4.0025,8.1519,-4.0046
203.041,4.0025,8.1519,-4.0046
203.049,4.0025,8.1519,-4.0046
203.056,4.0025,8.1519,-4.0046
203.065,4.0025,8.1519,-4.0046
203.073,4.0025,8.1519,-4.0046
203.080,4.0025,8.1519,-4.0046
203.087,4.0025,8.1519,-4.0046
203.095,4.0025,8.1519,-4.0046
203.102,4.0025,8.1519,-4.0046
203.109,4.0025,8.1519,-4.0046
203.118,4.0025,8.1519,-4.0046
203.125,4.0025,8.1519,-4.0046
203.133,4.0025,8.1519,-4.0046
203.140,4.0025,8.1519,-4.0046
203.148,4.0025,8.1519,-4.0046
203.155,4.0025,8.1519,-4.0046
203.163,4.0025,8.1519,-4.0046
203.170,4.0025,8.1519,-4.0046
203.180,4.0025,8.1519,-4.0046
203.188,4.0025,8.1519,-4.0046
203.197,4.0025,8.1519,-4.0046
203.204,4.0025,8.1519,-4.0046
203.212,4.0025,8.1519,-4.0046
203.219,4.0025,8.1519,-4.0046
203.227,4.0025,8.1519,-4.0046
203.237,4.0025,8.1519,-4.0046
203.244,4.0025,8.1519,-4.0046
203.253,4.0025,8.1519,-4.0046
203.260,4.0025,8.1519,-4.0046
203.269,4.0025,8.1519,-4.0046
203.278,4.0025,8.1519,-4.0046
203.285,4.0025,8.1519,-4.0046
203.293,4.0025,8.1519,-4.0046
203.302,4.0025,8.1519,-4.0046
203.310,4.0025,8.1519,-4.0046
203.319,4.0025,8.1519,-4.0046
203.327,4.0025,8.1519,-4.0046
203.337,4.0025,8.1519,-4.0046
203.344,4.0025,8.1519,-4.0046
203.352,4.0025,8.1519,-4.0046
203.361,4.0025,8.1519,-4.0046
203.371,4.0025,8.1519,-4.0046
203.380,4.0025,8.1519,-4.0046
203.388,4.0025,8.1519,-4.0046
203.397,4.0025,8.1519,-4.0046
203.405,4.0025,8.1519,-4.0046
203.414,4.0025,8.1519,-4.0046
203.421,4.0025,8.1519,-4.0046
203.430,4.0025,8.1519,-4.0046
203.439,4.0025,8.1519,-4.0046
203.449,4.0025,8.1519,-4.0046
203.458,4.0025,8.1519,-4.0046
203.466,4.0025,8.1519,-4.0046
203.475,4.0025,8.1519,-4.0046
203.483,4.0025,8.1519,-4.0046
203.490,4.0025,8.1519,-4.0046
203.499,4.0025,8.1519,-4.0046
203.507,4.0025,8.1519,-4.0046
203.516,4.0025,8.1519,-4.0046
203.523,4.0025,8.1519,-4.0046
203.530,4.0025,8.1519,-4.0046
203.539,4.0025,8.1519,-4.0046
203.548,4.0025,8.1519,-4.0046
203.555,4.0025,8.1519,-4.0046
203.563,4.0025,8.1519,-4.0046
203.571,4.0025,8.1519,-4.0046
203.581,4.0025,8.1519,-4.0046
203.588,4.0025,8.1519,-4.0046
203.598,4.0025,8.1519,-4.0046
203.606,4.0025,8.1519,-4.0046
203.615,4.0025,8.1519,-4.0046
203.623,4.0025,8.1519,-4.0046
203.632,4.0025,8.1519,-4.0046
203.641,4.0025,8.1519,-4.0046
203.649,4.0025,8.1519,-4.0046
203.657,4.0025,8.1519,-4.0046
203.669,4.0025,8.1519,-4.0046
203.677,4.0025,8.1519,-4.0046
203.687,4.0025,8.1519,-4.0046
203.697,4.0025,8.1519,-4.0046
203.705,4.0025,8.1519,-4.0046
203.712,4.0025,8.1519,-4.0046
203.721,4.0025,8.1519,-4.0046
203.729,4.0025,8.1519,-4.0046
203.736,4.0025,8.1519,-4.0046
203.745,4.0025,8.1519,-4.0046
203.754,4.0025,8.1519,-4.0046
203.762,4.0025,8.1519,-4.0046
203.768,4.0025,8.1519,-4.0046
203.779,4.0025,8.1519,-4.0046
203.787,4.0025,8.1519,-4.0046
203.795,4.0025,8.1519,-4.0046
203.803,4.0025,8.1519,-4.0046
203.811,4.0025,8.1519,-4.0046
203.820,4.0025,8.1519,-4.0046
203.828,4.0025,8.1519,-4.0046
203.836,4.0025,8.1519,-4.0046
203.845,4.0025,8.1519,-4.0046
203.853,4.0025,8.1519,-4.0046
203.861,4.0025,8.1519,-4.0046
203.868,4.0025,8.1519,-4.0046
203.878,4.0025,8.1519,-4.0046
203.885,4.0025,8.1519,-4.0046
203.893,4.0025,8.1519,-4.0046
203.902,4.0025,8.1519,-4.0046
203.910,4.0025,8.1519,-4.0046
203.919,4.0025,8.1519,-4.0046
203.927,4.0025,8.1519,-4.0046
203.937,4.0025,8.1519,-4.0046
203.946,4.0025,8.1519,-4.0046
203.960,4.0025,8.1519,-4.0046
203.970,4.0025,8.1519,-4.0046
203.980,4.0025,8.1519,-4.0046
203.990,4.0025,8.1519,-4.0046
204.000,4.0025,8.1519,-4.0046
204.007,4.0025,8.1519,-4.0046
204.016,4.0025,8.1519,-4.0046
204.023,4.0025,8.1519,-4.0046
204.032,4.0025,8.1519,-4.0046
204.041,4.0025,8.1519,-4.0046
204.049,4.0025,8.1519,-4.0046
204.057,4.0025,8.1519,-4.0046
204.066,4.0025,8.1519,-4.0046
204.075,4.0025,8.1519,-4.0046
204.083,4.0025,8.1519,-4.0046
204.091,4.0025,8.1519,-4.0046
204.100,4.0025,8.1519,-4.0046
204.109,4.0025,8.1519,-4.0046
204.118,4.0025,8.1519,-4.0046
204.126,4.0025,8.1519,-4.0046
204.134,4.0025,8.1519,-4.0046
204.142,4.0025,8.1519,-4.0046
204.150,4.0025,8.1519,-4.0046
204.157,4.0025,8.1519,-4.0046
204.166,4.0025,8.1519,-4.0046
204.176,4.0025,8.1519,-4.0046
204.184,4.0025,8.1519,-4.0046
204.190,4.0025,8.1519,-4.0046
204.200,4.0025,8.1519,-4.0046
204.207,4.0025,8.1519,-4.0046
204.216,4.0025,8.1519,-4.0046
204.223,4.0025,8.1519,-4.0046
204.231,4.0025,8.1519,-4.0046
204.239,4.0025,8.1519,-4.0046
204.247,4.0025,8.1519,-4.0046
204.253,4.0025,8.1519,-4.0046
204.261,4.0025,8.1519,-4.0046
204.267,4.0025,8.1519,-4.0046
204.276,4.0025,8.1519,-4.0046
204.283,4.0025,8.1519,-4.0046
204.290,4.0025,8.1519,-4.0046
204.299,4.0025,8.1519,-4.0046
204.306,4.0025,8.1519,-4.0046
204.314,4.0025,8.1519,-4.0046
204.322,4.0025,8.1519,-4.0046
204.330,4.0025,8.1519,-4.0046
204.339,4.0025,8.1519,-4.0046
204.346,4.0025,8.1519,-4.0046
204.354,4.0025,8.1519,-4.0046
204.361,4.0025,8.1519,-4.0046
204.368,4.0025,8.1519,-4.0046
204.377,4.0025,8.1519,-4.0046
204.385,4.0025,8.1519,-4.0046
204.404,4.0025,8.1519,-4.0046
204.414,4.0025,8.1519,-4.0046
204.422,4.0025,8.1519,-4.0046
204.430,4.0025,8.1519,-4.0046
204.439,4.0025,8.1519,-4.0046
204.448,4.0025,8.1519,-4.0046
204.457,4.0025,8.1519,-4.0046
204.466,4.0025,8.1519,-4.0046
204.474,4.0025,8.1519,-4.0046
204.483,4.0025,8.1519,-4.0046
204.491,4.0025,8.1519,-4.0046
204.501,4.0025,8.1519,-4.0046
204.508,4.0025,8.1519,-4.0046
204.518,4.0025,8.1519,-4.0046
204.526,4.0025,8.1519,-4.0046
204.537,4.0025,8.1519,-4.0046
204.546,4.0025,8.1519,-4.0046
204.555,4.0025,8.1519,-4.0046
204.565,4.0025,8.1519,-4.0046
204.574,4.0025,8.1519,-4.0046
204.583,4.0025,8.1519,-4.0046
204.591,4.0025,8.1519,-4.0046
204.602,4.0025,8.1519,-4.0046
204.611,4.0025,8.1519,-4.0046
204.620,4.0025,8.1519,-4.0046
204.628,4.0025,8.1519,-4.0046
204.638,4.0025,8.1519,-4.0046
204.647,4.0025,8.1519,-4.0046
204.655,4.0025,8.1519,-4.0046
204.664,4.0025,8.1519,-4.0046
204.674,4.0025,8.1519,-4.0046
204.683,4.0025,8.1519,-4.0046
204.690,4.0025,8.1519,-4.0046
204.701,4.0025,8.1519,-4.0046
204.708,4.0025,8.1519,-4.0046
204.718,4.0025,8.1519,-4.0046
204.725,4.0025,8.1519,-4.0046
204.735,4.0025,8.1519,-4.0046
204.743,4.0025,8.1519,-4.0046
204.752,4.0025,8.1519,-4.0046
204.762,4.0025,8.1519,-4.0046
204.770,4.0025,8.1519,-4.0046
204.780,4.0025,8.1519,-4.0046
204.789,4.0025,8.1519,-4.0046
204.797,4.0025,8.1519,-4.0046
204.806,4.0025,8.1519,-4.0046
204.815,4.0025,8.1519,-4.0046
204.823,4.0025,8.1519,-4.0046
204.832,4.0025,8.1519,-4.0046
204.842,4.0025,8.1519,-4.0046
204.849,4.0025,8.1519,-4.0046
204.858,4.0025,8.1519,-4.0046
204.866,4.0025,8.1519,-4.0046
204.875,4.0025,8.1519,-4.0046
204.884,4.0025,8.1519,-4.0046
204.891,4.0025,8.1519,-4.0046
204.902,4.0025,8.1519,-4.0046
204.910,4.0025,8.1519,-4.0046
204.920,4.0025,8.1519,-4.0046
204.928,4.0025,8.1519,-4.0046
204.940,4.0025,8.1519,-4.0046
204.949,4.0025,8.1519,-4.0046
204.957,4.0025,8.1519,-4.0046
204.968,4.0025,8.1519,-4.0046
204.977,4.0025,8.1519,-4.0046
204.986,4.0025,8.1519,-4.0046
204.996,4.0025,8.1519,-4.0046
205.003,4.0025,8.1519,-4.0046
205.010,4.0025,8.1519,-4.0046
205.018,4.0025,8.1519,-4.0046
205.027,4.0025,8.1519,-4.0046
205.036,4.0025,8.1519,-4.0046
205.046,4.0025,8.1519,-4.0046
205.059,4.0025,8.1519,-4.0046
205.068,4.0025,8.1519,-4.0046
205.077,4.0025,8.1519,-4.0046
205.085,4.0025,8.1519,-4.0046
205.094,4.0025,8.1519,-4.0046
205.101,4.0025,8.1519,-4.0046
205.109,4.0025,8.1519,-4.0046
205.117,4.0025,8.1519,-4.0046
205.125,4.0025,8.1519,-4.0046
205.133,4.0025,8.1519,-4.0046
205.141,4.0025,8.1519,-4.0046
205.148,4.0025,8.1519,-4.0046
205.156,4.0025,8.1519,-4.0046
205.164,4.0025,8.1519,-4.0046
205.172,4.0025,8.1519,-4.0046
205.179,4.0025,8.1519,-4.0046
205.187,4.0025,8.1519,-4.0046
205.195,4.0025,8.1519,-4.0046
205.203,4.0025,8.1519,-4.0046
205.210,4.0025,8.1519,-4.0046
205.219,4.0025,8.1519,-4.0046
205.225,4.0025,8.1519,-4.0046
205.234,4.0025,8.1519,-4.0046
205.241,4.0025,8.1519,-4.0046
205.248,4.0025,8.1519,-4.0046
205.255,4.0025,8.1519,-4.0046
205.263,4.0025,8.1519,-4.0046
205.269,4.0025,8.1519,-4.0046
205.278,4.0025,8.1519,-4.0046
205.285,4.0025,8.1519,-4.0046
205.293,4.0025,8.1519,-4.0046
205.301,4.0025,8.1519,-4.0046
205.308,4.0025,8.1519,-4.0046
205.317,4.0025,8.1519,-4.0046
205.324,4.0025,8.1519,-4.0046
205.333,4.0025,8.1519,-4.0046
205.340,4.0025,8.1519,-4.0046
205.348,4.0025,8.1519,-4.0046
205.358,4.0025,8.1519,-4.0046
205.366,4.0025,8.1519,-4.0046
205.373,4.0025,8.1519,-4.0046
205.380,4.0025,8.1519,-4.0046
205.389,4.0025,8.1519,-4.0046
205.397,4.0025,8.1519,-4.0046
205.405,4.0025,8.1519,-4.0046
205.414,4.0025,8.1519,-4.0046
205.422,4.0025,8.1519,-4.0046
205.429,4.0025,8.1519,-4.0046
205.437,4.0025,8.1519,-4.0046
205.445,4.0025,8.1519,-4.0046
205.454,4.0025,8.1519,-4.0046
205.462,4.0025,8.1519,-4.0046
205.469,4.0025,8.1519,-4.0046
205.477,4.0025,8.1519,-4.0046
205.488,4.0025,8.1519,-4.0046
205.496,4.0025,8.1519,-4.0046
205.504,4.0025,8.1519,-4.0046
205.514,4.0025,8.1519,-4.0046
205.521,4.0025,8.1519,-4.0046
205.529,4.0025,8.1519,-4.0046
205.538,4.0025,8.1519,-4.0046
205.546,4.0025,8.1519,-4.0046
205.554,4.0025,8.1519,-4.0046
205.562,4.0025,8.1519,-4.0046
205.569,4.0025,8.1519,-4.0046
205.578,4.0025,8.1519,-4.0046
205.585,4.0025,8.1519,-4.0046
205.593,4.0025,8.1519,-4.0046
205.602,4.0025,8.1519,-4.0046
205.608,4.0025,8.1519,-4.0046
205.616,4.0025,8.1519,-4.0046
205.624,4.0025,8.1519,-4.0046
205.632,4.0025,8.1519,-4.0046
205.641,4.0025,8.1519,-4.0046
205.649,4.0025,8.1519,-4.0046
205.658,4.0025,8.1519,-4.0046
205.666,4.0025,8.1519,-4.0046
205.675,4.0025,8.1519,-4.0046
205.682,4.0025,8.1519,-4.0046
205.690,4.0025,8.1519,-4.0046
205.699,4.0025,8.1519,-4.0046
205.705,4.0025,8.1519,-4.0046
205.714,4.0025,8.1519,-4.0046
205.721,4.0025,8.1519,-4.0046
205.729,4.0025,8.1519,-4.0046
205.739,4.0025,8.1519,-4.0046
205.747,4.0025,8.1519,-4.0046
205.756,4.0025,8.1519,-4.0046
205.765,4.0025,8.1519,-4.0046
205.774,4.0025,8.1519,-4.0046
205.783,4.0025,8.1519,-4.0046
205.791,4.0025,8.1519,-4.0046
205.800,4.0025,8.1519,-4.0046
205.809,4.0025,8.1519,-4.0046
205.818,4.0025,8.1519,-4.0046
205.826,4.0025,8.1519,-4.0046
205.835,4.0025,8.1519,-4.0046
205.843,4.0025,8.1519,-4.0046
205.851,4.0025,8.1519,-4.0046
205.859,4.0025,8.1519,-4.0046
205.867,4.0025,8.1519,-4.0046
205.875,4.0025,8.1519,-4.0046
205.883,4.0025,8.1519,-4.0046
205.890,4.0025,8.1519,-4.0046
205.900,4.0025,8.1519,-4.0046
205.907,4.0025,8.1519,-4.0046
205.915,4.0025,8.1519,-4.0046
205.923,4.0025,8.1519,-4.0046
205.931,4.0025,8.1519,-4.0046
205.939,4.0025,8.1519,-4.0046
205.947,4.0025,8.1519,-4.0046
205.955,4.0025,8.1519,-4.0046
205.964,4.0025,8.1519,-4.0046
205.972,4.0025,8.1519,-4.0046
205.981,4.0025,8.1519,-4.0046
205.989,4.0025,8.1519,-4.0046
205.997,4.0025,8.1519,-4.0046
206.004,4.0025,8.1519,-4.0046
206.014,4.0025,8.1519,-4.0046
206.022,4.0025,8.1519,-4.0046
206.031,4.0025,8.1519,-4.0046
206.038,4.0025,8.1519,-4.0046
206.047,4.0025,8.1519,-4.0046
206.055,4.0025,8.1519,-4.0046
206.063,4.0025,8.1519,-4.0046
206.071,4.0025,8.1519,-4.0046
206.080,4.0025,8.1519,-4.0046
206.088,4.0025,8.1519,-4.0046
206.097,4.0025,8.1519,-4.0046
206.106,4.0025,8.1519,-4.0046
206.114,4.0025,8.1519,-4.0046
206.123,4.0025,8.1519,-4.0046
206.132,4.0025,8.1519,-4.0046
206.140,4.0025,8.1519,-4.0046
206.148,4.0025,8.1519,-4.0046
206.166,4.0025,8.1519,-4.0046
206.175,4.0025,8.1519,-4.0046
206.184,4.0025,8.1519,-4.0046
206.194,4.0025,8.1519,-4.0046
206.202,4.0025,8.1519,-4.0046
206.210,4.0025,8.1519,-4.0046
206.221,4.0025,8.1519,-4.0046
206.229,4.0025,8.1519,-4.0046
206.237,4.0025,8.1519,-4.0046
206.245,4.0025,8.1519,-4.0046
206.254,4.0025,8.1519,-4.0046
206.261,4.0025,8.1519,-4.0046
206.269,4.0025,8.1519,-4.0046
206.276,4.0025,8.1519,-4.0046
206.284,4.0025,8.1519,-4.0046
206.291,4.0025,8.1519,-4.0046
206.300,4.0025,8.1519,-4.0046
206.307,4.0025,8.1519,-4.0046
206.316,4.0025,8.1519,-4.0046
206.322,4.0025,8.1519,-4.0046
206.331,4.0025,8.1519,-4.0046
206.339,4.0025,8.1519,-4.0046
206.348,4.0025,8.1519,-4.0046
206.357,4.0025,8.1519,-4.0046
206.365,4.0025,8.1519,-4.0046
206.373,4.0025,8.1519,-4.0046
206.381,4.0025,8.1519,-4.0046
206.388,4.0025,8.1520,-4.0046
206.397,4.0025,8.1520,-4.0046
206.405,4.0025,8.1520,-4.0046
206.414,4.0025,8.1520,-4.0046
206.423,4.0025,8.1520,-4.0046
206.430,4.0025,8.1521,-4.0046
206.440,4.0025,8.1521,-4.0046
206.447,4.0025,8.1521,-4.0046
206.456,4.0025,8.1521,-4.0046
206.465,4.0025,8.1522,-4.0046
206.474,4.0025,8.1522,-4.0046
206.481,4.0025,8.1522,-4.0046
206.488,4.0025,8.1523,-4.0046
206.497,4.0025,8.1523,-4.0046
206.505,4.0025,8.1523,-4.0046
206.513,4.0025,8.1523,-4.0046
206.519,4.0025,8.1523,-4.0046
206.527,4.0025,8.1526,-4.0046
206.538,4.0025,8.1526,-4.0046
206.546,4.0025,8.1528,-4.0046
206.558,4.0025,8.1528,-4.0046
206.569,4.0025,8.1531,-4.0046
206.577,4.0025,8.1531,-4.0046
206.585,4.0025,8.1534,-4.0046
206.593,4.0025,8.1534,-4.0046
206.601,4.0025,8.1534,-4.0046
206.608,4.0025,8.1537,-4.0046
206.617,4.0025,8.1537,-4.0046
206.625,4.0025,8.1540,-4.0046
206.635,4.0025,8.1540,-4.0046
206.642,4.0025,8.1540,-4.0046
206.650,4.0025,8.1543,-4.0046
206.659,4.0025,8.1543,-4.0046
206.666,4.0025,8.1547,-4.0046
206.675,4.0025,8.1547,-4.0046
206.683,4.0025,8.1547,-4.0046
206.691,4.0025,8.1554,-4.0046
206.700,4.0025,8.1554,-4.0046
206.707,4.0025,8.1562,-4.0046
206.715,4.0025,8.1562,-4.0046
206.722,4.0025,8.1562,-4.0046
206.729,4.0025,8.1570,-4.0046
206.739,4.0025,8.1570,-4.0046
206.746,4.0025,8.1578,-4.0046
206.755,4.0025,8.1578,-4.0046
206.761,4.0025,8.1578,-4.0046
206.770,4.0025,8.1587,-4.0046
206.778,4.0025,8.1587,-4.0046
206.786,4.0025,8.1595,-4.0046
206.793,4.0025,8.1595,-4.0046
206.800,4.0025,8.1595,-4.0046
206.808,4.0025,8.1604,-4.0046
206.817,4.0025,8.1604,-4.0046
206.823,4.0025,8.1604,-4.0046
206.831,4.0025,8.1613,-4.0046
206.842,4.0025,8.1613,-4.0046
206.850,4.0025,8.1623,-4.0046
206.858,4.0025,8.1623,-4.0046
206.866,4.0025,8.1632,-4.0046
206.875,4.0025,8.1632,-4.0046
206.882,4.0025,8.1632,-4.0046
206.888,4.0025,8.1641,-4.0046
206.898,4.0025,8.1641,-4.0046
206.905,4.0025,8.1651,-4.0046
206.914,4.0025,8.1651,-4.0046
206.921,4.0025,8.1651,-4.0046
206.929,4.0025,8.1661,-4.0046
206.939,4.0025,8.1661,-4.0046
206.947,4.0025,8.1670,-4.0046
206.956,4.0025,8.1670,-4.0046
206.963,4.0025,8.1670,-4.0046
206.971,4.0025,8.1680,-4.0046
206.981,4.0025,8.1680,-4.0046
206.988,4.0025,8.1690,-4.0046
206.998,4.0025,8.1690,-4.0046
207.006,4.0025,8.1701,-4.0046
207.016,4.0025,8.1701,-4.0046
207.022,4.0025,8.1701,-4.0046
207.032,4.0025,8.1721,-4.0046
207.042,4.0025,8.1721,-4.0046
207.051,4.0025,8.1742,-4.0046
207.061,4.0025,8.1742,-4.0046
207.069,4.0025,8.1764,-4.0046
207.079,4.0025,8.1764,-4.0046
207.086,4.0025,8.1786,-4.0046
207.095,4.0025,8.1786,-4.0046
207.103,4.0025,8.1786,-4.0046
207.111,4.0025,8.1808,-4.0046
207.120,4.0025,8.1808,-4.0046
207.129,4.0025,8.1831,-4.0046
207.138,4.0025,8.1831,-4.0046
207.146,4.0025,8.1854,-4.0046
207.155,4.0025,8.1854,-4.0046
207.163,4.0025,8.1854,-4.0046
207.172,4.0025,8.1877,-4.0046
207.181,4.0025,8.1877,-4.0046
207.189,4.0025,8.1901,-4.0046
207.200,4.0025,8.1901,-4.0046
207.208,4.0025,8.1925,-4.0046
207.217,4.0025,8.1925,-4.0046
207.224,4.0025,8.1949,-4.0046
207.235,4.0025,8.1949,-4.0046
207.242,4.0025,8.1949,-4.0046
207.250,4.0025,8.1973,-4.0046
207.259,4.0025,8.1973,-4.0046
207.268,4.0025,8.1998,-4.0046
207.277,4.0025,8.1998,-4.0046
207.285,4.0025,8.2022,-4.0046
207.294,4.0025,8.2022,-4.0046
207.302,4.0025,8.2022,-4.0046
207.309,4.0025,8.2047,-4.0046
207.318,4.0025,8.2047,-4.0046
207.326,4.0025,8.2072,-4.0046
207.335,4.0025,8.2072,-4.0046
207.344,4.0025,8.2072,-4.0046
207.352,4.0025,8.2097,-4.0046
207.361,4.0025,8.2097,-4.0046
207.369,4.0025,8.2121,-4.0046
207.380,4.0025,8.2121,-4.0046
207.388,4.0025,8.2146,-4.0046
207.398,4.0025,8.2146,-4.0046
207.406,4.0025,8.2171,-4.0046
207.416,4.0025,8.2171,-4.0046
207.423,4.0025,8.2171,-4.0046
207.431,4.0025,8.2196,-4.0046
207.442,4.0025,8.2196,-4.0046
207.450,4.0025,8.2221,-4.0046
207.459,4.0025,8.2221,-4.0046
207.469,4.0025,8.2246,-4.0046
207.478,4.0025,8.2246,-4.0046
207.486,4.0025,8.2272,-4.0046
207.494,4.0025,8.2272,-4.0046
207.503,4.0025,8.2272,-4.0046
207.509,4.0025,8.2297,-4.0046
207.517,4.0025,8.2297,-4.0046
207.524,4.0025,8.2322,-4.0046
207.534,4.0025,8.2322,-4.0046
207.540,4.0025,8.2322,-4.0046
207.547,4.0025,8.2347,-4.0046
207.555,4.0025,8.2347,-4.0046
207.564,4.0025,8.2372,-4.0046
207.572,4.0025,8.2372,-4.0046
207.579,4.0025,8.2372,-4.0046
207.586,4.0025,8.2398,-4.0046
207.595,4.0025,8.2398,-4.0046
207.602,4.0025,8.2398,-4.0046
207.608,4.0025,8.2423,-4.0046
207.617,4.0025,8.2423,-4.0046
207.624,4.0025,8.2448,-4.0046
207.633,4.0025,8.2448,-4.0046
207.640,4.0025,8.2448,-4.0046
207.647,4.0025,8.2474,-4.0046
207.656,4.0025,8.2474,-4.0046
207.663,4.0025,8.2474,-4.0046
207.672,4.0025,8.2499,-4.0046
207.680,4.0025,8.2499,-4.0046
207.687,4.0025,8.2525,-4.0046
207.695,4.0025,8.2525,-4.0046
207.702,4.0025,8.2525,-4.0046
207.708,4.0025,8.2550,-4.0046
207.718,4.0025,8.2550,-4.0046
207.724,4.0025,8.2550,-4.0046
207.731,4.0025,8.2575,-4.0046
207.740,4.0025,8.2575,-4.0046
207.748,4.0025,8.2601,-4.0046
207.755,4.0025,8.2601,-4.0046
207.763,4.0025,8.2601,-4.0046
207.770,4.0025,8.2626,-4.0046
207.777,4.0025,8.2626,-4.0046
207.785,4.0025,8.2652,-4.0046
207.793,4.0025,8.2652,-4.0046
207.802,4.0025,8.2652,-4.0046
207.808,4.0025,8.2677,-4.0046
207.817,4.0025,8.2677,-4.0046
207.823,4.0025,8.2677,-4.0046
207.832,4.0025,8.2703,-4.0046
207.841,4.0025,8.2703,-4.0046
207.848,4.0025,8.2728,-4.0046
207.855,4.0025,8.2728,-4.0046
207.863,4.0025,8.2728,-4.0046
207.870,4.0025,8.2754,-4.0046
207.879,4.0025,8.2754,-4.0046
207.887,4.0025,8.2779,-4.0046
207.895,4.0025,8.2779,-4.0046
207.902,4.0025,8.2779,-4.0046
207.909,4.0025,8.2805,-4.0046
207.917,4.0025,8.2805,-4.0046
207.924,4.0025,8.2831,-4.0046
207.933,4.0025,8.2831,-4.0046
207.940,4.0025,8.2831,-4.0046
207.947,4.0025,8.2856,-4.0046
207.956,4.0025,8.2856,-4.0046
207.963,4.0025,8.2856,-4.0046
207.979,4.0025,8.2882,-4.0046
207.989,4.0025,8.2908,-4.0046
207.997,4.0025,8.2908,-4.0046
208.005,4.0025,8.2933,-4.0046
208.015,4.0025,8.2933,-4.0046
208.022,4.0025,8.2933,-4.0046
208.029,4.0025,8.2959,-4.0046
208.038,4.0025,8.2959,-4.0046
208.047,4.0025,8.2985,-4.0046
208.056,4.0025,8.2985,-4.0046
208.065,4.0025,8.3011,-4.0046
208.073,4.0025,8.3011,-4.0046
208.080,4.0025,8.3011,-4.0046
208.087,4.0025,8.3036,-4.0046
208.095,4.0025,8.3036,-4.0046
208.101,4.0025,8.3036,-4.0046
208.109,4.0025,8.3062,-4.0046
208.117,4.0025,8.3062,-4.0046
208.125,4.0025,8.3088,-4.0046
208.133,4.0025,8.3088,-4.0046
208.141,4.0025,8.3088,-4.0046
208.148,4.0025,8.3114,-4.0046
208.155,4.0025,8.3114,-4.0046
208.163,4.0025,8.3114,-4.0046
208.171,4.0025,8.3140,-4.0046
208.178,4.0025,8.3140,-4.0046
208.186,4.0025,8.3166,-4.0046
208.194,4.0025,8.3166,-4.0046
208.202,4.0025,8.3166,-4.0046
208.208,4.0025,8.3192,-4.0046
208.217,4.0025,8.3192,-4.0046
208.223,4.0025,8.3192,-4.0046
208.232,4.0025,8.3218,-4.0046
208.240,4.0025,8.3218,-4.0046
208.248,4.0025,8.3244,-4.0046
208.257,4.0025,8.3244,-4.0046
208.265,4.0025,8.3270,-4.0046
208.274,4.0025,8.3270,-4.0046
208.282,4.0025,8.3270,-4.0046
208.289,4.0025,8.3296,-4.0046
208.299,4.0025,8.3296,-4.0046
208.308,4.0025,8.3322,-4.0046
208.318,4.0025,8.3322,-4.0046
208.326,4.0025,8.3347,-4.0046
208.336,4.0025,8.3347,-4.0046
208.344,4.0025,8.3347,-4.0046
208.352,4.0025,8.3373,-4.0046
208.361,4.0025,8.3373,-4.0046
208.369,4.0025,8.3399,-4.0046
208.378,4.0025,8.3399,-4.0046
208.386,4.0025,8.3425,-4.0046
208.395,4.0025,8.3425,-4.0046
208.403,4.0025,8.3425,-4.0046
208.412,4.0025,8.3452,-4.0046
208.422,4.0025,8.3452,-4.0046
208.430,4.0025,8.3478,-4.0046
208.440,4.0025,8.3478,-4.0046
208.448,4.0025,8.3504,-4.0046
208.457,4.0025,8.3504,-4.0046
208.467,4.0025,8.3530,-4.0046
208.475,4.0025,8.3530,-4.0046
208.484,4.0025,8.3530,-4.0046
208.491,4.0025,8.3556,-4.0046
208.501,4.0025,8.3556,-4.0046
208.507,4.0025,8.3582,-4.0046
208.516,4.0025,8.3582,-4.0046
208.523,4.0025,8.3582,-4.0046
208.532,4.0025,8.3609,-4.0046
208.541,4.0025,8.3609,-4.0046
208.550,4.0025,8.3635,-4.0046
208.559,4.0025,8.3635,-4.0046
208.568,4.0025,8.3661,-4.0046
208.578,4.0025,8.3661,-4.0046
208.585,4.0025,8.3687,-4.0046
208.595,4.0025,8.3687,-4.0046
208.603,4.0025,8.3687,-4.0046
208.612,4.0025,8.3714,-4.0046
208.622,4.0025,8.3714,-4.0046
208.630,4.0025,8.3740,-4.0046
208.639,4.0025,8.3740,-4.0046
208.647,4.0025,8.3766,-4.0046
208.656,4.0025,8.3766,-4.0046
208.664,4.0025,8.3793,-4.0046
208.674,4.0025,8.3793,-4.0046
208.683,4.0025,8.3793,-4.0046
208.690,4.0025,8.3819,-4.0046
208.701,4.0025,8.3819,-4.0046
208.708,4.0025,8.3845,-4.0046
208.718,4.0025,8.3845,-4.0046
208.725,4.0025,8.3872,-4.0046
208.734,4.0025,8.3872,-4.0046
208.741,4.0025,8.3872,-4.0046
208.749,4.0025,8.3898,-4.0046
208.756,4.0025,8.3898,-4.0046
208.764,4.0025,8.3924,-4.0046
208.773,4.0025,8.3924,-4.0046
208.780,4.0025,8.3924,-4.0046
208.787,4.0025,8.3951,-4.0046
208.796,4.0025,8.3951,-4.0046
208.804,4.0025,8.3951,-4.0046
208.812,4.0025,8.3977,-4.0046
208.820,4.0025,8.3977,-4.0046
208.827,4.0025,8.4003,-4.0046
208.835,4.0025,8.4003,-4.0046
208.843,4.0025,8.4003,-4.0046
208.850,4.0025,8.4030,-4.0046
208.859,4.0025,8.4030,-4.0046
208.867,4.0025,8.4056,-4.0046
208.876,4.0025,8.4056,-4.0046
208.883,4.0025,8.4056,-4.0046
208.890,4.0025,8.4083,-4.0046
208.898,4.0025,8.4083,-4.0046
208.904,4.0025,8.4109,-4.0046
208.912,4.0025,8.4109,-4.0046
208.919,4.0025,8.4109,-4.0046
208.925,4.0025,8.4135,-4.0046
208.934,4.0025,8.4135,-4.0046
208.940,4.0025,8.4135,-4.0046
208.948,4.0025,8.4162,-4.0046
208.956,4.0025,8.4162,-4.0046
208.963,4.0025,8.4162,-4.0046
208.969,4.0025,8.4188,-4.0046
208.980,4.0025,8.4188,-4.0046
208.988,4.0025,8.4215,-4.0046
208.997,4.0025,8.4215,-4.0046
209.003,4.0025,8.4215,-4.0046
209.011,4.0025,8.4241,-4.0046
209.021,4.0025,8.4241,-4.0046
209.029,4.0025,8.4268,-4.0046
209.038,4.0025,8.4268,-4.0046
209.046,4.0025,8.4294,-4.0046
209.054,4.0025,8.4294,-4.0046
209.062,4.0025,8.4294,-4.0046
209.069,4.0025,8.4320,-4.0046
209.077,4.0025,8.4320,-4.0046
209.085,4.0025,8.4347,-4.0046
209.094,4.0025,8.4347,-4.0046
209.102,4.0025,8.4347,-4.0046
209.111,4.0025,8.4373,-4.0046
209.119,4.0025,8.4373,-4.0046
209.127,4.0025,8.4400,-4.0046
209.136,4.0025,8.4400,-4.0046
209.143,4.0025,8.4400,-4.0046
209.151,4.0025,8.4426,-4.0046
209.158,4.0025,8.4426,-4.0046
209.167,4.0025,8.4452,-4.0046
209.174,4.0025,8.4452,-4.0046
209.181,4.0025,8.4452,-4.0046
209.189,4.0025,8.4479,-4.0046
209.198,4.0025,8.4479,-4.0046
209.205,4.0025,8.4505,-4.0046
209.215,4.0025,8.4505,-4.0046
209.221,4.0025,8.4505,-4.0046
209.228,4.0025,8.4532,-4.0046
209.236,4.0025,8.4532,-4.0046
209.242,4.0025,8.4532,-4.0046
209.250,4.0025,8.4558,-4.0046
209.258,4.0025,8.4558,-4.0046
209.266,4.0025,8.4585,-4.0046
209.272,4.0025,8.4585,-4.0046
209.281,4.0025,8.4585,-4.0046
209.288,4.0025,8.4611,-4.0046
209.296,4.0025,8.4611,-4.0046
209.302,4.0025,8.4611,-4.0046
209.310,4.0025,8.4638,-4.0046
209.318,4.0025,8.4638,-4.0046
209.326,4.0025,8.4664,-4.0046
209.335,4.0025,8.4664,-4.0046
209.343,4.0025,8.4664,-4.0046
209.350,4.0025,8.4691,-4.0046
209.357,4.0025,8.4691,-4.0046
209.365,4.0025,8.4717,-4.0046
209.374,4.0025,8.4717,-4.0046
209.380,4.0025,8.4717,-4.0046
209.387,4.0025,8.4744,-4.0046
209.395,4.0025,8.4744,-4.0046
209.402,4.0025,8.4744,-4.0046
209.409,4.0025,8.4770,-4.0046
209.417,4.0025,8.4770,-4.0046
209.424,4.0025,8.4797,-4.0046
209.433,4.0025,8.4797,-4.0046
209.440,4.0025,8.4797,-4.0046
209.447,4.0025,8.4823,-4.0046
209.455,4.0025,8.4823,-4.0046
209.463,4.0025,8.4823,-4.0046
209.471,4.0025,8.4850,-4.0046
209.480,4.0025,8.4850,-4.0046
209.487,4.0025,8.4876,-4.0046
209.498,4.0025,8.4876,-4.0046
209.506,4.0025,8.4903,-4.0046
209.514,4.0025,8.4903,-4.0046
209.522,4.0025,8.4903,-4.0046
209.530,4.0025,8.4929,-4.0046
209.540,4.0025,8.4929,-4.0046
209.548,4.0025,8.4956,-4.0046
209.557,4.0025,8.4956,-4.0046
209.564,4.0025,8.4982,-4.0046
209.574,4.0025,8.4982,-4.0046
209.581,4.0025,8.4982,-4.0046
209.589,4.0025,8.5009,-4.0046
209.600,4.0025,8.5009,-4.0046
209.607,4.0025,8.5035,-4.0046
209.617,4.0025,8.5035,-4.0046
209.626,4.0025,8.5062,-4.0046
209.637,4.0025,8.5062,-4.0046
209.644,4.0025,8.5062,-4.0046
209.652,4.0025,8.5088,-4.0046
209.661,4.0025,8.5088,-4.0046
209.668,4.0025,8.5115,-4.0046
209.678,4.0025,8.5115,-4.0046
209.685,4.0025,8.5141,-4.0046
209.695,4.0025,8.5141,-4.0046
209.702,4.0025,8.5141,-4.0046
209.710,4.0025,8.5168,-4.0046
209.719,4.0025,8.5168,-4.0046
209.728,4.0025,8.5194,-4.0046
209.737,4.0025,8.5194,-4.0046
209.745,4.0025,8.5221,-4.0046
209.755,4.0025,8.5221,-4.0046
209.762,4.0025,8.5221,-4.0046
209.770,4.0025,8.5247,-4.0046
209.780,4.0025,8.5247,-4.0046
209.788,4.0025,8.5274,-4.0046
209.797,4.0025,8.5274,-4.0046
209.805,4.0025,8.5300,-4.0046
209.814,4.0025,8.5300,-4.0046
209.822,4.0025,8.5300,-4.0046
209.832,4.0025,8.5327,-4.0046
209.841,4.0025,8.5327,-4.0046
209.850,4.0025,8.5353,-4.0046
209.860,4.0025,8.5353,-4.0046
209.868,4.0025,8.5380,-4.0046
209.876,4.0025,8.5380,-4.0046
209.885,4.0025,8.5406,-4.0046
209.895,4.0025,8.5406,-4.0046
209.903,4.0025,8.5406,-4.0046
209.911,4.0025,8.5433,-4.0046
209.920,4.0025,8.5433,-4.0046
209.929,4.0025,8.5459,-4.0046
209.940,4.0025,8.5459,-4.0046
209.949,4.0025,8.5486,-4.0046
209.958,4.0025,8.5486,-4.0046
209.975,4.0025,8.5512,-4.0046
209.985,4.0025,8.5539,-4.0046
209.995,4.0025,8.5539,-4.0046
210.002,4.0025,8.5539,-4.0046
210.011,4.0025,8.5565,-4.0046
210.021,4.0025,8.5565,-4.0046
210.030,4.0025,8.5592,-4.0046
210.039,4.0025,8.5592,-4.0046
210.047,4.0025,8.5618,-4.0046
210.056,4.0025,8.5618,-4.0046
210.064,4.0025,8.5645,-4.0046
210.073,4.0025,8.5645,-4.0046
210.081,4.0025,8.5645,-4.0046
210.089,4.0025,8.5672,-4.0046
210.098,4.0025,8.5672,-4.0046
210.106,4.0025,8.5698,-4.0046
210.116,4.0025,8.5698,-4.0046
210.123,4.0025,8.5698,-4.0046
210.131,4.0025,8.5725,-4.0046
210.140,4.0025,8.5725,-4.0046
210.150,4.0025,8.5751,-4.0046
210.157,4.0025,8.5751,-4.0046
210.166,4.0025,8.5778,-4.0046
210.174,4.0025,8.5778,-4.0046
210.183,4.0025,8.5778,-4.0046
210.190,4.0025,8.5804,-4.0046
210.200,4.0025,8.5804,-4.0046
210.208,4.0025,8.5831,-4.0046
210.218,4.0025,8.5831,-4.0046
210.226,4.0025,8.5857,-4.0046
210.236,4.0025,8.5857,-4.0046
210.244,4.0025,8.5884,-4.0046
210.253,4.0025,8.5884,-4.0046
210.260,4.0025,8.5884,-4.0046
210.267,4.0025,8.5911,-4.0046
210.276,4.0025,8.5911,-4.0046
210.284,4.0025,8.5911,-4.0046
210.292,4.0025,8.5937,-4.0046
210.300,4.0025,8.5937,-4.0046
210.307,4.0025,8.5964,-4.0046
210.315,4.0025,8.5964,-4.0046
210.322,4.0025,8.5964,-4.0046
210.329,4.0025,8.5990,-4.0046
210.339,4.0025,8.5990,-4.0046
210.345,4.0025,8.6017,-4.0046
210.353,4.0025,8.6017,-4.0046
210.360,4.0025,8.6017,-4.0046
210.367,4.0025,8.6043,-4.0046
210.375,4.0025,8.6043,-4.0046
210.382,4.0025,8.6043,-4.0046
210.388,4.0025,8.6070,-4.0046
210.397,4.0025,8.6070,-4.0046
210.405,4.0025,8.6096,-4.0046
210.413,4.0025,8.6096,-4.0046
210.420,4.0025,8.6096,-4.0046
210.426,4.0025,8.6123,-4.0046
210.435,4.0025,8.6123,-4.0046
210.442,4.0025,8.6123,-4.0046
210.449,4.0025,8.6150,-4.0046
210.458,4.0025,8.6150,-4.0046
210.466,4.0025,8.6176,-4.0046
210.473,4.0025,8.6176,-4.0046
210.480,4.0025,8.6176,-4.0046
210.487,4.0025,8.6203,-4.0046
210.495,4.0025,8.6203,-4.0046
210.501,4.0025,8.6203,-4.0046
210.509,4.0025,8.6229,-4.0046
210.518,4.0025,8.6229,-4.0046
210.526,4.0025,8.6256,-4.0046
210.534,4.0025,8.6256,-4.0046
210.542,4.0025,8.6256,-4.0046
210.549,4.0025,8.6282,-4.0046
210.557,4.0025,8.6282,-4.0046
210.565,4.0025,8.6309,-4.0046
210.573,4.0025,8.6309,-4.0046
210.579,4.0025,8.6309,-4.0046
210.587,4.0025,8.6336,-4.0046
210.595,4.0025,8.6336,-4.0046
210.602,4.0025,8.6336,-4.0046
210.608,4.0025,8.6362,-4.0046
210.619,4.0025,8.6362,-4.0046
210.626,4.0025,8.6389,-4.0046
210.636,4.0025,8.6389,-4.0046
210.642,4.0025,8.6389,-4.0046
210.650,4.0025,8.6415,-4.0046
210.658,4.0025,8.6415,-4.0046
210.667,4.0025,8.6442,-4.0046
210.676,4.0025,8.6442,-4.0046
210.684,4.0025,8.6468,-4.0046
210.691,4.0025,8.6468,-4.0046
210.699,4.0025,8.6468,-4.0046
210.706,4.0025,8.6495,-4.0046
210.715,4.0025,8.6495,-4.0046
210.722,4.0025,8.6495,-4.0046
210.730,4.0025,8.6522,-4.0046
210.739,4.0025,8.6522,-4.0046
210.747,4.0025,8.6548,-4.0046
210.755,4.0025,8.6548,-4.0046
210.765,4.0025,8.6575,-4.0046
210.773,4.0025,8.6575,-4.0046
210.782,4.0025,8.6575,-4.0046
210.789,4.0025,8.6601,-4.0046
210.798,4.0025,8.6601,-4.0046
210.806,4.0025,8.6628,-4.0046
210.815,4.0025,8.6628,-4.0046
210.822,4.0025,8.6628,-4.0046
210.830,4.0025,8.6655,-4.0046
210.839,4.0025,8.6655,-4.0046
210.846,4.0025,8.6681,-4.0046
210.856,4.0025,8.6681,-4.0046
210.863,4.0025,8.6681,-4.0046
210.871,4.0025,8.6708,-4.0046
210.879,4.0025,8.6708,-4.0046
210.888,4.0025,8.6734,-4.0046
210.897,4.0025,8.6734,-4.0046
210.906,4.0025,8.6761,-4.0046
210.916,4.0025,8.6761,-4.0046
210.924,4.0025,8.6761,-4.0046
210.932,4.0025,8.6787,-4.0046
210.941,4.0025,8.6787,-4.0046
210.950,4.0025,8.6814,-4.0046
210.958,4.0025,8.6814,-4.0046
210.966,4.0025,8.6841,-4.0046
210.977,4.0025,8.6841,-4.0046
210.986,4.0025,8.6867,-4.0046
210.996,4.0025,8.6867,-4.0046
211.004,4.0025,8.6894,-4.0046
211.014,4.0025,8.6894,-4.0046
211.022,4.0025,8.6894,-4.0046
211.031,4.0025,8.6920,-4.0046
211.040,4.0025,8.6920,-4.0046
211.049,4.0025,8.6947,-4.0046
211.058,4.0025,8.6947,-4.0046
211.068,4.0025,8.6973,-4.0046
211.076,4.0025,8.6973,-4.0046
211.084,4.0025,8.7000,-4.0046
211.094,4.0025,8.7000,-4.0046
211.101,4.0025,8.7000,-4.0046
211.109,4.0025,8.7027,-4.0046
211.118,4.0025,8.7027,-4.0046
211.127,4.0025,8.7053,-4.0046
211.137,4.0025,8.7053,-4.0046
211.144,4.0025,8.7080,-4.0046
211.154,4.0025,8.7080,-4.0046
211.162,4.0025,8.7080,-4.0046
211.171,4.0025,8.7106,-4.0046
211.180,4.0025,8.7106,-4.0046
211.188,4.0025,8.7133,-4.0046
211.196,4.0025,8.7133,-4.0046
211.205,4.0025,8.7160,-4.0046
211.214,4.0025,8.7160,-4.0046
211.223,4.0025,8.7160,-4.0046
211.230,4.0025,8.7186,-4.0046
211.239,4.0025,8.7186,-4.0046
211.246,4.0025,8.7213,-4.0046
211.254,4.0025,8.7213,-4.0046
211.260,4.0025,8.7213,-4.0046
211.269,4.0025,8.7239,-4.0046
211.277,4.0025,8.7239,-4.0046
211.285,4.0025,8.7266,-4.0046
211.294,4.0025,8.7266,-4.0046
211.301,4.0025,8.7266,-4.0046
211.309,4.0025,8.7292,-4.0046
211.317,4.0025,8.7292,-4.0046
211.323,4.0025,8.7292,-4.0046
211.332,4.0025,8.7319,-4.0046
211.342,4.0025,8.7319,-4.0046
211.349,4.0025,8.7346,-4.0046
211.357,4.0025,8.7346,-4.0046
211.363,4.0025,8.7346,-4.0046
211.371,4.0025,8.7372,-4.0046
211.379,4.0025,8.7372,-4.0046
211.387,4.0025,8.7399,-4.0046
211.394,4.0025,8.7399,-4.0046
211.401,4.0025,8.7399,-4.0046
211.408,4.0025,8.7425,-4.0046
211.417,4.0025,8.7425,-4.0046
211.423,4.0025,8.7425,-4.0046
211.431,4.0025,8.7452,-4.0046
211.439,4.0025,8.7452,-4.0046
211.446,4.0025,8.7478,-4.0046
211.455,4.0025,8.7478,-4.0046
211.462,4.0025,8.7478,-4.0046
211.469,4.0025,8.7505,-4.0046
211.477,4.0025,8.7505,-4.0046
211.485,4.0025,8.7531,-4.0046
211.493,4.0025,8.7531,-4.0046
211.501,4.0025,8.7531,-4.0046
211.508,4.0025,8.7558,-4.0046
211.518,4.0025,8.7558,-4.0046
211.525,4.0025,8.7585,-4.0046
211.536,4.0025,8.7585,-4.0046
211.544,4.0025,8.7585,-4.0046
211.552,4.0025,8.7611,-4.0046
211.559,4.0025,8.7611,-4.0046
211.567,4.0025,8.7638,-4.0046
211.575,4.0025,8.7638,-4.0046
211.583,4.0025,8.7638,-4.0046
211.589,4.0025,8.7664,-4.0046
211.599,4.0025,8.7664,-4.0046
211.606,4.0025,8.7691,-4.0046
211.615,4.0025,8.7691,-4.0046
211.621,4.0025,8.7691,-4.0046
211.629,4.0025,8.7717,-4.0046
211.637,4.0025,8.7717,-4.0046
211.645,4.0025,8.7744,-4.0046
211.653,4.0025,8.7744,-4.0046
211.661,4.0025,8.7744,-4.0046
211.668,4.0025,8.7770,-4.0046
211.678,4.0025,8.7770,-4.0046
211.686,4.0025,8.7797,-4.0046
211.696,4.0025,8.7797,-4.0046
211.704,4.0025,8.7797,-4.0046
211.711,4.0025,8.7824,-4.0046
211.720,4.0025,8.7824,-4.0046
211.728,4.0025,8.7850,-4.0046
211.736,4.0025,8.7850,-4.0046
211.744,4.0025,8.7877,-4.0046
211.755,4.0025,8.7877,-4.0046
211.762,4.0025,8.7877,-4.0046
211.770,4.0025,8.7903,-4.0046
211.778,4.0025,8.7903,-4.0046
211.786,4.0025,8.7930,-4.0046
211.794,4.0025,8.7930,-4.0046
211.803,4.0025,8.7930,-4.0046
211.810,4.0025,8.7956,-4.0046
211.819,4.0025,8.7956,-4.0046
211.826,4.0025,8.7983,-4.0046
211.836,4.0025,8.7983,-4.0046
211.844,4.0025,8.7983,-4.0046
211.851,4.0025,8.8009,-4.0046
211.858,4.0025,8.8009,-4.0046
211.865,4.0025,8.8036,-4.0046
211.873,4.0025,8.8036,-4.0046
211.881,4.0025,8.8036,-4.0046
211.887,4.0025,8.8063,-4.0046
211.895,4.0025,8.8063,-4.0046
211.902,4.0025,8.8063,-4.0046
211.910,4.0025,8.8089,-4.0046
211.920,4.0025,8.8089,-4.0046
211.928,4.0025,8.8116,-4.0046
211.937,4.0025,8.8116,-4.0046
211.946,4.0025,8.8142,-4.0046
211.965,4.0025,8.8169,-4.0046
211.975,4.0025,8.8169,-4.0046
211.983,4.0025,8.8169,-4.0046
211.990,4.0025,8.8195,-4.0046
211.999,4.0025,8.8195,-4.0046
212.008,4.0025,8.8222,-4.0046
212.016,4.0025,8.8222,-4.0046
212.023,4.0025,8.8222,-4.0046
212.030,4.0025,8.8249,-4.0046
212.040,4.0025,8.8249,-4.0046
212.048,4.0025,8.8275,-4.0046
212.057,4.0025,8.8275,-4.0046
212.066,4.0025,8.8302,-4.0046
212.074,4.0025,8.8302,-4.0046
212.082,4.0025,8.8302,-4.0046
212.088,4.0025,8.8328,-4.0046
212.099,4.0025,8.8328,-4.0046
212.106,4.0025,8.8355,-4.0046
212.116,4.0025,8.8355,-4.0046
212.123,4.0025,8.8355,-4.0046
212.132,4.0025,8.8381,-4.0046
212.140,4.0025,8.8381,-4.0046
212.149,4.0025,8.8408,-4.0046
212.157,4.0025,8.8408,-4.0046
212.166,4.0025,8.8434,-4.0046
212.173,4.0025,8.8434,-4.0046
212.182,4.0025,8.8434,-4.0046
212.190,4.0025,8.8461,-4.0046
212.199,4.0025,8.8461,-4.0046
212.207,4.0025,8.8488,-4.0046
212.217,4.0025,8.8488,-4.0046
212.225,4.0025,8.8514,-4.0046
212.234,4.0025,8.8514,-4.0046
212.243,4.0025,8.8514,-4.0046
212.252,4.0025,8.8541,-4.0046
212.261,4.0025,8.8541,-4.0046
212.269,4.0025,8.8567,-4.0046
212.277,4.0025,8.8567,-4.0046
212.286,4.0025,8.8594,-4.0046
212.294,4.0025,8.8594,-4.0046
212.302,4.0025,8.8594,-4.0046
212.310,4.0025,8.8620,-4.0046
212.319,4.0025,8.8620,-4.0046
212.326,4.0025,8.8647,-4.0046
212.337,4.0025,8.8647,-4.0046
212.344,4.0025,8.8673,-4.0046
212.353,4.0025,8.8673,-4.0046
212.361,4.0025,8.8673,-4.0046
212.369,4.0025,8.8700,-4.0046
212.377,4.0025,8.8700,-4.0046
212.384,4.0025,8.8727,-4.0046
212.392,4.0025,8.8727,-4.0046
212.400,4.0025,8.8727,-4.0046
212.408,4.0025,8.8753,-4.0046
212.417,4.0025,8.8753,-4.0046
212.424,4.0025,8.8780,-4.0046
212.434,4.0025,8.8780,-4.0046
212.442,4.0025,8.8780,-4.0046
212.450,4.0025,8.8806,-4.0046
212.458,4.0025,8.8806,-4.0046
212.466,4.0025,8.8833,-4.0046
212.475,4.0025,8.8833,-4.0046
212.482,4.0025,8.8833,-4.0046
212.489,4.0025,8.8860,-4.0046
212.496,4.0025,8.8860,-4.0046
212.504,4.0025,8.8886,-4.0046
212.512,4.0025,8.8886,-4.0046
212.519,4.0025,8.8886,-4.0046
212.525,4.0025,8.8913,-4.0046
212.535,4.0025,8.8913,-4.0046
212.542,4.0025,8.8913,-4.0046
212.552,4.0025,8.8939,-4.0046
212.561,4.0025,8.8939,-4.0046
212.570,4.0025,8.8966,-4.0046
212.577,4.0025,8.8966,-4.0046
212.585,4.0025,8.8993,-4.0046
212.592,4.0025,8.8993,-4.0046
212.601,4.0025,8.8993,-4.0046
212.608,4.0025,8.9019,-4.0046
212.617,4.0025,8.9019,-4.0046
212.625,4.0025,8.9046,-4.0046
212.636,4.0025,8.9046,-4.0046
212.645,4.0025,8.9072,-4.0046
212.653,4.0025,8.9072,-4.0046
212.663,4.0025,8.9072,-4.0046
212.672,4.0025,8.9099,-4.0046
212.682,4.0025,8.9099,-4.0046
212.690,4.0025,8.9126,-4.0046
212.701,4.0025,8.9126,-4.0046
212.710,4.0025,8.9152,-4.0046
212.719,4.0025,8.9152,-4.0046
212.729,4.0025,8.9179,-4.0046
212.738,4.0025,8.9179,-4.0046
212.746,4.0025,8.9205,-4.0046
212.755,4.0025,8.9205,-4.0046
212.763,4.0025,8.9205,-4.0046
212.772,4.0025,8.9232,-4.0046
212.781,4.0025,8.9232,-4.0046
212.789,4.0025,8.9259,-4.0046
212.798,4.0025,8.9259,-4.0046
212.806,4.0025,8.9285,-4.0046
212.816,4.0025,8.9285,-4.0046
212.824,4.0025,8.9285,-4.0046
212.832,4.0025,8.9312,-4.0046
212.842,4.0025,8.9312,-4.0046
212.851,4.0025,8.9339,-4.0046
212.859,4.0025,8.9339,-4.0046
212.869,4.0025,8.9365,-4.0046
212.877,4.0025,8.9365,-4.0046
212.885,4.0025,8.9392,-4.0046
212.893,4.0025,8.9392,-4.0046
212.901,4.0025,8.9392,-4.0046
212.910,4.0025,8.9418,-4.0046
212.918,4.0025,8.9418,-4.0046
212.925,4.0025,8.9445,-4.0046
212.933,4.0025,8.9445,-4.0046
212.941,4.0025,8.9445,-4.0046
212.948,4.0025,8.9472,-4.0046
212.956,4.0025,8.9472,-4.0046
212.966,4.0025,8.9498,-4.0046
212.975,4.0025,8.9498,-4.0046
212.983,4.0025,8.9498,-4.0046
212.992,4.0025,8.9525,-4.0046
213.002,4.0025,8.9525,-4.0046
213.010,4.0025,8.9551,-4.0046
213.019,4.0025,8.9551,-4.0046
213.028,4.0025,8.9578,-4.0046
213.037,4.0025,8.9578,-4.0046
213.045,4.0025,8.9605,-4.0046
213.055,4.0025,8.9605,-4.0046
213.064,4.0025,8.9605,-4.0046
213.072,4.0025,8.9631,-4.0046
213.083,4.0025,8.9631,-4.0046
213.090,4.0025,8.9658,-4.0046
213.101,4.0025,8.9658,-4.0046
213.108,4.0025,8.9685,-4.0046
213.118,4.0025,8.9685,-4.0046
213.127,4.0025,8.9711,-4.0046
213.135,4.0025,8.9711,-4.0046
213.144,4.0025,8.9738,-4.0046
213.153,4.0025,8.9738,-4.0046
213.161,4.0025,8.9738,-4.0046
213.169,4.0025,8.9765,-4.0046
213.179,4.0025,8.9765,-4.0046
213.187,4.0025,8.9791,-4.0046
213.197,4.0025,8.9791,-4.0046
213.205,4.0025,8.9818,-4.0046
213.215,4.0025,8.9818,-4.0046
213.223,4.0025,8.9818,-4.0046
213.231,4.0025,8.9844,-4.0046
213.240,4.0025,8.9844,-4.0046
213.248,4.0025,8.9871,-4.0046
213.256,4.0025,8.9871,-4.0046
213.265,4.0025,8.9898,-4.0046
213.276,4.0025,8.9898,-4.0046
213.285,4.0025,8.9924,-4.0046
213.295,4.0025,8.9924,-4.0046
213.304,4.0025,8.9951,-4.0046
213.313,4.0025,8.9951,-4.0046
213.322,4.0025,8.9951,-4.0046
213.332,4.0025,8.9977,-4.0046
213.342,4.0025,8.9977,-4.0046
213.352,4.0025,9.0004,-4.0046
213.361,4.0025,9.0004,-4.0046
213.370,4.0025,9.0031,-4.0046
213.380,4.0025,9.0031,-4.0046
213.388,4.0025,9.0057,-4.0046
213.399,4.0025,9.0057,-4.0046
213.407,4.0025,9.0084,-4.0046
213.417,4.0025,9.0084,-4.0046
213.427,4.0025,9.0110,-4.0046
213.436,4.0025,9.0110,-4.0046
213.445,4.0025,9.0137,-4.0046
213.455,4.0025,9.0137,-4.0046
213.464,4.0025,9.0137,-4.0046
213.473,4.0025,9.0164,-4.0046
213.483,4.0025,9.0164,-4.0046
213.493,4.0025,9.0190,-4.0046
213.504,4.0025,9.0217,-4.0046
213.516,4.0025,9.0217,-4.0046
213.525,4.0025,9.0243,-4.0046
213.535,4.0025,9.0243,-4.0046
213.544,4.0025,9.0243,-4.0046
213.552,4.0025,9.0270,-4.0046
213.562,4.0025,9.0270,-4.0046
213.571,4.0025,9.0296,-4.0046
213.581,4.0025,9.0296,-4.0046
213.589,4.0025,9.0323,-4.0046
213.599,4.0025,9.0323,-4.0046
213.607,4.0025,9.0349,-4.0046
213.616,4.0025,9.0349,-4.0046
213.623,4.0025,9.0349,-4.0046
213.631,4.0025,9.0376,-4.0046
213.640,4.0025,9.0376,-4.0046
213.647,4.0025,9.0403,-4.0046
213.656,4.0025,9.0403,-4.0046
213.665,4.0025,9.0429,-4.0046
213.673,4.0025,9.0429,-4.0046
213.681,4.0025,9.0429,-4.0046
213.688,4.0025,9.0456,-4.0046
213.697,4.0025,9.0456,-4.0046
213.704,4.0025,9.0482,-4.0046
213.713,4.0025,9.0482,-4.0046
213.720,4.0025,9.0482,-4.0046
213.727,4.0025,9.0509,-4.0046
213.736,4.0025,9.0509,-4.0046
213.743,4.0025,9.0509,-4.0046
213.750,4.0025,9.0535,-4.0046
213.758,4.0025,9.0535,-4.0046
213.766,4.0025,9.0562,-4.0046
213.774,4.0025,9.0562,-4.0046
213.782,4.0025,9.0562,-4.0046
213.789,4.0025,9.0588,-4.0046
213.798,4.0025,9.0588,-4.0046
213.805,4.0025,9.0615,-4.0046
213.814,4.0025,9.0615,-4.0046
213.821,4.0025,9.0615,-4.0046
213.827,4.0025,9.0641,-4.0046
213.836,4.0025,9.0641,-4.0046
213.844,4.0025,9.0668,-4.0046
213.851,4.0025,9.0668,-4.0046
213.858,4.0025,9.0668,-4.0046
213.865,4.0025,9.0694,-4.0046
213.872,4.0025,9.0694,-4.0046
213.879,4.0025,9.0694,-4.0046
213.885,4.0025,9.0721,-4.0046
213.893,4.0025,9.0721,-4.0046
213.900,4.0025,9.0721,-4.0046
213.908,4.0025,9.0747,-4.0046
213.916,4.0025,9.0747,-4.0046
213.923,4.0025,9.0747,-4.0046
213.931,4.0025,9.0774,-4.0046
213.940,4.0025,9.0774,-4.0046
213.948,4.0025,9.0800,-4.0046
213.955,4.0025,9.0800,-4.0046
213.963,4.0025,9.0800,-4.0046
213.971,4.0025,9.0826,-4.0046
213.978,4.0025,9.0826,-4.0046
213.987,4.0025,9.0853,-4.0046
213.996,4.0025,9.0853,-4.0046
214.003,4.0025,9.0853,-4.0046
214.010,4.0025,9.0879,-4.0046
214.019,4.0025,9.0879,-4.0046
214.027,4.0025,9.0906,-4.0046
214.043,4.0025,9.0906,-4.0046
214.051,4.0025,9.0932,-4.0046
214.060,4.0025,9.0932,-4.0046
214.068,4.0025,9.0959,-4.0046
214.077,4.0025,9.0959,-4.0046
214.084,4.0025,9.0985,-4.0046
214.092,4.0025,9.0985,-4.0046
214.100,4.0025,9.0985,-4.0046
214.107,4.0025,9.1011,-4.0046
214.115,4.0025,9.1011,-4.0046
214.123,4.0025,9.1011,-4.0046
214.130,4.0025,9.1038,-4.0046
214.140,4.0025,9.1038,-4.0046
214.148,4.0025,9.1064,-4.0046
214.157,4.0025,9.1064,-4.0046
214.165,4.0025,9.1091,-4.0046
214.174,4.0025,9.1091,-4.0046
214.182,4.0025,9.1091,-4.0046
214.189,4.0025,9.1117,-4.0046
214.199,4.0025,9.1117,-4.0046
214.206,4.0025,9.1143,-4.0046
214.215,4.0025,9.1143,-4.0046
214.221,4.0025,9.1143,-4.0046
214.229,4.0025,9.1170,-4.0046
214.238,4.0025,9.1170,-4.0046
214.245,4.0025,9.1196,-4.0046
214.252,4.0025,9.1196,-4.0046
214.259,4.0025,9.1196,-4.0046
214.267,4.0025,9.1223,-4.0046
214.274,4.0025,9.1223,-4.0046
214.282,4.0025,9.1223,-4.0046
214.289,4.0025,9.1249,-4.0046
214.298,4.0025,9.1249,-4.0046
214.304,4.0025,9.1275,-4.0046
214.313,4.0025,9.1275,-4.0046
214.320,4.0025,9.1275,-4.0046
214.328,4.0025,9.1302,-4.0046
214.336,4.0025,9.1302,-4.0046
214.343,4.0025,9.1302,-4.0046
214.351,4.0025,9.1328,-4.0046
214.358,4.0025,9.1328,-4.0046
214.366,4.0025,9.1355,-4.0046
214.374,4.0025,9.1355,-4.0046
214.381,4.0025,9.1355,-4.0046
214.389,4.0025,9.1381,-4.0046
214.399,4.0025,9.1381,-4.0046
214.407,4.0025,9.1407,-4.0046
214.417,4.0025,9.1407,-4.0046
214.425,4.0025,9.1434,-4.0046
214.434,4.0025,9.1434,-4.0046
214.441,4.0025,9.1434,-4.0046
214.449,4.0025,9.1460,-4.0046
214.457,4.0025,9.1460,-4.0046
214.464,4.0025,9.1487,-4.0046
214.473,4.0025,9.1487,-4.0046
214.481,4.0025,9.1487,-4.0046
214.488,4.0025,9.1513,-4.0046
214.497,4.0025,9.1513,-4.0046
214.503,4.0025,9.1513,-4.0046
214.511,4.0025,9.1540,-4.0046
214.519,4.0025,9.1540,-4.0046
214.526,4.0025,9.1566,-4.0046
214.534,4.0025,9.1566,-4.0046
214.543,4.0025,9.1566,-4.0046
214.550,4.0025,9.1592,-4.0046
214.559,4.0025,9.1592,-4.0046
214.568,4.0025,9.1619,-4.0046
214.578,4.0025,9.1619,-4.0046
214.586,4.0025,9.1645,-4.0046
214.595,4.0025,9.1645,-4.0046
214.603,4.0025,9.1645,-4.0046
214.612,4.0025,9.1672,-4.0046
214.621,4.0025,9.1672,-4.0046
214.629,4.0025,9.1698,-4.0046
214.639,4.0025,9.1698,-4.0046
214.647,4.0025,9.1725,-4.0046
214.656,4.0025,9.1725,-4.0046
214.665,4.0025,9.1751,-4.0046
214.675,4.0025,9.1751,-4.0046
214.683,4.0025,9.1751,-4.0046
214.691,4.0025,9.1778,-4.0046
214.702,4.0025,9.1778,-4.0046
214.709,4.0025,9.1804,-4.0046
214.720,4.0025,9.1804,-4.0046
214.727,4.0025,9.1831,-4.0046
214.736,4.0025,9.1831,-4.0046
214.744,4.0025,9.1831,-4.0046
214.754,4.0025,9.1857,-4.0046
214.764,4.0025,9.1857,-4.0046
214.772,4.0025,9.1883,-4.0046
214.782,4.0025,9.1883,-4.0046
214.789,4.0025,9.1910,-4.0046
214.799,4.0025,9.1910,-4.0046
214.806,4.0025,9.1936,-4.0046
214.816,4.0025,9.1936,-4.0046
214.824,4.0025,9.1936,-4.0046
214.831,4.0025,9.1963,-4.0046
214.841,4.0025,9.1963,-4.0046
214.848,4.0025,9.1989,-4.0046
214.857,4.0025,9.1989,-4.0046
214.866,4.0025,9.2016,-4.0046
214.875,4.0025,9.2016,-4.0046
214.882,4.0025,9.2016,-4.0046
214.890,4.0025,9.2042,-4.0046
214.901,4.0025,9.2042,-4.0046
214.909,4.0025,9.2069,-4.0046
214.919,4.0025,9.2069,-4.0046
214.928,4.0025,9.2095,-4.0046
214.939,4.0025,9.2095,-4.0046
214.947,4.0025,9.2122,-4.0046
214.956,4.0025,9.2122,-4.0046
214.965,4.0025,9.2148,-4.0046
214.974,4.0025,9.2148,-4.0046
214.983,4.0025,9.2148,-4.0046
214.990,4.0025,9.2174,-4.0046
215.000,4.0025,9.2174,-4.0046
215.006,4.0025,9.2201,-4.0046
215.015,4.0025,9.2201,-4.0046
215.021,4.0025,9.2201,-4.0046
215.030,4.0025,9.2227,-4.0046
215.039,4.0025,9.2227,-4.0046
215.047,4.0025,9.2254,-4.0046
215.055,4.0025,9.2254,-4.0046
215.063,4.0025,9.2254,-4.0046
215.070,4.0025,9.2280,-4.0046
215.078,4.0025,9.2280,-4.0046
215.086,4.0025,9.2306,-4.0046
215.096,4.0025,9.2306,-4.0046
215.103,4.0025,9.2306,-4.0046
215.111,4.0025,9.2333,-4.0046
215.121,4.0025,9.2333,-4.0046
215.128,4.0025,9.2359,-4.0046
215.136,4.0025,9.2359,-4.0046
215.144,4.0025,9.2359,-4.0046
215.152,4.0025,9.2386,-4.0046
215.161,4.0025,9.2386,-4.0046
215.170,4.0025,9.2412,-4.0046
215.179,4.0025,9.2412,-4.0046
215.186,4.0025,9.2439,-4.0046
215.195,4.0025,9.2439,-4.0046
215.203,4.0025,9.2439,-4.0046
215.210,4.0025,9.2465,-4.0046
215.220,4.0025,9.2465,-4.0046
215.227,4.0025,9.2491,-4.0046
215.238,4.0025,9.2491,-4.0046
215.245,4.0025,9.2518,-4.0046
215.255,4.0025,9.2518,-4.0046
215.262,4.0025,9.2518,-4.0046
215.269,4.0025,9.2544,-4.0046
215.278,4.0025,9.2544,-4.0046
215.287,4.0025,9.2570,-4.0046
215.297,4.0025,9.2570,-4.0046
215.305,4.0025,9.2597,-4.0046
215.313,4.0025,9.2597,-4.0046
215.320,4.0025,9.2597,-4.0046
215.329,4.0025,9.2623,-4.0046
215.337,4.0025,9.2623,-4.0046
215.346,4.0025,9.2649,-4.0046
215.354,4.0025,9.2649,-4.0046
215.362,4.0025,9.2649,-4.0046
215.369,4.0025,9.2676,-4.0046
215.380,4.0025,9.2676,-4.0046
215.388,4.0025,9.2702,-4.0046
215.397,4.0025,9.2702,-4.0046
215.406,4.0025,9.2728,-4.0046
215.413,4.0025,9.2728,-4.0046
215.421,4.0025,9.2728,-4.0046
215.428,4.0025,9.2755,-4.0046
215.437,4.0025,9.2755,-4.0046
215.444,4.0025,9.2781,-4.0046
215.452,4.0025,9.2781,-4.0046
215.459,4.0025,9.2781,-4.0046
215.467,4.0025,9.2807,-4.0046
215.475,4.0025,9.2807,-4.0046
215.483,4.0025,9.2807,-4.0046
215.490,4.0025,9.2834,-4.0046
215.499,4.0025,9.2834,-4.0046
215.506,4.0025,9.2860,-4.0046
215.516,4.0025,9.2860,-4.0046
215.522,4.0025,9.2860,-4.0046
215.531,4.0025,9.2886,-4.0046
215.540,4.0025,9.2886,-4.0046
215.548,4.0025,9.2912,-4.0046
215.557,4.0025,9.2912,-4.0046
215.567,4.0025,9.2939,-4.0046
215.576,4.0025,9.2939,-4.0046
215.585,4.0025,9.2965,-4.0046
215.593,4.0025,9.2965,-4.0046
215.602,4.0025,9.2965,-4.0046
215.609,4.0025,9.2991,-4.0046
215.619,4.0025,9.2991,-4.0046
215.627,4.0025,9.3018,-4.0046
215.637,4.0025,9.3018,-4.0046
215.644,4.0025,9.3044,-4.0046
215.654,4.0025,9.3044,-4.0046
215.661,4.0025,9.3044,-4.0046
215.670,4.0025,9.3070,-4.0046
215.679,4.0025,9.3070,-4.0046
215.687,4.0025,9.3096,-4.0046
215.696,4.0025,9.3096,-4.0046
215.704,4.0025,9.3096,-4.0046
215.712,4.0025,9.3123,-4.0046
215.721,4.0025,9.3123,-4.0046
215.728,4.0025,9.3149,-4.0046
215.736,4.0025,9.3149,-4.0046
215.744,4.0025,9.3175,-4.0046
215.753,4.0025,9.3175,-4.0046
215.759,4.0025,9.3175,-4.0046
215.768,4.0025,9.3201,-4.0046
215.776,4.0025,9.3201,-4.0046
215.785,4.0025,9.3228,-4.0046
215.793,4.0025,9.3228,-4.0046
215.802,4.0025,9.3228,-4.0046
215.810,4.0025,9.3254,-4.0046
215.818,4.0025,9.3254,-4.0046
215.825,4.0025,9.3280,-4.0046
215.836,4.0025,9.3280,-4.0046
215.844,4.0025,9.3307,-4.0046
215.853,4.0025,9.3307,-4.0046
215.862,4.0025,9.3307,-4.0046
215.871,4.0025,9.3333,-4.0046
215.881,4.0025,9.3333,-4.0046
215.889,4.0025,9.3359,-4.0046
215.899,4.0025,9.3359,-4.0046
215.907,4.0025,9.3386,-4.0046
215.915,4.0025,9.3386,-4.0046
215.924,4.0025,9.3386,-4.0046
215.933,4.0025,9.3412,-4.0046
215.943,4.0025,9.3412,-4.0046
215.950,4.0025,9.3438,-4.0046
215.960,4.0025,9.3438,-4.0046
215.969,4.0025,9.3465,-4.0046
215.978,4.0025,9.3465,-4.0046
215.987,4.0025,9.3491,-4.0046
215.997,4.0025,9.3491,-4.0046
216.006,4.0025,9.3517,-4.0046
216.015,4.0025,9.3517,-4.0046
216.024,4.0025,9.3517,-4.0046
216.034,4.0025,9.3544,-4.0046
216.042,4.0025,9.3544,-4.0046
216.051,4.0025,9.3570,-4.0046
216.058,4.0025,9.3570,-4.0046
216.068,4.0025,9.3596,-4.0046
216.076,4.0025,9.3596,-4.0046
216.084,4.0025,9.3623,-4.0046
216.092,4.0025,9.3623,-4.0046
216.111,4.0025,9.3640,-4.0046
216.120,4.0025,9.3640,-4.0046
216.131,4.0025,9.3640,-4.0046
216.140,4.0025,9.3640,-4.0046
216.150,4.0025,9.3640,-4.0046
216.158,4.0025,9.3640,-4.0046
216.167,4.0025,9.3640,-4.0046
216.175,4.0025,9.3640,-4.0046
216.183,4.0025,9.3640,-4.0046
216.191,4.0025,9.3640,-4.0046
216.201,4.0025,9.3640,-4.0046
216.209,4.0025,9.3640,-4.0046
216.218,4.0025,9.3640,-4.0046
216.226,4.0025,9.3640,-4.0046
216.237,4.0025,9.3640,-4.0046
216.245,4.0025,9.3640,-4.0046
216.255,4.0025,9.3640,-4.0046
216.263,4.0025,9.3640,-4.0046
216.271,4.0025,9.3640,-4.0046
216.279,4.0025,9.3640,-4.0046
216.286,4.0025,9.3640,-4.0046
216.295,4.0025,9.3640,-4.0046
216.303,4.0025,9.3640,-4.0046
216.310,4.0025,9.3640,-4.0046
216.320,4.0025,9.3640,-4.0046
216.328,4.0025,9.3640,-4.0046
216.337,4.0025,9.3640,-4.0046
216.345,4.0025,9.3640,-4.0046
216.354,4.0025,9.3640,-4.0046
216.361,4.0025,9.3640,-4.0046
216.368,4.0025,9.3640,-4.0046
216.378,4.0025,9.3640,-4.0046
216.386,4.0025,9.3640,-4.0046
216.395,4.0025,9.3640,-4.0046
216.402,4.0025,9.3640,-4.0046
216.410,4.0025,9.3640,-4.0046
216.419,4.0025,9.3640,-4.0046
216.426,4.0025,9.3640,-4.0046
216.435,4.0025,9.3640,-4.0046
216.443,4.0025,9.3640,-4.0046
216.451,4.0025,9.3640,-4.0046
216.459,4.0025,9.3640,-4.0046
216.467,4.0025,9.3640,-4.0046
216.476,4.0025,9.3640,-4.0046
216.483,4.0025,9.3640,-4.0046
216.490,4.0025,9.3640,-4.0046
216.499,4.0025,9.3640,-4.0046
216.507,4.0025,9.3640,-4.0046
216.515,4.0025,9.3640,-4.0046
216.522,4.0025,9.3640,-4.0046
216.530,4.0025,9.3640,-4.0046
216.538,4.0025,9.3640,-4.0046
216.545,4.0025,9.3640,-4.0046
216.554,4.0025,9.3640,-4.0046
216.561,4.0025,9.3640,-4.0046
216.570,4.0025,9.3640,-4.0046
216.577,4.0025,9.3640,-4.0046
216.587,4.0025,9.3640,-4.0046
216.597,4.0025,9.3640,-4.0046
216.604,4.0025,9.3640,-4.0046
216.611,4.0025,9.3640,-4.0046
216.619,4.0025,9.3640,-4.0046
216.627,4.0025,9.3640,-4.0046
216.636,4.0025,9.3640,-4.0046
216.645,4.0025,9.3640,-4.0046
216.653,4.0025,9.3640,-4.0046
216.661,4.0025,9.3640,-4.0046
216.668,4.0025,9.3640,-4.0046
216.678,4.0025,9.3640,-4.0046
216.685,4.0025,9.3640,-4.0046
216.693,4.0025,9.3640,-4.0046
216.701,4.0025,9.3640,-4.0046
216.708,4.0025,9.3640,-4.0046
216.717,4.0025,9.3640,-4.0046
216.725,4.0025,9.3640,-4.0046
216.735,4.0025,9.3640,-4.0046
216.742,4.0025,9.3640,-4.0046
216.750,4.0025,9.3640,-4.0046
216.758,4.0025,9.3640,-4.0046
216.767,4.0025,9.3640,-4.0046
216.775,4.0025,9.3640,-4.0046
216.783,4.0025,9.3640,-4.0046
216.790,4.0025,9.3640,-4.0046
216.799,4.0025,9.3640,-4.0046
216.807,4.0025,9.3640,-4.0046
216.816,4.0025,9.3640,-4.0046
216.823,4.0025,9.3640,-4.0046
216.831,4.0025,9.3640,-4.0046
216.840,4.0025,9.3640,-4.0046
216.849,4.0025,9.3640,-4.0046
216.856,4.0025,9.3640,-4.0046
216.864,4.0025,9.3640,-4.0046
216.874,4.0025,9.3640,-4.0046
216.881,4.0025,9.3640,-4.0046
216.889,4.0025,9.3640,-4.0046
216.897,4.0025,9.3640,-4.0046
216.905,4.0025,9.3640,-4.0046
216.914,4.0025,9.3640,-4.0046
216.922,4.0025,9.3640,-4.0046
216.929,4.0025,9.3640,-4.0046
216.937,4.0025,9.3640,-4.0046
216.944,4.0025,9.3640,-4.0046
216.953,4.0025,9.3640,-4.0046
216.960,4.0025,9.3640,-4.0046
216.968,4.0025,9.3640,-4.0046
216.977,4.0025,9.3640,-4.0046
216.984,4.0025,9.3640,-4.0046
216.993,4.0025,9.3640,-4.0046
217.001,4.0025,9.3640,-4.0046
217.008,4.0025,9.3640,-4.0046
217.017,4.0025,9.3640,-4.0046
217.024,4.0025,9.3640,-4.0046
217.032,4.0025,9.3640,-4.0046
217.040,4.0025,9.3640,-4.0046
217.050,4.0025,9.3640,-4.0046
217.058,4.0025,9.3640,-4.0046
217.067,4.0025,9.3640,-4.0046
217.076,4.0025,9.3640,-4.0046
217.084,4.0025,9.3640,-4.0046
217.094,4.0025,9.3640,-4.0046
217.102,4.0025,9.3640,-4.0046
217.111,4.0025,9.3640,-4.0046
217.120,4.0025,9.3640,-4.0046
217.130,4.0025,9.3640,-4.0046
217.142,4.0025,9.3640,-4.0046
217.149,4.0024,9.3640,-4.0046
217.159,4.0024,9.3640,-4.0046
217.167,4.0022,9.3640,-4.0046
217.176,4.0022,9.3640,-4.0046
217.184,4.0021,9.3640,-4.0046
217.194,4.0021,9.3640,-4.0046
217.203,4.0021,9.3640,-4.0046
217.210,4.0019,9.3640,-4.0046
217.218,4.0019,9.3640,-4.0046
217.226,4.0018,9.3640,-4.0046
217.237,4.0018,9.3640,-4.0046
217.244,4.0016,9.3640,-4.0046
217.255,4.0016,9.3640,-4.0046
217.263,4.0016,9.3640,-4.0046
217.271,4.0014,9.3640,-4.0046
217.282,4.0014,9.3640,-4.0046
217.290,4.0012,9.3640,-4.0046
217.301,4.0012,9.3640,-4.0046
217.308,4.0006,9.3640,-4.0046
217.318,4.0006,9.3640,-4.0046
217.327,4.0000,9.3640,-4.0046
217.336,4.0000,9.3640,-4.0046
217.344,3.9994,9.3640,-4.0046
217.354,3.9994,9.3640,-4.0046
217.363,3.9994,9.3640,-4.0046
217.371,3.9987,9.3640,-4.0046
217.383,3.9987,9.3640,-4.0046
217.391,3.9979,9.3640,-4.0046
217.400,3.9979,9.3640,-4.0046
217.408,3.9971,9.3640,-4.0046
217.418,3.9971,9.3640,-4.0046
217.424,3.9963,9.3640,-4.0046
217.435,3.9963,9.3640,-4.0046
217.443,3.9963,9.3640,-4.0046
217.451,3.9954,9.3640,-4.0046
217.460,3.9954,9.3640,-4.0046
217.468,3.9945,9.3640,-4.0046
217.478,3.9945,9.3640,-4.0046
217.486,3.9926,9.3640,-4.0046
217.497,3.9926,9.3640,-4.0046
217.508,3.9906,9.3640,-4.0046
217.517,3.9906,9.3640,-4.0046
217.524,3.9885,9.3640,-4.0046
217.535,3.9885,9.3640,-4.0046
217.541,3.9885,9.3640,-4.0046
217.549,3.9863,9.3640,-4.0046
217.557,3.9863,9.3640,-4.0046
217.565,3.9840,9.3640,-4.0046
217.573,3.9840,9.3640,-4.0046
217.581,3.9840,9.3640,-4.0046
217.588,3.9816,9.3640,-4.0046
217.599,3.9816,9.3640,-4.0046
217.606,3.9791,9.3640,-4.0046
217.616,3.9791,9.3640,-4.0046
217.624,3.9765,9.3640,-4.0046
217.633,3.9765,9.3640,-4.0046
217.641,3.9765,9.3640,-4.0046
217.648,3.9739,9.3640,-4.0046
217.658,3.9739,9.3640,-4.0046
217.667,3.9712,9.3640,-4.0046
217.675,3.9712,9.3640,-4.0046
217.682,3.9712,9.3640,-4.0046
217.690,3.9656,9.3640,-4.0046
217.698,3.9656,9.3640,-4.0046
217.706,3.9599,9.3640,-4.0046
217.714,3.9599,9.3640,-4.0046
217.721,3.9599,9.3640,-4.0046
217.728,3.9541,9.3640,-4.0046
217.737,3.9541,9.3640,-4.0046
217.744,3.9481,9.3640,-4.0046
217.755,3.9481,9.3640,-4.0046
217.762,3.9481,9.3640,-4.0046
217.768,3.9419,9.3640,-4.0046
217.777,3.9419,9.3640,-4.0046
217.785,3.9355,9.3640,-4.0046
217.793,3.9355,9.3640,-4.0046
217.802,3.9355,9.3640,-4.0046
217.808,3.9290,9.3640,-4.0046
217.817,3.9290,9.3640,-4.0046
217.824,3.9290,9.3640,-4.0046
217.832,3.9223,9.3640,-4.0046
217.842,3.9223,9.3640,-4.0046
217.849,3.9155,9.3640,-4.0046
217.857,3.9155,9.3640,-4.0046
217.866,3.9086,9.3640,-4.0046
217.874,3.9086,9.3640,-4.0046
217.882,3.9086,9.3640,-4.0046
217.888,3.9016,9.3640,-4.0046
217.899,3.9016,9.3640,-4.0046
217.906,3.8946,9.3640,-4.0046
217.915,3.8946,9.3640,-4.0046
217.922,3.8946,9.3640,-4.0046
217.929,3.8876,9.3640,-4.0046
217.938,3.8876,9.3640,-4.0046
217.944,3.8806,9.3640,-4.0046
217.953,3.8806,9.3640,-4.0046
217.961,3.8806,9.3640,-4.0046
217.969,3.8736,9.3640,-4.0046
217.978,3.8736,9.3640,-4.0046
217.986,3.8666,9.3640,-4.0046
217.995,3.8666,9.3640,-4.0046
218.003,3.8666,9.3640,-4.0046
218.010,3.8596,9.3640,-4.0046
218.020,3.8596,9.3640,-4.0046
218.027,3.8526,9.3640,-4.0046
218.037,3.8526,9.3640,-4.0046
218.044,3.8526,9.3640,-4.0046
218.052,3.8456,9.3640,-4.0046
218.060,3.8456,9.3640,-4.0046
218.068,3.8386,9.3640,-4.0046
218.077,3.8386,9.3640,-4.0046
218.085,3.8316,9.3640,-4.0046
218.092,3.8316,9.3640,-4.0046
218.102,3.8316,9.3640,-4.0046
218.108,3.8246,9.3640,-4.0046
218.118,3.8246,9.3640,-4.0046
218.124,3.8176,9.3640,-4.0046
218.135,3.8176,9.3640,-4.0046
218.142,3.8176,9.3640,-4.0046
218.150,3.8106,9.3640,-4.0046
218.157,3.8106,9.3640,-4.0046
218.167,3.8036,9.3640,-4.0046
218.175,3.8036,9.3640,-4.0046
218.191,3.7966,9.3640,-4.0046
218.202,3.7966,9.3640,-4.0046
218.209,3.7896,9.3640,-4.0046
218.219,3.7896,9.3640,-4.0046
218.227,3.7826,9.3640,-4.0044
218.237,3.7826,9.3640,-4.0044
218.244,3.7756,9.3640,-4.0041
218.253,3.7756,9.3640,-4.0041
218.261,3.7756,9.3640,-4.0041
218.269,3.7686,9.3640,-4.0037
218.277,3.7686,9.3640,-4.0037
218.286,3.7616,9.3640,-4.0033
218.295,3.7616,9.3640,-4.0033
218.305,3.7546,9.3640,-4.0028
218.315,3.7546,9.3640,-4.0028
218.323,3.7546,9.3640,-4.0028
218.332,3.7476,9.3640,-4.0023
218.342,3.7476,9.3640,-4.0023
218.350,3.7406,9.3640,-4.0018
218.360,3.7406,9.3640,-4.0018
218.369,3.7336,9.3640,-4.0013
218.380,3.7336,9.3640,-4.0013
218.388,3.7266,9.3640,-4.0007
218.398,3.7266,9.3640,-4.0007
218.406,3.7196,9.3640,-4.0002
218.417,3.7196,9.3640,-4.0002
218.424,3.7126,9.3640,-3.9996
218.436,3.7126,9.3640,-3.9996
218.446,3.7056,9.3640,-3.9990
218.456,3.7056,9.3640,-3.9990
218.465,3.6986,9.3640,-3.9984
218.475,3.6986,9.3640,-3.9984
218.483,3.6986,9.3640,-3.9984
218.492,3.6916,9.3640,-3.9978
218.503,3.6916,9.3640,-3.9978
218.510,3.6846,9.3640,-3.9972
218.520,3.6846,9.3640,-3.9972
218.530,3.6776,9.3640,-3.9965
218.541,3.6776,9.3640,-3.9965
218.550,3.6706,9.3640,-3.9959
218.561,3.6706,9.3640,-3.9959
218.570,3.6636,9.3640,-3.9953
218.580,3.6636,9.3640,-3.9953
218.589,3.6566,9.3640,-3.9946
218.599,3.6566,9.3640,-3.9946
218.607,3.6496,9.3640,-3.9940
218.618,3.6496,9.3640,-3.9940
218.627,3.6426,9.3640,-3.9933
218.638,3.6426,9.3640,-3.9933
218.645,3.6356,9.3640,-3.9926
218.655,3.6356,9.3640,-3.9926
218.664,3.6356,9.3640,-3.9926
218.672,3.6286,9.3640,-3.9919
218.683,3.6286,9.3640,-3.9919
218.691,3.6216,9.3640,-3.9912
218.701,3.6216,9.3640,-3.9912
218.710,3.6146,9.3640,-3.9904
218.719,3.6146,9.3640,-3.9904
218.728,3.6076,9.3640,-3.9896
218.739,3.6076,9.3640,-3.9896
218.747,3.6006,9.3640,-3.9888
218.758,3.6006,9.3640,-3.9888
218.768,3.5936,9.3640,-3.9867
218.777,3.5936,9.3640,-3.9867
218.787,3.5866,9.3640,-3.9845
218.796,3.5866,9.3640,-3.9845
218.804,3.5796,9.3640,-3.9822
218.813,3.5796,9.3640,-3.9822
218.821,3.5796,9.3640,-3.9822
218.828,3.5726,9.3640,-3.9799
218.838,3.5726,9.3640,-3.9799
218.845,3.5656,9.3640,-3.9776
218.855,3.5656,9.3640,-3.9776
218.863,3.5656,9.3640,-3.9776
218.871,3.5586,9.3640,-3.9753
218.880,3.5586,9.3640,-3.9753
218.888,3.5516,9.3640,-3.9730
218.898,3.5516,9.3640,-3.9730
218.905,3.5446,9.3640,-3.9706
218.915,3.5446,9.3640,-3.9706
218.922,3.5446,9.3640,-3.9706
218.930,3.5376,9.3640,-3.9683
218.939,3.5376,9.3640,-3.9683
218.948,3.5306,9.3640,-3.9659
218.956,3.5306,9.3640,-3.9659
218.964,3.5236,9.3640,-3.9635
218.974,3.5236,9.3640,-3.9635
218.983,3.5236,9.3640,-3.9635
218.991,3.5166,9.3640,-3.9612
219.001,3.5166,9.3640,-3.9612
219.008,3.5096,9.3640,-3.9588
219.018,3.5096,9.3640,-3.9588
219.025,3.5026,9.3640,-3.9565
219.035,3.5026,9.3640,-3.9565
219.043,3.5026,9.3640,-3.9565
219.050,3.4956,9.3640,-3.9541
219.059,3.4956,9.3640,-3.9541
219.067,3.4886,9.3640,-3.9517
219.076,3.4886,9.3640,-3.9517
219.083,3.4886,9.3640,-3.9517
219.091,3.4816,9.3640,-3.9494
219.100,3.4816,9.3640,-3.9494
219.108,3.4746,9.3640,-3.9470
219.117,3.4746,9.3640,-3.9470
219.125,3.4676,9.3640,-3.9446
219.136,3.4676,9.3640,-3.9446
219.142,3.4676,9.3640,-3.9446
219.151,3.4606,9.3640,-3.9422
219.160,3.4606,9.3640,-3.9422
219.169,3.4536,9.3640,-3.9398
219.177,3.4536,9.3640,-3.9398
219.185,3.4466,9.3640,-3.9374
219.195,3.4466,9.3640,-3.9374
219.202,3.4466,9.3640,-3.9374
219.208,3.4396,9.3640,-3.9350
219.218,3.4396,9.3640,-3.9350
219.225,3.4326,9.3640,-3.9326
219.234,3.4326,9.3640,-3.9326
219.241,3.4326,9.3640,-3.9326
219.249,3.4256,9.3640,-3.9302
219.258,3.4256,9.3640,-3.9302
219.266,3.4186,9.3640,-3.9277
219.276,3.4186,9.3640,-3.9277
219.283,3.4186,9.3640,-3.9277
219.291,3.4116,9.3640,-3.9252
219.301,3.4116,9.3640,-3.9252
219.308,3.4046,9.3640,-3.9228
219.318,3.4046,9.3640,-3.9228
219.325,3.3976,9.3640,-3.9203
219.335,3.3976,9.3640,-3.9203
219.343,3.3976,9.3640,-3.9203
219.351,3.3906,9.3640,-3.9178
219.361,3.3906,9.3640,-3.9178
219.369,3.3836,9.3640,-3.9153
219.378,3.3836,9.3640,-3.9153
219.386,3.3766,9.3640,-3.9129
219.395,3.3766,9.3640,-3.9129
219.404,3.3766,9.3640,-3.9129
219.411,3.3696,9.3640,-3.9104
219.420,3.3696,9.3640,-3.9104
219.429,3.3626,9.3640,-3.9080
219.438,3.3626,9.3640,-3.9080
219.446,3.3556,9.3640,-3.9055
219.453,3.3556,9.3640,-3.9055
219.462,3.3556,9.3640,-3.9055
219.469,3.3486,9.3640,-3.9031
219.479,3.3486,9.3640,-3.9031
219.486,3.3416,9.3640,-3.9006
219.495,3.3416,9.3640,-3.9006
219.503,3.3416,9.3640,-3.9006
219.510,3.3346,9.3640,-3.8982
219.519,3.3346,9.3640,-3.8982
219.527,3.3276,9.3640,-3.8958
219.536,3.3276,9.3640,-3.8958
219.544,3.3276,9.3640,-3.8958
219.551,3.3206,9.3640,-3.8934
219.560,3.3206,9.3640,-3.8934
219.567,3.3136,9.3640,-3.8911
219.577,3.3136,9.3640,-3.8911
219.586,3.3066,9.3640,-3.8889
219.596,3.3066,9.3640,-3.8889
219.605,3.2996,9.3640,-3.8866
219.616,3.2996,9.3640,-3.8866
219.624,3.2925,9.3640,-3.8844
219.636,3.2925,9.3640,-3.8844
219.643,3.2925,9.3640,-3.8844
219.652,3.2855,9.3640,-3.8836
219.662,3.2855,9.3640,-3.8836
219.672,3.2785,9.3640,-3.8829
219.683,3.2785,9.3640,-3.8829
219.691,3.2715,9.3640,-3.8822
219.701,3.2715,9.3640,-3.8822
219.708,3.2645,9.3640,-3.8815
219.719,3.2645,9.3640,-3.8815
219.727,3.2575,9.3640,-3.8809
219.736,3.2575,9.3640,-3.8809
219.745,3.2505,9.3640,-3.8804
219.756,3.2505,9.3640,-3.8804
219.764,3.2435,9.3640,-3.8799
219.775,3.2435,9.3640,-3.8799
219.784,3.2435,9.3640,-3.8799
219.792,3.2365,9.3640,-3.8795
219.803,3.2365,9.3640,-3.8795
219.811,3.2295,9.3640,-3.8792
219.823,3.2295,9.3640,-3.8792
219.831,3.2225,9.3640,-3.8792
219.841,3.2225,9.3640,-3.8792
219.849,3.2155,9.3640,-3.8792
219.859,3.2155,9.3640,-3.8792
219.868,3.2085,9.3640,-3.8792
219.878,3.2085,9.3640,-3.8792
219.886,3.2015,9.3640,-3.8792
219.896,3.2015,9.3640,-3.8792
219.905,3.1945,9.3640,-3.8792
219.915,3.1945,9.3640,-3.8792
219.922,3.1945,9.3640,-3.8792
219.931,3.1875,9.3640,-3.8792
219.940,3.1875,9.3640,-3.8792
219.950,3.1805,9.3640,-3.8792
219.958,3.1805,9.3640,-3.8792
219.967,3.1735,9.3640,-3.8792
219.978,3.1735,9.3640,-3.8792
219.986,3.1665,9.3640,-3.8792
219.995,3.1665,9.3640,-3.8792
220.003,3.1665,9.3640,-3.8792
220.013,3.1595,9.3640,-3.8792
220.023,3.1595,9.3640,-3.8792
220.032,3.1525,9.3640,-3.8792
220.043,3.1525,9.3640,-3.8792
220.052,3.1455,9.3640,-3.8792
220.062,3.1455,9.3640,-3.8792
220.070,3.1385,9.3640,-3.8792
220.081,3.1385,9.3640,-3.8792
220.088,3.1315,9.3640,-3.8792
220.100,3.1315,9.3640,-3.8792
220.108,3.1245,9.3640,-3.8792
220.118,3.1245,9.3640,-3.8792
220.126,3.1175,9.3640,-3.8792
220.137,3.1175,9.3640,-3.8792
220.144,3.1105,9.3640,-3.8792
220.154,3.1105,9.3640,-3.8792
220.162,3.1105,9.3640,-3.8792
220.171,3.1035,9.3640,-3.8792
220.181,3.1035,9.3640,-3.8792
220.189,3.0965,9.3640,-3.8792
220.198,3.0965,9.3640,-3.8792
220.206,3.0895,9.3640,-3.8792
220.215,3.0895,9.3640,-3.8792
220.223,3.0895,9.3640,-3.8792
220.231,3.0825,9.3640,-3.8796
220.241,3.0825,9.3640,-3.8796
220.250,3.0755,9.3640,-3.8801
220.260,3.0755,9.3640,-3.8801
220.270,3.0685,9.3640,-3.8807
220.280,3.0685,9.3640,-3.8807
220.289,3.0615,9.3640,-3.8814
220.299,3.0615,9.3640,-3.8814
220.307,3.0545,9.3640,-3.8822
220.316,3.0545,9.3640,-3.8822
220.323,3.0545,9.3640,-3.8822
220.332,3.0475,9.3640,-3.8845
220.342,3.0475,9.3640,-3.8845
220.350,3.0405,9.3640,-3.8869
220.358,3.0405,9.3640,-3.8869
220.367,3.0335,9.3640,-3.8894
220.376,3.0335,9.3640,-3.8894
220.384,3.0265,9.3640,-3.8920
220.403,3.0265,9.3640,-3.8920
220.411,3.0195,9.3640,-3.8947
220.422,3.0195,9.3640,-3.8947
220.429,3.0125,9.3640,-3.8976
220.441,3.0125,9.3640,-3.8976
220.450,3.0055,9.3640,-3.9005
220.458,3.0055,9.3640,-3.9005
220.468,2.9985,9.3640,-3.9035
220.476,2.9985,9.3640,-3.9035
220.485,2.9915,9.3640,-3.9067
220.495,2.9915,9.3640,-3.9067
220.502,2.9915,9.3640,-3.9067
220.508,2.9845,9.3640,-3.9099
220.518,2.9845,9.3640,-3.9099
220.527,2.9775,9.3640,-3.9133
220.537,2.9775,9.3640,-3.9133
220.546,2.9705,9.3640,-3.9167
220.556,2.9705,9.3640,-3.9167
220.566,2.9635,9.3640,-3.9203
220.575,2.9635,9.3640,-3.9203
220.583,2.9635,9.3640,-3.9203
220.591,2.9565,9.3640,-3.9273
220.600,2.9565,9.3640,-3.9273
220.609,2.9495,9.3640,-3.9345
220.620,2.9495,9.3640,-3.9345
220.628,2.9425,9.3640,-3.9417
220.638,2.9425,9.3640,-3.9417
220.645,2.9355,9.3640,-3.9492
220.655,2.9355,9.3640,-3.9492
220.663,2.9355,9.3640,-3.9492
220.672,2.9285,9.3640,-3.9569
220.680,2.9285,9.3640,-3.9569
220.687,2.9215,9.3640,-3.9648
220.695,2.9215,9.3640,-3.9648
220.704,2.9145,9.3640,-3.9728
220.712,2.9145,9.3640,-3.9728
220.720,2.9145,9.3640,-3.9728
220.727,2.9075,9.3640,-3.9810
220.737,2.9075,9.3640,-3.9810
220.744,2.9005,9.3640,-3.9893
220.754,2.9005,9.3640,-3.9893
220.761,2.9005,9.3640,-3.9893
220.769,2.8935,9.3640,-3.9978
220.779,2.8935,9.3640,-3.9978
220.786,2.8865,9.3640,-4.0063
220.796,2.8865,9.3640,-4.0063
220.803,2.8865,9.3640,-4.0063
220.811,2.8795,9.3640,-4.0149
220.819,2.8795,9.3640,-4.0149
220.827,2.8725,9.3640,-4.0235
220.836,2.8725,9.3640,-4.0235
220.844,2.8655,9.3640,-4.0322
220.855,2.8655,9.3640,-4.0322
220.862,2.8655,9.3640,-4.0322
220.870,2.8585,9.3640,-4.0409
220.881,2.8585,9.3640,-4.0409
220.888,2.8515,9.3640,-4.0496
220.898,2.8515,9.3640,-4.0496
220.906,2.8445,9.3640,-4.0583
220.917,2.8445,9.3640,-4.0583
220.925,2.8375,9.3640,-4.0671
220.936,2.8375,9.3640,-4.0671
220.944,2.8375,9.3640,-4.0671
220.952,2.8305,9.3640,-4.0759
220.961,2.8305,9.3640,-4.0759
220.970,2.8235,9.3640,-4.0848
220.980,2.8235,9.3640,-4.0848
220.988,2.8165,9.3640,-4.0936
220.997,2.8165,9.3640,-4.0936
221.005,2.8095,9.3640,-4.1025
221.015,2.8095,9.3640,-4.1025
221.022,2.8095,9.3640,-4.1025
221.032,2.8025,9.3640,-4.1114
221.042,2.8025,9.3640,-4.1114
221.050,2.7955,9.3640,-4.1202
221.059,2.7955,9.3640,-4.1202
221.069,2.7885,9.3640,-4.1291
221.079,2.7885,9.3640,-4.1291
221.088,2.7815,9.3640,-4.1379
221.098,2.7815,9.3640,-4.1379
221.106,2.7745,9.3640,-4.1468
221.115,2.7745,9.3640,-4.1468
221.123,2.7745,9.3640,-4.1468
221.131,2.7675,9.3640,-4.1557
221.140,2.7675,9.3640,-4.1557
221.149,2.7605,9.3640,-4.1645
221.158,2.7605,9.3640,-4.1645
221.168,2.7535,9.3640,-4.1734
221.178,2.7535,9.3640,-4.1734
221.187,2.7465,9.3640,-4.1823
221.196,2.7465,9.3640,-4.1823
221.205,2.7395,9.3640,-4.1911
221.216,2.7395,9.3640,-4.1911
221.222,2.7395,9.3640,-4.1911
221.231,2.7325,9.3640,-4.2000
221.241,2.7325,9.3640,-4.2000
221.250,2.7255,9.3640,-4.2089
221.258,2.7255,9.3640,-4.2089
221.269,2.7185,9.3640,-4.2177
221.279,2.7185,9.3640,-4.2177
221.287,2.7115,9.3640,-4.2266
221.297,2.7115,9.3640,-4.2266
221.305,2.7045,9.3640,-4.2355
221.314,2.7045,9.3640,-4.2355
221.321,2.7045,9.3640,-4.2355
221.329,2.6975,9.3640,-4.2443
221.337,2.6975,9.3640,-4.2443
221.345,2.6905,9.3640,-4.2532
221.353,2.6905,9.3640,-4.2532
221.362,2.6905,9.3640,-4.2532
221.370,2.6835,9.3640,-4.2621
221.379,2.6835,9.3640,-4.2621
221.387,2.6765,9.3640,-4.2709
221.395,2.6765,9.3640,-4.2709
221.404,2.6695,9.3640,-4.2798
221.413,2.6695,9.3640,-4.2798
221.421,2.6695,9.3640,-4.2798
221.430,2.6625,9.3640,-4.2886
221.438,2.6625,9.3640,-4.2886
221.445,2.6555,9.3640,-4.2975
221.455,2.6555,9.3640,-4.2975
221.463,2.6555,9.3640,-4.2975
221.470,2.6485,9.3640,-4.3063
221.480,2.6485,9.3640,-4.3063
221.487,2.6415,9.3640,-4.3152
221.496,2.6415,9.3640,-4.3152
221.504,2.6345,9.3640,-4.3240
221.514,2.6345,9.3640,-4.3240
221.521,2.6345,9.3640,-4.3240
221.529,2.6275,9.3640,-4.3329
221.538,2.6275,9.3640,-4.3329
221.546,2.6205,9.3640,-4.3417
221.556,2.6205,9.3640,-4.3417
221.564,2.6135,9.3640,-4.3506
221.574,2.6135,9.3640,-4.3506
221.581,2.6135,9.3640,-4.3506
221.589,2.6065,9.3640,-4.3594
221.599,2.6065,9.3640,-4.3594
221.607,2.5995,9.3640,-4.3683
221.616,2.5995,9.3640,-4.3683
221.624,2.5925,9.3640,-4.3771
221.634,2.5925,9.3640,-4.3771
221.642,2.5925,9.3640,-4.3771
221.649,2.5855,9.3640,-4.3860
221.660,2.5855,9.3640,-4.3860
221.669,2.5785,9.3640,-4.3948
221.677,2.5785,9.3640,-4.3948
221.686,2.5715,9.3640,-4.4036
221.695,2.5715,9.3640,-4.4036
221.704,2.5715,9.3640,-4.4036
221.711,2.5645,9.3640,-4.4125
221.720,2.5645,9.3640,-4.4125
221.728,2.5575,9.3640,-4.4213
221.738,2.5575,9.3640,-4.4213
221.746,2.5505,9.3640,-4.4302
221.754,2.5505,9.3640,-4.4302
221.762,2.5505,9.3640,-4.4302
221.770,2.5435,9.3640,-4.4390
221.779,2.5435,9.3640,-4.4390
221.786,2.5365,9.3640,-4.4478
221.795,2.5365,9.3640,-4.4478
221.803,2.5365,9.3640,-4.4478
221.811,2.5295,9.3640,-4.4567
221.821,2.5295,9.3640,-4.4567
221.829,2.5225,9.3640,-4.4655
221.838,2.5225,9.3640,-4.4655
221.846,2.5155,9.3640,-4.4743
221.855,2.5155,9.3640,-4.4743
221.863,2.5155,9.3640,-4.4743
221.870,2.5085,9.3640,-4.4831
221.879,2.5085,9.3640,-4.4831
221.887,2.5015,9.3640,-4.4919
221.895,2.5015,9.3640,-4.4919
221.904,2.4945,9.3640,-4.5008
221.914,2.4945,9.3640,-4.5008
221.921,2.4945,9.3640,-4.5008
221.928,2.4875,9.3640,-4.5096
221.939,2.4875,9.3640,-4.5096
221.948,2.4805,9.3640,-4.5184
221.955,2.4805,9.3640,-4.5184
221.963,2.4805,9.3640,-4.5184
221.971,2.4735,9.3640,-4.5272
221.981,2.4735,9.3640,-4.5272
221.988,2.4665,9.3640,-4.5360
221.998,2.4665,9.3640,-4.5360
222.006,2.4595,9.3640,-4.5448
222.016,2.4595,9.3640,-4.5448
222.024,2.4525,9.3640,-4.5536
222.035,2.4525,9.3640,-4.5536
222.043,2.4525,9.3640,-4.5536
222.051,2.4455,9.3640,-4.5624
222.060,2.4455,9.3640,-4.5624
222.068,2.4385,9.3640,-4.5712
222.076,2.4385,9.3640,-4.5712
222.084,2.4315,9.3640,-4.5800
222.094,2.4315,9.3640,-4.5800
222.102,2.4315,9.3640,-4.5800
222.110,2.4245,9.3640,-4.5888
222.120,2.4245,9.3640,-4.5888
222.129,2.4175,9.3640,-4.5975
222.139,2.4175,9.3640,-4.5975
222.148,2.4105,9.3640,-4.6063
222.157,2.4105,9.3640,-4.6063
222.167,2.4035,9.3640,-4.6151
222.175,2.4035,9.3640,-4.6151
222.184,2.4035,9.3640,-4.6151
222.191,2.3965,9.3640,-4.6239
222.203,2.3965,9.3640,-4.6239
222.211,2.3895,9.3640,-4.6326
222.220,2.3895,9.3640,-4.6326
222.229,2.3825,9.3640,-4.6414
222.239,2.3825,9.3640,-4.6414
222.248,2.3755,9.3640,-4.6502
222.256,2.3755,9.3640,-4.6502
222.265,2.3685,9.3640,-4.6590
222.276,2.3685,9.3640,-4.6590
222.283,2.3685,9.3640,-4.6590
222.291,2.3615,9.3640,-4.6677
222.303,2.3615,9.3640,-4.6677
222.311,2.3545,9.3640,-4.6765
222.321,2.3545,9.3640,-4.6765
222.330,2.3475,9.3640,-4.6853
222.339,2.3475,9.3640,-4.6853
222.347,2.3405,9.3640,-4.6941
222.356,2.3405,9.3640,-4.6941
222.365,2.3335,9.3640,-4.7029
222.375,2.3335,9.3640,-4.7029
222.383,2.3335,9.3640,-4.7029
222.391,2.3265,9.3640,-4.7117
222.402,2.3265,9.3640,-4.7117
222.409,2.3195,9.3640,-4.7205
222.420,2.3195,9.3640,-4.7205
222.428,2.3125,9.3640,-4.7293
222.438,2.3125,9.3640,-4.7293
222.446,2.3055,9.3640,-4.7381
222.455,2.3055,9.3640,-4.7381
222.464,2.3055,9.3640,-4.7381
222.472,2.2985,9.3640,-4.7470
222.481,2.2985,9.3640,-4.7470
222.489,2.2915,9.3640,-4.7558
222.500,2.2915,9.3640,-4.7558
222.508,2.2845,9.3640,-4.7646
222.518,2.2845,9.3640,-4.7646
222.526,2.2775,9.3640,-4.7734
222.537,2.2775,9.3640,-4.7734
222.545,2.2705,9.3640,-4.7823
222.555,2.2705,9.3640,-4.7823
222.564,2.2705,9.3640,-4.7823
222.571,2.2635,9.3640,-4.7911
222.589,2.2565,9.3640,-4.7999
222.599,2.2565,9.3640,-4.7999
222.608,2.2495,9.3640,-4.8088
222.617,2.2495,9.3640,-4.8088
222.625,2.2425,9.3640,-4.8176
222.636,2.2425,9.3640,-4.8176
222.642,2.2425,9.3640,-4.8176
222.650,2.2355,9.3640,-4.8265
222.658,2.2355,9.3640,-4.8265
222.667,2.2285,9.3640,-4.8353
222.676,2.2285,9.3640,-4.8353
222.684,2.2285,9.3640,-4.8353
222.690,2.2215,9.3640,-4.8442
222.701,2.2215,9.3640,-4.8442
222.707,2.2145,9.3640,-4.8530
222.717,2.2145,9.3640,-4.8530
222.723,2.2145,9.3640,-4.8530
222.732,2.2075,9.3640,-4.8619
222.740,2.2075,9.3640,-4.8619
222.749,2.2005,9.3640,-4.8707
222.757,2.2005,9.3640,-4.8707
222.766,2.1935,9.3640,-4.8795
222.774,2.1935,9.3640,-4.8795
222.782,2.1935,9.3640,-4.8795
222.790,2.1865,9.3640,-4.8884
222.799,2.1865,9.3640,-4.8884
222.806,2.1795,9.3640,-4.8972
222.815,2.1795,9.3640,-4.8972
222.822,2.1795,9.3640,-4.8972
222.830,2.1725,9.3640,-4.9061
222.838,2.1725,9.3640,-4.9061
222.851,2.1655,9.3640,-4.9149
222.858,2.1655,9.3640,-4.9149
222.867,2.1585,9.3640,-4.9238
222.876,2.1585,9.3640,-4.9238
222.884,2.1585,9.3640,-4.9238
222.891,2.1515,9.3640,-4.9326
222.901,2.1515,9.3640,-4.9326
222.909,2.1445,9.3640,-4.9415
222.918,2.1445,9.3640,-4.9415
222.925,2.1375,9.3640,-4.9503
222.935,2.1375,9.3640,-4.9503
222.942,2.1375,9.3640,-4.9503
222.950,2.1305,9.3640,-4.9591
222.958,2.1305,9.3640,-4.9591
222.967,2.1235,9.3640,-4.9680
222.976,2.1235,9.3640,-4.9680
222.983,2.1235,9.3640,-4.9680
222.991,2.1165,9.3640,-4.9768
223.001,2.1165,9.3640,-4.9768
223.008,2.1095,9.3640,-4.9857
223.017,2.1095,9.3640,-4.9857
223.025,2.1025,9.3640,-4.9945
223.035,2.1025,9.3640,-4.9945
223.042,2.1025,9.3640,-4.9945
223.049,2.0955,9.3640,-5.0034
223.058,2.0955,9.3640,-5.0034
223.067,2.0885,9.3640,-5.0122
223.075,2.0885,9.3640,-5.0122
223.083,2.0885,9.3640,-5.0122
223.090,2.0815,9.3640,-5.0211
223.100,2.0815,9.3640,-5.0211
223.107,2.0745,9.3640,-5.0299
223.117,2.0745,9.3640,-5.0299
223.125,2.0675,9.3640,-5.0388
223.135,2.0675,9.3640,-5.0388
223.142,2.0675,9.3640,-5.0388
223.151,2.0605,9.3640,-5.0476
223.158,2.0605,9.3640,-5.0476
223.166,2.0535,9.3640,-5.0564
223.175,2.0535,9.3640,-5.0564
223.183,2.0535,9.3640,-5.0564
223.190,2.0465,9.3640,-5.0653
223.202,2.0465,9.3640,-5.0653
223.209,2.0395,9.3640,-5.0741
223.219,2.0395,9.3640,-5.0741
223.226,2.0325,9.3640,-5.0830
223.236,2.0325,9.3640,-5.0830
223.244,2.0255,9.3640,-5.0918
223.253,2.0255,9.3640,-5.0918
223.262,2.0255,9.3640,-5.0918
223.269,2.0185,9.3640,-5.1006
223.278,2.0185,9.3640,-5.1006
223.285,2.0115,9.3640,-5.1095
223.293,2.0115,9.3640,-5.1095
223.301,2.0115,9.3640,-5.1095
223.310,2.0045,9.3640,-5.1183
223.320,2.0045,9.3640,-5.1183
223.327,1.9976,9.3640,-5.1271
223.338,1.9976,9.3640,-5.1271
223.345,1.9906,9.3640,-5.1360
223.355,1.9906,9.3640,-5.1360
223.365,1.9836,9.3640,-5.1448
223.374,1.9836,9.3640,-5.1448
223.382,1.9836,9.3640,-5.1448
223.390,1.9766,9.3640,-5.1536
223.401,1.9766,9.3640,-5.1536
223.408,1.9696,9.3640,-5.1625
223.418,1.9696,9.3640,-5.1625
223.425,1.9626,9.3640,-5.1713
223.437,1.9626,9.3640,-5.1713
223.446,1.9556,9.3640,-5.1801
223.455,1.9556,9.3640,-5.1801
223.463,1.9556,9.3640,-5.1801
223.471,1.9486,9.3640,-5.1890
223.482,1.9486,9.3640,-5.1890
223.490,1.9416,9.3640,-5.1978
223.502,1.9416,9.3640,-5.1978
223.510,1.9346,9.3640,-5.2066
223.519,1.9346,9.3640,-5.2066
223.528,1.9276,9.3640,-5.2154
223.538,1.9276,9.3640,-5.2154
223.547,1.9207,9.3640,-5.2243
223.557,1.9207,9.3640,-5.2243
223.565,1.9137,9.3640,-5.2331
223.575,1.9137,9.3640,-5.2331
223.583,1.9137,9.3640,-5.2331
223.591,1.9067,9.3640,-5.2419
223.601,1.9067,9.3640,-5.2419
223.609,1.8997,9.3640,-5.2506
223.619,1.8997,9.3640,-5.2506
223.628,1.8928,9.3640,-5.2594
223.638,1.8928,9.3640,-5.2594
223.645,1.8858,9.3640,-5.2682
223.655,1.8858,9.3640,-5.2682
223.665,1.8788,9.3640,-5.2769
223.674,1.8788,9.3640,-5.2769
223.683,1.8788,9.3640,-5.2769
223.691,1.8718,9.3640,-5.2857
223.702,1.8718,9.3640,-5.2857
223.710,1.8649,9.3640,-5.2944
223.720,1.8649,9.3640,-5.2944
223.728,1.8579,9.3640,-5.3032
223.738,1.8579,9.3640,-5.3032
223.746,1.8509,9.3640,-5.3119
223.755,1.8509,9.3640,-5.3119
223.765,1.8440,9.3640,-5.3207
223.774,1.8440,9.3640,-5.3207
223.783,1.8440,9.3640,-5.3207
223.791,1.8370,9.3640,-5.3294
223.801,1.8370,9.3640,-5.3294
223.809,1.8300,9.3640,-5.3382
223.819,1.8300,9.3640,-5.3382
223.826,1.8230,9.3640,-5.3469
223.837,1.8230,9.3640,-5.3469
223.845,1.8161,9.3640,-5.3557
223.854,1.8161,9.3640,-5.3557
223.860,1.8161,9.3640,-5.3557
223.867,1.8091,9.3640,-5.3644
223.877,1.8091,9.3640,-5.3644
223.885,1.8022,9.3640,-5.3731
223.892,1.8022,9.3640,-5.3731
223.901,1.8022,9.3640,-5.3731
223.908,1.7952,9.3640,-5.3818
223.916,1.7952,9.3640,-5.3818
223.923,1.7952,9.3640,-5.3818
223.931,1.7882,9.3640,-5.3904
223.941,1.7882,9.3640,-5.3904
223.948,1.7813,9.3640,-5.3991
223.957,1.7813,9.3640,-5.3991
223.966,1.7743,9.3640,-5.4078
223.973,1.7743,9.3640,-5.4078
223.982,1.7743,9.3640,-5.4078
223.989,1.7674,9.3640,-5.4164
223.999,1.7674,9.3640,-5.4164
224.007,1.7604,9.3640,-5.4251
224.016,1.7604,9.3640,-5.4251
224.024,1.7604,9.3640,-5.4251
224.031,1.7534,9.3640,-5.4338
224.041,1.7534,9.3640,-5.4338
224.049,1.7465,9.3640,-5.4424
224.058,1.7465,9.3640,-5.4424
224.066,1.7395,9.3640,-5.4511
224.075,1.7395,9.3640,-5.4511
224.083,1.7395,9.3640,-5.4511
224.092,1.7326,9.3640,-5.4597
224.101,1.7326,9.3640,-5.4597
224.108,1.7256,9.3640,-5.4684
224.118,1.7256,9.3640,-5.4684
224.125,1.7187,9.3640,-5.4771
224.135,1.7187,9.3640,-5.4771
224.141,1.7187,9.3640,-5.4771
224.149,1.7117,9.3640,-5.4857
224.157,1.7117,9.3640,-5.4857
224.166,1.7048,9.3640,-5.4944
224.174,1.7048,9.3640,-5.4944
224.182,1.7048,9.3640,-5.4944
224.188,1.6978,9.3640,-5.5030
224.198,1.6978,9.3640,-5.5030
224.206,1.6909,9.3640,-5.5117
224.215,1.6909,9.3640,-5.5117
224.222,1.6909,9.3640,-5.5117
224.230,1.6839,9.3640,-5.5204
224.240,1.6839,9.3640,-5.5204
224.248,1.6770,9.3640,-5.5290
224.255,1.6770,9.3640,-5.5290
224.263,1.6770,9.3640,-5.5290
224.270,1.6700,9.3640,-5.5377
224.279,1.6700,9.3640,-5.5377
224.286,1.6631,9.3640,-5.5463
224.296,1.6631,9.3640,-5.5463
224.303,1.6631,9.3640,-5.5463
224.312,1.6561,9.3640,-5.5550
224.321,1.6561,9.3640,-5.5550
224.329,1.6492,9.3640,-5.5636
224.340,1.6492,9.3640,-5.5636
224.348,1.6422,9.3640,-5.5722
224.358,1.6422,9.3640,-5.5722
224.367,1.6353,9.3640,-5.5808
224.375,1.6353,9.3640,-5.5808
224.383,1.6353,9.3640,-5.5808
224.390,1.6284,9.3640,-5.5894
224.399,1.6284,9.3640,-5.5894
224.406,1.6214,9.3640,-5.5979
224.416,1.6214,9.3640,-5.5979
224.423,1.6214,9.3640,-5.5979
224.431,1.6145,9.3640,-5.6064
224.440,1.6145,9.3640,-5.6064
224.449,1.6076,9.3640,-5.6148
224.457,1.6076,9.3640,-5.6148
224.466,1.6006,9.3640,-5.6230
224.476,1.6006,9.3640,-5.6230
224.483,1.6006,9.3640,-5.6230
224.490,1.5937,9.3640,-5.6309
224.501,1.5937,9.3640,-5.6309
224.509,1.5868,9.3640,-5.6383
224.517,1.5868,9.3640,-5.6383
224.524,1.5868,9.3640,-5.6383
224.532,1.5799,9.3640,-5.6452
224.541,1.5799,9.3640,-5.6452
224.548,1.5729,9.3640,-5.6487
224.557,1.5729,9.3640,-5.6487
224.564,1.5660,9.3640,-5.6521
224.573,1.5660,9.3640,-5.6521
224.581,1.5660,9.3640,-5.6521
224.589,1.5591,9.3640,-5.6553
224.599,1.5591,9.3640,-5.6553
224.608,1.5522,9.3640,-5.6584
224.617,1.5522,9.3640,-5.6584
224.625,1.5453,9.3640,-5.6615
224.634,1.5453,9.3640,-5.6615
224.642,1.5453,9.3640,-5.6615
224.650,1.5384,9.3640,-5.6646
224.660,1.5384,9.3640,-5.6646
224.669,1.5314,9.3640,-5.6677
224.678,1.5314,9.3640,-5.6677
224.688,1.5245,9.3640,-5.6708
224.698,1.5245,9.3640,-5.6708
224.705,1.5176,9.3640,-5.6739
224.715,1.5176,9.3640,-5.6739
224.723,1.5176,9.3640,-5.6739
224.741,1.5107,9.3640,-5.6770
224.752,1.5038,9.3640,-5.6802
224.762,1.5038,9.3640,-5.6802
224.771,1.4969,9.3640,-5.6834
224.781,1.4969,9.3640,-5.6834
224.789,1.4900,9.3640,-5.6866
224.800,1.4900,9.3640,-5.6866
224.808,1.4830,9.3640,-5.6897
224.818,1.4830,9.3640,-5.6897
224.827,1.4761,9.3640,-5.6929
224.837,1.4761,9.3640,-5.6929
224.846,1.4692,9.3640,-5.6962
224.855,1.4692,9.3640,-5.6962
224.863,1.4692,9.3640,-5.6962
224.873,1.4623,9.3640,-5.6994
224.882,1.4623,9.3640,-5.6994
224.890,1.4554,9.3640,-5.7027
224.901,1.4554,9.3640,-5.7027
224.908,1.4485,9.3640,-5.7060
224.918,1.4485,9.3640,-5.7060
224.926,1.4416,9.3640,-5.7093
224.936,1.4416,9.3640,-5.7093
224.944,1.4416,9.3640,-5.7093
224.952,1.4347,9.3640,-5.7127
224.962,1.4347,9.3640,-5.7127
224.970,1.4278,9.3640,-5.7161
224.980,1.4278,9.3640,-5.7161
224.988,1.4209,9.3640,-5.7197
224.998,1.4209,9.3640,-5.7197
225.006,1.4140,9.3640,-5.7233
225.015,1.4140,9.3640,-5.7233
225.023,1.4140,9.3640,-5.7233
225.033,1.4071,9.3640,-5.7304
225.043,1.4071,9.3640,-5.7304
225.051,1.4002,9.3640,-5.7377
225.061,1.4002,9.3640,-5.7377
225.068,1.3933,9.3640,-5.7450
225.078,1.3933,9.3640,-5.7450
225.085,1.3864,9.3640,-5.7525
225.094,1.3864,9.3640,-5.7525
225.102,1.3864,9.3640,-5.7525
225.109,1.3795,9.3640,-5.7601
225.119,1.3795,9.3640,-5.7601
225.126,1.3726,9.3640,-5.7677
225.136,1.3726,9.3640,-5.7677
225.144,1.3657,9.3640,-5.7753
225.153,1.3657,9.3640,-5.7753
225.159,1.3657,9.3640,-5.7753
225.167,1.3588,9.3640,-5.7829
225.177,1.3588,9.3640,-5.7829
225.185,1.3519,9.3640,-5.7905
225.193,1.3519,9.3640,-5.7905
225.202,1.3519,9.3640,-5.7905
225.209,1.3450,9.3640,-5.7981
225.218,1.3450,9.3640,-5.7981
225.226,1.3381,9.3640,-5.8057
225.237,1.3381,9.3640,-5.8057
225.243,1.3381,9.3640,-5.8057
225.252,1.3312,9.3640,-5.8133
225.260,1.3312,9.3640,-5.8133
225.268,1.3243,9.3640,-5.8209
225.279,1.3243,9.3640,-5.8209
225.286,1.3174,9.3640,-5.8285
225.296,1.3174,9.3640,-5.8285
225.304,1.3105,9.3640,-5.8361
225.314,1.3105,9.3640,-5.8361
225.321,1.3105,9.3640,-5.8361
225.330,1.3036,9.3640,-5.8436
225.339,1.3036,9.3640,-5.8436
225.347,1.2967,9.3640,-5.8512
225.356,1.2967,9.3640,-5.8512
225.365,1.2898,9.3640,-5.8587
225.374,1.2898,9.3640,-5.8587
225.382,1.2898,9.3640,-5.8587
225.389,1.2829,9.3640,-5.8662
225.398,1.2829,9.3640,-5.8662
225.406,1.2761,9.3640,-5.8737
225.414,1.2761,9.3640,-5.8737
225.422,1.2761,9.3640,-5.8737
225.430,1.2692,9.3640,-5.8812
225.439,1.2692,9.3640,-5.8812
225.447,1.2623,9.3640,-5.8886
225.456,1.2623,9.3640,-5.8886
225.463,1.2623,9.3640,-5.8886
225.471,1.2554,9.3640,-5.8960
225.480,1.2554,9.3640,-5.8960
225.487,1.2485,9.3640,-5.9034
225.495,1.2485,9.3640,-5.9034
225.503,1.2485,9.3640,-5.9034
225.512,1.2416,9.3640,-5.9108
225.521,1.2416,9.3640,-5.9108
225.529,1.2347,9.3640,-5.9182
225.539,1.2347,9.3640,-5.9182
225.547,1.2278,9.3640,-5.9255
225.556,1.2278,9.3640,-5.9255
225.565,1.2209,9.3640,-5.9329
225.574,1.2209,9.3640,-5.9329
225.580,1.2209,9.3640,-5.9329
225.587,1.2140,9.3640,-5.9402
225.597,1.2140,9.3640,-5.9402
225.605,1.2071,9.3640,-5.9475
225.614,1.2071,9.3640,-5.9475
225.622,1.2071,9.3640,-5.9475
225.630,1.2003,9.3640,-5.9547
225.639,1.2003,9.3640,-5.9547
225.646,1.1934,9.3640,-5.9619
225.655,1.1934,9.3640,-5.9619
225.663,1.1934,9.3640,-5.9619
225.670,1.1865,9.3640,-5.9689
225.679,1.1865,9.3640,-5.9689
225.687,1.1796,9.3640,-5.9758
225.696,1.1796,9.3640,-5.9758
225.703,1.1796,9.3640,-5.9758
225.711,1.1727,9.3640,-5.9794
225.721,1.1727,9.3640,-5.9794
225.728,1.1658,9.3640,-5.9830
225.737,1.1658,9.3640,-5.9830
225.745,1.1589,9.3640,-5.9864
225.754,1.1589,9.3640,-5.9864
225.762,1.1589,9.3640,-5.9864
225.770,1.1521,9.3640,-5.9898
225.778,1.1521,9.3640,-5.9898
225.787,1.1452,9.3640,-5.9930
225.795,1.1452,9.3640,-5.9930
225.804,1.1452,9.3640,-5.9930
225.811,1.1383,9.3640,-5.9960
225.820,1.1383,9.3640,-5.9960
225.828,1.1314,9.3640,-5.9990
225.837,1.1314,9.3640,-5.9990
225.844,1.1245,9.3640,-6.0017
225.854,1.1245,9.3640,-6.0017
225.862,1.1245,9.3640,-6.0017
225.870,1.1177,9.3640,-6.0043
225.879,1.1177,9.3640,-6.0043
225.888,1.1108,9.3640,-6.0067
225.898,1.1108,9.3640,-6.0067
225.906,1.1039,9.3640,-6.0090
225.914,1.1039,9.3640,-6.0090
225.923,1.1039,9.3640,-6.0090
225.931,1.0970,9.3640,-6.0097
225.941,1.0970,9.3640,-6.0097
225.950,1.0902,9.3640,-6.0105
225.959,1.0902,9.3640,-6.0105
225.969,1.0833,9.3640,-6.0111
225.978,1.0833,9.3640,-6.0111
225.987,1.0764,9.3640,-6.0118
225.998,1.0764,9.3640,-6.0118
226.005,1.0696,9.3640,-6.0123
226.016,1.0696,9.3640,-6.0123
226.023,1.0696,9.3640,-6.0123
226.031,1.0627,9.3640,-6.0129
226.041,1.0627,9.3640,-6.0129
226.051,1.0558,9.3640,-6.0134
226.060,1.0558,9.3640,-6.0134
226.068,1.0490,9.3640,-6.0140
226.079,1.0490,9.3640,-6.0140
226.088,1.0421,9.3640,-6.0145
226.097,1.0421,9.3640,-6.0145
226.106,1.0352,9.3640,-6.0150
226.116,1.0352,9.3640,-6.0150
226.123,1.0352,9.3640,-6.0150
226.133,1.0283,9.3640,-6.0156
226.143,1.0283,9.3640,-6.0156
226.151,1.0215,9.3640,-6.0161
226.161,1.0215,9.3640,-6.0161
226.169,1.0146,9.3640,-6.0166
226.179,1.0146,9.3640,-6.0166
226.187,1.0077,9.3640,-6.0170
226.197,1.0077,9.3640,-6.0170
226.205,1.0009,9.3640,-6.0174
226.215,1.0009,9.3640,-6.0174
226.223,1.0009,9.3640,-6.0174
226.231,0.9940,9.3640,-6.0174
226.241,0.9940,9.3640,-6.0174
226.250,0.9871,9.3640,-6.0174
226.258,0.9871,9.3640,-6.0174
226.268,0.9803,9.3640,-6.0174
226.278,0.9803,9.3640,-6.0174
226.287,0.9734,9.3640,-6.0174
226.297,0.9734,9.3640,-6.0174
226.306,0.9665,9.3640,-6.0174
226.316,0.9665,9.3640,-6.0174
226.324,0.9665,9.3640,-6.0174
226.332,0.9596,9.3640,-6.0174
226.340,0.9596,9.3640,-6.0174
226.348,0.9528,9.3640,-6.0174
226.357,0.9528,9.3640,-6.0174
226.365,0.9459,9.3640,-6.0174
226.374,0.9459,9.3640,-6.0174
226.382,0.9459,9.3640,-6.0174
226.389,0.9390,9.3640,-6.0174
226.399,0.9390,9.3640,-6.0174
226.407,0.9322,9.3640,-6.0174
226.417,0.9322,9.3640,-6.0174
226.424,0.9322,9.3640,-6.0174
226.432,0.9253,9.3640,-6.0174
226.441,0.9253,9.3640,-6.0174
226.449,0.9184,9.3640,-6.0174
226.457,0.9184,9.3640,-6.0174
226.467,0.9115,9.3640,-6.0174
226.476,0.9115,9.3640,-6.0174
226.484,0.9115,9.3640,-6.0174
226.490,0.9047,9.3640,-6.0174
226.501,0.9047,9.3640,-6.0174
226.508,0.8978,9.3640,-6.0174
226.517,0.8978,9.3640,-6.0174
226.524,0.8909,9.3640,-6.0174
226.534,0.8909,9.3640,-6.0174
226.541,0.8909,9.3640,-6.0174
226.549,0.8841,9.3640,-6.0174
226.556,0.8841,9.3640,-6.0174
226.565,0.8772,9.3640,-6.0174
226.573,0.8772,9.3640,-6.0174
226.581,0.8772,9.3640,-6.0174
226.589,0.8703,9.3640,-6.0174
226.600,0.8703,9.3640,-6.0174
226.607,0.8635,9.3640,-6.0174
226.616,0.8635,9.3640,-6.0174
226.624,0.8635,9.3640,-6.0174
226.632,0.8566,9.3640,-6.0174
226.641,0.8566,9.3640,-6.0174
226.648,0.8498,9.3640,-6.0174
226.657,0.8498,9.3640,-6.0174
226.664,0.8429,9.3640,-6.0174
226.673,0.8429,9.3640,-6.0174
226.681,0.8429,9.3640,-6.0174
226.689,0.8360,9.3640,-6.0174
226.698,0.8360,9.3640,-6.0174
226.706,0.8292,9.3640,-6.0174
226.717,0.8292,9.3640,-6.0174
226.724,0.8292,9.3640,-6.0174
226.732,0.8223,9.3640,-6.0174
226.741,0.8223,9.3640,-6.0174
226.749,0.8155,9.3640,-6.0174
226.756,0.8155,9.3640,-6.0174
226.764,0.8086,9.3640,-6.0174
226.775,0.8086,9.3640,-6.0174
226.783,0.8086,9.3640,-6.0174
226.789,0.8018,9.3640,-6.0174
226.800,0.8018,9.3640,-6.0174
226.808,0.7949,9.3640,-6.0174
226.817,0.7949,9.3640,-6.0174
226.823,0.7949,9.3640,-6.0174
226.832,0.7881,9.3640,-6.0174
226.841,0.7881,9.3640,-6.0174
226.848,0.7813,9.3640,-6.0174
226.856,0.7813,9.3640,-6.0174
226.864,0.7745,9.3640,-6.0174
226.873,0.7745,9.3640,-6.0174
226.880,0.7745,9.3640,-6.0174
226.887,0.7676,9.3640,-6.0174
226.895,0.7676,9.3640,-6.0174
226.913,0.7608,9.3640,-6.0174
226.922,0.7608,9.3640,-6.0174
226.930,0.7540,9.3640,-6.0174
226.939,0.7540,9.3640,-6.0174
226.946,0.7472,9.3640,-6.0174
226.956,0.7472,9.3640,-6.0174
226.964,0.7472,9.3640,-6.0174
226.971,0.7404,9.3640,-6.0174
226.980,0.7404,9.3640,-6.0174
226.989,0.7336,9.3640,-6.0174
226.999,0.7336,9.3640,-6.0174
227.006,0.7268,9.3640,-6.0174
227.016,0.7268,9.3640,-6.0174
227.023,0.7268,9.3640,-6.0174
227.032,0.7199,9.3640,-6.0174
227.040,0.7199,9.3640,-6.0174
227.048,0.7131,9.3640,-6.0174
227.055,0.7131,9.3640,-6.0174
227.064,0.7131,9.3640,-6.0174
227.072,0.7063,9.3640,-6.0174
227.083,0.7063,9.3640,-6.0174
227.089,0.6995,9.3640,-6.0174
227.099,0.6995,9.3640,-6.0174
227.107,0.6927,9.3640,-6.0174
227.117,0.6927,9.3640,-6.0174
227.124,0.6859,9.3640,-6.0174
227.135,0.6859,9.3640,-6.0174
227.143,0.6859,9.3640,-6.0174
227.151,0.6791,9.3640,-6.0174
227.161,0.6791,9.3640,-6.0174
227.170,0.6722,9.3640,-6.0174
227.179,0.6722,9.3640,-6.0174
227.187,0.6654,9.3640,-6.0174
227.196,0.6654,9.3640,-6.0174
227.205,0.6586,9.3640,-6.0174
227.215,0.6586,9.3640,-6.0174
227.222,0.6586,9.3640,-6.0174
227.231,0.6518,9.3640,-6.0174
227.240,0.6518,9.3640,-6.0174
227.248,0.6450,9.3640,-6.0174
227.257,0.6450,9.3640,-6.0174
227.266,0.6382,9.3640,-6.0174
227.275,0.6382,9.3640,-6.0174
227.284,0.6382,9.3640,-6.0174
227.292,0.6313,9.3640,-6.0174
227.302,0.6313,9.3640,-6.0174
227.310,0.6245,9.3640,-6.0174
227.321,0.6245,9.3640,-6.0174
227.330,0.6177,9.3640,-6.0174
227.340,0.6177,9.3640,-6.0174
227.349,0.6109,9.3640,-6.0174
227.358,0.6109,9.3640,-6.0174
227.367,0.6041,9.3640,-6.0174
227.377,0.6041,9.3640,-6.0174
227.385,0.5973,9.3640,-6.0174
227.394,0.5973,9.3640,-6.0174
227.403,0.5973,9.3640,-6.0174
227.411,0.5904,9.3640,-6.0174
227.421,0.5904,9.3640,-6.0174
227.429,0.5836,9.3640,-6.0174
227.438,0.5836,9.3640,-6.0174
227.447,0.5768,9.3640,-6.0174
227.455,0.5768,9.3640,-6.0174
227.463,0.5768,9.3640,-6.0174
227.472,0.5700,9.3640,-6.0174
227.481,0.5700,9.3640,-6.0174
227.489,0.5632,9.3640,-6.0174
227.498,0.5632,9.3640,-6.0174
227.506,0.5564,9.3640,-6.0174
227.517,0.5564,9.3640,-6.0174
227.525,0.5496,9.3640,-6.0174
227.535,0.5496,9.3640,-6.0174
227.542,0.5496,9.3640,-6.0174
227.551,0.5428,9.3640,-6.0174
227.560,0.5428,9.3640,-6.0174
227.569,0.5360,9.3640,-6.0174
227.577,0.5360,9.3640,-6.0174
227.584,0.5292,9.3640,-6.0174
227.595,0.5292,9.3640,-6.0174
227.602,0.5292,9.3640,-6.0174
227.610,0.5224,9.3640,-6.0174
227.619,0.5224,9.3640,-6.0174
227.626,0.5156,9.3640,-6.0174
227.636,0.5156,9.3640,-6.0174
227.643,0.5156,9.3640,-6.0174
227.651,0.5088,9.3640,-6.0174
227.659,0.5088,9.3640,-6.0174
227.668,0.5020,9.3640,-6.0174
227.676,0.5020,9.3640,-6.0174
227.684,0.4952,9.3640,-6.0174
227.692,0.4952,9.3640,-6.0174
227.700,0.4952,9.3640,-6.0174
227.708,0.4884,9.3640,-6.0174
227.717,0.4884,9.3640,-6.0174
227.724,0.4816,9.3640,-6.0174
227.735,0.4816,9.3640,-6.0174
227.742,0.4816,9.3640,-6.0174
227.750,0.4748,9.3640,-6.0174
227.757,0.4748,9.3640,-6.0174
227.765,0.4680,9.3640,-6.0174
227.775,0.4680,9.3640,-6.0174
227.783,0.4680,9.3640,-6.0174
227.790,0.4612,9.3640,-6.0174
227.799,0.4612,9.3640,-6.0174
227.806,0.4544,9.3640,-6.0174
227.816,0.4544,9.3640,-6.0174
227.823,0.4544,9.3640,-6.0174
227.832,0.4476,9.3640,-6.0174
227.840,0.4476,9.3640,-6.0174
227.848,0.4408,9.3640,-6.0172
227.856,0.4408,9.3640,-6.0172
227.865,0.4340,9.3640,-6.0168
227.873,0.4340,9.3640,-6.0168
227.881,0.4340,9.3640,-6.0168
227.888,0.4272,9.3640,-6.0165
227.897,0.4272,9.3640,-6.0165
227.905,0.4204,9.3640,-6.0160
227.914,0.4204,9.3640,-6.0160
227.922,0.4204,9.3640,-6.0160
227.930,0.4136,9.3640,-6.0155
227.939,0.4136,9.3640,-6.0155
227.945,0.4068,9.3640,-6.0150
227.955,0.4068,9.3640,-6.0150
227.963,0.4068,9.3640,-6.0150
227.972,0.4001,9.3640,-6.0144
227.984,0.4001,9.3640,-6.0144
227.992,0.3933,9.3640,-6.0139
228.003,0.3933,9.3640,-6.0139
228.011,0.3865,9.3640,-6.0133
228.020,0.3865,9.3640,-6.0133
228.027,0.3797,9.3640,-6.0127
228.036,0.3797,9.3640,-6.0127
228.043,0.3797,9.3640,-6.0127
228.051,0.3729,9.3640,-6.0122
228.059,0.3729,9.3640,-6.0122
228.068,0.3662,9.3640,-6.0116
228.076,0.3662,9.3640,-6.0116
228.084,0.3662,9.3640,-6.0116
228.090,0.3594,9.3640,-6.0111
228.100,0.3594,9.3640,-6.0111
228.107,0.3526,9.3640,-6.0105
228.116,0.3526,9.3640,-6.0105
228.123,0.3526,9.3640,-6.0105
228.131,0.3459,9.3640,-6.0100
228.141,0.3459,9.3640,-6.0100
228.148,0.3391,9.3640,-6.0095
228.158,0.3391,9.3640,-6.0095
228.166,0.3323,9.3640,-6.0089
228.175,0.3323,9.3640,-6.0089
228.182,0.3323,9.3640,-6.0089
228.190,0.3256,9.3640,-6.0085
228.198,0.3256,9.3640,-6.0085
228.206,0.3188,9.3640,-6.0080
228.215,0.3188,9.3640,-6.0080
228.222,0.3188,9.3640,-6.0080
228.230,0.3120,9.3640,-6.0076
228.239,0.3120,9.3640,-6.0076
228.246,0.3053,9.3640,-6.0073
228.254,0.3053,9.3640,-6.0073
228.262,0.3053,9.3640,-6.0073
228.269,0.2985,9.3640,-6.0073
228.277,0.2985,9.3640,-6.0073
228.285,0.2918,9.3640,-6.0073
228.293,0.2918,9.3640,-6.0073
228.301,0.2918,9.3640,-6.0073
228.308,0.2851,9.3640,-6.0073
228.317,0.2851,9.3640,-6.0073
228.324,0.2783,9.3640,-6.0073
228.333,0.2783,9.3640,-6.0073
228.340,0.2783,9.3640,-6.0073
228.349,0.2716,9.3640,-6.0073
228.357,0.2716,9.3640,-6.0073
228.366,0.2648,9.3640,-6.0073
228.374,0.2648,9.3640,-6.0073
228.383,0.2648,9.3640,-6.0073
228.389,0.2581,9.3640,-6.0073
228.399,0.2581,9.3640,-6.0073
228.407,0.2514,9.3640,-6.0073
228.416,0.2514,9.3640,-6.0073
228.424,0.2514,9.3640,-6.0073
228.432,0.2446,9.3640,-6.0073
228.441,0.2446,9.3640,-6.0073
228.449,0.2379,9.3640,-6.0073
228.458,0.2379,9.3640,-6.0073
228.467,0.2311,9.3640,-6.0073
228.476,0.2311,9.3640,-6.0073
228.484,0.2244,9.3640,-6.0073
228.494,0.2244,9.3640,-6.0073
228.503,0.2244,9.3640,-6.0073
228.511,0.2177,9.3640,-6.0073
228.520,0.2177,9.3640,-6.0073
228.529,0.2109,9.3640,-6.0073
228.539,0.2109,9.3640,-6.0073
228.548,0.2042,9.3640,-6.0073
228.558,0.2042,9.3640,-6.0073
228.567,0.1974,9.3640,-6.0073
228.576,0.1974,9.3640,-6.0073
228.585,0.1907,9.3640,-6.0073
228.595,0.1907,9.3640,-6.0073
228.603,0.1907,9.3640,-6.0073
228.611,0.1839,9.3640,-6.0073
228.622,0.1839,9.3640,-6.0073
228.630,0.1772,9.3640,-6.0073
228.640,0.1772,9.3640,-6.0073
228.649,0.1705,9.3640,-6.0073
228.658,0.1705,9.3640,-6.0073
228.667,0.1637,9.3640,-6.0073
228.676,0.1637,9.3640,-6.0073
228.684,0.1570,9.3640,-6.0073
228.694,0.1570,9.3640,-6.0073
228.701,0.1570,9.3640,-6.0073
228.711,0.1502,9.3640,-6.0073
228.719,0.1502,9.3640,-6.0073
228.728,0.1435,9.3640,-6.0073
228.738,0.1435,9.3640,-6.0073
228.746,0.1368,9.3640,-6.0073
228.756,0.1368,9.3640,-6.0073
228.763,0.1368,9.3640,-6.0073
228.772,0.1300,9.3640,-6.0073
228.783,0.1300,9.3640,-6.0073
228.791,0.1233,9.3640,-6.0073
228.802,0.1233,9.3640,-6.0073
228.810,0.1166,9.3640,-6.0073
228.819,0.1166,9.3640,-6.0073
228.826,0.1098,9.3640,-6.0073
228.837,0.1098,9.3640,-6.0073
228.844,0.1031,9.3640,-6.0073
228.854,0.1031,9.3640,-6.0073
228.862,0.1031,9.3640,-6.0073
228.868,0.0964,9.3640,-6.0073
228.878,0.0964,9.3640,-6.0073
228.885,0.0896,9.3640,-6.0073
228.895,0.0896,9.3640,-6.0073
228.902,0.0896,9.3640,-6.0073
228.909,0.0829,9.3640,-6.0073
228.919,0.0829,9.3640,-6.0073
228.926,0.0761,9.3640,-6.0073
228.935,0.0761,9.3640,-6.0073
228.943,0.0761,9.3640,-6.0073
228.951,0.0694,9.3640,-6.0073
228.958,0.0694,9.3640,-6.0073
228.966,0.0626,9.3640,-6.0073
228.976,0.0626,9.3640,-6.0073
228.984,0.0559,9.3640,-6.0073
228.991,0.0559,9.3640,-6.0073
229.000,0.0559,9.3640,-6.0073
229.008,0.0491,9.3640,-6.0073
229.016,0.0491,9.3640,-6.0073
229.023,0.0491,9.3640,-6.0073
229.031,0.0424,9.3640,-6.0073
229.040,0.0424,9.3640,-6.0073
229.048,0.0356,9.3640,-6.0073
229.055,0.0356,9.3640,-6.0073
229.063,0.0356,9.3640,-6.0073
229.071,0.0289,9.3640,-6.0073
229.088,0.0222,9.3640,-6.0073
229.099,0.0222,9.3640,-6.0073
229.106,0.0154,9.3640,-6.0073
229.114,0.0154,9.3640,-6.0073
229.121,0.0154,9.3640,-6.0073
229.131,0.0087,9.3640,-6.0073
229.140,0.0087,9.3640,-6.0073
229.147,0.0019,9.3640,-6.0073
229.155,0.0019,9.3640,-6.0073
229.163,0.0019,9.3640,-6.0073
229.170,-0.0048,9.3640,-6.0073
229.179,-0.0048,9.3640,-6.0073
229.185,-0.0116,9.3640,-6.0073
229.195,-0.0116,9.3640,-6.0073
229.202,-0.0116,9.3640,-6.0073
229.209,-0.0183,9.3640,-6.0073
229.219,-0.0183,9.3640,-6.0073
229.226,-0.0251,9.3640,-6.0073
229.235,-0.0251,9.3640,-6.0073
229.242,-0.0251,9.3640,-6.0073
229.250,-0.0319,9.3640,-6.0073
229.259,-0.0319,9.3640,-6.0073
229.266,-0.0386,9.3640,-6.0073
229.275,-0.0386,9.3640,-6.0073
229.284,-0.0386,9.3640,-6.0073
229.290,-0.0454,9.3640,-6.0073
229.300,-0.0454,9.3640,-6.0073
229.307,-0.0521,9.3640,-6.0073
229.317,-0.0521,9.3640,-6.0073
229.323,-0.0521,9.3640,-6.0073
229.331,-0.0589,9.3640,-6.0073
229.339,-0.0589,9.3640,-6.0073
229.347,-0.0656,9.3640,-6.0073
229.355,-0.0656,9.3640,-6.0073
229.364,-0.0656,9.3640,-6.0073
229.373,-0.0724,9.3640,-6.0070
229.381,-0.0724,9.3640,-6.0070
229.388,-0.0792,9.3640,-6.0068
229.397,-0.0792,9.3640,-6.0068
229.405,-0.0859,9.3640,-6.0065
229.413,-0.0859,9.3640,-6.0065
229.420,-0.0859,9.3640,-6.0065
229.428,-0.0927,9.3640,-6.0063
229.437,-0.0927,9.3640,-6.0063
229.444,-0.0994,9.3640,-6.0060
229.453,-0.0994,9.3640,-6.0060
229.460,-0.0994,9.3640,-6.0060
229.468,-0.1062,9.3640,-6.0060
229.477,-0.1062,9.3640,-6.0060
229.485,-0.1129,9.3640,-6.0060
229.493,-0.1129,9.3640,-6.0060
229.501,-0.1129,9.3640,-6.0060
229.508,-0.1197,9.3640,-6.0057
229.517,-0.1197,9.3640,-6.0057
229.524,-0.1265,9.3640,-6.0055
229.533,-0.1265,9.3640,-6.0055
229.540,-0.1265,9.3640,-6.0055
229.548,-0.1332,9.3640,-6.0052
229.557,-0.1332,9.3640,-6.0052
229.565,-0.1400,9.3640,-6.0050
229.573,-0.1400,9.3640,-6.0050
229.581,-0.1400,9.3640,-6.0050
229.588,-0.1468,9.3640,-6.0047
229.597,-0.1468,9.3640,-6.0047
229.605,-0.1535,9.3640,-6.0045
229.614,-0.1535,9.3640,-6.0045
229.622,-0.1535,9.3640,-6.0045
229.630,-0.1603,9.3640,-6.0042
229.639,-0.1603,9.3640,-6.0042
229.648,-0.1671,9.3640,-6.0039
229.656,-0.1671,9.3640,-6.0039
229.664,-0.1738,9.3640,-6.0037
229.674,-0.1738,9.3640,-6.0037
229.682,-0.1738,9.3640,-6.0037
229.690,-0.1806,9.3640,-6.0034
229.699,-0.1806,9.3640,-6.0034
229.707,-0.1873,9.3640,-6.0031
229.717,-0.1873,9.3640,-6.0031
229.725,-0.1941,9.3640,-6.0028
229.736,-0.1941,9.3640,-6.0028
229.744,-0.2008,9.3640,-6.0025
229.754,-0.2008,9.3640,-6.0025
229.762,-0.2008,9.3640,-6.0025
229.771,-0.2076,9.3640,-6.0022
229.780,-0.2076,9.3640,-6.0022
229.788,-0.2144,9.3640,-6.0018
229.799,-0.2144,9.3640,-6.0018
229.807,-0.2211,9.3640,-6.0015
229.817,-0.2211,9.3640,-6.0015
229.824,-0.2279,9.3640,-6.0011
229.835,-0.2279,9.3640,-6.0011
229.843,-0.2279,9.3640,-6.0011
229.851,-0.2346,9.3640,-6.0007
229.860,-0.2346,9.3640,-6.0007
229.868,-0.2414,9.3640,-6.0003
229.878,-0.2414,9.3640,-6.0003
229.886,-0.2481,9.3640,-6.0000
229.894,-0.2481,9.3640,-6.0000
229.902,-0.2481,9.3640,-6.0000
229.910,-0.2549,9.3640,-5.9996
229.919,-0.2549,9.3640,-5.9996
229.927,-0.2616,9.3640,-5.9992
229.937,-0.2616,9.3640,-5.9992
229.945,-0.2684,9.3640,-5.9989
229.955,-0.2684,9.3640,-5.9989
229.963,-0.2684,9.3640,-5.9989
229.971,-0.2751,9.3640,-5.9985
229.980,-0.2751,9.3640,-5.9985
229.988,-0.2819,9.3640,-5.9982
229.997,-0.2819,9.3640,-5.9982
230.006,-0.2886,9.3640,-5.9978
230.017,-0.2886,9.3640,-5.9978
230.024,-0.2953,9.3640,-5.9975
230.036,-0.2953,9.3640,-5.9975
230.044,-0.3021,9.3640,-5.9971
230.054,-0.3021,9.3640,-5.9971
230.062,-0.3021,9.3640,-5.9971
230.071,-0.3088,9.3640,-5.9968
230.079,-0.3088,9.3640,-5.9968
230.087,-0.3155,9.3640,-5.9965
230.096,-0.3155,9.3640,-5.9965
230.104,-0.3155,9.3640,-5.9965
230.111,-0.3223,9.3640,-5.9963
230.120,-0.3223,9.3640,-5.9963
230.128,-0.3290,9.3640,-5.9960
230.137,-0.3290,9.3640,-5.9960
230.144,-0.3290,9.3640,-5.9960
230.152,-0.3357,9.3640,-5.9960
230.161,-0.3357,9.3640,-5.9960
230.168,-0.3424,9.3640,-5.9960
230.178,-0.3424,9.3640,-5.9960
230.185,-0.3492,9.3640,-5.9960
230.194,-0.3492,9.3640,-5.9960
230.202,-0.3492,9.3640,-5.9960
230.209,-0.3559,9.3640,-5.9960
230.218,-0.3559,9.3640,-5.9960
230.226,-0.3626,9.3640,-5.9960
230.235,-0.3626,9.3640,-5.9960
230.242,-0.3626,9.3640,-5.9960
230.250,-0.3693,9.3640,-5.9960
230.258,-0.3693,9.3640,-5.9960
230.266,-0.3760,9.3640,-5.9960
230.274,-0.3760,9.3640,-5.9960
230.281,-0.3760,9.3640,-5.9960
230.288,-0.3827,9.3640,-5.9960
230.296,-0.3827,9.3640,-5.9960
230.305,-0.3895,9.3640,-5.9960
230.315,-0.3895,9.3640,-5.9960
230.322,-0.3895,9.3640,-5.9960
230.331,-0.3962,9.3640,-5.9960
230.341,-0.3962,9.3640,-5.9960
230.349,-0.4029,9.3640,-5.9960
230.359,-0.4029,9.3640,-5.9960
230.368,-0.4096,9.3640,-5.9960
230.377,-0.4096,9.3640,-5.9960
230.385,-0.4163,9.3640,-5.9960
230.396,-0.4163,9.3640,-5.9960
230.404,-0.4230,9.3640,-5.9960
230.413,-0.4230,9.3640,-5.9960
230.421,-0.4230,9.3640,-5.9960
230.429,-0.4298,9.3640,-5.9960
230.439,-0.4298,9.3640,-5.9960
230.447,-0.4365,9.3640,-5.9960
230.456,-0.4365,9.3640,-5.9960
230.465,-0.4432,9.3640,-5.9960
230.474,-0.4432,9.3640,-5.9960
230.482,-0.4432,9.3640,-5.9960
230.490,-0.4500,9.3640,-5.9960
230.499,-0.4500,9.3640,-5.9960
230.508,-0.4568,9.3640,-5.9960
230.518,-0.4568,9.3640,-5.9960
230.526,-0.4635,9.3640,-5.9960
230.538,-0.4635,9.3640,-5.9960
230.545,-0.4703,9.3640,-5.9960
230.556,-0.4703,9.3640,-5.9960
230.563,-0.4703,9.3640,-5.9960
230.572,-0.4771,9.3640,-5.9960
230.581,-0.4771,9.3640,-5.9960
230.589,-0.4839,9.3640,-5.9960
230.599,-0.4839,9.3640,-5.9960
230.606,-0.4907,9.3640,-5.9960
230.616,-0.4907,9.3640,-5.9960
230.623,-0.4907,9.3640,-5.9960
230.633,-0.4975,9.3640,-5.9960
230.642,-0.4975,9.3640,-5.9960
230.651,-0.5043,9.3640,-5.9960
230.660,-0.5043,9.3640,-5.9960
230.668,-0.5111,9.3640,-5.9960
230.678,-0.5111,9.3640,-5.9960
230.685,-0.5180,9.3640,-5.9960
230.694,-0.5180,9.3640,-5.9960
230.702,-0.5180,9.3640,-5.9960
230.711,-0.5248,9.3640,-5.9960
230.720,-0.5248,9.3640,-5.9960
230.728,-0.5316,9.3640,-5.9960
230.738,-0.5316,9.3640,-5.9960
230.746,-0.5385,9.3640,-5.9960
230.757,-0.5385,9.3640,-5.9960
230.765,-0.5453,9.3640,-5.9960
230.773,-0.5453,9.3640,-5.9960
230.781,-0.5453,9.3640,-5.9960
230.789,-0.5522,9.3640,-5.9960
230.798,-0.5522,9.3640,-5.9960
230.805,-0.5590,9.3640,-5.9960
230.815,-0.5590,9.3640,-5.9960
230.822,-0.5590,9.3640,-5.9960
230.829,-0.5659,9.3640,-5.9960
230.838,-0.5659,9.3640,-5.9960
230.845,-0.5728,9.3640,-5.9960
230.854,-0.5728,9.3640,-5.9960
230.862,-0.5728,9.3640,-5.9960
230.870,-0.5797,9.3640,-5.9960
230.879,-0.5797,9.3640,-5.9960
230.887,-0.5865,9.3640,-5.9960
230.896,-0.5865,9.3640,-5.9960
230.904,-0.5865,9.3640,-5.9960
230.912,-0.5934,9.3640,-5.9960
230.921,-0.5934,9.3640,-5.9960
230.932,-0.6003,9.3640,-5.9960
230.941,-0.6003,9.3640,-5.9960
230.950,-0.6072,9.3640,-5.9960
230.959,-0.6072,9.3640,-5.9960
230.968,-0.6140,9.3640,-5.9960
230.977,-0.6140,9.3640,-5.9960
230.985,-0.6209,9.3640,-5.9960
230.994,-0.6209,9.3640,-5.9960
231.002,-0.6209,9.3640,-5.9960
231.010,-0.6278,9.3640,-5.9960
231.020,-0.6278,9.3640,-5.9960
231.028,-0.6347,9.3640,-5.9960
231.039,-0.6347,9.3640,-5.9960
231.047,-0.6416,9.3640,-5.9960
231.057,-0.6416,9.3640,-5.9960
231.066,-0.6485,9.3640,-5.9960
231.075,-0.6485,9.3640,-5.9960
231.082,-0.6485,9.3640,-5.9960
231.091,-0.6554,9.3640,-5.9960
231.102,-0.6554,9.3640,-5.9960
231.110,-0.6623,9.3640,-5.9960
231.119,-0.6623,9.3640,-5.9960
231.127,-0.6692,9.3640,-5.9960
231.137,-0.6692,9.3640,-5.9960
231.145,-0.6761,9.3640,-5.9960
231.155,-0.6761,9.3640,-5.9960
231.163,-0.6761,9.3640,-5.9960
231.170,-0.6830,9.3640,-5.9960
231.180,-0.6830,9.3640,-5.9960
231.188,-0.6899,9.3640,-5.9960
231.197,-0.6899,9.3640,-5.9960
231.205,-0.6968,9.3640,-5.9960
231.216,-0.6968,9.3640,-5.9960
231.223,-0.6968,9.3640,-5.9960
231.232,-0.7037,9.3640,-5.9960
231.242,-0.7037,9.3640,-5.9960
231.250,-0.7106,9.3640,-5.9960
231.259,-0.7106,9.3640,-5.9960
231.267,-0.7176,9.3640,-5.9960
231.285,-0.7245,9.3640,-5.9960
231.296,-0.7245,9.3640,-5.9960
231.304,-0.7314,9.3640,-5.9960
231.314,-0.7314,9.3640,-5.9960
231.322,-0.7314,9.3640,-5.9960
231.329,-0.7383,9.3640,-5.9960
231.339,-0.7383,9.3640,-5.9960
231.346,-0.7452,9.3640,-5.9960
231.355,-0.7452,9.3640,-5.9960
231.363,-0.7452,9.3640,-5.9960
231.371,-0.7521,9.3640,-5.9960
231.379,-0.7521,9.3640,-5.9960
231.388,-0.7591,9.3640,-5.9960
231.398,-0.7591,9.3640,-5.9960
231.405,-0.7660,9.3640,-5.9960
231.413,-0.7660,9.3640,-5.9960
231.420,-0.7660,9.3640,-5.9960
231.428,-0.7729,9.3640,-5.9960
231.437,-0.7729,9.3640,-5.9960
231.444,-0.7729,9.3640,-5.9960
231.452,-0.7799,9.3640,-5.9960
231.460,-0.7799,9.3640,-5.9960
231.468,-0.7868,9.3640,-5.9960
231.475,-0.7868,9.3640,-5.9960
231.485,-0.7937,9.3640,-5.9960
231.494,-0.7937,9.3640,-5.9960
231.501,-0.7937,9.3640,-5.9960
231.509,-0.8006,9.3640,-5.9960
231.518,-0.8006,9.3640,-5.9960
231.525,-0.8076,9.3640,-5.9960
231.534,-0.8076,9.3640,-5.9960
231.542,-0.8076,9.3640,-5.9960
231.550,-0.8145,9.3640,-5.9960
231.558,-0.8145,9.3640,-5.9960
231.566,-0.8214,9.3640,-5.9960
231.574,-0.8214,9.3640,-5.9960
231.582,-0.8214,9.3640,-5.9960
231.589,-0.8284,9.3640,-5.9960
231.598,-0.8284,9.3640,-5.9960
231.606,-0.8353,9.3640,-5.9960
231.615,-0.8353,9.3640,-5.9960
231.624,-0.8353,9.3640,-5.9960
231.632,-0.8422,9.3640,-5.9960
231.641,-0.8422,9.3640,-5.9960
231.649,-0.8492,9.3640,-5.9960
231.657,-0.8492,9.3640,-5.9960
231.665,-0.8561,9.3640,-5.9960
231.674,-0.8561,9.3640,-5.9960
231.682,-0.8561,9.3640,-5.9960
231.689,-0.8630,9.3640,-5.9960
231.698,-0.8630,9.3640,-5.9960
231.705,-0.8699,9.3640,-5.9960
231.713,-0.8699,9.3640,-5.9960
231.721,-0.8699,9.3640,-5.9960
231.729,-0.8769,9.3640,-5.9960
231.737,-0.8769,9.3640,-5.9960
231.744,-0.8838,9.3640,-5.9960
231.753,-0.8838,9.3640,-5.9960
231.762,-0.8838,9.3640,-5.9960
231.769,-0.8907,9.3640,-5.9960
231.780,-0.8907,9.3640,-5.9960
231.787,-0.8977,9.3640,-5.9960
231.796,-0.8977,9.3640,-5.9960
231.802,-0.8977,9.3640,-5.9960
231.809,-0.9046,9.3640,-5.9960
231.818,-0.9046,9.3640,-5.9960
231.825,-0.9115,9.3640,-5.9960
231.834,-0.9115,9.3640,-5.9960
231.842,-0.9115,9.3640,-5.9960
231.850,-0.9184,9.3640,-5.9960
231.858,-0.9184,9.3640,-5.9960
231.866,-0.9254,9.3640,-5.9960
231.874,-0.9254,9.3640,-5.9960
231.882,-0.9254,9.3640,-5.9960
231.889,-0.9323,9.3640,-5.9960
231.897,-0.9323,9.3640,-5.9960
231.905,-0.9392,9.3640,-5.9960
231.914,-0.9392,9.3640,-5.9960
231.921,-0.9392,9.3640,-5.9960
231.928,-0.9462,9.3640,-5.9960
231.938,-0.9462,9.3640,-5.9960
231.945,-0.9531,9.3640,-5.9960
231.955,-0.9531,9.3640,-5.9960
231.962,-0.9531,9.3640,-5.9960
231.970,-0.9600,9.3640,-5.9960
231.979,-0.9600,9.3640,-5.9960
231.987,-0.9669,9.3640,-5.9960
231.995,-0.9669,9.3640,-5.9960
232.003,-0.9669,9.3640,-5.9960
232.011,-0.9739,9.3640,-5.9960
232.020,-0.9739,9.3640,-5.9960
232.027,-0.9808,9.3640,-5.9960
232.037,-0.9808,9.3640,-5.9960
232.045,-0.9877,9.3640,-5.9960
232.054,-0.9877,9.3640,-5.9960
232.063,-0.9877,9.3640,-5.9960
232.070,-0.9947,9.3640,-5.9960
232.079,-0.9947,9.3640,-5.9960
232.086,-1.0016,9.3640,-5.9960
232.096,-1.0016,9.3640,-5.9960
232.103,-1.0016,9.3640,-5.9960
232.112,-1.0085,9.3640,-5.9960
232.121,-1.0085,9.3640,-5.9960
232.128,-1.0154,9.3640,-5.9960
232.138,-1.0154,9.3640,-5.9960
232.146,-1.0224,9.3640,-5.9960
232.156,-1.0224,9.3640,-5.9960
232.166,-1.0293,9.3640,-5.9960
232.175,-1.0293,9.3640,-5.9960
232.184,-1.0362,9.3640,-5.9960
232.193,-1.0362,9.3640,-5.9960
232.203,-1.0362,9.3640,-5.9960
232.211,-1.0431,9.3640,-5.9960
232.220,-1.0431,9.3640,-5.9960
232.228,-1.0501,9.3640,-5.9960
232.239,-1.0501,9.3640,-5.9960
232.248,-1.0570,9.3640,-5.9960
232.257,-1.0570,9.3640,-5.9960
232.266,-1.0639,9.3640,-5.9960
232.275,-1.0639,9.3640,-5.9960
232.283,-1.0639,9.3640,-5.9960
232.291,-1.0708,9.3640,-5.9960
232.301,-1.0708,9.3640,-5.9960
232.309,-1.0777,9.3640,-5.9960
232.319,-1.0777,9.3640,-5.9960
232.327,-1.0847,9.3640,-5.9960
232.340,-1.0847,9.3640,-5.9960
232.349,-1.0916,9.3640,-5.9960
232.359,-1.0916,9.3640,-5.9960
232.368,-1.0985,9.3640,-5.9960
232.376,-1.0985,9.3640,-5.9960
232.384,-1.1054,9.3640,-5.9960
232.394,-1.1054,9.3640,-5.9960
232.402,-1.1054,9.3640,-5.9960
232.410,-1.1123,9.3640,-5.9960
232.419,-1.1123,9.3640,-5.9960
232.428,-1.1193,9.3640,-5.9960
232.438,-1.1193,9.3640,-5.9960
232.446,-1.1262,9.3640,-5.9960
232.455,-1.1262,9.3640,-5.9960
232.464,-1.1331,9.3640,-5.9960
232.474,-1.1331,9.3640,-5.9960
232.482,-1.1331,9.3640,-5.9960
232.490,-1.1400,9.3640,-5.9960
232.501,-1.1400,9.3640,-5.9960
232.509,-1.1469,9.3640,-5.9960
232.519,-1.1469,9.3640,-5.9960
232.527,-1.1538,9.3640,-5.9960
232.536,-1.1538,9.3640,-5.9960
232.544,-1.1607,9.3640,-5.9960
232.554,-1.1607,9.3640,-5.9960
232.562,-1.1607,9.3640,-5.9960
232.570,-1.1676,9.3640,-5.9960
232.580,-1.1676,9.3640,-5.9960
232.587,-1.1745,9.3640,-5.9960
232.595,-1.1745,9.3640,-5.9960
232.603,-1.1745,9.3640,-5.9960
232.610,-1.1814,9.3640,-5.9960
232.620,-1.1814,9.3640,-5.9960
232.628,-1.1883,9.3640,-5.9960
232.638,-1.1883,9.3640,-5.9960
232.645,-1.1952,9.3640,-5.9960
232.653,-1.1952,9.3640,-5.9960
232.661,-1.1952,9.3640,-5.9960
232.669,-1.2021,9.3640,-5.9960
232.678,-1.2021,9.3640,-5.9960
232.685,-1.2090,9.3640,-5.9960
232.694,-1.2090,9.3640,-5.9960
232.701,-1.2090,9.3640,-5.9960
232.709,-1.2159,9.3640,-5.9960
232.718,-1.2159,9.3640,-5.9960
232.725,-1.2228,9.3640,-5.9960
232.735,-1.2228,9.3640,-5.9960
232.742,-1.2228,9.3640,-5.9960
232.749,-1.2297,9.3640,-5.9960
232.760,-1.2297,9.3640,-5.9960
232.768,-1.2366,9.3640,-5.9960
232.777,-1.2366,9.3640,-5.9960
232.785,-1.2435,9.3640,-5.9960
232.794,-1.2435,9.3640,-5.9960
232.802,-1.2435,9.3640,-5.9960
232.809,-1.2504,9.3640,-5.9960
232.818,-1.2504,9.3640,-5.9960
232.825,-1.2573,9.3640,-5.9960
232.834,-1.2573,9.3640,-5.9960
232.841,-1.2573,9.3640,-5.9960
232.849,-1.2642,9.3640,-5.9960
232.857,-1.2642,9.3640,-5.9960
232.865,-1.2711,9.3640,-5.9960
232.873,-1.2711,9.3640,-5.9960
232.881,-1.2711,9.3640,-5.9960
232.888,-1.2779,9.3640,-5.9960
232.896,-1.2779,9.3640,-5.9960
232.903,-1.2779,9.3640,-5.9960
232.912,-1.2848,9.3640,-5.9960
232.921,-1.2848,9.3640,-5.9960
232.928,-1.2917,9.3640,-5.9960
232.937,-1.2917,9.3640,-5.9960
232.945,-1.2986,9.3640,-5.9960
232.953,-1.2986,9.3640,-5.9960
232.961,-1.2986,9.3640,-5.9960
232.969,-1.3055,9.3640,-5.9960
232.978,-1.3055,9.3640,-5.9960
232.985,-1.3124,9.3640,-5.9960
232.994,-1.3124,9.3640,-5.9960
233.002,-1.3124,9.3640,-5.9960
233.008,-1.3193,9.3640,-5.9960
233.017,-1.3193,9.3640,-5.9960
233.023,-1.3193,9.3640,-5.9960
233.032,-1.3262,9.3640,-5.9960
233.041,-1.3262,9.3640,-5.9960
233.050,-1.3330,9.3640,-5.9960
233.057,-1.3330,9.3640,-5.9960
233.066,-1.3399,9.3640,-5.9960
233.073,-1.3399,9.3640,-5.9960
233.081,-1.3399,9.3640,-5.9960
233.088,-1.3468,9.3640,-5.9960
233.098,-1.3468,9.3640,-5.9960
233.105,-1.3537,9.3640,-5.9960
233.113,-1.3537,9.3640,-5.9960
233.120,-1.3537,9.3640,-5.9960
233.127,-1.3606,9.3640,-5.9960
233.135,-1.3606,9.3640,-5.9960
233.144,-1.3606,9.3640,-5.9960
233.152,-1.3675,9.3640,-5.9960
233.162,-1.3675,9.3640,-5.9960
233.169,-1.3744,9.3640,-5.9960
233.177,-1.3744,9.3640,-5.9960
233.184,-1.3812,9.3640,-5.9960
233.193,-1.3812,9.3640,-5.9960
233.200,-1.3812,9.3640,-5.9960
233.208,-1.3881,9.3640,-5.9960
233.217,-1.3881,9.3640,-5.9960
233.224,-1.3950,9.3640,-5.9960
233.234,-1.3950,9.3640,-5.9960
233.241,-1.3950,9.3640,-5.9960
233.249,-1.4019,9.3640,-5.9960
233.257,-1.4019,9.3640,-5.9960
233.265,-1.4088,9.3640,-5.9960
233.274,-1.4088,9.3640,-5.9960
233.282,-1.4088,9.3640,-5.9960
233.289,-1.4157,9.3640,-5.9960
233.298,-1.4157,9.3640,-5.9960
233.306,-1.4226,9.3640,-5.9960
233.315,-1.4226,9.3640,-5.9960
233.321,-1.4226,9.3640,-5.9960
233.329,-1.4294,9.3640,-5.9960
233.339,-1.4294,9.3640,-5.9960
233.348,-1.4363,9.3640,-5.9960
233.356,-1.4363,9.3640,-5.9960
233.365,-1.4432,9.3640,-5.9960
233.373,-1.4432,9.3640,-5.9960
233.383,-1.4432,9.3640,-5.9960
233.391,-1.4501,9.3640,-5.9960
233.401,-1.4501,9.3640,-5.9960
233.409,-1.4570,9.3640,-5.9960
233.419,-1.4570,9.3640,-5.9960
233.427,-1.4639,9.3640,-5.9960
233.436,-1.4639,9.3640,-5.9960
233.454,-1.4708,9.3640,-5.9960
233.466,-1.4776,9.3640,-5.9960
233.476,-1.4776,9.3640,-5.9960
233.485,-1.4845,9.3640,-5.9960
233.494,-1.4845,9.3640,-5.9960
233.503,-1.4845,9.3640,-5.9960
233.511,-1.4914,9.3640,-5.9960
233.521,-1.4914,9.3640,-5.9960
233.529,-1.4983,9.3640,-5.9960
233.540,-1.4983,9.3640,-5.9960
233.548,-1.5052,9.3640,-5.9960
233.558,-1.5052,9.3640,-5.9960
233.568,-1.5120,9.3640,-5.9960
233.577,-1.5120,9.3640,-5.9960
233.587,-1.5189,9.3640,-5.9960
233.599,-1.5189,9.3640,-5.9960
233.608,-1.5258,9.3640,-5.9960
233.618,-1.5258,9.3640,-5.9960
233.626,-1.5327,9.3640,-5.9960
233.637,-1.5327,9.3640,-5.9960
233.646,-1.5396,9.3640,-5.9960
233.657,-1.5396,9.3640,-5.9960
233.666,-1.5465,9.3640,-5.9960
233.676,-1.5465,9.3640,-5.9960
233.685,-1.5533,9.3640,-5.9960
233.695,-1.5533,9.3640,-5.9960
233.703,-1.5533,9.3640,-5.9960
233.711,-1.5602,9.3640,-5.9960
233.721,-1.5602,9.3640,-5.9960
233.730,-1.5671,9.3640,-5.9960
233.740,-1.5671,9.3640,-5.9960
233.749,-1.5740,9.3640,-5.9960
233.758,-1.5740,9.3640,-5.9960
233.768,-1.5809,9.3640,-5.9960
233.777,-1.5809,9.3640,-5.9960
233.787,-1.5877,9.3640,-5.9960
233.796,-1.5877,9.3640,-5.9960
233.805,-1.5946,9.3640,-5.9960
233.815,-1.5946,9.3640,-5.9960
233.823,-1.5946,9.3640,-5.9960
233.831,-1.6015,9.3640,-5.9960
233.841,-1.6015,9.3640,-5.9960
233.849,-1.6084,9.3640,-5.9960
233.858,-1.6084,9.3640,-5.9960
233.866,-1.6152,9.3640,-5.9960
233.874,-1.6152,9.3640,-5.9960
233.883,-1.6152,9.3640,-5.9960
233.889,-1.6221,9.3640,-5.9960
233.898,-1.6221,9.3640,-5.9960
233.906,-1.6290,9.3640,-5.9960
233.915,-1.6290,9.3640,-5.9960
233.921,-1.6290,9.3640,-5.9960
233.930,-1.6359,9.3640,-5.9960
233.939,-1.6359,9.3640,-5.9960
233.946,-1.6427,9.3640,-5.9960
233.954,-1.6427,9.3640,-5.9960
233.962,-1.6427,9.3640,-5.9960
233.969,-1.6496,9.3640,-5.9960
233.979,-1.6496,9.3640,-5.9960
233.987,-1.6565,9.3640,-5.9960
233.998,-1.6565,9.3640,-5.9960
234.006,-1.6634,9.3640,-5.9960
234.014,-1.6634,9.3640,-5.9960
234.021,-1.6634,9.3640,-5.9960
234.029,-1.6702,9.3640,-5.9960
234.039,-1.6702,9.3640,-5.9960
234.046,-1.6771,9.3640,-5.9960
234.055,-1.6771,9.3640,-5.9960
234.063,-1.6771,9.3640,-5.9960
234.071,-1.6840,9.3640,-5.9960
234.079,-1.6840,9.3640,-5.9960
234.087,-1.6909,9.3640,-5.9960
234.095,-1.6909,9.3640,-5.9960
234.105,-1.6977,9.3640,-5.9960
234.113,-1.6977,9.3640,-5.9960
234.122,-1.6977,9.3640,-5.9960
234.130,-1.7046,9.3640,-5.9960
234.140,-1.7046,9.3640,-5.9960
234.150,-1.7115,9.3640,-5.9960
234.158,-1.7115,9.3640,-5.9960
234.167,-1.7183,9.3640,-5.9960
234.175,-1.7183,9.3640,-5.9960
234.184,-1.7252,9.3640,-5.9960
234.191,-1.7252,9.3640,-5.9960
234.200,-1.7252,9.3640,-5.9960
234.208,-1.7321,9.3640,-5.9960
234.217,-1.7321,9.3640,-5.9960
234.224,-1.7389,9.3640,-5.9960
234.234,-1.7389,9.3640,-5.9960
234.242,-1.7389,9.3640,-5.9960
234.250,-1.7458,9.3640,-5.9960
234.259,-1.7458,9.3640,-5.9960
234.267,-1.7527,9.3640,-5.9960
234.275,-1.7527,9.3640,-5.9960
234.283,-1.7527,9.3640,-5.9960
234.290,-1.7595,9.3640,-5.9960
234.301,-1.7595,9.3640,-5.9960
234.307,-1.7664,9.3640,-5.9960
234.317,-1.7664,9.3640,-5.9960
234.324,-1.7732,9.3640,-5.9960
234.335,-1.7732,9.3640,-5.9960
234.342,-1.7732,9.3640,-5.9960
234.350,-1.7801,9.3640,-5.9960
234.359,-1.7801,9.3640,-5.9960
234.368,-1.7870,9.3640,-5.9960
234.375,-1.7870,9.3640,-5.9960
234.384,-1.7870,9.3640,-5.9960
234.391,-1.7938,9.3640,-5.9960
234.400,-1.7938,9.3640,-5.9960
234.407,-1.8007,9.3640,-5.9960
234.416,-1.8007,9.3640,-5.9960
234.423,-1.8007,9.3640,-5.9960
234.431,-1.8076,9.3640,-5.9960
234.440,-1.8076,9.3640,-5.9960
234.449,-1.8144,9.3640,-5.9960
234.457,-1.8144,9.3640,-5.9960
234.465,-1.8213,9.3640,-5.9960
234.475,-1.8213,9.3640,-5.9960
234.483,-1.8213,9.3640,-5.9960
234.490,-1.8281,9.3640,-5.9960
234.500,-1.8281,9.3640,-5.9960
234.508,-1.8350,9.3640,-5.9960
234.517,-1.8350,9.3640,-5.9960
234.524,-1.8419,9.3640,-5.9960
234.534,-1.8419,9.3640,-5.9960
234.542,-1.8419,9.3640,-5.9960
234.549,-1.8487,9.3640,-5.9960
234.558,-1.8487,9.3640,-5.9960
234.566,-1.8556,9.3640,-5.9960
234.575,-1.8556,9.3640,-5.9960
234.582,-1.8556,9.3640,-5.9960
234.590,-1.8624,9.3640,-5.9960
234.599,-1.8624,9.3640,-5.9960
234.607,-1.8693,9.3640,-5.9960
234.615,-1.8693,9.3640,-5.9960
234.623,-1.8693,9.3640,-5.9960
234.631,-1.8762,9.3640,-5.9960
234.641,-1.8762,9.3640,-5.9960
234.650,-1.8830,9.3640,-5.9960
234.659,-1.8830,9.3640,-5.9960
234.668,-1.8899,9.3640,-5.9960
234.678,-1.8899,9.3640,-5.9960
234.686,-1.8967,9.3640,-5.9960
234.696,-1.8967,9.3640,-5.9960
234.704,-1.9036,9.3640,-5.9960
234.713,-1.9036,9.3640,-5.9960
234.721,-1.9036,9.3640,-5.9960
234.729,-1.9104,9.3640,-5.9960
234.739,-1.9104,9.3640,-5.9960
234.748,-1.9173,9.3640,-5.9960
234.758,-1.9173,9.3640,-5.9960
234.766,-1.9241,9.3640,-5.9960
234.776,-1.9241,9.3640,-5.9960
234.786,-1.9310,9.3640,-5.9960
234.796,-1.9310,9.3640,-5.9960
234.805,-1.9379,9.3640,-5.9960
234.816,-1.9379,9.3640,-5.9960
234.825,-1.9447,9.3640,-5.9960
234.836,-1.9447,9.3640,-5.9960
234.844,-1.9516,9.3640,-5.9960
234.854,-1.9516,9.3640,-5.9960
234.862,-1.9516,9.3640,-5.9960
234.872,-1.9584,9.3640,-5.9960
234.881,-1.9584,9.3640,-5.9960
234.889,-1.9653,9.3640,-5.9960
234.899,-1.9653,9.3640,-5.9960
234.907,-1.9721,9.3640,-5.9960
234.917,-1.9721,9.3640,-5.9960
234.924,-1.9790,9.3640,-5.9960
234.936,-1.9790,9.3640,-5.9960
234.944,-1.9790,9.3640,-5.9960
234.952,-1.9858,9.3640,-5.9960
234.960,-1.9858,9.3640,-5.9960
234.968,-1.9927,9.3640,-5.9960
234.979,-1.9927,9.3640,-5.9960
234.987,-1.9996,9.3640,-5.9960
234.997,-1.9996,9.3640,-5.9960
235.004,-2.0064,9.3640,-5.9960
235.013,-2.0064,9.3640,-5.9960
235.022,-2.0064,9.3640,-5.9960
235.030,-2.0133,9.3640,-5.9960
235.040,-2.0133,9.3640,-5.9960
235.049,-2.0201,9.3640,-5.9960
235.059,-2.0201,9.3640,-5.9960
235.067,-2.0270,9.3640,-5.9960
235.077,-2.0270,9.3640,-5.9960
235.086,-2.0338,9.3640,-5.9960
235.095,-2.0338,9.3640,-5.9960
235.103,-2.0338,9.3640,-5.9960
235.110,-2.0407,9.3640,-5.9960
235.120,-2.0407,9.3640,-5.9960
235.127,-2.0475,9.3640,-5.9960
235.138,-2.0475,9.3640,-5.9960
235.146,-2.0544,9.3640,-5.9960
235.155,-2.0544,9.3640,-5.9960
235.163,-2.0544,9.3640,-5.9960
235.171,-2.0612,9.3640,-5.9960
235.181,-2.0612,9.3640,-5.9960
235.188,-2.0681,9.3640,-5.9960
235.198,-2.0681,9.3640,-5.9960
235.206,-2.0749,9.3640,-5.9960
235.215,-2.0749,9.3640,-5.9960
235.221,-2.0749,9.3640,-5.9960
235.229,-2.0818,9.3640,-5.9960
235.238,-2.0818,9.3640,-5.9960
235.245,-2.0886,9.3640,-5.9960
235.255,-2.0886,9.3640,-5.9960
235.262,-2.0886,9.3640,-5.9960
235.270,-2.0955,9.3640,-5.9960
235.279,-2.0955,9.3640,-5.9960
235.287,-2.1023,9.3640,-5.9960
235.296,-2.1023,9.3640,-5.9960
235.305,-2.1092,9.3640,-5.9960
235.314,-2.1092,9.3640,-5.9960
235.322,-2.1092,9.3640,-5.9960
235.329,-2.1160,9.3640,-5.9960
235.339,-2.1160,9.3640,-5.9960
235.347,-2.1229,9.3640,-5.9960
235.357,-2.1229,9.3640,-5.9960
235.366,-2.1297,9.3640,-5.9960
235.375,-2.1297,9.3640,-5.9960
235.385,-2.1366,9.3640,-5.9960
235.393,-2.1366,9.3640,-5.9960
235.401,-2.1366,9.3640,-5.9960
235.408,-2.1435,9.3640,-5.9960
235.417,-2.1435,9.3640,-5.9960
235.424,-2.1503,9.3640,-5.9960
235.435,-2.1503,9.3640,-5.9960
235.442,-2.1503,9.3640,-5.9960
235.450,-2.1572,9.3640,-5.9960
235.459,-2.1572,9.3640,-5.9960
235.468,-2.1640,9.3640,-5.9960
235.476,-2.1640,9.3640,-5.9960
235.484,-2.1640,9.3640,-5.9960
235.491,-2.1709,9.3640,-5.9960
235.501,-2.1709,9.3640,-5.9960
235.509,-2.1777,9.3640,-5.9960
235.518,-2.1777,9.3640,-5.9960
235.525,-2.1846,9.3640,-5.9960
235.534,-2.1846,9.3640,-5.9960
235.542,-2.1846,9.3640,-5.9960
235.550,-2.1915,9.3640,-5.9960
235.559,-2.1915,9.3640,-5.9960
235.568,-2.1983,9.3640,-5.9960
235.576,-2.1983,9.3640,-5.9960
235.583,-2.1983,9.3640,-5.9960
235.591,-2.2052,9.3640,-5.9960
235.602,-2.2052,9.3640,-5.9960
235.608,-2.2121,9.3640,-5.9960
235.618,-2.2121,9.3640,-5.9960
235.625,-2.2189,9.3640,-5.9960
235.635,-2.2189,9.3640,-5.9960
235.642,-2.2189,9.3640,-5.9960
235.652,-2.2258,9.3640,-5.9960
235.660,-2.2258,9.3640,-5.9960
235.669,-2.2327,9.3640,-5.9960
235.677,-2.2327,9.3640,-5.9960
235.686,-2.2395,9.3640,-5.9960
235.694,-2.2395,9.3640,-5.9960
235.702,-2.2395,9.3640,-5.9960
235.719,-2.2464,9.3640,-5.9960
235.728,-2.2533,9.3640,-5.9960
235.736,-2.2533,9.3640,-5.9960
235.745,-2.2601,9.3640,-5.9960
235.753,-2.2601,9.3640,-5.9960
235.761,-2.2601,9.3640,-5.9960
235.769,-2.2670,9.3640,-5.9960
235.779,-2.2670,9.3640,-5.9960
235.787,-2.2739,9.3640,-5.9960
235.797,-2.2739,9.3640,-5.9960
235.804,-2.2808,9.3640,-5.9960
235.813,-2.2808,9.3640,-5.9960
235.821,-2.2808,9.3640,-5.9960
235.827,-2.2876,9.3640,-5.9960
235.837,-2.2876,9.3640,-5.9960
235.844,-2.2945,9.3640,-5.9960
235.852,-2.2945,9.3640,-5.9960
235.859,-2.2945,9.3640,-5.9960
235.868,-2.3014,9.3640,-5.9960
235.876,-2.3014,9.3640,-5.9960
235.884,-2.3083,9.3640,-5.9960
235.893,-2.3083,9.3640,-5.9960
235.902,-2.3083,9.3640,-5.9960
235.910,-2.3151,9.3640,-5.9960
235.919,-2.3151,9.3640,-5.9960
235.928,-2.3220,9.3640,-5.9960
235.939,-2.3220,9.3640,-5.9960
235.947,-2.3289,9.3640,-5.9960
235.957,-2.3289,9.3640,-5.9960
235.966,-2.3358,9.3640,-5.9960
235.976,-2.3358,9.3640,-5.9960
235.984,-2.3426,9.3640,-5.9960
235.993,-2.3426,9.3640,-5.9960
236.002,-2.3426,9.3640,-5.9960
236.010,-2.3495,9.3640,-5.9960
236.020,-2.3495,9.3640,-5.9960
236.029,-2.3564,9.3640,-5.9960
236.039,-2.3564,9.3640,-5.9960
236.048,-2.3633,9.3640,-5.9960
236.058,-2.3633,9.3640,-5.9960
236.067,-2.3701,9.3640,-5.9960
236.077,-2.3701,9.3640,-5.9960
236.085,-2.3770,9.3640,-5.9960
236.094,-2.3770,9.3640,-5.9960
236.103,-2.3770,9.3640,-5.9960
236.112,-2.3839,9.3640,-5.9960
236.121,-2.3839,9.3640,-5.9960
236.130,-2.3908,9.3640,-5.9960
236.140,-2.3908,9.3640,-5.9960
236.149,-2.3976,9.3640,-5.9960
236.159,-2.3976,9.3640,-5.9960
236.169,-2.4045,9.3640,-5.9960
236.179,-2.4045,9.3640,-5.9960
236.187,-2.4114,9.3640,-5.9960
236.198,-2.4114,9.3640,-5.9960
236.207,-2.4183,9.3640,-5.9960
236.216,-2.4183,9.3640,-5.9960
236.224,-2.4183,9.3640,-5.9960
236.233,-2.4251,9.3640,-5.9960
236.243,-2.4251,9.3640,-5.9960
236.251,-2.4320,9.3640,-5.9960
236.262,-2.4320,9.3640,-5.9960
236.270,-2.4389,9.3640,-5.9960
236.279,-2.4389,9.3640,-5.9960
236.287,-2.4458,9.3640,-5.9960
236.297,-2.4458,9.3640,-5.9960
236.305,-2.4527,9.3640,-5.9960
236.315,-2.4527,9.3640,-5.9960
236.323,-2.4527,9.3640,-5.9960
236.332,-2.4595,9.3640,-5.9960
236.342,-2.4595,9.3640,-5.9960
236.350,-2.4664,9.3640,-5.9960
236.358,-2.4664,9.3640,-5.9960
236.367,-2.4733,9.3640,-5.9960
236.375,-2.4733,9.3640,-5.9960
236.383,-2.4733,9.3640,-5.9960
236.390,-2.4802,9.3640,-5.9960
236.400,-2.4802,9.3640,-5.9960
236.407,-2.4870,9.3640,-5.9960
236.417,-2.4870,9.3640,-5.9960
236.423,-2.4870,9.3640,-5.9960
236.432,-2.4939,9.3640,-5.9960
236.441,-2.4939,9.3640,-5.9960
236.449,-2.5008,9.3640,-5.9960
236.458,-2.5008,9.3640,-5.9960
236.466,-2.5077,9.3640,-5.9960
236.475,-2.5077,9.3640,-5.9960
236.482,-2.5077,9.3640,-5.9960
236.489,-2.5146,9.3640,-5.9960
236.498,-2.5146,9.3640,-5.9960
236.506,-2.5214,9.3640,-5.9960
236.515,-2.5214,9.3640,-5.9960
236.522,-2.5214,9.3640,-5.9960
236.529,-2.5283,9.3640,-5.9960
236.540,-2.5283,9.3640,-5.9960
236.547,-2.5352,9.3640,-5.9960
236.557,-2.5352,9.3640,-5.9960
236.565,-2.5421,9.3640,-5.9960
236.574,-2.5421,9.3640,-5.9960
236.582,-2.5421,9.3640,-5.9960
236.589,-2.5489,9.3640,-5.9960
236.599,-2.5489,9.3640,-5.9960
236.606,-2.5558,9.3640,-5.9960
236.615,-2.5558,9.3640,-5.9960
236.623,-2.5558,9.3640,-5.9960
236.631,-2.5627,9.3640,-5.9960
236.640,-2.5627,9.3640,-5.9960
236.648,-2.5696,9.3640,-5.9960
236.656,-2.5696,9.3640,-5.9960
236.665,-2.5764,9.3640,-5.9960
236.673,-2.5764,9.3640,-5.9960
236.681,-2.5764,9.3640,-5.9960
236.689,-2.5833,9.3640,-5.9960
236.697,-2.5833,9.3640,-5.9960
236.705,-2.5902,9.3640,-5.9960
236.715,-2.5902,9.3640,-5.9960
236.721,-2.5902,9.3640,-5.9960
236.729,-2.5971,9.3640,-5.9960
236.738,-2.5971,9.3640,-5.9960
236.746,-2.6040,9.3640,-5.9960
236.754,-2.6040,9.3640,-5.9960
236.762,-2.6040,9.3640,-5.9960
236.771,-2.6108,9.3640,-5.9960
236.780,-2.6108,9.3640,-5.9960
236.787,-2.6177,9.3640,-5.9960
236.798,-2.6177,9.3640,-5.9960
236.806,-2.6246,9.3640,-5.9960
236.814,-2.6246,9.3640,-5.9960
236.822,-2.6246,9.3640,-5.9960
236.830,-2.6315,9.3640,-5.9960
236.840,-2.6315,9.3640,-5.9960
236.848,-2.6383,9.3640,-5.9960
236.856,-2.6383,9.3640,-5.9960
236.865,-2.6452,9.3640,-5.9960
236.873,-2.6452,9.3640,-5.9960
236.882,-2.6452,9.3640,-5.9960
236.889,-2.6521,9.3640,-5.9960
236.898,-2.6521,9.3640,-5.9960
236.906,-2.6590,9.3640,-5.9960
236.915,-2.6590,9.3640,-5.9960
236.922,-2.6590,9.3640,-5.9960
236.930,-2.6658,9.3640,-5.9960
236.940,-2.6658,9.3640,-5.9960
236.948,-2.6727,9.3640,-5.9960
236.957,-2.6727,9.3640,-5.9960
236.965,-2.6796,9.3640,-5.9960
236.975,-2.6796,9.3640,-5.9960
236.982,-2.6796,9.3640,-5.9960
236.991,-2.6865,9.3640,-5.9960
236.999,-2.6865,9.3640,-5.9960
237.007,-2.6934,9.3640,-5.9960
237.016,-2.6934,9.3640,-5.9960
237.023,-2.6934,9.3640,-5.9960
237.031,-2.7002,9.3640,-5.9960
237.041,-2.7002,9.3640,-5.9960
237.049,-2.7071,9.3640,-5.9960
237.057,-2.7071,9.3640,-5.9960
237.065,-2.7140,9.3640,-5.9960
237.074,-2.7140,9.3640,-5.9960
237.082,-2.7140,9.3640,-5.9960
237.089,-2.7209,9.3640,-5.9960
237.100,-2.7209,9.3640,-5.9960
237.107,-2.7278,9.3640,-5.9960
237.116,-2.7278,9.3640,-5.9960
237.123,-2.7278,9.3640,-5.9960
237.132,-2.7346,9.3640,-5.9960
237.141,-2.7346,9.3640,-5.9960
237.149,-2.7415,9.3640,-5.9960
237.160,-2.7415,9.3640,-5.9960
237.169,-2.7484,9.3640,-5.9960
237.179,-2.7484,9.3640,-5.9960
237.187,-2.7553,9.3640,-5.9960
237.197,-2.7553,9.3640,-5.9960
237.205,-2.7622,9.3640,-5.9960
237.215,-2.7622,9.3640,-5.9960
237.223,-2.7622,9.3640,-5.9960
237.231,-2.7691,9.3640,-5.9960
237.241,-2.7691,9.3640,-5.9960
237.250,-2.7759,9.3640,-5.9960
237.260,-2.7759,9.3640,-5.9960
237.268,-2.7828,9.3640,-5.9960
237.277,-2.7828,9.3640,-5.9960
237.286,-2.7897,9.3640,-5.9960
237.295,-2.7897,9.3640,-5.9960
237.304,-2.7966,9.3640,-5.9960
237.314,-2.7966,9.3640,-5.9960
237.322,-2.7966,9.3640,-5.9960
237.332,-2.8035,9.3640,-5.9960
237.341,-2.8035,9.3640,-5.9960
237.350,-2.8104,9.3640,-5.9960
237.360,-2.8104,9.3640,-5.9960
237.369,-2.8172,9.3640,-5.9960
237.379,-2.8172,9.3640,-5.9960
237.388,-2.8241,9.3640,-5.9960
237.397,-2.8241,9.3640,-5.9960
237.408,-2.8310,9.3640,-5.9960
237.417,-2.8310,9.3640,-5.9960
237.425,-2.8379,9.3640,-5.9960
237.436,-2.8379,9.3640,-5.9960
237.445,-2.8448,9.3640,-5.9960
237.454,-2.8448,9.3640,-5.9960
237.462,-2.8448,9.3640,-5.9960
237.471,-2.8517,9.3640,-5.9960
237.479,-2.8517,9.3640,-5.9960
237.487,-2.8585,9.3640,-5.9960
237.497,-2.8585,9.3640,-5.9960
237.506,-2.8654,9.3640,-5.9960
237.515,-2.8654,9.3640,-5.9960
237.523,-2.8654,9.3640,-5.9960
237.532,-2.8723,9.3640,-5.9960
237.541,-2.8723,9.3640,-5.9960
237.550,-2.8792,9.3640,-5.9960
237.558,-2.8792,9.3640,-5.9960
237.568,-2.8861,9.3640,-5.9960
237.577,-2.8861,9.3640,-5.9960
237.585,-2.8929,9.3640,-5.9960
237.596,-2.8929,9.3640,-5.9960
237.604,-2.8998,9.3640,-5.9960
237.613,-2.8998,9.3640,-5.9960
237.621,-2.8998,9.3640,-5.9960
237.629,-2.9067,9.3640,-5.9960
237.637,-2.9067,9.3640,-5.9960
237.645,-2.9136,9.3640,-5.9960
237.654,-2.9136,9.3640,-5.9960
237.661,-2.9136,9.3640,-5.9960
237.669,-2.9204,9.3640,-5.9960
237.679,-2.9204,9.3640,-5.9960
237.687,-2.9273,9.3640,-5.9960
237.696,-2.9273,9.3640,-5.9960
237.703,-2.9273,9.3640,-5.9960
237.712,-2.9342,9.3640,-5.9960
237.721,-2.9342,9.3640,-5.9960
237.729,-2.9411,9.3640,-5.9960
237.740,-2.9411,9.3640,-5.9960
237.748,-2.9479,9.3640,-5.9960
237.756,-2.9479,9.3640,-5.9960
237.764,-2.9479,9.3640,-5.9960
237.772,-2.9548,9.3640,-5.9960
237.780,-2.9548,9.3640,-5.9960
237.787,-2.9617,9.3640,-5.9960
237.795,-2.9617,9.3640,-5.9960
237.805,-2.9685,9.3640,-5.9960
237.816,-2.9685,9.3640,-5.9960
237.822,-2.9685,9.3640,-5.9960
237.831,-2.9754,9.3640,-5.9960
237.840,-2.9754,9.3640,-5.9960
237.848,-2.9823,9.3640,-5.9960
237.856,-2.9823,9.3640,-5.9960
237.865,-2.9892,9.3640,-5.9960
237.873,-2.9892,9.3640,-5.9960
237.881,-2.9892,9.3640,-5.9960
237.888,-2.9960,9.3640,-5.9960
237.899,-2.9960,9.3640,-5.9960
237.906,-3.0029,9.3640,-5.9960
237.915,-3.0029,9.3640,-5.9960
237.922,-3.0029,9.3640,-5.9960
237.930,-3.0098,9.3640,-5.9960
237.939,-3.0098,9.3640,-5.9960
237.947,-3.0166,9.3640,-5.9960
237.956,-3.0166,9.3640,-5.9960
237.964,-3.0235,9.3640,-5.9960
237.973,-3.0235,9.3640,-5.9960
237.991,-3.0304,9.3640,-5.9960
238.002,-3.0304,9.3640,-5.9960
238.010,-3.0372,9.3640,-5.9960
238.020,-3.0372,9.3640,-5.9960
238.027,-3.0441,9.3640,-5.9960
238.037,-3.0441,9.3640,-5.9960
238.044,-3.0441,9.3640,-5.9960
238.053,-3.0510,9.3640,-5.9960
238.062,-3.0510,9.3640,-5.9960
238.070,-3.0578,9.3640,-5.9960
238.081,-3.0578,9.3640,-5.9960
238.088,-3.0647,9.3640,-5.9960
238.098,-3.0647,9.3640,-5.9960
238.106,-3.0716,9.3640,-5.9960
238.116,-3.0716,9.3640,-5.9960
238.122,-3.0716,9.3640,-5.9960
238.131,-3.0784,9.3640,-5.9960
238.140,-3.0784,9.3640,-5.9960
238.147,-3.0853,9.3640,-5.9960
238.156,-3.0853,9.3640,-5.9960
238.164,-3.0853,9.3640,-5.9960
238.172,-3.0922,9.3640,-5.9960
238.182,-3.0922,9.3640,-5.9960
238.189,-3.0990,9.3640,-5.9960
238.200,-3.0990,9.3640,-5.9960
238.209,-3.1059,9.3640,-5.9960
238.220,-3.1059,9.3640,-5.9960
238.228,-3.1128,9.3640,-5.9960
238.238,-3.1128,9.3640,-5.9960
238.245,-3.1196,9.3640,-5.9960
238.254,-3.1196,9.3640,-5.9960
238.261,-3.1196,9.3640,-5.9960
238.270,-3.1265,9.3640,-5.9960
238.280,-3.1265,9.3640,-5.9960
238.287,-3.1333,9.3640,-5.9960
238.297,-3.1333,9.3640,-5.9960
238.304,-3.1333,9.3640,-5.9960
238.313,-3.1402,9.3640,-5.9960
238.323,-3.1402,9.3640,-5.9960
238.331,-3.1471,9.3640,-5.9960
238.341,-3.1471,9.3640,-5.9960
238.349,-3.1539,9.3640,-5.9960
238.358,-3.1539,9.3640,-5.9960
238.366,-3.1608,9.3640,-5.9960
238.375,-3.1608,9.3640,-5.9960
238.382,-3.1608,9.3640,-5.9960
238.390,-3.1676,9.3640,-5.9960
238.400,-3.1676,9.3640,-5.9960
238.409,-3.1745,9.3640,-5.9960
238.419,-3.1745,9.3640,-5.9960
238.428,-3.1813,9.3640,-5.9960
238.439,-3.1813,9.3640,-5.9960
238.447,-3.1882,9.3640,-5.9960
238.457,-3.1882,9.3640,-5.9960
238.466,-3.1951,9.3640,-5.9960
238.476,-3.1951,9.3640,-5.9960
238.485,-3.2019,9.3640,-5.9960
238.496,-3.2019,9.3640,-5.9960
238.505,-3.2088,9.3640,-5.9960
238.514,-3.2088,9.3640,-5.9960
238.522,-3.2088,9.3640,-5.9960
238.532,-3.2156,9.3640,-5.9960
238.541,-3.2156,9.3640,-5.9960
238.551,-3.2225,9.3640,-5.9960
238.562,-3.2225,9.3640,-5.9960
238.571,-3.2293,9.3640,-5.9960
238.582,-3.2293,9.3640,-5.9960
238.591,-3.2362,9.3640,-5.9960
238.602,-3.2362,9.3640,-5.9960
238.614,-3.2430,9.3640,-5.9960
238.625,-3.2499,9.3640,-5.9960
238.637,-3.2499,9.3640,-5.9960
238.645,-3.2568,9.3640,-5.9960
238.655,-3.2568,9.3640,-5.9960
238.663,-3.2568,9.3640,-5.9960
238.672,-3.2636,9.3640,-5.9960
238.682,-3.2636,9.3640,-5.9960
238.691,-3.2705,9.3640,-5.9960
238.703,-3.2705,9.3640,-5.9960
238.710,-3.2773,9.3640,-5.9960
238.720,-3.2773,9.3640,-5.9960
238.729,-3.2842,9.3640,-5.9960
238.740,-3.2842,9.3640,-5.9960
238.749,-3.2910,9.3640,-5.9960
238.758,-3.2910,9.3640,-5.9960
238.768,-3.2979,9.3640,-5.9960
238.777,-3.2979,9.3640,-5.9960
238.785,-3.3048,9.3640,-5.9960
238.796,-3.3048,9.3640,-5.9960
238.804,-3.3048,9.3640,-5.9960
238.813,-3.3116,9.3640,-5.9960
238.824,-3.3116,9.3640,-5.9960
238.832,-3.3185,9.3640,-5.9960
238.842,-3.3185,9.3640,-5.9960
238.850,-3.3253,9.3640,-5.9960
238.859,-3.3253,9.3640,-5.9960
238.867,-3.3322,9.3640,-5.9960
238.876,-3.3322,9.3640,-5.9960
238.884,-3.3390,9.3640,-5.9960
238.892,-3.3390,9.3640,-5.9960
238.901,-3.3390,9.3640,-5.9960
238.908,-3.3459,9.3640,-5.9960
238.918,-3.3459,9.3640,-5.9960
238.925,-3.3527,9.3640,-5.9960
238.934,-3.3527,9.3640,-5.9960
238.941,-3.3527,9.3640,-5.9960
238.950,-3.3596,9.3640,-5.9960
238.958,-3.3596,9.3640,-5.9960
238.966,-3.3665,9.3640,-5.9960
238.974,-3.3665,9.3640,-5.9960
238.983,-3.3665,9.3640,-5.9960
238.990,-3.3733,9.3640,-5.9960
238.998,-3.3733,9.3640,-5.9960
239.006,-3.3802,9.3640,-5.9960
239.015,-3.3802,9.3640,-5.9960
239.022,-3.3802,9.3640,-5.9960
239.031,-3.3870,9.3640,-5.9960
239.040,-3.3870,9.3640,-5.9960
239.047,-3.3939,9.3640,-5.9960
239.056,-3.3939,9.3640,-5.9960
239.064,-3.4007,9.3640,-5.9960
239.074,-3.4007,9.3640,-5.9960
239.081,-3.4007,9.3640,-5.9960
239.089,-3.4075,9.3640,-5.9960
239.097,-3.4075,9.3640,-5.9960
239.106,-3.4144,9.3640,-5.9960
239.113,-3.4144,9.3640,-5.9960
239.121,-3.4144,9.3640,-5.9960
239.128,-3.4212,9.3640,-5.9960
239.138,-3.4212,9.3640,-5.9960
239.145,-3.4281,9.3640,-5.9960
239.154,-3.4281,9.3640,-5.9960
239.161,-3.4281,9.3640,-5.9960
239.169,-3.4349,9.3640,-5.9960
239.178,-3.4349,9.3640,-5.9960
239.186,-3.4417,9.3640,-5.9960
239.195,-3.4417,9.3640,-5.9960
239.204,-3.4485,9.3640,-5.9960
239.213,-3.4485,9.3640,-5.9960
239.221,-3.4485,9.3640,-5.9960
239.229,-3.4554,9.3640,-5.9960
239.237,-3.4554,9.3640,-5.9960
239.245,-3.4622,9.3640,-5.9960
239.254,-3.4622,9.3640,-5.9960
239.261,-3.4622,9.3640,-5.9960
239.270,-3.4690,9.3640,-5.9960
239.278,-3.4690,9.3640,-5.9960
239.286,-3.4758,9.3640,-5.9960
239.294,-3.4758,9.3640,-5.9960
239.303,-3.4758,9.3640,-5.9960
239.310,-3.4827,9.3640,-5.9960
239.319,-3.4827,9.3640,-5.9960
239.326,-3.4895,9.3640,-5.9960
239.336,-3.4895,9.3640,-5.9960
239.343,-3.4895,9.3640,-5.9960
239.352,-3.4963,9.3640,-5.9960
239.361,-3.4963,9.3640,-5.9960
239.369,-3.5031,9.3640,-5.9960
239.378,-3.5031,9.3640,-5.9960
239.385,-3.5099,9.3640,-5.9960
239.396,-3.5099,9.3640,-5.9960
239.403,-3.5099,9.3640,-5.9960
239.412,-3.5167,9.3640,-5.9960
239.420,-3.5167,9.3640,-5.9960
239.427,-3.5235,9.3640,-5.9960
239.438,-3.5235,9.3640,-5.9960
239.446,-3.5302,9.3640,-5.9960
239.454,-3.5302,9.3640,-5.9960
239.464,-3.5302,9.3640,-5.9960
239.472,-3.5370,9.3640,-5.9960
239.481,-3.5370,9.3640,-5.9960
239.489,-3.5438,9.3640,-5.9960
239.498,-3.5438,9.3640,-5.9960
239.506,-3.5506,9.3640,-5.9960
239.516,-3.5506,9.3640,-5.9960
239.524,-3.5506,9.3640,-5.9960
239.531,-3.5574,9.3640,-5.9960
239.540,-3.5574,9.3640,-5.9960
239.547,-3.5641,9.3640,-5.9960
239.557,-3.5641,9.3640,-5.9960
239.565,-3.5709,9.3640,-5.9960
239.575,-3.5709,9.3640,-5.9960
239.584,-3.5709,9.3640,-5.9960
239.591,-3.5776,9.3640,-5.9960
239.600,-3.5776,9.3640,-5.9960
239.607,-3.5844,9.3640,-5.9960
239.617,-3.5844,9.3640,-5.9960
239.623,-3.5844,9.3640,-5.9960
239.631,-3.5911,9.3640,-5.9960
239.640,-3.5911,9.3640,-5.9960
239.649,-3.5978,9.3640,-5.9960
239.657,-3.5978,9.3640,-5.9960
239.666,-3.6045,9.3640,-5.9960
239.675,-3.6045,9.3640,-5.9960
239.684,-3.6112,9.3640,-5.9960
239.694,-3.6112,9.3640,-5.9960
239.702,-3.6112,9.3640,-5.9960
239.711,-3.6179,9.3640,-5.9960
239.720,-3.6179,9.3640,-5.9960
239.729,-3.6245,9.3640,-5.9960
239.740,-3.6245,9.3640,-5.9960
239.748,-3.6312,9.3640,-5.9960
239.756,-3.6312,9.3640,-5.9960
239.765,-3.6378,9.3640,-5.9960
239.774,-3.6378,9.3640,-5.9960
239.783,-3.6378,9.3640,-5.9960
239.791,-3.6444,9.3640,-5.9960
239.802,-3.6444,9.3640,-5.9960
239.809,-3.6509,9.3640,-5.9960
239.819,-3.6509,9.3640,-5.9960
239.830,-3.6574,9.3640,-5.9960
239.840,-3.6574,9.3640,-5.9960
239.849,-3.6637,9.3640,-5.9960
239.860,-3.6637,9.3640,-5.9960
239.869,-3.6699,9.3640,-5.9960
239.879,-3.6699,9.3640,-5.9960
239.888,-3.6760,9.3640,-5.9960
239.898,-3.6760,9.3640,-5.9960
239.906,-3.6820,9.3640,-5.9960
239.916,-3.6820,9.3640,-5.9960
239.924,-3.6820,9.3640,-5.9960
239.932,-3.6879,9.3640,-5.9960
239.942,-3.6879,9.3640,-5.9960
239.951,-3.6937,9.3640,-5.9960
239.960,-3.6937,9.3640,-5.9960
239.969,-3.6995,9.3640,-5.9960
239.978,-3.6995,9.3640,-5.9960
239.986,-3.7052,9.3640,-5.9960
239.995,-3.7052,9.3640,-5.9960
240.004,-3.7109,9.3640,-5.9960
240.014,-3.7109,9.3640,-5.9960
240.022,-3.7109,9.3640,-5.9960
240.032,-3.7166,9.3640,-5.9960
240.041,-3.7166,9.3640,-5.9960
240.049,-3.7223,9.3640,-5.9960
240.059,-3.7223,9.3640,-5.9960
240.068,-3.7280,9.3640,-5.9960
240.078,-3.7280,9.3640,-5.9960
240.087,-3.7336,9.3640,-5.9960
240.096,-3.7336,9.3640,-5.9960
240.104,-3.7392,9.3640,-5.9960
240.113,-3.7392,9.3640,-5.9960
240.121,-3.7392,9.3640,-5.9960
240.129,-3.7448,9.3640,-5.9960
240.139,-3.7448,9.3640,-5.9960
240.147,-3.7504,9.3640,-5.9960
240.155,-3.7504,9.3640,-5.9960
240.163,-3.7504,9.3640,-5.9960
240.171,-3.7558,9.3640,-5.9960
240.180,-3.7558,9.3640,-5.9960
240.189,-3.7613,9.3640,-5.9960
240.198,-3.7613,9.3640,-5.9960
240.206,-3.7640,9.3640,-5.9960
240.216,-3.7640,9.3640,-5.9960
240.223,-3.7640,9.3640,-5.9960
240.231,-3.7667,9.3640,-5.9960
240.240,-3.7667,9.3640,-5.9960
240.249,-3.7694,9.3640,-5.9960
240.258,-3.7694,9.3640,-5.9960
240.266,-3.7720,9.3640,-5.9960
240.275,-3.7720,9.3640,-5.9960
240.283,-3.7720,9.3640,-5.9960
240.290,-3.7747,9.3640,-5.9960
240.299,-3.7747,9.3640,-5.9960
240.316,-3.7773,9.3640,-5.9960
240.325,-3.7799,9.3640,-5.9960
240.335,-3.7799,9.3640,-5.9960
240.343,-3.7799,9.3640,-5.9960
240.350,-3.7825,9.3640,-5.9960
240.358,-3.7825,9.3640,-5.9960
240.366,-3.7851,9.3640,-5.9960
240.375,-3.7851,9.3640,-5.9960
240.382,-3.7851,9.3640,-5.9960
240.391,-3.7876,9.3640,-5.9960
240.400,-3.7876,9.3640,-5.9960
240.407,-3.7902,9.3640,-5.9960
240.416,-3.7902,9.3640,-5.9960
240.423,-3.7902,9.3640,-5.9960
240.431,-3.7927,9.3640,-5.9960
240.440,-3.7927,9.3640,-5.9960
240.448,-3.7952,9.3640,-5.9960
240.456,-3.7952,9.3640,-5.9960
240.464,-3.7977,9.3640,-5.9960
240.472,-3.7977,9.3640,-5.9960
240.480,-3.7977,9.3640,-5.9960
240.487,-3.8002,9.3640,-5.9960
240.498,-3.8002,9.3640,-5.9960
240.505,-3.8027,9.3640,-5.9960
240.514,-3.8027,9.3640,-5.9960
240.521,-3.8027,9.3640,-5.9960
240.529,-3.8052,9.3640,-5.9960
240.537,-3.8052,9.3640,-5.9960
240.545,-3.8076,9.3640,-5.9960
240.554,-3.8076,9.3640,-5.9960
240.562,-3.8076,9.3640,-5.9960
240.571,-3.8101,9.3640,-5.9960
240.581,-3.8101,9.3640,-5.9960
240.589,-3.8126,9.3640,-5.9960
240.598,-3.8126,9.3640,-5.9960
240.606,-3.8151,9.3640,-5.9960
240.616,-3.8151,9.3640,-5.9960
240.624,-3.8151,9.3640,-5.9960
240.633,-3.8175,9.3640,-5.9960
240.642,-3.8175,9.3640,-5.9960
240.650,-3.8200,9.3640,-5.9960
240.659,-3.8200,9.3640,-5.9960
240.667,-3.8225,9.3640,-5.9960
240.676,-3.8225,9.3640,-5.9960
240.684,-3.8250,9.3640,-5.9960
240.692,-3.8250,9.3640,-5.9960
240.702,-3.8250,9.3640,-5.9960
240.710,-3.8274,9.3640,-5.9960
240.719,-3.8274,9.3640,-5.9960
240.727,-3.8299,9.3640,-5.9960
240.736,-3.8299,9.3640,-5.9960
240.744,-3.8299,9.3640,-5.9960
240.752,-3.8324,9.3640,-5.9960
240.762,-3.8324,9.3640,-5.9960
240.771,-3.8348,9.3640,-5.9960
240.782,-3.8348,9.3640,-5.9960
240.791,-3.8373,9.3640,-5.9960
240.802,-3.8373,9.3640,-5.9960
240.809,-3.8398,9.3640,-5.9960
240.819,-3.8398,9.3640,-5.9960
240.826,-3.8422,9.3640,-5.9960
240.836,-3.8422,9.3640,-5.9960
240.845,-3.8447,9.3640,-5.9960
240.855,-3.8447,9.3640,-5.9960
240.863,-3.8447,9.3640,-5.9960
240.871,-3.8472,9.3640,-5.9960
240.880,-3.8472,9.3640,-5.9960
240.889,-3.8497,9.3640,-5.9960
240.897,-3.8497,9.3640,-5.9960
240.906,-3.8521,9.3640,-5.9960
240.916,-3.8521,9.3640,-5.9960
240.924,-3.8521,9.3640,-5.9960
240.933,-3.8546,9.3640,-5.9960
240.944,-3.8546,9.3640,-5.9960
240.952,-3.8571,9.3640,-5.9960
240.962,-3.8571,9.3640,-5.9960
240.972,-3.8595,9.3640,-5.9960
240.982,-3.8595,9.3640,-5.9960
240.990,-3.8620,9.3640,-5.9960
241.001,-3.8620,9.3640,-5.9960
241.009,-3.8645,9.3640,-5.9960
241.017,-3.8645,9.3640,-5.9960
241.026,-3.8670,9.3640,-5.9960
241.035,-3.8670,9.3640,-5.9960
241.044,-3.8670,9.3640,-5.9960
241.052,-3.8695,9.3640,-5.9960
241.061,-3.8695,9.3640,-5.9960
241.069,-3.8719,9.3640,-5.9960
241.079,-3.8719,9.3640,-5.9960
241.087,-3.8744,9.3640,-5.9960
241.097,-3.8744,9.3640,-5.9960
241.105,-3.8769,9.3640,-5.9960
241.115,-3.8769,9.3640,-5.9960
241.123,-3.8769,9.3640,-5.9960
241.132,-3.8794,9.3640,-5.9960
241.141,-3.8794,9.3640,-5.9960
241.150,-3.8819,9.3640,-5.9960
241.158,-3.8819,9.3640,-5.9960
241.167,-3.8844,9.3640,-5.9960
241.176,-3.8844,9.3640,-5.9960
241.184,-3.8869,9.3640,-5.9960
241.192,-3.8869,9.3640,-5.9960
241.201,-3.8869,9.3640,-5.9960
241.208,-3.8893,9.3640,-5.9960
241.218,-3.8893,9.3640,-5.9960
241.225,-3.8918,9.3640,-5.9960
241.236,-3.8918,9.3640,-5.9960
241.243,-3.8918,9.3640,-5.9960
241.251,-3.8943,9.3640,-5.9960
241.260,-3.8943,9.3640,-5.9960
241.269,-3.8968,9.3640,-5.9960
241.278,-3.8968,9.3640,-5.9960
241.286,-3.8993,9.3640,-5.9960
241.295,-3.8993,9.3640,-5.9960
241.303,-3.8993,9.3640,-5.9960
241.311,-3.9018,9.3640,-5.9960
241.319,-3.9018,9.3640,-5.9960
241.328,-3.9043,9.3640,-5.9960
241.338,-3.9043,9.3640,-5.9960
241.347,-3.9067,9.3640,-5.9960
241.358,-3.9067,9.3640,-5.9960
241.366,-3.9092,9.3640,-5.9960
241.374,-3.9092,9.3640,-5.9960
241.381,-3.9092,9.3640,-5.9960
241.389,-3.9117,9.3640,-5.9960
241.399,-3.9117,9.3640,-5.9960
241.407,-3.9142,9.3640,-5.9960
241.415,-3.9142,9.3640,-5.9960
241.422,-3.9142,9.3640,-5.9960
241.430,-3.9167,9.3640,-5.9960
241.439,-3.9167,9.3640,-5.9960
241.446,-3.9192,9.3640,-5.9960
241.455,-3.9192,9.3640,-5.9960
241.462,-3.9192,9.3640,-5.9960
241.471,-3.9217,9.3640,-5.9960
241.479,-3.9217,9.3640,-5.9960
241.487,-3.9242,9.3640,-5.9960
241.495,-3.9242,9.3640,-5.9960
241.503,-3.9242,9.3640,-5.9960
241.510,-3.9267,9.3640,-5.9960
241.519,-3.9267,9.3640,-5.9960
241.527,-3.9292,9.3640,-5.9960
241.535,-3.9292,9.3640,-5.9960
241.542,-3.9292,9.3640,-5.9960
241.551,-3.9317,9.3640,-5.9960
241.558,-3.9317,9.3640,-5.9960
241.568,-3.9342,9.3640,-5.9960
241.575,-3.9342,9.3640,-5.9960
241.583,-3.9342,9.3640,-5.9960
241.589,-3.9367,9.3640,-5.9960
241.598,-3.9367,9.3640,-5.9960
241.606,-3.9392,9.3640,-5.9960
241.615,-3.9392,9.3640,-5.9960
241.623,-3.9392,9.3640,-5.9960
241.631,-3.9417,9.3640,-5.9960
241.640,-3.9417,9.3640,-5.9960
241.649,-3.9441,9.3640,-5.9960
241.659,-3.9441,9.3640,-5.9960
241.669,-3.9466,9.3640,-5.9960
241.679,-3.9466,9.3640,-5.9960
241.688,-3.9491,9.3640,-5.9960
241.698,-3.9491,9.3640,-5.9960
241.706,-3.9516,9.3640,-5.9960
241.715,-3.9516,9.3640,-5.9960
241.723,-3.9516,9.3640,-5.9960
241.732,-3.9541,9.3640,-5.9960
241.742,-3.9541,9.3640,-5.9960
241.751,-3.9566,9.3640,-5.9960
241.760,-3.9566,9.3640,-5.9960
241.770,-3.9591,9.3640,-5.9960
241.778,-3.9591,9.3640,-5.9960
241.787,-3.9616,9.3640,-5.9960
241.797,-3.9616,9.3640,-5.9960
241.805,-3.9641,9.3640,-5.9960
241.817,-3.9641,9.3640,-5.9960
241.824,-3.9666,9.3640,-5.9960
241.834,-3.9666,9.3640,-5.9960
241.842,-3.9666,9.3640,-5.9960
241.851,-3.9690,9.3640,-5.9960
241.861,-3.9690,9.3640,-5.9960
241.870,-3.9715,9.3640,-5.9960
241.879,-3.9715,9.3640,-5.9960
241.887,-3.9740,9.3640,-5.9960
241.895,-3.9740,9.3640,-5.9960
241.902,-3.9740,9.3640,-5.9960
241.911,-3.9765,9.3640,-5.9960
241.919,-3.9765,9.3640,-5.9960
241.927,-3.9790,9.3640,-5.9960
241.936,-3.9790,9.3640,-5.9960
241.943,-3.9790,9.3640,-5.9960
241.951,-3.9815,9.3640,-5.9960
241.959,-3.9815,9.3640,-5.9960
241.968,-3.9839,9.3640,-5.9960
241.975,-3.9839,9.3640,-5.9960
241.983,-3.9839,9.3640,-5.9960
241.990,-3.9864,9.3640,-5.9960
242.000,-3.9864,9.3640,-5.9960
242.007,-3.9889,9.3640,-5.9960
242.014,-3.9889,9.3640,-5.9960
242.022,-3.9889,9.3640,-5.9960
242.030,-3.9914,9.3640,-5.9960
242.038,-3.9914,9.3640,-5.9960
242.046,-3.9939,9.3640,-5.9960
242.055,-3.9939,9.3640,-5.9960
242.063,-3.9939,9.3640,-5.9960
242.070,-3.9963,9.3640,-5.9960
242.078,-3.9963,9.3640,-5.9960
242.086,-3.9988,9.3640,-5.9960
242.095,-3.9988,9.3640,-5.9960
242.103,-3.9988,9.3640,-5.9960
242.110,-4.0013,9.3640,-5.9960
242.117,-4.0013,9.3640,-5.9960
242.124,-4.0038,9.3640,-5.9960
242.133,-4.0038,9.3640,-5.9960
242.140,-4.0038,9.3640,-5.9960
242.148,-4.0062,9.3640,-5.9960
242.156,-4.0062,9.3640,-5.9960
242.164,-4.0087,9.3640,-5.9960
242.173,-4.0087,9.3640,-5.9960
242.181,-4.0087,9.3640,-5.9960
242.189,-4.0112,9.3640,-5.9960
242.197,-4.0112,9.3640,-5.9960
242.205,-4.0136,9.3640,-5.9960
242.214,-4.0136,9.3640,-5.9960
242.222,-4.0136,9.3640,-5.9960
242.230,-4.0161,9.3640,-5.9960
242.239,-4.0161,9.3640,-5.9960
242.247,-4.0185,9.3640,-5.9960
242.256,-4.0185,9.3640,-5.9960
242.265,-4.0209,9.3640,-5.9960
242.273,-4.0209,9.3640,-5.9960
242.281,-4.0209,9.3640,-5.9960
242.289,-4.0233,9.3640,-5.9960
242.299,-4.0233,9.3640,-5.9960
242.307,-4.0257,9.3640,-5.9960
242.316,-4.0257,9.3640,-5.9960
242.324,-4.0280,9.3640,-5.9960
242.335,-4.0280,9.3640,-5.9960
242.342,-4.0280,9.3640,-5.9960
242.351,-4.0301,9.3640,-5.9960
242.360,-4.0301,9.3640,-5.9960
242.369,-4.0321,9.3640,-5.9960
242.378,-4.0321,9.3640,-5.9960
242.388,-4.0330,9.3640,-5.9960
242.397,-4.0330,9.3640,-5.9960
242.406,-4.0339,9.3640,-5.9960
242.415,-4.0339,9.3640,-5.9960
242.423,-4.0339,9.3640,-5.9960
242.431,-4.0346,9.3640,-5.9960
242.440,-4.0346,9.3640,-5.9960
242.448,-4.0353,9.3640,-5.9960
242.457,-4.0353,9.3640,-5.9960
242.466,-4.0359,9.3640,-5.9960
242.475,-4.0359,9.3640,-5.9960
242.484,-4.0362,9.3640,-5.9960
242.493,-4.0362,9.3640,-5.9960
242.502,-4.0362,9.3640,-5.9960
242.509,-4.0363,9.3640,-5.9960
242.519,-4.0363,9.3640,-5.9960
242.529,-4.0365,9.3640,-5.9960
242.539,-4.0365,9.3640,-5.9960
242.548,-4.0367,9.3640,-5.9960
242.557,-4.0367,9.3640,-5.9960
242.567,-4.0368,9.3640,-5.9960
242.577,-4.0368,9.3640,-5.9960
242.585,-4.0369,9.3640,-5.9960
242.604,-4.0370,9.3640,-5.9960
242.613,-4.0370,9.3640,-5.9960
242.621,-4.0370,9.3640,-5.9960
242.630,-4.0371,9.3640,-5.9960
242.640,-4.0371,9.3640,-5.9960
242.647,-4.0371,9.3640,-5.9960
242.656,-4.0371,9.3640,-5.9960
242.665,-4.0371,9.3640,-5.9960
242.674,-4.0371,9.3640,-5.9960
242.681,-4.0371,9.3640,-5.9960
242.690,-4.0371,9.3640,-5.9960
242.700,-4.0371,9.3640,-5.9960
242.708,-4.0371,9.3640,-5.9960
242.718,-4.0371,9.3640,-5.9960
242.725,-4.0371,9.3640,-5.9960
242.736,-4.0371,9.3640,-5.9960
242.743,-4.0371,9.3640,-5.9960
242.752,-4.0371,9.3640,-5.9960
242.762,-4.0371,9.3640,-5.9960
242.770,-4.0371,9.3640,-5.9960
242.779,-4.0371,9.3640,-5.9960
242.788,-4.0371,9.3640,-5.9960
242.797,-4.0371,9.3640,-5.9960
242.804,-4.0371,9.3640,-5.9960
242.815,-4.0371,9.3640,-5.9960
242.822,-4.0371,9.3640,-5.9960
242.830,-4.0371,9.3640,-5.9960
242.839,-4.0371,9.3640,-5.9960
242.847,-4.0371,9.3640,-5.9960
242.857,-4.0371,9.3640,-5.9960
242.866,-4.0371,9.3640,-5.9960
242.876,-4.0371,9.3640,-5.9960
242.884,-4.0371,9.3640,-5.9960
242.891,-4.0371,9.3640,-5.9960
242.901,-4.0371,9.3640,-5.9960
242.908,-4.0371,9.3640,-5.9960
242.917,-4.0371,9.3640,-5.9960
242.924,-4.0371,9.3640,-5.9960
242.933,-4.0371,9.3640,-5.9960
242.942,-4.0371,9.3640,-5.9960
242.950,-4.0371,9.3640,-5.9960
242.958,-4.0371,9.3640,-5.9960
242.967,-4.0371,9.3640,-5.9960
242.976,-4.0371,9.3640,-5.9960
242.985,-4.0371,9.3640,-5.9960
242.994,-4.0371,9.3640,-5.9960
243.002,-4.0371,9.3640,-5.9960
243.010,-4.0371,9.3640,-5.9960
243.019,-4.0371,9.3640,-5.9960
243.028,-4.0371,9.3640,-5.9960
243.038,-4.0371,9.3640,-5.9960
243.045,-4.0371,9.3640,-5.9960
243.054,-4.0371,9.3640,-5.9960
243.062,-4.0371,9.3640,-5.9960
243.070,-4.0371,9.3640,-5.9960
243.079,-4.0371,9.3640,-5.9960
243.086,-4.0371,9.3640,-5.9960
243.094,-4.0371,9.3640,-5.9960
243.102,-4.0371,9.3640,-5.9960
243.109,-4.0371,9.3640,-5.9960
243.119,-4.0371,9.3640,-5.9960
243.125,-4.0371,9.3640,-5.9960
243.135,-4.0371,9.3640,-5.9960
243.142,-4.0371,9.3640,-5.9960
243.151,-4.0371,9.3640,-5.9960
243.159,-4.0371,9.3640,-5.9960
243.167,-4.0371,9.3640,-5.9960
243.176,-4.0371,9.3640,-5.9960
243.185,-4.0371,9.3640,-5.9960
243.193,-4.0371,9.3640,-5.9960
243.203,-4.0371,9.3640,-5.9960
243.211,-4.0370,9.3640,-5.9960
243.220,-4.0370,9.3640,-5.9960
243.229,-4.0369,9.3640,-5.9960
243.238,-4.0369,9.3640,-5.9960
243.245,-4.0368,9.3640,-5.9960
243.254,-4.0368,9.3640,-5.9960
243.262,-4.0368,9.3640,-5.9960
243.271,-4.0367,9.3640,-5.9960
243.280,-4.0367,9.3640,-5.9960
243.287,-4.0366,9.3640,-5.9960
243.297,-4.0366,9.3640,-5.9960
243.305,-4.0364,9.3640,-5.9960
243.315,-4.0364,9.3640,-5.9960
243.323,-4.0364,9.3640,-5.9960
243.331,-4.0363,9.3640,-5.9960
243.340,-4.0363,9.3640,-5.9960
243.349,-4.0361,9.3640,-5.9960
243.357,-4.0361,9.3640,-5.9960
243.366,-4.0360,9.3640,-5.9960
243.374,-4.0360,9.3640,-5.9960
243.383,-4.0360,9.3640,-5.9960
243.390,-4.0358,9.3640,-5.9960
243.402,-4.0358,9.3640,-5.9960
243.409,-4.0356,9.3640,-5.9960
243.419,-4.0356,9.3640,-5.9960
243.428,-4.0354,9.3640,-5.9960
243.437,-4.0354,9.3640,-5.9960
243.446,-4.0353,9.3640,-5.9960
243.456,-4.0353,9.3640,-5.9960
243.464,-4.0351,9.3640,-5.9960
243.474,-4.0351,9.3640,-5.9960
243.483,-4.0351,9.3640,-5.9960
243.490,-4.0349,9.3640,-5.9960
243.501,-4.0349,9.3640,-5.9960
243.509,-4.0347,9.3640,-5.9960
243.518,-4.0347,9.3640,-5.9960
243.526,-4.0345,9.3640,-5.9960
243.537,-4.0345,9.3640,-5.9960
243.545,-4.0343,9.3640,-5.9960
243.554,-4.0343,9.3640,-5.9960
243.563,-4.0343,9.3640,-5.9960
243.572,-4.0341,9.3640,-5.9960
243.582,-4.0341,9.3640,-5.9960
243.591,-4.0338,9.3640,-5.9960
243.602,-4.0338,9.3640,-5.9960
243.610,-4.0336,9.3640,-5.9960
243.622,-4.0336,9.3640,-5.9960
243.631,-4.0334,9.3640,-5.9960
243.642,-4.0334,9.3640,-5.9960
243.653,-4.0332,9.3640,-5.9960
243.665,-4.0329,9.3640,-5.9960
243.675,-4.0329,9.3640,-5.9960
243.684,-4.0327,9.3640,-5.9960
243.693,-4.0327,9.3640,-5.9960
243.702,-4.0327,9.3640,-5.9960
243.710,-4.0325,9.3640,-5.9960
243.719,-4.0325,9.3640,-5.9960
243.728,-4.0323,9.3640,-5.9960
243.738,-4.0323,9.3640,-5.9960
243.746,-4.0320,9.3640,-5.9960
243.756,-4.0320,9.3640,-5.9960
243.764,-4.0320,9.3640,-5.9960
243.773,-4.0318,9.3640,-5.9960
243.783,-4.0318,9.3640,-5.9960
243.791,-4.0316,9.3640,-5.9960
243.801,-4.0316,9.3640,-5.9960
243.809,-4.0314,9.3640,-5.9960
243.819,-4.0314,9.3640,-5.9960
243.828,-4.0311,9.3640,-5.9960
243.838,-4.0311,9.3640,-5.9960
243.845,-4.0309,9.3640,-5.9960
243.855,-4.0309,9.3640,-5.9960
243.865,-4.0307,9.3640,-5.9960
243.875,-4.0307,9.3640,-5.9960
243.884,-4.0307,9.3640,-5.9960
243.891,-4.0305,9.3640,-5.9960
243.902,-4.0305,9.3640,-5.9960
243.909,-4.0302,9.3640,-5.9960
243.918,-4.0302,9.3640,-5.9960
243.925,-4.0300,9.3640,-5.9960
243.933,-4.0300,9.3640,-5.9960
243.941,-4.0300,9.3640,-5.9960
243.948,-4.0298,9.3640,-5.9960
243.956,-4.0298,9.3640,-5.9960
243.964,-4.0296,9.3640,-5.9960
243.973,-4.0296,9.3640,-5.9960
243.981,-4.0296,9.3640,-5.9960
243.989,-4.0293,9.3640,-5.9960
243.998,-4.0293,9.3640,-5.9960
244.005,-4.0291,9.3640,-5.9960
244.013,-4.0291,9.3640,-5.9960
244.022,-4.0291,9.3640,-5.9960
244.029,-4.0289,9.3640,-5.9960
244.039,-4.0289,9.3640,-5.9960
244.046,-4.0287,9.3640,-5.9960
244.055,-4.0287,9.3640,-5.9960
244.062,-4.0287,9.3640,-5.9960
244.071,-4.0284,9.3640,-5.9960
244.079,-4.0284,9.3640,-5.9960
244.087,-4.0282,9.3640,-5.9960
244.095,-4.0282,9.3640,-5.9960
244.103,-4.0282,9.3640,-5.9960
244.111,-4.0280,9.3640,-5.9960
244.120,-4.0280,9.3640,-5.9960
244.127,-4.0278,9.3640,-5.9960
244.137,-4.0278,9.3640,-5.9960
244.145,-4.0275,9.3640,-5.9960
244.154,-4.0275,9.3640,-5.9960
244.161,-4.0275,9.3640,-5.9960
244.169,-4.0270,9.3640,-5.9960
244.177,-4.0270,9.3640,-5.9960
244.185,-4.0264,9.3640,-5.9960
244.194,-4.0264,9.3640,-5.9960
244.202,-4.0264,9.3640,-5.9960
244.210,-4.0258,9.3640,-5.9960
244.218,-4.0258,9.3640,-5.9960
244.225,-4.0252,9.3640,-5.9960
244.233,-4.0252,9.3640,-5.9960
244.241,-4.0252,9.3640,-5.9960
244.249,-4.0246,9.3640,-5.9960
244.258,-4.0246,9.3640,-5.9960
244.266,-4.0240,9.3640,-5.9960
244.274,-4.0240,9.3640,-5.9960
244.281,-4.0240,9.3640,-5.9960
244.289,-4.0234,9.3640,-5.9960
244.298,-4.0234,9.3640,-5.9960
244.306,-4.0227,9.3640,-5.9960
244.315,-4.0227,9.3640,-5.9960
244.322,-4.0227,9.3640,-5.9960
244.329,-4.0221,9.3640,-5.9960
244.338,-4.0221,9.3640,-5.9960
244.345,-4.0215,9.3640,-5.9960
244.354,-4.0215,9.3640,-5.9960
244.362,-4.0215,9.3640,-5.9960
244.370,-4.0208,9.3640,-5.9960
244.378,-4.0208,9.3640,-5.9960
244.387,-4.0202,9.3640,-5.9960
244.396,-4.0202,9.3640,-5.9960
244.404,-4.0202,9.3640,-5.9960
244.412,-4.0195,9.3640,-5.9960
244.421,-4.0195,9.3640,-5.9960
244.429,-4.0189,9.3640,-5.9960
244.438,-4.0189,9.3640,-5.9960
244.447,-4.0182,9.3640,-5.9960
244.455,-4.0182,9.3640,-5.9960
244.464,-4.0175,9.3640,-5.9960
244.474,-4.0175,9.3640,-5.9960
244.482,-4.0175,9.3640,-5.9960
244.489,-4.0168,9.3640,-5.9960
244.499,-4.0168,9.3640,-5.9960
244.507,-4.0161,9.3640,-5.9960
244.516,-4.0161,9.3640,-5.9960
244.524,-4.0161,9.3640,-5.9960
244.532,-4.0154,9.3640,-5.9960
244.541,-4.0154,9.3640,-5.9960
244.549,-4.0147,9.3640,-5.9960
244.557,-4.0147,9.3640,-5.9960
244.566,-4.0140,9.3640,-5.9960
244.575,-4.0140,9.3640,-5.9960
244.582,-4.0140,9.3640,-5.9960
244.590,-4.0133,9.3640,-5.9960
244.600,-4.0133,9.3640,-5.9960
244.607,-4.0127,9.3640,-5.9960
244.616,-4.0127,9.3640,-5.9960
244.623,-4.0127,9.3640,-5.9960
244.632,-4.0120,9.3640,-5.9960
244.641,-4.0120,9.3640,-5.9960
244.649,-4.0114,9.3640,-5.9960
244.658,-4.0114,9.3640,-5.9960
244.666,-4.0107,9.3640,-5.9960
244.674,-4.0107,9.3640,-5.9960
244.683,-4.0107,9.3640,-5.9960
244.691,-4.0101,9.3640,-5.9960
244.702,-4.0101,9.3640,-5.9960
244.710,-4.0095,9.3640,-5.9960
244.720,-4.0095,9.3640,-5.9960
244.728,-4.0088,9.3640,-5.9960
244.737,-4.0088,9.3640,-5.9960
244.746,-4.0082,9.3640,-5.9960
244.755,-4.0082,9.3640,-5.9960
244.764,-4.0082,9.3640,-5.9960
244.772,-4.0076,9.3640,-5.9960
244.784,-4.0076,9.3640,-5.9960
244.792,-4.0070,9.3640,-5.9960
244.801,-4.0070,9.3640,-5.9960
244.810,-4.0064,9.3640,-5.9960
244.819,-4.0064,9.3640,-5.9960
244.829,-4.0062,9.3640,-5.9960
244.839,-4.0062,9.3640,-5.9960
244.847,-4.0060,9.3640,-5.9960
244.856,-4.0060,9.3640,-5.9960
244.866,-4.0058,9.3640,-5.9960
244.877,-4.0058,9.3640,-5.9960
244.886,-4.0057,9.3640,-5.9960
244.897,-4.0057,9.3640,-5.9960
244.906,-4.0056,9.3640,-5.9960
244.915,-4.0056,9.3640,-5.9960
244.931,-4.0055,9.3640,-5.9960
244.944,-4.0055,9.3640,-5.9960
244.958,-4.0055,9.3640,-5.9960
244.971,-4.0055,9.3640,-5.9960
244.984,-4.0055,9.3640,-5.9960
244.997,-4.0055,9.3640,-5.9960
245.006,-4.0055,9.3640,-5.9960
245.015,-4.0055,9.3640,-5.9960
245.024,-4.0055,9.3640,-5.9960
245.033,-4.0055,9.3640,-5.9960
245.041,-4.0055,9.3640,-5.9960
245.049,-4.0055,9.3640,-5.9960
245.058,-4.0055,9.3640,-5.9960
245.066,-4.0055,9.3640,-5.9960
245.076,-4.0055,9.3640,-5.9960
245.084,-4.0055,9.3640,-5.9960
245.093,-4.0055,9.3640,-5.9960
245.102,-4.0055,9.3640,-5.9960
245.109,-4.0055,9.3640,-5.9960
245.119,-4.0055,9.3640,-5.9960
245.126,-4.0055,9.3640,-5.9960
245.135,-4.0055,9.3640,-5.9960
245.142,-4.0055,9.3640,-5.9960
245.150,-4.0055,9.3640,-5.9960
245.157,-4.0055,9.3640,-5.9960
245.165,-4.0055,9.3640,-5.9960
245.173,-4.0055,9.3640,-5.9960
245.180,-4.0055,9.3640,-5.9960
245.187,-4.0055,9.3640,-5.9960
245.195,-4.0055,9.3640,-5.9960
245.203,-4.0055,9.3640,-5.9960
245.210,-4.0055,9.3640,-5.9960
245.218,-4.0055,9.3640,-5.9960
245.225,-4.0055,9.3640,-5.9960
245.235,-4.0055,9.3640,-5.9960
245.242,-4.0055,9.3640,-5.9960
245.249,-4.0055,9.3639,-5.9960
245.259,-4.0055,9.3639,-5.9960
245.268,-4.0055,9.3639,-5.9960
245.277,-4.0055,9.3639,-5.9960
245.285,-4.0055,9.3638,-5.9960
245.294,-4.0055,9.3638,-5.9960
245.301,-4.0055,9.3638,-5.9960
245.309,-4.0055,9.3637,-5.9960
245.317,-4.0055,9.3637,-5.9960
245.325,-4.0055,9.3637,-5.9960
245.334,-4.0055,9.3637,-5.9960
245.341,-4.0055,9.3637,-5.9960
245.349,-4.0055,9.3634,-5.9960
245.357,-4.0055,9.3634,-5.9960
245.365,-4.0055,9.3631,-5.9960
245.374,-4.0055,9.3631,-5.9960
245.382,-4.0055,9.3631,-5.9960
245.390,-4.0055,9.3628,-5.9960
245.398,-4.0055,9.3628,-5.9960
245.408,-4.0055,9.3625,-5.9960
245.418,-4.0055,9.3625,-5.9960
245.424,-4.0055,9.3622,-5.9960
245.434,-4.0055,9.3622,-5.9960
245.440,-4.0055,9.3622,-5.9960
245.448,-4.0055,9.3618,-5.9960
245.455,-4.0055,9.3618,-5.9960
245.463,-4.0055,9.3618,-5.9960
245.471,-4.0055,9.3615,-5.9960
245.480,-4.0055,9.3615,-5.9960
245.487,-4.0055,9.3607,-5.9960
245.496,-4.0055,9.3607,-5.9960
245.504,-4.0055,9.3599,-5.9960
245.514,-4.0055,9.3599,-5.9960
245.521,-4.0055,9.3599,-5.9960
245.529,-4.0055,9.3591,-5.9960
245.537,-4.0055,9.3591,-5.9960
245.545,-4.0055,9.3583,-5.9960
245.554,-4.0055,9.3583,-5.9960
245.561,-4.0055,9.3583,-5.9960
245.568,-4.0055,9.3574,-5.9960
245.578,-4.0055,9.3574,-5.9960
245.585,-4.0055,9.3565,-5.9960
245.595,-4.0055,9.3565,-5.9960
245.603,-4.0055,9.3565,-5.9960
245.609,-4.0055,9.3556,-5.9960
245.618,-4.0055,9.3556,-5.9960
245.627,-4.0055,9.3547,-5.9960
245.637,-4.0055,9.3547,-5.9960
245.644,-4.0055,9.3538,-5.9960
245.652,-4.0055,9.3538,-5.9960
245.659,-4.0055,9.3538,-5.9960
245.668,-4.0055,9.3528,-5.9960
245.676,-4.0055,9.3528,-5.9960
245.684,-4.0055,9.3519,-5.9960
245.695,-4.0055,9.3519,-5.9960
245.704,-4.0055,9.3510,-5.9960
245.714,-4.0055,9.3510,-5.9960
245.721,-4.0055,9.3510,-5.9960
245.730,-4.0055,9.3500,-5.9960
245.740,-4.0055,9.3500,-5.9960
245.748,-4.0055,9.3490,-5.9960
245.756,-4.0055,9.3490,-5.9960
245.764,-4.0055,9.3481,-5.9960
245.773,-4.0055,9.3481,-5.9960
245.780,-4.0055,9.3481,-5.9960
245.787,-4.0055,9.3471,-5.9960
245.795,-4.0055,9.3471,-5.9960
245.803,-4.0055,9.3471,-5.9960
245.811,-4.0055,9.3461,-5.9960
245.819,-4.0055,9.3461,-5.9960
245.828,-4.0055,9.3452,-5.9960
245.836,-4.0055,9.3452,-5.9960
245.844,-4.0055,9.3452,-5.9960
245.851,-4.0055,9.3442,-5.9960
245.860,-4.0055,9.3442,-5.9960
245.867,-4.0055,9.3432,-5.9960
245.876,-4.0055,9.3432,-5.9960
245.883,-4.0055,9.3432,-5.9960
245.891,-4.0055,9.3422,-5.9960
245.902,-4.0055,9.3422,-5.9960
245.909,-4.0055,9.3413,-5.9960
245.918,-4.0055,9.3413,-5.9960
245.925,-4.0055,9.3403,-5.9960
245.935,-4.0055,9.3403,-5.9960
245.941,-4.0055,9.3403,-5.9960
245.949,-4.0055,9.3393,-5.9960
245.958,-4.0055,9.3393,-5.9960
245.967,-4.0055,9.3383,-5.9960
245.976,-4.0055,9.3383,-5.9960
245.985,-4.0055,9.3373,-5.9960
245.994,-4.0055,9.3373,-5.9960
246.003,-4.0055,9.3373,-5.9960
246.011,-4.0055,9.3362,-5.9960
246.021,-4.0055,9.3362,-5.9960
246.029,-4.0055,9.3352,-5.9960
246.040,-4.0055,9.3352,-5.9960
246.048,-4.0055,9.3331,-5.9960
246.058,-4.0055,9.3331,-5.9960
246.067,-4.0055,9.3310,-5.9960
246.076,-4.0055,9.3310,-5.9960
246.085,-4.0055,9.3289,-5.9960
246.095,-4.0055,9.3289,-5.9960
246.103,-4.0055,9.3289,-5.9960
246.111,-4.0055,9.3267,-5.9960
246.121,-4.0055,9.3267,-5.9960
246.130,-4.0055,9.3245,-5.9960
246.141,-4.0055,9.3245,-5.9960
246.149,-4.0055,9.3223,-5.9960
246.160,-4.0055,9.3223,-5.9960
246.170,-4.0055,9.3200,-5.9960
246.180,-4.0055,9.3200,-5.9960
246.189,-4.0055,9.3177,-5.9960
246.200,-4.0055,9.3177,-5.9960
246.207,-4.0055,9.3155,-5.9960
246.217,-4.0055,9.3155,-5.9960
246.224,-4.0055,9.3131,-5.9960
246.234,-4.0055,9.3131,-5.9960
246.241,-4.0055,9.3131,-5.9960
246.250,-4.0055,9.3108,-5.9960
246.258,-4.0055,9.3108,-5.9960
246.267,-4.0055,9.3085,-5.9960
246.276,-4.0055,9.3085,-5.9960
246.285,-4.0055,9.3061,-5.9960
246.294,-4.0055,9.3061,-5.9960
246.301,-4.0055,9.3061,-5.9960
246.310,-4.0055,9.3037,-5.9960
246.319,-4.0055,9.3037,-5.9960
246.328,-4.0055,9.3013,-5.9960
246.337,-4.0055,9.3013,-5.9960
246.346,-4.0055,9.2989,-5.9960
246.355,-4.0055,9.2989,-5.9960
246.363,-4.0055,9.2989,-5.9960
246.371,-4.0055,9.2965,-5.9960
246.381,-4.0055,9.2965,-5.9960
246.388,-4.0055,9.2941,-5.9960
246.397,-4.0055,9.2941,-5.9960
246.406,-4.0055,9.2916,-5.9960
246.416,-4.0055,9.2916,-5.9960
246.423,-4.0055,9.2916,-5.9960
246.431,-4.0055,9.2892,-5.9960
246.440,-4.0055,9.2892,-5.9960
246.447,-4.0055,9.2867,-5.9960
246.456,-4.0055,9.2867,-5.9960
246.463,-4.0055,9.2867,-5.9960
246.471,-4.0055,9.2842,-5.9960
246.479,-4.0055,9.2842,-5.9960
246.487,-4.0055,9.2817,-5.9960
246.496,-4.0055,9.2817,-5.9960
246.504,-4.0055,9.2817,-5.9960
246.511,-4.0055,9.2792,-5.9960
246.521,-4.0055,9.2792,-5.9960
246.529,-4.0055,9.2767,-5.9960
246.539,-4.0055,9.2767,-5.9960
246.546,-4.0055,9.2742,-5.9960
246.555,-4.0055,9.2742,-5.9960
246.564,-4.0055,9.2717,-5.9960
246.573,-4.0055,9.2717,-5.9960
246.581,-4.0055,9.2717,-5.9960
246.588,-4.0055,9.2692,-5.9960
246.599,-4.0055,9.2692,-5.9960
246.607,-4.0055,9.2667,-5.9960
246.616,-4.0055,9.2667,-5.9960
246.624,-4.0055,9.2667,-5.9960
246.632,-4.0055,9.2642,-5.9960
246.641,-4.0055,9.2642,-5.9960
246.649,-4.0055,9.2617,-5.9960
246.660,-4.0055,9.2617,-5.9960
246.668,-4.0055,9.2592,-5.9960
246.677,-4.0055,9.2592,-5.9960
246.685,-4.0055,9.2567,-5.9960
246.694,-4.0055,9.2567,-5.9960
246.702,-4.0055,9.2567,-5.9960
246.709,-4.0055,9.2542,-5.9960
246.720,-4.0055,9.2542,-5.9960
246.727,-4.0055,9.2517,-5.9960
246.737,-4.0055,9.2517,-5.9960
246.744,-4.0055,9.2517,-5.9960
246.752,-4.0055,9.2492,-5.9960
246.759,-4.0055,9.2492,-5.9960
246.768,-4.0055,9.2467,-5.9960
246.776,-4.0055,9.2467,-5.9960
246.784,-4.0055,9.2441,-5.9960
246.792,-4.0055,9.2441,-5.9960
246.800,-4.0055,9.2441,-5.9960
246.807,-4.0055,9.2416,-5.9960
246.816,-4.0055,9.2416,-5.9960
246.823,-4.0055,9.2416,-5.9960
246.832,-4.0055,9.2391,-5.9960
246.840,-4.0055,9.2391,-5.9960
246.848,-4.0055,9.2366,-5.9960
246.856,-4.0055,9.2366,-5.9960
246.865,-4.0055,9.2340,-5.9960
246.874,-4.0055,9.2340,-5.9960
246.882,-4.0055,9.2340,-5.9960
246.889,-4.0055,9.2315,-5.9960
246.899,-4.0055,9.2315,-5.9960
246.907,-4.0055,9.2290,-5.9960
246.915,-4.0055,9.2290,-5.9960
246.932,-4.0055,9.2264,-5.9960
246.943,-4.0055,9.2264,-5.9960
246.951,-4.0055,9.2238,-5.9960
246.961,-4.0055,9.2238,-5.9960
246.968,-4.0055,9.2213,-5.9960
246.978,-4.0055,9.2213,-5.9960
246.987,-4.0055,9.2187,-5.9960
246.996,-4.0055,9.2187,-5.9960
247.004,-4.0055,9.2187,-5.9960
247.011,-4.0055,9.2161,-5.9960
247.021,-4.0055,9.2161,-5.9960
247.029,-4.0055,9.2135,-5.9960
247.038,-4.0055,9.2135,-5.9960
247.047,-4.0055,9.2109,-5.9960
247.056,-4.0055,9.2109,-5.9960
247.064,-4.0055,9.2083,-5.9960
247.073,-4.0055,9.2083,-5.9960
247.081,-4.0055,9.2083,-5.9960
247.088,-4.0055,9.2057,-5.9960
247.099,-4.0055,9.2057,-5.9960
247.107,-4.0055,9.2030,-5.9960
247.117,-4.0055,9.2030,-5.9960
247.125,-4.0055,9.2004,-5.9960
247.137,-4.0055,9.2004,-5.9960
247.144,-4.0055,9.1977,-5.9960
247.153,-4.0055,9.1977,-5.9960
247.160,-4.0055,9.1977,-5.9960
247.169,-4.0055,9.1951,-5.9960
247.179,-4.0055,9.1951,-5.9960
247.187,-4.0055,9.1924,-5.9960
247.196,-4.0055,9.1924,-5.9960
247.205,-4.0055,9.1897,-5.9960
247.216,-4.0055,9.1897,-5.9960
247.225,-4.0055,9.1871,-5.9960
247.236,-4.0055,9.1871,-5.9960
247.243,-4.0055,9.1871,-5.9960
247.252,-4.0055,9.1844,-5.9960
247.262,-4.0055,9.1844,-5.9960
247.270,-4.0055,9.1817,-5.9960
247.281,-4.0055,9.1817,-5.9960
247.290,-4.0055,9.1791,-5.9960
247.301,-4.0055,9.1791,-5.9960
247.309,-4.0055,9.1764,-5.9960
247.320,-4.0055,9.1764,-5.9960
247.329,-4.0055,9.1737,-5.9960
247.340,-4.0055,9.1737,-5.9960
247.349,-4.0055,9.1711,-5.9960
247.358,-4.0055,9.1711,-5.9960
247.367,-4.0055,9.1684,-5.9960
247.378,-4.0055,9.1684,-5.9960
247.387,-4.0055,9.1657,-5.9960
247.398,-4.0055,9.1657,-5.9960
247.409,-4.0055,9.1631,-5.9960
247.421,-4.0055,9.1631,-5.9960
247.431,-4.0055,9.1604,-5.9960
247.442,-4.0055,9.1604,-5.9960
247.450,-4.0055,9.1577,-5.9960
247.460,-4.0055,9.1577,-5.9960
247.468,-4.0055,9.1551,-5.9960
247.477,-4.0055,9.1551,-5.9960
247.485,-4.0055,9.1524,-5.9960
247.495,-4.0055,9.1524,-5.9960
247.504,-4.0055,9.1524,-5.9960
247.512,-4.0055,9.1497,-5.9960
247.522,-4.0055,9.1497,-5.9960
247.531,-4.0055,9.1471,-5.9960
247.540,-4.0055,9.1471,-5.9960
247.548,-4.0055,9.1444,-5.9960
247.556,-4.0055,9.1444,-5.9960
247.565,-4.0055,9.1417,-5.9960
247.576,-4.0055,9.1417,-5.9960
247.584,-4.0055,9.1391,-5.9960
247.594,-4.0055,9.1391,-5.9960
247.603,-4.0055,9.1391,-5.9960
247.611,-4.0055,9.1364,-5.9960
247.623,-4.0055,9.1364,-5.9960
247.632,-4.0055,9.1337,-5.9960
247.641,-4.0055,9.1337,-5.9960
247.649,-4.0055,9.1311,-5.9960
247.658,-4.0055,9.1311,-5.9960
247.665,-4.0055,9.1284,-5.9960
247.676,-4.0055,9.1284,-5.9960
247.683,-4.0055,9.1284,-5.9960
247.690,-4.0055,9.1257,-5.9960
247.701,-4.0055,9.1257,-5.9960
247.707,-4.0055,9.1231,-5.9960
247.717,-4.0055,9.1231,-5.9960
247.723,-4.0055,9.1231,-5.9960
247.732,-4.0055,9.1204,-5.9960
247.742,-4.0055,9.1204,-5.9960
247.750,-4.0055,9.1177,-5.9960
247.758,-4.0055,9.1177,-5.9960
247.767,-4.0055,9.1151,-5.9960
247.775,-4.0055,9.1151,-5.9960
247.783,-4.0055,9.1151,-5.9960
247.790,-4.0055,9.1124,-5.9960
247.800,-4.0055,9.1124,-5.9960
247.807,-4.0055,9.1097,-5.9960
247.815,-4.0055,9.1097,-5.9960
247.822,-4.0055,9.1097,-5.9960
247.830,-4.0055,9.1071,-5.9960
247.837,-4.0055,9.1071,-5.9960
247.845,-4.0055,9.1044,-5.9960
247.853,-4.0055,9.1044,-5.9960
247.861,-4.0055,9.1044,-5.9960
247.868,-4.0055,9.1017,-5.9960
247.877,-4.0055,9.1017,-5.9960
247.885,-4.0055,9.0991,-5.9960
247.894,-4.0055,9.0991,-5.9960
247.902,-4.0055,9.0991,-5.9960
247.911,-4.0055,9.0964,-5.9960
247.920,-4.0055,9.0964,-5.9960
247.928,-4.0055,9.0937,-5.9960
247.936,-4.0055,9.0937,-5.9960
247.944,-4.0055,9.0937,-5.9960
247.953,-4.0055,9.0911,-5.9960
247.962,-4.0055,9.0911,-5.9960
247.969,-4.0055,9.0884,-5.9960
247.978,-4.0055,9.0884,-5.9960
247.986,-4.0055,9.0857,-5.9960
247.994,-4.0055,9.0857,-5.9960
248.003,-4.0055,9.0857,-5.9960
248.009,-4.0055,9.0831,-5.9960
248.020,-4.0055,9.0831,-5.9960
248.028,-4.0055,9.0804,-5.9960
248.038,-4.0055,9.0804,-5.9960
248.044,-4.0055,9.0777,-5.9960
248.054,-4.0055,9.0777,-5.9960
248.061,-4.0055,9.0777,-5.9960
248.069,-4.0055,9.0751,-5.9960
248.078,-4.0055,9.0751,-5.9960
248.085,-4.0055,9.0724,-5.9960
248.094,-4.0055,9.0724,-5.9960
248.101,-4.0055,9.0724,-5.9960
248.108,-4.0055,9.0697,-5.9960
248.118,-4.0055,9.0697,-5.9960
248.125,-4.0055,9.0671,-5.9960
248.136,-4.0055,9.0671,-5.9960
248.143,-4.0055,9.0671,-5.9960
248.150,-4.0055,9.0644,-5.9960
248.158,-4.0055,9.0644,-5.9960
248.167,-4.0055,9.0617,-5.9960
248.176,-4.0055,9.0617,-5.9960
248.183,-4.0055,9.0617,-5.9960
248.190,-4.0055,9.0591,-5.9960
248.199,-4.0055,9.0591,-5.9960
248.207,-4.0055,9.0564,-5.9960
248.216,-4.0055,9.0564,-5.9960
248.223,-4.0055,9.0564,-5.9960
248.231,-4.0055,9.0537,-5.9960
248.240,-4.0055,9.0537,-5.9960
248.247,-4.0055,9.0511,-5.9960
248.255,-4.0055,9.0511,-5.9960
248.263,-4.0055,9.0511,-5.9960
248.270,-4.0055,9.0484,-5.9960
248.278,-4.0055,9.0484,-5.9960
248.286,-4.0055,9.0457,-5.9960
248.293,-4.0055,9.0457,-5.9960
248.302,-4.0055,9.0457,-5.9960
248.309,-4.0055,9.0431,-5.9960
248.319,-4.0055,9.0431,-5.9960
248.325,-4.0055,9.0404,-5.9960
248.336,-4.0055,9.0404,-5.9960
248.343,-4.0055,9.0404,-5.9960
248.351,-4.0055,9.0377,-5.9960
248.360,-4.0055,9.0377,-5.9960
248.369,-4.0055,9.0351,-5.9960
248.378,-4.0055,9.0351,-5.9960
248.386,-4.0055,9.0324,-5.9960
248.394,-4.0055,9.0324,-5.9960
248.403,-4.0055,9.0324,-5.9960
248.410,-4.0055,9.0297,-5.9960
248.418,-4.0055,9.0297,-5.9960
248.426,-4.0055,9.0271,-5.9960
248.436,-4.0055,9.0271,-5.9960
248.443,-4.0055,9.0271,-5.9960
248.450,-4.0055,9.0244,-5.9960
248.459,-4.0055,9.0244,-5.9960
248.468,-4.0055,9.0217,-5.9960
248.477,-4.0055,9.0217,-5.9960
248.486,-4.0055,9.0191,-5.9960
248.496,-4.0055,9.0191,-5.9960
248.504,-4.0055,9.0164,-5.9960
248.514,-4.0055,9.0164,-5.9960
248.523,-4.0055,9.0164,-5.9960
248.531,-4.0055,9.0137,-5.9960
248.540,-4.0055,9.0137,-5.9960
248.548,-4.0055,9.0111,-5.9960
248.558,-4.0055,9.0111,-5.9960
248.567,-4.0055,9.0084,-5.9960
248.575,-4.0055,9.0084,-5.9960
248.584,-4.0055,9.0057,-5.9960
248.593,-4.0055,9.0057,-5.9960
248.602,-4.0055,9.0057,-5.9960
248.610,-4.0055,9.0031,-5.9960
248.620,-4.0055,9.0031,-5.9960
248.628,-4.0055,9.0004,-5.9960
248.639,-4.0055,9.0004,-5.9960
248.647,-4.0055,8.9977,-5.9960
248.657,-4.0055,8.9977,-5.9960
248.667,-4.0055,8.9951,-5.9960
248.679,-4.0055,8.9951,-5.9960
248.688,-4.0055,8.9924,-5.9960
248.699,-4.0055,8.9924,-5.9960
248.709,-4.0055,8.9897,-5.9960
248.718,-4.0055,8.9897,-5.9960
248.727,-4.0055,8.9871,-5.9960
248.737,-4.0055,8.9871,-5.9960
248.745,-4.0055,8.9844,-5.9960
248.755,-4.0055,8.9844,-5.9960
248.763,-4.0055,8.9844,-5.9960
248.771,-4.0055,8.9817,-5.9960
248.781,-4.0055,8.9817,-5.9960
248.789,-4.0055,8.9791,-5.9960
248.801,-4.0055,8.9791,-5.9960
248.809,-4.0055,8.9764,-5.9960
248.819,-4.0055,8.9764,-5.9960
248.827,-4.0055,8.9737,-5.9960
248.838,-4.0055,8.9737,-5.9960
248.845,-4.0055,8.9711,-5.9960
248.855,-4.0055,8.9711,-5.9960
248.864,-4.0055,8.9711,-5.9960
248.873,-4.0055,8.9684,-5.9960
248.884,-4.0055,8.9657,-5.9960
248.894,-4.0055,8.9657,-5.9960
248.902,-4.0055,8.9657,-5.9960
248.909,-4.0055,8.9631,-5.9960
248.919,-4.0055,8.9631,-5.9960
248.926,-4.0055,8.9604,-5.9960
248.935,-4.0055,8.9604,-5.9960
248.945,-4.0055,8.9577,-5.9960
248.960,-4.0055,8.9577,-5.9960
248.970,-4.0055,8.9551,-5.9960
248.979,-4.0055,8.9551,-5.9960
248.987,-4.0055,8.9524,-5.9960
248.996,-4.0055,8.9524,-5.9960
249.004,-4.0055,8.9497,-5.9960
249.013,-4.0055,8.9497,-5.9960
249.021,-4.0055,8.9497,-5.9960
249.029,-4.0055,8.9471,-5.9960
249.037,-4.0055,8.9471,-5.9960
249.045,-4.0055,8.9444,-5.9960
249.053,-4.0055,8.9444,-5.9960
249.062,-4.0055,8.9444,-5.9960
249.069,-4.0055,8.9417,-5.9960
249.081,-4.0055,8.9417,-5.9960
249.091,-4.0055,8.9391,-5.9960
249.104,-4.0055,8.9364,-5.9960
249.112,-4.0055,8.9364,-5.9960
249.120,-4.0055,8.9364,-5.9960
249.131,-4.0055,8.9337,-5.9960
249.145,-4.0055,8.9311,-5.9960
249.156,-4.0055,8.9311,-5.9960
249.165,-4.0055,8.9284,-5.9960
249.175,-4.0055,8.9284,-5.9960
249.183,-4.0055,8.9284,-5.9960
249.190,-4.0055,8.9257,-5.9960
249.200,-4.0055,8.9257,-5.9960
249.207,-4.0055,8.9231,-5.9960
249.217,-4.0055,8.9231,-5.9960
249.224,-4.0055,8.9204,-5.9960
249.236,-4.0055,8.9204,-5.9960
249.244,-4.0055,8.9177,-5.9960
249.254,-4.0055,8.9177,-5.9960
249.262,-4.0055,8.9177,-5.9960
249.270,-4.0055,8.9151,-5.9960
249.280,-4.0055,8.9151,-5.9960
249.287,-4.0055,8.9124,-5.9960
249.296,-4.0055,8.9124,-5.9960
249.304,-4.0055,8.9124,-5.9960
249.313,-4.0055,8.9097,-5.9960
249.323,-4.0055,8.9097,-5.9960
249.333,-4.0055,8.9071,-5.9960
249.344,-4.0055,8.9071,-5.9960
249.351,-4.0055,8.9044,-5.9960
249.361,-4.0055,8.9044,-5.9960
249.369,-4.0055,8.9017,-5.9960
249.379,-4.0055,8.9017,-5.9960
249.386,-4.0055,8.8991,-5.9960
249.396,-4.0055,8.8991,-5.9960
249.406,-4.0055,8.8964,-5.9960
249.415,-4.0055,8.8964,-5.9960
249.426,-4.0055,8.8937,-5.9960
249.438,-4.0055,8.8937,-5.9960
249.445,-4.0055,8.8911,-5.9960
249.455,-4.0055,8.8911,-5.9960
249.462,-4.0055,8.8911,-5.9960
249.470,-4.0055,8.8884,-5.9960
249.479,-4.0055,8.8884,-5.9960
249.487,-4.0055,8.8857,-5.9960
249.498,-4.0055,8.8857,-5.9960
249.506,-4.0055,8.8831,-5.9960
249.515,-4.0055,8.8831,-5.9960
249.524,-4.0055,8.8831,-5.9960
249.533,-4.0055,8.8804,-5.9960
249.543,-4.0055,8.8804,-5.9960
249.551,-4.0055,8.8777,-5.9960
249.560,-4.0055,8.8777,-5.9960
249.567,-4.0055,8.8751,-5.9960
249.577,-4.0055,8.8751,-5.9960
249.585,-4.0055,8.8724,-5.9960
249.593,-4.0055,8.8724,-5.9960
249.602,-4.0055,8.8724,-5.9960
249.609,-4.0055,8.8697,-5.9960
249.620,-4.0055,8.8697,-5.9960
249.629,-4.0055,8.8671,-5.9960
249.638,-4.0055,8.8671,-5.9960
249.645,-4.0055,8.8644,-5.9960
249.654,-4.0055,8.8644,-5.9960
249.663,-4.0055,8.8644,-5.9960
249.672,-4.0055,8.8617,-5.9960
249.684,-4.0055,8.8591,-5.9960
249.694,-4.0055,8.8591,-5.9960
249.702,-4.0055,8.8591,-5.9960
249.711,-4.0055,8.8564,-5.9960
249.723,-4.0055,8.8564,-5.9960
249.732,-4.0055,8.8537,-5.9960
249.741,-4.0055,8.8537,-5.9960
249.749,-4.0055,8.8511,-5.9960
249.757,-4.0055,8.8511,-5.9960
249.767,-4.0055,8.8484,-5.9960
249.777,-4.0055,8.8484,-5.9960
249.785,-4.0055,8.8457,-5.9960
249.795,-4.0055,8.8457,-5.9960
249.803,-4.0055,8.8457,-5.9960
249.811,-4.0055,8.8431,-5.9960
249.820,-4.0055,8.8431,-5.9960
249.829,-4.0055,8.8404,-5.9960
249.838,-4.0055,8.8404,-5.9960
249.846,-4.0055,8.8377,-5.9960
249.856,-4.0055,8.8377,-5.9960
249.864,-4.0055,8.8377,-5.9960
249.872,-4.0055,8.8351,-5.9960
249.881,-4.0055,8.8351,-5.9960
249.889,-4.0055,8.8324,-5.9960
249.898,-4.0055,8.8324,-5.9960
249.908,-4.0055,8.8297,-5.9960
249.919,-4.0055,8.8297,-5.9960
249.927,-4.0055,8.8271,-5.9960
249.938,-4.0055,8.8271,-5.9960
249.947,-4.0055,8.8244,-5.9960
249.958,-4.0055,8.8244,-5.9960
249.968,-4.0055,8.8217,-5.9960
249.976,-4.0055,8.8217,-5.9960
249.984,-4.0055,8.8191,-5.9960
249.993,-4.0055,8.8191,-5.9960
250.002,-4.0055,8.8191,-5.9960
250.010,-4.0055,8.8164,-5.9960
250.019,-4.0055,8.8164,-5.9960
250.027,-4.0055,8.8137,-5.9960
250.038,-4.0055,8.8137,-5.9960
250.046,-4.0055,8.8111,-5.9960
250.055,-4.0055,8.8111,-5.9960
250.063,-4.0055,8.8111,-5.9960
250.071,-4.0055,8.8084,-5.9960
250.080,-4.0055,8.8084,-5.9960
250.088,-4.0055,8.8057,-5.9960
250.098,-4.0055,8.8057,-5.9960
250.106,-4.0055,8.8031,-5.9960
250.116,-4.0055,8.8031,-5.9960
250.124,-4.0055,8.8004,-5.9960
250.134,-4.0055,8.8004,-5.9960
250.142,-4.0055,8.8004,-5.9960
250.150,-4.0055,8.7977,-5.9960
250.160,-4.0055,8.7977,-5.9960
250.168,-4.0055,8.7951,-5.9960
250.176,-4.0055,8.7951,-5.9960
250.184,-4.0055,8.7924,-5.9960
250.193,-4.0055,8.7924,-5.9960
250.201,-4.0055,8.7924,-5.9960
250.208,-4.0055,8.7897,-5.9960
250.217,-4.0055,8.7897,-5.9960
250.224,-4.0055,8.7897,-5.9960
250.232,-4.0055,8.7871,-5.9960
250.240,-4.0055,8.7871,-5.9960
250.248,-4.0055,8.7844,-5.9960
250.257,-4.0055,8.7844,-5.9960
250.265,-4.0055,8.7817,-5.9960
250.274,-4.0055,8.7817,-5.9960
250.281,-4.0055,8.7817,-5.9960
250.288,-4.0055,8.7791,-5.9960
250.298,-4.0055,8.7791,-5.9960
250.305,-4.0055,8.7764,-5.9960
250.314,-4.0055,8.7764,-5.9960
250.321,-4.0055,8.7764,-5.9960
250.329,-4.0055,8.7737,-5.9960
250.337,-4.0055,8.7737,-5.9960
250.345,-4.0055,8.7711,-5.9960
250.354,-4.0055,8.7711,-5.9960
250.361,-4.0055,8.7711,-5.9960
250.369,-4.0055,8.7684,-5.9960
250.377,-4.0055,8.7684,-5.9960
250.384,-4.0055,8.7657,-5.9960
250.392,-4.0055,8.7657,-5.9960
250.400,-4.0055,8.7657,-5.9960
250.408,-4.0055,8.7631,-5.9960
250.417,-4.0055,8.7631,-5.9960
250.423,-4.0055,8.7631,-5.9960
250.431,-4.0055,8.7604,-5.9960
250.440,-4.0055,8.7604,-5.9960
250.446,-4.0055,8.7577,-5.9960
250.455,-4.0055,8.7577,-5.9960
250.462,-4.0055,8.7577,-5.9960
250.471,-4.0055,8.7551,-5.9960
250.479,-4.0055,8.7551,-5.9960
250.487,-4.0055,8.7524,-5.9960
250.495,-4.0055,8.7524,-5.9960
250.502,-4.0055,8.7524,-5.9960
250.509,-4.0055,8.7497,-5.9960
250.519,-4.0055,8.7497,-5.9960
250.526,-4.0055,8.7471,-5.9960
250.535,-4.0055,8.7471,-5.9960
250.542,-4.0055,8.7471,-5.9960
250.551,-4.0055,8.7444,-5.9960
250.560,-4.0055,8.7444,-5.9960
250.567,-4.0055,8.7417,-5.9960
250.576,-4.0055,8.7417,-5.9960
250.583,-4.0055,8.7417,-5.9960
250.590,-4.0055,8.7391,-5.9960
250.598,-4.0055,8.7391,-5.9960
250.605,-4.0055,8.7364,-5.9960
250.615,-4.0055,8.7364,-5.9960
250.622,-4.0055,8.7364,-5.9960
250.630,-4.0055,8.7337,-5.9960
250.639,-4.0055,8.7337,-5.9960
250.646,-4.0055,8.7311,-5.9960
250.655,-4.0055,8.7311,-5.9960
250.663,-4.0055,8.7311,-5.9960
250.672,-4.0055,8.7284,-5.9960
250.680,-4.0055,8.7284,-5.9960
250.688,-4.0055,8.7257,-5.9960
250.698,-4.0055,8.7257,-5.9960
250.706,-4.0055,8.7231,-5.9960
250.714,-4.0055,8.7231,-5.9960
250.722,-4.0055,8.7231,-5.9960
250.730,-4.0055,8.7204,-5.9960
250.739,-4.0055,8.7204,-5.9960
250.746,-4.0055,8.7177,-5.9960
250.755,-4.0055,8.7177,-5.9960
250.765,-4.0055,8.7151,-5.9960
250.773,-4.0055,8.7151,-5.9960
250.782,-4.0055,8.7151,-5.9960
250.789,-4.0055,8.7124,-5.9960
250.800,-4.0055,8.7124,-5.9960
250.807,-4.0055,8.7097,-5.9960
250.817,-4.0055,8.7097,-5.9960
250.824,-4.0055,8.7071,-5.9960
250.834,-4.0055,8.7071,-5.9960
250.842,-4.0055,8.7071,-5.9960
250.850,-4.0055,8.7044,-5.9960
250.859,-4.0055,8.7044,-5.9960
250.868,-4.0055,8.7017,-5.9960
250.877,-4.0055,8.7017,-5.9960
250.886,-4.0055,8.6991,-5.9960
250.895,-4.0055,8.6991,-5.9960
250.904,-4.0055,8.6964,-5.9960
250.913,-4.0055,8.6964,-5.9960
250.922,-4.0055,8.6964,-5.9960
250.930,-4.0055,8.6937,-5.9960
250.941,-4.0055,8.6937,-5.9960
250.950,-4.0055,8.6911,-5.9960
250.959,-4.0055,8.6911,-5.9960
250.967,-4.0055,8.6884,-5.9960
250.985,-4.0055,8.6857,-5.9960
250.997,-4.0055,8.6857,-5.9960
251.005,-4.0055,8.6831,-5.9960
251.017,-4.0055,8.6831,-5.9960
251.026,-4.0055,8.6804,-5.9960
251.037,-4.0055,8.6804,-5.9960
251.047,-4.0055,8.6777,-5.9960
251.057,-4.0055,8.6777,-5.9960
251.066,-4.0055,8.6751,-5.9960
251.076,-4.0055,8.6751,-5.9960
251.084,-4.0055,8.6724,-5.9960
251.094,-4.0055,8.6724,-5.9960
251.103,-4.0055,8.6724,-5.9960
251.111,-4.0055,8.6697,-5.9960
251.121,-4.0055,8.6697,-5.9960
251.129,-4.0055,8.6671,-5.9960
251.140,-4.0055,8.6671,-5.9960
251.149,-4.0055,8.6644,-5.9960
251.159,-4.0055,8.6644,-5.9960
251.169,-4.0055,8.6617,-5.9960
251.178,-4.0055,8.6617,-5.9960
251.188,-4.0055,8.6591,-5.9960
251.200,-4.0055,8.6591,-5.9960
251.208,-4.0055,8.6564,-5.9960
251.219,-4.0055,8.6564,-5.9960
251.228,-4.0055,8.6537,-5.9960
251.239,-4.0055,8.6537,-5.9960
251.248,-4.0055,8.6511,-5.9960
251.257,-4.0055,8.6511,-5.9960
251.265,-4.0055,8.6484,-5.9960
251.275,-4.0055,8.6484,-5.9960
251.283,-4.0055,8.6484,-5.9960
251.290,-4.0055,8.6457,-5.9960
251.301,-4.0055,8.6457,-5.9960
251.308,-4.0055,8.6431,-5.9960
251.318,-4.0055,8.6431,-5.9960
251.326,-4.0055,8.6404,-5.9960
251.337,-4.0055,8.6404,-5.9960
251.344,-4.0055,8.6377,-5.9960
251.354,-4.0055,8.6377,-5.9960
251.362,-4.0055,8.6377,-5.9960
251.370,-4.0055,8.6351,-5.9960
251.379,-4.0055,8.6351,-5.9960
251.387,-4.0055,8.6324,-5.9960
251.397,-4.0055,8.6324,-5.9960
251.406,-4.0055,8.6297,-5.9960
251.415,-4.0055,8.6297,-5.9960
251.422,-4.0055,8.6297,-5.9960
251.430,-4.0055,8.6271,-5.9960
251.439,-4.0055,8.6271,-5.9960
251.446,-4.0055,8.6244,-5.9960
251.456,-4.0055,8.6244,-5.9960
251.463,-4.0055,8.6244,-5.9960
251.470,-4.0055,8.6217,-5.9960
251.479,-4.0055,8.6217,-5.9960
251.487,-4.0055,8.6191,-5.9960
251.495,-4.0055,8.6191,-5.9960
251.502,-4.0055,8.6191,-5.9960
251.509,-4.0055,8.6164,-5.9960
251.518,-4.0055,8.6164,-5.9960
251.525,-4.0055,8.6137,-5.9960
251.534,-4.0055,8.6137,-5.9960
251.542,-4.0055,8.6137,-5.9960
251.549,-4.0055,8.6111,-5.9960
251.557,-4.0055,8.6111,-5.9960
251.565,-4.0055,8.6084,-5.9960
251.573,-4.0055,8.6084,-5.9960
251.580,-4.0055,8.6084,-5.9960
251.587,-4.0055,8.6057,-5.9960
251.595,-4.0055,8.6057,-5.9960
251.602,-4.0055,8.6057,-5.9960
251.609,-4.0055,8.6031,-5.9960
251.619,-4.0055,8.6031,-5.9960
251.626,-4.0055,8.6004,-5.9960
251.636,-4.0055,8.6004,-5.9960
251.643,-4.0055,8.6004,-5.9960
251.651,-4.0055,8.5977,-5.9960
251.660,-4.0055,8.5977,-5.9960
251.668,-4.0055,8.5951,-5.9960
251.675,-4.0055,8.5951,-5.9960
251.683,-4.0055,8.5951,-5.9960
251.690,-4.0055,8.5924,-5.9960
251.700,-4.0055,8.5924,-5.9960
251.707,-4.0055,8.5897,-5.9960
251.716,-4.0055,8.5897,-5.9960
251.723,-4.0055,8.5897,-5.9960
251.732,-4.0055,8.5871,-5.9960
251.739,-4.0055,8.5871,-5.9960
251.747,-4.0055,8.5844,-5.9960
251.755,-4.0055,8.5844,-5.9960
251.763,-4.0055,8.5844,-5.9960
251.769,-4.0055,8.5817,-5.9960
251.778,-4.0055,8.5817,-5.9960
251.785,-4.0055,8.5791,-5.9960
251.795,-4.0055,8.5791,-5.9960
251.802,-4.0055,8.5791,-5.9960
251.810,-4.0055,8.5764,-5.9960
251.820,-4.0055,8.5764,-5.9960
251.827,-4.0055,8.5737,-5.9960
251.837,-4.0055,8.5737,-5.9960
251.843,-4.0055,8.5737,-5.9960
251.851,-4.0055,8.5711,-5.9960
251.860,-4.0055,8.5711,-5.9960
251.867,-4.0055,8.5684,-5.9960
251.875,-4.0055,8.5684,-5.9960
251.883,-4.0055,8.5684,-5.9960
251.889,-4.0055,8.5657,-5.9960
251.898,-4.0055,8.5657,-5.9960
251.905,-4.0055,8.5631,-5.9960
251.914,-4.0055,8.5631,-5.9960
251.921,-4.0055,8.5631,-5.9960
251.929,-4.0055,8.5604,-5.9960
251.939,-4.0055,8.5604,-5.9960
251.947,-4.0055,8.5577,-5.9960
251.956,-4.0055,8.5577,-5.9960
251.964,-4.0055,8.5551,-5.9960
251.973,-4.0055,8.5551,-5.9960
251.981,-4.0055,8.5551,-5.9960
251.987,-4.0055,8.5524,-5.9960
251.996,-4.0055,8.5524,-5.9960
252.004,-4.0055,8.5497,-5.9960
252.013,-4.0055,8.5497,-5.9960
252.021,-4.0055,8.5497,-5.9960
252.029,-4.0055,8.5471,-5.9960
252.038,-4.0055,8.5471,-5.9960
252.045,-4.0055,8.5444,-5.9960
252.054,-4.0055,8.5444,-5.9960
252.062,-4.0055,8.5444,-5.9960
252.069,-4.0055,8.5417,-5.9960
252.078,-4.0055,8.5417,-5.9960
252.086,-4.0055,8.5391,-5.9960
252.097,-4.0055,8.5391,-5.9960
252.106,-4.0055,8.5364,-5.9960
252.116,-4.0055,8.5364,-5.9960
252.124,-4.0055,8.5337,-5.9960
252.135,-4.0055,8.5337,-5.9960
252.142,-4.0055,8.5337,-5.9960
252.150,-4.0055,8.5311,-5.9960
252.158,-4.0055,8.5311,-5.9960
252.166,-4.0055,8.5284,-5.9960
252.175,-4.0055,8.5284,-5.9960
252.183,-4.0055,8.5284,-5.9960
252.190,-4.0055,8.5257,-5.9960
252.199,-4.0055,8.5257,-5.9960
252.206,-4.0055,8.5231,-5.9960
252.216,-4.0055,8.5231,-5.9960
252.223,-4.0055,8.5231,-5.9960
252.232,-4.0055,8.5204,-5.9960
252.240,-4.0055,8.5204,-5.9960
252.248,-4.0055,8.5177,-5.9960
252.257,-4.0055,8.5177,-5.9960
252.265,-4.0055,8.5151,-5.9960
252.274,-4.0055,8.5151,-5.9960
252.281,-4.0055,8.5151,-5.9960
252.290,-4.0055,8.5124,-5.9960
252.301,-4.0055,8.5124,-5.9960
252.309,-4.0055,8.5097,-5.9960
252.318,-4.0055,8.5097,-5.9960
252.326,-4.0055,8.5071,-5.9960
252.336,-4.0055,8.5071,-5.9960
252.343,-4.0055,8.5071,-5.9960
252.351,-4.0055,8.5044,-5.9960
252.360,-4.0055,8.5044,-5.9960
252.369,-4.0055,8.5017,-5.9960
252.377,-4.0055,8.5017,-5.9960
252.385,-4.0055,8.4991,-5.9960
252.394,-4.0055,8.4991,-5.9960
252.402,-4.0055,8.4991,-5.9960
252.410,-4.0055,8.4964,-5.9960
252.422,-4.0055,8.4964,-5.9960
252.431,-4.0055,8.4937,-5.9960
252.442,-4.0055,8.4937,-5.9960
252.451,-4.0055,8.4911,-5.9960
252.460,-4.0055,8.4911,-5.9960
252.468,-4.0055,8.4884,-5.9960
252.477,-4.0055,8.4884,-5.9960
252.485,-4.0055,8.4857,-5.9960
252.495,-4.0055,8.4857,-5.9960
252.503,-4.0055,8.4857,-5.9960
252.510,-4.0055,8.4831,-5.9960
252.522,-4.0055,8.4831,-5.9960
252.529,-4.0055,8.4804,-5.9960
252.539,-4.0055,8.4804,-5.9960
252.548,-4.0055,8.4777,-5.9960
252.557,-4.0055,8.4777,-5.9960
252.566,-4.0055,8.4751,-5.9960
252.575,-4.0055,8.4751,-5.9960
252.583,-4.0055,8.4751,-5.9960
252.590,-4.0055,8.4724,-5.9960
252.601,-4.0055,8.4724,-5.9960
252.609,-4.0055,8.4697,-5.9960
252.620,-4.0055,8.4697,-5.9960
252.628,-4.0055,8.4671,-5.9960
252.639,-4.0055,8.4671,-5.9960
252.645,-4.0055,8.4644,-5.9960
252.656,-4.0055,8.4644,-5.9960
252.663,-4.0055,8.4644,-5.9960
252.671,-4.0055,8.4617,-5.9960
252.679,-4.0055,8.4617,-5.9960
252.687,-4.0055,8.4591,-5.9960
252.696,-4.0055,8.4591,-5.9960
252.702,-4.0055,8.4591,-5.9960
252.709,-4.0055,8.4564,-5.9960
252.719,-4.0055,8.4564,-5.9960
252.727,-4.0055,8.4537,-5.9960
252.736,-4.0055,8.4537,-5.9960
252.743,-4.0055,8.4537,-5.9960
252.751,-4.0055,8.4511,-5.9960
252.761,-4.0055,8.4511,-5.9960
252.768,-4.0055,8.4484,-5.9960
252.777,-4.0055,8.4484,-5.9960
252.784,-4.0055,8.4457,-5.9960
252.792,-4.0055,8.4457,-5.9960
252.799,-4.0055,8.4457,-5.9960
252.807,-4.0055,8.4431,-5.9960
252.816,-4.0055,8.4431,-5.9960
252.823,-4.0055,8.4431,-5.9960
252.831,-4.0055,8.4404,-5.9960
252.841,-4.0055,8.4404,-5.9960
252.848,-4.0055,8.4377,-5.9960
252.856,-4.0055,8.4377,-5.9960
252.863,-4.0055,8.4377,-5.9960
252.871,-4.0055,8.4351,-5.9960
252.879,-4.0055,8.4351,-5.9960
252.887,-4.0055,8.4324,-5.9960
252.895,-4.0055,8.4324,-5.9960
252.903,-4.0055,8.4324,-5.9960
252.911,-4.0055,8.4297,-5.9960
252.920,-4.0055,8.4297,-5.9960
252.928,-4.0055,8.4271,-5.9960
252.938,-4.0055,8.4271,-5.9960
252.944,-4.0055,8.4271,-5.9960
252.953,-4.0055,8.4244,-5.9960
252.962,-4.0055,8.4244,-5.9960
252.977,-4.0055,8.4217,-5.9960
252.987,-4.0055,8.4191,-5.9960
252.998,-4.0055,8.4191,-5.9960
253.005,-4.0055,8.4164,-5.9960
253.014,-4.0055,8.4164,-5.9960
253.021,-4.0055,8.4164,-5.9960
253.029,-4.0055,8.4137,-5.9960
253.037,-4.0055,8.4137,-5.9960
253.045,-4.0055,8.4111,-5.9960
253.054,-4.0055,8.4111,-5.9960
253.061,-4.0055,8.4111,-5.9960
253.069,-4.0055,8.4084,-5.9960
253.078,-4.0055,8.4084,-5.9960
253.085,-4.0055,8.4057,-5.9960
253.094,-4.0055,8.4057,-5.9960
253.101,-4.0055,8.4057,-5.9960
253.109,-4.0055,8.4031,-5.9960
253.119,-4.0055,8.4031,-5.9960
253.126,-4.0055,8.4004,-5.9960
253.134,-4.0055,8.4004,-5.9960
253.141,-4.0055,8.4004,-5.9960
253.150,-4.0055,8.3977,-5.9960
253.158,-4.0055,8.3977,-5.9960
253.166,-4.0055,8.3951,-5.9960
253.174,-4.0055,8.3951,-5.9960
253.181,-4.0055,8.3951,-5.9960
253.189,-4.0055,8.3924,-5.9960
253.198,-4.0055,8.3924,-5.9960
253.206,-4.0055,8.3897,-5.9960
253.216,-4.0055,8.3897,-5.9960
253.223,-4.0055,8.3897,-5.9960
253.230,-4.0055,8.3871,-5.9960
253.240,-4.0055,8.3871,-5.9960
253.247,-4.0055,8.3844,-5.9960
253.255,-4.0055,8.3844,-5.9960
253.263,-4.0055,8.3844,-5.9960
253.270,-4.0055,8.3817,-5.9960
253.279,-4.0055,8.3817,-5.9960
253.286,-4.0055,8.3791,-5.9960
253.296,-4.0055,8.3791,-5.9960
253.303,-4.0055,8.3791,-5.9960
253.310,-4.0055,8.3764,-5.9960
253.319,-4.0055,8.3764,-5.9960
253.325,-4.0055,8.3737,-5.9960
253.335,-4.0055,8.3737,-5.9960
253.342,-4.0055,8.3737,-5.9960
253.349,-4.0055,8.3711,-5.9960
253.359,-4.0055,8.3711,-5.9960
253.367,-4.0055,8.3684,-5.9960
253.376,-4.0055,8.3684,-5.9960
253.383,-4.0055,8.3684,-5.9960
253.391,-4.0055,8.3657,-5.9960
253.401,-4.0055,8.3657,-5.9960
253.408,-4.0055,8.3631,-5.9960
253.417,-4.0055,8.3631,-5.9960
253.424,-4.0055,8.3604,-5.9960
253.434,-4.0055,8.3604,-5.9960
253.441,-4.0055,8.3604,-5.9960
253.449,-4.0055,8.3577,-5.9960
253.457,-4.0055,8.3577,-5.9960
253.465,-4.0055,8.3551,-5.9960
253.475,-4.0055,8.3551,-5.9960
253.483,-4.0055,8.3551,-5.9960
253.490,-4.0055,8.3524,-5.9960
253.501,-4.0055,8.3524,-5.9960
253.509,-4.0055,8.3497,-5.9960
253.519,-4.0055,8.3497,-5.9960
253.525,-4.0055,8.3471,-5.9960
253.537,-4.0055,8.3471,-5.9960
253.545,-4.0055,8.3444,-5.9960
253.555,-4.0055,8.3444,-5.9960
253.563,-4.0055,8.3444,-5.9960
253.571,-4.0055,8.3417,-5.9960
253.582,-4.0055,8.3417,-5.9960
253.589,-4.0055,8.3391,-5.9960
253.601,-4.0055,8.3391,-5.9960
253.609,-4.0055,8.3364,-5.9960
253.619,-4.0055,8.3364,-5.9960
253.627,-4.0055,8.3337,-5.9960
253.638,-4.0055,8.3337,-5.9960
253.646,-4.0055,8.3311,-5.9960
253.656,-4.0055,8.3311,-5.9960
253.664,-4.0055,8.3284,-5.9960
253.674,-4.0055,8.3284,-5.9960
253.683,-4.0055,8.3284,-5.9960
253.691,-4.0055,8.3257,-5.9960
253.703,-4.0055,8.3257,-5.9960
253.712,-4.0055,8.3231,-5.9960
253.723,-4.0055,8.3231,-5.9960
253.731,-4.0055,8.3204,-5.9960
253.741,-4.0055,8.3204,-5.9960
253.750,-4.0055,8.3177,-5.9960
253.759,-4.0055,8.3177,-5.9960
253.767,-4.0055,8.3151,-5.9960
253.776,-4.0055,8.3151,-5.9960
253.785,-4.0055,8.3124,-5.9960
253.795,-4.0055,8.3124,-5.9960
253.803,-4.0055,8.3124,-5.9960
253.811,-4.0055,8.3097,-5.9960
253.821,-4.0055,8.3097,-5.9960
253.829,-4.0055,8.3071,-5.9960
253.839,-4.0055,8.3071,-5.9960
253.848,-4.0055,8.3044,-5.9960
253.857,-4.0055,8.3044,-5.9960
253.866,-4.0055,8.3017,-5.9960
253.874,-4.0055,8.3017,-5.9960
253.882,-4.0055,8.3017,-5.9960
253.890,-4.0055,8.2991,-5.9960
253.900,-4.0055,8.2991,-5.9960
253.908,-4.0055,8.2964,-5.9960
253.916,-4.0055,8.2964,-5.9960
253.925,-4.0055,8.2937,-5.9960
253.934,-4.0055,8.2937,-5.9960
253.941,-4.0055,8.2937,-5.9960
253.948,-4.0055,8.2911,-5.9960
253.957,-4.0055,8.2911,-5.9960
253.966,-4.0055,8.2884,-5.9960
253.975,-4.0055,8.2884,-5.9960
253.983,-4.0055,8.2884,-5.9960
253.990,-4.0055,8.2857,-5.9960
254.000,-4.0055,8.2857,-5.9960
254.007,-4.0055,8.2831,-5.9960
254.015,-4.0055,8.2831,-5.9960
254.022,-4.0055,8.2831,-5.9960
254.031,-4.0055,8.2804,-5.9960
254.039,-4.0055,8.2804,-5.9960
254.046,-4.0055,8.2777,-5.9960
254.056,-4.0055,8.2777,-5.9960
254.065,-4.0055,8.2751,-5.9960
254.073,-4.0055,8.2751,-5.9960
254.080,-4.0055,8.2751,-5.9960
254.087,-4.0055,8.2724,-5.9960
254.097,-4.0055,8.2724,-5.9960
254.104,-4.0055,8.2697,-5.9960
254.114,-4.0055,8.2697,-5.9960
254.122,-4.0055,8.2697,-5.9960
254.129,-4.0055,8.2671,-5.9960
254.139,-4.0055,8.2671,-5.9960
254.147,-4.0055,8.2644,-5.9960
254.156,-4.0055,8.2644,-5.9960
254.165,-4.0055,8.2617,-5.9960
254.175,-4.0055,8.2617,-5.9960
254.182,-4.0055,8.2617,-5.9960
254.190,-4.0055,8.2591,-5.9960
254.198,-4.0055,8.2591,-5.9960
254.206,-4.0055,8.2564,-5.9960
254.215,-4.0055,8.2564,-5.9960
254.222,-4.0055,8.2564,-5.9960
254.230,-4.0055,8.2537,-5.9960
254.239,-4.0055,8.2537,-5.9960
254.247,-4.0055,8.2511,-5.9960
254.255,-4.0055,8.2511,-5.9960
254.263,-4.0055,8.2511,-5.9960
254.271,-4.0055,8.2484,-5.9960
254.280,-4.0055,8.2484,-5.9960
254.287,-4.0055,8.2457,-5.9960
254.297,-4.0055,8.2457,-5.9960
254.304,-4.0055,8.2431,-5.9960
254.314,-4.0055,8.2431,-5.9960
254.321,-4.0055,8.2431,-5.9960
254.329,-4.0055,8.2404,-5.9960
254.338,-4.0055,8.2404,-5.9960
254.345,-4.0055,8.2377,-5.9960
254.354,-4.0055,8.2377,-5.9960
254.362,-4.0055,8.2377,-5.9960
254.370,-4.0055,8.2351,-5.9960
254.379,-4.0055,8.2351,-5.9960
254.387,-4.0055,8.2324,-5.9960
254.395,-4.0055,8.2324,-5.9960
254.403,-4.0055,8.2324,-5.9960
254.410,-4.0055,8.2297,-5.9960
254.420,-4.0055,8.2297,-5.9960
254.427,-4.0055,8.2271,-5.9960
254.436,-4.0055,8.2271,-5.9960
254.442,-4.0055,8.2271,-5.9960
254.450,-4.0055,8.2244,-5.9960
254.458,-4.0055,8.2244,-5.9960
254.467,-4.0055,8.2217,-5.9960
254.474,-4.0055,8.2217,-5.9960
254.483,-4.0055,8.2217,-5.9960
254.490,-4.0055,8.2191,-5.9960
254.499,-4.0055,8.2191,-5.9960
254.506,-4.0055,8.2164,-5.9960
254.516,-4.0055,8.2164,-5.9960
254.523,-4.0055,8.2164,-5.9960
254.532,-4.0055,8.2137,-5.9960
254.540,-4.0055,8.2137,-5.9960
254.549,-4.0055,8.2111,-5.9960
254.558,-4.0055,8.2111,-5.9960
254.567,-4.0055,8.2084,-5.9960
254.576,-4.0055,8.2084,-5.9960
254.583,-4.0055,8.2084,-5.9960
254.590,-4.0055,8.2057,-5.9960
254.599,-4.0055,8.2057,-5.9960
254.606,-4.0055,8.2031,-5.9960
254.613,-4.0055,8.2031,-5.9960
254.621,-4.0055,8.2031,-5.9960
254.630,-4.0055,8.2004,-5.9960
254.639,-4.0055,8.2004,-5.9960
254.645,-4.0055,8.1977,-5.9960
254.654,-4.0055,8.1977,-5.9960
254.662,-4.0055,8.1977,-5.9960
254.669,-4.0055,8.1951,-5.9960
254.678,-4.0055,8.1951,-5.9960
254.685,-4.0055,8.1924,-5.9960
254.694,-4.0055,8.1924,-5.9960
254.701,-4.0055,8.1924,-5.9960
254.709,-4.0055,8.1897,-5.9960
254.719,-4.0055,8.1897,-5.9960
254.727,-4.0055,8.1871,-5.9960
254.736,-4.0055,8.1871,-5.9960
254.743,-4.0055,8.1871,-5.9960
254.752,-4.0055,8.1844,-5.9960
254.761,-4.0055,8.1844,-5.9960
254.769,-4.0055,8.1817,-5.9960
254.779,-4.0055,8.1817,-5.9960
254.787,-4.0055,8.1791,-5.9960
254.798,-4.0055,8.1791,-5.9960
254.805,-4.0055,8.1764,-5.9960
254.815,-4.0055,8.1764,-5.9960
254.823,-4.0055,8.1764,-5.9960
254.832,-4.0055,8.1737,-5.9960
254.841,-4.0055,8.1737,-5.9960
254.850,-4.0055,8.1711,-5.9960
254.859,-4.0055,8.1711,-5.9960
254.868,-4.0055,8.1684,-5.9960
254.877,-4.0055,8.1684,-5.9960
254.884,-4.0055,8.1657,-5.9960
254.893,-4.0055,8.1657,-5.9960
254.901,-4.0055,8.1657,-5.9960
254.909,-4.0055,8.1631,-5.9960
254.918,-4.0055,8.1631,-5.9960
254.929,-4.0055,8.1604,-5.9960
254.939,-4.0055,8.1604,-5.9960
254.947,-4.0055,8.1577,-5.9960
254.958,-4.0055,8.1577,-5.9960
254.976,-4.0055,8.1551,-5.9960
254.987,-4.0055,8.1524,-5.9960
254.996,-4.0055,8.1524,-5.9960
255.004,-4.0055,8.1497,-5.9960
255.014,-4.0055,8.1497,-5.9960
255.022,-4.0055,8.1497,-5.9960
255.031,-4.0055,8.1471,-5.9960
255.041,-4.0055,8.1471,-5.9960
255.050,-4.0055,8.1444,-5.9960
255.060,-4.0055,8.1444,-5.9960
255.070,-4.0055,8.1417,-5.9960
255.079,-4.0055,8.1417,-5.9960
255.086,-4.0055,8.1391,-5.9960
255.096,-4.0055,8.1391,-5.9960
255.103,-4.0055,8.1391,-5.9960
255.112,-4.0055,8.1364,-5.9960
255.121,-4.0055,8.1364,-5.9960
255.131,-4.0055,8.1337,-5.9960
255.141,-4.0055,8.1337,-5.9960
255.150,-4.0055,8.1311,-5.9960
255.160,-4.0055,8.1311,-5.9960
255.169,-4.0055,8.1284,-5.9960
255.178,-4.0055,8.1284,-5.9960
255.185,-4.0055,8.1257,-5.9960
255.194,-4.0055,8.1257,-5.9960
255.202,-4.0055,8.1257,-5.9960
255.209,-4.0055,8.1231,-5.9960
255.218,-4.0055,8.1231,-5.9960
255.225,-4.0055,8.1204,-5.9960
255.236,-4.0055,8.1204,-5.9960
255.243,-4.0055,8.1204,-5.9960
255.250,-4.0055,8.1177,-5.9960
255.258,-4.0055,8.1177,-5.9960
255.267,-4.0055,8.1151,-5.9960
255.275,-4.0055,8.1151,-5.9960
255.284,-4.0055,8.1151,-5.9960
255.290,-4.0055,8.1124,-5.9960
255.300,-4.0055,8.1124,-5.9960
255.306,-4.0055,8.1097,-5.9960
255.316,-4.0055,8.1097,-5.9960
255.323,-4.0055,8.1097,-5.9960
255.332,-4.0055,8.1071,-5.9960
255.340,-4.0055,8.1071,-5.9960
255.348,-4.0055,8.1044,-5.9960
255.357,-4.0055,8.1044,-5.9960
255.365,-4.0055,8.1017,-5.9960
255.373,-4.0055,8.1017,-5.9960
255.380,-4.0055,8.1017,-5.9960
255.387,-4.0055,8.0991,-5.9960
255.396,-4.0055,8.0991,-5.9960
255.403,-4.0055,8.0991,-5.9960
255.411,-4.0055,8.0964,-5.9960
255.421,-4.0055,8.0964,-5.9960
255.428,-4.0055,8.0937,-5.9960
255.438,-4.0055,8.0937,-5.9960
255.446,-4.0055,8.0911,-5.9960
255.455,-4.0055,8.0911,-5.9960
255.463,-4.0055,8.0911,-5.9960
255.471,-4.0055,8.0884,-5.9960
255.481,-4.0055,8.0884,-5.9960
255.488,-4.0055,8.0857,-5.9960
255.496,-4.0055,8.0857,-5.9960
255.504,-4.0055,8.0857,-5.9960
255.512,-4.0055,8.0831,-5.9960
255.521,-4.0055,8.0831,-5.9960
255.529,-4.0055,8.0804,-5.9960
255.539,-4.0055,8.0804,-5.9960
255.546,-4.0055,8.0777,-5.9960
255.554,-4.0055,8.0777,-5.9960
255.562,-4.0055,8.0777,-5.9960
255.570,-4.0055,8.0751,-5.9960
255.578,-4.0055,8.0751,-5.9960
255.585,-4.0055,8.0724,-5.9960
255.594,-4.0055,8.0724,-5.9960
255.601,-4.0055,8.0724,-5.9960
255.608,-4.0055,8.0697,-5.9960
255.617,-4.0055,8.0697,-5.9960
255.624,-4.0055,8.0671,-5.9960
255.634,-4.0055,8.0671,-5.9960
255.641,-4.0055,8.0671,-5.9960
255.648,-4.0055,8.0644,-5.9960
255.657,-4.0055,8.0644,-5.9960
255.664,-4.0055,8.0617,-5.9960
255.673,-4.0055,8.0617,-5.9960
255.680,-4.0055,8.0617,-5.9960
255.688,-4.0055,8.0591,-5.9960
255.697,-4.0055,8.0591,-5.9960
255.705,-4.0055,8.0564,-5.9960
255.714,-4.0055,8.0564,-5.9960
255.722,-4.0055,8.0564,-5.9960
255.729,-4.0055,8.0537,-5.9960
255.738,-4.0055,8.0537,-5.9960
255.745,-4.0055,8.0511,-5.9960
255.754,-4.0055,8.0511,-5.9960
255.761,-4.0055,8.0511,-5.9960
255.771,-4.0055,8.0484,-5.9960
255.782,-4.0055,8.0484,-5.9960
255.789,-4.0055,8.0457,-5.9960
255.800,-4.0055,8.0457,-5.9960
255.807,-4.0055,8.0431,-5.9960
255.816,-4.0055,8.0431,-5.9960
255.823,-4.0055,8.0431,-5.9960
255.832,-4.0055,8.0404,-5.9960
255.842,-4.0055,8.0404,-5.9960
255.849,-4.0055,8.0377,-5.9960
255.858,-4.0055,8.0377,-5.9960
255.866,-4.0055,8.0351,-5.9960
255.875,-4.0055,8.0351,-5.9960
255.881,-4.0055,8.0351,-5.9960
255.889,-4.0055,8.0324,-5.9960
255.898,-4.0055,8.0324,-5.9960
255.905,-4.0055,8.0297,-5.9960
255.912,-4.0055,8.0297,-5.9960
255.920,-4.0055,8.0297,-5.9960
255.928,-4.0055,8.0271,-5.9960
255.939,-4.0055,8.0271,-5.9960
255.946,-4.0055,8.0244,-5.9960
255.955,-4.0055,8.0244,-5.9960
255.963,-4.0055,8.0244,-5.9960
255.972,-4.0055,8.0217,-5.9960
255.981,-4.0055,8.0217,-5.9960
255.989,-4.0055,8.0191,-5.9960
255.999,-4.0055,8.0191,-5.9960
256.007,-4.0055,8.0164,-5.9960
256.016,-4.0055,8.0164,-5.9960
256.024,-4.0055,8.0164,-5.9960
256.033,-4.0055,8.0137,-5.9960
256.043,-4.0055,8.0137,-5.9960
256.051,-4.0055,8.0111,-5.9960
256.061,-4.0055,8.0111,-5.9960
256.069,-4.0055,8.0084,-5.9960
256.079,-4.0055,8.0084,-5.9960
256.086,-4.0055,8.0057,-5.9960
256.095,-4.0055,8.0057,-5.9960
256.103,-4.0055,8.0057,-5.9960
256.111,-4.0055,8.0031,-5.9960
256.121,-4.0055,8.0031,-5.9960
256.128,-4.0055,8.0004,-5.9960
256.139,-4.0055,8.0004,-5.9960
256.147,-4.0055,7.9977,-5.9960
256.156,-4.0055,7.9977,-5.9960
256.165,-4.0055,7.9951,-5.9960
256.174,-4.0055,7.9951,-5.9960
256.183,-4.0055,7.9951,-5.9960
256.191,-4.0055,7.9924,-5.9960
256.202,-4.0055,7.9924,-5.9960
256.209,-4.0055,7.9897,-5.9960
256.220,-4.0055,7.9897,-5.9960
256.227,-4.0055,7.9871,-5.9960
256.237,-4.0055,7.9871,-5.9960
256.245,-4.0055,7.9844,-5.9960
256.254,-4.0055,7.9844,-5.9960
256.263,-4.0055,7.9844,-5.9960
256.270,-4.0055,7.9817,-5.9960
256.280,-4.0055,7.9817,-5.9960
256.288,-4.0055,7.9791,-5.9960
256.298,-4.0055,7.9791,-5.9960
256.305,-4.0055,7.9764,-5.9960
256.315,-4.0055,7.9764,-5.9960
256.323,-4.0055,7.9764,-5.9960
256.332,-4.0055,7.9737,-5.9960
256.342,-4.0055,7.9737,-5.9960
256.350,-4.0055,7.9711,-5.9960
256.360,-4.0055,7.9711,-5.9960
256.367,-4.0055,7.9684,-5.9960
256.377,-4.0055,7.9684,-5.9960
256.384,-4.0055,7.9657,-5.9960
256.393,-4.0055,7.9657,-5.9960
256.402,-4.0055,7.9657,-5.9960
256.411,-4.0055,7.9631,-5.9960
256.420,-4.0055,7.9631,-5.9960
256.427,-4.0055,7.9604,-5.9960
256.437,-4.0055,7.9604,-5.9960
256.444,-4.0055,7.9577,-5.9960
256.453,-4.0055,7.9577,-5.9960
256.461,-4.0055,7.9577,-5.9960
256.470,-4.0055,7.9551,-5.9960
256.477,-4.0055,7.9551,-5.9960
256.485,-4.0055,7.9524,-5.9960
256.492,-4.0055,7.9524,-5.9960
256.501,-4.0055,7.9524,-5.9960
256.508,-4.0055,7.9497,-5.9960
256.517,-4.0055,7.9497,-5.9960
256.524,-4.0055,7.9471,-5.9960
256.534,-4.0055,7.9471,-5.9960
256.541,-4.0055,7.9471,-5.9960
256.549,-4.0055,7.9444,-5.9960
256.557,-4.0055,7.9444,-5.9960
256.567,-4.0055,7.9417,-5.9960
256.575,-4.0055,7.9417,-5.9960
256.583,-4.0055,7.9417,-5.9960
256.591,-4.0055,7.9391,-5.9960
256.600,-4.0055,7.9391,-5.9960
256.607,-4.0055,7.9364,-5.9960
256.616,-4.0055,7.9364,-5.9960
256.624,-4.0055,7.9364,-5.9960
256.632,-4.0055,7.9337,-5.9960
256.641,-4.0055,7.9337,-5.9960
256.648,-4.0055,7.9311,-5.9960
256.658,-4.0055,7.9311,-5.9960
256.666,-4.0055,7.9284,-5.9960
256.674,-4.0055,7.9284,-5.9960
256.682,-4.0055,7.9284,-5.9960
256.689,-4.0055,7.9257,-5.9960
256.698,-4.0055,7.9257,-5.9960
256.706,-4.0055,7.9231,-5.9960
256.716,-4.0055,7.9231,-5.9960
256.723,-4.0055,7.9231,-5.9960
256.730,-4.0055,7.9204,-5.9960
256.739,-4.0055,7.9204,-5.9960
256.747,-4.0055,7.9177,-5.9960
256.755,-4.0055,7.9177,-5.9960
256.763,-4.0055,7.9177,-5.9960
256.771,-4.0055,7.9151,-5.9960
256.780,-4.0055,7.9151,-5.9960
256.788,-4.0055,7.9124,-5.9960
256.797,-4.0055,7.9124,-5.9960
256.805,-4.0055,7.9097,-5.9960
256.814,-4.0055,7.9097,-5.9960
256.821,-4.0055,7.9097,-5.9960
256.829,-4.0055,7.9071,-5.9960
256.838,-4.0055,7.9071,-5.9960
256.845,-4.0055,7.9044,-5.9960
256.854,-4.0055,7.9044,-5.9960
256.863,-4.0055,7.9044,-5.9960
256.870,-4.0055,7.9017,-5.9960
256.879,-4.0055,7.9017,-5.9960
256.887,-4.0055,7.8991,-5.9960
256.897,-4.0055,7.8991,-5.9960
256.905,-4.0055,7.8964,-5.9960
256.914,-4.0055,7.8964,-5.9960
256.922,-4.0055,7.8964,-5.9960
256.929,-4.0055,7.8937,-5.9960
256.940,-4.0055,7.8937,-5.9960
256.948,-4.0055,7.8911,-5.9960
256.956,-4.0055,7.8911,-5.9960
256.964,-4.0055,7.8911,-5.9960
256.980,-4.0055,7.8884,-5.9960
256.991,-4.0055,7.8858,-5.9960
257.000,-4.0055,7.8858,-5.9960
257.007,-4.0055,7.8831,-5.9960
257.017,-4.0055,7.8831,-5.9960
257.024,-4.0055,7.8831,-5.9960
257.032,-4.0055,7.8805,-5.9960
257.041,-4.0055,7.8805,-5.9960
257.048,-4.0055,7.8778,-5.9960
257.056,-4.0055,7.8778,-5.9960
257.064,-4.0055,7.8778,-5.9960
257.071,-4.0055,7.8752,-5.9960
257.079,-4.0055,7.8752,-5.9960
257.086,-4.0055,7.8725,-5.9960
257.095,-4.0055,7.8725,-5.9960
257.102,-4.0055,7.8725,-5.9960
257.110,-4.0055,7.8699,-5.9960
257.118,-4.0055,7.8699,-5.9960
257.125,-4.0055,7.8672,-5.9960
257.135,-4.0055,7.8672,-5.9960
257.142,-4.0055,7.8672,-5.9960
257.149,-4.0055,7.8646,-5.9960
257.158,-4.0055,7.8646,-5.9960
257.166,-4.0055,7.8620,-5.9960
257.175,-4.0055,7.8620,-5.9960
257.182,-4.0055,7.8620,-5.9960
257.190,-4.0055,7.8593,-5.9960
257.199,-4.0055,7.8593,-5.9960
257.206,-4.0055,7.8567,-5.9960
257.212,-4.0055,7.8567,-5.9960
257.221,-4.0055,7.8567,-5.9960
257.229,-4.0055,7.8540,-5.9960
257.238,-4.0055,7.8540,-5.9960
257.246,-4.0055,7.8514,-5.9960
257.257,-4.0055,7.8514,-5.9960
257.265,-4.0055,7.8487,-5.9960
257.275,-4.0055,7.8487,-5.9960
257.284,-4.0055,7.8461,-5.9960
257.292,-4.0055,7.8461,-5.9960
257.302,-4.0055,7.8461,-5.9960
257.309,-4.0055,7.8435,-5.9960
257.320,-4.0055,7.8435,-5.9960
257.329,-4.0055,7.8408,-5.9960
257.338,-4.0055,7.8408,-5.9960
257.347,-4.0055,7.8382,-5.9960
257.357,-4.0055,7.8382,-5.9960
257.366,-4.0055,7.8355,-5.9960
257.377,-4.0055,7.8355,-5.9960
257.385,-4.0055,7.8329,-5.9960
257.395,-4.0055,7.8329,-5.9960
257.403,-4.0055,7.8329,-5.9960
257.411,-4.0055,7.8302,-5.9960
257.421,-4.0055,7.8302,-5.9960
257.431,-4.0055,7.8276,-5.9960
257.443,-4.0055,7.8276,-5.9960
257.451,-4.0055,7.8250,-5.9960
257.463,-4.0055,7.8250,-5.9960
257.472,-4.0055,7.8223,-5.9960
257.482,-4.0055,7.8223,-5.9960
257.490,-4.0055,7.8197,-5.9960
257.500,-4.0055,7.8197,-5.9960
257.509,-4.0055,7.8171,-5.9960
257.518,-4.0055,7.8171,-5.9960
257.526,-4.0055,7.8144,-5.9960
257.537,-4.0055,7.8144,-5.9960
257.544,-4.0055,7.8144,-5.9960
257.553,-4.0055,7.8118,-5.9960
257.563,-4.0055,7.8118,-5.9960
257.571,-4.0055,7.8091,-5.9960
257.582,-4.0055,7.8091,-5.9960
257.590,-4.0055,7.8065,-5.9960
257.600,-4.0055,7.8065,-5.9960
257.608,-4.0055,7.8039,-5.9960
257.618,-4.0055,7.8039,-5.9960
257.627,-4.0055,7.8012,-5.9960
257.638,-4.0055,7.8012,-5.9960
257.646,-4.0055,7.7986,-5.9960
257.656,-4.0055,7.7986,-5.9960
257.664,-4.0055,7.7986,-5.9960
257.673,-4.0055,7.7959,-5.9960
257.683,-4.0055,7.7959,-5.9960
257.690,-4.0055,7.7933,-5.9960
257.699,-4.0055,7.7933,-5.9960
257.706,-4.0055,7.7906,-5.9960
257.716,-4.0055,7.7906,-5.9960
257.723,-4.0055,7.7906,-5.9960
257.731,-4.0055,7.7880,-5.9960
257.742,-4.0055,7.7880,-5.9960
257.749,-4.0055,7.7854,-5.9960
257.757,-4.0055,7.7854,-5.9960
257.765,-4.0055,7.7827,-5.9960
257.773,-4.0055,7.7827,-5.9960
257.780,-4.0055,7.7827,-5.9960
257.789,-4.0055,7.7801,-5.9960
257.797,-4.0055,7.7801,-5.9960
257.804,-4.0055,7.7774,-5.9960
257.812,-4.0055,7.7774,-5.9960
257.819,-4.0055,7.7774,-5.9960
257.826,-4.0055,7.7748,-5.9960
257.836,-4.0055,7.7748,-5.9960
257.842,-4.0055,7.7748,-5.9960
257.850,-4.0055,7.7721,-5.9960
257.858,-4.0055,7.7721,-5.9960
257.867,-4.0055,7.7695,-5.9960
257.876,-4.0055,7.7695,-5.9960
257.883,-4.0055,7.7695,-5.9960
257.891,-4.0055,7.7668,-5.9960
257.902,-4.0055,7.7668,-5.9960
257.908,-4.0055,7.7642,-5.9960
257.918,-4.0055,7.7642,-5.9960
257.925,-4.0055,7.7615,-5.9960
257.936,-4.0055,7.7615,-5.9960
257.944,-4.0055,7.7589,-5.9960
257.954,-4.0055,7.7589,-5.9960
257.962,-4.0055,7.7589,-5.9960
257.969,-4.0055,7.7563,-5.9960
257.979,-4.0055,7.7563,-5.9960
257.988,-4.0055,7.7536,-5.9960
257.998,-4.0055,7.7536,-5.9960
258.007,-4.0055,7.7536,-5.9960
258.016,-4.0055,7.7536,-5.9960
258.023,-4.0055,7.7536,-5.9960
258.032,-4.0055,7.7536,-5.9960
258.041,-4.0055,7.7536,-5.9960
258.049,-4.0055,7.7536,-5.9960
258.057,-4.0055,7.7536,-5.9960
258.065,-4.0055,7.7536,-5.9960
258.073,-4.0055,7.7536,-5.9960
258.081,-4.0055,7.7536,-5.9960
258.089,-4.0055,7.7536,-5.9960
258.098,-4.0055,7.7536,-5.9960
258.105,-4.0055,7.7536,-5.9960
258.114,-4.0055,7.7536,-5.9960
258.121,-4.0055,7.7536,-5.9960
258.129,-4.0055,7.7536,-5.9960
258.138,-4.0055,7.7536,-5.9960
258.146,-4.0055,7.7536,-5.9960
258.153,-4.0055,7.7536,-5.9960
258.161,-4.0055,7.7536,-5.9960
258.169,-4.0055,7.7536,-5.9960
258.178,-4.0055,7.7536,-5.9960
258.186,-4.0055,7.7536,-5.9960
258.194,-4.0055,7.7536,-5.9960
258.202,-4.0055,7.7536,-5.9960
258.210,-4.0055,7.7536,-5.9960
258.219,-4.0055,7.7536,-5.9960
258.227,-4.0055,7.7536,-5.9960
258.235,-4.0055,7.7536,-5.9960
258.243,-4.0055,7.7536,-5.9960
258.251,-4.0055,7.7536,-5.9960
258.261,-4.0055,7.7536,-5.9960
258.269,-4.0055,7.7536,-5.9960
258.277,-4.0055,7.7536,-5.9960
258.285,-4.0055,7.7536,-5.9960
258.293,-4.0055,7.7536,-5.9960
258.300,-4.0055,7.7536,-5.9960
258.308,-4.0055,7.7536,-5.9960
258.316,-4.0055,7.7536,-5.9960
258.324,-4.0055,7.7536,-5.9960
258.331,-4.0055,7.7536,-5.9960
258.341,-4.0055,7.7536,-5.9960
258.349,-4.0055,7.7536,-5.9960
258.357,-4.0055,7.7536,-5.9960
258.366,-4.0055,7.7536,-5.9960
258.374,-4.0055,7.7536,-5.9960
258.383,-4.0055,7.7536,-5.9960
258.390,-4.0055,7.7536,-5.9960
258.399,-4.0055,7.7536,-5.9960
258.406,-4.0055,7.7536,-5.9960
258.415,-4.0055,7.7536,-5.9960
258.423,-4.0055,7.7536,-5.9960
258.431,-4.0055,7.7536,-5.9960
258.440,-4.0055,7.7536,-5.9960
258.448,-4.0055,7.7536,-5.9960
258.456,-4.0055,7.7536,-5.9960
258.465,-4.0055,7.7536,-5.9960
258.473,-4.0055,7.7536,-5.9960
258.483,-4.0055,7.7536,-5.9960
258.491,-4.0055,7.7536,-5.9960
258.500,-4.0055,7.7536,-5.9960
258.508,-4.0055,7.7536,-5.9960
258.517,-4.0055,7.7536,-5.9960
258.526,-4.0055,7.7536,-5.9960
258.536,-4.0055,7.7536,-5.9960
258.544,-4.0055,7.7536,-5.9960
258.552,-4.0055,7.7536,-5.9960
258.562,-4.0055,7.7536,-5.9960
258.571,-4.0055,7.7536,-5.9960
258.581,-4.0055,7.7536,-5.9960
258.589,-4.0055,7.7536,-5.9960
258.600,-4.0055,7.7536,-5.9960
258.608,-4.0055,7.7536,-5.9960
258.618,-4.0055,7.7536,-5.9960
258.626,-4.0055,7.7536,-5.9960
258.636,-4.0055,7.7536,-5.9960
258.644,-4.0055,7.7536,-5.9960
258.653,-4.0055,7.7536,-5.9960
258.663,-4.0055,7.7536,-5.9960
258.671,-4.0055,7.7536,-5.9960
258.680,-4.0055,7.7536,-5.9960
258.689,-4.0055,7.7536,-5.9960
258.700,-4.0055,7.7536,-5.9960
258.710,-4.0055,7.7536,-5.9960
258.720,-4.0055,7.7536,-5.9960
258.729,-4.0055,7.7536,-5.9960
258.740,-4.0055,7.7536,-5.9960
258.749,-4.0055,7.7536,-5.9960
258.758,-4.0055,7.7536,-5.9960
258.767,-4.0055,7.7536,-5.9960
258.776,-4.0055,7.7536,-5.9960
258.785,-4.0055,7.7536,-5.9960
258.795,-4.0055,7.7536,-5.9960
258.804,-4.0055,7.7536,-5.9960
258.811,-4.0055,7.7536,-5.9960
258.821,-4.0055,7.7536,-5.9960
258.829,-4.0055,7.7536,-5.9960
258.840,-4.0055,7.7536,-5.9960
258.848,-4.0055,7.7536,-5.9960
258.867,-4.0055,7.7536,-5.9960
258.875,-4.0055,7.7536,-5.9960
258.884,-4.0055,7.7536,-5.9960
258.893,-4.0055,7.7536,-5.9960
258.902,-4.0055,7.7536,-5.9960
258.911,-4.0055,7.7536,-5.9960
258.921,-4.0055,7.7536,-5.9960
258.930,-4.0055,7.7536,-5.9960
258.938,-4.0055,7.7536,-5.9960
258.949,-4.0055,7.7536,-5.9960
258.957,-4.0055,7.7536,-5.9960
258.965,-4.0055,7.7536,-5.9960
258.974,-4.0055,7.7536,-5.9960
258.982,-4.0055,7.7536,-5.9960
258.989,-4.0055,7.7536,-5.9960
258.999,-4.0055,7.7536,-5.9960
259.007,-4.0055,7.7536,-5.9960
259.015,-4.0055,7.7536,-5.9960
259.022,-4.0055,7.7536,-5.9960
259.030,-4.0055,7.7536,-5.9960
259.039,-4.0055,7.7536,-5.9960
259.046,-4.0055,7.7536,-5.9960
259.054,-4.0055,7.7536,-5.9960
259.061,-4.0055,7.7536,-5.9960
259.069,-4.0055,7.7536,-5.9960
259.077,-4.0055,7.7536,-5.9960
259.085,-4.0055,7.7536,-5.9960
259.093,-4.0055,7.7536,-5.9960
259.102,-4.0055,7.7536,-5.9960
259.109,-4.0055,7.7536,-5.9960
259.118,-4.0055,7.7536,-5.9960
259.125,-4.0055,7.7536,-5.9960
259.134,-4.0055,7.7536,-5.9960
259.141,-4.0055,7.7536,-5.9960
259.149,-4.0055,7.7536,-5.9960
259.156,-4.0055,7.7536,-5.9960
259.164,-4.0055,7.7536,-5.9960
259.171,-4.0055,7.7536,-5.9960
259.178,-4.0055,7.7536,-5.9960
259.187,-4.0055,7.7536,-5.9960
259.194,-4.0055,7.7536,-5.9960
259.202,-4.0055,7.7536,-5.9960
259.209,-4.0055,7.7536,-5.9960
259.217,-4.0055,7.7536,-5.9960
259.223,-4.0055,7.7536,-5.9960
259.232,-4.0055,7.7536,-5.9960
259.239,-4.0055,7.7536,-5.9960
259.246,-4.0055,7.7536,-5.9960
259.254,-4.0055,7.7536,-5.9960
259.262,-4.0055,7.7536,-5.9960
259.270,-4.0055,7.7536,-5.9960
259.278,-4.0055,7.7536,-5.9960
259.286,-4.0055,7.7536,-5.9960
259.295,-4.0055,7.7536,-5.9960
259.302,-4.0055,7.7536,-5.9960
259.310,-4.0055,7.7536,-5.9960
259.318,-4.0055,7.7536,-5.9960
259.325,-4.0055,7.7536,-5.9960
259.333,-4.0055,7.7536,-5.9960
259.342,-4.0055,7.7536,-5.9960
259.349,-4.0055,7.7536,-5.9960
259.356,-4.0055,7.7536,-5.9960
259.364,-4.0055,7.7536,-5.9960
259.373,-4.0055,7.7536,-5.9960
259.379,-4.0055,7.7536,-5.9960
259.387,-4.0055,7.7536,-5.9960
259.395,-4.0055,7.7536,-5.9960
259.403,-4.0055,7.7536,-5.9960
259.410,-4.0055,7.7536,-5.9960
259.418,-4.0055,7.7536,-5.9960
259.424,-4.0055,7.7536,-5.9960
259.434,-4.0055,7.7536,-5.9960
259.442,-4.0055,7.7536,-5.9960
259.450,-4.0055,7.7536,-5.9960
259.458,-4.0055,7.7536,-5.9960
259.468,-4.0055,7.7536,-5.9960
259.476,-4.0055,7.7536,-5.9960
259.484,-4.0055,7.7536,-5.9960
259.492,-4.0055,7.7536,-5.9960
259.501,-4.0055,7.7536,-5.9960
259.508,-4.0055,7.7536,-5.9960
259.516,-4.0055,7.7536,-5.9960
259.523,-4.0055,7.7536,-5.9960
259.531,-4.0055,7.7536,-5.9960
259.539,-4.0055,7.7536,-5.9960
259.546,-4.0055,7.7536,-5.9960
259.554,-4.0055,7.7536,-5.9960
259.561,-4.0055,7.7536,-5.9960
259.569,-4.0055,7.7536,-5.9960
259.578,-4.0055,7.7536,-5.9960
259.586,-4.0055,7.7536,-5.9960
259.594,-4.0055,7.7536,-5.9960
259.603,-4.0055,7.7536,-5.9960
259.612,-4.0055,7.7536,-5.9960
259.622,-4.0055,7.7536,-5.9960
259.629,-4.0055,7.7536,-5.9960
259.642,-4.0055,7.7536,-5.9960
259.653,-4.0055,7.7536,-5.9960
259.664,-4.0055,7.7536,-5.9960
259.676,-4.0055,7.7536,-5.9960
259.686,-4.0055,7.7536,-5.9960
259.695,-4.0055,7.7536,-5.9960
259.706,-4.0055,7.7536,-5.9960
259.718,-4.0055,7.7536,-5.9960
259.727,-4.0055,7.7536,-5.9960
259.737,-4.0055,7.7536,-5.9960
259.746,-4.0055,7.7536,-5.9960
259.756,-4.0055,7.7536,-5.9960
259.767,-4.0055,7.7536,-5.9960
259.777,-4.0055,7.7536,-5.9960
259.786,-4.0055,7.7536,-5.9960
259.798,-4.0055,7.7536,-5.9960
259.806,-4.0055,7.7536,-5.9960
259.816,-4.0055,7.7536,-5.9960
259.825,-4.0055,7.7536,-5.9960
259.837,-4.0055,7.7536,-5.9960
259.845,-4.0055,7.7536,-5.9960
259.855,-4.0055,7.7536,-5.9960
259.863,-4.0055,7.7536,-5.9960
259.871,-4.0055,7.7536,-5.9960
259.881,-4.0055,7.7536,-5.9960
259.889,-4.0055,7.7536,-5.9960
259.897,-4.0055,7.7536,-5.9960
259.905,-4.0055,7.7536,-5.9960
259.914,-4.0055,7.7536,-5.9960
259.921,-4.0055,7.7536,-5.9960
259.928,-4.0055,7.7536,-5.9960
259.938,-4.0055,7.7536,-5.9960
259.946,-4.0055,7.7536,-5.9960
259.957,-4.0055,7.7536,-5.9960
259.966,-4.0055,7.7536,-5.9960
259.976,-4.0055,7.7536,-5.9960
259.983,-4.0055,7.7536,-5.9960
259.989,-4.0055,7.7536,-5.9960
260.000,-4.0055,7.7536,-5.9960
260.009,-4.0055,7.7536,-5.9960
260.019,-4.0055,7.7536,-5.9960
260.026,-4.0055,7.7536,-5.9960
260.037,-4.0055,7.7536,-5.9960
260.044,-4.0055,7.7536,-5.9960
260.054,-4.0055,7.7536,-5.9960
260.062,-4.0055,7.7536,-5.9960
260.070,-4.0055,7.7536,-5.9960
260.079,-4.0055,7.7536,-5.9960
260.086,-4.0055,7.7536,-5.9960
260.095,-4.0055,7.7536,-5.9960
260.102,-4.0055,7.7536,-5.9960
260.110,-4.0055,7.7536,-5.9960
260.117,-4.0055,7.7536,-5.9960
260.124,-4.0055,7.7536,-5.9960
260.135,-4.0055,7.7536,-5.9960
260.141,-4.0055,7.7536,-5.9960
260.149,-4.0055,7.7537,-5.9960
260.158,-4.0055,7.7537,-5.9960
260.165,-4.0055,7.7537,-5.9960
260.174,-4.0055,7.7537,-5.9960
260.183,-4.0055,7.7537,-5.9960
260.189,-4.0055,7.7538,-5.9960
260.197,-4.0055,7.7538,-5.9960
260.204,-4.0055,7.7539,-5.9960
260.210,-4.0055,7.7539,-5.9960
260.218,-4.0055,7.7539,-5.9960
260.223,-4.0055,7.7539,-5.9960
260.231,-4.0055,7.7539,-5.9960
260.239,-4.0055,7.7539,-5.9960
260.245,-4.0055,7.7540,-5.9960
260.253,-4.0055,7.7540,-5.9960
260.260,-4.0055,7.7540,-5.9960
260.266,-4.0055,7.7543,-5.9960
260.274,-4.0055,7.7543,-5.9960
260.281,-4.0055,7.7543,-5.9960
260.288,-4.0055,7.7545,-5.9960
260.296,-4.0055,7.7545,-5.9960
260.302,-4.0055,7.7545,-5.9960
260.310,-4.0055,7.7548,-5.9960
260.317,-4.0055,7.7548,-5.9960
260.324,-4.0055,7.7548,-5.9960
260.331,-4.0055,7.7551,-5.9960
260.340,-4.0055,7.7551,-5.9960
260.346,-4.0055,7.7554,-5.9960
260.353,-4.0055,7.7554,-5.9960
260.360,-4.0055,7.7554,-5.9960
260.368,-4.0055,7.7557,-5.9960
260.376,-4.0055,7.7557,-5.9960
260.383,-4.0055,7.7557,-5.9960
260.390,-4.0055,7.7561,-5.9960
260.398,-4.0055,7.7561,-5.9960
260.406,-4.0055,7.7564,-5.9960
260.414,-4.0055,7.7564,-5.9960
260.421,-4.0055,7.7564,-5.9960
260.428,-4.0055,7.7572,-5.9960
260.437,-4.0055,7.7572,-5.9960
260.443,-4.0055,7.7572,-5.9960
260.451,-4.0055,7.7579,-5.9960
260.458,-4.0055,7.7579,-5.9960
260.467,-4.0055,7.7587,-5.9960
260.474,-4.0055,7.7587,-5.9960
260.482,-4.0055,7.7587,-5.9960
260.489,-4.0055,7.7595,-5.9960
260.498,-4.0055,7.7595,-5.9960
260.505,-4.0055,7.7603,-5.9960
260.514,-4.0055,7.7603,-5.9960
260.522,-4.0055,7.7603,-5.9960
260.531,-4.0055,7.7612,-5.9960
260.539,-4.0055,7.7612,-5.9960
260.547,-4.0055,7.7621,-5.9960
260.555,-4.0055,7.7621,-5.9960
260.563,-4.0055,7.7621,-5.9960
260.571,-4.0055,7.7630,-5.9960
260.580,-4.0055,7.7630,-5.9960
260.586,-4.0055,7.7639,-5.9960
260.594,-4.0055,7.7639,-5.9960
260.601,-4.0055,7.7639,-5.9960
260.608,-4.0055,7.7648,-5.9960
260.616,-4.0055,7.7648,-5.9960
260.624,-4.0055,7.7648,-5.9960
260.631,-4.0055,7.7657,-5.9960
260.639,-4.0055,7.7657,-5.9960
260.655,-4.0055,7.7667,-5.9960
260.663,-4.0055,7.7667,-5.9960
260.671,-4.0055,7.7676,-5.9960
260.678,-4.0055,7.7676,-5.9960
260.685,-4.0055,7.7686,-5.9960
260.692,-4.0055,7.7686,-5.9960
260.700,-4.0055,7.7686,-5.9960
260.707,-4.0055,7.7696,-5.9960
260.715,-4.0055,7.7696,-5.9960
260.722,-4.0055,7.7696,-5.9960
260.728,-4.0055,7.7706,-5.9960
260.737,-4.0055,7.7706,-5.9960
260.743,-4.0055,7.7706,-5.9960
260.751,-4.0055,7.7727,-5.9960
260.759,-4.0055,7.7727,-5.9960
260.767,-4.0055,7.7748,-5.9960
260.774,-4.0055,7.7748,-5.9960
260.782,-4.0055,7.7748,-5.9960
260.788,-4.0055,7.7769,-5.9960
260.796,-4.0055,7.7769,-5.9960
260.802,-4.0055,7.7769,-5.9960
260.809,-4.0055,7.7791,-5.9960
260.818,-4.0055,7.7791,-5.9960
260.825,-4.0055,7.7813,-5.9960
260.835,-4.0055,7.7813,-5.9960
260.842,-4.0055,7.7813,-5.9960
260.848,-4.0055,7.7835,-5.9960
260.858,-4.0055,7.7835,-5.9960
260.864,-4.0055,7.7857,-5.9960
260.874,-4.0055,7.7857,-5.9960
260.881,-4.0055,7.7857,-5.9960
260.888,-4.0055,7.7880,-5.9960
260.896,-4.0055,7.7880,-5.9960
260.904,-4.0055,7.7880,-5.9960
260.910,-4.0055,7.7903,-5.9960
260.919,-4.0055,7.7903,-5.9960
260.926,-4.0055,7.7926,-5.9960
260.935,-4.0055,7.7926,-5.9960
260.942,-4.0055,7.7926,-5.9960
260.949,-4.0055,7.7949,-5.9960
260.956,-4.0055,7.7949,-5.9960
260.964,-4.0055,7.7972,-5.9960
260.973,-4.0055,7.7972,-5.9960
260.980,-4.0055,7.7972,-5.9960
260.987,-4.0055,7.7995,-5.9960
260.996,-4.0055,7.7995,-5.9960
261.004,-4.0055,7.7995,-5.9960
261.011,-4.0055,7.8019,-5.9960
261.019,-4.0055,7.8019,-5.9960
261.028,-4.0055,7.8043,-5.9960
261.037,-4.0055,7.8043,-5.9960
261.046,-4.0055,7.8067,-5.9960
261.057,-4.0055,7.8067,-5.9960
261.065,-4.0055,7.8091,-5.9960
261.074,-4.0055,7.8091,-5.9960
261.082,-4.0055,7.8091,-5.9960
261.090,-4.0055,7.8115,-5.9960
261.100,-4.0055,7.8115,-5.9960
261.108,-4.0055,7.8140,-5.9960
261.118,-4.0055,7.8140,-5.9960
261.126,-4.0055,7.8165,-5.9960
261.137,-4.0055,7.8165,-5.9960
261.144,-4.0055,7.8189,-5.9960
261.154,-4.0055,7.8189,-5.9960
261.162,-4.0055,7.8189,-5.9960
261.172,-4.0055,7.8214,-5.9960
261.181,-4.0055,7.8214,-5.9960
261.188,-4.0055,7.8240,-5.9960
261.200,-4.0055,7.8240,-5.9960
261.209,-4.0055,7.8265,-5.9960
261.220,-4.0055,7.8265,-5.9960
261.229,-4.0055,7.8290,-5.9960
261.239,-4.0055,7.8290,-5.9960
261.248,-4.0055,7.8316,-5.9960
261.257,-4.0055,7.8316,-5.9960
261.267,-4.0055,7.8341,-5.9960
261.278,-4.0055,7.8341,-5.9960
261.286,-4.0055,7.8367,-5.9960
261.297,-4.0055,7.8367,-5.9960
261.305,-4.0055,7.8393,-5.9960
261.314,-4.0055,7.8393,-5.9960
261.323,-4.0055,7.8393,-5.9960
261.332,-4.0055,7.8419,-5.9960
261.342,-4.0055,7.8419,-5.9960
261.350,-4.0055,7.8445,-5.9960
261.361,-4.0055,7.8445,-5.9960
261.370,-4.0055,7.8471,-5.9960
261.378,-4.0055,7.8471,-5.9960
261.387,-4.0055,7.8497,-5.9960
261.398,-4.0055,7.8497,-5.9960
261.406,-4.0055,7.8522,-5.9960
261.416,-4.0055,7.8522,-5.9960
261.424,-4.0055,7.8548,-5.9960
261.435,-4.0055,7.8548,-5.9960
261.444,-4.0055,7.8548,-5.9960
261.452,-4.0055,7.8574,-5.9960
261.461,-4.0055,7.8574,-5.9960
261.469,-4.0055,7.8600,-5.9960
261.478,-4.0055,7.8600,-5.9960
261.486,-4.0055,7.8626,-5.9960
261.495,-4.0055,7.8626,-5.9960
261.502,-4.0055,7.8626,-5.9960
261.509,-4.0055,7.8652,-5.9960
261.517,-4.0055,7.8652,-5.9960
261.523,-4.0055,7.8652,-5.9960
261.530,-4.0055,7.8678,-5.9960
261.539,-4.0055,7.8678,-5.9960
261.546,-4.0055,7.8704,-5.9960
261.554,-4.0055,7.8704,-5.9960
261.561,-4.0055,7.8704,-5.9960
261.569,-4.0055,7.8730,-5.9960
261.578,-4.0055,7.8730,-5.9960
261.584,-4.0055,7.8757,-5.9960
261.592,-4.0055,7.8757,-5.9960
261.599,-4.0055,7.8757,-5.9960
261.606,-4.0055,7.8783,-5.9960
261.614,-4.0055,7.8783,-5.9960
261.621,-4.0055,7.8783,-5.9960
261.628,-4.0055,7.8809,-5.9960
261.638,-4.0055,7.8809,-5.9960
261.644,-4.0055,7.8835,-5.9960
261.654,-4.0055,7.8835,-5.9960
261.661,-4.0055,7.8835,-5.9960
261.669,-4.0055,7.8861,-5.9960
261.676,-4.0055,7.8861,-5.9960
261.683,-4.0055,7.8861,-5.9960
261.690,-4.0055,7.8887,-5.9960
261.699,-4.0055,7.8887,-5.9960
261.705,-4.0055,7.8913,-5.9960
261.712,-4.0055,7.8913,-5.9960
261.720,-4.0055,7.8913,-5.9960
261.727,-4.0055,7.8939,-5.9960
261.736,-4.0055,7.8939,-5.9960
261.742,-4.0055,7.8939,-5.9960
261.750,-4.0055,7.8965,-5.9960
261.758,-4.0055,7.8965,-5.9960
261.765,-4.0055,7.8991,-5.9960
261.774,-4.0055,7.8991,-5.9960
261.781,-4.0055,7.8991,-5.9960
261.788,-4.0055,7.9017,-5.9960
261.795,-4.0055,7.9017,-5.9960
261.802,-4.0055,7.9017,-5.9960
261.808,-4.0055,7.9043,-5.9960
261.816,-4.0055,7.9043,-5.9960
261.822,-4.0055,7.9043,-5.9960
261.829,-4.0055,7.9069,-5.9960
261.835,-4.0055,7.9069,-5.9960
261.841,-4.0055,7.9069,-5.9960
261.849,-4.0055,7.9095,-5.9960
261.858,-4.0055,7.9095,-5.9960
261.866,-4.0055,7.9121,-5.9960
261.875,-4.0055,7.9121,-5.9960
261.882,-4.0055,7.9121,-5.9960
261.888,-4.0055,7.9147,-5.9960
261.897,-4.0055,7.9147,-5.9960
261.905,-4.0055,7.9173,-5.9960
261.915,-4.0055,7.9173,-5.9960
261.922,-4.0055,7.9173,-5.9960
261.929,-4.0055,7.9199,-5.9960
261.937,-4.0055,7.9199,-5.9960
261.943,-4.0055,7.9199,-5.9960
261.950,-4.0055,7.9225,-5.9960
261.957,-4.0055,7.9225,-5.9960
261.966,-4.0055,7.9251,-5.9960
261.975,-4.0055,7.9251,-5.9960
261.983,-4.0055,7.9251,-5.9960
261.989,-4.0055,7.9277,-5.9960
261.998,-4.0055,7.9277,-5.9960
262.005,-4.0055,7.9302,-5.9960
262.013,-4.0055,7.9302,-5.9960
262.019,-4.0055,7.9302,-5.9960
262.028,-4.0055,7.9328,-5.9960
262.037,-4.0055,7.9328,-5.9960
262.045,-4.0055,7.9354,-5.9960
262.054,-4.0055,7.9354,-5.9960
262.062,-4.0055,7.9354,-5.9960
262.068,-4.0055,7.9380,-5.9960
262.076,-4.0055,7.9380,-5.9960
262.083,-4.0055,7.9380,-5.9960
262.090,-4.0055,7.9406,-5.9960
262.099,-4.0055,7.9406,-5.9960
262.107,-4.0055,7.9432,-5.9960
262.115,-4.0055,7.9432,-5.9960
262.123,-4.0055,7.9432,-5.9960
262.131,-4.0055,7.9458,-5.9960
262.141,-4.0055,7.9458,-5.9960
262.149,-4.0055,7.9484,-5.9960
262.156,-4.0055,7.9484,-5.9960
262.164,-4.0055,7.9484,-5.9960
262.171,-4.0055,7.9510,-5.9960
262.179,-4.0055,7.9510,-5.9960
262.186,-4.0055,7.9536,-5.9960
262.192,-4.0055,7.9536,-5.9960
262.201,-4.0055,7.9536,-5.9960
262.208,-4.0055,7.9562,-5.9960
262.216,-4.0055,7.9562,-5.9960
262.223,-4.0055,7.9562,-5.9960
262.231,-4.0055,7.9588,-5.9960
262.240,-4.0055,7.9588,-5.9960
262.248,-4.0055,7.9614,-5.9960
262.257,-4.0055,7.9614,-5.9960
262.265,-4.0055,7.9640,-5.9960
262.274,-4.0055,7.9640,-5.9960
262.282,-4.0055,7.9640,-5.9960
262.290,-4.0055,7.9666,-5.9960
262.299,-4.0055,7.9666,-5.9960
262.306,-4.0055,7.9692,-5.9960
262.315,-4.0055,7.9692,-5.9960
262.323,-4.0055,7.9692,-5.9960
262.331,-4.0055,7.9718,-5.9960
262.340,-4.0055,7.9718,-5.9960
262.347,-4.0055,7.9744,-5.9960
262.356,-4.0055,7.9744,-5.9960
262.364,-4.0055,7.9744,-5.9960
262.371,-4.0055,7.9770,-5.9960
262.380,-4.0055,7.9770,-5.9960
262.388,-4.0055,7.9796,-5.9960
262.398,-4.0055,7.9796,-5.9960
262.405,-4.0055,7.9822,-5.9960
262.414,-4.0055,7.9822,-5.9960
262.422,-4.0055,7.9822,-5.9960
262.430,-4.0055,7.9848,-5.9960
262.438,-4.0055,7.9848,-5.9960
262.447,-4.0055,7.9874,-5.9960
262.457,-4.0055,7.9874,-5.9960
262.466,-4.0055,7.9900,-5.9960
262.476,-4.0055,7.9900,-5.9960
262.485,-4.0055,7.9926,-5.9960
262.496,-4.0055,7.9926,-5.9960
262.503,-4.0055,7.9926,-5.9960
262.512,-4.0055,7.9953,-5.9960
262.521,-4.0055,7.9953,-5.9960
262.529,-4.0055,7.9979,-5.9960
262.538,-4.0055,7.9979,-5.9960
262.545,-4.0055,8.0005,-5.9960
262.554,-4.0055,8.0005,-5.9960
262.563,-4.0055,8.0005,-5.9960
262.571,-4.0055,8.0031,-5.9960
262.580,-4.0055,8.0031,-5.9960
262.588,-4.0055,8.0057,-5.9960
262.597,-4.0055,8.0057,-5.9960
262.605,-4.0055,8.0083,-5.9960
262.613,-4.0055,8.0083,-5.9960
262.621,-4.0055,8.0083,-5.9960
262.629,-4.0055,8.0109,-5.9960
262.638,-4.0055,8.0109,-5.9960
262.645,-4.0055,8.0135,-5.9960
262.655,-4.0055,8.0135,-5.9960
262.663,-4.0055,8.0135,-5.9960
262.672,-4.0055,8.0160,-5.9960
262.680,-4.0055,8.0160,-5.9960
262.688,-4.0055,8.0186,-5.9960
262.699,-4.0055,8.0186,-5.9960
262.706,-4.0055,8.0212,-5.9960
262.715,-4.0055,8.0212,-5.9960
262.722,-4.0055,8.0212,-5.9960
262.730,-4.0055,8.0238,-5.9960
262.739,-4.0055,8.0238,-5.9960
262.746,-4.0055,8.0264,-5.9960
262.756,-4.0055,8.0264,-5.9960
262.763,-4.0055,8.0264,-5.9960
262.769,-4.0055,8.0290,-5.9960
262.778,-4.0055,8.0290,-5.9960
262.785,-4.0055,8.0316,-5.9960
262.794,-4.0055,8.0316,-5.9960
262.801,-4.0055,8.0316,-5.9960
262.808,-4.0055,8.0342,-5.9960
262.816,-4.0055,8.0342,-5.9960
262.829,-4.0055,8.0368,-5.9960
262.842,-4.0055,8.0368,-5.9960
262.850,-4.0055,8.0394,-5.9960
262.858,-4.0055,8.0394,-5.9960
262.866,-4.0055,8.0420,-5.9960
262.874,-4.0055,8.0420,-5.9960
262.881,-4.0055,8.0420,-5.9960
262.888,-4.0055,8.0446,-5.9960
262.895,-4.0055,8.0446,-5.9960
262.904,-4.0055,8.0446,-5.9960
262.910,-4.0055,8.0471,-5.9960
262.918,-4.0055,8.0471,-5.9960
262.925,-4.0055,8.0497,-5.9960
262.935,-4.0055,8.0497,-5.9960
262.942,-4.0055,8.0497,-5.9960
262.949,-4.0055,8.0523,-5.9960
262.956,-4.0055,8.0523,-5.9960
262.964,-4.0055,8.0549,-5.9960
262.972,-4.0055,8.0549,-5.9960
262.980,-4.0055,8.0549,-5.9960
262.988,-4.0055,8.0575,-5.9960
262.997,-4.0055,8.0575,-5.9960
263.004,-4.0055,8.0601,-5.9960
263.012,-4.0055,8.0601,-5.9960
263.020,-4.0055,8.0601,-5.9960
263.028,-4.0055,8.0627,-5.9960
263.036,-4.0055,8.0627,-5.9960
263.043,-4.0055,8.0627,-5.9960
263.050,-4.0055,8.0653,-5.9960
263.060,-4.0055,8.0653,-5.9960
263.067,-4.0055,8.0679,-5.9960
263.075,-4.0055,8.0679,-5.9960
263.082,-4.0055,8.0679,-5.9960
263.089,-4.0055,8.0705,-5.9960
263.097,-4.0055,8.0705,-5.9960
263.104,-4.0055,8.0705,-5.9960
263.110,-4.0055,8.0731,-5.9960
263.120,-4.0055,8.0731,-5.9960
263.126,-4.0055,8.0757,-5.9960
263.135,-4.0055,8.0757,-5.9960
263.141,-4.0055,8.0757,-5.9960
263.148,-4.0055,8.0783,-5.9960
263.155,-4.0055,8.0783,-5.9960
263.162,-4.0055,8.0783,-5.9960
263.170,-4.0055,8.0809,-5.9960
263.177,-4.0055,8.0809,-5.9960
263.185,-4.0055,8.0834,-5.9960
263.192,-4.0055,8.0834,-5.9960
263.200,-4.0055,8.0834,-5.9960
263.207,-4.0055,8.0860,-5.9960
263.215,-4.0055,8.0860,-5.9960
263.222,-4.0055,8.0860,-5.9960
263.230,-4.0055,8.0886,-5.9960
263.239,-4.0055,8.0886,-5.9960
263.247,-4.0055,8.0912,-5.9960
263.253,-4.0055,8.0912,-5.9960
263.260,-4.0055,8.0912,-5.9960
263.268,-4.0055,8.0938,-5.9960
263.276,-4.0055,8.0938,-5.9960
263.283,-4.0055,8.0938,-5.9960
263.289,-4.0055,8.0964,-5.9960
263.299,-4.0055,8.0964,-5.9960
263.305,-4.0055,8.0990,-5.9960
263.313,-4.0055,8.0990,-5.9960
263.320,-4.0055,8.0990,-5.9960
263.327,-4.0055,8.1016,-5.9960
263.335,-4.0055,8.1016,-5.9960
263.342,-4.0055,8.1016,-5.9960
263.351,-4.0055,8.1042,-5.9960
263.360,-4.0055,8.1042,-5.9960
263.368,-4.0055,8.1068,-5.9960
263.377,-4.0055,8.1068,-5.9960
263.384,-4.0055,8.1068,-5.9960
263.391,-4.0055,8.1094,-5.9960
263.399,-4.0055,8.1094,-5.9960
263.406,-4.0055,8.1120,-5.9960
263.413,-4.0055,8.1120,-5.9960
263.421,-4.0055,8.1120,-5.9960
263.427,-4.0055,8.1146,-5.9960
263.435,-4.0055,8.1146,-5.9960
263.442,-4.0055,8.1146,-5.9960
263.450,-4.0055,8.1172,-5.9960
263.459,-4.0055,8.1172,-5.9960
263.467,-4.0055,8.1198,-5.9960
263.475,-4.0055,8.1198,-5.9960
263.482,-4.0055,8.1198,-5.9960
263.488,-4.0055,8.1224,-5.9960
263.496,-4.0055,8.1224,-5.9960
263.504,-4.0055,8.1224,-5.9960
263.511,-4.0055,8.1250,-5.9960
263.520,-4.0055,8.1250,-5.9960
263.528,-4.0055,8.1276,-5.9960
263.538,-4.0055,8.1276,-5.9960
263.546,-4.0055,8.1302,-5.9960
263.555,-4.0055,8.1302,-5.9960
263.564,-4.0055,8.1327,-5.9960
263.575,-4.0055,8.1327,-5.9960
263.584,-4.0055,8.1327,-5.9960
263.593,-4.0055,8.1353,-5.9960
263.603,-4.0055,8.1353,-5.9960
263.611,-4.0055,8.1379,-5.9960
263.621,-4.0055,8.1379,-5.9960
263.629,-4.0055,8.1405,-5.9960
263.639,-4.0055,8.1405,-5.9960
263.645,-4.0055,8.1431,-5.9960
263.655,-4.0055,8.1431,-5.9960
263.663,-4.0055,8.1431,-5.9960
263.671,-4.0055,8.1457,-5.9960
263.680,-4.0055,8.1457,-5.9960
263.688,-4.0055,8.1483,-5.9960
263.698,-4.0055,8.1483,-5.9960
263.707,-4.0055,8.1509,-5.9960
263.716,-4.0055,8.1509,-5.9960
263.725,-4.0055,8.1535,-5.9960
263.736,-4.0055,8.1535,-5.9960
263.745,-4.0055,8.1561,-5.9960
263.755,-4.0055,8.1561,-5.9960
263.762,-4.0055,8.1561,-5.9960
263.772,-4.0055,8.1587,-5.9960
263.783,-4.0055,8.1587,-5.9960
263.791,-4.0055,8.1613,-5.9960
263.801,-4.0055,8.1613,-5.9960
263.808,-4.0055,8.1639,-5.9960
263.818,-4.0055,8.1639,-5.9960
263.824,-4.0055,8.1665,-5.9960
263.834,-4.0055,8.1665,-5.9960
263.841,-4.0055,8.1665,-5.9960
263.850,-4.0055,8.1691,-5.9960
263.857,-4.0055,8.1691,-5.9960
263.866,-4.0055,8.1717,-5.9960
263.874,-4.0055,8.1717,-5.9960
263.882,-4.0055,8.1717,-5.9960
263.889,-4.0055,8.1743,-5.9960
263.898,-4.0055,8.1743,-5.9960
263.906,-4.0055,8.1769,-5.9960
263.916,-4.0055,8.1769,-5.9960
263.924,-4.0055,8.1795,-5.9960
263.934,-4.0055,8.1795,-5.9960
263.943,-4.0055,8.1795,-5.9960
263.951,-4.0055,8.1821,-5.9960
263.959,-4.0055,8.1821,-5.9960
263.968,-4.0055,8.1847,-5.9960
263.976,-4.0055,8.1847,-5.9960
263.983,-4.0055,8.1847,-5.9960
263.992,-4.0055,8.1873,-5.9960
264.001,-4.0055,8.1873,-5.9960
264.007,-4.0055,8.1899,-5.9960
264.015,-4.0055,8.1899,-5.9960
264.023,-4.0055,8.1899,-5.9960
264.031,-4.0055,8.1925,-5.9960
264.040,-4.0055,8.1925,-5.9960
264.048,-4.0055,8.1951,-5.9960
264.056,-4.0055,8.1951,-5.9960
264.063,-4.0055,8.1951,-5.9960
264.070,-4.0055,8.1977,-5.9960
264.078,-4.0055,8.1977,-5.9960
264.086,-4.0055,8.2003,-5.9960
264.094,-4.0055,8.2003,-5.9960
264.102,-4.0055,8.2003,-5.9960
264.108,-4.0055,8.2029,-5.9960
264.117,-4.0055,8.2029,-5.9960
264.122,-4.0055,8.2029,-5.9960
264.129,-4.0055,8.2055,-5.9960
264.139,-4.0055,8.2055,-5.9960
264.146,-4.0055,8.2081,-5.9960
264.154,-4.0055,8.2081,-5.9960
264.160,-4.0055,8.2081,-5.9960
264.169,-4.0055,8.2107,-5.9960
264.178,-4.0055,8.2107,-5.9960
264.185,-4.0055,8.2133,-5.9960
264.192,-4.0055,8.2133,-5.9960
264.200,-4.0055,8.2133,-5.9960
264.207,-4.0055,8.2159,-5.9960
264.216,-4.0055,8.2159,-5.9960
264.222,-4.0055,8.2159,-5.9960
264.230,-4.0055,8.2186,-5.9960
264.238,-4.0055,8.2186,-5.9960
264.245,-4.0055,8.2212,-5.9960
264.252,-4.0055,8.2212,-5.9960
264.259,-4.0055,8.2212,-5.9960
264.266,-4.0055,8.2238,-5.9960
264.274,-4.0055,8.2238,-5.9960
264.281,-4.0055,8.2238,-5.9960
264.289,-4.0055,8.2264,-5.9960
264.297,-4.0055,8.2264,-5.9960
264.304,-4.0055,8.2290,-5.9960
264.311,-4.0055,8.2290,-5.9960
264.319,-4.0055,8.2290,-5.9960
264.326,-4.0055,8.2316,-5.9960
264.335,-4.0055,8.2316,-5.9960
264.341,-4.0055,8.2316,-5.9960
264.348,-4.0055,8.2342,-5.9960
264.357,-4.0055,8.2342,-5.9960
264.365,-4.0055,8.2368,-5.9960
264.374,-4.0055,8.2368,-5.9960
264.381,-4.0055,8.2368,-5.9960
264.388,-4.0055,8.2394,-5.9960
264.396,-4.0055,8.2394,-5.9960
264.403,-4.0055,8.2394,-5.9960
264.410,-4.0055,8.2420,-5.9960
264.418,-4.0055,8.2420,-5.9960
264.424,-4.0055,8.2420,-5.9960
264.433,-4.0055,8.2446,-5.9960
264.441,-4.0055,8.2446,-5.9960
264.449,-4.0055,8.2472,-5.9960
264.456,-4.0055,8.2472,-5.9960
264.464,-4.0055,8.2472,-5.9960
264.471,-4.0055,8.2498,-5.9960
264.479,-4.0055,8.2498,-5.9960
264.486,-4.0055,8.2524,-5.9960
264.494,-4.0055,8.2524,-5.9960
264.501,-4.0055,8.2524,-5.9960
264.509,-4.0055,8.2550,-5.9960
264.517,-4.0055,8.2550,-5.9960
264.524,-4.0055,8.2576,-5.9960
264.532,-4.0055,8.2576,-5.9960
264.540,-4.0055,8.2576,-5.9960
264.546,-4.0055,8.2602,-5.9960
264.554,-4.0055,8.2602,-5.9960
264.562,-4.0055,8.2602,-5.9960
264.569,-4.0055,8.2628,-5.9960
264.577,-4.0055,8.2628,-5.9960
264.584,-4.0055,8.2654,-5.9960
264.592,-4.0055,8.2654,-5.9960
264.600,-4.0055,8.2654,-5.9960
264.607,-4.0055,8.2680,-5.9960
264.615,-4.0055,8.2680,-5.9960
264.622,-4.0055,8.2680,-5.9960
264.630,-4.0055,8.2706,-5.9960
264.637,-4.0055,8.2706,-5.9960
264.646,-4.0055,8.2732,-5.9960
264.654,-4.0055,8.2732,-5.9960
264.662,-4.0055,8.2732,-5.9960
264.669,-4.0055,8.2758,-5.9960
264.676,-4.0055,8.2758,-5.9960
264.685,-4.0055,8.2785,-5.9960
264.692,-4.0055,8.2785,-5.9960
264.700,-4.0055,8.2785,-5.9960
264.706,-4.0055,8.2811,-5.9960
264.714,-4.0055,8.2811,-5.9960
264.721,-4.0055,8.2811,-5.9960
264.729,-4.0055,8.2837,-5.9960
264.737,-4.0055,8.2837,-5.9960
264.744,-4.0055,8.2863,-5.9960
264.752,-4.0055,8.2863,-5.9960
264.758,-4.0055,8.2863,-5.9960
264.766,-4.0055,8.2889,-5.9960
264.774,-4.0055,8.2889,-5.9960
264.781,-4.0055,8.2889,-5.9960
264.789,-4.0055,8.2915,-5.9960
264.797,-4.0055,8.2915,-5.9960
264.805,-4.0055,8.2941,-5.9960
264.814,-4.0055,8.2941,-5.9960
264.822,-4.0055,8.2941,-5.9960
264.830,-4.0055,8.2967,-5.9960
264.840,-4.0055,8.2967,-5.9960
264.847,-4.0055,8.2993,-5.9960
264.856,-4.0055,8.2993,-5.9960
264.864,-4.0055,8.3019,-5.9960
264.873,-4.0055,8.3019,-5.9960
264.882,-4.0055,8.3019,-5.9960
264.890,-4.0055,8.3045,-5.9960
264.899,-4.0055,8.3045,-5.9960
264.906,-4.0055,8.3071,-5.9960
264.915,-4.0055,8.3071,-5.9960
264.923,-4.0055,8.3071,-5.9960
264.931,-4.0055,8.3097,-5.9960
264.940,-4.0055,8.3097,-5.9960
264.947,-4.0055,8.3123,-5.9960
264.955,-4.0055,8.3123,-5.9960
264.972,-4.0055,8.3149,-5.9960
264.983,-4.0055,8.3149,-5.9960
264.992,-4.0055,8.3175,-5.9960
265.002,-4.0055,8.3175,-5.9960
265.011,-4.0055,8.3201,-5.9960
265.021,-4.0055,8.3201,-5.9960
265.029,-4.0055,8.3228,-5.9960
265.037,-4.0055,8.3228,-5.9960
265.045,-4.0055,8.3254,-5.9960
265.055,-4.0055,8.3254,-5.9960
265.062,-4.0055,8.3254,-5.9960
265.070,-4.0055,8.3280,-5.9960
265.079,-4.0055,8.3280,-5.9960
265.087,-4.0055,8.3306,-5.9960
265.095,-4.0055,8.3306,-5.9960
265.102,-4.0055,8.3306,-5.9960
265.110,-4.0055,8.3332,-5.9960
265.120,-4.0055,8.3332,-5.9960
265.126,-4.0055,8.3358,-5.9960
265.136,-4.0055,8.3358,-5.9960
265.144,-4.0055,8.3358,-5.9960
265.152,-4.0055,8.3384,-5.9960
265.161,-4.0055,8.3384,-5.9960
265.169,-4.0055,8.3410,-5.9960
265.177,-4.0055,8.3410,-5.9960
265.185,-4.0055,8.3436,-5.9960
265.193,-4.0055,8.3436,-5.9960
265.203,-4.0055,8.3436,-5.9960
265.210,-4.0055,8.3462,-5.9960
265.219,-4.0055,8.3462,-5.9960
265.226,-4.0055,8.3488,-5.9960
265.236,-4.0055,8.3488,-5.9960
265.243,-4.0055,8.3488,-5.9960
265.250,-4.0055,8.3514,-5.9960
265.257,-4.0055,8.3514,-5.9960
265.266,-4.0055,8.3540,-5.9960
265.274,-4.0055,8.3540,-5.9960
265.280,-4.0055,8.3540,-5.9960
265.287,-4.0055,8.3566,-5.9960
265.295,-4.0055,8.3566,-5.9960
265.302,-4.0055,8.3566,-5.9960
265.309,-4.0055,8.3592,-5.9960
265.317,-4.0055,8.3592,-5.9960
265.324,-4.0055,8.3619,-5.9960
265.332,-4.0055,8.3619,-5.9960
265.339,-4.0055,8.3619,-5.9960
265.345,-4.0055,8.3645,-5.9960
265.355,-4.0055,8.3645,-5.9960
265.362,-4.0055,8.3645,-5.9960
265.369,-4.0055,8.3671,-5.9960
265.377,-4.0055,8.3671,-5.9960
265.384,-4.0055,8.3697,-5.9960
265.392,-4.0055,8.3697,-5.9960
265.400,-4.0055,8.3697,-5.9960
265.407,-4.0055,8.3723,-5.9960
265.416,-4.0055,8.3723,-5.9960
265.423,-4.0055,8.3723,-5.9960
265.431,-4.0055,8.3749,-5.9960
265.439,-4.0055,8.3749,-5.9960
265.446,-4.0055,8.3775,-5.9960
265.454,-4.0055,8.3775,-5.9960
265.462,-4.0055,8.3775,-5.9960
265.470,-4.0055,8.3801,-5.9960
265.477,-4.0055,8.3801,-5.9960
265.484,-4.0055,8.3827,-5.9960
265.492,-4.0055,8.3827,-5.9960
265.501,-4.0055,8.3827,-5.9960
265.508,-4.0055,8.3853,-5.9960
265.516,-4.0055,8.3853,-5.9960
265.522,-4.0055,8.3853,-5.9960
265.530,-4.0055,8.3880,-5.9960
265.538,-4.0055,8.3880,-5.9960
265.544,-4.0055,8.3906,-5.9960
265.552,-4.0055,8.3906,-5.9960
265.560,-4.0055,8.3906,-5.9960
265.567,-4.0055,8.3932,-5.9960
265.575,-4.0055,8.3932,-5.9960
265.582,-4.0055,8.3932,-5.9960
265.589,-4.0055,8.3958,-5.9960
265.599,-4.0055,8.3958,-5.9960
265.606,-4.0055,8.3984,-5.9960
265.613,-4.0055,8.3984,-5.9960
265.622,-4.0055,8.3984,-5.9960
265.629,-4.0055,8.4010,-5.9960
265.637,-4.0055,8.4010,-5.9960
265.644,-4.0055,8.4010,-5.9960
265.651,-4.0055,8.4036,-5.9960
265.659,-4.0055,8.4036,-5.9960
265.666,-4.0055,8.4062,-5.9960
265.674,-4.0055,8.4062,-5.9960
265.681,-4.0055,8.4062,-5.9960
265.687,-4.0055,8.4088,-5.9960
265.696,-4.0055,8.4088,-5.9960
265.704,-4.0055,8.4088,-5.9960
265.711,-4.0055,8.4114,-5.9960
265.719,-4.0055,8.4114,-5.9960
265.725,-4.0055,8.4141,-5.9960
265.734,-4.0055,8.4141,-5.9960
265.741,-4.0055,8.4141,-5.9960
265.749,-4.0055,8.4167,-5.9960
265.756,-4.0055,8.4167,-5.9960
265.763,-4.0055,8.4167,-5.9960
265.770,-4.0055,8.4193,-5.9960
265.778,-4.0055,8.4193,-5.9960
265.785,-4.0055,8.4219,-5.9960
265.792,-4.0055,8.4219,-5.9960
265.799,-4.0055,8.4219,-5.9960
265.807,-4.0055,8.4245,-5.9960
265.814,-4.0055,8.4245,-5.9960
265.821,-4.0055,8.4245,-5.9960
265.828,-4.0055,8.4271,-5.9960
265.837,-4.0055,8.4271,-5.9960
265.843,-4.0055,8.4271,-5.9960
265.850,-4.0055,8.4297,-5.9960
265.857,-4.0055,8.4297,-5.9960
265.866,-4.0055,8.4323,-5.9960
265.874,-4.0055,8.4323,-5.9960
265.881,-4.0055,8.4323,-5.9960
265.887,-4.0055,8.4349,-5.9960
265.895,-4.0055,8.4349,-5.9960
265.902,-4.0055,8.4349,-5.9960
265.909,-4.0055,8.4375,-5.9960
265.916,-4.0055,8.4375,-5.9960
265.922,-4.0055,8.4375,-5.9960
265.930,-4.0055,8.4402,-5.9960
265.937,-4.0055,8.4402,-5.9960
265.943,-4.0055,8.4402,-5.9960
265.949,-4.0055,8.4428,-5.9960
265.957,-4.0055,8.4428,-5.9960
265.965,-4.0055,8.4454,-5.9960
265.973,-4.0055,8.4454,-5.9960
265.979,-4.0055,8.4454,-5.9960
265.987,-4.0055,8.4480,-5.9960
265.995,-4.0055,8.4480,-5.9960
266.002,-4.0055,8.4480,-5.9960
266.009,-4.0055,8.4506,-5.9960
266.018,-4.0055,8.4506,-5.9960
266.024,-4.0055,8.4532,-5.9960
266.032,-4.0055,8.4532,-5.9960
266.040,-4.0055,8.4532,-5.9960
266.048,-4.0055,8.4558,-5.9960
266.057,-4.0055,8.4558,-5.9960
266.065,-4.0055,8.4584,-5.9960
266.074,-4.0055,8.4584,-5.9960
266.081,-4.0055,8.4584,-5.9960
266.089,-4.0055,8.4610,-5.9960
266.097,-4.0055,8.4610,-5.9960
266.105,-4.0055,8.4636,-5.9960
266.113,-4.0055,8.4636,-5.9960
266.120,-4.0055,8.4636,-5.9960
266.126,-4.0055,8.4663,-5.9960
266.135,-4.0055,8.4663,-5.9960
266.142,-4.0055,8.4663,-5.9960
266.149,-4.0055,8.4689,-5.9960
266.157,-4.0055,8.4689,-5.9960
266.166,-4.0055,8.4715,-5.9960
266.174,-4.0055,8.4715,-5.9960
266.182,-4.0055,8.4715,-5.9960
266.189,-4.0055,8.4741,-5.9960
266.200,-4.0055,8.4741,-5.9960
266.207,-4.0055,8.4767,-5.9960
266.215,-4.0055,8.4767,-5.9960
266.222,-4.0055,8.4767,-5.9960
266.231,-4.0055,8.4793,-5.9960
266.240,-4.0055,8.4793,-5.9960
266.248,-4.0055,8.4819,-5.9960
266.257,-4.0055,8.4819,-5.9960
266.265,-4.0055,8.4845,-5.9960
266.274,-4.0055,8.4845,-5.9960
266.282,-4.0055,8.4845,-5.9960
266.289,-4.0055,8.4871,-5.9960
266.297,-4.0055,8.4871,-5.9960
266.305,-4.0055,8.4897,-5.9960
266.313,-4.0055,8.4897,-5.9960
266.320,-4.0055,8.4897,-5.9960
266.328,-4.0055,8.4923,-5.9960
266.337,-4.0055,8.4923,-5.9960
266.344,-4.0055,8.4949,-5.9960
266.353,-4.0055,8.4949,-5.9960
266.360,-4.0055,8.4949,-5.9960
266.369,-4.0055,8.4975,-5.9960
266.376,-4.0055,8.4975,-5.9960
266.384,-4.0055,8.5001,-5.9960
266.391,-4.0055,8.5001,-5.9960
266.399,-4.0055,8.5001,-5.9960
266.407,-4.0055,8.5027,-5.9960
266.415,-4.0055,8.5027,-5.9960
266.422,-4.0055,8.5027,-5.9960
266.430,-4.0055,8.5053,-5.9960
266.438,-4.0055,8.5053,-5.9960
266.446,-4.0055,8.5079,-5.9960
266.454,-4.0055,8.5079,-5.9960
266.462,-4.0055,8.5079,-5.9960
266.471,-4.0055,8.5105,-5.9960
266.479,-4.0055,8.5105,-5.9960
266.487,-4.0055,8.5131,-5.9960
266.498,-4.0055,8.5131,-5.9960
266.505,-4.0055,8.5157,-5.9960
266.514,-4.0055,8.5157,-5.9960
266.520,-4.0055,8.5157,-5.9960
266.528,-4.0055,8.5183,-5.9960
266.536,-4.0055,8.5183,-5.9960
266.542,-4.0055,8.5183,-5.9960
266.550,-4.0055,8.5209,-5.9960
266.557,-4.0055,8.5209,-5.9960
266.565,-4.0055,8.5235,-5.9960
266.573,-4.0055,8.5235,-5.9960
266.580,-4.0055,8.5235,-5.9960
266.587,-4.0055,8.5262,-5.9960
266.595,-4.0055,8.5262,-5.9960
266.602,-4.0055,8.5262,-5.9960
266.610,-4.0055,8.5288,-5.9960
266.618,-4.0055,8.5288,-5.9960
266.624,-4.0055,8.5314,-5.9960
266.632,-4.0055,8.5314,-5.9960
266.639,-4.0055,8.5314,-5.9960
266.646,-4.0055,8.5340,-5.9960
266.654,-4.0055,8.5340,-5.9960
266.660,-4.0055,8.5340,-5.9960
266.668,-4.0055,8.5366,-5.9960
266.675,-4.0055,8.5366,-5.9960
266.684,-4.0055,8.5366,-5.9960
266.690,-4.0055,8.5392,-5.9960
266.697,-4.0055,8.5392,-5.9960
266.704,-4.0055,8.5418,-5.9960
266.713,-4.0055,8.5418,-5.9960
266.720,-4.0055,8.5418,-5.9960
266.725,-4.0055,8.5444,-5.9960
266.735,-4.0055,8.5444,-5.9960
266.742,-4.0055,8.5444,-5.9960
266.750,-4.0055,8.5470,-5.9960
266.757,-4.0055,8.5470,-5.9960
266.765,-4.0055,8.5496,-5.9960
266.774,-4.0055,8.5496,-5.9960
266.782,-4.0055,8.5496,-5.9960
266.788,-4.0055,8.5522,-5.9960
266.797,-4.0055,8.5522,-5.9960
266.805,-4.0055,8.5548,-5.9960
266.812,-4.0055,8.5548,-5.9960
266.818,-4.0055,8.5548,-5.9960
266.825,-4.0055,8.5574,-5.9960
266.834,-4.0055,8.5574,-5.9960
266.841,-4.0055,8.5574,-5.9960
266.847,-4.0055,8.5600,-5.9960
266.855,-4.0055,8.5600,-5.9960
266.863,-4.0055,8.5600,-5.9960
266.870,-4.0055,8.5626,-5.9960
266.877,-4.0055,8.5626,-5.9960
266.885,-4.0055,8.5652,-5.9960
266.893,-4.0055,8.5652,-5.9960
266.901,-4.0055,8.5652,-5.9960
266.908,-4.0055,8.5678,-5.9960
266.916,-4.0055,8.5678,-5.9960
266.922,-4.0055,8.5678,-5.9960
266.930,-4.0055,8.5704,-5.9960
266.938,-4.0055,8.5704,-5.9960
266.944,-4.0055,8.5730,-5.9960
266.955,-4.0055,8.5730,-5.9960
266.962,-4.0055,8.5730,-5.9960
266.970,-4.0055,8.5756,-5.9960
266.978,-4.0055,8.5756,-5.9960
266.985,-4.0055,8.5782,-5.9960
266.993,-4.0055,8.5782,-5.9960
267.000,-4.0055,8.5782,-5.9960
267.006,-4.0055,8.5808,-5.9960
267.016,-4.0055,8.5808,-5.9960
267.023,-4.0055,8.5808,-5.9960
267.030,-4.0055,8.5835,-5.9960
267.039,-4.0055,8.5835,-5.9960
267.046,-4.0055,8.5861,-5.9960
267.055,-4.0055,8.5861,-5.9960
267.069,-4.0055,8.5887,-5.9960
267.083,-4.0055,8.5887,-5.9960
267.090,-4.0055,8.5913,-5.9960
267.098,-4.0055,8.5913,-5.9960
267.105,-4.0055,8.5939,-5.9960
267.112,-4.0055,8.5939,-5.9960
267.119,-4.0055,8.5939,-5.9960
267.126,-4.0055,8.5965,-5.9960
267.134,-4.0055,8.5965,-5.9960
267.140,-4.0055,8.5965,-5.9960
267.146,-4.0055,8.5991,-5.9960
267.155,-4.0055,8.5991,-5.9960
267.162,-4.0055,8.5991,-5.9960
267.169,-4.0055,8.6017,-5.9960
267.179,-4.0055,8.6017,-5.9960
267.186,-4.0055,8.6043,-5.9960
267.195,-4.0055,8.6043,-5.9960
267.203,-4.0055,8.6043,-5.9960
267.209,-4.0055,8.6069,-5.9960
267.218,-4.0055,8.6069,-5.9960
267.224,-4.0055,8.6095,-5.9960
267.234,-4.0055,8.6095,-5.9960
267.240,-4.0055,8.6095,-5.9960
267.247,-4.0055,8.6121,-5.9960
267.254,-4.0055,8.6121,-5.9960
267.261,-4.0055,8.6121,-5.9960
267.268,-4.0055,8.6147,-5.9960
267.277,-4.0055,8.6147,-5.9960
267.285,-4.0055,8.6173,-5.9960
267.293,-4.0055,8.6173,-5.9960
267.301,-4.0055,8.6173,-5.9960
267.308,-4.0055,8.6199,-5.9960
267.318,-4.0055,8.6199,-5.9960
267.325,-4.0055,8.6225,-5.9960
267.335,-4.0055,8.6225,-5.9960
267.342,-4.0055,8.6225,-5.9960
267.351,-4.0055,8.6251,-5.9960
267.359,-4.0055,8.6251,-5.9960
267.368,-4.0055,8.6277,-5.9960
267.376,-4.0055,8.6277,-5.9960
267.384,-4.0055,8.6304,-5.9960
267.392,-4.0055,8.6304,-5.9960
267.401,-4.0055,8.6304,-5.9960
267.409,-4.0055,8.6330,-5.9960
267.418,-4.0055,8.6330,-5.9960
267.425,-4.0055,8.6356,-5.9960
267.434,-4.0055,8.6356,-5.9960
267.441,-4.0055,8.6356,-5.9960
267.449,-4.0055,8.6382,-5.9960
267.458,-4.0055,8.6382,-5.9960
267.468,-4.0055,8.6408,-5.9960
267.477,-4.0055,8.6408,-5.9960
267.484,-4.0055,8.6434,-5.9960
267.494,-4.0055,8.6434,-5.9960
267.502,-4.0055,8.6434,-5.9960
267.510,-4.0055,8.6460,-5.9960
267.519,-4.0055,8.6460,-5.9960
267.529,-4.0055,8.6486,-5.9960
267.539,-4.0055,8.6486,-5.9960
267.546,-4.0055,8.6512,-5.9960
267.555,-4.0055,8.6512,-5.9960
267.563,-4.0055,8.6512,-5.9960
267.572,-4.0055,8.6538,-5.9960
267.580,-4.0055,8.6538,-5.9960
267.589,-4.0055,8.6564,-5.9960
267.597,-4.0055,8.6564,-5.9960
267.605,-4.0055,8.6590,-5.9960
267.613,-4.0055,8.6590,-5.9960
267.621,-4.0055,8.6590,-5.9960
267.628,-4.0055,8.6616,-5.9960
267.637,-4.0055,8.6616,-5.9960
267.644,-4.0055,8.6642,-5.9960
267.654,-4.0055,8.6642,-5.9960
267.661,-4.0055,8.6642,-5.9960
267.670,-4.0055,8.6668,-5.9960
267.679,-4.0055,8.6668,-5.9960
267.686,-4.0055,8.6694,-5.9960
267.695,-4.0055,8.6694,-5.9960
267.703,-4.0055,8.6694,-5.9960
267.710,-4.0055,8.6720,-5.9960
267.718,-4.0055,8.6720,-5.9960
267.726,-4.0055,8.6746,-5.9960
267.737,-4.0055,8.6746,-5.9960
267.744,-4.0055,8.6746,-5.9960
267.751,-4.0055,8.6772,-5.9960
267.759,-4.0055,8.6772,-5.9960
267.768,-4.0055,8.6798,-5.9960
267.776,-4.0055,8.6798,-5.9960
267.783,-4.0055,8.6798,-5.9960
267.791,-4.0055,8.6824,-5.9960
267.799,-4.0055,8.6824,-5.9960
267.806,-4.0055,8.6850,-5.9960
267.813,-4.0055,8.6850,-5.9960
267.821,-4.0055,8.6850,-5.9960
267.828,-4.0055,8.6876,-5.9960
267.836,-4.0055,8.6876,-5.9960
267.843,-4.0055,8.6876,-5.9960
267.850,-4.0055,8.6902,-5.9960
267.858,-4.0055,8.6902,-5.9960
267.866,-4.0055,8.6928,-5.9960
267.873,-4.0055,8.6928,-5.9960
267.880,-4.0055,8.6928,-5.9960
267.887,-4.0055,8.6954,-5.9960
267.894,-4.0055,8.6954,-5.9960
267.901,-4.0055,8.6954,-5.9960
267.909,-4.0055,8.6980,-5.9960
267.917,-4.0055,8.6980,-5.9960
267.924,-4.0055,8.6980,-5.9960
267.932,-4.0055,8.7006,-5.9960
267.940,-4.0055,8.7006,-5.9960
267.947,-4.0055,8.7032,-5.9960
267.955,-4.0055,8.7032,-5.9960
267.961,-4.0055,8.7032,-5.9960
267.969,-4.0055,8.7058,-5.9960
267.977,-4.0055,8.7058,-5.9960
267.986,-4.0055,8.7084,-5.9960
267.993,-4.0055,8.7084,-5.9960
268.001,-4.0055,8.7084,-5.9960
268.008,-4.0055,8.7110,-5.9960
268.016,-4.0055,8.7110,-5.9960
268.023,-4.0055,8.7110,-5.9960
268.032,-4.0055,8.7136,-5.9960
268.040,-4.0055,8.7136,-5.9960
268.047,-4.0055,8.7162,-5.9960
268.054,-4.0055,8.7162,-5.9960
268.061,-4.0055,8.7162,-5.9960
268.068,-4.0055,8.7188,-5.9960
268.078,-4.0055,8.7188,-5.9960
268.085,-4.0055,8.7214,-5.9960
268.093,-4.0055,8.7214,-5.9960
268.102,-4.0055,8.7214,-5.9960
268.108,-4.0055,8.7240,-5.9960
268.118,-4.0055,8.7240,-5.9960
268.124,-4.0055,8.7266,-5.9960
268.133,-4.0055,8.7266,-5.9960
268.140,-4.0055,8.7266,-5.9960
268.146,-4.0055,8.7292,-5.9960
268.156,-4.0055,8.7292,-5.9960
268.164,-4.0055,8.7318,-5.9960
268.172,-4.0055,8.7318,-5.9960
268.180,-4.0055,8.7318,-5.9960
268.188,-4.0055,8.7344,-5.9960
268.196,-4.0055,8.7344,-5.9960
268.204,-4.0055,8.7370,-5.9960
268.213,-4.0055,8.7370,-5.9960
268.220,-4.0055,8.7370,-5.9960
268.227,-4.0055,8.7396,-5.9960
268.234,-4.0055,8.7396,-5.9960
268.241,-4.0055,8.7396,-5.9960
268.248,-4.0055,8.7422,-5.9960
268.256,-4.0055,8.7422,-5.9960
268.263,-4.0055,8.7422,-5.9960
268.270,-4.0055,8.7448,-5.9960
268.278,-4.0055,8.7448,-5.9960
268.285,-4.0055,8.7474,-5.9960
268.294,-4.0055,8.7474,-5.9960
268.302,-4.0055,8.7474,-5.9960
268.309,-4.0055,8.7500,-5.9960
268.316,-4.0055,8.7500,-5.9960
268.323,-4.0055,8.7500,-5.9960
268.329,-4.0055,8.7526,-5.9960
268.337,-4.0055,8.7526,-5.9960
268.343,-4.0055,8.7526,-5.9960
268.350,-4.0055,8.7552,-5.9960
268.358,-4.0055,8.7552,-5.9960
268.366,-4.0055,8.7578,-5.9960
268.374,-4.0055,8.7578,-5.9960
268.381,-4.0055,8.7578,-5.9960
268.389,-4.0055,8.7604,-5.9960
268.396,-4.0055,8.7604,-5.9960
268.404,-4.0055,8.7604,-5.9960
268.410,-4.0055,8.7630,-5.9960
268.418,-4.0055,8.7630,-5.9960
268.425,-4.0055,8.7656,-5.9960
268.433,-4.0055,8.7656,-5.9960
268.440,-4.0055,8.7656,-5.9960
268.447,-4.0055,8.7682,-5.9960
268.455,-4.0055,8.7682,-5.9960
268.462,-4.0055,8.7682,-5.9960
268.470,-4.0055,8.7708,-5.9960
268.478,-4.0055,8.7708,-5.9960
268.485,-4.0055,8.7734,-5.9960
268.494,-4.0055,8.7734,-5.9960
268.501,-4.0055,8.7734,-5.9960
268.508,-4.0055,8.7760,-5.9960
268.516,-4.0055,8.7760,-5.9960
268.522,-4.0055,8.7760,-5.9960
268.531,-4.0055,8.7786,-5.9960
268.538,-4.0055,8.7786,-5.9960
268.546,-4.0055,8.7812,-5.9960
268.555,-4.0055,8.7812,-5.9960
268.562,-4.0055,8.7812,-5.9960
268.569,-4.0055,8.7838,-5.9960
268.579,-4.0055,8.7838,-5.9960
268.588,-4.0055,8.7864,-5.9960
268.597,-4.0055,8.7864,-5.9960
268.605,-4.0055,8.7890,-5.9960
268.613,-4.0055,8.7890,-5.9960
268.622,-4.0055,8.7890,-5.9960
268.630,-4.0055,8.7916,-5.9960
268.639,-4.0055,8.7916,-5.9960
268.647,-4.0055,8.7942,-5.9960
268.656,-4.0055,8.7942,-5.9960
268.664,-4.0055,8.7968,-5.9960
268.673,-4.0055,8.7968,-5.9960
268.680,-4.0055,8.7968,-5.9960
268.688,-4.0055,8.7994,-5.9960
268.697,-4.0055,8.7994,-5.9960
268.704,-4.0055,8.7994,-5.9960
268.712,-4.0055,8.8020,-5.9960
268.720,-4.0055,8.8020,-5.9960
268.727,-4.0055,8.8046,-5.9960
268.736,-4.0055,8.8046,-5.9960
268.744,-4.0055,8.8046,-5.9960
268.752,-4.0055,8.8072,-5.9960
268.763,-4.0055,8.8072,-5.9960
268.771,-4.0055,8.8098,-5.9960
268.780,-4.0055,8.8098,-5.9960
268.788,-4.0055,8.8124,-5.9960
268.797,-4.0055,8.8124,-5.9960
268.804,-4.0055,8.8150,-5.9960
268.813,-4.0055,8.8150,-5.9960
268.821,-4.0055,8.8150,-5.9960
268.829,-4.0055,8.8176,-5.9960
268.837,-4.0055,8.8176,-5.9960
268.844,-4.0055,8.8202,-5.9960
268.853,-4.0055,8.8202,-5.9960
268.861,-4.0055,8.8202,-5.9960
268.869,-4.0055,8.8228,-5.9960
268.877,-4.0055,8.8228,-5.9960
268.885,-4.0055,8.8254,-5.9960
268.894,-4.0055,8.8254,-5.9960
268.902,-4.0055,8.8254,-5.9960
268.909,-4.0055,8.8280,-5.9960
268.918,-4.0055,8.8280,-5.9960
268.925,-4.0055,8.8306,-5.9960
268.935,-4.0055,8.8306,-5.9960
268.942,-4.0055,8.8306,-5.9960
268.950,-4.0055,8.8332,-5.9960
268.958,-4.0055,8.8332,-5.9960
268.966,-4.0055,8.8358,-5.9960
268.975,-4.0055,8.8358,-5.9960
268.984,-4.0055,8.8384,-5.9960
268.992,-4.0055,8.8384,-5.9960
269.002,-4.0055,8.8384,-5.9960
269.010,-4.0055,8.8410,-5.9960
269.018,-4.0055,8.8410,-5.9960
269.025,-4.0055,8.8436,-5.9960
269.035,-4.0055,8.8436,-5.9960
269.042,-4.0055,8.8436,-5.9960
269.049,-4.0055,8.8462,-5.9960
269.056,-4.0055,8.8462,-5.9960
269.064,-4.0055,8.8462,-5.9960
269.071,-4.0055,8.8488,-5.9960
269.080,-4.0055,8.8488,-5.9960
269.087,-4.0055,8.8514,-5.9960
269.095,-4.0055,8.8514,-5.9960
269.102,-4.0055,8.8514,-5.9960
269.109,-4.0055,8.8540,-5.9960
269.116,-4.0055,8.8540,-5.9960
269.123,-4.0055,8.8540,-5.9960
269.130,-4.0055,8.8566,-5.9960
269.138,-4.0055,8.8566,-5.9960
269.144,-4.0055,8.8566,-5.9960
269.151,-4.0055,8.8592,-5.9960
269.159,-4.0055,8.8592,-5.9960
269.167,-4.0055,8.8618,-5.9960
269.174,-4.0055,8.8618,-5.9960
269.181,-4.0055,8.8618,-5.9960
269.189,-4.0055,8.8644,-5.9960
269.197,-4.0055,8.8644,-5.9960
269.203,-4.0055,8.8644,-5.9960
269.209,-4.0055,8.8670,-5.9960
269.219,-4.0055,8.8670,-5.9960
269.234,-4.0055,8.8696,-5.9960
269.243,-4.0055,8.8696,-5.9960
269.250,-4.0055,8.8722,-5.9960
269.256,-4.0055,8.8722,-5.9960
269.264,-4.0055,8.8748,-5.9960
269.272,-4.0055,8.8748,-5.9960
269.278,-4.0055,8.8748,-5.9960
269.284,-4.0055,8.8774,-5.9960
269.292,-4.0055,8.8774,-5.9960
269.299,-4.0055,8.8774,-5.9960
269.305,-4.0055,8.8800,-5.9960
269.313,-4.0055,8.8800,-5.9960
269.319,-4.0055,8.8800,-5.9960
269.327,-4.0055,8.8826,-5.9960
269.335,-4.0055,8.8826,-5.9960
269.342,-4.0055,8.8826,-5.9960
269.348,-4.0055,8.8852,-5.9960
269.356,-4.0055,8.8852,-5.9960
269.362,-4.0055,8.8852,-5.9960
269.369,-4.0055,8.8878,-5.9960
269.377,-4.0055,8.8878,-5.9960
269.384,-4.0055,8.8878,-5.9960
269.391,-4.0055,8.8904,-5.9960
269.399,-4.0055,8.8904,-5.9960
269.405,-4.0055,8.8930,-5.9960
269.412,-4.0055,8.8930,-5.9960
269.419,-4.0055,8.8930,-5.9960
269.425,-4.0055,8.8956,-5.9960
269.435,-4.0055,8.8956,-5.9960
269.440,-4.0055,8.8956,-5.9960
269.447,-4.0055,8.8982,-5.9960
269.456,-4.0055,8.8982,-5.9960
269.463,-4.0055,8.8982,-5.9960
269.470,-4.0055,8.9008,-5.9960
269.478,-4.0055,8.9008,-5.9960
269.486,-4.0055,8.9034,-5.9960
269.495,-4.0055,8.9034,-5.9960
269.502,-4.0055,8.9034,-5.9960
269.509,-4.0055,8.9060,-5.9960
269.518,-4.0055,8.9060,-5.9960
269.525,-4.0055,8.9086,-5.9960
269.533,-4.0055,8.9086,-5.9960
269.540,-4.0055,8.9086,-5.9960
269.548,-4.0055,8.9112,-5.9960
269.556,-4.0055,8.9112,-5.9960
269.563,-4.0055,8.9112,-5.9960
269.570,-4.0055,8.9138,-5.9960
269.577,-4.0055,8.9138,-5.9960
269.585,-4.0055,8.9164,-5.9960
269.592,-4.0055,8.9164,-5.9960
269.600,-4.0055,8.9164,-5.9960
269.607,-4.0055,8.9190,-5.9960
269.615,-4.0055,8.9190,-5.9960
269.622,-4.0055,8.9190,-5.9960
269.629,-4.0055,8.9216,-5.9960
269.637,-4.0055,8.9216,-5.9960
269.644,-4.0055,8.9216,-5.9960
269.651,-4.0055,8.9242,-5.9960
269.657,-4.0055,8.9242,-5.9960
269.665,-4.0055,8.9268,-5.9960
269.673,-4.0055,8.9268,-5.9960
269.680,-4.0055,8.9268,-5.9960
269.688,-4.0055,8.9294,-5.9960
269.695,-4.0055,8.9294,-5.9960
269.703,-4.0055,8.9294,-5.9960
269.709,-4.0055,8.9320,-5.9960
269.718,-4.0055,8.9320,-5.9960
269.724,-4.0055,8.9346,-5.9960
269.733,-4.0055,8.9346,-5.9960
269.740,-4.0055,8.9346,-5.9960
269.748,-4.0055,8.9372,-5.9960
269.755,-4.0055,8.9372,-5.9960
269.763,-4.0055,8.9372,-5.9960
269.771,-4.0055,8.9398,-5.9960
269.779,-4.0055,8.9398,-5.9960
269.787,-4.0055,8.9424,-5.9960
269.795,-4.0055,8.9424,-5.9960
269.803,-4.0055,8.9424,-5.9960
269.810,-4.0055,8.9450,-5.9960
269.819,-4.0055,8.9450,-5.9960
269.826,-4.0055,8.9476,-5.9960
269.835,-4.0055,8.9476,-5.9960
269.843,-4.0055,8.9476,-5.9960
269.850,-4.0055,8.9502,-5.9960
269.859,-4.0055,8.9502,-5.9960
269.866,-4.0055,8.9527,-5.9960
269.875,-4.0055,8.9527,-5.9960
269.883,-4.0055,8.9527,-5.9960
269.890,-4.0055,8.9553,-5.9960
269.899,-4.0055,8.9553,-5.9960
269.907,-4.0055,8.9579,-5.9960
269.915,-4.0055,8.9579,-5.9960
269.922,-4.0055,8.9579,-5.9960
269.930,-4.0055,8.9605,-5.9960
269.938,-4.0055,8.9605,-5.9960
269.946,-4.0055,8.9631,-5.9960
269.955,-4.0055,8.9631,-5.9960
269.963,-4.0055,8.9631,-5.9960
269.972,-4.0055,8.9657,-5.9960
269.981,-4.0055,8.9657,-5.9960
269.989,-4.0055,8.9683,-5.9960
269.998,-4.0055,8.9683,-5.9960
270.006,-4.0055,8.9709,-5.9960
270.016,-4.0055,8.9709,-5.9960
270.024,-4.0055,8.9709,-5.9960
270.033,-4.0055,8.9735,-5.9960
270.043,-4.0055,8.9735,-5.9960
270.051,-4.0055,8.9761,-5.9960
270.059,-4.0055,8.9761,-5.9960
270.068,-4.0055,8.9786,-5.9960
270.077,-4.0055,8.9786,-5.9960
270.084,-4.0055,8.9812,-5.9960
270.093,-4.0055,8.9812,-5.9960
270.102,-4.0055,8.9812,-5.9960
270.109,-4.0055,8.9838,-5.9960
270.117,-4.0055,8.9838,-5.9960
270.125,-4.0055,8.9864,-5.9960
270.134,-4.0055,8.9864,-5.9960
270.142,-4.0055,8.9864,-5.9960
270.150,-4.0055,8.9890,-5.9960
270.159,-4.0055,8.9890,-5.9960
270.166,-4.0055,8.9916,-5.9960
270.176,-4.0055,8.9916,-5.9960
270.184,-4.0055,8.9916,-5.9960
270.192,-4.0055,8.9941,-5.9960
270.200,-4.0055,8.9941,-5.9960
270.207,-4.0055,8.9967,-5.9960
270.217,-4.0055,8.9967,-5.9960
270.225,-4.0055,8.9993,-5.9960
270.234,-4.0055,8.9993,-5.9960
270.241,-4.0055,8.9993,-5.9960
270.250,-4.0055,9.0019,-5.9960
270.258,-4.0055,9.0019,-5.9960
270.267,-4.0055,9.0045,-5.9960
270.274,-4.0055,9.0045,-5.9960
270.283,-4.0055,9.0045,-5.9960
270.289,-4.0055,9.0071,-5.9960
270.297,-4.0055,9.0071,-5.9960
270.303,-4.0055,9.0071,-5.9960
270.311,-4.0055,9.0096,-5.9960
270.319,-4.0055,9.0096,-5.9960
270.325,-4.0055,9.0122,-5.9960
270.335,-4.0055,9.0122,-5.9960
270.341,-4.0055,9.0122,-5.9960
270.349,-4.0055,9.0148,-5.9960
270.356,-4.0055,9.0148,-5.9960
270.364,-4.0055,9.0148,-5.9960
270.372,-4.0055,9.0174,-5.9960
270.379,-4.0055,9.0174,-5.9960
270.386,-4.0055,9.0200,-5.9960
270.394,-4.0055,9.0200,-5.9960
270.402,-4.0055,9.0200,-5.9960
270.409,-4.0055,9.0225,-5.9960
270.417,-4.0055,9.0225,-5.9960
270.423,-4.0055,9.0225,-5.9960
270.431,-4.0055,9.0251,-5.9960
270.439,-4.0055,9.0251,-5.9960
270.445,-4.0055,9.0277,-5.9960
270.453,-4.0055,9.0277,-5.9960
270.461,-4.0055,9.0277,-5.9960
270.469,-4.0055,9.0303,-5.9960
270.476,-4.0055,9.0303,-5.9960
270.484,-4.0055,9.0328,-5.9960
270.492,-4.0055,9.0328,-5.9960
270.500,-4.0055,9.0328,-5.9960
270.506,-4.0055,9.0354,-5.9960
270.515,-4.0055,9.0354,-5.9960
270.521,-4.0055,9.0354,-5.9960
270.528,-4.0055,9.0380,-5.9960
270.536,-4.0055,9.0380,-5.9960
270.543,-4.0055,9.0380,-5.9960
270.551,-4.0055,9.0406,-5.9960
270.559,-4.0055,9.0406,-5.9960
270.568,-4.0055,9.0432,-5.9960
270.575,-4.0055,9.0432,-5.9960
270.583,-4.0055,9.0432,-5.9960
270.589,-4.0055,9.0457,-5.9960
270.598,-4.0055,9.0457,-5.9960
270.605,-4.0055,9.0483,-5.9960
270.613,-4.0055,9.0483,-5.9960
270.621,-4.0055,9.0483,-5.9960
270.628,-4.0055,9.0509,-5.9960
270.638,-4.0055,9.0509,-5.9960
270.646,-4.0055,9.0535,-5.9960
270.653,-4.0055,9.0535,-5.9960
270.660,-4.0055,9.0535,-5.9960
270.668,-4.0055,9.0561,-5.9960
270.676,-4.0055,9.0561,-5.9960
270.683,-4.0055,9.0561,-5.9960
270.690,-4.0055,9.0586,-5.9960
270.698,-4.0055,9.0586,-5.9960
270.705,-4.0055,9.0612,-5.9960
270.713,-4.0055,9.0612,-5.9960
270.720,-4.0055,9.0612,-5.9960
270.728,-4.0055,9.0638,-5.9960
270.736,-4.0055,9.0638,-5.9960
270.744,-4.0055,9.0638,-5.9960
270.751,-4.0055,9.0664,-5.9960
270.759,-4.0055,9.0664,-5.9960
270.766,-4.0055,9.0689,-5.9960
270.774,-4.0055,9.0689,-5.9960
270.780,-4.0055,9.0689,-5.9960
270.788,-4.0055,9.0715,-5.9960
270.796,-4.0055,9.0715,-5.9960
270.804,-4.0055,9.0741,-5.9960
270.811,-4.0055,9.0741,-5.9960
270.819,-4.0055,9.0741,-5.9960
270.826,-4.0055,9.0767,-5.9960
270.835,-4.0055,9.0767,-5.9960
270.841,-4.0055,9.0767,-5.9960
270.848,-4.0055,9.0793,-5.9960
270.856,-4.0055,9.0793,-5.9960
270.864,-4.0055,9.0793,-5.9960
270.871,-4.0055,9.0818,-5.9960
270.879,-4.0055,9.0818,-5.9960
270.886,-4.0055,9.0844,-5.9960
270.895,-4.0055,9.0844,-5.9960
270.902,-4.0055,9.0844,-5.9960
270.910,-4.0055,9.0870,-5.9960
270.918,-4.0055,9.0870,-5.9960
270.925,-4.0055,9.0896,-5.9960
270.934,-4.0055,9.0896,-5.9960
270.941,-4.0055,9.0896,-5.9960
270.948,-4.0055,9.0922,-5.9960
270.955,-4.0055,9.0922,-5.9960
270.962,-4.0055,9.0922,-5.9960
270.970,-4.0055,9.0947,-5.9960
270.978,-4.0055,9.0947,-5.9960
270.985,-4.0055,9.0973,-5.9960
270.993,-4.0055,9.0973,-5.9960
271.002,-4.0055,9.0973,-5.9960
271.009,-4.0055,9.0999,-5.9960
271.017,-4.0055,9.0999,-5.9960
271.024,-4.0055,9.0999,-5.9960
271.031,-4.0055,9.1025,-5.9960
271.039,-4.0055,9.1025,-5.9960
271.046,-4.0055,9.1051,-5.9960
271.055,-4.0055,9.1051,-5.9960
271.063,-4.0055,9.1051,-5.9960
271.071,-4.0055,9.1076,-5.9960
271.079,-4.0055,9.1076,-5.9960
271.087,-4.0055,9.1102,-5.9960
271.095,-4.0055,9.1102,-5.9960
271.103,-4.0055,9.1102,-5.9960
271.110,-4.0055,9.1128,-5.9960
271.120,-4.0055,9.1128,-5.9960
271.128,-4.0055,9.1154,-5.9960
271.137,-4.0055,9.1154,-5.9960
271.145,-4.0055,9.1179,-5.9960
271.154,-4.0055,9.1179,-5.9960
271.161,-4.0055,9.1179,-5.9960
271.168,-4.0055,9.1205,-5.9960
271.178,-4.0055,9.1205,-5.9960
271.186,-4.0055,9.1231,-5.9960
271.195,-4.0055,9.1231,-5.9960
271.204,-4.0055,9.1231,-5.9960
271.212,-4.0055,9.1257,-5.9960
271.220,-4.0055,9.1257,-5.9960
271.228,-4.0055,9.1283,-5.9960
271.237,-4.0055,9.1283,-5.9960
271.244,-4.0055,9.1308,-5.9960
271.252,-4.0055,9.1308,-5.9960
271.261,-4.0055,9.1308,-5.9960
271.269,-4.0055,9.1334,-5.9960
271.277,-4.0055,9.1334,-5.9960
271.286,-4.0055,9.1360,-5.9960
271.295,-4.0055,9.1360,-5.9960
271.304,-4.0055,9.1360,-5.9960
271.311,-4.0055,9.1386,-5.9960
271.319,-4.0055,9.1386,-5.9960
271.327,-4.0055,9.1412,-5.9960
271.337,-4.0055,9.1412,-5.9960
271.344,-4.0055,9.1437,-5.9960
271.355,-4.0055,9.1437,-5.9960
271.362,-4.0055,9.1437,-5.9960
271.381,-4.0055,9.1463,-5.9960
271.390,-4.0055,9.1489,-5.9960
271.402,-4.0055,9.1489,-5.9960
271.409,-4.0055,9.1515,-5.9960
271.419,-4.0055,9.1515,-5.9960
271.428,-4.0055,9.1541,-5.9960
271.438,-4.0055,9.1541,-5.9960
271.446,-4.0055,9.1566,-5.9960
271.456,-4.0055,9.1566,-5.9960
271.466,-4.0055,9.1592,-5.9960
271.475,-4.0055,9.1592,-5.9960
271.483,-4.0055,9.1592,-5.9960
271.491,-4.0055,9.1618,-5.9960
271.501,-4.0055,9.1618,-5.9960
271.509,-4.0055,9.1644,-5.9960
271.519,-4.0055,9.1644,-5.9960
271.527,-4.0055,9.1670,-5.9960
271.536,-4.0055,9.1670,-5.9960
271.544,-4.0055,9.1695,-5.9960
271.555,-4.0055,9.1695,-5.9960
271.563,-4.0055,9.1695,-5.9960
271.571,-4.0055,9.1721,-5.9960
271.579,-4.0055,9.1721,-5.9960
271.587,-4.0055,9.1747,-5.9960
271.595,-4.0055,9.1747,-5.9960
271.604,-4.0055,9.1773,-5.9960
271.612,-4.0055,9.1773,-5.9960
271.621,-4.0055,9.1773,-5.9960
271.628,-4.0055,9.1798,-5.9960
271.638,-4.0055,9.1798,-5.9960
271.646,-4.0055,9.1824,-5.9960
271.655,-4.0055,9.1824,-5.9960
271.663,-4.0055,9.1824,-5.9960
271.671,-4.0055,9.1850,-5.9960
271.680,-4.0055,9.1850,-5.9960
271.688,-4.0055,9.1876,-5.9960
271.698,-4.0055,9.1876,-5.9960
271.706,-4.0055,9.1901,-5.9960
271.715,-4.0055,9.1901,-5.9960
271.722,-4.0055,9.1901,-5.9960
271.731,-4.0055,9.1927,-5.9960
271.740,-4.0055,9.1927,-5.9960
271.749,-4.0055,9.1953,-5.9960
271.757,-4.0055,9.1953,-5.9960
271.765,-4.0055,9.1979,-5.9960
271.772,-4.0055,9.1979,-5.9960
271.780,-4.0055,9.1979,-5.9960
271.788,-4.0055,9.2004,-5.9960
271.796,-4.0055,9.2004,-5.9960
271.804,-4.0055,9.2030,-5.9960
271.813,-4.0055,9.2030,-5.9960
271.821,-4.0055,9.2030,-5.9960
271.828,-4.0055,9.2056,-5.9960
271.837,-4.0055,9.2056,-5.9960
271.844,-4.0055,9.2056,-5.9960
271.850,-4.0055,9.2082,-5.9960
271.858,-4.0055,9.2082,-5.9960
271.865,-4.0055,9.2107,-5.9960
271.873,-4.0055,9.2107,-5.9960
271.881,-4.0055,9.2107,-5.9960
271.887,-4.0055,9.2133,-5.9960
271.896,-4.0055,9.2133,-5.9960
271.904,-4.0055,9.2133,-5.9960
271.910,-4.0055,9.2159,-5.9960
271.920,-4.0055,9.2159,-5.9960
271.926,-4.0055,9.2185,-5.9960
271.935,-4.0055,9.2185,-5.9960
271.942,-4.0055,9.2185,-5.9960
271.950,-4.0055,9.2210,-5.9960
271.957,-4.0055,9.2210,-5.9960
271.965,-4.0055,9.2236,-5.9960
271.973,-4.0055,9.2236,-5.9960
271.980,-4.0055,9.2236,-5.9960
271.987,-4.0055,9.2262,-5.9960
271.996,-4.0055,9.2262,-5.9960
272.004,-4.0055,9.2288,-5.9960
272.012,-4.0055,9.2288,-5.9960
272.020,-4.0055,9.2288,-5.9960
272.028,-4.0055,9.2313,-5.9960
272.036,-4.0055,9.2313,-5.9960
272.043,-4.0055,9.2313,-5.9960
272.051,-4.0055,9.2339,-5.9960
272.059,-4.0055,9.2339,-5.9960
272.067,-4.0055,9.2365,-5.9960
272.074,-4.0055,9.2365,-5.9960
272.082,-4.0055,9.2365,-5.9960
272.088,-4.0055,9.2391,-5.9960
272.096,-4.0055,9.2391,-5.9960
272.102,-4.0055,9.2391,-5.9960
272.111,-4.0055,9.2416,-5.9960
272.120,-4.0055,9.2416,-5.9960
272.126,-4.0055,9.2442,-5.9960
272.134,-4.0055,9.2442,-5.9960
272.141,-4.0055,9.2442,-5.9960
272.149,-4.0055,9.2468,-5.9960
272.157,-4.0055,9.2468,-5.9960
272.164,-4.0055,9.2493,-5.9960
272.172,-4.0055,9.2493,-5.9960
272.180,-4.0055,9.2493,-5.9960
272.187,-4.0055,9.2519,-5.9960
272.195,-4.0055,9.2519,-5.9960
272.203,-4.0055,9.2519,-5.9960
272.211,-4.0055,9.2545,-5.9960
272.219,-4.0055,9.2545,-5.9960
272.225,-4.0055,9.2571,-5.9960
272.234,-4.0055,9.2571,-5.9960
272.241,-4.0055,9.2571,-5.9960
272.248,-4.0055,9.2597,-5.9960
272.255,-4.0055,9.2597,-5.9960
272.263,-4.0055,9.2597,-5.9960
272.270,-4.0055,9.2622,-5.9960
272.278,-4.0055,9.2622,-5.9960
272.286,-4.0055,9.2648,-5.9960
272.294,-4.0055,9.2648,-5.9960
272.301,-4.0055,9.2648,-5.9960
272.308,-4.0055,9.2674,-5.9960
272.316,-4.0055,9.2674,-5.9960
272.323,-4.0055,9.2674,-5.9960
272.332,-4.0055,9.2700,-5.9960
272.340,-4.0055,9.2700,-5.9960
272.346,-4.0055,9.2725,-5.9960
272.355,-4.0055,9.2725,-5.9960
272.364,-4.0055,9.2725,-5.9960
272.372,-4.0055,9.2751,-5.9960
272.379,-4.0055,9.2751,-5.9960
272.386,-4.0055,9.2777,-5.9960
272.396,-4.0055,9.2777,-5.9960
272.403,-4.0055,9.2777,-5.9960
272.410,-4.0055,9.2803,-5.9960
272.419,-4.0055,9.2803,-5.9960
272.426,-4.0055,9.2828,-5.9960
272.435,-4.0055,9.2828,-5.9960
272.443,-4.0055,9.2828,-5.9960
272.451,-4.0055,9.2854,-5.9960
272.459,-4.0055,9.2854,-5.9960
272.468,-4.0055,9.2880,-5.9960
272.476,-4.0055,9.2880,-5.9960
272.485,-4.0055,9.2906,-5.9960
272.492,-4.0055,9.2906,-5.9960
272.501,-4.0055,9.2906,-5.9960
272.508,-4.0055,9.2931,-5.9960
272.519,-4.0055,9.2931,-5.9960
272.526,-4.0055,9.2957,-5.9960
272.537,-4.0055,9.2957,-5.9960
272.545,-4.0055,9.2983,-5.9960
272.554,-4.0055,9.2983,-5.9960
272.561,-4.0055,9.2983,-5.9960
272.569,-4.0055,9.3009,-5.9960
272.577,-4.0055,9.3009,-5.9960
272.585,-4.0055,9.3034,-5.9960
272.593,-4.0055,9.3034,-5.9960
272.601,-4.0055,9.3034,-5.9960
272.608,-4.0055,9.3060,-5.9960
272.617,-4.0055,9.3060,-5.9960
272.625,-4.0055,9.3086,-5.9960
272.634,-4.0055,9.3086,-5.9960
272.642,-4.0055,9.3086,-5.9960
272.649,-4.0055,9.3111,-5.9960
272.658,-4.0055,9.3111,-5.9960
272.666,-4.0055,9.3137,-5.9960
272.675,-4.0055,9.3137,-5.9960
272.682,-4.0055,9.3137,-5.9960
272.690,-4.0055,9.3163,-5.9960
272.701,-4.0055,9.3163,-5.9960
272.708,-4.0055,9.3189,-5.9960
272.717,-4.0055,9.3189,-5.9960
272.725,-4.0055,9.3214,-5.9960
272.735,-4.0055,9.3214,-5.9960
272.742,-4.0055,9.3214,-5.9960
272.751,-4.0055,9.3240,-5.9960
272.759,-4.0055,9.3240,-5.9960
272.767,-4.0055,9.3266,-5.9960
272.775,-4.0055,9.3266,-5.9960
272.783,-4.0055,9.3266,-5.9960
272.790,-4.0055,9.3291,-5.9960
272.798,-4.0055,9.3291,-5.9960
272.805,-4.0055,9.3317,-5.9960
272.813,-4.0055,9.3317,-5.9960
272.820,-4.0055,9.3317,-5.9960
272.827,-4.0055,9.3343,-5.9960
272.835,-4.0055,9.3343,-5.9960
272.842,-4.0055,9.3343,-5.9960
272.850,-4.0055,9.3368,-5.9960
272.857,-4.0055,9.3368,-5.9960
272.865,-4.0055,9.3394,-5.9960
272.873,-4.0055,9.3394,-5.9960
272.880,-4.0055,9.3394,-5.9960
272.887,-4.0055,9.3420,-5.9960
272.894,-4.0055,9.3420,-5.9960
272.902,-4.0055,9.3420,-5.9960
272.909,-4.0055,9.3445,-5.9960
272.917,-4.0055,9.3445,-5.9960
272.924,-4.0055,9.3445,-5.9960
272.931,-4.0055,9.3471,-5.9960
272.939,-4.0055,9.3471,-5.9960
272.946,-4.0055,9.3497,-5.9960
272.954,-4.0055,9.3497,-5.9960
272.961,-4.0055,9.3497,-5.9960
272.969,-4.0055,9.3522,-5.9960
272.976,-4.0055,9.3522,-5.9960
272.984,-4.0055,9.3522,-5.9960
272.990,-4.0055,9.3548,-5.9960
272.999,-4.0055,9.3548,-5.9960
273.005,-4.0055,9.3574,-5.9960
273.012,-4.0055,9.3574,-5.9960
273.019,-4.0055,9.3574,-5.9960
273.027,-4.0055,9.3599,-5.9960
273.036,-4.0055,9.3599,-5.9960
273.042,-4.0055,9.3599,-5.9960
273.049,-4.0055,9.3625,-5.9960
273.057,-4.0055,9.3625,-5.9960
273.065,-4.0055,9.3640,-5.9960
273.073,-4.0055,9.3640,-5.9960
273.080,-4.0055,9.3640,-5.9960
273.087,-4.0055,9.3640,-5.9960
273.095,-4.0055,9.3640,-5.9960
273.102,-4.0055,9.3640,-5.9960
273.109,-4.0055,9.3640,-5.9960
273.118,-4.0055,9.3640,-5.9960
273.126,-4.0055,9.3640,-5.9960
273.135,-4.0055,9.3640,-5.9960
273.142,-4.0055,9.3640,-5.9960
273.148,-4.0055,9.3640,-5.9960
273.156,-4.0055,9.3640,-5.9960
273.163,-4.0055,9.3640,-5.9960
273.171,-4.0055,9.3640,-5.9960
273.178,-4.0055,9.3640,-5.9960
273.184,-4.0055,9.3640,-5.9960
273.192,-4.0055,9.3640,-5.9960
273.200,-4.0055,9.3640,-5.9960
273.208,-4.0055,9.3640,-5.9960
273.215,-4.0055,9.3640,-5.9960
273.222,-4.0055,9.3640,-5.9960
273.229,-4.0055,9.3640,-5.9960
273.238,-4.0055,9.3640,-5.9960
273.245,-4.0055,9.3640,-5.9960
273.253,-4.0055,9.3640,-5.9960
273.263,-4.0055,9.3640,-5.9960
273.273,-4.0055,9.3640,-5.9960
273.284,-4.0055,9.3640,-5.9960
273.297,-4.0055,9.3640,-5.9960
273.306,-4.0055,9.3640,-5.9960
273.317,-4.0055,9.3640,-5.9960
273.328,-4.0055,9.3640,-5.9960
273.337,-4.0055,9.3640,-5.9960
273.346,-4.0055,9.3640,-5.9960
273.355,-4.0055,9.3640,-5.9960
273.366,-4.0055,9.3640,-5.9960
273.376,-4.0055,9.3640,-5.9960
273.385,-4.0055,9.3640,-5.9960
273.396,-4.0055,9.3640,-5.9960
273.407,-4.0055,9.3640,-5.9960
273.414,-4.0055,9.3640,-5.9960
273.422,-4.0055,9.3640,-5.9960
273.429,-4.0055,9.3640,-5.9960
273.437,-4.0055,9.3640,-5.9960
273.444,-4.0055,9.3640,-5.9960
273.452,-4.0055,9.3640,-5.9960
273.460,-4.0055,9.3640,-5.9960
273.469,-4.0055,9.3640,-5.9960
273.476,-4.0055,9.3640,-5.9960
273.484,-4.0055,9.3640,-5.9960
273.491,-4.0055,9.3640,-5.9960
273.499,-4.0055,9.3640,-5.9960
273.506,-4.0055,9.3640,-5.9960
273.515,-4.0055,9.3640,-5.9960
273.522,-4.0055,9.3640,-5.9960
273.530,-4.0055,9.3640,-5.9960
273.542,-4.0055,9.3640,-5.9960
273.552,-4.0055,9.3640,-5.9960
273.562,-4.0055,9.3640,-5.9960
273.573,-4.0055,9.3640,-5.9960
273.584,-4.0055,9.3640,-5.9960
273.595,-4.0055,9.3640,-5.9960
273.616,-4.0055,9.3640,-5.9960
273.629,-4.0055,9.3640,-5.9960
273.641,-4.0055,9.3640,-5.9960
273.652,-4.0055,9.3640,-5.9960
273.665,-4.0055,9.3640,-5.9960
273.674,-4.0055,9.3640,-5.9960
273.684,-4.0055,9.3640,-5.9960
273.693,-4.0055,9.3640,-5.9960
273.701,-4.0055,9.3640,-5.9960
273.712,-4.0055,9.3640,-5.9960
273.722,-4.0055,9.3640,-5.9960
273.731,-4.0055,9.3640,-5.9960
273.741,-4.0055,9.3640,-5.9960
273.752,-4.0055,9.3640,-5.9960
273.764,-4.0055,9.3640,-5.9960
273.777,-4.0055,9.3640,-5.9960
273.786,-4.0055,9.3640,-5.9960
273.797,-4.0055,9.3640,-5.9960
273.808,-4.0055,9.3640,-5.9960
273.817,-4.0055,9.3640,-5.9960
273.825,-4.0055,9.3640,-5.9960
273.837,-4.0055,9.3640,-5.9960
273.847,-4.0055,9.3640,-5.9960
273.857,-4.0055,9.3640,-5.9960
273.869,-4.0055,9.3640,-5.9960
273.877,-4.0055,9.3640,-5.9960
273.887,-4.0055,9.3640,-5.9960
273.897,-4.0055,9.3640,-5.9960
273.906,-4.0055,9.3640,-5.9960
273.916,-4.0055,9.3640,-5.9960
273.924,-4.0055,9.3640,-5.9960
273.934,-4.0055,9.3640,-5.9960
273.942,-4.0055,9.3640,-5.9960
273.949,-4.0055,9.3640,-5.9960
273.961,-4.0055,9.3640,-5.9960
273.968,-4.0055,9.3640,-5.9960
273.977,-4.0055,9.3640,-5.9960
273.985,-4.0055,9.3640,-5.9960
273.994,-4.0055,9.3640,-5.9960
274.003,-4.0055,9.3640,-5.9960
274.010,-4.0055,9.3640,-5.9960
274.020,-4.0055,9.3640,-5.9960
274.028,-4.0055,9.3640,-5.9960
274.037,-4.0055,9.3640,-5.9960
274.043,-4.0055,9.3640,-5.9960
274.051,-4.0055,9.3640,-5.9960
274.059,-4.0055,9.3640,-5.9960
274.067,-4.0055,9.3640,-5.9960
274.075,-4.0055,9.3640,-5.9960
274.083,-4.0055,9.3640,-5.9960
274.090,-4.0055,9.3640,-5.9960
274.098,-4.0055,9.3640,-5.9960
274.105,-4.0055,9.3640,-5.9960
274.114,-4.0055,9.3640,-5.9960
274.120,-4.0055,9.3640,-5.9960
274.129,-4.0055,9.3640,-5.9960
274.138,-4.0055,9.3640,-5.9960
274.146,-4.0055,9.3640,-5.9960
274.153,-4.0055,9.3640,-5.9960
274.160,-4.0055,9.3640,-5.9960
274.168,-4.0055,9.3640,-5.9960
274.176,-4.0055,9.3640,-5.9960
274.183,-4.0055,9.3640,-5.9960
274.189,-4.0055,9.3640,-5.9960
274.198,-4.0055,9.3640,-5.9960
274.205,-4.0055,9.3640,-5.9960
274.214,-4.0055,9.3640,-5.9960
274.220,-4.0055,9.3640,-5.9960
274.228,-4.0055,9.3640,-5.9960
274.237,-4.0055,9.3640,-5.9960
274.243,-4.0055,9.3640,-5.9960
274.250,-4.0055,9.3640,-5.9960
274.257,-4.0055,9.3640,-5.9960
274.266,-4.0055,9.3640,-5.9960
274.274,-4.0055,9.3640,-5.9960
274.281,-4.0055,9.3640,-5.9960
274.288,-4.0055,9.3640,-5.9960
274.296,-4.0055,9.3640,-5.9960
274.304,-4.0055,9.3640,-5.9960
274.312,-4.0055,9.3640,-5.9960
274.319,-4.0055,9.3640,-5.9960
274.326,-4.0055,9.3640,-5.9960
274.335,-4.0055,9.3640,-5.9960
274.341,-4.0055,9.3640,-5.9960
274.349,-4.0055,9.3640,-5.9960
274.357,-4.0055,9.3640,-5.9960
274.364,-4.0055,9.3640,-5.9960
274.372,-4.0055,9.3640,-5.9960
274.378,-4.0055,9.3640,-5.9960
274.385,-4.0055,9.3640,-5.9960
274.392,-4.0055,9.3640,-5.9960
274.399,-4.0055,9.3640,-5.9960
274.406,-4.0055,9.3640,-5.9960
274.414,-4.0055,9.3640,-5.9960
274.422,-4.0055,9.3640,-5.9960
274.428,-4.0055,9.3640,-5.9960
274.436,-4.0055,9.3640,-5.9960
274.444,-4.0055,9.3640,-5.9960
274.450,-4.0055,9.3640,-5.9960
274.458,-4.0055,9.3640,-5.9960
274.465,-4.0055,9.3640,-5.9960
274.473,-4.0055,9.3640,-5.9960
274.480,-4.0055,9.3640,-5.9960
274.487,-4.0055,9.3640,-5.9960
274.495,-4.0055,9.3640,-5.9960
274.503,-4.0055,9.3640,-5.9960
274.509,-4.0055,9.3640,-5.9960
274.518,-4.0055,9.3640,-5.9960
274.524,-4.0055,9.3640,-5.9960
274.533,-4.0055,9.3640,-5.9960
274.540,-4.0055,9.3640,-5.9960
274.547,-4.0055,9.3640,-5.9960
274.555,-4.0055,9.3640,-5.9960
274.562,-4.0055,9.3640,-5.9960
274.571,-4.0055,9.3640,-5.9960
274.578,-4.0055,9.3640,-5.9960
274.586,-4.0055,9.3640,-5.9960
274.593,-4.0055,9.3640,-5.9960
274.601,-4.0055,9.3640,-5.9960
274.607,-4.0055,9.3640,-5.9960
274.616,-4.0055,9.3640,-5.9960
274.623,-4.0055,9.3640,-5.9960
274.632,-4.0055,9.3640,-5.9960
274.639,-4.0055,9.3640,-5.9960
274.647,-4.0055,9.3640,-5.9960
274.654,-4.0055,9.3640,-5.9960
274.662,-4.0055,9.3640,-5.9960
274.667,-4.0055,9.3640,-5.9960
274.675,-4.0055,9.3640,-5.9960
274.683,-4.0055,9.3640,-5.9960
274.690,-4.0055,9.3640,-5.9960
274.698,-4.0055,9.3640,-5.9960
274.706,-4.0055,9.3640,-5.9960
274.712,-4.0055,9.3640,-5.9960
274.721,-4.0055,9.3640,-5.9960
274.727,-4.0055,9.3640,-5.9960
274.737,-4.0055,9.3640,-5.9960
274.743,-4.0055,9.3640,-5.9960
274.751,-4.0055,9.3640,-5.9960
274.758,-4.0055,9.3640,-5.9960
274.766,-4.0055,9.3640,-5.9960
274.773,-4.0055,9.3640,-5.9960
274.781,-4.0055,9.3640,-5.9960
274.789,-4.0055,9.3640,-5.9960
274.798,-4.0055,9.3640,-5.9960
274.806,-4.0055,9.3640,-5.9960
274.813,-4.0055,9.3640,-5.9960
274.821,-4.0055,9.3640,-5.9960
274.829,-4.0055,9.3640,-5.9960
274.838,-4.0055,9.3640,-5.9960
274.845,-4.0055,9.3640,-5.9960
274.853,-4.0055,9.3640,-5.9960
274.863,-4.0055,9.3640,-5.9960
274.872,-4.0055,9.3640,-5.9960
274.883,-4.0055,9.3640,-5.9960
274.891,-4.0055,9.3640,-5.9960
274.904,-4.0055,9.3640,-5.9960
274.915,-4.0055,9.3640,-5.9960
274.925,-4.0055,9.3640,-5.9960
274.935,-4.0055,9.3640,-5.9960
274.946,-4.0055,9.3640,-5.9960
274.956,-4.0055,9.3640,-5.9960
274.968,-4.0055,9.3640,-5.9960
274.979,-4.0055,9.3640,-5.9960
274.988,-4.0055,9.3640,-5.9960
275.004,-4.0055,9.3640,-5.9960
275.013,-4.0055,9.3640,-5.9960
275.024,-4.0055,9.3640,-5.9960
275.034,-4.0055,9.3640,-5.9960
275.044,-4.0055,9.3640,-5.9960
275.052,-4.0055,9.3640,-5.9960
275.062,-4.0055,9.3640,-5.9960
275.070,-4.0055,9.3640,-5.9960
275.079,-4.0055,9.3640,-5.9960
275.086,-4.0055,9.3640,-5.9960
275.095,-4.0055,9.3640,-5.9960
275.103,-4.0055,9.3640,-5.9960
275.111,-4.0055,9.3640,-5.9960
275.120,-4.0055,9.3640,-5.9960
275.129,-4.0055,9.3640,-5.9960
275.140,-4.0055,9.3640,-5.9960
275.148,-4.0055,9.3640,-5.9960
275.159,-4.0055,9.3640,-5.9960
275.172,-4.0055,9.3640,-5.9960
275.183,-4.0055,9.3640,-5.9960
275.194,-4.0055,9.3640,-5.9960
275.206,-4.0055,9.3640,-5.9960
275.218,-4.0055,9.3640,-5.9960
275.228,-4.0055,9.3640,-5.9960
275.237,-4.0055,9.3640,-5.9960
275.245,-4.0055,9.3640,-5.9960
275.254,-4.0055,9.3640,-5.9960
275.262,-4.0055,9.3640,-5.9960
275.270,-4.0055,9.3640,-5.9960
275.278,-4.0055,9.3640,-5.9960
275.286,-4.0055,9.3640,-5.9960
275.294,-4.0055,9.3640,-5.9960
275.302,-4.0055,9.3640,-5.9960
275.309,-4.0055,9.3640,-5.9960
275.319,-4.0055,9.3640,-5.9960
275.326,-4.0055,9.3640,-5.9960
275.336,-4.0055,9.3640,-5.9960
275.344,-4.0055,9.3640,-5.9960
275.352,-4.0055,9.3640,-5.9960
275.360,-4.0055,9.3640,-5.9960
275.372,-4.0055,9.3640,-5.9960
275.380,-4.0055,9.3640,-5.9960
275.388,-4.0055,9.3640,-5.9960
275.396,-4.0055,9.3640,-5.9960
275.405,-4.0055,9.3640,-5.9960
275.414,-4.0055,9.3640,-5.9960
275.424,-4.0055,9.3640,-5.9960
275.433,-4.0055,9.3640,-5.9960
275.445,-4.0055,9.3640,-5.9960
275.454,-4.0055,9.3640,-5.9960
275.462,-4.0055,9.3640,-5.9960
275.473,-4.0055,9.3640,-5.9960
275.480,-4.0055,9.3640,-5.9960
275.492,-4.0055,9.3640,-5.9960
275.502,-4.0055,9.3640,-5.9960
275.510,-4.0055,9.3640,-5.9960
275.518,-4.0055,9.3640,-5.9960
275.525,-4.0055,9.3640,-5.9960
275.535,-4.0055,9.3640,-5.9960
275.543,-4.0055,9.3640,-5.9960
275.550,-4.0055,9.3640,-5.9960
275.558,-4.0055,9.3640,-5.9960
275.566,-4.0055,9.3640,-5.9960
275.574,-4.0055,9.3640,-5.9960
275.582,-4.0055,9.3640,-5.9960
275.589,-4.0055,9.3640,-5.9960
275.598,-4.0055,9.3640,-5.9960
275.605,-4.0055,9.3640,-5.9960
275.613,-4.0055,9.3640,-5.9960
275.620,-4.0055,9.3640,-5.9960
275.628,-4.0055,9.3640,-5.9960
275.638,-4.0055,9.3640,-5.9960
275.647,-4.0055,9.3640,-5.9960
275.658,-4.0055,9.3640,-5.9960
275.670,-4.0055,9.3640,-5.9960
275.680,-4.0055,9.3640,-5.9960
275.689,-4.0055,9.3640,-5.9960
275.699,-4.0055,9.3640,-5.9960
275.709,-4.0055,9.3640,-5.9960
275.718,-4.0055,9.3640,-5.9960
275.726,-4.0055,9.3640,-5.9960
275.736,-4.0055,9.3640,-5.9960
275.742,-4.0055,9.3640,-5.9960
275.750,-4.0055,9.3640,-5.9960
275.758,-4.0055,9.3640,-5.9960
275.766,-4.0055,9.3640,-5.9960
275.773,-4.0055,9.3640,-5.9960
275.780,-4.0055,9.3640,-5.9960
275.788,-4.0055,9.3640,-5.9960
275.797,-4.0055,9.3640,-5.9960
275.803,-4.0055,9.3640,-5.9960
275.811,-4.0055,9.3640,-5.9960
275.819,-4.0055,9.3640,-5.9960
275.826,-4.0055,9.3640,-5.9960
275.836,-4.0055,9.3640,-5.9960
275.842,-4.0055,9.3640,-5.9960
275.850,-4.0055,9.3640,-5.9960
275.857,-4.0055,9.3640,-5.9960
275.864,-4.0055,9.3640,-5.9960
275.871,-4.0055,9.3640,-5.9960
275.880,-4.0055,9.3640,-5.9960
275.887,-4.0055,9.3640,-5.9960
275.895,-4.0055,9.3640,-5.9960
275.902,-4.0055,9.3640,-5.9960
275.909,-4.0055,9.3640,-5.9960
275.937,-4.0055,9.3640,-5.9960
275.946,-4.0055,9.3640,-5.9960
275.967,-4.0055,9.3640,-5.9960
275.978,-4.0055,9.3640,-5.9960
275.986,-4.0055,9.3640,-5.9960
275.994,-4.0055,9.3640,-5.9960
276.003,-4.0055,9.3640,-5.9960
276.017,-4.0055,9.3640,-5.9960
