Time,X,Y,Z
0.000,0.0000,9.3638,0.0000
0.026,0.0000,9.3638,0.0000
0.041,0.0000,9.3638,0.0000
0.054,0.0000,9.3638,0.0000
0.062,0.0000,9.3638,0.0000
0.072,0.0000,9.3638,0.0000
0.081,0.0000,9.3638,0.0000
0.090,0.0000,9.3638,0.0000
0.099,0.0000,9.3638,0.0000
0.108,0.0000,9.3638,0.0000
0.116,0.0000,9.3638,0.0000
0.125,0.0000,9.3638,0.0000
0.132,0.0000,9.3638,0.0000
0.140,0.0000,9.3638,0.0000
0.147,0.0000,9.3638,0.0000
0.156,0.0000,9.3638,0.0000
0.163,0.0000,9.3638,0.0000
0.173,0.0000,9.3638,0.0000
0.180,0.0000,9.3638,0.0000
0.189,0.0000,9.3638,0.0000
0.196,0.0000,9.3638,0.0000
0.205,0.0000,9.3638,0.0000
0.212,0.0000,9.3638,0.0000
0.219,0.0000,9.3638,0.0000
0.226,0.0000,9.3638,0.0000
0.235,0.0000,9.3638,0.0000
0.241,0.0000,9.3638,0.0000
0.248,0.0000,9.3638,0.0000
0.256,0.0000,9.3638,0.0000
0.264,0.0000,9.3638,0.0000
0.272,0.0000,9.3638,0.0000
0.281,0.0000,9.3638,0.0000
0.296,0.0000,9.3638,0.0000
0.310,0.0000,9.3638,0.0000
0.325,0.0000,9.3638,0.0000
0.341,0.0000,9.3638,0.0000
0.353,0.0000,9.3638,0.0000
0.366,0.0000,9.3638,0.0000
0.381,0.0000,9.3638,0.0000
0.394,0.0000,9.3638,0.0000
0.408,0.0000,9.3638,0.0000
0.421,0.0000,9.3638,0.0000
0.428,0.0000,9.3638,0.0000
0.438,0.0000,9.3638,0.0000
0.446,0.0000,9.3638,0.0000
0.456,0.0000,9.3638,0.0000
0.463,0.0000,9.3638,0.0000
0.473,0.0000,9.3638,0.0000
0.481,0.0000,9.3638,0.0000
0.490,0.0000,9.3638,0.0000
0.501,0.0000,9.3638,0.0000
0.510,0.0000,9.3638,0.0000
0.520,0.0000,9.3638,0.0000
0.528,0.0000,9.3638,0.0000
0.538,0.0000,9.3638,0.0000
0.546,0.0000,9.3638,0.0000
0.555,0.0000,9.3638,0.0000
0.563,0.0000,9.3638,0.0000
0.572,0.0000,9.3638,0.0000
0.581,0.0000,9.3638,0.0000
0.590,0.0000,9.3638,0.0000
0.599,0.0000,9.3638,0.0000
0.607,0.0000,9.3638,0.0000
0.617,0.0000,9.3638,0.0000
0.626,0.0000,9.3638,0.0000
0.635,0.0000,9.3638,0.0000
0.643,0.0000,9.3638,0.0000
0.652,0.0000,9.3638,0.0000
0.662,0.0000,9.3638,0.0000
0.677,0.0000,9.3638,0.0000
0.690,0.0000,9.3638,0.0000
0.711,0.0000,9.3638,0.0000
0.725,0.0000,9.3638,0.0000
0.735,0.0000,9.3638,0.0000
0.755,0.0000,9.3638,0.0000
0.764,0.0000,9.3638,0.0000
0.775,0.0000,9.3638,0.0000
0.786,0.0000,9.3638,0.0000
0.816,0.0000,9.3638,0.0000
0.843,0.0000,9.3638,0.0000
0.877,0.0000,9.3638,0.0000
0.893,0.0000,9.3638,0.0000
0.909,0.0000,9.3638,0.0000
0.924,0.0000,9.3638,0.0000
0.934,0.0000,9.3638,0.0000
0.943,0.0000,9.3638,0.0000
0.954,0.0000,9.3638,0.0000
0.963,0.0000,9.3638,0.0000
0.974,0.0000,9.3638,0.0000
0.989,0.0000,9.3638,0.0000
1.000,0.0000,9.3638,0.0000
1.015,0.0000,9.3638,0.0000
1.029,0.0000,9.3638,0.0000
1.039,0.0000,9.3638,0.0000
1.050,0.0000,9.3638,0.0000
1.060,0.0000,9.3638,0.0000
1.067,0.0000,9.3638,0.0000
1.076,0.0000,9.3638,0.0000
1.084,0.0000,9.3638,0.0000
1.094,0.0000,9.3638,0.0000
1.101,0.0000,9.3638,0.0000
1.111,0.0000,9.3638,0.0000
1.121,0.0000,9.3638,0.0000
1.129,0.0000,9.3638,0.0000
1.139,0.0000,9.3638,0.0000
1.146,0.0000,9.3638,0.0000
1.156,0.0000,9.3638,0.0000
1.164,0.0000,9.3638,0.0000
1.177,0.0000,9.3638,0.0000
1.191,0.0000,9.3638,0.0000
1.202,0.0000,9.3638,0.0000
1.213,0.0000,9.3638,0.0000
1.224,0.0000,9.3638,0.0000
1.236,0.0000,9.3638,0.0000
1.250,0.0000,9.3638,0.0000
1.266,0.0000,9.3638,0.0000
1.281,0.0000,9.3638,0.0000
1.295,0.0000,9.3638,0.0000
1.306,0.0000,9.3638,0.0000
1.315,0.0000,9.3638,0.0000
1.324,0.0000,9.3638,0.0000
1.332,0.0000,9.3638,0.0000
1.341,0.0000,9.3638,0.0000
1.349,0.0000,9.3638,0.0000
1.365,0.0000,9.3638,0.0000
1.379,0.0000,9.3638,0.0000
1.393,0.0000,9.3638,0.0000
1.410,0.0000,9.3638,0.0000
1.424,0.0000,9.3638,0.0000
1.433,0.0000,9.3638,0.0000
1.445,0.0000,9.3638,0.0000
1.461,0.0000,9.3638,0.0000
1.473,0.0000,9.3638,0.0000
1.489,0.0000,9.3638,0.0000
1.503,0.0000,9.3638,0.0000
1.517,0.0000,9.3638,0.0000
1.556,0.0000,9.3638,0.0000
1.572,0.0000,9.3638,0.0000
1.581,0.0000,9.3638,0.0000
1.596,0.0000,9.3638,0.0000
1.608,0.0000,9.3638,0.0000
1.618,0.0000,9.3638,0.0000
1.627,0.0000,9.3638,0.0000
1.638,0.0000,9.3638,0.0000
1.648,0.0000,9.3638,0.0000
1.659,0.0000,9.3638,0.0000
1.665,0.0000,9.3638,0.0000
1.677,0.0000,9.3638,0.0000
1.688,0.0000,9.3638,0.0000
1.697,0.0000,9.3638,0.0000
1.708,0.0000,9.3638,0.0000
1.719,0.0000,9.3638,0.0000
1.726,0.0000,9.3638,0.0000
1.736,0.0000,9.3638,0.0000
1.745,0.0000,9.3638,0.0000
1.759,0.0000,9.3638,0.0000
1.770,0.0000,9.3638,0.0000
1.780,0.0000,9.3638,0.0000
1.790,0.0000,9.3638,0.0000
1.798,0.0000,9.3638,0.0000
1.808,0.0000,9.3638,0.0000
1.815,0.0000,9.3638,0.0000
1.823,0.0000,9.3638,0.0000
1.834,0.0000,9.3638,0.0000
1.842,0.0000,9.3638,0.0000
1.851,0.0000,9.3638,0.0000
1.861,0.0000,9.3638,0.0000
1.871,0.0000,9.3638,0.0000
1.879,0.0000,9.3638,0.0000
1.888,0.0000,9.3638,0.0000
1.905,0.0000,9.3638,0.0000
1.916,0.0000,9.3638,0.0000
1.935,0.0000,9.3638,0.0000
1.946,0.0000,9.3638,0.0000
1.960,0.0000,9.3638,0.0000
1.969,0.0000,9.3638,0.0000
1.983,0.0000,9.3638,0.0000
1.992,0.0000,9.3638,0.0000
2.000,0.0000,9.3638,0.0000
2.009,0.0000,9.3638,0.0000
2.019,0.0000,9.3638,0.0000
2.025,0.0000,9.3638,0.0000
2.034,0.0000,9.3638,0.0000
2.043,0.0000,9.3638,0.0000
2.052,0.0000,9.3638,0.0000
2.060,0.0000,9.3638,0.0000
2.068,0.0000,9.3638,0.0000
2.077,0.0000,9.3638,0.0000
2.085,0.0000,9.3638,0.0000
2.094,0.0000,9.3638,0.0000
2.105,0.0000,9.3638,0.0000
2.114,0.0000,9.3638,0.0000
2.123,0.0000,9.3638,0.0000
2.132,0.0000,9.3638,0.0000
2.140,0.0000,9.3638,0.0000
2.148,0.0000,9.3638,0.0000
2.157,0.0000,9.3638,0.0000
2.166,0.0000,9.3638,0.0000
2.176,0.0000,9.3638,0.0000
2.185,0.0000,9.3638,0.0000
2.195,0.0000,9.3638,0.0000
2.205,0.0000,9.3638,0.0000
2.215,0.0000,9.3638,0.0000
2.225,0.0000,9.3638,0.0000
2.235,0.0000,9.3638,0.0000
2.244,0.0000,9.3638,0.0000
2.257,0.0000,9.3638,0.0000
2.269,0.0000,9.3638,0.0000
2.286,0.0000,9.3638,0.0000
2.298,0.0000,9.3638,0.0000
2.311,0.0000,9.3638,0.0000
2.327,0.0000,9.3638,0.0000
2.343,0.0000,9.3638,0.0000
2.358,0.0000,9.3638,0.0000
2.379,0.0000,9.3638,0.0000
2.393,0.0000,9.3638,0.0000
2.402,0.0000,9.3638,0.0000
2.413,0.0000,9.3638,0.0000
2.423,0.0000,9.3638,0.0000
2.431,0.0000,9.3638,0.0000
2.441,0.0000,9.3638,0.0000
2.448,0.0000,9.3638,0.0000
2.458,0.0000,9.3638,0.0000
2.467,0.0000,9.3638,0.0000
2.476,0.0000,9.3638,0.0000
2.485,0.0000,9.3638,0.0000
2.495,0.0000,9.3638,0.0000
2.503,0.0000,9.3638,0.0000
2.512,0.0000,9.3638,0.0000
2.521,0.0000,9.3638,0.0000
2.529,0.0000,9.3638,0.0000
2.538,0.0000,9.3638,0.0000
2.546,0.0000,9.3638,0.0000
2.557,0.0000,9.3638,0.0000
2.564,0.0000,9.3638,0.0000
2.573,0.0000,9.3638,0.0000
2.580,0.0000,9.3638,0.0000
2.589,0.0000,9.3638,0.0000
2.596,0.0000,9.3638,0.0000
2.605,0.0000,9.3638,0.0000
2.614,0.0000,9.3638,0.0000
2.623,0.0000,9.3638,0.0000
2.631,0.0000,9.3638,0.0000
2.640,0.0000,9.3638,0.0000
2.647,0.0000,9.3638,0.0000
2.657,0.0000,9.3638,0.0000
2.664,0.0000,9.3638,0.0000
2.673,0.0000,9.3638,0.0000
2.681,0.0000,9.3638,0.0000
2.688,0.0000,9.3638,0.0000
2.697,0.0000,9.3638,0.0000
2.709,0.0000,9.3638,0.0000
2.725,0.0000,9.3638,0.0000
2.737,0.0000,9.3638,0.0000
2.746,0.0000,9.3638,0.0000
2.757,0.0000,9.3638,0.0000
2.769,0.0000,9.3638,0.0000
2.780,0.0000,9.3638,0.0000
2.791,0.0000,9.3638,0.0000
2.800,0.0000,9.3638,0.0000
2.811,0.0000,9.3638,0.0000
2.822,0.0000,9.3638,0.0000
2.845,0.0000,9.3638,0.0000
2.859,0.0000,9.3638,0.0000
2.873,0.0000,9.3638,0.0000
2.889,0.0000,9.3638,0.0000
2.904,0.0000,9.3638,0.0000
2.918,0.0000,9.3638,0.0000
2.927,0.0000,9.3638,0.0000
2.940,0.0000,9.3638,0.0000
2.952,0.0000,9.3638,0.0000
2.966,0.0000,9.3638,0.0000
2.981,0.0000,9.3638,0.0000
2.999,0.0000,9.3638,0.0000
3.024,0.0000,9.3638,0.0000
3.038,0.0000,9.3638,0.0000
3.049,0.0000,9.3638,0.0000
3.062,0.0000,9.3638,0.0000
3.077,0.0000,9.3638,0.0000
3.096,0.0000,9.3638,0.0000
3.111,0.0000,9.3638,0.0000
3.127,0.0000,9.3638,0.0000
3.144,0.0000,9.3638,0.0000
3.158,0.0000,9.3638,0.0000
3.167,0.0000,9.3638,0.0000
3.176,0.0000,9.3638,0.0000
3.185,0.0000,9.3638,0.0000
3.196,0.0000,9.3638,0.0000
3.204,0.0000,9.3638,0.0000
3.214,0.0000,9.3638,0.0000
3.223,0.0000,9.3638,0.0000
3.233,0.0000,9.3638,0.0000
3.242,0.0000,9.3638,0.0000
3.252,0.0000,9.3638,0.0000
3.262,0.0000,9.3638,0.0000
3.271,0.0000,9.3638,0.0000
3.281,0.0000,9.3638,0.0000
3.291,0.0000,9.3638,0.0000
3.300,0.0000,9.3638,0.0000
3.309,0.0000,9.3638,0.0000
3.318,0.0000,9.3638,0.0000
3.327,0.0000,9.3638,0.0000
3.336,0.0000,9.3638,0.0000
3.345,0.0000,9.3638,0.0000
3.356,0.0000,9.3638,0.0000
3.366,0.0000,9.3638,0.0000
3.376,0.0000,9.3638,0.0000
3.386,0.0000,9.3638,0.0000
3.395,0.0000,9.3638,0.0000
3.406,0.0000,9.3638,0.0000
3.416,0.0000,9.3638,0.0000
3.425,0.0000,9.3638,0.0000
3.436,0.0000,9.3638,0.0000
3.445,0.0000,9.3638,0.0000
3.455,0.0000,9.3638,0.0000
3.465,0.0000,9.3638,0.0000
3.475,0.0000,9.3638,0.0000
3.486,0.0000,9.3638,0.0000
3.496,0.0000,9.3638,0.0000
3.505,0.0000,9.3638,0.0000
3.516,0.0000,9.3638,0.0000
3.526,0.0000,9.3638,0.0000
3.537,0.0000,9.3638,0.0000
3.547,0.0000,9.3638,0.0000
3.559,0.0000,9.3638,0.0000
3.566,0.0000,9.3638,0.0000
3.577,0.0000,9.3638,0.0000
3.586,0.0000,9.3638,0.0000
3.594,0.0000,9.3638,0.0000
3.601,0.0000,9.3638,0.0000
3.609,0.0000,9.3638,0.0000
3.620,0.0000,9.3638,0.0000
3.627,0.0000,9.3638,0.0000
3.635,0.0000,9.3638,0.0000
3.642,0.0000,9.3638,0.0000
3.652,0.0000,9.3638,0.0000
3.659,0.0000,9.3638,0.0000
3.674,0.0000,9.3638,0.0000
3.684,0.0000,9.3638,0.0000
3.693,0.0000,9.3638,0.0000
3.701,0.0000,9.3638,0.0000
3.709,0.0000,9.3638,0.0000
3.718,0.0000,9.3638,0.0000
3.725,0.0000,9.3638,0.0000
3.734,0.0000,9.3638,0.0000
3.741,0.0000,9.3638,0.0000
3.750,0.0000,9.3638,0.0000
3.758,0.0000,9.3638,0.0000
3.767,0.0000,9.3638,0.0000
3.776,0.0000,9.3638,0.0000
3.783,0.0000,9.3638,0.0000
3.794,0.0000,9.3638,0.0000
3.801,0.0000,9.3638,0.0000
3.813,0.0000,9.3638,0.0000
3.827,0.0000,9.3638,0.0000
3.837,0.0000,9.3638,0.0000
3.851,0.0000,9.3638,0.0000
3.862,0.0000,9.3638,0.0000
3.873,0.0000,9.3638,0.0000
3.895,0.0000,9.3638,0.0000
3.909,0.0000,9.3638,0.0000
3.922,0.0000,9.3638,0.0000
3.936,0.0000,9.3638,0.0000
3.944,0.0000,9.3638,0.0000
3.957,0.0000,9.3638,0.0000
3.969,0.0000,9.3638,0.0000
3.983,0.0000,9.3638,0.0000
3.992,0.0000,9.3638,0.0000
4.005,0.0000,9.3638,0.0000
4.021,0.0000,9.3638,0.0000
4.031,0.0000,9.3638,0.0000
4.046,0.0000,9.3638,0.0000
4.062,0.0000,9.3638,0.0000
4.078,0.0000,9.3638,0.0000
4.094,0.0000,9.3638,0.0000
4.109,0.0000,9.3638,0.0000
4.121,0.0000,9.3638,0.0000
4.128,0.0000,9.3638,0.0000
4.138,0.0000,9.3638,0.0000
4.145,0.0000,9.3638,0.0000
4.154,0.0000,9.3638,0.0000
4.162,0.0000,9.3638,0.0000
4.171,0.0000,9.3638,0.0000
4.178,0.0000,9.3638,0.0000
4.190,0.0000,9.3638,0.0000
4.201,0.0000,9.3638,0.0000
4.216,0.0000,9.3638,0.0000
4.231,0.0000,9.3638,0.0000
4.249,0.0000,9.3638,0.0000
4.265,0.0000,9.3638,0.0000
4.281,0.0000,9.3638,0.0000
4.299,0.0000,9.3638,0.0000
4.311,0.0000,9.3638,0.0000
4.325,0.0000,9.3638,0.0000
4.334,0.0000,9.3638,0.0000
4.344,0.0000,9.3638,0.0000
4.354,0.0000,9.3638,0.0000
4.362,0.0000,9.3638,0.0000
4.373,0.0000,9.3638,0.0000
4.380,0.0000,9.3638,0.0000
4.391,0.0000,9.3638,0.0000
4.400,0.0000,9.3638,0.0000
4.409,0.0000,9.3638,0.0000
4.419,0.0000,9.3638,0.0000
4.429,0.0000,9.3638,0.0000
4.438,0.0000,9.3638,0.0000
4.445,0.0000,9.3638,0.0000
4.453,0.0000,9.3638,0.0000
4.461,0.0000,9.3638,0.0000
4.469,0.0000,9.3638,0.0000
4.477,0.0000,9.3638,0.0000
4.485,0.0000,9.3638,0.0000
4.494,0.0000,9.3638,0.0000
4.502,0.0000,9.3638,0.0000
4.514,0.0000,9.3638,0.0000
4.523,0.0000,9.3638,0.0000
4.533,0.0000,9.3638,0.0000
4.541,0.0000,9.3638,0.0000
4.548,0.0000,9.3638,0.0000
4.563,0.0000,9.3638,0.0000
4.573,0.0000,9.3638,0.0000
4.587,0.0000,9.3638,0.0000
4.597,0.0000,9.3638,0.0000
4.612,0.0000,9.3638,0.0000
4.625,0.0000,9.3638,0.0000
4.636,0.0000,9.3638,0.0000
4.649,0.0000,9.3638,0.0000
4.662,0.0000,9.3638,0.0000
4.677,0.0000,9.3638,0.0000
4.698,0.0000,9.3638,0.0000
4.709,0.0000,9.3638,0.0000
4.732,0.0000,9.3638,0.0000
4.743,0.0000,9.3638,0.0000
4.757,0.0000,9.3638,0.0000
4.767,0.0000,9.3638,0.0000
4.780,0.0000,9.3638,0.0000
4.790,0.0000,9.3638,0.0000
4.798,0.0000,9.3638,0.0000
4.807,0.0000,9.3638,0.0000
4.816,0.0000,9.3638,0.0000
4.826,0.0000,9.3638,0.0000
4.835,0.0000,9.3638,0.0000
4.843,0.0000,9.3638,0.0000
4.852,0.0000,9.3638,0.0000
4.860,0.0000,9.3638,0.0000
4.868,0.0000,9.3638,0.0000
4.876,0.0000,9.3638,0.0000
4.885,0.0000,9.3638,0.0000
4.894,0.0000,9.3638,0.0000
4.901,0.0000,9.3638,0.0000
4.908,0.0000,9.3638,0.0000
4.918,0.0000,9.3638,0.0000
4.926,0.0000,9.3638,0.0000
4.939,0.0000,9.3638,0.0000
4.949,0.0000,9.3638,0.0000
4.965,0.0000,9.3638,0.0000
4.982,0.0000,9.3638,0.0000
4.998,0.0000,9.3638,0.0000
5.016,0.0000,9.3638,0.0000
5.030,0.0000,9.3638,0.0000
5.046,0.0000,9.3638,0.0000
5.063,0.0000,9.3638,0.0000
5.079,0.0000,9.3638,0.0000
5.095,0.0000,9.3638,0.0000
5.113,0.0000,9.3638,0.0000
5.126,0.0000,9.3638,0.0000
5.135,0.0000,9.3638,0.0000
5.144,0.0000,9.3638,0.0000
5.156,0.0000,9.3638,0.0000
5.164,0.0000,9.3638,0.0000
5.176,0.0000,9.3638,0.0000
5.189,0.0000,9.3638,0.0000
5.197,0.0000,9.3638,0.0000
5.205,0.0000,9.3638,0.0000
5.215,0.0000,9.3638,0.0000
5.225,0.0000,9.3638,0.0000
5.234,0.0000,9.3638,0.0000
5.244,0.0000,9.3638,0.0000
5.254,0.0000,9.3638,0.0000
5.261,0.0000,9.3638,0.0000
5.269,0.0000,9.3638,0.0000
5.278,0.0000,9.3638,0.0000
5.288,0.0000,9.3638,0.0000
5.295,0.0000,9.3638,0.0000
5.304,0.0000,9.3638,0.0000
5.313,0.0000,9.3638,0.0000
5.325,0.0000,9.3638,0.0000
5.337,0.0000,9.3638,0.0000
5.345,0.0000,9.3638,0.0000
5.355,0.0000,9.3638,0.0000
5.363,0.0000,9.3638,0.0000
5.372,0.0000,9.3638,0.0000
5.386,0.0000,9.3638,0.0000
5.411,0.0000,9.3638,0.0000
5.429,0.0000,9.3638,0.0000
5.472,0.0000,9.3638,0.0000
5.492,0.0000,9.3638,0.0000
5.507,0.0000,9.3638,0.0000
5.523,0.0000,9.3638,0.0000
5.540,0.0000,9.3638,0.0000
5.557,0.0000,9.3638,0.0000
5.571,0.0000,9.3638,0.0000
5.589,0.0000,9.3638,0.0000
5.604,0.0000,9.3638,0.0000
5.614,0.0000,9.3638,0.0000
5.624,0.0000,9.3638,0.0000
5.636,0.0000,9.3638,0.0000
5.648,0.0000,9.3638,0.0000
5.659,0.0000,9.3638,0.0000
5.667,0.0000,9.3638,0.0000
5.676,0.0000,9.3638,0.0000
5.684,0.0000,9.3638,0.0000
5.693,0.0000,9.3638,0.0000
5.701,0.0000,9.3638,0.0000
5.708,0.0000,9.3638,0.0000
5.717,0.0000,9.3638,0.0000
5.725,0.0000,9.3638,0.0000
5.734,0.0000,9.3638,0.0000
5.741,0.0000,9.3638,0.0000
5.749,0.0000,9.3638,0.0000
5.759,0.0000,9.3638,0.0000
5.766,0.0000,9.3638,0.0000
5.775,0.0000,9.3638,0.0000
5.784,0.0000,9.3638,0.0000
5.794,0.0000,9.3638,0.0000
5.801,0.0000,9.3638,0.0000
5.810,0.0000,9.3638,0.0000
5.820,0.0000,9.3638,0.0000
5.827,0.0000,9.3638,0.0000
5.843,0.0000,9.3638,0.0000
5.863,0.0000,9.3638,0.0000
5.885,0.0000,9.3638,0.0000
5.902,0.0000,9.3638,0.0000
5.923,0.0000,9.3638,0.0000
5.973,0.0000,9.3638,0.0000
6.019,0.0000,9.3638,0.0000
6.038,0.0000,9.3638,0.0000
6.051,0.0000,9.3638,0.0000
6.064,0.0000,9.3638,0.0000
6.080,0.0000,9.3638,0.0000
6.091,0.0000,9.3638,0.0000
6.100,0.0000,9.3638,0.0000
6.111,0.0000,9.3638,0.0000
6.123,0.0000,9.3638,0.0000
6.132,0.0000,9.3638,0.0000
6.144,0.0000,9.3638,0.0000
6.160,0.0000,9.3638,0.0000
6.174,0.0000,9.3638,0.0000
6.194,0.0000,9.3638,0.0000
6.207,0.0000,9.3638,0.0000
6.239,0.0000,9.3638,0.0000
6.260,0.0000,9.3638,0.0000
6.278,0.0000,9.3638,0.0000
6.294,0.0000,9.3638,0.0000
6.309,0.0000,9.3638,0.0000
6.318,0.0000,9.3638,0.0000
6.357,0.0000,9.3638,0.0000
6.371,0.0000,9.3638,0.0000
6.380,0.0000,9.3638,0.0000
6.390,0.0000,9.3638,0.0000
6.401,0.0000,9.3638,0.0000
6.409,0.0000,9.3638,0.0000
6.419,0.0000,9.3638,0.0000
6.429,0.0000,9.3638,0.0000
6.438,0.0000,9.3638,0.0000
6.445,0.0000,9.3638,0.0000
6.457,0.0000,9.3638,0.0000
6.473,0.0000,9.3638,0.0000
6.488,0.0000,9.3638,0.0000
6.503,0.0000,9.3638,0.0000
6.513,0.0000,9.3638,0.0000
6.526,0.0000,9.3638,0.0000
6.537,0.0000,9.3638,0.0000
6.546,0.0000,9.3638,0.0000
6.559,0.0000,9.3638,0.0000
6.567,0.0000,9.3638,0.0000
6.579,0.0000,9.3638,0.0000
6.591,0.0000,9.3638,0.0000
6.601,0.0000,9.3638,0.0000
6.609,0.0000,9.3638,0.0000
6.619,0.0000,9.3638,0.0000
6.626,0.0000,9.3638,0.0000
6.635,0.0000,9.3638,0.0000
6.644,0.0000,9.3638,0.0000
6.654,0.0000,9.3638,0.0000
6.664,0.0000,9.3638,0.0000
6.673,0.0000,9.3638,0.0000
6.682,0.0000,9.3638,0.0000
6.689,0.0000,9.3638,0.0000
6.700,0.0000,9.3638,0.0000
6.709,0.0000,9.3638,0.0000
6.719,0.0000,9.3638,0.0000
6.729,0.0000,9.3638,0.0000
6.747,0.0000,9.3638,0.0000
6.760,0.0000,9.3638,0.0000
6.774,0.0000,9.3638,0.0000
6.791,0.0000,9.3638,0.0000
6.806,0.0000,9.3638,0.0000
6.823,0.0000,9.3638,0.0000
6.837,0.0000,9.3638,0.0000
6.857,0.0000,9.3638,0.0000
6.873,0.0000,9.3638,0.0000
6.891,0.0000,9.3638,0.0000
6.908,0.0000,9.3638,0.0000
6.922,0.0000,9.3638,0.0000
6.931,0.0000,9.3638,0.0000
6.941,0.0000,9.3638,0.0000
6.952,0.0000,9.3638,0.0000
6.962,0.0000,9.3638,0.0000
6.974,0.0000,9.3638,0.0000
6.982,0.0000,9.3638,0.0000
6.992,0.0000,9.3638,0.0000
7.001,0.0000,9.3638,0.0000
7.009,0.0000,9.3638,0.0000
7.017,0.0000,9.3638,0.0000
7.026,0.0000,9.3638,0.0000
7.035,0.0000,9.3638,0.0000
7.044,0.0000,9.3638,0.0000
7.054,0.0000,9.3638,0.0000
7.062,0.0000,9.3638,0.0000
7.072,0.0000,9.3638,0.0000
7.080,0.0000,9.3638,0.0000
7.091,0.0000,9.3638,0.0000
7.102,0.0000,9.3638,0.0000
7.116,0.0000,9.3638,0.0000
7.132,0.0000,9.3638,0.0000
7.143,0.0000,9.3638,0.0000
7.155,0.0000,9.3638,0.0000
7.165,0.0000,9.3638,0.0000
7.178,0.0000,9.3638,0.0000
7.189,0.0000,9.3638,0.0000
7.200,0.0000,9.3638,0.0000
7.210,0.0000,9.3638,0.0000
7.223,0.0000,9.3638,0.0000
7.233,0.0000,9.3638,0.0000
7.242,0.0000,9.3638,0.0000
7.254,0.0000,9.3638,0.0000
7.262,0.0000,9.3638,0.0000
7.272,0.0000,9.3638,0.0000
7.281,0.0000,9.3638,0.0000
7.290,0.0000,9.3638,0.0000
7.300,0.0000,9.3638,0.0000
7.309,0.0000,9.3638,0.0000
7.319,0.0000,9.3638,0.0000
7.327,0.0000,9.3638,0.0000
7.337,0.0000,9.3638,0.0000
7.346,0.0000,9.3638,0.0000
7.356,0.0000,9.3638,0.0000
7.366,0.0000,9.3638,0.0000
7.375,0.0000,9.3638,0.0000
7.386,0.0000,9.3638,0.0000
7.397,0.0000,9.3638,0.0000
7.405,0.0000,9.3638,0.0000
7.417,0.0000,9.3638,0.0000
7.429,0.0000,9.3638,0.0000
7.444,0.0000,9.3638,0.0000
7.457,0.0000,9.3638,0.0000
7.465,0.0000,9.3638,0.0000
7.479,0.0000,9.3638,0.0000
7.492,0.0000,9.3638,0.0000
7.508,0.0000,9.3638,0.0000
7.522,0.0000,9.3638,0.0000
7.539,0.0000,9.3638,0.0000
7.552,0.0000,9.3638,0.0000
7.560,0.0000,9.3638,0.0000
7.570,0.0000,9.3638,0.0000
7.579,0.0000,9.3638,0.0000
7.589,0.0000,9.3638,0.0000
7.598,0.0000,9.3638,0.0000
7.608,0.0000,9.3638,0.0000
7.617,0.0000,9.3638,0.0000
7.625,0.0000,9.3638,0.0000
7.635,0.0000,9.3638,0.0000
7.644,0.0000,9.3638,0.0000
7.654,0.0000,9.3638,0.0000
7.664,0.0000,9.3638,0.0000
7.674,0.0000,9.3638,0.0000
7.681,0.0000,9.3638,0.0000
7.691,0.0000,9.3638,0.0000
7.700,0.0000,9.3638,0.0000
7.709,0.0000,9.3638,0.0000
7.718,0.0000,9.3638,0.0000
7.728,0.0000,9.3638,0.0000
7.738,0.0000,9.3638,0.0000
7.753,0.0000,9.3638,0.0000
7.766,0.0000,9.3638,0.0000
7.778,0.0000,9.3638,0.0000
7.793,0.0000,9.3638,0.0000
7.803,0.0000,9.3638,0.0000
7.821,0.0000,9.3638,0.0000
7.834,0.0000,9.3638,0.0000
7.850,0.0000,9.3638,0.0000
7.860,0.0000,9.3638,0.0000
7.868,0.0000,9.3638,0.0000
7.882,0.0000,9.3638,0.0000
7.892,0.0000,9.3638,0.0000
7.899,0.0000,9.3638,0.0000
7.908,0.0000,9.3638,0.0000
7.917,0.0000,9.3638,0.0000
7.929,0.0000,9.3638,0.0000
7.941,0.0000,9.3638,0.0000
7.948,0.0000,9.3638,0.0000
7.960,0.0000,9.3638,0.0000
7.971,0.0000,9.3638,0.0000
7.981,0.0000,9.3638,0.0000
7.995,0.0000,9.3638,0.0000
8.006,0.0000,9.3638,0.0000
8.020,0.0000,9.3638,0.0000
8.033,0.0000,9.3638,0.0000
8.044,0.0000,9.3638,0.0000
8.057,0.0000,9.3638,0.0000
8.067,0.0000,9.3638,0.0000
8.078,0.0000,9.3638,0.0000
8.091,0.0000,9.3638,0.0000
8.102,0.0000,9.3638,0.0000
8.115,0.0000,9.3638,0.0000
8.125,0.0000,9.3638,0.0000
8.139,0.0000,9.3638,0.0000
8.148,0.0000,9.3638,0.0000
8.158,0.0000,9.3638,0.0000
8.166,0.0000,9.3638,0.0000
8.179,0.0000,9.3638,0.0000
8.189,0.0000,9.3638,0.0000
8.200,0.0000,9.3638,0.0000
8.211,0.0000,9.3638,0.0000
8.223,0.0000,9.3638,0.0000
8.237,0.0000,9.3638,0.0000
8.246,0.0000,9.3638,0.0000
8.260,0.0000,9.3638,0.0000
8.270,0.0000,9.3638,0.0000
8.279,0.0000,9.3638,0.0000
8.287,0.0000,9.3638,0.0000
8.296,0.0000,9.3638,0.0000
8.304,0.0000,9.3638,0.0000
8.312,0.0000,9.3638,0.0000
8.321,0.0000,9.3638,0.0000
8.329,0.0000,9.3638,0.0000
8.339,0.0000,9.3638,0.0000
8.347,0.0000,9.3638,0.0000
8.356,0.0000,9.3638,0.0000
8.365,0.0000,9.3638,0.0000
8.374,0.0000,9.3638,0.0000
8.382,0.0000,9.3638,0.0000
8.392,0.0000,9.3638,0.0000
8.399,0.0000,9.3638,0.0000
8.409,0.0000,9.3638,0.0000
8.419,0.0000,9.3638,0.0000
8.428,0.0000,9.3638,0.0000
8.437,0.0000,9.3638,0.0000
8.445,0.0000,9.3638,0.0000
8.457,0.0000,9.3638,0.0000
8.465,0.0000,9.3638,0.0000
8.478,0.0000,9.3638,0.0000
8.489,0.0000,9.3638,0.0000
8.501,0.0000,9.3638,0.0000
8.512,0.0000,9.3638,0.0000
8.525,0.0000,9.3638,0.0000
8.536,0.0000,9.3638,0.0000
8.547,0.0000,9.3638,0.0000
8.556,0.0000,9.3638,0.0000
8.565,0.0000,9.3638,0.0000
8.577,0.0000,9.3638,0.0000
8.585,0.0000,9.3638,0.0000
8.596,0.0000,9.3638,0.0000
8.605,0.0000,9.3638,0.0000
8.615,0.0000,9.3638,0.0000
8.625,0.0000,9.3638,0.0000
8.635,0.0000,9.3638,0.0000
8.644,0.0000,9.3638,0.0000
8.654,0.0000,9.3638,0.0000
8.663,0.0000,9.3638,0.0000
8.672,0.0000,9.3638,0.0000
8.679,0.0000,9.3638,0.0000
8.688,0.0000,9.3638,0.0000
8.697,0.0000,9.3638,0.0000
8.705,0.0000,9.3638,0.0000
8.714,0.0000,9.3638,0.0000
8.723,0.0000,9.3638,0.0000
8.731,0.0000,9.3638,0.0000
8.741,0.0000,9.3638,0.0000
8.748,0.0000,9.3638,0.0000
8.758,0.0000,9.3638,0.0000
8.765,0.0000,9.3638,0.0000
8.775,0.0000,9.3638,0.0000
8.783,0.0000,9.3638,0.0000
8.792,0.0000,9.3638,0.0000
8.801,0.0000,9.3638,0.0000
8.809,0.0000,9.3638,0.0000
8.819,0.0000,9.3638,0.0000
8.827,0.0000,9.3638,0.0000
8.835,0.0000,9.3638,0.0000
8.844,0.0000,9.3638,0.0000
8.855,0.0000,9.3638,0.0000
8.863,0.0000,9.3638,0.0000
8.873,0.0000,9.3638,0.0000
8.880,0.0000,9.3638,0.0000
8.889,0.0000,9.3638,0.0000
8.899,0.0000,9.3638,0.0000
8.908,0.0000,9.3638,0.0000
8.916,0.0000,9.3638,0.0000
8.925,0.0000,9.3638,0.0000
8.933,0.0000,9.3638,0.0000
8.942,0.0000,9.3638,0.0000
8.952,0.0000,9.3638,0.0000
8.960,0.0000,9.3638,0.0000
8.968,0.0000,9.3638,0.0000
8.976,0.0000,9.3638,0.0000
8.986,0.0000,9.3638,0.0000
8.995,0.0000,9.3638,0.0000
9.003,0.0000,9.3638,0.0000
9.011,0.0000,9.3638,0.0000
9.020,0.0000,9.3638,0.0000
9.027,0.0000,9.3638,0.0000
9.035,0.0000,9.3638,0.0000
9.044,0.0000,9.3638,0.0000
9.053,0.0000,9.3638,0.0000
9.061,0.0000,9.3638,0.0000
9.070,0.0000,9.3638,0.0000
9.080,0.0000,9.3638,0.0000
9.088,0.0000,9.3638,0.0000
9.096,0.0000,9.3638,0.0000
9.105,0.0000,9.3638,0.0000
9.114,0.0000,9.3638,0.0000
9.122,0.0000,9.3638,0.0000
9.131,0.0000,9.3638,0.0000
9.139,0.0000,9.3638,0.0000
9.148,0.0000,9.3638,0.0000
9.157,0.0000,9.3638,0.0000
9.165,0.0000,9.3638,0.0000
9.175,0.0000,9.3638,0.0000
9.182,0.0000,9.3638,0.0000
9.192,0.0000,9.3638,0.0000
9.199,0.0000,9.3638,0.0000
9.209,0.0000,9.3638,0.0000
9.219,0.0000,9.3638,0.0000
9.227,0.0000,9.3638,0.0000
9.237,0.0000,9.3638,0.0000
9.245,0.0000,9.3638,0.0000
9.256,0.0000,9.3638,0.0000
9.264,0.0000,9.3638,0.0000
9.274,0.0000,9.3638,0.0000
9.283,0.0000,9.3638,0.0000
9.294,0.0000,9.3638,0.0000
9.307,0.0000,9.3638,0.0000
9.318,0.0000,9.3638,0.0000
9.330,0.0000,9.3638,0.0000
9.341,0.0000,9.3638,0.0000
9.351,0.0000,9.3638,0.0000
9.361,0.0000,9.3638,0.0000
9.368,0.0000,9.3638,0.0000
9.378,0.0000,9.3638,0.0000
9.388,0.0000,9.3638,0.0000
9.397,0.0000,9.3638,0.0000
9.406,0.0000,9.3638,0.0000
9.415,0.0000,9.3638,0.0000
9.424,0.0000,9.3638,0.0000
9.432,0.0000,9.3638,0.0000
9.443,0.0000,9.3638,0.0000
9.453,0.0000,9.3638,0.0000
9.461,0.0000,9.3638,0.0000
9.475,0.0000,9.3638,0.0000
9.487,0.0000,9.3638,0.0000
9.499,0.0000,9.3638,0.0000
9.508,0.0000,9.3638,0.0000
9.518,0.0000,9.3638,0.0000
9.526,0.0000,9.3638,0.0000
9.536,0.0000,9.3638,0.0000
9.553,0.0000,9.3638,0.0000
9.563,0.0000,9.3638,0.0000
9.572,0.0000,9.3638,0.0000
9.579,0.0000,9.3638,0.0000
9.587,0.0000,9.3638,0.0000
9.597,0.0000,9.3638,0.0000
9.605,0.0000,9.3638,0.0000
9.613,0.0000,9.3638,0.0000
9.623,0.0000,9.3638,0.0000
9.631,0.0000,9.3638,0.0000
9.639,0.0000,9.3638,0.0000
9.646,0.0000,9.3638,0.0000
9.657,0.0000,9.3638,0.0000
9.665,0.0000,9.3638,0.0000
9.674,0.0000,9.3638,0.0000
9.683,0.0000,9.3638,0.0000
9.693,0.0000,9.3638,0.0000
9.702,0.0000,9.3638,0.0000
9.711,0.0000,9.3638,0.0000
9.721,0.0000,9.3638,0.0000
9.729,0.0000,9.3638,0.0000
9.740,0.0000,9.3638,0.0000
9.748,0.0000,9.3638,0.0000
9.756,0.0000,9.3638,0.0000
9.766,0.0000,9.3638,0.0000
9.774,0.0000,9.3638,0.0000
9.784,0.0000,9.3638,0.0000
9.793,0.0000,9.3638,0.0000
9.825,0.0000,9.3638,0.0000
9.845,0.0000,9.3638,0.0000
9.859,0.0000,9.3638,0.0000
9.871,0.0000,9.3638,0.0000
9.882,0.0000,9.3638,0.0000
9.893,0.0000,9.3638,0.0000
9.905,0.0000,9.3638,0.0000
9.920,0.0000,9.3638,0.0000
9.932,0.0000,9.3638,0.0000
9.943,0.0000,9.3638,0.0000
9.954,0.0000,9.3638,0.0000
9.962,0.0000,9.3638,0.0000
9.971,0.0000,9.3638,0.0000
9.982,0.0000,9.3638,0.0000
9.992,0.0000,9.3638,0.0000
10.002,0.0000,9.3638,0.0000
10.012,0.0000,9.3638,0.0000
10.023,0.0000,9.3638,0.0000
10.033,0.0000,9.3638,0.0000
10.042,0.0000,9.3638,0.0000
10.054,0.0000,9.3638,0.0000
10.063,0.0000,9.3638,0.0000
10.071,0.0000,9.3638,0.0000
10.081,0.0000,9.3638,0.0000
10.091,0.0000,9.3638,0.0000
10.102,0.0000,9.3638,0.0000
10.113,0.0000,9.3638,0.0000
10.124,0.0000,9.3638,0.0000
10.134,0.0000,9.3638,0.0000
10.143,0.0000,9.3638,0.0000
10.153,0.0000,9.3638,0.0000
10.163,0.0000,9.3638,0.0000
10.174,0.0000,9.3638,0.0000
10.183,0.0000,9.3638,0.0000
10.194,0.0000,9.3638,0.0000
10.202,0.0000,9.3638,0.0000
10.211,0.0000,9.3638,0.0000
10.219,0.0000,9.3638,0.0000
10.227,0.0000,9.3638,0.0000
10.235,0.0000,9.3638,0.0000
10.242,0.0000,9.3638,0.0000
10.251,0.0000,9.3638,0.0000
10.259,0.0000,9.3638,0.0000
10.268,0.0000,9.3638,0.0000
10.275,0.0000,9.3638,0.0000
10.285,0.0000,9.3638,0.0000
10.293,0.0000,9.3638,0.0000
10.302,0.0000,9.3638,0.0000
10.310,0.0000,9.3638,0.0000
10.319,0.0000,9.3638,0.0000
10.328,0.0000,9.3638,0.0000
10.337,0.0000,9.3638,0.0000
10.346,0.0000,9.3638,0.0000
10.357,0.0000,9.3638,0.0000
10.365,0.0000,9.3638,0.0000
10.375,0.0000,9.3638,0.0000
10.386,0.0000,9.3638,0.0000
10.396,0.0000,9.3638,0.0000
10.403,0.0000,9.3638,0.0000
10.412,0.0000,9.3638,0.0000
10.422,0.0000,9.3638,0.0000
10.430,0.0000,9.3638,0.0000
10.439,0.0000,9.3638,0.0000
10.448,0.0000,9.3638,0.0000
10.457,0.0000,9.3638,0.0000
10.465,0.0000,9.3638,0.0000
10.476,0.0000,9.3638,0.0000
10.485,0.0000,9.3638,0.0000
10.495,0.0000,9.3638,0.0000
10.505,0.0000,9.3638,0.0000
10.513,0.0000,9.3638,0.0000
10.523,0.0000,9.3638,0.0000
10.533,0.0000,9.3638,0.0000
10.541,0.0000,9.3638,0.0000
10.550,0.0000,9.3638,0.0000
10.560,0.0000,9.3638,0.0000
10.569,0.0000,9.3638,0.0000
10.579,0.0000,9.3638,0.0000
10.588,0.0000,9.3638,0.0000
10.597,0.0000,9.3638,0.0000
10.605,0.0000,9.3638,0.0000
10.615,0.0000,9.3638,0.0000
10.626,0.0000,9.3638,0.0000
10.636,0.0000,9.3638,0.0000
10.646,0.0000,9.3638,0.0000
10.657,0.0000,9.3638,0.0000
10.667,0.0000,9.3638,0.0000
10.677,0.0000,9.3638,0.0000
10.688,0.0000,9.3638,0.0000
10.697,0.0000,9.3638,0.0000
10.706,0.0000,9.3638,0.0000
10.728,0.0000,9.3638,0.0000
10.753,0.0000,9.3638,0.0000
10.765,0.0000,9.3638,0.0000
10.779,0.0000,9.3638,0.0000
10.789,0.0000,9.3638,0.0000
10.799,0.0000,9.3638,0.0000
10.816,0.0000,9.3638,0.0000
10.825,0.0000,9.3638,0.0000
10.835,0.0000,9.3638,0.0000
10.843,0.0000,9.3638,0.0000
10.854,0.0000,9.3638,0.0000
10.864,0.0000,9.3638,0.0000
10.873,0.0000,9.3638,0.0000
10.883,0.0000,9.3638,0.0000
10.895,0.0000,9.3638,0.0000
10.907,0.0000,9.3638,0.0000
10.939,0.0000,9.3638,0.0000
10.963,0.0000,9.3638,0.0000
10.979,0.0000,9.3638,0.0000
11.006,0.0000,9.3638,0.0000
11.036,0.0000,9.3638,0.0000
11.061,0.0000,9.3638,0.0000
11.073,0.0000,9.3638,0.0000
11.088,0.0000,9.3638,0.0000
11.101,0.0000,9.3638,0.0000
11.113,0.0000,9.3638,0.0000
11.128,0.0000,9.3638,0.0000
11.149,0.0000,9.3638,0.0000
11.161,0.0000,9.3638,0.0000
11.172,0.0000,9.3638,0.0000
11.195,0.0000,9.3638,0.0000
11.205,0.0000,9.3638,0.0000
11.226,0.0000,9.3638,0.0000
11.237,0.0000,9.3638,0.0000
11.254,0.0000,9.3638,0.0000
11.265,0.0000,9.3638,0.0000
11.274,0.0000,9.3638,0.0000
11.283,0.0000,9.3638,0.0000
11.292,0.0000,9.3638,0.0000
11.302,0.0000,9.3638,0.0000
11.310,0.0000,9.3638,0.0000
11.319,0.0000,9.3638,0.0000
11.327,0.0000,9.3638,0.0000
11.335,0.0000,9.3638,0.0000
11.343,0.0000,9.3638,0.0000
11.351,0.0000,9.3638,0.0000
11.360,0.0000,9.3638,0.0000
11.366,0.0000,9.3638,0.0000
11.376,0.0000,9.3638,0.0000
11.384,0.0000,9.3638,0.0000
11.397,0.0000,9.3638,0.0000
11.411,0.0000,9.3638,0.0000
11.421,0.0000,9.3638,0.0000
11.432,0.0000,9.3638,0.0000
11.443,0.0000,9.3638,0.0000
11.453,0.0000,9.3638,0.0000
11.462,0.0000,9.3638,0.0000
11.478,0.0000,9.3638,0.0000
11.487,0.0000,9.3638,0.0000
11.508,0.0000,9.3638,0.0000
11.520,0.0000,9.3638,0.0000
11.533,0.0000,9.3638,0.0000
11.549,0.0000,9.3638,0.0000
11.559,0.0000,9.3638,0.0000
11.567,0.0000,9.3638,0.0000
11.576,0.0000,9.3638,0.0000
11.585,0.0000,9.3638,0.0000
11.595,0.0000,9.3638,0.0000
11.602,0.0000,9.3638,0.0000
11.611,0.0000,9.3638,0.0000
11.621,0.0000,9.3638,0.0000
11.628,0.0000,9.3638,0.0000
11.636,0.0000,9.3638,0.0000
11.645,0.0000,9.3638,0.0000
11.656,0.0000,9.3638,0.0000
11.663,0.0000,9.3638,0.0000
11.673,0.0000,9.3638,0.0000
11.681,0.0000,9.3638,0.0000
11.690,0.0000,9.3638,0.0000
11.699,0.0000,9.3638,0.0000
11.709,0.0000,9.3638,0.0000
11.722,0.0000,9.3638,0.0000
11.731,0.0000,9.3638,0.0000
11.741,0.0000,9.3638,0.0000
11.751,0.0000,9.3638,0.0000
11.769,0.0000,9.3638,0.0000
11.783,0.0000,9.3638,0.0000
11.794,0.0000,9.3638,0.0000
11.806,0.0000,9.3638,0.0000
11.822,0.0000,9.3638,0.0000
11.837,0.0000,9.3638,0.0000
11.848,0.0000,9.3638,0.0000
11.864,0.0000,9.3638,0.0000
11.880,0.0000,9.3638,0.0000
11.895,0.0000,9.3638,0.0000
11.908,0.0000,9.3638,0.0000
11.918,0.0000,9.3638,0.0000
11.928,0.0000,9.3638,0.0000
11.936,0.0000,9.3638,0.0000
11.945,0.0000,9.3638,0.0000
11.956,0.0000,9.3638,0.0000
11.963,0.0000,9.3638,0.0000
11.975,0.0000,9.3638,0.0000
11.985,0.0000,9.3638,0.0000
12.001,0.0000,9.3638,0.0000
12.025,0.0000,9.3638,0.0000
12.043,0.0000,9.3638,0.0000
12.055,0.0000,9.3638,0.0000
12.066,0.0000,9.3638,0.0000
12.082,0.0000,9.3638,0.0000
12.095,0.0000,9.3638,0.0000
12.106,0.0000,9.3638,0.0000
12.124,0.0000,9.3638,0.0000
12.137,0.0000,9.3638,0.0000
12.147,0.0000,9.3638,0.0000
12.160,0.0000,9.3638,0.0000
12.171,0.0000,9.3638,0.0000
12.186,0.0000,9.3638,0.0000
12.204,0.0000,9.3638,0.0000
12.218,0.0000,9.3638,0.0000
12.226,0.0000,9.3638,0.0000
12.242,0.0000,9.3638,0.0000
12.251,0.0000,9.3638,0.0000
12.274,0.0000,9.3638,0.0000
12.294,0.0000,9.3638,0.0000
12.306,0.0000,9.3638,0.0000
12.318,0.0000,9.3638,0.0000
12.329,0.0000,9.3638,0.0000
12.341,0.0000,9.3638,0.0000
12.358,0.0000,9.3638,0.0000
12.372,0.0000,9.3638,0.0000
12.395,0.0000,9.3638,0.0000
12.406,0.0000,9.3638,0.0000
12.420,0.0000,9.3638,0.0000
12.438,0.0000,9.3638,0.0000
12.457,0.0000,9.3638,0.0000
12.476,0.0000,9.3638,0.0000
12.494,0.0000,9.3638,0.0000
12.508,0.0000,9.3638,0.0000
12.528,0.0000,9.3638,0.0000
12.544,0.0000,9.3638,0.0000
12.555,0.0000,9.3638,0.0000
12.565,0.0000,9.3638,0.0000
12.583,0.0000,9.3638,0.0000
12.595,0.0000,9.3638,0.0000
12.607,0.0000,9.3638,0.0000
12.626,0.0000,9.3638,0.0000
12.639,0.0000,9.3638,0.0000
12.657,0.0000,9.3638,0.0000
12.669,0.0000,9.3638,0.0000
12.683,0.0000,9.3638,0.0000
12.693,0.0000,9.3638,0.0000
12.703,0.0000,9.3638,0.0000
12.717,0.0000,9.3638,0.0000
12.727,0.0000,9.3638,0.0000
12.737,0.0000,9.3638,0.0000
12.745,0.0000,9.3638,0.0000
12.754,0.0000,9.3638,0.0000
12.762,0.0000,9.3638,0.0000
12.770,0.0000,9.3638,0.0000
12.779,0.0000,9.3638,0.0000
12.788,0.0000,9.3638,0.0000
12.796,0.0000,9.3638,0.0000
12.805,0.0000,9.3638,0.0000
12.813,0.0000,9.3638,0.0000
12.822,0.0000,9.3638,0.0000
12.831,0.0000,9.3638,0.0000
12.839,0.0000,9.3638,0.0000
12.847,0.0000,9.3638,0.0000
12.857,0.0000,9.3638,0.0000
12.866,0.0000,9.3638,0.0000
12.875,0.0000,9.3638,0.0000
12.883,0.0000,9.3638,0.0000
12.893,0.0000,9.3638,0.0000
12.900,0.0000,9.3638,0.0000
12.909,0.0000,9.3638,0.0000
12.917,0.0000,9.3638,0.0000
12.926,0.0000,9.3638,0.0000
12.937,0.0000,9.3638,0.0000
12.945,0.0000,9.3638,0.0000
12.958,0.0000,9.3638,0.0000
12.967,0.0000,9.3638,0.0000
12.984,0.0000,9.3638,0.0000
13.002,0.0000,9.3638,0.0000
13.014,0.0000,9.3638,0.0000
13.023,0.0000,9.3638,0.0000
13.033,0.0000,9.3638,0.0000
13.047,0.0000,9.3638,0.0000
13.062,0.0000,9.3638,0.0000
13.074,0.0000,9.3638,0.0000
13.087,0.0000,9.3638,0.0000
13.097,0.0000,9.3638,0.0000
13.109,0.0000,9.3638,0.0000
13.122,0.0000,9.3638,0.0000
13.144,0.0000,9.3638,0.0000
13.158,0.0000,9.3638,0.0000
13.167,0.0000,9.3638,0.0000
13.179,0.0000,9.3638,0.0000
13.191,0.0000,9.3638,0.0000
13.204,0.0000,9.3638,0.0000
13.217,0.0000,9.3638,0.0000
13.231,0.0000,9.3638,0.0000
13.242,0.0000,9.3638,0.0000
13.255,0.0000,9.3638,0.0000
13.266,0.0000,9.3638,0.0000
13.281,0.0000,9.3638,0.0000
13.290,0.0000,9.3638,0.0000
13.299,0.0000,9.3638,0.0000
13.310,0.0000,9.3638,0.0000
13.321,0.0000,9.3638,0.0000
13.329,0.0000,9.3638,0.0000
13.340,0.0000,9.3638,0.0000
13.348,0.0000,9.3638,0.0000
13.357,0.0000,9.3638,0.0000
13.366,0.0000,9.3638,0.0000
13.379,0.0000,9.3638,0.0000
13.389,0.0000,9.3638,0.0000
13.398,0.0000,9.3638,0.0000
13.406,0.0000,9.3638,0.0000
13.416,0.0000,9.3638,0.0000
13.423,0.0000,9.3638,0.0000
13.434,0.0000,9.3638,0.0000
13.442,0.0000,9.3638,0.0000
13.451,0.0000,9.3638,0.0000
13.461,0.0000,9.3638,0.0000
13.470,0.0000,9.3638,0.0000
13.480,0.0000,9.3638,0.0000
13.490,0.0000,9.3638,0.0000
13.499,0.0000,9.3638,0.0000
13.508,0.0000,9.3638,0.0000
13.525,0.0000,9.3638,0.0000
13.539,0.0000,9.3638,0.0000
13.551,0.0000,9.3638,0.0000
13.563,0.0000,9.3638,0.0000
13.574,0.0000,9.3638,0.0000
13.588,0.0000,9.3638,0.0000
13.604,0.0000,9.3638,0.0000
13.626,0.0000,9.3638,0.0000
13.643,0.0000,9.3638,0.0000
13.653,0.0000,9.3638,0.0000
13.668,0.0000,9.3638,0.0000
13.679,0.0000,9.3638,0.0000
13.692,0.0000,9.3638,0.0000
13.709,0.0000,9.3638,0.0000
13.720,0.0000,9.3638,0.0000
13.733,0.0000,9.3638,0.0000
13.751,0.0000,9.3638,0.0000
13.764,0.0000,9.3638,0.0000
13.774,0.0000,9.3638,0.0000
13.782,0.0000,9.3638,0.0000
13.790,0.0000,9.3638,0.0000
13.798,0.0000,9.3638,0.0000
13.806,0.0000,9.3638,0.0000
13.815,0.0000,9.3638,0.0000
13.824,0.0000,9.3638,0.0000
13.833,0.0000,9.3638,0.0000
13.840,0.0000,9.3638,0.0000
13.848,0.0000,9.3638,0.0000
13.858,0.0000,9.3638,0.0000
13.864,0.0000,9.3638,0.0000
13.873,0.0000,9.3638,0.0000
13.879,0.0000,9.3638,0.0000
13.889,0.0000,9.3638,0.0000
13.896,0.0000,9.3638,0.0000
13.904,0.0000,9.3638,0.0000
13.912,0.0000,9.3638,0.0000
13.922,0.0000,9.3638,0.0000
13.928,0.0000,9.3638,0.0000
13.937,0.0000,9.3638,0.0000
13.945,0.0000,9.3638,0.0000
13.955,0.0000,9.3638,0.0000
13.962,0.0000,9.3638,0.0000
13.970,0.0000,9.3638,0.0000
13.978,0.0000,9.3638,0.0000
13.987,0.0000,9.3638,0.0000
13.995,0.0000,9.3638,0.0000
14.003,0.0000,9.3638,0.0000
14.012,0.0000,9.3638,0.0000
14.020,0.0000,9.3638,0.0000
14.027,0.0000,9.3638,0.0000
14.035,0.0000,9.3638,0.0000
14.043,0.0000,9.3638,0.0000
14.052,0.0000,9.3638,0.0000
14.060,0.0000,9.3638,0.0000
14.066,0.0000,9.3638,0.0000
14.075,0.0000,9.3638,0.0000
14.081,0.0000,9.3638,0.0000
14.090,0.0000,9.3638,0.0000
14.099,0.0000,9.3638,0.0000
14.107,0.0000,9.3638,0.0000
14.280,0.0000,9.3638,0.0000
14.366,0.0000,9.3638,0.0000
14.393,0.0000,9.3638,0.0000
14.403,0.0000,9.3638,0.0000
14.415,0.0000,9.3638,0.0000
14.424,0.0000,9.3638,0.0000
14.434,0.0000,9.3638,0.0000
14.443,0.0000,9.3638,0.0000
14.470,0.0000,9.3638,0.0000
14.482,0.0000,9.3638,0.0000
14.495,0.0000,9.3638,0.0000
14.504,0.0000,9.3638,0.0000
14.515,0.0000,9.3638,0.0000
14.525,0.0000,9.3638,0.0000
14.536,0.0000,9.3638,0.0000
14.548,0.0000,9.3638,0.0000
14.565,0.0000,9.3638,0.0000
14.582,0.0000,9.3638,0.0000
14.595,0.0000,9.3638,0.0000
14.616,0.0000,9.3638,0.0000
14.630,0.0000,9.3638,0.0000
14.643,0.0000,9.3638,0.0000
14.661,0.0000,9.3638,0.0000
14.676,0.0000,9.3638,0.0000
14.693,0.0000,9.3638,0.0000
14.717,0.0000,9.3638,0.0000
14.733,0.0000,9.3638,0.0000
14.748,0.0000,9.3638,0.0000
14.762,0.0000,9.3638,0.0000
14.773,0.0000,9.3638,0.0000
14.782,0.0000,9.3638,0.0000
14.792,0.0000,9.3638,0.0000
14.801,0.0000,9.3638,0.0000
14.810,0.0000,9.3638,0.0000
14.821,0.0000,9.3638,0.0000
14.828,0.0000,9.3638,0.0000
14.838,0.0000,9.3638,0.0000
14.846,0.0000,9.3638,0.0000
14.857,0.0000,9.3638,0.0000
14.865,0.0000,9.3638,0.0000
14.877,0.0000,9.3638,0.0000
14.888,0.0000,9.3638,0.0000
14.902,0.0000,9.3638,0.0000
14.917,0.0000,9.3638,0.0000
14.933,0.0000,9.3638,0.0000
14.952,0.0000,9.3638,0.0000
14.966,0.0000,9.3638,0.0000
14.982,0.0000,9.3638,0.0000
14.998,0.0000,9.3638,0.0000
15.015,0.0000,9.3638,0.0000
15.029,0.0000,9.3638,0.0000
15.047,0.0000,9.3638,0.0000
15.062,0.0000,9.3638,0.0000
15.076,0.0000,9.3638,0.0000
15.085,0.0000,9.3638,0.0000
15.095,0.0000,9.3638,0.0000
15.105,0.0000,9.3638,0.0000
15.115,0.0000,9.3638,0.0000
15.124,0.0000,9.3638,0.0000
15.133,0.0000,9.3638,0.0000
15.141,0.0000,9.3638,0.0000
15.153,0.0000,9.3638,0.0000
15.163,0.0000,9.3638,0.0000
15.175,0.0000,9.3638,0.0000
15.185,0.0000,9.3638,0.0000
15.195,0.0000,9.3638,0.0000
15.204,0.0000,9.3638,0.0000
15.215,0.0000,9.3638,0.0000
15.225,0.0000,9.3638,0.0000
15.237,0.0000,9.3638,0.0000
15.245,0.0000,9.3638,0.0000
15.259,0.0000,9.3638,0.0000
15.269,0.0000,9.3638,0.0000
15.279,0.0000,9.3638,0.0000
15.293,0.0000,9.3638,0.0000
15.305,0.0000,9.3638,0.0000
15.319,0.0000,9.3638,0.0000
15.333,0.0000,9.3638,0.0000
15.345,0.0000,9.3638,0.0000
15.359,0.0000,9.3638,0.0000
15.370,0.0000,9.3638,0.0000
15.385,0.0000,9.3638,0.0000
15.402,0.0000,9.3638,0.0000
15.416,0.0000,9.3638,0.0000
15.427,0.0000,9.3638,0.0000
15.436,0.0000,9.3638,0.0000
15.444,0.0000,9.3638,0.0000
15.453,0.0000,9.3638,0.0000
15.461,0.0000,9.3638,0.0000
15.467,0.0000,9.3638,0.0000
15.476,0.0000,9.3638,0.0000
15.484,0.0000,9.3638,0.0000
15.493,0.0000,9.3638,0.0000
15.500,0.0000,9.3638,0.0000
15.507,0.0000,9.3638,0.0000
15.520,0.0000,9.3638,0.0000
15.529,0.0000,9.3638,0.0000
15.540,0.0000,9.3638,0.0000
15.551,0.0000,9.3638,0.0000
15.562,0.0000,9.3638,0.0000
15.579,0.0000,9.3638,0.0000
15.592,0.0000,9.3638,0.0000
15.603,0.0000,9.3638,0.0000
15.617,0.0000,9.3638,0.0000
15.627,0.0000,9.3638,0.0000
15.643,0.0000,9.3638,0.0000
15.654,0.0000,9.3638,0.0000
15.670,0.0000,9.3638,0.0000
15.692,0.0000,9.3638,0.0000
15.705,0.0000,9.3638,0.0000
15.724,0.0000,9.3638,0.0000
15.738,0.0000,9.3638,0.0000
15.749,0.0000,9.3638,0.0000
15.762,0.0000,9.3638,0.0000
15.787,0.0000,9.3638,0.0000
15.802,0.0000,9.3638,0.0000
15.813,0.0000,9.3638,0.0000
15.829,0.0000,9.3638,0.0000
15.845,0.0000,9.3638,0.0000
15.855,0.0000,9.3638,0.0000
15.865,0.0000,9.3638,0.0000
15.879,0.0000,9.3638,0.0000
15.890,0.0000,9.3638,0.0000
15.901,0.0000,9.3638,0.0000
15.909,0.0000,9.3638,0.0000
15.918,0.0000,9.3638,0.0000
15.927,0.0000,9.3638,0.0000
15.938,0.0000,9.3638,0.0000
15.946,0.0000,9.3638,0.0000
15.974,0.0000,9.3638,0.0000
15.992,0.0000,9.3638,0.0000
16.005,0.0000,9.3638,0.0000
16.031,0.0000,9.3638,0.0000
16.045,0.0000,9.3638,0.0000
16.061,0.0000,9.3638,0.0000
16.071,0.0000,9.3638,0.0000
16.094,0.0000,9.3638,0.0000
16.110,0.0000,9.3638,0.0000
16.127,0.0000,9.3638,0.0000
16.205,0.0000,9.3638,0.0000
16.225,0.0000,9.3638,0.0000
16.239,0.0000,9.3638,0.0000
16.256,0.0000,9.3638,0.0000
16.271,0.0000,9.3638,0.0000
16.282,0.0000,9.3638,0.0000
16.293,0.0000,9.3638,0.0000
16.303,0.0000,9.3638,0.0000
16.313,0.0000,9.3638,0.0000
16.323,0.0000,9.3638,0.0000
16.332,0.0000,9.3638,0.0000
16.341,0.0000,9.3638,0.0000
16.350,0.0000,9.3638,0.0000
16.360,0.0000,9.3638,0.0000
16.368,0.0000,9.3638,0.0000
16.377,0.0000,9.3638,0.0000
16.386,0.0000,9.3638,0.0000
16.396,0.0000,9.3638,0.0000
16.405,0.0000,9.3638,0.0000
16.416,0.0000,9.3638,0.0000
16.425,0.0000,9.3638,0.0000
16.433,0.0000,9.3638,0.0000
16.443,0.0000,9.3638,0.0000
16.453,0.0000,9.3638,0.0000
16.461,0.0000,9.3638,0.0000
16.469,0.0000,9.3638,0.0000
16.477,0.0000,9.3638,0.0000
16.487,0.0000,9.3638,0.0000
16.495,0.0000,9.3638,0.0000
16.503,0.0000,9.3638,0.0000
16.512,0.0000,9.3638,0.0000
16.521,0.0000,9.3638,0.0000
16.532,0.0000,9.3638,0.0000
16.543,0.0000,9.3638,0.0000
16.554,0.0000,9.3638,0.0000
16.571,0.0000,9.3638,0.0000
16.584,0.0000,9.3638,0.0000
16.603,0.0000,9.3638,0.0000
16.616,0.0000,9.3638,0.0000
16.632,0.0000,9.3638,0.0000
16.641,0.0000,9.3638,0.0000
16.649,0.0000,9.3638,0.0000
16.658,0.0000,9.3638,0.0000
16.666,0.0000,9.3638,0.0000
16.675,0.0000,9.3638,0.0000
16.683,0.0000,9.3638,0.0000
16.695,0.0000,9.3638,0.0000
16.710,0.0000,9.3638,0.0000
16.723,0.0000,9.3638,0.0000
16.731,0.0000,9.3638,0.0000
16.740,0.0000,9.3638,0.0000
16.747,0.0000,9.3638,0.0000
16.758,0.0000,9.3638,0.0000
16.765,0.0000,9.3638,0.0000
16.774,0.0000,9.3638,0.0000
16.782,0.0000,9.3638,0.0000
16.791,0.0000,9.3638,0.0000
16.799,0.0000,9.3638,0.0000
16.806,0.0000,9.3638,0.0000
16.815,0.0000,9.3638,0.0000
16.824,0.0000,9.3638,0.0000
16.833,0.0000,9.3638,0.0000
16.841,0.0000,9.3638,0.0000
16.850,0.0000,9.3638,0.0000
16.859,0.0000,9.3638,0.0000
16.867,0.0000,9.3638,0.0000
16.877,0.0000,9.3638,0.0000
16.886,0.0000,9.3638,0.0000
16.895,0.0000,9.3638,0.0000
16.903,0.0000,9.3638,0.0000
16.913,0.0000,9.3638,0.0000
16.922,0.0000,9.3638,0.0000
16.931,0.0000,9.3638,0.0000
16.940,0.0000,9.3638,0.0000
16.948,0.0000,9.3638,0.0000
16.959,0.0000,9.3638,0.0000
16.969,0.0000,9.3638,0.0000
16.978,0.0000,9.3638,0.0000
16.987,0.0000,9.3638,0.0000
16.997,0.0000,9.3638,0.0000
17.006,0.0000,9.3638,0.0000
17.016,0.0000,9.3638,0.0000
17.025,0.0000,9.3638,0.0000
17.034,0.0000,9.3638,0.0000
17.042,0.0000,9.3638,0.0000
17.052,0.0000,9.3638,0.0000
17.061,0.0000,9.3638,0.0000
17.069,0.0000,9.3638,0.0000
17.079,0.0000,9.3638,0.0000
17.090,0.0000,9.3638,0.0000
17.099,0.0000,9.3638,0.0000
17.109,0.0000,9.3638,0.0000
17.119,0.0000,9.3638,0.0000
17.128,0.0000,9.3638,0.0000
17.139,0.0000,9.3638,0.0000
17.148,0.0000,9.3638,0.0000
17.158,0.0000,9.3638,0.0000
17.166,0.0000,9.3638,0.0000
17.177,0.0000,9.3638,0.0000
17.188,0.0000,9.3638,0.0000
17.197,0.0000,9.3638,0.0000
17.206,0.0000,9.3638,0.0000
17.215,0.0000,9.3638,0.0000
17.223,0.0000,9.3638,0.0000
17.232,0.0000,9.3638,0.0000
17.241,0.0000,9.3638,0.0000
17.248,0.0000,9.3638,0.0000
17.257,0.0000,9.3638,0.0000
17.265,0.0000,9.3638,0.0000
17.274,0.0000,9.3638,0.0000
17.282,0.0000,9.3638,0.0000
17.290,0.0000,9.3638,0.0000
17.300,0.0000,9.3638,0.0000
17.307,0.0000,9.3638,0.0000
17.318,0.0000,9.3638,0.0000
17.326,0.0000,9.3638,0.0000
17.335,0.0000,9.3638,0.0000
17.344,0.0000,9.3638,0.0000
17.353,0.0000,9.3638,0.0000
17.362,0.0000,9.3638,0.0000
17.372,0.0000,9.3638,0.0000
17.381,0.0000,9.3638,0.0000
17.391,0.0000,9.3638,0.0000
17.400,0.0000,9.3638,0.0000
17.419,0.0000,9.3638,0.0000
17.428,0.0000,9.3638,0.0000
17.437,0.0000,9.3638,0.0000
17.445,0.0000,9.3638,0.0000
17.456,0.0000,9.3638,0.0000
17.463,0.0000,9.3638,0.0000
17.474,0.0000,9.3638,0.0000
17.483,0.0000,9.3638,0.0000
17.493,0.0000,9.3638,0.0000
17.501,0.0000,9.3638,0.0000
17.510,0.0000,9.3638,0.0000
17.521,0.0000,9.3638,0.0000
17.529,0.0000,9.3638,0.0000
17.539,0.0000,9.3638,0.0000
17.548,0.0000,9.3638,0.0000
17.558,0.0000,9.3638,0.0000
17.567,0.0000,9.3638,0.0000
17.576,0.0000,9.3638,0.0000
17.585,0.0000,9.3638,0.0000
17.595,0.0000,9.3638,0.0000
17.604,0.0000,9.3638,0.0000
17.612,0.0000,9.3638,0.0000
17.621,0.0000,9.3638,0.0000
17.629,0.0000,9.3638,0.0000
17.639,0.0000,9.3638,0.0000
17.647,0.0000,9.3638,0.0000
17.657,0.0000,9.3638,0.0000
17.665,0.0000,9.3638,0.0000
17.675,0.0000,9.3638,0.0000
17.683,0.0000,9.3638,0.0000
17.693,0.0000,9.3638,0.0000
17.700,0.0000,9.3638,0.0000
17.708,0.0000,9.3638,0.0000
17.716,0.0000,9.3638,0.0000
17.726,0.0000,9.3638,0.0000
17.735,0.0000,9.3638,0.0000
17.743,0.0000,9.3638,0.0000
17.752,0.0000,9.3638,0.0000
17.760,0.0000,9.3638,0.0000
17.768,0.0000,9.3638,0.0000
17.776,0.0000,9.3638,0.0000
17.786,0.0000,9.3638,0.0000
17.795,0.0000,9.3638,0.0000
17.805,0.0000,9.3638,0.0000
17.814,0.0000,9.3638,0.0000
17.822,0.0000,9.3638,0.0000
17.831,0.0000,9.3638,0.0000
17.839,0.0000,9.3638,0.0000
17.848,0.0000,9.3638,0.0000
17.856,0.0000,9.3638,0.0000
17.864,0.0000,9.3638,0.0000
17.873,0.0000,9.3638,0.0000
17.882,0.0000,9.3638,0.0000
17.891,0.0000,9.3638,0.0000
17.898,0.0000,9.3638,0.0000
17.908,0.0000,9.3638,0.0000
17.916,0.0000,9.3638,0.0000
17.925,0.0000,9.3638,0.0000
17.934,0.0000,9.3638,0.0000
17.942,0.0000,9.3638,0.0000
17.951,0.0000,9.3638,0.0000
17.960,0.0000,9.3638,0.0000
17.968,0.0000,9.3638,0.0000
17.976,0.0000,9.3638,0.0000
17.985,0.0000,9.3638,0.0000
17.994,0.0000,9.3638,0.0000
18.003,0.0000,9.3638,0.0000
18.012,0.0000,9.3638,0.0000
18.020,0.0000,9.3638,0.0000
18.027,0.0000,9.3638,0.0000
18.036,0.0000,9.3638,0.0000
18.043,0.0000,9.3638,0.0000
18.053,0.0000,9.3638,0.0000
18.061,0.0000,9.3638,0.0000
18.069,0.0000,9.3638,0.0000
18.077,0.0000,9.3638,0.0000
18.087,0.0000,9.3638,0.0000
18.097,0.0000,9.3638,0.0000
18.104,0.0000,9.3638,0.0000
18.114,0.0000,9.3638,0.0000
18.122,0.0000,9.3638,0.0000
18.132,0.0000,9.3638,0.0000
18.140,0.0000,9.3638,0.0000
18.149,0.0000,9.3638,0.0000
18.158,0.0000,9.3638,0.0000
18.165,0.0000,9.3638,0.0000
18.176,0.0000,9.3638,0.0000
18.183,0.0000,9.3638,0.0000
18.194,0.0000,9.3638,0.0000
18.201,0.0000,9.3638,0.0000
18.210,0.0000,9.3638,0.0000
18.221,0.0000,9.3638,0.0000
18.228,0.0000,9.3638,0.0000
18.238,0.0000,9.3638,0.0000
18.246,0.0000,9.3638,0.0000
18.257,0.0000,9.3638,0.0000
18.265,0.0000,9.3638,0.0000
18.275,0.0000,9.3638,0.0000
18.283,0.0000,9.3638,0.0000
18.292,0.0000,9.3638,0.0000
18.301,0.0000,9.3638,0.0000
18.309,0.0000,9.3638,0.0000
18.318,0.0000,9.3638,0.0000
18.327,0.0000,9.3638,0.0000
18.337,0.0000,9.3638,0.0000
18.345,0.0000,9.3638,0.0000
18.356,0.0000,9.3638,0.0000
18.365,0.0000,9.3638,0.0000
18.375,0.0000,9.3638,0.0000
18.385,0.0000,9.3638,0.0000
18.395,0.0000,9.3638,0.0000
18.403,0.0000,9.3638,0.0000
18.413,0.0000,9.3638,0.0000
18.423,0.0000,9.3638,0.0000
18.431,0.0000,9.3638,0.0000
18.442,0.0000,9.3638,0.0000
18.450,0.0000,9.3638,0.0000
18.460,0.0000,9.3638,0.0000
18.468,0.0000,9.3638,0.0000
18.479,0.0000,9.3638,0.0000
18.488,0.0000,9.3638,0.0000
18.497,0.0000,9.3638,0.0000
18.506,0.0000,9.3638,0.0000
18.514,0.0000,9.3638,0.0000
18.523,0.0000,9.3638,0.0000
18.532,0.0000,9.3638,0.0000
18.541,0.0000,9.3638,0.0000
18.549,0.0000,9.3638,0.0000
18.558,0.0000,9.3638,0.0000
18.566,0.0000,9.3638,0.0000
18.575,0.0000,9.3638,0.0000
18.584,0.0000,9.3638,0.0000
18.593,0.0000,9.3638,0.0000
18.602,0.0000,9.3638,0.0000
18.611,0.0000,9.3638,0.0000
18.620,0.0000,9.3638,0.0000
18.628,0.0000,9.3638,0.0000
18.638,0.0000,9.3638,0.0000
18.647,0.0000,9.3638,0.0000
18.656,0.0000,9.3638,0.0000
18.666,0.0000,9.3638,0.0000
18.675,0.0000,9.3638,0.0000
18.683,0.0000,9.3638,0.0000
18.694,0.0000,9.3638,0.0000
18.702,0.0000,9.3638,0.0000
18.711,0.0000,9.3638,0.0000
18.721,0.0000,9.3638,0.0000
18.729,0.0000,9.3638,0.0000
18.737,0.0000,9.3638,0.0000
18.745,0.0000,9.3638,0.0000
18.756,0.0000,9.3638,0.0000
18.763,0.0000,9.3638,0.0000
18.773,0.0000,9.3638,0.0000
18.782,0.0000,9.3638,0.0000
18.791,0.0000,9.3638,0.0000
18.800,0.0000,9.3638,0.0000
18.808,0.0000,9.3638,0.0000
18.819,0.0000,9.3638,0.0000
18.828,0.0000,9.3638,0.0000
18.838,0.0000,9.3638,0.0000
18.848,0.0000,9.3638,0.0000
18.858,0.0000,9.3638,0.0000
18.866,0.0000,9.3638,0.0000
18.876,0.0000,9.3638,0.0000
18.886,0.0000,9.3638,0.0000
18.895,0.0000,9.3638,0.0000
18.902,0.0000,9.3638,0.0000
18.911,0.0000,9.3638,0.0000
18.919,0.0000,9.3638,0.0000
18.927,0.0000,9.3638,0.0000
18.934,0.0000,9.3638,0.0000
18.942,0.0000,9.3638,0.0000
18.950,0.0000,9.3638,0.0000
18.959,0.0000,9.3638,0.0000
18.966,0.0000,9.3638,0.0000
18.975,0.0000,9.3638,0.0000
18.983,0.0000,9.3638,0.0000
18.993,0.0000,9.3638,0.0000
19.001,0.0000,9.3638,0.0000
19.009,0.0000,9.3638,0.0000
19.018,0.0000,9.3638,0.0000
19.026,0.0000,9.3638,0.0000
19.033,0.0000,9.3638,0.0000
19.041,0.0000,9.3638,0.0000
19.048,0.0000,9.3638,0.0000
19.057,0.0000,9.3638,0.0000
19.065,0.0000,9.3638,0.0000
19.075,0.0000,9.3638,0.0000
19.086,0.0000,9.3638,0.0000
19.094,0.0000,9.3638,0.0000
19.101,0.0000,9.3638,0.0000
19.110,0.0000,9.3638,0.0000
19.118,0.0000,9.3638,0.0000
19.126,0.0000,9.3638,0.0000
19.134,0.0000,9.3638,0.0000
19.143,0.0000,9.3638,0.0000
19.152,0.0000,9.3638,0.0000
19.160,0.0000,9.3638,0.0000
19.167,0.0000,9.3638,0.0000
19.175,0.0000,9.3638,0.0000
19.183,0.0000,9.3638,0.0000
19.193,0.0000,9.3638,0.0000
19.199,0.0000,9.3638,0.0000
19.208,0.0000,9.3638,0.0000
19.216,0.0000,9.3638,0.0000
19.225,0.0000,9.3638,0.0000
19.235,0.0000,9.3638,0.0000
19.242,0.0000,9.3638,0.0000
19.253,0.0000,9.3638,0.0000
19.261,0.0000,9.3638,0.0000
19.269,0.0000,9.3638,0.0000
19.278,0.0000,9.3638,0.0000
19.287,0.0000,9.3638,0.0000
19.295,0.0000,9.3638,0.0000
19.304,0.0000,9.3638,0.0000
19.311,0.0000,9.3638,0.0000
19.320,0.0000,9.3638,0.0000
19.327,0.0000,9.3638,0.0000
19.336,0.0000,9.3638,0.0000
19.343,0.0000,9.3638,0.0000
19.354,0.0000,9.3638,0.0000
19.362,0.0000,9.3638,0.0000
19.372,0.0000,9.3638,0.0000
19.379,0.0000,9.3638,0.0000
19.388,0.0000,9.3638,0.0000
19.397,0.0000,9.3638,0.0000
19.405,0.0000,9.3638,0.0000
19.414,0.0000,9.3638,0.0000
19.423,0.0000,9.3638,0.0000
19.431,0.0000,9.3638,0.0000
19.440,0.0000,9.3638,0.0000
19.447,0.0000,9.3638,0.0000
19.459,0.0000,9.3638,0.0000
19.466,0.0000,9.3638,0.0000
19.478,0.0000,9.3638,0.0000
19.487,0.0000,9.3638,0.0000
19.497,0.0000,9.3638,0.0000
19.506,0.0000,9.3638,0.0000
19.516,0.0000,9.3638,0.0000
19.526,0.0000,9.3638,0.0000
19.536,0.0000,9.3638,0.0000
19.544,0.0000,9.3638,0.0000
19.554,0.0000,9.3638,0.0000
19.563,0.0000,9.3638,0.0000
19.574,0.0000,9.3638,0.0000
19.583,0.0000,9.3638,0.0000
19.593,0.0000,9.3638,0.0000
19.603,0.0000,9.3638,0.0000
19.612,0.0000,9.3638,0.0000
19.622,0.0000,9.3638,0.0000
19.631,0.0000,9.3638,0.0000
19.640,0.0000,9.3638,0.0000
19.648,0.0000,9.3638,0.0000
19.658,0.0000,9.3638,0.0000
19.666,0.0000,9.3638,0.0000
19.676,0.0000,9.3638,0.0000
19.685,0.0000,9.3638,0.0000
19.696,0.0000,9.3638,0.0000
19.705,0.0000,9.3638,0.0000
19.717,0.0000,9.3638,0.0000
19.727,0.0000,9.3638,0.0000
19.737,0.0000,9.3638,0.0000
19.745,0.0000,9.3638,0.0000
19.756,0.0000,9.3638,0.0000
19.765,0.0000,9.3638,0.0000
19.775,0.0000,9.3638,0.0000
19.782,0.0000,9.3638,0.0000
19.792,0.0000,9.3638,0.0000
19.799,0.0000,9.3638,0.0000
19.808,0.0000,9.3638,0.0000
19.816,0.0000,9.3638,0.0000
19.824,0.0000,9.3638,0.0000
19.832,0.0000,9.3638,0.0000
19.841,0.0000,9.3638,0.0000
19.849,0.0000,9.3638,0.0000
19.868,0.0000,9.3638,0.0000
19.877,0.0000,9.3638,0.0000
19.886,0.0000,9.3638,0.0000
19.896,0.0000,9.3638,0.0000
19.905,0.0000,9.3638,0.0000
19.915,0.0000,9.3638,0.0000
19.924,0.0000,9.3638,0.0000
19.933,0.0000,9.3638,0.0000
19.942,0.0000,9.3638,0.0000
19.951,0.0000,9.3638,0.0000
19.961,0.0000,9.3638,0.0000
19.970,0.0000,9.3638,0.0000
19.979,0.0000,9.3638,0.0000
19.988,0.0000,9.3638,0.0000
19.997,0.0000,9.3638,0.0000
20.005,0.0000,9.3638,0.0000
20.018,0.0000,9.3638,0.0000
20.035,0.0000,9.3638,0.0000
20.048,0.0000,9.3638,0.0000
20.064,0.0000,9.3638,0.0000
20.079,0.0000,9.3638,0.0000
20.092,0.0000,9.3638,0.0000
20.107,0.0000,9.3638,0.0000
20.121,0.0000,9.3638,0.0000
20.140,0.0000,9.3638,0.0000
20.156,0.0000,9.3638,0.0000
20.172,0.0000,9.3638,0.0000
20.188,0.0000,9.3638,0.0000
20.204,0.0000,9.3638,0.0000
20.220,0.0000,9.3638,0.0000
20.238,0.0000,9.3638,0.0000
20.252,0.0000,9.3638,0.0000
20.271,0.0000,9.3638,0.0000
20.282,0.0000,9.3638,0.0000
20.291,0.0000,9.3638,0.0000
20.298,0.0000,9.3638,0.0000
20.307,0.0000,9.3638,0.0000
20.315,0.0000,9.3638,0.0000
20.324,0.0000,9.3638,0.0000
20.333,0.0000,9.3638,0.0000
20.341,0.0000,9.3638,0.0000
20.350,0.0000,9.3638,0.0000
20.359,0.0000,9.3638,0.0000
20.366,0.0000,9.3638,0.0000
20.379,0.0000,9.3638,0.0000
20.390,0.0000,9.3638,0.0000
20.404,0.0000,9.3638,0.0000
20.414,0.0000,9.3638,0.0000
20.430,0.0000,9.3638,0.0000
20.444,0.0000,9.3638,0.0000
20.456,0.0000,9.3638,0.0000
20.471,0.0000,9.3638,0.0000
20.493,0.0000,9.3638,0.0000
20.509,0.0000,9.3638,0.0000
20.528,0.0000,9.3638,0.0000
20.539,0.0000,9.3638,0.0000
20.550,0.0000,9.3638,0.0000
20.567,0.0000,9.3638,0.0000
20.583,0.0000,9.3638,0.0000
20.598,0.0000,9.3638,0.0000
20.608,0.0000,9.3638,0.0000
20.620,0.0000,9.3638,0.0000
20.629,0.0000,9.3638,0.0000
20.637,0.0000,9.3638,0.0000
20.645,0.0000,9.3638,0.0000
20.655,0.0000,9.3638,0.0000
20.663,0.0000,9.3638,0.0000
20.671,0.0000,9.3638,0.0000
20.680,0.0000,9.3638,0.0000
20.688,0.0000,9.3638,0.0000
20.700,0.0000,9.3638,0.0000
20.714,0.0000,9.3638,0.0000
20.725,0.0000,9.3638,0.0000
20.735,0.0000,9.3638,0.0000
20.749,0.0000,9.3638,0.0000
20.761,0.0000,9.3638,0.0000
20.775,0.0000,9.3638,0.0000
20.791,0.0000,9.3638,0.0000
20.807,0.0000,9.3638,0.0000
20.821,0.0000,9.3638,0.0000
20.834,0.0000,9.3638,0.0000
20.843,0.0000,9.3638,0.0000
20.853,0.0000,9.3638,0.0000
20.865,0.0000,9.3638,0.0000
20.879,0.0000,9.3638,0.0000
20.889,0.0000,9.3638,0.0000
20.902,0.0000,9.3638,0.0000
20.914,0.0000,9.3638,0.0000
20.929,0.0000,9.3638,0.0000
20.942,0.0000,9.3638,0.0000
20.952,0.0000,9.3638,0.0000
20.964,0.0000,9.3638,0.0000
20.976,0.0000,9.3638,0.0000
20.992,0.0000,9.3638,0.0000
21.012,0.0000,9.3638,0.0000
21.028,0.0000,9.3638,0.0000
21.041,0.0000,9.3638,0.0000
21.058,0.0000,9.3638,0.0000
21.075,0.0000,9.3638,0.0000
21.088,0.0000,9.3638,0.0000
21.098,0.0000,9.3638,0.0000
21.108,0.0000,9.3638,0.0000
21.119,0.0000,9.3638,0.0000
21.129,0.0000,9.3638,0.0000
21.143,0.0000,9.3638,0.0000
21.158,0.0000,9.3638,0.0000
21.174,0.0000,9.3638,0.0000
21.192,0.0000,9.3638,0.0000
21.211,0.0000,9.3638,0.0000
21.225,0.0000,9.3638,0.0000
21.241,0.0000,9.3638,0.0000
21.255,0.0000,9.3638,0.0000
21.263,0.0000,9.3638,0.0000
21.273,0.0000,9.3638,0.0000
21.282,0.0000,9.3638,0.0000
21.293,0.0000,9.3638,0.0000
21.300,0.0000,9.3638,0.0000
21.309,0.0000,9.3638,0.0000
21.321,0.0000,9.3638,0.0000
21.329,0.0000,9.3638,0.0000
21.338,0.0000,9.3638,0.0000
21.346,0.0000,9.3638,0.0000
21.357,0.0000,9.3638,0.0000
21.366,0.0000,9.3638,0.0000
21.375,0.0000,9.3638,0.0000
21.387,0.0000,9.3638,0.0000
21.397,0.0000,9.3638,0.0000
21.405,0.0000,9.3638,0.0000
21.415,0.0000,9.3638,0.0000
21.424,0.0000,9.3638,0.0000
21.437,0.0000,9.3638,0.0000
21.452,0.0000,9.3638,0.0000
21.465,0.0000,9.3638,0.0000
21.477,0.0000,9.3638,0.0000
21.500,0.0000,9.3638,0.0000
21.513,0.0000,9.3638,0.0000
21.531,0.0000,9.3638,0.0000
21.546,0.0000,9.3638,0.0000
21.563,0.0000,9.3638,0.0000
21.576,0.0000,9.3638,0.0000
21.591,0.0000,9.3638,0.0000
21.605,0.0000,9.3638,0.0000
21.623,0.0000,9.3638,0.0000
21.638,0.0000,9.3638,0.0000
21.648,0.0000,9.3638,0.0000
21.661,0.0000,9.3638,0.0000
21.671,0.0000,9.3638,0.0000
21.686,0.0000,9.3638,0.0000
21.702,0.0000,9.3638,0.0000
21.718,0.0000,9.3638,0.0000
21.727,0.0000,9.3638,0.0000
21.741,0.0000,9.3638,0.0000
21.758,0.0000,9.3638,0.0000
21.774,0.0000,9.3638,0.0000
21.784,0.0000,9.3638,0.0000
21.799,0.0000,9.3638,0.0000
21.807,0.0000,9.3638,0.0000
21.817,0.0000,9.3638,0.0000
21.825,0.0000,9.3638,0.0000
21.834,0.0000,9.3638,0.0000
21.841,0.0000,9.3638,0.0000
21.850,0.0000,9.3638,0.0000
21.860,0.0000,9.3638,0.0000
21.868,0.0000,9.3638,0.0000
21.877,0.0000,9.3638,0.0000
21.886,0.0000,9.3638,0.0000
21.895,0.0000,9.3638,0.0000
21.903,0.0000,9.3638,0.0000
21.911,0.0000,9.3638,0.0000
21.921,0.0000,9.3638,0.0000
21.929,0.0000,9.3638,0.0000
21.942,0.0000,9.3638,0.0000
21.951,0.0000,9.3638,0.0000
21.963,0.0000,9.3638,0.0000
21.975,0.0000,9.3638,0.0000
21.982,0.0000,9.3638,0.0000
21.993,0.0000,9.3638,0.0000
22.016,0.0000,9.3638,0.0000
22.026,0.0000,9.3638,0.0000
22.035,0.0000,9.3638,0.0000
22.047,0.0000,9.3638,0.0000
22.056,0.0000,9.3638,0.0000
22.066,0.0000,9.3638,0.0000
22.078,0.0000,9.3638,0.0000
22.087,0.0000,9.3638,0.0000
22.096,0.0000,9.3638,0.0000
22.108,0.0000,9.3638,0.0000
22.117,0.0000,9.3638,0.0000
22.127,0.0000,9.3638,0.0000
22.137,0.0000,9.3638,0.0000
22.146,0.0000,9.3638,0.0000
22.156,0.0000,9.3638,0.0000
22.165,0.0000,9.3638,0.0000
22.174,0.0000,9.3638,0.0000
22.183,0.0000,9.3638,0.0000
22.195,0.0000,9.3638,0.0000
22.203,0.0000,9.3638,0.0000
22.213,0.0000,9.3638,0.0000
22.223,0.0000,9.3638,0.0000
22.232,0.0000,9.3638,0.0000
22.242,0.0000,9.3638,0.0000
22.252,0.0000,9.3638,0.0000
22.262,0.0000,9.3638,0.0000
22.271,0.0000,9.3638,0.0000
22.278,0.0000,9.3638,0.0000
22.290,0.0000,9.3638,0.0000
22.297,0.0000,9.3638,0.0000
22.307,0.0000,9.3638,0.0000
22.319,0.0000,9.3638,0.0000
22.327,0.0000,9.3638,0.0000
22.337,0.0000,9.3638,0.0000
22.346,0.0000,9.3638,0.0000
22.355,0.0000,9.3638,0.0000
22.363,0.0000,9.3638,0.0000
22.373,0.0000,9.3638,0.0000
22.380,0.0000,9.3638,0.0000
22.389,0.0000,9.3638,0.0000
22.397,0.0000,9.3638,0.0000
22.405,0.0000,9.3638,0.0000
22.415,0.0000,9.3638,0.0000
22.424,0.0000,9.3638,0.0000
22.432,0.0000,9.3638,0.0000
22.441,0.0000,9.3638,0.0000
22.450,0.0000,9.3638,0.0000
22.460,0.0000,9.3638,0.0000
22.468,0.0000,9.3638,0.0000
22.477,0.0000,9.3638,0.0000
22.484,0.0000,9.3638,0.0000
22.494,0.0000,9.3638,0.0000
22.501,0.0000,9.3638,0.0000
22.509,0.0000,9.3638,0.0000
22.519,0.0000,9.3638,0.0000
22.528,0.0000,9.3638,0.0000
22.536,0.0000,9.3638,0.0000
22.544,0.0000,9.3638,0.0000
22.554,0.0000,9.3638,0.0000
22.562,0.0000,9.3638,0.0000
22.571,0.0000,9.3638,0.0000
22.580,0.0000,9.3638,0.0000
22.590,0.0000,9.3638,0.0000
22.599,0.0000,9.3638,0.0000
22.606,0.0000,9.3638,0.0000
22.616,0.0000,9.3638,0.0000
22.624,0.0000,9.3638,0.0000
22.634,0.0000,9.3638,0.0000
22.641,0.0000,9.3638,0.0000
22.651,0.0000,9.3638,0.0000
22.665,0.0000,9.3638,0.0000
22.677,0.0000,9.3638,0.0000
22.689,0.0000,9.3638,0.0000
22.699,0.0000,9.3638,0.0000
22.709,0.0000,9.3638,0.0000
22.720,0.0000,9.3638,0.0000
22.730,0.0000,9.3638,0.0000
22.745,0.0000,9.3638,0.0000
22.760,0.0000,9.3638,0.0000
22.770,0.0000,9.3638,0.0000
22.782,0.0000,9.3638,0.0000
22.790,0.0000,9.3638,0.0000
22.800,0.0000,9.3638,0.0000
22.809,0.0000,9.3638,0.0000
22.819,0.0000,9.3638,0.0000
22.828,0.0000,9.3638,0.0000
22.838,0.0000,9.3638,0.0000
22.845,0.0000,9.3638,0.0000
22.855,0.0000,9.3638,0.0000
22.863,0.0000,9.3638,0.0000
22.871,0.0000,9.3638,0.0000
22.887,0.0000,9.3638,0.0000
22.897,0.0000,9.3638,0.0000
22.904,0.0000,9.3638,0.0000
22.913,0.0000,9.3638,0.0000
22.921,0.0000,9.3638,0.0000
22.929,0.0000,9.3638,0.0000
22.936,0.0000,9.3638,0.0000
22.943,0.0000,9.3638,0.0000
22.954,0.0000,9.3638,0.0000
22.961,0.0000,9.3638,0.0000
22.968,0.0000,9.3638,0.0000
22.977,0.0000,9.3638,0.0000
22.986,0.0000,9.3638,0.0000
22.995,0.0000,9.3638,0.0000
23.002,0.0000,9.3638,0.0000
23.010,0.0000,9.3638,0.0000
23.019,0.0000,9.3638,0.0000
23.025,0.0000,9.3638,0.0000
23.033,0.0000,9.3638,0.0000
23.043,0.0000,9.3638,0.0000
23.065,0.0000,9.3638,0.0000
23.077,0.0000,9.3638,0.0000
23.087,0.0000,9.3638,0.0000
23.101,0.0000,9.3638,0.0000
23.111,0.0000,9.3638,0.0000
23.121,0.0000,9.3638,0.0000
23.133,0.0000,9.3638,0.0000
23.141,0.0000,9.3638,0.0000
23.149,0.0000,9.3638,0.0000
23.159,0.0000,9.3638,0.0000
23.166,0.0000,9.3638,0.0000
23.175,0.0000,9.3638,0.0000
23.182,0.0000,9.3638,0.0000
23.192,0.0000,9.3638,0.0000
23.198,0.0000,9.3638,0.0000
23.207,0.0000,9.3638,0.0000
23.214,0.0000,9.3638,0.0000
23.225,0.0000,9.3638,0.0000
23.232,0.0000,9.3638,0.0000
23.240,0.0000,9.3638,0.0000
23.246,0.0000,9.3638,0.0000
23.256,0.0000,9.3638,0.0000
23.263,0.0000,9.3638,0.0000
23.272,0.0000,9.3638,0.0000
23.279,0.0000,9.3638,0.0000
23.289,0.0000,9.3638,0.0000
23.297,0.0000,9.3638,0.0000
23.304,0.0000,9.3638,0.0000
23.312,0.0000,9.3638,0.0000
23.320,0.0000,9.3638,0.0000
23.327,0.0000,9.3638,0.0000
23.334,0.0000,9.3638,0.0000
23.341,0.0000,9.3638,0.0000
23.350,0.0000,9.3638,0.0000
23.359,0.0000,9.3638,0.0000
23.366,0.0000,9.3638,0.0000
23.376,0.0000,9.3638,0.0000
23.384,0.0000,9.3638,0.0000
23.394,0.0000,9.3638,0.0000
23.401,0.0000,9.3638,0.0000
23.409,0.0000,9.3638,0.0000
23.417,0.0000,9.3638,0.0000
23.424,0.0000,9.3638,0.0000
23.432,0.0000,9.3638,0.0000
23.441,0.0000,9.3638,0.0000
23.449,0.0000,9.3638,0.0000
23.458,0.0000,9.3638,0.0000
23.465,0.0000,9.3638,0.0000
23.474,0.0000,9.3638,0.0000
23.481,0.0000,9.3638,0.0000
23.489,0.0000,9.3638,0.0000
23.498,0.0000,9.3638,0.0000
23.506,0.0000,9.3638,0.0000
23.514,0.0000,9.3638,0.0000
23.523,0.0000,9.3638,0.0000
23.532,0.0000,9.3638,0.0000
23.539,0.0000,9.3638,0.0000
23.546,0.0000,9.3638,0.0000
23.557,0.0000,9.3638,0.0000
23.565,0.0000,9.3638,0.0000
23.575,0.0000,9.3638,0.0000
23.585,0.0000,9.3638,0.0000
23.594,0.0000,9.3638,0.0000
23.606,0.0000,9.3638,0.0000
23.617,0.0000,9.3638,0.0000
23.629,0.0000,9.3638,0.0000
23.642,0.0000,9.3638,0.0000
23.652,0.0000,9.3638,0.0000
23.661,0.0000,9.3638,0.0000
23.671,0.0000,9.3638,0.0000
23.680,0.0000,9.3638,0.0000
23.690,0.0000,9.3638,0.0000
23.698,0.0000,9.3638,0.0000
23.707,0.0000,9.3638,0.0000
23.719,0.0000,9.3638,0.0000
23.729,0.0000,9.3638,0.0000
23.741,0.0000,9.3638,0.0000
23.749,0.0000,9.3638,0.0000
23.760,0.0000,9.3638,0.0000
23.770,0.0000,9.3638,0.0000
23.781,0.0000,9.3638,0.0000
23.790,0.0000,9.3638,0.0000
23.801,0.0000,9.3638,0.0000
23.810,0.0000,9.3638,0.0000
23.820,0.0000,9.3638,0.0000
23.829,0.0000,9.3638,0.0000
23.838,0.0000,9.3638,0.0000
23.847,0.0000,9.3638,0.0000
23.857,0.0000,9.3638,0.0000
23.865,0.0000,9.3638,0.0000
23.875,0.0000,9.3638,0.0000
23.883,0.0000,9.3638,0.0000
23.893,0.0000,9.3638,0.0000
23.900,0.0000,9.3638,0.0000
23.908,0.0000,9.3638,0.0000
23.918,0.0000,9.3638,0.0000
23.927,0.0000,9.3638,0.0000
23.940,0.0000,9.3638,0.0000
23.951,0.0000,9.3638,0.0000
23.963,0.0000,9.3638,0.0000
23.974,0.0000,9.3638,0.0000
23.983,0.0000,9.3638,0.0000
23.995,0.0000,9.3638,0.0000
24.006,0.0000,9.3638,0.0000
24.017,0.0000,9.3638,0.0000
24.027,0.0000,9.3638,0.0000
24.037,0.0000,9.3638,0.0000
24.044,0.0000,9.3638,0.0000
24.054,0.0000,9.3638,0.0000
24.061,0.0000,9.3638,0.0000
24.069,0.0000,9.3638,0.0000
24.078,0.0000,9.3638,0.0000
24.087,0.0000,9.3638,0.0000
24.097,0.0000,9.3638,0.0000
24.105,0.0000,9.3638,0.0000
24.116,0.0000,9.3638,0.0000
24.123,0.0000,9.3638,0.0000
24.133,0.0000,9.3638,0.0000
24.140,0.0000,9.3638,0.0000
24.147,0.0000,9.3638,0.0000
24.155,0.0000,9.3638,0.0000
24.164,0.0000,9.3638,0.0000
24.173,0.0000,9.3638,0.0000
24.182,0.0000,9.3638,0.0000
24.191,0.0000,9.3638,0.0000
24.199,0.0000,9.3638,0.0000
24.208,0.0000,9.3638,0.0000
24.216,0.0000,9.3638,0.0000
24.226,0.0000,9.3638,0.0000
24.235,0.0000,9.3638,0.0000
24.243,0.0000,9.3638,0.0000
24.253,0.0000,9.3638,0.0000
24.261,0.0000,9.3638,0.0000
24.268,0.0000,9.3638,0.0000
24.277,0.0000,9.3638,0.0000
24.285,0.0000,9.3638,0.0000
24.294,0.0000,9.3638,0.0000
24.300,0.0000,9.3638,0.0000
24.308,0.0000,9.3638,0.0000
24.316,0.0000,9.3638,0.0000
24.324,0.0000,9.3638,0.0000
24.332,0.0000,9.3638,0.0000
24.339,0.0000,9.3638,0.0000
24.345,0.0000,9.3638,0.0000
24.353,0.0000,9.3638,0.0000
24.360,0.0000,9.3638,0.0000
24.367,0.0000,9.3638,0.0000
24.375,0.0000,9.3638,0.0000
24.382,0.0000,9.3638,0.0000
24.389,0.0000,9.3638,0.0000
24.398,0.0000,9.3638,0.0000
24.407,0.0000,9.3638,0.0000
24.415,0.0000,9.3638,0.0000
24.426,0.0000,9.3638,0.0000
24.435,0.0000,9.3638,0.0000
24.444,0.0000,9.3638,0.0000
24.454,0.0000,9.3638,0.0000
24.461,0.0000,9.3638,0.0000
24.471,0.0000,9.3638,0.0000
24.479,0.0000,9.3638,0.0000
24.486,0.0000,9.3638,0.0000
24.497,0.0000,9.3638,0.0000
24.507,0.0000,9.3638,0.0000
24.518,0.0000,9.3638,0.0000
24.528,0.0000,9.3638,0.0000
24.539,0.0000,9.3638,0.0000
24.550,0.0000,9.3638,0.0000
24.562,0.0000,9.3638,0.0000
24.570,0.0000,9.3638,0.0000
24.578,0.0000,9.3638,0.0000
24.586,0.0000,9.3638,0.0000
24.594,0.0000,9.3638,0.0000
24.601,0.0000,9.3638,0.0000
24.609,0.0000,9.3638,0.0000
24.616,0.0000,9.3638,0.0000
24.623,0.0000,9.3638,0.0000
24.631,0.0000,9.3638,0.0000
24.639,0.0000,9.3638,0.0000
24.645,0.0000,9.3638,0.0000
24.655,0.0000,9.3638,0.0000
24.663,0.0000,9.3638,0.0000
24.673,0.0000,9.3638,0.0000
24.680,0.0000,9.3638,0.0000
24.687,0.0000,9.3638,0.0000
24.696,0.0000,9.3638,0.0000
24.703,0.0000,9.3638,0.0000
24.712,0.0000,9.3638,0.0000
24.719,0.0000,9.3638,0.0000
24.728,0.0000,9.3638,0.0000
24.736,0.0000,9.3638,0.0000
24.744,0.0000,9.3638,0.0000
24.752,0.0000,9.3638,0.0000
24.761,0.0000,9.3638,0.0000
24.767,0.0000,9.3638,0.0000
24.777,0.0000,9.3638,0.0000
24.784,0.0000,9.3638,0.0000
24.793,0.0000,9.3638,0.0000
24.800,0.0000,9.3638,0.0000
24.808,0.0000,9.3638,0.0000
24.817,0.0000,9.3638,0.0000
24.827,0.0000,9.3638,0.0000
24.837,0.0000,9.3638,0.0000
24.844,0.0000,9.3638,0.0000
24.854,0.0000,9.3638,0.0000
24.861,0.0000,9.3638,0.0000
24.869,0.0000,9.3638,0.0000
24.878,0.0000,9.3638,0.0000
24.886,0.0000,9.3638,0.0000
24.895,0.0000,9.3638,0.0000
24.905,0.0000,9.3638,0.0000
24.918,0.0000,9.3638,0.0000
24.926,0.0000,9.3638,0.0000
24.934,0.0000,9.3638,0.0000
24.942,0.0000,9.3638,0.0000
24.953,0.0000,9.3638,0.0000
24.962,0.0000,9.3638,0.0000
24.969,0.0000,9.3638,0.0000
24.978,0.0000,9.3638,0.0000
24.986,0.0000,9.3638,0.0000
24.995,0.0000,9.3638,0.0000
25.003,0.0000,9.3638,0.0000
25.012,0.0000,9.3638,0.0000
25.023,0.0000,9.3638,0.0000
25.035,0.0000,9.3638,0.0000
25.044,0.0000,9.3638,0.0000
25.053,0.0000,9.3638,0.0000
25.061,0.0000,9.3638,0.0000
25.070,0.0000,9.3638,0.0000
25.079,0.0000,9.3638,0.0000
25.089,0.0000,9.3638,0.0000
25.097,0.0000,9.3638,0.0000
25.106,0.0000,9.3638,0.0000
25.116,0.0000,9.3638,0.0000
25.125,0.0000,9.3638,0.0000
25.134,0.0000,9.3638,0.0000
25.143,0.0000,9.3638,0.0000
25.153,0.0000,9.3638,0.0000
25.161,0.0000,9.3638,0.0000
25.169,0.0000,9.3638,0.0000
25.179,0.0000,9.3638,0.0000
25.189,0.0000,9.3638,0.0000
25.198,0.0000,9.3638,0.0000
25.207,0.0000,9.3638,0.0000
25.216,0.0000,9.3638,0.0000
25.227,0.0000,9.3638,0.0000
25.237,0.0000,9.3638,0.0000
25.246,0.0000,9.3638,0.0000
25.256,0.0000,9.3638,0.0000
25.262,0.0000,9.3638,0.0000
25.272,0.0000,9.3638,0.0000
25.279,0.0000,9.3638,0.0000
25.287,0.0000,9.3638,0.0000
25.306,0.0000,9.3638,0.0000
25.317,0.0000,9.3638,0.0000
25.327,0.0000,9.3638,0.0000
25.337,0.0000,9.3638,0.0000
25.346,0.0000,9.3638,0.0000
25.358,0.0000,9.3638,0.0000
25.368,0.0000,9.3638,0.0000
25.388,0.0000,9.3638,0.0000
25.398,0.0000,9.3638,0.0000
25.405,0.0000,9.3638,0.0000
25.414,0.0000,9.3638,0.0000
25.423,0.0000,9.3638,0.0000
25.431,0.0000,9.3638,0.0000
25.439,0.0000,9.3638,0.0000
25.447,0.0000,9.3638,0.0000
25.456,0.0000,9.3638,0.0000
25.464,0.0000,9.3638,0.0000
25.473,0.0000,9.3638,0.0000
25.480,0.0000,9.3638,0.0000
25.488,0.0000,9.3638,0.0000
25.496,0.0000,9.3638,0.0000
25.502,0.0000,9.3638,0.0000
25.510,0.0000,9.3638,0.0000
25.517,0.0000,9.3638,0.0000
25.525,0.0000,9.3638,0.0000
25.532,0.0000,9.3638,0.0000
25.539,0.0000,9.3638,0.0000
25.547,0.0000,9.3638,0.0000
25.557,0.0000,9.3638,0.0000
25.563,0.0000,9.3638,0.0000
25.572,0.0000,9.3638,0.0000
25.580,0.0000,9.3638,0.0000
25.588,0.0000,9.3638,0.0000
25.596,0.0000,9.3638,0.0000
25.604,0.0000,9.3638,0.0000
25.612,0.0000,9.3638,0.0000
25.619,0.0000,9.3638,0.0000
25.626,0.0000,9.3638,0.0000
25.635,0.0000,9.3638,0.0000
25.644,0.0000,9.3638,0.0000
25.653,0.0000,9.3638,0.0000
25.659,0.0000,9.3638,0.0000
25.668,0.0000,9.3638,0.0000
25.676,0.0000,9.3638,0.0000
25.683,0.0000,9.3638,0.0000
25.693,0.0000,9.3638,0.0000
25.700,0.0000,9.3638,0.0000
25.708,0.0000,9.3638,0.0000
25.718,0.0000,9.3638,0.0000
25.727,0.0000,9.3638,0.0000
25.735,0.0000,9.3638,0.0000
25.743,0.0000,9.3638,0.0000
25.752,0.0000,9.3638,0.0000
25.760,0.0000,9.3638,0.0000
25.768,0.0000,9.3638,0.0000
25.777,0.0000,9.3638,0.0000
25.786,0.0000,9.3638,0.0000
25.795,0.0000,9.3638,0.0000
25.803,0.0000,9.3638,0.0000
25.811,0.0000,9.3638,0.0000
25.820,0.0000,9.3638,0.0000
25.828,0.0000,9.3638,0.0000
25.835,0.0000,9.3638,0.0000
25.843,0.0000,9.3638,0.0000
25.853,0.0000,9.3638,0.0000
25.863,0.0000,9.3638,0.0000
25.872,0.0000,9.3638,0.0000
25.880,0.0000,9.3638,0.0000
25.890,0.0000,9.3638,0.0000
25.899,0.0000,9.3638,0.0000
25.908,0.0000,9.3638,0.0000
25.920,0.0000,9.3638,0.0000
25.930,0.0000,9.3638,0.0000
25.940,0.0000,9.3638,0.0000
25.950,0.0000,9.3638,0.0000
25.960,0.0000,9.3638,0.0000
25.969,0.0000,9.3638,0.0000
25.983,0.0000,9.3638,0.0000
25.994,0.0000,9.3638,0.0000
26.005,0.0000,9.3638,0.0000
26.015,0.0000,9.3638,0.0000
26.025,0.0000,9.3638,0.0000
26.033,0.0000,9.3638,0.0000
26.042,0.0000,9.3638,0.0000
26.051,0.0000,9.3638,0.0000
26.062,0.0000,9.3638,0.0000
26.071,0.0000,9.3638,0.0000
26.080,0.0000,9.3638,0.0000
26.090,0.0000,9.3638,0.0000
26.098,0.0000,9.3638,0.0000
26.105,0.0000,9.3638,0.0000
26.115,0.0000,9.3638,0.0000
26.125,0.0000,9.3638,0.0000
26.133,0.0000,9.3638,0.0000
26.143,0.0000,9.3638,0.0000
26.153,0.0000,9.3638,0.0000
26.161,0.0000,9.3638,0.0000
26.169,0.0000,9.3638,0.0000
26.179,0.0000,9.3638,0.0000
26.189,0.0000,9.3638,0.0000
26.198,0.0000,9.3638,0.0000
26.207,0.0000,9.3638,0.0000
26.219,0.0000,9.3638,0.0000
26.228,0.0000,9.3638,0.0000
26.239,0.0000,9.3638,0.0000
26.249,0.0000,9.3638,0.0000
26.259,0.0000,9.3638,0.0000
26.268,0.0000,9.3638,0.0000
26.280,0.0000,9.3638,0.0000
26.291,0.0000,9.3638,0.0000
26.302,0.0000,9.3638,0.0000
26.312,0.0000,9.3638,0.0000
26.320,0.0000,9.3638,0.0000
26.329,0.0000,9.3638,0.0000
26.339,0.0000,9.3638,0.0000
26.349,0.0000,9.3638,0.0000
26.357,0.0000,9.3638,0.0000
26.365,0.0000,9.3638,0.0000
26.374,0.0000,9.3638,0.0000
26.381,0.0000,9.3638,0.0000
26.390,0.0000,9.3638,0.0000
26.399,0.0000,9.3638,0.0000
26.406,0.0000,9.3638,0.0000
26.414,0.0000,9.3638,0.0000
26.423,0.0000,9.3638,0.0000
26.432,0.0000,9.3638,0.0000
26.440,0.0000,9.3638,0.0000
26.447,0.0000,9.3638,0.0000
26.456,0.0000,9.3638,0.0000
26.463,0.0000,9.3638,0.0000
26.474,0.0000,9.3638,0.0000
26.481,0.0000,9.3638,0.0000
26.490,0.0000,9.3638,0.0000
26.498,0.0000,9.3638,0.0000
26.507,0.0000,9.3638,0.0000
26.516,0.0000,9.3638,0.0000
26.524,0.0000,9.3638,0.0000
26.532,0.0000,9.3638,0.0000
26.541,0.0000,9.3638,0.0000
26.549,0.0000,9.3638,0.0000
26.557,0.0000,9.3638,0.0000
26.564,0.0000,9.3638,0.0000
26.572,0.0000,9.3638,0.0000
26.579,0.0000,9.3638,0.0000
26.585,0.0000,9.3638,0.0000
26.593,0.0000,9.3638,0.0000
26.600,0.0000,9.3638,0.0000
26.608,0.0000,9.3638,0.0000
26.615,0.0000,9.3638,0.0000
26.622,0.0000,9.3638,0.0000
26.631,0.0000,9.3638,0.0000
26.640,0.0000,9.3638,0.0000
26.647,0.0000,9.3638,0.0000
26.655,0.0000,9.3638,0.0000
26.662,0.0000,9.3638,0.0000
26.672,0.0000,9.3638,0.0000
26.681,0.0000,9.3638,0.0000
26.690,0.0000,9.3638,0.0000
26.704,0.0000,9.3638,0.0000
26.714,0.0000,9.3638,0.0000
26.725,0.0000,9.3638,0.0000
26.735,0.0000,9.3638,0.0000
26.744,0.0000,9.3638,0.0000
26.756,0.0000,9.3638,0.0000
26.768,0.0000,9.3638,0.0000
26.777,0.0000,9.3638,0.0000
26.788,0.0000,9.3638,0.0000
26.796,0.0000,9.3638,0.0000
26.803,0.0000,9.3638,0.0000
26.814,0.0000,9.3638,0.0000
26.822,0.0000,9.3638,0.0000
26.829,0.0000,9.3638,0.0000
26.837,0.0000,9.3638,0.0000
26.845,0.0000,9.3638,0.0000
26.854,0.0000,9.3638,0.0000
26.861,0.0000,9.3638,0.0000
26.868,0.0000,9.3638,0.0000
26.877,0.0000,9.3638,0.0000
26.884,0.0000,9.3638,0.0000
26.893,0.0000,9.3638,0.0000
26.899,0.0000,9.3638,0.0000
26.907,0.0000,9.3638,0.0000
26.915,0.0000,9.3638,0.0000
26.922,0.0000,9.3638,0.0000
26.931,0.0000,9.3638,0.0000
26.939,0.0000,9.3638,0.0000
26.945,0.0000,9.3638,0.0000
26.954,0.0000,9.3638,0.0000
26.961,0.0000,9.3638,0.0000
26.970,0.0000,9.3638,0.0000
26.977,0.0000,9.3638,0.0000
26.985,0.0000,9.3638,0.0000
26.993,0.0000,9.3638,0.0000
27.002,0.0000,9.3638,0.0000
27.008,0.0000,9.3638,0.0000
27.015,0.0000,9.3638,0.0000
27.023,0.0000,9.3638,0.0000
27.030,0.0000,9.3638,0.0000
27.038,0.0000,9.3638,0.0000
27.044,0.0000,9.3638,0.0000
27.053,0.0000,9.3638,0.0000
27.060,0.0000,9.3638,0.0000
27.067,0.0000,9.3638,0.0000
27.075,0.0000,9.3638,0.0000
27.082,0.0000,9.3638,0.0000
27.090,0.0000,9.3638,0.0000
27.096,0.0000,9.3638,0.0000
27.103,0.0000,9.3638,0.0000
27.112,0.0000,9.3638,0.0000
27.121,0.0000,9.3638,0.0000
27.129,0.0000,9.3638,0.0000
27.138,0.0000,9.3638,0.0000
27.145,0.0000,9.3638,0.0000
27.158,0.0000,9.3638,0.0000
27.166,0.0000,9.3638,0.0000
27.178,0.0000,9.3638,0.0000
27.190,0.0000,9.3638,0.0000
27.198,0.0000,9.3638,0.0000
27.211,0.0000,9.3638,0.0000
27.222,0.0000,9.3638,0.0000
27.232,0.0000,9.3638,0.0000
27.242,0.0000,9.3638,0.0000
27.250,0.0000,9.3638,0.0000
27.259,0.0000,9.3638,0.0000
27.268,0.0000,9.3638,0.0000
27.277,0.0000,9.3638,0.0000
27.285,0.0000,9.3638,0.0000
27.294,0.0000,9.3638,0.0000
27.301,0.0000,9.3638,0.0000
27.309,0.0000,9.3638,0.0000
27.318,0.0000,9.3638,0.0000
27.327,0.0000,9.3638,0.0000
27.335,0.0000,9.3638,0.0000
27.343,0.0000,9.3638,0.0000
27.351,0.0000,9.3638,0.0000
27.359,0.0000,9.3638,0.0000
27.366,0.0000,9.3638,0.0000
27.374,0.0000,9.3638,0.0000
27.382,0.0000,9.3638,0.0000
27.392,0.0000,9.3638,0.0000
27.399,0.0000,9.3638,0.0000
27.407,0.0000,9.3638,0.0000
27.415,0.0000,9.3638,0.0000
27.424,0.0000,9.3638,0.0000
27.432,0.0000,9.3638,0.0000
27.441,0.0000,9.3638,0.0000
27.449,0.0000,9.3638,0.0000
27.458,0.0000,9.3638,0.0000
27.465,0.0000,9.3638,0.0000
27.474,0.0000,9.3638,0.0000
27.482,0.0000,9.3638,0.0000
27.491,0.0000,9.3638,0.0000
27.498,0.0000,9.3638,0.0000
27.505,0.0000,9.3638,0.0000
27.513,0.0000,9.3638,0.0000
27.520,0.0000,9.3638,0.0000
27.527,0.0000,9.3638,0.0000
27.536,0.0000,9.3638,0.0000
27.543,0.0000,9.3638,0.0000
27.552,0.0000,9.3638,0.0000
27.559,0.0000,9.3638,0.0000
27.566,0.0000,9.3638,0.0000
27.576,0.0000,9.3638,0.0000
27.582,0.0000,9.3638,0.0000
27.591,0.0000,9.3638,0.0000
27.598,0.0000,9.3638,0.0000
27.606,0.0000,9.3638,0.0000
27.614,0.0000,9.3638,0.0000
27.622,0.0000,9.3638,0.0000
27.631,0.0000,9.3638,0.0000
27.638,0.0000,9.3638,0.0000
27.645,0.0000,9.3638,0.0000
27.655,0.0000,9.3638,0.0000
27.665,0.0000,9.3638,0.0000
27.673,0.0000,9.3638,0.0000
27.682,0.0000,9.3638,0.0000
27.691,0.0000,9.3638,0.0000
27.704,0.0000,9.3638,0.0000
27.716,0.0000,9.3638,0.0000
27.724,0.0000,9.3638,0.0000
27.734,0.0000,9.3638,0.0000
27.742,0.0000,9.3638,0.0000
27.753,0.0000,9.3638,0.0000
27.762,0.0000,9.3638,0.0000
27.772,0.0000,9.3638,0.0000
27.784,0.0000,9.3638,0.0000
27.799,0.0000,9.3638,0.0000
27.808,0.0000,9.3638,0.0000
27.821,0.0000,9.3638,0.0000
27.831,0.0000,9.3638,0.0000
27.841,0.0000,9.3638,0.0000
27.849,0.0000,9.3638,0.0000
27.859,0.0000,9.3638,0.0000
27.866,0.0000,9.3638,0.0000
27.877,0.0000,9.3638,0.0000
27.885,0.0000,9.3638,0.0000
27.893,0.0000,9.3638,0.0000
27.901,0.0000,9.3638,0.0000
27.909,0.0000,9.3638,0.0000
27.917,0.0000,9.3638,0.0000
27.926,0.0000,9.3638,0.0000
27.934,0.0000,9.3638,0.0000
27.941,0.0000,9.3638,0.0000
27.948,0.0000,9.3638,0.0000
27.957,0.0000,9.3638,0.0000
27.965,0.0000,9.3638,0.0000
27.972,0.0000,9.3638,0.0000
27.978,0.0000,9.3638,0.0000
27.985,0.0000,9.3638,0.0000
27.994,0.0000,9.3638,0.0000
28.001,0.0000,9.3638,0.0000
28.008,0.0000,9.3638,0.0000
28.015,0.0000,9.3638,0.0000
28.024,0.0000,9.3638,0.0000
28.031,0.0000,9.3638,0.0000
28.037,0.0000,9.3638,0.0000
28.044,0.0000,9.3638,0.0000
28.052,0.0000,9.3638,0.0000
28.059,0.0000,9.3638,0.0000
28.065,0.0000,9.3638,0.0000
28.073,0.0000,9.3638,0.0000
28.079,0.0000,9.3638,0.0000
28.089,0.0000,9.3638,0.0000
28.096,0.0000,9.3638,0.0000
28.104,0.0000,9.3638,0.0000
28.113,0.0000,9.3638,0.0000
28.122,0.0000,9.3638,0.0000
28.128,0.0000,9.3638,0.0000
28.136,0.0000,9.3638,0.0000
28.145,0.0000,9.3638,0.0000
28.157,0.0000,9.3638,0.0000
28.166,0.0000,9.3638,0.0000
28.177,0.0000,9.3638,0.0000
28.188,0.0000,9.3638,0.0000
28.196,0.0000,9.3638,0.0000
28.206,0.0000,9.3638,0.0000
28.217,0.0000,9.3638,0.0000
28.225,0.0000,9.3638,0.0000
28.234,0.0000,9.3638,0.0000
28.242,0.0000,9.3638,0.0000
28.252,0.0000,9.3638,0.0000
28.261,0.0000,9.3638,0.0000
28.272,0.0000,9.3638,0.0000
28.281,0.0000,9.3638,0.0000
28.292,0.0000,9.3638,0.0000
28.301,0.0000,9.3638,0.0000
28.313,0.0000,9.3638,0.0000
28.325,0.0000,9.3638,0.0000
28.334,0.0000,9.3638,0.0000
28.343,0.0000,9.3638,0.0000
28.356,0.0000,9.3638,0.0000
28.365,0.0000,9.3638,0.0000
28.375,0.0000,9.3638,0.0000
28.384,0.0000,9.3638,0.0000
28.396,0.0000,9.3638,0.0000
28.406,0.0000,9.3638,0.0000
28.412,0.0000,9.3638,0.0000
28.421,0.0000,9.3638,0.0000
28.427,0.0000,9.3638,0.0000
28.434,0.0000,9.3638,0.0000
28.443,0.0000,9.3638,0.0000
28.453,0.0000,9.3638,0.0000
28.461,0.0000,9.3638,0.0000
28.471,0.0000,9.3638,0.0000
28.482,0.0000,9.3638,0.0000
28.489,0.0000,9.3638,0.0000
28.495,0.0000,9.3638,0.0000
28.503,0.0000,9.3638,0.0000
28.512,0.0000,9.3638,0.0000
28.520,0.0000,9.3638,0.0000
28.527,0.0000,9.3638,0.0000
28.535,0.0000,9.3638,0.0000
28.543,0.0000,9.3638,0.0000
28.551,0.0000,9.3638,0.0000
28.559,0.0000,9.3638,0.0000
28.566,0.0000,9.3638,0.0000
28.575,0.0000,9.3638,0.0000
28.582,0.0000,9.3638,0.0000
28.591,0.0000,9.3638,0.0000
28.599,0.0000,9.3638,0.0000
28.606,0.0000,9.3638,0.0000
28.615,0.0000,9.3638,0.0000
28.623,0.0000,9.3638,0.0000
28.632,0.0000,9.3638,0.0000
28.641,0.0000,9.3638,0.0000
28.647,0.0000,9.3638,0.0000
28.657,0.0000,9.3638,0.0000
28.664,0.0000,9.3638,0.0000
28.673,0.0000,9.3638,0.0000
28.680,0.0000,9.3638,0.0000
28.689,0.0000,9.3638,0.0000
28.696,0.0000,9.3638,0.0000
28.704,0.0000,9.3638,0.0000
28.712,0.0000,9.3638,0.0000
28.721,0.0000,9.3638,0.0000
28.730,0.0000,9.3638,0.0000
28.741,0.0000,9.3638,0.0000
28.752,0.0000,9.3638,0.0000
28.765,0.0000,9.3638,0.0000
28.775,0.0000,9.3638,0.0000
28.785,0.0000,9.3638,0.0000
28.798,0.0000,9.3638,0.0000
28.806,0.0000,9.3638,0.0000
28.817,0.0000,9.3638,0.0000
28.826,0.0000,9.3638,0.0000
28.837,0.0000,9.3638,0.0000
28.850,0.0000,9.3638,0.0000
28.866,0.0000,9.3638,0.0000
28.879,0.0000,9.3638,0.0000
28.889,0.0000,9.3638,0.0000
28.898,0.0000,9.3638,0.0000
28.910,0.0000,9.3638,0.0000
28.922,0.0000,9.3638,0.0000
28.937,0.0000,9.3638,0.0000
28.948,0.0000,9.3638,0.0000
28.959,0.0000,9.3638,0.0000
28.969,0.0000,9.3638,0.0000
28.979,0.0000,9.3638,0.0000
28.989,0.0000,9.3638,0.0000
28.999,0.0000,9.3638,0.0000
29.010,0.0000,9.3638,0.0000
29.023,0.0000,9.3638,0.0000
29.031,0.0000,9.3638,0.0000
29.042,0.0000,9.3638,0.0000
29.055,0.0000,9.3638,0.0000
29.064,0.0000,9.3638,0.0000
29.076,0.0000,9.3638,0.0000
29.087,0.0000,9.3638,0.0000
29.099,0.0000,9.3638,0.0000
29.108,0.0000,9.3638,0.0000
29.118,0.0000,9.3638,0.0000
29.127,0.0000,9.3638,0.0000
29.139,0.0000,9.3638,0.0000
29.148,0.0000,9.3638,0.0000
29.158,0.0000,9.3638,0.0000
29.165,0.0000,9.3638,0.0000
29.177,0.0000,9.3638,0.0000
29.187,0.0000,9.3638,0.0000
29.196,0.0000,9.3638,0.0000
29.206,0.0000,9.3638,0.0000
29.220,0.0000,9.3638,0.0000
29.228,0.0000,9.3638,0.0000
29.237,0.0000,9.3638,0.0000
29.245,0.0000,9.3638,0.0000
29.257,0.0000,9.3638,0.0000
29.268,0.0000,9.3638,0.0000
29.277,0.0000,9.3638,0.0000
29.291,0.0000,9.3638,0.0000
29.301,0.0000,9.3638,0.0000
29.317,0.0000,9.3638,0.0000
29.332,0.0000,9.3638,0.0000
29.348,0.0000,9.3638,0.0000
29.363,0.0000,9.3638,0.0000
29.376,0.0000,9.3638,0.0000
29.387,0.0000,9.3638,0.0000
29.397,0.0000,9.3638,0.0000
29.411,0.0000,9.3638,0.0000
29.422,0.0000,9.3638,0.0000
29.432,0.0000,9.3638,0.0000
29.442,0.0000,9.3638,0.0000
29.455,0.0000,9.3638,0.0000
29.462,0.0000,9.3638,0.0000
29.472,0.0000,9.3638,0.0000
29.479,0.0000,9.3638,0.0000
29.488,0.0000,9.3638,0.0000
29.495,0.0000,9.3638,0.0000
29.504,0.0000,9.3638,0.0000
29.512,0.0000,9.3638,0.0000
29.520,0.0000,9.3638,0.0000
29.527,0.0000,9.3638,0.0000
29.536,0.0000,9.3638,0.0000
29.542,0.0000,9.3638,0.0000
29.551,0.0000,9.3638,0.0000
29.559,0.0000,9.3638,0.0000
29.568,0.0000,9.3638,0.0000
29.577,0.0000,9.3638,0.0000
29.586,0.0000,9.3638,0.0000
29.595,0.0000,9.3638,0.0000
29.602,0.0000,9.3638,0.0000
29.611,0.0000,9.3638,0.0000
29.620,0.0000,9.3638,0.0000
29.628,0.0000,9.3638,0.0000
29.637,0.0000,9.3638,0.0000
29.647,0.0000,9.3638,0.0000
29.660,0.0000,9.3638,0.0000
29.669,0.0000,9.3638,0.0000
29.678,0.0000,9.3638,0.0000
29.689,0.0000,9.3638,0.0000
29.705,0.0000,9.3638,0.0000
29.716,0.0000,9.3638,0.0000
29.725,0.0000,9.3638,0.0000
29.735,0.0000,9.3638,0.0000
29.743,0.0000,9.3638,0.0000
29.756,0.0000,9.3638,0.0000
29.766,0.0000,9.3638,0.0000
29.776,0.0000,9.3638,0.0000
29.786,0.0000,9.3638,0.0000
29.798,0.0000,9.3638,0.0000
29.808,0.0000,9.3638,0.0000
29.818,0.0000,9.3638,0.0000
29.830,0.0000,9.3638,0.0000
29.843,0.0000,9.3638,0.0000
29.855,0.0000,9.3638,0.0000
29.862,0.0000,9.3638,0.0000
29.871,0.0000,9.3638,0.0000
29.880,0.0000,9.3638,0.0000
29.889,0.0000,9.3638,0.0000
29.897,0.0000,9.3638,0.0000
29.905,0.0000,9.3638,0.0000
29.913,0.0000,9.3638,0.0000
29.923,0.0000,9.3638,0.0000
29.931,0.0000,9.3638,0.0000
29.939,0.0000,9.3638,0.0000
29.948,0.0000,9.3638,0.0000
29.958,0.0000,9.3638,0.0000
29.966,0.0000,9.3638,0.0000
29.975,0.0000,9.3638,0.0000
29.985,0.0000,9.3638,0.0000
29.993,0.0000,9.3638,0.0000
30.001,0.0000,9.3638,0.0000
30.008,0.0000,9.3638,0.0000
30.017,0.0000,9.3638,0.0000
30.025,0.0000,9.3638,0.0000
30.034,0.0000,9.3638,0.0000
30.041,0.0000,9.3638,0.0000
30.050,0.0000,9.3638,0.0000
30.059,0.0000,9.3638,0.0000
30.067,0.0000,9.3638,0.0000
30.075,0.0000,9.3638,0.0000
30.084,0.0000,9.3638,0.0000
30.091,0.0000,9.3638,0.0000
30.099,0.0000,9.3638,0.0000
30.107,0.0000,9.3638,0.0000
30.116,0.0000,9.3638,0.0000
30.124,0.0000,9.3638,0.0000
30.133,0.0000,9.3638,0.0000
30.142,0.0000,9.3638,0.0000
30.149,0.0000,9.3638,0.0000
30.158,0.0000,9.3638,0.0000
30.166,0.0000,9.3638,0.0000
30.176,0.0000,9.3638,0.0000
30.184,0.0000,9.3638,0.0000
30.193,0.0000,9.3638,0.0000
30.201,0.0000,9.3638,0.0000
30.209,0.0000,9.3638,0.0000
30.218,0.0000,9.3638,0.0000
30.228,0.0000,9.3638,0.0000
30.245,0.0000,9.3638,0.0000
30.255,0.0000,9.3638,0.0000
30.263,0.0000,9.3638,0.0000
30.272,0.0000,9.3638,0.0000
30.279,0.0000,9.3638,0.0000
30.290,0.0000,9.3638,0.0000
30.299,0.0000,9.3638,0.0000
30.307,0.0000,9.3638,0.0000
30.316,0.0000,9.3638,0.0000
30.325,0.0000,9.3638,0.0000
30.334,0.0000,9.3638,0.0000
30.343,0.0000,9.3638,0.0000
30.353,0.0000,9.3638,0.0000
30.362,0.0000,9.3638,0.0000
30.371,0.0000,9.3638,0.0000
30.379,0.0000,9.3638,0.0000
30.388,0.0000,9.3638,0.0000
30.396,0.0000,9.3638,0.0000
30.404,0.0000,9.3638,0.0000
30.413,0.0000,9.3638,0.0000
30.420,0.0000,9.3638,0.0000
30.427,0.0000,9.3638,0.0000
30.435,0.0000,9.3638,0.0000
30.444,0.0000,9.3638,0.0000
30.452,0.0000,9.3638,0.0000
30.459,0.0000,9.3638,0.0000
30.466,0.0000,9.3638,0.0000
30.475,0.0000,9.3638,0.0000
30.482,0.0000,9.3638,0.0000
30.491,0.0000,9.3638,0.0000
30.499,0.0000,9.3638,0.0000
30.506,0.0000,9.3638,0.0000
30.514,0.0000,9.3638,0.0000
30.523,0.0000,9.3638,0.0000
30.531,0.0000,9.3638,0.0000
30.539,0.0000,9.3638,0.0000
30.546,0.0000,9.3638,0.0000
30.557,0.0000,9.3638,0.0000
30.565,0.0000,9.3638,0.0000
30.573,0.0000,9.3638,0.0000
30.581,0.0000,9.3638,0.0000
30.588,0.0000,9.3638,0.0000
30.597,0.0000,9.3638,0.0000
30.605,0.0000,9.3638,0.0000
30.614,0.0000,9.3638,0.0000
30.623,0.0000,9.3638,0.0000
30.631,0.0000,9.3638,0.0000
30.638,0.0000,9.3638,0.0000
30.646,0.0000,9.3638,0.0000
30.656,0.0000,9.3638,0.0000
30.665,0.0000,9.3638,0.0000
30.674,0.0000,9.3638,0.0000
30.682,0.0000,9.3638,0.0000
30.690,0.0000,9.3638,0.0000
30.697,0.0000,9.3638,0.0000
30.704,0.0000,9.3638,0.0000
30.712,0.0000,9.3638,0.0000
30.721,0.0000,9.3638,0.0000
30.729,0.0000,9.3638,0.0000
30.738,0.0000,9.3638,0.0000
30.746,0.0000,9.3638,0.0000
30.756,0.0000,9.3638,0.0000
30.764,0.0000,9.3638,0.0000
30.775,0.0000,9.3638,0.0000
30.782,0.0000,9.3638,0.0000
30.791,0.0000,9.3638,0.0000
30.800,0.0000,9.3638,0.0000
30.809,0.0000,9.3638,0.0000
30.817,0.0000,9.3638,0.0000
30.825,0.0000,9.3638,0.0000
30.835,0.0000,9.3638,0.0000
30.843,0.0000,9.3638,0.0000
30.853,0.0000,9.3638,0.0000
30.860,0.0000,9.3638,0.0000
30.871,0.0000,9.3638,0.0000
30.881,0.0000,9.3638,0.0000
30.888,0.0000,9.3638,0.0000
30.896,0.0000,9.3638,0.0000
30.903,0.0000,9.3638,0.0000
30.911,0.0000,9.3638,0.0000
30.919,0.0000,9.3638,0.0000
30.928,0.0000,9.3638,0.0000
30.938,0.0000,9.3638,0.0000
30.946,0.0000,9.3638,0.0000
30.957,0.0000,9.3638,0.0000
30.964,0.0000,9.3638,0.0000
30.973,0.0000,9.3638,0.0000
30.980,0.0000,9.3638,0.0000
30.989,0.0000,9.3638,0.0000
30.997,0.0000,9.3638,0.0000
31.005,0.0000,9.3638,0.0000
31.014,0.0000,9.3638,0.0000
31.028,0.0000,9.3638,0.0000
31.038,0.0000,9.3638,0.0000
31.046,0.0000,9.3638,0.0000
31.056,0.0000,9.3638,0.0000
31.065,0.0000,9.3638,0.0000
31.074,0.0000,9.3638,0.0000
31.081,0.0000,9.3638,0.0000
31.090,0.0000,9.3638,0.0000
31.098,0.0000,9.3638,0.0000
31.107,0.0000,9.3638,0.0000
31.116,0.0000,9.3638,0.0000
31.124,0.0000,9.3638,0.0000
31.132,0.0000,9.3638,0.0000
31.141,0.0000,9.3638,0.0000
31.149,0.0000,9.3638,0.0000
31.159,0.0000,9.3638,0.0000
31.166,0.0000,9.3638,0.0000
31.176,0.0000,9.3638,0.0000
31.184,0.0000,9.3638,0.0000
31.194,0.0000,9.3638,0.0000
31.200,0.0000,9.3638,0.0000
31.210,0.0000,9.3638,0.0000
31.219,0.0000,9.3638,0.0000
31.228,0.0000,9.3638,0.0000
31.236,0.0000,9.3638,0.0000
31.243,0.0000,9.3638,0.0000
31.253,0.0000,9.3638,0.0000
31.261,0.0000,9.3638,0.0000
31.270,0.0000,9.3638,0.0000
31.279,0.0000,9.3638,0.0000
31.288,0.0000,9.3638,0.0000
31.296,0.0000,9.3638,0.0000
31.305,0.0000,9.3638,0.0000
31.313,0.0000,9.3638,0.0000
31.323,0.0000,9.3638,0.0000
31.331,0.0000,9.3638,0.0000
31.339,0.0000,9.3638,0.0000
31.346,0.0000,9.3638,0.0000
31.356,0.0000,9.3638,0.0000
31.364,0.0000,9.3638,0.0000
31.374,0.0000,9.3638,0.0000
31.383,0.0000,9.3638,0.0000
31.393,0.0000,9.3638,0.0000
31.400,0.0000,9.3638,0.0000
31.410,0.0000,9.3638,0.0000
31.419,0.0000,9.3638,0.0000
31.428,0.0000,9.3638,0.0000
31.437,0.0000,9.3638,0.0000
31.445,0.0000,9.3638,0.0000
31.456,0.0000,9.3638,0.0000
31.464,0.0000,9.3638,0.0000
31.474,0.0000,9.3638,0.0000
31.482,0.0000,9.3638,0.0000
31.492,0.0000,9.3638,0.0000
31.501,0.0000,9.3638,0.0000
31.509,0.0000,9.3638,0.0000
31.519,0.0000,9.3638,0.0000
31.528,0.0000,9.3638,0.0000
31.539,0.0000,9.3638,0.0000
31.547,0.0000,9.3638,0.0000
31.558,0.0000,9.3638,0.0000
31.567,0.0000,9.3638,0.0000
31.578,0.0000,9.3638,0.0000
31.587,0.0000,9.3638,0.0000
31.596,0.0000,9.3638,0.0000
31.604,0.0000,9.3638,0.0000
31.614,0.0000,9.3638,0.0000
31.624,0.0000,9.3638,0.0000
31.633,0.0000,9.3638,0.0000
31.643,0.0000,9.3638,0.0004
31.655,0.0000,9.3638,0.0004
31.663,0.0000,9.3638,0.0011
31.673,0.0000,9.3638,0.0011
31.680,0.0000,9.3638,0.0011
31.689,0.0000,9.3638,0.0041
31.698,0.0000,9.3638,0.0041
31.705,0.0000,9.3638,0.0077
31.714,0.0000,9.3638,0.0077
31.723,0.0000,9.3638,0.0160
31.731,0.0000,9.3638,0.0160
31.740,0.0000,9.3638,0.0160
31.747,0.0000,9.3638,0.0351
31.757,0.0000,9.3638,0.0351
31.764,0.0000,9.3638,0.0556
31.774,0.0000,9.3638,0.0556
31.782,0.0000,9.3638,0.0556
31.791,0.0000,9.3638,0.0790
31.800,0.0000,9.3638,0.0790
31.807,-0.0001,9.3638,0.1023
31.818,-0.0001,9.3638,0.1023
31.826,-0.0002,9.3638,0.1256
31.835,-0.0002,9.3638,0.1256
31.841,-0.0002,9.3638,0.1256
31.849,-0.0004,9.3638,0.1487
31.860,-0.0004,9.3638,0.1487
31.867,-0.0012,9.3638,0.1716
31.877,-0.0012,9.3638,0.1716
31.885,-0.0021,9.3638,0.1947
31.895,-0.0021,9.3638,0.1947
31.903,-0.0042,9.3638,0.2181
31.912,-0.0042,9.3638,0.2181
31.920,-0.0042,9.3638,0.2181
31.928,-0.0067,9.3638,0.2414
31.935,-0.0067,9.3638,0.2414
31.943,-0.0122,9.3638,0.2647
31.952,-0.0122,9.3638,0.2647
31.960,-0.0122,9.3638,0.2647
31.966,-0.0182,9.3638,0.2878
31.975,-0.0182,9.3638,0.2878
31.982,-0.0245,9.3638,0.3108
31.992,-0.0245,9.3638,0.3108
31.998,-0.0245,9.3638,0.3108
32.007,-0.0311,9.3638,0.3339
32.014,-0.0311,9.3638,0.3339
32.022,-0.0380,9.3638,0.3569
32.030,-0.0380,9.3638,0.3569
32.038,-0.0380,9.3638,0.3569
32.045,-0.0450,9.3638,0.3799
32.054,-0.0450,9.3638,0.3799
32.061,-0.0450,9.3638,0.3799
32.068,-0.0520,9.3638,0.4029
32.077,-0.0520,9.3638,0.4029
32.086,-0.0590,9.3638,0.4258
32.095,-0.0590,9.3638,0.4258
32.101,-0.0590,9.3638,0.4258
32.108,-0.0660,9.3638,0.4487
32.117,-0.0660,9.3638,0.4487
32.125,-0.0730,9.3638,0.4715
32.135,-0.0730,9.3638,0.4715
32.142,-0.0730,9.3638,0.4715
32.150,-0.0800,9.3638,0.4942
32.160,-0.0800,9.3638,0.4942
32.167,-0.0870,9.3638,0.5169
32.177,-0.0870,9.3638,0.5169
32.185,-0.0940,9.3638,0.5394
32.195,-0.0940,9.3638,0.5394
32.201,-0.0940,9.3638,0.5394
32.208,-0.1010,9.3638,0.5619
32.218,-0.1010,9.3638,0.5619
32.226,-0.1080,9.3638,0.5843
32.233,-0.1080,9.3638,0.5843
32.241,-0.1080,9.3638,0.5843
32.247,-0.1150,9.3638,0.6067
32.258,-0.1150,9.3638,0.6067
32.263,-0.1220,9.3638,0.6289
32.273,-0.1220,9.3638,0.6289
32.280,-0.1220,9.3638,0.6289
32.290,-0.1290,9.3638,0.6509
32.299,-0.1290,9.3638,0.6509
32.307,-0.1360,9.3638,0.6728
32.316,-0.1360,9.3638,0.6728
32.324,-0.1430,9.3638,0.6947
32.331,-0.1430,9.3638,0.6947
32.340,-0.1430,9.3638,0.6947
32.349,-0.1500,9.3638,0.7165
32.358,-0.1500,9.3638,0.7165
32.366,-0.1570,9.3638,0.7383
32.376,-0.1570,9.3638,0.7383
32.385,-0.1640,9.3638,0.7600
32.395,-0.1640,9.3638,0.7600
32.404,-0.1710,9.3638,0.7818
32.413,-0.1710,9.3638,0.7818
32.422,-0.1780,9.3638,0.8036
32.431,-0.1780,9.3638,0.8036
32.438,-0.1780,9.3638,0.8036
32.446,-0.1850,9.3638,0.8254
32.456,-0.1850,9.3638,0.8254
32.463,-0.1920,9.3638,0.8472
32.472,-0.1920,9.3638,0.8472
32.479,-0.1920,9.3638,0.8472
32.489,-0.1990,9.3638,0.8689
32.497,-0.1990,9.3638,0.8689
32.504,-0.2060,9.3638,0.8907
32.512,-0.2060,9.3638,0.8907
32.520,-0.2060,9.3638,0.8907
32.528,-0.2130,9.3638,0.9124
32.536,-0.2130,9.3638,0.9124
32.544,-0.2200,9.3638,0.9342
32.553,-0.2200,9.3638,0.9342
32.561,-0.2200,9.3638,0.9342
32.570,-0.2270,9.3638,0.9560
32.580,-0.2270,9.3638,0.9560
32.589,-0.2340,9.3638,0.9778
32.597,-0.2340,9.3638,0.9778
32.605,-0.2410,9.3638,0.9995
32.614,-0.2410,9.3638,0.9995
32.621,-0.2410,9.3638,0.9995
32.628,-0.2480,9.3638,1.0213
32.637,-0.2480,9.3638,1.0213
32.645,-0.2550,9.3638,1.0431
32.661,-0.2550,9.3638,1.0431
32.669,-0.2620,9.3638,1.0648
32.680,-0.2620,9.3638,1.0648
32.687,-0.2690,9.3638,1.0866
32.697,-0.2690,9.3638,1.0866
32.705,-0.2760,9.3638,1.1083
32.715,-0.2760,9.3638,1.1083
32.724,-0.2830,9.3638,1.1301
32.733,-0.2830,9.3638,1.1301
32.741,-0.2830,9.3638,1.1301
32.749,-0.2900,9.3638,1.1518
32.760,-0.2900,9.3638,1.1518
32.769,-0.2970,9.3638,1.1734
32.778,-0.2970,9.3638,1.1734
32.787,-0.3040,9.3638,1.1951
32.796,-0.3040,9.3638,1.1951
32.806,-0.3110,9.3638,1.2167
32.816,-0.3110,9.3638,1.2167
32.826,-0.3180,9.3638,1.2382
32.836,-0.3180,9.3638,1.2382
32.844,-0.3250,9.3638,1.2595
32.855,-0.3250,9.3638,1.2595
32.862,-0.3320,9.3638,1.2806
32.873,-0.3320,9.3638,1.2806
32.881,-0.3320,9.3638,1.2806
32.891,-0.3390,9.3638,1.3013
32.900,-0.3390,9.3638,1.3013
32.908,-0.3460,9.3638,1.3217
32.920,-0.3460,9.3638,1.3217
32.930,-0.3530,9.3638,1.3418
32.940,-0.3530,9.3638,1.3418
32.949,-0.3600,9.3638,1.3618
32.959,-0.3600,9.3638,1.3618
32.966,-0.3670,9.3638,1.3816
32.976,-0.3670,9.3638,1.3816
32.984,-0.3740,9.3638,1.4012
32.994,-0.3740,9.3638,1.4012
33.001,-0.3740,9.3638,1.4012
33.009,-0.3810,9.3638,1.4209
33.018,-0.3810,9.3638,1.4209
33.025,-0.3880,9.3638,1.4407
33.035,-0.3880,9.3638,1.4407
33.043,-0.3950,9.3638,1.4606
33.050,-0.3950,9.3638,1.4606
33.059,-0.3950,9.3638,1.4606
33.066,-0.4020,9.3638,1.4806
33.076,-0.4020,9.3638,1.4806
33.084,-0.4090,9.3638,1.5005
33.093,-0.4090,9.3638,1.5005
33.100,-0.4090,9.3638,1.5005
33.108,-0.4160,9.3638,1.5205
33.117,-0.4160,9.3638,1.5205
33.125,-0.4230,9.3638,1.5405
33.134,-0.4230,9.3638,1.5405
33.142,-0.4300,9.3638,1.5605
33.151,-0.4300,9.3638,1.5605
33.160,-0.4300,9.3638,1.5605
33.167,-0.4370,9.3638,1.5805
33.176,-0.4370,9.3638,1.5805
33.184,-0.4440,9.3638,1.6006
33.193,-0.4440,9.3638,1.6006
33.200,-0.4440,9.3638,1.6006
33.209,-0.4510,9.3638,1.6207
33.219,-0.4510,9.3638,1.6207
33.227,-0.4580,9.3638,1.6407
33.236,-0.4580,9.3638,1.6407
33.244,-0.4650,9.3638,1.6608
33.254,-0.4650,9.3638,1.6608
33.261,-0.4650,9.3638,1.6608
33.269,-0.4720,9.3638,1.6809
33.278,-0.4720,9.3638,1.6809
33.285,-0.4790,9.3638,1.7010
33.294,-0.4790,9.3638,1.7010
33.302,-0.4790,9.3638,1.7010
33.309,-0.4860,9.3638,1.7211
33.318,-0.4860,9.3638,1.7211
33.325,-0.4930,9.3638,1.7412
33.334,-0.4930,9.3638,1.7412
33.341,-0.4930,9.3638,1.7412
33.348,-0.5000,9.3638,1.7613
33.357,-0.5000,9.3638,1.7613
33.364,-0.5070,9.3638,1.7813
33.374,-0.5070,9.3638,1.7813
33.381,-0.5070,9.3638,1.7813
33.389,-0.5140,9.3638,1.8014
33.399,-0.5140,9.3638,1.8014
33.407,-0.5210,9.3638,1.8215
33.416,-0.5210,9.3638,1.8215
33.424,-0.5280,9.3638,1.8416
33.433,-0.5280,9.3638,1.8416
33.442,-0.5280,9.3638,1.8416
33.448,-0.5350,9.3638,1.8617
33.459,-0.5350,9.3638,1.8617
33.466,-0.5419,9.3638,1.8818
33.476,-0.5419,9.3638,1.8818
33.484,-0.5489,9.3638,1.9018
33.494,-0.5489,9.3638,1.9018
33.500,-0.5489,9.3638,1.9018
33.508,-0.5559,9.3638,1.9219
33.518,-0.5559,9.3638,1.9219
33.525,-0.5629,9.3638,1.9420
33.533,-0.5629,9.3638,1.9420
33.541,-0.5629,9.3638,1.9420
33.550,-0.5698,9.3638,1.9621
33.559,-0.5698,9.3638,1.9621
33.566,-0.5768,9.3638,1.9822
33.576,-0.5768,9.3638,1.9822
33.584,-0.5838,9.3638,2.0023
33.594,-0.5838,9.3638,2.0023
33.601,-0.5838,9.3638,2.0023
33.609,-0.5907,9.3638,2.0224
33.620,-0.5907,9.3638,2.0224
33.628,-0.5977,9.3638,2.0425
33.638,-0.5977,9.3638,2.0425
33.646,-0.6047,9.3638,2.0627
33.656,-0.6047,9.3638,2.0627
33.665,-0.6116,9.3638,2.0828
33.675,-0.6116,9.3638,2.0828
33.683,-0.6186,9.3638,2.1030
33.693,-0.6186,9.3638,2.1030
33.701,-0.6186,9.3638,2.1030
33.709,-0.6256,9.3638,2.1232
33.718,-0.6256,9.3638,2.1232
33.726,-0.6325,9.3638,2.1433
33.735,-0.6325,9.3638,2.1433
33.743,-0.6395,9.3638,2.1635
33.752,-0.6395,9.3638,2.1635
33.761,-0.6395,9.3638,2.1635
33.768,-0.6465,9.3638,2.1836
33.779,-0.6465,9.3638,2.1836
33.788,-0.6535,9.3638,2.2038
33.798,-0.6535,9.3638,2.2038
33.806,-0.6604,9.3638,2.2239
33.815,-0.6604,9.3638,2.2239
33.825,-0.6674,9.3638,2.2441
33.835,-0.6674,9.3638,2.2441
33.844,-0.6744,9.3638,2.2643
33.855,-0.6744,9.3638,2.2643
33.863,-0.6813,9.3638,2.2844
33.874,-0.6813,9.3638,2.2844
33.883,-0.6883,9.3638,2.3046
33.894,-0.6883,9.3638,2.3046
33.902,-0.6953,9.3638,2.3248
33.911,-0.6953,9.3638,2.3248
33.920,-0.6953,9.3638,2.3248
33.928,-0.7022,9.3638,2.3449
33.938,-0.7022,9.3638,2.3449
33.946,-0.7092,9.3638,2.3651
33.956,-0.7092,9.3638,2.3651
33.964,-0.7162,9.3638,2.3853
33.975,-0.7162,9.3638,2.3853
33.984,-0.7231,9.3638,2.4055
33.995,-0.7231,9.3638,2.4055
34.003,-0.7301,9.3638,2.4256
34.015,-0.7301,9.3638,2.4256
34.024,-0.7371,9.3638,2.4458
34.035,-0.7371,9.3638,2.4458
34.043,-0.7441,9.3638,2.4660
34.055,-0.7441,9.3638,2.4660
34.064,-0.7510,9.3638,2.4863
34.074,-0.7510,9.3638,2.4863
34.082,-0.7580,9.3638,2.5065
34.094,-0.7580,9.3638,2.5065
34.102,-0.7650,9.3638,2.5267
34.113,-0.7650,9.3638,2.5267
34.123,-0.7719,9.3638,2.5469
34.132,-0.7719,9.3638,2.5469
34.140,-0.7719,9.3638,2.5469
34.149,-0.7789,9.3638,2.5671
34.161,-0.7789,9.3638,2.5671
34.169,-0.7859,9.3638,2.5873
34.180,-0.7859,9.3638,2.5873
34.191,-0.7928,9.3638,2.6075
34.201,-0.7928,9.3638,2.6075
34.209,-0.7998,9.3638,2.6278
34.221,-0.7998,9.3638,2.6278
34.231,-0.8068,9.3638,2.6480
34.241,-0.8068,9.3638,2.6480
34.249,-0.8137,9.3638,2.6682
34.261,-0.8137,9.3638,2.6682
34.269,-0.8207,9.3638,2.6884
34.280,-0.8207,9.3638,2.6884
34.289,-0.8277,9.3638,2.7086
34.300,-0.8277,9.3638,2.7086
34.309,-0.8346,9.3638,2.7288
34.319,-0.8346,9.3638,2.7288
34.328,-0.8416,9.3638,2.7489
34.339,-0.8416,9.3638,2.7489
34.348,-0.8485,9.3638,2.7691
34.359,-0.8485,9.3638,2.7691
34.367,-0.8555,9.3638,2.7892
34.378,-0.8555,9.3638,2.7892
34.388,-0.8624,9.3638,2.8094
34.398,-0.8624,9.3638,2.8094
34.408,-0.8694,9.3638,2.8295
34.419,-0.8694,9.3638,2.8295
34.427,-0.8763,9.3638,2.8496
34.437,-0.8763,9.3638,2.8496
34.444,-0.8832,9.3638,2.8697
34.454,-0.8832,9.3638,2.8697
34.461,-0.8832,9.3638,2.8697
34.471,-0.8902,9.3638,2.8898
34.480,-0.8902,9.3638,2.8898
34.489,-0.8971,9.3638,2.9099
34.499,-0.8971,9.3638,2.9099
34.508,-0.9040,9.3638,2.9300
34.517,-0.9040,9.3638,2.9300
34.526,-0.9110,9.3638,2.9500
34.536,-0.9110,9.3638,2.9500
34.545,-0.9179,9.3638,2.9701
34.554,-0.9179,9.3638,2.9701
34.562,-0.9248,9.3638,2.9901
34.571,-0.9248,9.3638,2.9901
34.579,-0.9248,9.3638,2.9901
34.588,-0.9318,9.3638,3.0102
34.596,-0.9318,9.3638,3.0102
34.604,-0.9387,9.3638,3.0302
34.614,-0.9387,9.3638,3.0302
34.622,-0.9456,9.3638,3.0502
34.631,-0.9456,9.3638,3.0502
34.639,-0.9456,9.3638,3.0502
34.646,-0.9526,9.3638,3.0702
34.656,-0.9526,9.3638,3.0702
34.662,-0.9595,9.3638,3.0903
34.672,-0.9595,9.3638,3.0903
34.679,-0.9595,9.3638,3.0903
34.689,-0.9664,9.3638,3.1103
34.697,-0.9664,9.3638,3.1103
34.707,-0.9733,9.3638,3.1303
34.715,-0.9733,9.3638,3.1303
34.724,-0.9803,9.3638,3.1503
34.733,-0.9803,9.3638,3.1503
34.740,-0.9803,9.3638,3.1503
34.747,-0.9872,9.3638,3.1704
34.757,-0.9872,9.3638,3.1704
34.765,-0.9941,9.3638,3.1904
34.774,-0.9941,9.3638,3.1904
34.783,-1.0010,9.3638,3.2104
34.792,-1.0010,9.3638,3.2104
34.799,-1.0010,9.3638,3.2104
34.807,-1.0080,9.3638,3.2304
34.819,-1.0080,9.3638,3.2304
34.827,-1.0149,9.3638,3.2503
34.835,-1.0149,9.3638,3.2503
34.843,-1.0218,9.3638,3.2703
34.853,-1.0218,9.3638,3.2703
34.862,-1.0287,9.3638,3.2903
34.871,-1.0287,9.3638,3.2903
34.879,-1.0287,9.3638,3.2903
34.888,-1.0356,9.3638,3.3103
34.897,-1.0356,9.3638,3.3103
34.905,-1.0425,9.3638,3.3302
34.915,-1.0425,9.3638,3.3302
34.923,-1.0495,9.3638,3.3502
34.934,-1.0495,9.3638,3.3502
34.943,-1.0564,9.3638,3.3702
34.953,-1.0564,9.3638,3.3702
34.962,-1.0564,9.3638,3.3702
34.970,-1.0633,9.3638,3.3901
34.981,-1.0633,9.3638,3.3901
34.989,-1.0702,9.3638,3.4100
34.998,-1.0702,9.3638,3.4100
35.007,-1.0771,9.3638,3.4300
35.017,-1.0771,9.3638,3.4300
35.025,-1.0840,9.3638,3.4499
35.035,-1.0840,9.3638,3.4499
35.043,-1.0909,9.3638,3.4698
35.053,-1.0909,9.3638,3.4698
35.062,-1.0909,9.3638,3.4698
35.069,-1.0979,9.3638,3.4897
35.079,-1.0979,9.3638,3.4897
35.088,-1.1048,9.3638,3.5095
35.097,-1.1048,9.3638,3.5095
35.106,-1.1117,9.3638,3.5294
35.115,-1.1117,9.3638,3.5294
35.125,-1.1186,9.3638,3.5492
35.134,-1.1186,9.3638,3.5492
35.142,-1.1255,9.3638,3.5691
35.152,-1.1255,9.3638,3.5691
35.161,-1.1255,9.3638,3.5691
35.177,-1.1324,9.3638,3.5889
35.189,-1.1393,9.3638,3.6087
35.198,-1.1393,9.3638,3.6087
35.206,-1.1462,9.3638,3.6285
35.215,-1.1462,9.3638,3.6285
35.223,-1.1531,9.3638,3.6482
35.232,-1.1531,9.3638,3.6482
35.241,-1.1531,9.3638,3.6482
35.248,-1.1600,9.3638,3.6678
35.259,-1.1600,9.3638,3.6678
35.268,-1.1669,9.3638,3.6873
35.277,-1.1669,9.3638,3.6873
35.285,-1.1737,9.3638,3.7065
35.296,-1.1737,9.3638,3.7065
35.305,-1.1806,9.3638,3.7251
35.316,-1.1806,9.3638,3.7251
35.324,-1.1875,9.3638,3.7347
35.334,-1.1875,9.3638,3.7347
35.342,-1.1875,9.3638,3.7347
35.352,-1.1943,9.3638,3.7436
35.362,-1.2012,9.3638,3.7523
35.373,-1.2012,9.3638,3.7523
35.381,-1.2012,9.3638,3.7523
35.390,-1.2081,9.3638,3.7600
35.400,-1.2081,9.3638,3.7600
35.409,-1.2149,9.3638,3.7669
35.419,-1.2149,9.3638,3.7669
35.429,-1.2218,9.3638,3.7701
35.440,-1.2218,9.3638,3.7701
35.448,-1.2286,9.3638,3.7730
35.459,-1.2286,9.3638,3.7730
35.466,-1.2355,9.3638,3.7755
35.478,-1.2355,9.3638,3.7755
35.487,-1.2423,9.3638,3.7763
35.497,-1.2423,9.3638,3.7763
35.506,-1.2492,9.3638,3.7770
35.517,-1.2492,9.3638,3.7770
35.525,-1.2560,9.3638,3.7775
35.533,-1.2560,9.3638,3.7775
35.542,-1.2629,9.3638,3.7780
35.552,-1.2629,9.3638,3.7780
35.559,-1.2629,9.3638,3.7780
35.567,-1.2697,9.3638,3.7784
35.575,-1.2697,9.3638,3.7784
35.583,-1.2765,9.3638,3.7788
35.593,-1.2765,9.3638,3.7788
35.600,-1.2765,9.3638,3.7788
35.608,-1.2834,9.3638,3.7790
35.618,-1.2834,9.3638,3.7790
35.626,-1.2902,9.3638,3.7793
35.636,-1.2902,9.3638,3.7793
35.643,-1.2971,9.3638,3.7793
35.651,-1.2971,9.3638,3.7793
35.660,-1.2971,9.3638,3.7793
35.667,-1.3039,9.3638,3.7795
35.676,-1.3039,9.3638,3.7795
35.683,-1.3108,9.3638,3.7798
35.693,-1.3108,9.3638,3.7798
35.700,-1.3108,9.3638,3.7798
35.708,-1.3176,9.3638,3.7802
35.719,-1.3176,9.3638,3.7802
35.727,-1.3244,9.3638,3.7805
35.736,-1.3244,9.3638,3.7805
35.744,-1.3313,9.3638,3.7810
35.753,-1.3313,9.3638,3.7810
35.760,-1.3313,9.3638,3.7810
35.768,-1.3381,9.3638,3.7815
35.778,-1.3381,9.3638,3.7815
35.786,-1.3450,9.3638,3.7821
35.796,-1.3450,9.3638,3.7821
35.804,-1.3518,9.3638,3.7827
35.814,-1.3518,9.3638,3.7827
35.822,-1.3586,9.3638,3.7834
35.830,-1.3586,9.3638,3.7834
35.838,-1.3586,9.3638,3.7834
35.847,-1.3655,9.3638,3.7842
35.856,-1.3655,9.3638,3.7842
35.864,-1.3723,9.3638,3.7864
35.874,-1.3723,9.3638,3.7864
35.882,-1.3723,9.3638,3.7864
35.890,-1.3792,9.3638,3.7887
35.899,-1.3792,9.3638,3.7887
35.907,-1.3860,9.3638,3.7910
35.916,-1.3860,9.3638,3.7910
35.925,-1.3929,9.3638,3.7932
35.934,-1.3929,9.3638,3.7932
35.942,-1.3997,9.3638,3.7955
35.951,-1.3997,9.3638,3.7955
35.958,-1.3997,9.3638,3.7955
35.965,-1.4065,9.3638,3.7977
35.975,-1.4065,9.3638,3.7977
35.983,-1.4134,9.3638,3.8000
35.992,-1.4134,9.3638,3.8000
35.999,-1.4134,9.3638,3.8000
36.008,-1.4202,9.3638,3.8023
36.016,-1.4202,9.3638,3.8023
36.026,-1.4271,9.3638,3.8046
36.036,-1.4271,9.3638,3.8046
36.043,-1.4339,9.3638,3.8069
36.053,-1.4339,9.3638,3.8069
36.061,-1.4339,9.3638,3.8069
36.069,-1.4408,9.3638,3.8092
36.078,-1.4408,9.3638,3.8092
36.087,-1.4476,9.3638,3.8116
36.096,-1.4476,9.3638,3.8116
36.104,-1.4544,9.3638,3.8140
36.114,-1.4544,9.3638,3.8140
36.122,-1.4613,9.3638,3.8164
36.131,-1.4613,9.3638,3.8164
36.138,-1.4613,9.3638,3.8164
36.147,-1.4681,9.3638,3.8188
36.157,-1.4681,9.3638,3.8188
36.165,-1.4749,9.3638,3.8212
36.174,-1.4749,9.3638,3.8212
36.182,-1.4818,9.3638,3.8236
36.193,-1.4818,9.3638,3.8236
36.201,-1.4818,9.3638,3.8236
36.210,-1.4886,9.3638,3.8260
36.220,-1.4886,9.3638,3.8260
36.229,-1.4955,9.3638,3.8284
36.241,-1.4955,9.3638,3.8284
36.248,-1.5023,9.3638,3.8308
36.259,-1.5023,9.3638,3.8308
36.267,-1.5092,9.3638,3.8332
36.276,-1.5092,9.3638,3.8332
36.284,-1.5160,9.3638,3.8356
36.296,-1.5160,9.3638,3.8356
36.306,-1.5228,9.3638,3.8380
36.315,-1.5228,9.3638,3.8380
36.324,-1.5297,9.3638,3.8404
36.335,-1.5297,9.3638,3.8404
36.343,-1.5365,9.3638,3.8428
36.355,-1.5365,9.3638,3.8428
36.362,-1.5434,9.3638,3.8452
36.373,-1.5434,9.3638,3.8452
36.383,-1.5502,9.3638,3.8476
36.394,-1.5502,9.3638,3.8476
36.402,-1.5571,9.3638,3.8500
36.413,-1.5571,9.3638,3.8500
36.422,-1.5639,9.3638,3.8524
36.434,-1.5639,9.3638,3.8524
36.444,-1.5707,9.3638,3.8548
36.456,-1.5707,9.3638,3.8548
36.464,-1.5776,9.3638,3.8572
36.474,-1.5776,9.3638,3.8572
36.484,-1.5844,9.3638,3.8596
36.494,-1.5844,9.3638,3.8596
36.502,-1.5844,9.3638,3.8596
36.511,-1.5913,9.3638,3.8620
36.521,-1.5913,9.3638,3.8620
36.529,-1.5981,9.3638,3.8644
36.539,-1.5981,9.3638,3.8644
36.546,-1.6050,9.3638,3.8668
36.557,-1.6050,9.3638,3.8668
36.565,-1.6118,9.3638,3.8692
36.575,-1.6118,9.3638,3.8692
36.583,-1.6186,9.3638,3.8716
36.593,-1.6186,9.3638,3.8716
36.602,-1.6255,9.3638,3.8740
36.612,-1.6255,9.3638,3.8740
36.621,-1.6255,9.3638,3.8740
36.629,-1.6323,9.3638,3.8764
36.639,-1.6323,9.3638,3.8764
36.647,-1.6392,9.3638,3.8788
36.658,-1.6392,9.3638,3.8788
36.666,-1.6460,9.3638,3.8812
36.676,-1.6460,9.3638,3.8812
36.685,-1.6528,9.3638,3.8836
36.695,-1.6528,9.3638,3.8836
36.704,-1.6597,9.3638,3.8860
36.715,-1.6597,9.3638,3.8860
36.724,-1.6665,9.3638,3.8884
36.734,-1.6665,9.3638,3.8884
36.744,-1.6734,9.3638,3.8908
36.755,-1.6734,9.3638,3.8908
36.763,-1.6802,9.3638,3.8932
36.774,-1.6802,9.3638,3.8932
36.783,-1.6871,9.3638,3.8956
36.794,-1.6871,9.3638,3.8956
36.803,-1.6939,9.3638,3.8980
36.812,-1.6939,9.3638,3.8980
36.821,-1.6939,9.3638,3.8980
36.828,-1.7008,9.3638,3.9004
36.839,-1.7008,9.3638,3.9004
36.847,-1.7076,9.3638,3.9028
36.857,-1.7076,9.3638,3.9028
36.863,-1.7145,9.3638,3.9052
36.873,-1.7145,9.3638,3.9052
36.882,-1.7145,9.3638,3.9052
36.890,-1.7213,9.3638,3.9076
36.899,-1.7213,9.3638,3.9076
36.908,-1.7282,9.3638,3.9100
36.918,-1.7282,9.3638,3.9100
36.926,-1.7350,9.3638,3.9124
36.938,-1.7350,9.3638,3.9124
36.946,-1.7419,9.3638,3.9148
36.956,-1.7419,9.3638,3.9148
36.964,-1.7487,9.3638,3.9172
36.973,-1.7487,9.3638,3.9172
36.982,-1.7556,9.3638,3.9195
36.992,-1.7556,9.3638,3.9195
37.001,-1.7556,9.3638,3.9195
37.009,-1.7624,9.3638,3.9219
37.018,-1.7624,9.3638,3.9219
37.027,-1.7693,9.3638,3.9243
37.036,-1.7693,9.3638,3.9243
37.044,-1.7761,9.3638,3.9267
37.055,-1.7761,9.3638,3.9267
37.063,-1.7830,9.3638,3.9291
37.073,-1.7830,9.3638,3.9291
37.080,-1.7830,9.3638,3.9291
37.091,-1.7898,9.3638,3.9315
37.099,-1.7898,9.3638,3.9315
37.109,-1.7967,9.3638,3.9339
37.118,-1.7967,9.3638,3.9339
37.126,-1.8035,9.3638,3.9363
37.135,-1.8035,9.3638,3.9363
37.144,-1.8104,9.3638,3.9387
37.154,-1.8104,9.3638,3.9387
37.161,-1.8104,9.3638,3.9387
37.169,-1.8172,9.3638,3.9411
37.178,-1.8172,9.3638,3.9411
37.187,-1.8241,9.3638,3.9435
37.196,-1.8241,9.3638,3.9435
37.205,-1.8309,9.3638,3.9459
37.214,-1.8309,9.3638,3.9459
37.223,-1.8378,9.3638,3.9483
37.233,-1.8378,9.3638,3.9483
37.241,-1.8378,9.3638,3.9483
37.250,-1.8446,9.3638,3.9507
37.259,-1.8446,9.3638,3.9507
37.268,-1.8515,9.3638,3.9531
37.278,-1.8515,9.3638,3.9531
37.287,-1.8583,9.3638,3.9555
37.296,-1.8583,9.3638,3.9555
37.304,-1.8652,9.3638,3.9579
37.314,-1.8652,9.3638,3.9579
37.323,-1.8720,9.3638,3.9603
37.332,-1.8720,9.3638,3.9603
37.340,-1.8720,9.3638,3.9603
37.348,-1.8789,9.3638,3.9627
37.358,-1.8789,9.3638,3.9627
37.365,-1.8857,9.3638,3.9651
37.374,-1.8857,9.3638,3.9651
37.382,-1.8857,9.3638,3.9651
37.391,-1.8926,9.3638,3.9675
37.400,-1.8926,9.3638,3.9675
37.409,-1.8994,9.3638,3.9699
37.418,-1.8994,9.3638,3.9699
37.427,-1.9063,9.3638,3.9723
37.437,-1.9063,9.3638,3.9723
37.445,-1.9131,9.3638,3.9747
37.456,-1.9131,9.3638,3.9747
37.463,-1.9200,9.3638,3.9771
37.474,-1.9200,9.3638,3.9771
37.482,-1.9268,9.3638,3.9795
37.492,-1.9268,9.3638,3.9795
37.501,-1.9268,9.3638,3.9795
37.510,-1.9337,9.3638,3.9819
37.520,-1.9337,9.3638,3.9819
37.528,-1.9405,9.3638,3.9843
37.541,-1.9405,9.3638,3.9843
37.549,-1.9474,9.3638,3.9867
37.559,-1.9474,9.3638,3.9867
37.569,-1.9542,9.3638,3.9891
37.579,-1.9542,9.3638,3.9891
37.588,-1.9611,9.3638,3.9915
37.598,-1.9611,9.3638,3.9915
37.607,-1.9679,9.3638,3.9939
37.618,-1.9679,9.3638,3.9939
37.627,-1.9748,9.3638,3.9962
37.637,-1.9748,9.3638,3.9962
37.646,-1.9816,9.3638,3.9986
37.657,-1.9816,9.3638,3.9986
37.665,-1.9885,9.3638,4.0010
37.675,-1.9885,9.3638,4.0010
37.684,-1.9953,9.3638,4.0034
37.695,-1.9953,9.3638,4.0034
37.705,-2.0022,9.3638,4.0058
37.717,-2.0022,9.3638,4.0058
37.726,-2.0090,9.3638,4.0082
37.738,-2.0090,9.3638,4.0082
37.755,-2.0159,9.3638,4.0105
37.765,-2.0227,9.3638,4.0129
37.774,-2.0227,9.3638,4.0129
37.783,-2.0296,9.3638,4.0153
37.792,-2.0296,9.3638,4.0153
37.801,-2.0296,9.3638,4.0153
37.810,-2.0364,9.3638,4.0177
37.821,-2.0364,9.3638,4.0177
37.829,-2.0433,9.3638,4.0201
37.840,-2.0433,9.3638,4.0201
37.849,-2.0501,9.3638,4.0224
37.861,-2.0501,9.3638,4.0224
37.869,-2.0570,9.3638,4.0248
37.881,-2.0570,9.3638,4.0248
37.889,-2.0638,9.3638,4.0271
37.900,-2.0638,9.3638,4.0271
37.909,-2.0707,9.3638,4.0293
37.919,-2.0707,9.3638,4.0293
37.929,-2.0775,9.3638,4.0301
37.941,-2.0775,9.3638,4.0301
37.948,-2.0844,9.3638,4.0309
37.960,-2.0844,9.3638,4.0309
37.968,-2.0912,9.3638,4.0315
37.980,-2.0912,9.3638,4.0315
37.990,-2.0981,9.3638,4.0320
38.001,-2.0981,9.3638,4.0320
38.010,-2.1050,9.3638,4.0324
38.020,-2.1050,9.3638,4.0324
38.029,-2.1118,9.3638,4.0327
38.040,-2.1118,9.3638,4.0327
38.048,-2.1187,9.3638,4.0327
38.059,-2.1187,9.3638,4.0327
38.067,-2.1255,9.3638,4.0327
38.077,-2.1255,9.3638,4.0327
38.087,-2.1324,9.3638,4.0327
38.096,-2.1324,9.3638,4.0327
38.105,-2.1392,9.3638,4.0327
38.115,-2.1392,9.3638,4.0327
38.123,-2.1461,9.3638,4.0327
38.132,-2.1461,9.3638,4.0327
38.140,-2.1461,9.3638,4.0327
38.148,-2.1529,9.3638,4.0327
38.158,-2.1529,9.3638,4.0327
38.165,-2.1598,9.3638,4.0327
38.175,-2.1598,9.3638,4.0327
38.182,-2.1666,9.3638,4.0327
38.192,-2.1666,9.3638,4.0327
38.199,-2.1666,9.3638,4.0327
38.208,-2.1734,9.3638,4.0327
38.216,-2.1734,9.3638,4.0327
38.225,-2.1803,9.3638,4.0327
38.234,-2.1803,9.3638,4.0327
38.243,-2.1871,9.3638,4.0327
38.252,-2.1871,9.3638,4.0327
38.263,-2.1940,9.3638,4.0327
38.272,-2.1940,9.3638,4.0327
38.279,-2.1940,9.3638,4.0327
38.288,-2.2008,9.3638,4.0327
38.297,-2.2008,9.3638,4.0327
38.305,-2.2077,9.3638,4.0327
38.315,-2.2077,9.3638,4.0327
38.325,-2.2145,9.3638,4.0327
38.333,-2.2145,9.3638,4.0327
38.340,-2.2145,9.3638,4.0327
38.348,-2.2214,9.3638,4.0323
38.358,-2.2214,9.3638,4.0323
38.365,-2.2282,9.3638,4.0319
38.375,-2.2282,9.3638,4.0319
38.383,-2.2350,9.3638,4.0313
38.392,-2.2350,9.3638,4.0313
38.400,-2.2350,9.3638,4.0313
38.408,-2.2419,9.3638,4.0307
38.419,-2.2419,9.3638,4.0307
38.426,-2.2487,9.3638,4.0300
38.436,-2.2487,9.3638,4.0300
38.443,-2.2556,9.3638,4.0293
38.453,-2.2556,9.3638,4.0293
38.461,-2.2556,9.3638,4.0293
38.470,-2.2624,9.3638,4.0285
38.479,-2.2624,9.3638,4.0285
38.488,-2.2692,9.3638,4.0278
38.498,-2.2692,9.3638,4.0278
38.506,-2.2761,9.3638,4.0271
38.515,-2.2761,9.3638,4.0271
38.523,-2.2829,9.3638,4.0263
38.532,-2.2829,9.3638,4.0263
38.540,-2.2829,9.3638,4.0263
38.547,-2.2898,9.3638,4.0256
38.557,-2.2898,9.3638,4.0256
38.564,-2.2966,9.3638,4.0248
38.574,-2.2966,9.3638,4.0248
38.581,-2.2966,9.3638,4.0248
38.589,-2.3035,9.3638,4.0241
38.598,-2.3035,9.3638,4.0241
38.605,-2.3103,9.3638,4.0233
38.614,-2.3103,9.3638,4.0233
38.622,-2.3103,9.3638,4.0233
38.630,-2.3171,9.3638,4.0226
38.638,-2.3171,9.3638,4.0226
38.647,-2.3240,9.3638,4.0218
38.658,-2.3240,9.3638,4.0218
38.666,-2.3308,9.3638,4.0211
38.676,-2.3308,9.3638,4.0211
38.684,-2.3377,9.3638,4.0203
38.694,-2.3377,9.3638,4.0203
38.701,-2.3377,9.3638,4.0203
38.710,-2.3445,9.3638,4.0196
38.720,-2.3445,9.3638,4.0196
38.727,-2.3514,9.3638,4.0188
38.736,-2.3514,9.3638,4.0188
38.744,-2.3582,9.3638,4.0181
38.756,-2.3582,9.3638,4.0181
38.763,-2.3650,9.3638,4.0173
38.774,-2.3650,9.3638,4.0173
38.782,-2.3719,9.3638,4.0165
38.792,-2.3719,9.3638,4.0165
38.800,-2.3719,9.3638,4.0165
38.810,-2.3787,9.3638,4.0158
38.820,-2.3787,9.3638,4.0158
38.828,-2.3856,9.3638,4.0150
38.839,-2.3856,9.3638,4.0150
38.847,-2.3924,9.3638,4.0143
38.858,-2.3924,9.3638,4.0143
38.866,-2.3993,9.3638,4.0136
38.876,-2.3993,9.3638,4.0136
38.884,-2.4061,9.3638,4.0128
38.894,-2.4061,9.3638,4.0128
38.904,-2.4129,9.3638,4.0121
38.914,-2.4129,9.3638,4.0121
38.922,-2.4129,9.3638,4.0121
38.931,-2.4198,9.3638,4.0113
38.940,-2.4198,9.3638,4.0113
38.948,-2.4266,9.3638,4.0106
38.959,-2.4266,9.3638,4.0106
38.968,-2.4335,9.3638,4.0099
38.977,-2.4335,9.3638,4.0099
38.986,-2.4403,9.3638,4.0091
38.997,-2.4403,9.3638,4.0091
39.005,-2.4472,9.3638,4.0084
39.017,-2.4472,9.3638,4.0084
39.027,-2.4540,9.3638,4.0077
39.036,-2.4540,9.3638,4.0077
39.045,-2.4608,9.3638,4.0069
39.057,-2.4608,9.3638,4.0069
39.063,-2.4677,9.3638,4.0062
39.073,-2.4677,9.3638,4.0062
39.081,-2.4677,9.3638,4.0062
39.089,-2.4745,9.3638,4.0055
39.098,-2.4745,9.3638,4.0055
39.107,-2.4814,9.3638,4.0047
39.117,-2.4814,9.3638,4.0047
39.125,-2.4882,9.3638,4.0040
39.134,-2.4882,9.3638,4.0040
39.143,-2.4950,9.3638,4.0033
39.153,-2.4950,9.3638,4.0033
39.161,-2.4950,9.3638,4.0033
39.169,-2.5018,9.3638,4.0025
39.179,-2.5018,9.3638,4.0025
39.189,-2.5087,9.3638,4.0018
39.198,-2.5087,9.3638,4.0018
39.207,-2.5155,9.3638,4.0011
39.216,-2.5155,9.3638,4.0011
39.226,-2.5223,9.3638,4.0005
39.235,-2.5223,9.3638,4.0005
39.243,-2.5292,9.3638,3.9999
39.253,-2.5292,9.3638,3.9999
39.261,-2.5292,9.3638,3.9999
39.269,-2.5360,9.3638,3.9993
39.279,-2.5360,9.3638,3.9993
39.289,-2.5428,9.3638,3.9989
39.298,-2.5428,9.3638,3.9989
39.306,-2.5496,9.3638,3.9985
39.316,-2.5496,9.3638,3.9985
39.326,-2.5564,9.3638,3.9985
39.336,-2.5564,9.3638,3.9985
39.344,-2.5632,9.3638,3.9985
39.355,-2.5632,9.3638,3.9985
39.363,-2.5701,9.3638,3.9985
39.373,-2.5701,9.3638,3.9985
39.382,-2.5701,9.3638,3.9985
39.390,-2.5769,9.3638,3.9985
39.398,-2.5769,9.3638,3.9985
39.405,-2.5837,9.3638,3.9985
39.415,-2.5837,9.3638,3.9985
39.422,-2.5905,9.3638,3.9985
39.431,-2.5905,9.3638,3.9985
39.438,-2.5905,9.3638,3.9985
39.446,-2.5973,9.3638,3.9985
39.455,-2.5973,9.3638,3.9985
39.463,-2.6041,9.3638,3.9985
39.473,-2.6041,9.3638,3.9985
39.481,-2.6041,9.3638,3.9985
39.490,-2.6110,9.3638,3.9985
39.499,-2.6110,9.3638,3.9985
39.508,-2.6178,9.3638,3.9985
39.517,-2.6178,9.3638,3.9985
39.525,-2.6246,9.3638,3.9985
39.533,-2.6246,9.3638,3.9985
39.542,-2.6246,9.3638,3.9985
39.549,-2.6314,9.3638,3.9985
39.558,-2.6314,9.3638,3.9985
39.565,-2.6382,9.3638,3.9985
39.576,-2.6382,9.3638,3.9985
39.583,-2.6451,9.3638,3.9985
39.593,-2.6451,9.3638,3.9985
39.600,-2.6451,9.3638,3.9985
39.608,-2.6519,9.3638,3.9985
39.616,-2.6519,9.3638,3.9985
39.624,-2.6587,9.3638,3.9985
39.633,-2.6587,9.3638,3.9985
39.641,-2.6587,9.3638,3.9985
39.647,-2.6656,9.3638,3.9985
39.658,-2.6656,9.3638,3.9985
39.664,-2.6724,9.3638,3.9985
39.674,-2.6724,9.3638,3.9985
39.683,-2.6792,9.3638,3.9985
39.692,-2.6792,9.3638,3.9985
39.700,-2.6792,9.3638,3.9985
39.707,-2.6861,9.3638,3.9985
39.717,-2.6861,9.3638,3.9985
39.725,-2.6929,9.3638,3.9985
39.734,-2.6929,9.3638,3.9985
39.742,-2.6998,9.3638,3.9985
39.752,-2.6998,9.3638,3.9985
39.760,-2.6998,9.3638,3.9985
39.768,-2.7066,9.3638,3.9985
39.778,-2.7066,9.3638,3.9985
39.786,-2.7135,9.3638,3.9985
39.796,-2.7135,9.3638,3.9985
39.803,-2.7203,9.3638,3.9985
39.812,-2.7203,9.3638,3.9985
39.821,-2.7203,9.3638,3.9985
39.829,-2.7272,9.3638,3.9985
39.840,-2.7272,9.3638,3.9985
39.848,-2.7340,9.3638,3.9985
39.858,-2.7340,9.3638,3.9985
39.865,-2.7409,9.3638,3.9985
39.876,-2.7409,9.3638,3.9985
39.885,-2.7478,9.3638,3.9985
39.895,-2.7478,9.3638,3.9985
39.903,-2.7546,9.3638,3.9985
39.912,-2.7546,9.3638,3.9985
39.920,-2.7546,9.3638,3.9985
39.928,-2.7615,9.3638,3.9985
39.939,-2.7615,9.3638,3.9985
39.947,-2.7683,9.3638,3.9985
39.957,-2.7683,9.3638,3.9985
39.965,-2.7752,9.3638,3.9985
39.974,-2.7752,9.3638,3.9985
39.982,-2.7820,9.3638,3.9985
39.993,-2.7820,9.3638,3.9985
40.000,-2.7820,9.3638,3.9985
40.009,-2.7889,9.3638,3.9985
40.018,-2.7889,9.3638,3.9985
40.026,-2.7958,9.3638,3.9985
40.036,-2.7958,9.3638,3.9985
40.044,-2.8026,9.3638,3.9985
40.055,-2.8026,9.3638,3.9985
40.062,-2.8026,9.3638,3.9985
40.070,-2.8095,9.3638,3.9985
40.080,-2.8095,9.3638,3.9985
40.090,-2.8163,9.3638,3.9985
40.098,-2.8163,9.3638,3.9985
40.107,-2.8231,9.3638,3.9985
40.118,-2.8231,9.3638,3.9985
40.127,-2.8300,9.3638,3.9985
40.139,-2.8300,9.3638,3.9985
40.146,-2.8368,9.3638,3.9985
40.156,-2.8368,9.3638,3.9985
40.164,-2.8437,9.3638,3.9985
40.172,-2.8437,9.3638,3.9985
40.180,-2.8437,9.3638,3.9985
40.189,-2.8505,9.3638,3.9985
40.199,-2.8505,9.3638,3.9985
40.207,-2.8574,9.3638,3.9985
40.217,-2.8574,9.3638,3.9985
40.226,-2.8642,9.3638,3.9985
40.236,-2.8642,9.3638,3.9985
40.245,-2.8710,9.3638,3.9985
40.255,-2.8710,9.3638,3.9985
40.264,-2.8779,9.3638,3.9985
40.275,-2.8779,9.3638,3.9985
40.283,-2.8847,9.3638,3.9985
40.293,-2.8847,9.3638,3.9985
40.301,-2.8847,9.3638,3.9985
40.311,-2.8915,9.3638,3.9985
40.330,-2.8984,9.3638,3.9985
40.343,-2.9052,9.3638,3.9985
40.353,-2.9052,9.3638,3.9985
40.360,-2.9052,9.3638,3.9985
40.369,-2.9120,9.3638,3.9985
40.378,-2.9120,9.3638,3.9985
40.387,-2.9189,9.3638,3.9985
40.397,-2.9189,9.3638,3.9985
40.406,-2.9257,9.3638,3.9985
40.415,-2.9257,9.3638,3.9985
40.424,-2.9325,9.3638,3.9985
40.434,-2.9325,9.3638,3.9985
40.442,-2.9394,9.3638,3.9985
40.453,-2.9394,9.3638,3.9985
40.461,-2.9394,9.3638,3.9985
40.471,-2.9462,9.3638,3.9985
40.482,-2.9462,9.3638,3.9985
40.491,-2.9530,9.3638,3.9985
40.501,-2.9530,9.3638,3.9985
40.509,-2.9599,9.3638,3.9985
40.519,-2.9599,9.3638,3.9985
40.528,-2.9667,9.3638,3.9985
40.537,-2.9667,9.3638,3.9985
40.546,-2.9735,9.3638,3.9985
40.557,-2.9735,9.3638,3.9985
40.565,-2.9803,9.3638,3.9985
40.575,-2.9803,9.3638,3.9985
40.584,-2.9871,9.3638,3.9985
40.596,-2.9871,9.3638,3.9985
40.605,-2.9939,9.3638,3.9985
40.614,-2.9939,9.3638,3.9985
40.624,-3.0008,9.3638,3.9985
40.634,-3.0008,9.3638,3.9985
40.643,-3.0076,9.3638,3.9985
40.655,-3.0076,9.3638,3.9985
40.664,-3.0144,9.3638,3.9985
40.676,-3.0144,9.3638,3.9985
40.685,-3.0212,9.3638,3.9985
40.694,-3.0212,9.3638,3.9985
40.703,-3.0280,9.3638,3.9985
40.714,-3.0280,9.3638,3.9985
40.724,-3.0348,9.3638,3.9985
40.734,-3.0348,9.3638,3.9985
40.742,-3.0416,9.3638,3.9985
40.752,-3.0416,9.3638,3.9985
40.761,-3.0416,9.3638,3.9985
40.768,-3.0485,9.3638,3.9985
40.779,-3.0485,9.3638,3.9985
40.787,-3.0553,9.3638,3.9985
40.797,-3.0553,9.3638,3.9985
40.806,-3.0621,9.3638,3.9985
40.815,-3.0621,9.3638,3.9985
40.823,-3.0689,9.3638,3.9985
40.832,-3.0689,9.3638,3.9985
40.840,-3.0689,9.3638,3.9985
40.848,-3.0757,9.3638,3.9985
40.858,-3.0757,9.3638,3.9985
40.866,-3.0825,9.3638,3.9985
40.875,-3.0825,9.3638,3.9985
40.882,-3.0894,9.3638,3.9985
40.893,-3.0894,9.3638,3.9985
40.900,-3.0894,9.3638,3.9985
40.908,-3.0962,9.3638,3.9985
40.918,-3.0962,9.3638,3.9985
40.926,-3.1030,9.3638,3.9985
40.936,-3.1030,9.3638,3.9985
40.945,-3.1098,9.3638,3.9985
40.956,-3.1098,9.3638,3.9985
40.964,-3.1166,9.3638,3.9985
40.973,-3.1166,9.3638,3.9985
40.981,-3.1166,9.3638,3.9985
40.991,-3.1234,9.3638,3.9985
41.003,-3.1302,9.3638,3.9985
41.013,-3.1302,9.3638,3.9985
41.022,-3.1302,9.3638,3.9985
41.030,-3.1370,9.3638,3.9985
41.038,-3.1370,9.3638,3.9985
41.047,-3.1438,9.3638,3.9985
41.056,-3.1438,9.3638,3.9985
41.064,-3.1506,9.3638,3.9985
41.075,-3.1506,9.3638,3.9985
41.083,-3.1574,9.3638,3.9985
41.094,-3.1574,9.3638,3.9985
41.100,-3.1574,9.3638,3.9985
41.110,-3.1642,9.3638,3.9985
41.120,-3.1642,9.3638,3.9985
41.128,-3.1710,9.3638,3.9985
41.138,-3.1710,9.3638,3.9985
41.146,-3.1778,9.3638,3.9985
41.156,-3.1778,9.3638,3.9985
41.164,-3.1846,9.3638,3.9985
41.174,-3.1846,9.3638,3.9985
41.180,-3.1846,9.3638,3.9985
41.190,-3.1914,9.3638,3.9985
41.199,-3.1914,9.3638,3.9985
41.208,-3.1982,9.3638,3.9985
41.217,-3.1982,9.3638,3.9985
41.225,-3.2050,9.3638,3.9985
41.235,-3.2050,9.3638,3.9985
41.242,-3.2118,9.3638,3.9985
41.252,-3.2118,9.3638,3.9985
41.260,-3.2118,9.3638,3.9985
41.268,-3.2185,9.3638,3.9985
41.277,-3.2185,9.3638,3.9985
41.287,-3.2253,9.3638,3.9985
41.296,-3.2253,9.3638,3.9985
41.304,-3.2321,9.3638,3.9985
41.315,-3.2321,9.3638,3.9985
41.323,-3.2389,9.3638,3.9985
41.334,-3.2389,9.3638,3.9985
41.342,-3.2389,9.3638,3.9985
41.351,-3.2457,9.3638,3.9985
41.360,-3.2457,9.3638,3.9985
41.368,-3.2524,9.3638,3.9985
41.379,-3.2524,9.3638,3.9985
41.387,-3.2592,9.3638,3.9985
41.397,-3.2592,9.3638,3.9985
41.408,-3.2660,9.3638,3.9985
41.416,-3.2660,9.3638,3.9985
41.426,-3.2727,9.3638,3.9985
41.436,-3.2727,9.3638,3.9985
41.444,-3.2795,9.3638,3.9985
41.455,-3.2795,9.3638,3.9985
41.463,-3.2863,9.3638,3.9985
41.473,-3.2863,9.3638,3.9985
41.480,-3.2863,9.3638,3.9985
41.491,-3.2930,9.3638,3.9985
41.501,-3.2930,9.3638,3.9985
41.510,-3.2998,9.3638,3.9985
41.520,-3.2998,9.3638,3.9985
41.529,-3.3065,9.3638,3.9985
41.538,-3.3065,9.3638,3.9985
41.547,-3.3133,9.3638,3.9985
41.559,-3.3133,9.3638,3.9985
41.567,-3.3200,9.3638,3.9985
41.577,-3.3200,9.3638,3.9985
41.587,-3.3267,9.3638,3.9985
41.596,-3.3267,9.3638,3.9985
41.605,-3.3335,9.3638,3.9985
41.617,-3.3335,9.3638,3.9985
41.626,-3.3402,9.3638,3.9985
41.636,-3.3402,9.3638,3.9985
41.644,-3.3469,9.3638,3.9985
41.655,-3.3469,9.3638,3.9985
41.663,-3.3536,9.3638,3.9985
41.673,-3.3536,9.3638,3.9985
41.682,-3.3604,9.3638,3.9985
41.693,-3.3604,9.3638,3.9985
41.701,-3.3604,9.3638,3.9985
41.711,-3.3671,9.3638,3.9985
41.722,-3.3738,9.3638,3.9985
41.732,-3.3738,9.3638,3.9985
41.741,-3.3738,9.3638,3.9985
41.749,-3.3805,9.3638,3.9985
41.759,-3.3805,9.3638,3.9985
41.769,-3.3872,9.3638,3.9985
41.779,-3.3872,9.3638,3.9985
41.788,-3.3939,9.3638,3.9985
41.798,-3.3939,9.3638,3.9985
41.807,-3.4006,9.3638,3.9985
41.817,-3.4006,9.3638,3.9985
41.827,-3.4074,9.3638,3.9985
41.838,-3.4074,9.3638,3.9985
41.846,-3.4141,9.3638,3.9985
41.858,-3.4141,9.3638,3.9985
41.866,-3.4208,9.3638,3.9985
41.876,-3.4208,9.3638,3.9985
41.885,-3.4275,9.3638,3.9985
41.896,-3.4275,9.3638,3.9985
41.905,-3.4342,9.3638,3.9985
41.916,-3.4342,9.3638,3.9985
41.924,-3.4409,9.3638,3.9985
41.935,-3.4409,9.3638,3.9985
41.943,-3.4476,9.3638,3.9985
41.955,-3.4476,9.3638,3.9985
41.963,-3.4543,9.3638,3.9985
41.973,-3.4543,9.3638,3.9985
41.982,-3.4609,9.3638,3.9985
41.992,-3.4609,9.3638,3.9985
42.000,-3.4609,9.3638,3.9985
42.011,-3.4674,9.3638,3.9985
42.021,-3.4674,9.3638,3.9985
42.028,-3.4740,9.3638,3.9985
42.039,-3.4740,9.3638,3.9985
42.046,-3.4805,9.3638,3.9985
42.057,-3.4805,9.3638,3.9985
42.064,-3.4870,9.3638,3.9985
42.075,-3.4870,9.3638,3.9985
42.082,-3.4936,9.3638,3.9985
42.092,-3.4936,9.3638,3.9985
42.101,-3.4936,9.3638,3.9985
42.110,-3.5001,9.3638,3.9985
42.119,-3.5001,9.3638,3.9985
42.126,-3.5066,9.3638,3.9985
42.136,-3.5066,9.3638,3.9985
42.144,-3.5132,9.3638,3.9985
42.154,-3.5132,9.3638,3.9985
42.162,-3.5197,9.3638,3.9985
42.172,-3.5197,9.3638,3.9985
42.180,-3.5197,9.3638,3.9985
42.188,-3.5263,9.3638,3.9985
42.198,-3.5263,9.3638,3.9985
42.206,-3.5329,9.3638,3.9985
42.215,-3.5329,9.3638,3.9985
42.224,-3.5394,9.3638,3.9985
42.234,-3.5394,9.3638,3.9985
42.242,-3.5460,9.3638,3.9985
42.252,-3.5460,9.3638,3.9985
42.261,-3.5460,9.3638,3.9985
42.267,-3.5526,9.3638,3.9985
42.276,-3.5526,9.3638,3.9985
42.286,-3.5591,9.3638,3.9985
42.296,-3.5591,9.3638,3.9985
42.304,-3.5657,9.3638,3.9985
42.314,-3.5657,9.3638,3.9985
42.323,-3.5723,9.3638,3.9985
42.331,-3.5723,9.3638,3.9985
42.340,-3.5723,9.3638,3.9985
42.349,-3.5788,9.3638,3.9985
42.358,-3.5788,9.3638,3.9985
42.366,-3.5854,9.3638,3.9985
42.376,-3.5854,9.3638,3.9985
42.384,-3.5919,9.3638,3.9985
42.394,-3.5919,9.3638,3.9985
42.402,-3.5985,9.3638,3.9985
42.412,-3.5985,9.3638,3.9985
42.422,-3.6050,9.3638,3.9985
42.430,-3.6050,9.3638,3.9985
42.440,-3.6050,9.3638,3.9985
42.447,-3.6115,9.3638,3.9985
42.457,-3.6115,9.3638,3.9985
42.465,-3.6180,9.3638,3.9985
42.474,-3.6180,9.3638,3.9985
42.482,-3.6245,9.3638,3.9985
42.493,-3.6245,9.3638,3.9985
42.502,-3.6245,9.3638,3.9985
42.510,-3.6309,9.3638,3.9985
42.520,-3.6309,9.3638,3.9985
42.528,-3.6373,9.3638,3.9985
42.536,-3.6373,9.3638,3.9985
42.544,-3.6437,9.3638,3.9985
42.554,-3.6437,9.3638,3.9985
42.562,-3.6500,9.3638,3.9985
42.572,-3.6500,9.3638,3.9985
42.580,-3.6500,9.3638,3.9985
42.590,-3.6563,9.3638,3.9985
42.599,-3.6563,9.3638,3.9985
42.607,-3.6625,9.3638,3.9985
42.617,-3.6625,9.3638,3.9985
42.625,-3.6687,9.3638,3.9985
42.634,-3.6687,9.3638,3.9985
42.643,-3.6749,9.3638,3.9985
42.654,-3.6749,9.3638,3.9985
42.663,-3.6810,9.3638,3.9985
42.673,-3.6810,9.3638,3.9985
42.682,-3.6870,9.3638,3.9985
42.693,-3.6870,9.3638,3.9985
42.701,-3.6870,9.3638,3.9985
42.711,-3.6929,9.3638,3.9985
42.721,-3.6929,9.3638,3.9985
42.730,-3.6988,9.3638,3.9985
42.741,-3.6988,9.3638,3.9985
42.749,-3.7045,9.3638,3.9985
42.760,-3.7045,9.3638,3.9985
42.769,-3.7103,9.3638,3.9985
42.778,-3.7103,9.3638,3.9985
42.789,-3.7159,9.3638,3.9985
42.799,-3.7159,9.3638,3.9985
42.808,-3.7215,9.3638,3.9985
42.818,-3.7215,9.3638,3.9985
42.826,-3.7271,9.3638,3.9985
42.837,-3.7271,9.3638,3.9985
42.847,-3.7327,9.3638,3.9985
42.857,-3.7327,9.3638,3.9985
42.866,-3.7382,9.3638,3.9985
42.877,-3.7382,9.3638,3.9985
42.887,-3.7438,9.3638,3.9985
42.896,-3.7438,9.3638,3.9985
42.904,-3.7493,9.3638,3.9985
42.916,-3.7493,9.3638,3.9985
42.923,-3.7549,9.3638,3.9985
42.933,-3.7549,9.3638,3.9985
42.941,-3.7549,9.3638,3.9985
42.952,-3.7604,9.3638,3.9985
42.963,-3.7659,9.3638,3.9985
42.973,-3.7659,9.3638,3.9985
42.982,-3.7715,9.3638,3.9985
42.992,-3.7715,9.3638,3.9985
43.010,-3.7770,9.3638,3.9985
43.021,-3.7770,9.3638,3.9985
43.029,-3.7825,9.3638,3.9985
43.040,-3.7825,9.3638,3.9985
43.048,-3.7880,9.3638,3.9985
43.058,-3.7880,9.3638,3.9985
43.066,-3.7936,9.3638,3.9985
43.076,-3.7936,9.3638,3.9985
43.084,-3.7991,9.3638,3.9985
43.095,-3.7991,9.3638,3.9985
43.104,-3.8046,9.3638,3.9985
43.114,-3.8046,9.3638,3.9985
43.123,-3.8101,9.3638,3.9985
43.132,-3.8101,9.3638,3.9985
43.140,-3.8101,9.3638,3.9985
43.149,-3.8156,9.3638,3.9985
43.159,-3.8156,9.3638,3.9985
43.167,-3.8210,9.3638,3.9985
43.176,-3.8210,9.3638,3.9985
43.186,-3.8237,9.3638,3.9985
43.197,-3.8237,9.3638,3.9985
43.205,-3.8264,9.3638,3.9985
43.214,-3.8264,9.3638,3.9985
43.223,-3.8291,9.3638,3.9985
43.231,-3.8291,9.3638,3.9985
43.238,-3.8291,9.3638,3.9985
43.245,-3.8317,9.3638,3.9985
43.254,-3.8317,9.3638,3.9985
43.262,-3.8343,9.3638,3.9985
43.271,-3.8343,9.3638,3.9985
43.280,-3.8343,9.3638,3.9985
43.287,-3.8368,9.3638,3.9985
43.296,-3.8368,9.3638,3.9985
43.303,-3.8394,9.3638,3.9985
43.314,-3.8394,9.3638,3.9985
43.322,-3.8394,9.3638,3.9985
43.330,-3.8418,9.3638,3.9985
43.340,-3.8418,9.3638,3.9985
43.347,-3.8443,9.3638,3.9985
43.356,-3.8443,9.3638,3.9985
43.363,-3.8468,9.3638,3.9985
43.373,-3.8468,9.3638,3.9985
43.382,-3.8493,9.3638,3.9985
43.391,-3.8493,9.3638,3.9985
43.398,-3.8493,9.3638,3.9985
43.407,-3.8518,9.3638,3.9985
43.415,-3.8518,9.3638,3.9985
43.423,-3.8543,9.3638,3.9985
43.432,-3.8543,9.3638,3.9985
43.440,-3.8543,9.3638,3.9985
43.447,-3.8567,9.3638,3.9985
43.457,-3.8567,9.3638,3.9985
43.464,-3.8592,9.3638,3.9985
43.475,-3.8592,9.3638,3.9985
43.483,-3.8617,9.3638,3.9985
43.493,-3.8617,9.3638,3.9985
43.501,-3.8617,9.3638,3.9985
43.509,-3.8642,9.3638,3.9985
43.519,-3.8642,9.3638,3.9985
43.526,-3.8666,9.3638,3.9985
43.535,-3.8666,9.3638,3.9985
43.542,-3.8691,9.3638,3.9985
43.552,-3.8691,9.3638,3.9985
43.560,-3.8691,9.3638,3.9985
43.567,-3.8716,9.3638,3.9985
43.577,-3.8716,9.3638,3.9985
43.585,-3.8740,9.3638,3.9985
43.594,-3.8740,9.3638,3.9985
43.602,-3.8765,9.3638,3.9985
43.612,-3.8765,9.3638,3.9985
43.620,-3.8765,9.3638,3.9985
43.628,-3.8790,9.3638,3.9985
43.637,-3.8790,9.3638,3.9985
43.646,-3.8815,9.3638,3.9985
43.656,-3.8815,9.3638,3.9985
43.664,-3.8839,9.3638,3.9985
43.675,-3.8839,9.3638,3.9985
43.682,-3.8864,9.3638,3.9985
43.693,-3.8864,9.3638,3.9985
43.702,-3.8889,9.3638,3.9985
43.711,-3.8889,9.3638,3.9985
43.720,-3.8889,9.3638,3.9985
43.728,-3.8914,9.3638,3.9985
43.738,-3.8914,9.3638,3.9985
43.745,-3.8939,9.3638,3.9985
43.755,-3.8939,9.3638,3.9985
43.763,-3.8963,9.3638,3.9985
43.772,-3.8963,9.3638,3.9985
43.779,-3.8963,9.3638,3.9985
43.787,-3.8988,9.3638,3.9985
43.796,-3.8988,9.3638,3.9985
43.803,-3.9013,9.3638,3.9985
43.812,-3.9013,9.3638,3.9985
43.820,-3.9013,9.3638,3.9985
43.827,-3.9038,9.3638,3.9985
43.835,-3.9038,9.3638,3.9985
43.843,-3.9063,9.3638,3.9985
43.852,-3.9063,9.3638,3.9985
43.860,-3.9063,9.3638,3.9985
43.868,-3.9088,9.3638,3.9985
43.877,-3.9088,9.3638,3.9985
43.885,-3.9113,9.3638,3.9985
43.894,-3.9113,9.3638,3.9985
43.901,-3.9113,9.3638,3.9985
43.909,-3.9137,9.3638,3.9985
43.918,-3.9137,9.3638,3.9985
43.927,-3.9162,9.3638,3.9985
43.936,-3.9162,9.3638,3.9985
43.945,-3.9187,9.3638,3.9985
43.955,-3.9187,9.3638,3.9985
43.962,-3.9212,9.3638,3.9985
43.973,-3.9212,9.3638,3.9985
43.980,-3.9212,9.3638,3.9985
43.989,-3.9237,9.3638,3.9985
43.998,-3.9237,9.3638,3.9985
44.007,-3.9262,9.3638,3.9985
44.017,-3.9262,9.3638,3.9985
44.026,-3.9287,9.3638,3.9985
44.036,-3.9287,9.3638,3.9985
44.044,-3.9311,9.3638,3.9985
44.055,-3.9311,9.3638,3.9985
44.063,-3.9336,9.3638,3.9985
44.073,-3.9336,9.3638,3.9985
44.080,-3.9336,9.3638,3.9985
44.089,-3.9361,9.3638,3.9985
44.099,-3.9361,9.3638,3.9985
44.108,-3.9386,9.3638,3.9985
44.118,-3.9386,9.3638,3.9985
44.127,-3.9411,9.3638,3.9985
44.138,-3.9411,9.3638,3.9985
44.148,-3.9436,9.3638,3.9985
44.159,-3.9436,9.3638,3.9985
44.168,-3.9461,9.3638,3.9985
44.178,-3.9461,9.3638,3.9985
44.188,-3.9486,9.3638,3.9985
44.197,-3.9486,9.3638,3.9985
44.205,-3.9510,9.3638,3.9985
44.215,-3.9510,9.3638,3.9985
44.224,-3.9535,9.3638,3.9985
44.233,-3.9535,9.3638,3.9985
44.241,-3.9535,9.3638,3.9985
44.251,-3.9559,9.3638,3.9985
44.260,-3.9559,9.3638,3.9985
44.269,-3.9583,9.3638,3.9985
44.279,-3.9583,9.3638,3.9985
44.288,-3.9607,9.3638,3.9985
44.299,-3.9607,9.3638,3.9985
44.308,-3.9630,9.3638,3.9985
44.317,-3.9630,9.3638,3.9985
44.327,-3.9652,9.3638,3.9985
44.337,-3.9652,9.3638,3.9985
44.347,-3.9672,9.3638,3.9985
44.358,-3.9672,9.3638,3.9985
44.366,-3.9692,9.3638,3.9985
44.376,-3.9692,9.3638,3.9985
44.384,-3.9702,9.3638,3.9985
44.395,-3.9702,9.3638,3.9985
44.402,-3.9711,9.3638,3.9985
44.412,-3.9711,9.3638,3.9985
44.421,-3.9711,9.3638,3.9985
44.430,-3.9719,9.3638,3.9985
44.440,-3.9719,9.3638,3.9985
44.449,-3.9727,9.3638,3.9985
44.460,-3.9727,9.3638,3.9985
44.469,-3.9735,9.3638,3.9985
44.479,-3.9735,9.3638,3.9985
44.489,-3.9742,9.3638,3.9985
44.499,-3.9742,9.3638,3.9985
44.507,-3.9749,9.3638,3.9985
44.519,-3.9749,9.3638,3.9985
44.528,-3.9755,9.3638,3.9985
44.537,-3.9755,9.3638,3.9985
44.545,-3.9757,9.3638,3.9985
44.556,-3.9757,9.3638,3.9985
44.564,-3.9759,9.3638,3.9985
44.573,-3.9759,9.3638,3.9985
44.581,-3.9759,9.3638,3.9985
44.590,-3.9761,9.3638,3.9985
44.598,-3.9761,9.3638,3.9985
44.607,-3.9763,9.3638,3.9985
44.616,-3.9763,9.3638,3.9985
44.625,-3.9764,9.3638,3.9985
44.634,-3.9764,9.3638,3.9985
44.644,-3.9765,9.3638,3.9985
44.656,-3.9765,9.3638,3.9985
44.664,-3.9766,9.3638,3.9985
44.674,-3.9766,9.3638,3.9985
44.681,-3.9766,9.3638,3.9985
44.691,-3.9766,9.3638,3.9985
44.699,-3.9766,9.3638,3.9985
44.707,-3.9766,9.3638,3.9985
44.714,-3.9766,9.3638,3.9985
44.723,-3.9766,9.3638,3.9985
44.731,-3.9766,9.3638,3.9985
44.739,-3.9766,9.3638,3.9985
44.746,-3.9766,9.3638,3.9985
44.757,-3.9766,9.3638,3.9985
44.764,-3.9766,9.3638,3.9985
44.772,-3.9766,9.3638,3.9985
44.779,-3.9766,9.3638,3.9985
44.787,-3.9766,9.3638,3.9985
44.796,-3.9766,9.3638,3.9985
44.803,-3.9766,9.3638,3.9985
44.811,-3.9766,9.3638,3.9985
44.819,-3.9766,9.3638,3.9985
44.827,-3.9766,9.3638,3.9985
44.834,-3.9766,9.3638,3.9985
44.841,-3.9766,9.3638,3.9985
44.850,-3.9766,9.3638,3.9985
44.858,-3.9766,9.3638,3.9985
44.866,-3.9767,9.3638,3.9985
44.875,-3.9767,9.3638,3.9985
44.882,-3.9768,9.3638,3.9985
44.893,-3.9768,9.3638,3.9985
44.900,-3.9768,9.3638,3.9985
44.908,-3.9769,9.3638,3.9985
44.918,-3.9769,9.3638,3.9985
44.927,-3.9770,9.3638,3.9985
44.936,-3.9770,9.3638,3.9985
44.946,-3.9772,9.3638,3.9985
44.958,-3.9772,9.3638,3.9985
44.966,-3.9773,9.3638,3.9985
44.976,-3.9773,9.3638,3.9985
44.984,-3.9775,9.3638,3.9985
44.994,-3.9775,9.3638,3.9985
45.002,-3.9777,9.3638,3.9985
45.011,-3.9777,9.3638,3.9985
45.019,-3.9777,9.3638,3.9985
45.027,-3.9779,9.3638,3.9985
45.036,-3.9779,9.3638,3.9985
45.043,-3.9781,9.3638,3.9985
45.054,-3.9781,9.3638,3.9985
45.062,-3.9784,9.3638,3.9985
45.072,-3.9784,9.3638,3.9985
45.080,-3.9784,9.3638,3.9985
45.088,-3.9790,9.3638,3.9985
45.097,-3.9790,9.3638,3.9985
45.104,-3.9795,9.3638,3.9985
45.114,-3.9795,9.3638,3.9985
45.122,-3.9801,9.3638,3.9985
45.130,-3.9801,9.3638,3.9985
45.137,-3.9801,9.3638,3.9985
45.145,-3.9807,9.3638,3.9985
45.155,-3.9807,9.3638,3.9985
45.163,-3.9813,9.3638,3.9985
45.172,-3.9813,9.3638,3.9985
45.178,-3.9813,9.3638,3.9985
45.188,-3.9818,9.3638,3.9985
45.196,-3.9818,9.3638,3.9985
45.205,-3.9824,9.3638,3.9985
45.215,-3.9824,9.3638,3.9985
45.224,-3.9830,9.3638,3.9985
45.232,-3.9830,9.3638,3.9985
45.242,-3.9830,9.3638,3.9985
45.249,-3.9836,9.3638,3.9985
45.259,-3.9836,9.3638,3.9985
45.268,-3.9841,9.3638,3.9985
45.278,-3.9841,9.3638,3.9985
45.288,-3.9847,9.3638,3.9985
45.297,-3.9847,9.3638,3.9985
45.307,-3.9853,9.3638,3.9985
45.317,-3.9853,9.3638,3.9985
45.326,-3.9859,9.3638,3.9985
45.336,-3.9859,9.3638,3.9985
45.344,-3.9864,9.3638,3.9985
45.356,-3.9864,9.3638,3.9985
45.365,-3.9870,9.3638,3.9985
45.374,-3.9870,9.3638,3.9985
45.383,-3.9876,9.3638,3.9985
45.394,-3.9876,9.3638,3.9985
45.401,-3.9876,9.3638,3.9985
45.410,-3.9882,9.3638,3.9985
45.419,-3.9882,9.3638,3.9985
45.429,-3.9888,9.3638,3.9985
45.437,-3.9888,9.3638,3.9985
45.447,-3.9894,9.3638,3.9985
45.457,-3.9894,9.3638,3.9985
45.463,-3.9900,9.3638,3.9985
45.473,-3.9900,9.3638,3.9985
45.480,-3.9900,9.3638,3.9985
45.489,-3.9906,9.3638,3.9985
45.497,-3.9906,9.3638,3.9985
45.505,-3.9912,9.3638,3.9985
45.515,-3.9912,9.3638,3.9985
45.525,-3.9919,9.3638,3.9985
45.533,-3.9919,9.3638,3.9985
45.542,-3.9919,9.3638,3.9985
45.550,-3.9925,9.3638,3.9985
45.560,-3.9925,9.3638,3.9985
45.567,-3.9931,9.3638,3.9985
45.577,-3.9931,9.3638,3.9985
45.590,-3.9938,9.3638,3.9985
45.605,-3.9944,9.3638,3.9985
45.615,-3.9944,9.3638,3.9985
45.622,-3.9950,9.3638,3.9985
45.631,-3.9950,9.3638,3.9985
45.639,-3.9950,9.3638,3.9985
45.648,-3.9956,9.3638,3.9985
45.658,-3.9956,9.3638,3.9985
45.666,-3.9962,9.3638,3.9985
45.676,-3.9962,9.3638,3.9985
45.685,-3.9968,9.3638,3.9985
45.695,-3.9968,9.3638,3.9985
45.703,-3.9970,9.3638,3.9985
45.713,-3.9970,9.3638,3.9985
45.723,-3.9972,9.3638,3.9985
45.732,-3.9972,9.3638,3.9985
45.741,-3.9972,9.3638,3.9985
45.750,-3.9974,9.3638,3.9985
45.761,-3.9974,9.3638,3.9985
45.769,-3.9976,9.3638,3.9985
45.778,-3.9976,9.3638,3.9985
45.786,-3.9977,9.3638,3.9985
45.795,-3.9977,9.3638,3.9985
45.802,-3.9979,9.3638,3.9985
45.811,-3.9979,9.3638,3.9985
45.820,-3.9979,9.3638,3.9985
45.827,-3.9980,9.3638,3.9985
45.837,-3.9980,9.3638,3.9985
45.845,-3.9981,9.3638,3.9985
45.854,-3.9981,9.3638,3.9985
45.863,-3.9981,9.3638,3.9985
45.872,-3.9981,9.3638,3.9985
45.880,-3.9981,9.3638,3.9985
45.888,-3.9981,9.3638,3.9985
45.897,-3.9981,9.3638,3.9985
45.905,-3.9981,9.3638,3.9985
45.913,-3.9981,9.3638,3.9985
45.923,-3.9981,9.3638,3.9985
45.931,-3.9981,9.3638,3.9985
45.941,-3.9981,9.3638,3.9985
45.948,-3.9981,9.3638,3.9985
45.957,-3.9981,9.3638,3.9985
45.964,-3.9981,9.3638,3.9985
45.974,-3.9981,9.3638,3.9985
45.981,-3.9981,9.3638,3.9985
45.990,-3.9981,9.3638,3.9985
45.999,-3.9981,9.3638,3.9985
46.009,-3.9981,9.3638,3.9985
46.016,-3.9981,9.3638,3.9985
46.025,-3.9981,9.3638,3.9985
46.033,-3.9981,9.3638,3.9985
46.041,-3.9981,9.3638,3.9985
46.049,-3.9981,9.3638,3.9985
46.059,-3.9981,9.3638,3.9985
46.067,-3.9981,9.3638,3.9985
46.076,-3.9981,9.3638,3.9985
46.085,-3.9981,9.3637,3.9985
46.096,-3.9981,9.3637,3.9985
46.104,-3.9981,9.3637,3.9985
46.114,-3.9981,9.3637,3.9985
46.124,-3.9981,9.3636,3.9985
46.133,-3.9981,9.3636,3.9985
46.141,-3.9981,9.3636,3.9985
46.151,-3.9981,9.3634,3.9985
46.163,-3.9981,9.3631,3.9985
46.172,-3.9981,9.3631,3.9985
46.181,-3.9981,9.3631,3.9985
46.190,-3.9981,9.3628,3.9985
46.199,-3.9981,9.3628,3.9985
46.207,-3.9981,9.3620,3.9985
46.215,-3.9981,9.3620,3.9985
46.225,-3.9981,9.3612,3.9985
46.232,-3.9981,9.3612,3.9985
46.241,-3.9981,9.3612,3.9985
46.248,-3.9981,9.3602,3.9985
46.258,-3.9981,9.3602,3.9985
46.265,-3.9981,9.3580,3.9985
46.274,-3.9981,9.3580,3.9985
46.282,-3.9981,9.3557,3.9985
46.292,-3.9981,9.3557,3.9985
46.300,-3.9981,9.3557,3.9985
46.308,-3.9981,9.3532,3.9985
46.317,-3.9981,9.3532,3.9985
46.324,-3.9981,9.3506,3.9985
46.333,-3.9981,9.3506,3.9985
46.340,-3.9981,9.3506,3.9985
46.347,-3.9981,9.3480,3.9985
46.358,-3.9981,9.3480,3.9985
46.366,-3.9981,9.3453,3.9985
46.375,-3.9981,9.3453,3.9985
46.382,-3.9981,9.3426,3.9985
46.392,-3.9981,9.3426,3.9985
46.399,-3.9981,9.3426,3.9985
46.408,-3.9981,9.3400,3.9985
46.416,-3.9981,9.3400,3.9985
46.425,-3.9981,9.3373,3.9985
46.434,-3.9981,9.3373,3.9985
46.443,-3.9981,9.3346,3.9985
46.454,-3.9981,9.3346,3.9985
46.461,-3.9981,9.3346,3.9985
46.470,-3.9981,9.3320,3.9985
46.480,-3.9981,9.3320,3.9985
46.489,-3.9981,9.3293,3.9985
46.498,-3.9981,9.3293,3.9985
46.506,-3.9981,9.3266,3.9985
46.517,-3.9981,9.3266,3.9985
46.524,-3.9981,9.3240,3.9985
46.533,-3.9981,9.3240,3.9985
46.542,-3.9981,9.3240,3.9985
46.550,-3.9981,9.3213,3.9985
46.559,-3.9981,9.3213,3.9985
46.567,-3.9981,9.3186,3.9985
46.576,-3.9981,9.3186,3.9985
46.584,-3.9981,9.3160,3.9985
46.594,-3.9981,9.3160,3.9985
46.602,-3.9981,9.3133,3.9985
46.612,-3.9981,9.3133,3.9985
46.620,-3.9981,9.3133,3.9985
46.629,-3.9981,9.3106,3.9985
46.639,-3.9981,9.3106,3.9985
46.648,-3.9981,9.3080,3.9985
46.658,-3.9981,9.3080,3.9985
46.666,-3.9981,9.3053,3.9985
46.676,-3.9981,9.3053,3.9985
46.684,-3.9981,9.3026,3.9985
46.695,-3.9981,9.3026,3.9985
46.702,-3.9981,9.3000,3.9985
46.712,-3.9981,9.3000,3.9985
46.719,-3.9981,9.3000,3.9985
46.727,-3.9981,9.2973,3.9985
46.736,-3.9981,9.2973,3.9985
46.744,-3.9981,9.2946,3.9985
46.754,-3.9981,9.2946,3.9985
46.761,-3.9981,9.2946,3.9985
46.770,-3.9981,9.2920,3.9985
46.777,-3.9981,9.2920,3.9985
46.787,-3.9981,9.2893,3.9985
46.795,-3.9981,9.2893,3.9985
46.804,-3.9981,9.2866,3.9985
46.814,-3.9981,9.2866,3.9985
46.822,-3.9981,9.2840,3.9985
46.832,-3.9981,9.2840,3.9985
46.840,-3.9981,9.2840,3.9985
46.849,-3.9981,9.2813,3.9985
46.860,-3.9981,9.2813,3.9985
46.868,-3.9981,9.2786,3.9985
46.877,-3.9981,9.2786,3.9985
46.885,-3.9981,9.2760,3.9985
46.894,-3.9981,9.2760,3.9985
46.902,-3.9981,9.2733,3.9985
46.912,-3.9981,9.2733,3.9985
46.920,-3.9981,9.2733,3.9985
46.928,-3.9981,9.2706,3.9985
46.939,-3.9981,9.2706,3.9985
46.946,-3.9981,9.2680,3.9985
46.957,-3.9981,9.2680,3.9985
46.965,-3.9981,9.2653,3.9985
46.974,-3.9981,9.2653,3.9985
46.982,-3.9981,9.2626,3.9985
46.993,-3.9981,9.2626,3.9985
47.001,-3.9981,9.2626,3.9985
47.009,-3.9981,9.2600,3.9985
47.019,-3.9981,9.2600,3.9985
47.027,-3.9981,9.2573,3.9985
47.035,-3.9981,9.2573,3.9985
47.042,-3.9981,9.2573,3.9985
47.049,-3.9981,9.2546,3.9985
47.060,-3.9981,9.2546,3.9985
47.067,-3.9981,9.2520,3.9985
47.075,-3.9981,9.2520,3.9985
47.083,-3.9981,9.2493,3.9985
47.093,-3.9981,9.2493,3.9985
47.100,-3.9981,9.2493,3.9985
47.107,-3.9981,9.2466,3.9985
47.117,-3.9981,9.2466,3.9985
47.126,-3.9981,9.2440,3.9985
47.134,-3.9981,9.2440,3.9985
47.143,-3.9981,9.2413,3.9985
47.152,-3.9981,9.2413,3.9985
47.160,-3.9981,9.2413,3.9985
47.167,-3.9981,9.2386,3.9985
47.177,-3.9981,9.2386,3.9985
47.184,-3.9981,9.2360,3.9985
47.194,-3.9981,9.2360,3.9985
47.201,-3.9981,9.2360,3.9985
47.210,-3.9981,9.2333,3.9985
47.220,-3.9981,9.2333,3.9985
47.227,-3.9981,9.2306,3.9985
47.236,-3.9981,9.2306,3.9985
47.244,-3.9981,9.2280,3.9985
47.254,-3.9981,9.2280,3.9985
47.262,-3.9981,9.2280,3.9985
47.269,-3.9981,9.2253,3.9985
47.278,-3.9981,9.2253,3.9985
47.286,-3.9981,9.2226,3.9985
47.294,-3.9981,9.2226,3.9985
47.303,-3.9981,9.2200,3.9985
47.310,-3.9981,9.2200,3.9985
47.318,-3.9981,9.2200,3.9985
47.326,-3.9981,9.2173,3.9985
47.336,-3.9981,9.2173,3.9985
47.342,-3.9981,9.2146,3.9985
47.352,-3.9981,9.2146,3.9985
47.360,-3.9981,9.2146,3.9985
47.367,-3.9981,9.2120,3.9985
47.376,-3.9981,9.2120,3.9985
47.385,-3.9981,9.2093,3.9985
47.395,-3.9981,9.2093,3.9985
47.401,-3.9981,9.2093,3.9985
47.409,-3.9981,9.2066,3.9985
47.418,-3.9981,9.2066,3.9985
47.426,-3.9981,9.2040,3.9985
47.433,-3.9981,9.2040,3.9985
47.441,-3.9981,9.2040,3.9985
47.448,-3.9981,9.2013,3.9985
47.459,-3.9981,9.2013,3.9985
47.466,-3.9981,9.1986,3.9985
47.475,-3.9981,9.1986,3.9985
47.482,-3.9981,9.1960,3.9985
47.492,-3.9981,9.1960,3.9985
47.499,-3.9981,9.1960,3.9985
47.508,-3.9981,9.1933,3.9985
47.517,-3.9981,9.1933,3.9985
47.526,-3.9981,9.1906,3.9985
47.535,-3.9981,9.1906,3.9985
47.543,-3.9981,9.1880,3.9985
47.554,-3.9981,9.1880,3.9985
47.560,-3.9981,9.1880,3.9985
47.568,-3.9981,9.1853,3.9985
47.577,-3.9981,9.1853,3.9985
47.585,-3.9981,9.1826,3.9985
47.594,-3.9981,9.1826,3.9985
47.601,-3.9981,9.1826,3.9985
47.608,-3.9981,9.1800,3.9985
47.618,-3.9981,9.1800,3.9985
47.625,-3.9981,9.1773,3.9985
47.634,-3.9981,9.1773,3.9985
47.643,-3.9981,9.1746,3.9985
47.652,-3.9981,9.1746,3.9985
47.660,-3.9981,9.1746,3.9985
47.666,-3.9981,9.1720,3.9985
47.676,-3.9981,9.1720,3.9985
47.683,-3.9981,9.1693,3.9985
47.692,-3.9981,9.1693,3.9985
47.699,-3.9981,9.1693,3.9985
47.706,-3.9981,9.1666,3.9985
47.716,-3.9981,9.1666,3.9985
47.725,-3.9981,9.1640,3.9985
47.734,-3.9981,9.1640,3.9985
47.742,-3.9981,9.1613,3.9985
47.753,-3.9981,9.1613,3.9985
47.761,-3.9981,9.1613,3.9985
47.769,-3.9981,9.1586,3.9985
47.778,-3.9981,9.1586,3.9985
47.786,-3.9981,9.1560,3.9985
47.794,-3.9981,9.1560,3.9985
47.803,-3.9981,9.1533,3.9985
47.813,-3.9981,9.1533,3.9985
47.821,-3.9981,9.1533,3.9985
47.829,-3.9981,9.1506,3.9985
47.839,-3.9981,9.1506,3.9985
47.847,-3.9981,9.1480,3.9985
47.857,-3.9981,9.1480,3.9985
47.865,-3.9981,9.1453,3.9985
47.875,-3.9981,9.1453,3.9985
47.883,-3.9981,9.1426,3.9985
47.893,-3.9981,9.1426,3.9985
47.901,-3.9981,9.1426,3.9985
47.910,-3.9981,9.1400,3.9985
47.921,-3.9981,9.1400,3.9985
47.930,-3.9981,9.1373,3.9985
47.941,-3.9981,9.1373,3.9985
47.949,-3.9981,9.1346,3.9985
47.960,-3.9981,9.1346,3.9985
47.968,-3.9981,9.1320,3.9985
47.977,-3.9981,9.1320,3.9985
47.985,-3.9981,9.1293,3.9985
47.994,-3.9981,9.1293,3.9985
48.003,-3.9981,9.1266,3.9985
48.011,-3.9981,9.1266,3.9985
48.019,-3.9981,9.1266,3.9985
48.027,-3.9981,9.1240,3.9985
48.035,-3.9981,9.1240,3.9985
48.043,-3.9981,9.1213,3.9985
48.053,-3.9981,9.1213,3.9985
48.060,-3.9981,9.1213,3.9985
48.068,-3.9981,9.1186,3.9985
48.080,-3.9981,9.1186,3.9985
48.095,-3.9981,9.1160,3.9985
48.105,-3.9981,9.1133,3.9985
48.116,-3.9981,9.1133,3.9985
48.125,-3.9981,9.1106,3.9985
48.134,-3.9981,9.1106,3.9985
48.143,-3.9981,9.1080,3.9985
48.153,-3.9981,9.1080,3.9985
48.161,-3.9981,9.1080,3.9985
48.169,-3.9981,9.1053,3.9985
48.180,-3.9981,9.1053,3.9985
48.189,-3.9981,9.1026,3.9985
48.198,-3.9981,9.1026,3.9985
48.207,-3.9981,9.1000,3.9985
48.216,-3.9981,9.1000,3.9985
48.225,-3.9981,9.0973,3.9985
48.236,-3.9981,9.0973,3.9985
48.245,-3.9981,9.0946,3.9985
48.255,-3.9981,9.0946,3.9985
48.263,-3.9981,9.0920,3.9985
48.274,-3.9981,9.0920,3.9985
48.282,-3.9981,9.0893,3.9985
48.292,-3.9981,9.0893,3.9985
48.301,-3.9981,9.0893,3.9985
48.309,-3.9981,9.0866,3.9985
48.319,-3.9981,9.0866,3.9985
48.327,-3.9981,9.0840,3.9985
48.335,-3.9981,9.0840,3.9985
48.344,-3.9981,9.0813,3.9985
48.353,-3.9981,9.0813,3.9985
48.362,-3.9981,9.0813,3.9985
48.368,-3.9981,9.0786,3.9985
48.378,-3.9981,9.0786,3.9985
48.387,-3.9981,9.0760,3.9985
48.398,-3.9981,9.0760,3.9985
48.407,-3.9981,9.0733,3.9985
48.417,-3.9981,9.0733,3.9985
48.425,-3.9981,9.0706,3.9985
48.435,-3.9981,9.0706,3.9985
48.442,-3.9981,9.0680,3.9985
48.452,-3.9981,9.0680,3.9985
48.460,-3.9981,9.0680,3.9985
48.468,-3.9981,9.0653,3.9985
48.478,-3.9981,9.0653,3.9985
48.486,-3.9981,9.0626,3.9985
48.495,-3.9981,9.0626,3.9985
48.504,-3.9981,9.0600,3.9985
48.513,-3.9981,9.0600,3.9985
48.522,-3.9981,9.0573,3.9985
48.532,-3.9981,9.0573,3.9985
48.540,-3.9981,9.0573,3.9985
48.548,-3.9981,9.0546,3.9985
48.559,-3.9981,9.0546,3.9985
48.568,-3.9981,9.0520,3.9985
48.577,-3.9981,9.0520,3.9985
48.585,-3.9981,9.0493,3.9985
48.596,-3.9981,9.0493,3.9985
48.604,-3.9981,9.0466,3.9985
48.613,-3.9981,9.0466,3.9985
48.622,-3.9981,9.0466,3.9985
48.630,-3.9981,9.0440,3.9985
48.639,-3.9981,9.0440,3.9985
48.647,-3.9981,9.0413,3.9985
48.657,-3.9981,9.0413,3.9985
48.665,-3.9981,9.0386,3.9985
48.673,-3.9981,9.0386,3.9985
48.680,-3.9981,9.0386,3.9985
48.688,-3.9981,9.0360,3.9985
48.697,-3.9981,9.0360,3.9985
48.703,-3.9981,9.0333,3.9985
48.713,-3.9981,9.0333,3.9985
48.722,-3.9981,9.0306,3.9985
48.730,-3.9981,9.0306,3.9985
48.739,-3.9981,9.0306,3.9985
48.746,-3.9981,9.0280,3.9985
48.756,-3.9981,9.0280,3.9985
48.764,-3.9981,9.0253,3.9985
48.773,-3.9981,9.0253,3.9985
48.780,-3.9981,9.0253,3.9985
48.789,-3.9981,9.0226,3.9985
48.797,-3.9981,9.0226,3.9985
48.805,-3.9981,9.0200,3.9985
48.814,-3.9981,9.0200,3.9985
48.822,-3.9981,9.0173,3.9985
48.831,-3.9981,9.0173,3.9985
48.839,-3.9981,9.0173,3.9985
48.847,-3.9981,9.0146,3.9985
48.856,-3.9981,9.0146,3.9985
48.864,-3.9981,9.0120,3.9985
48.873,-3.9981,9.0120,3.9985
48.881,-3.9981,9.0120,3.9985
48.889,-3.9981,9.0093,3.9985
48.898,-3.9981,9.0093,3.9985
48.905,-3.9981,9.0066,3.9985
48.914,-3.9981,9.0066,3.9985
48.921,-3.9981,9.0066,3.9985
48.930,-3.9981,9.0040,3.9985
48.940,-3.9981,9.0040,3.9985
48.947,-3.9981,9.0013,3.9985
48.959,-3.9981,9.0013,3.9985
48.966,-3.9981,8.9986,3.9985
48.976,-3.9981,8.9986,3.9985
48.983,-3.9981,8.9960,3.9985
48.995,-3.9981,8.9960,3.9985
49.004,-3.9981,8.9933,3.9985
49.013,-3.9981,8.9933,3.9985
49.022,-3.9981,8.9906,3.9985
49.030,-3.9981,8.9906,3.9985
49.038,-3.9981,8.9906,3.9985
49.046,-3.9981,8.9880,3.9985
49.058,-3.9981,8.9880,3.9985
49.065,-3.9981,8.9853,3.9985
49.074,-3.9981,8.9853,3.9985
49.083,-3.9981,8.9826,3.9985
49.093,-3.9981,8.9826,3.9985
49.101,-3.9981,8.9826,3.9985
49.110,-3.9981,8.9800,3.9985
49.119,-3.9981,8.9800,3.9985
49.128,-3.9981,8.9773,3.9985
49.138,-3.9981,8.9773,3.9985
49.146,-3.9981,8.9746,3.9985
49.157,-3.9981,8.9746,3.9985
49.164,-3.9981,8.9720,3.9985
49.174,-3.9981,8.9720,3.9985
49.183,-3.9981,8.9693,3.9985
49.193,-3.9981,8.9693,3.9985
49.201,-3.9981,8.9693,3.9985
49.210,-3.9981,8.9666,3.9985
49.220,-3.9981,8.9666,3.9985
49.229,-3.9981,8.9640,3.9985
49.239,-3.9981,8.9640,3.9985
49.246,-3.9981,8.9613,3.9985
49.257,-3.9981,8.9613,3.9985
49.264,-3.9981,8.9586,3.9985
49.273,-3.9981,8.9586,3.9985
49.281,-3.9981,8.9586,3.9985
49.290,-3.9981,8.9560,3.9985
49.298,-3.9981,8.9560,3.9985
49.307,-3.9981,8.9533,3.9985
49.318,-3.9981,8.9533,3.9985
49.326,-3.9981,8.9506,3.9985
49.334,-3.9981,8.9506,3.9985
49.342,-3.9981,8.9480,3.9985
49.354,-3.9981,8.9480,3.9985
49.362,-3.9981,8.9480,3.9985
49.368,-3.9981,8.9453,3.9985
49.378,-3.9981,8.9453,3.9985
49.385,-3.9981,8.9426,3.9985
49.396,-3.9981,8.9426,3.9985
49.404,-3.9981,8.9400,3.9985
49.415,-3.9981,8.9400,3.9985
49.424,-3.9981,8.9373,3.9985
49.433,-3.9981,8.9373,3.9985
49.442,-3.9981,8.9346,3.9985
49.452,-3.9981,8.9346,3.9985
49.461,-3.9981,8.9346,3.9985
49.469,-3.9981,8.9320,3.9985
49.478,-3.9981,8.9320,3.9985
49.488,-3.9981,8.9293,3.9985
49.497,-3.9981,8.9293,3.9985
49.506,-3.9981,8.9266,3.9985
49.516,-3.9981,8.9266,3.9985
49.526,-3.9981,8.9240,3.9985
49.538,-3.9981,8.9240,3.9985
49.546,-3.9981,8.9213,3.9985
49.557,-3.9981,8.9213,3.9985
49.565,-3.9981,8.9186,3.9985
49.574,-3.9981,8.9186,3.9985
49.583,-3.9981,8.9160,3.9985
49.593,-3.9981,8.9160,3.9985
49.602,-3.9981,8.9133,3.9985
49.612,-3.9981,8.9133,3.9985
49.621,-3.9981,8.9133,3.9985
49.630,-3.9981,8.9106,3.9985
49.639,-3.9981,8.9106,3.9985
49.647,-3.9981,8.9080,3.9985
49.657,-3.9981,8.9080,3.9985
49.664,-3.9981,8.9053,3.9985
49.673,-3.9981,8.9053,3.9985
49.681,-3.9981,8.9053,3.9985
49.690,-3.9981,8.9026,3.9985
49.699,-3.9981,8.9026,3.9985
49.707,-3.9981,8.9000,3.9985
49.717,-3.9981,8.9000,3.9985
49.725,-3.9981,8.8973,3.9985
49.733,-3.9981,8.8973,3.9985
49.741,-3.9981,8.8973,3.9985
49.749,-3.9981,8.8946,3.9985
49.760,-3.9981,8.8946,3.9985
49.768,-3.9981,8.8920,3.9985
49.778,-3.9981,8.8920,3.9985
49.787,-3.9981,8.8893,3.9985
49.797,-3.9981,8.8893,3.9985
49.807,-3.9981,8.8866,3.9985
49.816,-3.9981,8.8866,3.9985
49.824,-3.9981,8.8840,3.9985
49.832,-3.9981,8.8840,3.9985
49.840,-3.9981,8.8840,3.9985
49.848,-3.9981,8.8813,3.9985
49.858,-3.9981,8.8813,3.9985
49.867,-3.9981,8.8786,3.9985
49.875,-3.9981,8.8786,3.9985
49.883,-3.9981,8.8760,3.9985
49.892,-3.9981,8.8760,3.9985
49.900,-3.9981,8.8760,3.9985
49.908,-3.9981,8.8733,3.9985
49.916,-3.9981,8.8733,3.9985
49.925,-3.9981,8.8706,3.9985
49.934,-3.9981,8.8706,3.9985
49.941,-3.9981,8.8706,3.9985
49.949,-3.9981,8.8680,3.9985
49.958,-3.9981,8.8680,3.9985
49.965,-3.9981,8.8653,3.9985
49.975,-3.9981,8.8653,3.9985
49.983,-3.9981,8.8626,3.9985
49.993,-3.9981,8.8626,3.9985
50.000,-3.9981,8.8626,3.9985
50.010,-3.9981,8.8600,3.9985
50.022,-3.9981,8.8600,3.9985
50.029,-3.9981,8.8573,3.9985
50.038,-3.9981,8.8573,3.9985
50.046,-3.9981,8.8546,3.9985
50.056,-3.9981,8.8546,3.9985
50.064,-3.9981,8.8520,3.9985
50.074,-3.9981,8.8520,3.9985
50.083,-3.9981,8.8493,3.9985
50.092,-3.9981,8.8493,3.9985
50.099,-3.9981,8.8493,3.9985
50.109,-3.9981,8.8466,3.9985
50.117,-3.9981,8.8466,3.9985
50.126,-3.9981,8.8440,3.9985
50.136,-3.9981,8.8440,3.9985
50.143,-3.9981,8.8413,3.9985
50.153,-3.9981,8.8413,3.9985
50.160,-3.9981,8.8413,3.9985
50.169,-3.9981,8.8386,3.9985
50.177,-3.9981,8.8386,3.9985
50.186,-3.9981,8.8360,3.9985
50.196,-3.9981,8.8360,3.9985
50.204,-3.9981,8.8333,3.9985
50.213,-3.9981,8.8333,3.9985
50.221,-3.9981,8.8333,3.9985
50.229,-3.9981,8.8306,3.9985
50.239,-3.9981,8.8306,3.9985
50.248,-3.9981,8.8280,3.9985
50.258,-3.9981,8.8280,3.9985
50.266,-3.9981,8.8253,3.9985
50.276,-3.9981,8.8253,3.9985
50.284,-3.9981,8.8226,3.9985
50.295,-3.9981,8.8226,3.9985
50.302,-3.9981,8.8200,3.9985
50.312,-3.9981,8.8200,3.9985
50.320,-3.9981,8.8200,3.9985
50.329,-3.9981,8.8173,3.9985
50.338,-3.9981,8.8173,3.9985
50.347,-3.9981,8.8146,3.9985
50.358,-3.9981,8.8146,3.9985
50.365,-3.9981,8.8120,3.9985
50.377,-3.9981,8.8120,3.9985
50.385,-3.9981,8.8093,3.9985
50.395,-3.9981,8.8093,3.9985
50.403,-3.9981,8.8066,3.9985
50.412,-3.9981,8.8066,3.9985
50.420,-3.9981,8.8066,3.9985
50.428,-3.9981,8.8040,3.9985
50.438,-3.9981,8.8040,3.9985
50.446,-3.9981,8.8013,3.9985
50.456,-3.9981,8.8013,3.9985
50.464,-3.9981,8.7986,3.9985
50.474,-3.9981,8.7986,3.9985
50.483,-3.9981,8.7960,3.9985
50.492,-3.9981,8.7960,3.9985
50.501,-3.9981,8.7960,3.9985
50.508,-3.9981,8.7933,3.9985
50.518,-3.9981,8.7933,3.9985
50.527,-3.9981,8.7906,3.9985
50.536,-3.9981,8.7906,3.9985
50.543,-3.9981,8.7880,3.9985
50.552,-3.9981,8.7880,3.9985
50.561,-3.9981,8.7880,3.9985
50.567,-3.9981,8.7853,3.9985
50.576,-3.9981,8.7853,3.9985
50.585,-3.9981,8.7826,3.9985
50.595,-3.9981,8.7826,3.9985
50.601,-3.9981,8.7826,3.9985
50.611,-3.9981,8.7800,3.9985
50.622,-3.9981,8.7800,3.9985
50.628,-3.9981,8.7773,3.9985
50.646,-3.9981,8.7746,3.9985
50.657,-3.9981,8.7746,3.9985
50.664,-3.9981,8.7720,3.9985
50.674,-3.9981,8.7720,3.9985
50.682,-3.9981,8.7693,3.9985
50.692,-3.9981,8.7693,3.9985
50.700,-3.9981,8.7693,3.9985
50.708,-3.9981,8.7666,3.9985
50.718,-3.9981,8.7666,3.9985
50.726,-3.9981,8.7640,3.9985
50.735,-3.9981,8.7640,3.9985
50.742,-3.9981,8.7613,3.9985
50.752,-3.9981,8.7613,3.9985
50.761,-3.9981,8.7613,3.9985
50.770,-3.9981,8.7586,3.9985
50.780,-3.9981,8.7586,3.9985
50.788,-3.9981,8.7560,3.9985
50.798,-3.9981,8.7560,3.9985
50.806,-3.9981,8.7533,3.9985
50.815,-3.9981,8.7533,3.9985
50.824,-3.9981,8.7506,3.9985
50.834,-3.9981,8.7506,3.9985
50.842,-3.9981,8.7506,3.9985
50.848,-3.9981,8.7480,3.9985
50.858,-3.9981,8.7480,3.9985
50.865,-3.9981,8.7453,3.9985
50.875,-3.9981,8.7453,3.9985
50.882,-3.9981,8.7426,3.9985
50.892,-3.9981,8.7426,3.9985
50.898,-3.9981,8.7426,3.9985
50.906,-3.9981,8.7400,3.9985
50.914,-3.9981,8.7400,3.9985
50.923,-3.9981,8.7373,3.9985
50.931,-3.9981,8.7373,3.9985
50.939,-3.9981,8.7373,3.9985
50.946,-3.9981,8.7346,3.9985
50.956,-3.9981,8.7346,3.9985
50.964,-3.9981,8.7320,3.9985
50.973,-3.9981,8.7320,3.9985
50.980,-3.9981,8.7320,3.9985
50.987,-3.9981,8.7293,3.9985
50.996,-3.9981,8.7293,3.9985
51.004,-3.9981,8.7266,3.9985
51.013,-3.9981,8.7266,3.9985
51.022,-3.9981,8.7266,3.9985
51.029,-3.9981,8.7240,3.9985
51.039,-3.9981,8.7240,3.9985
51.047,-3.9981,8.7213,3.9985
51.056,-3.9981,8.7213,3.9985
51.064,-3.9981,8.7186,3.9985
51.072,-3.9981,8.7186,3.9985
51.080,-3.9981,8.7186,3.9985
51.087,-3.9981,8.7160,3.9985
51.095,-3.9981,8.7160,3.9985
51.102,-3.9981,8.7133,3.9985
51.113,-3.9981,8.7133,3.9985
51.121,-3.9981,8.7133,3.9985
51.128,-3.9981,8.7106,3.9985
51.136,-3.9981,8.7106,3.9985
51.144,-3.9981,8.7080,3.9985
51.153,-3.9981,8.7080,3.9985
51.161,-3.9981,8.7080,3.9985
51.169,-3.9981,8.7053,3.9985
51.177,-3.9981,8.7053,3.9985
51.185,-3.9981,8.7026,3.9985
51.193,-3.9981,8.7026,3.9985
51.201,-3.9981,8.7026,3.9985
51.208,-3.9981,8.7000,3.9985
51.216,-3.9981,8.7000,3.9985
51.224,-3.9981,8.6973,3.9985
51.233,-3.9981,8.6973,3.9985
51.241,-3.9981,8.6973,3.9985
51.248,-3.9981,8.6946,3.9985
51.258,-3.9981,8.6946,3.9985
51.265,-3.9981,8.6920,3.9985
51.274,-3.9981,8.6920,3.9985
51.282,-3.9981,8.6920,3.9985
51.289,-3.9981,8.6893,3.9985
51.297,-3.9981,8.6893,3.9985
51.304,-3.9981,8.6866,3.9985
51.313,-3.9981,8.6866,3.9985
51.321,-3.9981,8.6866,3.9985
51.328,-3.9981,8.6840,3.9985
51.337,-3.9981,8.6840,3.9985
51.345,-3.9981,8.6813,3.9985
51.355,-3.9981,8.6813,3.9985
51.362,-3.9981,8.6786,3.9985
51.371,-3.9981,8.6786,3.9985
51.380,-3.9981,8.6786,3.9985
51.388,-3.9981,8.6760,3.9985
51.397,-3.9981,8.6760,3.9985
51.407,-3.9981,8.6733,3.9985
51.415,-3.9981,8.6733,3.9985
51.423,-3.9981,8.6706,3.9985
51.431,-3.9981,8.6706,3.9985
51.440,-3.9981,8.6706,3.9985
51.447,-3.9981,8.6680,3.9985
51.458,-3.9981,8.6680,3.9985
51.466,-3.9981,8.6653,3.9985
51.476,-3.9981,8.6653,3.9985
51.484,-3.9981,8.6626,3.9985
51.493,-3.9981,8.6626,3.9985
51.502,-3.9981,8.6600,3.9985
51.511,-3.9981,8.6600,3.9985
51.519,-3.9981,8.6600,3.9985
51.528,-3.9981,8.6573,3.9985
51.537,-3.9981,8.6573,3.9985
51.545,-3.9981,8.6546,3.9985
51.557,-3.9981,8.6546,3.9985
51.566,-3.9981,8.6520,3.9985
51.576,-3.9981,8.6520,3.9985
51.584,-3.9981,8.6493,3.9985
51.596,-3.9981,8.6493,3.9985
51.604,-3.9981,8.6466,3.9985
51.615,-3.9981,8.6466,3.9985
51.625,-3.9981,8.6440,3.9985
51.634,-3.9981,8.6440,3.9985
51.644,-3.9981,8.6413,3.9985
51.655,-3.9981,8.6413,3.9985
51.663,-3.9981,8.6386,3.9985
51.673,-3.9981,8.6386,3.9985
51.680,-3.9981,8.6386,3.9985
51.690,-3.9981,8.6360,3.9985
51.700,-3.9981,8.6360,3.9985
51.709,-3.9981,8.6333,3.9985
51.720,-3.9981,8.6333,3.9985
51.729,-3.9981,8.6306,3.9985
51.739,-3.9981,8.6306,3.9985
51.748,-3.9981,8.6280,3.9985
51.759,-3.9981,8.6280,3.9985
51.768,-3.9981,8.6253,3.9985
51.778,-3.9981,8.6253,3.9985
51.787,-3.9981,8.6226,3.9985
51.796,-3.9981,8.6226,3.9985
51.803,-3.9981,8.6200,3.9985
51.812,-3.9981,8.6200,3.9985
51.820,-3.9981,8.6200,3.9985
51.828,-3.9981,8.6173,3.9985
51.838,-3.9981,8.6173,3.9985
51.846,-3.9981,8.6146,3.9985
51.858,-3.9981,8.6146,3.9985
51.866,-3.9981,8.6120,3.9985
51.877,-3.9981,8.6120,3.9985
51.885,-3.9981,8.6093,3.9985
51.895,-3.9981,8.6093,3.9985
51.903,-3.9981,8.6066,3.9985
51.912,-3.9981,8.6066,3.9985
51.922,-3.9981,8.6040,3.9985
51.931,-3.9981,8.6040,3.9985
51.940,-3.9981,8.6040,3.9985
51.949,-3.9981,8.6013,3.9985
51.959,-3.9981,8.6013,3.9985
51.968,-3.9981,8.5986,3.9985
51.979,-3.9981,8.5986,3.9985
51.989,-3.9981,8.5960,3.9985
51.999,-3.9981,8.5960,3.9985
52.008,-3.9981,8.5933,3.9985
52.019,-3.9981,8.5933,3.9985
52.027,-3.9981,8.5906,3.9985
52.036,-3.9981,8.5906,3.9985
52.045,-3.9981,8.5880,3.9985
52.055,-3.9981,8.5880,3.9985
52.065,-3.9981,8.5853,3.9985
52.076,-3.9981,8.5853,3.9985
52.083,-3.9981,8.5826,3.9985
52.095,-3.9981,8.5826,3.9985
52.103,-3.9981,8.5800,3.9985
52.112,-3.9981,8.5800,3.9985
52.121,-3.9981,8.5800,3.9985
52.129,-3.9981,8.5773,3.9985
52.139,-3.9981,8.5773,3.9985
52.146,-3.9981,8.5746,3.9985
52.155,-3.9981,8.5746,3.9985
52.163,-3.9981,8.5720,3.9985
52.173,-3.9981,8.5720,3.9985
52.180,-3.9981,8.5720,3.9985
52.189,-3.9981,8.5693,3.9985
52.197,-3.9981,8.5693,3.9985
52.205,-3.9981,8.5666,3.9985
52.215,-3.9981,8.5666,3.9985
52.223,-3.9981,8.5640,3.9985
52.232,-3.9981,8.5640,3.9985
52.240,-3.9981,8.5640,3.9985
52.248,-3.9981,8.5613,3.9985
52.257,-3.9981,8.5613,3.9985
52.264,-3.9981,8.5586,3.9985
52.272,-3.9981,8.5586,3.9985
52.280,-3.9981,8.5586,3.9985
52.288,-3.9981,8.5560,3.9985
52.296,-3.9981,8.5560,3.9985
52.304,-3.9981,8.5533,3.9985
52.314,-3.9981,8.5533,3.9985
52.321,-3.9981,8.5533,3.9985
52.329,-3.9981,8.5506,3.9985
52.339,-3.9981,8.5506,3.9985
52.347,-3.9981,8.5480,3.9985
52.357,-3.9981,8.5480,3.9985
52.364,-3.9981,8.5453,3.9985
52.374,-3.9981,8.5453,3.9985
52.382,-3.9981,8.5426,3.9985
52.392,-3.9981,8.5426,3.9985
52.399,-3.9981,8.5426,3.9985
52.408,-3.9981,8.5400,3.9985
52.417,-3.9981,8.5400,3.9985
52.425,-3.9981,8.5373,3.9985
52.436,-3.9981,8.5373,3.9985
52.443,-3.9981,8.5346,3.9985
52.451,-3.9981,8.5346,3.9985
52.458,-3.9981,8.5346,3.9985
52.466,-3.9981,8.5320,3.9985
52.475,-3.9981,8.5320,3.9985
52.482,-3.9981,8.5293,3.9985
52.491,-3.9981,8.5293,3.9985
52.499,-3.9981,8.5293,3.9985
52.506,-3.9981,8.5266,3.9985
52.515,-3.9981,8.5266,3.9985
52.524,-3.9981,8.5240,3.9985
52.533,-3.9981,8.5240,3.9985
52.541,-3.9981,8.5240,3.9985
52.548,-3.9981,8.5213,3.9985
52.560,-3.9981,8.5213,3.9985
52.566,-3.9981,8.5186,3.9985
52.576,-3.9981,8.5186,3.9985
52.584,-3.9981,8.5160,3.9985
52.594,-3.9981,8.5160,3.9985
52.600,-3.9981,8.5160,3.9985
52.608,-3.9981,8.5133,3.9985
52.616,-3.9981,8.5133,3.9985
52.623,-3.9981,8.5106,3.9985
52.632,-3.9981,8.5106,3.9985
52.640,-3.9981,8.5106,3.9985
52.647,-3.9981,8.5080,3.9985
52.656,-3.9981,8.5080,3.9985
52.662,-3.9981,8.5053,3.9985
52.673,-3.9981,8.5053,3.9985
52.681,-3.9981,8.5053,3.9985
52.690,-3.9981,8.5026,3.9985
52.698,-3.9981,8.5026,3.9985
52.706,-3.9981,8.5000,3.9985
52.715,-3.9981,8.5000,3.9985
52.723,-3.9981,8.4973,3.9985
52.731,-3.9981,8.4973,3.9985
52.739,-3.9981,8.4973,3.9985
52.747,-3.9981,8.4946,3.9985
52.757,-3.9981,8.4946,3.9985
52.766,-3.9981,8.4920,3.9985
52.775,-3.9981,8.4920,3.9985
52.782,-3.9981,8.4893,3.9985
52.793,-3.9981,8.4893,3.9985
52.801,-3.9981,8.4893,3.9985
52.810,-3.9981,8.4866,3.9985
52.821,-3.9981,8.4866,3.9985
52.829,-3.9981,8.4840,3.9985
52.839,-3.9981,8.4840,3.9985
52.847,-3.9981,8.4813,3.9985
52.858,-3.9981,8.4813,3.9985
52.866,-3.9981,8.4786,3.9985
52.877,-3.9981,8.4786,3.9985
52.886,-3.9981,8.4760,3.9985
52.896,-3.9981,8.4760,3.9985
52.904,-3.9981,8.4733,3.9985
52.914,-3.9981,8.4733,3.9985
52.924,-3.9981,8.4706,3.9985
52.933,-3.9981,8.4706,3.9985
52.941,-3.9981,8.4706,3.9985
52.950,-3.9981,8.4680,3.9985
52.959,-3.9981,8.4680,3.9985
52.969,-3.9981,8.4653,3.9985
52.979,-3.9981,8.4653,3.9985
52.987,-3.9981,8.4626,3.9985
52.997,-3.9981,8.4626,3.9985
53.005,-3.9981,8.4600,3.9985
53.015,-3.9981,8.4600,3.9985
53.024,-3.9981,8.4573,3.9985
53.033,-3.9981,8.4573,3.9985
53.043,-3.9981,8.4546,3.9985
53.053,-3.9981,8.4546,3.9985
53.061,-3.9981,8.4546,3.9985
53.069,-3.9981,8.4520,3.9985
53.078,-3.9981,8.4520,3.9985
53.086,-3.9981,8.4493,3.9985
53.095,-3.9981,8.4493,3.9985
53.102,-3.9981,8.4466,3.9985
53.112,-3.9981,8.4466,3.9985
53.121,-3.9981,8.4466,3.9985
53.129,-3.9981,8.4440,3.9985
53.139,-3.9981,8.4440,3.9985
53.146,-3.9981,8.4413,3.9985
53.159,-3.9981,8.4413,3.9985
53.175,-3.9981,8.4386,3.9985
53.187,-3.9981,8.4360,3.9985
53.197,-3.9981,8.4360,3.9985
53.205,-3.9981,8.4333,3.9985
53.215,-3.9981,8.4333,3.9985
53.224,-3.9981,8.4306,3.9985
53.232,-3.9981,8.4306,3.9985
53.240,-3.9981,8.4306,3.9985
53.247,-3.9981,8.4280,3.9985
53.257,-3.9981,8.4280,3.9985
53.265,-3.9981,8.4253,3.9985
53.276,-3.9981,8.4253,3.9985
53.283,-3.9981,8.4226,3.9985
53.293,-3.9981,8.4226,3.9985
53.300,-3.9981,8.4226,3.9985
53.309,-3.9981,8.4200,3.9985
53.319,-3.9981,8.4200,3.9985
53.328,-3.9981,8.4173,3.9985
53.338,-3.9981,8.4173,3.9985
53.346,-3.9981,8.4146,3.9985
53.355,-3.9981,8.4146,3.9985
53.363,-3.9981,8.4120,3.9985
53.373,-3.9981,8.4120,3.9985
53.379,-3.9981,8.4120,3.9985
53.387,-3.9981,8.4093,3.9985
53.396,-3.9981,8.4093,3.9985
53.403,-3.9981,8.4066,3.9985
53.412,-3.9981,8.4066,3.9985
53.419,-3.9981,8.4066,3.9985
53.426,-3.9981,8.4040,3.9985
53.435,-3.9981,8.4040,3.9985
53.442,-3.9981,8.4013,3.9985
53.450,-3.9981,8.4013,3.9985
53.457,-3.9981,8.4013,3.9985
53.464,-3.9981,8.3986,3.9985
53.472,-3.9981,8.3986,3.9985
53.478,-3.9981,8.3986,3.9985
53.486,-3.9981,8.3960,3.9985
53.495,-3.9981,8.3960,3.9985
53.502,-3.9981,8.3933,3.9985
53.512,-3.9981,8.3933,3.9985
53.520,-3.9981,8.3933,3.9985
53.527,-3.9981,8.3906,3.9985
53.535,-3.9981,8.3906,3.9985
53.543,-3.9981,8.3880,3.9985
53.552,-3.9981,8.3880,3.9985
53.561,-3.9981,8.3880,3.9985
53.567,-3.9981,8.3853,3.9985
53.577,-3.9981,8.3853,3.9985
53.584,-3.9981,8.3826,3.9985
53.594,-3.9981,8.3826,3.9985
53.601,-3.9981,8.3826,3.9985
53.610,-3.9981,8.3800,3.9985
53.621,-3.9981,8.3800,3.9985
53.628,-3.9981,8.3773,3.9985
53.638,-3.9981,8.3773,3.9985
53.646,-3.9981,8.3746,3.9985
53.656,-3.9981,8.3746,3.9985
53.662,-3.9981,8.3720,3.9985
53.671,-3.9981,8.3720,3.9985
53.678,-3.9981,8.3720,3.9985
53.685,-3.9981,8.3693,3.9985
53.693,-3.9981,8.3693,3.9985
53.701,-3.9981,8.3693,3.9985
53.708,-3.9981,8.3666,3.9985
53.715,-3.9981,8.3666,3.9985
53.723,-3.9981,8.3640,3.9985
53.732,-3.9981,8.3640,3.9985
53.738,-3.9981,8.3640,3.9985
53.744,-3.9981,8.3613,3.9985
53.755,-3.9981,8.3613,3.9985
53.764,-3.9981,8.3586,3.9985
53.773,-3.9981,8.3586,3.9985
53.781,-3.9981,8.3586,3.9985
53.789,-3.9981,8.3560,3.9985
53.798,-3.9981,8.3560,3.9985
53.805,-3.9981,8.3533,3.9985
53.815,-3.9981,8.3533,3.9985
53.822,-3.9981,8.3533,3.9985
53.828,-3.9981,8.3506,3.9985
53.837,-3.9981,8.3506,3.9985
53.845,-3.9981,8.3480,3.9985
53.854,-3.9981,8.3480,3.9985
53.862,-3.9981,8.3453,3.9985
53.870,-3.9981,8.3453,3.9985
53.878,-3.9981,8.3453,3.9985
53.887,-3.9981,8.3426,3.9985
53.896,-3.9981,8.3426,3.9985
53.904,-3.9981,8.3400,3.9985
53.912,-3.9981,8.3400,3.9985
53.920,-3.9981,8.3400,3.9985
53.928,-3.9981,8.3373,3.9985
53.936,-3.9981,8.3373,3.9985
53.943,-3.9981,8.3346,3.9985
53.953,-3.9981,8.3346,3.9985
53.960,-3.9981,8.3346,3.9985
53.966,-3.9981,8.3320,3.9985
53.975,-3.9981,8.3320,3.9985
53.981,-3.9981,8.3320,3.9985
53.989,-3.9981,8.3293,3.9985
53.997,-3.9981,8.3293,3.9985
54.005,-3.9981,8.3266,3.9985
54.012,-3.9981,8.3266,3.9985
54.020,-3.9981,8.3266,3.9985
54.027,-3.9981,8.3240,3.9985
54.035,-3.9981,8.3240,3.9985
54.041,-3.9981,8.3240,3.9985
54.050,-3.9981,8.3213,3.9985
54.061,-3.9981,8.3213,3.9985
54.068,-3.9981,8.3186,3.9985
54.078,-3.9981,8.3186,3.9985
54.085,-3.9981,8.3160,3.9985
54.095,-3.9981,8.3160,3.9985
54.102,-3.9981,8.3133,3.9985
54.113,-3.9981,8.3133,3.9985
54.121,-3.9981,8.3133,3.9985
54.129,-3.9981,8.3107,3.9985
54.137,-3.9981,8.3107,3.9985
54.146,-3.9981,8.3080,3.9985
54.157,-3.9981,8.3080,3.9985
54.164,-3.9981,8.3053,3.9985
54.175,-3.9981,8.3053,3.9985
54.182,-3.9981,8.3027,3.9985
54.191,-3.9981,8.3027,3.9985
54.198,-3.9981,8.3027,3.9985
54.206,-3.9981,8.3000,3.9985
54.216,-3.9981,8.3000,3.9985
54.223,-3.9981,8.2974,3.9985
54.233,-3.9981,8.2974,3.9985
54.240,-3.9981,8.2974,3.9985
54.249,-3.9981,8.2947,3.9985
54.258,-3.9981,8.2947,3.9985
54.267,-3.9981,8.2920,3.9985
54.276,-3.9981,8.2920,3.9985
54.285,-3.9981,8.2894,3.9985
54.296,-3.9981,8.2894,3.9985
54.305,-3.9981,8.2867,3.9985
54.316,-3.9981,8.2867,3.9985
54.325,-3.9981,8.2841,3.9985
54.334,-3.9981,8.2841,3.9985
54.344,-3.9981,8.2814,3.9985
54.353,-3.9981,8.2814,3.9985
54.361,-3.9981,8.2814,3.9985
54.369,-3.9981,8.2788,3.9985
54.378,-3.9981,8.2788,3.9985
54.388,-3.9981,8.2761,3.9985
54.397,-3.9981,8.2761,3.9985
54.406,-3.9981,8.2734,3.9985
54.415,-3.9981,8.2734,3.9985
54.425,-3.9981,8.2708,3.9985
54.435,-3.9981,8.2708,3.9985
54.444,-3.9981,8.2681,3.9985
54.455,-3.9981,8.2681,3.9985
54.464,-3.9981,8.2654,3.9985
54.475,-3.9981,8.2654,3.9985
54.484,-3.9981,8.2628,3.9985
54.494,-3.9981,8.2628,3.9985
54.502,-3.9981,8.2601,3.9985
54.512,-3.9981,8.2601,3.9985
54.522,-3.9981,8.2601,3.9985
54.530,-3.9981,8.2574,3.9985
54.540,-3.9981,8.2574,3.9985
54.549,-3.9981,8.2548,3.9985
54.561,-3.9981,8.2548,3.9985
54.569,-3.9981,8.2521,3.9985
54.582,-3.9981,8.2521,3.9985
54.591,-3.9981,8.2494,3.9985
54.600,-3.9981,8.2494,3.9985
54.609,-3.9981,8.2468,3.9985
54.618,-3.9981,8.2468,3.9985
54.627,-3.9981,8.2441,3.9985
54.637,-3.9981,8.2441,3.9985
54.645,-3.9981,8.2414,3.9985
54.656,-3.9981,8.2414,3.9985
54.663,-3.9981,8.2388,3.9985
54.673,-3.9981,8.2388,3.9985
54.680,-3.9981,8.2388,3.9985
54.690,-3.9981,8.2361,3.9985
54.699,-3.9981,8.2361,3.9985
54.707,-3.9981,8.2334,3.9985
54.716,-3.9981,8.2334,3.9985
54.726,-3.9981,8.2308,3.9985
54.735,-3.9981,8.2308,3.9985
54.743,-3.9981,8.2281,3.9985
54.753,-3.9981,8.2281,3.9985
54.762,-3.9981,8.2281,3.9985
54.770,-3.9981,8.2254,3.9985
54.778,-3.9981,8.2254,3.9985
54.788,-3.9981,8.2228,3.9985
54.797,-3.9981,8.2228,3.9985
54.805,-3.9981,8.2201,3.9985
54.814,-3.9981,8.2201,3.9985
54.822,-3.9981,8.2174,3.9985
54.831,-3.9981,8.2174,3.9985
54.839,-3.9981,8.2174,3.9985
54.847,-3.9981,8.2148,3.9985
54.857,-3.9981,8.2148,3.9985
54.866,-3.9981,8.2121,3.9985
54.875,-3.9981,8.2121,3.9985
54.884,-3.9981,8.2094,3.9985
54.895,-3.9981,8.2094,3.9985
54.903,-3.9981,8.2068,3.9985
54.912,-3.9981,8.2068,3.9985
54.921,-3.9981,8.2068,3.9985
54.930,-3.9981,8.2041,3.9985
54.939,-3.9981,8.2041,3.9985
54.947,-3.9981,8.2014,3.9985
54.956,-3.9981,8.2014,3.9985
54.963,-3.9981,8.1988,3.9985
54.973,-3.9981,8.1988,3.9985
54.980,-3.9981,8.1988,3.9985
54.989,-3.9981,8.1961,3.9985
54.997,-3.9981,8.1961,3.9985
55.005,-3.9981,8.1934,3.9985
55.013,-3.9981,8.1934,3.9985
55.021,-3.9981,8.1934,3.9985
55.028,-3.9981,8.1908,3.9985
55.037,-3.9981,8.1908,3.9985
55.044,-3.9981,8.1881,3.9985
55.053,-3.9981,8.1881,3.9985
55.061,-3.9981,8.1881,3.9985
55.069,-3.9981,8.1854,3.9985
55.079,-3.9981,8.1854,3.9985
55.088,-3.9981,8.1828,3.9985
55.097,-3.9981,8.1828,3.9985
55.105,-3.9981,8.1801,3.9985
55.116,-3.9981,8.1801,3.9985
55.124,-3.9981,8.1774,3.9985
55.132,-3.9981,8.1774,3.9985
55.140,-3.9981,8.1774,3.9985
55.147,-3.9981,8.1748,3.9985
55.157,-3.9981,8.1748,3.9985
55.163,-3.9981,8.1721,3.9985
55.173,-3.9981,8.1721,3.9985
55.180,-3.9981,8.1721,3.9985
55.190,-3.9981,8.1694,3.9985
55.198,-3.9981,8.1694,3.9985
55.206,-3.9981,8.1668,3.9985
55.214,-3.9981,8.1668,3.9985
55.223,-3.9981,8.1641,3.9985
55.231,-3.9981,8.1641,3.9985
55.238,-3.9981,8.1641,3.9985
55.245,-3.9981,8.1614,3.9985
55.258,-3.9981,8.1614,3.9985
55.266,-3.9981,8.1588,3.9985
55.276,-3.9981,8.1588,3.9985
55.285,-3.9981,8.1561,3.9985
55.294,-3.9981,8.1561,3.9985
55.301,-3.9981,8.1561,3.9985
55.310,-3.9981,8.1561,3.9985
55.319,-3.9981,8.1561,3.9985
55.331,-3.9981,8.1561,3.9985
55.340,-3.9981,8.1561,3.9985
55.348,-3.9981,8.1561,3.9985
55.359,-3.9981,8.1561,3.9985
55.367,-3.9981,8.1561,3.9985
55.377,-3.9981,8.1561,3.9985
55.385,-3.9981,8.1561,3.9985
55.396,-3.9981,8.1561,3.9985
55.404,-3.9981,8.1561,3.9985
55.413,-3.9981,8.1561,3.9985
55.422,-3.9981,8.1561,3.9985
55.431,-3.9981,8.1561,3.9985
55.440,-3.9981,8.1561,3.9985
55.449,-3.9981,8.1561,3.9985
55.460,-3.9981,8.1561,3.9985
55.468,-3.9981,8.1561,3.9985
55.478,-3.9981,8.1561,3.9985
55.488,-3.9981,8.1561,3.9985
55.498,-3.9981,8.1561,3.9985
55.506,-3.9981,8.1561,3.9985
55.517,-3.9981,8.1561,3.9985
55.525,-3.9981,8.1561,3.9985
55.535,-3.9981,8.1561,3.9985
55.545,-3.9981,8.1561,3.9985
55.556,-3.9981,8.1561,3.9985
55.565,-3.9981,8.1561,3.9985
55.575,-3.9981,8.1561,3.9985
55.583,-3.9981,8.1561,3.9985
55.593,-3.9981,8.1561,3.9985
55.600,-3.9981,8.1561,3.9985
55.608,-3.9981,8.1561,3.9985
55.617,-3.9981,8.1561,3.9985
55.633,-3.9981,8.1561,3.9985
55.644,-3.9981,8.1561,3.9985
55.655,-3.9981,8.1561,3.9985
55.664,-3.9981,8.1561,3.9985
55.673,-3.9981,8.1561,3.9985
55.682,-3.9981,8.1561,3.9985
55.690,-3.9981,8.1561,3.9985
55.700,-3.9981,8.1561,3.9985
55.708,-3.9981,8.1561,3.9985
55.718,-3.9981,8.1561,3.9985
55.726,-3.9981,8.1561,3.9985
55.736,-3.9981,8.1561,3.9985
55.745,-3.9981,8.1536,3.9985
55.757,-3.9981,8.1536,3.9985
55.765,-3.9981,8.1536,3.9985
55.773,-3.9981,8.1536,3.9985
55.783,-3.9981,8.1536,3.9985
55.793,-3.9981,8.1536,3.9985
55.800,-3.9981,8.1536,3.9985
55.809,-3.9981,8.1526,3.9985
55.820,-3.9981,8.1526,3.9985
55.829,-3.9981,8.1526,3.9985
55.838,-3.9981,8.1526,3.9985
55.846,-3.9981,8.1526,3.9985
55.857,-3.9981,8.1526,3.9985
55.864,-3.9981,8.1523,3.9985
55.874,-3.9981,8.1523,3.9985
55.882,-3.9981,8.1523,3.9985
55.890,-3.9981,8.1523,3.9985
55.898,-3.9981,8.1523,3.9985
55.907,-3.9981,8.1520,3.9985
55.914,-3.9981,8.1520,3.9985
55.923,-3.9981,8.1520,3.9985
55.931,-3.9981,8.1520,3.9985
55.940,-3.9981,8.1520,3.9985
55.947,-3.9981,8.1520,3.9985
55.957,-3.9981,8.1520,3.9985
55.964,-3.9981,8.1519,3.9985
55.974,-3.9981,8.1519,3.9985
55.982,-3.9981,8.1519,3.9985
55.992,-3.9981,8.1519,3.9985
56.000,-3.9981,8.1519,3.9985
56.008,-3.9981,8.1519,3.9985
56.017,-3.9981,8.1519,3.9985
56.026,-3.9981,8.1519,3.9985
56.034,-3.9981,8.1519,3.9985
56.042,-3.9981,8.1519,3.9985
56.050,-3.9981,8.1519,3.9985
56.059,-3.9981,8.1519,3.9985
56.066,-3.9981,8.1519,3.9985
56.076,-3.9981,8.1519,3.9985
56.084,-3.9981,8.1519,3.9985
56.093,-3.9981,8.1519,3.9985
56.100,-3.9981,8.1519,3.9985
56.109,-3.9981,8.1519,3.9985
56.118,-3.9981,8.1519,3.9985
56.126,-3.9981,8.1519,3.9985
56.136,-3.9981,8.1519,3.9985
56.143,-3.9981,8.1519,3.9985
56.152,-3.9981,8.1519,3.9985
56.160,-3.9981,8.1519,3.9985
56.168,-3.9981,8.1519,3.9985
56.176,-3.9981,8.1519,3.9985
56.184,-3.9981,8.1519,3.9985
56.193,-3.9981,8.1519,3.9985
56.201,-3.9981,8.1519,3.9985
56.208,-3.9981,8.1519,3.9985
56.218,-3.9981,8.1519,3.9985
56.226,-3.9981,8.1519,3.9985
56.235,-3.9981,8.1519,3.9985
56.244,-3.9981,8.1519,3.9985
56.253,-3.9981,8.1519,3.9985
56.262,-3.9981,8.1519,3.9985
56.269,-3.9981,8.1519,3.9985
56.278,-3.9981,8.1519,3.9985
56.286,-3.9981,8.1519,3.9985
56.295,-3.9981,8.1519,3.9985
56.303,-3.9981,8.1519,3.9985
56.312,-3.9981,8.1519,3.9985
56.320,-3.9981,8.1519,3.9985
56.328,-3.9981,8.1519,3.9985
56.336,-3.9981,8.1519,3.9985
56.344,-3.9981,8.1519,3.9985
56.353,-3.9981,8.1519,3.9985
56.362,-3.9981,8.1519,3.9985
56.369,-3.9981,8.1519,3.9985
56.377,-3.9981,8.1519,3.9985
56.387,-3.9981,8.1519,3.9985
56.395,-3.9981,8.1519,3.9985
56.403,-3.9981,8.1519,3.9985
56.411,-3.9981,8.1519,3.9985
56.419,-3.9981,8.1519,3.9985
56.427,-3.9981,8.1519,3.9985
56.436,-3.9981,8.1519,3.9985
56.444,-3.9981,8.1519,3.9985
56.454,-3.9981,8.1519,3.9985
56.463,-3.9981,8.1519,3.9985
56.472,-3.9981,8.1519,3.9985
56.482,-3.9981,8.1519,3.9985
56.489,-3.9981,8.1519,3.9985
56.497,-3.9981,8.1519,3.9985
56.505,-3.9981,8.1519,3.9985
56.514,-3.9981,8.1519,3.9985
56.522,-3.9981,8.1519,3.9985
56.530,-3.9981,8.1519,3.9985
56.538,-3.9981,8.1519,3.9985
56.546,-3.9981,8.1519,3.9985
56.555,-3.9981,8.1519,3.9985
56.564,-3.9981,8.1519,3.9985
56.573,-3.9981,8.1519,3.9985
56.580,-3.9981,8.1519,3.9985
56.590,-3.9981,8.1519,3.9985
56.600,-3.9981,8.1519,3.9985
56.609,-3.9981,8.1519,3.9985
56.619,-3.9981,8.1519,3.9985
56.628,-3.9981,8.1519,3.9985
56.639,-3.9981,8.1519,3.9985
56.646,-3.9981,8.1519,3.9985
56.657,-3.9981,8.1519,3.9985
56.666,-3.9981,8.1519,3.9985
56.675,-3.9981,8.1519,3.9985
56.685,-3.9981,8.1519,3.9985
56.695,-3.9981,8.1519,3.9985
56.705,-3.9981,8.1519,3.9985
56.714,-3.9981,8.1519,3.9985
56.723,-3.9981,8.1519,3.9985
56.732,-3.9981,8.1519,3.9985
56.741,-3.9981,8.1519,3.9985
56.751,-3.9981,8.1519,3.9985
56.761,-3.9981,8.1519,3.9985
56.770,-3.9981,8.1519,3.9985
56.779,-3.9981,8.1519,3.9985
56.789,-3.9981,8.1519,3.9985
56.799,-3.9981,8.1519,3.9985
56.808,-3.9981,8.1519,3.9985
56.819,-3.9981,8.1519,3.9985
56.828,-3.9981,8.1519,3.9985
56.836,-3.9981,8.1519,3.9985
56.846,-3.9981,8.1519,3.9985
56.854,-3.9981,8.1519,3.9985
56.862,-3.9981,8.1519,3.9985
56.870,-3.9981,8.1519,3.9985
56.879,-3.9981,8.1519,3.9985
56.889,-3.9981,8.1519,3.9985
56.897,-3.9981,8.1519,3.9985
56.906,-3.9981,8.1519,3.9985
56.914,-3.9981,8.1519,3.9985
56.923,-3.9981,8.1519,3.9985
56.932,-3.9981,8.1519,3.9985
56.941,-3.9981,8.1519,3.9985
56.950,-3.9981,8.1519,3.9985
56.959,-3.9981,8.1519,3.9985
56.968,-3.9981,8.1519,3.9985
56.978,-3.9981,8.1519,3.9985
56.987,-3.9981,8.1519,3.9985
56.996,-3.9981,8.1519,3.9985
57.005,-3.9981,8.1519,3.9985
57.015,-3.9981,8.1519,3.9985
57.024,-3.9981,8.1519,3.9985
57.033,-3.9981,8.1519,3.9985
57.041,-3.9981,8.1519,3.9985
57.050,-3.9981,8.1519,3.9985
57.061,-3.9981,8.1519,3.9985
57.068,-3.9981,8.1519,3.9985
57.079,-3.9981,8.1519,3.9985
57.090,-3.9981,8.1519,3.9985
57.099,-3.9981,8.1519,3.9985
57.109,-3.9981,8.1519,3.9985
57.120,-3.9981,8.1519,3.9985
57.128,-3.9981,8.1519,3.9985
57.140,-3.9981,8.1519,3.9985
57.149,-3.9981,8.1519,3.9985
57.160,-3.9981,8.1519,3.9985
57.168,-3.9981,8.1519,3.9985
57.178,-3.9981,8.1519,3.9985
57.187,-3.9981,8.1519,3.9985
57.195,-3.9981,8.1519,3.9985
57.204,-3.9981,8.1519,3.9985
57.212,-3.9981,8.1519,3.9985
57.221,-3.9981,8.1519,3.9985
57.229,-3.9981,8.1519,3.9985
57.239,-3.9981,8.1519,3.9985
57.248,-3.9981,8.1519,3.9985
57.256,-3.9981,8.1519,3.9985
57.264,-3.9981,8.1519,3.9985
57.274,-3.9981,8.1519,3.9985
57.282,-3.9981,8.1519,3.9985
57.293,-3.9981,8.1519,3.9985
57.301,-3.9981,8.1519,3.9985
57.310,-3.9981,8.1519,3.9985
57.318,-3.9981,8.1519,3.9985
57.326,-3.9981,8.1519,3.9985
57.335,-3.9981,8.1519,3.9985
57.344,-3.9981,8.1519,3.9985
57.353,-3.9981,8.1519,3.9985
57.362,-3.9981,8.1519,3.9985
57.372,-3.9981,8.1519,3.9985
57.379,-3.9981,8.1519,3.9985
57.388,-3.9981,8.1519,3.9985
57.396,-3.9981,8.1519,3.9985
57.404,-3.9981,8.1519,3.9985
57.413,-3.9981,8.1519,3.9985
57.423,-3.9981,8.1519,3.9985
57.430,-3.9981,8.1519,3.9985
57.439,-3.9981,8.1519,3.9985
57.447,-3.9981,8.1519,3.9985
57.456,-3.9981,8.1519,3.9985
57.465,-3.9981,8.1519,3.9985
57.474,-3.9981,8.1519,3.9985
57.482,-3.9981,8.1519,3.9985
57.491,-3.9981,8.1519,3.9985
57.499,-3.9981,8.1519,3.9985
57.507,-3.9981,8.1519,3.9985
57.516,-3.9981,8.1519,3.9985
57.524,-3.9981,8.1519,3.9985
57.532,-3.9981,8.1519,3.9985
57.541,-3.9981,8.1519,3.9985
57.548,-3.9981,8.1519,3.9985
57.558,-3.9981,8.1519,3.9985
57.567,-3.9981,8.1519,3.9985
57.576,-3.9981,8.1519,3.9985
57.584,-3.9981,8.1519,3.9985
57.594,-3.9981,8.1519,3.9985
57.603,-3.9981,8.1519,3.9985
57.611,-3.9981,8.1519,3.9985
57.620,-3.9981,8.1519,3.9985
57.628,-3.9981,8.1519,3.9985
57.637,-3.9981,8.1519,3.9985
57.645,-3.9981,8.1519,3.9985
57.655,-3.9981,8.1519,3.9985
57.663,-3.9981,8.1519,3.9985
57.673,-3.9981,8.1519,3.9985
57.681,-3.9981,8.1519,3.9985
57.691,-3.9981,8.1519,3.9985
57.699,-3.9981,8.1519,3.9985
57.708,-3.9981,8.1519,3.9985
57.717,-3.9981,8.1519,3.9985
57.729,-3.9981,8.1519,3.9985
57.742,-3.9981,8.1519,3.9985
57.758,-3.9981,8.1519,3.9985
57.768,-3.9981,8.1519,3.9985
57.778,-3.9981,8.1519,3.9985
57.788,-3.9981,8.1519,3.9985
57.797,-3.9981,8.1519,3.9985
57.808,-3.9981,8.1519,3.9985
57.817,-3.9981,8.1519,3.9985
57.826,-3.9981,8.1519,3.9985
57.837,-3.9981,8.1519,3.9985
57.852,-3.9981,8.1519,3.9985
57.863,-3.9981,8.1519,3.9985
57.874,-3.9981,8.1519,3.9985
57.882,-3.9981,8.1519,3.9985
57.893,-3.9981,8.1519,3.9985
57.903,-3.9981,8.1519,3.9985
57.912,-3.9981,8.1519,3.9985
57.921,-3.9981,8.1519,3.9985
57.929,-3.9981,8.1519,3.9985
57.940,-3.9981,8.1519,3.9985
57.953,-3.9981,8.1519,3.9985
57.970,-3.9981,8.1519,3.9985
57.982,-3.9981,8.1519,3.9985
57.993,-3.9981,8.1519,3.9985
58.004,-3.9981,8.1519,3.9985
58.014,-3.9981,8.1519,3.9985
58.024,-3.9981,8.1519,3.9985
58.033,-3.9981,8.1519,3.9985
58.043,-3.9981,8.1519,3.9985
58.054,-3.9981,8.1519,3.9985
58.063,-3.9981,8.1519,3.9985
58.073,-3.9981,8.1519,3.9985
58.083,-3.9981,8.1519,3.9985
58.094,-3.9981,8.1519,3.9985
58.102,-3.9981,8.1519,3.9985
58.114,-3.9981,8.1519,3.9985
58.124,-3.9981,8.1519,3.9985
58.132,-3.9981,8.1519,3.9985
58.142,-3.9981,8.1519,3.9985
58.150,-3.9981,8.1519,3.9985
58.161,-3.9981,8.1519,3.9985
58.171,-3.9981,8.1519,3.9985
58.182,-3.9981,8.1519,3.9985
58.192,-3.9981,8.1519,3.9985
58.201,-3.9981,8.1519,3.9985
58.211,-3.9981,8.1519,3.9985
58.224,-3.9981,8.1519,3.9985
58.233,-3.9981,8.1519,3.9985
58.242,-3.9981,8.1519,3.9985
58.254,-3.9981,8.1519,3.9985
58.263,-3.9981,8.1519,3.9985
58.273,-3.9981,8.1519,3.9985
58.283,-3.9981,8.1519,3.9985
58.294,-3.9981,8.1519,3.9985
58.303,-3.9981,8.1519,3.9985
58.314,-3.9981,8.1519,3.9985
58.324,-3.9981,8.1519,3.9985
58.334,-3.9981,8.1519,3.9985
58.345,-3.9981,8.1519,3.9985
58.356,-3.9981,8.1519,3.9985
58.366,-3.9981,8.1519,3.9985
58.377,-3.9981,8.1519,3.9985
58.387,-3.9981,8.1519,3.9985
58.397,-3.9981,8.1519,3.9985
58.406,-3.9981,8.1519,3.9985
58.415,-3.9981,8.1519,3.9985
58.425,-3.9981,8.1519,3.9985
58.433,-3.9981,8.1519,3.9985
58.442,-3.9981,8.1519,3.9985
58.454,-3.9981,8.1519,3.9985
58.461,-3.9981,8.1519,3.9985
58.472,-3.9981,8.1519,3.9985
58.480,-3.9981,8.1519,3.9985
58.489,-3.9981,8.1519,3.9985
58.497,-3.9981,8.1519,3.9985
58.506,-3.9981,8.1519,3.9985
58.515,-3.9981,8.1519,3.9985
58.523,-3.9981,8.1519,3.9985
58.533,-3.9981,8.1519,3.9985
58.541,-3.9981,8.1519,3.9985
58.548,-3.9981,8.1519,3.9985
58.559,-3.9981,8.1519,3.9985
58.566,-3.9981,8.1519,3.9985
58.576,-3.9981,8.1519,3.9985
58.584,-3.9981,8.1519,3.9985
58.596,-3.9981,8.1519,3.9985
58.603,-3.9981,8.1519,3.9985
58.612,-3.9981,8.1519,3.9985
58.620,-3.9981,8.1519,3.9985
58.629,-3.9981,8.1519,3.9985
58.637,-3.9981,8.1519,3.9985
58.646,-3.9981,8.1519,3.9985
58.657,-3.9981,8.1519,3.9985
58.665,-3.9981,8.1519,3.9985
58.676,-3.9981,8.1519,3.9985
58.686,-3.9981,8.1519,3.9985
58.695,-3.9981,8.1519,3.9985
58.703,-3.9981,8.1519,3.9985
58.712,-3.9981,8.1519,3.9985
58.722,-3.9981,8.1519,3.9985
58.731,-3.9981,8.1519,3.9985
58.741,-3.9981,8.1519,3.9985
58.749,-3.9981,8.1519,3.9985
58.758,-3.9981,8.1519,3.9985
58.767,-3.9981,8.1519,3.9985
58.776,-3.9981,8.1519,3.9985
58.788,-3.9981,8.1519,3.9985
58.798,-3.9981,8.1519,3.9985
58.807,-3.9981,8.1519,3.9985
58.818,-3.9981,8.1519,3.9985
58.827,-3.9981,8.1519,3.9985
58.837,-3.9981,8.1519,3.9985
58.845,-3.9981,8.1519,3.9985
58.855,-3.9981,8.1519,3.9985
58.864,-3.9981,8.1519,3.9985
58.874,-3.9981,8.1519,3.9985
58.882,-3.9981,8.1519,3.9985
58.893,-3.9981,8.1519,3.9985
58.900,-3.9981,8.1519,3.9985
58.909,-3.9981,8.1519,3.9985
58.919,-3.9981,8.1519,3.9985
58.928,-3.9981,8.1519,3.9985
58.937,-3.9981,8.1519,3.9985
58.944,-3.9981,8.1519,3.9985
58.955,-3.9981,8.1519,3.9985
58.963,-3.9981,8.1519,3.9985
58.974,-3.9981,8.1519,3.9985
58.984,-3.9981,8.1520,3.9985
58.994,-3.9981,8.1520,3.9985
59.006,-3.9981,8.1520,3.9985
59.016,-3.9981,8.1520,3.9985
59.024,-3.9981,8.1521,3.9985
59.034,-3.9981,8.1521,3.9985
59.043,-3.9981,8.1523,3.9985
59.054,-3.9981,8.1523,3.9985
59.062,-3.9981,8.1526,3.9985
59.073,-3.9981,8.1526,3.9985
59.081,-3.9981,8.1526,3.9985
59.091,-3.9981,8.1529,3.9985
59.100,-3.9981,8.1529,3.9985
59.109,-3.9981,8.1533,3.9985
59.119,-3.9981,8.1533,3.9985
59.128,-3.9981,8.1541,3.9985
59.139,-3.9981,8.1541,3.9985
59.147,-3.9981,8.1550,3.9985
59.158,-3.9981,8.1550,3.9985
59.167,-3.9981,8.1560,3.9985
59.178,-3.9981,8.1560,3.9985
59.188,-3.9981,8.1581,3.9985
59.198,-3.9981,8.1581,3.9985
59.207,-3.9981,8.1604,3.9985
59.218,-3.9981,8.1604,3.9985
59.227,-3.9981,8.1628,3.9985
59.238,-3.9981,8.1628,3.9985
59.245,-3.9981,8.1653,3.9985
59.256,-3.9981,8.1653,3.9985
59.265,-3.9981,8.1679,3.9985
59.274,-3.9981,8.1679,3.9985
59.283,-3.9981,8.1705,3.9985
59.294,-3.9981,8.1705,3.9985
59.302,-3.9981,8.1731,3.9985
59.314,-3.9981,8.1731,3.9985
59.323,-3.9981,8.1757,3.9985
59.333,-3.9981,8.1757,3.9985
59.342,-3.9981,8.1783,3.9985
59.353,-3.9981,8.1783,3.9985
59.362,-3.9981,8.1809,3.9985
59.373,-3.9981,8.1809,3.9985
59.381,-3.9981,8.1809,3.9985
59.390,-3.9981,8.1835,3.9985
59.399,-3.9981,8.1835,3.9985
59.409,-3.9981,8.1861,3.9985
59.418,-3.9981,8.1861,3.9985
59.427,-3.9981,8.1887,3.9985
59.437,-3.9981,8.1887,3.9985
59.445,-3.9981,8.1913,3.9985
59.458,-3.9981,8.1913,3.9985
59.466,-3.9981,8.1939,3.9985
59.477,-3.9981,8.1939,3.9985
59.487,-3.9981,8.1965,3.9985
59.499,-3.9981,8.1965,3.9985
59.507,-3.9981,8.1991,3.9985
59.520,-3.9981,8.1991,3.9985
59.528,-3.9981,8.2017,3.9985
59.539,-3.9981,8.2017,3.9985
59.547,-3.9981,8.2042,3.9985
59.559,-3.9981,8.2042,3.9985
59.567,-3.9981,8.2068,3.9985
59.579,-3.9981,8.2068,3.9985
59.589,-3.9981,8.2094,3.9985
59.600,-3.9981,8.2094,3.9985
59.608,-3.9981,8.2120,3.9985
59.618,-3.9981,8.2120,3.9985
59.628,-3.9981,8.2145,3.9985
59.638,-3.9981,8.2145,3.9985
59.647,-3.9981,8.2170,3.9985
59.658,-3.9981,8.2170,3.9985
59.666,-3.9981,8.2196,3.9985
59.677,-3.9981,8.2196,3.9985
59.685,-3.9981,8.2221,3.9985
59.694,-3.9981,8.2221,3.9985
59.702,-3.9981,8.2246,3.9985
59.713,-3.9981,8.2246,3.9985
59.721,-3.9981,8.2246,3.9985
59.728,-3.9981,8.2271,3.9985
59.737,-3.9981,8.2271,3.9985
59.744,-3.9981,8.2296,3.9985
59.756,-3.9981,8.2296,3.9985
59.763,-3.9981,8.2321,3.9985
59.773,-3.9981,8.2321,3.9985
59.781,-3.9981,8.2321,3.9985
59.789,-3.9981,8.2346,3.9985
59.798,-3.9981,8.2346,3.9985
59.805,-3.9981,8.2371,3.9985
59.814,-3.9981,8.2371,3.9985
59.822,-3.9981,8.2371,3.9985
59.829,-3.9981,8.2396,3.9985
59.838,-3.9981,8.2396,3.9985
59.845,-3.9981,8.2422,3.9985
59.856,-3.9981,8.2422,3.9985
59.864,-3.9981,8.2447,3.9985
59.873,-3.9981,8.2447,3.9985
59.880,-3.9981,8.2447,3.9985
59.889,-3.9981,8.2472,3.9985
59.898,-3.9981,8.2472,3.9985
59.906,-3.9981,8.2497,3.9985
59.914,-3.9981,8.2497,3.9985
59.924,-3.9981,8.2522,3.9985
59.932,-3.9981,8.2522,3.9985
59.941,-3.9981,8.2522,3.9985
59.948,-3.9981,8.2547,3.9985
59.959,-3.9981,8.2547,3.9985
59.967,-3.9981,8.2572,3.9985
59.977,-3.9981,8.2572,3.9985
59.986,-3.9981,8.2597,3.9985
59.996,-3.9981,8.2597,3.9985
60.005,-3.9981,8.2621,3.9985
60.015,-3.9981,8.2621,3.9985
60.024,-3.9981,8.2646,3.9985
60.033,-3.9981,8.2646,3.9985
60.041,-3.9981,8.2646,3.9985
60.049,-3.9981,8.2671,3.9985
60.058,-3.9981,8.2671,3.9985
60.067,-3.9981,8.2696,3.9985
60.076,-3.9981,8.2696,3.9985
60.085,-3.9981,8.2721,3.9985
60.095,-3.9981,8.2721,3.9985
60.103,-3.9981,8.2746,3.9985
60.113,-3.9981,8.2746,3.9985
60.121,-3.9981,8.2746,3.9985
60.129,-3.9981,8.2771,3.9985
60.139,-3.9981,8.2771,3.9985
60.147,-3.9981,8.2795,3.9985
60.157,-3.9981,8.2795,3.9985
60.165,-3.9981,8.2820,3.9985
60.175,-3.9981,8.2820,3.9985
60.182,-3.9981,8.2845,3.9985
60.194,-3.9981,8.2845,3.9985
60.201,-3.9981,8.2845,3.9985
60.209,-3.9981,8.2870,3.9985
60.218,-3.9981,8.2870,3.9985
60.226,-3.9981,8.2895,3.9985
60.235,-3.9981,8.2895,3.9985
60.243,-3.9981,8.2920,3.9985
60.254,-3.9981,8.2920,3.9985
60.262,-3.9981,8.2945,3.9985
60.272,-3.9981,8.2945,3.9985
60.279,-3.9981,8.2945,3.9985
60.288,-3.9981,8.2970,3.9985
60.297,-3.9981,8.2970,3.9985
60.307,-3.9981,8.2995,3.9985
60.318,-3.9981,8.2995,3.9985
60.326,-3.9981,8.3020,3.9985
60.343,-3.9981,8.3045,3.9985
60.353,-3.9981,8.3045,3.9985
60.361,-3.9981,8.3045,3.9985
60.369,-3.9981,8.3070,3.9985
60.379,-3.9981,8.3070,3.9985
60.388,-3.9981,8.3095,3.9985
60.398,-3.9981,8.3095,3.9985
60.407,-3.9981,8.3120,3.9985
60.416,-3.9981,8.3120,3.9985
60.426,-3.9981,8.3145,3.9985
60.436,-3.9981,8.3145,3.9985
60.444,-3.9981,8.3170,3.9985
60.456,-3.9981,8.3170,3.9985
60.463,-3.9981,8.3195,3.9985
60.474,-3.9981,8.3195,3.9985
60.481,-3.9981,8.3195,3.9985
60.492,-3.9981,8.3220,3.9985
60.501,-3.9981,8.3220,3.9985
60.509,-3.9981,8.3245,3.9985
60.520,-3.9981,8.3245,3.9985
60.528,-3.9981,8.3270,3.9985
60.539,-3.9981,8.3270,3.9985
60.548,-3.9981,8.3295,3.9985
60.560,-3.9981,8.3295,3.9985
60.568,-3.9981,8.3321,3.9985
60.578,-3.9981,8.3321,3.9985
60.588,-3.9981,8.3346,3.9985
60.598,-3.9981,8.3346,3.9985
60.606,-3.9981,8.3371,3.9985
60.618,-3.9981,8.3371,3.9985
60.627,-3.9981,8.3396,3.9985
60.637,-3.9981,8.3396,3.9985
60.645,-3.9981,8.3421,3.9985
60.656,-3.9981,8.3421,3.9985
60.664,-3.9981,8.3446,3.9985
60.675,-3.9981,8.3446,3.9985
60.683,-3.9981,8.3471,3.9985
60.694,-3.9981,8.3471,3.9985
60.701,-3.9981,8.3471,3.9985
60.711,-3.9981,8.3496,3.9985
60.720,-3.9981,8.3496,3.9985
60.729,-3.9981,8.3521,3.9985
60.740,-3.9981,8.3521,3.9985
60.748,-3.9981,8.3546,3.9985
60.759,-3.9981,8.3546,3.9985
60.766,-3.9981,8.3571,3.9985
60.776,-3.9981,8.3571,3.9985
60.784,-3.9981,8.3596,3.9985
60.795,-3.9981,8.3596,3.9985
60.804,-3.9981,8.3621,3.9985
60.814,-3.9981,8.3621,3.9985
60.823,-3.9981,8.3646,3.9985
60.834,-3.9981,8.3646,3.9985
60.842,-3.9981,8.3671,3.9985
60.853,-3.9981,8.3671,3.9985
60.862,-3.9981,8.3696,3.9985
60.871,-3.9981,8.3696,3.9985
60.881,-3.9981,8.3696,3.9985
60.891,-3.9981,8.3721,3.9985
60.901,-3.9981,8.3721,3.9985
60.910,-3.9981,8.3746,3.9985
60.922,-3.9981,8.3771,3.9985
60.932,-3.9981,8.3771,3.9985
60.940,-3.9981,8.3771,3.9985
60.949,-3.9981,8.3796,3.9985
60.959,-3.9981,8.3796,3.9985
60.966,-3.9981,8.3821,3.9985
60.976,-3.9981,8.3821,3.9985
60.987,-3.9981,8.3846,3.9985
60.997,-3.9981,8.3846,3.9985
61.005,-3.9981,8.3871,3.9985
61.015,-3.9981,8.3871,3.9985
61.023,-3.9981,8.3896,3.9985
61.033,-3.9981,8.3896,3.9985
61.041,-3.9981,8.3896,3.9985
61.050,-3.9981,8.3921,3.9985
61.060,-3.9981,8.3921,3.9985
61.067,-3.9981,8.3946,3.9985
61.078,-3.9981,8.3946,3.9985
61.087,-3.9981,8.3971,3.9985
61.097,-3.9981,8.3971,3.9985
61.106,-3.9981,8.3995,3.9985
61.115,-3.9981,8.3995,3.9985
61.124,-3.9981,8.4020,3.9985
61.135,-3.9981,8.4020,3.9985
61.143,-3.9981,8.4045,3.9985
61.154,-3.9981,8.4045,3.9985
61.162,-3.9981,8.4070,3.9985
61.172,-3.9981,8.4070,3.9985
61.179,-3.9981,8.4070,3.9985
61.189,-3.9981,8.4095,3.9985
61.199,-3.9981,8.4095,3.9985
61.208,-3.9981,8.4120,3.9985
61.218,-3.9981,8.4120,3.9985
61.226,-3.9981,8.4145,3.9985
61.235,-3.9981,8.4145,3.9985
61.243,-3.9981,8.4170,3.9985
61.253,-3.9981,8.4170,3.9985
61.262,-3.9981,8.4170,3.9985
61.268,-3.9981,8.4195,3.9985
61.278,-3.9981,8.4195,3.9985
61.287,-3.9981,8.4220,3.9985
61.296,-3.9981,8.4220,3.9985
61.306,-3.9981,8.4244,3.9985
61.316,-3.9981,8.4244,3.9985
61.324,-3.9981,8.4269,3.9985
61.333,-3.9981,8.4269,3.9985
61.342,-3.9981,8.4294,3.9985
61.352,-3.9981,8.4294,3.9985
61.362,-3.9981,8.4319,3.9985
61.371,-3.9981,8.4319,3.9985
61.380,-3.9981,8.4319,3.9985
61.389,-3.9981,8.4344,3.9985
61.398,-3.9981,8.4344,3.9985
61.407,-3.9981,8.4369,3.9985
61.419,-3.9981,8.4369,3.9985
61.427,-3.9981,8.4394,3.9985
61.438,-3.9981,8.4394,3.9985
61.446,-3.9981,8.4419,3.9985
61.456,-3.9981,8.4419,3.9985
61.465,-3.9981,8.4444,3.9985
61.474,-3.9981,8.4444,3.9985
61.482,-3.9981,8.4468,3.9985
61.492,-3.9981,8.4468,3.9985
61.500,-3.9981,8.4468,3.9985
61.510,-3.9981,8.4493,3.9985
61.519,-3.9981,8.4493,3.9985
61.528,-3.9981,8.4518,3.9985
61.536,-3.9981,8.4518,3.9985
61.544,-3.9981,8.4543,3.9985
61.557,-3.9981,8.4543,3.9985
61.564,-3.9981,8.4568,3.9985
61.574,-3.9981,8.4568,3.9985
61.580,-3.9981,8.4568,3.9985
61.591,-3.9981,8.4593,3.9985
61.600,-3.9981,8.4593,3.9985
61.608,-3.9981,8.4618,3.9985
61.619,-3.9981,8.4618,3.9985
61.628,-3.9981,8.4642,3.9985
61.639,-3.9981,8.4642,3.9985
61.647,-3.9981,8.4667,3.9985
61.657,-3.9981,8.4667,3.9985
61.665,-3.9981,8.4692,3.9985
61.677,-3.9981,8.4692,3.9985
61.687,-3.9981,8.4717,3.9985
61.698,-3.9981,8.4717,3.9985
61.707,-3.9981,8.4742,3.9985
61.718,-3.9981,8.4742,3.9985
61.727,-3.9981,8.4767,3.9985
61.739,-3.9981,8.4767,3.9985
61.748,-3.9981,8.4791,3.9985
61.760,-3.9981,8.4791,3.9985
61.769,-3.9981,8.4816,3.9985
61.779,-3.9981,8.4816,3.9985
61.789,-3.9981,8.4841,3.9985
61.799,-3.9981,8.4841,3.9985
61.808,-3.9981,8.4866,3.9985
61.819,-3.9981,8.4866,3.9985
61.829,-3.9981,8.4890,3.9985
61.840,-3.9981,8.4890,3.9985
61.849,-3.9981,8.4915,3.9985
61.860,-3.9981,8.4915,3.9985
61.869,-3.9981,8.4940,3.9985
61.879,-3.9981,8.4940,3.9985
61.890,-3.9981,8.4965,3.9985
61.899,-3.9981,8.4965,3.9985
61.909,-3.9981,8.4990,3.9985
61.920,-3.9981,8.4990,3.9985
61.928,-3.9981,8.5014,3.9985
61.939,-3.9981,8.5014,3.9985
61.947,-3.9981,8.5039,3.9985
61.958,-3.9981,8.5039,3.9985
61.967,-3.9981,8.5064,3.9985
61.976,-3.9981,8.5064,3.9985
61.987,-3.9981,8.5089,3.9985
61.998,-3.9981,8.5089,3.9985
62.006,-3.9981,8.5114,3.9985
62.017,-3.9981,8.5114,3.9985
62.025,-3.9981,8.5138,3.9985
62.034,-3.9981,8.5138,3.9985
62.043,-3.9981,8.5163,3.9985
62.053,-3.9981,8.5163,3.9985
62.062,-3.9981,8.5188,3.9985
62.073,-3.9981,8.5188,3.9985
62.082,-3.9981,8.5213,3.9985
62.092,-3.9981,8.5213,3.9985
62.100,-3.9981,8.5213,3.9985
62.110,-3.9981,8.5237,3.9985
62.121,-3.9981,8.5237,3.9985
62.130,-3.9981,8.5262,3.9985
62.140,-3.9981,8.5262,3.9985
62.148,-3.9981,8.5287,3.9985
62.159,-3.9981,8.5287,3.9985
62.167,-3.9981,8.5312,3.9985
62.177,-3.9981,8.5312,3.9985
62.188,-3.9981,8.5336,3.9985
62.198,-3.9981,8.5336,3.9985
62.206,-3.9981,8.5361,3.9985
62.217,-3.9981,8.5361,3.9985
62.226,-3.9981,8.5386,3.9985
62.236,-3.9981,8.5386,3.9985
62.245,-3.9981,8.5410,3.9985
62.256,-3.9981,8.5410,3.9985
62.264,-3.9981,8.5435,3.9985
62.273,-3.9981,8.5435,3.9985
62.281,-3.9981,8.5435,3.9985
62.289,-3.9981,8.5460,3.9985
62.298,-3.9981,8.5460,3.9985
62.308,-3.9981,8.5485,3.9985
62.318,-3.9981,8.5485,3.9985
62.326,-3.9981,8.5509,3.9985
62.335,-3.9981,8.5509,3.9985
62.346,-3.9981,8.5534,3.9985
62.358,-3.9981,8.5534,3.9985
62.366,-3.9981,8.5559,3.9985
62.376,-3.9981,8.5559,3.9985
62.385,-3.9981,8.5584,3.9985
62.395,-3.9981,8.5584,3.9985
62.404,-3.9981,8.5608,3.9985
62.412,-3.9981,8.5608,3.9985
62.421,-3.9981,8.5608,3.9985
62.430,-3.9981,8.5633,3.9985
62.440,-3.9981,8.5633,3.9985
62.448,-3.9981,8.5658,3.9985
62.458,-3.9981,8.5658,3.9985
62.468,-3.9981,8.5682,3.9985
62.481,-3.9981,8.5682,3.9985
62.491,-3.9981,8.5707,3.9985
62.500,-3.9981,8.5707,3.9985
62.508,-3.9981,8.5732,3.9985
62.519,-3.9981,8.5732,3.9985
62.528,-3.9981,8.5757,3.9985
62.536,-3.9981,8.5757,3.9985
62.545,-3.9981,8.5781,3.9985
62.555,-3.9981,8.5781,3.9985
62.564,-3.9981,8.5806,3.9985
62.574,-3.9981,8.5806,3.9985
62.583,-3.9981,8.5831,3.9985
62.593,-3.9981,8.5831,3.9985
62.600,-3.9981,8.5831,3.9985
62.609,-3.9981,8.5855,3.9985
62.618,-3.9981,8.5855,3.9985
62.627,-3.9981,8.5880,3.9985
62.636,-3.9981,8.5880,3.9985
62.645,-3.9981,8.5905,3.9985
62.656,-3.9981,8.5905,3.9985
62.663,-3.9981,8.5929,3.9985
62.674,-3.9981,8.5929,3.9985
62.683,-3.9981,8.5954,3.9985
62.693,-3.9981,8.5954,3.9985
62.702,-3.9981,8.5954,3.9985
62.710,-3.9981,8.5979,3.9985
62.720,-3.9981,8.5979,3.9985
62.728,-3.9981,8.6004,3.9985
62.739,-3.9981,8.6004,3.9985
62.747,-3.9981,8.6028,3.9985
62.758,-3.9981,8.6028,3.9985
62.766,-3.9981,8.6053,3.9985
62.775,-3.9981,8.6053,3.9985
62.784,-3.9981,8.6078,3.9985
62.794,-3.9981,8.6078,3.9985
62.803,-3.9981,8.6102,3.9985
62.813,-3.9981,8.6102,3.9985
62.822,-3.9981,8.6102,3.9985
62.830,-3.9981,8.6127,3.9985
62.839,-3.9981,8.6127,3.9985
62.848,-3.9981,8.6152,3.9985
62.860,-3.9981,8.6152,3.9985
62.867,-3.9981,8.6176,3.9985
62.877,-3.9981,8.6176,3.9985
62.886,-3.9981,8.6201,3.9985
62.896,-3.9981,8.6201,3.9985
62.906,-3.9981,8.6226,3.9985
62.916,-3.9981,8.6226,3.9985
62.925,-3.9981,8.6250,3.9985
62.934,-3.9981,8.6250,3.9985
62.943,-3.9981,8.6275,3.9985
62.952,-3.9981,8.6275,3.9985
62.961,-3.9981,8.6275,3.9985
62.969,-3.9981,8.6299,3.9985
62.979,-3.9981,8.6299,3.9985
62.989,-3.9981,8.6324,3.9985
63.000,-3.9981,8.6324,3.9985
63.009,-3.9981,8.6349,3.9985
63.020,-3.9981,8.6349,3.9985
63.035,-3.9981,8.6373,3.9985
63.049,-3.9981,8.6398,3.9985
63.063,-3.9981,8.6422,3.9985
63.077,-3.9981,8.6422,3.9985
63.090,-3.9981,8.6447,3.9985
63.105,-3.9981,8.6472,3.9985
63.116,-3.9981,8.6472,3.9985
63.126,-3.9981,8.6496,3.9985
63.135,-3.9981,8.6496,3.9985
63.145,-3.9981,8.6521,3.9985
63.157,-3.9981,8.6521,3.9985
63.165,-3.9981,8.6546,3.9985
63.176,-3.9981,8.6546,3.9985
63.185,-3.9981,8.6570,3.9985
63.195,-3.9981,8.6570,3.9985
63.203,-3.9981,8.6595,3.9985
63.214,-3.9981,8.6595,3.9985
63.223,-3.9981,8.6619,3.9985
63.231,-3.9981,8.6619,3.9985
63.240,-3.9981,8.6619,3.9985
63.249,-3.9981,8.6644,3.9985
63.260,-3.9981,8.6644,3.9985
63.269,-3.9981,8.6669,3.9985
63.279,-3.9981,8.6669,3.9985
63.289,-3.9981,8.6693,3.9985
63.297,-3.9981,8.6693,3.9985
63.306,-3.9981,8.6718,3.9985
63.317,-3.9981,8.6718,3.9985
63.326,-3.9981,8.6743,3.9985
63.336,-3.9981,8.6743,3.9985
63.344,-3.9981,8.6768,3.9985
63.356,-3.9981,8.6768,3.9985
63.365,-3.9981,8.6792,3.9985
63.376,-3.9981,8.6792,3.9985
63.385,-3.9981,8.6817,3.9985
63.396,-3.9981,8.6817,3.9985
63.405,-3.9981,8.6842,3.9985
63.416,-3.9981,8.6842,3.9985
63.426,-3.9981,8.6866,3.9985
63.435,-3.9981,8.6866,3.9985
63.444,-3.9981,8.6891,3.9985
63.455,-3.9981,8.6891,3.9985
63.464,-3.9981,8.6916,3.9985
63.474,-3.9981,8.6916,3.9985
63.483,-3.9981,8.6940,3.9985
63.494,-3.9981,8.6940,3.9985
63.501,-3.9981,8.6940,3.9985
63.512,-3.9981,8.6965,3.9985
63.524,-3.9981,8.6990,3.9985
63.532,-3.9981,8.6990,3.9985
63.540,-3.9981,8.6990,3.9985
63.549,-3.9981,8.7014,3.9985
63.559,-3.9981,8.7014,3.9985
63.567,-3.9981,8.7039,3.9985
63.577,-3.9981,8.7039,3.9985
63.586,-3.9981,8.7064,3.9985
63.595,-3.9981,8.7064,3.9985
63.604,-3.9981,8.7088,3.9985
63.614,-3.9981,8.7088,3.9985
63.622,-3.9981,8.7113,3.9985
63.632,-3.9981,8.7113,3.9985
63.640,-3.9981,8.7113,3.9985
63.648,-3.9981,8.7138,3.9985
63.656,-3.9981,8.7138,3.9985
63.665,-3.9981,8.7163,3.9985
63.675,-3.9981,8.7163,3.9985
63.685,-3.9981,8.7187,3.9985
63.695,-3.9981,8.7187,3.9985
63.702,-3.9981,8.7212,3.9985
63.711,-3.9981,8.7212,3.9985
63.718,-3.9981,8.7212,3.9985
63.726,-3.9981,8.7237,3.9985
63.734,-3.9981,8.7237,3.9985
63.743,-3.9981,8.7261,3.9985
63.754,-3.9981,8.7261,3.9985
63.761,-3.9981,8.7261,3.9985
63.770,-3.9981,8.7286,3.9985
63.778,-3.9981,8.7286,3.9985
63.788,-3.9981,8.7311,3.9985
63.798,-3.9981,8.7311,3.9985
63.807,-3.9981,8.7335,3.9985
63.817,-3.9981,8.7335,3.9985
63.825,-3.9981,8.7360,3.9985
63.834,-3.9981,8.7360,3.9985
63.842,-3.9981,8.7385,3.9985
63.852,-3.9981,8.7385,3.9985
63.860,-3.9981,8.7385,3.9985
63.867,-3.9981,8.7409,3.9985
63.877,-3.9981,8.7409,3.9985
63.886,-3.9981,8.7434,3.9985
63.894,-3.9981,8.7434,3.9985
63.902,-3.9981,8.7459,3.9985
63.912,-3.9981,8.7459,3.9985
63.920,-3.9981,8.7459,3.9985
63.928,-3.9981,8.7483,3.9985
63.938,-3.9981,8.7483,3.9985
63.945,-3.9981,8.7508,3.9985
63.955,-3.9981,8.7508,3.9985
63.962,-3.9981,8.7533,3.9985
63.973,-3.9981,8.7533,3.9985
63.980,-3.9981,8.7533,3.9985
63.988,-3.9981,8.7558,3.9985
63.996,-3.9981,8.7558,3.9985
64.003,-3.9981,8.7582,3.9985
64.013,-3.9981,8.7582,3.9985
64.022,-3.9981,8.7582,3.9985
64.029,-3.9981,8.7607,3.9985
64.039,-3.9981,8.7607,3.9985
64.046,-3.9981,8.7632,3.9985
64.057,-3.9981,8.7632,3.9985
64.064,-3.9981,8.7656,3.9985
64.073,-3.9981,8.7656,3.9985
64.080,-3.9981,8.7656,3.9985
64.090,-3.9981,8.7681,3.9985
64.100,-3.9981,8.7681,3.9985
64.108,-3.9981,8.7706,3.9985
64.119,-3.9981,8.7706,3.9985
64.127,-3.9981,8.7730,3.9985
64.136,-3.9981,8.7730,3.9985
64.144,-3.9981,8.7755,3.9985
64.153,-3.9981,8.7755,3.9985
64.161,-3.9981,8.7755,3.9985
64.169,-3.9981,8.7779,3.9985
64.179,-3.9981,8.7779,3.9985
64.187,-3.9981,8.7804,3.9985
64.197,-3.9981,8.7804,3.9985
64.206,-3.9981,8.7829,3.9985
64.215,-3.9981,8.7829,3.9985
64.224,-3.9981,8.7853,3.9985
64.232,-3.9981,8.7853,3.9985
64.242,-3.9981,8.7878,3.9985
64.252,-3.9981,8.7878,3.9985
64.261,-3.9981,8.7878,3.9985
64.270,-3.9981,8.7903,3.9985
64.281,-3.9981,8.7903,3.9985
64.290,-3.9981,8.7927,3.9985
64.299,-3.9981,8.7927,3.9985
64.308,-3.9981,8.7952,3.9985
64.319,-3.9981,8.7952,3.9985
64.327,-3.9981,8.7976,3.9985
64.338,-3.9981,8.7976,3.9985
64.345,-3.9981,8.8001,3.9985
64.356,-3.9981,8.8001,3.9985
64.365,-3.9981,8.8026,3.9985
64.373,-3.9981,8.8026,3.9985
64.381,-3.9981,8.8026,3.9985
64.390,-3.9981,8.8050,3.9985
64.399,-3.9981,8.8050,3.9985
64.406,-3.9981,8.8075,3.9985
64.417,-3.9981,8.8075,3.9985
64.427,-3.9981,8.8100,3.9985
64.437,-3.9981,8.8100,3.9985
64.446,-3.9981,8.8124,3.9985
64.456,-3.9981,8.8124,3.9985
64.463,-3.9981,8.8149,3.9985
64.470,-3.9981,8.8149,3.9985
64.478,-3.9981,8.8149,3.9985
64.487,-3.9981,8.8173,3.9985
64.496,-3.9981,8.8173,3.9985
64.503,-3.9981,8.8198,3.9985
64.513,-3.9981,8.8198,3.9985
64.522,-3.9981,8.8223,3.9985
64.532,-3.9981,8.8223,3.9985
64.541,-3.9981,8.8223,3.9985
64.549,-3.9981,8.8247,3.9985
64.559,-3.9981,8.8247,3.9985
64.567,-3.9981,8.8272,3.9985
64.576,-3.9981,8.8272,3.9985
64.585,-3.9981,8.8296,3.9985
64.595,-3.9981,8.8296,3.9985
64.604,-3.9981,8.8321,3.9985
64.613,-3.9981,8.8321,3.9985
64.622,-3.9981,8.8346,3.9985
64.631,-3.9981,8.8346,3.9985
64.639,-3.9981,8.8346,3.9985
64.647,-3.9981,8.8370,3.9985
64.657,-3.9981,8.8370,3.9985
64.666,-3.9981,8.8395,3.9985
64.677,-3.9981,8.8395,3.9985
64.686,-3.9981,8.8419,3.9985
64.695,-3.9981,8.8419,3.9985
64.704,-3.9981,8.8444,3.9985
64.716,-3.9981,8.8444,3.9985
64.725,-3.9981,8.8469,3.9985
64.735,-3.9981,8.8469,3.9985
64.744,-3.9981,8.8493,3.9985
64.757,-3.9981,8.8493,3.9985
64.765,-3.9981,8.8518,3.9985
64.775,-3.9981,8.8518,3.9985
64.783,-3.9981,8.8542,3.9985
64.794,-3.9981,8.8542,3.9985
64.802,-3.9981,8.8567,3.9985
64.811,-3.9981,8.8567,3.9985
64.820,-3.9981,8.8567,3.9985
64.828,-3.9981,8.8591,3.9985
64.837,-3.9981,8.8591,3.9985
64.846,-3.9981,8.8616,3.9985
64.856,-3.9981,8.8616,3.9985
64.865,-3.9981,8.8640,3.9985
64.874,-3.9981,8.8640,3.9985
64.883,-3.9981,8.8665,3.9985
64.894,-3.9981,8.8665,3.9985
64.902,-3.9981,8.8689,3.9985
64.912,-3.9981,8.8689,3.9985
64.920,-3.9981,8.8689,3.9985
64.928,-3.9981,8.8714,3.9985
64.938,-3.9981,8.8714,3.9985
64.946,-3.9981,8.8739,3.9985
64.958,-3.9981,8.8739,3.9985
64.965,-3.9981,8.8763,3.9985
64.975,-3.9981,8.8763,3.9985
64.983,-3.9981,8.8788,3.9985
64.994,-3.9981,8.8788,3.9985
65.003,-3.9981,8.8812,3.9985
65.012,-3.9981,8.8812,3.9985
65.021,-3.9981,8.8812,3.9985
65.029,-3.9981,8.8837,3.9985
65.040,-3.9981,8.8837,3.9985
65.048,-3.9981,8.8861,3.9985
65.059,-3.9981,8.8861,3.9985
65.068,-3.9981,8.8886,3.9985
65.078,-3.9981,8.8886,3.9985
65.089,-3.9981,8.8910,3.9985
65.099,-3.9981,8.8910,3.9985
65.108,-3.9981,8.8935,3.9985
65.119,-3.9981,8.8935,3.9985
65.128,-3.9981,8.8960,3.9985
65.139,-3.9981,8.8960,3.9985
65.148,-3.9981,8.8984,3.9985
65.159,-3.9981,8.8984,3.9985
65.166,-3.9981,8.9009,3.9985
65.177,-3.9981,8.9009,3.9985
65.185,-3.9981,8.9033,3.9985
65.197,-3.9981,8.9033,3.9985
65.206,-3.9981,8.9058,3.9985
65.215,-3.9981,8.9058,3.9985
65.224,-3.9981,8.9082,3.9985
65.231,-3.9981,8.9082,3.9985
65.240,-3.9981,8.9082,3.9985
65.248,-3.9981,8.9107,3.9985
65.258,-3.9981,8.9107,3.9985
65.265,-3.9981,8.9132,3.9985
65.275,-3.9981,8.9132,3.9985
65.284,-3.9981,8.9156,3.9985
65.293,-3.9981,8.9156,3.9985
65.302,-3.9981,8.9181,3.9985
65.311,-3.9981,8.9181,3.9985
65.328,-3.9981,8.9205,3.9985
65.338,-3.9981,8.9205,3.9985
65.345,-3.9981,8.9230,3.9985
65.355,-3.9981,8.9230,3.9985
65.363,-3.9981,8.9254,3.9985
65.373,-3.9981,8.9254,3.9985
65.381,-3.9981,8.9254,3.9985
65.390,-3.9981,8.9279,3.9985
65.398,-3.9981,8.9279,3.9985
65.407,-3.9981,8.9304,3.9985
65.415,-3.9981,8.9304,3.9985
65.424,-3.9981,8.9328,3.9985
65.432,-3.9981,8.9328,3.9985
65.441,-3.9981,8.9328,3.9985
65.447,-3.9981,8.9353,3.9985
65.458,-3.9981,8.9353,3.9985
65.466,-3.9981,8.9377,3.9985
65.476,-3.9981,8.9377,3.9985
65.485,-3.9981,8.9402,3.9985
65.495,-3.9981,8.9402,3.9985
65.503,-3.9981,8.9427,3.9985
65.513,-3.9981,8.9427,3.9985
65.523,-3.9981,8.9451,3.9985
65.533,-3.9981,8.9451,3.9985
65.542,-3.9981,8.9476,3.9985
65.552,-3.9981,8.9476,3.9985
65.561,-3.9981,8.9476,3.9985
65.571,-3.9981,8.9501,3.9985
65.581,-3.9981,8.9501,3.9985
65.590,-3.9981,8.9525,3.9985
65.601,-3.9981,8.9525,3.9985
65.609,-3.9981,8.9550,3.9985
65.620,-3.9981,8.9550,3.9985
65.628,-3.9981,8.9574,3.9985
65.639,-3.9981,8.9574,3.9985
65.648,-3.9981,8.9599,3.9985
65.659,-3.9981,8.9599,3.9985
65.667,-3.9981,8.9624,3.9985
65.677,-3.9981,8.9624,3.9985
65.686,-3.9981,8.9648,3.9985
65.697,-3.9981,8.9648,3.9985
65.706,-3.9981,8.9673,3.9985
65.716,-3.9981,8.9673,3.9985
65.725,-3.9981,8.9698,3.9985
65.733,-3.9981,8.9698,3.9985
65.742,-3.9981,8.9698,3.9985
65.749,-3.9981,8.9722,3.9985
65.759,-3.9981,8.9722,3.9985
65.767,-3.9981,8.9747,3.9985
65.777,-3.9981,8.9747,3.9985
65.786,-3.9981,8.9771,3.9985
65.796,-3.9981,8.9771,3.9985
65.804,-3.9981,8.9796,3.9985
65.814,-3.9981,8.9796,3.9985
65.824,-3.9981,8.9821,3.9985
65.833,-3.9981,8.9821,3.9985
65.841,-3.9981,8.9821,3.9985
65.850,-3.9981,8.9845,3.9985
65.861,-3.9981,8.9845,3.9985
65.869,-3.9981,8.9870,3.9985
65.879,-3.9981,8.9870,3.9985
65.888,-3.9981,8.9895,3.9985
65.898,-3.9981,8.9895,3.9985
65.907,-3.9981,8.9919,3.9985
65.917,-3.9981,8.9919,3.9985
65.926,-3.9981,8.9944,3.9985
65.935,-3.9981,8.9944,3.9985
65.944,-3.9981,8.9969,3.9985
65.954,-3.9981,8.9969,3.9985
65.962,-3.9981,8.9993,3.9985
65.973,-3.9981,8.9993,3.9985
65.980,-3.9981,8.9993,3.9985
65.990,-3.9981,9.0018,3.9985
66.001,-3.9981,9.0018,3.9985
66.010,-3.9981,9.0043,3.9985
66.021,-3.9981,9.0043,3.9985
66.029,-3.9981,9.0067,3.9985
66.040,-3.9981,9.0067,3.9985
66.047,-3.9981,9.0092,3.9985
66.058,-3.9981,9.0092,3.9985
66.065,-3.9981,9.0117,3.9985
66.075,-3.9981,9.0117,3.9985
66.083,-3.9981,9.0141,3.9985
66.093,-3.9981,9.0141,3.9985
66.101,-3.9981,9.0141,3.9985
66.109,-3.9981,9.0166,3.9985
66.118,-3.9981,9.0166,3.9985
66.126,-3.9981,9.0191,3.9985
66.135,-3.9981,9.0191,3.9985
66.143,-3.9981,9.0215,3.9985
66.154,-3.9981,9.0215,3.9985
66.161,-3.9981,9.0215,3.9985
66.169,-3.9981,9.0240,3.9985
66.179,-3.9981,9.0240,3.9985
66.187,-3.9981,9.0265,3.9985
66.196,-3.9981,9.0265,3.9985
66.203,-3.9981,9.0289,3.9985
66.213,-3.9981,9.0289,3.9985
66.221,-3.9981,9.0289,3.9985
66.229,-3.9981,9.0314,3.9985
66.239,-3.9981,9.0314,3.9985
66.246,-3.9981,9.0339,3.9985
66.257,-3.9981,9.0339,3.9985
66.264,-3.9981,9.0363,3.9985
66.274,-3.9981,9.0363,3.9985
66.281,-3.9981,9.0363,3.9985
66.290,-3.9981,9.0388,3.9985
66.299,-3.9981,9.0388,3.9985
66.308,-3.9981,9.0412,3.9985
66.316,-3.9981,9.0412,3.9985
66.325,-3.9981,9.0437,3.9985
66.335,-3.9981,9.0437,3.9985
66.342,-3.9981,9.0462,3.9985
66.352,-3.9981,9.0462,3.9985
66.360,-3.9981,9.0462,3.9985
66.368,-3.9981,9.0486,3.9985
66.377,-3.9981,9.0486,3.9985
66.386,-3.9981,9.0511,3.9985
66.396,-3.9981,9.0511,3.9985
66.405,-3.9981,9.0536,3.9985
66.414,-3.9981,9.0536,3.9985
66.424,-3.9981,9.0560,3.9985
66.433,-3.9981,9.0560,3.9985
66.440,-3.9981,9.0560,3.9985
66.446,-3.9981,9.0585,3.9985
66.457,-3.9981,9.0585,3.9985
66.464,-3.9981,9.0610,3.9985
66.474,-3.9981,9.0610,3.9985
66.482,-3.9981,9.0634,3.9985
66.492,-3.9981,9.0634,3.9985
66.500,-3.9981,9.0634,3.9985
66.508,-3.9981,9.0659,3.9985
66.517,-3.9981,9.0659,3.9985
66.525,-3.9981,9.0684,3.9985
66.535,-3.9981,9.0684,3.9985
66.544,-3.9981,9.0708,3.9985
66.554,-3.9981,9.0708,3.9985
66.562,-3.9981,9.0733,3.9985
66.571,-3.9981,9.0733,3.9985
66.578,-3.9981,9.0733,3.9985
66.587,-3.9981,9.0758,3.9985
66.596,-3.9981,9.0758,3.9985
66.604,-3.9981,9.0782,3.9985
66.614,-3.9981,9.0782,3.9985
66.622,-3.9981,9.0807,3.9985
66.631,-3.9981,9.0807,3.9985
66.638,-3.9981,9.0807,3.9985
66.647,-3.9981,9.0832,3.9985
66.657,-3.9981,9.0832,3.9985
66.665,-3.9981,9.0856,3.9985
66.674,-3.9981,9.0856,3.9985
66.682,-3.9981,9.0881,3.9985
66.692,-3.9981,9.0881,3.9985
66.699,-3.9981,9.0881,3.9985
66.709,-3.9981,9.0906,3.9985
66.718,-3.9981,9.0906,3.9985
66.727,-3.9981,9.0930,3.9985
66.735,-3.9981,9.0930,3.9985
66.745,-3.9981,9.0955,3.9985
66.757,-3.9981,9.0955,3.9985
66.764,-3.9981,9.0980,3.9985
66.775,-3.9981,9.0980,3.9985
66.783,-3.9981,9.1004,3.9985
66.794,-3.9981,9.1004,3.9985
66.802,-3.9981,9.1029,3.9985
66.813,-3.9981,9.1029,3.9985
66.822,-3.9981,9.1029,3.9985
66.829,-3.9981,9.1054,3.9985
66.839,-3.9981,9.1054,3.9985
66.847,-3.9981,9.1079,3.9985
66.858,-3.9981,9.1079,3.9985
66.866,-3.9981,9.1103,3.9985
66.876,-3.9981,9.1103,3.9985
66.885,-3.9981,9.1128,3.9985
66.896,-3.9981,9.1128,3.9985
66.904,-3.9981,9.1153,3.9985
66.914,-3.9981,9.1153,3.9985
66.923,-3.9981,9.1177,3.9985
66.932,-3.9981,9.1177,3.9985
66.941,-3.9981,9.1177,3.9985
66.949,-3.9981,9.1202,3.9985
66.960,-3.9981,9.1202,3.9985
66.967,-3.9981,9.1227,3.9985
66.978,-3.9981,9.1227,3.9985
66.986,-3.9981,9.1251,3.9985
66.998,-3.9981,9.1251,3.9985
67.005,-3.9981,9.1276,3.9985
67.015,-3.9981,9.1276,3.9985
67.024,-3.9981,9.1301,3.9985
67.033,-3.9981,9.1301,3.9985
67.041,-3.9981,9.1301,3.9985
67.049,-3.9981,9.1325,3.9985
67.061,-3.9981,9.1325,3.9985
67.068,-3.9981,9.1350,3.9985
67.078,-3.9981,9.1350,3.9985
67.088,-3.9981,9.1375,3.9985
67.098,-3.9981,9.1375,3.9985
67.107,-3.9981,9.1400,3.9985
67.117,-3.9981,9.1400,3.9985
67.125,-3.9981,9.1424,3.9985
67.136,-3.9981,9.1424,3.9985
67.144,-3.9981,9.1449,3.9985
67.154,-3.9981,9.1449,3.9985
67.162,-3.9981,9.1474,3.9985
67.173,-3.9981,9.1474,3.9985
67.181,-3.9981,9.1474,3.9985
67.190,-3.9981,9.1498,3.9985
67.200,-3.9981,9.1498,3.9985
67.209,-3.9981,9.1523,3.9985
67.219,-3.9981,9.1523,3.9985
67.227,-3.9981,9.1548,3.9985
67.237,-3.9981,9.1548,3.9985
67.246,-3.9981,9.1572,3.9985
67.257,-3.9981,9.1572,3.9985
67.265,-3.9981,9.1597,3.9985
67.276,-3.9981,9.1597,3.9985
67.285,-3.9981,9.1622,3.9985
67.295,-3.9981,9.1622,3.9985
67.302,-3.9981,9.1647,3.9985
67.312,-3.9981,9.1647,3.9985
67.321,-3.9981,9.1647,3.9985
67.329,-3.9981,9.1671,3.9985
67.338,-3.9981,9.1671,3.9985
67.346,-3.9981,9.1696,3.9985
67.357,-3.9981,9.1696,3.9985
67.364,-3.9981,9.1721,3.9985
67.373,-3.9981,9.1721,3.9985
67.381,-3.9981,9.1721,3.9985
67.389,-3.9981,9.1746,3.9985
67.398,-3.9981,9.1746,3.9985
67.406,-3.9981,9.1770,3.9985
67.416,-3.9981,9.1770,3.9985
67.424,-3.9981,9.1795,3.9985
67.431,-3.9981,9.1795,3.9985
67.440,-3.9981,9.1795,3.9985
67.448,-3.9981,9.1820,3.9985
67.459,-3.9981,9.1820,3.9985
67.465,-3.9981,9.1844,3.9985
67.475,-3.9981,9.1844,3.9985
67.482,-3.9981,9.1869,3.9985
67.493,-3.9981,9.1869,3.9985
67.500,-3.9981,9.1869,3.9985
67.509,-3.9981,9.1894,3.9985
67.517,-3.9981,9.1894,3.9985
67.526,-3.9981,9.1919,3.9985
67.543,-3.9981,9.1943,3.9985
67.553,-3.9981,9.1943,3.9985
67.561,-3.9981,9.1943,3.9985
67.570,-3.9981,9.1968,3.9985
67.579,-3.9981,9.1968,3.9985
67.587,-3.9981,9.1993,3.9985
67.597,-3.9981,9.1993,3.9985
67.605,-3.9981,9.2018,3.9985
67.613,-3.9981,9.2018,3.9985
67.622,-3.9981,9.2043,3.9985
67.632,-3.9981,9.2043,3.9985
67.640,-3.9981,9.2043,3.9985
67.647,-3.9981,9.2067,3.9985
67.657,-3.9981,9.2067,3.9985
67.664,-3.9981,9.2092,3.9985
67.674,-3.9981,9.2092,3.9985
67.682,-3.9981,9.2117,3.9985
67.692,-3.9981,9.2117,3.9985
67.699,-3.9981,9.2117,3.9985
67.708,-3.9981,9.2142,3.9985
67.718,-3.9981,9.2142,3.9985
67.726,-3.9981,9.2166,3.9985
67.735,-3.9981,9.2166,3.9985
67.744,-3.9981,9.2191,3.9985
67.753,-3.9981,9.2191,3.9985
67.761,-3.9981,9.2191,3.9985
67.768,-3.9981,9.2216,3.9985
67.777,-3.9981,9.2216,3.9985
67.786,-3.9981,9.2240,3.9985
67.795,-3.9981,9.2240,3.9985
67.803,-3.9981,9.2265,3.9985
67.813,-3.9981,9.2265,3.9985
67.822,-3.9981,9.2265,3.9985
67.829,-3.9981,9.2290,3.9985
67.840,-3.9981,9.2290,3.9985
67.847,-3.9981,9.2314,3.9985
67.857,-3.9981,9.2314,3.9985
67.865,-3.9981,9.2339,3.9985
67.874,-3.9981,9.2339,3.9985
67.882,-3.9981,9.2364,3.9985
67.893,-3.9981,9.2364,3.9985
67.900,-3.9981,9.2364,3.9985
67.909,-3.9981,9.2388,3.9985
67.918,-3.9981,9.2388,3.9985
67.927,-3.9981,9.2413,3.9985
67.935,-3.9981,9.2413,3.9985
67.944,-3.9981,9.2437,3.9985
67.953,-3.9981,9.2437,3.9985
67.961,-3.9981,9.2437,3.9985
67.968,-3.9981,9.2462,3.9985
67.977,-3.9981,9.2462,3.9985
67.986,-3.9981,9.2487,3.9985
67.996,-3.9981,9.2487,3.9985
68.005,-3.9981,9.2511,3.9985
68.016,-3.9981,9.2511,3.9985
68.025,-3.9981,9.2536,3.9985
68.036,-3.9981,9.2536,3.9985
68.044,-3.9981,9.2561,3.9985
68.054,-3.9981,9.2561,3.9985
68.062,-3.9981,9.2585,3.9985
68.073,-3.9981,9.2585,3.9985
68.082,-3.9981,9.2610,3.9985
68.092,-3.9981,9.2610,3.9985
68.101,-3.9981,9.2610,3.9985
68.110,-3.9981,9.2635,3.9985
68.119,-3.9981,9.2635,3.9985
68.127,-3.9981,9.2659,3.9985
68.137,-3.9981,9.2659,3.9985
68.145,-3.9981,9.2684,3.9985
68.156,-3.9981,9.2684,3.9985
68.165,-3.9981,9.2709,3.9985
68.176,-3.9981,9.2709,3.9985
68.185,-3.9981,9.2734,3.9985
68.196,-3.9981,9.2734,3.9985
68.205,-3.9981,9.2758,3.9985
68.215,-3.9981,9.2758,3.9985
68.225,-3.9981,9.2783,3.9985
68.236,-3.9981,9.2783,3.9985
68.244,-3.9981,9.2808,3.9985
68.253,-3.9981,9.2808,3.9985
68.261,-3.9981,9.2808,3.9985
68.269,-3.9981,9.2833,3.9985
68.278,-3.9981,9.2833,3.9985
68.288,-3.9981,9.2857,3.9985
68.298,-3.9981,9.2857,3.9985
68.307,-3.9981,9.2882,3.9985
68.317,-3.9981,9.2882,3.9985
68.327,-3.9981,9.2907,3.9985
68.336,-3.9981,9.2907,3.9985
68.346,-3.9981,9.2932,3.9985
68.357,-3.9981,9.2932,3.9985
68.365,-3.9981,9.2957,3.9985
68.375,-3.9981,9.2957,3.9985
68.384,-3.9981,9.2982,3.9985
68.395,-3.9981,9.2982,3.9985
68.403,-3.9981,9.3006,3.9985
68.413,-3.9981,9.3006,3.9985
68.423,-3.9981,9.3031,3.9985
68.431,-3.9981,9.3031,3.9985
68.440,-3.9981,9.3031,3.9985
68.449,-3.9981,9.3056,3.9985
68.459,-3.9981,9.3056,3.9985
68.467,-3.9981,9.3081,3.9985
68.477,-3.9981,9.3081,3.9985
68.486,-3.9981,9.3106,3.9985
68.496,-3.9981,9.3106,3.9985
68.505,-3.9981,9.3131,3.9985
68.514,-3.9981,9.3131,3.9985
68.523,-3.9981,9.3155,3.9985
68.533,-3.9981,9.3155,3.9985
68.542,-3.9981,9.3180,3.9985
68.553,-3.9981,9.3180,3.9985
68.561,-3.9981,9.3180,3.9985
68.569,-3.9981,9.3205,3.9985
68.578,-3.9981,9.3205,3.9985
68.586,-3.9981,9.3230,3.9985
68.596,-3.9981,9.3230,3.9985
68.603,-3.9981,9.3255,3.9985
68.614,-3.9981,9.3255,3.9985
68.623,-3.9981,9.3279,3.9985
68.631,-3.9981,9.3279,3.9985
68.638,-3.9981,9.3279,3.9985
68.646,-3.9981,9.3304,3.9985
68.657,-3.9981,9.3304,3.9985
68.664,-3.9981,9.3329,3.9985
68.673,-3.9981,9.3329,3.9985
68.681,-3.9981,9.3329,3.9985
68.690,-3.9981,9.3354,3.9985
68.699,-3.9981,9.3354,3.9985
68.707,-3.9981,9.3379,3.9985
68.717,-3.9981,9.3379,3.9985
68.726,-3.9981,9.3404,3.9985
68.735,-3.9981,9.3404,3.9985
68.743,-3.9981,9.3428,3.9985
68.753,-3.9981,9.3428,3.9985
68.761,-3.9981,9.3428,3.9985
68.768,-3.9981,9.3453,3.9985
68.778,-3.9981,9.3453,3.9985
68.786,-3.9981,9.3478,3.9985
68.795,-3.9981,9.3478,3.9985
68.803,-3.9981,9.3503,3.9985
68.811,-3.9981,9.3503,3.9985
68.819,-3.9981,9.3503,3.9985
68.827,-3.9981,9.3528,3.9985
68.837,-3.9981,9.3528,3.9985
68.844,-3.9981,9.3553,3.9985
68.854,-3.9981,9.3553,3.9985
68.862,-3.9981,9.3577,3.9985
68.871,-3.9981,9.3577,3.9985
68.878,-3.9981,9.3577,3.9985
68.887,-3.9981,9.3602,3.9985
68.896,-3.9981,9.3602,3.9985
68.903,-3.9981,9.3627,3.9985
68.912,-3.9981,9.3627,3.9985
68.921,-3.9981,9.3627,3.9985
68.929,-3.9981,9.3640,3.9985
68.939,-3.9981,9.3640,3.9985
68.947,-3.9981,9.3640,3.9985
68.957,-3.9981,9.3640,3.9985
68.965,-3.9981,9.3640,3.9985
68.973,-3.9981,9.3640,3.9985
68.981,-3.9981,9.3640,3.9985
68.988,-3.9981,9.3640,3.9985
68.999,-3.9981,9.3640,3.9985
69.007,-3.9981,9.3640,3.9985
69.016,-3.9981,9.3640,3.9985
69.025,-3.9981,9.3640,3.9985
69.033,-3.9981,9.3640,3.9985
69.042,-3.9981,9.3640,3.9985
69.051,-3.9981,9.3640,3.9985
69.060,-3.9981,9.3640,3.9985
69.066,-3.9981,9.3640,3.9985
69.077,-3.9981,9.3640,3.9985
69.086,-3.9981,9.3640,3.9985
69.094,-3.9981,9.3640,3.9985
69.102,-3.9981,9.3640,3.9985
69.111,-3.9981,9.3640,3.9985
69.120,-3.9981,9.3640,3.9985
69.127,-3.9981,9.3640,3.9985
69.135,-3.9981,9.3640,3.9985
69.144,-3.9981,9.3640,3.9985
69.153,-3.9981,9.3640,3.9985
69.160,-3.9981,9.3640,3.9985
69.168,-3.9981,9.3640,3.9985
69.177,-3.9981,9.3640,3.9985
69.183,-3.9981,9.3640,3.9985
69.194,-3.9981,9.3640,3.9985
69.201,-3.9981,9.3640,3.9985
69.209,-3.9981,9.3640,3.9985
69.217,-3.9981,9.3640,3.9985
69.226,-3.9981,9.3640,3.9985
69.233,-3.9981,9.3640,3.9985
69.241,-3.9981,9.3640,3.9985
69.249,-3.9981,9.3640,3.9985
69.260,-3.9981,9.3640,3.9985
69.268,-3.9981,9.3640,3.9985
69.278,-3.9981,9.3640,3.9985
69.288,-3.9981,9.3640,3.9985
69.296,-3.9981,9.3640,3.9985
69.305,-3.9981,9.3640,3.9985
69.315,-3.9981,9.3640,3.9985
69.325,-3.9981,9.3640,3.9985
69.334,-3.9981,9.3640,3.9985
69.342,-3.9981,9.3640,3.9985
69.353,-3.9981,9.3640,3.9985
69.361,-3.9981,9.3640,3.9985
69.369,-3.9981,9.3640,3.9985
69.379,-3.9981,9.3640,3.9985
69.387,-3.9981,9.3640,3.9985
69.397,-3.9981,9.3640,3.9985
69.405,-3.9981,9.3640,3.9985
69.415,-3.9981,9.3640,3.9985
69.423,-3.9981,9.3640,3.9985
69.433,-3.9981,9.3640,3.9985
69.441,-3.9981,9.3640,3.9985
69.449,-3.9981,9.3640,3.9985
69.459,-3.9981,9.3640,3.9985
69.467,-3.9981,9.3640,3.9985
69.477,-3.9981,9.3640,3.9985
69.485,-3.9981,9.3640,3.9985
69.496,-3.9981,9.3640,3.9985
69.505,-3.9981,9.3640,3.9985
69.514,-3.9981,9.3640,3.9985
69.523,-3.9981,9.3640,3.9985
69.530,-3.9981,9.3640,3.9985
69.539,-3.9981,9.3640,3.9985
69.546,-3.9981,9.3640,3.9985
69.556,-3.9981,9.3640,3.9985
69.564,-3.9981,9.3640,3.9985
69.574,-3.9981,9.3640,3.9985
69.583,-3.9981,9.3640,3.9985
69.592,-3.9981,9.3640,3.9985
69.601,-3.9981,9.3640,3.9985
69.610,-3.9981,9.3640,3.9985
69.621,-3.9981,9.3640,3.9985
69.630,-3.9981,9.3640,3.9985
69.640,-3.9981,9.3640,3.9985
69.649,-3.9981,9.3640,3.9985
69.659,-3.9981,9.3640,3.9985
69.667,-3.9981,9.3640,3.9985
69.678,-3.9981,9.3640,3.9985
69.686,-3.9981,9.3640,3.9985
69.695,-3.9981,9.3640,3.9985
69.703,-3.9981,9.3640,3.9985
69.713,-3.9981,9.3640,3.9985
69.723,-3.9981,9.3640,3.9985
69.732,-3.9981,9.3640,3.9985
69.750,-3.9981,9.3640,3.9985
69.761,-3.9981,9.3640,3.9985
69.769,-3.9981,9.3640,3.9985
69.780,-3.9981,9.3640,3.9985
69.789,-3.9981,9.3640,3.9985
69.799,-3.9981,9.3640,3.9985
69.807,-3.9981,9.3640,3.9985
69.816,-3.9981,9.3640,3.9985
69.825,-3.9981,9.3640,3.9985
69.834,-3.9981,9.3640,3.9985
69.843,-3.9981,9.3640,3.9985
69.853,-3.9981,9.3640,3.9985
69.861,-3.9981,9.3640,3.9985
69.869,-3.9981,9.3640,3.9985
69.879,-3.9981,9.3640,3.9985
69.886,-3.9981,9.3640,3.9985
69.896,-3.9981,9.3640,3.9985
69.903,-3.9981,9.3640,3.9985
69.912,-3.9981,9.3640,3.9985
69.920,-3.9981,9.3640,3.9985
69.929,-3.9981,9.3640,3.9981
69.938,-3.9981,9.3640,3.9981
69.946,-3.9981,9.3640,3.9976
69.956,-3.9981,9.3640,3.9976
69.963,-3.9981,9.3640,3.9970
69.972,-3.9981,9.3640,3.9970
69.980,-3.9981,9.3640,3.9970
69.989,-3.9981,9.3640,3.9963
69.996,-3.9981,9.3640,3.9963
70.004,-3.9981,9.3640,3.9955
70.014,-3.9981,9.3640,3.9955
70.023,-3.9981,9.3640,3.9932
70.031,-3.9981,9.3640,3.9932
70.041,-3.9981,9.3640,3.9932
70.048,-3.9981,9.3640,3.9906
70.058,-3.9981,9.3640,3.9906
70.065,-3.9981,9.3640,3.9877
70.075,-3.9981,9.3640,3.9877
70.083,-3.9981,9.3640,3.9847
70.093,-3.9981,9.3640,3.9847
70.101,-3.9981,9.3640,3.9847
70.109,-3.9981,9.3640,3.9813
70.119,-3.9981,9.3640,3.9813
70.128,-3.9981,9.3640,3.9744
70.138,-3.9981,9.3640,3.9744
70.145,-3.9981,9.3640,3.9669
70.155,-3.9981,9.3640,3.9669
70.164,-3.9981,9.3640,3.9587
70.173,-3.9981,9.3640,3.9587
70.180,-3.9981,9.3640,3.9587
70.189,-3.9981,9.3640,3.9497
70.199,-3.9981,9.3640,3.9497
70.206,-3.9981,9.3640,3.9401
70.216,-3.9981,9.3640,3.9401
70.225,-3.9981,9.3640,3.9205
70.234,-3.9981,9.3640,3.9205
70.242,-3.9981,9.3640,3.8999
70.250,-3.9981,9.3640,3.8999
70.260,-3.9981,9.3640,3.8999
70.266,-3.9981,9.3640,3.8771
70.277,-3.9981,9.3640,3.8771
70.285,-3.9981,9.3640,3.8538
70.295,-3.9981,9.3640,3.8538
70.301,-3.9981,9.3640,3.8538
70.310,-3.9981,9.3640,3.8305
70.320,-3.9981,9.3640,3.8305
70.328,-3.9981,9.3640,3.8072
70.337,-3.9981,9.3640,3.8072
70.345,-3.9981,9.3640,3.7841
70.355,-3.9981,9.3640,3.7841
70.363,-3.9981,9.3640,3.7607
70.372,-3.9981,9.3640,3.7607
70.379,-3.9981,9.3640,3.7607
70.388,-3.9981,9.3640,3.7374
70.398,-3.9981,9.3640,3.7374
70.406,-3.9981,9.3640,3.7141
70.414,-3.9981,9.3640,3.7141
70.423,-3.9981,9.3640,3.6907
70.431,-3.9981,9.3640,3.6907
70.439,-3.9981,9.3640,3.6907
70.446,-3.9981,9.3640,3.6674
70.456,-3.9981,9.3640,3.6674
70.463,-3.9981,9.3640,3.6441
70.473,-3.9981,9.3640,3.6441
70.481,-3.9981,9.3640,3.6441
70.489,-3.9981,9.3640,3.6209
70.498,-3.9981,9.3640,3.6209
70.506,-3.9981,9.3640,3.5978
70.514,-3.9981,9.3640,3.5978
70.523,-3.9981,9.3640,3.5747
70.532,-3.9981,9.3640,3.5747
70.541,-3.9981,9.3640,3.5747
70.549,-3.9981,9.3640,3.5518
70.560,-3.9981,9.3640,3.5518
70.568,-3.9981,9.3640,3.5290
70.578,-3.9981,9.3640,3.5290
70.587,-3.9981,9.3640,3.5062
70.597,-3.9981,9.3640,3.5062
70.605,-3.9981,9.3640,3.4836
70.616,-3.9981,9.3640,3.4836
70.625,-3.9981,9.3640,3.4612
70.635,-3.9981,9.3640,3.4612
70.644,-3.9981,9.3640,3.4389
70.656,-3.9981,9.3640,3.4389
70.664,-3.9981,9.3640,3.4168
70.675,-3.9981,9.3640,3.4168
70.683,-3.9981,9.3640,3.3950
70.694,-3.9981,9.3640,3.3950
70.701,-3.9981,9.3640,3.3950
70.711,-3.9981,9.3640,3.3735
70.723,-3.9981,9.3640,3.3520
70.732,-3.9981,9.3640,3.3520
70.743,-3.9981,9.3640,3.3307
70.755,-3.9981,9.3640,3.3307
70.764,-3.9980,9.3640,3.3094
70.775,-3.9980,9.3640,3.3094
70.784,-3.9978,9.3640,3.2881
70.793,-3.9978,9.3640,3.2881
70.801,-3.9978,9.3640,3.2881
70.809,-3.9976,9.3640,3.2669
70.820,-3.9976,9.3640,3.2669
70.829,-3.9970,9.3640,3.2456
70.839,-3.9970,9.3640,3.2456
70.848,-3.9963,9.3640,3.2243
70.858,-3.9963,9.3640,3.2243
70.866,-3.9955,9.3640,3.2031
70.876,-3.9955,9.3640,3.2031
70.884,-3.9947,9.3640,3.1818
70.895,-3.9947,9.3640,3.1818
70.903,-3.9927,9.3640,3.1606
70.913,-3.9927,9.3640,3.1606
70.923,-3.9905,9.3640,3.1393
70.933,-3.9905,9.3640,3.1393
70.942,-3.9880,9.3640,3.1181
70.953,-3.9880,9.3640,3.1181
70.961,-3.9880,9.3640,3.1181
70.970,-3.9854,9.3640,3.0968
70.980,-3.9854,9.3640,3.0968
70.991,-3.9796,9.3640,3.0756
71.004,-3.9735,9.3640,3.0544
71.016,-3.9735,9.3640,3.0544
71.024,-3.9670,9.3640,3.0333
71.034,-3.9670,9.3640,3.0333
71.043,-3.9603,9.3640,3.0121
71.054,-3.9603,9.3640,3.0121
71.063,-3.9533,9.3640,2.9909
71.073,-3.9533,9.3640,2.9909
71.082,-3.9463,9.3640,2.9697
71.093,-3.9463,9.3640,2.9697
71.101,-3.9463,9.3640,2.9697
71.110,-3.9393,9.3640,2.9485
71.120,-3.9393,9.3640,2.9485
71.129,-3.9323,9.3640,2.9273
71.140,-3.9323,9.3640,2.9273
71.146,-3.9253,9.3640,2.9062
71.157,-3.9253,9.3640,2.9062
71.165,-3.9183,9.3640,2.8850
71.175,-3.9183,9.3640,2.8850
71.182,-3.9113,9.3640,2.8638
71.192,-3.9113,9.3640,2.8638
71.199,-3.9113,9.3640,2.8638
71.207,-3.9043,9.3640,2.8427
71.216,-3.9043,9.3640,2.8427
71.225,-3.8973,9.3640,2.8215
71.233,-3.8973,9.3640,2.8215
71.241,-3.8973,9.3640,2.8215
71.249,-3.8903,9.3640,2.8004
71.259,-3.8903,9.3640,2.8004
71.267,-3.8833,9.3640,2.7792
71.275,-3.8833,9.3640,2.7792
71.284,-3.8763,9.3640,2.7580
71.294,-3.8763,9.3640,2.7580
71.302,-3.8693,9.3640,2.7369
71.311,-3.8693,9.3640,2.7369
71.323,-3.8623,9.3640,2.7157
71.333,-3.8623,9.3640,2.7157
71.339,-3.8623,9.3640,2.7157
71.348,-3.8553,9.3640,2.6945
71.358,-3.8553,9.3640,2.6945
71.366,-3.8483,9.3640,2.6733
71.376,-3.8483,9.3640,2.6733
71.384,-3.8413,9.3640,2.6521
71.394,-3.8413,9.3640,2.6521
71.400,-3.8413,9.3640,2.6521
71.409,-3.8343,9.3640,2.6309
71.417,-3.8343,9.3640,2.6309
71.427,-3.8273,9.3640,2.6098
71.436,-3.8273,9.3640,2.6098
71.444,-3.8203,9.3640,2.5886
71.456,-3.8203,9.3640,2.5886
71.465,-3.8133,9.3640,2.5674
71.476,-3.8133,9.3640,2.5674
71.487,-3.8063,9.3640,2.5462
71.498,-3.8063,9.3640,2.5462
71.507,-3.7993,9.3640,2.5251
71.518,-3.7993,9.3640,2.5251
71.527,-3.7923,9.3640,2.5039
71.537,-3.7923,9.3640,2.5039
71.546,-3.7853,9.3640,2.4827
71.557,-3.7853,9.3640,2.4827
71.565,-3.7783,9.3640,2.4615
71.576,-3.7783,9.3640,2.4615
71.585,-3.7713,9.3640,2.4404
71.596,-3.7713,9.3640,2.4404
71.604,-3.7643,9.3640,2.4192
71.615,-3.7643,9.3640,2.4192
71.624,-3.7573,9.3640,2.3980
71.635,-3.7573,9.3640,2.3980
71.646,-3.7503,9.3640,2.3768
71.657,-3.7503,9.3640,2.3768
71.666,-3.7433,9.3640,2.3557
71.678,-3.7433,9.3640,2.3557
71.688,-3.7363,9.3640,2.3345
71.698,-3.7363,9.3640,2.3345
71.708,-3.7293,9.3640,2.3133
71.718,-3.7293,9.3640,2.3133
71.727,-3.7223,9.3640,2.2922
71.738,-3.7223,9.3640,2.2922
71.747,-3.7153,9.3640,2.2710
71.758,-3.7153,9.3640,2.2710
71.767,-3.7083,9.3640,2.2498
71.780,-3.7083,9.3640,2.2498
71.790,-3.7013,9.3640,2.2287
71.802,-3.6943,9.3640,2.2075
71.813,-3.6943,9.3640,2.2075
71.824,-3.6873,9.3640,2.1864
71.834,-3.6873,9.3640,2.1864
71.843,-3.6803,9.3640,2.1652
71.855,-3.6803,9.3640,2.1652
71.864,-3.6733,9.3640,2.1440
71.874,-3.6733,9.3640,2.1440
71.884,-3.6663,9.3640,2.1229
71.896,-3.6663,9.3640,2.1229
71.905,-3.6593,9.3640,2.1018
71.916,-3.6593,9.3640,2.1018
71.926,-3.6523,9.3640,2.0807
71.940,-3.6523,9.3640,2.0807
71.950,-3.6453,9.3640,2.0596
71.962,-3.6383,9.3640,2.0386
71.974,-3.6383,9.3640,2.0386
71.984,-3.6313,9.3640,2.0177
71.996,-3.6313,9.3640,2.0177
72.007,-3.6243,9.3640,1.9969
72.019,-3.6243,9.3640,1.9969
72.028,-3.6173,9.3640,1.9763
72.042,-3.6103,9.3640,1.9560
72.057,-3.6103,9.3640,1.9560
72.065,-3.6033,9.3640,1.9361
72.075,-3.6033,9.3640,1.9361
72.082,-3.5963,9.3640,1.9168
72.093,-3.5963,9.3640,1.9168
72.103,-3.5893,9.3640,1.8981
72.114,-3.5893,9.3640,1.8981
72.124,-3.5823,9.3640,1.8885
72.135,-3.5823,9.3640,1.8885
72.144,-3.5753,9.3640,1.8791
72.156,-3.5753,9.3640,1.8791
72.165,-3.5683,9.3640,1.8703
72.177,-3.5683,9.3640,1.8703
72.188,-3.5613,9.3640,1.8619
72.201,-3.5613,9.3640,1.8619
72.211,-3.5543,9.3640,1.8539
72.225,-3.5473,9.3640,1.8463
72.237,-3.5473,9.3640,1.8463
72.247,-3.5403,9.3640,1.8391
72.258,-3.5403,9.3640,1.8391
72.266,-3.5333,9.3640,1.8355
72.277,-3.5333,9.3640,1.8355
72.286,-3.5263,9.3640,1.8322
72.297,-3.5263,9.3640,1.8322
72.307,-3.5193,9.3640,1.8291
72.318,-3.5193,9.3640,1.8291
72.327,-3.5123,9.3640,1.8263
72.338,-3.5123,9.3640,1.8263
72.347,-3.5053,9.3640,1.8236
72.358,-3.5053,9.3640,1.8236
72.366,-3.4983,9.3640,1.8213
72.376,-3.4983,9.3640,1.8213
72.385,-3.4913,9.3640,1.8205
72.396,-3.4913,9.3640,1.8205
72.403,-3.4843,9.3640,1.8198
72.412,-3.4843,9.3640,1.8198
72.421,-3.4843,9.3640,1.8198
72.430,-3.4773,9.3640,1.8192
72.439,-3.4773,9.3640,1.8192
72.448,-3.4703,9.3640,1.8187
72.458,-3.4703,9.3640,1.8187
72.467,-3.4633,9.3640,1.8183
72.477,-3.4633,9.3640,1.8183
72.485,-3.4563,9.3640,1.8180
72.496,-3.4563,9.3640,1.8180
72.504,-3.4493,9.3640,1.8177
72.514,-3.4493,9.3640,1.8177
72.522,-3.4423,9.3640,1.8177
72.531,-3.4423,9.3640,1.8177
72.539,-3.4423,9.3640,1.8177
72.546,-3.4353,9.3640,1.8177
72.556,-3.4353,9.3640,1.8177
72.563,-3.4283,9.3640,1.8177
72.574,-3.4283,9.3640,1.8177
72.582,-3.4213,9.3640,1.8177
72.592,-3.4213,9.3640,1.8177
72.600,-3.4213,9.3640,1.8177
72.608,-3.4143,9.3640,1.8177
72.617,-3.4143,9.3640,1.8177
72.625,-3.4073,9.3640,1.8177
72.633,-3.4073,9.3640,1.8177
72.641,-3.4073,9.3640,1.8177
72.649,-3.4003,9.3640,1.8177
72.659,-3.4003,9.3640,1.8177
72.666,-3.3933,9.3640,1.8177
72.675,-3.3933,9.3640,1.8177
72.682,-3.3863,9.3640,1.8177
72.693,-3.3863,9.3640,1.8177
72.702,-3.3863,9.3640,1.8177
72.710,-3.3793,9.3640,1.8177
72.720,-3.3793,9.3640,1.8177
72.729,-3.3723,9.3640,1.8177
72.740,-3.3723,9.3640,1.8177
72.747,-3.3653,9.3640,1.8177
72.758,-3.3653,9.3640,1.8177
72.767,-3.3583,9.3640,1.8177
72.776,-3.3583,9.3640,1.8177
72.784,-3.3513,9.3640,1.8177
72.794,-3.3513,9.3640,1.8177
72.802,-3.3443,9.3640,1.8177
72.810,-3.3443,9.3640,1.8177
72.820,-3.3443,9.3640,1.8177
72.829,-3.3373,9.3640,1.8177
72.840,-3.3373,9.3640,1.8177
72.850,-3.3303,9.3640,1.8177
72.862,-3.3233,9.3640,1.8177
72.871,-3.3233,9.3640,1.8177
72.882,-3.3163,9.3640,1.8177
72.894,-3.3163,9.3640,1.8177
72.903,-3.3093,9.3640,1.8177
72.915,-3.3093,9.3640,1.8177
72.924,-3.3023,9.3640,1.8177
72.933,-3.3023,9.3640,1.8177
72.944,-3.2953,9.3640,1.8177
72.956,-3.2953,9.3640,1.8177
72.966,-3.2883,9.3640,1.8177
72.978,-3.2883,9.3640,1.8177
72.990,-3.2813,9.3640,1.8177
73.001,-3.2813,9.3640,1.8177
73.012,-3.2743,9.3640,1.8177
73.025,-3.2673,9.3640,1.8177
73.036,-3.2673,9.3640,1.8177
73.045,-3.2603,9.3640,1.8177
73.058,-3.2603,9.3640,1.8177
73.068,-3.2533,9.3640,1.8180
73.078,-3.2533,9.3640,1.8180
73.088,-3.2463,9.3640,1.8184
73.099,-3.2463,9.3640,1.8184
73.108,-3.2393,9.3640,1.8189
73.118,-3.2393,9.3640,1.8189
73.128,-3.2323,9.3640,1.8193
73.136,-3.2323,9.3640,1.8193
73.146,-3.2253,9.3640,1.8199
73.158,-3.2253,9.3640,1.8199
73.166,-3.2183,9.3640,1.8204
73.177,-3.2183,9.3640,1.8204
73.186,-3.2113,9.3640,1.8210
73.196,-3.2113,9.3640,1.8210
73.206,-3.2043,9.3640,1.8216
73.216,-3.2043,9.3640,1.8216
73.227,-3.1973,9.3640,1.8222
73.236,-3.1973,9.3640,1.8222
73.245,-3.1903,9.3640,1.8227
73.255,-3.1903,9.3640,1.8227
73.263,-3.1833,9.3640,1.8233
73.274,-3.1833,9.3640,1.8233
73.282,-3.1763,9.3640,1.8239
73.293,-3.1763,9.3640,1.8239
73.302,-3.1763,9.3640,1.8239
73.311,-3.1693,9.3640,1.8245
73.321,-3.1693,9.3640,1.8245
73.331,-3.1623,9.3640,1.8250
73.340,-3.1623,9.3640,1.8250
73.348,-3.1553,9.3640,1.8256
73.356,-3.1553,9.3640,1.8256
73.367,-3.1483,9.3640,1.8262
73.375,-3.1483,9.3640,1.8262
73.385,-3.1413,9.3640,1.8267
73.396,-3.1413,9.3640,1.8267
73.405,-3.1343,9.3640,1.8273
73.414,-3.1343,9.3640,1.8273
73.423,-3.1273,9.3640,1.8279
73.433,-3.1273,9.3640,1.8279
73.441,-3.1273,9.3640,1.8279
73.450,-3.1203,9.3640,1.8285
73.462,-3.1133,9.3640,1.8291
73.472,-3.1133,9.3640,1.8291
73.481,-3.1133,9.3640,1.8291
73.490,-3.1063,9.3640,1.8297
73.499,-3.1063,9.3640,1.8297
73.508,-3.0993,9.3640,1.8303
73.518,-3.0993,9.3640,1.8303
73.527,-3.0923,9.3640,1.8309
73.536,-3.0923,9.3640,1.8309
73.544,-3.0853,9.3640,1.8315
73.555,-3.0853,9.3640,1.8315
73.563,-3.0783,9.3640,1.8321
73.574,-3.0783,9.3640,1.8321
73.582,-3.0713,9.3640,1.8327
73.593,-3.0713,9.3640,1.8327
73.601,-3.0713,9.3640,1.8327
73.610,-3.0643,9.3640,1.8333
73.621,-3.0643,9.3640,1.8333
73.629,-3.0573,9.3640,1.8339
73.640,-3.0573,9.3640,1.8339
73.647,-3.0503,9.3640,1.8345
73.657,-3.0503,9.3640,1.8345
73.666,-3.0433,9.3640,1.8351
73.675,-3.0433,9.3640,1.8351
73.683,-3.0363,9.3640,1.8357
73.692,-3.0363,9.3640,1.8357
73.700,-3.0363,9.3640,1.8357
73.708,-3.0293,9.3640,1.8364
73.717,-3.0293,9.3640,1.8364
73.726,-3.0223,9.3640,1.8370
73.735,-3.0223,9.3640,1.8370
73.743,-3.0153,9.3640,1.8377
73.753,-3.0153,9.3640,1.8377
73.761,-3.0153,9.3640,1.8377
73.769,-3.0083,9.3640,1.8383
73.780,-3.0083,9.3640,1.8383
73.789,-3.0013,9.3640,1.8390
73.798,-3.0013,9.3640,1.8390
73.806,-2.9943,9.3640,1.8397
73.815,-2.9943,9.3640,1.8397
73.823,-2.9873,9.3640,1.8403
73.832,-2.9873,9.3640,1.8403
73.839,-2.9873,9.3640,1.8403
73.847,-2.9803,9.3640,1.8411
73.858,-2.9803,9.3640,1.8411
73.866,-2.9733,9.3640,1.8418
73.875,-2.9733,9.3640,1.8418
73.883,-2.9663,9.3640,1.8425
73.892,-2.9663,9.3640,1.8425
73.900,-2.9663,9.3640,1.8425
73.909,-2.9593,9.3640,1.8433
73.918,-2.9593,9.3640,1.8433
73.926,-2.9523,9.3640,1.8440
73.935,-2.9523,9.3640,1.8440
73.944,-2.9453,9.3640,1.8448
73.954,-2.9453,9.3640,1.8448
73.962,-2.9383,9.3640,1.8456
73.970,-2.9383,9.3640,1.8456
73.978,-2.9383,9.3640,1.8456
73.986,-2.9313,9.3640,1.8464
73.998,-2.9313,9.3640,1.8464
74.008,-2.9243,9.3640,1.8472
74.018,-2.9243,9.3640,1.8472
74.027,-2.9173,9.3640,1.8479
74.037,-2.9173,9.3640,1.8479
74.046,-2.9103,9.3640,1.8487
74.056,-2.9103,9.3640,1.8487
74.064,-2.9033,9.3640,1.8495
74.073,-2.9033,9.3640,1.8495
74.081,-2.9033,9.3640,1.8495
74.090,-2.8963,9.3640,1.8502
74.098,-2.8963,9.3640,1.8502
74.107,-2.8893,9.3640,1.8510
74.115,-2.8893,9.3640,1.8510
74.125,-2.8823,9.3640,1.8517
74.133,-2.8823,9.3640,1.8517
74.142,-2.8753,9.3640,1.8525
74.153,-2.8753,9.3640,1.8525
74.160,-2.8753,9.3640,1.8525
74.168,-2.8683,9.3640,1.8532
74.177,-2.8683,9.3640,1.8532
74.186,-2.8613,9.3640,1.8540
74.194,-2.8613,9.3640,1.8540
74.202,-2.8543,9.3640,1.8547
74.212,-2.8543,9.3640,1.8547
74.221,-2.8543,9.3640,1.8547
74.228,-2.8473,9.3640,1.8555
74.235,-2.8473,9.3640,1.8555
74.245,-2.8403,9.3640,1.8562
74.256,-2.8403,9.3640,1.8562
74.263,-2.8333,9.3640,1.8569
74.271,-2.8333,9.3640,1.8569
74.280,-2.8333,9.3640,1.8569
74.288,-2.8263,9.3640,1.8577
74.297,-2.8263,9.3640,1.8577
74.304,-2.8193,9.3640,1.8584
74.313,-2.8193,9.3640,1.8584
74.322,-2.8123,9.3640,1.8592
74.332,-2.8123,9.3640,1.8592
74.340,-2.8123,9.3640,1.8592
74.348,-2.8053,9.3640,1.8599
74.358,-2.8053,9.3640,1.8599
74.366,-2.7983,9.3640,1.8606
74.379,-2.7983,9.3640,1.8606
74.393,-2.7913,9.3640,1.8614
74.404,-2.7843,9.3640,1.8621
74.413,-2.7843,9.3640,1.8621
74.422,-2.7773,9.3640,1.8628
74.431,-2.7773,9.3640,1.8628
74.440,-2.7773,9.3640,1.8628
74.447,-2.7703,9.3640,1.8636
74.457,-2.7703,9.3640,1.8636
74.466,-2.7633,9.3640,1.8643
74.475,-2.7633,9.3640,1.8643
74.484,-2.7563,9.3640,1.8650
74.493,-2.7563,9.3640,1.8650
74.502,-2.7563,9.3640,1.8650
74.510,-2.7493,9.3640,1.8657
74.521,-2.7493,9.3640,1.8657
74.530,-2.7423,9.3640,1.8664
74.538,-2.7423,9.3640,1.8664
74.548,-2.7353,9.3640,1.8671
74.557,-2.7353,9.3640,1.8671
74.566,-2.7283,9.3640,1.8678
74.576,-2.7283,9.3640,1.8678
74.584,-2.7213,9.3640,1.8685
74.594,-2.7213,9.3640,1.8685
74.601,-2.7213,9.3640,1.8685
74.610,-2.7143,9.3640,1.8692
74.618,-2.7143,9.3640,1.8692
74.627,-2.7073,9.3640,1.8699
74.636,-2.7073,9.3640,1.8699
74.645,-2.7003,9.3640,1.8706
74.656,-2.7003,9.3640,1.8706
74.664,-2.6933,9.3640,1.8713
74.674,-2.6933,9.3640,1.8713
74.682,-2.6863,9.3640,1.8720
74.693,-2.6863,9.3640,1.8720
74.701,-2.6863,9.3640,1.8720
74.710,-2.6793,9.3640,1.8727
74.721,-2.6793,9.3640,1.8727
74.729,-2.6723,9.3640,1.8734
74.739,-2.6723,9.3640,1.8734
74.747,-2.6653,9.3640,1.8741
74.758,-2.6653,9.3640,1.8741
74.766,-2.6583,9.3640,1.8748
74.775,-2.6583,9.3640,1.8748
74.785,-2.6513,9.3640,1.8755
74.796,-2.6513,9.3640,1.8755
74.804,-2.6443,9.3640,1.8762
74.814,-2.6443,9.3640,1.8762
74.823,-2.6373,9.3640,1.8769
74.834,-2.6373,9.3640,1.8769
74.843,-2.6303,9.3640,1.8776
74.854,-2.6303,9.3640,1.8776
74.862,-2.6233,9.3640,1.8783
74.872,-2.6233,9.3640,1.8783
74.881,-2.6233,9.3640,1.8783
74.890,-2.6163,9.3640,1.8790
74.898,-2.6163,9.3640,1.8790
74.907,-2.6093,9.3640,1.8797
74.916,-2.6093,9.3640,1.8797
74.925,-2.6023,9.3640,1.8803
74.934,-2.6023,9.3640,1.8803
74.944,-2.5953,9.3640,1.8810
74.954,-2.5953,9.3640,1.8810
74.962,-2.5883,9.3640,1.8817
74.973,-2.5883,9.3640,1.8817
74.980,-2.5883,9.3640,1.8817
74.990,-2.5813,9.3640,1.8824
75.000,-2.5813,9.3640,1.8824
75.009,-2.5743,9.3640,1.8831
75.020,-2.5743,9.3640,1.8831
75.029,-2.5673,9.3640,1.8838
75.039,-2.5673,9.3640,1.8838
75.048,-2.5603,9.3640,1.8845
75.058,-2.5603,9.3640,1.8845
75.067,-2.5533,9.3640,1.8852
75.077,-2.5533,9.3640,1.8852
75.085,-2.5463,9.3640,1.8858
75.095,-2.5463,9.3640,1.8858
75.103,-2.5393,9.3640,1.8865
75.113,-2.5393,9.3640,1.8865
75.121,-2.5393,9.3640,1.8865
75.129,-2.5323,9.3640,1.8872
75.138,-2.5323,9.3640,1.8872
75.149,-2.5253,9.3640,1.8879
75.159,-2.5253,9.3640,1.8879
75.167,-2.5183,9.3640,1.8886
75.177,-2.5183,9.3640,1.8886
75.185,-2.5113,9.3640,1.8893
75.194,-2.5113,9.3640,1.8893
75.202,-2.5043,9.3640,1.8900
75.212,-2.5043,9.3640,1.8900
75.221,-2.5043,9.3640,1.8900
75.229,-2.4973,9.3640,1.8906
75.240,-2.4973,9.3640,1.8906
75.250,-2.4903,9.3640,1.8913
75.261,-2.4903,9.3640,1.8913
75.272,-2.4833,9.3640,1.8920
75.282,-2.4833,9.3640,1.8920
75.290,-2.4763,9.3640,1.8927
75.300,-2.4763,9.3640,1.8927
75.308,-2.4693,9.3640,1.8933
75.319,-2.4693,9.3640,1.8933
75.328,-2.4623,9.3640,1.8940
75.337,-2.4623,9.3640,1.8940
75.346,-2.4553,9.3640,1.8947
75.357,-2.4553,9.3640,1.8947
75.365,-2.4483,9.3640,1.8954
75.375,-2.4483,9.3640,1.8954
75.383,-2.4413,9.3640,1.8960
75.395,-2.4413,9.3640,1.8960
75.402,-2.4343,9.3640,1.8967
75.413,-2.4343,9.3640,1.8967
75.423,-2.4273,9.3640,1.8974
75.433,-2.4273,9.3640,1.8974
75.441,-2.4273,9.3640,1.8974
75.449,-2.4203,9.3640,1.8981
75.460,-2.4203,9.3640,1.8981
75.469,-2.4133,9.3640,1.8987
75.477,-2.4133,9.3640,1.8987
75.486,-2.4063,9.3640,1.8994
75.495,-2.4063,9.3640,1.8994
75.503,-2.3993,9.3640,1.9001
75.512,-2.3993,9.3640,1.9001
75.521,-2.3993,9.3640,1.9001
75.528,-2.3923,9.3640,1.9007
75.536,-2.3923,9.3640,1.9007
75.544,-2.3853,9.3640,1.9014
75.554,-2.3853,9.3640,1.9014
75.561,-2.3853,9.3640,1.9014
75.568,-2.3783,9.3640,1.9021
75.578,-2.3783,9.3640,1.9021
75.587,-2.3713,9.3640,1.9028
75.597,-2.3713,9.3640,1.9028
75.606,-2.3643,9.3640,1.9034
75.617,-2.3643,9.3640,1.9034
75.626,-2.3573,9.3640,1.9041
75.636,-2.3573,9.3640,1.9041
75.645,-2.3503,9.3640,1.9048
75.655,-2.3503,9.3640,1.9048
75.664,-2.3433,9.3640,1.9054
75.673,-2.3433,9.3640,1.9054
75.681,-2.3433,9.3640,1.9054
75.689,-2.3363,9.3640,1.9061
75.698,-2.3363,9.3640,1.9061
75.706,-2.3293,9.3640,1.9068
75.715,-2.3293,9.3640,1.9068
75.725,-2.3223,9.3640,1.9075
75.733,-2.3223,9.3640,1.9075
75.742,-2.3153,9.3640,1.9081
75.754,-2.3153,9.3640,1.9081
75.762,-2.3083,9.3640,1.9088
75.773,-2.3083,9.3640,1.9088
75.781,-2.3083,9.3640,1.9088
75.791,-2.3013,9.3640,1.9095
75.802,-2.2943,9.3640,1.9101
75.813,-2.2943,9.3640,1.9101
75.823,-2.2873,9.3640,1.9108
75.833,-2.2873,9.3640,1.9108
75.841,-2.2873,9.3640,1.9108
75.850,-2.2803,9.3640,1.9115
75.860,-2.2803,9.3640,1.9115
75.868,-2.2733,9.3640,1.9121
75.878,-2.2733,9.3640,1.9121
75.886,-2.2663,9.3640,1.9128
75.895,-2.2663,9.3640,1.9128
75.904,-2.2593,9.3640,1.9135
75.914,-2.2593,9.3640,1.9135
75.923,-2.2523,9.3640,1.9141
75.933,-2.2523,9.3640,1.9141
75.943,-2.2453,9.3640,1.9148
75.953,-2.2453,9.3640,1.9148
75.962,-2.2383,9.3640,1.9155
75.972,-2.2383,9.3640,1.9155
75.980,-2.2383,9.3640,1.9155
75.990,-2.2313,9.3640,1.9161
76.000,-2.2313,9.3640,1.9161
76.010,-2.2243,9.3640,1.9168
76.020,-2.2243,9.3640,1.9168
76.030,-2.2173,9.3640,1.9175
76.040,-2.2173,9.3640,1.9175
76.048,-2.2103,9.3640,1.9182
76.059,-2.2103,9.3640,1.9182
76.067,-2.2033,9.3640,1.9188
76.078,-2.2033,9.3640,1.9188
76.087,-2.1963,9.3640,1.9195
76.097,-2.1963,9.3640,1.9195
76.106,-2.1893,9.3640,1.9202
76.118,-2.1893,9.3640,1.9202
76.126,-2.1823,9.3640,1.9208
76.136,-2.1823,9.3640,1.9208
76.145,-2.1753,9.3640,1.9215
76.156,-2.1753,9.3640,1.9215
76.164,-2.1683,9.3640,1.9222
76.173,-2.1683,9.3640,1.9222
76.182,-2.1613,9.3640,1.9228
76.192,-2.1613,9.3640,1.9228
76.199,-2.1613,9.3640,1.9228
76.207,-2.1543,9.3640,1.9235
76.218,-2.1543,9.3640,1.9235
76.226,-2.1473,9.3640,1.9242
76.235,-2.1473,9.3640,1.9242
76.244,-2.1403,9.3640,1.9248
76.253,-2.1403,9.3640,1.9248
76.261,-2.1403,9.3640,1.9248
76.270,-2.1333,9.3640,1.9255
76.279,-2.1333,9.3640,1.9255
76.288,-2.1263,9.3640,1.9262
76.297,-2.1263,9.3640,1.9262
76.305,-2.1193,9.3640,1.9269
76.315,-2.1193,9.3640,1.9269
76.324,-2.1123,9.3640,1.9275
76.333,-2.1123,9.3640,1.9275
76.342,-2.1053,9.3640,1.9282
76.350,-2.1053,9.3640,1.9282
76.360,-2.1053,9.3640,1.9282
76.367,-2.0983,9.3640,1.9289
76.377,-2.0983,9.3640,1.9289
76.385,-2.0913,9.3640,1.9295
76.395,-2.0913,9.3640,1.9295
76.403,-2.0843,9.3640,1.9302
76.412,-2.0843,9.3640,1.9302
76.422,-2.0773,9.3640,1.9309
76.432,-2.0773,9.3640,1.9309
76.440,-2.0773,9.3640,1.9309
76.450,-2.0703,9.3640,1.9315
76.459,-2.0703,9.3640,1.9315
76.468,-2.0633,9.3640,1.9322
76.478,-2.0633,9.3640,1.9322
76.487,-2.0563,9.3640,1.9329
76.497,-2.0563,9.3640,1.9329
76.504,-2.0493,9.3640,1.9335
76.515,-2.0493,9.3640,1.9335
76.524,-2.0423,9.3640,1.9342
76.533,-2.0423,9.3640,1.9342
76.542,-2.0352,9.3640,1.9349
76.551,-2.0352,9.3640,1.9349
76.561,-2.0352,9.3640,1.9349
76.569,-2.0283,9.3640,1.9355
76.578,-2.0283,9.3640,1.9355
76.586,-2.0213,9.3640,1.9362
76.595,-2.0213,9.3640,1.9362
76.603,-2.0142,9.3640,1.9369
76.612,-2.0142,9.3640,1.9369
76.621,-2.0142,9.3640,1.9369
76.630,-2.0072,9.3640,1.9375
76.640,-2.0072,9.3640,1.9375
76.647,-2.0002,9.3640,1.9382
76.657,-2.0002,9.3640,1.9382
76.665,-1.9932,9.3640,1.9389
76.675,-1.9932,9.3640,1.9389
76.683,-1.9862,9.3640,1.9395
76.702,-1.9862,9.3640,1.9395
76.711,-1.9792,9.3640,1.9402
76.721,-1.9792,9.3640,1.9402
76.729,-1.9722,9.3640,1.9409
76.739,-1.9722,9.3640,1.9409
76.747,-1.9652,9.3640,1.9415
76.757,-1.9652,9.3640,1.9415
76.765,-1.9582,9.3640,1.9422
76.775,-1.9582,9.3640,1.9422
76.784,-1.9512,9.3640,1.9429
76.794,-1.9512,9.3640,1.9429
76.802,-1.9512,9.3640,1.9429
76.811,-1.9442,9.3640,1.9436
76.823,-1.9372,9.3640,1.9442
76.833,-1.9372,9.3640,1.9442
76.842,-1.9372,9.3640,1.9442
76.849,-1.9302,9.3640,1.9449
76.862,-1.9232,9.3640,1.9456
76.874,-1.9232,9.3640,1.9456
76.882,-1.9162,9.3640,1.9462
76.893,-1.9162,9.3640,1.9462
76.901,-1.9162,9.3640,1.9462
76.910,-1.9092,9.3640,1.9469
76.921,-1.9092,9.3640,1.9469
76.929,-1.9022,9.3640,1.9476
76.940,-1.9022,9.3640,1.9476
76.948,-1.8952,9.3640,1.9482
76.958,-1.8952,9.3640,1.9482
76.967,-1.8882,9.3640,1.9489
76.977,-1.8882,9.3640,1.9489
76.987,-1.8812,9.3640,1.9496
76.998,-1.8812,9.3640,1.9496
77.006,-1.8742,9.3640,1.9502
77.016,-1.8742,9.3640,1.9502
77.026,-1.8672,9.3640,1.9509
77.035,-1.8672,9.3640,1.9509
77.044,-1.8602,9.3640,1.9516
77.055,-1.8602,9.3640,1.9516
77.064,-1.8532,9.3640,1.9523
77.074,-1.8532,9.3640,1.9523
77.083,-1.8462,9.3640,1.9529
77.094,-1.8462,9.3640,1.9529
77.103,-1.8392,9.3640,1.9536
77.116,-1.8392,9.3640,1.9536
77.124,-1.8322,9.3640,1.9543
77.132,-1.8322,9.3640,1.9543
77.140,-1.8322,9.3640,1.9543
77.149,-1.8252,9.3640,1.9550
77.159,-1.8252,9.3640,1.9550
77.166,-1.8182,9.3640,1.9556
77.177,-1.8182,9.3640,1.9556
77.186,-1.8112,9.3640,1.9563
77.195,-1.8112,9.3640,1.9563
77.205,-1.8042,9.3640,1.9570
77.216,-1.8042,9.3640,1.9570
77.225,-1.7972,9.3640,1.9577
77.235,-1.7972,9.3640,1.9577
77.243,-1.7902,9.3640,1.9583
77.254,-1.7902,9.3640,1.9583
77.263,-1.7832,9.3640,1.9590
77.273,-1.7832,9.3640,1.9590
77.282,-1.7762,9.3640,1.9597
77.292,-1.7762,9.3640,1.9597
77.300,-1.7762,9.3640,1.9597
77.308,-1.7692,9.3640,1.9604
77.319,-1.7692,9.3640,1.9604
77.329,-1.7622,9.3640,1.9610
77.339,-1.7622,9.3640,1.9610
77.348,-1.7552,9.3640,1.9617
77.359,-1.7552,9.3640,1.9617
77.368,-1.7482,9.3640,1.9624
77.379,-1.7482,9.3640,1.9624
77.389,-1.7412,9.3640,1.9630
77.398,-1.7412,9.3640,1.9630
77.407,-1.7342,9.3640,1.9637
77.416,-1.7342,9.3640,1.9637
77.425,-1.7272,9.3640,1.9644
77.434,-1.7272,9.3640,1.9644
77.445,-1.7202,9.3640,1.9651
77.456,-1.7202,9.3640,1.9651
77.464,-1.7132,9.3640,1.9657
77.475,-1.7132,9.3640,1.9657
77.483,-1.7062,9.3640,1.9664
77.494,-1.7062,9.3640,1.9664
77.502,-1.6992,9.3640,1.9671
77.511,-1.6992,9.3640,1.9671
77.520,-1.6992,9.3640,1.9671
77.528,-1.6922,9.3640,1.9678
77.539,-1.6922,9.3640,1.9678
77.547,-1.6852,9.3640,1.9684
77.558,-1.6852,9.3640,1.9684
77.566,-1.6782,9.3640,1.9691
77.575,-1.6782,9.3640,1.9691
77.584,-1.6712,9.3640,1.9698
77.594,-1.6712,9.3640,1.9698
77.602,-1.6712,9.3640,1.9698
77.611,-1.6642,9.3640,1.9704
77.621,-1.6642,9.3640,1.9704
77.630,-1.6572,9.3640,1.9711
77.638,-1.6572,9.3640,1.9711
77.645,-1.6502,9.3640,1.9718
77.655,-1.6502,9.3640,1.9718
77.663,-1.6432,9.3640,1.9725
77.673,-1.6432,9.3640,1.9725
77.681,-1.6432,9.3640,1.9725
77.691,-1.6362,9.3640,1.9731
77.700,-1.6362,9.3640,1.9731
77.709,-1.6292,9.3640,1.9738
77.719,-1.6292,9.3640,1.9738
77.727,-1.6222,9.3640,1.9745
77.736,-1.6222,9.3640,1.9745
77.745,-1.6152,9.3640,1.9752
77.755,-1.6152,9.3640,1.9752
77.763,-1.6082,9.3640,1.9758
77.772,-1.6082,9.3640,1.9758
77.782,-1.6012,9.3640,1.9765
77.791,-1.6012,9.3640,1.9765
77.800,-1.6012,9.3640,1.9765
77.808,-1.5942,9.3640,1.9772
77.818,-1.5942,9.3640,1.9772
77.827,-1.5872,9.3640,1.9779
77.836,-1.5872,9.3640,1.9779
77.845,-1.5802,9.3640,1.9785
77.855,-1.5802,9.3640,1.9785
77.863,-1.5732,9.3640,1.9792
77.874,-1.5732,9.3640,1.9792
77.882,-1.5732,9.3640,1.9792
77.891,-1.5662,9.3640,1.9799
77.901,-1.5662,9.3640,1.9799
77.910,-1.5592,9.3640,1.9805
77.921,-1.5592,9.3640,1.9805
77.929,-1.5522,9.3640,1.9812
77.940,-1.5522,9.3640,1.9812
77.947,-1.5452,9.3640,1.9819
77.958,-1.5452,9.3640,1.9819
77.966,-1.5382,9.3640,1.9826
77.975,-1.5382,9.3640,1.9826
77.984,-1.5312,9.3640,1.9832
77.994,-1.5312,9.3640,1.9832
78.003,-1.5242,9.3640,1.9839
78.013,-1.5242,9.3640,1.9839
78.023,-1.5172,9.3640,1.9846
78.032,-1.5172,9.3640,1.9846
78.041,-1.5172,9.3640,1.9846
78.050,-1.5102,9.3640,1.9852
78.060,-1.5102,9.3640,1.9852
78.068,-1.5032,9.3640,1.9859
78.079,-1.5032,9.3640,1.9859
78.087,-1.4962,9.3640,1.9866
78.096,-1.4962,9.3640,1.9866
78.103,-1.4892,9.3640,1.9873
78.113,-1.4892,9.3640,1.9873
78.122,-1.4822,9.3640,1.9879
78.131,-1.4822,9.3640,1.9879
78.140,-1.4822,9.3640,1.9879
78.149,-1.4752,9.3640,1.9886
78.160,-1.4752,9.3640,1.9886
78.169,-1.4682,9.3640,1.9892
78.180,-1.4682,9.3640,1.9892
78.190,-1.4612,9.3640,1.9899
78.200,-1.4612,9.3640,1.9899
78.209,-1.4542,9.3640,1.9905
78.220,-1.4542,9.3640,1.9905
78.229,-1.4472,9.3640,1.9912
78.240,-1.4472,9.3640,1.9912
78.249,-1.4402,9.3640,1.9918
78.260,-1.4402,9.3640,1.9918
78.269,-1.4332,9.3640,1.9923
78.278,-1.4332,9.3640,1.9923
78.288,-1.4262,9.3640,1.9929
78.297,-1.4262,9.3640,1.9929
78.305,-1.4192,9.3640,1.9933
78.315,-1.4192,9.3640,1.9933
78.325,-1.4122,9.3640,1.9937
78.335,-1.4122,9.3640,1.9937
78.344,-1.4052,9.3640,1.9940
78.355,-1.4052,9.3640,1.9940
78.364,-1.3982,9.3640,1.9940
78.375,-1.3982,9.3640,1.9940
78.384,-1.3912,9.3640,1.9940
78.394,-1.3912,9.3640,1.9940
78.402,-1.3842,9.3640,1.9940
78.412,-1.3842,9.3640,1.9940
78.421,-1.3842,9.3640,1.9940
78.428,-1.3772,9.3640,1.9940
78.438,-1.3772,9.3640,1.9940
78.447,-1.3702,9.3640,1.9940
78.458,-1.3702,9.3640,1.9940
78.465,-1.3632,9.3640,1.9940
78.476,-1.3632,9.3640,1.9940
78.486,-1.3562,9.3640,1.9940
78.495,-1.3562,9.3640,1.9940
78.504,-1.3492,9.3640,1.9940
78.513,-1.3492,9.3640,1.9940
78.523,-1.3422,9.3640,1.9940
78.533,-1.3422,9.3640,1.9940
78.542,-1.3422,9.3640,1.9940
78.551,-1.3352,9.3640,1.9940
78.560,-1.3352,9.3640,1.9940
78.570,-1.3282,9.3640,1.9940
78.580,-1.3282,9.3640,1.9940
78.589,-1.3212,9.3640,1.9940
78.599,-1.3212,9.3640,1.9940
78.607,-1.3142,9.3640,1.9940
78.617,-1.3142,9.3640,1.9940
78.628,-1.3072,9.3640,1.9940
78.636,-1.3072,9.3640,1.9940
78.645,-1.3002,9.3640,1.9940
78.658,-1.3002,9.3640,1.9940
78.665,-1.2932,9.3640,1.9940
78.675,-1.2932,9.3640,1.9940
78.683,-1.2862,9.3640,1.9940
78.694,-1.2862,9.3640,1.9940
78.701,-1.2862,9.3640,1.9940
78.709,-1.2792,9.3640,1.9940
78.719,-1.2792,9.3640,1.9940
78.727,-1.2722,9.3640,1.9940
78.737,-1.2722,9.3640,1.9940
78.745,-1.2652,9.3640,1.9940
78.755,-1.2652,9.3640,1.9940
78.762,-1.2582,9.3640,1.9940
78.772,-1.2582,9.3640,1.9940
78.781,-1.2582,9.3640,1.9940
78.789,-1.2512,9.3640,1.9940
78.798,-1.2512,9.3640,1.9940
78.807,-1.2442,9.3640,1.9940
78.817,-1.2442,9.3640,1.9940
78.825,-1.2372,9.3640,1.9940
78.835,-1.2372,9.3640,1.9940
78.843,-1.2302,9.3640,1.9940
78.854,-1.2302,9.3640,1.9940
78.863,-1.2232,9.3640,1.9943
78.873,-1.2232,9.3640,1.9943
78.881,-1.2232,9.3640,1.9943
78.890,-1.2162,9.3640,1.9947
78.900,-1.2162,9.3640,1.9947
78.908,-1.2092,9.3640,1.9953
78.917,-1.2092,9.3640,1.9953
78.926,-1.2022,9.3640,1.9959
78.935,-1.2022,9.3640,1.9959
78.944,-1.1952,9.3640,1.9966
78.955,-1.1952,9.3640,1.9966
78.962,-1.1882,9.3640,1.9972
78.972,-1.1882,9.3640,1.9972
78.979,-1.1882,9.3640,1.9972
78.988,-1.1812,9.3640,1.9978
78.997,-1.1812,9.3640,1.9978
79.005,-1.1742,9.3640,1.9983
79.014,-1.1742,9.3640,1.9983
79.023,-1.1672,9.3640,1.9987
79.034,-1.1672,9.3640,1.9987
79.042,-1.1602,9.3640,1.9991
79.060,-1.1602,9.3640,1.9991
79.068,-1.1532,9.3640,1.9991
79.078,-1.1532,9.3640,1.9991
79.086,-1.1462,9.3640,1.9991
79.096,-1.1462,9.3640,1.9991
79.103,-1.1392,9.3640,1.9991
79.113,-1.1392,9.3640,1.9991
79.121,-1.1392,9.3640,1.9991
79.129,-1.1322,9.3640,1.9991
79.138,-1.1322,9.3640,1.9991
79.146,-1.1252,9.3640,1.9991
79.156,-1.1252,9.3640,1.9991
79.163,-1.1182,9.3640,1.9991
79.173,-1.1182,9.3640,1.9991
79.180,-1.1182,9.3640,1.9991
79.190,-1.1112,9.3640,1.9991
79.199,-1.1112,9.3640,1.9991
79.208,-1.1042,9.3640,1.9991
79.217,-1.1042,9.3640,1.9991
79.225,-1.0972,9.3640,1.9991
79.234,-1.0972,9.3640,1.9991
79.241,-1.0972,9.3640,1.9991
79.250,-1.0902,9.3640,1.9991
79.261,-1.0902,9.3640,1.9991
79.268,-1.0832,9.3640,1.9991
79.277,-1.0832,9.3640,1.9991
79.285,-1.0762,9.3640,1.9991
79.296,-1.0762,9.3640,1.9991
79.303,-1.0692,9.3640,1.9991
79.312,-1.0692,9.3640,1.9991
79.321,-1.0692,9.3640,1.9991
79.330,-1.0622,9.3640,1.9991
79.339,-1.0622,9.3640,1.9991
79.347,-1.0552,9.3640,1.9991
79.357,-1.0552,9.3640,1.9991
79.364,-1.0482,9.3640,1.9991
79.374,-1.0482,9.3640,1.9991
79.382,-1.0412,9.3640,1.9991
79.392,-1.0412,9.3640,1.9991
79.400,-1.0412,9.3640,1.9991
79.410,-1.0342,9.3640,1.9991
79.419,-1.0342,9.3640,1.9991
79.428,-1.0272,9.3640,1.9991
79.438,-1.0272,9.3640,1.9991
79.445,-1.0202,9.3640,1.9991
79.457,-1.0202,9.3640,1.9991
79.465,-1.0132,9.3640,1.9991
79.476,-1.0132,9.3640,1.9991
79.485,-1.0062,9.3640,1.9991
79.495,-1.0062,9.3640,1.9991
79.504,-0.9992,9.3640,1.9991
79.514,-0.9992,9.3640,1.9991
79.523,-0.9922,9.3640,1.9991
79.533,-0.9922,9.3640,1.9991
79.541,-0.9922,9.3640,1.9991
79.551,-0.9852,9.3640,1.9991
79.562,-0.9782,9.3640,1.9991
79.572,-0.9782,9.3640,1.9991
79.581,-0.9782,9.3640,1.9991
79.592,-0.9712,9.3640,1.9991
79.600,-0.9712,9.3640,1.9991
79.610,-0.9642,9.3640,1.9991
79.621,-0.9642,9.3640,1.9991
79.630,-0.9572,9.3640,1.9991
79.641,-0.9572,9.3640,1.9991
79.650,-0.9502,9.3640,1.9991
79.660,-0.9502,9.3640,1.9991
79.669,-0.9432,9.3640,1.9991
79.678,-0.9432,9.3640,1.9991
79.688,-0.9362,9.3640,1.9991
79.697,-0.9362,9.3640,1.9991
79.706,-0.9292,9.3640,1.9991
79.717,-0.9292,9.3640,1.9991
79.725,-0.9222,9.3640,1.9991
79.734,-0.9222,9.3640,1.9991
79.744,-0.9152,9.3640,1.9991
79.755,-0.9152,9.3640,1.9991
79.763,-0.9082,9.3640,1.9991
79.773,-0.9082,9.3640,1.9991
79.782,-0.9012,9.3640,1.9991
79.791,-0.9012,9.3640,1.9991
79.800,-0.9012,9.3640,1.9991
79.808,-0.8942,9.3640,1.9991
79.818,-0.8942,9.3640,1.9991
79.827,-0.8872,9.3640,1.9991
79.836,-0.8872,9.3640,1.9991
79.845,-0.8802,9.3640,1.9991
79.857,-0.8802,9.3640,1.9991
79.867,-0.8732,9.3640,1.9991
79.876,-0.8732,9.3640,1.9991
79.885,-0.8662,9.3640,1.9991
79.896,-0.8662,9.3640,1.9991
79.904,-0.8592,9.3640,1.9991
79.913,-0.8592,9.3640,1.9991
79.922,-0.8522,9.3640,1.9991
79.931,-0.8522,9.3640,1.9991
79.941,-0.8522,9.3640,1.9991
79.949,-0.8452,9.3640,1.9991
79.960,-0.8452,9.3640,1.9991
79.967,-0.8382,9.3640,1.9991
79.977,-0.8382,9.3640,1.9991
79.986,-0.8312,9.3640,1.9991
79.994,-0.8312,9.3640,1.9991
80.002,-0.8242,9.3640,1.9991
80.012,-0.8242,9.3640,1.9991
80.021,-0.8242,9.3640,1.9991
80.028,-0.8172,9.3640,1.9991
80.037,-0.8172,9.3640,1.9991
80.045,-0.8102,9.3640,1.9991
80.055,-0.8102,9.3640,1.9991
80.063,-0.8032,9.3640,1.9991
80.072,-0.8032,9.3640,1.9991
80.080,-0.8032,9.3640,1.9991
80.088,-0.7962,9.3640,1.9991
80.097,-0.7962,9.3640,1.9991
80.106,-0.7892,9.3640,1.9991
80.114,-0.7892,9.3640,1.9991
80.122,-0.7822,9.3640,1.9991
80.131,-0.7822,9.3640,1.9991
80.139,-0.7822,9.3640,1.9991
80.147,-0.7752,9.3640,1.9991
80.157,-0.7752,9.3640,1.9991
80.165,-0.7682,9.3640,1.9991
80.174,-0.7682,9.3640,1.9991
80.182,-0.7612,9.3640,1.9991
80.192,-0.7612,9.3640,1.9991
80.198,-0.7612,9.3640,1.9991
80.207,-0.7542,9.3640,1.9991
80.215,-0.7542,9.3640,1.9991
80.224,-0.7472,9.3640,1.9991
80.232,-0.7472,9.3640,1.9991
80.239,-0.7472,9.3640,1.9991
80.247,-0.7402,9.3640,1.9991
80.257,-0.7402,9.3640,1.9991
80.264,-0.7332,9.3640,1.9991
80.273,-0.7332,9.3640,1.9991
80.281,-0.7332,9.3640,1.9991
80.290,-0.7262,9.3640,1.9991
80.298,-0.7262,9.3640,1.9991
80.306,-0.7192,9.3640,1.9991
80.316,-0.7192,9.3640,1.9991
80.323,-0.7122,9.3640,1.9991
80.331,-0.7122,9.3640,1.9991
80.340,-0.7122,9.3640,1.9991
80.348,-0.7052,9.3640,1.9991
80.358,-0.7052,9.3640,1.9991
80.365,-0.6982,9.3640,1.9991
80.375,-0.6982,9.3640,1.9991
80.383,-0.6912,9.3640,1.9991
80.393,-0.6912,9.3640,1.9991
80.401,-0.6912,9.3640,1.9991
80.410,-0.6842,9.3640,1.9991
80.418,-0.6842,9.3640,1.9991
80.426,-0.6772,9.3640,1.9991
80.435,-0.6772,9.3640,1.9991
80.443,-0.6702,9.3640,1.9991
80.451,-0.6702,9.3640,1.9991
80.460,-0.6702,9.3640,1.9991
80.468,-0.6632,9.3640,1.9991
80.477,-0.6632,9.3640,1.9991
80.484,-0.6562,9.3640,1.9991
80.493,-0.6562,9.3640,1.9991
80.501,-0.6562,9.3640,1.9991
80.509,-0.6492,9.3640,1.9991
80.519,-0.6492,9.3640,1.9991
80.527,-0.6422,9.3640,1.9991
80.536,-0.6422,9.3640,1.9991
80.544,-0.6352,9.3640,1.9991
80.555,-0.6352,9.3640,1.9991
80.563,-0.6282,9.3640,1.9991
80.573,-0.6282,9.3640,1.9991
80.581,-0.6282,9.3640,1.9991
80.589,-0.6212,9.3640,1.9991
80.598,-0.6212,9.3640,1.9991
80.606,-0.6142,9.3640,1.9991
80.614,-0.6142,9.3640,1.9991
80.623,-0.6072,9.3640,1.9991
80.631,-0.6072,9.3640,1.9991
80.639,-0.6072,9.3640,1.9991
80.648,-0.6002,9.3640,1.9991
80.658,-0.6002,9.3640,1.9991
80.665,-0.5932,9.3640,1.9991
80.674,-0.5932,9.3640,1.9991
80.683,-0.5862,9.3640,1.9991
80.693,-0.5862,9.3640,1.9991
80.701,-0.5862,9.3640,1.9991
80.711,-0.5792,9.3640,1.9991
80.721,-0.5792,9.3640,1.9991
80.730,-0.5722,9.3640,1.9991
80.741,-0.5722,9.3640,1.9991
80.749,-0.5652,9.3640,1.9991
80.760,-0.5652,9.3640,1.9991
80.768,-0.5582,9.3640,1.9991
80.778,-0.5582,9.3640,1.9991
80.788,-0.5512,9.3640,1.9991
80.797,-0.5512,9.3640,1.9991
80.806,-0.5442,9.3640,1.9991
80.815,-0.5442,9.3640,1.9991
80.824,-0.5372,9.3640,1.9991
80.833,-0.5372,9.3640,1.9991
80.841,-0.5372,9.3640,1.9991
80.850,-0.5302,9.3640,1.9991
80.862,-0.5302,9.3640,1.9991
80.871,-0.5232,9.3640,1.9991
80.881,-0.5232,9.3640,1.9991
80.892,-0.5162,9.3640,1.9991
80.901,-0.5162,9.3640,1.9991
80.910,-0.5092,9.3640,1.9991
80.921,-0.5092,9.3640,1.9991
80.929,-0.5022,9.3640,1.9991
80.939,-0.5022,9.3640,1.9991
80.948,-0.4952,9.3640,1.9991
80.957,-0.4952,9.3640,1.9991
80.965,-0.4882,9.3640,1.9991
80.976,-0.4882,9.3640,1.9991
80.984,-0.4812,9.3640,1.9991
80.995,-0.4812,9.3640,1.9991
81.003,-0.4742,9.3640,1.9991
81.015,-0.4742,9.3640,1.9991
81.024,-0.4672,9.3640,1.9991
81.036,-0.4672,9.3640,1.9991
81.046,-0.4602,9.3640,1.9991
81.058,-0.4602,9.3640,1.9991
81.066,-0.4532,9.3640,1.9991
81.077,-0.4532,9.3640,1.9991
81.086,-0.4462,9.3640,1.9991
81.095,-0.4462,9.3640,1.9991
81.105,-0.4392,9.3640,1.9991
81.114,-0.4392,9.3640,1.9991
81.123,-0.4322,9.3640,1.9991
81.133,-0.4322,9.3640,1.9991
81.141,-0.4322,9.3640,1.9991
81.151,-0.4252,9.3640,1.9991
81.162,-0.4182,9.3640,1.9991
81.171,-0.4182,9.3640,1.9991
81.180,-0.4182,9.3640,1.9991
81.190,-0.4112,9.3640,1.9991
81.199,-0.4112,9.3640,1.9991
81.207,-0.4042,9.3640,1.9991
81.218,-0.4042,9.3640,1.9991
81.227,-0.3972,9.3640,1.9991
81.236,-0.3972,9.3640,1.9991
81.244,-0.3902,9.3640,1.9991
81.255,-0.3902,9.3640,1.9991
81.262,-0.3832,9.3640,1.9991
81.272,-0.3832,9.3640,1.9991
81.280,-0.3832,9.3640,1.9991
81.290,-0.3762,9.3640,1.9991
81.298,-0.3762,9.3640,1.9991
81.306,-0.3692,9.3640,1.9991
81.314,-0.3692,9.3640,1.9991
81.323,-0.3622,9.3640,1.9991
81.331,-0.3622,9.3640,1.9991
81.338,-0.3622,9.3640,1.9991
81.347,-0.3552,9.3640,1.9991
81.356,-0.3552,9.3640,1.9991
81.372,-0.3482,9.3640,1.9991
81.382,-0.3412,9.3640,1.9991
81.391,-0.3412,9.3640,1.9991
81.400,-0.3412,9.3640,1.9991
81.409,-0.3342,9.3640,1.9991
81.418,-0.3342,9.3640,1.9991
81.426,-0.3272,9.3640,1.9991
81.436,-0.3272,9.3640,1.9991
81.444,-0.3202,9.3640,1.9991
81.454,-0.3202,9.3640,1.9991
81.463,-0.3132,9.3640,1.9991
81.472,-0.3132,9.3640,1.9991
81.480,-0.3132,9.3640,1.9991
81.488,-0.3062,9.3640,1.9991
81.498,-0.3062,9.3640,1.9991
81.506,-0.2992,9.3640,1.9991
81.515,-0.2992,9.3640,1.9991
81.524,-0.2922,9.3640,1.9991
81.533,-0.2922,9.3640,1.9991
81.542,-0.2852,9.3640,1.9991
81.550,-0.2852,9.3640,1.9991
81.560,-0.2852,9.3640,1.9991
81.567,-0.2782,9.3640,1.9991
81.576,-0.2782,9.3640,1.9991
81.585,-0.2712,9.3640,1.9991
81.594,-0.2712,9.3640,1.9991
81.602,-0.2712,9.3640,1.9991
81.611,-0.2642,9.3640,1.9991
81.623,-0.2572,9.3640,1.9991
81.630,-0.2572,9.3640,1.9991
81.639,-0.2572,9.3640,1.9991
81.647,-0.2502,9.3640,1.9991
81.659,-0.2502,9.3640,1.9991
81.665,-0.2432,9.3640,1.9991
81.675,-0.2432,9.3640,1.9991
81.683,-0.2362,9.3640,1.9991
81.692,-0.2362,9.3640,1.9991
81.699,-0.2362,9.3640,1.9991
81.707,-0.2292,9.3640,1.9991
81.716,-0.2292,9.3640,1.9991
81.725,-0.2222,9.3640,1.9991
81.735,-0.2222,9.3640,1.9991
81.743,-0.2152,9.3640,1.9991
81.752,-0.2152,9.3640,1.9991
81.760,-0.2152,9.3640,1.9991
81.768,-0.2082,9.3640,1.9991
81.777,-0.2082,9.3640,1.9991
81.786,-0.2012,9.3640,1.9991
81.795,-0.2012,9.3640,1.9991
81.802,-0.1942,9.3640,1.9991
81.811,-0.1942,9.3640,1.9991
81.819,-0.1942,9.3640,1.9991
81.828,-0.1872,9.3640,1.9991
81.836,-0.1872,9.3640,1.9991
81.845,-0.1802,9.3640,1.9991
81.855,-0.1802,9.3640,1.9991
81.864,-0.1732,9.3640,1.9991
81.874,-0.1732,9.3640,1.9991
81.881,-0.1732,9.3640,1.9991
81.890,-0.1662,9.3640,1.9991
81.898,-0.1662,9.3640,1.9991
81.907,-0.1592,9.3640,1.9991
81.916,-0.1592,9.3640,1.9991
81.925,-0.1522,9.3640,1.9991
81.935,-0.1522,9.3640,1.9991
81.943,-0.1452,9.3640,1.9991
81.955,-0.1452,9.3640,1.9991
81.963,-0.1382,9.3640,1.9991
81.974,-0.1382,9.3640,1.9991
81.984,-0.1312,9.3640,1.9991
81.994,-0.1312,9.3640,1.9991
82.003,-0.1242,9.3640,1.9991
82.013,-0.1242,9.3640,1.9991
82.023,-0.1172,9.3640,1.9991
82.032,-0.1172,9.3640,1.9991
82.040,-0.1172,9.3640,1.9991
82.048,-0.1102,9.3640,1.9991
82.058,-0.1102,9.3640,1.9991
82.067,-0.1032,9.3640,1.9991
82.078,-0.1032,9.3640,1.9991
82.087,-0.0962,9.3640,1.9991
82.096,-0.0962,9.3640,1.9991
82.105,-0.0892,9.3640,1.9991
82.116,-0.0892,9.3640,1.9991
82.125,-0.0822,9.3640,1.9991
82.134,-0.0822,9.3640,1.9991
82.143,-0.0752,9.3640,1.9991
82.153,-0.0752,9.3640,1.9991
82.163,-0.0682,9.3640,1.9991
82.175,-0.0682,9.3640,1.9991
82.184,-0.0612,9.3640,1.9991
82.195,-0.0612,9.3640,1.9991
82.205,-0.0542,9.3640,1.9991
82.214,-0.0542,9.3640,1.9991
82.223,-0.0472,9.3640,1.9991
82.231,-0.0472,9.3640,1.9991
82.240,-0.0472,9.3640,1.9991
82.248,-0.0402,9.3640,1.9991
82.259,-0.0402,9.3640,1.9991
82.268,-0.0332,9.3640,1.9991
82.278,-0.0332,9.3640,1.9991
82.287,-0.0262,9.3640,1.9991
82.297,-0.0262,9.3640,1.9991
82.305,-0.0192,9.3640,1.9991
82.315,-0.0192,9.3640,1.9991
82.324,-0.0122,9.3640,1.9991
82.333,-0.0122,9.3640,1.9991
82.341,-0.0122,9.3640,1.9991
82.350,-0.0052,9.3640,1.9991
82.361,-0.0052,9.3640,1.9991
82.370,0.0018,9.3640,1.9991
82.381,0.0018,9.3640,1.9991
82.390,0.0088,9.3640,1.9991
82.399,0.0088,9.3640,1.9991
82.407,0.0158,9.3640,1.9991
82.417,0.0158,9.3640,1.9991
82.426,0.0228,9.3640,1.9991
82.435,0.0228,9.3640,1.9991
82.444,0.0298,9.3640,1.9991
82.454,0.0298,9.3640,1.9991
82.464,0.0368,9.3640,1.9991
82.474,0.0368,9.3640,1.9991
82.483,0.0438,9.3640,1.9991
82.494,0.0438,9.3640,1.9991
82.502,0.0438,9.3640,1.9991
82.509,0.0508,9.3640,1.9991
82.519,0.0508,9.3640,1.9991
82.527,0.0578,9.3640,1.9991
82.536,0.0578,9.3640,1.9991
82.543,0.0648,9.3640,1.9991
82.554,0.0648,9.3640,1.9991
82.561,0.0648,9.3640,1.9991
82.569,0.0718,9.3640,1.9991
82.579,0.0718,9.3640,1.9991
82.587,0.0788,9.3640,1.9991
82.597,0.0788,9.3640,1.9991
82.604,0.0858,9.3640,1.9991
82.613,0.0858,9.3640,1.9991
82.622,0.0928,9.3640,1.9991
82.631,0.0928,9.3640,1.9991
82.639,0.0928,9.3640,1.9991
82.647,0.0998,9.3640,1.9991
82.656,0.0998,9.3640,1.9991
82.665,0.1068,9.3640,1.9991
82.674,0.1068,9.3640,1.9991
82.682,0.1138,9.3640,1.9991
82.692,0.1138,9.3640,1.9991
82.699,0.1138,9.3640,1.9991
82.708,0.1208,9.3640,1.9991
82.717,0.1208,9.3640,1.9991
82.726,0.1278,9.3640,1.9991
82.735,0.1278,9.3640,1.9991
82.744,0.1348,9.3640,1.9991
82.753,0.1348,9.3640,1.9991
82.761,0.1348,9.3640,1.9991
82.770,0.1418,9.3640,1.9991
82.779,0.1418,9.3640,1.9991
82.788,0.1488,9.3640,1.9991
82.797,0.1488,9.3640,1.9991
82.805,0.1558,9.3640,1.9991
82.815,0.1558,9.3640,1.9991
82.824,0.1628,9.3640,1.9991
82.832,0.1628,9.3640,1.9991
82.840,0.1628,9.3640,1.9991
82.848,0.1698,9.3640,1.9991
82.857,0.1698,9.3640,1.9991
82.865,0.1768,9.3640,1.9991
82.873,0.1768,9.3640,1.9991
82.883,0.1838,9.3640,1.9991
82.894,0.1838,9.3640,1.9991
82.901,0.1838,9.3640,1.9991
82.909,0.1908,9.3640,1.9991
82.919,0.1908,9.3640,1.9991
82.928,0.1978,9.3640,1.9991
82.937,0.1978,9.3640,1.9991
82.946,0.2048,9.3640,1.9991
82.956,0.2048,9.3640,1.9991
82.963,0.2118,9.3640,1.9991
82.972,0.2118,9.3640,1.9991
82.981,0.2118,9.3640,1.9991
82.989,0.2188,9.3640,1.9991
82.997,0.2188,9.3640,1.9991
83.006,0.2258,9.3640,1.9991
83.015,0.2258,9.3640,1.9991
83.024,0.2328,9.3640,1.9991
83.033,0.2328,9.3640,1.9991
83.043,0.2398,9.3640,1.9991
83.053,0.2398,9.3640,1.9991
83.061,0.2398,9.3640,1.9991
83.069,0.2468,9.3640,1.9991
83.078,0.2468,9.3640,1.9991
83.087,0.2538,9.3640,1.9991
83.096,0.2538,9.3640,1.9991
83.104,0.2608,9.3640,1.9991
83.113,0.2608,9.3640,1.9991
83.121,0.2608,9.3640,1.9991
83.129,0.2678,9.3640,1.9991
83.137,0.2678,9.3640,1.9991
83.145,0.2748,9.3640,1.9991
83.155,0.2748,9.3640,1.9991
83.162,0.2818,9.3640,1.9991
83.171,0.2818,9.3640,1.9991
83.178,0.2818,9.3640,1.9991
83.187,0.2888,9.3640,1.9991
83.196,0.2888,9.3640,1.9991
83.204,0.2958,9.3640,1.9991
83.213,0.2958,9.3640,1.9991
83.222,0.3028,9.3640,1.9991
83.231,0.3028,9.3640,1.9991
83.240,0.3028,9.3640,1.9991
83.249,0.3098,9.3640,1.9991
83.259,0.3098,9.3640,1.9991
83.267,0.3168,9.3640,1.9991
83.277,0.3168,9.3640,1.9991
83.285,0.3238,9.3640,1.9991
83.295,0.3238,9.3640,1.9991
83.304,0.3308,9.3640,1.9991
83.314,0.3308,9.3640,1.9991
83.322,0.3378,9.3640,1.9991
83.332,0.3378,9.3640,1.9991
83.340,0.3378,9.3640,1.9991
83.349,0.3448,9.3640,1.9991
83.359,0.3448,9.3640,1.9991
83.367,0.3518,9.3640,1.9991
83.378,0.3518,9.3640,1.9991
83.387,0.3588,9.3640,1.9991
83.397,0.3588,9.3640,1.9991
83.405,0.3658,9.3640,1.9991
83.415,0.3658,9.3640,1.9991
83.424,0.3728,9.3640,1.9991
83.434,0.3728,9.3640,1.9991
83.443,0.3798,9.3640,1.9991
83.452,0.3798,9.3640,1.9991
83.461,0.3798,9.3640,1.9991
83.470,0.3868,9.3640,1.9991
83.480,0.3868,9.3640,1.9991
83.488,0.3938,9.3640,1.9991
83.497,0.3938,9.3640,1.9991
83.504,0.4008,9.3640,1.9991
83.515,0.4008,9.3640,1.9991
83.523,0.4078,9.3640,1.9991
83.533,0.4078,9.3640,1.9991
83.542,0.4078,9.3640,1.9991
83.550,0.4148,9.3640,1.9991
83.560,0.4148,9.3640,1.9991
83.569,0.4218,9.3640,1.9991
83.579,0.4218,9.3640,1.9991
83.588,0.4288,9.3640,1.9991
83.598,0.4288,9.3640,1.9991
83.606,0.4358,9.3640,1.9991
83.615,0.4358,9.3640,1.9991
83.624,0.4428,9.3640,1.9991
83.633,0.4428,9.3640,1.9991
83.641,0.4428,9.3640,1.9991
83.649,0.4498,9.3640,1.9991
83.660,0.4498,9.3640,1.9991
83.669,0.4568,9.3640,1.9991
83.678,0.4568,9.3640,1.9991
83.696,0.4638,9.3640,1.9991
83.706,0.4708,9.3640,1.9991
83.715,0.4708,9.3640,1.9991
83.724,0.4778,9.3640,1.9991
83.734,0.4778,9.3640,1.9991
83.742,0.4848,9.3640,1.9991
83.753,0.4848,9.3640,1.9991
83.762,0.4918,9.3640,1.9991
83.771,0.4918,9.3640,1.9991
83.779,0.4918,9.3640,1.9991
83.787,0.4988,9.3640,1.9991
83.797,0.4988,9.3640,1.9991
83.804,0.5058,9.3640,1.9991
83.813,0.5058,9.3640,1.9991
83.822,0.5128,9.3640,1.9991
83.831,0.5128,9.3640,1.9991
83.839,0.5128,9.3640,1.9991
83.847,0.5198,9.3640,1.9991
83.858,0.5198,9.3640,1.9991
83.865,0.5268,9.3640,1.9991
83.875,0.5268,9.3640,1.9991
83.884,0.5338,9.3640,1.9991
83.894,0.5338,9.3640,1.9991
83.902,0.5408,9.3640,1.9991
83.913,0.5408,9.3640,1.9991
83.923,0.5478,9.3640,1.9991
83.933,0.5478,9.3640,1.9991
83.941,0.5478,9.3640,1.9991
83.950,0.5548,9.3640,1.9991
83.960,0.5548,9.3640,1.9991
83.968,0.5618,9.3640,1.9991
83.978,0.5618,9.3640,1.9991
83.987,0.5688,9.3640,1.9991
83.995,0.5688,9.3640,1.9991
84.004,0.5758,9.3640,1.9991
84.012,0.5758,9.3640,1.9991
84.021,0.5758,9.3640,1.9991
84.028,0.5828,9.3640,1.9991
84.037,0.5828,9.3640,1.9991
84.046,0.5898,9.3640,1.9991
84.056,0.5898,9.3640,1.9991
84.064,0.5968,9.3640,1.9991
84.074,0.5968,9.3640,1.9991
84.081,0.5968,9.3640,1.9991
84.089,0.6038,9.3640,1.9991
84.097,0.6038,9.3640,1.9991
84.106,0.6108,9.3640,1.9991
84.116,0.6108,9.3640,1.9991
84.125,0.6178,9.3640,1.9991
84.133,0.6178,9.3640,1.9991
84.142,0.6178,9.3640,1.9991
84.149,0.6248,9.3640,1.9991
84.159,0.6248,9.3640,1.9991
84.166,0.6318,9.3640,1.9991
84.176,0.6318,9.3640,1.9991
84.186,0.6388,9.3640,1.9991
84.194,0.6388,9.3640,1.9991
84.202,0.6458,9.3640,1.9991
84.211,0.6458,9.3640,1.9991
84.219,0.6458,9.3640,1.9991
84.228,0.6528,9.3640,1.9991
84.236,0.6528,9.3640,1.9991
84.243,0.6598,9.3640,1.9991
84.252,0.6598,9.3640,1.9991
84.260,0.6598,9.3640,1.9991
84.269,0.6668,9.3640,1.9991
84.279,0.6668,9.3640,1.9991
84.287,0.6738,9.3640,1.9991
84.297,0.6738,9.3640,1.9991
84.305,0.6808,9.3640,1.9991
84.313,0.6808,9.3640,1.9991
84.322,0.6878,9.3640,1.9991
84.331,0.6878,9.3640,1.9991
84.339,0.6878,9.3640,1.9991
84.346,0.6948,9.3640,1.9991
84.356,0.6948,9.3640,1.9991
84.365,0.7018,9.3640,1.9991
84.374,0.7018,9.3640,1.9991
84.382,0.7088,9.3640,1.9991
84.392,0.7088,9.3640,1.9991
84.399,0.7088,9.3640,1.9991
84.408,0.7158,9.3640,1.9991
84.417,0.7158,9.3640,1.9991
84.425,0.7228,9.3640,1.9991
84.433,0.7228,9.3640,1.9991
84.441,0.7228,9.3640,1.9991
84.449,0.7298,9.3640,1.9991
84.459,0.7298,9.3640,1.9991
84.465,0.7368,9.3640,1.9991
84.476,0.7368,9.3640,1.9991
84.485,0.7438,9.3640,1.9991
84.494,0.7438,9.3640,1.9991
84.502,0.7508,9.3640,1.9991
84.511,0.7508,9.3640,1.9991
84.520,0.7508,9.3640,1.9991
84.528,0.7578,9.3640,1.9991
84.538,0.7578,9.3640,1.9991
84.547,0.7648,9.3640,1.9991
84.558,0.7648,9.3640,1.9991
84.566,0.7718,9.3640,1.9991
84.576,0.7718,9.3640,1.9991
84.584,0.7788,9.3640,1.9991
84.595,0.7788,9.3640,1.9991
84.603,0.7858,9.3640,1.9991
84.613,0.7858,9.3640,1.9991
84.621,0.7858,9.3640,1.9991
84.630,0.7928,9.3640,1.9991
84.640,0.7928,9.3640,1.9991
84.648,0.7998,9.3640,1.9991
84.659,0.7998,9.3640,1.9991
84.667,0.8068,9.3640,1.9991
84.677,0.8068,9.3640,1.9991
84.686,0.8138,9.3640,1.9991
84.696,0.8138,9.3640,1.9991
84.704,0.8208,9.3640,1.9991
84.714,0.8208,9.3640,1.9991
84.723,0.8278,9.3640,1.9991
84.734,0.8278,9.3640,1.9991
84.742,0.8278,9.3640,1.9991
84.750,0.8348,9.3640,1.9991
84.760,0.8348,9.3640,1.9991
84.769,0.8418,9.3640,1.9991
84.778,0.8418,9.3640,1.9991
84.788,0.8488,9.3640,1.9991
84.797,0.8488,9.3640,1.9991
84.805,0.8558,9.3640,1.9991
84.815,0.8558,9.3640,1.9991
84.824,0.8628,9.3640,1.9991
84.833,0.8628,9.3640,1.9991
84.841,0.8628,9.3640,1.9991
84.850,0.8698,9.3640,1.9991
84.861,0.8698,9.3640,1.9991
84.869,0.8768,9.3640,1.9991
84.880,0.8768,9.3640,1.9991
84.889,0.8838,9.3640,1.9991
84.898,0.8838,9.3640,1.9991
84.908,0.8908,9.3640,1.9991
84.916,0.8908,9.3640,1.9991
84.926,0.8978,9.3640,1.9991
84.935,0.8978,9.3640,1.9991
84.944,0.9048,9.3640,1.9991
84.954,0.9048,9.3640,1.9991
84.962,0.9118,9.3640,1.9991
84.972,0.9118,9.3640,1.9991
84.980,0.9118,9.3640,1.9991
84.990,0.9188,9.3640,1.9991
85.000,0.9188,9.3640,1.9991
85.009,0.9258,9.3640,1.9991
85.019,0.9258,9.3640,1.9991
85.027,0.9328,9.3640,1.9991
85.036,0.9328,9.3640,1.9991
85.045,0.9398,9.3640,1.9991
85.056,0.9398,9.3640,1.9991
85.064,0.9468,9.3640,1.9991
85.073,0.9468,9.3640,1.9991
85.081,0.9468,9.3640,1.9991
85.090,0.9538,9.3640,1.9991
85.098,0.9538,9.3640,1.9991
85.107,0.9608,9.3640,1.9991
85.116,0.9608,9.3640,1.9991
85.125,0.9678,9.3640,1.9991
85.132,0.9678,9.3640,1.9991
85.141,0.9678,9.3640,1.9991
85.148,0.9748,9.3640,1.9991
85.158,0.9748,9.3640,1.9991
85.165,0.9818,9.3640,1.9991
85.174,0.9818,9.3640,1.9991
85.182,0.9818,9.3640,1.9991
85.191,0.9888,9.3640,1.9991
85.200,0.9888,9.3640,1.9991
85.208,0.9958,9.3640,1.9991
85.218,0.9958,9.3640,1.9991
85.227,1.0028,9.3640,1.9991
85.237,1.0028,9.3640,1.9991
85.245,1.0098,9.3640,1.9991
85.255,1.0098,9.3640,1.9991
85.264,1.0168,9.3640,1.9991
85.273,1.0168,9.3640,1.9991
85.282,1.0238,9.3640,1.9991
85.292,1.0238,9.3640,1.9991
85.301,1.0238,9.3640,1.9991
85.308,1.0308,9.3640,1.9991
85.318,1.0308,9.3640,1.9991
85.328,1.0378,9.3640,1.9991
85.337,1.0378,9.3640,1.9991
85.345,1.0448,9.3640,1.9991
85.356,1.0448,9.3640,1.9991
85.365,1.0518,9.3640,1.9991
85.375,1.0518,9.3640,1.9991
85.384,1.0588,9.3640,1.9991
85.395,1.0588,9.3640,1.9991
85.402,1.0658,9.3640,1.9991
85.413,1.0658,9.3640,1.9991
85.422,1.0728,9.3640,1.9991
85.431,1.0728,9.3640,1.9991
85.440,1.0728,9.3640,1.9991
85.448,1.0798,9.3640,1.9991
85.458,1.0798,9.3640,1.9991
85.465,1.0868,9.3640,1.9991
85.475,1.0868,9.3640,1.9991
85.483,1.0938,9.3640,1.9991
85.494,1.0938,9.3640,1.9991
85.503,1.1008,9.3640,1.9991
85.512,1.1008,9.3640,1.9991
85.521,1.1008,9.3640,1.9991
85.529,1.1078,9.3640,1.9991
85.540,1.1078,9.3640,1.9991
85.548,1.1148,9.3640,1.9991
85.558,1.1148,9.3640,1.9991
85.566,1.1218,9.3640,1.9991
85.577,1.1218,9.3640,1.9991
85.585,1.1288,9.3640,1.9991
85.596,1.1288,9.3640,1.9991
85.605,1.1358,9.3640,1.9991
85.615,1.1358,9.3640,1.9991
85.623,1.1428,9.3640,1.9991
85.635,1.1428,9.3640,1.9991
85.643,1.1498,9.3640,1.9991
85.654,1.1498,9.3640,1.9991
85.663,1.1568,9.3640,1.9991
85.673,1.1568,9.3640,1.9991
85.682,1.1638,9.3640,1.9991
85.693,1.1638,9.3640,1.9991
85.700,1.1638,9.3640,1.9991
85.710,1.1708,9.3640,1.9991
85.721,1.1708,9.3640,1.9991
85.729,1.1778,9.3640,1.9991
85.740,1.1778,9.3640,1.9991
85.748,1.1848,9.3640,1.9991
85.758,1.1848,9.3640,1.9991
85.766,1.1918,9.3640,1.9991
85.775,1.1918,9.3640,1.9991
85.785,1.1988,9.3640,1.9991
85.796,1.1988,9.3640,1.9991
85.804,1.2058,9.3640,1.9991
85.815,1.2058,9.3640,1.9991
85.824,1.2128,9.3640,1.9991
85.834,1.2128,9.3640,1.9991
85.843,1.2198,9.3640,1.9991
85.852,1.2198,9.3640,1.9991
85.861,1.2198,9.3640,1.9991
85.869,1.2268,9.3640,1.9991
85.880,1.2268,9.3640,1.9991
85.888,1.2338,9.3640,1.9991
85.898,1.2338,9.3640,1.9991
85.907,1.2408,9.3640,1.9991
85.916,1.2408,9.3640,1.9991
85.926,1.2478,9.3640,1.9991
85.935,1.2478,9.3640,1.9991
85.944,1.2548,9.3640,1.9991
85.955,1.2548,9.3640,1.9991
85.963,1.2618,9.3640,1.9991
85.974,1.2618,9.3640,1.9991
85.982,1.2688,9.3640,1.9991
85.996,1.2688,9.3640,1.9991
86.007,1.2758,9.3640,1.9991
86.021,1.2758,9.3640,1.9991
86.029,1.2828,9.3640,1.9991
86.039,1.2828,9.3640,1.9991
86.058,1.2898,9.3640,1.9991
86.069,1.2968,9.3640,1.9991
86.079,1.2968,9.3640,1.9991
86.089,1.3038,9.3640,1.9991
86.099,1.3038,9.3640,1.9991
86.108,1.3108,9.3640,1.9991
86.119,1.3108,9.3640,1.9991
86.128,1.3178,9.3640,1.9991
86.139,1.3178,9.3640,1.9991
86.148,1.3248,9.3640,1.9991
86.158,1.3248,9.3640,1.9991
86.165,1.3318,9.3640,1.9991
86.176,1.3318,9.3640,1.9991
86.183,1.3388,9.3640,1.9991
86.194,1.3388,9.3640,1.9991
86.201,1.3388,9.3640,1.9991
86.210,1.3458,9.3640,1.9991
86.220,1.3458,9.3640,1.9991
86.229,1.3528,9.3640,1.9991
86.239,1.3528,9.3640,1.9991
86.246,1.3598,9.3640,1.9991
86.257,1.3598,9.3640,1.9991
86.265,1.3668,9.3640,1.9991
86.275,1.3668,9.3640,1.9991
86.283,1.3738,9.3640,1.9991
86.294,1.3738,9.3640,1.9991
86.302,1.3738,9.3640,1.9991
86.310,1.3808,9.3640,1.9991
86.320,1.3808,9.3640,1.9991
86.329,1.3878,9.3640,1.9991
86.340,1.3878,9.3640,1.9991
86.348,1.3948,9.3640,1.9991
86.358,1.3948,9.3640,1.9991
86.365,1.4018,9.3640,1.9991
86.375,1.4018,9.3640,1.9991
86.383,1.4088,9.3640,1.9991
86.393,1.4088,9.3640,1.9991
86.401,1.4088,9.3640,1.9991
86.410,1.4158,9.3640,1.9991
86.420,1.4158,9.3640,1.9991
86.428,1.4228,9.3640,1.9991
86.437,1.4228,9.3640,1.9991
86.445,1.4298,9.3640,1.9991
86.456,1.4298,9.3640,1.9991
86.463,1.4368,9.3640,1.9991
86.472,1.4368,9.3640,1.9991
86.481,1.4368,9.3640,1.9991
86.490,1.4438,9.3640,1.9991
86.498,1.4438,9.3640,1.9991
86.507,1.4508,9.3640,1.9991
86.516,1.4508,9.3640,1.9991
86.524,1.4578,9.3640,1.9991
86.534,1.4578,9.3640,1.9991
86.543,1.4648,9.3640,1.9991
86.552,1.4648,9.3640,1.9991
86.561,1.4648,9.3640,1.9991
86.569,1.4718,9.3640,1.9991
86.578,1.4718,9.3640,1.9991
86.588,1.4788,9.3640,1.9991
86.597,1.4788,9.3640,1.9991
86.605,1.4858,9.3640,1.9991
86.615,1.4858,9.3640,1.9991
86.625,1.4928,9.3640,1.9991
86.635,1.4928,9.3640,1.9991
86.643,1.4998,9.3640,1.9991
86.655,1.4998,9.3640,1.9991
86.664,1.5068,9.3640,1.9991
86.674,1.5068,9.3640,1.9991
86.683,1.5138,9.3640,1.9991
86.694,1.5138,9.3640,1.9991
86.701,1.5138,9.3640,1.9991
86.710,1.5208,9.3640,1.9991
86.719,1.5208,9.3640,1.9991
86.727,1.5278,9.3640,1.9991
86.736,1.5278,9.3640,1.9991
86.745,1.5348,9.3640,1.9991
86.756,1.5348,9.3640,1.9991
86.763,1.5418,9.3640,1.9991
86.774,1.5418,9.3640,1.9991
86.781,1.5418,9.3640,1.9991
86.789,1.5488,9.3640,1.9991
86.798,1.5488,9.3640,1.9991
86.807,1.5558,9.3640,1.9991
86.815,1.5558,9.3640,1.9991
86.824,1.5628,9.3640,1.9991
86.833,1.5628,9.3640,1.9991
86.841,1.5628,9.3640,1.9991
86.848,1.5698,9.3640,1.9991
86.857,1.5698,9.3640,1.9991
86.865,1.5768,9.3640,1.9991
86.875,1.5768,9.3640,1.9991
86.883,1.5838,9.3640,1.9991
86.893,1.5838,9.3640,1.9991
86.903,1.5908,9.3640,1.9991
86.913,1.5908,9.3640,1.9991
86.922,1.5978,9.3640,1.9991
86.931,1.5978,9.3640,1.9991
86.938,1.5978,9.3640,1.9991
86.946,1.6048,9.3640,1.9991
86.955,1.6048,9.3640,1.9991
86.964,1.6118,9.3640,1.9991
86.974,1.6118,9.3640,1.9991
86.982,1.6188,9.3640,1.9991
86.994,1.6188,9.3640,1.9991
87.001,1.6188,9.3640,1.9991
87.010,1.6258,9.3640,1.9991
87.022,1.6328,9.3640,1.9991
87.032,1.6328,9.3640,1.9991
87.041,1.6328,9.3640,1.9991
87.051,1.6398,9.3640,1.9991
87.062,1.6398,9.3640,1.9991
87.070,1.6468,9.3640,1.9991
87.081,1.6468,9.3640,1.9991
87.092,1.6538,9.3640,1.9991
87.109,1.6608,9.3640,1.9991
87.129,1.6678,9.3640,1.9991
87.144,1.6748,9.3640,1.9991
87.153,1.6748,9.3640,1.9991
87.163,1.6818,9.3640,1.9991
87.173,1.6818,9.3640,1.9991
87.182,1.6888,9.3640,1.9991
87.193,1.6888,9.3640,1.9991
87.202,1.6958,9.3640,1.9991
87.213,1.6958,9.3640,1.9991
87.224,1.7028,9.3640,1.9991
87.237,1.7028,9.3640,1.9991
87.247,1.7098,9.3640,1.9991
87.261,1.7098,9.3640,1.9991
87.271,1.7168,9.3640,1.9991
87.284,1.7238,9.3640,1.9991
87.295,1.7238,9.3640,1.9991
87.305,1.7308,9.3640,1.9991
87.318,1.7308,9.3640,1.9991
87.328,1.7378,9.3640,1.9991
87.340,1.7378,9.3640,1.9991
87.351,1.7448,9.3640,1.9991
87.361,1.7448,9.3640,1.9991
87.371,1.7518,9.3640,1.9991
87.383,1.7588,9.3640,1.9991
87.395,1.7588,9.3640,1.9991
87.405,1.7658,9.3640,1.9991
87.418,1.7658,9.3640,1.9991
87.429,1.7728,9.3640,1.9991
87.441,1.7728,9.3640,1.9991
87.450,1.7798,9.3640,1.9991
87.462,1.7868,9.3640,1.9991
87.474,1.7868,9.3640,1.9991
87.484,1.7938,9.3640,1.9991
87.495,1.7938,9.3640,1.9991
87.505,1.8008,9.3640,1.9991
87.516,1.8008,9.3640,1.9991
87.525,1.8078,9.3640,1.9991
87.537,1.8078,9.3640,1.9991
87.545,1.8148,9.3640,1.9991
87.557,1.8148,9.3640,1.9991
87.566,1.8218,9.3640,1.9991
87.577,1.8218,9.3640,1.9991
87.587,1.8288,9.3640,1.9991
87.598,1.8288,9.3640,1.9991
87.607,1.8358,9.3640,1.9991
87.618,1.8358,9.3640,1.9991
87.627,1.8428,9.3640,1.9991
87.637,1.8428,9.3640,1.9991
87.646,1.8498,9.3640,1.9991
87.658,1.8498,9.3640,1.9991
87.666,1.8568,9.3640,1.9991
87.675,1.8568,9.3640,1.9991
87.685,1.8638,9.3640,1.9991
87.696,1.8638,9.3640,1.9991
87.705,1.8708,9.3640,1.9991
87.717,1.8708,9.3640,1.9991
87.726,1.8778,9.3640,1.9991
87.735,1.8778,9.3640,1.9991
87.744,1.8848,9.3640,1.9991
87.755,1.8848,9.3640,1.9991
87.765,1.8918,9.3640,1.9991
87.774,1.8918,9.3640,1.9991
87.782,1.8988,9.3640,1.9991
87.792,1.8988,9.3640,1.9991
87.800,1.8988,9.3640,1.9991
87.809,1.9058,9.3640,1.9991
87.818,1.9058,9.3640,1.9991
87.827,1.9128,9.3640,1.9991
87.836,1.9128,9.3640,1.9991
87.845,1.9198,9.3640,1.9991
87.854,1.9198,9.3640,1.9991
87.864,1.9268,9.3640,1.9991
87.874,1.9268,9.3640,1.9991
87.881,1.9268,9.3640,1.9991
87.890,1.9338,9.3640,1.9991
87.899,1.9338,9.3640,1.9991
87.907,1.9408,9.3640,1.9991
87.916,1.9408,9.3640,1.9991
87.925,1.9478,9.3640,1.9991
87.934,1.9478,9.3640,1.9991
87.941,1.9478,9.3640,1.9991
87.949,1.9548,9.3640,1.9991
87.958,1.9548,9.3640,1.9991
87.967,1.9618,9.3640,1.9991
87.975,1.9618,9.3640,1.9991
87.983,1.9688,9.3640,1.9991
87.994,1.9688,9.3640,1.9991
88.001,1.9688,9.3640,1.9991
88.009,1.9758,9.3640,1.9991
88.019,1.9758,9.3640,1.9991
88.028,1.9828,9.3640,1.9991
88.036,1.9828,9.3640,1.9991
88.044,1.9898,9.3640,1.9991
88.054,1.9898,9.3640,1.9991
88.062,1.9898,9.3640,1.9991
88.069,1.9968,9.3640,1.9991
88.079,1.9968,9.3640,1.9991
88.087,2.0038,9.3640,1.9991
88.096,2.0038,9.3640,1.9991
88.104,2.0108,9.3640,1.9991
88.113,2.0108,9.3640,1.9991
88.121,2.0108,9.3640,1.9991
88.128,2.0178,9.3640,1.9991
88.137,2.0178,9.3640,1.9991
88.145,2.0248,9.3640,1.9991
88.156,2.0248,9.3640,1.9991
88.163,2.0318,9.3640,1.9991
88.173,2.0318,9.3640,1.9991
88.180,2.0318,9.3640,1.9991
88.189,2.0388,9.3640,1.9991
88.197,2.0388,9.3640,1.9991
88.206,2.0458,9.3640,1.9991
88.214,2.0458,9.3640,1.9991
88.222,2.0528,9.3640,1.9991
88.231,2.0528,9.3640,1.9991
88.239,2.0528,9.3640,1.9991
88.246,2.0598,9.3640,1.9991
88.255,2.0598,9.3640,1.9991
88.264,2.0668,9.3640,1.9991
88.272,2.0668,9.3640,1.9991
88.279,2.0668,9.3640,1.9991
88.288,2.0738,9.3640,1.9991
88.297,2.0738,9.3640,1.9991
88.305,2.0808,9.3640,1.9991
88.315,2.0808,9.3640,1.9991
88.324,2.0878,9.3640,1.9991
88.333,2.0878,9.3640,1.9991
88.342,2.0878,9.3640,1.9991
88.350,2.0948,9.3640,1.9991
88.361,2.0948,9.3640,1.9991
88.369,2.1018,9.3640,1.9991
88.379,2.1018,9.3640,1.9991
88.389,2.1088,9.3640,1.9991
88.398,2.1088,9.3640,1.9991
88.407,2.1158,9.3640,1.9991
88.416,2.1158,9.3640,1.9991
88.424,2.1228,9.3640,1.9991
88.434,2.1228,9.3640,1.9991
88.442,2.1298,9.3640,1.9991
88.452,2.1298,9.3640,1.9991
88.460,2.1298,9.3640,1.9991
88.469,2.1368,9.3640,1.9991
88.478,2.1368,9.3640,1.9991
88.487,2.1438,9.3640,1.9991
88.496,2.1438,9.3640,1.9991
88.507,2.1508,9.3640,1.9991
88.523,2.1578,9.3640,1.9991
88.534,2.1578,9.3640,1.9991
88.542,2.1648,9.3640,1.9991
88.551,2.1648,9.3640,1.9991
88.559,2.1648,9.3640,1.9991
88.566,2.1718,9.3640,1.9991
88.576,2.1718,9.3640,1.9991
88.584,2.1788,9.3640,1.9991
88.594,2.1788,9.3640,1.9991
88.601,2.1788,9.3640,1.9991
88.610,2.1858,9.3640,1.9991
88.620,2.1858,9.3640,1.9991
88.629,2.1928,9.3640,1.9991
88.638,2.1928,9.3640,1.9991
88.646,2.1998,9.3640,1.9991
88.657,2.1998,9.3640,1.9991
88.664,2.2068,9.3640,1.9991
88.674,2.2068,9.3640,1.9991
88.683,2.2138,9.3640,1.9991
88.692,2.2138,9.3640,1.9991
88.700,2.2138,9.3640,1.9991
88.708,2.2208,9.3640,1.9991
88.718,2.2208,9.3640,1.9991
88.725,2.2278,9.3640,1.9991
88.735,2.2278,9.3640,1.9991
88.743,2.2348,9.3640,1.9991
88.754,2.2348,9.3640,1.9991
88.762,2.2418,9.3640,1.9991
88.772,2.2418,9.3640,1.9991
88.780,2.2418,9.3640,1.9991
88.790,2.2488,9.3640,1.9991
88.799,2.2488,9.3640,1.9991
88.806,2.2558,9.3640,1.9991
88.816,2.2558,9.3640,1.9991
88.826,2.2628,9.3640,1.9991
88.835,2.2628,9.3640,1.9991
88.843,2.2698,9.3640,1.9991
88.851,2.2698,9.3640,1.9991
88.860,2.2698,9.3640,1.9991
88.867,2.2768,9.3640,1.9991
88.876,2.2768,9.3640,1.9991
88.884,2.2838,9.3640,1.9991
88.894,2.2838,9.3640,1.9991
88.900,2.2838,9.3640,1.9991
88.908,2.2908,9.3640,1.9991
88.918,2.2908,9.3640,1.9991
88.927,2.2978,9.3640,1.9991
88.934,2.2978,9.3640,1.9991
88.943,2.3048,9.3640,1.9991
88.952,2.3048,9.3640,1.9991
88.961,2.3048,9.3640,1.9991
88.970,2.3118,9.3640,1.9991
88.979,2.3118,9.3640,1.9991
88.988,2.3188,9.3640,1.9991
88.997,2.3188,9.3640,1.9991
89.005,2.3258,9.3640,1.9991
89.013,2.3258,9.3640,1.9991
89.021,2.3258,9.3640,1.9991
89.029,2.3328,9.3640,1.9991
89.037,2.3328,9.3640,1.9991
89.044,2.3398,9.3640,1.9991
89.053,2.3398,9.3640,1.9991
89.061,2.3398,9.3640,1.9991
89.069,2.3468,9.3640,1.9991
89.078,2.3468,9.3640,1.9991
89.086,2.3538,9.3640,1.9991
89.095,2.3538,9.3640,1.9991
89.101,2.3538,9.3640,1.9991
89.110,2.3608,9.3640,1.9991
89.119,2.3608,9.3640,1.9991
89.127,2.3678,9.3640,1.9991
89.135,2.3678,9.3640,1.9991
89.143,2.3748,9.3640,1.9991
89.151,2.3748,9.3640,1.9991
89.159,2.3748,9.3640,1.9991
89.165,2.3818,9.3640,1.9991
89.174,2.3818,9.3640,1.9991
89.181,2.3818,9.3640,1.9991
89.190,2.3888,9.3640,1.9991
89.198,2.3888,9.3640,1.9991
89.207,2.3958,9.3640,1.9991
89.215,2.3958,9.3640,1.9991
89.223,2.4028,9.3640,1.9991
89.231,2.4028,9.3640,1.9991
89.239,2.4028,9.3640,1.9991
89.247,2.4098,9.3640,1.9991
89.257,2.4098,9.3640,1.9991
89.264,2.4168,9.3640,1.9991
89.274,2.4168,9.3640,1.9991
89.281,2.4168,9.3640,1.9991
89.290,2.4238,9.3640,1.9991
89.298,2.4238,9.3640,1.9991
89.306,2.4308,9.3640,1.9991
89.314,2.4308,9.3640,1.9991
89.323,2.4378,9.3640,1.9991
89.331,2.4378,9.3640,1.9991
89.339,2.4378,9.3640,1.9991
89.348,2.4448,9.3640,1.9991
89.356,2.4448,9.3640,1.9991
89.364,2.4518,9.3640,1.9991
89.372,2.4518,9.3640,1.9991
89.380,2.4518,9.3640,1.9991
89.388,2.4588,9.3640,1.9991
89.398,2.4588,9.3640,1.9991
89.405,2.4658,9.3640,1.9991
89.414,2.4658,9.3640,1.9991
89.421,2.4658,9.3640,1.9991
89.429,2.4728,9.3640,1.9991
89.438,2.4728,9.3640,1.9991
89.446,2.4798,9.3640,1.9991
89.454,2.4798,9.3640,1.9991
89.462,2.4868,9.3640,1.9991
89.471,2.4868,9.3640,1.9991
89.479,2.4868,9.3640,1.9991
89.488,2.4938,9.3640,1.9991
89.497,2.4938,9.3640,1.9991
89.506,2.5008,9.3640,1.9991
89.515,2.5008,9.3640,1.9991
89.524,2.5078,9.3640,1.9991
89.532,2.5078,9.3640,1.9991
89.540,2.5078,9.3640,1.9991
89.547,2.5148,9.3640,1.9991
89.558,2.5148,9.3640,1.9991
89.568,2.5218,9.3640,1.9991
89.577,2.5218,9.3640,1.9991
89.586,2.5288,9.3640,1.9991
89.595,2.5288,9.3640,1.9991
89.603,2.5358,9.3640,1.9991
89.614,2.5358,9.3640,1.9991
89.622,2.5428,9.3640,1.9991
89.631,2.5428,9.3640,1.9991
89.639,2.5428,9.3640,1.9991
89.648,2.5498,9.3640,1.9991
89.658,2.5498,9.3640,1.9991
89.666,2.5568,9.3640,1.9991
89.676,2.5568,9.3640,1.9991
89.684,2.5638,9.3640,1.9991
89.694,2.5638,9.3640,1.9991
89.702,2.5638,9.3640,1.9991
89.711,2.5708,9.3640,1.9991
89.721,2.5708,9.3640,1.9991
89.729,2.5778,9.3640,1.9991
89.739,2.5778,9.3640,1.9991
89.747,2.5848,9.3640,1.9991
89.757,2.5848,9.3640,1.9991
89.765,2.5918,9.3640,1.9991
89.775,2.5918,9.3640,1.9991
89.784,2.5988,9.3640,1.9991
89.795,2.5988,9.3640,1.9991
89.804,2.6058,9.3640,1.9991
89.812,2.6058,9.3640,1.9991
89.820,2.6058,9.3640,1.9991
89.827,2.6128,9.3640,1.9991
89.836,2.6128,9.3640,1.9991
89.845,2.6198,9.3640,1.9991
89.854,2.6198,9.3640,1.9991
89.863,2.6268,9.3640,1.9991
89.872,2.6268,9.3640,1.9991
89.880,2.6268,9.3640,1.9991
89.889,2.6338,9.3640,1.9991
89.898,2.6338,9.3640,1.9991
89.906,2.6408,9.3640,1.9991
89.915,2.6408,9.3640,1.9991
89.925,2.6478,9.3640,1.9991
89.934,2.6478,9.3640,1.9991
89.944,2.6548,9.3640,1.9991
89.953,2.6548,9.3640,1.9991
89.961,2.6548,9.3640,1.9991
89.969,2.6618,9.3640,1.9991
89.979,2.6618,9.3640,1.9991
89.989,2.6688,9.3640,1.9991
89.997,2.6688,9.3640,1.9991
90.006,2.6758,9.3640,1.9991
90.017,2.6758,9.3640,1.9991
90.025,2.6828,9.3640,1.9991
90.034,2.6828,9.3640,1.9991
90.043,2.6898,9.3640,1.9991
90.053,2.6898,9.3640,1.9991
90.061,2.6898,9.3640,1.9991
90.070,2.6968,9.3640,1.9991
90.079,2.6968,9.3640,1.9991
90.088,2.7038,9.3640,1.9991
90.097,2.7038,9.3640,1.9991
90.106,2.7108,9.3640,1.9991
90.114,2.7108,9.3640,1.9991
90.123,2.7178,9.3640,1.9991
90.132,2.7178,9.3640,1.9991
90.139,2.7178,9.3640,1.9991
90.147,2.7248,9.3640,1.9991
90.156,2.7248,9.3640,1.9991
90.164,2.7318,9.3640,1.9991
90.174,2.7318,9.3640,1.9991
90.181,2.7318,9.3640,1.9991
90.189,2.7388,9.3640,1.9991
90.198,2.7388,9.3640,1.9991
90.206,2.7458,9.3640,1.9991
90.215,2.7458,9.3640,1.9991
90.224,2.7528,9.3640,1.9991
90.232,2.7528,9.3640,1.9991
90.240,2.7528,9.3640,1.9991
90.247,2.7598,9.3640,1.9991
90.257,2.7598,9.3640,1.9991
90.264,2.7668,9.3640,1.9991
90.274,2.7668,9.3640,1.9991
90.281,2.7668,9.3640,1.9991
90.290,2.7738,9.3640,1.9991
90.298,2.7738,9.3640,1.9991
90.306,2.7808,9.3640,1.9991
90.316,2.7808,9.3640,1.9991
90.325,2.7878,9.3640,1.9991
90.333,2.7878,9.3640,1.9991
90.341,2.7878,9.3640,1.9991
90.349,2.7948,9.3640,1.9991
90.358,2.7948,9.3640,1.9991
90.366,2.8018,9.3640,1.9991
90.376,2.8018,9.3640,1.9991
90.383,2.8088,9.3640,1.9991
90.393,2.8088,9.3640,1.9991
90.400,2.8088,9.3640,1.9991
90.409,2.8158,9.3640,1.9991
90.418,2.8158,9.3640,1.9991
90.426,2.8228,9.3640,1.9991
90.435,2.8228,9.3640,1.9991
90.442,2.8298,9.3640,1.9991
90.451,2.8298,9.3640,1.9991
90.459,2.8298,9.3640,1.9991
90.466,2.8368,9.3640,1.9991
90.475,2.8368,9.3640,1.9991
90.482,2.8438,9.3640,1.9991
90.492,2.8438,9.3640,1.9991
90.499,2.8438,9.3640,1.9991
90.507,2.8508,9.3640,1.9991
90.516,2.8508,9.3640,1.9991
90.524,2.8578,9.3640,1.9991
90.533,2.8578,9.3640,1.9991
90.541,2.8578,9.3640,1.9991
90.549,2.8648,9.3640,1.9991
90.558,2.8648,9.3640,1.9991
90.566,2.8718,9.3640,1.9991
90.575,2.8718,9.3640,1.9991
90.583,2.8788,9.3640,1.9991
90.593,2.8788,9.3640,1.9991
90.601,2.8788,9.3640,1.9991
90.609,2.8858,9.3640,1.9991
90.617,2.8858,9.3640,1.9991
90.626,2.8928,9.3640,1.9991
90.634,2.8928,9.3640,1.9991
90.642,2.8998,9.3640,1.9991
90.652,2.8998,9.3640,1.9991
90.660,2.8998,9.3640,1.9991
90.667,2.9068,9.3640,1.9991
90.677,2.9068,9.3640,1.9991
90.685,2.9138,9.3640,1.9991
90.694,2.9138,9.3640,1.9991
90.701,2.9138,9.3640,1.9991
90.710,2.9208,9.3640,1.9991
90.718,2.9208,9.3640,1.9991
90.727,2.9278,9.3640,1.9991
90.735,2.9278,9.3640,1.9991
90.744,2.9348,9.3640,1.9991
90.752,2.9348,9.3640,1.9991
90.760,2.9348,9.3640,1.9991
90.769,2.9418,9.3640,1.9991
90.781,2.9418,9.3640,1.9991
90.794,2.9488,9.3640,1.9991
90.804,2.9558,9.3640,1.9991
90.812,2.9558,9.3640,1.9991
90.822,2.9628,9.3640,1.9991
90.832,2.9628,9.3640,1.9991
90.840,2.9628,9.3640,1.9991
90.849,2.9698,9.3640,1.9991
90.858,2.9698,9.3640,1.9991
90.866,2.9768,9.3640,1.9991
90.876,2.9768,9.3640,1.9991
90.885,2.9838,9.3640,1.9991
90.894,2.9838,9.3640,1.9991
90.902,2.9838,9.3640,1.9991
90.912,2.9908,9.3640,1.9991
90.923,2.9978,9.3640,1.9991
90.933,2.9978,9.3640,1.9991
90.941,2.9978,9.3640,1.9991
90.950,3.0048,9.3640,1.9991
90.961,3.0048,9.3640,1.9991
90.969,3.0118,9.3640,1.9991
90.979,3.0118,9.3640,1.9991
90.988,3.0188,9.3640,1.9991
90.998,3.0188,9.3640,1.9991
91.007,3.0258,9.3640,1.9991
91.016,3.0258,9.3640,1.9991
91.024,3.0328,9.3640,1.9991
91.033,3.0328,9.3640,1.9991
91.042,3.0398,9.3640,1.9991
91.052,3.0398,9.3640,1.9991
91.062,3.0398,9.3640,1.9991
91.069,3.0468,9.3640,1.9991
91.078,3.0468,9.3640,1.9991
91.087,3.0538,9.3640,1.9991
91.097,3.0538,9.3640,1.9991
91.106,3.0608,9.3640,1.9991
91.115,3.0608,9.3640,1.9991
91.124,3.0678,9.3640,1.9991
91.133,3.0678,9.3640,1.9991
91.141,3.0678,9.3640,1.9991
91.149,3.0748,9.3640,1.9991
91.160,3.0748,9.3640,1.9991
91.168,3.0818,9.3640,1.9991
91.178,3.0818,9.3640,1.9991
91.185,3.0888,9.3640,1.9991
91.196,3.0888,9.3640,1.9991
91.204,3.0958,9.3640,1.9991
91.214,3.0958,9.3640,1.9991
91.224,3.1028,9.3640,1.9991
91.232,3.1028,9.3640,1.9991
91.241,3.1028,9.3640,1.9991
91.249,3.1098,9.3640,1.9991
91.259,3.1098,9.3640,1.9991
91.267,3.1168,9.3640,1.9991
91.276,3.1168,9.3640,1.9991
91.286,3.1238,9.3640,1.9991
91.296,3.1238,9.3640,1.9991
91.304,3.1308,9.3640,1.9991
91.315,3.1308,9.3640,1.9991
91.323,3.1378,9.3640,1.9991
91.333,3.1378,9.3640,1.9991
91.341,3.1378,9.3640,1.9991
91.349,3.1448,9.3640,1.9991
91.358,3.1448,9.3640,1.9991
91.366,3.1518,9.3640,1.9991
91.376,3.1518,9.3640,1.9991
91.383,3.1588,9.3640,1.9991
91.393,3.1588,9.3640,1.9991
91.400,3.1588,9.3640,1.9991
91.409,3.1658,9.3640,1.9991
91.416,3.1658,9.3640,1.9991
91.424,3.1728,9.3640,1.9991
91.433,3.1728,9.3640,1.9991
91.442,3.1728,9.3640,1.9991
91.449,3.1798,9.3640,1.9991
91.459,3.1798,9.3640,1.9991
91.466,3.1868,9.3640,1.9991
91.476,3.1868,9.3640,1.9991
91.483,3.1938,9.3640,1.9991
91.494,3.1938,9.3640,1.9991
91.502,3.1938,9.3640,1.9991
91.509,3.2008,9.3640,1.9991
91.519,3.2008,9.3640,1.9991
91.527,3.2078,9.3640,1.9991
91.536,3.2078,9.3640,1.9991
91.544,3.2148,9.3640,1.9991
91.553,3.2148,9.3640,1.9991
91.561,3.2148,9.3640,1.9991
91.568,3.2218,9.3640,1.9991
91.577,3.2218,9.3640,1.9991
91.586,3.2288,9.3640,1.9991
91.595,3.2288,9.3640,1.9991
91.603,3.2358,9.3640,1.9991
91.611,3.2358,9.3640,1.9991
91.620,3.2358,9.3640,1.9991
91.628,3.2428,9.3640,1.9991
91.636,3.2428,9.3640,1.9991
91.645,3.2498,9.3640,1.9991
91.654,3.2498,9.3640,1.9991
91.662,3.2498,9.3640,1.9991
91.669,3.2568,9.3640,1.9991
91.678,3.2568,9.3640,1.9991
91.687,3.2638,9.3640,1.9991
91.696,3.2638,9.3640,1.9991
91.705,3.2708,9.3640,1.9991
91.714,3.2708,9.3640,1.9991
91.723,3.2778,9.3640,1.9991
91.732,3.2778,9.3640,1.9991
91.741,3.2778,9.3640,1.9991
91.748,3.2848,9.3640,1.9991
91.758,3.2848,9.3640,1.9991
91.767,3.2918,9.3640,1.9991
91.776,3.2918,9.3640,1.9991
91.785,3.2988,9.3640,1.9991
91.795,3.2988,9.3640,1.9991
91.803,3.3058,9.3640,1.9991
91.811,3.3058,9.3640,1.9991
91.820,3.3058,9.3640,1.9991
91.829,3.3128,9.3640,1.9991
91.837,3.3128,9.3640,1.9991
91.846,3.3198,9.3640,1.9991
91.856,3.3198,9.3640,1.9991
91.864,3.3268,9.3640,1.9991
91.872,3.3268,9.3640,1.9991
91.881,3.3268,9.3640,1.9991
91.890,3.3338,9.3640,1.9991
91.898,3.3338,9.3640,1.9991
91.906,3.3408,9.3640,1.9991
91.915,3.3408,9.3640,1.9991
91.924,3.3478,9.3640,1.9991
91.931,3.3478,9.3640,1.9991
91.941,3.3478,9.3640,1.9991
91.949,3.3548,9.3640,1.9991
91.959,3.3548,9.3640,1.9991
91.966,3.3618,9.3640,1.9991
91.976,3.3618,9.3640,1.9991
91.983,3.3688,9.3640,1.9991
91.993,3.3688,9.3640,1.9991
92.000,3.3688,9.3640,1.9991
92.009,3.3758,9.3640,1.9991
92.018,3.3758,9.3640,1.9991
92.026,3.3828,9.3640,1.9991
92.035,3.3828,9.3640,1.9991
92.043,3.3898,9.3640,1.9991
92.052,3.3898,9.3640,1.9991
92.061,3.3898,9.3640,1.9991
92.070,3.3968,9.3640,1.9991
92.079,3.3968,9.3640,1.9991
92.088,3.4038,9.3640,1.9991
92.098,3.4038,9.3640,1.9991
92.106,3.4108,9.3640,1.9991
92.116,3.4108,9.3640,1.9991
92.125,3.4178,9.3640,1.9991
92.133,3.4178,9.3640,1.9991
92.142,3.4248,9.3640,1.9991
92.151,3.4248,9.3640,1.9991
92.161,3.4248,9.3640,1.9991
92.168,3.4318,9.3640,1.9991
92.178,3.4318,9.3640,1.9991
92.187,3.4388,9.3640,1.9991
92.196,3.4388,9.3640,1.9991
92.204,3.4458,9.3640,1.9991
92.214,3.4458,9.3640,1.9991
92.224,3.4528,9.3640,1.9991
92.233,3.4528,9.3640,1.9991
92.242,3.4528,9.3640,1.9991
92.251,3.4598,9.3640,1.9991
92.261,3.4598,9.3640,1.9991
92.270,3.4668,9.3640,1.9991
92.281,3.4668,9.3640,1.9991
92.290,3.4738,9.3640,1.9991
92.300,3.4738,9.3640,1.9991
92.309,3.4808,9.3640,1.9991
92.319,3.4808,9.3640,1.9991
92.328,3.4878,9.3640,1.9991
92.337,3.4878,9.3640,1.9991
92.346,3.4948,9.3640,1.9991
92.357,3.4948,9.3640,1.9991
92.366,3.5018,9.3640,1.9991
92.376,3.5018,9.3640,1.9991
92.385,3.5088,9.3640,1.9991
92.395,3.5088,9.3640,1.9991
92.403,3.5158,9.3640,1.9991
92.412,3.5158,9.3640,1.9991
92.421,3.5158,9.3640,1.9991
92.429,3.5228,9.3640,1.9991
92.438,3.5228,9.3640,1.9991
92.445,3.5298,9.3640,1.9991
92.457,3.5298,9.3640,1.9991
92.465,3.5368,9.3640,1.9991
92.475,3.5368,9.3640,1.9991
92.483,3.5438,9.3640,1.9991
92.493,3.5438,9.3640,1.9991
92.502,3.5508,9.3640,1.9991
92.512,3.5508,9.3640,1.9991
92.522,3.5578,9.3640,1.9991
92.531,3.5578,9.3640,1.9991
92.540,3.5578,9.3640,1.9991
92.548,3.5648,9.3640,1.9991
92.558,3.5648,9.3640,1.9991
92.566,3.5718,9.3640,1.9991
92.576,3.5718,9.3640,1.9991
92.584,3.5788,9.3640,1.9991
92.595,3.5788,9.3640,1.9991
92.602,3.5858,9.3640,1.9991
92.611,3.5858,9.3640,1.9991
92.620,3.5858,9.3640,1.9991
92.628,3.5928,9.3640,1.9991
92.636,3.5928,9.3640,1.9991
92.644,3.5998,9.3640,1.9991
92.653,3.5998,9.3640,1.9991
92.662,3.5998,9.3640,1.9991
92.669,3.6068,9.3640,1.9991
92.678,3.6068,9.3640,1.9991
92.687,3.6138,9.3640,1.9991
92.696,3.6138,9.3640,1.9991
92.705,3.6208,9.3640,1.9991
92.714,3.6208,9.3640,1.9991
92.724,3.6278,9.3640,1.9991
92.732,3.6278,9.3640,1.9991
92.740,3.6278,9.3640,1.9991
92.747,3.6348,9.3640,1.9991
92.756,3.6348,9.3640,1.9991
92.764,3.6418,9.3640,1.9991
92.773,3.6418,9.3640,1.9991
92.780,3.6418,9.3640,1.9991
92.789,3.6488,9.3640,1.9991
92.798,3.6488,9.3640,1.9991
92.806,3.6558,9.3640,1.9991
92.815,3.6558,9.3640,1.9991
92.823,3.6628,9.3640,1.9991
92.832,3.6628,9.3640,1.9991
92.839,3.6628,9.3640,1.9991
92.847,3.6698,9.3640,1.9991
92.857,3.6698,9.3640,1.9991
92.865,3.6768,9.3640,1.9991
92.874,3.6768,9.3640,1.9991
92.881,3.6768,9.3640,1.9991
92.890,3.6838,9.3640,1.9991
92.898,3.6838,9.3640,1.9991
92.906,3.6908,9.3640,1.9991
92.915,3.6908,9.3640,1.9991
92.923,3.6978,9.3640,1.9991
92.932,3.6978,9.3640,1.9991
92.940,3.6978,9.3640,1.9991
92.948,3.7048,9.3640,1.9991
92.958,3.7048,9.3640,1.9991
92.965,3.7118,9.3640,1.9991
92.974,3.7118,9.3640,1.9991
92.982,3.7118,9.3640,1.9991
92.989,3.7188,9.3640,1.9991
92.999,3.7188,9.3640,1.9991
93.007,3.7257,9.3640,1.9991
93.016,3.7257,9.3640,1.9991
93.025,3.7325,9.3640,1.9991
93.034,3.7325,9.3640,1.9991
93.042,3.7325,9.3640,1.9991
93.049,3.7391,9.3640,1.9991
93.059,3.7391,9.3640,1.9991
93.067,3.7457,9.3640,1.9991
93.076,3.7457,9.3640,1.9991
93.083,3.7520,9.3640,1.9991
93.093,3.7520,9.3640,1.9991
93.100,3.7520,9.3640,1.9991
93.110,3.7581,9.3640,1.9991
93.119,3.7581,9.3640,1.9991
93.134,3.7639,9.3640,1.9991
93.144,3.7696,9.3640,1.9991
93.152,3.7696,9.3640,1.9991
93.161,3.7696,9.3640,1.9991
93.169,3.7750,9.3640,1.9991
93.178,3.7750,9.3640,1.9991
93.186,3.7777,9.3640,1.9991
93.195,3.7777,9.3640,1.9991
93.203,3.7803,9.3640,1.9991
93.211,3.7803,9.3640,1.9991
93.221,3.7803,9.3640,1.9991
93.228,3.7830,9.3640,1.9991
93.236,3.7830,9.3640,1.9991
93.244,3.7857,9.3640,1.9991
93.254,3.7857,9.3640,1.9991
93.261,3.7857,9.3640,1.9991
93.269,3.7884,9.3640,1.9991
93.278,3.7884,9.3640,1.9991
93.286,3.7910,9.3640,1.9991
93.294,3.7910,9.3640,1.9991
93.303,3.7937,9.3640,1.9991
93.312,3.7937,9.3640,1.9991
93.321,3.7937,9.3640,1.9991
93.328,3.7964,9.3640,1.9991
93.337,3.7964,9.3640,1.9991
93.345,3.7991,9.3640,1.9991
93.355,3.7991,9.3640,1.9991
93.364,3.8017,9.3640,1.9991
93.373,3.8017,9.3640,1.9991
93.382,3.8017,9.3640,1.9991
93.391,3.8044,9.3640,1.9991
93.400,3.8044,9.3640,1.9991
93.407,3.8071,9.3640,1.9991
93.418,3.8071,9.3640,1.9991
93.427,3.8097,9.3640,1.9991
93.436,3.8097,9.3640,1.9991
93.444,3.8123,9.3640,1.9991
93.453,3.8123,9.3640,1.9991
93.462,3.8149,9.3640,1.9991
93.470,3.8149,9.3640,1.9991
93.479,3.8149,9.3640,1.9991
93.489,3.8175,9.3640,1.9991
93.497,3.8175,9.3640,1.9991
93.506,3.8200,9.3640,1.9991
93.515,3.8200,9.3640,1.9991
93.524,3.8226,9.3640,1.9991
93.533,3.8226,9.3640,1.9991
93.541,3.8226,9.3640,1.9991
93.551,3.8251,9.3640,1.9991
93.561,3.8251,9.3640,1.9991
93.570,3.8276,9.3640,1.9991
93.581,3.8276,9.3640,1.9991
93.589,3.8301,9.3640,1.9991
93.598,3.8301,9.3640,1.9991
93.606,3.8327,9.3640,1.9991
93.614,3.8327,9.3640,1.9991
93.623,3.8352,9.3640,1.9991
93.632,3.8352,9.3640,1.9991
93.640,3.8352,9.3640,1.9991
93.649,3.8377,9.3640,1.9991
93.659,3.8377,9.3640,1.9991
93.666,3.8403,9.3640,1.9991
93.676,3.8403,9.3640,1.9991
93.684,3.8428,9.3640,1.9991
93.694,3.8428,9.3640,1.9991
93.702,3.8428,9.3640,1.9991
93.711,3.8453,9.3640,1.9991
93.721,3.8453,9.3640,1.9991
93.730,3.8478,9.3640,1.9991
93.739,3.8478,9.3640,1.9991
93.748,3.8504,9.3640,1.9991
93.757,3.8504,9.3640,1.9991
93.765,3.8529,9.3640,1.9991
93.774,3.8529,9.3640,1.9991
93.782,3.8554,9.3640,1.9991
93.792,3.8554,9.3640,1.9991
93.800,3.8554,9.3640,1.9991
93.810,3.8580,9.3640,1.9991
93.819,3.8580,9.3640,1.9991
93.828,3.8605,9.3640,1.9991
93.837,3.8605,9.3640,1.9991
93.845,3.8631,9.3640,1.9991
93.857,3.8631,9.3640,1.9991
93.865,3.8656,9.3640,1.9991
93.875,3.8656,9.3640,1.9991
93.883,3.8682,9.3640,1.9991
93.893,3.8682,9.3640,1.9991
93.901,3.8682,9.3640,1.9991
93.910,3.8707,9.3640,1.9991
93.918,3.8707,9.3640,1.9991
93.927,3.8733,9.3640,1.9991
93.934,3.8733,9.3640,1.9991
93.943,3.8758,9.3640,1.9991
93.952,3.8758,9.3640,1.9991
93.961,3.8758,9.3640,1.9991
93.969,3.8784,9.3640,1.9991
93.979,3.8784,9.3640,1.9991
93.990,3.8809,9.3640,1.9991
93.999,3.8809,9.3640,1.9991
94.008,3.8835,9.3640,1.9991
94.016,3.8835,9.3640,1.9991
94.025,3.8860,9.3640,1.9991
94.033,3.8860,9.3640,1.9991
94.042,3.8885,9.3640,1.9991
94.051,3.8885,9.3640,1.9991
94.060,3.8885,9.3640,1.9991
94.068,3.8911,9.3640,1.9991
94.076,3.8911,9.3640,1.9991
94.085,3.8937,9.3640,1.9991
94.094,3.8937,9.3640,1.9991
94.102,3.8937,9.3640,1.9991
94.110,3.8962,9.3640,1.9991
94.121,3.8962,9.3640,1.9991
94.129,3.8988,9.3640,1.9991
94.138,3.8988,9.3640,1.9991
94.146,3.9013,9.3640,1.9991
94.155,3.9013,9.3640,1.9991
94.163,3.9039,9.3640,1.9991
94.172,3.9039,9.3640,1.9991
94.180,3.9039,9.3640,1.9991
94.188,3.9064,9.3640,1.9991
94.198,3.9064,9.3640,1.9991
94.205,3.9090,9.3640,1.9991
94.215,3.9090,9.3640,1.9991
94.222,3.9116,9.3640,1.9991
94.231,3.9116,9.3640,1.9991
94.239,3.9116,9.3640,1.9991
94.248,3.9141,9.3640,1.9991
94.257,3.9141,9.3640,1.9991
94.264,3.9167,9.3640,1.9991
94.273,3.9167,9.3640,1.9991
94.281,3.9167,9.3640,1.9991
94.289,3.9192,9.3640,1.9991
94.297,3.9192,9.3640,1.9991
94.306,3.9218,9.3640,1.9991
94.313,3.9218,9.3640,1.9991
94.322,3.9218,9.3640,1.9991
94.330,3.9243,9.3640,1.9991
94.340,3.9243,9.3640,1.9991
94.348,3.9269,9.3640,1.9991
94.358,3.9269,9.3640,1.9991
94.367,3.9294,9.3640,1.9991
94.375,3.9294,9.3640,1.9991
94.383,3.9319,9.3640,1.9991
94.393,3.9319,9.3640,1.9991
94.401,3.9319,9.3640,1.9991
94.409,3.9344,9.3640,1.9991
94.419,3.9344,9.3640,1.9991
94.428,3.9368,9.3640,1.9991
94.436,3.9368,9.3640,1.9991
94.445,3.9392,9.3640,1.9991
94.455,3.9392,9.3640,1.9991
94.463,3.9415,9.3640,1.9991
94.472,3.9415,9.3640,1.9991
94.480,3.9415,9.3640,1.9991
94.489,3.9434,9.3640,1.9991
94.498,3.9434,9.3640,1.9991
94.507,3.9443,9.3640,1.9991
94.516,3.9443,9.3640,1.9991
94.524,3.9450,9.3640,1.9991
94.532,3.9450,9.3640,1.9991
94.540,3.9450,9.3640,1.9991
94.549,3.9452,9.3640,1.9991
94.558,3.9452,9.3640,1.9991
94.565,3.9454,9.3640,1.9991
94.575,3.9454,9.3640,1.9991
94.583,3.9455,9.3640,1.9991
94.593,3.9455,9.3640,1.9991
94.601,3.9455,9.3640,1.9991
94.610,3.9455,9.3640,1.9991
94.619,3.9455,9.3640,1.9991
94.627,3.9455,9.3640,1.9991
94.637,3.9455,9.3640,1.9991
94.646,3.9455,9.3640,1.9991
94.656,3.9455,9.3640,1.9991
94.665,3.9455,9.3640,1.9991
94.675,3.9455,9.3640,1.9991
94.683,3.9455,9.3640,1.9991
94.694,3.9455,9.3640,1.9991
94.703,3.9455,9.3640,1.9991
94.713,3.9455,9.3640,1.9991
94.723,3.9455,9.3640,1.9991
94.734,3.9455,9.3640,1.9991
94.744,3.9455,9.3640,1.9991
94.753,3.9455,9.3640,1.9991
94.763,3.9455,9.3640,1.9991
94.772,3.9455,9.3640,1.9991
94.780,3.9455,9.3640,1.9991
94.790,3.9455,9.3640,1.9991
94.798,3.9455,9.3640,1.9991
94.807,3.9455,9.3640,1.9991
94.817,3.9455,9.3640,1.9991
94.827,3.9455,9.3640,1.9991
94.837,3.9455,9.3640,1.9991
94.845,3.9455,9.3640,1.9991
94.857,3.9455,9.3640,1.9991
94.864,3.9455,9.3640,1.9991
94.874,3.9455,9.3640,1.9991
94.883,3.9455,9.3640,1.9991
94.893,3.9455,9.3640,1.9991
94.902,3.9455,9.3640,1.9991
94.910,3.9456,9.3640,1.9991
94.921,3.9456,9.3640,1.9991
94.930,3.9457,9.3640,1.9991
94.940,3.9457,9.3640,1.9991
94.950,3.9458,9.3640,1.9991
94.961,3.9458,9.3640,1.9991
94.968,3.9460,9.3640,1.9991
94.979,3.9460,9.3640,1.9991
94.988,3.9461,9.3640,1.9991
94.999,3.9461,9.3640,1.9991
95.007,3.9463,9.3640,1.9991
95.017,3.9463,9.3640,1.9991
95.027,3.9465,9.3640,1.9991
95.036,3.9465,9.3640,1.9991
95.045,3.9467,9.3640,1.9991
95.056,3.9467,9.3640,1.9991
95.064,3.9470,9.3640,1.9991
95.074,3.9470,9.3640,1.9991
95.082,3.9472,9.3640,1.9991
95.093,3.9472,9.3640,1.9991
95.102,3.9472,9.3640,1.9991
95.111,3.9474,9.3640,1.9991
95.121,3.9474,9.3640,1.9991
95.129,3.9476,9.3640,1.9991
95.139,3.9476,9.3640,1.9991
95.146,3.9478,9.3640,1.9991
95.157,3.9478,9.3640,1.9991
95.165,3.9480,9.3640,1.9991
95.175,3.9480,9.3640,1.9991
95.184,3.9482,9.3640,1.9991
95.193,3.9482,9.3640,1.9991
95.201,3.9482,9.3640,1.9991
95.211,3.9484,9.3640,1.9991
95.219,3.9484,9.3640,1.9991
95.228,3.9487,9.3640,1.9991
95.236,3.9487,9.3640,1.9991
95.246,3.9489,9.3640,1.9991
95.256,3.9489,9.3640,1.9991
95.263,3.9491,9.3640,1.9991
95.273,3.9491,9.3640,1.9991
95.281,3.9491,9.3640,1.9991
95.290,3.9497,9.3640,1.9991
95.299,3.9497,9.3640,1.9991
95.307,3.9503,9.3640,1.9991
95.316,3.9503,9.3640,1.9991
95.325,3.9509,9.3640,1.9991
95.334,3.9509,9.3640,1.9991
95.342,3.9515,9.3640,1.9991
95.351,3.9515,9.3640,1.9991
95.360,3.9515,9.3640,1.9991
95.367,3.9522,9.3640,1.9991
95.376,3.9522,9.3640,1.9991
95.386,3.9528,9.3640,1.9991
95.396,3.9528,9.3640,1.9991
95.403,3.9535,9.3640,1.9991
95.412,3.9535,9.3640,1.9991
95.421,3.9535,9.3640,1.9991
95.429,3.9543,9.3640,1.9991
95.439,3.9543,9.3640,1.9991
95.447,3.9550,9.3640,1.9991
95.458,3.9550,9.3640,1.9991
95.466,3.9557,9.3640,1.9991
95.477,3.9557,9.3640,1.9991
95.485,3.9565,9.3640,1.9991
95.496,3.9565,9.3640,1.9991
95.504,3.9573,9.3640,1.9991
95.523,3.9581,9.3640,1.9991
95.532,3.9581,9.3640,1.9991
95.542,3.9588,9.3640,1.9991
95.552,3.9588,9.3640,1.9991
95.561,3.9588,9.3640,1.9991
95.571,3.9596,9.3640,1.9991
95.580,3.9596,9.3640,1.9991
95.590,3.9604,9.3640,1.9991
95.601,3.9604,9.3640,1.9991
95.609,3.9611,9.3640,1.9991
95.620,3.9611,9.3640,1.9991
95.629,3.9619,9.3640,1.9991
95.639,3.9619,9.3640,1.9991
95.648,3.9627,9.3640,1.9991
95.659,3.9627,9.3640,1.9991
95.668,3.9634,9.3640,1.9991
95.678,3.9634,9.3640,1.9991
95.689,3.9642,9.3640,1.9991
95.698,3.9642,9.3640,1.9991
95.705,3.9650,9.3640,1.9991
95.715,3.9650,9.3640,1.9991
95.723,3.9658,9.3640,1.9991
95.733,3.9658,9.3640,1.9991
95.742,3.9658,9.3640,1.9991
95.751,3.9665,9.3640,1.9991
95.762,3.9673,9.3640,1.9991
95.771,3.9673,9.3640,1.9991
95.781,3.9673,9.3640,1.9991
95.790,3.9681,9.3640,1.9991
95.799,3.9681,9.3640,1.9991
95.808,3.9688,9.3640,1.9991
95.818,3.9688,9.3640,1.9991
95.827,3.9696,9.3640,1.9991
95.835,3.9696,9.3640,1.9991
95.844,3.9704,9.3640,1.9991
95.855,3.9704,9.3640,1.9991
95.863,3.9711,9.3640,1.9991
95.875,3.9711,9.3640,1.9991
95.884,3.9719,9.3640,1.9991
95.894,3.9719,9.3640,1.9991
95.903,3.9727,9.3640,1.9991
95.914,3.9727,9.3640,1.9991
95.924,3.9734,9.3640,1.9991
95.935,3.9734,9.3640,1.9991
95.944,3.9742,9.3640,1.9991
95.955,3.9742,9.3640,1.9991
95.964,3.9750,9.3640,1.9991
95.975,3.9750,9.3640,1.9991
95.984,3.9757,9.3640,1.9991
95.995,3.9757,9.3640,1.9991
96.004,3.9765,9.3640,1.9991
96.015,3.9765,9.3640,1.9991
96.024,3.9772,9.3640,1.9991
96.033,3.9772,9.3640,1.9991
96.042,3.9780,9.3640,1.9991
96.053,3.9780,9.3640,1.9991
96.061,3.9780,9.3640,1.9991
96.069,3.9787,9.3640,1.9991
96.080,3.9787,9.3640,1.9991
96.090,3.9795,9.3640,1.9991
96.100,3.9795,9.3640,1.9991
96.108,3.9802,9.3640,1.9991
96.118,3.9802,9.3640,1.9991
96.127,3.9810,9.3640,1.9991
96.136,3.9810,9.3640,1.9991
96.145,3.9817,9.3640,1.9991
96.155,3.9817,9.3640,1.9991
96.163,3.9825,9.3640,1.9991
96.173,3.9825,9.3640,1.9991
96.182,3.9825,9.3640,1.9991
96.190,3.9832,9.3640,1.9991
96.199,3.9832,9.3640,1.9991
96.207,3.9840,9.3640,1.9991
96.217,3.9840,9.3640,1.9991
96.225,3.9847,9.3640,1.9991
96.235,3.9847,9.3640,1.9991
96.244,3.9855,9.3640,1.9991
96.254,3.9855,9.3640,1.9991
96.262,3.9862,9.3640,1.9991
96.272,3.9862,9.3640,1.9991
96.281,3.9862,9.3640,1.9991
96.290,3.9869,9.3640,1.9991
96.299,3.9869,9.3640,1.9991
96.308,3.9877,9.3640,1.9991
96.317,3.9877,9.3640,1.9991
96.327,3.9884,9.3640,1.9991
96.335,3.9884,9.3640,1.9991
96.344,3.9891,9.3640,1.9991
96.355,3.9891,9.3640,1.9991
96.363,3.9898,9.3640,1.9991
96.374,3.9898,9.3640,1.9991
96.382,3.9905,9.3640,1.9991
96.392,3.9905,9.3640,1.9991
96.400,3.9905,9.3640,1.9991
96.409,3.9912,9.3640,1.9991
96.419,3.9912,9.3640,1.9991
96.426,3.9919,9.3640,1.9991
96.435,3.9919,9.3640,1.9991
96.443,3.9926,9.3640,1.9991
96.452,3.9926,9.3640,1.9991
96.459,3.9926,9.3640,1.9991
96.468,3.9933,9.3640,1.9991
96.478,3.9933,9.3640,1.9991
96.487,3.9940,9.3640,1.9991
96.496,3.9940,9.3640,1.9991
96.505,3.9946,9.3640,1.9991
96.515,3.9946,9.3640,1.9991
96.523,3.9953,9.3640,1.9991
96.532,3.9953,9.3640,1.9991
96.540,3.9953,9.3640,1.9991
96.550,3.9959,9.3640,1.9991
96.560,3.9959,9.3640,1.9991
96.568,3.9961,9.3640,1.9991
96.577,3.9961,9.3640,1.9991
96.585,3.9963,9.3640,1.9991
96.595,3.9963,9.3640,1.9991
96.602,3.9965,9.3640,1.9991
96.612,3.9965,9.3640,1.9991
96.620,3.9965,9.3640,1.9991
96.629,3.9966,9.3640,1.9991
96.637,3.9966,9.3640,1.9991
96.645,3.9967,9.3640,1.9991
96.655,3.9967,9.3640,1.9991
96.663,3.9968,9.3640,1.9991
96.673,3.9968,9.3640,1.9991
96.681,3.9968,9.3640,1.9991
96.691,3.9968,9.3640,1.9991
96.699,3.9968,9.3640,1.9991
96.707,3.9968,9.3640,1.9991
96.716,3.9968,9.3640,1.9991
96.725,3.9968,9.3640,1.9991
96.734,3.9968,9.3640,1.9991
96.742,3.9968,9.3640,1.9991
96.751,3.9968,9.3640,1.9991
96.759,3.9968,9.3640,1.9991
96.768,3.9968,9.3640,1.9991
96.775,3.9968,9.3640,1.9991
96.785,3.9968,9.3640,1.9991
96.794,3.9968,9.3640,1.9991
96.802,3.9968,9.3640,1.9991
96.810,3.9968,9.3640,1.9991
96.819,3.9968,9.3640,1.9991
96.828,3.9968,9.3640,1.9991
96.835,3.9968,9.3640,1.9991
96.845,3.9968,9.3640,1.9991
96.853,3.9968,9.3640,1.9991
96.861,3.9968,9.3640,1.9991
96.869,3.9968,9.3640,1.9991
96.879,3.9968,9.3640,1.9991
96.888,3.9968,9.3640,1.9991
96.897,3.9968,9.3640,1.9991
96.905,3.9968,9.3640,1.9991
96.913,3.9968,9.3640,1.9991
96.921,3.9968,9.3640,1.9991
96.930,3.9968,9.3640,1.9991
96.939,3.9968,9.3640,1.9991
96.947,3.9968,9.3640,1.9991
96.956,3.9968,9.3640,1.9991
96.964,3.9968,9.3640,1.9991
96.974,3.9968,9.3640,1.9991
96.982,3.9968,9.3640,1.9991
96.992,3.9968,9.3640,1.9991
97.000,3.9968,9.3640,1.9991
97.010,3.9968,9.3640,1.9991
97.018,3.9968,9.3640,1.9991
97.026,3.9968,9.3640,1.9991
97.034,3.9968,9.3640,1.9991
97.043,3.9968,9.3640,1.9991
97.051,3.9968,9.3640,1.9991
97.060,3.9968,9.3640,1.9991
97.068,3.9968,9.3640,1.9991
97.077,3.9968,9.3640,1.9991
97.086,3.9968,9.3640,1.9991
97.095,3.9968,9.3640,1.9991
97.102,3.9968,9.3640,1.9991
97.111,3.9968,9.3640,1.9991
97.119,3.9968,9.3640,1.9991
97.128,3.9968,9.3640,1.9991
97.135,3.9968,9.3640,1.9991
97.144,3.9968,9.3640,1.9991
97.154,3.9968,9.3640,1.9991
97.162,3.9968,9.3640,1.9991
97.174,3.9968,9.3640,1.9991
97.182,3.9968,9.3639,1.9991
97.193,3.9968,9.3639,1.9991
97.201,3.9968,9.3639,1.9991
97.209,3.9968,9.3639,1.9991
97.220,3.9968,9.3639,1.9991
97.228,3.9968,9.3638,1.9991
97.237,3.9968,9.3638,1.9991
97.245,3.9968,9.3636,1.9991
97.257,3.9968,9.3636,1.9991
97.266,3.9968,9.3633,1.9991
97.275,3.9968,9.3633,1.9991
97.283,3.9968,9.3630,1.9991
97.294,3.9968,9.3630,1.9991
97.302,3.9968,9.3627,1.9991
97.312,3.9968,9.3627,1.9991
97.323,3.9968,9.3623,1.9991
97.332,3.9968,9.3623,1.9991
97.341,3.9968,9.3623,1.9991
97.350,3.9968,9.3615,1.9991
97.361,3.9968,9.3615,1.9991
97.369,3.9968,9.3607,1.9991
97.380,3.9968,9.3607,1.9991
97.390,3.9968,9.3597,1.9991
97.400,3.9968,9.3597,1.9991
97.408,3.9968,9.3588,1.9991
97.419,3.9968,9.3588,1.9991
97.427,3.9968,9.3577,1.9991
97.436,3.9968,9.3577,1.9991
97.446,3.9968,9.3556,1.9991
97.457,3.9968,9.3556,1.9991
97.465,3.9968,9.3533,1.9991
97.476,3.9968,9.3533,1.9991
97.484,3.9968,9.3509,1.9991
97.495,3.9968,9.3509,1.9991
97.504,3.9968,9.3485,1.9991
97.514,3.9968,9.3485,1.9991
97.523,3.9968,9.3460,1.9991
97.533,3.9968,9.3460,1.9991
97.543,3.9968,9.3434,1.9991
97.553,3.9968,9.3434,1.9991
97.561,3.9968,9.3434,1.9991
97.569,3.9968,9.3407,1.9991
97.578,3.9968,9.3407,1.9991
97.588,3.9968,9.3380,1.9991
97.598,3.9968,9.3380,1.9991
97.606,3.9968,9.3354,1.9991
97.617,3.9968,9.3354,1.9991
97.626,3.9968,9.3327,1.9991
97.636,3.9968,9.3327,1.9991
97.646,3.9968,9.3301,1.9991
97.656,3.9968,9.3301,1.9991
97.664,3.9968,9.3274,1.9991
97.673,3.9968,9.3274,1.9991
97.682,3.9968,9.3274,1.9991
97.689,3.9968,9.3247,1.9991
97.698,3.9968,9.3247,1.9991
97.706,3.9968,9.3220,1.9991
97.717,3.9968,9.3220,1.9991
97.724,3.9968,9.3194,1.9991
97.733,3.9968,9.3194,1.9991
97.743,3.9968,9.3167,1.9991
97.752,3.9968,9.3167,1.9991
97.760,3.9968,9.3167,1.9991
97.768,3.9968,9.3140,1.9991
97.777,3.9968,9.3140,1.9991
97.785,3.9968,9.3114,1.9991
97.794,3.9968,9.3114,1.9991
97.802,3.9968,9.3114,1.9991
97.811,3.9968,9.3087,1.9991
97.822,3.9968,9.3060,1.9991
97.831,3.9968,9.3060,1.9991
97.840,3.9968,9.3060,1.9991
97.848,3.9968,9.3034,1.9991
97.859,3.9968,9.3034,1.9991
97.867,3.9968,9.3007,1.9991
97.878,3.9968,9.3007,1.9991
97.888,3.9968,9.2980,1.9991
97.898,3.9968,9.2980,1.9991
97.907,3.9968,9.2954,1.9991
97.916,3.9968,9.2954,1.9991
97.924,3.9968,9.2927,1.9991
97.934,3.9968,9.2927,1.9991
97.942,3.9968,9.2927,1.9991
97.960,3.9968,9.2900,1.9991
97.970,3.9968,9.2874,1.9991
97.980,3.9968,9.2874,1.9991
97.990,3.9968,9.2847,1.9991
97.999,3.9968,9.2847,1.9991
98.008,3.9968,9.2820,1.9991
98.018,3.9968,9.2820,1.9991
98.027,3.9968,9.2794,1.9991
98.037,3.9968,9.2794,1.9991
98.044,3.9968,9.2767,1.9991
98.055,3.9968,9.2767,1.9991
98.062,3.9968,9.2740,1.9991
98.072,3.9968,9.2740,1.9991
98.079,3.9968,9.2740,1.9991
98.088,3.9968,9.2714,1.9991
98.098,3.9968,9.2714,1.9991
98.107,3.9968,9.2687,1.9991
98.115,3.9968,9.2687,1.9991
98.123,3.9968,9.2660,1.9991
98.133,3.9968,9.2660,1.9991
98.141,3.9968,9.2660,1.9991
98.149,3.9968,9.2634,1.9991
98.158,3.9968,9.2634,1.9991
98.165,3.9968,9.2607,1.9991
98.175,3.9968,9.2607,1.9991
98.183,3.9968,9.2580,1.9991
98.193,3.9968,9.2580,1.9991
98.201,3.9968,9.2580,1.9991
98.209,3.9968,9.2554,1.9991
98.217,3.9968,9.2554,1.9991
98.226,3.9968,9.2527,1.9991
98.235,3.9968,9.2527,1.9991
98.244,3.9968,9.2500,1.9991
98.253,3.9968,9.2500,1.9991
98.262,3.9968,9.2474,1.9991
98.271,3.9968,9.2474,1.9991
98.279,3.9968,9.2474,1.9991
98.288,3.9968,9.2447,1.9991
98.298,3.9968,9.2447,1.9991
98.306,3.9968,9.2420,1.9991
98.314,3.9968,9.2420,1.9991
98.323,3.9968,9.2394,1.9991
98.331,3.9968,9.2394,1.9991
98.340,3.9968,9.2394,1.9991
98.347,3.9968,9.2367,1.9991
98.357,3.9968,9.2367,1.9991
98.363,3.9968,9.2340,1.9991
98.374,3.9968,9.2340,1.9991
98.381,3.9968,9.2340,1.9991
98.389,3.9968,9.2314,1.9991
98.398,3.9968,9.2314,1.9991
98.406,3.9968,9.2287,1.9991
98.416,3.9968,9.2287,1.9991
98.425,3.9968,9.2260,1.9991
98.435,3.9968,9.2260,1.9991
98.444,3.9968,9.2234,1.9991
98.455,3.9968,9.2234,1.9991
98.463,3.9968,9.2207,1.9991
98.473,3.9968,9.2207,1.9991
98.483,3.9968,9.2180,1.9991
98.493,3.9968,9.2180,1.9991
98.501,3.9968,9.2180,1.9991
98.509,3.9968,9.2154,1.9991
98.519,3.9968,9.2154,1.9991
98.528,3.9968,9.2127,1.9991
98.537,3.9968,9.2127,1.9991
98.546,3.9968,9.2100,1.9991
98.556,3.9968,9.2100,1.9991
98.565,3.9968,9.2074,1.9991
98.575,3.9968,9.2074,1.9991
98.584,3.9968,9.2047,1.9991
98.594,3.9968,9.2047,1.9991
98.602,3.9968,9.2047,1.9991
98.610,3.9968,9.2020,1.9991
98.619,3.9968,9.2020,1.9991
98.628,3.9968,9.1994,1.9991
98.639,3.9968,9.1994,1.9991
98.648,3.9968,9.1967,1.9991
98.659,3.9968,9.1967,1.9991
98.667,3.9968,9.1940,1.9991
98.676,3.9968,9.1940,1.9991
98.686,3.9968,9.1914,1.9991
98.696,3.9968,9.1914,1.9991
98.705,3.9968,9.1887,1.9991
98.715,3.9968,9.1887,1.9991
98.724,3.9968,9.1860,1.9991
98.733,3.9968,9.1860,1.9991
98.743,3.9968,9.1834,1.9991
98.752,3.9968,9.1834,1.9991
98.761,3.9968,9.1834,1.9991
98.768,3.9968,9.1807,1.9991
98.777,3.9968,9.1807,1.9991
98.785,3.9968,9.1780,1.9991
98.796,3.9968,9.1780,1.9991
98.805,3.9968,9.1754,1.9991
98.814,3.9968,9.1754,1.9991
98.823,3.9968,9.1727,1.9991
98.833,3.9968,9.1727,1.9991
98.842,3.9968,9.1700,1.9991
98.852,3.9968,9.1700,1.9991
98.860,3.9968,9.1700,1.9991
98.869,3.9968,9.1674,1.9991
98.878,3.9968,9.1674,1.9991
98.887,3.9968,9.1647,1.9991
98.897,3.9968,9.1647,1.9991
98.905,3.9968,9.1620,1.9991
98.916,3.9968,9.1620,1.9991
98.925,3.9968,9.1594,1.9991
98.935,3.9968,9.1594,1.9991
98.943,3.9968,9.1567,1.9991
98.953,3.9968,9.1567,1.9991
98.961,3.9968,9.1567,1.9991
98.968,3.9968,9.1540,1.9991
98.978,3.9968,9.1540,1.9991
98.986,3.9968,9.1514,1.9991
98.995,3.9968,9.1514,1.9991
99.003,3.9968,9.1487,1.9991
99.013,3.9968,9.1487,1.9991
99.022,3.9968,9.1460,1.9991
99.031,3.9968,9.1460,1.9991
99.039,3.9968,9.1460,1.9991
99.048,3.9968,9.1434,1.9991
99.058,3.9968,9.1434,1.9991
99.064,3.9968,9.1407,1.9991
99.074,3.9968,9.1407,1.9991
99.082,3.9968,9.1380,1.9991
99.093,3.9968,9.1380,1.9991
99.100,3.9968,9.1380,1.9991
99.109,3.9968,9.1354,1.9991
99.118,3.9968,9.1354,1.9991
99.127,3.9968,9.1327,1.9991
99.136,3.9968,9.1327,1.9991
99.143,3.9968,9.1300,1.9991
99.152,3.9968,9.1300,1.9991
99.160,3.9968,9.1300,1.9991
99.168,3.9968,9.1274,1.9991
99.177,3.9968,9.1274,1.9991
99.185,3.9968,9.1247,1.9991
99.194,3.9968,9.1247,1.9991
99.201,3.9968,9.1247,1.9991
99.209,3.9968,9.1220,1.9991
99.218,3.9968,9.1220,1.9991
99.227,3.9968,9.1194,1.9991
99.236,3.9968,9.1194,1.9991
99.244,3.9968,9.1167,1.9991
99.252,3.9968,9.1167,1.9991
99.262,3.9968,9.1167,1.9991
99.269,3.9968,9.1140,1.9991
99.278,3.9968,9.1140,1.9991
99.287,3.9968,9.1114,1.9991
99.296,3.9968,9.1114,1.9991
99.304,3.9968,9.1087,1.9991
99.312,3.9968,9.1087,1.9991
99.322,3.9968,9.1060,1.9991
99.330,3.9968,9.1060,1.9991
99.338,3.9968,9.1060,1.9991
99.346,3.9968,9.1034,1.9991
99.356,3.9968,9.1034,1.9991
99.363,3.9968,9.1007,1.9991
99.372,3.9968,9.1007,1.9991
99.381,3.9968,9.1007,1.9991
99.389,3.9968,9.0980,1.9991
99.398,3.9968,9.0980,1.9991
99.406,3.9968,9.0954,1.9991
99.415,3.9968,9.0954,1.9991
99.424,3.9968,9.0927,1.9991
99.432,3.9968,9.0927,1.9991
99.440,3.9968,9.0927,1.9991
99.448,3.9968,9.0900,1.9991
99.457,3.9968,9.0900,1.9991
99.465,3.9968,9.0874,1.9991
99.474,3.9968,9.0874,1.9991
99.481,3.9968,9.0874,1.9991
99.491,3.9968,9.0847,1.9991
99.499,3.9968,9.0847,1.9991
99.508,3.9968,9.0820,1.9991
99.517,3.9968,9.0820,1.9991
99.526,3.9968,9.0794,1.9991
99.534,3.9968,9.0794,1.9991
99.542,3.9968,9.0767,1.9991
99.552,3.9968,9.0767,1.9991
99.560,3.9968,9.0767,1.9991
99.567,3.9968,9.0740,1.9991
99.578,3.9968,9.0740,1.9991
99.586,3.9968,9.0714,1.9991
99.595,3.9968,9.0714,1.9991
99.602,3.9968,9.0687,1.9991
99.610,3.9968,9.0687,1.9991
99.618,3.9968,9.0687,1.9991
99.627,3.9968,9.0660,1.9991
99.635,3.9968,9.0660,1.9991
99.643,3.9968,9.0634,1.9991
99.654,3.9968,9.0634,1.9991
99.661,3.9968,9.0634,1.9991
99.669,3.9968,9.0607,1.9991
99.678,3.9968,9.0607,1.9991
99.688,3.9968,9.0580,1.9991
99.697,3.9968,9.0580,1.9991
99.705,3.9968,9.0554,1.9991
99.714,3.9968,9.0554,1.9991
99.723,3.9968,9.0527,1.9991
99.732,3.9968,9.0527,1.9991
99.740,3.9968,9.0527,1.9991
99.749,3.9968,9.0500,1.9991
99.760,3.9968,9.0500,1.9991
99.768,3.9968,9.0474,1.9991
99.778,3.9968,9.0474,1.9991
99.787,3.9968,9.0447,1.9991
99.797,3.9968,9.0447,1.9991
99.806,3.9968,9.0420,1.9991
99.817,3.9968,9.0420,1.9991
99.826,3.9968,9.0394,1.9991
99.834,3.9968,9.0394,1.9991
99.843,3.9968,9.0367,1.9991
99.853,3.9968,9.0367,1.9991
99.861,3.9968,9.0367,1.9991
99.870,3.9968,9.0341,1.9991
99.880,3.9968,9.0341,1.9991
99.890,3.9968,9.0314,1.9991
99.899,3.9968,9.0314,1.9991
99.909,3.9968,9.0288,1.9991
99.920,3.9968,9.0288,1.9991
99.928,3.9968,9.0261,1.9991
99.938,3.9968,9.0261,1.9991
99.945,3.9968,9.0235,1.9991
99.957,3.9968,9.0235,1.9991
99.964,3.9968,9.0208,1.9991
99.973,3.9968,9.0208,1.9991
99.982,3.9968,9.0182,1.9991
99.992,3.9968,9.0182,1.9991
100.001,3.9968,9.0182,1.9991
100.010,3.9968,9.0155,1.9991
100.020,3.9968,9.0155,1.9991
100.029,3.9968,9.0129,1.9991
100.039,3.9968,9.0129,1.9991
100.048,3.9968,9.0102,1.9991
100.057,3.9968,9.0102,1.9991
100.065,3.9968,9.0076,1.9991
100.076,3.9968,9.0076,1.9991
100.084,3.9968,9.0049,1.9991
100.094,3.9968,9.0049,1.9991
100.102,3.9968,9.0023,1.9991
100.112,3.9968,9.0023,1.9991
100.122,3.9968,8.9996,1.9991
100.132,3.9968,8.9996,1.9991
100.140,3.9968,8.9996,1.9991
100.149,3.9968,8.9970,1.9991
100.159,3.9968,8.9970,1.9991
100.168,3.9968,8.9943,1.9991
100.177,3.9968,8.9943,1.9991
100.186,3.9968,8.9917,1.9991
100.197,3.9968,8.9917,1.9991
100.205,3.9968,8.9890,1.9991
100.215,3.9968,8.9890,1.9991
100.222,3.9968,8.9864,1.9991
100.232,3.9968,8.9864,1.9991
100.240,3.9968,8.9864,1.9991
100.248,3.9968,8.9838,1.9991
100.258,3.9968,8.9838,1.9991
100.266,3.9968,8.9811,1.9991
100.275,3.9968,8.9811,1.9991
100.293,3.9968,8.9785,1.9991
100.303,3.9968,8.9758,1.9991
100.313,3.9968,8.9758,1.9991
100.321,3.9968,8.9758,1.9991
100.329,3.9968,8.9732,1.9991
100.340,3.9968,8.9732,1.9991
100.348,3.9968,8.9706,1.9991
100.358,3.9968,8.9706,1.9991
100.366,3.9968,8.9679,1.9991
100.376,3.9968,8.9679,1.9991
100.384,3.9968,8.9653,1.9991
100.394,3.9968,8.9653,1.9991
100.402,3.9968,8.9626,1.9991
100.412,3.9968,8.9626,1.9991
100.422,3.9968,8.9626,1.9991
100.429,3.9968,8.9600,1.9991
100.439,3.9968,8.9600,1.9991
100.445,3.9968,8.9574,1.9991
100.456,3.9968,8.9574,1.9991
100.465,3.9968,8.9547,1.9991
100.474,3.9968,8.9547,1.9991
100.482,3.9968,8.9547,1.9991
100.489,3.9968,8.9521,1.9991
100.499,3.9968,8.9521,1.9991
100.508,3.9968,8.9495,1.9991
100.517,3.9968,8.9495,1.9991
100.526,3.9968,8.9468,1.9991
100.533,3.9968,8.9468,1.9991
100.542,3.9968,8.9442,1.9991
100.551,3.9968,8.9442,1.9991
100.560,3.9968,8.9442,1.9991
100.566,3.9968,8.9416,1.9991
100.576,3.9968,8.9416,1.9991
100.583,3.9968,8.9389,1.9991
100.593,3.9968,8.9389,1.9991
100.600,3.9968,8.9389,1.9991
100.609,3.9968,8.9363,1.9991
100.617,3.9968,8.9363,1.9991
100.627,3.9968,8.9337,1.9991
100.636,3.9968,8.9337,1.9991
100.644,3.9968,8.9310,1.9991
100.653,3.9968,8.9310,1.9991
100.661,3.9968,8.9310,1.9991
100.669,3.9968,8.9284,1.9991
100.678,3.9968,8.9284,1.9991
100.686,3.9968,8.9258,1.9991
100.695,3.9968,8.9258,1.9991
100.703,3.9968,8.9232,1.9991
100.712,3.9968,8.9232,1.9991
100.721,3.9968,8.9232,1.9991
100.730,3.9968,8.9206,1.9991
100.739,3.9968,8.9206,1.9991
100.747,3.9968,8.9179,1.9991
100.758,3.9968,8.9179,1.9991
100.765,3.9968,8.9153,1.9991
100.774,3.9968,8.9153,1.9991
100.782,3.9968,8.9127,1.9991
100.792,3.9968,8.9127,1.9991
100.800,3.9968,8.9127,1.9991
100.807,3.9968,8.9100,1.9991
100.818,3.9968,8.9100,1.9991
100.825,3.9968,8.9074,1.9991
100.835,3.9968,8.9074,1.9991
100.843,3.9968,8.9048,1.9991
100.853,3.9968,8.9048,1.9991
100.861,3.9968,8.9048,1.9991
100.868,3.9968,8.9022,1.9991
100.878,3.9968,8.9022,1.9991
100.887,3.9968,8.8995,1.9991
100.896,3.9968,8.8995,1.9991
100.902,3.9968,8.8969,1.9991
100.912,3.9968,8.8969,1.9991
100.920,3.9968,8.8969,1.9991
100.928,3.9968,8.8942,1.9991
100.935,3.9968,8.8942,1.9991
100.944,3.9968,8.8916,1.9991
100.953,3.9968,8.8916,1.9991
100.962,3.9968,8.8916,1.9991
100.970,3.9968,8.8890,1.9991
100.980,3.9968,8.8890,1.9991
100.988,3.9968,8.8863,1.9991
100.997,3.9968,8.8863,1.9991
101.007,3.9968,8.8837,1.9991
101.017,3.9968,8.8837,1.9991
101.025,3.9968,8.8811,1.9991
101.035,3.9968,8.8811,1.9991
101.043,3.9968,8.8785,1.9991
101.053,3.9968,8.8785,1.9991
101.061,3.9968,8.8785,1.9991
101.070,3.9968,8.8758,1.9991
101.080,3.9968,8.8758,1.9991
101.090,3.9968,8.8732,1.9991
101.099,3.9968,8.8732,1.9991
101.108,3.9968,8.8706,1.9991
101.119,3.9968,8.8706,1.9991
101.128,3.9968,8.8680,1.9991
101.137,3.9968,8.8680,1.9991
101.146,3.9968,8.8653,1.9991
101.157,3.9968,8.8653,1.9991
101.166,3.9968,8.8627,1.9991
101.177,3.9968,8.8627,1.9991
101.186,3.9968,8.8601,1.9991
101.196,3.9968,8.8601,1.9991
101.204,3.9968,8.8575,1.9991
101.214,3.9968,8.8575,1.9991
101.224,3.9968,8.8549,1.9991
101.233,3.9968,8.8549,1.9991
101.242,3.9968,8.8522,1.9991
101.253,3.9968,8.8522,1.9991
101.260,3.9968,8.8522,1.9991
101.268,3.9968,8.8496,1.9991
101.278,3.9968,8.8496,1.9991
101.286,3.9968,8.8470,1.9991
101.296,3.9968,8.8470,1.9991
101.305,3.9968,8.8444,1.9991
101.316,3.9968,8.8444,1.9991
101.324,3.9968,8.8417,1.9991
101.333,3.9968,8.8417,1.9991
101.342,3.9968,8.8391,1.9991
101.352,3.9968,8.8391,1.9991
101.360,3.9968,8.8391,1.9991
101.369,3.9968,8.8365,1.9991
101.378,3.9968,8.8365,1.9991
101.387,3.9968,8.8339,1.9991
101.397,3.9968,8.8339,1.9991
101.406,3.9968,8.8312,1.9991
101.415,3.9968,8.8312,1.9991
101.425,3.9968,8.8286,1.9991
101.436,3.9968,8.8286,1.9991
101.445,3.9968,8.8260,1.9991
101.455,3.9968,8.8260,1.9991
101.464,3.9968,8.8234,1.9991
101.474,3.9968,8.8234,1.9991
101.482,3.9968,8.8207,1.9991
101.493,3.9968,8.8207,1.9991
101.499,3.9968,8.8207,1.9991
101.507,3.9968,8.8181,1.9991
101.515,3.9968,8.8181,1.9991
101.525,3.9968,8.8155,1.9991
101.533,3.9968,8.8155,1.9991
101.541,3.9968,8.8155,1.9991
101.548,3.9968,8.8129,1.9991
101.558,3.9968,8.8129,1.9991
101.565,3.9968,8.8102,1.9991
101.574,3.9968,8.8102,1.9991
101.582,3.9968,8.8076,1.9991
101.592,3.9968,8.8076,1.9991
101.598,3.9968,8.8076,1.9991
101.607,3.9968,8.8050,1.9991
101.616,3.9968,8.8050,1.9991
101.626,3.9968,8.8023,1.9991
101.634,3.9968,8.8023,1.9991
101.643,3.9968,8.7997,1.9991
101.652,3.9968,8.7997,1.9991
101.659,3.9968,8.7997,1.9991
101.666,3.9968,8.7971,1.9991
101.676,3.9968,8.7971,1.9991
101.683,3.9968,8.7944,1.9991
101.692,3.9968,8.7944,1.9991
101.700,3.9968,8.7944,1.9991
101.707,3.9968,8.7918,1.9991
101.717,3.9968,8.7918,1.9991
101.724,3.9968,8.7892,1.9991
101.733,3.9968,8.7892,1.9991
101.741,3.9968,8.7892,1.9991
101.749,3.9968,8.7865,1.9991
101.759,3.9968,8.7865,1.9991
101.768,3.9968,8.7839,1.9991
101.777,3.9968,8.7839,1.9991
101.784,3.9968,8.7813,1.9991
101.794,3.9968,8.7813,1.9991
101.801,3.9968,8.7813,1.9991
101.809,3.9968,8.7787,1.9991
101.818,3.9968,8.7787,1.9991
101.828,3.9968,8.7760,1.9991
101.836,3.9968,8.7760,1.9991
101.844,3.9968,8.7734,1.9991
101.854,3.9968,8.7734,1.9991
101.862,3.9968,8.7708,1.9991
101.871,3.9968,8.7708,1.9991
101.879,3.9968,8.7708,1.9991
101.888,3.9968,8.7681,1.9991
101.897,3.9968,8.7681,1.9991
101.906,3.9968,8.7655,1.9991
101.914,3.9968,8.7655,1.9991
101.923,3.9968,8.7629,1.9991
101.931,3.9968,8.7629,1.9991
101.940,3.9968,8.7629,1.9991
101.948,3.9968,8.7602,1.9991
101.957,3.9968,8.7602,1.9991
101.966,3.9968,8.7576,1.9991
101.976,3.9968,8.7576,1.9991
101.984,3.9968,8.7550,1.9991
101.994,3.9968,8.7550,1.9991
102.002,3.9968,8.7523,1.9991
102.012,3.9968,8.7523,1.9991
102.020,3.9968,8.7523,1.9991
102.029,3.9968,8.7497,1.9991
102.038,3.9968,8.7497,1.9991
102.046,3.9968,8.7471,1.9991
102.056,3.9968,8.7471,1.9991
102.064,3.9968,8.7444,1.9991
102.074,3.9968,8.7444,1.9991
102.082,3.9968,8.7418,1.9991
102.092,3.9968,8.7418,1.9991
102.100,3.9968,8.7418,1.9991
102.108,3.9968,8.7392,1.9991
102.116,3.9968,8.7392,1.9991
102.124,3.9968,8.7365,1.9991
102.133,3.9968,8.7365,1.9991
102.140,3.9968,8.7365,1.9991
102.148,3.9968,8.7339,1.9991
102.159,3.9968,8.7339,1.9991
102.165,3.9968,8.7313,1.9991
102.175,3.9968,8.7313,1.9991
102.184,3.9968,8.7286,1.9991
102.194,3.9968,8.7286,1.9991
102.202,3.9968,8.7260,1.9991
102.211,3.9968,8.7260,1.9991
102.219,3.9968,8.7260,1.9991
102.226,3.9968,8.7234,1.9991
102.237,3.9968,8.7234,1.9991
102.246,3.9968,8.7207,1.9991
102.256,3.9968,8.7207,1.9991
102.265,3.9968,8.7181,1.9991
102.274,3.9968,8.7181,1.9991
102.283,3.9968,8.7155,1.9991
102.293,3.9968,8.7155,1.9991
102.301,3.9968,8.7155,1.9991
102.310,3.9968,8.7128,1.9991
102.320,3.9968,8.7128,1.9991
102.329,3.9968,8.7102,1.9991
102.340,3.9968,8.7102,1.9991
102.348,3.9968,8.7076,1.9991
102.358,3.9968,8.7076,1.9991
102.366,3.9968,8.7049,1.9991
102.377,3.9968,8.7049,1.9991
102.386,3.9968,8.7023,1.9991
102.396,3.9968,8.7023,1.9991
102.405,3.9968,8.6997,1.9991
102.414,3.9968,8.6997,1.9991
102.424,3.9968,8.6970,1.9991
102.434,3.9968,8.6970,1.9991
102.443,3.9968,8.6944,1.9991
102.453,3.9968,8.6944,1.9991
102.462,3.9968,8.6918,1.9991
102.472,3.9968,8.6918,1.9991
102.481,3.9968,8.6918,1.9991
102.491,3.9968,8.6891,1.9991
102.500,3.9968,8.6891,1.9991
102.508,3.9968,8.6865,1.9991
102.519,3.9968,8.6865,1.9991
102.528,3.9968,8.6838,1.9991
102.537,3.9968,8.6838,1.9991
102.546,3.9968,8.6812,1.9991
102.557,3.9968,8.6812,1.9991
102.565,3.9968,8.6785,1.9991
102.575,3.9968,8.6785,1.9991
102.584,3.9968,8.6759,1.9991
102.594,3.9968,8.6759,1.9991
102.602,3.9968,8.6732,1.9991
102.612,3.9968,8.6732,1.9991
102.621,3.9968,8.6732,1.9991
102.638,3.9968,8.6706,1.9991
102.649,3.9968,8.6680,1.9991
102.659,3.9968,8.6680,1.9991
102.667,3.9968,8.6653,1.9991
102.679,3.9968,8.6653,1.9991
102.689,3.9968,8.6627,1.9991
102.699,3.9968,8.6627,1.9991
102.707,3.9968,8.6600,1.9991
102.719,3.9968,8.6600,1.9991
102.728,3.9968,8.6574,1.9991
102.739,3.9968,8.6574,1.9991
102.747,3.9968,8.6548,1.9991
102.758,3.9968,8.6548,1.9991
102.765,3.9968,8.6521,1.9991
102.776,3.9968,8.6521,1.9991
102.783,3.9968,8.6495,1.9991
102.795,3.9968,8.6495,1.9991
102.803,3.9968,8.6469,1.9991
102.813,3.9968,8.6469,1.9991
102.822,3.9968,8.6442,1.9991
102.832,3.9968,8.6442,1.9991
102.841,3.9968,8.6442,1.9991
102.848,3.9968,8.6416,1.9991
102.859,3.9968,8.6416,1.9991
102.866,3.9968,8.6390,1.9991
102.876,3.9968,8.6390,1.9991
102.884,3.9968,8.6363,1.9991
102.893,3.9968,8.6363,1.9991
102.902,3.9968,8.6337,1.9991
102.911,3.9968,8.6337,1.9991
102.919,3.9968,8.6337,1.9991
102.928,3.9968,8.6311,1.9991
102.937,3.9968,8.6311,1.9991
102.946,3.9968,8.6284,1.9991
102.956,3.9968,8.6284,1.9991
102.965,3.9968,8.6258,1.9991
102.974,3.9968,8.6258,1.9991
102.983,3.9968,8.6232,1.9991
102.992,3.9968,8.6232,1.9991
103.000,3.9968,8.6232,1.9991
103.008,3.9968,8.6206,1.9991
103.018,3.9968,8.6206,1.9991
103.027,3.9968,8.6179,1.9991
103.037,3.9968,8.6179,1.9991
103.045,3.9968,8.6153,1.9991
103.056,3.9968,8.6153,1.9991
103.063,3.9968,8.6127,1.9991
103.073,3.9968,8.6127,1.9991
103.081,3.9968,8.6127,1.9991
103.090,3.9968,8.6100,1.9991
103.098,3.9968,8.6100,1.9991
103.107,3.9968,8.6074,1.9991
103.115,3.9968,8.6074,1.9991
103.125,3.9968,8.6047,1.9991
103.133,3.9968,8.6047,1.9991
103.141,3.9968,8.6047,1.9991
103.149,3.9968,8.6021,1.9991
103.160,3.9968,8.6021,1.9991
103.168,3.9968,8.5994,1.9991
103.177,3.9968,8.5994,1.9991
103.186,3.9968,8.5968,1.9991
103.196,3.9968,8.5968,1.9991
103.205,3.9968,8.5942,1.9991
103.215,3.9968,8.5942,1.9991
103.224,3.9968,8.5915,1.9991
103.234,3.9968,8.5915,1.9991
103.243,3.9968,8.5889,1.9991
103.254,3.9968,8.5889,1.9991
103.262,3.9968,8.5862,1.9991
103.273,3.9968,8.5862,1.9991
103.282,3.9968,8.5836,1.9991
103.293,3.9968,8.5836,1.9991
103.300,3.9968,8.5836,1.9991
103.309,3.9968,8.5810,1.9991
103.318,3.9968,8.5810,1.9991
103.326,3.9968,8.5783,1.9991
103.335,3.9968,8.5783,1.9991
103.343,3.9968,8.5757,1.9991
103.353,3.9968,8.5757,1.9991
103.362,3.9968,8.5757,1.9991
103.370,3.9968,8.5731,1.9991
103.379,3.9968,8.5731,1.9991
103.388,3.9968,8.5704,1.9991
103.397,3.9968,8.5704,1.9991
103.405,3.9968,8.5678,1.9991
103.415,3.9968,8.5678,1.9991
103.423,3.9968,8.5651,1.9991
103.433,3.9968,8.5651,1.9991
103.440,3.9968,8.5651,1.9991
103.449,3.9968,8.5625,1.9991
103.460,3.9968,8.5625,1.9991
103.467,3.9968,8.5599,1.9991
103.478,3.9968,8.5599,1.9991
103.486,3.9968,8.5572,1.9991
103.497,3.9968,8.5572,1.9991
103.506,3.9968,8.5546,1.9991
103.516,3.9968,8.5546,1.9991
103.525,3.9968,8.5519,1.9991
103.535,3.9968,8.5519,1.9991
103.544,3.9968,8.5493,1.9991
103.556,3.9968,8.5493,1.9991
103.564,3.9968,8.5467,1.9991
103.575,3.9968,8.5467,1.9991
103.583,3.9968,8.5440,1.9991
103.595,3.9968,8.5440,1.9991
103.603,3.9968,8.5414,1.9991
103.613,3.9968,8.5414,1.9991
103.623,3.9968,8.5388,1.9991
103.634,3.9968,8.5388,1.9991
103.642,3.9968,8.5361,1.9991
103.653,3.9968,8.5361,1.9991
103.662,3.9968,8.5361,1.9991
103.670,3.9968,8.5335,1.9991
103.680,3.9968,8.5335,1.9991
103.690,3.9968,8.5309,1.9991
103.701,3.9968,8.5309,1.9991
103.711,3.9968,8.5283,1.9991
103.723,3.9968,8.5257,1.9991
103.733,3.9968,8.5257,1.9991
103.743,3.9968,8.5230,1.9991
103.756,3.9968,8.5230,1.9991
103.764,3.9968,8.5204,1.9991
103.774,3.9968,8.5204,1.9991
103.783,3.9968,8.5177,1.9991
103.795,3.9968,8.5177,1.9991
103.803,3.9968,8.5151,1.9991
103.815,3.9968,8.5151,1.9991
103.826,3.9968,8.5125,1.9991
103.837,3.9968,8.5125,1.9991
103.846,3.9968,8.5098,1.9991
103.858,3.9968,8.5098,1.9991
103.867,3.9968,8.5072,1.9991
103.877,3.9968,8.5072,1.9991
103.886,3.9968,8.5046,1.9991
103.897,3.9968,8.5046,1.9991
103.905,3.9968,8.5019,1.9991
103.917,3.9968,8.5019,1.9991
103.926,3.9968,8.4993,1.9991
103.938,3.9968,8.4993,1.9991
103.946,3.9968,8.4967,1.9991
103.957,3.9968,8.4967,1.9991
103.966,3.9968,8.4940,1.9991
103.977,3.9968,8.4940,1.9991
103.986,3.9968,8.4914,1.9991
103.996,3.9968,8.4914,1.9991
104.007,3.9968,8.4888,1.9991
104.017,3.9968,8.4888,1.9991
104.025,3.9968,8.4861,1.9991
104.034,3.9968,8.4861,1.9991
104.045,3.9968,8.4835,1.9991
104.055,3.9968,8.4835,1.9991
104.064,3.9968,8.4809,1.9991
104.075,3.9968,8.4809,1.9991
104.083,3.9968,8.4782,1.9991
104.095,3.9968,8.4782,1.9991
104.103,3.9968,8.4756,1.9991
104.114,3.9968,8.4756,1.9991
104.122,3.9968,8.4730,1.9991
104.132,3.9968,8.4730,1.9991
104.140,3.9968,8.4730,1.9991
104.148,3.9968,8.4703,1.9991
104.159,3.9968,8.4703,1.9991
104.168,3.9968,8.4677,1.9991
104.179,3.9968,8.4677,1.9991
104.188,3.9968,8.4651,1.9991
104.199,3.9968,8.4651,1.9991
104.207,3.9968,8.4625,1.9991
104.216,3.9968,8.4625,1.9991
104.224,3.9968,8.4598,1.9991
104.234,3.9968,8.4598,1.9991
104.242,3.9968,8.4572,1.9991
104.251,3.9968,8.4572,1.9991
104.262,3.9968,8.4572,1.9991
104.270,3.9968,8.4546,1.9991
104.280,3.9968,8.4546,1.9991
104.290,3.9968,8.4520,1.9991
104.299,3.9968,8.4520,1.9991
104.307,3.9968,8.4493,1.9991
104.317,3.9968,8.4493,1.9991
104.326,3.9968,8.4467,1.9991
104.336,3.9968,8.4467,1.9991
104.344,3.9968,8.4441,1.9991
104.354,3.9968,8.4441,1.9991
104.362,3.9968,8.4415,1.9991
104.373,3.9968,8.4415,1.9991
104.380,3.9968,8.4415,1.9991
104.390,3.9968,8.4388,1.9991
104.400,3.9968,8.4388,1.9991
104.409,3.9968,8.4362,1.9991
104.420,3.9968,8.4362,1.9991
104.429,3.9968,8.4335,1.9991
104.439,3.9968,8.4335,1.9991
104.446,3.9968,8.4309,1.9991
104.456,3.9968,8.4309,1.9991
104.464,3.9968,8.4282,1.9991
104.474,3.9968,8.4282,1.9991
104.483,3.9968,8.4256,1.9991
104.493,3.9968,8.4256,1.9991
104.501,3.9968,8.4256,1.9991
104.509,3.9968,8.4229,1.9991
104.518,3.9968,8.4229,1.9991
104.527,3.9968,8.4202,1.9991
104.537,3.9968,8.4202,1.9991
104.545,3.9968,8.4176,1.9991
104.554,3.9968,8.4176,1.9991
104.562,3.9968,8.4149,1.9991
104.573,3.9968,8.4149,1.9991
104.581,3.9968,8.4149,1.9991
104.591,3.9968,8.4122,1.9991
104.601,3.9968,8.4122,1.9991
104.609,3.9968,8.4096,1.9991
104.620,3.9968,8.4096,1.9991
104.628,3.9968,8.4069,1.9991
104.638,3.9968,8.4069,1.9991
104.646,3.9968,8.4042,1.9991
104.657,3.9968,8.4042,1.9991
104.665,3.9968,8.4016,1.9991
104.674,3.9968,8.4016,1.9991
104.682,3.9968,8.3989,1.9991
104.693,3.9968,8.3989,1.9991
104.700,3.9968,8.3989,1.9991
104.708,3.9968,8.3962,1.9991
104.722,3.9968,8.3962,1.9991
104.729,3.9968,8.3936,1.9991
104.740,3.9968,8.3936,1.9991
104.748,3.9968,8.3909,1.9991
104.759,3.9968,8.3909,1.9991
104.765,3.9968,8.3882,1.9991
104.776,3.9968,8.3882,1.9991
104.785,3.9968,8.3856,1.9991
104.796,3.9968,8.3856,1.9991
104.807,3.9968,8.3829,1.9991
104.816,3.9968,8.3829,1.9991
104.826,3.9968,8.3802,1.9991
104.836,3.9968,8.3802,1.9991
104.844,3.9968,8.3776,1.9991
104.856,3.9968,8.3776,1.9991
104.863,3.9968,8.3749,1.9991
104.875,3.9968,8.3749,1.9991
104.886,3.9968,8.3722,1.9991
104.896,3.9968,8.3722,1.9991
104.905,3.9968,8.3696,1.9991
104.916,3.9968,8.3696,1.9991
104.924,3.9968,8.3669,1.9991
104.937,3.9968,8.3669,1.9991
104.945,3.9968,8.3642,1.9991
104.956,3.9968,8.3642,1.9991
104.966,3.9968,8.3616,1.9991
104.975,3.9968,8.3616,1.9991
104.984,3.9968,8.3589,1.9991
104.995,3.9968,8.3589,1.9991
105.002,3.9968,8.3562,1.9991
105.013,3.9968,8.3562,1.9991
105.022,3.9968,8.3536,1.9991
105.032,3.9968,8.3536,1.9991
105.041,3.9968,8.3536,1.9991
105.049,3.9968,8.3509,1.9991
105.060,3.9968,8.3509,1.9991
105.067,3.9968,8.3482,1.9991
105.078,3.9968,8.3482,1.9991
105.086,3.9968,8.3456,1.9991
105.098,3.9968,8.3456,1.9991
105.107,3.9968,8.3429,1.9991
105.125,3.9968,8.3402,1.9991
105.134,3.9968,8.3402,1.9991
105.143,3.9968,8.3376,1.9991
105.154,3.9968,8.3376,1.9991
105.162,3.9968,8.3349,1.9991
105.173,3.9968,8.3349,1.9991
105.182,3.9968,8.3322,1.9991
105.192,3.9968,8.3322,1.9991
105.200,3.9968,8.3322,1.9991
105.210,3.9968,8.3296,1.9991
105.219,3.9968,8.3296,1.9991
105.228,3.9968,8.3269,1.9991
105.238,3.9968,8.3269,1.9991
105.246,3.9968,8.3242,1.9991
105.258,3.9968,8.3242,1.9991
105.265,3.9968,8.3216,1.9991
105.275,3.9968,8.3216,1.9991
105.284,3.9968,8.3189,1.9991
105.294,3.9968,8.3189,1.9991
105.303,3.9968,8.3162,1.9991
105.312,3.9968,8.3162,1.9991
105.320,3.9968,8.3162,1.9991
105.328,3.9968,8.3136,1.9991
105.338,3.9968,8.3136,1.9991
105.346,3.9968,8.3109,1.9991
105.356,3.9968,8.3109,1.9991
105.364,3.9968,8.3083,1.9991
105.373,3.9968,8.3083,1.9991
105.381,3.9968,8.3083,1.9991
105.389,3.9968,8.3056,1.9991
105.399,3.9968,8.3056,1.9991
105.407,3.9968,8.3030,1.9991
105.417,3.9968,8.3030,1.9991
105.425,3.9968,8.3003,1.9991
105.435,3.9968,8.3003,1.9991
105.443,3.9968,8.2977,1.9991
105.452,3.9968,8.2977,1.9991
105.461,3.9968,8.2977,1.9991
105.469,3.9968,8.2950,1.9991
105.481,3.9968,8.2950,1.9991
105.489,3.9968,8.2924,1.9991
105.498,3.9968,8.2924,1.9991
105.507,3.9968,8.2897,1.9991
105.516,3.9968,8.2897,1.9991
105.524,3.9968,8.2871,1.9991
105.532,3.9968,8.2871,1.9991
105.542,3.9968,8.2845,1.9991
105.550,3.9968,8.2845,1.9991
105.559,3.9968,8.2845,1.9991
105.567,3.9968,8.2818,1.9991
105.576,3.9968,8.2818,1.9991
105.584,3.9968,8.2792,1.9991
105.594,3.9968,8.2792,1.9991
105.602,3.9968,8.2765,1.9991
105.610,3.9968,8.2765,1.9991
105.619,3.9968,8.2765,1.9991
105.626,3.9968,8.2739,1.9991
105.636,3.9968,8.2739,1.9991
105.645,3.9968,8.2712,1.9991
105.655,3.9968,8.2712,1.9991
105.663,3.9968,8.2686,1.9991
105.672,3.9968,8.2686,1.9991
105.680,3.9968,8.2686,1.9991
105.688,3.9968,8.2660,1.9991
105.696,3.9968,8.2660,1.9991
105.703,3.9968,8.2633,1.9991
105.714,3.9968,8.2633,1.9991
105.723,3.9968,8.2607,1.9991
105.732,3.9968,8.2607,1.9991
105.740,3.9968,8.2607,1.9991
105.748,3.9968,8.2580,1.9991
105.759,3.9968,8.2580,1.9991
105.766,3.9968,8.2554,1.9991
105.777,3.9968,8.2554,1.9991
105.785,3.9968,8.2528,1.9991
105.795,3.9968,8.2528,1.9991
105.804,3.9968,8.2501,1.9991
105.815,3.9968,8.2501,1.9991
105.822,3.9968,8.2475,1.9991
105.833,3.9968,8.2475,1.9991
105.841,3.9968,8.2475,1.9991
105.849,3.9968,8.2448,1.9991
105.860,3.9968,8.2448,1.9991
105.869,3.9968,8.2422,1.9991
105.879,3.9968,8.2422,1.9991
105.887,3.9968,8.2396,1.9991
105.897,3.9968,8.2396,1.9991
105.905,3.9968,8.2369,1.9991
105.915,3.9968,8.2369,1.9991
105.924,3.9968,8.2343,1.9991
105.934,3.9968,8.2343,1.9991
105.942,3.9968,8.2343,1.9991
105.950,3.9968,8.2317,1.9991
105.960,3.9968,8.2317,1.9991
105.968,3.9968,8.2290,1.9991
105.977,3.9968,8.2290,1.9991
105.985,3.9968,8.2264,1.9991
105.995,3.9968,8.2264,1.9991
106.002,3.9968,8.2238,1.9991
106.012,3.9968,8.2238,1.9991
106.021,3.9968,8.2238,1.9991
106.030,3.9968,8.2212,1.9991
106.041,3.9968,8.2212,1.9991
106.050,3.9968,8.2185,1.9991
106.062,3.9968,8.2159,1.9991
106.075,3.9968,8.2159,1.9991
106.084,3.9968,8.2133,1.9991
106.096,3.9968,8.2133,1.9991
106.106,3.9968,8.2107,1.9991
106.118,3.9968,8.2107,1.9991
106.126,3.9968,8.2081,1.9991
106.138,3.9968,8.2081,1.9991
106.146,3.9968,8.2054,1.9991
106.159,3.9968,8.2054,1.9991
106.168,3.9968,8.2054,1.9991
106.179,3.9968,8.2054,1.9991
106.188,3.9968,8.2054,1.9991
106.199,3.9968,8.2054,1.9991
106.208,3.9968,8.2054,1.9991
106.219,3.9968,8.2054,1.9991
106.229,3.9968,8.2054,1.9991
106.239,3.9968,8.2054,1.9991
106.251,3.9968,8.2054,1.9991
106.262,3.9968,8.2054,1.9991
106.273,3.9968,8.2054,1.9991
106.281,3.9968,8.2054,1.9991
106.292,3.9968,8.2054,1.9991
106.303,3.9968,8.2054,1.9991
106.315,3.9968,8.2054,1.9991
106.324,3.9968,8.2054,1.9991
106.333,3.9968,8.2054,1.9991
106.343,3.9968,8.2054,1.9991
106.354,3.9968,8.2054,1.9991
106.362,3.9968,8.2054,1.9991
106.373,3.9968,8.2054,1.9991
106.381,3.9968,8.2054,1.9991
106.391,3.9968,8.2054,1.9991
106.401,3.9968,8.2054,1.9991
106.410,3.9968,8.2054,1.9991
106.421,3.9968,8.2054,1.9991
106.429,3.9968,8.2054,1.9991
106.440,3.9968,8.2054,1.9991
106.450,3.9968,8.2054,1.9991
106.460,3.9968,8.2054,1.9991
106.469,3.9968,8.2054,1.9991
106.479,3.9968,8.2054,1.9991
106.489,3.9968,8.2054,1.9991
106.499,3.9968,8.2054,1.9991
106.509,3.9968,8.2054,1.9991
106.518,3.9968,8.2054,1.9991
106.527,3.9968,8.2054,1.9991
106.536,3.9968,8.2054,1.9991
106.546,3.9968,8.2054,1.9991
106.558,3.9968,8.2054,1.9991
106.565,3.9968,8.2054,1.9991
106.575,3.9968,8.2054,1.9991
106.582,3.9968,8.2054,1.9991
106.592,3.9968,8.2054,1.9991
106.599,3.9968,8.2054,1.9991
106.607,3.9968,8.2054,1.9991
106.616,3.9968,8.2054,1.9991
106.625,3.9968,8.2054,1.9991
106.633,3.9968,8.2054,1.9991
106.640,3.9968,8.2054,1.9991
106.648,3.9968,8.2054,1.9991
106.658,3.9968,8.2054,1.9991
106.666,3.9968,8.2054,1.9991
106.676,3.9968,8.2054,1.9991
106.683,3.9968,8.2054,1.9991
106.693,3.9968,8.2054,1.9991
106.702,3.9968,8.2054,1.9991
106.712,3.9968,8.2054,1.9991
106.723,3.9968,8.2054,1.9991
106.738,3.9968,8.2054,1.9991
106.751,3.9968,8.2054,1.9991
106.764,3.9968,8.2029,1.9991
106.774,3.9968,8.2029,1.9991
106.783,3.9968,8.2029,1.9991
106.794,3.9968,8.2029,1.9991
106.800,3.9968,8.2029,1.9991
106.809,3.9968,8.2029,1.9991
106.820,3.9968,8.2029,1.9991
106.828,3.9968,8.2029,1.9991
106.837,3.9968,8.2029,1.9991
106.844,3.9968,8.2029,1.9991
106.856,3.9968,8.2029,1.9991
106.863,3.9968,8.2029,1.9991
106.874,3.9968,8.2029,1.9991
106.882,3.9968,8.2029,1.9991
106.893,3.9968,8.2029,1.9991
106.900,3.9968,8.2029,1.9991
106.908,3.9968,8.2029,1.9991
106.920,3.9968,8.2029,1.9991
106.928,3.9968,8.2029,1.9991
106.938,3.9968,8.2029,1.9991
106.945,3.9968,8.2029,1.9991
106.957,3.9968,8.2029,1.9991
106.965,3.9968,8.2029,1.9991
106.975,3.9968,8.2029,1.9991
106.982,3.9968,8.2029,1.9991
106.993,3.9968,8.2029,1.9991
107.000,3.9968,8.2029,1.9991
107.009,3.9968,8.2029,1.9991
107.020,3.9968,8.2029,1.9991
107.028,3.9968,8.2029,1.9991
107.037,3.9968,8.2029,1.9991
107.046,3.9968,8.2029,1.9991
107.057,3.9968,8.2029,1.9991
107.065,3.9968,8.2029,1.9991
107.075,3.9968,8.2029,1.9991
107.082,3.9968,8.2029,1.9991
107.092,3.9968,8.2029,1.9991
107.101,3.9968,8.2029,1.9991
107.110,3.9968,8.2029,1.9991
107.121,3.9968,8.2029,1.9991
107.128,3.9968,8.2019,1.9991
107.137,3.9968,8.2019,1.9991
107.145,3.9968,8.2009,1.9991
107.156,3.9968,8.2009,1.9991
107.164,3.9968,8.2009,1.9991
107.173,3.9968,8.2009,1.9991
107.180,3.9968,8.2009,1.9991
107.188,3.9968,8.2006,1.9991
107.198,3.9968,8.2006,1.9991
107.206,3.9968,8.2003,1.9991
107.215,3.9968,8.2003,1.9991
107.222,3.9968,8.2001,1.9991
107.231,3.9968,8.2001,1.9991
107.239,3.9968,8.2001,1.9991
107.246,3.9968,8.2000,1.9991
107.257,3.9968,8.2000,1.9991
107.265,3.9968,8.2000,1.9991
107.283,3.9968,8.2000,1.9991
107.293,3.9968,8.2000,1.9991
107.300,3.9968,8.2000,1.9991
107.309,3.9968,8.2000,1.9991
107.318,3.9968,8.2000,1.9991
107.327,3.9968,8.2000,1.9991
107.335,3.9968,8.2000,1.9991
107.345,3.9968,8.2000,1.9991
107.355,3.9968,8.2000,1.9991
107.364,3.9968,8.2000,1.9991
107.374,3.9968,8.2000,1.9991
107.382,3.9968,8.2001,1.9991
107.392,3.9968,8.2001,1.9991
107.400,3.9968,8.2001,1.9991
107.409,3.9968,8.2004,1.9991
107.419,3.9968,8.2004,1.9991
107.427,3.9968,8.2007,1.9991
107.437,3.9968,8.2007,1.9991
107.445,3.9968,8.2010,1.9991
107.457,3.9968,8.2010,1.9991
107.468,3.9968,8.2019,1.9991
107.478,3.9968,8.2019,1.9991
107.488,3.9968,8.2029,1.9991
107.499,3.9968,8.2029,1.9991
107.508,3.9968,8.2051,1.9991
107.517,3.9968,8.2051,1.9991
107.526,3.9968,8.2075,1.9991
107.535,3.9968,8.2075,1.9991
107.544,3.9968,8.2101,1.9991
107.554,3.9968,8.2101,1.9991
107.563,3.9968,8.2128,1.9991
107.573,3.9968,8.2128,1.9991
107.581,3.9968,8.2128,1.9991
107.590,3.9968,8.2154,1.9991
107.599,3.9968,8.2154,1.9991
107.607,3.9968,8.2180,1.9991
107.616,3.9968,8.2180,1.9991
107.626,3.9968,8.2205,1.9991
107.635,3.9968,8.2205,1.9991
107.643,3.9968,8.2231,1.9991
107.652,3.9968,8.2231,1.9991
107.661,3.9968,8.2231,1.9991
107.669,3.9968,8.2257,1.9991
107.678,3.9968,8.2257,1.9991
107.687,3.9968,8.2283,1.9991
107.696,3.9968,8.2283,1.9991
107.704,3.9968,8.2308,1.9991
107.714,3.9968,8.2308,1.9991
107.723,3.9968,8.2334,1.9991
107.732,3.9968,8.2334,1.9991
107.740,3.9968,8.2334,1.9991
107.748,3.9968,8.2359,1.9991
107.757,3.9968,8.2359,1.9991
107.766,3.9968,8.2385,1.9991
107.777,3.9968,8.2385,1.9991
107.786,3.9968,8.2410,1.9991
107.795,3.9968,8.2410,1.9991
107.803,3.9968,8.2435,1.9991
107.814,3.9968,8.2435,1.9991
107.821,3.9968,8.2435,1.9991
107.829,3.9968,8.2460,1.9991
107.836,3.9968,8.2460,1.9991
107.844,3.9968,8.2485,1.9991
107.853,3.9968,8.2485,1.9991
107.861,3.9968,8.2485,1.9991
107.868,3.9968,8.2510,1.9991
107.877,3.9968,8.2510,1.9991
107.884,3.9968,8.2535,1.9991
107.894,3.9968,8.2535,1.9991
107.901,3.9968,8.2535,1.9991
107.909,3.9968,8.2560,1.9991
107.917,3.9968,8.2560,1.9991
107.926,3.9968,8.2584,1.9991
107.934,3.9968,8.2584,1.9991
107.943,3.9968,8.2609,1.9991
107.951,3.9968,8.2609,1.9991
107.960,3.9968,8.2609,1.9991
107.967,3.9968,8.2634,1.9991
107.976,3.9968,8.2634,1.9991
107.984,3.9968,8.2659,1.9991
107.994,3.9968,8.2659,1.9991
108.001,3.9968,8.2659,1.9991
108.009,3.9968,8.2684,1.9991
108.018,3.9968,8.2684,1.9991
108.026,3.9968,8.2709,1.9991
108.035,3.9968,8.2709,1.9991
108.042,3.9968,8.2734,1.9991
108.051,3.9968,8.2734,1.9991
108.058,3.9968,8.2734,1.9991
108.066,3.9968,8.2758,1.9991
108.077,3.9968,8.2758,1.9991
108.085,3.9968,8.2783,1.9991
108.094,3.9968,8.2783,1.9991
108.101,3.9968,8.2783,1.9991
108.110,3.9968,8.2808,1.9991
108.119,3.9968,8.2808,1.9991
108.127,3.9968,8.2833,1.9991
108.135,3.9968,8.2833,1.9991
108.143,3.9968,8.2858,1.9991
108.150,3.9968,8.2858,1.9991
108.158,3.9968,8.2858,1.9991
108.166,3.9968,8.2882,1.9991
108.175,3.9968,8.2882,1.9991
108.181,3.9968,8.2882,1.9991
108.189,3.9968,8.2906,1.9991
108.196,3.9968,8.2906,1.9991
108.204,3.9968,8.2931,1.9991
108.212,3.9968,8.2931,1.9991
108.221,3.9968,8.2931,1.9991
108.228,3.9968,8.2955,1.9991
108.236,3.9968,8.2955,1.9991
108.243,3.9968,8.2978,1.9991
108.252,3.9968,8.2978,1.9991
108.260,3.9968,8.2978,1.9991
108.267,3.9968,8.3002,1.9991
108.277,3.9968,8.3002,1.9991
108.284,3.9968,8.3026,1.9991
108.294,3.9968,8.3026,1.9991
108.302,3.9968,8.3026,1.9991
108.309,3.9968,8.3049,1.9991
108.318,3.9968,8.3049,1.9991
108.326,3.9968,8.3073,1.9991
108.334,3.9968,8.3073,1.9991
108.342,3.9968,8.3073,1.9991
108.349,3.9968,8.3097,1.9991
108.358,3.9968,8.3097,1.9991
108.366,3.9968,8.3120,1.9991
108.374,3.9968,8.3120,1.9991
108.382,3.9968,8.3144,1.9991
108.391,3.9968,8.3144,1.9991
108.398,3.9968,8.3144,1.9991
108.405,3.9968,8.3168,1.9991
108.414,3.9968,8.3168,1.9991
108.422,3.9968,8.3192,1.9991
108.431,3.9968,8.3192,1.9991
108.440,3.9968,8.3192,1.9991
108.447,3.9968,8.3216,1.9991
108.455,3.9968,8.3216,1.9991
108.463,3.9968,8.3240,1.9991
108.472,3.9968,8.3240,1.9991
108.479,3.9968,8.3240,1.9991
108.487,3.9968,8.3264,1.9991
108.496,3.9968,8.3264,1.9991
108.505,3.9968,8.3288,1.9991
108.513,3.9968,8.3288,1.9991
108.521,3.9968,8.3288,1.9991
108.528,3.9968,8.3312,1.9991
108.537,3.9968,8.3312,1.9991
108.544,3.9968,8.3336,1.9991
108.553,3.9968,8.3336,1.9991
108.561,3.9968,8.3336,1.9991
108.569,3.9968,8.3360,1.9991
108.578,3.9968,8.3360,1.9991
108.588,3.9968,8.3385,1.9991
108.597,3.9968,8.3385,1.9991
108.605,3.9968,8.3409,1.9991
108.616,3.9968,8.3409,1.9991
108.624,3.9968,8.3433,1.9991
108.633,3.9968,8.3433,1.9991
108.641,3.9968,8.3433,1.9991
108.650,3.9968,8.3458,1.9991
108.659,3.9968,8.3458,1.9991
108.667,3.9968,8.3482,1.9991
108.678,3.9968,8.3482,1.9991
108.686,3.9968,8.3507,1.9991
108.695,3.9968,8.3507,1.9991
108.702,3.9968,8.3531,1.9991
108.712,3.9968,8.3531,1.9991
108.721,3.9968,8.3531,1.9991
108.729,3.9968,8.3556,1.9991
108.740,3.9968,8.3556,1.9991
108.748,3.9968,8.3580,1.9991
108.759,3.9968,8.3580,1.9991
108.766,3.9968,8.3605,1.9991
108.776,3.9968,8.3605,1.9991
108.785,3.9968,8.3629,1.9991
108.795,3.9968,8.3629,1.9991
108.804,3.9968,8.3654,1.9991
108.812,3.9968,8.3654,1.9991
108.822,3.9968,8.3678,1.9991
108.831,3.9968,8.3678,1.9991
108.840,3.9968,8.3678,1.9991
108.849,3.9968,8.3703,1.9991
108.858,3.9968,8.3703,1.9991
108.868,3.9968,8.3728,1.9991
108.877,3.9968,8.3728,1.9991
108.886,3.9968,8.3752,1.9991
108.896,3.9968,8.3752,1.9991
108.904,3.9968,8.3777,1.9991
108.914,3.9968,8.3777,1.9991
108.923,3.9968,8.3802,1.9991
108.933,3.9968,8.3802,1.9991
108.942,3.9968,8.3802,1.9991
108.950,3.9968,8.3826,1.9991
108.960,3.9968,8.3826,1.9991
108.968,3.9968,8.3851,1.9991
108.979,3.9968,8.3851,1.9991
108.987,3.9968,8.3876,1.9991
108.997,3.9968,8.3876,1.9991
109.006,3.9968,8.3900,1.9991
109.015,3.9968,8.3900,1.9991
109.024,3.9968,8.3925,1.9991
109.033,3.9968,8.3925,1.9991
109.042,3.9968,8.3950,1.9991
109.052,3.9968,8.3950,1.9991
109.061,3.9968,8.3950,1.9991
109.070,3.9968,8.3975,1.9991
109.081,3.9968,8.3975,1.9991
109.092,3.9968,8.4000,1.9991
109.103,3.9968,8.4025,1.9991
109.115,3.9968,8.4025,1.9991
109.123,3.9968,8.4050,1.9991
109.131,3.9968,8.4050,1.9991
109.139,3.9968,8.4050,1.9991
109.147,3.9968,8.4075,1.9991
109.156,3.9968,8.4075,1.9991
109.164,3.9968,8.4100,1.9991
109.174,3.9968,8.4100,1.9991
109.182,3.9968,8.4125,1.9991
109.191,3.9968,8.4125,1.9991
109.198,3.9968,8.4125,1.9991
109.206,3.9968,8.4150,1.9991
109.215,3.9968,8.4150,1.9991
109.223,3.9968,8.4175,1.9991
109.231,3.9968,8.4175,1.9991
109.239,3.9968,8.4175,1.9991
109.246,3.9968,8.4200,1.9991
109.257,3.9968,8.4200,1.9991
109.264,3.9968,8.4225,1.9991
109.273,3.9968,8.4225,1.9991
109.280,3.9968,8.4225,1.9991
109.290,3.9968,8.4250,1.9991
109.299,3.9968,8.4250,1.9991
109.306,3.9968,8.4275,1.9991
109.315,3.9968,8.4275,1.9991
109.323,3.9968,8.4300,1.9991
109.332,3.9968,8.4300,1.9991
109.340,3.9968,8.4300,1.9991
109.348,3.9968,8.4324,1.9991
109.357,3.9968,8.4324,1.9991
109.365,3.9968,8.4349,1.9991
109.374,3.9968,8.4349,1.9991
109.383,3.9968,8.4374,1.9991
109.393,3.9968,8.4374,1.9991
109.400,3.9968,8.4374,1.9991
109.409,3.9968,8.4399,1.9991
109.418,3.9968,8.4399,1.9991
109.427,3.9968,8.4424,1.9991
109.435,3.9968,8.4424,1.9991
109.443,3.9968,8.4449,1.9991
109.450,3.9968,8.4449,1.9991
109.459,3.9968,8.4449,1.9991
109.466,3.9968,8.4475,1.9991
109.475,3.9968,8.4475,1.9991
109.482,3.9968,8.4500,1.9991
109.492,3.9968,8.4500,1.9991
109.500,3.9968,8.4500,1.9991
109.509,3.9968,8.4525,1.9991
109.517,3.9968,8.4525,1.9991
109.526,3.9968,8.4550,1.9991
109.534,3.9968,8.4550,1.9991
109.541,3.9968,8.4550,1.9991
109.549,3.9968,8.4575,1.9991
109.559,3.9968,8.4575,1.9991
109.566,3.9968,8.4601,1.9991
109.575,3.9968,8.4601,1.9991
109.584,3.9968,8.4626,1.9991
109.593,3.9968,8.4626,1.9991
109.600,3.9968,8.4626,1.9991
109.608,3.9968,8.4651,1.9991
109.616,3.9968,8.4651,1.9991
109.624,3.9968,8.4677,1.9991
109.632,3.9968,8.4677,1.9991
109.640,3.9968,8.4677,1.9991
109.648,3.9968,8.4702,1.9991
109.657,3.9968,8.4702,1.9991
109.664,3.9968,8.4728,1.9991
109.673,3.9968,8.4728,1.9991
109.681,3.9968,8.4728,1.9991
109.689,3.9968,8.4753,1.9991
109.698,3.9968,8.4753,1.9991
109.705,3.9968,8.4779,1.9991
109.713,3.9968,8.4779,1.9991
109.721,3.9968,8.4779,1.9991
109.729,3.9968,8.4804,1.9991
109.739,3.9968,8.4804,1.9991
109.746,3.9968,8.4829,1.9991
109.757,3.9968,8.4829,1.9991
109.764,3.9968,8.4855,1.9991
109.773,3.9968,8.4855,1.9991
109.780,3.9968,8.4855,1.9991
109.788,3.9968,8.4880,1.9991
109.796,3.9968,8.4880,1.9991
109.803,3.9968,8.4906,1.9991
109.818,3.9968,8.4906,1.9991
109.829,3.9968,8.4931,1.9991
109.841,3.9968,8.4931,1.9991
109.853,3.9968,8.4957,1.9991
109.867,3.9968,8.4982,1.9991
109.877,3.9968,8.4982,1.9991
109.886,3.9968,8.5008,1.9991
109.896,3.9968,8.5008,1.9991
109.904,3.9968,8.5033,1.9991
109.915,3.9968,8.5033,1.9991
109.924,3.9968,8.5059,1.9991
109.932,3.9968,8.5059,1.9991
109.941,3.9968,8.5059,1.9991
109.949,3.9968,8.5084,1.9991
109.959,3.9968,8.5084,1.9991
109.967,3.9968,8.5110,1.9991
109.978,3.9968,8.5110,1.9991
109.987,3.9968,8.5135,1.9991
109.996,3.9968,8.5135,1.9991
110.006,3.9968,8.5161,1.9991
110.016,3.9968,8.5161,1.9991
110.024,3.9968,8.5186,1.9991
110.034,3.9968,8.5186,1.9991
110.042,3.9968,8.5212,1.9991
110.052,3.9968,8.5212,1.9991
110.060,3.9968,8.5212,1.9991
110.069,3.9968,8.5237,1.9991
110.078,3.9968,8.5237,1.9991
110.086,3.9968,8.5262,1.9991
110.097,3.9968,8.5262,1.9991
110.107,3.9968,8.5288,1.9991
110.117,3.9968,8.5288,1.9991
110.125,3.9968,8.5313,1.9991
110.134,3.9968,8.5313,1.9991
110.142,3.9968,8.5313,1.9991
110.148,3.9968,8.5339,1.9991
110.158,3.9968,8.5339,1.9991
110.165,3.9968,8.5364,1.9991
110.173,3.9968,8.5364,1.9991
110.180,3.9968,8.5364,1.9991
110.189,3.9968,8.5389,1.9991
110.197,3.9968,8.5389,1.9991
110.205,3.9968,8.5415,1.9991
110.213,3.9968,8.5415,1.9991
110.222,3.9968,8.5440,1.9991
110.230,3.9968,8.5440,1.9991
110.237,3.9968,8.5440,1.9991
110.245,3.9968,8.5465,1.9991
110.254,3.9968,8.5465,1.9991
110.262,3.9968,8.5491,1.9991
110.271,3.9968,8.5491,1.9991
110.279,3.9968,8.5491,1.9991
110.288,3.9968,8.5516,1.9991
110.297,3.9968,8.5516,1.9991
110.304,3.9968,8.5542,1.9991
110.314,3.9968,8.5542,1.9991
110.322,3.9968,8.5567,1.9991
110.331,3.9968,8.5567,1.9991
110.339,3.9968,8.5567,1.9991
110.348,3.9968,8.5592,1.9991
110.358,3.9968,8.5592,1.9991
110.365,3.9968,8.5618,1.9991
110.376,3.9968,8.5618,1.9991
110.383,3.9968,8.5643,1.9991
110.392,3.9968,8.5643,1.9991
110.398,3.9968,8.5643,1.9991
110.405,3.9968,8.5668,1.9991
110.412,3.9968,8.5668,1.9991
110.420,3.9968,8.5668,1.9991
110.427,3.9968,8.5694,1.9991
110.436,3.9968,8.5694,1.9991
110.443,3.9968,8.5719,1.9991
110.451,3.9968,8.5719,1.9991
110.458,3.9968,8.5719,1.9991
110.465,3.9968,8.5745,1.9991
110.474,3.9968,8.5745,1.9991
110.481,3.9968,8.5745,1.9991
110.489,3.9968,8.5770,1.9991
110.497,3.9968,8.5770,1.9991
110.504,3.9968,8.5795,1.9991
110.513,3.9968,8.5795,1.9991
110.521,3.9968,8.5795,1.9991
110.528,3.9968,8.5821,1.9991
110.536,3.9968,8.5821,1.9991
110.544,3.9968,8.5846,1.9991
110.553,3.9968,8.5846,1.9991
110.561,3.9968,8.5846,1.9991
110.568,3.9968,8.5871,1.9991
110.576,3.9968,8.5871,1.9991
110.585,3.9968,8.5897,1.9991
110.595,3.9968,8.5897,1.9991
110.602,3.9968,8.5922,1.9991
110.611,3.9968,8.5922,1.9991
110.618,3.9968,8.5922,1.9991
110.626,3.9968,8.5948,1.9991
110.633,3.9968,8.5948,1.9991
110.640,3.9968,8.5948,1.9991
110.648,3.9968,8.5973,1.9991
110.657,3.9968,8.5973,1.9991
110.664,3.9968,8.5998,1.9991
110.672,3.9968,8.5998,1.9991
110.679,3.9968,8.5998,1.9991
110.687,3.9968,8.6024,1.9991
110.696,3.9968,8.6024,1.9991
110.704,3.9968,8.6049,1.9991
110.712,3.9968,8.6049,1.9991
110.721,3.9968,8.6049,1.9991
110.728,3.9968,8.6074,1.9991
110.737,3.9968,8.6074,1.9991
110.745,3.9968,8.6100,1.9991
110.754,3.9968,8.6100,1.9991
110.761,3.9968,8.6100,1.9991
110.769,3.9968,8.6125,1.9991
110.778,3.9968,8.6125,1.9991
110.785,3.9968,8.6151,1.9991
110.794,3.9968,8.6151,1.9991
110.802,3.9968,8.6151,1.9991
110.808,3.9968,8.6176,1.9991
110.818,3.9968,8.6176,1.9991
110.826,3.9968,8.6201,1.9991
110.834,3.9968,8.6201,1.9991
110.841,3.9968,8.6201,1.9991
110.849,3.9968,8.6227,1.9991
110.857,3.9968,8.6227,1.9991
110.864,3.9968,8.6252,1.9991
110.871,3.9968,8.6252,1.9991
110.878,3.9968,8.6252,1.9991
110.884,3.9968,8.6278,1.9991
110.893,3.9968,8.6278,1.9991
110.899,3.9968,8.6278,1.9991
110.907,3.9968,8.6303,1.9991
110.914,3.9968,8.6303,1.9991
110.922,3.9968,8.6328,1.9991
110.930,3.9968,8.6328,1.9991
110.937,3.9968,8.6328,1.9991
110.944,3.9968,8.6354,1.9991
110.952,3.9968,8.6354,1.9991
110.959,3.9968,8.6354,1.9991
110.965,3.9968,8.6379,1.9991
110.973,3.9968,8.6379,1.9991
110.979,3.9968,8.6379,1.9991
110.986,3.9968,8.6405,1.9991
110.994,3.9968,8.6405,1.9991
111.001,3.9968,8.6405,1.9991
111.009,3.9968,8.6430,1.9991
111.016,3.9968,8.6430,1.9991
111.022,3.9968,8.6455,1.9991
111.030,3.9968,8.6455,1.9991
111.037,3.9968,8.6455,1.9991
111.043,3.9968,8.6481,1.9991
111.051,3.9968,8.6481,1.9991
111.059,3.9968,8.6481,1.9991
111.066,3.9968,8.6506,1.9991
111.074,3.9968,8.6506,1.9991
111.081,3.9968,8.6506,1.9991
111.088,3.9968,8.6531,1.9991
111.096,3.9968,8.6531,1.9991
111.103,3.9968,8.6557,1.9991
111.115,3.9968,8.6557,1.9991
111.124,3.9968,8.6582,1.9991
111.133,3.9968,8.6582,1.9991
111.142,3.9968,8.6608,1.9991
111.150,3.9968,8.6608,1.9991
111.159,3.9968,8.6608,1.9991
111.166,3.9968,8.6633,1.9991
111.176,3.9968,8.6633,1.9991
111.185,3.9968,8.6658,1.9991
111.194,3.9968,8.6658,1.9991
111.201,3.9968,8.6658,1.9991
111.209,3.9968,8.6684,1.9991
111.217,3.9968,8.6684,1.9991
111.225,3.9968,8.6709,1.9991
111.232,3.9968,8.6709,1.9991
111.241,3.9968,8.6709,1.9991
111.249,3.9968,8.6734,1.9991
111.259,3.9968,8.6734,1.9991
111.268,3.9968,8.6760,1.9991
111.277,3.9968,8.6760,1.9991
111.285,3.9968,8.6785,1.9991
111.295,3.9968,8.6785,1.9991
111.302,3.9968,8.6811,1.9991
111.312,3.9968,8.6811,1.9991
111.320,3.9968,8.6811,1.9991
111.329,3.9968,8.6836,1.9991
111.338,3.9968,8.6836,1.9991
111.347,3.9968,8.6861,1.9991
111.357,3.9968,8.6861,1.9991
111.365,3.9968,8.6887,1.9991
111.375,3.9968,8.6887,1.9991
111.381,3.9968,8.6887,1.9991
111.389,3.9968,8.6912,1.9991
111.397,3.9968,8.6912,1.9991
111.405,3.9968,8.6937,1.9991
111.414,3.9968,8.6937,1.9991
111.423,3.9968,8.6963,1.9991
111.432,3.9968,8.6963,1.9991
111.440,3.9968,8.6963,1.9991
111.448,3.9968,8.6988,1.9991
111.459,3.9968,8.6988,1.9991
111.467,3.9968,8.7014,1.9991
111.476,3.9968,8.7014,1.9991
111.484,3.9968,8.7039,1.9991
111.493,3.9968,8.7039,1.9991
111.502,3.9968,8.7065,1.9991
111.512,3.9968,8.7065,1.9991
111.520,3.9968,8.7065,1.9991
111.528,3.9968,8.7090,1.9991
111.536,3.9968,8.7090,1.9991
111.544,3.9968,8.7115,1.9991
111.553,3.9968,8.7115,1.9991
111.561,3.9968,8.7115,1.9991
111.568,3.9968,8.7141,1.9991
111.578,3.9968,8.7141,1.9991
111.587,3.9968,8.7166,1.9991
111.596,3.9968,8.7166,1.9991
111.606,3.9968,8.7192,1.9991
111.615,3.9968,8.7192,1.9991
111.624,3.9968,8.7217,1.9991
111.633,3.9968,8.7217,1.9991
111.642,3.9968,8.7243,1.9991
111.650,3.9968,8.7243,1.9991
111.659,3.9968,8.7243,1.9991
111.666,3.9968,8.7268,1.9991
111.674,3.9968,8.7268,1.9991
111.681,3.9968,8.7268,1.9991
111.688,3.9968,8.7293,1.9991
111.696,3.9968,8.7293,1.9991
111.703,3.9968,8.7319,1.9991
111.712,3.9968,8.7319,1.9991
111.720,3.9968,8.7319,1.9991
111.727,3.9968,8.7344,1.9991
111.735,3.9968,8.7344,1.9991
111.742,3.9968,8.7370,1.9991
111.751,3.9968,8.7370,1.9991
111.759,3.9968,8.7370,1.9991
111.767,3.9968,8.7395,1.9991
111.775,3.9968,8.7395,1.9991
111.783,3.9968,8.7421,1.9991
111.792,3.9968,8.7421,1.9991
111.800,3.9968,8.7421,1.9991
111.806,3.9968,8.7446,1.9991
111.816,3.9968,8.7446,1.9991
111.823,3.9968,8.7472,1.9991
111.832,3.9968,8.7472,1.9991
111.840,3.9968,8.7472,1.9991
111.848,3.9968,8.7497,1.9991
111.858,3.9968,8.7497,1.9991
111.866,3.9968,8.7523,1.9991
111.875,3.9968,8.7523,1.9991
111.882,3.9968,8.7548,1.9991
111.892,3.9968,8.7548,1.9991
111.897,3.9968,8.7548,1.9991
111.905,3.9968,8.7573,1.9991
111.913,3.9968,8.7573,1.9991
111.921,3.9968,8.7573,1.9991
111.928,3.9968,8.7599,1.9991
111.936,3.9968,8.7599,1.9991
111.943,3.9968,8.7624,1.9991
111.952,3.9968,8.7624,1.9991
111.958,3.9968,8.7624,1.9991
111.964,3.9968,8.7650,1.9991
111.974,3.9968,8.7650,1.9991
111.982,3.9968,8.7650,1.9991
111.990,3.9968,8.7675,1.9991
111.999,3.9968,8.7675,1.9991
112.016,3.9968,8.7701,1.9991
112.025,3.9968,8.7726,1.9991
112.032,3.9968,8.7726,1.9991
112.038,3.9968,8.7726,1.9991
112.045,3.9968,8.7752,1.9991
112.053,3.9968,8.7752,1.9991
112.061,3.9968,8.7752,1.9991
112.069,3.9968,8.7777,1.9991
112.077,3.9968,8.7777,1.9991
112.084,3.9968,8.7803,1.9991
112.095,3.9968,8.7803,1.9991
112.101,3.9968,8.7803,1.9991
112.109,3.9968,8.7828,1.9991
112.118,3.9968,8.7828,1.9991
112.128,3.9968,8.7853,1.9991
112.135,3.9968,8.7853,1.9991
112.144,3.9968,8.7879,1.9991
112.153,3.9968,8.7879,1.9991
112.163,3.9968,8.7904,1.9991
112.171,3.9968,8.7904,1.9991
112.179,3.9968,8.7904,1.9991
112.188,3.9968,8.7930,1.9991
112.196,3.9968,8.7930,1.9991
112.204,3.9968,8.7955,1.9991
112.214,3.9968,8.7955,1.9991
112.222,3.9968,8.7981,1.9991
112.230,3.9968,8.7981,1.9991
112.238,3.9968,8.7981,1.9991
112.246,3.9968,8.8006,1.9991
112.256,3.9968,8.8006,1.9991
112.264,3.9968,8.8032,1.9991
112.272,3.9968,8.8032,1.9991
112.279,3.9968,8.8032,1.9991
112.286,3.9968,8.8057,1.9991
112.295,3.9968,8.8057,1.9991
112.301,3.9968,8.8057,1.9991
112.308,3.9968,8.8083,1.9991
112.317,3.9968,8.8083,1.9991
112.325,3.9968,8.8108,1.9991
112.333,3.9968,8.8108,1.9991
112.341,3.9968,8.8108,1.9991
112.348,3.9968,8.8133,1.9991
112.358,3.9968,8.8133,1.9991
112.365,3.9968,8.8159,1.9991
112.374,3.9968,8.8159,1.9991
112.381,3.9968,8.8159,1.9991
112.389,3.9968,8.8184,1.9991
112.399,3.9968,8.8184,1.9991
112.407,3.9968,8.8210,1.9991
112.417,3.9968,8.8210,1.9991
112.426,3.9968,8.8235,1.9991
112.434,3.9968,8.8235,1.9991
112.442,3.9968,8.8261,1.9991
112.451,3.9968,8.8261,1.9991
112.460,3.9968,8.8261,1.9991
112.468,3.9968,8.8286,1.9991
112.477,3.9968,8.8286,1.9991
112.486,3.9968,8.8312,1.9991
112.495,3.9968,8.8312,1.9991
112.503,3.9968,8.8337,1.9991
112.512,3.9968,8.8337,1.9991
112.520,3.9968,8.8337,1.9991
112.527,3.9968,8.8363,1.9991
112.535,3.9968,8.8363,1.9991
112.542,3.9968,8.8388,1.9991
112.551,3.9968,8.8388,1.9991
112.559,3.9968,8.8388,1.9991
112.568,3.9968,8.8414,1.9991
112.578,3.9968,8.8414,1.9991
112.586,3.9968,8.8439,1.9991
112.596,3.9968,8.8439,1.9991
112.603,3.9968,8.8465,1.9991
112.614,3.9968,8.8465,1.9991
112.622,3.9968,8.8490,1.9991
112.631,3.9968,8.8490,1.9991
112.639,3.9968,8.8490,1.9991
112.646,3.9968,8.8515,1.9991
112.656,3.9968,8.8515,1.9991
112.663,3.9968,8.8541,1.9991
112.672,3.9968,8.8541,1.9991
112.679,3.9968,8.8541,1.9991
112.687,3.9968,8.8566,1.9991
112.696,3.9968,8.8566,1.9991
112.703,3.9968,8.8592,1.9991
112.712,3.9968,8.8592,1.9991
112.721,3.9968,8.8592,1.9991
112.728,3.9968,8.8617,1.9991
112.738,3.9968,8.8617,1.9991
112.745,3.9968,8.8643,1.9991
112.754,3.9968,8.8643,1.9991
112.761,3.9968,8.8643,1.9991
112.768,3.9968,8.8668,1.9991
112.777,3.9968,8.8668,1.9991
112.785,3.9968,8.8694,1.9991
112.794,3.9968,8.8694,1.9991
112.801,3.9968,8.8694,1.9991
112.808,3.9968,8.8719,1.9991
112.817,3.9968,8.8719,1.9991
112.825,3.9968,8.8745,1.9991
112.834,3.9968,8.8745,1.9991
112.841,3.9968,8.8745,1.9991
112.849,3.9968,8.8770,1.9991
112.858,3.9968,8.8770,1.9991
112.868,3.9968,8.8796,1.9991
112.878,3.9968,8.8796,1.9991
112.886,3.9968,8.8821,1.9991
112.897,3.9968,8.8821,1.9991
112.904,3.9968,8.8847,1.9991
112.915,3.9968,8.8847,1.9991
112.923,3.9968,8.8872,1.9991
112.931,3.9968,8.8872,1.9991
112.939,3.9968,8.8872,1.9991
112.946,3.9968,8.8897,1.9991
112.956,3.9968,8.8897,1.9991
112.963,3.9968,8.8923,1.9991
112.972,3.9968,8.8923,1.9991
112.980,3.9968,8.8923,1.9991
112.987,3.9968,8.8948,1.9991
112.996,3.9968,8.8948,1.9991
113.004,3.9968,8.8974,1.9991
113.013,3.9968,8.8974,1.9991
113.024,3.9968,8.8999,1.9991
113.032,3.9968,8.8999,1.9991
113.040,3.9968,8.8999,1.9991
113.048,3.9968,8.9025,1.9991
113.057,3.9968,8.9025,1.9991
113.066,3.9968,8.9050,1.9991
113.075,3.9968,8.9050,1.9991
113.083,3.9968,8.9076,1.9991
113.092,3.9968,8.9076,1.9991
113.099,3.9968,8.9076,1.9991
113.107,3.9968,8.9101,1.9991
113.116,3.9968,8.9101,1.9991
113.125,3.9968,8.9126,1.9991
113.133,3.9968,8.9126,1.9991
113.141,3.9968,8.9126,1.9991
113.149,3.9968,8.9152,1.9991
113.158,3.9968,8.9152,1.9991
113.164,3.9968,8.9177,1.9991
113.174,3.9968,8.9177,1.9991
113.180,3.9968,8.9177,1.9991
113.188,3.9968,8.9203,1.9991
113.196,3.9968,8.9203,1.9991
113.203,3.9968,8.9228,1.9991
113.212,3.9968,8.9228,1.9991
113.220,3.9968,8.9228,1.9991
113.227,3.9968,8.9254,1.9991
113.235,3.9968,8.9254,1.9991
113.243,3.9968,8.9279,1.9991
113.251,3.9968,8.9279,1.9991
113.259,3.9968,8.9279,1.9991
113.266,3.9968,8.9304,1.9991
113.275,3.9968,8.9304,1.9991
113.282,3.9968,8.9330,1.9991
113.291,3.9968,8.9330,1.9991
113.298,3.9968,8.9330,1.9991
113.306,3.9968,8.9355,1.9991
113.316,3.9968,8.9355,1.9991
113.324,3.9968,8.9381,1.9991
113.332,3.9968,8.9381,1.9991
113.339,3.9968,8.9381,1.9991
113.351,3.9968,8.9406,1.9991
113.362,3.9968,8.9432,1.9991
113.372,3.9968,8.9432,1.9991
113.379,3.9968,8.9432,1.9991
113.387,3.9968,8.9457,1.9991
113.396,3.9968,8.9457,1.9991
113.404,3.9968,8.9483,1.9991
113.413,3.9968,8.9483,1.9991
113.421,3.9968,8.9483,1.9991
113.429,3.9968,8.9508,1.9991
113.436,3.9968,8.9508,1.9991
113.444,3.9968,8.9534,1.9991
113.453,3.9968,8.9534,1.9991
113.460,3.9968,8.9534,1.9991
113.468,3.9968,8.9559,1.9991
113.480,3.9968,8.9559,1.9991
113.490,3.9968,8.9585,1.9991
113.498,3.9968,8.9585,1.9991
113.506,3.9968,8.9610,1.9991
113.514,3.9968,8.9610,1.9991
113.521,3.9968,8.9610,1.9991
113.529,3.9968,8.9636,1.9991
113.537,3.9968,8.9636,1.9991
113.545,3.9968,8.9661,1.9991
113.553,3.9968,8.9661,1.9991
113.561,3.9968,8.9661,1.9991
113.568,3.9968,8.9687,1.9991
113.577,3.9968,8.9687,1.9991
113.584,3.9968,8.9712,1.9991
113.595,3.9968,8.9712,1.9991
113.602,3.9968,8.9737,1.9991
113.611,3.9968,8.9737,1.9991
113.619,3.9968,8.9737,1.9991
113.627,3.9968,8.9763,1.9991
113.635,3.9968,8.9763,1.9991
113.642,3.9968,8.9788,1.9991
113.651,3.9968,8.9788,1.9991
113.659,3.9968,8.9788,1.9991
113.667,3.9968,8.9814,1.9991
113.676,3.9968,8.9814,1.9991
113.685,3.9968,8.9839,1.9991
113.694,3.9968,8.9839,1.9991
113.703,3.9968,8.9865,1.9991
113.712,3.9968,8.9865,1.9991
113.721,3.9968,8.9865,1.9991
113.729,3.9968,8.9890,1.9991
113.738,3.9968,8.9890,1.9991
113.746,3.9968,8.9916,1.9991
113.756,3.9968,8.9916,1.9991
113.763,3.9968,8.9941,1.9991
113.770,3.9968,8.9941,1.9991
113.778,3.9968,8.9941,1.9991
113.787,3.9968,8.9967,1.9991
113.796,3.9968,8.9967,1.9991
113.803,3.9968,8.9992,1.9991
113.813,3.9968,8.9992,1.9991
113.821,3.9968,8.9992,1.9991
113.830,3.9968,9.0018,1.9991
113.840,3.9968,9.0018,1.9991
113.847,3.9968,9.0043,1.9991
113.858,3.9968,9.0043,1.9991
113.865,3.9968,9.0069,1.9991
113.875,3.9968,9.0069,1.9991
113.882,3.9968,9.0094,1.9991
113.895,3.9968,9.0094,1.9991
113.902,3.9968,9.0120,1.9991
113.912,3.9968,9.0120,1.9991
113.922,3.9968,9.0120,1.9991
113.928,3.9968,9.0145,1.9991
113.939,3.9968,9.0145,1.9991
113.946,3.9968,9.0171,1.9991
113.956,3.9968,9.0171,1.9991
113.964,3.9968,9.0196,1.9991
113.974,3.9968,9.0196,1.9991
113.983,3.9968,9.0222,1.9991
113.993,3.9968,9.0222,1.9991
114.001,3.9968,9.0222,1.9991
114.009,3.9968,9.0247,1.9991
114.018,3.9968,9.0247,1.9991
114.028,3.9968,9.0273,1.9991
114.037,3.9968,9.0273,1.9991
114.045,3.9968,9.0298,1.9991
114.056,3.9968,9.0298,1.9991
114.064,3.9968,9.0324,1.9991
114.073,3.9968,9.0324,1.9991
114.081,3.9968,9.0324,1.9991
114.090,3.9968,9.0349,1.9991
114.100,3.9968,9.0349,1.9991
114.109,3.9968,9.0375,1.9991
114.119,3.9968,9.0375,1.9991
114.127,3.9968,9.0400,1.9991
114.136,3.9968,9.0400,1.9991
114.145,3.9968,9.0426,1.9991
114.155,3.9968,9.0426,1.9991
114.162,3.9968,9.0451,1.9991
114.173,3.9968,9.0451,1.9991
114.181,3.9968,9.0451,1.9991
114.190,3.9968,9.0477,1.9991
114.200,3.9968,9.0477,1.9991
114.207,3.9968,9.0502,1.9991
114.216,3.9968,9.0502,1.9991
114.223,3.9968,9.0528,1.9991
114.240,3.9968,9.0528,1.9991
114.248,3.9968,9.0553,1.9991
114.255,3.9968,9.0553,1.9991
114.263,3.9968,9.0579,1.9991
114.273,3.9968,9.0579,1.9991
114.280,3.9968,9.0579,1.9991
114.289,3.9968,9.0604,1.9991
114.298,3.9968,9.0604,1.9991
114.306,3.9968,9.0629,1.9991
114.314,3.9968,9.0629,1.9991
114.323,3.9968,9.0655,1.9991
114.332,3.9968,9.0655,1.9991
114.340,3.9968,9.0655,1.9991
114.348,3.9968,9.0680,1.9991
114.357,3.9968,9.0680,1.9991
114.364,3.9968,9.0706,1.9991
114.373,3.9968,9.0706,1.9991
114.380,3.9968,9.0706,1.9991
114.388,3.9968,9.0731,1.9991
114.397,3.9968,9.0731,1.9991
114.405,3.9968,9.0757,1.9991
114.415,3.9968,9.0757,1.9991
114.423,3.9968,9.0782,1.9991
114.431,3.9968,9.0782,1.9991
114.439,3.9968,9.0782,1.9991
114.446,3.9968,9.0808,1.9991
114.457,3.9968,9.0808,1.9991
114.464,3.9968,9.0833,1.9991
114.473,3.9968,9.0833,1.9991
114.481,3.9968,9.0833,1.9991
114.488,3.9968,9.0859,1.9991
114.497,3.9968,9.0859,1.9991
114.505,3.9968,9.0884,1.9991
114.515,3.9968,9.0884,1.9991
114.523,3.9968,9.0910,1.9991
114.531,3.9968,9.0910,1.9991
114.538,3.9968,9.0910,1.9991
114.546,3.9968,9.0935,1.9991
114.556,3.9968,9.0935,1.9991
114.564,3.9968,9.0961,1.9991
114.574,3.9968,9.0961,1.9991
114.581,3.9968,9.0961,1.9991
114.589,3.9968,9.0986,1.9991
114.598,3.9968,9.0986,1.9991
114.606,3.9968,9.1011,1.9991
114.616,3.9968,9.1011,1.9991
114.623,3.9968,9.1037,1.9991
114.632,3.9968,9.1037,1.9991
114.640,3.9968,9.1037,1.9991
114.647,3.9968,9.1062,1.9991
114.657,3.9968,9.1062,1.9991
114.664,3.9968,9.1088,1.9991
114.673,3.9968,9.1088,1.9991
114.681,3.9968,9.1088,1.9991
114.689,3.9968,9.1113,1.9991
114.698,3.9968,9.1113,1.9991
114.705,3.9968,9.1139,1.9991
114.714,3.9968,9.1139,1.9991
114.723,3.9968,9.1164,1.9991
114.731,3.9968,9.1164,1.9991
114.738,3.9968,9.1164,1.9991
114.746,3.9968,9.1189,1.9991
114.755,3.9968,9.1189,1.9991
114.762,3.9968,9.1215,1.9991
114.771,3.9968,9.1215,1.9991
114.778,3.9968,9.1215,1.9991
114.787,3.9968,9.1240,1.9991
114.795,3.9968,9.1240,1.9991
114.803,3.9968,9.1266,1.9991
114.811,3.9968,9.1266,1.9991
114.820,3.9968,9.1266,1.9991
114.827,3.9968,9.1291,1.9991
114.837,3.9968,9.1291,1.9991
114.844,3.9968,9.1317,1.9991
114.854,3.9968,9.1317,1.9991
114.862,3.9968,9.1342,1.9991
114.871,3.9968,9.1342,1.9991
114.879,3.9968,9.1342,1.9991
114.886,3.9968,9.1367,1.9991
114.894,3.9968,9.1367,1.9991
114.901,3.9968,9.1367,1.9991
114.909,3.9968,9.1393,1.9991
114.918,3.9968,9.1393,1.9991
114.927,3.9968,9.1418,1.9991
114.936,3.9968,9.1418,1.9991
114.945,3.9968,9.1444,1.9991
114.956,3.9968,9.1444,1.9991
114.964,3.9968,9.1469,1.9991
114.975,3.9968,9.1469,1.9991
114.984,3.9968,9.1495,1.9991
114.994,3.9968,9.1495,1.9991
115.002,3.9968,9.1520,1.9991
115.012,3.9968,9.1520,1.9991
115.021,3.9968,9.1520,1.9991
115.029,3.9968,9.1546,1.9991
115.039,3.9968,9.1546,1.9991
115.046,3.9968,9.1571,1.9991
115.056,3.9968,9.1571,1.9991
115.064,3.9968,9.1596,1.9991
115.073,3.9968,9.1596,1.9991
115.081,3.9968,9.1596,1.9991
115.089,3.9968,9.1622,1.9991
115.098,3.9968,9.1622,1.9991
115.107,3.9968,9.1647,1.9991
115.116,3.9968,9.1647,1.9991
115.125,3.9968,9.1673,1.9991
115.133,3.9968,9.1673,1.9991
115.141,3.9968,9.1673,1.9991
115.149,3.9968,9.1698,1.9991
115.159,3.9968,9.1698,1.9991
115.168,3.9968,9.1724,1.9991
115.179,3.9968,9.1724,1.9991
115.188,3.9968,9.1749,1.9991
115.197,3.9968,9.1749,1.9991
115.205,3.9968,9.1775,1.9991
115.214,3.9968,9.1775,1.9991
115.225,3.9968,9.1800,1.9991
115.234,3.9968,9.1800,1.9991
115.242,3.9968,9.1825,1.9991
115.252,3.9968,9.1825,1.9991
115.260,3.9968,9.1825,1.9991
115.269,3.9968,9.1851,1.9991
115.278,3.9968,9.1851,1.9991
115.288,3.9968,9.1876,1.9991
115.297,3.9968,9.1876,1.9991
115.304,3.9968,9.1902,1.9991
115.311,3.9968,9.1902,1.9991
115.320,3.9968,9.1902,1.9991
115.328,3.9968,9.1927,1.9991
115.336,3.9968,9.1927,1.9991
115.344,3.9968,9.1952,1.9991
115.353,3.9968,9.1952,1.9991
115.362,3.9968,9.1952,1.9991
115.368,3.9968,9.1978,1.9991
115.379,3.9968,9.1978,1.9991
115.388,3.9968,9.2003,1.9991
115.397,3.9968,9.2003,1.9991
115.405,3.9968,9.2028,1.9991
115.415,3.9968,9.2028,1.9991
115.425,3.9968,9.2054,1.9991
115.434,3.9968,9.2054,1.9991
115.442,3.9968,9.2079,1.9991
115.452,3.9968,9.2079,1.9991
115.461,3.9968,9.2079,1.9991
115.469,3.9968,9.2104,1.9991
115.477,3.9968,9.2104,1.9991
115.485,3.9968,9.2130,1.9991
115.493,3.9968,9.2130,1.9991
115.502,3.9968,9.2155,1.9991
115.512,3.9968,9.2155,1.9991
115.520,3.9968,9.2155,1.9991
115.527,3.9968,9.2180,1.9991
115.537,3.9968,9.2180,1.9991
115.544,3.9968,9.2206,1.9991
115.554,3.9968,9.2206,1.9991
115.561,3.9968,9.2206,1.9991
115.570,3.9968,9.2231,1.9991
115.579,3.9968,9.2231,1.9991
115.587,3.9968,9.2256,1.9991
115.597,3.9968,9.2256,1.9991
115.605,3.9968,9.2281,1.9991
115.614,3.9968,9.2281,1.9991
115.623,3.9968,9.2307,1.9991
115.632,3.9968,9.2307,1.9991
115.640,3.9968,9.2307,1.9991
115.648,3.9968,9.2332,1.9991
115.658,3.9968,9.2332,1.9991
115.665,3.9968,9.2357,1.9991
115.675,3.9968,9.2357,1.9991
115.682,3.9968,9.2383,1.9991
115.693,3.9968,9.2383,1.9991
115.701,3.9968,9.2383,1.9991
115.708,3.9968,9.2408,1.9991
115.719,3.9968,9.2408,1.9991
115.727,3.9968,9.2433,1.9991
115.736,3.9968,9.2433,1.9991
115.743,3.9968,9.2458,1.9991
115.754,3.9968,9.2458,1.9991
115.761,3.9968,9.2458,1.9991
115.769,3.9968,9.2483,1.9991
115.777,3.9968,9.2483,1.9991
115.784,3.9968,9.2509,1.9991
115.792,3.9968,9.2509,1.9991
115.799,3.9968,9.2509,1.9991
115.806,3.9968,9.2534,1.9991
115.816,3.9968,9.2534,1.9991
115.824,3.9968,9.2559,1.9991
115.833,3.9968,9.2559,1.9991
115.841,3.9968,9.2559,1.9991
115.849,3.9968,9.2584,1.9991
115.858,3.9968,9.2584,1.9991
115.866,3.9968,9.2609,1.9991
115.876,3.9968,9.2609,1.9991
115.882,3.9968,9.2635,1.9991
115.893,3.9968,9.2635,1.9991
115.900,3.9968,9.2635,1.9991
115.909,3.9968,9.2660,1.9991
115.918,3.9968,9.2660,1.9991
115.927,3.9968,9.2685,1.9991
115.936,3.9968,9.2685,1.9991
115.943,3.9968,9.2710,1.9991
115.951,3.9968,9.2710,1.9991
115.959,3.9968,9.2710,1.9991
115.966,3.9968,9.2735,1.9991
115.975,3.9968,9.2735,1.9991
115.983,3.9968,9.2760,1.9991
115.993,3.9968,9.2760,1.9991
116.001,3.9968,9.2760,1.9991
116.010,3.9968,9.2785,1.9991
116.022,3.9968,9.2785,1.9991
116.028,3.9968,9.2810,1.9991
116.040,3.9968,9.2810,1.9991
116.048,3.9968,9.2836,1.9991
116.058,3.9968,9.2836,1.9991
116.065,3.9968,9.2861,1.9991
116.075,3.9968,9.2861,1.9991
116.084,3.9968,9.2886,1.9991
116.093,3.9968,9.2886,1.9991
116.102,3.9968,9.2911,1.9991
116.112,3.9968,9.2911,1.9991
116.121,3.9968,9.2911,1.9991
116.129,3.9968,9.2936,1.9991
116.139,3.9968,9.2936,1.9991
116.148,3.9968,9.2961,1.9991
116.158,3.9968,9.2961,1.9991
116.167,3.9968,9.2986,1.9991
116.176,3.9968,9.2986,1.9991
116.184,3.9968,9.3011,1.9991
116.195,3.9968,9.3011,1.9991
116.203,3.9968,9.3036,1.9991
116.214,3.9968,9.3036,1.9991
116.224,3.9968,9.3062,1.9991
116.233,3.9968,9.3062,1.9991
116.244,3.9968,9.3087,1.9991
116.255,3.9968,9.3087,1.9991
116.263,3.9968,9.3112,1.9991
116.274,3.9968,9.3112,1.9991
116.284,3.9968,9.3137,1.9991
116.295,3.9968,9.3137,1.9991
116.303,3.9968,9.3162,1.9991
116.313,3.9968,9.3162,1.9991
116.324,3.9968,9.3187,1.9991
116.333,3.9968,9.3187,1.9991
116.341,3.9968,9.3187,1.9991
116.350,3.9968,9.3212,1.9991
116.361,3.9968,9.3212,1.9991
116.368,3.9968,9.3237,1.9991
116.379,3.9968,9.3237,1.9991
116.390,3.9968,9.3262,1.9991
116.399,3.9968,9.3262,1.9991
116.408,3.9968,9.3288,1.9991
116.420,3.9968,9.3288,1.9991
116.428,3.9968,9.3313,1.9991
116.439,3.9968,9.3313,1.9991
116.449,3.9968,9.3338,1.9991
116.460,3.9968,9.3338,1.9991
116.468,3.9968,9.3363,1.9991
116.480,3.9968,9.3363,1.9991
116.490,3.9968,9.3388,1.9991
116.500,3.9968,9.3388,1.9991
116.509,3.9968,9.3413,1.9991
116.519,3.9968,9.3413,1.9991
116.529,3.9968,9.3438,1.9991
116.538,3.9968,9.3438,1.9991
116.547,3.9968,9.3463,1.9991
116.565,3.9968,9.3487,1.9991
116.575,3.9968,9.3487,1.9991
116.583,3.9968,9.3512,1.9991
116.595,3.9968,9.3512,1.9991
116.603,3.9968,9.3536,1.9991
116.613,3.9968,9.3536,1.9991
116.623,3.9968,9.3561,1.9991
116.633,3.9968,9.3561,1.9991
116.641,3.9968,9.3561,1.9991
116.649,3.9968,9.3585,1.9991
116.660,3.9968,9.3585,1.9991
116.667,3.9968,9.3610,1.9991
116.677,3.9968,9.3610,1.9991
116.686,3.9968,9.3634,1.9991
116.696,3.9968,9.3634,1.9991
116.703,3.9968,9.3640,1.9991
116.713,3.9968,9.3640,1.9991
116.722,3.9968,9.3640,1.9991
116.732,3.9968,9.3640,1.9991
116.741,3.9968,9.3640,1.9991
116.749,3.9968,9.3640,1.9991
116.758,3.9968,9.3640,1.9991
116.766,3.9968,9.3640,1.9991
116.775,3.9968,9.3640,1.9991
116.782,3.9968,9.3640,1.9991
116.792,3.9968,9.3640,1.9991
116.800,3.9968,9.3640,1.9991
116.808,3.9968,9.3640,1.9991
116.816,3.9968,9.3640,1.9991
116.824,3.9968,9.3640,1.9991
116.833,3.9968,9.3640,1.9991
116.842,3.9968,9.3640,1.9991
116.848,3.9968,9.3640,1.9991
116.858,3.9968,9.3640,1.9991
116.865,3.9968,9.3640,1.9991
116.874,3.9968,9.3640,1.9991
116.882,3.9968,9.3640,1.9991
116.890,3.9968,9.3640,1.9991
116.900,3.9968,9.3640,1.9991
116.907,3.9968,9.3640,1.9991
116.916,3.9968,9.3640,1.9991
116.924,3.9968,9.3640,1.9991
116.932,3.9968,9.3640,1.9991
116.939,3.9968,9.3640,1.9991
116.948,3.9968,9.3640,1.9991
116.956,3.9968,9.3640,1.9991
116.964,3.9968,9.3640,1.9991
116.972,3.9968,9.3640,1.9991
116.980,3.9968,9.3640,1.9991
116.988,3.9968,9.3640,1.9991
116.998,3.9968,9.3640,1.9991
117.006,3.9968,9.3640,1.9991
117.015,3.9968,9.3640,1.9991
117.023,3.9968,9.3640,1.9991
117.030,3.9968,9.3640,1.9991
117.039,3.9968,9.3640,1.9991
117.047,3.9968,9.3640,1.9991
117.056,3.9968,9.3640,1.9991
117.064,3.9968,9.3640,1.9991
117.073,3.9968,9.3640,1.9991
117.081,3.9968,9.3640,1.9991
117.089,3.9968,9.3640,1.9991
117.098,3.9968,9.3640,1.9991
117.108,3.9968,9.3640,1.9991
117.116,3.9968,9.3640,1.9991
117.124,3.9968,9.3640,1.9991
117.134,3.9968,9.3640,1.9991
117.142,3.9968,9.3640,1.9991
117.150,3.9968,9.3640,1.9991
117.159,3.9968,9.3640,1.9991
117.166,3.9968,9.3640,1.9994
117.176,3.9968,9.3640,1.9994
117.184,3.9968,9.3640,1.9999
117.195,3.9968,9.3640,1.9999
117.203,3.9968,9.3640,2.0005
117.211,3.9968,9.3640,2.0005
117.222,3.9968,9.3640,2.0005
117.230,3.9968,9.3640,2.0028
117.239,3.9968,9.3640,2.0028
117.247,3.9968,9.3640,2.0055
117.259,3.9968,9.3640,2.0055
117.267,3.9968,9.3640,2.0087
117.277,3.9968,9.3640,2.0087
117.285,3.9968,9.3640,2.0122
117.295,3.9968,9.3640,2.0122
117.302,3.9968,9.3640,2.0195
117.312,3.9968,9.3640,2.0195
117.321,3.9968,9.3640,2.0195
117.328,3.9968,9.3640,2.0272
117.336,3.9968,9.3640,2.0272
117.344,3.9968,9.3640,2.0352
117.354,3.9968,9.3640,2.0352
117.361,3.9968,9.3640,2.0352
117.368,3.9968,9.3640,2.0436
117.378,3.9968,9.3640,2.0436
117.387,3.9968,9.3640,2.0522
117.396,3.9968,9.3640,2.0522
117.404,3.9968,9.3640,2.0610
117.415,3.9968,9.3640,2.0610
117.423,3.9968,9.3640,2.0701
117.433,3.9968,9.3640,2.0701
117.441,3.9968,9.3640,2.0701
117.449,3.9968,9.3640,2.0795
117.458,3.9968,9.3640,2.0795
117.466,3.9968,9.3640,2.0890
117.475,3.9968,9.3640,2.0890
117.483,3.9968,9.3640,2.0987
117.494,3.9968,9.3640,2.0987
117.501,3.9968,9.3640,2.0987
117.510,3.9968,9.3640,2.1168
117.520,3.9968,9.3640,2.1168
117.529,3.9968,9.3640,2.1350
117.538,3.9968,9.3640,2.1350
117.548,3.9968,9.3640,2.1533
117.558,3.9968,9.3640,2.1533
117.567,3.9968,9.3640,2.1714
117.577,3.9968,9.3640,2.1714
117.585,3.9968,9.3640,2.1811
117.596,3.9968,9.3640,2.1811
117.604,3.9968,9.3640,2.1907
117.615,3.9968,9.3640,2.1907
117.624,3.9968,9.3640,2.2004
117.633,3.9968,9.3640,2.2004
117.642,3.9968,9.3640,2.2100
117.654,3.9968,9.3640,2.2100
117.661,3.9968,9.3640,2.2100
117.670,3.9968,9.3640,2.2196
117.679,3.9968,9.3640,2.2196
117.689,3.9968,9.3640,2.2292
117.698,3.9968,9.3640,2.2292
117.707,3.9968,9.3640,2.2388
117.718,3.9968,9.3640,2.2388
117.726,3.9968,9.3640,2.2484
117.736,3.9968,9.3640,2.2484
117.745,3.9968,9.3640,2.2580
117.754,3.9968,9.3640,2.2580
117.763,3.9968,9.3640,2.2676
117.773,3.9968,9.3640,2.2676
117.782,3.9968,9.3640,2.2771
117.791,3.9968,9.3640,2.2771
117.799,3.9968,9.3640,2.2771
117.807,3.9968,9.3640,2.2867
117.817,3.9968,9.3640,2.2867
117.826,3.9968,9.3640,2.2962
117.835,3.9968,9.3640,2.2962
117.843,3.9968,9.3640,2.3057
117.852,3.9968,9.3640,2.3057
117.861,3.9968,9.3640,2.3057
117.868,3.9968,9.3640,2.3152
117.877,3.9968,9.3640,2.3152
117.886,3.9968,9.3640,2.3247
117.895,3.9968,9.3640,2.3247
117.904,3.9968,9.3640,2.3342
117.914,3.9968,9.3640,2.3342
117.923,3.9968,9.3640,2.3436
117.933,3.9968,9.3640,2.3436
117.941,3.9968,9.3640,2.3436
117.949,3.9968,9.3640,2.3531
117.959,3.9968,9.3640,2.3531
117.967,3.9968,9.3640,2.3625
117.977,3.9968,9.3640,2.3625
117.986,3.9968,9.3640,2.3719
117.995,3.9968,9.3640,2.3719
118.003,3.9968,9.3640,2.3813
118.015,3.9968,9.3640,2.3813
118.022,3.9968,9.3640,2.3907
118.031,3.9968,9.3640,2.3907
118.038,3.9968,9.3640,2.3907
118.045,3.9968,9.3640,2.4001
118.054,3.9968,9.3640,2.4001
118.061,3.9968,9.3640,2.4001
118.068,3.9968,9.3640,2.4095
118.077,3.9968,9.3640,2.4095
118.083,3.9968,9.3640,2.4190
118.093,3.9968,9.3640,2.4190
118.100,3.9968,9.3640,2.4190
118.109,3.9968,9.3640,2.4282
118.118,3.9968,9.3640,2.4282
118.126,3.9968,9.3640,2.4374
118.136,3.9968,9.3640,2.4374
118.142,3.9968,9.3640,2.4465
118.151,3.9968,9.3640,2.4465
118.158,3.9968,9.3640,2.4465
118.166,3.9968,9.3640,2.4553
118.175,3.9968,9.3640,2.4553
118.183,3.9968,9.3640,2.4640
118.193,3.9968,9.3640,2.4640
118.200,3.9968,9.3640,2.4640
118.207,3.9968,9.3640,2.4724
118.216,3.9968,9.3640,2.4724
118.224,3.9968,9.3640,2.4808
118.233,3.9968,9.3640,2.4808
118.240,3.9968,9.3640,2.4808
118.248,3.9968,9.3640,2.4889
118.257,3.9968,9.3640,2.4889
118.266,3.9968,9.3640,2.4970
118.277,3.9968,9.3640,2.4970
118.284,3.9968,9.3640,2.5049
118.294,3.9968,9.3640,2.5049
118.300,3.9968,9.3640,2.5049
118.309,3.9968,9.3640,2.5129
118.317,3.9968,9.3640,2.5129
118.325,3.9968,9.3640,2.5208
118.334,3.9968,9.3640,2.5208
118.342,3.9968,9.3640,2.5208
118.349,3.9968,9.3640,2.5287
118.359,3.9968,9.3640,2.5287
118.364,3.9968,9.3640,2.5366
118.375,3.9968,9.3640,2.5366
118.382,3.9968,9.3640,2.5445
118.392,3.9968,9.3640,2.5445
118.399,3.9968,9.3640,2.5445
118.407,3.9968,9.3640,2.5524
118.416,3.9968,9.3640,2.5524
118.424,3.9968,9.3640,2.5603
118.433,3.9968,9.3640,2.5603
118.440,3.9968,9.3640,2.5603
118.447,3.9968,9.3640,2.5682
118.457,3.9968,9.3640,2.5682
118.465,3.9968,9.3640,2.5761
118.475,3.9968,9.3640,2.5761
118.482,3.9968,9.3640,2.5841
118.491,3.9968,9.3640,2.5841
118.499,3.9968,9.3640,2.5841
118.506,3.9968,9.3640,2.5920
118.515,3.9968,9.3640,2.5920
118.523,3.9968,9.3640,2.5999
118.533,3.9968,9.3640,2.5999
118.541,3.9968,9.3640,2.5999
118.548,3.9968,9.3640,2.6078
118.556,3.9968,9.3640,2.6078
118.563,3.9968,9.3640,2.6156
118.571,3.9968,9.3640,2.6156
118.578,3.9968,9.3640,2.6156
118.585,3.9968,9.3640,2.6235
118.594,3.9968,9.3640,2.6235
118.600,3.9968,9.3640,2.6235
118.607,3.9968,9.3640,2.6314
118.616,3.9968,9.3640,2.6314
118.625,3.9968,9.3640,2.6393
118.635,3.9968,9.3640,2.6393
118.643,3.9968,9.3640,2.6471
118.653,3.9968,9.3640,2.6471
118.661,3.9968,9.3640,2.6471
118.669,3.9968,9.3640,2.6550
118.677,3.9968,9.3640,2.6550
118.687,3.9968,9.3640,2.6628
118.697,3.9968,9.3640,2.6628
118.706,3.9968,9.3640,2.6707
118.716,3.9968,9.3640,2.6707
118.724,3.9968,9.3640,2.6785
118.733,3.9968,9.3640,2.6785
118.742,3.9968,9.3640,2.6864
118.753,3.9968,9.3640,2.6864
118.763,3.9968,9.3640,2.6942
118.775,3.9968,9.3640,2.6942
118.784,3.9968,9.3640,2.7021
118.795,3.9968,9.3640,2.7021
118.804,3.9968,9.3640,2.7099
118.815,3.9968,9.3640,2.7099
118.824,3.9968,9.3640,2.7178
118.834,3.9968,9.3640,2.7178
118.843,3.9968,9.3640,2.7256
118.852,3.9968,9.3640,2.7256
118.861,3.9968,9.3640,2.7256
118.868,3.9968,9.3640,2.7335
118.885,3.9968,9.3640,2.7413
118.895,3.9968,9.3640,2.7413
118.902,3.9968,9.3640,2.7492
118.910,3.9968,9.3640,2.7492
118.919,3.9968,9.3640,2.7492
118.926,3.9968,9.3640,2.7570
118.935,3.9968,9.3640,2.7570
118.942,3.9968,9.3640,2.7649
118.952,3.9968,9.3640,2.7649
118.959,3.9968,9.3640,2.7649
118.967,3.9968,9.3640,2.7727
118.976,3.9968,9.3640,2.7727
118.985,3.9968,9.3640,2.7806
118.996,3.9968,9.3640,2.7806
119.003,3.9968,9.3640,2.7884
119.013,3.9968,9.3640,2.7884
119.020,3.9968,9.3640,2.7884
119.028,3.9968,9.3640,2.7963
119.036,3.9968,9.3640,2.7963
119.045,3.9968,9.3640,2.8042
119.054,3.9968,9.3640,2.8042
119.062,3.9968,9.3640,2.8120
119.071,3.9968,9.3640,2.8120
119.078,3.9968,9.3640,2.8120
119.085,3.9968,9.3640,2.8199
119.094,3.9968,9.3640,2.8199
119.101,3.9968,9.3640,2.8199
119.109,3.9968,9.3640,2.8277
119.117,3.9968,9.3640,2.8277
119.126,3.9968,9.3640,2.8356
119.135,3.9968,9.3640,2.8356
119.143,3.9968,9.3640,2.8434
119.152,3.9968,9.3640,2.8434
119.159,3.9968,9.3640,2.8434
119.167,3.9968,9.3640,2.8513
119.175,3.9968,9.3640,2.8513
119.183,3.9968,9.3640,2.8591
119.196,3.9968,9.3640,2.8591
119.207,3.9968,9.3640,2.8670
119.222,3.9968,9.3640,2.8748
119.234,3.9968,9.3640,2.8748
119.244,3.9968,9.3640,2.8827
119.256,3.9968,9.3640,2.8827
119.265,3.9968,9.3640,2.8905
119.277,3.9968,9.3640,2.8905
119.287,3.9968,9.3640,2.8984
119.299,3.9968,9.3640,2.8984
119.307,3.9968,9.3640,2.9062
119.316,3.9968,9.3640,2.9062
119.325,3.9968,9.3640,2.9141
119.337,3.9968,9.3640,2.9141
119.345,3.9968,9.3640,2.9219
119.354,3.9968,9.3640,2.9219
119.362,3.9968,9.3640,2.9298
119.371,3.9968,9.3640,2.9298
119.379,3.9968,9.3640,2.9298
119.387,3.9968,9.3640,2.9376
119.396,3.9968,9.3640,2.9376
119.405,3.9968,9.3640,2.9454
119.415,3.9968,9.3640,2.9454
119.425,3.9968,9.3640,2.9533
119.435,3.9968,9.3640,2.9533
119.443,3.9968,9.3640,2.9611
119.453,3.9968,9.3640,2.9611
119.462,3.9968,9.3640,2.9690
119.471,3.9968,9.3640,2.9690
119.479,3.9968,9.3640,2.9690
119.487,3.9968,9.3640,2.9768
119.496,3.9968,9.3640,2.9768
119.503,3.9968,9.3640,2.9846
119.511,3.9968,9.3640,2.9846
119.519,3.9968,9.3640,2.9846
119.527,3.9968,9.3640,2.9925
119.534,3.9968,9.3640,2.9925
119.540,3.9968,9.3640,2.9925
119.547,3.9968,9.3640,3.0003
119.556,3.9968,9.3640,3.0003
119.563,3.9968,9.3640,3.0082
119.570,3.9968,9.3640,3.0082
119.577,3.9968,9.3640,3.0082
119.584,3.9968,9.3640,3.0160
119.592,3.9968,9.3640,3.0160
119.598,3.9968,9.3640,3.0160
119.607,3.9968,9.3640,3.0239
119.615,3.9968,9.3640,3.0239
119.622,3.9968,9.3640,3.0317
119.629,3.9968,9.3640,3.0317
119.636,3.9968,9.3640,3.0317
119.643,3.9968,9.3640,3.0395
119.652,3.9968,9.3640,3.0395
119.659,3.9968,9.3640,3.0395
119.667,3.9968,9.3640,3.0474
119.676,3.9968,9.3640,3.0474
119.682,3.9968,9.3640,3.0552
119.691,3.9968,9.3640,3.0552
119.698,3.9968,9.3640,3.0552
119.706,3.9968,9.3640,3.0631
119.715,3.9968,9.3640,3.0631
119.722,3.9968,9.3640,3.0631
119.729,3.9968,9.3640,3.0709
119.737,3.9968,9.3640,3.0709
119.744,3.9968,9.3640,3.0787
119.753,3.9968,9.3640,3.0787
119.760,3.9968,9.3640,3.0787
119.768,3.9968,9.3640,3.0866
119.776,3.9968,9.3640,3.0866
119.783,3.9968,9.3640,3.0944
119.792,3.9968,9.3640,3.0944
119.800,3.9968,9.3640,3.0944
119.807,3.9968,9.3640,3.1023
119.814,3.9968,9.3640,3.1023
119.822,3.9968,9.3640,3.1101
119.830,3.9968,9.3640,3.1101
119.837,3.9968,9.3640,3.1101
119.845,3.9968,9.3640,3.1179
119.852,3.9968,9.3640,3.1179
119.860,3.9968,9.3640,3.1179
119.866,3.9968,9.3640,3.1258
119.875,3.9968,9.3640,3.1258
119.882,3.9968,9.3640,3.1336
119.892,3.9968,9.3640,3.1336
119.899,3.9968,9.3640,3.1336
119.908,3.9968,9.3640,3.1414
119.916,3.9968,9.3640,3.1414
119.927,3.9968,9.3640,3.1493
119.936,3.9968,9.3640,3.1493
119.943,3.9968,9.3640,3.1571
119.954,3.9968,9.3640,3.1571
119.961,3.9968,9.3640,3.1571
119.969,3.9968,9.3640,3.1650
119.977,3.9968,9.3640,3.1650
119.985,3.9968,9.3640,3.1728
119.994,3.9968,9.3640,3.1728
120.002,3.9968,9.3640,3.1806
120.011,3.9968,9.3640,3.1806
120.019,3.9968,9.3640,3.1806
120.027,3.9968,9.3640,3.1885
120.036,3.9968,9.3640,3.1885
120.044,3.9968,9.3640,3.1963
120.053,3.9968,9.3640,3.1963
120.061,3.9968,9.3640,3.1963
120.069,3.9968,9.3640,3.2041
120.077,3.9968,9.3640,3.2041
120.085,3.9968,9.3640,3.2120
120.094,3.9968,9.3640,3.2120
120.102,3.9968,9.3640,3.2198
120.111,3.9968,9.3640,3.2198
120.119,3.9968,9.3640,3.2198
120.128,3.9968,9.3640,3.2277
120.137,3.9968,9.3640,3.2277
120.146,3.9968,9.3640,3.2355
120.158,3.9968,9.3640,3.2355
120.164,3.9968,9.3640,3.2433
120.173,3.9968,9.3640,3.2433
120.180,3.9968,9.3640,3.2433
120.189,3.9968,9.3640,3.2512
120.197,3.9968,9.3640,3.2512
120.204,3.9968,9.3640,3.2590
120.214,3.9968,9.3640,3.2590
120.222,3.9968,9.3640,3.2668
120.231,3.9968,9.3640,3.2668
120.238,3.9968,9.3640,3.2668
120.246,3.9968,9.3640,3.2747
120.255,3.9968,9.3640,3.2747
120.262,3.9968,9.3640,3.2825
120.271,3.9968,9.3640,3.2825
120.279,3.9968,9.3640,3.2825
120.286,3.9968,9.3640,3.2903
120.294,3.9968,9.3640,3.2903
120.301,3.9968,9.3640,3.2903
120.309,3.9968,9.3640,3.2982
120.319,3.9968,9.3640,3.2982
120.327,3.9968,9.3640,3.3060
120.337,3.9968,9.3640,3.3060
120.346,3.9968,9.3640,3.3139
120.356,3.9968,9.3640,3.3139
120.364,3.9968,9.3640,3.3217
120.374,3.9968,9.3640,3.3217
120.380,3.9968,9.3640,3.3217
120.388,3.9968,9.3640,3.3295
120.397,3.9968,9.3640,3.3295
120.405,3.9968,9.3640,3.3374
120.413,3.9968,9.3640,3.3374
120.422,3.9968,9.3640,3.3374
120.429,3.9968,9.3640,3.3452
120.440,3.9968,9.3640,3.3452
120.447,3.9968,9.3640,3.3531
120.457,3.9968,9.3640,3.3531
120.466,3.9968,9.3640,3.3609
120.474,3.9968,9.3640,3.3609
120.482,3.9968,9.3640,3.3609
120.489,3.9968,9.3640,3.3687
120.498,3.9968,9.3640,3.3687
120.505,3.9968,9.3640,3.3766
120.514,3.9968,9.3640,3.3766
120.523,3.9968,9.3640,3.3844
120.531,3.9968,9.3640,3.3844
120.539,3.9968,9.3640,3.3844
120.548,3.9968,9.3640,3.3923
120.557,3.9968,9.3640,3.3923
120.565,3.9968,9.3640,3.4002
120.573,3.9968,9.3640,3.4002
120.581,3.9968,9.3640,3.4002
120.589,3.9968,9.3640,3.4080
120.598,3.9968,9.3640,3.4080
120.605,3.9968,9.3640,3.4159
120.613,3.9968,9.3640,3.4159
120.621,3.9968,9.3640,3.4159
120.628,3.9968,9.3640,3.4237
120.636,3.9968,9.3640,3.4237
120.643,3.9968,9.3640,3.4316
120.651,3.9968,9.3640,3.4316
120.658,3.9968,9.3640,3.4316
120.665,3.9968,9.3640,3.4394
120.674,3.9968,9.3640,3.4394
120.681,3.9968,9.3640,3.4394
120.688,3.9968,9.3640,3.4473
120.696,3.9968,9.3640,3.4473
120.705,3.9968,9.3640,3.4551
120.712,3.9968,9.3640,3.4551
120.720,3.9968,9.3640,3.4551
120.728,3.9968,9.3640,3.4630
120.737,3.9968,9.3640,3.4630
120.744,3.9968,9.3640,3.4709
120.753,3.9968,9.3640,3.4709
120.761,3.9968,9.3640,3.4709
120.768,3.9968,9.3640,3.4787
120.775,3.9968,9.3640,3.4787
120.782,3.9968,9.3640,3.4787
120.788,3.9968,9.3640,3.4866
120.797,3.9968,9.3640,3.4866
120.803,3.9968,9.3640,3.4945
120.811,3.9968,9.3640,3.4945
120.819,3.9968,9.3640,3.4945
120.827,3.9968,9.3640,3.5023
120.835,3.9968,9.3640,3.5023
120.842,3.9968,9.3640,3.5102
120.851,3.9968,9.3640,3.5102
120.859,3.9968,9.3640,3.5102
120.866,3.9968,9.3640,3.5181
120.875,3.9968,9.3640,3.5181
120.882,3.9968,9.3640,3.5259
120.893,3.9968,9.3640,3.5259
120.900,3.9968,9.3640,3.5259
120.910,3.9968,9.3640,3.5338
120.918,3.9968,9.3640,3.5338
120.926,3.9968,9.3640,3.5416
120.935,3.9968,9.3640,3.5416
120.942,3.9968,9.3640,3.5495
120.952,3.9968,9.3640,3.5495
120.960,3.9968,9.3640,3.5495
120.967,3.9968,9.3640,3.5574
120.975,3.9968,9.3640,3.5574
120.983,3.9968,9.3640,3.5652
120.991,3.9968,9.3640,3.5652
120.999,3.9968,9.3640,3.5652
121.007,3.9968,9.3640,3.5731
121.015,3.9968,9.3640,3.5731
121.023,3.9968,9.3640,3.5810
121.031,3.9968,9.3640,3.5810
121.037,3.9968,9.3640,3.5810
121.045,3.9968,9.3640,3.5888
121.052,3.9968,9.3640,3.5888
121.061,3.9968,9.3640,3.5888
121.068,3.9968,9.3640,3.5967
121.077,3.9968,9.3640,3.5967
121.084,3.9968,9.3640,3.6046
121.094,3.9968,9.3640,3.6046
121.100,3.9968,9.3640,3.6046
121.108,3.9968,9.3640,3.6124
121.125,3.9968,9.3640,3.6203
121.133,3.9968,9.3640,3.6203
121.143,3.9968,9.3640,3.6281
121.151,3.9968,9.3640,3.6281
121.160,3.9968,9.3640,3.6281
121.166,3.9968,9.3640,3.6360
121.175,3.9968,9.3640,3.6360
121.182,3.9968,9.3640,3.6439
121.192,3.9968,9.3640,3.6439
121.197,3.9968,9.3640,3.6439
121.205,3.9968,9.3640,3.6517
121.213,3.9968,9.3640,3.6517
121.224,3.9968,9.3640,3.6596
121.231,3.9968,9.3640,3.6596
121.238,3.9968,9.3640,3.6596
121.245,3.9968,9.3640,3.6675
121.255,3.9968,9.3640,3.6675
121.261,3.9968,9.3640,3.6675
121.269,3.9968,9.3640,3.6753
121.277,3.9968,9.3640,3.6753
121.285,3.9968,9.3640,3.6832
121.293,3.9968,9.3640,3.6832
121.301,3.9968,9.3640,3.6832
121.309,3.9968,9.3640,3.6911
121.318,3.9968,9.3640,3.6911
121.326,3.9968,9.3640,3.6989
121.335,3.9968,9.3640,3.6989
121.344,3.9968,9.3640,3.7068
121.352,3.9968,9.3640,3.7068
121.360,3.9968,9.3640,3.7068
121.367,3.9968,9.3640,3.7147
121.376,3.9968,9.3640,3.7147
121.384,3.9968,9.3640,3.7225
121.394,3.9968,9.3640,3.7225
121.401,3.9968,9.3640,3.7225
121.409,3.9968,9.3640,3.7304
121.418,3.9968,9.3640,3.7304
121.428,3.9968,9.3640,3.7383
121.436,3.9968,9.3640,3.7383
121.444,3.9968,9.3640,3.7461
121.454,3.9968,9.3640,3.7461
121.462,3.9968,9.3640,3.7540
121.471,3.9968,9.3640,3.7540
121.479,3.9968,9.3640,3.7540
121.487,3.9968,9.3640,3.7619
121.495,3.9968,9.3640,3.7619
121.504,3.9968,9.3640,3.7697
121.514,3.9968,9.3640,3.7697
121.524,3.9968,9.3640,3.7776
121.532,3.9968,9.3640,3.7776
121.539,3.9968,9.3640,3.7776
121.548,3.9968,9.3640,3.7854
121.557,3.9968,9.3640,3.7854
121.564,3.9968,9.3640,3.7933
121.573,3.9968,9.3640,3.7933
121.583,3.9968,9.3640,3.8011
121.592,3.9968,9.3640,3.8011
121.599,3.9968,9.3640,3.8011
121.607,3.9968,9.3640,3.8090
121.616,3.9968,9.3640,3.8090
121.624,3.9968,9.3640,3.8168
121.633,3.9968,9.3640,3.8168
121.642,3.9968,9.3640,3.8168
121.649,3.9968,9.3640,3.8247
121.659,3.9968,9.3640,3.8247
121.667,3.9968,9.3640,3.8325
121.676,3.9968,9.3640,3.8325
121.684,3.9968,9.3640,3.8404
121.693,3.9968,9.3640,3.8404
121.701,3.9968,9.3640,3.8404
121.709,3.9968,9.3640,3.8483
121.717,3.9968,9.3640,3.8483
121.726,3.9968,9.3640,3.8561
121.735,3.9968,9.3640,3.8561
121.743,3.9968,9.3640,3.8640
121.752,3.9968,9.3640,3.8640
121.759,3.9968,9.3640,3.8640
121.767,3.9968,9.3640,3.8718
121.777,3.9968,9.3640,3.8718
121.785,3.9968,9.3640,3.8797
121.794,3.9968,9.3640,3.8797
121.800,3.9968,9.3640,3.8797
121.808,3.9968,9.3640,3.8876
121.817,3.9968,9.3640,3.8876
121.825,3.9968,9.3640,3.8954
121.833,3.9968,9.3640,3.8954
121.839,3.9968,9.3640,3.8954
121.847,3.9968,9.3640,3.9032
121.856,3.9968,9.3640,3.9032
121.863,3.9968,9.3640,3.9111
121.871,3.9968,9.3640,3.9111
121.878,3.9968,9.3640,3.9111
121.885,3.9968,9.3640,3.9189
121.894,3.9968,9.3640,3.9189
121.900,3.9968,9.3640,3.9189
121.908,3.9968,9.3640,3.9267
121.916,3.9968,9.3640,3.9267
121.925,3.9968,9.3640,3.9344
121.932,3.9968,9.3640,3.9344
121.941,3.9968,9.3640,3.9344
121.948,3.9968,9.3640,3.9420
121.957,3.9968,9.3640,3.9420
121.964,3.9968,9.3640,3.9495
121.973,3.9968,9.3640,3.9495
121.980,3.9968,9.3640,3.9495
121.989,3.9968,9.3640,3.9566
121.997,3.9968,9.3640,3.9566
122.005,3.9968,9.3640,3.9602
122.013,3.9968,9.3640,3.9602
122.022,3.9968,9.3640,3.9634
122.029,3.9968,9.3640,3.9634
122.038,3.9968,9.3640,3.9634
122.044,3.9968,9.3640,3.9661
122.054,3.9968,9.3640,3.9661
122.063,3.9968,9.3640,3.9684
122.070,3.9968,9.3640,3.9684
122.078,3.9968,9.3640,3.9684
122.086,3.9968,9.3640,3.9690
122.095,3.9968,9.3640,3.9690
122.102,3.9968,9.3640,3.9695
122.111,3.9968,9.3640,3.9695
122.119,3.9968,9.3640,3.9695
122.127,3.9968,9.3640,3.9695
122.134,3.9968,9.3640,3.9695
122.143,3.9968,9.3640,3.9695
122.151,3.9968,9.3640,3.9695
122.161,3.9968,9.3640,3.9695
122.168,3.9968,9.3640,3.9695
122.176,3.9968,9.3640,3.9695
122.184,3.9968,9.3640,3.9695
122.193,3.9968,9.3640,3.9695
122.199,3.9968,9.3640,3.9695
122.208,3.9968,9.3640,3.9695
122.216,3.9968,9.3640,3.9695
122.224,3.9968,9.3640,3.9695
122.232,3.9968,9.3640,3.9695
122.240,3.9968,9.3640,3.9695
122.247,3.9968,9.3640,3.9695
122.255,3.9968,9.3640,3.9695
122.262,3.9968,9.3640,3.9695
122.270,3.9968,9.3640,3.9695
122.277,3.9968,9.3640,3.9695
122.285,3.9968,9.3640,3.9695
122.293,3.9968,9.3640,3.9695
122.300,3.9968,9.3640,3.9695
122.308,3.9968,9.3640,3.9695
122.316,3.9968,9.3640,3.9695
122.324,3.9968,9.3640,3.9695
122.332,3.9968,9.3640,3.9695
122.340,3.9968,9.3640,3.9695
122.348,3.9968,9.3640,3.9695
122.356,3.9968,9.3640,3.9695
122.363,3.9968,9.3640,3.9695
122.371,3.9968,9.3640,3.9695
122.379,3.9968,9.3640,3.9695
122.387,3.9968,9.3640,3.9695
122.395,3.9968,9.3640,3.9695
122.403,3.9968,9.3640,3.9695
122.411,3.9968,9.3640,3.9695
122.419,3.9968,9.3640,3.9695
122.427,3.9968,9.3640,3.9695
122.434,3.9968,9.3640,3.9695
122.443,3.9968,9.3640,3.9695
122.451,3.9968,9.3640,3.9695
122.460,3.9968,9.3640,3.9695
122.468,3.9968,9.3640,3.9695
122.476,3.9968,9.3640,3.9695
122.484,3.9968,9.3640,3.9695
122.493,3.9968,9.3640,3.9695
122.500,3.9968,9.3640,3.9695
122.509,3.9968,9.3640,3.9695
122.518,3.9968,9.3640,3.9695
122.525,3.9968,9.3640,3.9695
122.534,3.9968,9.3640,3.9695
122.542,3.9968,9.3640,3.9695
122.551,3.9968,9.3640,3.9695
122.559,3.9968,9.3640,3.9695
122.567,3.9968,9.3640,3.9695
122.576,3.9968,9.3640,3.9695
122.585,3.9968,9.3640,3.9695
122.594,3.9968,9.3640,3.9695
122.603,3.9968,9.3640,3.9695
122.611,3.9968,9.3640,3.9695
122.620,3.9968,9.3640,3.9695
122.628,3.9968,9.3640,3.9698
122.638,3.9968,9.3640,3.9698
122.646,3.9968,9.3640,3.9701
122.656,3.9968,9.3640,3.9701
122.663,3.9968,9.3640,3.9704
122.673,3.9968,9.3640,3.9704
122.681,3.9968,9.3640,3.9704
122.688,3.9968,9.3640,3.9708
122.698,3.9968,9.3640,3.9708
122.707,3.9968,9.3640,3.9713
122.716,3.9968,9.3640,3.9713
122.725,3.9968,9.3640,3.9718
122.733,3.9968,9.3640,3.9718
122.742,3.9968,9.3640,3.9724
122.751,3.9968,9.3640,3.9724
122.760,3.9968,9.3640,3.9724
122.769,3.9968,9.3640,3.9729
122.778,3.9968,9.3640,3.9729
122.786,3.9968,9.3640,3.9735
122.795,3.9968,9.3640,3.9735
122.804,3.9968,9.3640,3.9742
122.813,3.9968,9.3640,3.9742
122.824,3.9968,9.3640,3.9748
122.833,3.9968,9.3640,3.9748
122.842,3.9968,9.3640,3.9748
122.850,3.9968,9.3640,3.9755
122.859,3.9968,9.3640,3.9755
122.867,3.9968,9.3640,3.9761
122.876,3.9968,9.3640,3.9761
122.885,3.9968,9.3640,3.9768
122.894,3.9968,9.3640,3.9768
122.902,3.9968,9.3640,3.9775
122.911,3.9968,9.3640,3.9775
122.921,3.9968,9.3640,3.9775
122.929,3.9968,9.3640,3.9782
122.937,3.9968,9.3640,3.9782
122.946,3.9968,9.3640,3.9790
122.955,3.9968,9.3640,3.9790
122.964,3.9968,9.3640,3.9797
122.973,3.9968,9.3640,3.9797
122.981,3.9968,9.3640,3.9797
122.989,3.9968,9.3640,3.9805
122.998,3.9968,9.3640,3.9805
123.006,3.9968,9.3640,3.9813
123.015,3.9968,9.3640,3.9813
123.025,3.9968,9.3640,3.9835
123.033,3.9968,9.3640,3.9835
123.042,3.9968,9.3640,3.9858
123.052,3.9968,9.3640,3.9858
123.061,3.9968,9.3640,3.9858
123.068,3.9968,9.3640,3.9882
123.077,3.9968,9.3640,3.9882
123.085,3.9968,9.3640,3.9906
123.094,3.9968,9.3640,3.9906
123.101,3.9968,9.3640,3.9906
123.109,3.9968,9.3640,3.9930
123.117,3.9968,9.3640,3.9930
123.125,3.9968,9.3640,3.9954
123.133,3.9968,9.3640,3.9954
123.142,3.9968,9.3640,3.9954
123.149,3.9968,9.3640,3.9978
123.159,3.9968,9.3640,3.9978
123.166,3.9968,9.3640,4.0002
123.175,3.9968,9.3640,4.0002
123.183,3.9968,9.3640,4.0025
123.192,3.9968,9.3640,4.0025
123.199,3.9968,9.3640,4.0025
123.207,3.9968,9.3640,4.0049
123.215,3.9968,9.3640,4.0049
123.224,3.9968,9.3640,4.0072
123.233,3.9968,9.3640,4.0072
123.241,3.9968,9.3640,4.0072
123.249,3.9968,9.3640,4.0096
123.258,3.9968,9.3640,4.0096
123.265,3.9968,9.3640,4.0119
123.275,3.9968,9.3640,4.0119
123.282,3.9968,9.3640,4.0143
123.291,3.9968,9.3640,4.0143
123.298,3.9968,9.3640,4.0143
123.307,3.9968,9.3640,4.0166
123.316,3.9968,9.3640,4.0166
123.324,3.9968,9.3640,4.0189
123.332,3.9968,9.3640,4.0189
123.340,3.9968,9.3640,4.0189
123.348,3.9968,9.3640,4.0212
123.357,3.9968,9.3640,4.0212
123.365,3.9968,9.3640,4.0235
123.373,3.9968,9.3640,4.0235
123.389,3.9968,9.3640,4.0258
123.399,3.9968,9.3640,4.0258
123.406,3.9968,9.3640,4.0280
123.414,3.9968,9.3640,4.0280
123.421,3.9968,9.3640,4.0280
123.430,3.9968,9.3640,4.0287
123.436,3.9968,9.3640,4.0287
123.444,3.9968,9.3640,4.0294
123.452,3.9968,9.3640,4.0294
123.460,3.9968,9.3640,4.0294
123.466,3.9968,9.3640,4.0300
123.474,3.9968,9.3640,4.0300
123.482,3.9968,9.3640,4.0305
123.492,3.9968,9.3640,4.0305
123.498,3.9968,9.3640,4.0305
123.506,3.9968,9.3640,4.0305
123.515,3.9968,9.3640,4.0305
123.522,3.9968,9.3640,4.0305
123.530,3.9968,9.3640,4.0305
123.537,3.9968,9.3640,4.0305
123.546,3.9968,9.3640,4.0305
123.555,3.9968,9.3640,4.0305
123.562,3.9968,9.3640,4.0305
123.569,3.9968,9.3640,4.0305
123.578,3.9968,9.3640,4.0305
123.585,3.9968,9.3640,4.0305
123.592,3.9968,9.3640,4.0305
123.599,3.9968,9.3640,4.0305
123.607,3.9968,9.3640,4.0305
123.614,3.9968,9.3640,4.0305
123.623,3.9968,9.3640,4.0305
123.631,3.9968,9.3640,4.0305
123.639,3.9968,9.3640,4.0305
123.647,3.9968,9.3640,4.0305
123.656,3.9968,9.3640,4.0305
123.663,3.9968,9.3640,4.0305
123.672,3.9968,9.3640,4.0305
123.680,3.9968,9.3640,4.0305
123.689,3.9968,9.3640,4.0305
123.697,3.9968,9.3640,4.0305
123.704,3.9968,9.3640,4.0305
123.713,3.9968,9.3640,4.0305
123.721,3.9968,9.3640,4.0305
123.728,3.9968,9.3640,4.0305
123.736,3.9968,9.3640,4.0305
123.743,3.9968,9.3640,4.0305
123.752,3.9968,9.3640,4.0305
123.759,3.9968,9.3640,4.0305
123.767,3.9968,9.3640,4.0305
123.775,3.9968,9.3640,4.0305
123.782,3.9968,9.3640,4.0302
123.791,3.9968,9.3640,4.0302
123.798,3.9968,9.3640,4.0302
123.805,3.9968,9.3640,4.0297
123.813,3.9968,9.3640,4.0297
123.821,3.9968,9.3640,4.0297
123.829,3.9968,9.3640,4.0292
123.837,3.9968,9.3640,4.0292
123.845,3.9968,9.3640,4.0286
123.854,3.9968,9.3640,4.0286
123.862,3.9968,9.3640,4.0279
123.871,3.9968,9.3640,4.0279
123.879,3.9968,9.3640,4.0279
123.888,3.9968,9.3640,4.0272
123.897,3.9968,9.3640,4.0272
123.905,3.9968,9.3640,4.0264
123.913,3.9968,9.3640,4.0264
123.922,3.9968,9.3640,4.0256
123.930,3.9968,9.3640,4.0256
123.939,3.9968,9.3640,4.0256
123.946,3.9968,9.3640,4.0248
123.957,3.9968,9.3640,4.0248
123.965,3.9968,9.3640,4.0226
123.974,3.9968,9.3640,4.0226
123.982,3.9968,9.3640,4.0226
123.991,3.9968,9.3640,4.0218
124.001,3.9968,9.3640,4.0218
124.008,3.9968,9.3640,4.0210
124.019,3.9968,9.3640,4.0210
124.028,3.9968,9.3640,4.0202
124.037,3.9968,9.3640,4.0202
124.046,3.9968,9.3640,4.0194
124.058,3.9968,9.3640,4.0194
124.067,3.9968,9.3640,4.0186
124.076,3.9968,9.3640,4.0186
124.084,3.9968,9.3640,4.0178
124.095,3.9968,9.3640,4.0178
124.103,3.9968,9.3640,4.0170
124.113,3.9968,9.3640,4.0170
124.121,3.9968,9.3640,4.0170
124.130,3.9968,9.3640,4.0162
124.139,3.9968,9.3640,4.0162
124.147,3.9968,9.3640,4.0153
124.159,3.9968,9.3640,4.0153
124.167,3.9968,9.3640,4.0145
124.178,3.9968,9.3640,4.0145
124.187,3.9968,9.3640,4.0137
124.196,3.9968,9.3640,4.0137
124.207,3.9968,9.3640,4.0129
124.217,3.9968,9.3640,4.0129
124.226,3.9968,9.3640,4.0121
124.235,3.9968,9.3640,4.0121
124.243,3.9968,9.3640,4.0113
124.251,3.9968,9.3640,4.0113
124.260,3.9968,9.3640,4.0113
124.268,3.9968,9.3640,4.0105
124.277,3.9968,9.3640,4.0105
124.287,3.9968,9.3640,4.0097
124.296,3.9968,9.3640,4.0097
124.305,3.9968,9.3640,4.0089
124.314,3.9968,9.3640,4.0089
124.323,3.9968,9.3640,4.0082
124.333,3.9968,9.3640,4.0082
124.341,3.9968,9.3640,4.0082
124.349,3.9968,9.3640,4.0074
124.358,3.9968,9.3640,4.0074
124.366,3.9968,9.3640,4.0066
124.375,3.9968,9.3640,4.0066
124.382,3.9968,9.3640,4.0058
124.393,3.9968,9.3640,4.0058
124.400,3.9968,9.3640,4.0058
124.407,3.9968,9.3640,4.0051
124.415,3.9968,9.3640,4.0051
124.423,3.9968,9.3640,4.0043
124.431,3.9968,9.3640,4.0043
124.439,3.9968,9.3640,4.0043
124.446,3.9968,9.3640,4.0036
124.454,3.9968,9.3640,4.0036
124.460,3.9968,9.3640,4.0036
124.467,3.9968,9.3640,4.0030
124.476,3.9968,9.3640,4.0030
124.483,3.9968,9.3640,4.0025
124.491,3.9968,9.3640,4.0025
124.498,3.9968,9.3640,4.0025
124.507,3.9968,9.3640,4.0022
124.515,3.9968,9.3640,4.0022
124.522,3.9968,9.3640,4.0022
124.530,3.9968,9.3640,4.0022
124.538,3.9968,9.3640,4.0022
124.545,3.9968,9.3640,4.0022
124.553,3.9968,9.3640,4.0022
124.561,3.9968,9.3640,4.0022
124.568,3.9968,9.3640,4.0022
124.577,3.9968,9.3640,4.0022
124.584,3.9968,9.3640,4.0022
124.592,3.9968,9.3640,4.0022
124.599,3.9968,9.3640,4.0022
124.606,3.9968,9.3640,4.0022
124.613,3.9968,9.3640,4.0022
124.620,3.9968,9.3640,4.0022
124.628,3.9968,9.3640,4.0022
124.634,3.9968,9.3640,4.0022
124.643,3.9968,9.3640,4.0022
124.650,3.9968,9.3640,4.0022
124.660,3.9968,9.3640,4.0022
124.667,3.9968,9.3640,4.0022
124.676,3.9968,9.3640,4.0022
124.684,3.9968,9.3639,4.0022
124.693,3.9968,9.3639,4.0022
124.700,3.9968,9.3639,4.0022
124.708,3.9968,9.3639,4.0022
124.718,3.9968,9.3639,4.0022
124.728,3.9968,9.3638,4.0022
124.738,3.9968,9.3638,4.0022
124.745,3.9968,9.3637,4.0022
124.756,3.9968,9.3637,4.0022
124.763,3.9968,9.3634,4.0022
124.773,3.9968,9.3634,4.0022
124.780,3.9968,9.3634,4.0022
124.789,3.9968,9.3631,4.0022
124.798,3.9968,9.3631,4.0022
124.807,3.9968,9.3628,4.0022
124.816,3.9968,9.3628,4.0022
124.824,3.9968,9.3619,4.0022
124.833,3.9968,9.3619,4.0022
124.841,3.9968,9.3619,4.0022
124.849,3.9968,9.3611,4.0022
124.857,3.9968,9.3611,4.0022
124.865,3.9968,9.3601,4.0022
124.874,3.9968,9.3601,4.0022
124.882,3.9968,9.3601,4.0022
124.889,3.9968,9.3580,4.0022
124.897,3.9968,9.3580,4.0022
124.905,3.9968,9.3559,4.0022
124.915,3.9968,9.3559,4.0022
124.924,3.9968,9.3537,4.0022
124.933,3.9968,9.3537,4.0022
124.941,3.9968,9.3537,4.0022
124.949,3.9968,9.3514,4.0022
124.960,3.9968,9.3514,4.0022
124.969,3.9968,9.3491,4.0022
124.978,3.9968,9.3491,4.0022
124.988,3.9968,9.3468,4.0022
124.997,3.9968,9.3468,4.0022
125.005,3.9968,9.3445,4.0022
125.014,3.9968,9.3445,4.0022
125.023,3.9968,9.3422,4.0022
125.032,3.9968,9.3422,4.0022
125.039,3.9968,9.3422,4.0022
125.047,3.9968,9.3399,4.0022
125.057,3.9968,9.3399,4.0022
125.064,3.9968,9.3376,4.0022
125.074,3.9968,9.3376,4.0022
125.080,3.9968,9.3376,4.0022
125.088,3.9968,9.3353,4.0022
125.098,3.9968,9.3353,4.0022
125.106,3.9968,9.3329,4.0022
125.116,3.9968,9.3329,4.0022
125.125,3.9968,9.3306,4.0022
125.133,3.9968,9.3306,4.0022
125.143,3.9968,9.3283,4.0022
125.152,3.9968,9.3283,4.0022
125.160,3.9968,9.3283,4.0022
125.168,3.9968,9.3259,4.0022
125.178,3.9968,9.3259,4.0022
125.186,3.9968,9.3236,4.0022
125.195,3.9968,9.3236,4.0022
125.203,3.9968,9.3212,4.0022
125.212,3.9968,9.3212,4.0022
125.220,3.9968,9.3212,4.0022
125.228,3.9968,9.3188,4.0022
125.238,3.9968,9.3188,4.0022
125.245,3.9968,9.3164,4.0022
125.255,3.9968,9.3164,4.0022
125.263,3.9968,9.3140,4.0022
125.274,3.9968,9.3140,4.0022
125.282,3.9968,9.3116,4.0022
125.292,3.9968,9.3116,4.0022
125.299,3.9968,9.3116,4.0022
125.307,3.9968,9.3092,4.0022
125.317,3.9968,9.3092,4.0022
125.325,3.9968,9.3067,4.0022
125.335,3.9968,9.3067,4.0022
125.343,3.9968,9.3043,4.0022
125.353,3.9968,9.3043,4.0022
125.362,3.9968,9.3018,4.0022
125.372,3.9968,9.3018,4.0022
125.380,3.9968,9.3018,4.0022
125.388,3.9968,9.2994,4.0022
125.398,3.9968,9.2994,4.0022
125.406,3.9968,9.2969,4.0022
125.416,3.9968,9.2969,4.0022
125.424,3.9968,9.2945,4.0022
125.433,3.9968,9.2945,4.0022
125.441,3.9968,9.2945,4.0022
125.449,3.9968,9.2920,4.0022
125.460,3.9968,9.2920,4.0022
125.467,3.9968,9.2896,4.0022
125.478,3.9968,9.2896,4.0022
125.485,3.9968,9.2871,4.0022
125.494,3.9968,9.2871,4.0022
125.502,3.9968,9.2847,4.0022
125.511,3.9968,9.2847,4.0022
125.520,3.9968,9.2847,4.0022
125.527,3.9968,9.2822,4.0022
125.537,3.9968,9.2822,4.0022
125.545,3.9968,9.2797,4.0022
125.555,3.9968,9.2797,4.0022
125.562,3.9968,9.2773,4.0022
125.573,3.9968,9.2773,4.0022
125.580,3.9968,9.2773,4.0022
125.590,3.9968,9.2748,4.0022
125.599,3.9968,9.2748,4.0022
125.607,3.9968,9.2723,4.0022
125.616,3.9968,9.2723,4.0022
125.624,3.9968,9.2699,4.0022
125.633,3.9968,9.2699,4.0022
125.640,3.9968,9.2699,4.0022
125.647,3.9968,9.2674,4.0022
125.657,3.9968,9.2674,4.0022
125.672,3.9968,9.2650,4.0022
125.682,3.9968,9.2625,4.0022
125.691,3.9968,9.2625,4.0022
125.698,3.9968,9.2625,4.0022
125.705,3.9968,9.2600,4.0022
125.714,3.9968,9.2600,4.0022
125.722,3.9968,9.2576,4.0022
125.730,3.9968,9.2576,4.0022
125.737,3.9968,9.2576,4.0022
125.745,3.9968,9.2551,4.0022
125.755,3.9968,9.2551,4.0022
125.763,3.9968,9.2526,4.0022
125.772,3.9968,9.2526,4.0022
125.779,3.9968,9.2526,4.0022
125.787,3.9968,9.2502,4.0022
125.795,3.9968,9.2502,4.0022
125.801,3.9968,9.2502,4.0022
125.808,3.9968,9.2477,4.0022
125.817,3.9968,9.2477,4.0022
125.824,3.9968,9.2452,4.0022
125.832,3.9968,9.2452,4.0022
125.840,3.9968,9.2452,4.0022
125.847,3.9968,9.2428,4.0022
125.856,3.9968,9.2428,4.0022
125.863,3.9968,9.2403,4.0022
125.872,3.9968,9.2403,4.0022
125.879,3.9968,9.2403,4.0022
125.886,3.9968,9.2379,4.0022
125.896,3.9968,9.2379,4.0022
125.903,3.9968,9.2354,4.0022
125.911,3.9968,9.2354,4.0022
125.919,3.9968,9.2354,4.0022
125.928,3.9968,9.2329,4.0022
125.935,3.9968,9.2329,4.0022
125.942,3.9968,9.2305,4.0022
125.950,3.9968,9.2305,4.0022
125.959,3.9968,9.2305,4.0022
125.965,3.9968,9.2280,4.0022
125.974,3.9968,9.2280,4.0022
125.980,3.9968,9.2280,4.0022
125.988,3.9968,9.2256,4.0022
125.996,3.9968,9.2256,4.0022
126.003,3.9968,9.2231,4.0022
126.012,3.9968,9.2231,4.0022
126.021,3.9968,9.2231,4.0022
126.028,3.9968,9.2207,4.0022
126.036,3.9968,9.2207,4.0022
126.043,3.9968,9.2182,4.0022
126.052,3.9968,9.2182,4.0022
126.059,3.9968,9.2182,4.0022
126.066,3.9968,9.2158,4.0022
126.074,3.9968,9.2158,4.0022
126.081,3.9968,9.2158,4.0022
126.089,3.9968,9.2133,4.0022
126.096,3.9968,9.2133,4.0022
126.104,3.9968,9.2109,4.0022
126.112,3.9968,9.2109,4.0022
126.122,3.9968,9.2109,4.0022
126.128,3.9968,9.2084,4.0022
126.137,3.9968,9.2084,4.0022
126.144,3.9968,9.2060,4.0022
126.153,3.9968,9.2060,4.0022
126.161,3.9968,9.2060,4.0022
126.168,3.9968,9.2035,4.0022
126.176,3.9968,9.2035,4.0022
126.184,3.9968,9.2011,4.0022
126.193,3.9968,9.2011,4.0022
126.200,3.9968,9.2011,4.0022
126.207,3.9968,9.1986,4.0022
126.216,3.9968,9.1986,4.0022
126.224,3.9968,9.1962,4.0022
126.233,3.9968,9.1962,4.0022
126.240,3.9968,9.1962,4.0022
126.248,3.9968,9.1937,4.0022
126.257,3.9968,9.1937,4.0022
126.265,3.9968,9.1913,4.0022
126.273,3.9968,9.1913,4.0022
126.280,3.9968,9.1913,4.0022
126.288,3.9968,9.1888,4.0022
126.297,3.9968,9.1888,4.0022
126.304,3.9968,9.1864,4.0022
126.313,3.9968,9.1864,4.0022
126.323,3.9968,9.1840,4.0022
126.332,3.9968,9.1840,4.0022
126.340,3.9968,9.1840,4.0022
126.347,3.9968,9.1815,4.0022
126.357,3.9968,9.1815,4.0022
126.364,3.9968,9.1791,4.0022
126.374,3.9968,9.1791,4.0022
126.381,3.9968,9.1791,4.0022
126.390,3.9968,9.1766,4.0022
126.399,3.9968,9.1766,4.0022
126.408,3.9968,9.1742,4.0022
126.418,3.9968,9.1742,4.0022
126.426,3.9968,9.1718,4.0022
126.436,3.9968,9.1718,4.0022
126.444,3.9968,9.1694,4.0022
126.453,3.9968,9.1694,4.0022
126.461,3.9968,9.1694,4.0022
126.469,3.9968,9.1669,4.0022
126.479,3.9968,9.1669,4.0022
126.488,3.9968,9.1645,4.0022
126.498,3.9968,9.1645,4.0022
126.507,3.9968,9.1622,4.0022
126.516,3.9968,9.1622,4.0022
126.526,3.9968,9.1598,4.0022
126.534,3.9968,9.1598,4.0022
126.542,3.9968,9.1574,4.0022
126.551,3.9968,9.1574,4.0022
126.560,3.9968,9.1574,4.0022
126.569,3.9968,9.1551,4.0022
126.578,3.9968,9.1551,4.0022
126.587,3.9968,9.1528,4.0022
126.596,3.9968,9.1528,4.0022
126.605,3.9968,9.1505,4.0022
126.613,3.9968,9.1505,4.0022
126.622,3.9968,9.1482,4.0022
126.631,3.9968,9.1482,4.0022
126.640,3.9968,9.1482,4.0022
126.649,3.9968,9.1459,4.0022
126.658,3.9968,9.1459,4.0022
126.665,3.9968,9.1436,4.0022
126.674,3.9968,9.1436,4.0022
126.683,3.9968,9.1413,4.0022
126.693,3.9968,9.1413,4.0022
126.700,3.9968,9.1413,4.0022
126.709,3.9968,9.1390,4.0022
126.718,3.9968,9.1390,4.0022
126.727,3.9968,9.1366,4.0022
126.736,3.9968,9.1366,4.0022
126.745,3.9968,9.1343,4.0022
126.756,3.9968,9.1343,4.0022
126.764,3.9968,9.1320,4.0022
126.774,3.9968,9.1320,4.0022
126.782,3.9968,9.1296,4.0022
126.792,3.9968,9.1296,4.0022
126.798,3.9968,9.1296,4.0022
126.807,3.9968,9.1273,4.0022
126.815,3.9968,9.1273,4.0022
126.824,3.9968,9.1250,4.0022
126.832,3.9968,9.1250,4.0022
126.841,3.9968,9.1250,4.0022
126.849,3.9968,9.1226,4.0022
126.858,3.9968,9.1226,4.0022
126.867,3.9968,9.1203,4.0022
126.876,3.9968,9.1203,4.0022
126.885,3.9968,9.1179,4.0022
126.894,3.9968,9.1179,4.0022
126.902,3.9968,9.1179,4.0022
126.909,3.9968,9.1155,4.0022
126.919,3.9968,9.1155,4.0022
126.927,3.9968,9.1131,4.0022
126.935,3.9968,9.1131,4.0022
126.944,3.9968,9.1107,4.0022
126.952,3.9968,9.1107,4.0022
126.961,3.9968,9.1107,4.0022
126.969,3.9968,9.1083,4.0022
126.979,3.9968,9.1083,4.0022
126.987,3.9968,9.1059,4.0022
126.996,3.9968,9.1059,4.0022
127.002,3.9968,9.1035,4.0022
127.013,3.9968,9.1035,4.0022
127.020,3.9968,9.1035,4.0022
127.029,3.9968,9.1010,4.0022
127.036,3.9968,9.1010,4.0022
127.045,3.9968,9.0986,4.0022
127.054,3.9968,9.0986,4.0022
127.061,3.9968,9.0986,4.0022
127.068,3.9968,9.0961,4.0022
127.078,3.9968,9.0961,4.0022
127.085,3.9968,9.0937,4.0022
127.094,3.9968,9.0937,4.0022
127.100,3.9968,9.0937,4.0022
127.109,3.9968,9.0912,4.0022
127.118,3.9968,9.0912,4.0022
127.126,3.9968,9.0888,4.0022
127.134,3.9968,9.0888,4.0022
127.145,3.9968,9.0863,4.0022
127.154,3.9968,9.0863,4.0022
127.163,3.9968,9.0838,4.0022
127.172,3.9968,9.0838,4.0022
127.179,3.9968,9.0838,4.0022
127.186,3.9968,9.0814,4.0022
127.195,3.9968,9.0814,4.0022
127.201,3.9968,9.0814,4.0022
127.208,3.9968,9.0789,4.0022
127.216,3.9968,9.0789,4.0022
127.224,3.9968,9.0765,4.0022
127.232,3.9968,9.0765,4.0022
127.240,3.9968,9.0765,4.0022
127.247,3.9968,9.0740,4.0022
127.256,3.9968,9.0740,4.0022
127.263,3.9968,9.0716,4.0022
127.271,3.9968,9.0716,4.0022
127.279,3.9968,9.0716,4.0022
127.286,3.9968,9.0692,4.0022
127.295,3.9968,9.0692,4.0022
127.302,3.9968,9.0692,4.0022
127.309,3.9968,9.0668,4.0022
127.317,3.9968,9.0668,4.0022
127.325,3.9968,9.0644,4.0022
127.332,3.9968,9.0644,4.0022
127.340,3.9968,9.0644,4.0022
127.346,3.9968,9.0619,4.0022
127.355,3.9968,9.0619,4.0022
127.361,3.9968,9.0619,4.0022
127.369,3.9968,9.0595,4.0022
127.378,3.9968,9.0595,4.0022
127.385,3.9968,9.0571,4.0022
127.393,3.9968,9.0571,4.0022
127.399,3.9968,9.0571,4.0022
127.408,3.9968,9.0547,4.0022
127.417,3.9968,9.0547,4.0022
127.424,3.9968,9.0523,4.0022
127.433,3.9968,9.0523,4.0022
127.440,3.9968,9.0523,4.0022
127.447,3.9968,9.0499,4.0022
127.456,3.9968,9.0499,4.0022
127.463,3.9968,9.0475,4.0022
127.471,3.9968,9.0475,4.0022
127.479,3.9968,9.0475,4.0022
127.485,3.9968,9.0451,4.0022
127.494,3.9968,9.0451,4.0022
127.501,3.9968,9.0451,4.0022
127.507,3.9968,9.0426,4.0022
127.515,3.9968,9.0426,4.0022
127.523,3.9968,9.0402,4.0022
127.532,3.9968,9.0402,4.0022
127.538,3.9968,9.0402,4.0022
127.545,3.9968,9.0378,4.0022
127.553,3.9968,9.0378,4.0022
127.561,3.9968,9.0378,4.0022
127.567,3.9968,9.0354,4.0022
127.576,3.9968,9.0354,4.0022
127.582,3.9968,9.0330,4.0022
127.592,3.9968,9.0330,4.0022
127.598,3.9968,9.0330,4.0022
127.606,3.9968,9.0305,4.0022
127.614,3.9968,9.0305,4.0022
127.622,3.9968,9.0281,4.0022
127.629,3.9968,9.0281,4.0022
127.637,3.9968,9.0281,4.0022
127.643,3.9968,9.0257,4.0022
127.653,3.9968,9.0257,4.0022
127.661,3.9968,9.0257,4.0022
127.668,3.9968,9.0233,4.0022
127.677,3.9968,9.0233,4.0022
127.686,3.9968,9.0208,4.0022
127.694,3.9968,9.0208,4.0022
127.702,3.9968,9.0184,4.0022
127.710,3.9968,9.0184,4.0022
127.719,3.9968,9.0184,4.0022
127.726,3.9968,9.0160,4.0022
127.734,3.9968,9.0160,4.0022
127.742,3.9968,9.0136,4.0022
127.751,3.9968,9.0136,4.0022
127.758,3.9968,9.0136,4.0022
127.767,3.9968,9.0111,4.0022
127.777,3.9968,9.0111,4.0022
127.784,3.9968,9.0087,4.0022
127.794,3.9968,9.0087,4.0022
127.800,3.9968,9.0087,4.0022
127.808,3.9968,9.0063,4.0022
127.817,3.9968,9.0063,4.0022
127.826,3.9968,9.0039,4.0022
127.834,3.9968,9.0039,4.0022
127.841,3.9968,9.0039,4.0022
127.848,3.9968,9.0015,4.0022
127.866,3.9968,8.9991,4.0022
127.875,3.9968,8.9991,4.0022
127.883,3.9968,8.9967,4.0022
127.893,3.9968,8.9967,4.0022
127.901,3.9968,8.9967,4.0022
127.909,3.9968,8.9943,4.0022
127.918,3.9968,8.9943,4.0022
127.927,3.9968,8.9919,4.0022
127.935,3.9968,8.9919,4.0022
127.943,3.9968,8.9895,4.0022
127.952,3.9968,8.9895,4.0022
127.959,3.9968,8.9895,4.0022
127.968,3.9968,8.9871,4.0022
127.977,3.9968,8.9871,4.0022
127.985,3.9968,8.9847,4.0022
127.995,3.9968,8.9847,4.0022
128.003,3.9968,8.9823,4.0022
128.012,3.9968,8.9823,4.0022
128.019,3.9968,8.9823,4.0022
128.027,3.9968,8.9799,4.0022
128.035,3.9968,8.9799,4.0022
128.044,3.9968,8.9775,4.0022
128.053,3.9968,8.9775,4.0022
128.061,3.9968,8.9775,4.0022
128.068,3.9968,8.9751,4.0022
128.078,3.9968,8.9751,4.0022
128.084,3.9968,8.9727,4.0022
128.094,3.9968,8.9727,4.0022
128.101,3.9968,8.9727,4.0022
128.109,3.9968,8.9703,4.0022
128.117,3.9968,8.9703,4.0022
128.126,3.9968,8.9679,4.0022
128.134,3.9968,8.9679,4.0022
128.142,3.9968,8.9655,4.0022
128.151,3.9968,8.9655,4.0022
128.160,3.9968,8.9655,4.0022
128.167,3.9968,8.9631,4.0022
128.175,3.9968,8.9631,4.0022
128.182,3.9968,8.9607,4.0022
128.191,3.9968,8.9607,4.0022
128.198,3.9968,8.9607,4.0022
128.205,3.9968,8.9583,4.0022
128.213,3.9968,8.9583,4.0022
128.220,3.9968,8.9583,4.0022
128.227,3.9968,8.9559,4.0022
128.236,3.9968,8.9559,4.0022
128.243,3.9968,8.9535,4.0022
128.252,3.9968,8.9535,4.0022
128.260,3.9968,8.9535,4.0022
128.266,3.9968,8.9511,4.0022
128.274,3.9968,8.9511,4.0022
128.281,3.9968,8.9511,4.0022
128.288,3.9968,8.9487,4.0022
128.297,3.9968,8.9487,4.0022
128.303,3.9968,8.9463,4.0022
128.312,3.9968,8.9463,4.0022
128.319,3.9968,8.9463,4.0022
128.326,3.9968,8.9439,4.0022
128.333,3.9968,8.9439,4.0022
128.341,3.9968,8.9439,4.0022
128.347,3.9968,8.9415,4.0022
128.355,3.9968,8.9415,4.0022
128.362,3.9968,8.9391,4.0022
128.370,3.9968,8.9391,4.0022
128.377,3.9968,8.9391,4.0022
128.385,3.9968,8.9367,4.0022
128.393,3.9968,8.9367,4.0022
128.399,3.9968,8.9367,4.0022
128.407,3.9968,8.9343,4.0022
128.414,3.9968,8.9343,4.0022
128.422,3.9968,8.9319,4.0022
128.430,3.9968,8.9319,4.0022
128.439,3.9968,8.9319,4.0022
128.445,3.9968,8.9295,4.0022
128.455,3.9968,8.9295,4.0022
128.461,3.9968,8.9295,4.0022
128.469,3.9968,8.9270,4.0022
128.477,3.9968,8.9270,4.0022
128.484,3.9968,8.9246,4.0022
128.492,3.9968,8.9246,4.0022
128.499,3.9968,8.9246,4.0022
128.506,3.9968,8.9222,4.0022
128.515,3.9968,8.9222,4.0022
128.523,3.9968,8.9198,4.0022
128.532,3.9968,8.9198,4.0022
128.538,3.9968,8.9198,4.0022
128.546,3.9968,8.9174,4.0022
128.554,3.9968,8.9174,4.0022
128.562,3.9968,8.9150,4.0022
128.569,3.9968,8.9150,4.0022
128.577,3.9968,8.9150,4.0022
128.583,3.9968,8.9126,4.0022
128.592,3.9968,8.9126,4.0022
128.598,3.9968,8.9126,4.0022
128.605,3.9968,8.9102,4.0022
128.613,3.9968,8.9102,4.0022
128.620,3.9968,8.9102,4.0022
128.627,3.9968,8.9078,4.0022
128.633,3.9968,8.9078,4.0022
128.640,3.9968,8.9078,4.0022
128.647,3.9968,8.9054,4.0022
128.656,3.9968,8.9054,4.0022
128.663,3.9968,8.9030,4.0022
128.671,3.9968,8.9030,4.0022
128.678,3.9968,8.9030,4.0022
128.685,3.9968,8.9006,4.0022
128.693,3.9968,8.9006,4.0022
128.700,3.9968,8.9006,4.0022
128.707,3.9968,8.8982,4.0022
128.715,3.9968,8.8982,4.0022
128.722,3.9968,8.8982,4.0022
128.728,3.9968,8.8958,4.0022
128.737,3.9968,8.8958,4.0022
128.743,3.9968,8.8934,4.0022
128.751,3.9968,8.8934,4.0022
128.758,3.9968,8.8934,4.0022
128.765,3.9968,8.8910,4.0022
128.773,3.9968,8.8910,4.0022
128.780,3.9968,8.8910,4.0022
128.788,3.9968,8.8886,4.0022
128.796,3.9968,8.8886,4.0022
128.803,3.9968,8.8862,4.0022
128.811,3.9968,8.8862,4.0022
128.818,3.9968,8.8862,4.0022
128.826,3.9968,8.8838,4.0022
128.835,3.9968,8.8838,4.0022
128.842,3.9968,8.8814,4.0022
128.851,3.9968,8.8814,4.0022
128.858,3.9968,8.8814,4.0022
128.864,3.9968,8.8790,4.0022
128.872,3.9968,8.8790,4.0022
128.879,3.9968,8.8790,4.0022
128.887,3.9968,8.8766,4.0022
128.895,3.9968,8.8766,4.0022
128.902,3.9968,8.8742,4.0022
128.911,3.9968,8.8742,4.0022
128.918,3.9968,8.8742,4.0022
128.926,3.9968,8.8718,4.0022
128.935,3.9968,8.8718,4.0022
128.943,3.9968,8.8694,4.0022
128.952,3.9968,8.8694,4.0022
128.960,3.9968,8.8694,4.0022
128.967,3.9968,8.8670,4.0022
128.977,3.9968,8.8670,4.0022
128.986,3.9968,8.8646,4.0022
128.994,3.9968,8.8646,4.0022
129.001,3.9968,8.8646,4.0022
129.009,3.9968,8.8622,4.0022
129.018,3.9968,8.8622,4.0022
129.026,3.9968,8.8598,4.0022
129.035,3.9968,8.8598,4.0022
129.042,3.9968,8.8574,4.0022
129.051,3.9968,8.8574,4.0022
129.058,3.9968,8.8574,4.0022
129.066,3.9968,8.8550,4.0022
129.076,3.9968,8.8550,4.0022
129.083,3.9968,8.8525,4.0022
129.092,3.9968,8.8525,4.0022
129.099,3.9968,8.8525,4.0022
129.107,3.9968,8.8501,4.0022
129.116,3.9968,8.8501,4.0022
129.124,3.9968,8.8477,4.0022
129.133,3.9968,8.8477,4.0022
129.141,3.9968,8.8477,4.0022
129.152,3.9968,8.8453,4.0022
129.162,3.9968,8.8429,4.0022
129.171,3.9968,8.8429,4.0022
129.179,3.9968,8.8429,4.0022
129.187,3.9968,8.8405,4.0022
129.197,3.9968,8.8405,4.0022
129.204,3.9968,8.8381,4.0022
129.213,3.9968,8.8381,4.0022
129.221,3.9968,8.8381,4.0022
129.229,3.9968,8.8357,4.0022
129.237,3.9968,8.8357,4.0022
129.244,3.9968,8.8333,4.0022
129.254,3.9968,8.8333,4.0022
129.262,3.9968,8.8308,4.0022
129.271,3.9968,8.8308,4.0022
129.278,3.9968,8.8308,4.0022
129.287,3.9968,8.8284,4.0022
129.296,3.9968,8.8284,4.0022
129.303,3.9968,8.8260,4.0022
129.312,3.9968,8.8260,4.0022
129.321,3.9968,8.8260,4.0022
129.328,3.9968,8.8236,4.0022
129.337,3.9968,8.8236,4.0022
129.344,3.9968,8.8212,4.0022
129.353,3.9968,8.8212,4.0022
129.361,3.9968,8.8212,4.0022
129.368,3.9968,8.8188,4.0022
129.378,3.9968,8.8188,4.0022
129.385,3.9968,8.8163,4.0022
129.395,3.9968,8.8163,4.0022
129.401,3.9968,8.8163,4.0022
129.409,3.9968,8.8139,4.0022
129.417,3.9968,8.8139,4.0022
129.425,3.9968,8.8115,4.0022
129.433,3.9968,8.8115,4.0022
129.441,3.9968,8.8115,4.0022
129.447,3.9968,8.8091,4.0022
129.455,3.9968,8.8091,4.0022
129.462,3.9968,8.8066,4.0022
129.470,3.9968,8.8066,4.0022
129.478,3.9968,8.8066,4.0022
129.486,3.9968,8.8042,4.0022
129.495,3.9968,8.8042,4.0022
129.501,3.9968,8.8042,4.0022
129.508,3.9968,8.8018,4.0022
129.515,3.9968,8.8018,4.0022
129.523,3.9968,8.7994,4.0022
129.530,3.9968,8.7994,4.0022
129.538,3.9968,8.7994,4.0022
129.544,3.9968,8.7970,4.0022
129.552,3.9968,8.7970,4.0022
129.559,3.9968,8.7970,4.0022
129.566,3.9968,8.7946,4.0022
129.575,3.9968,8.7946,4.0022
129.581,3.9968,8.7946,4.0022
129.588,3.9968,8.7922,4.0022
129.595,3.9968,8.7922,4.0022
129.602,3.9968,8.7898,4.0022
129.611,3.9968,8.7898,4.0022
129.618,3.9968,8.7898,4.0022
129.624,3.9968,8.7874,4.0022
129.632,3.9968,8.7874,4.0022
129.638,3.9968,8.7874,4.0022
129.645,3.9968,8.7850,4.0022
129.654,3.9968,8.7850,4.0022
129.660,3.9968,8.7850,4.0022
129.667,3.9968,8.7825,4.0022
129.676,3.9968,8.7825,4.0022
129.683,3.9968,8.7801,4.0022
129.692,3.9968,8.7801,4.0022
129.699,3.9968,8.7801,4.0022
129.706,3.9968,8.7777,4.0022
129.714,3.9968,8.7777,4.0022
129.721,3.9968,8.7777,4.0022
129.727,3.9968,8.7753,4.0022
129.736,3.9968,8.7753,4.0022
129.742,3.9968,8.7729,4.0022
129.750,3.9968,8.7729,4.0022
129.757,3.9968,8.7729,4.0022
129.763,3.9968,8.7705,4.0022
129.771,3.9968,8.7705,4.0022
129.777,3.9968,8.7705,4.0022
129.785,3.9968,8.7680,4.0022
129.793,3.9968,8.7680,4.0022
129.800,3.9968,8.7680,4.0022
129.806,3.9968,8.7656,4.0022
129.815,3.9968,8.7656,4.0022
129.822,3.9968,8.7632,4.0022
129.830,3.9968,8.7632,4.0022
129.836,3.9968,8.7632,4.0022
129.843,3.9968,8.7608,4.0022
129.851,3.9968,8.7608,4.0022
129.859,3.9968,8.7608,4.0022
129.865,3.9968,8.7583,4.0022
129.873,3.9968,8.7583,4.0022
129.880,3.9968,8.7583,4.0022
129.887,3.9968,8.7559,4.0022
129.895,3.9968,8.7559,4.0022
129.901,3.9968,8.7559,4.0022
129.909,3.9968,8.7535,4.0022
129.916,3.9968,8.7535,4.0022
129.925,3.9968,8.7511,4.0022
129.932,3.9968,8.7511,4.0022
129.940,3.9968,8.7511,4.0022
129.946,3.9968,8.7487,4.0022
129.956,3.9968,8.7487,4.0022
129.961,3.9968,8.7487,4.0022
129.976,3.9968,8.7463,4.0022
129.985,3.9968,8.7439,4.0022
129.993,3.9968,8.7439,4.0022
130.000,3.9968,8.7439,4.0022
130.007,3.9968,8.7416,4.0022
130.014,3.9968,8.7416,4.0022
130.021,3.9968,8.7416,4.0022
130.028,3.9968,8.7392,4.0022
130.036,3.9968,8.7392,4.0022
130.043,3.9968,8.7368,4.0022
130.052,3.9968,8.7368,4.0022
130.059,3.9968,8.7368,4.0022
130.066,3.9968,8.7344,4.0022
130.075,3.9968,8.7344,4.0022
130.083,3.9968,8.7320,4.0022
130.091,3.9968,8.7320,4.0022
130.099,3.9968,8.7320,4.0022
130.105,3.9968,8.7296,4.0022
130.114,3.9968,8.7296,4.0022
130.121,3.9968,8.7296,4.0022
130.129,3.9968,8.7272,4.0022
130.136,3.9968,8.7272,4.0022
130.144,3.9968,8.7248,4.0022
130.152,3.9968,8.7248,4.0022
130.160,3.9968,8.7248,4.0022
130.166,3.9968,8.7224,4.0022
130.175,3.9968,8.7224,4.0022
130.183,3.9968,8.7200,4.0022
130.193,3.9968,8.7200,4.0022
130.200,3.9968,8.7200,4.0022
130.207,3.9968,8.7176,4.0022
130.216,3.9968,8.7176,4.0022
130.223,3.9968,8.7152,4.0022
130.232,3.9968,8.7152,4.0022
130.240,3.9968,8.7152,4.0022
130.247,3.9968,8.7128,4.0022
130.257,3.9968,8.7128,4.0022
130.264,3.9968,8.7104,4.0022
130.274,3.9968,8.7104,4.0022
130.283,3.9968,8.7080,4.0022
130.292,3.9968,8.7080,4.0022
130.299,3.9968,8.7080,4.0022
130.308,3.9968,8.7056,4.0022
130.316,3.9968,8.7056,4.0022
130.324,3.9968,8.7032,4.0022
130.333,3.9968,8.7032,4.0022
130.341,3.9968,8.7032,4.0022
130.348,3.9968,8.7008,4.0022
130.359,3.9968,8.7008,4.0022
130.365,3.9968,8.6984,4.0022
130.375,3.9968,8.6984,4.0022
130.383,3.9968,8.6960,4.0022
130.393,3.9968,8.6960,4.0022
130.399,3.9968,8.6960,4.0022
130.409,3.9968,8.6936,4.0022
130.417,3.9968,8.6936,4.0022
130.425,3.9968,8.6912,4.0022
130.434,3.9968,8.6912,4.0022
130.442,3.9968,8.6888,4.0022
130.451,3.9968,8.6888,4.0022
130.459,3.9968,8.6888,4.0022
130.466,3.9968,8.6864,4.0022
130.475,3.9968,8.6864,4.0022
130.483,3.9968,8.6840,4.0022
130.492,3.9968,8.6840,4.0022
130.500,3.9968,8.6840,4.0022
130.508,3.9968,8.6816,4.0022
130.516,3.9968,8.6816,4.0022
130.524,3.9968,8.6792,4.0022
130.532,3.9968,8.6792,4.0022
130.540,3.9968,8.6792,4.0022
130.548,3.9968,8.6768,4.0022
130.557,3.9968,8.6768,4.0022
130.565,3.9968,8.6745,4.0022
130.573,3.9968,8.6745,4.0022
130.582,3.9968,8.6721,4.0022
130.591,3.9968,8.6721,4.0022
130.599,3.9968,8.6721,4.0022
130.607,3.9968,8.6697,4.0022
130.617,3.9968,8.6697,4.0022
130.625,3.9968,8.6673,4.0022
130.634,3.9968,8.6673,4.0022
130.642,3.9968,8.6649,4.0022
130.650,3.9968,8.6649,4.0022
130.659,3.9968,8.6649,4.0022
130.667,3.9968,8.6625,4.0022
130.676,3.9968,8.6625,4.0022
130.683,3.9968,8.6601,4.0022
130.692,3.9968,8.6601,4.0022
130.698,3.9968,8.6601,4.0022
130.707,3.9968,8.6577,4.0022
130.713,3.9968,8.6577,4.0022
130.722,3.9968,8.6577,4.0022
130.728,3.9968,8.6553,4.0022
130.737,3.9968,8.6553,4.0022
130.744,3.9968,8.6530,4.0022
130.754,3.9968,8.6530,4.0022
130.760,3.9968,8.6530,4.0022
130.767,3.9968,8.6506,4.0022
130.775,3.9968,8.6506,4.0022
130.782,3.9968,8.6482,4.0022
130.790,3.9968,8.6482,4.0022
130.797,3.9968,8.6482,4.0022
130.804,3.9968,8.6458,4.0022
130.811,3.9968,8.6458,4.0022
130.818,3.9968,8.6458,4.0022
130.825,3.9968,8.6435,4.0022
130.833,3.9968,8.6435,4.0022
130.839,3.9968,8.6435,4.0022
130.847,3.9968,8.6411,4.0022
130.855,3.9968,8.6411,4.0022
130.863,3.9968,8.6387,4.0022
130.871,3.9968,8.6387,4.0022
130.878,3.9968,8.6387,4.0022
130.886,3.9968,8.6364,4.0022
130.895,3.9968,8.6364,4.0022
130.901,3.9968,8.6364,4.0022
130.908,3.9968,8.6340,4.0022
130.916,3.9968,8.6340,4.0022
130.924,3.9968,8.6316,4.0022
130.931,3.9968,8.6316,4.0022
130.938,3.9968,8.6316,4.0022
130.945,3.9968,8.6292,4.0022
130.954,3.9968,8.6292,4.0022
130.960,3.9968,8.6292,4.0022
130.967,3.9968,8.6268,4.0022
130.976,3.9968,8.6268,4.0022
130.984,3.9968,8.6245,4.0022
130.992,3.9968,8.6245,4.0022
131.000,3.9968,8.6245,4.0022
131.007,3.9968,8.6221,4.0022
131.015,3.9968,8.6221,4.0022
131.021,3.9968,8.6221,4.0022
131.029,3.9968,8.6197,4.0022
131.036,3.9968,8.6197,4.0022
131.043,3.9968,8.6173,4.0022
131.051,3.9968,8.6173,4.0022
131.058,3.9968,8.6173,4.0022
131.065,3.9968,8.6149,4.0022
131.073,3.9968,8.6149,4.0022
131.080,3.9968,8.6149,4.0022
131.087,3.9968,8.6126,4.0022
131.096,3.9968,8.6126,4.0022
131.102,3.9968,8.6102,4.0022
131.112,3.9968,8.6102,4.0022
131.118,3.9968,8.6102,4.0022
131.126,3.9968,8.6078,4.0022
131.133,3.9968,8.6078,4.0022
131.140,3.9968,8.6078,4.0022
131.147,3.9968,8.6054,4.0022
131.157,3.9968,8.6054,4.0022
131.164,3.9968,8.6031,4.0022
131.172,3.9968,8.6031,4.0022
131.179,3.9968,8.6031,4.0022
131.185,3.9968,8.6007,4.0022
131.194,3.9968,8.6007,4.0022
131.200,3.9968,8.6007,4.0022
131.208,3.9968,8.5983,4.0022
131.216,3.9968,8.5983,4.0022
131.224,3.9968,8.5959,4.0022
131.231,3.9968,8.5959,4.0022
131.239,3.9968,8.5959,4.0022
131.245,3.9968,8.5936,4.0022
131.255,3.9968,8.5936,4.0022
131.261,3.9968,8.5936,4.0022
131.268,3.9968,8.5912,4.0022
131.277,3.9968,8.5912,4.0022
131.284,3.9968,8.5888,4.0022
131.292,3.9968,8.5888,4.0022
131.299,3.9968,8.5888,4.0022
131.306,3.9968,8.5864,4.0022
131.315,3.9968,8.5864,4.0022
131.321,3.9968,8.5864,4.0022
131.329,3.9968,8.5840,4.0022
131.336,3.9968,8.5840,4.0022
131.343,3.9968,8.5816,4.0022
131.350,3.9968,8.5816,4.0022
131.357,3.9968,8.5816,4.0022
131.363,3.9968,8.5792,4.0022
131.371,3.9968,8.5792,4.0022
131.378,3.9968,8.5792,4.0022
131.385,3.9968,8.5768,4.0022
131.395,3.9968,8.5768,4.0022
131.401,3.9968,8.5768,4.0022
131.408,3.9968,8.5745,4.0022
131.415,3.9968,8.5745,4.0022
131.423,3.9968,8.5721,4.0022
131.431,3.9968,8.5721,4.0022
131.439,3.9968,8.5721,4.0022
131.445,3.9968,8.5697,4.0022
131.454,3.9968,8.5697,4.0022
131.462,3.9968,8.5673,4.0022
131.470,3.9968,8.5673,4.0022
131.477,3.9968,8.5673,4.0022
131.485,3.9968,8.5649,4.0022
131.494,3.9968,8.5649,4.0022
131.501,3.9968,8.5649,4.0022
131.508,3.9968,8.5625,4.0022
131.516,3.9968,8.5625,4.0022
131.525,3.9968,8.5601,4.0022
131.532,3.9968,8.5601,4.0022
131.540,3.9968,8.5601,4.0022
131.547,3.9968,8.5577,4.0022
131.556,3.9968,8.5577,4.0022
131.564,3.9968,8.5553,4.0022
131.573,3.9968,8.5553,4.0022
131.581,3.9968,8.5553,4.0022
131.589,3.9968,8.5529,4.0022
131.598,3.9968,8.5529,4.0022
131.606,3.9968,8.5505,4.0022
131.616,3.9968,8.5505,4.0022
131.624,3.9968,8.5481,4.0022
131.632,3.9968,8.5481,4.0022
131.640,3.9968,8.5481,4.0022
131.648,3.9968,8.5457,4.0022
131.658,3.9968,8.5457,4.0022
131.665,3.9968,8.5432,4.0022
131.675,3.9968,8.5432,4.0022
131.682,3.9968,8.5408,4.0022
131.692,3.9968,8.5408,4.0022
131.699,3.9968,8.5408,4.0022
131.707,3.9968,8.5384,4.0022
131.716,3.9968,8.5384,4.0022
131.723,3.9968,8.5360,4.0022
131.732,3.9968,8.5360,4.0022
131.739,3.9968,8.5360,4.0022
131.745,3.9968,8.5336,4.0022
131.754,3.9968,8.5336,4.0022
131.761,3.9968,8.5336,4.0022
131.769,3.9968,8.5312,4.0022
131.777,3.9968,8.5312,4.0022
131.784,3.9968,8.5287,4.0022
131.793,3.9968,8.5287,4.0022
131.800,3.9968,8.5287,4.0022
131.807,3.9968,8.5263,4.0022
131.816,3.9968,8.5263,4.0022
131.823,3.9968,8.5239,4.0022
131.832,3.9968,8.5239,4.0022
131.839,3.9968,8.5239,4.0022
131.846,3.9968,8.5215,4.0022
131.855,3.9968,8.5215,4.0022
131.863,3.9968,8.5191,4.0022
131.870,3.9968,8.5191,4.0022
131.880,3.9968,8.5191,4.0022
131.887,3.9968,8.5167,4.0022
131.896,3.9968,8.5167,4.0022
131.903,3.9968,8.5142,4.0022
131.913,3.9968,8.5142,4.0022
131.921,3.9968,8.5142,4.0022
131.929,3.9968,8.5118,4.0022
131.937,3.9968,8.5118,4.0022
131.945,3.9968,8.5094,4.0022
131.953,3.9968,8.5094,4.0022
131.960,3.9968,8.5094,4.0022
131.966,3.9968,8.5070,4.0022
131.975,3.9968,8.5070,4.0022
131.981,3.9968,8.5070,4.0022
131.989,3.9968,8.5046,4.0022
131.997,3.9968,8.5046,4.0022
132.005,3.9968,8.5021,4.0022
132.013,3.9968,8.5021,4.0022
132.021,3.9968,8.5021,4.0022
132.027,3.9968,8.4997,4.0022
132.035,3.9968,8.4997,4.0022
132.042,3.9968,8.4997,4.0022
132.049,3.9968,8.4973,4.0022
132.058,3.9968,8.4973,4.0022
132.066,3.9968,8.4948,4.0022
132.073,3.9968,8.4948,4.0022
132.082,3.9968,8.4924,4.0022
132.091,3.9968,8.4924,4.0022
132.098,3.9968,8.4924,4.0022
132.106,3.9968,8.4900,4.0022
132.123,3.9968,8.4876,4.0022
132.132,3.9968,8.4876,4.0022
132.139,3.9968,8.4876,4.0022
132.146,3.9968,8.4852,4.0022
132.156,3.9968,8.4852,4.0022
132.163,3.9968,8.4827,4.0022
132.171,3.9968,8.4827,4.0022
132.179,3.9968,8.4827,4.0022
132.187,3.9968,8.4803,4.0022
132.195,3.9968,8.4803,4.0022
132.201,3.9968,8.4803,4.0022
132.210,3.9968,8.4779,4.0022
132.219,3.9968,8.4779,4.0022
132.227,3.9968,8.4755,4.0022
132.236,3.9968,8.4755,4.0022
132.245,3.9968,8.4731,4.0022
132.256,3.9968,8.4731,4.0022
132.265,3.9968,8.4707,4.0022
132.274,3.9968,8.4707,4.0022
132.280,3.9968,8.4707,4.0022
132.288,3.9968,8.4683,4.0022
132.297,3.9968,8.4683,4.0022
132.306,3.9968,8.4659,4.0022
132.313,3.9968,8.4659,4.0022
132.319,3.9968,8.4659,4.0022
132.327,3.9968,8.4635,4.0022
132.335,3.9968,8.4635,4.0022
132.342,3.9968,8.4611,4.0022
132.349,3.9968,8.4611,4.0022
132.358,3.9968,8.4611,4.0022
132.365,3.9968,8.4587,4.0022
132.373,3.9968,8.4587,4.0022
132.379,3.9968,8.4587,4.0022
132.386,3.9968,8.4563,4.0022
132.395,3.9968,8.4563,4.0022
132.400,3.9968,8.4563,4.0022
132.408,3.9968,8.4539,4.0022
132.415,3.9968,8.4539,4.0022
132.423,3.9968,8.4515,4.0022
132.431,3.9968,8.4515,4.0022
132.439,3.9968,8.4515,4.0022
132.445,3.9968,8.4491,4.0022
132.454,3.9968,8.4491,4.0022
132.461,3.9968,8.4491,4.0022
132.468,3.9968,8.4467,4.0022
132.476,3.9968,8.4467,4.0022
132.484,3.9968,8.4443,4.0022
132.492,3.9968,8.4443,4.0022
132.498,3.9968,8.4443,4.0022
132.505,3.9968,8.4419,4.0022
132.513,3.9968,8.4419,4.0022
132.521,3.9968,8.4419,4.0022
132.528,3.9968,8.4395,4.0022
132.536,3.9968,8.4395,4.0022
132.542,3.9968,8.4371,4.0022
132.551,3.9968,8.4371,4.0022
132.558,3.9968,8.4371,4.0022
132.566,3.9968,8.4347,4.0022
132.574,3.9968,8.4347,4.0022
132.581,3.9968,8.4347,4.0022
132.588,3.9968,8.4323,4.0022
132.596,3.9968,8.4323,4.0022
132.602,3.9968,8.4299,4.0022
132.612,3.9968,8.4299,4.0022
132.618,3.9968,8.4299,4.0022
132.626,3.9968,8.4275,4.0022
132.634,3.9968,8.4275,4.0022
132.641,3.9968,8.4275,4.0022
132.647,3.9968,8.4251,4.0022
132.657,3.9968,8.4251,4.0022
132.664,3.9968,8.4227,4.0022
132.673,3.9968,8.4227,4.0022
132.679,3.9968,8.4227,4.0022
132.687,3.9968,8.4203,4.0022
132.695,3.9968,8.4203,4.0022
132.703,3.9968,8.4179,4.0022
132.711,3.9968,8.4179,4.0022
132.719,3.9968,8.4179,4.0022
132.727,3.9968,8.4154,4.0022
132.735,3.9968,8.4154,4.0022
132.742,3.9968,8.4130,4.0022
132.752,3.9968,8.4130,4.0022
132.759,3.9968,8.4130,4.0022
132.767,3.9968,8.4106,4.0022
132.775,3.9968,8.4106,4.0022
132.783,3.9968,8.4082,4.0022
132.793,3.9968,8.4082,4.0022
132.800,3.9968,8.4082,4.0022
132.807,3.9968,8.4057,4.0022
132.816,3.9968,8.4057,4.0022
132.825,3.9968,8.4033,4.0022
132.832,3.9968,8.4033,4.0022
132.840,3.9968,8.4033,4.0022
132.847,3.9968,8.4009,4.0022
132.856,3.9968,8.4009,4.0022
132.863,3.9968,8.3984,4.0022
132.871,3.9968,8.3984,4.0022
132.879,3.9968,8.3984,4.0022
132.886,3.9968,8.3960,4.0022
132.896,3.9968,8.3960,4.0022
132.903,3.9968,8.3936,4.0022
132.913,3.9968,8.3936,4.0022
132.921,3.9968,8.3936,4.0022
132.929,3.9968,8.3911,4.0022
132.937,3.9968,8.3911,4.0022
132.945,3.9968,8.3887,4.0022
132.954,3.9968,8.3887,4.0022
132.961,3.9968,8.3887,4.0022
132.969,3.9968,8.3863,4.0022
132.977,3.9968,8.3863,4.0022
132.985,3.9968,8.3838,4.0022
132.994,3.9968,8.3838,4.0022
133.001,3.9968,8.3838,4.0022
133.008,3.9968,8.3814,4.0022
133.018,3.9968,8.3814,4.0022
133.025,3.9968,8.3790,4.0022
133.034,3.9968,8.3790,4.0022
133.041,3.9968,8.3790,4.0022
133.049,3.9968,8.3765,4.0022
133.058,3.9968,8.3765,4.0022
133.065,3.9968,8.3741,4.0022
133.074,3.9968,8.3741,4.0022
133.081,3.9968,8.3741,4.0022
133.090,3.9968,8.3717,4.0022
133.097,3.9968,8.3717,4.0022
133.104,3.9968,8.3692,4.0022
133.113,3.9968,8.3692,4.0022
133.122,3.9968,8.3692,4.0022
133.128,3.9968,8.3668,4.0022
133.137,3.9968,8.3668,4.0022
133.144,3.9968,8.3644,4.0022
133.153,3.9968,8.3644,4.0022
133.163,3.9968,8.3619,4.0022
133.171,3.9968,8.3619,4.0022
133.178,3.9968,8.3619,4.0022
133.187,3.9968,8.3595,4.0022
133.195,3.9968,8.3595,4.0022
133.203,3.9968,8.3571,4.0022
133.211,3.9968,8.3571,4.0022
133.219,3.9968,8.3571,4.0022
133.226,3.9968,8.3546,4.0022
133.234,3.9968,8.3546,4.0022
133.242,3.9968,8.3546,4.0022
133.249,3.9968,8.3522,4.0022
133.257,3.9968,8.3522,4.0022
133.263,3.9968,8.3498,4.0022
133.271,3.9968,8.3498,4.0022
133.277,3.9968,8.3498,4.0022
133.286,3.9968,8.3474,4.0022
133.294,3.9968,8.3474,4.0022
133.301,3.9968,8.3474,4.0022
133.308,3.9968,8.3449,4.0022
133.317,3.9968,8.3449,4.0022
133.323,3.9968,8.3425,4.0022
133.331,3.9968,8.3425,4.0022
133.338,3.9968,8.3425,4.0022
133.345,3.9968,8.3401,4.0022
133.353,3.9968,8.3401,4.0022
133.361,3.9968,8.3401,4.0022
133.368,3.9968,8.3377,4.0022
133.377,3.9968,8.3377,4.0022
133.383,3.9968,8.3353,4.0022
133.392,3.9968,8.3353,4.0022
133.398,3.9968,8.3353,4.0022
133.404,3.9968,8.3328,4.0022
133.412,3.9968,8.3328,4.0022
133.418,3.9968,8.3328,4.0022
133.426,3.9968,8.3304,4.0022
133.433,3.9968,8.3304,4.0022
133.440,3.9968,8.3304,4.0022
133.446,3.9968,8.3280,4.0022
133.456,3.9968,8.3280,4.0022
133.462,3.9968,8.3256,4.0022
133.471,3.9968,8.3256,4.0022
133.478,3.9968,8.3256,4.0022
133.485,3.9968,8.3231,4.0022
133.493,3.9968,8.3231,4.0022
133.499,3.9968,8.3231,4.0022
133.506,3.9968,8.3207,4.0022
133.514,3.9968,8.3207,4.0022
133.522,3.9968,8.3207,4.0022
133.529,3.9968,8.3183,4.0022
133.536,3.9968,8.3183,4.0022
133.543,3.9968,8.3159,4.0022
133.552,3.9968,8.3159,4.0022
133.559,3.9968,8.3159,4.0022
133.566,3.9968,8.3134,4.0022
133.574,3.9968,8.3134,4.0022
133.581,3.9968,8.3134,4.0022
133.587,3.9968,8.3110,4.0022
133.595,3.9968,8.3110,4.0022
133.602,3.9968,8.3110,4.0022
133.609,3.9968,8.3086,4.0022
133.616,3.9968,8.3086,4.0022
133.625,3.9968,8.3062,4.0022
133.632,3.9968,8.3062,4.0022
133.640,3.9968,8.3062,4.0022
133.647,3.9968,8.3038,4.0022
133.655,3.9968,8.3038,4.0022
133.662,3.9968,8.3014,4.0022
133.672,3.9968,8.3014,4.0022
133.678,3.9968,8.3014,4.0022
133.685,3.9968,8.2990,4.0022
133.694,3.9968,8.2990,4.0022
133.701,3.9968,8.2990,4.0022
133.708,3.9968,8.2966,4.0022
133.715,3.9968,8.2966,4.0022
133.723,3.9968,8.2942,4.0022
133.730,3.9968,8.2942,4.0022
133.737,3.9968,8.2942,4.0022
133.744,3.9968,8.2917,4.0022
133.753,3.9968,8.2917,4.0022
133.760,3.9968,8.2917,4.0022
133.767,3.9968,8.2893,4.0022
133.775,3.9968,8.2893,4.0022
133.782,3.9968,8.2869,4.0022
133.791,3.9968,8.2869,4.0022
133.798,3.9968,8.2869,4.0022
133.804,3.9968,8.2845,4.0022
133.813,3.9968,8.2845,4.0022
133.821,3.9968,8.2845,4.0022
133.829,3.9968,8.2821,4.0022
133.836,3.9968,8.2821,4.0022
133.844,3.9968,8.2796,4.0022
133.852,3.9968,8.2796,4.0022
133.860,3.9968,8.2796,4.0022
133.866,3.9968,8.2772,4.0022
133.875,3.9968,8.2772,4.0022
133.882,3.9968,8.2748,4.0022
133.890,3.9968,8.2748,4.0022
133.896,3.9968,8.2748,4.0022
133.903,3.9968,8.2724,4.0022
133.912,3.9968,8.2724,4.0022
133.918,3.9968,8.2724,4.0022
133.926,3.9968,8.2699,4.0022
133.933,3.9968,8.2699,4.0022
133.940,3.9968,8.2699,4.0022
133.946,3.9968,8.2675,4.0022
133.956,3.9968,8.2675,4.0022
133.963,3.9968,8.2651,4.0022
133.973,3.9968,8.2651,4.0022
133.979,3.9968,8.2651,4.0022
133.988,3.9968,8.2626,4.0022
133.996,3.9968,8.2626,4.0022
134.005,3.9968,8.2602,4.0022
134.012,3.9968,8.2602,4.0022
134.021,3.9968,8.2602,4.0022
134.029,3.9968,8.2578,4.0022
134.038,3.9968,8.2578,4.0022
134.045,3.9968,8.2554,4.0022
134.056,3.9968,8.2554,4.0022
134.063,3.9968,8.2529,4.0022
134.071,3.9968,8.2529,4.0022
134.080,3.9968,8.2529,4.0022
134.088,3.9968,8.2505,4.0022
134.097,3.9968,8.2505,4.0022
134.104,3.9968,8.2481,4.0022
134.114,3.9968,8.2481,4.0022
134.122,3.9968,8.2481,4.0022
134.130,3.9968,8.2457,4.0022
134.139,3.9968,8.2457,4.0022
134.148,3.9968,8.2432,4.0022
134.159,3.9968,8.2432,4.0022
134.166,3.9968,8.2408,4.0022
134.175,3.9968,8.2408,4.0022
134.183,3.9968,8.2384,4.0022
134.192,3.9968,8.2384,4.0022
134.200,3.9968,8.2384,4.0022
134.209,3.9968,8.2360,4.0022
134.218,3.9968,8.2360,4.0022
134.226,3.9968,8.2336,4.0022
134.234,3.9968,8.2336,4.0022
134.243,3.9968,8.2312,4.0022
134.252,3.9968,8.2312,4.0022
134.261,3.9968,8.2312,4.0022
134.277,3.9968,8.2288,4.0022
134.288,3.9968,8.2264,4.0022
134.296,3.9968,8.2264,4.0022
134.304,3.9968,8.2240,4.0022
134.314,3.9968,8.2240,4.0022
134.321,3.9968,8.2240,4.0022
134.329,3.9968,8.2216,4.0022
134.338,3.9968,8.2216,4.0022
134.346,3.9968,8.2192,4.0022
134.358,3.9968,8.2192,4.0022
134.366,3.9968,8.2167,4.0022
134.375,3.9968,8.2167,4.0022
134.383,3.9968,8.2143,4.0022
134.394,3.9968,8.2143,4.0022
134.401,3.9968,8.2143,4.0022
134.409,3.9968,8.2119,4.0022
134.419,3.9968,8.2119,4.0022
134.426,3.9968,8.2095,4.0022
134.435,3.9968,8.2095,4.0022
134.444,3.9968,8.2071,4.0022
134.454,3.9968,8.2071,4.0022
134.461,3.9968,8.2071,4.0022
134.470,3.9968,8.2046,4.0022
134.478,3.9968,8.2046,4.0022
134.486,3.9968,8.2022,4.0022
134.494,3.9968,8.2022,4.0022
134.501,3.9968,8.2022,4.0022
134.508,3.9968,8.1998,4.0022
134.518,3.9968,8.1998,4.0022
134.524,3.9968,8.1974,4.0022
134.532,3.9968,8.1974,4.0022
134.538,3.9968,8.1974,4.0022
134.545,3.9968,8.1950,4.0022
134.554,3.9968,8.1950,4.0022
134.562,3.9968,8.1926,4.0022
134.569,3.9968,8.1926,4.0022
134.576,3.9968,8.1926,4.0022
134.584,3.9968,8.1902,4.0022
134.593,3.9968,8.1902,4.0022
134.601,3.9968,8.1902,4.0022
134.608,3.9968,8.1877,4.0022
134.616,3.9968,8.1877,4.0022
134.623,3.9968,8.1853,4.0022
134.633,3.9968,8.1853,4.0022
134.640,3.9968,8.1853,4.0022
134.647,3.9968,8.1829,4.0022
134.657,3.9968,8.1829,4.0022
134.664,3.9968,8.1805,4.0022
134.672,3.9968,8.1805,4.0022
134.679,3.9968,8.1805,4.0022
134.687,3.9968,8.1781,4.0022
134.695,3.9968,8.1781,4.0022
134.701,3.9968,8.1781,4.0022
134.710,3.9968,8.1757,4.0022
134.718,3.9968,8.1757,4.0022
134.727,3.9968,8.1733,4.0022
134.734,3.9968,8.1733,4.0022
134.742,3.9968,8.1733,4.0022
134.747,3.9968,8.1708,4.0022
134.757,3.9968,8.1708,4.0022
134.764,3.9968,8.1684,4.0022
134.773,3.9968,8.1684,4.0022
134.780,3.9968,8.1684,4.0022
134.788,3.9968,8.1660,4.0022
134.795,3.9968,8.1660,4.0022
134.802,3.9968,8.1636,4.0022
134.811,3.9968,8.1636,4.0022
134.818,3.9968,8.1636,4.0022
134.825,3.9968,8.1612,4.0022
134.833,3.9968,8.1612,4.0022
134.840,3.9968,8.1612,4.0022
134.849,3.9968,8.1588,4.0022
134.857,3.9968,8.1588,4.0022
134.864,3.9968,8.1564,4.0022
134.873,3.9968,8.1564,4.0022
134.881,3.9968,8.1564,4.0022
134.888,3.9968,8.1540,4.0022
134.897,3.9968,8.1540,4.0022
134.904,3.9968,8.1516,4.0022
134.912,3.9968,8.1516,4.0022
134.919,3.9968,8.1516,4.0022
134.927,3.9968,8.1492,4.0022
134.934,3.9968,8.1492,4.0022
134.942,3.9968,8.1492,4.0022
134.949,3.9968,8.1468,4.0022
134.958,3.9968,8.1468,4.0022
134.965,3.9968,8.1444,4.0022
134.973,3.9968,8.1444,4.0022
134.981,3.9968,8.1444,4.0022
134.987,3.9968,8.1420,4.0022
134.996,3.9968,8.1420,4.0022
135.003,3.9968,8.1396,4.0022
135.012,3.9968,8.1396,4.0022
135.019,3.9968,8.1396,4.0022
135.027,3.9968,8.1372,4.0022
135.035,3.9968,8.1372,4.0022
135.042,3.9968,8.1347,4.0022
135.050,3.9968,8.1347,4.0022
135.058,3.9968,8.1347,4.0022
135.064,3.9968,8.1323,4.0022
135.073,3.9968,8.1323,4.0022
135.080,3.9968,8.1323,4.0022
135.088,3.9968,8.1299,4.0022
135.096,3.9968,8.1299,4.0022
135.103,3.9968,8.1275,4.0022
135.111,3.9968,8.1275,4.0022
135.119,3.9968,8.1275,4.0022
135.127,3.9968,8.1251,4.0022
135.135,3.9968,8.1251,4.0022
135.143,3.9968,8.1226,4.0022
135.151,3.9968,8.1226,4.0022
135.159,3.9968,8.1226,4.0022
135.166,3.9968,8.1202,4.0022
135.175,3.9968,8.1202,4.0022
135.181,3.9968,8.1202,4.0022
135.190,3.9968,8.1178,4.0022
135.197,3.9968,8.1178,4.0022
135.205,3.9968,8.1154,4.0022
135.215,3.9968,8.1154,4.0022
135.222,3.9968,8.1130,4.0022
135.230,3.9968,8.1130,4.0022
135.238,3.9968,8.1130,4.0022
135.245,3.9968,8.1106,4.0022
135.255,3.9968,8.1106,4.0022
135.263,3.9968,8.1081,4.0022
135.273,3.9968,8.1081,4.0022
135.280,3.9968,8.1081,4.0022
135.290,3.9968,8.1057,4.0022
135.300,3.9968,8.1057,4.0022
135.307,3.9968,8.1033,4.0022
135.317,3.9968,8.1033,4.0022
135.325,3.9968,8.1009,4.0022
135.334,3.9968,8.1009,4.0022
135.342,3.9968,8.1009,4.0022
135.349,3.9968,8.0985,4.0022
135.358,3.9968,8.0985,4.0022
135.365,3.9968,8.0961,4.0022
135.375,3.9968,8.0961,4.0022
135.383,3.9968,8.0937,4.0022
135.394,3.9968,8.0937,4.0022
135.401,3.9968,8.0937,4.0022
135.409,3.9968,8.0913,4.0022
135.419,3.9968,8.0913,4.0022
135.428,3.9968,8.0888,4.0022
135.438,3.9968,8.0888,4.0022
135.447,3.9968,8.0864,4.0022
135.458,3.9968,8.0864,4.0022
135.465,3.9968,8.0840,4.0022
135.475,3.9968,8.0840,4.0022
135.483,3.9968,8.0816,4.0022
135.493,3.9968,8.0816,4.0022
135.500,3.9968,8.0816,4.0022
135.509,3.9968,8.0791,4.0022
135.518,3.9968,8.0791,4.0022
135.526,3.9968,8.0767,4.0022
135.536,3.9968,8.0767,4.0022
135.543,3.9968,8.0743,4.0022
135.553,3.9968,8.0743,4.0022
135.561,3.9968,8.0743,4.0022
135.569,3.9968,8.0718,4.0022
135.577,3.9968,8.0718,4.0022
135.585,3.9968,8.0694,4.0022
135.594,3.9968,8.0694,4.0022
135.601,3.9968,8.0694,4.0022
135.608,3.9968,8.0670,4.0022
135.618,3.9968,8.0670,4.0022
135.626,3.9968,8.0645,4.0022
135.634,3.9968,8.0645,4.0022
135.643,3.9968,8.0621,4.0022
135.652,3.9968,8.0621,4.0022
135.661,3.9968,8.0621,4.0022
135.668,3.9968,8.0597,4.0022
135.677,3.9968,8.0597,4.0022
135.686,3.9968,8.0572,4.0022
135.697,3.9968,8.0572,4.0022
135.706,3.9968,8.0548,4.0022
135.716,3.9968,8.0548,4.0022
135.725,3.9968,8.0524,4.0022
135.734,3.9968,8.0524,4.0022
135.743,3.9968,8.0499,4.0022
135.753,3.9968,8.0499,4.0022
135.761,3.9968,8.0499,4.0022
135.768,3.9968,8.0475,4.0022
135.777,3.9968,8.0475,4.0022
135.785,3.9968,8.0451,4.0022
135.794,3.9968,8.0451,4.0022
135.801,3.9968,8.0451,4.0022
135.809,3.9968,8.0426,4.0022
135.818,3.9968,8.0426,4.0022
135.826,3.9968,8.0402,4.0022
135.834,3.9968,8.0402,4.0022
135.842,3.9968,8.0402,4.0022
135.849,3.9968,8.0377,4.0022
135.858,3.9968,8.0377,4.0022
135.865,3.9968,8.0353,4.0022
135.874,3.9968,8.0353,4.0022
135.881,3.9968,8.0353,4.0022
135.890,3.9968,8.0329,4.0022
135.899,3.9968,8.0329,4.0022
135.907,3.9968,8.0304,4.0022
135.916,3.9968,8.0304,4.0022
135.923,3.9968,8.0280,4.0022
135.932,3.9968,8.0280,4.0022
135.939,3.9968,8.0280,4.0022
135.946,3.9968,8.0255,4.0022
135.958,3.9968,8.0255,4.0022
135.965,3.9968,8.0231,4.0022
135.976,3.9968,8.0231,4.0022
135.983,3.9968,8.0207,4.0022
135.994,3.9968,8.0207,4.0022
136.001,3.9968,8.0207,4.0022
136.010,3.9968,8.0182,4.0022
136.020,3.9968,8.0182,4.0022
136.028,3.9968,8.0158,4.0022
136.038,3.9968,8.0158,4.0022
136.044,3.9968,8.0134,4.0022
136.054,3.9968,8.0134,4.0022
136.061,3.9968,8.0134,4.0022
136.069,3.9968,8.0110,4.0022
136.077,3.9968,8.0110,4.0022
136.086,3.9968,8.0085,4.0022
136.096,3.9968,8.0085,4.0022
136.103,3.9968,8.0061,4.0022
136.114,3.9968,8.0061,4.0022
136.121,3.9968,8.0061,4.0022
136.129,3.9968,8.0037,4.0022
136.137,3.9968,8.0037,4.0022
136.145,3.9968,8.0013,4.0022
136.153,3.9968,8.0013,4.0022
136.162,3.9968,8.0013,4.0022
136.169,3.9968,7.9988,4.0022
136.179,3.9968,7.9988,4.0022
136.186,3.9968,7.9964,4.0022
136.195,3.9968,7.9964,4.0022
136.202,3.9968,7.9940,4.0022
136.213,3.9968,7.9940,4.0022
136.222,3.9968,7.9916,4.0022
136.232,3.9968,7.9916,4.0022
136.239,3.9968,7.9916,4.0022
136.246,3.9968,7.9891,4.0022
136.258,3.9968,7.9891,4.0022
136.265,3.9968,7.9867,4.0022
136.275,3.9968,7.9867,4.0022
136.283,3.9968,7.9843,4.0022
136.293,3.9968,7.9843,4.0022
136.301,3.9968,7.9843,4.0022
136.310,3.9968,7.9819,4.0022
136.319,3.9968,7.9819,4.0022
136.327,3.9968,7.9794,4.0022
136.335,3.9968,7.9794,4.0022
136.343,3.9968,7.9770,4.0022
136.352,3.9968,7.9770,4.0022
136.360,3.9968,7.9770,4.0022
136.369,3.9968,7.9746,4.0022
136.377,3.9968,7.9746,4.0022
136.385,3.9968,7.9721,4.0022
136.394,3.9968,7.9721,4.0022
136.401,3.9968,7.9721,4.0022
136.408,3.9968,7.9697,4.0022
136.418,3.9968,7.9697,4.0022
136.426,3.9968,7.9673,4.0022
136.437,3.9968,7.9673,4.0022
136.445,3.9968,7.9649,4.0022
136.454,3.9968,7.9649,4.0022
136.461,3.9968,7.9649,4.0022
136.468,3.9968,7.9624,4.0022
136.477,3.9968,7.9624,4.0022
136.485,3.9968,7.9600,4.0022
136.494,3.9968,7.9600,4.0022
136.502,3.9968,7.9600,4.0022
136.510,3.9968,7.9576,4.0022
136.519,3.9968,7.9576,4.0022
136.527,3.9968,7.9551,4.0022
136.536,3.9968,7.9551,4.0022
136.544,3.9968,7.9527,4.0022
136.564,3.9968,7.9503,4.0022
136.575,3.9968,7.9503,4.0022
136.585,3.9968,7.9479,4.0022
136.596,3.9968,7.9479,4.0022
136.604,3.9968,7.9455,4.0022
136.615,3.9968,7.9455,4.0022
136.624,3.9968,7.9430,4.0022
136.633,3.9968,7.9430,4.0022
136.642,3.9968,7.9406,4.0022
136.652,3.9968,7.9406,4.0022
136.661,3.9968,7.9406,4.0022
136.669,3.9968,7.9382,4.0022
136.680,3.9968,7.9382,4.0022
136.690,3.9968,7.9358,4.0022
136.701,3.9968,7.9358,4.0022
136.710,3.9968,7.9333,4.0022
136.723,3.9968,7.9309,4.0022
136.732,3.9968,7.9309,4.0022
136.741,3.9968,7.9309,4.0022
136.749,3.9968,7.9285,4.0022
136.761,3.9968,7.9285,4.0022
136.770,3.9968,7.9261,4.0022
136.780,3.9968,7.9261,4.0022
136.790,3.9968,7.9237,4.0022
136.800,3.9968,7.9237,4.0022
136.809,3.9968,7.9212,4.0022
136.819,3.9968,7.9212,4.0022
136.828,3.9968,7.9188,4.0022
136.840,3.9968,7.9188,4.0022
136.849,3.9968,7.9164,4.0022
136.858,3.9968,7.9164,4.0022
136.867,3.9968,7.9140,4.0022
136.877,3.9968,7.9140,4.0022
136.886,3.9968,7.9115,4.0022
136.897,3.9968,7.9115,4.0022
136.905,3.9968,7.9091,4.0022
136.917,3.9968,7.9091,4.0022
136.926,3.9968,7.9067,4.0022
136.935,3.9968,7.9067,4.0022
136.944,3.9968,7.9043,4.0022
136.954,3.9968,7.9043,4.0022
136.963,3.9968,7.9019,4.0022
136.972,3.9968,7.9019,4.0022
136.981,3.9968,7.9019,4.0022
136.990,3.9968,7.8994,4.0022
137.000,3.9968,7.8994,4.0022
137.009,3.9968,7.8970,4.0022
137.021,3.9968,7.8970,4.0022
137.029,3.9968,7.8946,4.0022
137.038,3.9968,7.8946,4.0022
137.046,3.9968,7.8922,4.0022
137.056,3.9968,7.8922,4.0022
137.065,3.9968,7.8897,4.0022
137.073,3.9968,7.8897,4.0022
137.081,3.9968,7.8897,4.0022
137.088,3.9968,7.8873,4.0022
137.098,3.9968,7.8873,4.0022
137.106,3.9968,7.8849,4.0022
137.115,3.9968,7.8849,4.0022
137.123,3.9968,7.8825,4.0022
137.131,3.9968,7.8825,4.0022
137.140,3.9968,7.8825,4.0022
137.151,3.9968,7.8801,4.0022
137.160,3.9968,7.8801,4.0022
137.169,3.9968,7.8776,4.0022
137.178,3.9968,7.8776,4.0022
137.186,3.9968,7.8752,4.0022
137.195,3.9968,7.8752,4.0022
137.202,3.9968,7.8752,4.0022
137.209,3.9968,7.8728,4.0022
137.218,3.9968,7.8728,4.0022
137.225,3.9968,7.8704,4.0022
137.234,3.9968,7.8704,4.0022
137.241,3.9968,7.8704,4.0022
137.249,3.9968,7.8680,4.0022
137.258,3.9968,7.8680,4.0022
137.265,3.9968,7.8656,4.0022
137.275,3.9968,7.8656,4.0022
137.284,3.9968,7.8631,4.0022
137.294,3.9968,7.8631,4.0022
137.302,3.9968,7.8607,4.0022
137.311,3.9968,7.8607,4.0022
137.321,3.9968,7.8607,4.0022
137.327,3.9968,7.8583,4.0022
137.336,3.9968,7.8583,4.0022
137.343,3.9968,7.8559,4.0022
137.353,3.9968,7.8559,4.0022
137.361,3.9968,7.8559,4.0022
137.368,3.9968,7.8534,4.0022
137.378,3.9968,7.8534,4.0022
137.385,3.9968,7.8510,4.0022
137.394,3.9968,7.8510,4.0022
137.401,3.9968,7.8510,4.0022
137.408,3.9968,7.8486,4.0022
137.417,3.9968,7.8486,4.0022
137.427,3.9968,7.8461,4.0022
137.435,3.9968,7.8461,4.0022
137.443,3.9968,7.8437,4.0022
137.452,3.9968,7.8437,4.0022
137.460,3.9968,7.8437,4.0022
137.466,3.9968,7.8413,4.0022
137.477,3.9968,7.8413,4.0022
137.483,3.9968,7.8388,4.0022
137.493,3.9968,7.8388,4.0022
137.500,3.9968,7.8388,4.0022
137.508,3.9968,7.8364,4.0022
137.517,3.9968,7.8364,4.0022
137.525,3.9968,7.8340,4.0022
137.533,3.9968,7.8340,4.0022
137.541,3.9968,7.8340,4.0022
137.548,3.9968,7.8315,4.0022
137.557,3.9968,7.8315,4.0022
137.564,3.9968,7.8291,4.0022
137.572,3.9968,7.8291,4.0022
137.579,3.9968,7.8291,4.0022
137.587,3.9968,7.8267,4.0022
137.595,3.9968,7.8267,4.0022
137.603,3.9968,7.8242,4.0022
137.611,3.9968,7.8242,4.0022
137.619,3.9968,7.8242,4.0022
137.627,3.9968,7.8218,4.0022
137.635,3.9968,7.8218,4.0022
137.643,3.9968,7.8194,4.0022
137.651,3.9968,7.8194,4.0022
137.659,3.9968,7.8194,4.0022
137.667,3.9968,7.8169,4.0022
137.675,3.9968,7.8169,4.0022
137.683,3.9968,7.8145,4.0022
137.693,3.9968,7.8145,4.0022
137.700,3.9968,7.8145,4.0022
137.708,3.9968,7.8121,4.0022
137.717,3.9968,7.8121,4.0022
137.725,3.9968,7.8096,4.0022
137.733,3.9968,7.8096,4.0022
137.741,3.9968,7.8096,4.0022
137.748,3.9968,7.8072,4.0022
137.758,3.9968,7.8072,4.0022
137.765,3.9968,7.8047,4.0022
137.774,3.9968,7.8047,4.0022
137.782,3.9968,7.8047,4.0022
137.789,3.9968,7.8023,4.0022
137.799,3.9968,7.8023,4.0022
137.807,3.9968,7.7999,4.0022
137.816,3.9968,7.7999,4.0022
137.825,3.9968,7.7974,4.0022
137.835,3.9968,7.7974,4.0022
137.843,3.9968,7.7950,4.0022
137.853,3.9968,7.7950,4.0022
137.861,3.9968,7.7950,4.0022
137.869,3.9968,7.7926,4.0022
137.879,3.9968,7.7926,4.0022
137.887,3.9968,7.7901,4.0022
137.896,3.9968,7.7901,4.0022
137.902,3.9968,7.7877,4.0022
137.912,3.9968,7.7877,4.0022
137.921,3.9968,7.7877,4.0022
137.930,3.9968,7.7853,4.0022
137.940,3.9968,7.7853,4.0022
137.947,3.9968,7.7829,4.0022
137.957,3.9968,7.7829,4.0022
137.965,3.9968,7.7804,4.0022
137.975,3.9968,7.7804,4.0022
137.984,3.9968,7.7780,4.0022
137.994,3.9968,7.7780,4.0022
138.002,3.9968,7.7780,4.0022
138.010,3.9968,7.7756,4.0022
138.020,3.9968,7.7756,4.0022
138.027,3.9968,7.7731,4.0022
138.037,3.9968,7.7731,4.0022
138.045,3.9968,7.7707,4.0022
138.056,3.9968,7.7707,4.0022
138.063,3.9968,7.7683,4.0022
138.073,3.9968,7.7683,4.0022
138.081,3.9968,7.7683,4.0022
138.090,3.9968,7.7658,4.0022
138.099,3.9968,7.7658,4.0022
138.108,3.9968,7.7634,4.0022
138.117,3.9968,7.7634,4.0022
138.125,3.9968,7.7610,4.0022
138.135,3.9968,7.7610,4.0022
138.144,3.9968,7.7585,4.0022
138.154,3.9968,7.7585,4.0022
138.161,3.9968,7.7585,4.0022
138.169,3.9968,7.7561,4.0022
138.179,3.9968,7.7561,4.0022
138.187,3.9968,7.7537,4.0022
138.197,3.9968,7.7537,4.0022
138.205,3.9968,7.7513,4.0022
138.216,3.9968,7.7513,4.0022
138.226,3.9968,7.7488,4.0022
138.234,3.9968,7.7488,4.0022
138.243,3.9968,7.7464,4.0022
138.253,3.9968,7.7464,4.0022
138.261,3.9968,7.7464,4.0022
138.269,3.9968,7.7440,4.0022
138.278,3.9968,7.7440,4.0022
138.286,3.9968,7.7415,4.0022
138.294,3.9968,7.7415,4.0022
138.301,3.9968,7.7415,4.0022
138.310,3.9968,7.7391,4.0022
138.320,3.9968,7.7391,4.0022
138.327,3.9968,7.7367,4.0022
138.335,3.9968,7.7367,4.0022
138.343,3.9968,7.7342,4.0022
138.352,3.9968,7.7342,4.0022
138.359,3.9968,7.7342,4.0022
138.367,3.9968,7.7318,4.0022
138.376,3.9968,7.7318,4.0022
138.383,3.9968,7.7294,4.0022
138.392,3.9968,7.7294,4.0022
138.399,3.9968,7.7294,4.0022
138.406,3.9968,7.7269,4.0022
138.415,3.9968,7.7269,4.0022
138.423,3.9968,7.7245,4.0022
138.432,3.9968,7.7245,4.0022
138.440,3.9968,7.7245,4.0022
138.447,3.9968,7.7221,4.0022
138.456,3.9968,7.7221,4.0022
138.463,3.9968,7.7196,4.0022
138.473,3.9968,7.7196,4.0022
138.480,3.9968,7.7196,4.0022
138.489,3.9968,7.7172,4.0022
138.497,3.9968,7.7172,4.0022
138.505,3.9968,7.7148,4.0022
138.513,3.9968,7.7148,4.0022
138.521,3.9968,7.7148,4.0022
138.529,3.9968,7.7123,4.0022
138.537,3.9968,7.7123,4.0022
138.544,3.9968,7.7099,4.0022
138.554,3.9968,7.7099,4.0022
138.561,3.9968,7.7099,4.0022
138.568,3.9968,7.7074,4.0022
138.577,3.9968,7.7074,4.0022
138.585,3.9968,7.7050,4.0022
138.594,3.9968,7.7050,4.0022
138.601,3.9968,7.7050,4.0022
138.608,3.9968,7.7026,4.0022
138.617,3.9968,7.7026,4.0022
138.625,3.9968,7.7001,4.0022
138.633,3.9968,7.7001,4.0022
138.641,3.9968,7.7001,4.0022
138.649,3.9968,7.6977,4.0022
138.659,3.9968,7.6977,4.0022
138.665,3.9968,7.6952,4.0022
138.674,3.9968,7.6952,4.0022
138.682,3.9968,7.6952,4.0022
138.690,3.9968,7.6928,4.0022
138.698,3.9968,7.6928,4.0022
138.707,3.9968,7.6903,4.0022
138.716,3.9968,7.6903,4.0022
138.724,3.9968,7.6879,4.0022
138.733,3.9968,7.6879,4.0022
138.741,3.9968,7.6879,4.0022
138.748,3.9968,7.6854,4.0022
138.758,3.9968,7.6854,4.0022
138.764,3.9968,7.6830,4.0022
138.774,3.9968,7.6830,4.0022
138.781,3.9968,7.6830,4.0022
138.789,3.9968,7.6805,4.0022
138.798,3.9968,7.6805,4.0022
138.807,3.9968,7.6781,4.0022
138.816,3.9968,7.6781,4.0022
138.823,3.9968,7.6756,4.0022
138.833,3.9968,7.6756,4.0022
138.841,3.9968,7.6756,4.0022
138.847,3.9968,7.6732,4.0022
138.858,3.9968,7.6732,4.0022
138.866,3.9968,7.6708,4.0022
138.874,3.9968,7.6708,4.0022
138.881,3.9968,7.6708,4.0022
138.890,3.9968,7.6683,4.0022
138.898,3.9968,7.6683,4.0022
138.905,3.9968,7.6659,4.0022
138.914,3.9968,7.6659,4.0022
138.922,3.9968,7.6634,4.0022
138.930,3.9968,7.6634,4.0022
138.937,3.9968,7.6634,4.0022
138.953,3.9968,7.6610,4.0022
138.964,3.9968,7.6585,4.0022
138.973,3.9968,7.6585,4.0022
138.980,3.9968,7.6585,4.0022
138.989,3.9968,7.6561,4.0022
138.998,3.9968,7.6561,4.0022
139.007,3.9968,7.6561,4.0022
139.016,3.9968,7.6561,4.0022
139.026,3.9968,7.6561,4.0022
139.036,3.9968,7.6561,4.0022
139.045,3.9968,7.6561,4.0022
139.056,3.9968,7.6561,4.0022
139.065,3.9968,7.6561,4.0022
139.076,3.9968,7.6561,4.0022
139.085,3.9968,7.6561,4.0022
139.095,3.9968,7.6561,4.0022
139.103,3.9968,7.6561,4.0022
139.114,3.9968,7.6561,4.0022
139.124,3.9968,7.6561,4.0022
139.133,3.9968,7.6561,4.0022
139.141,3.9968,7.6561,4.0022
139.149,3.9968,7.6561,4.0022
139.160,3.9968,7.6561,4.0022
139.168,3.9968,7.6561,4.0022
139.180,3.9968,7.6561,4.0022
139.191,3.9968,7.6561,4.0022
139.202,3.9968,7.6561,4.0022
139.210,3.9968,7.6561,4.0022
139.222,3.9968,7.6561,4.0022
139.231,3.9968,7.6561,4.0022
139.241,3.9968,7.6561,4.0022
139.249,3.9968,7.6561,4.0022
139.262,3.9968,7.6561,4.0022
139.271,3.9968,7.6561,4.0022
139.282,3.9968,7.6561,4.0022
139.291,3.9968,7.6561,4.0022
139.301,3.9968,7.6561,4.0022
139.309,3.9968,7.6561,4.0022
139.320,3.9968,7.6561,4.0022
139.329,3.9968,7.6561,4.0022
139.339,3.9968,7.6561,4.0022
139.349,3.9968,7.6561,4.0022
139.359,3.9968,7.6561,4.0022
139.367,3.9968,7.6561,4.0022
139.377,3.9968,7.6561,4.0022
139.386,3.9968,7.6561,4.0022
139.396,3.9968,7.6561,4.0022
139.404,3.9968,7.6561,4.0022
139.414,3.9968,7.6561,4.0022
139.422,3.9968,7.6561,4.0022
139.433,3.9968,7.6561,4.0022
139.441,3.9968,7.6561,4.0022
139.451,3.9968,7.6537,4.0022
139.461,3.9968,7.6537,4.0022
139.469,3.9968,7.6537,4.0022
139.479,3.9968,7.6537,4.0022
139.490,3.9968,7.6537,4.0022
139.500,3.9968,7.6537,4.0022
139.509,3.9968,7.6537,4.0022
139.518,3.9968,7.6537,4.0022
139.527,3.9968,7.6537,4.0022
139.537,3.9968,7.6537,4.0022
139.545,3.9968,7.6537,4.0022
139.555,3.9968,7.6537,4.0022
139.563,3.9968,7.6537,4.0022
139.573,3.9968,7.6537,4.0022
139.580,3.9968,7.6537,4.0022
139.589,3.9968,7.6528,4.0022
139.597,3.9968,7.6528,4.0022
139.606,3.9968,7.6528,4.0022
139.617,3.9968,7.6528,4.0022
139.624,3.9968,7.6525,4.0022
139.634,3.9968,7.6525,4.0022
139.642,3.9968,7.6525,4.0022
139.651,3.9968,7.6525,4.0022
139.660,3.9968,7.6525,4.0022
139.668,3.9968,7.6524,4.0022
139.679,3.9968,7.6524,4.0022
139.687,3.9968,7.6523,4.0022
139.697,3.9968,7.6523,4.0022
139.705,3.9968,7.6523,4.0022
139.715,3.9968,7.6523,4.0022
139.723,3.9968,7.6523,4.0022
139.732,3.9968,7.6523,4.0022
139.740,3.9968,7.6523,4.0022
139.747,3.9968,7.6523,4.0022
139.756,3.9968,7.6523,4.0022
139.764,3.9968,7.6523,4.0022
139.772,3.9968,7.6523,4.0022
139.779,3.9968,7.6523,4.0022
139.787,3.9968,7.6523,4.0022
139.796,3.9968,7.6523,4.0022
139.803,3.9968,7.6523,4.0022
139.812,3.9968,7.6523,4.0022
139.820,3.9968,7.6523,4.0022
139.828,3.9968,7.6523,4.0022
139.837,3.9968,7.6523,4.0022
139.845,3.9968,7.6523,4.0022
139.853,3.9968,7.6523,4.0022
139.862,3.9968,7.6523,4.0022
139.868,3.9968,7.6523,4.0022
139.876,3.9968,7.6523,4.0022
139.883,3.9968,7.6523,4.0022
139.893,3.9968,7.6523,4.0022
139.901,3.9968,7.6523,4.0022
139.909,3.9968,7.6523,4.0022
139.917,3.9968,7.6523,4.0022
139.926,3.9968,7.6523,4.0022
139.933,3.9968,7.6523,4.0022
139.941,3.9968,7.6523,4.0022
139.948,3.9968,7.6523,4.0022
139.957,3.9968,7.6523,4.0022
139.965,3.9968,7.6523,4.0022
139.974,3.9968,7.6523,4.0022
139.981,3.9968,7.6523,4.0022
139.989,3.9968,7.6523,4.0022
139.997,3.9968,7.6523,4.0022
140.005,3.9968,7.6523,4.0022
140.014,3.9968,7.6523,4.0022
140.023,3.9968,7.6523,4.0022
140.030,3.9968,7.6523,4.0022
140.040,3.9968,7.6523,4.0022
140.047,3.9968,7.6523,4.0022
140.056,3.9968,7.6523,4.0022
140.062,3.9968,7.6523,4.0022
140.072,3.9968,7.6523,4.0022
140.078,3.9968,7.6523,4.0022
140.087,3.9968,7.6523,4.0022
140.095,3.9968,7.6523,4.0022
140.103,3.9968,7.6523,4.0022
140.111,3.9968,7.6523,4.0022
140.120,3.9968,7.6523,4.0022
140.127,3.9968,7.6523,4.0022
140.135,3.9968,7.6523,4.0022
140.142,3.9968,7.6523,4.0022
140.150,3.9968,7.6523,4.0022
140.160,3.9968,7.6523,4.0022
140.167,3.9968,7.6523,4.0022
140.177,3.9968,7.6523,4.0022
140.184,3.9968,7.6523,4.0022
140.194,3.9968,7.6523,4.0022
140.200,3.9968,7.6523,4.0022
140.208,3.9968,7.6523,4.0022
140.217,3.9968,7.6523,4.0022
140.227,3.9968,7.6523,4.0022
140.233,3.9968,7.6523,4.0022
140.241,3.9968,7.6523,4.0022
140.248,3.9968,7.6523,4.0022
140.257,3.9968,7.6523,4.0022
140.264,3.9968,7.6523,4.0022
140.274,3.9968,7.6523,4.0022
140.281,3.9968,7.6523,4.0022
140.289,3.9968,7.6523,4.0022
140.298,3.9968,7.6523,4.0022
140.308,3.9968,7.6523,4.0022
140.316,3.9968,7.6523,4.0022
140.326,3.9968,7.6523,4.0022
140.336,3.9968,7.6523,4.0022
140.345,3.9968,7.6523,4.0022
140.354,3.9968,7.6523,4.0022
140.361,3.9968,7.6523,4.0022
140.370,3.9968,7.6523,4.0022
140.379,3.9968,7.6523,4.0022
140.389,3.9968,7.6523,4.0022
140.397,3.9968,7.6523,4.0022
140.406,3.9968,7.6523,4.0022
140.414,3.9968,7.6523,4.0022
140.424,3.9968,7.6523,4.0022
140.434,3.9968,7.6523,4.0022
140.441,3.9968,7.6523,4.0022
140.449,3.9968,7.6523,4.0022
140.459,3.9968,7.6523,4.0022
140.467,3.9968,7.6523,4.0022
140.477,3.9968,7.6523,4.0022
140.485,3.9968,7.6523,4.0022
140.495,3.9968,7.6523,4.0022
140.503,3.9968,7.6523,4.0022
140.514,3.9968,7.6523,4.0022
140.523,3.9968,7.6523,4.0022
140.532,3.9968,7.6523,4.0022
140.540,3.9968,7.6523,4.0022
140.550,3.9968,7.6523,4.0022
140.560,3.9968,7.6523,4.0022
140.567,3.9968,7.6523,4.0022
140.576,3.9968,7.6523,4.0022
140.585,3.9968,7.6523,4.0022
140.595,3.9968,7.6523,4.0022
140.603,3.9968,7.6523,4.0022
140.612,3.9968,7.6523,4.0022
140.620,3.9968,7.6523,4.0022
140.627,3.9968,7.6523,4.0022
140.636,3.9968,7.6523,4.0022
140.645,3.9968,7.6523,4.0022
140.654,3.9968,7.6523,4.0022
140.662,3.9968,7.6523,4.0022
140.670,3.9968,7.6523,4.0022
140.679,3.9968,7.6523,4.0022
140.688,3.9968,7.6523,4.0022
140.696,3.9968,7.6523,4.0022
140.703,3.9968,7.6523,4.0022
140.712,3.9968,7.6523,4.0022
140.720,3.9968,7.6523,4.0022
140.729,3.9968,7.6523,4.0022
140.739,3.9968,7.6523,4.0022
140.748,3.9968,7.6523,4.0022
140.758,3.9968,7.6523,4.0022
140.766,3.9968,7.6523,4.0022
140.775,3.9968,7.6523,4.0022
140.784,3.9968,7.6523,4.0022
140.794,3.9968,7.6523,4.0022
140.802,3.9968,7.6523,4.0022
140.811,3.9968,7.6523,4.0022
140.819,3.9968,7.6523,4.0022
140.827,3.9968,7.6523,4.0022
140.835,3.9968,7.6523,4.0022
140.842,3.9968,7.6523,4.0022
140.852,3.9968,7.6523,4.0022
140.859,3.9968,7.6523,4.0022
140.866,3.9968,7.6523,4.0022
140.874,3.9968,7.6523,4.0022
140.882,3.9968,7.6523,4.0022
140.891,3.9968,7.6523,4.0022
140.899,3.9968,7.6523,4.0022
140.906,3.9968,7.6523,4.0022
140.915,3.9968,7.6523,4.0022
140.922,3.9968,7.6523,4.0022
140.931,3.9968,7.6523,4.0022
140.938,3.9968,7.6523,4.0022
140.946,3.9968,7.6523,4.0022
140.955,3.9968,7.6523,4.0022
140.963,3.9968,7.6523,4.0022
140.972,3.9968,7.6523,4.0022
140.981,3.9968,7.6523,4.0022
140.988,3.9968,7.6523,4.0022
140.997,3.9968,7.6523,4.0022
141.006,3.9968,7.6523,4.0022
141.015,3.9968,7.6523,4.0022
141.024,3.9968,7.6523,4.0022
141.032,3.9968,7.6523,4.0022
141.041,3.9968,7.6523,4.0022
141.048,3.9968,7.6523,4.0022
141.059,3.9968,7.6523,4.0022
141.067,3.9968,7.6523,4.0022
141.076,3.9968,7.6523,4.0022
141.083,3.9968,7.6523,4.0022
141.093,3.9968,7.6523,4.0022
141.100,3.9968,7.6523,4.0022
141.108,3.9968,7.6523,4.0022
141.125,3.9968,7.6523,4.0022
141.133,3.9968,7.6523,4.0022
141.142,3.9968,7.6523,4.0022
141.149,3.9968,7.6523,4.0022
141.158,3.9968,7.6523,4.0022
141.165,3.9968,7.6523,4.0022
141.174,3.9968,7.6523,4.0022
141.182,3.9968,7.6523,4.0022
141.193,3.9968,7.6523,4.0022
141.199,3.9968,7.6523,4.0022
141.209,3.9968,7.6523,4.0022
141.218,3.9968,7.6523,4.0022
141.226,3.9968,7.6523,4.0022
141.235,3.9968,7.6523,4.0022
141.243,3.9968,7.6523,4.0022
141.252,3.9968,7.6523,4.0022
141.261,3.9968,7.6523,4.0022
141.268,3.9968,7.6523,4.0022
141.278,3.9968,7.6523,4.0022
141.287,3.9968,7.6523,4.0022
141.296,3.9968,7.6523,4.0022
141.305,3.9968,7.6523,4.0022
141.315,3.9968,7.6523,4.0022
141.323,3.9968,7.6523,4.0022
141.333,3.9968,7.6523,4.0022
141.342,3.9968,7.6523,4.0022
141.350,3.9968,7.6523,4.0022
141.359,3.9968,7.6523,4.0022
141.368,3.9968,7.6523,4.0022
141.377,3.9968,7.6523,4.0022
141.386,3.9968,7.6523,4.0022
141.395,3.9968,7.6523,4.0022
141.403,3.9968,7.6523,4.0022
141.412,3.9968,7.6523,4.0022
141.419,3.9968,7.6523,4.0022
141.429,3.9968,7.6523,4.0022
141.438,3.9968,7.6523,4.0022
141.446,3.9968,7.6523,4.0022
141.456,3.9968,7.6523,4.0022
141.464,3.9968,7.6523,4.0022
141.473,3.9968,7.6523,4.0022
141.482,3.9968,7.6523,4.0022
141.491,3.9968,7.6523,4.0022
141.500,3.9968,7.6523,4.0022
141.509,3.9968,7.6523,4.0022
141.518,3.9968,7.6523,4.0022
141.526,3.9968,7.6523,4.0022
141.533,3.9968,7.6523,4.0022
141.541,3.9968,7.6523,4.0022
141.549,3.9968,7.6523,4.0022
141.558,3.9968,7.6523,4.0022
141.567,3.9968,7.6523,4.0022
141.575,3.9968,7.6523,4.0022
141.586,3.9968,7.6523,4.0022
141.597,3.9968,7.6523,4.0022
141.606,3.9968,7.6523,4.0022
141.616,3.9968,7.6523,4.0022
141.624,3.9968,7.6523,4.0022
141.635,3.9968,7.6523,4.0022
141.644,3.9968,7.6523,4.0022
141.654,3.9968,7.6523,4.0022
141.663,3.9968,7.6523,4.0022
141.675,3.9968,7.6523,4.0022
141.683,3.9968,7.6523,4.0022
141.694,3.9968,7.6523,4.0022
141.704,3.9968,7.6523,4.0022
141.714,3.9968,7.6523,4.0022
141.723,3.9968,7.6523,4.0022
141.735,3.9968,7.6523,4.0022
141.743,3.9968,7.6523,4.0022
141.755,3.9968,7.6523,4.0022
141.766,3.9968,7.6523,4.0022
141.776,3.9968,7.6523,4.0022
141.786,3.9968,7.6523,4.0022
141.798,3.9968,7.6523,4.0022
141.807,3.9968,7.6523,4.0022
141.819,3.9968,7.6523,4.0022
141.829,3.9968,7.6523,4.0022
141.840,3.9968,7.6523,4.0022
141.850,3.9968,7.6523,4.0022
141.861,3.9968,7.6523,4.0022
141.867,3.9968,7.6523,4.0022
141.878,3.9968,7.6523,4.0022
141.887,3.9968,7.6523,4.0022
141.896,3.9968,7.6523,4.0022
141.906,3.9968,7.6523,4.0022
141.917,3.9968,7.6523,4.0022
141.926,3.9968,7.6523,4.0022
141.935,3.9968,7.6523,4.0022
141.944,3.9968,7.6523,4.0022
141.954,3.9968,7.6523,4.0022
141.962,3.9968,7.6523,4.0022
141.974,3.9968,7.6523,4.0022
141.982,3.9968,7.6523,4.0022
141.993,3.9968,7.6523,4.0022
142.001,3.9968,7.6523,4.0022
142.011,3.9968,7.6523,4.0022
142.020,3.9968,7.6523,4.0022
142.028,3.9968,7.6523,4.0022
142.039,3.9968,7.6523,4.0022
142.048,3.9968,7.6523,4.0022
142.058,3.9968,7.6523,4.0022
142.068,3.9968,7.6523,4.0022
142.077,3.9968,7.6523,4.0022
142.087,3.9968,7.6523,4.0022
142.097,3.9968,7.6523,4.0022
142.104,3.9968,7.6523,4.0022
142.115,3.9968,7.6523,4.0022
142.123,3.9968,7.6523,4.0022
142.133,3.9968,7.6523,4.0022
142.140,3.9968,7.6523,4.0022
142.149,3.9968,7.6523,4.0022
142.159,3.9968,7.6523,4.0022
142.166,3.9968,7.6523,4.0022
142.176,3.9968,7.6523,4.0022
142.185,3.9968,7.6523,4.0022
142.195,3.9968,7.6523,4.0022
142.202,3.9968,7.6523,4.0022
142.213,3.9968,7.6523,4.0022
142.221,3.9968,7.6523,4.0022
142.229,3.9968,7.6523,4.0022
142.238,3.9968,7.6523,4.0022
142.247,3.9968,7.6523,4.0022
142.258,3.9968,7.6523,4.0022
142.266,3.9968,7.6523,4.0022
142.276,3.9968,7.6523,4.0022
142.283,3.9968,7.6523,4.0022
142.293,3.9968,7.6523,4.0022
142.301,3.9968,7.6523,4.0022
142.310,3.9968,7.6523,4.0022
142.317,3.9968,7.6523,4.0022
142.325,3.9968,7.6523,4.0022
142.334,3.9968,7.6523,4.0022
142.341,3.9968,7.6523,4.0022
142.349,3.9968,7.6523,4.0022
142.358,3.9968,7.6523,4.0022
142.367,3.9968,7.6523,4.0022
142.377,3.9968,7.6523,4.0022
142.383,3.9968,7.6523,4.0022
142.393,3.9968,7.6523,4.0022
142.399,3.9968,7.6523,4.0022
142.407,3.9968,7.6523,4.0022
142.416,3.9968,7.6523,4.0022
142.425,3.9968,7.6523,4.0022
142.433,3.9968,7.6523,4.0022
142.441,3.9968,7.6523,4.0022
142.448,3.9968,7.6523,4.0022
142.457,3.9968,7.6523,4.0022
142.464,3.9968,7.6523,4.0022
142.473,3.9968,7.6523,4.0022
142.480,3.9968,7.6523,4.0022
142.489,3.9968,7.6523,4.0022
142.497,3.9968,7.6523,4.0022
142.504,3.9968,7.6523,4.0022
142.513,3.9968,7.6523,4.0022
142.521,3.9968,7.6523,4.0022
142.529,3.9968,7.6523,4.0022
142.538,3.9968,7.6523,4.0022
142.547,3.9968,7.6523,4.0022
142.557,3.9968,7.6523,4.0022
142.566,3.9968,7.6523,4.0022
142.577,3.9968,7.6523,4.0022
142.589,3.9968,7.6523,4.0022
142.603,3.9968,7.6523,4.0022
142.613,3.9968,7.6523,4.0022
142.622,3.9968,7.6523,4.0022
142.630,3.9968,7.6523,4.0022
142.640,3.9968,7.6523,4.0022
142.647,3.9968,7.6523,4.0022
142.658,3.9968,7.6523,4.0022
142.665,3.9968,7.6523,4.0022
142.675,3.9968,7.6523,4.0022
142.683,3.9968,7.6523,4.0022
142.694,3.9968,7.6523,4.0022
142.705,3.9968,7.6523,4.0022
142.714,3.9968,7.6523,4.0022
142.723,3.9968,7.6523,4.0022
142.733,3.9968,7.6523,4.0022
142.740,3.9968,7.6523,4.0022
142.749,3.9968,7.6523,4.0022
142.759,3.9968,7.6523,4.0022
142.767,3.9968,7.6523,4.0022
142.777,3.9968,7.6523,4.0022
142.785,3.9968,7.6523,4.0022
142.797,3.9968,7.6523,4.0022
142.803,3.9968,7.6523,4.0022
142.813,3.9968,7.6523,4.0022
142.823,3.9968,7.6523,4.0022
142.832,3.9968,7.6523,4.0022
142.839,3.9968,7.6523,4.0022
142.848,3.9968,7.6523,4.0022
142.858,3.9968,7.6523,4.0022
142.865,3.9968,7.6523,4.0022
142.875,3.9968,7.6523,4.0022
142.883,3.9968,7.6523,4.0022
142.892,3.9968,7.6523,4.0022
142.900,3.9968,7.6523,4.0022
142.909,3.9968,7.6523,4.0022
142.918,3.9968,7.6523,4.0022
142.926,3.9968,7.6523,4.0022
142.936,3.9968,7.6523,4.0022
142.943,3.9968,7.6523,4.0022
142.952,3.9968,7.6523,4.0022
142.961,3.9968,7.6523,4.0022
142.971,3.9968,7.6523,4.0022
142.980,3.9968,7.6523,4.0022
142.989,3.9968,7.6523,4.0022
143.001,3.9968,7.6523,4.0022
143.010,3.9968,7.6523,4.0022
143.020,3.9968,7.6523,4.0022
143.030,3.9968,7.6523,4.0022
143.039,3.9968,7.6523,4.0022
143.048,3.9968,7.6523,4.0022
143.059,3.9968,7.6523,4.0022
143.067,3.9968,7.6523,4.0022
143.079,3.9968,7.6523,4.0022
143.090,3.9968,7.6523,4.0022
143.101,3.9968,7.6523,4.0022
143.110,3.9968,7.6523,4.0022
143.120,3.9968,7.6523,4.0022
143.129,3.9968,7.6523,4.0022
143.139,3.9968,7.6523,4.0022
143.148,3.9968,7.6523,4.0022
143.158,3.9968,7.6523,4.0022
143.165,3.9968,7.6523,4.0022
143.175,3.9968,7.6523,4.0022
143.185,3.9968,7.6523,4.0022
143.195,3.9968,7.6523,4.0022
143.205,3.9968,7.6523,4.0022
143.214,3.9968,7.6523,4.0022
143.223,3.9968,7.6523,4.0022
143.231,3.9968,7.6523,4.0022
143.241,3.9968,7.6523,4.0022
143.249,3.9968,7.6523,4.0022
143.259,3.9968,7.6523,4.0022
143.268,3.9968,7.6523,4.0022
143.278,3.9968,7.6523,4.0022
143.287,3.9968,7.6523,4.0022
143.298,3.9968,7.6523,4.0022
143.307,3.9968,7.6523,4.0022
143.317,3.9968,7.6523,4.0022
143.325,3.9968,7.6523,4.0022
143.335,3.9968,7.6523,4.0022
143.343,3.9968,7.6523,4.0022
143.356,3.9968,7.6523,4.0022
143.371,3.9968,7.6523,4.0022
143.381,3.9968,7.6523,4.0022
143.389,3.9968,7.6523,4.0022
143.399,3.9968,7.6523,4.0022
143.407,3.9968,7.6523,4.0022
143.415,3.9968,7.6523,4.0022
143.426,3.9968,7.6523,4.0022
143.434,3.9968,7.6523,4.0022
143.444,3.9968,7.6523,4.0022
143.455,3.9968,7.6523,4.0022
143.463,3.9968,7.6523,4.0022
143.473,3.9968,7.6523,4.0022
143.481,3.9968,7.6523,4.0022
143.492,3.9968,7.6523,4.0022
143.503,3.9968,7.6523,4.0022
143.511,3.9968,7.6523,4.0022
143.520,3.9968,7.6523,4.0022
143.528,3.9968,7.6523,4.0022
143.537,3.9968,7.6523,4.0022
143.546,3.9968,7.6523,4.0022
143.555,3.9968,7.6523,4.0022
143.563,3.9968,7.6523,4.0022
143.573,3.9968,7.6523,4.0022
143.582,3.9968,7.6523,4.0022
143.592,3.9968,7.6523,4.0022
143.599,3.9968,7.6523,4.0022
143.609,3.9968,7.6523,4.0022
143.618,3.9968,7.6523,4.0022
143.627,3.9968,7.6523,4.0022
143.636,3.9968,7.6523,4.0022
143.644,3.9968,7.6523,4.0022
143.653,3.9968,7.6523,4.0022
143.662,3.9968,7.6523,4.0022
143.670,3.9968,7.6523,4.0022
143.677,3.9968,7.6523,4.0022
143.685,3.9968,7.6523,4.0022
143.695,3.9968,7.6523,4.0022
143.703,3.9968,7.6523,4.0022
143.712,3.9968,7.6523,4.0022
143.722,3.9968,7.6523,4.0022
143.732,3.9968,7.6523,4.0022
143.741,3.9968,7.6523,4.0022
143.750,3.9968,7.6523,4.0022
143.761,3.9968,7.6523,4.0022
143.769,3.9968,7.6524,4.0022
143.779,3.9968,7.6524,4.0022
143.789,3.9968,7.6525,4.0022
143.799,3.9968,7.6525,4.0022
143.807,3.9968,7.6525,4.0022
143.818,3.9968,7.6525,4.0022
143.826,3.9968,7.6528,4.0022
143.835,3.9968,7.6528,4.0022
143.844,3.9968,7.6531,4.0022
143.855,3.9968,7.6531,4.0022
143.863,3.9968,7.6534,4.0022
143.874,3.9968,7.6534,4.0022
143.881,3.9968,7.6534,4.0022
143.889,3.9968,7.6537,4.0022
143.898,3.9968,7.6537,4.0022
143.907,3.9968,7.6545,4.0022
143.917,3.9968,7.6545,4.0022
143.927,3.9968,7.6554,4.0022
143.938,3.9968,7.6554,4.0022
143.945,3.9968,7.6564,4.0022
143.956,3.9968,7.6564,4.0022
143.963,3.9968,7.6574,4.0022
143.975,3.9968,7.6574,4.0022
143.981,3.9968,7.6574,4.0022
143.990,3.9968,7.6595,4.0022
144.001,3.9968,7.6595,4.0022
144.009,3.9968,7.6618,4.0022
144.019,3.9968,7.6618,4.0022
144.028,3.9968,7.6641,4.0022
144.038,3.9968,7.6641,4.0022
144.045,3.9968,7.6664,4.0022
144.056,3.9968,7.6664,4.0022
144.064,3.9968,7.6689,4.0022
144.074,3.9968,7.6689,4.0022
144.083,3.9968,7.6714,4.0022
144.095,3.9968,7.6714,4.0022
144.101,3.9968,7.6714,4.0022
144.110,3.9968,7.6739,4.0022
144.122,3.9968,7.6765,4.0022
144.133,3.9968,7.6765,4.0022
144.141,3.9968,7.6765,4.0022
144.149,3.9968,7.6790,4.0022
144.160,3.9968,7.6790,4.0022
144.167,3.9968,7.6815,4.0022
144.180,3.9968,7.6815,4.0022
144.188,3.9968,7.6841,4.0022
144.199,3.9968,7.6841,4.0022
144.208,3.9968,7.6866,4.0022
144.217,3.9968,7.6866,4.0022
144.228,3.9968,7.6892,4.0022
144.238,3.9968,7.6892,4.0022
144.247,3.9968,7.6917,4.0022
144.258,3.9968,7.6917,4.0022
144.266,3.9968,7.6942,4.0022
144.276,3.9968,7.6942,4.0022
144.285,3.9968,7.6968,4.0022
144.296,3.9968,7.6968,4.0022
144.305,3.9968,7.6993,4.0022
144.315,3.9968,7.6993,4.0022
144.325,3.9968,7.7018,4.0022
144.336,3.9968,7.7018,4.0022
144.345,3.9968,7.7044,4.0022
144.356,3.9968,7.7044,4.0022
144.365,3.9968,7.7069,4.0022
144.375,3.9968,7.7069,4.0022
144.383,3.9968,7.7095,4.0022
144.395,3.9968,7.7095,4.0022
144.403,3.9968,7.7120,4.0022
144.413,3.9968,7.7120,4.0022
144.424,3.9968,7.7145,4.0022
144.432,3.9968,7.7145,4.0022
144.441,3.9968,7.7145,4.0022
144.450,3.9968,7.7171,4.0022
144.460,3.9968,7.7171,4.0022
144.468,3.9968,7.7197,4.0022
144.479,3.9968,7.7197,4.0022
144.487,3.9968,7.7222,4.0022
144.497,3.9968,7.7222,4.0022
144.506,3.9968,7.7248,4.0022
144.517,3.9968,7.7248,4.0022
144.525,3.9968,7.7273,4.0022
144.536,3.9968,7.7273,4.0022
144.545,3.9968,7.7299,4.0022
144.556,3.9968,7.7299,4.0022
144.565,3.9968,7.7325,4.0022
144.576,3.9968,7.7325,4.0022
144.585,3.9968,7.7350,4.0022
144.596,3.9968,7.7350,4.0022
144.604,3.9968,7.7376,4.0022
144.613,3.9968,7.7376,4.0022
144.621,3.9968,7.7376,4.0022
144.630,3.9968,7.7401,4.0022
144.639,3.9968,7.7401,4.0022
144.646,3.9968,7.7427,4.0022
144.657,3.9968,7.7427,4.0022
144.665,3.9968,7.7452,4.0022
144.674,3.9968,7.7452,4.0022
144.681,3.9968,7.7452,4.0022
144.690,3.9968,7.7477,4.0022
144.698,3.9968,7.7477,4.0022
144.706,3.9968,7.7503,4.0022
144.714,3.9968,7.7503,4.0022
144.724,3.9968,7.7528,4.0022
144.730,3.9968,7.7528,4.0022
144.739,3.9968,7.7528,4.0022
144.745,3.9968,7.7553,4.0022
144.756,3.9968,7.7553,4.0022
144.762,3.9968,7.7579,4.0022
144.772,3.9968,7.7579,4.0022
144.780,3.9968,7.7579,4.0022
144.788,3.9968,7.7604,4.0022
144.797,3.9968,7.7604,4.0022
144.805,3.9968,7.7629,4.0022
144.815,3.9968,7.7629,4.0022
144.822,3.9968,7.7654,4.0022
144.831,3.9968,7.7654,4.0022
144.839,3.9968,7.7654,4.0022
144.847,3.9968,7.7679,4.0022
144.857,3.9968,7.7679,4.0022
144.865,3.9968,7.7704,4.0022
144.874,3.9968,7.7704,4.0022
144.882,3.9968,7.7729,4.0022
144.892,3.9968,7.7729,4.0022
144.899,3.9968,7.7729,4.0022
144.908,3.9968,7.7754,4.0022
144.915,3.9968,7.7754,4.0022
144.923,3.9968,7.7779,4.0022
144.932,3.9968,7.7779,4.0022
144.940,3.9968,7.7779,4.0022
144.947,3.9968,7.7804,4.0022
144.957,3.9968,7.7804,4.0022
144.965,3.9968,7.7829,4.0022
144.974,3.9968,7.7829,4.0022
144.980,3.9968,7.7829,4.0022
144.989,3.9968,7.7854,4.0022
144.999,3.9968,7.7854,4.0022
145.007,3.9968,7.7879,4.0022
145.016,3.9968,7.7879,4.0022
145.025,3.9968,7.7904,4.0022
145.034,3.9968,7.7904,4.0022
145.042,3.9968,7.7904,4.0022
145.049,3.9968,7.7929,4.0022
145.060,3.9968,7.7929,4.0022
145.067,3.9968,7.7954,4.0022
145.077,3.9968,7.7954,4.0022
145.085,3.9968,7.7979,4.0022
145.094,3.9968,7.7979,4.0022
145.101,3.9968,7.7979,4.0022
145.109,3.9968,7.8004,4.0022
145.120,3.9968,7.8004,4.0022
145.128,3.9968,7.8029,4.0022
145.137,3.9968,7.8029,4.0022
145.146,3.9968,7.8053,4.0022
145.156,3.9968,7.8053,4.0022
145.164,3.9968,7.8078,4.0022
145.174,3.9968,7.8078,4.0022
145.181,3.9968,7.8078,4.0022
145.190,3.9968,7.8103,4.0022
145.198,3.9968,7.8103,4.0022
145.206,3.9968,7.8128,4.0022
145.216,3.9968,7.8128,4.0022
145.225,3.9968,7.8153,4.0022
145.232,3.9968,7.8153,4.0022
145.241,3.9968,7.8153,4.0022
145.248,3.9968,7.8178,4.0022
145.258,3.9968,7.8178,4.0022
145.265,3.9968,7.8203,4.0022
145.275,3.9968,7.8203,4.0022
145.283,3.9968,7.8228,4.0022
145.293,3.9968,7.8228,4.0022
145.300,3.9968,7.8228,4.0022
145.308,3.9968,7.8253,4.0022
145.319,3.9968,7.8253,4.0022
145.326,3.9968,7.8279,4.0022
145.335,3.9968,7.8279,4.0022
145.342,3.9968,7.8304,4.0022
145.352,3.9968,7.8304,4.0022
145.360,3.9968,7.8304,4.0022
145.367,3.9968,7.8329,4.0022
145.377,3.9968,7.8329,4.0022
145.386,3.9968,7.8354,4.0022
145.396,3.9968,7.8354,4.0022
145.404,3.9968,7.8379,4.0022
145.417,3.9968,7.8379,4.0022
145.427,3.9968,7.8404,4.0022
145.436,3.9968,7.8404,4.0022
145.445,3.9968,7.8430,4.0022
145.456,3.9968,7.8430,4.0022
145.463,3.9968,7.8455,4.0022
145.475,3.9968,7.8455,4.0022
145.482,3.9968,7.8480,4.0022
145.491,3.9968,7.8480,4.0022
145.498,3.9968,7.8480,4.0022
145.507,3.9968,7.8505,4.0022
145.516,3.9968,7.8505,4.0022
145.526,3.9968,7.8530,4.0022
145.535,3.9968,7.8530,4.0022
145.544,3.9968,7.8556,4.0022
145.555,3.9968,7.8556,4.0022
145.565,3.9968,7.8581,4.0022
145.576,3.9968,7.8581,4.0022
145.584,3.9968,7.8606,4.0022
145.595,3.9968,7.8606,4.0022
145.602,3.9968,7.8631,4.0022
145.622,3.9968,7.8657,4.0022
145.634,3.9968,7.8657,4.0022
145.641,3.9968,7.8657,4.0022
145.650,3.9968,7.8682,4.0022
145.661,3.9968,7.8682,4.0022
145.668,3.9968,7.8707,4.0022
145.678,3.9968,7.8707,4.0022
145.688,3.9968,7.8732,4.0022
145.699,3.9968,7.8732,4.0022
145.707,3.9968,7.8758,4.0022
145.718,3.9968,7.8758,4.0022
145.727,3.9968,7.8783,4.0022
145.736,3.9968,7.8783,4.0022
145.745,3.9968,7.8808,4.0022
145.757,3.9968,7.8808,4.0022
145.765,3.9968,7.8833,4.0022
145.776,3.9968,7.8833,4.0022
145.784,3.9968,7.8858,4.0022
145.794,3.9968,7.8858,4.0022
145.802,3.9968,7.8884,4.0022
145.812,3.9968,7.8884,4.0022
145.821,3.9968,7.8884,4.0022
145.829,3.9968,7.8909,4.0022
145.840,3.9968,7.8909,4.0022
145.849,3.9968,7.8934,4.0022
145.860,3.9968,7.8934,4.0022
145.869,3.9968,7.8959,4.0022
145.880,3.9968,7.8959,4.0022
145.888,3.9968,7.8985,4.0022
145.898,3.9968,7.8985,4.0022
145.906,3.9968,7.9010,4.0022
145.915,3.9968,7.9010,4.0022
145.924,3.9968,7.9035,4.0022
145.934,3.9968,7.9035,4.0022
145.942,3.9968,7.9060,4.0022
145.950,3.9968,7.9060,4.0022
145.960,3.9968,7.9060,4.0022
145.967,3.9968,7.9086,4.0022
145.976,3.9968,7.9086,4.0022
145.985,3.9968,7.9111,4.0022
145.995,3.9968,7.9111,4.0022
146.002,3.9968,7.9136,4.0022
146.012,3.9968,7.9136,4.0022
146.022,3.9968,7.9136,4.0022
146.029,3.9968,7.9162,4.0022
146.038,3.9968,7.9162,4.0022
146.046,3.9968,7.9187,4.0022
146.057,3.9968,7.9187,4.0022
146.064,3.9968,7.9213,4.0022
146.074,3.9968,7.9213,4.0022
146.083,3.9968,7.9238,4.0022
146.093,3.9968,7.9238,4.0022
146.100,3.9968,7.9238,4.0022
146.109,3.9968,7.9264,4.0022
146.118,3.9968,7.9264,4.0022
146.126,3.9968,7.9289,4.0022
146.135,3.9968,7.9289,4.0022
146.144,3.9968,7.9314,4.0022
146.153,3.9968,7.9314,4.0022
146.161,3.9968,7.9314,4.0022
146.168,3.9968,7.9340,4.0022
146.179,3.9968,7.9340,4.0022
146.186,3.9968,7.9365,4.0022
146.196,3.9968,7.9365,4.0022
146.204,3.9968,7.9391,4.0022
146.213,3.9968,7.9391,4.0022
146.221,3.9968,7.9391,4.0022
146.229,3.9968,7.9416,4.0022
146.239,3.9968,7.9416,4.0022
146.248,3.9968,7.9442,4.0022
146.259,3.9968,7.9442,4.0022
146.266,3.9968,7.9467,4.0022
146.277,3.9968,7.9467,4.0022
146.284,3.9968,7.9492,4.0022
146.294,3.9968,7.9492,4.0022
146.301,3.9968,7.9492,4.0022
146.310,3.9968,7.9518,4.0022
146.320,3.9968,7.9518,4.0022
146.328,3.9968,7.9543,4.0022
146.337,3.9968,7.9543,4.0022
146.345,3.9968,7.9568,4.0022
146.355,3.9968,7.9568,4.0022
146.361,3.9968,7.9568,4.0022
146.369,3.9968,7.9594,4.0022
146.379,3.9968,7.9594,4.0022
146.389,3.9968,7.9619,4.0022
146.397,3.9968,7.9619,4.0022
146.406,3.9968,7.9645,4.0022
146.417,3.9968,7.9645,4.0022
146.425,3.9968,7.9670,4.0022
146.435,3.9968,7.9670,4.0022
146.444,3.9968,7.9695,4.0022
146.453,3.9968,7.9695,4.0022
146.461,3.9968,7.9695,4.0022
146.469,3.9968,7.9721,4.0022
146.480,3.9968,7.9721,4.0022
146.489,3.9968,7.9746,4.0022
146.498,3.9968,7.9746,4.0022
146.507,3.9968,7.9772,4.0022
146.516,3.9968,7.9772,4.0022
146.525,3.9968,7.9797,4.0022
146.533,3.9968,7.9797,4.0022
146.541,3.9968,7.9797,4.0022
146.549,3.9968,7.9822,4.0022
146.558,3.9968,7.9822,4.0022
146.566,3.9968,7.9848,4.0022
146.575,3.9968,7.9848,4.0022
146.584,3.9968,7.9873,4.0022
146.595,3.9968,7.9873,4.0022
146.603,3.9968,7.9899,4.0022
146.612,3.9968,7.9899,4.0022
146.620,3.9968,7.9899,4.0022
146.629,3.9968,7.9924,4.0022
146.641,3.9968,7.9924,4.0022
146.650,3.9968,7.9949,4.0022
146.661,3.9968,7.9949,4.0022
146.669,3.9968,7.9975,4.0022
146.681,3.9968,7.9975,4.0022
146.691,3.9968,8.0000,4.0022
146.701,3.9968,8.0000,4.0022
146.710,3.9968,8.0026,4.0022
146.721,3.9968,8.0026,4.0022
146.732,3.9968,8.0051,4.0022
146.743,3.9968,8.0076,4.0022
146.754,3.9968,8.0076,4.0022
146.763,3.9968,8.0102,4.0022
146.774,3.9968,8.0102,4.0022
146.783,3.9968,8.0127,4.0022
146.793,3.9968,8.0127,4.0022
146.800,3.9968,8.0127,4.0022
146.812,3.9968,8.0152,4.0022
146.823,3.9968,8.0178,4.0022
146.835,3.9968,8.0178,4.0022
146.844,3.9968,8.0203,4.0022
146.856,3.9968,8.0203,4.0022
146.866,3.9968,8.0229,4.0022
146.876,3.9968,8.0229,4.0022
146.887,3.9968,8.0254,4.0022
146.900,3.9968,8.0254,4.0022
146.909,3.9968,8.0279,4.0022
146.923,3.9968,8.0305,4.0022
146.934,3.9968,8.0305,4.0022
146.943,3.9968,8.0330,4.0022
146.955,3.9968,8.0330,4.0022
146.964,3.9968,8.0355,4.0022
146.975,3.9968,8.0355,4.0022
146.984,3.9968,8.0381,4.0022
146.995,3.9968,8.0381,4.0022
147.005,3.9968,8.0406,4.0022
147.015,3.9968,8.0406,4.0022
147.026,3.9968,8.0431,4.0022
147.036,3.9968,8.0431,4.0022
147.046,3.9968,8.0456,4.0022
147.058,3.9968,8.0456,4.0022
147.067,3.9968,8.0481,4.0022
147.078,3.9968,8.0481,4.0022
147.088,3.9968,8.0507,4.0022
147.098,3.9968,8.0507,4.0022
147.108,3.9968,8.0532,4.0022
147.118,3.9968,8.0532,4.0022
147.127,3.9968,8.0557,4.0022
147.137,3.9968,8.0557,4.0022
147.145,3.9968,8.0582,4.0022
147.157,3.9968,8.0582,4.0022
147.166,3.9968,8.0608,4.0022
147.175,3.9968,8.0608,4.0022
147.184,3.9968,8.0633,4.0022
147.196,3.9968,8.0633,4.0022
147.205,3.9968,8.0658,4.0022
147.214,3.9968,8.0658,4.0022
147.223,3.9968,8.0684,4.0022
147.232,3.9968,8.0684,4.0022
147.241,3.9968,8.0684,4.0022
147.249,3.9968,8.0709,4.0022
147.261,3.9968,8.0709,4.0022
147.269,3.9968,8.0734,4.0022
147.279,3.9968,8.0734,4.0022
147.290,3.9968,8.0760,4.0022
147.299,3.9968,8.0760,4.0022
147.308,3.9968,8.0785,4.0022
147.319,3.9968,8.0785,4.0022
147.328,3.9968,8.0810,4.0022
147.338,3.9968,8.0810,4.0022
147.346,3.9968,8.0836,4.0022
147.356,3.9968,8.0836,4.0022
147.365,3.9968,8.0861,4.0022
147.373,3.9968,8.0861,4.0022
147.382,3.9968,8.0861,4.0022
147.390,3.9968,8.0887,4.0022
147.399,3.9968,8.0887,4.0022
147.406,3.9968,8.0912,4.0022
147.416,3.9968,8.0912,4.0022
147.424,3.9968,8.0937,4.0022
147.434,3.9968,8.0937,4.0022
147.442,3.9968,8.0963,4.0022
147.452,3.9968,8.0963,4.0022
147.462,3.9968,8.0963,4.0022
147.470,3.9968,8.0988,4.0022
147.481,3.9968,8.0988,4.0022
147.490,3.9968,8.1014,4.0022
147.499,3.9968,8.1014,4.0022
147.507,3.9968,8.1039,4.0022
147.516,3.9968,8.1039,4.0022
147.525,3.9968,8.1064,4.0022
147.535,3.9968,8.1064,4.0022
147.545,3.9968,8.1090,4.0022
147.555,3.9968,8.1090,4.0022
147.563,3.9968,8.1115,4.0022
147.573,3.9968,8.1115,4.0022
147.580,3.9968,8.1115,4.0022
147.590,3.9968,8.1141,4.0022
147.599,3.9968,8.1141,4.0022
147.607,3.9968,8.1166,4.0022
147.614,3.9968,8.1166,4.0022
147.626,3.9968,8.1192,4.0022
147.635,3.9968,8.1192,4.0022
147.643,3.9968,8.1217,4.0022
147.654,3.9968,8.1217,4.0022
147.662,3.9968,8.1217,4.0022
147.670,3.9968,8.1242,4.0022
147.679,3.9968,8.1242,4.0022
147.688,3.9968,8.1268,4.0022
147.697,3.9968,8.1268,4.0022
147.705,3.9968,8.1293,4.0022
147.716,3.9968,8.1293,4.0022
147.724,3.9968,8.1319,4.0022
147.733,3.9968,8.1319,4.0022
147.742,3.9968,8.1319,4.0022
147.750,3.9968,8.1344,4.0022
147.761,3.9968,8.1344,4.0022
147.768,3.9968,8.1370,4.0022
147.778,3.9968,8.1370,4.0022
147.786,3.9968,8.1395,4.0022
147.796,3.9968,8.1395,4.0022
147.803,3.9968,8.1420,4.0022
147.814,3.9968,8.1420,4.0022
147.822,3.9968,8.1446,4.0022
147.832,3.9968,8.1446,4.0022
147.841,3.9968,8.1446,4.0022
147.848,3.9968,8.1471,4.0022
147.858,3.9968,8.1471,4.0022
147.866,3.9968,8.1496,4.0022
147.876,3.9968,8.1496,4.0022
147.885,3.9968,8.1522,4.0022
147.894,3.9968,8.1522,4.0022
147.902,3.9968,8.1547,4.0022
147.911,3.9968,8.1547,4.0022
147.922,3.9968,8.1547,4.0022
147.929,3.9968,8.1572,4.0022
147.940,3.9968,8.1572,4.0022
147.949,3.9968,8.1597,4.0022
147.960,3.9968,8.1597,4.0022
147.968,3.9968,8.1623,4.0022
147.978,3.9968,8.1623,4.0022
147.987,3.9968,8.1648,4.0022
147.997,3.9968,8.1648,4.0022
148.007,3.9968,8.1673,4.0022
148.017,3.9968,8.1673,4.0022
148.026,3.9968,8.1698,4.0022
148.036,3.9968,8.1698,4.0022
148.046,3.9968,8.1723,4.0022
148.057,3.9968,8.1723,4.0022
148.065,3.9968,8.1749,4.0022
148.075,3.9968,8.1749,4.0022
148.084,3.9968,8.1774,4.0022
148.095,3.9968,8.1774,4.0022
148.105,3.9968,8.1799,4.0022
148.116,3.9968,8.1799,4.0022
148.124,3.9968,8.1824,4.0022
148.135,3.9968,8.1824,4.0022
148.143,3.9968,8.1849,4.0022
148.154,3.9968,8.1849,4.0022
148.163,3.9968,8.1874,4.0022
148.182,3.9968,8.1899,4.0022
148.192,3.9968,8.1899,4.0022
148.201,3.9968,8.1899,4.0022
148.210,3.9968,8.1925,4.0022
148.219,3.9968,8.1925,4.0022
148.228,3.9968,8.1950,4.0022
148.237,3.9968,8.1950,4.0022
148.246,3.9968,8.1975,4.0022
148.256,3.9968,8.1975,4.0022
148.265,3.9968,8.2000,4.0022
148.275,3.9968,8.2000,4.0022
148.283,3.9968,8.2025,4.0022
148.294,3.9968,8.2025,4.0022
148.301,3.9968,8.2025,4.0022
148.310,3.9968,8.2050,4.0022
148.321,3.9968,8.2050,4.0022
148.329,3.9968,8.2076,4.0022
148.339,3.9968,8.2076,4.0022
148.347,3.9968,8.2101,4.0022
148.358,3.9968,8.2101,4.0022
148.366,3.9968,8.2126,4.0022
148.375,3.9968,8.2126,4.0022
148.384,3.9968,8.2151,4.0022
148.392,3.9968,8.2151,4.0022
148.401,3.9968,8.2151,4.0022
148.410,3.9968,8.2177,4.0022
148.420,3.9968,8.2177,4.0022
148.429,3.9968,8.2202,4.0022
148.437,3.9968,8.2202,4.0022
148.445,3.9968,8.2227,4.0022
148.455,3.9968,8.2227,4.0022
148.463,3.9968,8.2252,4.0022
148.472,3.9968,8.2252,4.0022
148.481,3.9968,8.2252,4.0022
148.489,3.9968,8.2278,4.0022
148.499,3.9968,8.2278,4.0022
148.507,3.9968,8.2303,4.0022
148.516,3.9968,8.2303,4.0022
148.525,3.9968,8.2328,4.0022
148.534,3.9968,8.2328,4.0022
148.542,3.9968,8.2328,4.0022
148.549,3.9968,8.2353,4.0022
148.559,3.9968,8.2353,4.0022
148.567,3.9968,8.2378,4.0022
148.575,3.9968,8.2378,4.0022
148.584,3.9968,8.2404,4.0022
148.594,3.9968,8.2404,4.0022
148.601,3.9968,8.2404,4.0022
148.608,3.9968,8.2429,4.0022
148.618,3.9968,8.2429,4.0022
148.626,3.9968,8.2454,4.0022
148.635,3.9968,8.2454,4.0022
148.642,3.9968,8.2479,4.0022
148.651,3.9968,8.2479,4.0022
148.660,3.9968,8.2479,4.0022
148.667,3.9968,8.2504,4.0022
148.676,3.9968,8.2504,4.0022
148.684,3.9968,8.2529,4.0022
148.694,3.9968,8.2529,4.0022
148.701,3.9968,8.2529,4.0022
148.709,3.9968,8.2554,4.0022
148.718,3.9968,8.2554,4.0022
148.727,3.9968,8.2580,4.0022
148.736,3.9968,8.2580,4.0022
148.746,3.9968,8.2605,4.0022
148.755,3.9968,8.2605,4.0022
148.763,3.9968,8.2630,4.0022
148.774,3.9968,8.2630,4.0022
148.781,3.9968,8.2630,4.0022
148.790,3.9968,8.2655,4.0022
148.799,3.9968,8.2655,4.0022
148.808,3.9968,8.2680,4.0022
148.816,3.9968,8.2680,4.0022
148.826,3.9968,8.2705,4.0022
148.835,3.9968,8.2705,4.0022
148.843,3.9968,8.2730,4.0022
148.852,3.9968,8.2730,4.0022
148.860,3.9968,8.2730,4.0022
148.869,3.9968,8.2755,4.0022
148.878,3.9968,8.2755,4.0022
148.886,3.9968,8.2780,4.0022
148.896,3.9968,8.2780,4.0022
148.904,3.9968,8.2806,4.0022
148.913,3.9968,8.2806,4.0022
148.923,3.9968,8.2831,4.0022
148.932,3.9968,8.2831,4.0022
148.940,3.9968,8.2831,4.0022
148.949,3.9968,8.2856,4.0022
148.958,3.9968,8.2856,4.0022
148.966,3.9968,8.2881,4.0022
148.974,3.9968,8.2881,4.0022
148.984,3.9968,8.2906,4.0022
148.993,3.9968,8.2906,4.0022
149.001,3.9968,8.2906,4.0022
149.009,3.9968,8.2932,4.0022
149.017,3.9968,8.2932,4.0022
149.025,3.9968,8.2957,4.0022
149.037,3.9968,8.2957,4.0022
149.045,3.9968,8.2982,4.0022
149.054,3.9968,8.2982,4.0022
149.062,3.9968,8.3007,4.0022
149.072,3.9968,8.3007,4.0022
149.079,3.9968,8.3007,4.0022
149.087,3.9968,8.3032,4.0022
149.096,3.9968,8.3032,4.0022
149.105,3.9968,8.3058,4.0022
149.115,3.9968,8.3058,4.0022
149.123,3.9968,8.3083,4.0022
149.134,3.9968,8.3083,4.0022
149.141,3.9968,8.3083,4.0022
149.149,3.9968,8.3108,4.0022
149.158,3.9968,8.3108,4.0022
149.167,3.9968,8.3134,4.0022
149.175,3.9968,8.3134,4.0022
149.184,3.9968,8.3159,4.0022
149.197,3.9968,8.3159,4.0022
149.205,3.9968,8.3184,4.0022
149.215,3.9968,8.3184,4.0022
149.225,3.9968,8.3209,4.0022
149.234,3.9968,8.3209,4.0022
149.242,3.9968,8.3235,4.0022
149.252,3.9968,8.3235,4.0022
149.261,3.9968,8.3235,4.0022
149.269,3.9968,8.3260,4.0022
149.279,3.9968,8.3260,4.0022
149.288,3.9968,8.3285,4.0022
149.298,3.9968,8.3285,4.0022
149.306,3.9968,8.3311,4.0022
149.317,3.9968,8.3311,4.0022
149.325,3.9968,8.3336,4.0022
149.337,3.9968,8.3336,4.0022
149.345,3.9968,8.3361,4.0022
149.356,3.9968,8.3361,4.0022
149.365,3.9968,8.3387,4.0022
149.374,3.9968,8.3387,4.0022
149.383,3.9968,8.3412,4.0022
149.393,3.9968,8.3412,4.0022
149.402,3.9968,8.3412,4.0022
149.411,3.9968,8.3437,4.0022
149.420,3.9968,8.3437,4.0022
149.429,3.9968,8.3463,4.0022
149.440,3.9968,8.3463,4.0022
149.448,3.9968,8.3488,4.0022
149.459,3.9968,8.3488,4.0022
149.467,3.9968,8.3513,4.0022
149.477,3.9968,8.3513,4.0022
149.484,3.9968,8.3539,4.0022
149.496,3.9968,8.3539,4.0022
149.503,3.9968,8.3564,4.0022
149.513,3.9968,8.3564,4.0022
149.523,3.9968,8.3590,4.0022
149.531,3.9968,8.3590,4.0022
149.540,3.9968,8.3590,4.0022
149.548,3.9968,8.3615,4.0022
149.559,3.9968,8.3615,4.0022
149.566,3.9968,8.3640,4.0022
149.575,3.9968,8.3640,4.0022
149.583,3.9968,8.3666,4.0022
149.592,3.9968,8.3666,4.0022
149.600,3.9968,8.3666,4.0022
149.608,3.9968,8.3691,4.0022
149.618,3.9968,8.3691,4.0022
149.626,3.9968,8.3716,4.0022
149.636,3.9968,8.3716,4.0022
149.645,3.9968,8.3742,4.0022
149.655,3.9968,8.3742,4.0022
149.663,3.9968,8.3767,4.0022
149.673,3.9968,8.3767,4.0022
149.682,3.9968,8.3793,4.0022
149.691,3.9968,8.3793,4.0022
149.699,3.9968,8.3793,4.0022
149.707,3.9968,8.3818,4.0022
149.716,3.9968,8.3818,4.0022
149.724,3.9968,8.3843,4.0022
149.732,3.9968,8.3843,4.0022
149.741,3.9968,8.3843,4.0022
149.747,3.9968,8.3869,4.0022
149.756,3.9968,8.3869,4.0022
149.765,3.9968,8.3894,4.0022
149.774,3.9968,8.3894,4.0022
149.781,3.9968,8.3894,4.0022
149.789,3.9968,8.3919,4.0022
149.798,3.9968,8.3919,4.0022
149.806,3.9968,8.3944,4.0022
149.815,3.9968,8.3944,4.0022
149.823,3.9968,8.3970,4.0022
149.832,3.9968,8.3970,4.0022
149.839,3.9968,8.3970,4.0022
149.847,3.9968,8.3995,4.0022
149.857,3.9968,8.3995,4.0022
149.865,3.9968,8.4020,4.0022
149.874,3.9968,8.4020,4.0022
149.882,3.9968,8.4020,4.0022
149.890,3.9968,8.4046,4.0022
149.898,3.9968,8.4046,4.0022
149.906,3.9968,8.4071,4.0022
149.916,3.9968,8.4071,4.0022
149.925,3.9968,8.4096,4.0022
149.934,3.9968,8.4096,4.0022
149.943,3.9968,8.4121,4.0022
149.952,3.9968,8.4121,4.0022
149.960,3.9968,8.4121,4.0022
149.967,3.9968,8.4147,4.0022
149.976,3.9968,8.4147,4.0022
149.984,3.9968,8.4172,4.0022
149.993,3.9968,8.4172,4.0022
150.001,3.9968,8.4172,4.0022
150.009,3.9968,8.4198,4.0022
150.018,3.9968,8.4198,4.0022
150.026,3.9968,8.4223,4.0022
150.035,3.9968,8.4223,4.0022
150.044,3.9968,8.4248,4.0022
150.053,3.9968,8.4248,4.0022
150.060,3.9968,8.4248,4.0022
150.067,3.9968,8.4274,4.0022
150.077,3.9968,8.4274,4.0022
150.084,3.9968,8.4299,4.0022
150.093,3.9968,8.4299,4.0022
150.102,3.9968,8.4324,4.0022
150.110,3.9968,8.4324,4.0022
150.120,3.9968,8.4324,4.0022
150.128,3.9968,8.4350,4.0022
150.137,3.9968,8.4350,4.0022
150.145,3.9968,8.4375,4.0022
150.154,3.9968,8.4375,4.0022
150.162,3.9968,8.4400,4.0022
150.170,3.9968,8.4400,4.0022
150.178,3.9968,8.4400,4.0022
150.188,3.9968,8.4426,4.0022
150.197,3.9968,8.4426,4.0022
150.204,3.9968,8.4451,4.0022
150.214,3.9968,8.4451,4.0022
150.223,3.9968,8.4476,4.0022
150.233,3.9968,8.4476,4.0022
150.240,3.9968,8.4476,4.0022
150.249,3.9968,8.4502,4.0022
150.257,3.9968,8.4502,4.0022
150.265,3.9968,8.4527,4.0022
150.275,3.9968,8.4527,4.0022
150.282,3.9968,8.4553,4.0022
150.293,3.9968,8.4553,4.0022
150.300,3.9968,8.4553,4.0022
150.309,3.9968,8.4578,4.0022
150.317,3.9968,8.4578,4.0022
150.327,3.9968,8.4603,4.0022
150.335,3.9968,8.4603,4.0022
150.345,3.9968,8.4629,4.0022
150.355,3.9968,8.4629,4.0022
150.363,3.9968,8.4654,4.0022
150.373,3.9968,8.4654,4.0022
150.381,3.9968,8.4654,4.0022
150.390,3.9968,8.4679,4.0022
150.399,3.9968,8.4679,4.0022
150.408,3.9968,8.4705,4.0022
150.417,3.9968,8.4705,4.0022
150.425,3.9968,8.4730,4.0022
150.437,3.9968,8.4730,4.0022
150.445,3.9968,8.4755,4.0022
150.454,3.9968,8.4755,4.0022
150.463,3.9968,8.4781,4.0022
150.473,3.9968,8.4781,4.0022
150.482,3.9968,8.4806,4.0022
150.493,3.9968,8.4806,4.0022
150.501,3.9968,8.4806,4.0022
150.510,3.9968,8.4831,4.0022
150.521,3.9968,8.4831,4.0022
150.529,3.9968,8.4857,4.0022
150.539,3.9968,8.4857,4.0022
150.549,3.9968,8.4882,4.0022
150.559,3.9968,8.4882,4.0022
150.568,3.9968,8.4907,4.0022
150.578,3.9968,8.4907,4.0022
150.587,3.9968,8.4933,4.0022
150.598,3.9968,8.4933,4.0022
150.606,3.9968,8.4958,4.0022
150.625,3.9968,8.4983,4.0022
150.635,3.9968,8.4983,4.0022
150.646,3.9968,8.5009,4.0022
150.656,3.9968,8.5009,4.0022
150.664,3.9968,8.5034,4.0022
150.675,3.9968,8.5034,4.0022
150.684,3.9968,8.5059,4.0022
150.695,3.9968,8.5059,4.0022
150.704,3.9968,8.5085,4.0022
150.714,3.9968,8.5085,4.0022
150.722,3.9968,8.5110,4.0022
150.732,3.9968,8.5110,4.0022
150.741,3.9968,8.5110,4.0022
150.749,3.9968,8.5135,4.0022
150.761,3.9968,8.5135,4.0022
150.768,3.9968,8.5160,4.0022
150.777,3.9968,8.5160,4.0022
150.787,3.9968,8.5186,4.0022
150.797,3.9968,8.5186,4.0022
150.806,3.9968,8.5211,4.0022
150.817,3.9968,8.5211,4.0022
150.827,3.9968,8.5236,4.0022
150.836,3.9968,8.5236,4.0022
150.845,3.9968,8.5262,4.0022
150.855,3.9968,8.5262,4.0022
150.863,3.9968,8.5287,4.0022
150.873,3.9968,8.5287,4.0022
150.883,3.9968,8.5312,4.0022
150.892,3.9968,8.5312,4.0022
150.900,3.9968,8.5312,4.0022
150.908,3.9968,8.5338,4.0022
150.919,3.9968,8.5338,4.0022
150.928,3.9968,8.5363,4.0022
150.938,3.9968,8.5363,4.0022
150.948,3.9968,8.5388,4.0022
150.958,3.9968,8.5388,4.0022
150.966,3.9968,8.5413,4.0022
150.976,3.9968,8.5413,4.0022
150.983,3.9968,8.5439,4.0022
150.993,3.9968,8.5439,4.0022
151.001,3.9968,8.5439,4.0022
151.011,3.9968,8.5464,4.0022
151.020,3.9968,8.5464,4.0022
151.029,3.9968,8.5489,4.0022
151.037,3.9968,8.5489,4.0022
151.045,3.9968,8.5515,4.0022
151.054,3.9968,8.5515,4.0022
151.063,3.9968,8.5540,4.0022
151.072,3.9968,8.5540,4.0022
151.080,3.9968,8.5540,4.0022
151.089,3.9968,8.5565,4.0022
151.098,3.9968,8.5565,4.0022
151.106,3.9968,8.5591,4.0022
151.115,3.9968,8.5591,4.0022
151.125,3.9968,8.5616,4.0022
151.134,3.9968,8.5616,4.0022
151.143,3.9968,8.5641,4.0022
151.152,3.9968,8.5641,4.0022
151.162,3.9968,8.5641,4.0022
151.169,3.9968,8.5667,4.0022
151.178,3.9968,8.5667,4.0022
151.187,3.9968,8.5692,4.0022
151.197,3.9968,8.5692,4.0022
151.206,3.9968,8.5718,4.0022
151.215,3.9968,8.5718,4.0022
151.224,3.9968,8.5743,4.0022
151.233,3.9968,8.5743,4.0022
151.241,3.9968,8.5743,4.0022
151.250,3.9968,8.5768,4.0022
151.259,3.9968,8.5768,4.0022
151.267,3.9968,8.5794,4.0022
151.276,3.9968,8.5794,4.0022
151.284,3.9968,8.5819,4.0022
151.293,3.9968,8.5819,4.0022
151.301,3.9968,8.5819,4.0022
151.309,3.9968,8.5844,4.0022
151.319,3.9968,8.5844,4.0022
151.327,3.9968,8.5870,4.0022
151.336,3.9968,8.5870,4.0022
151.344,3.9968,8.5895,4.0022
151.354,3.9968,8.5895,4.0022
151.362,3.9968,8.5920,4.0022
151.372,3.9968,8.5920,4.0022
151.380,3.9968,8.5920,4.0022
151.388,3.9968,8.5946,4.0022
151.397,3.9968,8.5946,4.0022
151.406,3.9968,8.5971,4.0022
151.414,3.9968,8.5971,4.0022
151.422,3.9968,8.5996,4.0022
151.433,3.9968,8.5996,4.0022
151.441,3.9968,8.5996,4.0022
151.449,3.9968,8.6022,4.0022
151.460,3.9968,8.6022,4.0022
151.467,3.9968,8.6047,4.0022
151.475,3.9968,8.6047,4.0022
151.484,3.9968,8.6073,4.0022
151.495,3.9968,8.6073,4.0022
151.502,3.9968,8.6098,4.0022
151.513,3.9968,8.6098,4.0022
151.522,3.9968,8.6123,4.0022
151.531,3.9968,8.6123,4.0022
151.540,3.9968,8.6123,4.0022
151.549,3.9968,8.6149,4.0022
151.559,3.9968,8.6149,4.0022
151.565,3.9968,8.6174,4.0022
151.574,3.9968,8.6174,4.0022
151.582,3.9968,8.6199,4.0022
151.591,3.9968,8.6199,4.0022
151.599,3.9968,8.6199,4.0022
151.609,3.9968,8.6225,4.0022
151.617,3.9968,8.6225,4.0022
151.626,3.9968,8.6250,4.0022
151.635,3.9968,8.6250,4.0022
151.644,3.9968,8.6276,4.0022
151.654,3.9968,8.6276,4.0022
151.662,3.9968,8.6301,4.0022
151.673,3.9968,8.6301,4.0022
151.680,3.9968,8.6301,4.0022
151.689,3.9968,8.6326,4.0022
151.699,3.9968,8.6326,4.0022
151.707,3.9968,8.6352,4.0022
151.716,3.9968,8.6352,4.0022
151.725,3.9968,8.6377,4.0022
151.735,3.9968,8.6377,4.0022
151.744,3.9968,8.6403,4.0022
151.754,3.9968,8.6403,4.0022
151.764,3.9968,8.6428,4.0022
151.774,3.9968,8.6428,4.0022
151.783,3.9968,8.6453,4.0022
151.794,3.9968,8.6453,4.0022
151.801,3.9968,8.6453,4.0022
151.811,3.9968,8.6479,4.0022
151.821,3.9968,8.6479,4.0022
151.829,3.9968,8.6504,4.0022
151.839,3.9968,8.6504,4.0022
151.848,3.9968,8.6530,4.0022
151.859,3.9968,8.6530,4.0022
151.866,3.9968,8.6555,4.0022
151.877,3.9968,8.6555,4.0022
151.886,3.9968,8.6580,4.0022
151.896,3.9968,8.6580,4.0022
151.905,3.9968,8.6606,4.0022
151.915,3.9968,8.6606,4.0022
151.924,3.9968,8.6631,4.0022
151.934,3.9968,8.6631,4.0022
151.943,3.9968,8.6657,4.0022
151.954,3.9968,8.6657,4.0022
151.964,3.9968,8.6682,4.0022
151.976,3.9968,8.6682,4.0022
151.985,3.9968,8.6708,4.0022
151.996,3.9968,8.6708,4.0022
152.005,3.9968,8.6733,4.0022
152.014,3.9968,8.6733,4.0022
152.024,3.9968,8.6758,4.0022
152.034,3.9968,8.6758,4.0022
152.042,3.9968,8.6758,4.0022
152.051,3.9968,8.6784,4.0022
152.062,3.9968,8.6809,4.0022
152.071,3.9968,8.6809,4.0022
152.080,3.9968,8.6809,4.0022
152.090,3.9968,8.6835,4.0022
152.099,3.9968,8.6835,4.0022
152.108,3.9968,8.6860,4.0022
152.118,3.9968,8.6860,4.0022
152.128,3.9968,8.6885,4.0022
152.137,3.9968,8.6885,4.0022
152.147,3.9968,8.6911,4.0022
152.159,3.9968,8.6911,4.0022
152.168,3.9968,8.6936,4.0022
152.177,3.9968,8.6936,4.0022
152.187,3.9968,8.6962,4.0022
152.196,3.9968,8.6962,4.0022
152.205,3.9968,8.6987,4.0022
152.215,3.9968,8.6987,4.0022
152.223,3.9968,8.7012,4.0022
152.233,3.9968,8.7012,4.0022
152.241,3.9968,8.7012,4.0022
152.249,3.9968,8.7038,4.0022
152.258,3.9968,8.7038,4.0022
152.267,3.9968,8.7063,4.0022
152.277,3.9968,8.7063,4.0022
152.285,3.9968,8.7089,4.0022
152.295,3.9968,8.7089,4.0022
152.302,3.9968,8.7089,4.0022
152.310,3.9968,8.7114,4.0022
152.318,3.9968,8.7114,4.0022
152.326,3.9968,8.7140,4.0022
152.335,3.9968,8.7140,4.0022
152.343,3.9968,8.7165,4.0022
152.351,3.9968,8.7165,4.0022
152.359,3.9968,8.7165,4.0022
152.367,3.9968,8.7191,4.0022
152.378,3.9968,8.7191,4.0022
152.386,3.9968,8.7216,4.0022
152.396,3.9968,8.7216,4.0022
152.404,3.9968,8.7242,4.0022
152.413,3.9968,8.7242,4.0022
152.422,3.9968,8.7267,4.0022
152.431,3.9968,8.7267,4.0022
152.440,3.9968,8.7267,4.0022
152.448,3.9968,8.7293,4.0022
152.458,3.9968,8.7293,4.0022
152.467,3.9968,8.7318,4.0022
152.475,3.9968,8.7318,4.0022
152.484,3.9968,8.7344,4.0022
152.494,3.9968,8.7344,4.0022
152.502,3.9968,8.7344,4.0022
152.510,3.9968,8.7369,4.0022
152.519,3.9968,8.7369,4.0022
152.527,3.9968,8.7395,4.0022
152.536,3.9968,8.7395,4.0022
152.545,3.9968,8.7420,4.0022
152.556,3.9968,8.7420,4.0022
152.565,3.9968,8.7446,4.0022
152.574,3.9968,8.7446,4.0022
152.582,3.9968,8.7471,4.0022
152.592,3.9968,8.7471,4.0022
152.599,3.9968,8.7471,4.0022
152.608,3.9968,8.7497,4.0022
152.616,3.9968,8.7497,4.0022
152.626,3.9968,8.7522,4.0022
152.636,3.9968,8.7522,4.0022
152.644,3.9968,8.7548,4.0022
152.654,3.9968,8.7548,4.0022
152.661,3.9968,8.7548,4.0022
152.669,3.9968,8.7573,4.0022
152.678,3.9968,8.7573,4.0022
152.686,3.9968,8.7599,4.0022
152.696,3.9968,8.7599,4.0022
152.703,3.9968,8.7624,4.0022
152.712,3.9968,8.7624,4.0022
152.721,3.9968,8.7624,4.0022
152.729,3.9968,8.7649,4.0022
152.738,3.9968,8.7649,4.0022
152.746,3.9968,8.7675,4.0022
152.755,3.9968,8.7675,4.0022
152.763,3.9968,8.7700,4.0022
152.771,3.9968,8.7700,4.0022
152.779,3.9968,8.7700,4.0022
152.789,3.9968,8.7726,4.0022
152.798,3.9968,8.7726,4.0022
152.806,3.9968,8.7751,4.0022
152.816,3.9968,8.7751,4.0022
152.825,3.9968,8.7777,4.0022
152.833,3.9968,8.7777,4.0022
152.842,3.9968,8.7802,4.0022
152.851,3.9968,8.7802,4.0022
152.858,3.9968,8.7802,4.0022
152.865,3.9968,8.7828,4.0022
152.874,3.9968,8.7828,4.0022
152.881,3.9968,8.7828,4.0022
152.890,3.9968,8.7853,4.0022
152.898,3.9968,8.7853,4.0022
152.906,3.9968,8.7879,4.0022
152.916,3.9968,8.7879,4.0022
152.925,3.9968,8.7904,4.0022
152.935,3.9968,8.7904,4.0022
152.942,3.9968,8.7904,4.0022
152.950,3.9968,8.7930,4.0022
152.960,3.9968,8.7930,4.0022
152.968,3.9968,8.7955,4.0022
152.978,3.9968,8.7955,4.0022
152.985,3.9968,8.7980,4.0022
152.997,3.9968,8.7980,4.0022
153.005,3.9968,8.8006,4.0022
153.015,3.9968,8.8006,4.0022
153.024,3.9968,8.8031,4.0022
153.034,3.9968,8.8031,4.0022
153.042,3.9968,8.8057,4.0022
153.053,3.9968,8.8057,4.0022
153.063,3.9968,8.8082,4.0022
153.073,3.9968,8.8082,4.0022
153.082,3.9968,8.8108,4.0022
153.093,3.9968,8.8108,4.0022
153.100,3.9968,8.8108,4.0022
153.109,3.9968,8.8133,4.0022
153.128,3.9968,8.8159,4.0022
153.138,3.9968,8.8159,4.0022
153.147,3.9968,8.8184,4.0022
153.159,3.9968,8.8184,4.0022
153.168,3.9968,8.8210,4.0022
153.180,3.9968,8.8210,4.0022
153.191,3.9968,8.8235,4.0022
153.203,3.9968,8.8261,4.0022
153.213,3.9968,8.8261,4.0022
153.223,3.9968,8.8286,4.0022
153.233,3.9968,8.8286,4.0022
153.242,3.9968,8.8312,4.0022
153.253,3.9968,8.8312,4.0022
153.262,3.9968,8.8312,4.0022
153.271,3.9968,8.8337,4.0022
153.281,3.9968,8.8337,4.0022
153.290,3.9968,8.8362,4.0022
153.300,3.9968,8.8362,4.0022
153.308,3.9968,8.8388,4.0022
153.317,3.9968,8.8388,4.0022
153.326,3.9968,8.8413,4.0022
153.336,3.9968,8.8413,4.0022
153.345,3.9968,8.8439,4.0022
153.355,3.9968,8.8439,4.0022
153.364,3.9968,8.8464,4.0022
153.374,3.9968,8.8464,4.0022
153.383,3.9968,8.8490,4.0022
153.393,3.9968,8.8490,4.0022
153.402,3.9968,8.8515,4.0022
153.412,3.9968,8.8515,4.0022
153.422,3.9968,8.8541,4.0022
153.433,3.9968,8.8541,4.0022
153.441,3.9968,8.8541,4.0022
153.451,3.9968,8.8566,4.0022
153.463,3.9968,8.8592,4.0022
153.471,3.9968,8.8592,4.0022
153.483,3.9968,8.8617,4.0022
153.494,3.9968,8.8617,4.0022
153.501,3.9968,8.8617,4.0022
153.510,3.9968,8.8643,4.0022
153.519,3.9968,8.8643,4.0022
153.527,3.9968,8.8668,4.0022
153.535,3.9968,8.8668,4.0022
153.544,3.9968,8.8694,4.0022
153.552,3.9968,8.8694,4.0022
153.561,3.9968,8.8694,4.0022
153.568,3.9968,8.8719,4.0022
153.578,3.9968,8.8719,4.0022
153.586,3.9968,8.8744,4.0022
153.595,3.9968,8.8744,4.0022
153.605,3.9968,8.8770,4.0022
153.613,3.9968,8.8770,4.0022
153.622,3.9968,8.8770,4.0022
153.629,3.9968,8.8795,4.0022
153.639,3.9968,8.8795,4.0022
153.647,3.9968,8.8821,4.0022
153.657,3.9968,8.8821,4.0022
153.666,3.9968,8.8846,4.0022
153.674,3.9968,8.8846,4.0022
153.682,3.9968,8.8872,4.0022
153.691,3.9968,8.8872,4.0022
153.699,3.9968,8.8872,4.0022
153.707,3.9968,8.8897,4.0022
153.717,3.9968,8.8897,4.0022
153.724,3.9968,8.8923,4.0022
153.733,3.9968,8.8923,4.0022
153.741,3.9968,8.8923,4.0022
153.750,3.9968,8.8948,4.0022
153.761,3.9968,8.8948,4.0022
153.768,3.9968,8.8974,4.0022
153.778,3.9968,8.8974,4.0022
153.786,3.9968,8.8999,4.0022
153.797,3.9968,8.8999,4.0022
153.803,3.9968,8.9025,4.0022
153.814,3.9968,8.9025,4.0022
153.822,3.9968,8.9050,4.0022
153.831,3.9968,8.9050,4.0022
153.840,3.9968,8.9050,4.0022
153.848,3.9968,8.9076,4.0022
153.858,3.9968,8.9076,4.0022
153.864,3.9968,8.9101,4.0022
153.873,3.9968,8.9101,4.0022
153.881,3.9968,8.9101,4.0022
153.889,3.9968,8.9127,4.0022
153.899,3.9968,8.9127,4.0022
153.908,3.9968,8.9152,4.0022
153.917,3.9968,8.9152,4.0022
153.925,3.9968,8.9177,4.0022
153.935,3.9968,8.9177,4.0022
153.943,3.9968,8.9203,4.0022
153.952,3.9968,8.9203,4.0022
153.960,3.9968,8.9203,4.0022
153.968,3.9968,8.9228,4.0022
153.976,3.9968,8.9228,4.0022
153.984,3.9968,8.9254,4.0022
153.994,3.9968,8.9254,4.0022
154.001,3.9968,8.9254,4.0022
154.009,3.9968,8.9279,4.0022
154.019,3.9968,8.9279,4.0022
154.027,3.9968,8.9305,4.0022
154.034,3.9968,8.9305,4.0022
154.042,3.9968,8.9330,4.0022
154.052,3.9968,8.9330,4.0022
154.059,3.9968,8.9330,4.0022
154.066,3.9968,8.9356,4.0022
154.075,3.9968,8.9356,4.0022
154.082,3.9968,8.9381,4.0022
154.093,3.9968,8.9381,4.0022
154.099,3.9968,8.9381,4.0022
154.108,3.9968,8.9407,4.0022
154.118,3.9968,8.9407,4.0022
154.125,3.9968,8.9432,4.0022
154.134,3.9968,8.9432,4.0022
154.141,3.9968,8.9432,4.0022
154.149,3.9968,8.9458,4.0022
154.158,3.9968,8.9458,4.0022
154.165,3.9968,8.9483,4.0022
154.174,3.9968,8.9483,4.0022
154.182,3.9968,8.9509,4.0022
154.190,3.9968,8.9509,4.0022
154.198,3.9968,8.9509,4.0022
154.205,3.9968,8.9534,4.0022
154.215,3.9968,8.9534,4.0022
154.222,3.9968,8.9534,4.0022
154.230,3.9968,8.9560,4.0022
154.238,3.9968,8.9560,4.0022
154.246,3.9968,8.9585,4.0022
154.254,3.9968,8.9585,4.0022
154.263,3.9968,8.9610,4.0022
154.273,3.9968,8.9610,4.0022
154.281,3.9968,8.9610,4.0022
154.291,3.9968,8.9636,4.0022
154.299,3.9968,8.9636,4.0022
154.308,3.9968,8.9661,4.0022
154.317,3.9968,8.9661,4.0022
154.326,3.9968,8.9687,4.0022
154.334,3.9968,8.9687,4.0022
154.342,3.9968,8.9712,4.0022
154.351,3.9968,8.9712,4.0022
154.361,3.9968,8.9712,4.0022
154.370,3.9968,8.9738,4.0022
154.380,3.9968,8.9738,4.0022
154.390,3.9968,8.9763,4.0022
154.399,3.9968,8.9763,4.0022
154.407,3.9968,8.9789,4.0022
154.417,3.9968,8.9789,4.0022
154.426,3.9968,8.9814,4.0022
154.435,3.9968,8.9814,4.0022
154.444,3.9968,8.9840,4.0022
154.454,3.9968,8.9840,4.0022
154.462,3.9968,8.9840,4.0022
154.471,3.9968,8.9865,4.0022
154.482,3.9968,8.9865,4.0022
154.491,3.9968,8.9891,4.0022
154.500,3.9968,8.9891,4.0022
154.509,3.9968,8.9916,4.0022
154.518,3.9968,8.9916,4.0022
154.527,3.9968,8.9942,4.0022
154.536,3.9968,8.9942,4.0022
154.545,3.9968,8.9967,4.0022
154.555,3.9968,8.9967,4.0022
154.563,3.9968,8.9993,4.0022
154.574,3.9968,8.9993,4.0022
154.582,3.9968,9.0018,4.0022
154.592,3.9968,9.0018,4.0022
154.601,3.9968,9.0018,4.0022
154.609,3.9968,9.0044,4.0022
154.619,3.9968,9.0044,4.0022
154.628,3.9968,9.0069,4.0022
154.638,3.9968,9.0069,4.0022
154.646,3.9968,9.0094,4.0022
154.657,3.9968,9.0094,4.0022
154.665,3.9968,9.0120,4.0022
154.674,3.9968,9.0120,4.0022
154.683,3.9968,9.0145,4.0022
154.694,3.9968,9.0145,4.0022
154.701,3.9968,9.0145,4.0022
154.711,3.9968,9.0171,4.0022
154.722,3.9968,9.0196,4.0022
154.731,3.9968,9.0196,4.0022
154.740,3.9968,9.0196,4.0022
154.749,3.9968,9.0222,4.0022
154.759,3.9968,9.0222,4.0022
154.766,3.9968,9.0247,4.0022
154.775,3.9968,9.0247,4.0022
154.783,3.9968,9.0273,4.0022
154.793,3.9968,9.0273,4.0022
154.800,3.9968,9.0273,4.0022
154.809,3.9968,9.0298,4.0022
154.818,3.9968,9.0298,4.0022
154.826,3.9968,9.0324,4.0022
154.835,3.9968,9.0324,4.0022
154.844,3.9968,9.0349,4.0022
154.853,3.9968,9.0349,4.0022
154.861,3.9968,9.0349,4.0022
154.869,3.9968,9.0375,4.0022
154.877,3.9968,9.0375,4.0022
154.886,3.9968,9.0400,4.0022
154.894,3.9968,9.0400,4.0022
154.903,3.9968,9.0425,4.0022
154.911,3.9968,9.0425,4.0022
154.919,3.9968,9.0425,4.0022
154.928,3.9968,9.0451,4.0022
154.936,3.9968,9.0451,4.0022
154.944,3.9968,9.0476,4.0022
154.954,3.9968,9.0476,4.0022
154.963,3.9968,9.0502,4.0022
154.972,3.9968,9.0502,4.0022
154.980,3.9968,9.0502,4.0022
154.988,3.9968,9.0527,4.0022
154.998,3.9968,9.0527,4.0022
155.005,3.9968,9.0553,4.0022
155.015,3.9968,9.0553,4.0022
155.025,3.9968,9.0578,4.0022
155.033,3.9968,9.0578,4.0022
155.041,3.9968,9.0578,4.0022
155.049,3.9968,9.0604,4.0022
155.059,3.9968,9.0604,4.0022
155.066,3.9968,9.0629,4.0022
155.076,3.9968,9.0629,4.0022
155.084,3.9968,9.0655,4.0022
155.093,3.9968,9.0655,4.0022
155.101,3.9968,9.0655,4.0022
155.110,3.9968,9.0680,4.0022
155.119,3.9968,9.0680,4.0022
155.127,3.9968,9.0706,4.0022
155.136,3.9968,9.0706,4.0022
155.145,3.9968,9.0731,4.0022
155.154,3.9968,9.0731,4.0022
155.162,3.9968,9.0731,4.0022
155.169,3.9968,9.0757,4.0022
155.180,3.9968,9.0757,4.0022
155.188,3.9968,9.0782,4.0022
155.197,3.9968,9.0782,4.0022
155.206,3.9968,9.0808,4.0022
155.216,3.9968,9.0808,4.0022
155.223,3.9968,9.0833,4.0022
155.234,3.9968,9.0833,4.0022
155.241,3.9968,9.0833,4.0022
155.250,3.9968,9.0859,4.0022
155.259,3.9968,9.0859,4.0022
155.267,3.9968,9.0884,4.0022
155.276,3.9968,9.0884,4.0022
155.285,3.9968,9.0910,4.0022
155.295,3.9968,9.0910,4.0022
155.302,3.9968,9.0935,4.0022
155.310,3.9968,9.0935,4.0022
155.319,3.9968,9.0935,4.0022
155.328,3.9968,9.0961,4.0022
155.336,3.9968,9.0961,4.0022
155.344,3.9968,9.0986,4.0022
155.353,3.9968,9.0986,4.0022
155.361,3.9968,9.0986,4.0022
155.369,3.9968,9.1012,4.0022
155.378,3.9968,9.1012,4.0022
155.387,3.9968,9.1037,4.0022
155.397,3.9968,9.1037,4.0022
155.405,3.9968,9.1062,4.0022
155.416,3.9968,9.1062,4.0022
155.424,3.9968,9.1088,4.0022
155.433,3.9968,9.1088,4.0022
155.441,3.9968,9.1088,4.0022
155.450,3.9968,9.1113,4.0022
155.459,3.9968,9.1113,4.0022
155.469,3.9968,9.1139,4.0022
155.479,3.9968,9.1139,4.0022
155.486,3.9968,9.1164,4.0022
155.495,3.9968,9.1164,4.0022
155.502,3.9968,9.1164,4.0022
155.511,3.9968,9.1190,4.0022
155.519,3.9968,9.1190,4.0022
155.528,3.9968,9.1215,4.0022
155.539,3.9968,9.1215,4.0022
155.547,3.9968,9.1240,4.0022
155.557,3.9968,9.1240,4.0022
155.565,3.9968,9.1266,4.0022
155.574,3.9968,9.1266,4.0022
155.582,3.9968,9.1291,4.0022
155.596,3.9968,9.1291,4.0022
155.608,3.9968,9.1317,4.0022
155.621,3.9968,9.1317,4.0022
155.633,3.9968,9.1342,4.0022
155.646,3.9968,9.1368,4.0022
155.661,3.9968,9.1368,4.0022
155.670,3.9968,9.1393,4.0022
155.680,3.9968,9.1393,4.0022
155.689,3.9968,9.1419,4.0022
155.699,3.9968,9.1419,4.0022
155.708,3.9968,9.1444,4.0022
155.718,3.9968,9.1444,4.0022
155.727,3.9968,9.1469,4.0022
155.736,3.9968,9.1469,4.0022
155.744,3.9968,9.1495,4.0022
155.755,3.9968,9.1495,4.0022
155.763,3.9968,9.1520,4.0022
155.773,3.9968,9.1520,4.0022
155.782,3.9968,9.1546,4.0022
155.792,3.9968,9.1546,4.0022
155.800,3.9968,9.1546,4.0022
155.808,3.9968,9.1571,4.0022
155.818,3.9968,9.1571,4.0022
155.826,3.9968,9.1597,4.0022
155.836,3.9968,9.1597,4.0022
155.844,3.9968,9.1622,4.0022
155.854,3.9968,9.1622,4.0022
155.863,3.9968,9.1648,4.0022
155.872,3.9968,9.1648,4.0022
155.880,3.9968,9.1648,4.0022
155.890,3.9968,9.1673,4.0022
155.900,3.9968,9.1673,4.0022
155.909,3.9968,9.1699,4.0022
155.919,3.9968,9.1699,4.0022
155.928,3.9968,9.1724,4.0022
155.937,3.9968,9.1724,4.0022
155.945,3.9968,9.1750,4.0022
155.955,3.9968,9.1750,4.0022
155.963,3.9968,9.1775,4.0022
155.974,3.9968,9.1775,4.0022
155.982,3.9968,9.1801,4.0022
155.994,3.9968,9.1801,4.0022
156.001,3.9968,9.1801,4.0022
156.010,3.9968,9.1826,4.0022
156.019,3.9968,9.1826,4.0022
156.027,3.9968,9.1852,4.0022
156.035,3.9968,9.1852,4.0022
156.043,3.9968,9.1877,4.0022
156.053,3.9968,9.1877,4.0022
156.061,3.9968,9.1877,4.0022
156.069,3.9968,9.1903,4.0022
156.078,3.9968,9.1903,4.0022
156.087,3.9968,9.1928,4.0022
156.095,3.9968,9.1928,4.0022
156.103,3.9968,9.1954,4.0022
156.112,3.9968,9.1954,4.0022
156.121,3.9968,9.1954,4.0022
156.130,3.9968,9.1979,4.0022
156.139,3.9968,9.1979,4.0022
156.149,3.9968,9.2005,4.0022
156.160,3.9968,9.2005,4.0022
156.169,3.9968,9.2030,4.0022
156.178,3.9968,9.2030,4.0022
156.186,3.9968,9.2056,4.0022
156.196,3.9968,9.2056,4.0022
156.203,3.9968,9.2081,4.0022
156.212,3.9968,9.2081,4.0022
156.220,3.9968,9.2081,4.0022
156.228,3.9968,9.2107,4.0022
156.236,3.9968,9.2107,4.0022
156.244,3.9968,9.2132,4.0022
156.252,3.9968,9.2132,4.0022
156.262,3.9968,9.2158,4.0022
156.270,3.9968,9.2158,4.0022
156.278,3.9968,9.2158,4.0022
156.286,3.9968,9.2183,4.0022
156.297,3.9968,9.2183,4.0022
156.305,3.9968,9.2209,4.0022
156.314,3.9968,9.2209,4.0022
156.323,3.9968,9.2234,4.0022
156.332,3.9968,9.2234,4.0022
156.340,3.9968,9.2234,4.0022
156.348,3.9968,9.2260,4.0022
156.359,3.9968,9.2260,4.0022
156.365,3.9968,9.2285,4.0022
156.376,3.9968,9.2285,4.0022
156.385,3.9968,9.2311,4.0022
156.394,3.9968,9.2311,4.0022
156.402,3.9968,9.2336,4.0022
156.411,3.9968,9.2336,4.0022
156.420,3.9968,9.2336,4.0022
156.428,3.9968,9.2362,4.0022
156.439,3.9968,9.2362,4.0022
156.447,3.9968,9.2387,4.0022
156.456,3.9968,9.2387,4.0022
156.465,3.9968,9.2413,4.0022
156.475,3.9968,9.2413,4.0022
156.483,3.9968,9.2438,4.0022
156.493,3.9968,9.2438,4.0022
156.500,3.9968,9.2438,4.0022
156.509,3.9968,9.2464,4.0022
156.518,3.9968,9.2464,4.0022
156.526,3.9968,9.2489,4.0022
156.534,3.9968,9.2489,4.0022
156.543,3.9968,9.2515,4.0022
156.553,3.9968,9.2515,4.0022
156.562,3.9968,9.2540,4.0022
156.570,3.9968,9.2540,4.0022
156.578,3.9968,9.2540,4.0022
156.587,3.9968,9.2566,4.0022
156.596,3.9968,9.2566,4.0022
156.603,3.9968,9.2591,4.0022
156.612,3.9968,9.2591,4.0022
156.622,3.9968,9.2617,4.0022
156.631,3.9968,9.2617,4.0022
156.639,3.9968,9.2617,4.0022
156.648,3.9968,9.2642,4.0022
156.658,3.9968,9.2642,4.0022
156.665,3.9968,9.2668,4.0022
156.674,3.9968,9.2668,4.0022
156.683,3.9968,9.2693,4.0022
156.693,3.9968,9.2693,4.0022
156.700,3.9968,9.2693,4.0022
156.708,3.9968,9.2719,4.0022
156.717,3.9968,9.2719,4.0022
156.725,3.9968,9.2744,4.0022
156.734,3.9968,9.2744,4.0022
156.742,3.9968,9.2770,4.0022
156.752,3.9968,9.2770,4.0022
156.760,3.9968,9.2770,4.0022
156.767,3.9968,9.2795,4.0022
156.778,3.9968,9.2795,4.0022
156.785,3.9968,9.2821,4.0022
156.796,3.9968,9.2821,4.0022
156.804,3.9968,9.2846,4.0022
156.814,3.9968,9.2846,4.0022
156.824,3.9968,9.2872,4.0022
156.832,3.9968,9.2872,4.0022
156.841,3.9968,9.2872,4.0022
156.849,3.9968,9.2897,4.0022
156.859,3.9968,9.2897,4.0022
156.868,3.9968,9.2922,4.0022
156.878,3.9968,9.2922,4.0022
156.886,3.9968,9.2948,4.0022
156.896,3.9968,9.2948,4.0022
156.904,3.9968,9.2973,4.0022
156.915,3.9968,9.2973,4.0022
156.924,3.9968,9.2999,4.0022
156.934,3.9968,9.2999,4.0022
156.942,3.9968,9.2999,4.0022
156.951,3.9968,9.3024,4.0022
156.962,3.9968,9.3050,4.0022
156.972,3.9968,9.3050,4.0022
156.981,3.9968,9.3050,4.0022
156.991,3.9968,9.3075,4.0022
157.001,3.9968,9.3075,4.0022
157.010,3.9968,9.3101,4.0022
157.020,3.9968,9.3101,4.0022
157.029,3.9968,9.3126,4.0022
157.038,3.9968,9.3126,4.0022
157.048,3.9968,9.3152,4.0022
157.058,3.9968,9.3152,4.0022
157.066,3.9968,9.3177,4.0022
157.076,3.9968,9.3177,4.0022
157.085,3.9968,9.3202,4.0022
157.096,3.9968,9.3202,4.0022
157.105,3.9968,9.3228,4.0022
157.116,3.9968,9.3228,4.0022
157.126,3.9968,9.3253,4.0022
157.136,3.9968,9.3253,4.0022
157.145,3.9968,9.3279,4.0022
157.157,3.9968,9.3279,4.0022
157.167,3.9968,9.3304,4.0022
157.177,3.9968,9.3304,4.0022
157.187,3.9968,9.3330,4.0022
157.197,3.9968,9.3330,4.0022
157.208,3.9968,9.3355,4.0022
157.219,3.9968,9.3355,4.0022
157.229,3.9968,9.3381,4.0022
157.238,3.9968,9.3381,4.0022
157.248,3.9968,9.3406,4.0022
157.260,3.9968,9.3406,4.0022
157.269,3.9968,9.3432,4.0022
157.279,3.9968,9.3432,4.0022
157.290,3.9968,9.3457,4.0022
157.299,3.9968,9.3457,4.0022
157.309,3.9968,9.3483,4.0022
157.319,3.9968,9.3483,4.0022
157.327,3.9968,9.3508,4.0022
157.335,3.9968,9.3508,4.0022
157.344,3.9968,9.3534,4.0022
157.355,3.9968,9.3534,4.0022
157.363,3.9968,9.3559,4.0022
157.374,3.9968,9.3559,4.0022
157.383,3.9968,9.3585,4.0022
157.393,3.9968,9.3585,4.0022
157.401,3.9968,9.3585,4.0022
157.410,3.9968,9.3610,4.0022
157.419,3.9968,9.3610,4.0022
157.428,3.9968,9.3636,4.0022
157.436,3.9968,9.3636,4.0022
157.445,3.9968,9.3640,4.0022
157.454,3.9968,9.3640,4.0022
157.463,3.9968,9.3640,4.0022
157.473,3.9968,9.3640,4.0022
157.482,3.9968,9.3640,4.0022
157.491,3.9968,9.3640,4.0022
157.500,3.9968,9.3640,4.0022
157.508,3.9968,9.3640,4.0022
157.518,3.9968,9.3640,4.0022
157.526,3.9968,9.3640,4.0022
157.535,3.9968,9.3640,4.0022
157.544,3.9968,9.3640,4.0022
157.554,3.9968,9.3640,4.0022
157.563,3.9968,9.3640,4.0022
157.572,3.9968,9.3640,4.0022
157.581,3.9968,9.3640,4.0022
157.591,3.9968,9.3640,4.0022
157.599,3.9968,9.3640,4.0022
157.608,3.9968,9.3640,4.0022
157.617,3.9968,9.3640,4.0022
157.626,3.9968,9.3640,4.0022
157.634,3.9968,9.3640,4.0022
157.643,3.9968,9.3640,4.0022
157.651,3.9968,9.3640,4.0022
157.660,3.9968,9.3640,4.0022
157.667,3.9968,9.3640,4.0022
157.675,3.9968,9.3640,4.0022
157.684,3.9968,9.3640,4.0022
157.692,3.9968,9.3640,4.0022
157.700,3.9968,9.3640,4.0022
157.707,3.9968,9.3640,4.0022
157.716,3.9968,9.3640,4.0022
157.723,3.9968,9.3640,4.0022
157.732,3.9968,9.3640,4.0022
157.739,3.9968,9.3640,4.0022
157.748,3.9968,9.3640,4.0022
157.758,3.9968,9.3640,4.0022
157.766,3.9968,9.3640,4.0022
157.775,3.9968,9.3640,4.0022
157.782,3.9968,9.3640,4.0022
157.792,3.9968,9.3640,4.0022
157.799,3.9968,9.3640,4.0022
157.808,3.9968,9.3640,4.0022
157.816,3.9968,9.3640,4.0022
157.824,3.9968,9.3640,4.0022
157.832,3.9968,9.3640,4.0022
157.849,3.9968,9.3640,4.0022
157.858,3.9968,9.3640,4.0022
157.866,3.9968,9.3640,4.0022
157.875,3.9968,9.3640,4.0022
157.883,3.9968,9.3640,4.0022
157.893,3.9968,9.3640,4.0022
157.900,3.9968,9.3640,4.0022
157.909,3.9968,9.3640,4.0022
157.917,3.9968,9.3640,4.0022
157.927,3.9968,9.3640,4.0022
157.935,3.9968,9.3640,4.0022
157.943,3.9968,9.3640,4.0022
157.953,3.9968,9.3640,4.0022
157.962,3.9968,9.3640,4.0022
157.970,3.9968,9.3640,4.0022
157.978,3.9968,9.3640,4.0022
157.987,3.9968,9.3640,4.0022
157.997,3.9968,9.3640,4.0022
158.005,3.9968,9.3640,4.0022
158.016,3.9968,9.3640,4.0022
158.026,3.9968,9.3640,4.0022
158.035,3.9968,9.3640,4.0022
158.044,3.9968,9.3640,4.0022
158.055,3.9968,9.3640,4.0022
158.064,3.9968,9.3640,4.0022
158.075,3.9968,9.3640,4.0022
158.084,3.9968,9.3640,4.0022
158.095,3.9968,9.3640,4.0022
158.104,3.9968,9.3640,4.0022
158.114,3.9968,9.3640,4.0022
158.123,3.9968,9.3640,4.0022
158.133,3.9968,9.3640,4.0022
158.141,3.9968,9.3640,4.0022
158.151,3.9968,9.3640,4.0022
158.163,3.9968,9.3640,4.0022
158.173,3.9968,9.3640,4.0022
158.182,3.9968,9.3640,4.0022
158.191,3.9968,9.3640,4.0022
158.202,3.9968,9.3640,4.0022
158.210,3.9968,9.3640,4.0022
158.219,3.9968,9.3640,4.0022
158.229,3.9968,9.3640,4.0022
158.238,3.9968,9.3640,4.0022
158.247,3.9968,9.3640,4.0022
158.259,3.9968,9.3640,4.0022
158.266,3.9968,9.3640,4.0022
158.277,3.9968,9.3640,4.0022
158.286,3.9968,9.3640,4.0022
158.296,3.9968,9.3640,4.0022
158.306,3.9968,9.3640,4.0022
158.318,3.9968,9.3640,4.0022
158.328,3.9968,9.3640,4.0022
158.339,3.9968,9.3640,4.0022
158.348,3.9968,9.3640,4.0022
158.359,3.9968,9.3640,4.0022
158.367,3.9968,9.3640,4.0022
158.378,3.9968,9.3640,4.0022
158.389,3.9968,9.3640,4.0022
158.398,3.9968,9.3640,4.0022
158.407,3.9968,9.3640,4.0022
158.416,3.9968,9.3640,4.0022
158.425,3.9968,9.3640,4.0022
158.435,3.9968,9.3640,4.0022
158.444,3.9968,9.3640,4.0022
158.453,3.9968,9.3640,4.0022
158.461,3.9968,9.3640,4.0022
158.470,3.9968,9.3640,4.0022
158.480,3.9968,9.3640,4.0022
158.490,3.9968,9.3640,4.0022
158.500,3.9968,9.3640,4.0022
158.510,3.9968,9.3640,4.0022
158.521,3.9968,9.3640,4.0022
158.530,3.9968,9.3640,4.0022
158.540,3.9968,9.3640,4.0022
158.549,3.9968,9.3640,4.0019
158.559,3.9968,9.3640,4.0019
158.567,3.9968,9.3640,4.0014
158.577,3.9968,9.3640,4.0014
158.586,3.9968,9.3640,4.0009
158.595,3.9968,9.3640,4.0009
158.603,3.9968,9.3640,4.0002
158.613,3.9968,9.3640,4.0002
158.621,3.9968,9.3640,4.0002
158.630,3.9968,9.3640,3.9980
158.639,3.9968,9.3640,3.9980
158.648,3.9968,9.3640,3.9954
158.658,3.9968,9.3640,3.9954
158.666,3.9968,9.3640,3.9925
158.677,3.9968,9.3640,3.9925
158.686,3.9968,9.3640,3.9892
158.697,3.9968,9.3640,3.9892
158.704,3.9968,9.3640,3.9858
158.714,3.9968,9.3640,3.9858
158.721,3.9968,9.3640,3.9858
158.729,3.9968,9.3640,3.9787
158.738,3.9968,9.3640,3.9787
158.746,3.9968,9.3640,3.9714
158.757,3.9968,9.3640,3.9714
158.764,3.9968,9.3640,3.9637
158.775,3.9968,9.3640,3.9637
158.782,3.9968,9.3640,3.9558
158.792,3.9968,9.3640,3.9558
158.800,3.9968,9.3640,3.9558
158.809,3.9968,9.3640,3.9475
158.819,3.9968,9.3640,3.9475
158.828,3.9968,9.3640,3.9391
158.838,3.9968,9.3640,3.9391
158.846,3.9968,9.3640,3.9305
158.856,3.9968,9.3640,3.9305
158.865,3.9968,9.3640,3.9215
158.874,3.9968,9.3640,3.9215
158.883,3.9968,9.3640,3.9124
158.892,3.9968,9.3640,3.9124
158.899,3.9968,9.3640,3.9124
158.906,3.9968,9.3640,3.9031
158.917,3.9968,9.3640,3.9031
158.925,3.9968,9.3640,3.8935
158.934,3.9968,9.3640,3.8935
158.942,3.9968,9.3640,3.8935
158.950,3.9968,9.3640,3.8752
158.960,3.9968,9.3640,3.8752
158.967,3.9968,9.3640,3.8566
158.978,3.9968,9.3640,3.8566
158.986,3.9968,9.3640,3.8378
158.995,3.9968,9.3640,3.8378
159.002,3.9968,9.3640,3.8186
159.013,3.9968,9.3640,3.8186
159.021,3.9968,9.3640,3.8186
159.029,3.9968,9.3640,3.7991
159.039,3.9968,9.3640,3.7991
159.046,3.9968,9.3640,3.7793
159.057,3.9968,9.3640,3.7793
159.064,3.9968,9.3640,3.7592
159.075,3.9968,9.3640,3.7592
159.083,3.9968,9.3640,3.7389
159.093,3.9968,9.3640,3.7389
159.100,3.9968,9.3640,3.7389
159.109,3.9968,9.3640,3.7181
159.118,3.9968,9.3640,3.7181
159.127,3.9968,9.3640,3.6970
159.137,3.9968,9.3640,3.6970
159.145,3.9968,9.3640,3.6755
159.155,3.9968,9.3640,3.6755
159.163,3.9968,9.3640,3.6536
159.173,3.9968,9.3640,3.6536
159.182,3.9968,9.3640,3.6310
159.193,3.9968,9.3640,3.6310
159.201,3.9968,9.3640,3.6310
159.211,3.9968,9.3640,3.6078
159.220,3.9968,9.3640,3.6078
159.229,3.9968,9.3640,3.5847
159.237,3.9968,9.3640,3.5847
159.244,3.9968,9.3640,3.5616
159.255,3.9968,9.3640,3.5616
159.262,3.9968,9.3640,3.5385
159.271,3.9968,9.3640,3.5385
159.278,3.9968,9.3640,3.5385
159.288,3.9968,9.3640,3.5155
159.297,3.9968,9.3640,3.5155
159.305,3.9968,9.3640,3.4925
159.315,3.9968,9.3640,3.4925
159.322,3.9968,9.3640,3.4696
159.332,3.9968,9.3640,3.4696
159.341,3.9968,9.3640,3.4696
159.349,3.9968,9.3640,3.4468
159.358,3.9968,9.3640,3.4468
159.367,3.9968,9.3640,3.4240
159.377,3.9968,9.3640,3.4240
159.385,3.9968,9.3640,3.4013
159.395,3.9968,9.3640,3.4013
159.403,3.9968,9.3640,3.3786
159.413,3.9968,9.3640,3.3786
159.420,3.9968,9.3640,3.3786
159.430,3.9968,9.3640,3.3560
159.440,3.9968,9.3640,3.3560
159.448,3.9968,9.3640,3.3334
159.459,3.9968,9.3640,3.3334
159.466,3.9968,9.3640,3.3109
159.476,3.9968,9.3640,3.3109
159.484,3.9968,9.3640,3.2884
159.495,3.9968,9.3640,3.2884
159.502,3.9968,9.3640,3.2659
159.512,3.9968,9.3640,3.2659
159.522,3.9968,9.3640,3.2659
159.529,3.9968,9.3640,3.2434
159.540,3.9968,9.3640,3.2434
159.550,3.9968,9.3640,3.2210
159.561,3.9968,9.3640,3.2210
159.571,3.9968,9.3640,3.1985
159.583,3.9968,9.3640,3.1760
159.595,3.9968,9.3640,3.1760
159.603,3.9968,9.3640,3.1535
159.614,3.9968,9.3640,3.1535
159.623,3.9968,9.3640,3.1310
159.633,3.9968,9.3640,3.1310
159.642,3.9968,9.3640,3.1310
159.651,3.9968,9.3640,3.1085
159.661,3.9968,9.3640,3.1085
159.669,3.9968,9.3640,3.0861
159.682,3.9968,9.3640,3.0861
159.691,3.9968,9.3640,3.0636
159.701,3.9968,9.3640,3.0636
159.710,3.9968,9.3640,3.0411
159.721,3.9968,9.3640,3.0411
159.729,3.9968,9.3640,3.0186
159.739,3.9968,9.3640,3.0186
159.747,3.9968,9.3640,2.9961
159.759,3.9968,9.3640,2.9961
159.768,3.9968,9.3640,2.9736
159.778,3.9968,9.3640,2.9736
159.787,3.9968,9.3640,2.9511
159.798,3.9968,9.3640,2.9511
159.806,3.9968,9.3640,2.9286
159.817,3.9968,9.3640,2.9286
159.825,3.9968,9.3640,2.9061
159.835,3.9968,9.3640,2.9061
159.841,3.9968,9.3640,2.9061
159.849,3.9968,9.3640,2.8836
159.860,3.9968,9.3640,2.8836
159.867,3.9968,9.3640,2.8610
159.876,3.9968,9.3640,2.8610
159.884,3.9968,9.3640,2.8385
159.894,3.9968,9.3640,2.8385
159.900,3.9968,9.3640,2.8385
159.909,3.9968,9.3640,2.8159
159.919,3.9968,9.3640,2.8159
159.927,3.9968,9.3640,2.7934
159.935,3.9968,9.3640,2.7934
159.944,3.9968,9.3640,2.7708
159.954,3.9968,9.3640,2.7708
159.962,3.9968,9.3640,2.7708
159.970,3.9968,9.3640,2.7483
159.980,3.9968,9.3640,2.7483
159.988,3.9968,9.3640,2.7258
159.997,3.9968,9.3640,2.7258
160.005,3.9968,9.3640,2.7032
160.014,3.9968,9.3640,2.7032
160.023,3.9968,9.3640,2.6807
160.031,3.9968,9.3640,2.6807
160.040,3.9968,9.3640,2.6807
160.047,3.9968,9.3640,2.6581
160.058,3.9968,9.3640,2.6581
160.067,3.9968,9.3640,2.6354
160.076,3.9968,9.3640,2.6354
160.084,3.9968,9.3640,2.6127
160.097,3.9968,9.3640,2.6127
160.109,3.9968,9.3640,2.5900
160.120,3.9968,9.3640,2.5900
160.129,3.9968,9.3640,2.5672
160.138,3.9968,9.3640,2.5672
160.146,3.9968,9.3640,2.5444
160.155,3.9968,9.3640,2.5444
160.164,3.9968,9.3640,2.5216
160.172,3.9968,9.3640,2.5216
160.180,3.9968,9.3640,2.5216
160.189,3.9968,9.3640,2.4987
160.199,3.9968,9.3640,2.4987
160.207,3.9968,9.3640,2.4759
160.216,3.9968,9.3640,2.4759
160.225,3.9968,9.3640,2.4531
160.234,3.9968,9.3640,2.4531
160.242,3.9968,9.3640,2.4304
160.253,3.9968,9.3640,2.4304
160.261,3.9968,9.3640,2.4304
160.270,3.9968,9.3640,2.4076
160.281,3.9968,9.3640,2.4076
160.289,3.9968,9.3640,2.3849
160.299,3.9968,9.3640,2.3849
160.308,3.9968,9.3640,2.3622
160.317,3.9968,9.3640,2.3622
160.326,3.9968,9.3640,2.3395
160.335,3.9968,9.3640,2.3395
160.344,3.9968,9.3640,2.3168
160.353,3.9968,9.3640,2.3168
160.362,3.9968,9.3640,2.3168
160.370,3.9968,9.3640,2.2940
160.380,3.9968,9.3640,2.2940
160.388,3.9968,9.3640,2.2712
160.398,3.9968,9.3640,2.2712
160.407,3.9968,9.3640,2.2484
160.416,3.9968,9.3640,2.2484
160.425,3.9968,9.3640,2.2254
160.434,3.9968,9.3640,2.2254
160.442,3.9968,9.3640,2.2254
160.449,3.9968,9.3640,2.2025
160.460,3.9968,9.3640,2.2025
160.468,3.9968,9.3640,2.1795
160.477,3.9968,9.3640,2.1795
160.486,3.9968,9.3640,2.1565
160.496,3.9968,9.3640,2.1565
160.505,3.9968,9.3640,2.1334
160.516,3.9968,9.3640,2.1334
160.524,3.9968,9.3640,2.1104
160.534,3.9968,9.3640,2.1104
160.541,3.9968,9.3640,2.1104
160.551,3.9968,9.3640,2.0874
160.559,3.9968,9.3640,2.0874
160.567,3.9968,9.3640,2.0644
160.578,3.9968,9.3640,2.0644
160.587,3.9968,9.3640,2.0415
160.597,3.9968,9.3640,2.0415
160.605,3.9968,9.3640,2.0186
160.616,3.9968,9.3640,2.0186
160.624,3.9968,9.3640,1.9957
160.633,3.9968,9.3640,1.9957
160.642,3.9968,9.3640,1.9728
160.653,3.9968,9.3640,1.9728
160.662,3.9968,9.3640,1.9500
160.672,3.9968,9.3640,1.9500
160.681,3.9968,9.3640,1.9500
160.691,3.9968,9.3640,1.9272
160.700,3.9968,9.3640,1.9272
160.709,3.9968,9.3640,1.9044
160.719,3.9968,9.3640,1.9044
160.728,3.9968,9.3640,1.8816
160.739,3.9968,9.3640,1.8816
160.747,3.9968,9.3640,1.8589
160.757,3.9968,9.3640,1.8589
160.767,3.9968,9.3640,1.8361
160.778,3.9968,9.3640,1.8361
160.787,3.9968,9.3640,1.8134
160.799,3.9968,9.3640,1.8134
160.807,3.9968,9.3640,1.7906
160.819,3.9968,9.3640,1.7906
160.828,3.9968,9.3640,1.7679
160.839,3.9968,9.3640,1.7679
160.850,3.9968,9.3640,1.7451
160.862,3.9968,9.3640,1.7451
160.869,3.9968,9.3640,1.7224
160.879,3.9968,9.3640,1.7224
160.889,3.9968,9.3640,1.6996
160.899,3.9968,9.3640,1.6996
160.908,3.9968,9.3640,1.6769
160.918,3.9968,9.3640,1.6769
160.928,3.9968,9.3640,1.6541
160.938,3.9968,9.3640,1.6541
160.948,3.9968,9.3640,1.6314
160.959,3.9968,9.3640,1.6314
160.967,3.9968,9.3640,1.6087
160.978,3.9968,9.3640,1.6087
160.988,3.9968,9.3640,1.5860
161.000,3.9968,9.3640,1.5860
161.008,3.9968,9.3640,1.5633
161.017,3.9968,9.3640,1.5633
161.026,3.9968,9.3640,1.5406
161.037,3.9968,9.3640,1.5406
161.045,3.9968,9.3640,1.5179
161.058,3.9968,9.3640,1.5179
161.066,3.9968,9.3640,1.4951
161.077,3.9968,9.3640,1.4951
161.086,3.9968,9.3640,1.4724
161.097,3.9968,9.3640,1.4724
161.104,3.9968,9.3640,1.4497
161.115,3.9968,9.3640,1.4497
161.123,3.9968,9.3640,1.4270
161.133,3.9968,9.3640,1.4270
161.141,3.9968,9.3640,1.4270
161.149,3.9968,9.3640,1.4043
161.160,3.9968,9.3640,1.4043
161.167,3.9968,9.3640,1.3816
161.178,3.9968,9.3640,1.3816
161.186,3.9968,9.3640,1.3588
161.196,3.9968,9.3640,1.3588
161.203,3.9968,9.3640,1.3361
161.215,3.9968,9.3640,1.3361
161.224,3.9968,9.3640,1.3134
161.233,3.9968,9.3640,1.3134
161.242,3.9968,9.3640,1.3134
161.250,3.9968,9.3640,1.2907
161.260,3.9968,9.3640,1.2907
161.268,3.9968,9.3640,1.2680
161.278,3.9968,9.3640,1.2680
161.288,3.9968,9.3640,1.2453
161.299,3.9968,9.3640,1.2453
161.307,3.9968,9.3640,1.2226
161.316,3.9968,9.3640,1.2226
161.324,3.9968,9.3640,1.1998
161.337,3.9968,9.3640,1.1998
161.345,3.9968,9.3640,1.1771
161.356,3.9968,9.3640,1.1771
161.366,3.9968,9.3640,1.1544
161.377,3.9968,9.3640,1.1544
161.384,3.9968,9.3640,1.1317
161.394,3.9968,9.3640,1.1317
161.405,3.9968,9.3640,1.1090
161.414,3.9968,9.3640,1.1090
161.423,3.9968,9.3640,1.0862
161.433,3.9968,9.3640,1.0862
161.442,3.9968,9.3640,1.0635
161.452,3.9968,9.3640,1.0635
161.460,3.9968,9.3640,1.0635
161.467,3.9968,9.3640,1.0408
161.477,3.9968,9.3640,1.0408
161.486,3.9968,9.3640,1.0181
161.495,3.9968,9.3640,1.0181
161.504,3.9968,9.3640,0.9954
161.514,3.9968,9.3640,0.9954
161.522,3.9968,9.3640,0.9726
161.531,3.9968,9.3640,0.9726
161.539,3.9968,9.3640,0.9726
161.548,3.9968,9.3640,0.9499
161.558,3.9968,9.3640,0.9499
161.567,3.9968,9.3640,0.9272
161.577,3.9968,9.3640,0.9272
161.585,3.9968,9.3640,0.9045
161.596,3.9968,9.3640,0.9045
161.603,3.9968,9.3640,0.8818
161.615,3.9968,9.3640,0.8818
161.622,3.9968,9.3640,0.8591
161.632,3.9968,9.3640,0.8591
161.641,3.9968,9.3640,0.8591
161.650,3.9968,9.3640,0.8364
161.660,3.9968,9.3640,0.8364
161.667,3.9968,9.3640,0.8137
161.676,3.9968,9.3640,0.8137
161.683,3.9968,9.3640,0.7910
161.694,3.9968,9.3640,0.7910
161.703,3.9968,9.3640,0.7683
161.712,3.9968,9.3640,0.7683
161.721,3.9968,9.3640,0.7683
161.728,3.9968,9.3640,0.7456
161.738,3.9968,9.3640,0.7456
161.746,3.9968,9.3640,0.7229
161.757,3.9968,9.3640,0.7229
161.766,3.9968,9.3640,0.7002
161.776,3.9968,9.3640,0.7002
161.785,3.9968,9.3640,0.6775
161.796,3.9968,9.3640,0.6775
161.803,3.9968,9.3640,0.6548
161.812,3.9968,9.3640,0.6548
161.820,3.9968,9.3640,0.6548
161.829,3.9968,9.3640,0.6320
161.836,3.9968,9.3640,0.6320
161.844,3.9968,9.3640,0.6093
161.852,3.9968,9.3640,0.6093
161.860,3.9968,9.3640,0.6093
161.867,3.9968,9.3640,0.5866
161.877,3.9968,9.3640,0.5866
161.886,3.9968,9.3640,0.5638
161.896,3.9968,9.3640,0.5638
161.904,3.9968,9.3640,0.5411
161.914,3.9968,9.3640,0.5411
161.923,3.9968,9.3640,0.5184
161.932,3.9968,9.3640,0.5184
161.941,3.9968,9.3640,0.5184
161.949,3.9968,9.3640,0.4956
161.959,3.9968,9.3640,0.4956
161.966,3.9968,9.3640,0.4729
161.976,3.9968,9.3640,0.4729
161.984,3.9968,9.3640,0.4502
161.995,3.9968,9.3640,0.4502
162.003,3.9968,9.3640,0.4275
162.014,3.9968,9.3640,0.4275
162.023,3.9968,9.3640,0.4047
162.034,3.9968,9.3640,0.4047
162.042,3.9968,9.3640,0.3820
162.053,3.9968,9.3640,0.3820
162.061,3.9968,9.3640,0.3820
162.068,3.9968,9.3640,0.3593
162.079,3.9968,9.3640,0.3593
162.086,3.9968,9.3640,0.3365
162.097,3.9968,9.3640,0.3365
162.105,3.9968,9.3640,0.3138
162.116,3.9968,9.3640,0.3138
162.125,3.9968,9.3640,0.2911
162.134,3.9968,9.3640,0.2911
162.143,3.9968,9.3640,0.2684
162.153,3.9968,9.3640,0.2684
162.162,3.9968,9.3640,0.2684
162.170,3.9968,9.3640,0.2456
162.180,3.9968,9.3640,0.2456
162.190,3.9968,9.3640,0.2229
162.200,3.9968,9.3640,0.2229
162.211,3.9968,9.3640,0.2002
162.222,3.9968,9.3640,0.1774
162.233,3.9968,9.3640,0.1774
162.242,3.9968,9.3640,0.1547
162.252,3.9968,9.3640,0.1547
162.260,3.9968,9.3640,0.1547
162.268,3.9968,9.3640,0.1320
162.278,3.9968,9.3640,0.1320
162.287,3.9968,9.3640,0.1093
162.297,3.9968,9.3640,0.1093
162.306,3.9968,9.3640,0.0865
162.316,3.9968,9.3640,0.0865
162.326,3.9968,9.3640,0.0638
162.336,3.9968,9.3640,0.0638
162.346,3.9968,9.3640,0.0411
162.358,3.9968,9.3640,0.0411
162.366,3.9968,9.3640,0.0183
162.377,3.9968,9.3640,0.0183
162.387,3.9968,9.3640,-0.0044
162.400,3.9968,9.3640,-0.0044
162.414,3.9968,9.3640,-0.0271
162.425,3.9968,9.3640,-0.0499
162.435,3.9968,9.3640,-0.0499
162.442,3.9968,9.3640,-0.0726
162.453,3.9968,9.3640,-0.0726
162.461,3.9968,9.3640,-0.0726
162.469,3.9968,9.3640,-0.0954
162.478,3.9968,9.3640,-0.0954
162.486,3.9968,9.3640,-0.1181
162.496,3.9968,9.3640,-0.1181
162.504,3.9968,9.3640,-0.1409
162.512,3.9968,9.3640,-0.1409
162.522,3.9968,9.3640,-0.1636
162.531,3.9968,9.3640,-0.1636
162.539,3.9968,9.3640,-0.1636
162.548,3.9968,9.3640,-0.1863
162.558,3.9968,9.3640,-0.1863
162.566,3.9968,9.3640,-0.2091
162.576,3.9968,9.3640,-0.2091
162.584,3.9968,9.3640,-0.2318
162.595,3.9968,9.3640,-0.2318
162.603,3.9968,9.3640,-0.2545
162.612,3.9968,9.3640,-0.2545
162.620,3.9968,9.3640,-0.2545
162.628,3.9968,9.3640,-0.2773
162.638,3.9968,9.3640,-0.2773
162.646,3.9968,9.3640,-0.3000
162.658,3.9968,9.3640,-0.3000
162.665,3.9968,9.3640,-0.3227
162.675,3.9968,9.3640,-0.3227
162.683,3.9968,9.3640,-0.3454
162.693,3.9968,9.3640,-0.3454
162.700,3.9968,9.3640,-0.3454
162.709,3.9968,9.3640,-0.3682
162.719,3.9968,9.3640,-0.3682
162.728,3.9968,9.3640,-0.3909
162.737,3.9968,9.3640,-0.3909
162.745,3.9968,9.3640,-0.4136
162.756,3.9968,9.3640,-0.4136
162.764,3.9968,9.3640,-0.4364
162.774,3.9968,9.3640,-0.4364
162.783,3.9968,9.3640,-0.4591
162.794,3.9968,9.3640,-0.4591
162.802,3.9968,9.3640,-0.4818
162.813,3.9968,9.3640,-0.4818
162.822,3.9968,9.3640,-0.4818
162.830,3.9968,9.3640,-0.5045
162.839,3.9968,9.3640,-0.5045
162.847,3.9968,9.3640,-0.5272
162.857,3.9968,9.3640,-0.5272
162.865,3.9968,9.3640,-0.5500
162.875,3.9968,9.3640,-0.5500
162.883,3.9968,9.3640,-0.5727
162.893,3.9968,9.3640,-0.5727
162.900,3.9968,9.3640,-0.5727
162.909,3.9968,9.3640,-0.5954
162.917,3.9968,9.3640,-0.5954
162.926,3.9968,9.3640,-0.6181
162.936,3.9968,9.3640,-0.6181
162.944,3.9968,9.3640,-0.6408
162.955,3.9968,9.3640,-0.6408
162.962,3.9968,9.3640,-0.6635
162.971,3.9968,9.3640,-0.6635
162.979,3.9968,9.3640,-0.6635
162.988,3.9968,9.3640,-0.6862
162.998,3.9968,9.3640,-0.6862
163.007,3.9968,9.3640,-0.7090
163.017,3.9968,9.3640,-0.7090
163.026,3.9968,9.3640,-0.7317
163.036,3.9968,9.3640,-0.7317
163.044,3.9968,9.3640,-0.7544
163.054,3.9968,9.3640,-0.7544
163.063,3.9968,9.3640,-0.7771
163.071,3.9968,9.3640,-0.7771
163.080,3.9968,9.3640,-0.7771
163.089,3.9968,9.3640,-0.7998
163.098,3.9968,9.3640,-0.7998
163.107,3.9968,9.3640,-0.8225
163.117,3.9968,9.3640,-0.8225
163.126,3.9968,9.3640,-0.8452
163.135,3.9968,9.3640,-0.8452
163.144,3.9968,9.3640,-0.8680
163.156,3.9968,9.3640,-0.8680
163.164,3.9968,9.3640,-0.8907
163.175,3.9968,9.3640,-0.8907
163.183,3.9968,9.3640,-0.9134
163.194,3.9968,9.3640,-0.9134
163.203,3.9968,9.3640,-0.9361
163.213,3.9968,9.3640,-0.9361
163.224,3.9968,9.3640,-0.9588
163.233,3.9968,9.3640,-0.9588
163.241,3.9968,9.3640,-0.9588
163.250,3.9968,9.3640,-0.9815
163.260,3.9968,9.3640,-0.9815
163.269,3.9968,9.3640,-1.0042
163.279,3.9968,9.3640,-1.0042
163.288,3.9968,9.3640,-1.0269
163.298,3.9968,9.3640,-1.0269
163.306,3.9968,9.3640,-1.0496
163.316,3.9968,9.3640,-1.0496
163.325,3.9968,9.3640,-1.0723
163.337,3.9968,9.3640,-1.0723
163.345,3.9968,9.3640,-1.0950
163.356,3.9968,9.3640,-1.0950
163.364,3.9968,9.3640,-1.1177
163.375,3.9968,9.3640,-1.1177
163.384,3.9968,9.3640,-1.1404
163.396,3.9968,9.3640,-1.1404
163.405,3.9968,9.3640,-1.1630
163.417,3.9968,9.3640,-1.1630
163.426,3.9968,9.3640,-1.1857
163.435,3.9968,9.3640,-1.1857
163.445,3.9968,9.3640,-1.2084
163.457,3.9968,9.3640,-1.2084
163.465,3.9968,9.3640,-1.2311
163.476,3.9968,9.3640,-1.2311
163.484,3.9968,9.3640,-1.2537
163.494,3.9968,9.3640,-1.2537
163.503,3.9968,9.3640,-1.2764
163.513,3.9968,9.3640,-1.2764
163.523,3.9968,9.3640,-1.2990
163.533,3.9968,9.3640,-1.2990
163.542,3.9968,9.3640,-1.3217
163.552,3.9968,9.3640,-1.3217
163.560,3.9968,9.3640,-1.3217
163.570,3.9968,9.3640,-1.3443
163.582,3.9968,9.3640,-1.3443
163.590,3.9968,9.3640,-1.3669
163.600,3.9968,9.3640,-1.3669
163.610,3.9968,9.3640,-1.3895
163.619,3.9968,9.3640,-1.3895
163.628,3.9968,9.3640,-1.4121
163.638,3.9968,9.3640,-1.4121
163.647,3.9968,9.3640,-1.4347
163.657,3.9968,9.3640,-1.4347
163.665,3.9968,9.3640,-1.4573
163.675,3.9968,9.3640,-1.4573
163.683,3.9968,9.3640,-1.4799
163.694,3.9968,9.3640,-1.4799
163.702,3.9968,9.3640,-1.4799
163.710,3.9968,9.3640,-1.5025
163.720,3.9968,9.3640,-1.5025
163.729,3.9968,9.3640,-1.5251
163.739,3.9968,9.3640,-1.5251
163.747,3.9968,9.3640,-1.5477
163.758,3.9968,9.3640,-1.5477
163.766,3.9968,9.3640,-1.5703
163.776,3.9968,9.3640,-1.5703
163.784,3.9968,9.3640,-1.5929
163.795,3.9968,9.3640,-1.5929
163.802,3.9968,9.3640,-1.6155
163.814,3.9968,9.3640,-1.6155
163.822,3.9968,9.3640,-1.6381
163.832,3.9968,9.3640,-1.6381
163.839,3.9968,9.3640,-1.6381
163.848,3.9968,9.3640,-1.6607
163.859,3.9968,9.3640,-1.6607
163.866,3.9968,9.3640,-1.6833
163.877,3.9968,9.3640,-1.6833
163.884,3.9968,9.3640,-1.7059
163.895,3.9968,9.3640,-1.7059
163.902,3.9968,9.3640,-1.7285
163.912,3.9968,9.3640,-1.7285
163.920,3.9968,9.3640,-1.7285
163.928,3.9968,9.3640,-1.7511
163.939,3.9968,9.3640,-1.7511
163.946,3.9968,9.3640,-1.7737
163.957,3.9968,9.3640,-1.7737
163.964,3.9968,9.3640,-1.7963
163.975,3.9968,9.3640,-1.7963
163.983,3.9968,9.3640,-1.8189
163.993,3.9968,9.3640,-1.8189
164.001,3.9968,9.3640,-1.8189
164.008,3.9968,9.3640,-1.8414
164.018,3.9968,9.3640,-1.8414
164.026,3.9968,9.3640,-1.8640
164.036,3.9968,9.3640,-1.8640
164.043,3.9968,9.3640,-1.8866
164.055,3.9968,9.3640,-1.8866
164.063,3.9968,9.3640,-1.9092
164.072,3.9968,9.3640,-1.9092
164.081,3.9968,9.3640,-1.9092
164.090,3.9968,9.3640,-1.9318
164.099,3.9968,9.3640,-1.9318
164.108,3.9968,9.3640,-1.9544
164.119,3.9968,9.3640,-1.9544
164.127,3.9968,9.3640,-1.9770
164.137,3.9968,9.3640,-1.9770
164.146,3.9968,9.3640,-1.9996
164.157,3.9968,9.3640,-1.9996
164.164,3.9968,9.3640,-2.0222
164.175,3.9968,9.3640,-2.0222
164.182,3.9968,9.3640,-2.0448
164.192,3.9968,9.3640,-2.0448
164.199,3.9968,9.3640,-2.0448
164.208,3.9968,9.3640,-2.0674
164.217,3.9968,9.3640,-2.0674
164.226,3.9968,9.3640,-2.0899
164.237,3.9968,9.3640,-2.0899
164.245,3.9968,9.3640,-2.1125
164.255,3.9968,9.3640,-2.1125
164.263,3.9968,9.3640,-2.1351
164.273,3.9968,9.3640,-2.1351
164.281,3.9968,9.3640,-2.1351
164.290,3.9968,9.3640,-2.1577
164.299,3.9968,9.3640,-2.1577
164.308,3.9968,9.3640,-2.1803
164.318,3.9968,9.3640,-2.1803
164.326,3.9968,9.3640,-2.2029
164.335,3.9968,9.3640,-2.2029
164.344,3.9968,9.3640,-2.2255
164.354,3.9968,9.3640,-2.2255
164.362,3.9968,9.3640,-2.2481
164.371,3.9968,9.3640,-2.2481
164.380,3.9968,9.3640,-2.2481
164.391,3.9968,9.3640,-2.2706
164.398,3.9968,9.3640,-2.2706
164.407,3.9968,9.3640,-2.2932
164.417,3.9968,9.3640,-2.2932
164.426,3.9968,9.3640,-2.3158
164.437,3.9968,9.3640,-2.3158
164.446,3.9968,9.3640,-2.3384
164.459,3.9968,9.3640,-2.3384
164.466,3.9968,9.3640,-2.3609
164.478,3.9968,9.3640,-2.3609
164.487,3.9968,9.3640,-2.3835
164.497,3.9968,9.3640,-2.3835
164.506,3.9968,9.3640,-2.4061
164.517,3.9968,9.3640,-2.4061
164.524,3.9968,9.3640,-2.4287
164.536,3.9968,9.3640,-2.4287
164.544,3.9968,9.3640,-2.4512
164.554,3.9968,9.3640,-2.4512
164.564,3.9968,9.3640,-2.4738
164.575,3.9968,9.3640,-2.4738
164.584,3.9968,9.3640,-2.4964
164.595,3.9968,9.3640,-2.4964
164.604,3.9968,9.3640,-2.5190
164.614,3.9968,9.3640,-2.5190
164.623,3.9968,9.3640,-2.5415
164.634,3.9968,9.3640,-2.5415
164.643,3.9968,9.3640,-2.5641
164.653,3.9968,9.3640,-2.5641
164.664,3.9968,9.3640,-2.5867
164.676,3.9968,9.3640,-2.5867
164.684,3.9968,9.3640,-2.6093
164.709,3.9968,9.3640,-2.6318
164.721,3.9968,9.3640,-2.6318
164.739,3.9968,9.3640,-2.6544
164.748,3.9968,9.3640,-2.6769
164.759,3.9968,9.3640,-2.6769
164.767,3.9968,9.3640,-2.6995
164.777,3.9968,9.3640,-2.6995
164.787,3.9968,9.3640,-2.7220
164.797,3.9968,9.3640,-2.7220
164.807,3.9968,9.3640,-2.7445
164.819,3.9968,9.3640,-2.7445
164.828,3.9968,9.3640,-2.7671
164.839,3.9968,9.3640,-2.7671
164.849,3.9968,9.3640,-2.7896
164.859,3.9968,9.3640,-2.7896
164.867,3.9968,9.3640,-2.8121
164.878,3.9968,9.3640,-2.8121
164.886,3.9968,9.3640,-2.8346
164.897,3.9968,9.3640,-2.8346
164.907,3.9968,9.3640,-2.8571
164.918,3.9968,9.3640,-2.8571
164.928,3.9968,9.3640,-2.8796
164.939,3.9968,9.3640,-2.8796
164.947,3.9968,9.3640,-2.9021
164.957,3.9968,9.3640,-2.9021
164.964,3.9968,9.3640,-2.9246
164.974,3.9968,9.3640,-2.9246
164.981,3.9968,9.3640,-2.9246
164.990,3.9968,9.3640,-2.9471
165.000,3.9968,9.3640,-2.9471
165.007,3.9968,9.3640,-2.9695
165.017,3.9968,9.3640,-2.9695
165.027,3.9968,9.3640,-2.9920
165.035,3.9968,9.3640,-2.9920
165.043,3.9968,9.3640,-3.0144
165.054,3.9968,9.3640,-3.0144
165.063,3.9968,9.3640,-3.0369
165.071,3.9968,9.3640,-3.0369
165.079,3.9968,9.3640,-3.0369
165.089,3.9968,9.3640,-3.0594
165.097,3.9968,9.3640,-3.0594
165.107,3.9968,9.3640,-3.0818
165.116,3.9968,9.3640,-3.0818
165.125,3.9968,9.3640,-3.1043
165.134,3.9968,9.3640,-3.1043
165.143,3.9968,9.3640,-3.1268
165.151,3.9968,9.3640,-3.1268
165.160,3.9968,9.3640,-3.1268
165.166,3.9968,9.3640,-3.1492
165.176,3.9968,9.3640,-3.1492
165.184,3.9968,9.3640,-3.1717
165.194,3.9968,9.3640,-3.1717
165.202,3.9968,9.3640,-3.1942
165.212,3.9968,9.3640,-3.1942
165.221,3.9968,9.3640,-3.1942
165.229,3.9968,9.3640,-3.2166
165.238,3.9968,9.3640,-3.2166
165.244,3.9968,9.3640,-3.2391
165.255,3.9968,9.3640,-3.2391
165.263,3.9968,9.3640,-3.2616
165.273,3.9968,9.3640,-3.2616
165.281,3.9968,9.3640,-3.2616
165.289,3.9968,9.3640,-3.2840
165.300,3.9968,9.3640,-3.2840
165.308,3.9968,9.3640,-3.3065
165.318,3.9968,9.3640,-3.3065
165.326,3.9968,9.3640,-3.3289
165.335,3.9968,9.3640,-3.3289
165.342,3.9968,9.3640,-3.3514
165.353,3.9968,9.3640,-3.3514
165.361,3.9968,9.3640,-3.3514
165.369,3.9968,9.3640,-3.3738
165.379,3.9968,9.3640,-3.3738
165.388,3.9968,9.3640,-3.3963
165.398,3.9968,9.3640,-3.3963
165.406,3.9968,9.3640,-3.4187
165.417,3.9968,9.3640,-3.4187
165.426,3.9968,9.3640,-3.4412
165.435,3.9968,9.3640,-3.4412
165.444,3.9968,9.3640,-3.4636
165.455,3.9968,9.3640,-3.4636
165.464,3.9968,9.3640,-3.4861
165.473,3.9968,9.3640,-3.4861
165.481,3.9968,9.3640,-3.4861
165.491,3.9968,9.3640,-3.5085
165.501,3.9968,9.3640,-3.5085
165.509,3.9968,9.3640,-3.5310
165.518,3.9968,9.3640,-3.5310
165.527,3.9968,9.3640,-3.5534
165.536,3.9968,9.3640,-3.5534
165.544,3.9968,9.3640,-3.5759
165.554,3.9968,9.3640,-3.5759
165.562,3.9968,9.3640,-3.5983
165.571,3.9968,9.3640,-3.5983
165.580,3.9968,9.3640,-3.5983
165.589,3.9968,9.3640,-3.6207
165.599,3.9968,9.3640,-3.6207
165.608,3.9968,9.3640,-3.6432
165.618,3.9968,9.3640,-3.6432
165.628,3.9968,9.3640,-3.6656
165.639,3.9968,9.3640,-3.6656
165.648,3.9968,9.3640,-3.6880
165.658,3.9968,9.3640,-3.6880
165.666,3.9968,9.3640,-3.7105
165.676,3.9968,9.3640,-3.7105
165.686,3.9968,9.3640,-3.7329
165.696,3.9968,9.3640,-3.7329
165.705,3.9968,9.3640,-3.7553
165.716,3.9968,9.3640,-3.7553
165.724,3.9968,9.3640,-3.7777
165.735,3.9968,9.3640,-3.7777
165.743,3.9968,9.3640,-3.8001
165.754,3.9968,9.3640,-3.8001
165.764,3.9968,9.3640,-3.8224
165.775,3.9968,9.3640,-3.8224
165.784,3.9968,9.3640,-3.8448
165.796,3.9968,9.3640,-3.8448
165.804,3.9968,9.3640,-3.8672
165.815,3.9968,9.3640,-3.8672
165.823,3.9968,9.3640,-3.8896
165.833,3.9968,9.3640,-3.8896
165.843,3.9968,9.3640,-3.9119
165.853,3.9968,9.3640,-3.9119
165.863,3.9968,9.3640,-3.9342
165.873,3.9968,9.3640,-3.9342
165.881,3.9968,9.3640,-3.9342
165.891,3.9968,9.3640,-3.9565
165.901,3.9968,9.3640,-3.9565
165.911,3.9968,9.3640,-3.9786
165.922,3.9968,9.3640,-3.9786
165.931,3.9968,9.3640,-4.0007
165.941,3.9968,9.3640,-4.0007
165.951,3.9968,9.3640,-4.0225
165.961,3.9968,9.3640,-4.0225
165.969,3.9968,9.3640,-4.0441
165.978,3.9968,9.3640,-4.0441
165.988,3.9968,9.3640,-4.0656
166.000,3.9968,9.3640,-4.0656
166.010,3.9968,9.3640,-4.0870
166.021,3.9968,9.3640,-4.0870
166.029,3.9968,9.3640,-4.1083
166.039,3.9968,9.3640,-4.1083
166.048,3.9968,9.3640,-4.1296
166.059,3.9968,9.3640,-4.1296
166.068,3.9968,9.3640,-4.1509
166.078,3.9968,9.3640,-4.1509
166.088,3.9968,9.3640,-4.1722
166.097,3.9968,9.3640,-4.1722
166.105,3.9968,9.3640,-4.1935
166.116,3.9968,9.3640,-4.1935
166.125,3.9968,9.3640,-4.2148
166.134,3.9968,9.3640,-4.2148
166.143,3.9968,9.3640,-4.2362
166.153,3.9968,9.3640,-4.2362
166.162,3.9968,9.3640,-4.2362
166.171,3.9968,9.3640,-4.2575
166.182,3.9968,9.3640,-4.2575
166.192,3.9968,9.3640,-4.2788
166.201,3.9968,9.3640,-4.2788
166.210,3.9968,9.3640,-4.3001
166.220,3.9968,9.3640,-4.3001
166.229,3.9968,9.3640,-4.3215
166.238,3.9968,9.3640,-4.3215
166.246,3.9968,9.3640,-4.3428
166.255,3.9968,9.3640,-4.3428
166.264,3.9968,9.3640,-4.3641
166.274,3.9968,9.3640,-4.3641
166.283,3.9968,9.3640,-4.3855
166.294,3.9968,9.3640,-4.3855
166.301,3.9968,9.3640,-4.3855
166.310,3.9968,9.3640,-4.4068
166.320,3.9968,9.3640,-4.4068
166.328,3.9968,9.3640,-4.4281
166.337,3.9968,9.3640,-4.4281
166.346,3.9968,9.3640,-4.4495
166.357,3.9968,9.3640,-4.4495
166.365,3.9968,9.3640,-4.4707
166.374,3.9968,9.3640,-4.4707
166.382,3.9968,9.3640,-4.4707
166.391,3.9968,9.3640,-4.4919
166.400,3.9968,9.3640,-4.4919
166.408,3.9968,9.3640,-4.5129
166.419,3.9968,9.3640,-4.5129
166.427,3.9968,9.3640,-4.5339
166.436,3.9968,9.3640,-4.5339
166.444,3.9968,9.3640,-4.5544
166.454,3.9968,9.3640,-4.5544
166.462,3.9968,9.3640,-4.5747
166.471,3.9968,9.3640,-4.5747
166.480,3.9968,9.3640,-4.5747
166.489,3.9968,9.3640,-4.5937
166.498,3.9968,9.3640,-4.5937
166.506,3.9968,9.3640,-4.6122
166.516,3.9968,9.3640,-4.6122
166.526,3.9968,9.3640,-4.6216
166.536,3.9968,9.3640,-4.6216
166.544,3.9968,9.3640,-4.6306
166.554,3.9968,9.3640,-4.6306
166.562,3.9968,9.3640,-4.6391
166.572,3.9968,9.3640,-4.6391
166.582,3.9968,9.3640,-4.6391
166.591,3.9968,9.3640,-4.6472
166.601,3.9968,9.3640,-4.6472
166.609,3.9968,9.3640,-4.6550
166.618,3.9968,9.3640,-4.6550
166.628,3.9968,9.3640,-4.6626
166.636,3.9968,9.3640,-4.6626
166.645,3.9968,9.3640,-4.6701
166.654,3.9968,9.3640,-4.6701
166.664,3.9968,9.3640,-4.6777
166.673,3.9968,9.3640,-4.6777
166.682,3.9968,9.3640,-4.6852
166.692,3.9968,9.3640,-4.6852
166.699,3.9968,9.3640,-4.6852
166.709,3.9968,9.3640,-4.6927
166.719,3.9968,9.3640,-4.6927
166.728,3.9968,9.3640,-4.7002
166.737,3.9968,9.3640,-4.7002
166.746,3.9968,9.3640,-4.7077
166.757,3.9968,9.3640,-4.7077
166.765,3.9968,9.3640,-4.7153
166.776,3.9968,9.3640,-4.7153
166.783,3.9968,9.3640,-4.7228
166.793,3.9968,9.3640,-4.7228
166.800,3.9968,9.3640,-4.7228
166.809,3.9968,9.3640,-4.7303
166.819,3.9968,9.3640,-4.7303
166.826,3.9968,9.3640,-4.7378
166.837,3.9968,9.3640,-4.7378
166.844,3.9968,9.3640,-4.7453
166.854,3.9968,9.3640,-4.7453
166.862,3.9968,9.3640,-4.7529
166.874,3.9968,9.3640,-4.7529
166.881,3.9968,9.3640,-4.7529
166.890,3.9968,9.3640,-4.7605
166.900,3.9968,9.3640,-4.7605
166.908,3.9968,9.3640,-4.7681
166.918,3.9968,9.3640,-4.7681
166.927,3.9968,9.3640,-4.7758
166.935,3.9968,9.3640,-4.7758
166.945,3.9968,9.3640,-4.7834
166.955,3.9968,9.3640,-4.7834
166.964,3.9968,9.3640,-4.7910
166.973,3.9968,9.3640,-4.7910
166.983,3.9968,9.3640,-4.7987
166.993,3.9968,9.3640,-4.7987
167.001,3.9968,9.3640,-4.7987
167.010,3.9968,9.3640,-4.8064
167.021,3.9968,9.3640,-4.8064
167.030,3.9968,9.3640,-4.8140
167.040,3.9968,9.3640,-4.8140
167.049,3.9968,9.3640,-4.8217
167.067,3.9968,9.3640,-4.8293
167.078,3.9968,9.3640,-4.8293
167.087,3.9968,9.3640,-4.8370
167.097,3.9968,9.3640,-4.8370
167.108,3.9968,9.3640,-4.8447
167.118,3.9968,9.3640,-4.8447
167.127,3.9968,9.3640,-4.8524
167.138,3.9968,9.3640,-4.8524
167.147,3.9968,9.3640,-4.8600
167.159,3.9968,9.3640,-4.8600
167.167,3.9968,9.3640,-4.8677
167.178,3.9968,9.3640,-4.8677
167.186,3.9968,9.3640,-4.8755
167.198,3.9968,9.3640,-4.8755
167.207,3.9968,9.3640,-4.8832
167.218,3.9968,9.3640,-4.8832
167.228,3.9968,9.3640,-4.8910
167.239,3.9968,9.3640,-4.8910
167.246,3.9968,9.3640,-4.8987
167.257,3.9968,9.3640,-4.8987
167.266,3.9968,9.3640,-4.9065
167.277,3.9968,9.3640,-4.9065
167.287,3.9968,9.3640,-4.9142
167.297,3.9968,9.3640,-4.9142
167.306,3.9968,9.3640,-4.9220
167.317,3.9968,9.3640,-4.9220
167.326,3.9968,9.3640,-4.9298
167.337,3.9968,9.3640,-4.9298
167.346,3.9968,9.3640,-4.9376
167.358,3.9968,9.3640,-4.9376
167.366,3.9968,9.3640,-4.9454
167.377,3.9968,9.3640,-4.9454
167.388,3.9968,9.3640,-4.9532
167.398,3.9968,9.3640,-4.9532
167.408,3.9968,9.3640,-4.9611
167.419,3.9968,9.3640,-4.9611
167.429,3.9968,9.3640,-4.9690
167.456,3.9968,9.3640,-4.9769
167.469,3.9968,9.3640,-4.9849
167.481,3.9968,9.3640,-4.9849
167.491,3.9968,9.3640,-4.9929
167.500,3.9968,9.3640,-4.9929
167.510,3.9968,9.3640,-5.0009
167.521,3.9968,9.3640,-5.0009
167.529,3.9968,9.3640,-5.0089
167.538,3.9968,9.3640,-5.0089
167.547,3.9968,9.3640,-5.0169
167.558,3.9968,9.3640,-5.0169
167.567,3.9968,9.3640,-5.0249
167.576,3.9968,9.3640,-5.0249
167.586,3.9968,9.3640,-5.0329
167.597,3.9968,9.3640,-5.0329
167.606,3.9968,9.3640,-5.0410
167.617,3.9968,9.3640,-5.0410
167.626,3.9968,9.3640,-5.0490
167.635,3.9968,9.3640,-5.0490
167.643,3.9968,9.3640,-5.0570
167.653,3.9968,9.3640,-5.0570
167.662,3.9968,9.3640,-5.0650
167.671,3.9968,9.3640,-5.0650
167.680,3.9968,9.3640,-5.0650
167.689,3.9968,9.3640,-5.0731
167.699,3.9968,9.3640,-5.0731
167.707,3.9968,9.3640,-5.0811
167.716,3.9968,9.3640,-5.0811
167.725,3.9968,9.3640,-5.0892
167.733,3.9968,9.3640,-5.0892
167.742,3.9968,9.3640,-5.0972
167.752,3.9968,9.3640,-5.0972
167.760,3.9968,9.3640,-5.0972
167.769,3.9968,9.3640,-5.1052
167.779,3.9968,9.3640,-5.1052
167.788,3.9968,9.3640,-5.1133
167.798,3.9968,9.3640,-5.1133
167.807,3.9968,9.3640,-5.1213
167.818,3.9968,9.3640,-5.1213
167.827,3.9968,9.3640,-5.1293
167.836,3.9968,9.3640,-5.1293
167.845,3.9968,9.3640,-5.1374
167.855,3.9968,9.3640,-5.1374
167.864,3.9968,9.3640,-5.1454
167.873,3.9968,9.3640,-5.1454
167.882,3.9968,9.3640,-5.1535
167.892,3.9968,9.3640,-5.1535
167.899,3.9968,9.3640,-5.1535
167.907,3.9968,9.3640,-5.1615
167.916,3.9968,9.3640,-5.1615
167.926,3.9968,9.3640,-5.1695
167.935,3.9968,9.3640,-5.1695
167.945,3.9968,9.3640,-5.1776
167.954,3.9968,9.3640,-5.1776
167.961,3.9968,9.3640,-5.1776
167.970,3.9968,9.3640,-5.1856
167.978,3.9968,9.3640,-5.1856
167.987,3.9968,9.3640,-5.1936
167.996,3.9968,9.3640,-5.1936
168.005,3.9968,9.3640,-5.2017
168.014,3.9968,9.3640,-5.2017
168.024,3.9968,9.3640,-5.2097
168.033,3.9968,9.3640,-5.2097
168.040,3.9968,9.3640,-5.2097
168.049,3.9968,9.3640,-5.2178
168.058,3.9968,9.3640,-5.2178
168.067,3.9968,9.3640,-5.2258
168.076,3.9968,9.3640,-5.2258
168.084,3.9968,9.3640,-5.2338
168.094,3.9968,9.3640,-5.2338
168.102,3.9968,9.3640,-5.2419
168.114,3.9968,9.3640,-5.2419
168.122,3.9968,9.3640,-5.2499
168.132,3.9968,9.3640,-5.2499
168.141,3.9968,9.3640,-5.2499
168.149,3.9968,9.3640,-5.2579
168.159,3.9968,9.3640,-5.2579
168.168,3.9968,9.3640,-5.2660
168.178,3.9968,9.3640,-5.2660
168.187,3.9968,9.3640,-5.2740
168.197,3.9968,9.3640,-5.2740
168.205,3.9968,9.3640,-5.2821
168.213,3.9968,9.3640,-5.2821
168.222,3.9968,9.3640,-5.2901
168.232,3.9968,9.3640,-5.2901
168.240,3.9968,9.3640,-5.2901
168.250,3.9968,9.3640,-5.2981
168.261,3.9968,9.3640,-5.2981
168.270,3.9968,9.3640,-5.3062
168.281,3.9968,9.3640,-5.3062
168.290,3.9968,9.3640,-5.3142
168.300,3.9968,9.3640,-5.3142
168.308,3.9968,9.3640,-5.3222
168.319,3.9968,9.3640,-5.3222
168.329,3.9968,9.3640,-5.3303
168.339,3.9968,9.3640,-5.3303
168.347,3.9968,9.3640,-5.3383
168.357,3.9968,9.3640,-5.3383
168.365,3.9968,9.3640,-5.3463
168.375,3.9968,9.3640,-5.3463
168.383,3.9968,9.3640,-5.3544
168.394,3.9968,9.3640,-5.3544
168.403,3.9968,9.3640,-5.3624
168.413,3.9968,9.3640,-5.3624
168.422,3.9968,9.3640,-5.3704
168.433,3.9968,9.3640,-5.3704
168.442,3.9968,9.3640,-5.3784
168.452,3.9968,9.3640,-5.3784
168.460,3.9968,9.3640,-5.3784
168.470,3.9968,9.3640,-5.3864
168.478,3.9968,9.3640,-5.3864
168.488,3.9968,9.3640,-5.3944
168.498,3.9968,9.3640,-5.3944
168.507,3.9968,9.3640,-5.4024
168.517,3.9968,9.3640,-5.4024
168.526,3.9968,9.3640,-5.4104
168.536,3.9968,9.3640,-5.4104
168.545,3.9968,9.3640,-5.4184
168.555,3.9968,9.3640,-5.4184
168.564,3.9968,9.3640,-5.4264
168.573,3.9968,9.3640,-5.4264
168.582,3.9968,9.3640,-5.4344
168.593,3.9968,9.3640,-5.4344
168.601,3.9968,9.3640,-5.4344
168.610,3.9968,9.3640,-5.4423
168.620,3.9968,9.3640,-5.4423
168.629,3.9968,9.3640,-5.4503
168.639,3.9968,9.3640,-5.4503
168.649,3.9968,9.3640,-5.4583
168.660,3.9968,9.3640,-5.4583
168.668,3.9968,9.3640,-5.4663
168.679,3.9968,9.3640,-5.4663
168.687,3.9968,9.3640,-5.4742
168.697,3.9968,9.3640,-5.4742
168.706,3.9968,9.3640,-5.4822
168.715,3.9968,9.3640,-5.4822
168.725,3.9968,9.3640,-5.4902
168.735,3.9968,9.3640,-5.4902
168.745,3.9968,9.3640,-5.4982
168.755,3.9968,9.3640,-5.4982
168.763,3.9968,9.3640,-5.5062
168.773,3.9968,9.3640,-5.5062
168.779,3.9968,9.3640,-5.5062
168.789,3.9968,9.3640,-5.5142
168.805,3.9968,9.3640,-5.5221
168.814,3.9968,9.3640,-5.5221
168.822,3.9968,9.3640,-5.5301
168.832,3.9968,9.3640,-5.5301
168.839,3.9968,9.3640,-5.5301
168.848,3.9968,9.3640,-5.5381
168.858,3.9968,9.3640,-5.5381
168.866,3.9968,9.3640,-5.5461
168.877,3.9968,9.3640,-5.5461
168.885,3.9968,9.3640,-5.5541
168.895,3.9968,9.3640,-5.5541
168.903,3.9968,9.3640,-5.5620
168.912,3.9968,9.3640,-5.5620
168.921,3.9968,9.3640,-5.5620
168.930,3.9968,9.3640,-5.5700
168.938,3.9968,9.3640,-5.5700
168.948,3.9968,9.3640,-5.5779
168.959,3.9968,9.3640,-5.5779
168.966,3.9968,9.3640,-5.5859
168.975,3.9968,9.3640,-5.5859
168.984,3.9968,9.3640,-5.5938
168.993,3.9968,9.3640,-5.5938
169.000,3.9968,9.3640,-5.5938
169.009,3.9968,9.3640,-5.6018
169.017,3.9968,9.3640,-5.6018
169.027,3.9968,9.3640,-5.6097
169.035,3.9968,9.3640,-5.6097
169.044,3.9968,9.3640,-5.6176
169.055,3.9968,9.3640,-5.6176
169.063,3.9968,9.3640,-5.6256
169.073,3.9968,9.3640,-5.6256
169.081,3.9968,9.3640,-5.6256
169.090,3.9968,9.3640,-5.6335
169.099,3.9968,9.3640,-5.6335
169.108,3.9968,9.3640,-5.6414
169.118,3.9968,9.3640,-5.6414
169.126,3.9968,9.3640,-5.6494
169.136,3.9968,9.3640,-5.6494
169.144,3.9968,9.3640,-5.6573
169.154,3.9968,9.3640,-5.6573
169.163,3.9968,9.3640,-5.6652
169.171,3.9968,9.3640,-5.6652
169.179,3.9968,9.3640,-5.6652
169.189,3.9968,9.3640,-5.6732
169.198,3.9968,9.3640,-5.6732
169.207,3.9968,9.3640,-5.6811
169.215,3.9968,9.3640,-5.6811
169.225,3.9968,9.3640,-5.6890
169.233,3.9968,9.3640,-5.6890
169.241,3.9968,9.3640,-5.6890
169.250,3.9968,9.3640,-5.6970
169.259,3.9968,9.3640,-5.6970
169.267,3.9968,9.3640,-5.7049
169.275,3.9968,9.3640,-5.7049
169.283,3.9968,9.3640,-5.7129
169.292,3.9968,9.3640,-5.7129
169.300,3.9968,9.3640,-5.7129
169.308,3.9968,9.3640,-5.7208
169.318,3.9968,9.3640,-5.7208
169.326,3.9968,9.3640,-5.7288
169.334,3.9968,9.3640,-5.7288
169.342,3.9968,9.3640,-5.7367
169.352,3.9968,9.3640,-5.7367
169.360,3.9968,9.3640,-5.7367
169.369,3.9968,9.3640,-5.7446
169.378,3.9968,9.3640,-5.7446
169.387,3.9968,9.3640,-5.7525
169.396,3.9968,9.3640,-5.7525
169.404,3.9968,9.3640,-5.7604
169.414,3.9968,9.3640,-5.7604
169.430,3.9968,9.3640,-5.7683
169.438,3.9968,9.3640,-5.7683
169.447,3.9968,9.3640,-5.7762
169.457,3.9968,9.3640,-5.7762
169.467,3.9968,9.3640,-5.7841
169.477,3.9968,9.3640,-5.7841
169.486,3.9968,9.3640,-5.7920
169.497,3.9968,9.3640,-5.7920
169.506,3.9968,9.3640,-5.8000
169.516,3.9968,9.3640,-5.8000
169.526,3.9968,9.3640,-5.8079
169.535,3.9968,9.3640,-5.8079
169.545,3.9968,9.3640,-5.8158
169.557,3.9968,9.3640,-5.8158
169.564,3.9968,9.3640,-5.8238
169.574,3.9968,9.3640,-5.8238
169.582,3.9968,9.3640,-5.8317
169.594,3.9968,9.3640,-5.8317
169.602,3.9968,9.3640,-5.8396
169.612,3.9968,9.3640,-5.8396
169.622,3.9968,9.3640,-5.8476
169.633,3.9968,9.3640,-5.8476
169.642,3.9968,9.3640,-5.8555
169.654,3.9968,9.3640,-5.8555
169.662,3.9968,9.3640,-5.8555
169.671,3.9968,9.3640,-5.8634
169.681,3.9968,9.3640,-5.8634
169.690,3.9968,9.3640,-5.8713
169.701,3.9968,9.3640,-5.8713
169.710,3.9968,9.3640,-5.8792
169.721,3.9968,9.3640,-5.8792
169.731,3.9968,9.3640,-5.8871
169.742,3.9968,9.3640,-5.8871
169.751,3.9968,9.3640,-5.8950
169.761,3.9968,9.3640,-5.8950
169.768,3.9968,9.3640,-5.9030
169.779,3.9968,9.3640,-5.9030
169.787,3.9968,9.3640,-5.9109
169.798,3.9968,9.3640,-5.9109
169.806,3.9968,9.3640,-5.9189
169.815,3.9968,9.3640,-5.9189
169.825,3.9968,9.3640,-5.9268
169.835,3.9968,9.3640,-5.9268
169.843,3.9968,9.3640,-5.9348
169.853,3.9968,9.3640,-5.9348
169.862,3.9968,9.3640,-5.9348
169.869,3.9968,9.3640,-5.9427
169.880,3.9968,9.3640,-5.9427
169.891,3.9968,9.3640,-5.9507
169.901,3.9968,9.3640,-5.9507
169.910,3.9968,9.3640,-5.9586
169.921,3.9968,9.3640,-5.9586
169.929,3.9968,9.3640,-5.9666
169.939,3.9968,9.3640,-5.9666
169.948,3.9968,9.3640,-5.9745
169.959,3.9968,9.3640,-5.9745
169.968,3.9968,9.3640,-5.9825
169.981,3.9968,9.3640,-5.9825
169.990,3.9968,9.3640,-5.9904
170.000,3.9968,9.3640,-5.9904
170.009,3.9968,9.3640,-5.9983
170.019,3.9968,9.3640,-5.9983
170.029,3.9968,9.3640,-6.0061
170.039,3.9968,9.3640,-6.0061
170.047,3.9968,9.3640,-6.0138
170.056,3.9968,9.3640,-6.0138
170.065,3.9968,9.3640,-6.0215
170.075,3.9968,9.3640,-6.0215
170.082,3.9968,9.3640,-6.0292
170.093,3.9968,9.3640,-6.0292
170.100,3.9968,9.3640,-6.0292
170.109,3.9968,9.3640,-6.0366
170.117,3.9968,9.3640,-6.0366
170.126,3.9968,9.3640,-6.0439
170.135,3.9968,9.3640,-6.0439
170.144,3.9968,9.3640,-6.0511
170.154,3.9968,9.3640,-6.0511
170.175,3.9968,9.3640,-6.0579
170.185,3.9968,9.3640,-6.0615
170.195,3.9968,9.3640,-6.0615
170.202,3.9968,9.3640,-6.0650
170.211,3.9968,9.3640,-6.0650
170.220,3.9968,9.3640,-6.0650
170.228,3.9968,9.3640,-6.0683
170.236,3.9968,9.3640,-6.0683
170.244,3.9968,9.3640,-6.0714
170.253,3.9968,9.3640,-6.0714
170.261,3.9968,9.3640,-6.0714
170.268,3.9968,9.3640,-6.0743
170.278,3.9968,9.3640,-6.0743
170.286,3.9968,9.3640,-6.0770
170.297,3.9968,9.3640,-6.0770
170.304,3.9968,9.3640,-6.0795
170.314,3.9968,9.3640,-6.0795
170.328,3.9968,9.3640,-6.0817
170.339,3.9968,9.3640,-6.0817
170.346,3.9968,9.3640,-6.0824
170.357,3.9968,9.3640,-6.0824
170.364,3.9968,9.3640,-6.0831
170.374,3.9968,9.3640,-6.0831
170.381,3.9968,9.3640,-6.0831
170.390,3.9968,9.3640,-6.0835
170.399,3.9968,9.3640,-6.0835
170.408,3.9968,9.3640,-6.0839
170.416,3.9968,9.3640,-6.0839
170.425,3.9968,9.3640,-6.0839
170.434,3.9968,9.3640,-6.0839
170.442,3.9968,9.3640,-6.0839
170.451,3.9968,9.3640,-6.0839
170.460,3.9968,9.3640,-6.0839
170.468,3.9968,9.3640,-6.0839
170.476,3.9968,9.3640,-6.0839
170.484,3.9968,9.3640,-6.0839
170.494,3.9968,9.3640,-6.0839
170.503,3.9968,9.3640,-6.0839
170.514,3.9968,9.3640,-6.0839
170.523,3.9968,9.3640,-6.0839
170.531,3.9968,9.3640,-6.0839
170.539,3.9968,9.3640,-6.0839
170.547,3.9968,9.3640,-6.0839
170.556,3.9968,9.3640,-6.0839
170.563,3.9968,9.3640,-6.0839
170.571,3.9968,9.3640,-6.0839
170.579,3.9968,9.3640,-6.0839
170.587,3.9968,9.3640,-6.0839
170.596,3.9968,9.3640,-6.0839
170.603,3.9968,9.3640,-6.0839
170.611,3.9968,9.3640,-6.0839
170.619,3.9968,9.3640,-6.0839
170.627,3.9968,9.3640,-6.0839
170.635,3.9968,9.3640,-6.0839
170.644,3.9968,9.3640,-6.0839
170.652,3.9968,9.3640,-6.0839
170.660,3.9968,9.3640,-6.0839
170.668,3.9968,9.3640,-6.0839
170.677,3.9968,9.3640,-6.0839
170.684,3.9968,9.3640,-6.0839
170.692,3.9968,9.3640,-6.0839
170.700,3.9968,9.3640,-6.0839
170.708,3.9968,9.3640,-6.0839
170.715,3.9968,9.3640,-6.0839
170.723,3.9968,9.3640,-6.0839
170.731,3.9968,9.3640,-6.0839
170.740,3.9968,9.3640,-6.0839
170.747,3.9968,9.3640,-6.0839
170.758,3.9968,9.3640,-6.0839
170.766,3.9968,9.3640,-6.0839
170.775,3.9968,9.3640,-6.0839
170.783,3.9968,9.3640,-6.0839
170.794,3.9968,9.3640,-6.0839
170.801,3.9968,9.3640,-6.0839
170.810,3.9968,9.3640,-6.0836
170.820,3.9968,9.3640,-6.0836
170.828,3.9968,9.3640,-6.0832
170.837,3.9968,9.3640,-6.0832
170.844,3.9968,9.3640,-6.0827
170.854,3.9968,9.3640,-6.0827
170.862,3.9968,9.3640,-6.0822
170.871,3.9968,9.3640,-6.0822
170.881,3.9968,9.3640,-6.0822
170.889,3.9968,9.3640,-6.0816
170.898,3.9968,9.3640,-6.0816
170.907,3.9968,9.3640,-6.0810
170.917,3.9968,9.3640,-6.0810
170.926,3.9968,9.3640,-6.0804
170.935,3.9968,9.3640,-6.0804
170.945,3.9968,9.3640,-6.0798
170.955,3.9968,9.3640,-6.0798
170.964,3.9968,9.3640,-6.0793
170.974,3.9968,9.3640,-6.0793
170.983,3.9968,9.3640,-6.0788
170.993,3.9968,9.3640,-6.0788
171.002,3.9968,9.3640,-6.0788
171.011,3.9968,9.3640,-6.0783
171.020,3.9968,9.3640,-6.0783
171.029,3.9968,9.3640,-6.0778
171.037,3.9968,9.3640,-6.0778
171.046,3.9968,9.3640,-6.0772
171.056,3.9968,9.3640,-6.0772
171.065,3.9968,9.3640,-6.0767
171.073,3.9968,9.3640,-6.0767
171.082,3.9968,9.3640,-6.0767
171.091,3.9968,9.3640,-6.0762
171.099,3.9968,9.3640,-6.0762
171.108,3.9968,9.3640,-6.0757
171.117,3.9968,9.3640,-6.0757
171.127,3.9968,9.3640,-6.0751
171.135,3.9968,9.3640,-6.0751
171.144,3.9968,9.3640,-6.0746
171.154,3.9968,9.3640,-6.0746
171.162,3.9968,9.3640,-6.0740
171.173,3.9968,9.3640,-6.0740
171.180,3.9968,9.3640,-6.0740
171.190,3.9968,9.3640,-6.0734
171.200,3.9968,9.3640,-6.0734
171.209,3.9968,9.3640,-6.0728
171.220,3.9968,9.3640,-6.0728
171.228,3.9968,9.3640,-6.0722
171.238,3.9968,9.3640,-6.0722
171.249,3.9968,9.3640,-6.0716
171.258,3.9968,9.3640,-6.0716
171.268,3.9968,9.3640,-6.0709
171.277,3.9968,9.3640,-6.0709
171.286,3.9968,9.3640,-6.0703
171.298,3.9968,9.3640,-6.0703
171.306,3.9968,9.3640,-6.0695
171.315,3.9968,9.3640,-6.0695
171.323,3.9968,9.3640,-6.0688
171.333,3.9968,9.3640,-6.0688
171.341,3.9968,9.3640,-6.0688
171.349,3.9968,9.3640,-6.0680
171.359,3.9968,9.3640,-6.0680
171.366,3.9968,9.3640,-6.0673
171.375,3.9968,9.3640,-6.0673
171.383,3.9968,9.3640,-6.0665
171.393,3.9968,9.3640,-6.0665
171.400,3.9968,9.3640,-6.0665
171.408,3.9968,9.3640,-6.0658
171.416,3.9968,9.3640,-6.0658
171.426,3.9968,9.3640,-6.0651
171.434,3.9968,9.3640,-6.0651
171.443,3.9968,9.3640,-6.0644
171.452,3.9968,9.3640,-6.0644
171.460,3.9968,9.3640,-6.0644
171.468,3.9968,9.3640,-6.0637
171.477,3.9968,9.3640,-6.0637
171.486,3.9968,9.3640,-6.0630
171.495,3.9968,9.3640,-6.0630
171.502,3.9968,9.3640,-6.0623
171.510,3.9968,9.3640,-6.0623
171.520,3.9968,9.3640,-6.0623
171.528,3.9968,9.3640,-6.0616
171.537,3.9968,9.3640,-6.0616
171.544,3.9968,9.3640,-6.0609
171.554,3.9968,9.3640,-6.0609
171.561,3.9968,9.3640,-6.0609
171.568,3.9968,9.3640,-6.0602
171.579,3.9968,9.3640,-6.0602
171.586,3.9968,9.3640,-6.0595
171.595,3.9968,9.3640,-6.0595
171.602,3.9968,9.3640,-6.0589
171.612,3.9968,9.3640,-6.0589
171.620,3.9968,9.3640,-6.0589
171.627,3.9968,9.3640,-6.0582
171.635,3.9968,9.3640,-6.0582
171.644,3.9968,9.3640,-6.0575
171.654,3.9968,9.3640,-6.0575
171.662,3.9968,9.3640,-6.0568
171.672,3.9968,9.3640,-6.0568
171.678,3.9968,9.3640,-6.0568
171.687,3.9968,9.3640,-6.0561
171.696,3.9968,9.3640,-6.0561
171.704,3.9968,9.3640,-6.0554
171.713,3.9968,9.3640,-6.0554
171.731,3.9968,9.3640,-6.0547
171.741,3.9968,9.3640,-6.0547
171.749,3.9968,9.3640,-6.0540
171.758,3.9968,9.3640,-6.0540
171.768,3.9968,9.3640,-6.0534
171.778,3.9968,9.3640,-6.0534
171.786,3.9968,9.3640,-6.0527
171.796,3.9968,9.3640,-6.0527
171.803,3.9968,9.3640,-6.0519
171.813,3.9968,9.3640,-6.0519
171.822,3.9968,9.3640,-6.0512
171.832,3.9968,9.3640,-6.0512
171.841,3.9968,9.3640,-6.0512
171.849,3.9968,9.3640,-6.0505
171.860,3.9968,9.3640,-6.0505
171.868,3.9968,9.3640,-6.0498
171.878,3.9968,9.3640,-6.0498
171.885,3.9968,9.3640,-6.0491
171.896,3.9968,9.3640,-6.0491
171.904,3.9968,9.3640,-6.0483
171.914,3.9968,9.3640,-6.0483
171.923,3.9968,9.3640,-6.0476
171.930,3.9968,9.3640,-6.0476
171.938,3.9968,9.3640,-6.0476
171.945,3.9968,9.3640,-6.0469
171.956,3.9968,9.3640,-6.0469
171.963,3.9968,9.3640,-6.0461
171.972,3.9968,9.3640,-6.0461
171.979,3.9968,9.3640,-6.0461
171.988,3.9968,9.3640,-6.0454
171.997,3.9968,9.3640,-6.0454
172.006,3.9968,9.3640,-6.0446
172.016,3.9968,9.3640,-6.0446
172.024,3.9968,9.3640,-6.0438
172.035,3.9968,9.3640,-6.0438
172.043,3.9968,9.3640,-6.0416
172.054,3.9968,9.3640,-6.0416
172.064,3.9968,9.3640,-6.0393
172.075,3.9968,9.3640,-6.0393
172.085,3.9968,9.3640,-6.0370
172.096,3.9968,9.3640,-6.0370
172.105,3.9968,9.3640,-6.0346
172.118,3.9968,9.3640,-6.0346
172.127,3.9968,9.3640,-6.0323
172.137,3.9968,9.3640,-6.0323
172.146,3.9968,9.3640,-6.0299
172.157,3.9968,9.3640,-6.0299
172.165,3.9968,9.3640,-6.0277
172.175,3.9968,9.3640,-6.0277
172.184,3.9968,9.3640,-6.0254
172.195,3.9968,9.3640,-6.0254
172.203,3.9968,9.3640,-6.0232
172.214,3.9968,9.3640,-6.0232
172.223,3.9968,9.3640,-6.0209
172.233,3.9968,9.3640,-6.0209
172.242,3.9968,9.3640,-6.0209
172.251,3.9968,9.3640,-6.0187
172.261,3.9968,9.3640,-6.0187
172.271,3.9968,9.3640,-6.0165
172.282,3.9968,9.3640,-6.0165
172.291,3.9968,9.3640,-6.0143
172.301,3.9968,9.3640,-6.0143
172.310,3.9968,9.3640,-6.0135
172.322,3.9968,9.3640,-6.0135
172.330,3.9968,9.3640,-6.0127
172.341,3.9968,9.3640,-6.0127
172.349,3.9968,9.3640,-6.0119
172.360,3.9968,9.3640,-6.0119
172.368,3.9968,9.3640,-6.0112
172.379,3.9968,9.3640,-6.0112
172.388,3.9968,9.3640,-6.0104
172.399,3.9968,9.3640,-6.0104
172.408,3.9968,9.3640,-6.0097
172.418,3.9968,9.3640,-6.0097
172.428,3.9968,9.3640,-6.0090
172.438,3.9968,9.3640,-6.0090
172.446,3.9968,9.3640,-6.0083
172.457,3.9968,9.3640,-6.0083
172.464,3.9968,9.3640,-6.0076
172.475,3.9968,9.3640,-6.0076
172.484,3.9968,9.3640,-6.0069
172.495,3.9968,9.3640,-6.0069
172.503,3.9968,9.3640,-6.0062
172.514,3.9968,9.3640,-6.0062
172.523,3.9968,9.3640,-6.0056
172.532,3.9968,9.3640,-6.0056
172.541,3.9968,9.3640,-6.0056
172.550,3.9968,9.3640,-6.0050
172.560,3.9968,9.3640,-6.0050
172.569,3.9968,9.3640,-6.0044
172.580,3.9968,9.3640,-6.0044
172.588,3.9968,9.3640,-6.0039
172.597,3.9968,9.3640,-6.0039
172.604,3.9968,9.3640,-6.0035
172.613,3.9968,9.3640,-6.0035
172.621,3.9968,9.3640,-6.0035
172.630,3.9968,9.3640,-6.0031
172.639,3.9968,9.3640,-6.0031
172.646,3.9968,9.3640,-6.0028
172.657,3.9968,9.3640,-6.0028
172.666,3.9968,9.3640,-6.0025
172.675,3.9968,9.3640,-6.0025
172.682,3.9968,9.3640,-6.0025
172.693,3.9968,9.3640,-6.0025
172.701,3.9968,9.3640,-6.0025
172.709,3.9968,9.3640,-6.0025
172.718,3.9968,9.3640,-6.0025
172.727,3.9968,9.3640,-6.0025
172.736,3.9968,9.3640,-6.0025
172.743,3.9968,9.3640,-6.0025
172.752,3.9968,9.3640,-6.0025
172.761,3.9968,9.3640,-6.0025
172.768,3.9968,9.3640,-6.0025
172.778,3.9968,9.3640,-6.0025
172.787,3.9968,9.3640,-6.0025
172.796,3.9968,9.3640,-6.0025
172.803,3.9968,9.3640,-6.0025
172.812,3.9968,9.3640,-6.0025
172.821,3.9968,9.3640,-6.0025
172.829,3.9968,9.3640,-6.0025
172.837,3.9968,9.3640,-6.0025
172.846,3.9968,9.3640,-6.0025
172.857,3.9968,9.3640,-6.0025
172.865,3.9968,9.3640,-6.0025
172.875,3.9968,9.3640,-6.0025
172.883,3.9968,9.3640,-6.0025
172.893,3.9968,9.3640,-6.0025
172.901,3.9968,9.3640,-6.0025
172.909,3.9968,9.3640,-6.0025
172.918,3.9968,9.3640,-6.0025
172.925,3.9968,9.3640,-6.0025
172.934,3.9968,9.3640,-6.0025
172.942,3.9968,9.3640,-6.0025
172.950,3.9968,9.3640,-6.0025
172.958,3.9968,9.3640,-6.0025
172.968,3.9968,9.3640,-6.0025
172.976,3.9968,9.3640,-6.0025
172.985,3.9968,9.3640,-6.0025
172.995,3.9968,9.3640,-6.0025
173.003,3.9968,9.3640,-6.0025
173.013,3.9968,9.3640,-6.0025
173.020,3.9968,9.3640,-6.0025
173.029,3.9968,9.3639,-6.0025
173.038,3.9968,9.3639,-6.0025
173.047,3.9968,9.3639,-6.0025
173.059,3.9968,9.3639,-6.0025
173.066,3.9968,9.3638,-6.0025
173.077,3.9968,9.3638,-6.0025
173.084,3.9968,9.3636,-6.0025
173.095,3.9968,9.3636,-6.0025
173.103,3.9968,9.3633,-6.0025
173.112,3.9968,9.3633,-6.0025
173.122,3.9968,9.3633,-6.0025
173.129,3.9968,9.3630,-6.0025
173.138,3.9968,9.3630,-6.0025
173.146,3.9968,9.3626,-6.0025
173.157,3.9968,9.3626,-6.0025
173.165,3.9968,9.3618,-6.0025
173.174,3.9968,9.3618,-6.0025
173.183,3.9968,9.3610,-6.0025
173.193,3.9968,9.3610,-6.0025
173.201,3.9968,9.3610,-6.0025
173.208,3.9968,9.3601,-6.0025
173.219,3.9968,9.3601,-6.0025
173.226,3.9968,9.3591,-6.0025
173.236,3.9968,9.3591,-6.0025
173.244,3.9968,9.3581,-6.0025
173.255,3.9968,9.3581,-6.0025
173.262,3.9968,9.3561,-6.0025
173.273,3.9968,9.3561,-6.0025
173.281,3.9968,9.3561,-6.0025
173.289,3.9968,9.3539,-6.0025
173.298,3.9968,9.3539,-6.0025
173.306,3.9968,9.3516,-6.0025
173.317,3.9968,9.3516,-6.0025
173.326,3.9968,9.3493,-6.0025
173.336,3.9968,9.3493,-6.0025
173.345,3.9968,9.3469,-6.0025
173.356,3.9968,9.3469,-6.0025
173.365,3.9968,9.3444,-6.0025
173.374,3.9968,9.3444,-6.0025
173.383,3.9968,9.3419,-6.0025
173.395,3.9968,9.3419,-6.0025
173.403,3.9968,9.3394,-6.0025
173.414,3.9968,9.3394,-6.0025
173.422,3.9968,9.3368,-6.0025
173.433,3.9968,9.3368,-6.0025
173.441,3.9968,9.3368,-6.0025
173.450,3.9968,9.3342,-6.0025
173.460,3.9968,9.3342,-6.0025
173.467,3.9968,9.3316,-6.0025
173.477,3.9968,9.3316,-6.0025
173.486,3.9968,9.3289,-6.0025
173.496,3.9968,9.3289,-6.0025
173.504,3.9968,9.3263,-6.0025
173.515,3.9968,9.3263,-6.0025
173.525,3.9968,9.3236,-6.0025
173.534,3.9968,9.3236,-6.0025
173.543,3.9968,9.3209,-6.0025
173.552,3.9968,9.3209,-6.0025
173.561,3.9968,9.3209,-6.0025
173.569,3.9968,9.3183,-6.0025
173.579,3.9968,9.3183,-6.0025
173.587,3.9968,9.3156,-6.0025
173.598,3.9968,9.3156,-6.0025
173.606,3.9968,9.3129,-6.0025
173.616,3.9968,9.3129,-6.0025
173.625,3.9968,9.3103,-6.0025
173.636,3.9968,9.3103,-6.0025
173.644,3.9968,9.3076,-6.0025
173.653,3.9968,9.3076,-6.0025
173.661,3.9968,9.3076,-6.0025
173.670,3.9968,9.3049,-6.0025
173.681,3.9968,9.3049,-6.0025
173.689,3.9968,9.3023,-6.0025
173.700,3.9968,9.3023,-6.0025
173.707,3.9968,9.2996,-6.0025
173.717,3.9968,9.2996,-6.0025
173.726,3.9968,9.2969,-6.0025
173.735,3.9968,9.2969,-6.0025
173.743,3.9968,9.2943,-6.0025
173.754,3.9968,9.2943,-6.0025
173.763,3.9968,9.2916,-6.0025
173.772,3.9968,9.2916,-6.0025
173.782,3.9968,9.2916,-6.0025
173.789,3.9968,9.2889,-6.0025
173.799,3.9968,9.2889,-6.0025
173.808,3.9968,9.2863,-6.0025
173.820,3.9968,9.2863,-6.0025
173.829,3.9968,9.2836,-6.0025
173.838,3.9968,9.2836,-6.0025
173.848,3.9968,9.2809,-6.0025
173.858,3.9968,9.2809,-6.0025
173.865,3.9968,9.2783,-6.0025
173.876,3.9968,9.2783,-6.0025
173.882,3.9968,9.2756,-6.0025
173.893,3.9968,9.2756,-6.0025
173.901,3.9968,9.2756,-6.0025
173.910,3.9968,9.2729,-6.0025
173.920,3.9968,9.2729,-6.0025
173.927,3.9968,9.2703,-6.0025
173.936,3.9968,9.2703,-6.0025
173.944,3.9968,9.2676,-6.0025
173.954,3.9968,9.2676,-6.0025
173.962,3.9968,9.2649,-6.0025
173.973,3.9968,9.2649,-6.0025
173.981,3.9968,9.2649,-6.0025
173.989,3.9968,9.2623,-6.0025
173.999,3.9968,9.2623,-6.0025
174.007,3.9968,9.2596,-6.0025
174.016,3.9968,9.2596,-6.0025
174.025,3.9968,9.2569,-6.0025
174.042,3.9968,9.2543,-6.0025
174.052,3.9968,9.2543,-6.0025
174.061,3.9968,9.2543,-6.0025
174.068,3.9968,9.2516,-6.0025
174.078,3.9968,9.2516,-6.0025
174.087,3.9968,9.2489,-6.0025
174.096,3.9968,9.2489,-6.0025
174.105,3.9968,9.2463,-6.0025
174.115,3.9968,9.2463,-6.0025
174.125,3.9968,9.2436,-6.0025
174.135,3.9968,9.2436,-6.0025
174.144,3.9968,9.2409,-6.0025
174.154,3.9968,9.2409,-6.0025
174.162,3.9968,9.2383,-6.0025
174.172,3.9968,9.2383,-6.0025
174.180,3.9968,9.2383,-6.0025
174.189,3.9968,9.2356,-6.0025
174.198,3.9968,9.2356,-6.0025
174.206,3.9968,9.2329,-6.0025
174.215,3.9968,9.2329,-6.0025
174.222,3.9968,9.2303,-6.0025
174.233,3.9968,9.2303,-6.0025
174.241,3.9968,9.2303,-6.0025
174.249,3.9968,9.2276,-6.0025
174.259,3.9968,9.2276,-6.0025
174.266,3.9968,9.2249,-6.0025
174.277,3.9968,9.2249,-6.0025
174.284,3.9968,9.2223,-6.0025
174.296,3.9968,9.2223,-6.0025
174.304,3.9968,9.2196,-6.0025
174.315,3.9968,9.2196,-6.0025
174.325,3.9968,9.2169,-6.0025
174.335,3.9968,9.2169,-6.0025
174.344,3.9968,9.2143,-6.0025
174.353,3.9968,9.2143,-6.0025
174.362,3.9968,9.2143,-6.0025
174.368,3.9968,9.2116,-6.0025
174.378,3.9968,9.2116,-6.0025
174.385,3.9968,9.2089,-6.0025
174.395,3.9968,9.2089,-6.0025
174.402,3.9968,9.2063,-6.0025
174.410,3.9968,9.2063,-6.0025
174.420,3.9968,9.2063,-6.0025
174.427,3.9968,9.2036,-6.0025
174.438,3.9968,9.2036,-6.0025
174.445,3.9968,9.2009,-6.0025
174.456,3.9968,9.2009,-6.0025
174.464,3.9968,9.1983,-6.0025
174.476,3.9968,9.1983,-6.0025
174.486,3.9968,9.1956,-6.0025
174.495,3.9968,9.1956,-6.0025
174.502,3.9968,9.1929,-6.0025
174.512,3.9968,9.1929,-6.0025
174.521,3.9968,9.1929,-6.0025
174.529,3.9968,9.1903,-6.0025
174.538,3.9968,9.1903,-6.0025
174.546,3.9968,9.1876,-6.0025
174.555,3.9968,9.1876,-6.0025
174.563,3.9968,9.1849,-6.0025
174.572,3.9968,9.1849,-6.0025
174.581,3.9968,9.1849,-6.0025
174.589,3.9968,9.1823,-6.0025
174.599,3.9968,9.1823,-6.0025
174.608,3.9968,9.1796,-6.0025
174.617,3.9968,9.1796,-6.0025
174.628,3.9968,9.1769,-6.0025
174.638,3.9968,9.1769,-6.0025
174.646,3.9968,9.1743,-6.0025
174.656,3.9968,9.1743,-6.0025
174.664,3.9968,9.1716,-6.0025
174.674,3.9968,9.1716,-6.0025
174.683,3.9968,9.1689,-6.0025
174.696,3.9968,9.1689,-6.0025
174.704,3.9968,9.1663,-6.0025
174.715,3.9968,9.1663,-6.0025
174.725,3.9968,9.1636,-6.0025
174.736,3.9968,9.1636,-6.0025
174.745,3.9968,9.1609,-6.0025
174.755,3.9968,9.1609,-6.0025
174.764,3.9968,9.1583,-6.0025
174.776,3.9968,9.1583,-6.0025
174.784,3.9968,9.1556,-6.0025
174.795,3.9968,9.1556,-6.0025
174.804,3.9968,9.1529,-6.0025
174.816,3.9968,9.1529,-6.0025
174.826,3.9968,9.1503,-6.0025
174.836,3.9968,9.1503,-6.0025
174.844,3.9968,9.1476,-6.0025
174.855,3.9968,9.1476,-6.0025
174.862,3.9968,9.1449,-6.0025
174.873,3.9968,9.1449,-6.0025
174.881,3.9968,9.1449,-6.0025
174.889,3.9968,9.1423,-6.0025
174.899,3.9968,9.1423,-6.0025
174.907,3.9968,9.1396,-6.0025
174.918,3.9968,9.1396,-6.0025
174.927,3.9968,9.1369,-6.0025
174.938,3.9968,9.1369,-6.0025
174.946,3.9968,9.1343,-6.0025
174.957,3.9968,9.1343,-6.0025
174.965,3.9968,9.1316,-6.0025
174.975,3.9968,9.1316,-6.0025
174.983,3.9968,9.1289,-6.0025
174.996,3.9968,9.1289,-6.0025
175.003,3.9968,9.1263,-6.0025
175.013,3.9968,9.1263,-6.0025
175.021,3.9968,9.1263,-6.0025
175.030,3.9968,9.1236,-6.0025
175.042,3.9968,9.1209,-6.0025
175.052,3.9968,9.1209,-6.0025
175.060,3.9968,9.1209,-6.0025
175.068,3.9968,9.1183,-6.0025
175.079,3.9968,9.1183,-6.0025
175.088,3.9968,9.1156,-6.0025
175.098,3.9968,9.1156,-6.0025
175.106,3.9968,9.1129,-6.0025
175.116,3.9968,9.1129,-6.0025
175.126,3.9968,9.1103,-6.0025
175.136,3.9968,9.1103,-6.0025
175.145,3.9968,9.1076,-6.0025
175.155,3.9968,9.1076,-6.0025
175.162,3.9968,9.1049,-6.0025
175.172,3.9968,9.1049,-6.0025
175.180,3.9968,9.1049,-6.0025
175.188,3.9968,9.1023,-6.0025
175.197,3.9968,9.1023,-6.0025
175.206,3.9968,9.0996,-6.0025
175.215,3.9968,9.0996,-6.0025
175.224,3.9968,9.0969,-6.0025
175.234,3.9968,9.0969,-6.0025
175.242,3.9968,9.0969,-6.0025
175.249,3.9968,9.0943,-6.0025
175.260,3.9968,9.0943,-6.0025
175.268,3.9968,9.0916,-6.0025
175.277,3.9968,9.0916,-6.0025
175.285,3.9968,9.0889,-6.0025
175.294,3.9968,9.0889,-6.0025
175.302,3.9968,9.0889,-6.0025
175.310,3.9968,9.0863,-6.0025
175.321,3.9968,9.0863,-6.0025
175.330,3.9968,9.0836,-6.0025
175.340,3.9968,9.0836,-6.0025
175.348,3.9968,9.0809,-6.0025
175.358,3.9968,9.0809,-6.0025
175.366,3.9968,9.0783,-6.0025
175.375,3.9968,9.0783,-6.0025
175.384,3.9968,9.0756,-6.0025
175.394,3.9968,9.0756,-6.0025
175.402,3.9968,9.0729,-6.0025
175.411,3.9968,9.0729,-6.0025
175.420,3.9968,9.0729,-6.0025
175.429,3.9968,9.0703,-6.0025
175.437,3.9968,9.0703,-6.0025
175.445,3.9968,9.0676,-6.0025
175.454,3.9968,9.0676,-6.0025
175.463,3.9968,9.0649,-6.0025
175.472,3.9968,9.0649,-6.0025
175.482,3.9968,9.0649,-6.0025
175.489,3.9968,9.0623,-6.0025
175.499,3.9968,9.0623,-6.0025
175.508,3.9968,9.0596,-6.0025
175.516,3.9968,9.0596,-6.0025
175.525,3.9968,9.0569,-6.0025
175.535,3.9968,9.0569,-6.0025
175.543,3.9968,9.0543,-6.0025
175.553,3.9968,9.0543,-6.0025
175.561,3.9968,9.0543,-6.0025
175.568,3.9968,9.0516,-6.0025
175.577,3.9968,9.0516,-6.0025
175.585,3.9968,9.0489,-6.0025
175.596,3.9968,9.0489,-6.0025
175.605,3.9968,9.0463,-6.0025
175.618,3.9968,9.0463,-6.0025
175.628,3.9968,9.0436,-6.0025
175.639,3.9968,9.0436,-6.0025
175.645,3.9968,9.0409,-6.0025
175.657,3.9968,9.0409,-6.0025
175.665,3.9968,9.0383,-6.0025
175.675,3.9968,9.0383,-6.0025
175.684,3.9968,9.0356,-6.0025
175.695,3.9968,9.0356,-6.0025
175.702,3.9968,9.0329,-6.0025
175.713,3.9968,9.0329,-6.0025
175.722,3.9968,9.0303,-6.0025
175.733,3.9968,9.0303,-6.0025
175.741,3.9968,9.0303,-6.0025
175.750,3.9968,9.0276,-6.0025
175.760,3.9968,9.0276,-6.0025
175.768,3.9968,9.0249,-6.0025
175.779,3.9968,9.0249,-6.0025
175.788,3.9968,9.0223,-6.0025
175.799,3.9968,9.0223,-6.0025
175.809,3.9968,9.0196,-6.0025
175.818,3.9968,9.0196,-6.0025
175.828,3.9968,9.0169,-6.0025
175.838,3.9968,9.0169,-6.0025
175.847,3.9968,9.0143,-6.0025
175.858,3.9968,9.0143,-6.0025
175.867,3.9968,9.0116,-6.0025
175.877,3.9968,9.0116,-6.0025
175.886,3.9968,9.0089,-6.0025
175.898,3.9968,9.0089,-6.0025
175.907,3.9968,9.0063,-6.0025
175.917,3.9968,9.0063,-6.0025
175.927,3.9968,9.0036,-6.0025
175.936,3.9968,9.0036,-6.0025
175.945,3.9968,9.0009,-6.0025
175.955,3.9968,9.0009,-6.0025
175.964,3.9968,8.9983,-6.0025
175.976,3.9968,8.9983,-6.0025
175.985,3.9968,8.9956,-6.0025
175.995,3.9968,8.9956,-6.0025
176.004,3.9968,8.9929,-6.0025
176.016,3.9968,8.9929,-6.0025
176.026,3.9968,8.9903,-6.0025
176.036,3.9968,8.9903,-6.0025
176.044,3.9968,8.9876,-6.0025
176.055,3.9968,8.9876,-6.0025
176.063,3.9968,8.9849,-6.0025
176.074,3.9968,8.9849,-6.0025
176.082,3.9968,8.9823,-6.0025
176.092,3.9968,8.9823,-6.0025
176.100,3.9968,8.9823,-6.0025
176.109,3.9968,8.9796,-6.0025
176.120,3.9968,8.9796,-6.0025
176.128,3.9968,8.9769,-6.0025
176.139,3.9968,8.9769,-6.0025
176.148,3.9968,8.9743,-6.0025
176.159,3.9968,8.9743,-6.0025
176.168,3.9968,8.9716,-6.0025
176.180,3.9968,8.9716,-6.0025
176.189,3.9968,8.9689,-6.0025
176.200,3.9968,8.9689,-6.0025
176.209,3.9968,8.9663,-6.0025
176.219,3.9968,8.9663,-6.0025
176.229,3.9968,8.9636,-6.0025
176.239,3.9968,8.9636,-6.0025
176.248,3.9968,8.9609,-6.0025
176.260,3.9968,8.9609,-6.0025
176.268,3.9968,8.9583,-6.0025
176.280,3.9968,8.9583,-6.0025
176.290,3.9968,8.9556,-6.0025
176.300,3.9968,8.9556,-6.0025
176.309,3.9968,8.9529,-6.0025
176.321,3.9968,8.9529,-6.0025
176.330,3.9968,8.9503,-6.0025
176.342,3.9968,8.9503,-6.0025
176.351,3.9968,8.9476,-6.0025
176.364,3.9968,8.9449,-6.0025
176.381,3.9968,8.9449,-6.0025
176.392,3.9968,8.9423,-6.0025
176.403,3.9968,8.9396,-6.0025
176.414,3.9968,8.9396,-6.0025
176.423,3.9968,8.9369,-6.0025
176.433,3.9968,8.9369,-6.0025
176.442,3.9968,8.9369,-6.0025
176.450,3.9968,8.9343,-6.0025
176.460,3.9968,8.9343,-6.0025
176.467,3.9968,8.9316,-6.0025
176.478,3.9968,8.9316,-6.0025
176.487,3.9968,8.9289,-6.0025
176.496,3.9968,8.9289,-6.0025
176.504,3.9968,8.9263,-6.0025
176.515,3.9968,8.9263,-6.0025
176.523,3.9968,8.9236,-6.0025
176.534,3.9968,8.9236,-6.0025
176.541,3.9968,8.9236,-6.0025
176.549,3.9968,8.9209,-6.0025
176.559,3.9968,8.9209,-6.0025
176.566,3.9968,8.9183,-6.0025
176.575,3.9968,8.9183,-6.0025
176.585,3.9968,8.9156,-6.0025
176.594,3.9968,8.9156,-6.0025
176.602,3.9968,8.9156,-6.0025
176.610,3.9968,8.9129,-6.0025
176.621,3.9968,8.9129,-6.0025
176.629,3.9968,8.9103,-6.0025
176.638,3.9968,8.9103,-6.0025
176.646,3.9968,8.9076,-6.0025
176.657,3.9968,8.9076,-6.0025
176.666,3.9968,8.9049,-6.0025
176.675,3.9968,8.9049,-6.0025
176.683,3.9968,8.9023,-6.0025
176.694,3.9968,8.9023,-6.0025
176.700,3.9968,8.9023,-6.0025
176.709,3.9968,8.8996,-6.0025
176.719,3.9968,8.8996,-6.0025
176.728,3.9968,8.8969,-6.0025
176.736,3.9968,8.8969,-6.0025
176.746,3.9968,8.8943,-6.0025
176.757,3.9968,8.8943,-6.0025
176.764,3.9968,8.8916,-6.0025
176.776,3.9968,8.8916,-6.0025
176.783,3.9968,8.8889,-6.0025
176.793,3.9968,8.8889,-6.0025
176.801,3.9968,8.8889,-6.0025
176.810,3.9968,8.8863,-6.0025
176.820,3.9968,8.8863,-6.0025
176.828,3.9968,8.8836,-6.0025
176.839,3.9968,8.8836,-6.0025
176.846,3.9968,8.8809,-6.0025
176.858,3.9968,8.8809,-6.0025
176.867,3.9968,8.8783,-6.0025
176.876,3.9968,8.8783,-6.0025
176.885,3.9968,8.8756,-6.0025
176.896,3.9968,8.8756,-6.0025
176.903,3.9968,8.8729,-6.0025
176.914,3.9968,8.8729,-6.0025
176.923,3.9968,8.8703,-6.0025
176.933,3.9968,8.8703,-6.0025
176.941,3.9968,8.8703,-6.0025
176.950,3.9968,8.8676,-6.0025
176.962,3.9968,8.8649,-6.0025
176.970,3.9968,8.8649,-6.0025
176.979,3.9968,8.8649,-6.0025
176.987,3.9968,8.8623,-6.0025
176.996,3.9968,8.8623,-6.0025
177.003,3.9968,8.8596,-6.0025
177.013,3.9968,8.8596,-6.0025
177.021,3.9968,8.8596,-6.0025
177.029,3.9968,8.8569,-6.0025
177.039,3.9968,8.8569,-6.0025
177.048,3.9968,8.8543,-6.0025
177.057,3.9968,8.8543,-6.0025
177.064,3.9968,8.8516,-6.0025
177.075,3.9968,8.8516,-6.0025
177.082,3.9968,8.8516,-6.0025
177.089,3.9968,8.8489,-6.0025
177.099,3.9968,8.8489,-6.0025
177.108,3.9968,8.8463,-6.0025
177.117,3.9968,8.8463,-6.0025
177.125,3.9968,8.8436,-6.0025
177.135,3.9968,8.8436,-6.0025
177.145,3.9968,8.8409,-6.0025
177.155,3.9968,8.8409,-6.0025
177.164,3.9968,8.8383,-6.0025
177.175,3.9968,8.8383,-6.0025
177.182,3.9968,8.8356,-6.0025
177.194,3.9968,8.8356,-6.0025
177.202,3.9968,8.8356,-6.0025
177.210,3.9968,8.8329,-6.0025
177.220,3.9968,8.8329,-6.0025
177.229,3.9968,8.8303,-6.0025
177.239,3.9968,8.8303,-6.0025
177.246,3.9968,8.8276,-6.0025
177.258,3.9968,8.8276,-6.0025
177.268,3.9968,8.8249,-6.0025
177.279,3.9968,8.8249,-6.0025
177.290,3.9968,8.8223,-6.0025
177.299,3.9968,8.8223,-6.0025
177.307,3.9968,8.8196,-6.0025
177.318,3.9968,8.8196,-6.0025
177.326,3.9968,8.8169,-6.0025
177.337,3.9968,8.8169,-6.0025
177.345,3.9968,8.8143,-6.0025
177.357,3.9968,8.8143,-6.0025
177.366,3.9968,8.8116,-6.0025
177.375,3.9968,8.8116,-6.0025
177.384,3.9968,8.8089,-6.0025
177.395,3.9968,8.8089,-6.0025
177.402,3.9968,8.8063,-6.0025
177.412,3.9968,8.8063,-6.0025
177.419,3.9968,8.8063,-6.0025
177.428,3.9968,8.8036,-6.0025
177.438,3.9968,8.8036,-6.0025
177.448,3.9968,8.8009,-6.0025
177.459,3.9968,8.8009,-6.0025
177.467,3.9968,8.7983,-6.0025
177.480,3.9968,8.7983,-6.0025
177.494,3.9968,8.7956,-6.0025
177.511,3.9968,8.7929,-6.0025
177.526,3.9968,8.7903,-6.0025
177.539,3.9968,8.7903,-6.0025
177.551,3.9968,8.7876,-6.0025
177.565,3.9968,8.7849,-6.0025
177.579,3.9968,8.7849,-6.0025
177.589,3.9968,8.7823,-6.0025
177.601,3.9968,8.7823,-6.0025
177.621,3.9968,8.7796,-6.0025
177.641,3.9968,8.7769,-6.0025
177.662,3.9968,8.7716,-6.0025
177.685,3.9968,8.7689,-6.0025
177.700,3.9968,8.7689,-6.0025
177.718,3.9968,8.7663,-6.0025
177.732,3.9968,8.7636,-6.0025
177.744,3.9968,8.7609,-6.0025
177.756,3.9968,8.7609,-6.0025
177.765,3.9968,8.7583,-6.0025
177.775,3.9968,8.7583,-6.0025
177.783,3.9968,8.7556,-6.0025
177.794,3.9968,8.7556,-6.0025
177.802,3.9968,8.7529,-6.0025
177.812,3.9968,8.7529,-6.0025
177.820,3.9968,8.7529,-6.0025
177.830,3.9968,8.7503,-6.0025
177.839,3.9968,8.7503,-6.0025
177.848,3.9968,8.7476,-6.0025
177.859,3.9968,8.7476,-6.0025
177.867,3.9968,8.7449,-6.0025
177.878,3.9968,8.7449,-6.0025
177.886,3.9968,8.7423,-6.0025
177.896,3.9968,8.7423,-6.0025
177.904,3.9968,8.7396,-6.0025
177.914,3.9968,8.7396,-6.0025
177.924,3.9968,8.7369,-6.0025
177.933,3.9968,8.7369,-6.0025
177.941,3.9968,8.7369,-6.0025
177.950,3.9968,8.7343,-6.0025
177.960,3.9968,8.7343,-6.0025
177.968,3.9968,8.7316,-6.0025
177.978,3.9968,8.7316,-6.0025
177.987,3.9968,8.7289,-6.0025
177.997,3.9968,8.7289,-6.0025
178.005,3.9968,8.7263,-6.0025
178.015,3.9968,8.7263,-6.0025
178.023,3.9968,8.7236,-6.0025
178.032,3.9968,8.7236,-6.0025
178.042,3.9968,8.7236,-6.0025
178.051,3.9968,8.7209,-6.0025
178.061,3.9968,8.7209,-6.0025
178.068,3.9968,8.7183,-6.0025
178.078,3.9968,8.7183,-6.0025
178.087,3.9968,8.7156,-6.0025
178.097,3.9968,8.7156,-6.0025
178.105,3.9968,8.7129,-6.0025
178.116,3.9968,8.7129,-6.0025
178.124,3.9968,8.7103,-6.0025
178.133,3.9968,8.7103,-6.0025
178.141,3.9968,8.7103,-6.0025
178.149,3.9968,8.7076,-6.0025
178.159,3.9968,8.7076,-6.0025
178.166,3.9968,8.7049,-6.0025
178.175,3.9968,8.7049,-6.0025
178.183,3.9968,8.7023,-6.0025
178.192,3.9968,8.7023,-6.0025
178.200,3.9968,8.7023,-6.0025
178.208,3.9968,8.6996,-6.0025
178.217,3.9968,8.6996,-6.0025
178.226,3.9968,8.6969,-6.0025
178.234,3.9968,8.6969,-6.0025
178.242,3.9968,8.6969,-6.0025
178.250,3.9968,8.6943,-6.0025
178.260,3.9968,8.6943,-6.0025
178.268,3.9968,8.6916,-6.0025
178.277,3.9968,8.6916,-6.0025
178.285,3.9968,8.6889,-6.0025
178.294,3.9968,8.6889,-6.0025
178.301,3.9968,8.6889,-6.0025
178.309,3.9968,8.6863,-6.0025
178.318,3.9968,8.6863,-6.0025
178.327,3.9968,8.6836,-6.0025
178.335,3.9968,8.6836,-6.0025
178.344,3.9968,8.6809,-6.0025
178.353,3.9968,8.6809,-6.0025
178.361,3.9968,8.6809,-6.0025
178.368,3.9968,8.6783,-6.0025
178.379,3.9968,8.6783,-6.0025
178.389,3.9968,8.6756,-6.0025
178.398,3.9968,8.6756,-6.0025
178.407,3.9968,8.6729,-6.0025
178.415,3.9968,8.6729,-6.0025
178.425,3.9968,8.6703,-6.0025
178.434,3.9968,8.6703,-6.0025
178.442,3.9968,8.6676,-6.0025
178.452,3.9968,8.6676,-6.0025
178.460,3.9968,8.6676,-6.0025
178.469,3.9968,8.6649,-6.0025
178.478,3.9968,8.6649,-6.0025
178.487,3.9968,8.6623,-6.0025
178.497,3.9968,8.6623,-6.0025
178.505,3.9968,8.6596,-6.0025
178.514,3.9968,8.6596,-6.0025
178.523,3.9968,8.6569,-6.0025
178.532,3.9968,8.6569,-6.0025
178.540,3.9968,8.6569,-6.0025
178.549,3.9968,8.6543,-6.0025
178.558,3.9968,8.6543,-6.0025
178.566,3.9968,8.6516,-6.0025
178.575,3.9968,8.6516,-6.0025
178.584,3.9968,8.6489,-6.0025
178.595,3.9968,8.6489,-6.0025
178.602,3.9968,8.6463,-6.0025
178.612,3.9968,8.6463,-6.0025
178.620,3.9968,8.6463,-6.0025
178.629,3.9968,8.6436,-6.0025
178.639,3.9968,8.6436,-6.0025
178.648,3.9968,8.6409,-6.0025
178.659,3.9968,8.6409,-6.0025
178.666,3.9968,8.6383,-6.0025
178.675,3.9968,8.6383,-6.0025
178.683,3.9968,8.6356,-6.0025
178.693,3.9968,8.6356,-6.0025
178.700,3.9968,8.6356,-6.0025
178.710,3.9968,8.6329,-6.0025
178.720,3.9968,8.6329,-6.0025
178.728,3.9968,8.6303,-6.0025
178.738,3.9968,8.6303,-6.0025
178.746,3.9968,8.6276,-6.0025
178.757,3.9968,8.6276,-6.0025
178.774,3.9968,8.6249,-6.0025
178.785,3.9968,8.6223,-6.0025
178.797,3.9968,8.6223,-6.0025
178.807,3.9968,8.6196,-6.0025
178.818,3.9968,8.6196,-6.0025
178.827,3.9968,8.6169,-6.0025
178.838,3.9968,8.6169,-6.0025
178.847,3.9968,8.6143,-6.0025
178.859,3.9968,8.6143,-6.0025
178.867,3.9968,8.6116,-6.0025
178.878,3.9968,8.6116,-6.0025
178.887,3.9968,8.6089,-6.0025
178.898,3.9968,8.6089,-6.0025
178.908,3.9968,8.6089,-6.0025
178.919,3.9968,8.6089,-6.0025
178.928,3.9968,8.6089,-6.0025
178.939,3.9968,8.6089,-6.0025
178.948,3.9968,8.6089,-6.0025
178.960,3.9968,8.6089,-6.0025
178.969,3.9968,8.6089,-6.0025
178.979,3.9968,8.6089,-6.0025
178.988,3.9968,8.6089,-6.0025
178.997,3.9968,8.6089,-6.0025
179.006,3.9968,8.6089,-6.0025
179.015,3.9968,8.6089,-6.0025
179.023,3.9968,8.6089,-6.0025
179.033,3.9968,8.6089,-6.0025
179.041,3.9968,8.6089,-6.0025
179.050,3.9968,8.6089,-6.0025
179.059,3.9968,8.6089,-6.0025
179.067,3.9968,8.6089,-6.0025
179.077,3.9968,8.6089,-6.0025
179.084,3.9968,8.6089,-6.0025
179.093,3.9968,8.6089,-6.0025
179.101,3.9968,8.6089,-6.0025
179.110,3.9968,8.6089,-6.0025
179.118,3.9968,8.6089,-6.0025
179.127,3.9968,8.6089,-6.0025
179.135,3.9968,8.6089,-6.0025
179.143,3.9968,8.6089,-6.0025
179.152,3.9968,8.6089,-6.0025
179.161,3.9968,8.6089,-6.0025
179.168,3.9968,8.6089,-6.0025
179.178,3.9968,8.6089,-6.0025
179.185,3.9968,8.6089,-6.0025
179.196,3.9968,8.6089,-6.0025
179.204,3.9968,8.6089,-6.0025
179.212,3.9968,8.6089,-6.0025
179.221,3.9968,8.6089,-6.0025
179.228,3.9968,8.6089,-6.0025
179.236,3.9968,8.6089,-6.0025
179.244,3.9968,8.6089,-6.0025
179.255,3.9968,8.6089,-6.0025
179.262,3.9968,8.6089,-6.0025
179.273,3.9968,8.6089,-6.0025
179.281,3.9968,8.6089,-6.0025
179.290,3.9968,8.6089,-6.0025
179.298,3.9968,8.6089,-6.0025
179.306,3.9968,8.6089,-6.0025
179.316,3.9968,8.6089,-6.0025
179.323,3.9968,8.6089,-6.0025
179.332,3.9968,8.6089,-6.0025
179.341,3.9968,8.6089,-6.0025
179.349,3.9968,8.6089,-6.0025
179.359,3.9968,8.6089,-6.0025
179.367,3.9968,8.6089,-6.0025
179.376,3.9968,8.6089,-6.0025
179.385,3.9968,8.6089,-6.0025
179.395,3.9968,8.6089,-6.0025
179.403,3.9968,8.6089,-6.0025
179.412,3.9968,8.6089,-6.0025
179.420,3.9968,8.6089,-6.0025
179.429,3.9968,8.6089,-6.0025
179.437,3.9968,8.6089,-6.0025
179.445,3.9968,8.6089,-6.0025
179.454,3.9968,8.6089,-6.0025
179.464,3.9968,8.6089,-6.0025
179.474,3.9968,8.6089,-6.0025
179.482,3.9968,8.6089,-6.0025
179.493,3.9968,8.6089,-6.0025
179.500,3.9968,8.6089,-6.0025
179.508,3.9968,8.6089,-6.0025
179.517,3.9968,8.6089,-6.0025
179.528,3.9968,8.6089,-6.0025
179.537,3.9968,8.6089,-6.0025
179.544,3.9968,8.6089,-6.0025
179.554,3.9968,8.6089,-6.0025
179.562,3.9968,8.6089,-6.0025
179.571,3.9968,8.6089,-6.0025
179.579,3.9968,8.6089,-6.0025
179.589,3.9968,8.6089,-6.0025
179.598,3.9968,8.6089,-6.0025
179.607,3.9968,8.6089,-6.0025
179.617,3.9968,8.6089,-6.0025
179.625,3.9968,8.6089,-6.0025
179.635,3.9968,8.6089,-6.0025
179.642,3.9968,8.6089,-6.0025
179.653,3.9968,8.6089,-6.0025
179.662,3.9968,8.6089,-6.0025
179.674,3.9968,8.6089,-6.0025
179.683,3.9968,8.6089,-6.0025
179.698,3.9968,8.6089,-6.0025
179.711,3.9968,8.6089,-6.0025
179.722,3.9968,8.6089,-6.0025
179.730,3.9968,8.6089,-6.0025
179.741,3.9968,8.6089,-6.0025
179.750,3.9968,8.6089,-6.0025
179.760,3.9968,8.6089,-6.0025
179.768,3.9968,8.6089,-6.0025
179.778,3.9968,8.6089,-6.0025
179.787,3.9968,8.6089,-6.0025
179.797,3.9968,8.6089,-6.0025
179.804,3.9968,8.6089,-6.0025
179.814,3.9968,8.6089,-6.0025
179.822,3.9968,8.6089,-6.0025
179.832,3.9968,8.6089,-6.0025
179.843,3.9968,8.6089,-6.0025
179.859,3.9968,8.6089,-6.0025
179.866,3.9968,8.6089,-6.0025
179.877,3.9968,8.6089,-6.0025
179.885,3.9968,8.6089,-6.0025
179.896,3.9968,8.6089,-6.0025
179.905,3.9968,8.6089,-6.0025
179.915,3.9968,8.6089,-6.0025
179.924,3.9968,8.6089,-6.0025
179.932,3.9968,8.6089,-6.0025
179.940,3.9968,8.6089,-6.0025
179.948,3.9968,8.6089,-6.0025
179.958,3.9968,8.6089,-6.0025
179.965,3.9968,8.6089,-6.0025
179.976,3.9968,8.6089,-6.0025
179.983,3.9968,8.6089,-6.0025
179.994,3.9968,8.6089,-6.0025
180.003,3.9968,8.6089,-6.0025
180.012,3.9968,8.6089,-6.0025
180.022,3.9968,8.6089,-6.0025
180.030,3.9968,8.6089,-6.0025
180.039,3.9968,8.6089,-6.0025
180.046,3.9968,8.6089,-6.0025
180.057,3.9968,8.6089,-6.0025
180.066,3.9968,8.6089,-6.0025
180.076,3.9968,8.6089,-6.0025
180.085,3.9968,8.6089,-6.0025
180.094,3.9968,8.6089,-6.0025
180.104,3.9968,8.6089,-6.0025
180.113,3.9968,8.6089,-6.0025
180.122,3.9968,8.6089,-6.0025
180.132,3.9968,8.6089,-6.0025
180.140,3.9968,8.6089,-6.0025
180.149,3.9968,8.6089,-6.0025
180.159,3.9968,8.6089,-6.0025
180.166,3.9968,8.6089,-6.0025
180.175,3.9968,8.6089,-6.0025
180.182,3.9968,8.6089,-6.0025
180.192,3.9968,8.6089,-6.0025
180.200,3.9968,8.6089,-6.0025
180.208,3.9968,8.6089,-6.0025
180.217,3.9968,8.6089,-6.0025
180.226,3.9968,8.6089,-6.0025
180.234,3.9968,8.6089,-6.0025
180.242,3.9968,8.6089,-6.0025
180.250,3.9968,8.6089,-6.0025
180.258,3.9968,8.6089,-6.0025
180.265,3.9968,8.6089,-6.0025
180.273,3.9968,8.6089,-6.0025
180.281,3.9968,8.6089,-6.0025
180.289,3.9968,8.6090,-6.0025
180.297,3.9968,8.6090,-6.0025
180.304,3.9968,8.6090,-6.0025
180.313,3.9968,8.6090,-6.0025
180.320,3.9968,8.6090,-6.0025
180.327,3.9968,8.6091,-6.0025
180.335,3.9968,8.6091,-6.0025
180.342,3.9968,8.6092,-6.0025
180.350,3.9968,8.6092,-6.0025
180.359,3.9968,8.6092,-6.0025
180.366,3.9968,8.6094,-6.0025
180.375,3.9968,8.6094,-6.0025
180.382,3.9968,8.6097,-6.0025
180.391,3.9968,8.6097,-6.0025
180.399,3.9968,8.6097,-6.0025
180.406,3.9968,8.6100,-6.0025
180.414,3.9968,8.6100,-6.0025
180.422,3.9968,8.6108,-6.0025
180.431,3.9968,8.6108,-6.0025
180.438,3.9968,8.6108,-6.0025
180.444,3.9968,8.6116,-6.0025
180.454,3.9968,8.6116,-6.0025
180.462,3.9968,8.6116,-6.0025
180.468,3.9968,8.6125,-6.0025
180.476,3.9968,8.6125,-6.0025
180.483,3.9968,8.6136,-6.0025
180.492,3.9968,8.6136,-6.0025
180.499,3.9968,8.6136,-6.0025
180.506,3.9968,8.6157,-6.0025
180.513,3.9968,8.6157,-6.0025
180.522,3.9968,8.6157,-6.0025
180.528,3.9968,8.6180,-6.0025
180.536,3.9968,8.6180,-6.0025
180.543,3.9968,8.6204,-6.0025
180.552,3.9968,8.6204,-6.0025
180.559,3.9968,8.6204,-6.0025
180.566,3.9968,8.6230,-6.0025
180.573,3.9968,8.6230,-6.0025
180.583,3.9968,8.6257,-6.0025
180.590,3.9968,8.6257,-6.0025
180.597,3.9968,8.6257,-6.0025
180.604,3.9968,8.6284,-6.0025
180.613,3.9968,8.6284,-6.0025
180.620,3.9968,8.6284,-6.0025
180.627,3.9968,8.6310,-6.0025
180.635,3.9968,8.6310,-6.0025
180.643,3.9968,8.6336,-6.0025
180.650,3.9968,8.6336,-6.0025
180.657,3.9968,8.6336,-6.0025
180.665,3.9968,8.6361,-6.0025
180.674,3.9968,8.6361,-6.0025
180.680,3.9968,8.6361,-6.0025
180.687,3.9968,8.6387,-6.0025
180.696,3.9968,8.6387,-6.0025
180.703,3.9968,8.6413,-6.0025
180.711,3.9968,8.6413,-6.0025
180.717,3.9968,8.6413,-6.0025
180.725,3.9968,8.6439,-6.0025
180.733,3.9968,8.6439,-6.0025
180.741,3.9968,8.6439,-6.0025
180.749,3.9968,8.6464,-6.0025
180.759,3.9968,8.6464,-6.0025
180.768,3.9968,8.6490,-6.0025
180.777,3.9968,8.6490,-6.0025
180.784,3.9968,8.6515,-6.0025
180.793,3.9968,8.6515,-6.0025
180.798,3.9968,8.6515,-6.0025
180.806,3.9968,8.6540,-6.0025
180.813,3.9968,8.6540,-6.0025
180.821,3.9968,8.6540,-6.0025
180.835,3.9968,8.6565,-6.0025
180.844,3.9968,8.6591,-6.0025
180.853,3.9968,8.6591,-6.0025
180.859,3.9968,8.6591,-6.0025
180.867,3.9968,8.6616,-6.0025
180.875,3.9968,8.6616,-6.0025
180.882,3.9968,8.6641,-6.0025
180.890,3.9968,8.6641,-6.0025
180.896,3.9968,8.6641,-6.0025
180.904,3.9968,8.6667,-6.0025
180.913,3.9968,8.6667,-6.0025
180.921,3.9968,8.6667,-6.0025
180.929,3.9968,8.6692,-6.0025
180.937,3.9968,8.6692,-6.0025
180.946,3.9968,8.6717,-6.0025
180.954,3.9968,8.6717,-6.0025
180.962,3.9968,8.6743,-6.0025
180.971,3.9968,8.6743,-6.0025
180.978,3.9968,8.6743,-6.0025
180.986,3.9968,8.6768,-6.0025
180.995,3.9968,8.6768,-6.0025
181.003,3.9968,8.6793,-6.0025
181.012,3.9968,8.6793,-6.0025
181.020,3.9968,8.6793,-6.0025
181.028,3.9968,8.6819,-6.0025
181.037,3.9968,8.6819,-6.0025
181.044,3.9968,8.6844,-6.0025
181.053,3.9968,8.6844,-6.0025
181.061,3.9968,8.6844,-6.0025
181.068,3.9968,8.6869,-6.0025
181.077,3.9968,8.6869,-6.0025
181.085,3.9968,8.6895,-6.0025
181.095,3.9968,8.6895,-6.0025
181.102,3.9968,8.6920,-6.0025
181.112,3.9968,8.6920,-6.0025
181.120,3.9968,8.6920,-6.0025
181.128,3.9968,8.6945,-6.0025
181.137,3.9968,8.6945,-6.0025
181.146,3.9968,8.6970,-6.0025
181.157,3.9968,8.6970,-6.0025
181.164,3.9968,8.6995,-6.0025
181.174,3.9968,8.6995,-6.0025
181.182,3.9968,8.6995,-6.0025
181.190,3.9968,8.7021,-6.0025
181.198,3.9968,8.7021,-6.0025
181.205,3.9968,8.7046,-6.0025
181.214,3.9968,8.7046,-6.0025
181.221,3.9968,8.7046,-6.0025
181.227,3.9968,8.7071,-6.0025
181.235,3.9968,8.7071,-6.0025
181.243,3.9968,8.7096,-6.0025
181.251,3.9968,8.7096,-6.0025
181.259,3.9968,8.7096,-6.0025
181.266,3.9968,8.7121,-6.0025
181.276,3.9968,8.7121,-6.0025
181.284,3.9968,8.7146,-6.0025
181.293,3.9968,8.7146,-6.0025
181.300,3.9968,8.7146,-6.0025
181.308,3.9968,8.7171,-6.0025
181.317,3.9968,8.7171,-6.0025
181.325,3.9968,8.7196,-6.0025
181.335,3.9968,8.7196,-6.0025
181.342,3.9968,8.7221,-6.0025
181.352,3.9968,8.7221,-6.0025
181.361,3.9968,8.7221,-6.0025
181.369,3.9968,8.7246,-6.0025
181.378,3.9968,8.7246,-6.0025
181.386,3.9968,8.7271,-6.0025
181.397,3.9968,8.7271,-6.0025
181.405,3.9968,8.7296,-6.0025
181.415,3.9968,8.7296,-6.0025
181.424,3.9968,8.7321,-6.0025
181.432,3.9968,8.7321,-6.0025
181.441,3.9968,8.7321,-6.0025
181.448,3.9968,8.7346,-6.0025
181.459,3.9968,8.7346,-6.0025
181.466,3.9968,8.7371,-6.0025
181.477,3.9968,8.7371,-6.0025
181.486,3.9968,8.7396,-6.0025
181.495,3.9968,8.7396,-6.0025
181.503,3.9968,8.7421,-6.0025
181.512,3.9968,8.7421,-6.0025
181.521,3.9968,8.7421,-6.0025
181.528,3.9968,8.7446,-6.0025
181.537,3.9968,8.7446,-6.0025
181.544,3.9968,8.7471,-6.0025
181.554,3.9968,8.7471,-6.0025
181.561,3.9968,8.7471,-6.0025
181.569,3.9968,8.7496,-6.0025
181.577,3.9968,8.7496,-6.0025
181.584,3.9968,8.7520,-6.0025
181.593,3.9968,8.7520,-6.0025
181.601,3.9968,8.7520,-6.0025
181.609,3.9968,8.7545,-6.0025
181.616,3.9968,8.7545,-6.0025
181.625,3.9968,8.7570,-6.0025
181.633,3.9968,8.7570,-6.0025
181.641,3.9968,8.7570,-6.0025
181.648,3.9968,8.7595,-6.0025
181.657,3.9968,8.7595,-6.0025
181.664,3.9968,8.7619,-6.0025
181.673,3.9968,8.7619,-6.0025
181.678,3.9968,8.7619,-6.0025
181.687,3.9968,8.7644,-6.0025
181.696,3.9968,8.7644,-6.0025
181.703,3.9968,8.7669,-6.0025
181.712,3.9968,8.7669,-6.0025
181.721,3.9968,8.7669,-6.0025
181.729,3.9968,8.7694,-6.0025
181.737,3.9968,8.7694,-6.0025
181.743,3.9968,8.7719,-6.0025
181.753,3.9968,8.7719,-6.0025
181.761,3.9968,8.7719,-6.0025
181.768,3.9968,8.7744,-6.0025
181.776,3.9968,8.7744,-6.0025
181.784,3.9968,8.7769,-6.0025
181.793,3.9968,8.7769,-6.0025
181.801,3.9968,8.7769,-6.0025
181.807,3.9968,8.7794,-6.0025
181.816,3.9968,8.7794,-6.0025
181.823,3.9968,8.7819,-6.0025
181.832,3.9968,8.7819,-6.0025
181.839,3.9968,8.7819,-6.0025
181.847,3.9968,8.7844,-6.0025
181.855,3.9968,8.7844,-6.0025
181.862,3.9968,8.7869,-6.0025
181.869,3.9968,8.7869,-6.0025
181.877,3.9968,8.7869,-6.0025
181.885,3.9968,8.7894,-6.0025
181.894,3.9968,8.7894,-6.0025
181.900,3.9968,8.7894,-6.0025
181.908,3.9968,8.7919,-6.0025
181.916,3.9968,8.7919,-6.0025
181.923,3.9968,8.7944,-6.0025
181.932,3.9968,8.7944,-6.0025
181.940,3.9968,8.7944,-6.0025
181.948,3.9968,8.7969,-6.0025
181.956,3.9968,8.7969,-6.0025
181.964,3.9968,8.7994,-6.0025
181.973,3.9968,8.7994,-6.0025
181.979,3.9968,8.7994,-6.0025
181.986,3.9968,8.8019,-6.0025
181.995,3.9968,8.8019,-6.0025
182.004,3.9968,8.8044,-6.0025
182.012,3.9968,8.8044,-6.0025
182.021,3.9968,8.8044,-6.0025
182.029,3.9968,8.8069,-6.0025
182.037,3.9968,8.8069,-6.0025
182.044,3.9968,8.8095,-6.0025
182.053,3.9968,8.8095,-6.0025
182.061,3.9968,8.8095,-6.0025
182.068,3.9968,8.8120,-6.0025
182.077,3.9968,8.8120,-6.0025
182.084,3.9968,8.8145,-6.0025
182.093,3.9968,8.8145,-6.0025
182.102,3.9968,8.8145,-6.0025
182.111,3.9968,8.8170,-6.0025
182.122,3.9968,8.8170,-6.0025
182.129,3.9968,8.8195,-6.0025
182.138,3.9968,8.8195,-6.0025
182.147,3.9968,8.8220,-6.0025
182.156,3.9968,8.8220,-6.0025
182.163,3.9968,8.8245,-6.0025
182.170,3.9968,8.8245,-6.0025
182.178,3.9968,8.8245,-6.0025
182.185,3.9968,8.8270,-6.0025
182.194,3.9968,8.8270,-6.0025
182.201,3.9968,8.8270,-6.0025
182.209,3.9968,8.8295,-6.0025
182.218,3.9968,8.8295,-6.0025
182.226,3.9968,8.8321,-6.0025
182.234,3.9968,8.8321,-6.0025
182.243,3.9968,8.8346,-6.0025
182.253,3.9968,8.8346,-6.0025
182.262,3.9968,8.8371,-6.0025
182.272,3.9968,8.8371,-6.0025
182.279,3.9968,8.8371,-6.0025
182.287,3.9968,8.8396,-6.0025
182.296,3.9968,8.8396,-6.0025
182.305,3.9968,8.8422,-6.0025
182.313,3.9968,8.8422,-6.0025
182.320,3.9968,8.8422,-6.0025
182.329,3.9968,8.8447,-6.0025
182.337,3.9968,8.8447,-6.0025
182.344,3.9968,8.8472,-6.0025
182.355,3.9968,8.8472,-6.0025
182.364,3.9968,8.8498,-6.0025
182.374,3.9968,8.8498,-6.0025
182.383,3.9968,8.8523,-6.0025
182.394,3.9968,8.8523,-6.0025
182.401,3.9968,8.8523,-6.0025
182.411,3.9968,8.8548,-6.0025
182.420,3.9968,8.8548,-6.0025
182.429,3.9968,8.8574,-6.0025
182.438,3.9968,8.8574,-6.0025
182.446,3.9968,8.8599,-6.0025
182.458,3.9968,8.8599,-6.0025
182.464,3.9968,8.8625,-6.0025
182.474,3.9968,8.8625,-6.0025
182.481,3.9968,8.8625,-6.0025
182.490,3.9968,8.8650,-6.0025
182.499,3.9968,8.8650,-6.0025
182.505,3.9968,8.8676,-6.0025
182.513,3.9968,8.8676,-6.0025
182.521,3.9968,8.8676,-6.0025
182.528,3.9968,8.8701,-6.0025
182.536,3.9968,8.8701,-6.0025
182.545,3.9968,8.8727,-6.0025
182.555,3.9968,8.8727,-6.0025
182.562,3.9968,8.8752,-6.0025
182.571,3.9968,8.8752,-6.0025
182.580,3.9968,8.8752,-6.0025
182.588,3.9968,8.8777,-6.0025
182.596,3.9968,8.8777,-6.0025
182.603,3.9968,8.8803,-6.0025
182.613,3.9968,8.8803,-6.0025
182.621,3.9968,8.8803,-6.0025
182.629,3.9968,8.8828,-6.0025
182.638,3.9968,8.8828,-6.0025
182.645,3.9968,8.8854,-6.0025
182.655,3.9968,8.8854,-6.0025
182.664,3.9968,8.8879,-6.0025
182.673,3.9968,8.8879,-6.0025
182.682,3.9968,8.8879,-6.0025
182.690,3.9968,8.8905,-6.0025
182.699,3.9968,8.8905,-6.0025
182.707,3.9968,8.8930,-6.0025
182.716,3.9968,8.8930,-6.0025
182.726,3.9968,8.8956,-6.0025
182.735,3.9968,8.8956,-6.0025
182.744,3.9968,8.8981,-6.0025
182.755,3.9968,8.8981,-6.0025
182.765,3.9968,8.9007,-6.0025
182.775,3.9968,8.9007,-6.0025
182.784,3.9968,8.9032,-6.0025
182.794,3.9968,8.9032,-6.0025
182.801,3.9968,8.9032,-6.0025
182.808,3.9968,8.9057,-6.0025
182.818,3.9968,8.9057,-6.0025
182.826,3.9968,8.9083,-6.0025
182.835,3.9968,8.9083,-6.0025
182.842,3.9968,8.9108,-6.0025
182.852,3.9968,8.9108,-6.0025
182.859,3.9968,8.9108,-6.0025
182.867,3.9968,8.9134,-6.0025
182.877,3.9968,8.9134,-6.0025
182.884,3.9968,8.9159,-6.0025
182.893,3.9968,8.9159,-6.0025
182.900,3.9968,8.9159,-6.0025
182.909,3.9968,8.9184,-6.0025
182.917,3.9968,8.9184,-6.0025
182.926,3.9968,8.9210,-6.0025
182.933,3.9968,8.9210,-6.0025
182.941,3.9968,8.9210,-6.0025
182.948,3.9968,8.9235,-6.0025
182.958,3.9968,8.9235,-6.0025
182.966,3.9968,8.9261,-6.0025
182.974,3.9968,8.9261,-6.0025
182.981,3.9968,8.9261,-6.0025
182.989,3.9968,8.9286,-6.0025
182.998,3.9968,8.9286,-6.0025
183.005,3.9968,8.9312,-6.0025
183.013,3.9968,8.9312,-6.0025
183.021,3.9968,8.9312,-6.0025
183.029,3.9968,8.9337,-6.0025
183.038,3.9968,8.9337,-6.0025
183.045,3.9968,8.9362,-6.0025
183.054,3.9968,8.9362,-6.0025
183.062,3.9968,8.9388,-6.0025
183.071,3.9968,8.9388,-6.0025
183.079,3.9968,8.9388,-6.0025
183.086,3.9968,8.9413,-6.0025
183.096,3.9968,8.9413,-6.0025
183.102,3.9968,8.9413,-6.0025
183.110,3.9968,8.9439,-6.0025
183.120,3.9968,8.9439,-6.0025
183.129,3.9968,8.9464,-6.0025
183.138,3.9968,8.9464,-6.0025
183.147,3.9968,8.9489,-6.0025
183.158,3.9968,8.9489,-6.0025
183.166,3.9968,8.9515,-6.0025
183.176,3.9968,8.9515,-6.0025
183.183,3.9968,8.9540,-6.0025
183.202,3.9968,8.9540,-6.0025
183.212,3.9968,8.9566,-6.0025
183.222,3.9968,8.9591,-6.0025
183.230,3.9968,8.9591,-6.0025
183.239,3.9968,8.9591,-6.0025
183.247,3.9968,8.9616,-6.0025
183.257,3.9968,8.9616,-6.0025
183.265,3.9968,8.9642,-6.0025
183.276,3.9968,8.9642,-6.0025
183.286,3.9968,8.9667,-6.0025
183.295,3.9968,8.9667,-6.0025
183.304,3.9968,8.9692,-6.0025
183.312,3.9968,8.9692,-6.0025
183.322,3.9968,8.9692,-6.0025
183.331,3.9968,8.9718,-6.0025
183.341,3.9968,8.9718,-6.0025
183.350,3.9968,8.9743,-6.0025
183.360,3.9968,8.9743,-6.0025
183.368,3.9968,8.9768,-6.0025
183.378,3.9968,8.9768,-6.0025
183.388,3.9968,8.9794,-6.0025
183.399,3.9968,8.9794,-6.0025
183.407,3.9968,8.9819,-6.0025
183.417,3.9968,8.9819,-6.0025
183.427,3.9968,8.9845,-6.0025
183.435,3.9968,8.9845,-6.0025
183.444,3.9968,8.9870,-6.0025
183.456,3.9968,8.9870,-6.0025
183.465,3.9968,8.9895,-6.0025
183.476,3.9968,8.9895,-6.0025
183.485,3.9968,8.9921,-6.0025
183.496,3.9968,8.9921,-6.0025
183.504,3.9968,8.9946,-6.0025
183.515,3.9968,8.9946,-6.0025
183.524,3.9968,8.9972,-6.0025
183.533,3.9968,8.9972,-6.0025
183.543,3.9968,8.9997,-6.0025
183.553,3.9968,8.9997,-6.0025
183.561,3.9968,8.9997,-6.0025
183.572,3.9968,9.0023,-6.0025
183.581,3.9968,9.0023,-6.0025
183.591,3.9968,9.0048,-6.0025
183.600,3.9968,9.0048,-6.0025
183.608,3.9968,9.0073,-6.0025
183.617,3.9968,9.0073,-6.0025
183.625,3.9968,9.0099,-6.0025
183.636,3.9968,9.0099,-6.0025
183.644,3.9968,9.0124,-6.0025
183.653,3.9968,9.0124,-6.0025
183.662,3.9968,9.0150,-6.0025
183.671,3.9968,9.0150,-6.0025
183.680,3.9968,9.0150,-6.0025
183.689,3.9968,9.0175,-6.0025
183.699,3.9968,9.0175,-6.0025
183.707,3.9968,9.0201,-6.0025
183.718,3.9968,9.0201,-6.0025
183.727,3.9968,9.0226,-6.0025
183.735,3.9968,9.0226,-6.0025
183.745,3.9968,9.0251,-6.0025
183.754,3.9968,9.0251,-6.0025
183.763,3.9968,9.0277,-6.0025
183.774,3.9968,9.0277,-6.0025
183.783,3.9968,9.0302,-6.0025
183.793,3.9968,9.0302,-6.0025
183.800,3.9968,9.0302,-6.0025
183.809,3.9968,9.0328,-6.0025
183.819,3.9968,9.0328,-6.0025
183.828,3.9968,9.0353,-6.0025
183.837,3.9968,9.0353,-6.0025
183.845,3.9968,9.0378,-6.0025
183.855,3.9968,9.0378,-6.0025
183.864,3.9968,9.0404,-6.0025
183.874,3.9968,9.0404,-6.0025
183.883,3.9968,9.0429,-6.0025
183.894,3.9968,9.0429,-6.0025
183.903,3.9968,9.0455,-6.0025
183.913,3.9968,9.0455,-6.0025
183.921,3.9968,9.0455,-6.0025
183.929,3.9968,9.0480,-6.0025
183.939,3.9968,9.0480,-6.0025
183.952,3.9968,9.0506,-6.0025
183.965,3.9968,9.0531,-6.0025
183.974,3.9968,9.0531,-6.0025
183.982,3.9968,9.0556,-6.0025
183.992,3.9968,9.0556,-6.0025
184.000,3.9968,9.0556,-6.0025
184.010,3.9968,9.0582,-6.0025
184.020,3.9968,9.0582,-6.0025
184.029,3.9968,9.0607,-6.0025
184.038,3.9968,9.0607,-6.0025
184.046,3.9968,9.0633,-6.0025
184.058,3.9968,9.0633,-6.0025
184.064,3.9968,9.0658,-6.0025
184.077,3.9968,9.0658,-6.0025
184.089,3.9968,9.0683,-6.0025
184.098,3.9968,9.0683,-6.0025
184.107,3.9968,9.0709,-6.0025
184.116,3.9968,9.0709,-6.0025
184.126,3.9968,9.0734,-6.0025
184.134,3.9968,9.0734,-6.0025
184.144,3.9968,9.0760,-6.0025
184.155,3.9968,9.0760,-6.0025
184.164,3.9968,9.0785,-6.0025
184.173,3.9968,9.0785,-6.0025
184.182,3.9968,9.0785,-6.0025
184.188,3.9968,9.0811,-6.0025
184.198,3.9968,9.0811,-6.0025
184.206,3.9968,9.0836,-6.0025
184.215,3.9968,9.0836,-6.0025
184.223,3.9968,9.0861,-6.0025
184.231,3.9968,9.0861,-6.0025
184.238,3.9968,9.0861,-6.0025
184.244,3.9968,9.0887,-6.0025
184.254,3.9968,9.0887,-6.0025
184.261,3.9968,9.0887,-6.0025
184.268,3.9968,9.0912,-6.0025
184.277,3.9968,9.0912,-6.0025
184.284,3.9968,9.0938,-6.0025
184.294,3.9968,9.0938,-6.0025
184.301,3.9968,9.0938,-6.0025
184.309,3.9968,9.0963,-6.0025
184.316,3.9968,9.0963,-6.0025
184.325,3.9968,9.0989,-6.0025
184.333,3.9968,9.0989,-6.0025
184.341,3.9968,9.0989,-6.0025
184.348,3.9968,9.1014,-6.0025
184.358,3.9968,9.1014,-6.0025
184.365,3.9968,9.1039,-6.0025
184.374,3.9968,9.1039,-6.0025
184.382,3.9968,9.1039,-6.0025
184.390,3.9968,9.1065,-6.0025
184.398,3.9968,9.1065,-6.0025
184.407,3.9968,9.1090,-6.0025
184.416,3.9968,9.1090,-6.0025
184.425,3.9968,9.1116,-6.0025
184.432,3.9968,9.1116,-6.0025
184.441,3.9968,9.1116,-6.0025
184.450,3.9968,9.1141,-6.0025
184.459,3.9968,9.1141,-6.0025
184.468,3.9968,9.1166,-6.0025
184.477,3.9968,9.1166,-6.0025
184.484,3.9968,9.1192,-6.0025
184.493,3.9968,9.1192,-6.0025
184.501,3.9968,9.1192,-6.0025
184.510,3.9968,9.1217,-6.0025
184.519,3.9968,9.1217,-6.0025
184.529,3.9968,9.1243,-6.0025
184.537,3.9968,9.1243,-6.0025
184.545,3.9968,9.1268,-6.0025
184.555,3.9968,9.1268,-6.0025
184.563,3.9968,9.1293,-6.0025
184.572,3.9968,9.1293,-6.0025
184.580,3.9968,9.1293,-6.0025
184.587,3.9968,9.1319,-6.0025
184.596,3.9968,9.1319,-6.0025
184.603,3.9968,9.1344,-6.0025
184.613,3.9968,9.1344,-6.0025
184.621,3.9968,9.1344,-6.0025
184.628,3.9968,9.1370,-6.0025
184.636,3.9968,9.1370,-6.0025
184.644,3.9968,9.1395,-6.0025
184.653,3.9968,9.1395,-6.0025
184.661,3.9968,9.1395,-6.0025
184.668,3.9968,9.1420,-6.0025
184.677,3.9968,9.1420,-6.0025
184.686,3.9968,9.1446,-6.0025
184.694,3.9968,9.1446,-6.0025
184.701,3.9968,9.1446,-6.0025
184.708,3.9968,9.1471,-6.0025
184.716,3.9968,9.1471,-6.0025
184.724,3.9968,9.1497,-6.0025
184.732,3.9968,9.1497,-6.0025
184.739,3.9968,9.1497,-6.0025
184.747,3.9968,9.1522,-6.0025
184.756,3.9968,9.1522,-6.0025
184.764,3.9968,9.1548,-6.0025
184.772,3.9968,9.1548,-6.0025
184.781,3.9968,9.1548,-6.0025
184.789,3.9968,9.1573,-6.0025
184.799,3.9968,9.1573,-6.0025
184.808,3.9968,9.1598,-6.0025
184.817,3.9968,9.1598,-6.0025
184.826,3.9968,9.1624,-6.0025
184.835,3.9968,9.1624,-6.0025
184.844,3.9968,9.1649,-6.0025
184.853,3.9968,9.1649,-6.0025
184.862,3.9968,9.1675,-6.0025
184.873,3.9968,9.1675,-6.0025
184.881,3.9968,9.1675,-6.0025
184.889,3.9968,9.1700,-6.0025
184.898,3.9968,9.1700,-6.0025
184.907,3.9968,9.1725,-6.0025
184.915,3.9968,9.1725,-6.0025
184.925,3.9968,9.1751,-6.0025
184.935,3.9968,9.1751,-6.0025
184.942,3.9968,9.1776,-6.0025
184.953,3.9968,9.1776,-6.0025
184.961,3.9968,9.1776,-6.0025
184.970,3.9968,9.1802,-6.0025
184.980,3.9968,9.1802,-6.0025
184.989,3.9968,9.1827,-6.0025
185.000,3.9968,9.1827,-6.0025
185.007,3.9968,9.1852,-6.0025
185.019,3.9968,9.1852,-6.0025
185.028,3.9968,9.1878,-6.0025
185.035,3.9968,9.1878,-6.0025
185.043,3.9968,9.1903,-6.0025
185.051,3.9968,9.1903,-6.0025
185.060,3.9968,9.1903,-6.0025
185.067,3.9968,9.1929,-6.0025
185.076,3.9968,9.1929,-6.0025
185.084,3.9968,9.1954,-6.0025
185.094,3.9968,9.1954,-6.0025
185.100,3.9968,9.1954,-6.0025
185.110,3.9968,9.1979,-6.0025
185.119,3.9968,9.1979,-6.0025
185.127,3.9968,9.2005,-6.0025
185.135,3.9968,9.2005,-6.0025
185.145,3.9968,9.2030,-6.0025
185.154,3.9968,9.2030,-6.0025
185.162,3.9968,9.2030,-6.0025
185.170,3.9968,9.2056,-6.0025
185.180,3.9968,9.2056,-6.0025
185.189,3.9968,9.2081,-6.0025
185.198,3.9968,9.2081,-6.0025
185.208,3.9968,9.2107,-6.0025
185.217,3.9968,9.2107,-6.0025
185.226,3.9968,9.2132,-6.0025
185.236,3.9968,9.2132,-6.0025
185.244,3.9968,9.2158,-6.0025
185.254,3.9968,9.2158,-6.0025
185.263,3.9968,9.2183,-6.0025
185.273,3.9968,9.2183,-6.0025
185.282,3.9968,9.2209,-6.0025
185.296,3.9968,9.2209,-6.0025
185.304,3.9968,9.2234,-6.0025
185.314,3.9968,9.2234,-6.0025
185.323,3.9968,9.2259,-6.0025
185.332,3.9968,9.2259,-6.0025
185.341,3.9968,9.2259,-6.0025
185.350,3.9968,9.2285,-6.0025
185.359,3.9968,9.2285,-6.0025
185.366,3.9968,9.2310,-6.0025
185.377,3.9968,9.2310,-6.0025
185.386,3.9968,9.2336,-6.0025
185.395,3.9968,9.2336,-6.0025
185.403,3.9968,9.2361,-6.0025
185.412,3.9968,9.2361,-6.0025
185.420,3.9968,9.2361,-6.0025
185.428,3.9968,9.2387,-6.0025
185.437,3.9968,9.2387,-6.0025
185.445,3.9968,9.2412,-6.0025
185.454,3.9968,9.2412,-6.0025
185.462,3.9968,9.2412,-6.0025
185.469,3.9968,9.2438,-6.0025
185.478,3.9968,9.2438,-6.0025
185.485,3.9968,9.2463,-6.0025
185.495,3.9968,9.2463,-6.0025
185.503,3.9968,9.2489,-6.0025
185.511,3.9968,9.2489,-6.0025
185.519,3.9968,9.2489,-6.0025
185.527,3.9968,9.2514,-6.0025
185.537,3.9968,9.2514,-6.0025
185.545,3.9968,9.2540,-6.0025
185.555,3.9968,9.2540,-6.0025
185.564,3.9968,9.2565,-6.0025
185.573,3.9968,9.2565,-6.0025
185.580,3.9968,9.2565,-6.0025
185.588,3.9968,9.2591,-6.0025
185.597,3.9968,9.2591,-6.0025
185.605,3.9968,9.2616,-6.0025
185.614,3.9968,9.2616,-6.0025
185.623,3.9968,9.2642,-6.0025
185.632,3.9968,9.2642,-6.0025
185.640,3.9968,9.2642,-6.0025
185.648,3.9968,9.2667,-6.0025
185.658,3.9968,9.2667,-6.0025
185.666,3.9968,9.2693,-6.0025
185.674,3.9968,9.2693,-6.0025
185.682,3.9968,9.2693,-6.0025
185.691,3.9968,9.2718,-6.0025
185.699,3.9968,9.2718,-6.0025
185.716,3.9968,9.2744,-6.0025
185.725,3.9968,9.2769,-6.0025
185.732,3.9968,9.2769,-6.0025
185.741,3.9968,9.2769,-6.0025
185.750,3.9968,9.2795,-6.0025
185.758,3.9968,9.2795,-6.0025
185.765,3.9968,9.2820,-6.0025
185.776,3.9968,9.2820,-6.0025
185.784,3.9968,9.2846,-6.0025
185.794,3.9968,9.2846,-6.0025
185.802,3.9968,9.2846,-6.0025
185.809,3.9968,9.2871,-6.0025
185.817,3.9968,9.2871,-6.0025
185.825,3.9968,9.2897,-6.0025
185.833,3.9968,9.2897,-6.0025
185.841,3.9968,9.2897,-6.0025
185.847,3.9968,9.2922,-6.0025
185.854,3.9968,9.2922,-6.0025
185.861,3.9968,9.2922,-6.0025
185.869,3.9968,9.2948,-6.0025
185.878,3.9968,9.2948,-6.0025
185.886,3.9968,9.2973,-6.0025
185.895,3.9968,9.2973,-6.0025
185.902,3.9968,9.2998,-6.0025
185.911,3.9968,9.2998,-6.0025
185.918,3.9968,9.2998,-6.0025
185.928,3.9968,9.3024,-6.0025
185.935,3.9968,9.3024,-6.0025
185.943,3.9968,9.3049,-6.0025
185.952,3.9968,9.3049,-6.0025
185.960,3.9968,9.3049,-6.0025
185.967,3.9968,9.3075,-6.0025
185.977,3.9968,9.3075,-6.0025
185.986,3.9968,9.3100,-6.0025
185.996,3.9968,9.3100,-6.0025
186.003,3.9968,9.3126,-6.0025
186.013,3.9968,9.3126,-6.0025
186.025,3.9968,9.3151,-6.0025
186.035,3.9968,9.3151,-6.0025
186.043,3.9968,9.3177,-6.0025
186.054,3.9968,9.3177,-6.0025
186.062,3.9968,9.3202,-6.0025
186.072,3.9968,9.3202,-6.0025
186.080,3.9968,9.3202,-6.0025
186.089,3.9968,9.3228,-6.0025
186.100,3.9968,9.3228,-6.0025
186.110,3.9968,9.3253,-6.0025
186.119,3.9968,9.3253,-6.0025
186.128,3.9968,9.3279,-6.0025
186.137,3.9968,9.3279,-6.0025
186.146,3.9968,9.3305,-6.0025
186.156,3.9968,9.3305,-6.0025
186.165,3.9968,9.3330,-6.0025
186.174,3.9968,9.3330,-6.0025
186.182,3.9968,9.3356,-6.0025
186.193,3.9968,9.3356,-6.0025
186.201,3.9968,9.3356,-6.0025
186.210,3.9968,9.3381,-6.0025
186.220,3.9968,9.3381,-6.0025
186.229,3.9968,9.3407,-6.0025
186.238,3.9968,9.3407,-6.0025
186.246,3.9968,9.3432,-6.0025
186.257,3.9968,9.3432,-6.0025
186.265,3.9968,9.3457,-6.0025
186.274,3.9968,9.3457,-6.0025
186.283,3.9968,9.3483,-6.0025
186.294,3.9968,9.3483,-6.0025
186.301,3.9968,9.3483,-6.0025
186.310,3.9968,9.3509,-6.0025
186.319,3.9968,9.3509,-6.0025
186.328,3.9968,9.3534,-6.0025
186.336,3.9968,9.3534,-6.0025
186.345,3.9968,9.3560,-6.0025
186.355,3.9968,9.3560,-6.0025
186.363,3.9968,9.3585,-6.0025
186.371,3.9968,9.3585,-6.0025
186.379,3.9968,9.3585,-6.0025
186.386,3.9968,9.3611,-6.0025
186.397,3.9968,9.3611,-6.0025
186.406,3.9968,9.3636,-6.0025
186.416,3.9968,9.3636,-6.0025
186.425,3.9968,9.3640,-6.0025
186.433,3.9968,9.3640,-6.0025
186.443,3.9968,9.3640,-6.0025
186.452,3.9968,9.3640,-6.0025
186.461,3.9968,9.3640,-6.0025
186.470,3.9968,9.3640,-6.0025
186.479,3.9968,9.3640,-6.0025
186.489,3.9968,9.3640,-6.0025
186.497,3.9968,9.3640,-6.0025
186.507,3.9968,9.3640,-6.0025
186.517,3.9968,9.3640,-6.0025
186.525,3.9968,9.3640,-6.0025
186.535,3.9968,9.3640,-6.0025
186.543,3.9968,9.3640,-6.0025
186.553,3.9968,9.3640,-6.0025
186.562,3.9968,9.3640,-6.0025
186.571,3.9968,9.3640,-6.0025
186.581,3.9968,9.3640,-6.0025
186.590,3.9968,9.3640,-6.0025
186.599,3.9968,9.3640,-6.0025
186.606,3.9968,9.3640,-6.0025
186.615,3.9968,9.3640,-6.0025
186.623,3.9968,9.3640,-6.0025
186.632,3.9968,9.3640,-6.0025
186.640,3.9968,9.3640,-6.0025
186.648,3.9968,9.3640,-6.0025
186.656,3.9968,9.3640,-6.0025
186.664,3.9968,9.3640,-6.0025
186.671,3.9968,9.3640,-6.0025
186.681,3.9968,9.3640,-6.0025
186.689,3.9968,9.3640,-6.0025
186.697,3.9968,9.3640,-6.0025
186.704,3.9968,9.3640,-6.0025
186.713,3.9968,9.3640,-6.0025
186.721,3.9968,9.3640,-6.0025
186.728,3.9968,9.3640,-6.0025
186.736,3.9968,9.3640,-6.0025
186.744,3.9968,9.3640,-6.0025
186.753,3.9968,9.3640,-6.0025
186.761,3.9968,9.3640,-6.0025
186.768,3.9968,9.3640,-6.0025
186.777,3.9968,9.3640,-6.0025
186.785,3.9968,9.3640,-6.0025
186.794,3.9968,9.3640,-6.0025
186.803,3.9968,9.3640,-6.0025
186.812,3.9968,9.3640,-6.0025
186.820,3.9968,9.3640,-6.0025
186.827,3.9968,9.3640,-6.0025
186.836,3.9968,9.3640,-6.0025
186.843,3.9968,9.3640,-6.0025
186.851,3.9968,9.3640,-6.0025
186.860,3.9968,9.3640,-6.0025
186.867,3.9968,9.3640,-6.0025
186.876,3.9968,9.3640,-6.0025
186.882,3.9968,9.3640,-6.0025
186.892,3.9968,9.3640,-6.0025
186.900,3.9968,9.3640,-6.0025
186.908,3.9968,9.3640,-6.0025
186.915,3.9968,9.3640,-6.0025
186.924,3.9968,9.3640,-6.0025
186.932,3.9968,9.3640,-6.0025
186.940,3.9968,9.3640,-6.0025
186.947,3.9968,9.3640,-6.0025
186.957,3.9968,9.3640,-6.0025
186.964,3.9968,9.3640,-6.0025
186.973,3.9968,9.3640,-6.0025
186.981,3.9968,9.3640,-6.0025
186.988,3.9968,9.3640,-6.0025
186.997,3.9968,9.3640,-6.0025
187.004,3.9968,9.3640,-6.0025
187.012,3.9968,9.3640,-6.0025
187.020,3.9968,9.3640,-6.0025
187.028,3.9968,9.3640,-6.0025
187.036,3.9968,9.3640,-6.0025
187.043,3.9968,9.3640,-6.0025
187.052,3.9968,9.3640,-6.0025
187.060,3.9968,9.3640,-6.0025
187.068,3.9968,9.3640,-6.0025
187.077,3.9968,9.3640,-6.0025
187.085,3.9968,9.3640,-6.0025
187.094,3.9968,9.3640,-6.0025
187.102,3.9968,9.3640,-6.0025
187.111,3.9968,9.3640,-6.0025
187.118,3.9968,9.3640,-6.0025
187.126,3.9968,9.3640,-6.0025
187.134,3.9968,9.3640,-6.0025
187.142,3.9968,9.3640,-6.0025
187.148,3.9968,9.3640,-6.0022
187.158,3.9968,9.3640,-6.0022
187.165,3.9968,9.3640,-6.0018
187.173,3.9968,9.3640,-6.0018
187.180,3.9968,9.3640,-6.0018
187.188,3.9968,9.3640,-6.0012
187.197,3.9968,9.3640,-6.0012
187.205,3.9968,9.3640,-6.0005
187.214,3.9968,9.3640,-6.0005
187.222,3.9968,9.3640,-5.9983
187.232,3.9968,9.3640,-5.9983
187.239,3.9968,9.3640,-5.9983
187.246,3.9968,9.3640,-5.9958
187.256,3.9968,9.3640,-5.9958
187.263,3.9968,9.3640,-5.9931
187.271,3.9968,9.3640,-5.9931
187.278,3.9968,9.3640,-5.9931
187.286,3.9968,9.3640,-5.9901
187.296,3.9968,9.3640,-5.9901
187.304,3.9968,9.3640,-5.9869
187.312,3.9968,9.3640,-5.9869
187.322,3.9968,9.3640,-5.9869
187.329,3.9968,9.3640,-5.9834
187.337,3.9968,9.3640,-5.9834
187.346,3.9968,9.3640,-5.9765
187.355,3.9968,9.3640,-5.9765
187.363,3.9968,9.3640,-5.9693
187.373,3.9968,9.3640,-5.9693
187.382,3.9968,9.3640,-5.9693
187.389,3.9968,9.3640,-5.9619
187.400,3.9968,9.3640,-5.9619
187.408,3.9968,9.3640,-5.9543
187.417,3.9968,9.3640,-5.9543
187.427,3.9968,9.3640,-5.9466
187.437,3.9968,9.3640,-5.9466
187.445,3.9968,9.3640,-5.9390
187.455,3.9968,9.3640,-5.9390
187.463,3.9968,9.3640,-5.9313
187.472,3.9968,9.3640,-5.9313
187.479,3.9968,9.3640,-5.9313
187.488,3.9968,9.3640,-5.9236
187.497,3.9968,9.3640,-5.9236
187.505,3.9968,9.3640,-5.9159
187.515,3.9968,9.3640,-5.9159
187.524,3.9968,9.3640,-5.9082
187.533,3.9968,9.3640,-5.9082
187.541,3.9968,9.3640,-5.9082
187.549,3.9968,9.3640,-5.9004
187.558,3.9968,9.3640,-5.9004
187.565,3.9968,9.3640,-5.8925
187.573,3.9968,9.3640,-5.8925
187.581,3.9968,9.3640,-5.8925
187.589,3.9968,9.3640,-5.8846
187.598,3.9968,9.3640,-5.8846
187.607,3.9968,9.3640,-5.8765
187.617,3.9968,9.3640,-5.8765
187.625,3.9968,9.3640,-5.8685
187.634,3.9968,9.3640,-5.8685
187.642,3.9968,9.3640,-5.8604
187.651,3.9968,9.3640,-5.8604
187.660,3.9968,9.3640,-5.8604
187.667,3.9968,9.3640,-5.8523
187.677,3.9968,9.3640,-5.8523
187.685,3.9968,9.3640,-5.8440
187.695,3.9968,9.3640,-5.8440
187.703,3.9968,9.3640,-5.8357
187.712,3.9968,9.3640,-5.8357
187.721,3.9968,9.3640,-5.8357
187.729,3.9968,9.3640,-5.8271
187.738,3.9968,9.3640,-5.8271
187.746,3.9968,9.3640,-5.8183
187.756,3.9968,9.3640,-5.8183
187.764,3.9968,9.3640,-5.8092
187.774,3.9968,9.3640,-5.8092
187.784,3.9968,9.3640,-5.7999
187.794,3.9968,9.3640,-5.7999
187.804,3.9968,9.3640,-5.7817
187.815,3.9968,9.3640,-5.7817
187.825,3.9968,9.3640,-5.7628
187.836,3.9968,9.3640,-5.7628
187.845,3.9968,9.3640,-5.7432
187.857,3.9968,9.3640,-5.7432
187.867,3.9968,9.3640,-5.7228
187.878,3.9968,9.3640,-5.7228
187.887,3.9968,9.3640,-5.7019
187.901,3.9968,9.3640,-5.7019
187.913,3.9968,9.3640,-5.6804
187.925,3.9968,9.3640,-5.6586
187.935,3.9968,9.3640,-5.6586
187.945,3.9968,9.3640,-5.6365
187.957,3.9968,9.3640,-5.6365
187.965,3.9968,9.3640,-5.6143
187.976,3.9968,9.3640,-5.6143
187.984,3.9968,9.3640,-5.5921
187.995,3.9968,9.3640,-5.5921
188.003,3.9968,9.3640,-5.5700
188.013,3.9968,9.3640,-5.5700
188.022,3.9968,9.3640,-5.5480
188.030,3.9968,9.3640,-5.5480
188.040,3.9968,9.3640,-5.5480
188.049,3.9968,9.3640,-5.5260
188.059,3.9968,9.3640,-5.5260
188.068,3.9968,9.3640,-5.5041
188.077,3.9968,9.3640,-5.5041
188.085,3.9968,9.3640,-5.4823
188.094,3.9968,9.3640,-5.4823
188.102,3.9968,9.3640,-5.4605
188.111,3.9968,9.3640,-5.4605
188.119,3.9968,9.3640,-5.4605
188.127,3.9968,9.3640,-5.4387
188.137,3.9968,9.3640,-5.4387
188.147,3.9968,9.3640,-5.4170
188.157,3.9968,9.3640,-5.4170
188.165,3.9968,9.3640,-5.3953
188.174,3.9968,9.3640,-5.3953
188.182,3.9968,9.3640,-5.3737
188.192,3.9968,9.3640,-5.3737
188.200,3.9968,9.3640,-5.3737
188.217,3.9968,9.3640,-5.3521
188.228,3.9968,9.3640,-5.3304
188.236,3.9968,9.3640,-5.3304
188.245,3.9968,9.3640,-5.3089
188.254,3.9968,9.3640,-5.3089
188.262,3.9968,9.3640,-5.2873
188.271,3.9968,9.3640,-5.2873
188.278,3.9968,9.3640,-5.2873
188.287,3.9968,9.3640,-5.2658
188.295,3.9968,9.3640,-5.2658
188.303,3.9968,9.3640,-5.2443
188.313,3.9968,9.3640,-5.2443
188.321,3.9968,9.3640,-5.2443
188.329,3.9968,9.3640,-5.2229
188.337,3.9968,9.3640,-5.2229
188.346,3.9968,9.3640,-5.2015
188.355,3.9968,9.3640,-5.2015
188.362,3.9968,9.3640,-5.1802
188.372,3.9968,9.3640,-5.1802
188.380,3.9968,9.3640,-5.1802
188.387,3.9968,9.3640,-5.1589
188.396,3.9968,9.3640,-5.1589
188.403,3.9968,9.3640,-5.1377
188.413,3.9968,9.3640,-5.1377
188.421,3.9968,9.3640,-5.1377
188.428,3.9968,9.3640,-5.1164
188.437,3.9968,9.3640,-5.1164
188.444,3.9968,9.3640,-5.0953
188.453,3.9968,9.3640,-5.0953
188.461,3.9968,9.3640,-5.0953
188.468,3.9968,9.3640,-5.0741
188.477,3.9968,9.3640,-5.0741
188.485,3.9968,9.3640,-5.0529
188.494,3.9968,9.3640,-5.0529
188.501,3.9968,9.3640,-5.0529
188.509,3.9968,9.3640,-5.0318
188.518,3.9968,9.3640,-5.0318
188.526,3.9968,9.3640,-5.0106
188.534,3.9968,9.3640,-5.0106
188.542,3.9968,9.3640,-5.0106
188.549,3.9968,9.3640,-4.9895
188.558,3.9968,9.3640,-4.9895
188.564,3.9968,9.3640,-4.9684
188.573,3.9968,9.3640,-4.9684
188.582,3.9968,9.3640,-4.9684
188.589,3.9968,9.3640,-4.9473
188.600,3.9968,9.3640,-4.9473
188.608,3.9968,9.3640,-4.9261
188.619,3.9968,9.3640,-4.9261
188.627,3.9968,9.3640,-4.9050
188.636,3.9968,9.3640,-4.9050
188.644,3.9968,9.3640,-4.8839
188.653,3.9968,9.3640,-4.8839
188.661,3.9968,9.3640,-4.8839
188.668,3.9968,9.3640,-4.8628
188.677,3.9968,9.3640,-4.8628
188.685,3.9968,9.3640,-4.8417
188.694,3.9968,9.3640,-4.8417
188.701,3.9968,9.3640,-4.8417
188.710,3.9968,9.3640,-4.8205
188.718,3.9968,9.3640,-4.8205
188.726,3.9968,9.3640,-4.7994
188.734,3.9968,9.3640,-4.7994
188.741,3.9968,9.3640,-4.7994
188.749,3.9968,9.3640,-4.7783
188.758,3.9968,9.3640,-4.7783
188.765,3.9968,9.3640,-4.7572
188.775,3.9968,9.3640,-4.7572
188.782,3.9968,9.3640,-4.7361
188.794,3.9968,9.3640,-4.7361
188.802,3.9968,9.3640,-4.7150
188.812,3.9968,9.3640,-4.7150
188.820,3.9968,9.3640,-4.7150
188.828,3.9968,9.3640,-4.6939
188.838,3.9968,9.3640,-4.6939
188.845,3.9968,9.3640,-4.6728
188.855,3.9968,9.3640,-4.6728
188.863,3.9968,9.3640,-4.6516
188.872,3.9968,9.3640,-4.6516
188.880,3.9968,9.3640,-4.6516
188.888,3.9968,9.3640,-4.6305
188.896,3.9968,9.3640,-4.6305
188.903,3.9968,9.3640,-4.6094
188.913,3.9968,9.3640,-4.6094
188.921,3.9968,9.3640,-4.6094
188.929,3.9968,9.3640,-4.5883
188.937,3.9968,9.3640,-4.5883
188.946,3.9968,9.3640,-4.5672
188.955,3.9968,9.3640,-4.5672
188.964,3.9968,9.3640,-4.5461
188.972,3.9968,9.3640,-4.5461
188.981,3.9968,9.3640,-4.5461
188.989,3.9968,9.3640,-4.5250
188.997,3.9968,9.3640,-4.5250
189.005,3.9968,9.3640,-4.5039
189.015,3.9968,9.3640,-4.5039
189.023,3.9968,9.3640,-4.4828
189.032,3.9968,9.3640,-4.4828
189.040,3.9968,9.3640,-4.4828
189.046,3.9968,9.3640,-4.4617
189.056,3.9968,9.3640,-4.4617
189.064,3.9968,9.3640,-4.4406
189.074,3.9968,9.3640,-4.4406
189.082,3.9968,9.3640,-4.4195
189.090,3.9968,9.3640,-4.4195
189.099,3.9968,9.3640,-4.4195
189.108,3.9968,9.3640,-4.3985
189.117,3.9968,9.3640,-4.3985
189.125,3.9968,9.3640,-4.3775
189.134,3.9968,9.3640,-4.3775
189.141,3.9968,9.3640,-4.3775
189.148,3.9968,9.3640,-4.3565
189.158,3.9968,9.3640,-4.3565
189.164,3.9968,9.3640,-4.3357
189.172,3.9968,9.3640,-4.3357
189.179,3.9968,9.3640,-4.3357
189.186,3.9968,9.3640,-4.3152
189.195,3.9968,9.3640,-4.3152
189.202,3.9968,9.3640,-4.2948
189.211,3.9968,9.3640,-4.2948
189.219,3.9968,9.3640,-4.2948
189.226,3.9968,9.3640,-4.2749
189.233,3.9968,9.3640,-4.2749
189.243,3.9968,9.3640,-4.2554
189.251,3.9968,9.3640,-4.2554
189.259,3.9968,9.3640,-4.2554
189.266,3.9968,9.3640,-4.2367
189.274,3.9968,9.3640,-4.2367
189.282,3.9968,9.3640,-4.2186
189.291,3.9968,9.3640,-4.2186
189.299,3.9968,9.3640,-4.2186
189.307,3.9968,9.3640,-4.2097
189.316,3.9968,9.3640,-4.2097
189.322,3.9968,9.3640,-4.2012
189.331,3.9968,9.3640,-4.2012
189.339,3.9968,9.3640,-4.2012
189.347,3.9968,9.3640,-4.1936
189.355,3.9968,9.3640,-4.1936
189.363,3.9968,9.3640,-4.1865
189.371,3.9968,9.3640,-4.1865
189.379,3.9968,9.3640,-4.1865
189.385,3.9968,9.3640,-4.1832
189.394,3.9968,9.3640,-4.1832
189.401,3.9968,9.3640,-4.1832
189.410,3.9968,9.3640,-4.1804
189.417,3.9968,9.3640,-4.1804
189.425,3.9968,9.3640,-4.1778
189.435,3.9968,9.3640,-4.1778
189.443,3.9968,9.3640,-4.1754
189.452,3.9968,9.3640,-4.1754
189.461,3.9968,9.3640,-4.1754
189.469,3.9968,9.3640,-4.1746
189.478,3.9968,9.3640,-4.1746
189.486,3.9968,9.3640,-4.1738
189.495,3.9968,9.3640,-4.1738
189.502,3.9968,9.3640,-4.1730
189.510,3.9968,9.3640,-4.1730
189.518,3.9968,9.3640,-4.1730
189.526,3.9968,9.3640,-4.1723
189.533,3.9968,9.3640,-4.1723
189.541,3.9968,9.3640,-4.1723
189.549,3.9968,9.3640,-4.1715
189.557,3.9968,9.3640,-4.1715
189.565,3.9968,9.3640,-4.1707
189.574,3.9968,9.3640,-4.1707
189.582,3.9968,9.3640,-4.1699
189.591,3.9968,9.3640,-4.1699
189.598,3.9968,9.3640,-4.1699
189.606,3.9968,9.3640,-4.1691
189.615,3.9968,9.3640,-4.1691
189.623,3.9968,9.3640,-4.1669
189.631,3.9968,9.3640,-4.1669
189.640,3.9968,9.3640,-4.1669
189.648,3.9968,9.3640,-4.1647
189.658,3.9968,9.3640,-4.1647
189.664,3.9968,9.3640,-4.1625
189.674,3.9968,9.3640,-4.1625
189.681,3.9968,9.3640,-4.1625
189.689,3.9968,9.3640,-4.1602
189.698,3.9968,9.3640,-4.1602
189.706,3.9968,9.3640,-4.1580
189.714,3.9968,9.3640,-4.1580
189.723,3.9968,9.3640,-4.1557
189.732,3.9968,9.3640,-4.1557
189.739,3.9968,9.3640,-4.1557
189.745,3.9968,9.3640,-4.1533
189.755,3.9968,9.3640,-4.1533
189.763,3.9968,9.3640,-4.1509
189.773,3.9968,9.3640,-4.1509
189.780,3.9968,9.3640,-4.1509
189.788,3.9968,9.3640,-4.1485
189.797,3.9968,9.3640,-4.1485
189.805,3.9968,9.3640,-4.1459
189.814,3.9968,9.3640,-4.1459
189.822,3.9968,9.3640,-4.1459
189.831,3.9968,9.3640,-4.1432
189.839,3.9968,9.3640,-4.1432
189.847,3.9968,9.3640,-4.1404
189.858,3.9968,9.3640,-4.1404
189.866,3.9968,9.3640,-4.1374
189.876,3.9968,9.3640,-4.1374
189.885,3.9968,9.3640,-4.1343
189.894,3.9968,9.3640,-4.1343
189.901,3.9968,9.3640,-4.1343
189.909,3.9968,9.3640,-4.1310
189.917,3.9968,9.3640,-4.1310
189.926,3.9968,9.3640,-4.1275
189.936,3.9968,9.3640,-4.1275
189.948,3.9968,9.3640,-4.1240
189.961,3.9968,9.3640,-4.1240
189.972,3.9968,9.3640,-4.1204
189.986,3.9968,9.3640,-4.1168
189.996,3.9968,9.3640,-4.1168
190.006,3.9968,9.3640,-4.1132
190.017,3.9968,9.3640,-4.1132
190.027,3.9968,9.3640,-4.1096
190.038,3.9968,9.3640,-4.1096
190.045,3.9968,9.3640,-4.1061
190.055,3.9968,9.3640,-4.1061
190.064,3.9968,9.3640,-4.1025
190.074,3.9968,9.3640,-4.1025
190.082,3.9968,9.3640,-4.0989
190.092,3.9968,9.3640,-4.0989
190.100,3.9968,9.3640,-4.0989
190.108,3.9968,9.3640,-4.0954
190.119,3.9968,9.3640,-4.0954
190.127,3.9968,9.3640,-4.0918
190.136,3.9968,9.3640,-4.0918
190.147,3.9968,9.3640,-4.0882
190.157,3.9968,9.3640,-4.0882
190.165,3.9968,9.3640,-4.0847
190.176,3.9968,9.3640,-4.0847
190.184,3.9968,9.3640,-4.0811
190.194,3.9968,9.3640,-4.0811
190.201,3.9968,9.3640,-4.0811
190.210,3.9968,9.3640,-4.0776
190.220,3.9968,9.3640,-4.0776
190.229,3.9968,9.3640,-4.0741
190.238,3.9968,9.3640,-4.0741
190.246,3.9968,9.3640,-4.0705
190.256,3.9968,9.3640,-4.0705
190.266,3.9968,9.3640,-4.0670
190.277,3.9968,9.3640,-4.0670
190.287,3.9968,9.3640,-4.0635
190.296,3.9968,9.3640,-4.0635
190.306,3.9968,9.3640,-4.0600
190.315,3.9968,9.3640,-4.0600
190.324,3.9968,9.3640,-4.0564
190.334,3.9968,9.3640,-4.0564
190.342,3.9968,9.3640,-4.0529
190.352,3.9968,9.3640,-4.0529
190.361,3.9968,9.3640,-4.0529
190.369,3.9968,9.3640,-4.0494
190.380,3.9968,9.3640,-4.0494
190.390,3.9968,9.3640,-4.0459
190.401,3.9968,9.3640,-4.0459
190.410,3.9968,9.3640,-4.0424
190.419,3.9968,9.3640,-4.0424
190.426,3.9968,9.3640,-4.0389
190.435,3.9968,9.3640,-4.0389
190.444,3.9968,9.3640,-4.0355
190.454,3.9968,9.3640,-4.0355
190.463,3.9968,9.3640,-4.0321
190.473,3.9968,9.3640,-4.0321
190.482,3.9968,9.3640,-4.0286
190.493,3.9968,9.3640,-4.0286
190.501,3.9968,9.3640,-4.0286
190.511,3.9968,9.3640,-4.0252
190.522,3.9968,9.3640,-4.0219
190.530,3.9968,9.3640,-4.0219
190.540,3.9968,9.3640,-4.0219
190.549,3.9968,9.3640,-4.0185
190.558,3.9968,9.3640,-4.0185
190.566,3.9968,9.3640,-4.0152
190.576,3.9968,9.3640,-4.0152
190.584,3.9968,9.3640,-4.0118
190.594,3.9968,9.3640,-4.0118
190.602,3.9968,9.3640,-4.0118
190.609,3.9968,9.3640,-4.0085
190.618,3.9968,9.3640,-4.0085
190.626,3.9968,9.3640,-4.0051
190.635,3.9968,9.3640,-4.0051
190.644,3.9968,9.3640,-4.0018
190.653,3.9968,9.3640,-4.0018
190.661,3.9968,9.3640,-4.0018
190.670,3.9968,9.3640,-3.9985
190.680,3.9968,9.3640,-3.9985
190.696,3.9968,9.3640,-3.9951
190.705,3.9968,9.3640,-3.9919
190.716,3.9968,9.3640,-3.9919
190.723,3.9968,9.3640,-3.9886
190.732,3.9968,9.3640,-3.9886
190.740,3.9968,9.3640,-3.9886
190.747,3.9968,9.3640,-3.9855
190.756,3.9968,9.3640,-3.9855
190.764,3.9968,9.3640,-3.9824
190.773,3.9968,9.3640,-3.9824
190.781,3.9968,9.3640,-3.9824
190.790,3.9968,9.3640,-3.9796
190.798,3.9968,9.3640,-3.9796
190.806,3.9968,9.3640,-3.9769
190.814,3.9968,9.3640,-3.9769
190.823,3.9968,9.3640,-3.9744
190.831,3.9968,9.3640,-3.9744
190.840,3.9968,9.3640,-3.9744
190.847,3.9968,9.3640,-3.9722
190.856,3.9968,9.3640,-3.9722
190.862,3.9968,9.3640,-3.9714
190.871,3.9968,9.3640,-3.9714
190.878,3.9968,9.3640,-3.9714
190.887,3.9968,9.3640,-3.9707
190.895,3.9968,9.3640,-3.9707
190.904,3.9968,9.3640,-3.9701
190.913,3.9968,9.3640,-3.9701
190.920,3.9968,9.3640,-3.9701
190.927,3.9968,9.3640,-3.9694
190.937,3.9968,9.3640,-3.9694
190.947,3.9968,9.3640,-3.9689
190.956,3.9968,9.3640,-3.9689
190.964,3.9968,9.3640,-3.9683
190.973,3.9968,9.3640,-3.9683
190.981,3.9968,9.3640,-3.9683
190.989,3.9968,9.3640,-3.9679
190.998,3.9968,9.3640,-3.9679
191.005,3.9968,9.3640,-3.9675
191.014,3.9968,9.3640,-3.9675
191.020,3.9968,9.3640,-3.9675
191.028,3.9968,9.3640,-3.9675
191.037,3.9968,9.3640,-3.9675
191.045,3.9968,9.3640,-3.9675
191.054,3.9968,9.3640,-3.9675
191.063,3.9968,9.3640,-3.9675
191.070,3.9968,9.3640,-3.9675
191.078,3.9968,9.3640,-3.9675
191.086,3.9968,9.3640,-3.9675
191.096,3.9968,9.3640,-3.9675
191.103,3.9968,9.3640,-3.9675
191.112,3.9968,9.3640,-3.9675
191.121,3.9968,9.3640,-3.9675
191.129,3.9968,9.3640,-3.9675
191.138,3.9968,9.3640,-3.9675
191.146,3.9968,9.3640,-3.9675
191.156,3.9968,9.3640,-3.9675
191.164,3.9968,9.3640,-3.9675
191.174,3.9968,9.3640,-3.9675
191.182,3.9968,9.3640,-3.9675
191.192,3.9968,9.3640,-3.9675
191.200,3.9968,9.3640,-3.9675
191.208,3.9968,9.3640,-3.9675
191.218,3.9968,9.3640,-3.9675
191.227,3.9968,9.3640,-3.9675
191.236,3.9968,9.3640,-3.9675
191.245,3.9968,9.3640,-3.9675
191.254,3.9968,9.3640,-3.9675
191.262,3.9968,9.3640,-3.9675
191.271,3.9968,9.3640,-3.9675
191.279,3.9968,9.3640,-3.9675
191.289,3.9968,9.3640,-3.9675
191.297,3.9968,9.3640,-3.9675
191.309,3.9968,9.3640,-3.9679
191.317,3.9968,9.3640,-3.9679
191.326,3.9968,9.3640,-3.9684
191.335,3.9968,9.3640,-3.9684
191.343,3.9968,9.3640,-3.9691
191.354,3.9968,9.3640,-3.9691
191.362,3.9968,9.3640,-3.9712
191.371,3.9968,9.3640,-3.9712
191.379,3.9968,9.3640,-3.9712
191.388,3.9968,9.3640,-3.9737
191.397,3.9968,9.3640,-3.9737
191.405,3.9968,9.3640,-3.9763
191.414,3.9968,9.3640,-3.9763
191.422,3.9968,9.3640,-3.9763
191.430,3.9968,9.3640,-3.9789
191.438,3.9968,9.3640,-3.9789
191.446,3.9968,9.3640,-3.9815
191.456,3.9968,9.3640,-3.9815
191.465,3.9968,9.3640,-3.9840
191.473,3.9968,9.3640,-3.9840
191.481,3.9968,9.3640,-3.9840
191.491,3.9968,9.3640,-3.9866
191.499,3.9968,9.3640,-3.9866
191.507,3.9968,9.3640,-3.9891
191.516,3.9968,9.3640,-3.9891
191.524,3.9968,9.3640,-3.9917
191.533,3.9968,9.3640,-3.9917
191.541,3.9968,9.3640,-3.9917
191.549,3.9968,9.3640,-3.9942
191.559,3.9968,9.3640,-3.9942
191.566,3.9968,9.3640,-3.9968
191.575,3.9968,9.3640,-3.9968
191.582,3.9968,9.3640,-3.9993
191.592,3.9968,9.3640,-3.9993
191.599,3.9968,9.3640,-3.9993
191.607,3.9968,9.3640,-4.0019
191.616,3.9968,9.3640,-4.0019
191.625,3.9968,9.3640,-4.0044
191.634,3.9968,9.3640,-4.0044
191.642,3.9968,9.3640,-4.0069
191.651,3.9968,9.3640,-4.0069
191.658,3.9968,9.3640,-4.0069
191.667,3.9968,9.3640,-4.0093
191.676,3.9968,9.3640,-4.0093
191.683,3.9968,9.3640,-4.0117
191.691,3.9968,9.3640,-4.0117
191.700,3.9968,9.3640,-4.0117
191.707,3.9968,9.3640,-4.0125
191.718,3.9968,9.3640,-4.0125
191.727,3.9968,9.3640,-4.0132
191.735,3.9968,9.3640,-4.0132
191.743,3.9968,9.3640,-4.0138
191.754,3.9968,9.3640,-4.0138
191.763,3.9968,9.3640,-4.0143
191.773,3.9968,9.3640,-4.0143
191.781,3.9968,9.3640,-4.0143
191.791,3.9968,9.3640,-4.0143
191.799,3.9968,9.3640,-4.0143
191.808,3.9968,9.3640,-4.0143
191.817,3.9968,9.3640,-4.0143
191.826,3.9968,9.3640,-4.0143
191.835,3.9968,9.3640,-4.0143
191.844,3.9968,9.3640,-4.0143
191.853,3.9968,9.3640,-4.0143
191.861,3.9968,9.3640,-4.0143
191.869,3.9968,9.3640,-4.0143
191.879,3.9968,9.3640,-4.0143
191.889,3.9968,9.3640,-4.0143
191.898,3.9968,9.3640,-4.0143
191.906,3.9968,9.3640,-4.0143
191.916,3.9968,9.3640,-4.0143
191.924,3.9968,9.3640,-4.0143
191.934,3.9968,9.3640,-4.0143
191.944,3.9968,9.3640,-4.0143
191.954,3.9968,9.3640,-4.0143
191.962,3.9968,9.3640,-4.0143
191.972,3.9968,9.3640,-4.0143
191.981,3.9968,9.3640,-4.0143
191.990,3.9968,9.3640,-4.0143
191.999,3.9968,9.3640,-4.0143
192.008,3.9968,9.3640,-4.0143
192.018,3.9968,9.3640,-4.0143
192.026,3.9968,9.3640,-4.0143
192.036,3.9968,9.3640,-4.0143
192.044,3.9968,9.3640,-4.0143
192.052,3.9968,9.3640,-4.0143
192.060,3.9968,9.3640,-4.0143
192.068,3.9968,9.3640,-4.0143
192.078,3.9968,9.3640,-4.0143
192.087,3.9968,9.3640,-4.0143
192.095,3.9968,9.3640,-4.0143
192.104,3.9968,9.3640,-4.0143
192.112,3.9968,9.3640,-4.0143
192.121,3.9968,9.3640,-4.0143
192.128,3.9968,9.3640,-4.0143
192.136,3.9968,9.3640,-4.0143
192.143,3.9968,9.3640,-4.0143
192.152,3.9968,9.3640,-4.0143
192.158,3.9968,9.3640,-4.0143
192.166,3.9968,9.3640,-4.0143
192.173,3.9968,9.3640,-4.0143
192.182,3.9968,9.3640,-4.0143
192.190,3.9968,9.3640,-4.0143
192.197,3.9968,9.3640,-4.0143
192.204,3.9968,9.3640,-4.0139
192.214,3.9968,9.3640,-4.0139
192.221,3.9968,9.3640,-4.0139
192.230,3.9968,9.3640,-4.0134
192.237,3.9968,9.3640,-4.0134
192.245,3.9968,9.3640,-4.0128
192.253,3.9968,9.3640,-4.0128
192.261,3.9968,9.3640,-4.0128
192.268,3.9968,9.3640,-4.0122
192.279,3.9968,9.3640,-4.0122
192.288,3.9968,9.3640,-4.0115
192.300,3.9968,9.3640,-4.0115
192.308,3.9968,9.3640,-4.0109
192.316,3.9968,9.3640,-4.0109
192.322,3.9968,9.3640,-4.0103
192.331,3.9968,9.3640,-4.0103
192.338,3.9968,9.3640,-4.0103
192.345,3.9968,9.3640,-4.0100
192.353,3.9968,9.3640,-4.0100
192.360,3.9968,9.3640,-4.0100
192.367,3.9968,9.3640,-4.0100
192.375,3.9968,9.3640,-4.0100
192.382,3.9968,9.3640,-4.0100
192.391,3.9968,9.3640,-4.0100
192.398,3.9968,9.3640,-4.0100
192.406,3.9968,9.3640,-4.0100
192.414,3.9968,9.3640,-4.0100
192.422,3.9968,9.3640,-4.0100
192.429,3.9968,9.3640,-4.0100
192.436,3.9968,9.3640,-4.0100
192.445,3.9968,9.3640,-4.0100
192.454,3.9968,9.3640,-4.0100
192.461,3.9968,9.3640,-4.0100
192.468,3.9968,9.3640,-4.0100
192.476,3.9968,9.3640,-4.0100
192.485,3.9968,9.3640,-4.0100
192.495,3.9968,9.3640,-4.0100
192.502,3.9968,9.3640,-4.0100
192.512,3.9968,9.3640,-4.0100
192.521,3.9968,9.3640,-4.0100
192.529,3.9968,9.3640,-4.0100
192.538,3.9968,9.3640,-4.0100
192.546,3.9968,9.3640,-4.0100
192.555,3.9968,9.3640,-4.0100
192.563,3.9968,9.3640,-4.0100
192.573,3.9968,9.3640,-4.0100
192.580,3.9968,9.3640,-4.0100
192.588,3.9968,9.3640,-4.0100
192.598,3.9968,9.3640,-4.0100
192.607,3.9968,9.3640,-4.0100
192.615,3.9968,9.3640,-4.0100
192.622,3.9968,9.3640,-4.0100
192.632,3.9968,9.3640,-4.0100
192.641,3.9968,9.3640,-4.0100
192.649,3.9968,9.3640,-4.0100
192.658,3.9968,9.3640,-4.0100
192.665,3.9968,9.3640,-4.0100
192.673,3.9968,9.3640,-4.0100
192.681,3.9968,9.3640,-4.0100
192.690,3.9968,9.3640,-4.0096
192.699,3.9968,9.3640,-4.0096
192.707,3.9968,9.3640,-4.0091
192.717,3.9968,9.3640,-4.0091
192.726,3.9968,9.3640,-4.0085
192.734,3.9968,9.3640,-4.0085
192.742,3.9968,9.3640,-4.0079
192.750,3.9968,9.3640,-4.0079
192.758,3.9968,9.3640,-4.0079
192.765,3.9968,9.3640,-4.0072
192.775,3.9968,9.3640,-4.0072
192.783,3.9968,9.3640,-4.0066
192.792,3.9968,9.3640,-4.0066
192.799,3.9968,9.3640,-4.0066
192.807,3.9968,9.3640,-4.0060
192.816,3.9968,9.3640,-4.0060
192.824,3.9968,9.3640,-4.0054
192.834,3.9968,9.3640,-4.0054
192.841,3.9968,9.3640,-4.0054
192.850,3.9968,9.3640,-4.0048
192.860,3.9968,9.3640,-4.0048
192.868,3.9968,9.3640,-4.0043
192.877,3.9968,9.3640,-4.0043
192.885,3.9968,9.3640,-4.0038
192.896,3.9968,9.3640,-4.0038
192.904,3.9968,9.3640,-4.0034
192.915,3.9968,9.3640,-4.0034
192.923,3.9968,9.3640,-4.0031
192.933,3.9968,9.3640,-4.0031
192.941,3.9968,9.3640,-4.0031
192.949,3.9968,9.3640,-4.0031
192.958,3.9968,9.3640,-4.0031
192.966,3.9968,9.3640,-4.0031
192.974,3.9968,9.3640,-4.0031
192.981,3.9968,9.3640,-4.0031
192.990,3.9968,9.3640,-4.0031
192.999,3.9968,9.3640,-4.0031
193.006,3.9968,9.3640,-4.0031
193.014,3.9968,9.3640,-4.0031
193.022,3.9968,9.3640,-4.0031
193.030,3.9968,9.3640,-4.0031
193.037,3.9968,9.3640,-4.0031
193.044,3.9968,9.3640,-4.0031
193.053,3.9968,9.3640,-4.0031
193.060,3.9968,9.3640,-4.0031
193.067,3.9968,9.3640,-4.0031
193.074,3.9968,9.3640,-4.0031
193.081,3.9968,9.3640,-4.0031
193.090,3.9968,9.3640,-4.0031
193.099,3.9968,9.3640,-4.0031
193.106,3.9968,9.3640,-4.0031
193.114,3.9968,9.3640,-4.0031
193.122,3.9968,9.3640,-4.0031
193.129,3.9968,9.3640,-4.0031
193.137,3.9968,9.3640,-4.0031
193.145,3.9968,9.3640,-4.0031
193.156,3.9968,9.3640,-4.0031
193.169,3.9968,9.3640,-4.0031
193.178,3.9968,9.3640,-4.0031
193.185,3.9968,9.3640,-4.0031
193.195,3.9968,9.3640,-4.0031
193.201,3.9968,9.3640,-4.0031
193.211,3.9968,9.3640,-4.0031
193.219,3.9968,9.3640,-4.0031
193.227,3.9968,9.3640,-4.0031
193.235,3.9968,9.3640,-4.0031
193.244,3.9968,9.3640,-4.0031
193.252,3.9968,9.3640,-4.0031
193.260,3.9968,9.3640,-4.0031
193.266,3.9968,9.3640,-4.0031
193.275,3.9968,9.3640,-4.0031
193.281,3.9968,9.3640,-4.0031
193.289,3.9968,9.3640,-4.0031
193.298,3.9968,9.3640,-4.0031
193.306,3.9968,9.3639,-4.0031
193.317,3.9968,9.3639,-4.0031
193.325,3.9968,9.3639,-4.0031
193.334,3.9968,9.3639,-4.0031
193.341,3.9968,9.3639,-4.0031
193.348,3.9968,9.3638,-4.0031
193.357,3.9968,9.3638,-4.0031
193.365,3.9968,9.3637,-4.0031
193.373,3.9968,9.3637,-4.0031
193.381,3.9968,9.3637,-4.0031
193.389,3.9968,9.3635,-4.0031
193.399,3.9968,9.3635,-4.0031
193.406,3.9968,9.3632,-4.0031
193.415,3.9968,9.3632,-4.0031
193.423,3.9968,9.3629,-4.0031
193.431,3.9968,9.3629,-4.0031
193.436,3.9968,9.3629,-4.0031
193.444,3.9968,9.3625,-4.0031
193.454,3.9968,9.3625,-4.0031
193.462,3.9968,9.3625,-4.0031
193.468,3.9968,9.3617,-4.0031
193.478,3.9968,9.3617,-4.0031
193.484,3.9968,9.3608,-4.0031
193.494,3.9968,9.3608,-4.0031
193.500,3.9968,9.3608,-4.0031
193.508,3.9968,9.3599,-4.0031
193.517,3.9968,9.3599,-4.0031
193.525,3.9968,9.3589,-4.0031
193.533,3.9968,9.3589,-4.0031
193.545,3.9968,9.3579,-4.0031
193.553,3.9968,9.3579,-4.0031
193.561,3.9968,9.3579,-4.0031
193.568,3.9968,9.3557,-4.0031
193.576,3.9968,9.3557,-4.0031
193.582,3.9968,9.3535,-4.0031
193.591,3.9968,9.3535,-4.0031
193.600,3.9968,9.3535,-4.0031
193.608,3.9968,9.3513,-4.0031
193.616,3.9968,9.3513,-4.0031
193.624,3.9968,9.3490,-4.0031
193.633,3.9968,9.3490,-4.0031
193.641,3.9968,9.3490,-4.0031
193.649,3.9968,9.3468,-4.0031
193.658,3.9968,9.3468,-4.0031
193.665,3.9968,9.3445,-4.0031
193.673,3.9968,9.3445,-4.0031
193.682,3.9968,9.3422,-4.0031
193.691,3.9968,9.3422,-4.0031
193.699,3.9968,9.3422,-4.0031
193.705,3.9968,9.3399,-4.0031
193.715,3.9968,9.3399,-4.0031
193.723,3.9968,9.3377,-4.0031
193.732,3.9968,9.3377,-4.0031
193.740,3.9968,9.3377,-4.0031
193.748,3.9968,9.3354,-4.0031
193.759,3.9968,9.3354,-4.0031
193.766,3.9968,9.3331,-4.0031
193.774,3.9968,9.3331,-4.0031
193.782,3.9968,9.3308,-4.0031
193.792,3.9968,9.3308,-4.0031
193.799,3.9968,9.3308,-4.0031
193.807,3.9968,9.3285,-4.0031
193.816,3.9968,9.3285,-4.0031
193.825,3.9968,9.3261,-4.0031
193.833,3.9968,9.3261,-4.0031
193.841,3.9968,9.3261,-4.0031
193.849,3.9968,9.3238,-4.0031
193.858,3.9968,9.3238,-4.0031
193.866,3.9968,9.3215,-4.0031
193.876,3.9968,9.3215,-4.0031
193.883,3.9968,9.3192,-4.0031
193.893,3.9968,9.3192,-4.0031
193.900,3.9968,9.3192,-4.0031
193.908,3.9968,9.3169,-4.0031
193.917,3.9968,9.3169,-4.0031
193.926,3.9968,9.3145,-4.0031
193.935,3.9968,9.3145,-4.0031
193.942,3.9968,9.3122,-4.0031
193.949,3.9968,9.3122,-4.0031
193.957,3.9968,9.3122,-4.0031
193.965,3.9968,9.3099,-4.0031
193.974,3.9968,9.3099,-4.0031
193.981,3.9968,9.3099,-4.0031
193.990,3.9968,9.3075,-4.0031
193.998,3.9968,9.3075,-4.0031
194.005,3.9968,9.3052,-4.0031
194.015,3.9968,9.3052,-4.0031
194.024,3.9968,9.3029,-4.0031
194.031,3.9968,9.3029,-4.0031
194.039,3.9968,9.3029,-4.0031
194.047,3.9968,9.3005,-4.0031
194.057,3.9968,9.3005,-4.0031
194.065,3.9968,9.2982,-4.0031
194.075,3.9968,9.2982,-4.0031
194.084,3.9968,9.2958,-4.0031
194.093,3.9968,9.2958,-4.0031
194.100,3.9968,9.2958,-4.0031
194.108,3.9968,9.2935,-4.0031
194.118,3.9968,9.2935,-4.0031
194.126,3.9968,9.2912,-4.0031
194.135,3.9968,9.2912,-4.0031
194.143,3.9968,9.2888,-4.0031
194.152,3.9968,9.2888,-4.0031
194.159,3.9968,9.2888,-4.0031
194.167,3.9968,9.2864,-4.0031
194.175,3.9968,9.2864,-4.0031
194.183,3.9968,9.2841,-4.0031
194.192,3.9968,9.2841,-4.0031
194.200,3.9968,9.2841,-4.0031
194.209,3.9968,9.2817,-4.0031
194.217,3.9968,9.2817,-4.0031
194.225,3.9968,9.2794,-4.0031
194.233,3.9968,9.2794,-4.0031
194.240,3.9968,9.2794,-4.0031
194.247,3.9968,9.2770,-4.0031
194.255,3.9968,9.2770,-4.0031
194.263,3.9968,9.2746,-4.0031
194.270,3.9968,9.2746,-4.0031
194.278,3.9968,9.2746,-4.0031
194.285,3.9968,9.2723,-4.0031
194.294,3.9968,9.2723,-4.0031
194.301,3.9968,9.2723,-4.0031
194.308,3.9968,9.2699,-4.0031
194.316,3.9968,9.2699,-4.0031
194.324,3.9968,9.2675,-4.0031
194.333,3.9968,9.2675,-4.0031
194.341,3.9968,9.2675,-4.0031
194.348,3.9968,9.2651,-4.0031
194.358,3.9968,9.2651,-4.0031
194.364,3.9968,9.2627,-4.0031
194.372,3.9968,9.2627,-4.0031
194.380,3.9968,9.2627,-4.0031
194.388,3.9968,9.2603,-4.0031
194.396,3.9968,9.2603,-4.0031
194.403,3.9968,9.2578,-4.0031
194.412,3.9968,9.2578,-4.0031
194.421,3.9968,9.2578,-4.0031
194.427,3.9968,9.2554,-4.0031
194.436,3.9968,9.2554,-4.0031
194.442,3.9968,9.2530,-4.0031
194.452,3.9968,9.2530,-4.0031
194.459,3.9968,9.2530,-4.0031
194.466,3.9968,9.2505,-4.0031
194.475,3.9968,9.2505,-4.0031
194.483,3.9968,9.2480,-4.0031
194.490,3.9968,9.2480,-4.0031
194.499,3.9968,9.2480,-4.0031
194.506,3.9968,9.2455,-4.0031
194.515,3.9968,9.2455,-4.0031
194.522,3.9968,9.2430,-4.0031
194.531,3.9968,9.2430,-4.0031
194.538,3.9968,9.2430,-4.0031
194.546,3.9968,9.2405,-4.0031
194.554,3.9968,9.2405,-4.0031
194.562,3.9968,9.2380,-4.0031
194.569,3.9968,9.2380,-4.0031
194.576,3.9968,9.2380,-4.0031
194.583,3.9968,9.2355,-4.0031
194.592,3.9968,9.2355,-4.0031
194.599,3.9968,9.2355,-4.0031
194.606,3.9968,9.2330,-4.0031
194.615,3.9968,9.2330,-4.0031
194.623,3.9968,9.2304,-4.0031
194.631,3.9968,9.2304,-4.0031
194.637,3.9968,9.2304,-4.0031
194.645,3.9968,9.2279,-4.0031
194.654,3.9968,9.2279,-4.0031
194.662,3.9968,9.2279,-4.0031
194.668,3.9968,9.2253,-4.0031
194.676,3.9968,9.2253,-4.0031
194.683,3.9968,9.2228,-4.0031
194.693,3.9968,9.2228,-4.0031
194.700,3.9968,9.2228,-4.0031
194.707,3.9968,9.2202,-4.0031
194.715,3.9968,9.2202,-4.0031
194.723,3.9968,9.2176,-4.0031
194.731,3.9968,9.2176,-4.0031
194.738,3.9968,9.2176,-4.0031
194.745,3.9968,9.2150,-4.0031
194.755,3.9968,9.2150,-4.0031
194.761,3.9968,9.2150,-4.0031
194.769,3.9968,9.2124,-4.0031
194.777,3.9968,9.2124,-4.0031
194.784,3.9968,9.2098,-4.0031
194.791,3.9968,9.2098,-4.0031
194.799,3.9968,9.2098,-4.0031
194.806,3.9968,9.2071,-4.0031
194.815,3.9968,9.2071,-4.0031
194.821,3.9968,9.2071,-4.0031
194.830,3.9968,9.2045,-4.0031
194.837,3.9968,9.2045,-4.0031
194.845,3.9968,9.2018,-4.0031
194.853,3.9968,9.2018,-4.0031
194.860,3.9968,9.2018,-4.0031
194.867,3.9968,9.1992,-4.0031
194.875,3.9968,9.1992,-4.0031
194.881,3.9968,9.1992,-4.0031
194.887,3.9968,9.1965,-4.0031
194.897,3.9968,9.1965,-4.0031
194.902,3.9968,9.1938,-4.0031
194.911,3.9968,9.1938,-4.0031
194.917,3.9968,9.1938,-4.0031
194.925,3.9968,9.1912,-4.0031
194.934,3.9968,9.1912,-4.0031
194.941,3.9968,9.1912,-4.0031
194.949,3.9968,9.1885,-4.0031
194.958,3.9968,9.1885,-4.0031
194.965,3.9968,9.1858,-4.0031
194.973,3.9968,9.1858,-4.0031
194.980,3.9968,9.1858,-4.0031
194.988,3.9968,9.1832,-4.0031
194.997,3.9968,9.1832,-4.0031
195.004,3.9968,9.1805,-4.0031
195.013,3.9968,9.1805,-4.0031
195.021,3.9968,9.1805,-4.0031
195.029,3.9968,9.1778,-4.0031
195.037,3.9968,9.1778,-4.0031
195.045,3.9968,9.1752,-4.0031
195.054,3.9968,9.1752,-4.0031
195.061,3.9968,9.1752,-4.0031
195.068,3.9968,9.1725,-4.0031
195.077,3.9968,9.1725,-4.0031
195.085,3.9968,9.1698,-4.0031
195.093,3.9968,9.1698,-4.0031
195.100,3.9968,9.1698,-4.0031
195.110,3.9968,9.1672,-4.0031
195.118,3.9968,9.1672,-4.0031
195.126,3.9968,9.1645,-4.0031
195.134,3.9968,9.1645,-4.0031
195.141,3.9968,9.1645,-4.0031
195.148,3.9968,9.1618,-4.0031
195.158,3.9968,9.1618,-4.0031
195.165,3.9968,9.1592,-4.0031
195.175,3.9968,9.1592,-4.0031
195.181,3.9968,9.1592,-4.0031
195.188,3.9968,9.1565,-4.0031
195.197,3.9968,9.1565,-4.0031
195.205,3.9968,9.1538,-4.0031
195.212,3.9968,9.1538,-4.0031
195.219,3.9968,9.1538,-4.0031
195.228,3.9968,9.1512,-4.0031
195.236,3.9968,9.1512,-4.0031
195.244,3.9968,9.1485,-4.0031
195.253,3.9968,9.1485,-4.0031
195.261,3.9968,9.1485,-4.0031
195.268,3.9968,9.1458,-4.0031
195.276,3.9968,9.1458,-4.0031
195.284,3.9968,9.1432,-4.0031
195.294,3.9968,9.1432,-4.0031
195.303,3.9968,9.1405,-4.0031
195.311,3.9968,9.1405,-4.0031
195.320,3.9968,9.1405,-4.0031
195.327,3.9968,9.1378,-4.0031
195.336,3.9968,9.1378,-4.0031
195.343,3.9968,9.1352,-4.0031
195.354,3.9968,9.1352,-4.0031
195.362,3.9968,9.1352,-4.0031
195.368,3.9968,9.1325,-4.0031
195.378,3.9968,9.1325,-4.0031
195.386,3.9968,9.1298,-4.0031
195.395,3.9968,9.1298,-4.0031
195.403,3.9968,9.1272,-4.0031
195.414,3.9968,9.1272,-4.0031
195.421,3.9968,9.1272,-4.0031
195.430,3.9968,9.1245,-4.0031
195.439,3.9968,9.1245,-4.0031
195.448,3.9968,9.1218,-4.0031
195.458,3.9968,9.1218,-4.0031
195.475,3.9968,9.1192,-4.0031
195.484,3.9968,9.1165,-4.0031
195.494,3.9968,9.1165,-4.0031
195.501,3.9968,9.1165,-4.0031
195.509,3.9968,9.1138,-4.0031
195.517,3.9968,9.1138,-4.0031
195.525,3.9968,9.1112,-4.0031
195.534,3.9968,9.1112,-4.0031
195.541,3.9968,9.1112,-4.0031
195.546,3.9968,9.1085,-4.0031
195.555,3.9968,9.1085,-4.0031
195.563,3.9968,9.1058,-4.0031
195.571,3.9968,9.1058,-4.0031
195.578,3.9968,9.1058,-4.0031
195.586,3.9968,9.1032,-4.0031
195.595,3.9968,9.1032,-4.0031
195.600,3.9968,9.1032,-4.0031
195.607,3.9968,9.1005,-4.0031
195.615,3.9968,9.1005,-4.0031
195.623,3.9968,9.0978,-4.0031
195.631,3.9968,9.0978,-4.0031
195.638,3.9968,9.0978,-4.0031
195.646,3.9968,9.0952,-4.0031
195.655,3.9968,9.0952,-4.0031
195.663,3.9968,9.0925,-4.0031
195.671,3.9968,9.0925,-4.0031
195.679,3.9968,9.0925,-4.0031
195.687,3.9968,9.0898,-4.0031
195.695,3.9968,9.0898,-4.0031
195.702,3.9968,9.0898,-4.0031
195.709,3.9968,9.0872,-4.0031
195.718,3.9968,9.0872,-4.0031
195.725,3.9968,9.0845,-4.0031
195.733,3.9968,9.0845,-4.0031
195.741,3.9968,9.0845,-4.0031
195.749,3.9968,9.0818,-4.0031
195.758,3.9968,9.0818,-4.0031
195.764,3.9968,9.0792,-4.0031
195.772,3.9968,9.0792,-4.0031
195.779,3.9968,9.0792,-4.0031
195.786,3.9968,9.0765,-4.0031
195.794,3.9968,9.0765,-4.0031
195.801,3.9968,9.0765,-4.0031
195.808,3.9968,9.0738,-4.0031
195.816,3.9968,9.0738,-4.0031
195.823,3.9968,9.0712,-4.0031
195.833,3.9968,9.0712,-4.0031
195.839,3.9968,9.0712,-4.0031
195.846,3.9968,9.0685,-4.0031
195.854,3.9968,9.0685,-4.0031
195.862,3.9968,9.0685,-4.0031
195.869,3.9968,9.0658,-4.0031
195.878,3.9968,9.0658,-4.0031
195.883,3.9968,9.0632,-4.0031
195.893,3.9968,9.0632,-4.0031
195.900,3.9968,9.0632,-4.0031
195.906,3.9968,9.0605,-4.0031
195.915,3.9968,9.0605,-4.0031
195.922,3.9968,9.0578,-4.0031
195.932,3.9968,9.0578,-4.0031
195.940,3.9968,9.0578,-4.0031
195.948,3.9968,9.0552,-4.0031
195.958,3.9968,9.0552,-4.0031
195.964,3.9968,9.0525,-4.0031
195.972,3.9968,9.0525,-4.0031
195.978,3.9968,9.0525,-4.0031
195.986,3.9968,9.0498,-4.0031
195.994,3.9968,9.0498,-4.0031
196.001,3.9968,9.0498,-4.0031
196.009,3.9968,9.0472,-4.0031
196.019,3.9968,9.0472,-4.0031
196.027,3.9968,9.0445,-4.0031
196.036,3.9968,9.0445,-4.0031
196.043,3.9968,9.0418,-4.0031
196.053,3.9968,9.0418,-4.0031
196.060,3.9968,9.0418,-4.0031
196.068,3.9968,9.0392,-4.0031
196.076,3.9968,9.0392,-4.0031
196.084,3.9968,9.0365,-4.0031
196.093,3.9968,9.0365,-4.0031
196.101,3.9968,9.0365,-4.0031
196.109,3.9968,9.0338,-4.0031
196.118,3.9968,9.0338,-4.0031
196.126,3.9968,9.0312,-4.0031
196.134,3.9968,9.0312,-4.0031
196.141,3.9968,9.0312,-4.0031
196.149,3.9968,9.0285,-4.0031
196.158,3.9968,9.0285,-4.0031
196.166,3.9968,9.0258,-4.0031
196.174,3.9968,9.0258,-4.0031
196.181,3.9968,9.0258,-4.0031
196.187,3.9968,9.0232,-4.0031
196.197,3.9968,9.0232,-4.0031
196.205,3.9968,9.0205,-4.0031
196.213,3.9968,9.0205,-4.0031
196.221,3.9968,9.0205,-4.0031
196.229,3.9968,9.0178,-4.0031
196.237,3.9968,9.0178,-4.0031
196.244,3.9968,9.0152,-4.0031
196.254,3.9968,9.0152,-4.0031
196.262,3.9968,9.0125,-4.0031
196.271,3.9968,9.0125,-4.0031
196.278,3.9968,9.0125,-4.0031
196.286,3.9968,9.0098,-4.0031
196.296,3.9968,9.0098,-4.0031
196.303,3.9968,9.0072,-4.0031
196.313,3.9968,9.0072,-4.0031
196.322,3.9968,9.0045,-4.0031
196.332,3.9968,9.0045,-4.0031
196.340,3.9968,9.0045,-4.0031
196.349,3.9968,9.0018,-4.0031
196.359,3.9968,9.0018,-4.0031
196.366,3.9968,8.9992,-4.0031
196.376,3.9968,8.9992,-4.0031
196.385,3.9968,8.9965,-4.0031
196.395,3.9968,8.9965,-4.0031
196.402,3.9968,8.9938,-4.0031
196.411,3.9968,8.9938,-4.0031
196.418,3.9968,8.9938,-4.0031
196.427,3.9968,8.9912,-4.0031
196.437,3.9968,8.9912,-4.0031
196.445,3.9968,8.9885,-4.0031
196.454,3.9968,8.9885,-4.0031
196.462,3.9968,8.9858,-4.0031
196.471,3.9968,8.9858,-4.0031
196.478,3.9968,8.9858,-4.0031
196.484,3.9968,8.9832,-4.0031
196.494,3.9968,8.9832,-4.0031
196.501,3.9968,8.9832,-4.0031
196.509,3.9968,8.9805,-4.0031
196.518,3.9968,8.9805,-4.0031
196.527,3.9968,8.9778,-4.0031
196.537,3.9968,8.9778,-4.0031
196.544,3.9968,8.9752,-4.0031
196.553,3.9968,8.9752,-4.0031
196.561,3.9968,8.9752,-4.0031
196.569,3.9968,8.9725,-4.0031
196.577,3.9968,8.9725,-4.0031
196.585,3.9968,8.9698,-4.0031
196.596,3.9968,8.9698,-4.0031
196.603,3.9968,8.9672,-4.0031
196.611,3.9968,8.9672,-4.0031
196.619,3.9968,8.9672,-4.0031
196.628,3.9968,8.9645,-4.0031
196.636,3.9968,8.9645,-4.0031
196.644,3.9968,8.9618,-4.0031
196.653,3.9968,8.9618,-4.0031
196.660,3.9968,8.9618,-4.0031
196.668,3.9968,8.9592,-4.0031
196.677,3.9968,8.9592,-4.0031
196.686,3.9968,8.9565,-4.0031
196.695,3.9968,8.9565,-4.0031
196.703,3.9968,8.9538,-4.0031
196.713,3.9968,8.9538,-4.0031
196.722,3.9968,8.9512,-4.0031
196.731,3.9968,8.9512,-4.0031
196.740,3.9968,8.9512,-4.0031
196.747,3.9968,8.9485,-4.0031
196.756,3.9968,8.9485,-4.0031
196.763,3.9968,8.9458,-4.0031
196.772,3.9968,8.9458,-4.0031
196.778,3.9968,8.9458,-4.0031
196.784,3.9968,8.9432,-4.0031
196.793,3.9968,8.9432,-4.0031
196.801,3.9968,8.9432,-4.0031
196.808,3.9968,8.9405,-4.0031
196.815,3.9968,8.9405,-4.0031
196.824,3.9968,8.9378,-4.0031
196.832,3.9968,8.9378,-4.0031
196.840,3.9968,8.9378,-4.0031
196.845,3.9968,8.9352,-4.0031
196.854,3.9968,8.9352,-4.0031
196.861,3.9968,8.9352,-4.0031
196.868,3.9968,8.9325,-4.0031
196.877,3.9968,8.9325,-4.0031
196.884,3.9968,8.9298,-4.0031
196.893,3.9968,8.9298,-4.0031
196.900,3.9968,8.9298,-4.0031
196.907,3.9968,8.9272,-4.0031
196.914,3.9968,8.9272,-4.0031
196.921,3.9968,8.9272,-4.0031
196.928,3.9968,8.9245,-4.0031
196.937,3.9968,8.9245,-4.0031
196.943,3.9968,8.9218,-4.0031
196.953,3.9968,8.9218,-4.0031
196.959,3.9968,8.9218,-4.0031
196.966,3.9968,8.9192,-4.0031
196.974,3.9968,8.9192,-4.0031
196.982,3.9968,8.9192,-4.0031
196.988,3.9968,8.9165,-4.0031
196.996,3.9968,8.9165,-4.0031
197.003,3.9968,8.9138,-4.0031
197.012,3.9968,8.9138,-4.0031
197.019,3.9968,8.9138,-4.0031
197.027,3.9968,8.9112,-4.0031
197.035,3.9968,8.9112,-4.0031
197.043,3.9968,8.9085,-4.0031
197.051,3.9968,8.9085,-4.0031
197.058,3.9968,8.9085,-4.0031
197.065,3.9968,8.9058,-4.0031
197.072,3.9968,8.9058,-4.0031
197.079,3.9968,8.9058,-4.0031
197.087,3.9968,8.9032,-4.0031
197.095,3.9968,8.9032,-4.0031
197.102,3.9968,8.9005,-4.0031
197.111,3.9968,8.9005,-4.0031
197.117,3.9968,8.9005,-4.0031
197.125,3.9968,8.8978,-4.0031
197.133,3.9968,8.8978,-4.0031
197.140,3.9968,8.8978,-4.0031
197.147,3.9968,8.8952,-4.0031
197.156,3.9968,8.8952,-4.0031
197.164,3.9968,8.8925,-4.0031
197.172,3.9968,8.8925,-4.0031
197.178,3.9968,8.8925,-4.0031
197.186,3.9968,8.8898,-4.0031
197.196,3.9968,8.8898,-4.0031
197.202,3.9968,8.8872,-4.0031
197.210,3.9968,8.8872,-4.0031
197.217,3.9968,8.8872,-4.0031
197.225,3.9968,8.8845,-4.0031
197.233,3.9968,8.8845,-4.0031
197.239,3.9968,8.8845,-4.0031
197.246,3.9968,8.8818,-4.0031
197.257,3.9968,8.8818,-4.0031
197.263,3.9968,8.8792,-4.0031
197.272,3.9968,8.8792,-4.0031
197.278,3.9968,8.8792,-4.0031
197.287,3.9968,8.8765,-4.0031
197.294,3.9968,8.8765,-4.0031
197.300,3.9968,8.8765,-4.0031
197.308,3.9968,8.8738,-4.0031
197.318,3.9968,8.8738,-4.0031
197.325,3.9968,8.8712,-4.0031
197.334,3.9968,8.8712,-4.0031
197.342,3.9968,8.8712,-4.0031
197.349,3.9968,8.8685,-4.0031
197.358,3.9968,8.8685,-4.0031
197.365,3.9968,8.8658,-4.0031
197.373,3.9968,8.8658,-4.0031
197.380,3.9968,8.8658,-4.0031
197.387,3.9968,8.8632,-4.0031
197.394,3.9968,8.8632,-4.0031
197.401,3.9968,8.8632,-4.0031
197.409,3.9968,8.8605,-4.0031
197.419,3.9968,8.8605,-4.0031
197.425,3.9968,8.8578,-4.0031
197.433,3.9968,8.8578,-4.0031
197.440,3.9968,8.8578,-4.0031
197.447,3.9968,8.8552,-4.0031
197.455,3.9968,8.8552,-4.0031
197.463,3.9968,8.8525,-4.0031
197.471,3.9968,8.8525,-4.0031
197.479,3.9968,8.8525,-4.0031
197.486,3.9968,8.8498,-4.0031
197.495,3.9968,8.8498,-4.0031
197.502,3.9968,8.8472,-4.0031
197.513,3.9968,8.8472,-4.0031
197.521,3.9968,8.8472,-4.0031
197.529,3.9968,8.8445,-4.0031
197.538,3.9968,8.8445,-4.0031
197.545,3.9968,8.8418,-4.0031
197.555,3.9968,8.8418,-4.0031
197.562,3.9968,8.8392,-4.0031
197.571,3.9968,8.8392,-4.0031
197.578,3.9968,8.8392,-4.0031
197.586,3.9968,8.8365,-4.0031
197.594,3.9968,8.8365,-4.0031
197.602,3.9968,8.8365,-4.0031
197.609,3.9968,8.8338,-4.0031
197.619,3.9968,8.8338,-4.0031
197.626,3.9968,8.8312,-4.0031
197.635,3.9968,8.8312,-4.0031
197.643,3.9968,8.8285,-4.0031
197.653,3.9968,8.8285,-4.0031
197.661,3.9968,8.8285,-4.0031
197.668,3.9968,8.8258,-4.0031
197.678,3.9968,8.8258,-4.0031
197.686,3.9968,8.8232,-4.0031
197.697,3.9968,8.8232,-4.0031
197.704,3.9968,8.8205,-4.0031
197.715,3.9968,8.8205,-4.0031
197.723,3.9968,8.8178,-4.0031
197.732,3.9968,8.8178,-4.0031
197.739,3.9968,8.8178,-4.0031
197.747,3.9968,8.8152,-4.0031
197.755,3.9968,8.8152,-4.0031
197.766,3.9968,8.8125,-4.0031
197.780,3.9968,8.8125,-4.0031
197.790,3.9968,8.8098,-4.0031
197.800,3.9968,8.8098,-4.0031
197.808,3.9968,8.8072,-4.0031
197.817,3.9968,8.8072,-4.0031
197.826,3.9968,8.8045,-4.0031
197.836,3.9968,8.8045,-4.0031
197.844,3.9968,8.8018,-4.0031
197.853,3.9968,8.8018,-4.0031
197.862,3.9968,8.7992,-4.0031
197.871,3.9968,8.7992,-4.0031
197.879,3.9968,8.7992,-4.0031
197.887,3.9968,8.7965,-4.0031
197.897,3.9968,8.7965,-4.0031
197.905,3.9968,8.7938,-4.0031
197.916,3.9968,8.7938,-4.0031
197.926,3.9968,8.7912,-4.0031
197.934,3.9968,8.7912,-4.0031
197.942,3.9968,8.7885,-4.0031
197.952,3.9968,8.7885,-4.0031
197.961,3.9968,8.7885,-4.0031
197.969,3.9968,8.7858,-4.0031
197.980,3.9968,8.7858,-4.0031
197.989,3.9968,8.7832,-4.0031
197.998,3.9968,8.7832,-4.0031
198.006,3.9968,8.7805,-4.0031
198.015,3.9968,8.7805,-4.0031
198.024,3.9968,8.7778,-4.0031
198.032,3.9968,8.7778,-4.0031
198.041,3.9968,8.7778,-4.0031
198.048,3.9968,8.7752,-4.0031
198.057,3.9968,8.7752,-4.0031
198.065,3.9968,8.7725,-4.0031
198.073,3.9968,8.7725,-4.0031
198.079,3.9968,8.7725,-4.0031
198.088,3.9968,8.7698,-4.0031
198.096,3.9968,8.7698,-4.0031
198.104,3.9968,8.7672,-4.0031
198.113,3.9968,8.7672,-4.0031
198.121,3.9968,8.7672,-4.0031
198.129,3.9968,8.7645,-4.0031
198.138,3.9968,8.7645,-4.0031
198.145,3.9968,8.7618,-4.0031
198.155,3.9968,8.7618,-4.0031
198.164,3.9968,8.7592,-4.0031
198.173,3.9968,8.7592,-4.0031
198.181,3.9968,8.7592,-4.0031
198.190,3.9968,8.7565,-4.0031
198.198,3.9968,8.7565,-4.0031
198.205,3.9968,8.7538,-4.0031
198.215,3.9968,8.7538,-4.0031
198.223,3.9968,8.7512,-4.0031
198.232,3.9968,8.7512,-4.0031
198.238,3.9968,8.7512,-4.0031
198.246,3.9968,8.7485,-4.0031
198.256,3.9968,8.7485,-4.0031
198.263,3.9968,8.7458,-4.0031
198.271,3.9968,8.7458,-4.0031
198.280,3.9968,8.7458,-4.0031
198.288,3.9968,8.7432,-4.0031
198.298,3.9968,8.7432,-4.0031
198.305,3.9968,8.7405,-4.0031
198.315,3.9968,8.7405,-4.0031
198.324,3.9968,8.7378,-4.0031
198.333,3.9968,8.7378,-4.0031
198.342,3.9968,8.7378,-4.0031
198.349,3.9968,8.7352,-4.0031
198.359,3.9968,8.7352,-4.0031
198.366,3.9968,8.7325,-4.0031
198.376,3.9968,8.7325,-4.0031
198.383,3.9968,8.7298,-4.0031
198.394,3.9968,8.7298,-4.0031
198.404,3.9968,8.7272,-4.0031
198.414,3.9968,8.7272,-4.0031
198.423,3.9968,8.7245,-4.0031
198.433,3.9968,8.7245,-4.0031
198.441,3.9968,8.7245,-4.0031
198.448,3.9968,8.7218,-4.0031
198.458,3.9968,8.7218,-4.0031
198.466,3.9968,8.7192,-4.0031
198.474,3.9968,8.7192,-4.0031
198.483,3.9968,8.7165,-4.0031
198.492,3.9968,8.7165,-4.0031
198.500,3.9968,8.7165,-4.0031
198.507,3.9968,8.7138,-4.0031
198.517,3.9968,8.7138,-4.0031
198.526,3.9968,8.7112,-4.0031
198.534,3.9968,8.7112,-4.0031
198.542,3.9968,8.7085,-4.0031
198.551,3.9968,8.7085,-4.0031
198.560,3.9968,8.7085,-4.0031
198.567,3.9968,8.7058,-4.0031
198.576,3.9968,8.7058,-4.0031
198.583,3.9968,8.7032,-4.0031
198.593,3.9968,8.7032,-4.0031
198.601,3.9968,8.7032,-4.0031
198.609,3.9968,8.7005,-4.0031
198.619,3.9968,8.7005,-4.0031
198.627,3.9968,8.6978,-4.0031
198.636,3.9968,8.6978,-4.0031
198.644,3.9968,8.6952,-4.0031
198.653,3.9968,8.6952,-4.0031
198.660,3.9968,8.6952,-4.0031
198.667,3.9968,8.6925,-4.0031
198.675,3.9968,8.6925,-4.0031
198.682,3.9968,8.6898,-4.0031
198.691,3.9968,8.6898,-4.0031
198.698,3.9968,8.6898,-4.0031
198.704,3.9968,8.6872,-4.0031
198.713,3.9968,8.6872,-4.0031
198.721,3.9968,8.6872,-4.0031
198.729,3.9968,8.6845,-4.0031
198.738,3.9968,8.6845,-4.0031
198.746,3.9968,8.6818,-4.0031
198.754,3.9968,8.6818,-4.0031
198.763,3.9968,8.6792,-4.0031
198.772,3.9968,8.6792,-4.0031
198.780,3.9968,8.6792,-4.0031
198.788,3.9968,8.6765,-4.0031
198.797,3.9968,8.6765,-4.0031
198.804,3.9968,8.6738,-4.0031
198.812,3.9968,8.6738,-4.0031
198.821,3.9968,8.6738,-4.0031
198.830,3.9968,8.6712,-4.0031
198.838,3.9968,8.6712,-4.0031
198.846,3.9968,8.6685,-4.0031
198.857,3.9968,8.6685,-4.0031
198.864,3.9968,8.6658,-4.0031
198.875,3.9968,8.6658,-4.0031
198.882,3.9968,8.6632,-4.0031
198.893,3.9968,8.6632,-4.0031
198.900,3.9968,8.6632,-4.0031
198.908,3.9968,8.6605,-4.0031
198.919,3.9968,8.6605,-4.0031
198.926,3.9968,8.6578,-4.0031
198.935,3.9968,8.6578,-4.0031
198.942,3.9968,8.6552,-4.0031
198.952,3.9968,8.6552,-4.0031
198.960,3.9968,8.6552,-4.0031
198.968,3.9968,8.6525,-4.0031
198.978,3.9968,8.6525,-4.0031
198.986,3.9968,8.6498,-4.0031
198.996,3.9968,8.6498,-4.0031
199.004,3.9968,8.6472,-4.0031
199.015,3.9968,8.6472,-4.0031
199.023,3.9968,8.6445,-4.0031
199.034,3.9968,8.6445,-4.0031
199.042,3.9968,8.6418,-4.0031
199.051,3.9968,8.6418,-4.0031
199.060,3.9968,8.6418,-4.0031
199.068,3.9968,8.6392,-4.0031
199.077,3.9968,8.6392,-4.0031
199.084,3.9968,8.6365,-4.0031
199.096,3.9968,8.6365,-4.0031
199.103,3.9968,8.6338,-4.0031
199.112,3.9968,8.6338,-4.0031
199.121,3.9968,8.6338,-4.0031
199.129,3.9968,8.6312,-4.0031
199.138,3.9968,8.6312,-4.0031
199.146,3.9968,8.6285,-4.0031
199.157,3.9968,8.6285,-4.0031
199.165,3.9968,8.6258,-4.0031
199.173,3.9968,8.6258,-4.0031
199.181,3.9968,8.6258,-4.0031
199.189,3.9968,8.6232,-4.0031
199.199,3.9968,8.6232,-4.0031
199.207,3.9968,8.6205,-4.0031
199.217,3.9968,8.6205,-4.0031
199.225,3.9968,8.6178,-4.0031
199.234,3.9968,8.6178,-4.0031
199.242,3.9968,8.6152,-4.0031
199.252,3.9968,8.6152,-4.0031
199.260,3.9968,8.6152,-4.0031
199.267,3.9968,8.6125,-4.0031
199.277,3.9968,8.6125,-4.0031
199.285,3.9968,8.6098,-4.0031
199.295,3.9968,8.6098,-4.0031
199.301,3.9968,8.6098,-4.0031
199.309,3.9968,8.6072,-4.0031
199.317,3.9968,8.6072,-4.0031
199.324,3.9968,8.6045,-4.0031
199.333,3.9968,8.6045,-4.0031
199.341,3.9968,8.6045,-4.0031
199.348,3.9968,8.6018,-4.0031
199.358,3.9968,8.6018,-4.0031
199.365,3.9968,8.5992,-4.0031
199.374,3.9968,8.5992,-4.0031
199.381,3.9968,8.5992,-4.0031
199.389,3.9968,8.5965,-4.0031
199.399,3.9968,8.5965,-4.0031
199.406,3.9968,8.5938,-4.0031
199.415,3.9968,8.5938,-4.0031
199.421,3.9968,8.5938,-4.0031
199.430,3.9968,8.5912,-4.0031
199.438,3.9968,8.5912,-4.0031
199.446,3.9968,8.5885,-4.0031
199.454,3.9968,8.5885,-4.0031
199.463,3.9968,8.5858,-4.0031
199.471,3.9968,8.5858,-4.0031
199.480,3.9968,8.5858,-4.0031
199.487,3.9968,8.5832,-4.0031
199.497,3.9968,8.5832,-4.0031
199.503,3.9968,8.5805,-4.0031
199.512,3.9968,8.5805,-4.0031
199.520,3.9968,8.5805,-4.0031
199.529,3.9968,8.5778,-4.0031
199.535,3.9968,8.5778,-4.0031
199.543,3.9968,8.5752,-4.0031
199.553,3.9968,8.5752,-4.0031
199.560,3.9968,8.5752,-4.0031
199.567,3.9968,8.5725,-4.0031
199.576,3.9968,8.5725,-4.0031
199.583,3.9968,8.5698,-4.0031
199.593,3.9968,8.5698,-4.0031
199.599,3.9968,8.5698,-4.0031
199.607,3.9968,8.5672,-4.0031
199.616,3.9968,8.5672,-4.0031
199.624,3.9968,8.5645,-4.0031
199.634,3.9968,8.5645,-4.0031
199.643,3.9968,8.5618,-4.0031
199.653,3.9968,8.5618,-4.0031
199.661,3.9968,8.5618,-4.0031
199.669,3.9968,8.5592,-4.0031
199.679,3.9968,8.5592,-4.0031
199.687,3.9968,8.5565,-4.0031
199.698,3.9968,8.5565,-4.0031
199.705,3.9968,8.5538,-4.0031
199.715,3.9968,8.5538,-4.0031
199.724,3.9968,8.5512,-4.0031
199.734,3.9968,8.5512,-4.0031
199.742,3.9968,8.5512,-4.0031
199.750,3.9968,8.5485,-4.0031
199.761,3.9968,8.5485,-4.0031
199.768,3.9968,8.5458,-4.0031
199.777,3.9968,8.5458,-4.0031
199.785,3.9968,8.5432,-4.0031
199.794,3.9968,8.5432,-4.0031
199.801,3.9968,8.5432,-4.0031
199.808,3.9968,8.5405,-4.0031
199.818,3.9968,8.5405,-4.0031
199.828,3.9968,8.5378,-4.0031
199.835,3.9968,8.5378,-4.0031
199.842,3.9968,8.5352,-4.0031
199.852,3.9968,8.5352,-4.0031
199.860,3.9968,8.5352,-4.0031
199.867,3.9968,8.5325,-4.0031
199.877,3.9968,8.5325,-4.0031
199.885,3.9968,8.5298,-4.0031
199.895,3.9968,8.5298,-4.0031
199.901,3.9968,8.5298,-4.0031
199.909,3.9968,8.5272,-4.0031
199.920,3.9968,8.5272,-4.0031
199.928,3.9968,8.5245,-4.0031
199.937,3.9968,8.5245,-4.0031
199.946,3.9968,8.5218,-4.0031
199.954,3.9968,8.5218,-4.0031
199.963,3.9968,8.5192,-4.0031
199.971,3.9968,8.5192,-4.0031
199.980,3.9968,8.5192,-4.0031
199.989,3.9968,8.5165,-4.0031
199.998,3.9968,8.5165,-4.0031
200.007,3.9968,8.5138,-4.0031
200.015,3.9968,8.5138,-4.0031
200.024,3.9968,8.5112,-4.0031
200.034,3.9968,8.5112,-4.0031
200.043,3.9968,8.5085,-4.0031
200.054,3.9968,8.5085,-4.0031
200.062,3.9968,8.5058,-4.0031
200.071,3.9968,8.5058,-4.0031
200.078,3.9968,8.5058,-4.0031
200.087,3.9968,8.5032,-4.0031
200.096,3.9968,8.5032,-4.0031
200.105,3.9968,8.5005,-4.0031
200.115,3.9968,8.5005,-4.0031
200.124,3.9968,8.4978,-4.0031
200.134,3.9968,8.4978,-4.0031
200.142,3.9968,8.4952,-4.0031
200.152,3.9968,8.4952,-4.0031
200.161,3.9968,8.4952,-4.0031
200.169,3.9968,8.4925,-4.0031
200.178,3.9968,8.4925,-4.0031
200.187,3.9968,8.4898,-4.0031
200.198,3.9968,8.4898,-4.0031
200.205,3.9968,8.4872,-4.0031
200.216,3.9968,8.4872,-4.0031
200.225,3.9968,8.4845,-4.0031
200.234,3.9968,8.4845,-4.0031
200.243,3.9968,8.4818,-4.0031
200.261,3.9968,8.4818,-4.0031
200.270,3.9968,8.4792,-4.0031
200.281,3.9968,8.4792,-4.0031
200.288,3.9968,8.4765,-4.0031
200.298,3.9968,8.4765,-4.0031
200.307,3.9968,8.4738,-4.0031
200.317,3.9968,8.4738,-4.0031
200.326,3.9968,8.4712,-4.0031
200.336,3.9968,8.4712,-4.0031
200.345,3.9968,8.4685,-4.0031
200.355,3.9968,8.4685,-4.0031
200.363,3.9968,8.4658,-4.0031
200.373,3.9968,8.4658,-4.0031
200.381,3.9968,8.4658,-4.0031
200.390,3.9968,8.4632,-4.0031
200.400,3.9968,8.4632,-4.0031
200.409,3.9968,8.4605,-4.0031
200.419,3.9968,8.4605,-4.0031
200.428,3.9968,8.4578,-4.0031
200.437,3.9968,8.4578,-4.0031
200.445,3.9968,8.4552,-4.0031
200.456,3.9968,8.4552,-4.0031
200.465,3.9968,8.4525,-4.0031
200.475,3.9968,8.4525,-4.0031
200.485,3.9968,8.4498,-4.0031
200.495,3.9968,8.4498,-4.0031
200.502,3.9968,8.4498,-4.0031
200.510,3.9968,8.4472,-4.0031
200.520,3.9968,8.4472,-4.0031
200.529,3.9968,8.4445,-4.0031
200.538,3.9968,8.4445,-4.0031
200.548,3.9968,8.4418,-4.0031
200.557,3.9968,8.4418,-4.0031
200.563,3.9968,8.4392,-4.0031
200.573,3.9968,8.4392,-4.0031
200.581,3.9968,8.4392,-4.0031
200.589,3.9968,8.4365,-4.0031
200.598,3.9968,8.4365,-4.0031
200.605,3.9968,8.4338,-4.0031
200.615,3.9968,8.4338,-4.0031
200.623,3.9968,8.4312,-4.0031
200.632,3.9968,8.4312,-4.0031
200.641,3.9968,8.4312,-4.0031
200.648,3.9968,8.4285,-4.0031
200.658,3.9968,8.4285,-4.0031
200.666,3.9968,8.4258,-4.0031
200.676,3.9968,8.4258,-4.0031
200.683,3.9968,8.4232,-4.0031
200.693,3.9968,8.4232,-4.0031
200.701,3.9968,8.4232,-4.0031
200.708,3.9968,8.4205,-4.0031
200.718,3.9968,8.4205,-4.0031
200.726,3.9968,8.4178,-4.0031
200.735,3.9968,8.4178,-4.0031
200.743,3.9968,8.4152,-4.0031
200.752,3.9968,8.4152,-4.0031
200.761,3.9968,8.4152,-4.0031
200.768,3.9968,8.4125,-4.0031
200.777,3.9968,8.4125,-4.0031
200.784,3.9968,8.4098,-4.0031
200.794,3.9968,8.4098,-4.0031
200.801,3.9968,8.4098,-4.0031
200.809,3.9968,8.4072,-4.0031
200.818,3.9968,8.4072,-4.0031
200.826,3.9968,8.4045,-4.0031
200.834,3.9968,8.4045,-4.0031
200.842,3.9968,8.4018,-4.0031
200.851,3.9968,8.4018,-4.0031
200.859,3.9968,8.4018,-4.0031
200.865,3.9968,8.3992,-4.0031
200.874,3.9968,8.3992,-4.0031
200.882,3.9968,8.3965,-4.0031
200.892,3.9968,8.3965,-4.0031
200.899,3.9968,8.3965,-4.0031
200.906,3.9968,8.3938,-4.0031
200.916,3.9968,8.3938,-4.0031
200.925,3.9968,8.3912,-4.0031
200.935,3.9968,8.3912,-4.0031
200.943,3.9968,8.3885,-4.0031
200.953,3.9968,8.3885,-4.0031
200.961,3.9968,8.3885,-4.0031
200.968,3.9968,8.3858,-4.0031
200.978,3.9968,8.3858,-4.0031
200.984,3.9968,8.3832,-4.0031
200.993,3.9968,8.3832,-4.0031
201.000,3.9968,8.3832,-4.0031
201.007,3.9968,8.3805,-4.0031
201.015,3.9968,8.3805,-4.0031
201.021,3.9968,8.3805,-4.0031
201.029,3.9968,8.3778,-4.0031
201.037,3.9968,8.3778,-4.0031
201.044,3.9968,8.3752,-4.0031
201.052,3.9968,8.3752,-4.0031
201.060,3.9968,8.3752,-4.0031
201.066,3.9968,8.3725,-4.0031
201.074,3.9968,8.3725,-4.0031
201.081,3.9968,8.3725,-4.0031
201.087,3.9968,8.3698,-4.0031
201.096,3.9968,8.3698,-4.0031
201.102,3.9968,8.3672,-4.0031
201.111,3.9968,8.3672,-4.0031
201.119,3.9968,8.3672,-4.0031
201.127,3.9968,8.3645,-4.0031
201.135,3.9968,8.3645,-4.0031
201.142,3.9968,8.3618,-4.0031
201.150,3.9968,8.3618,-4.0031
201.157,3.9968,8.3618,-4.0031
201.164,3.9968,8.3592,-4.0031
201.173,3.9968,8.3592,-4.0031
201.180,3.9968,8.3592,-4.0031
201.188,3.9968,8.3565,-4.0031
201.196,3.9968,8.3565,-4.0031
201.203,3.9968,8.3538,-4.0031
201.212,3.9968,8.3538,-4.0031
201.219,3.9968,8.3538,-4.0031
201.227,3.9968,8.3512,-4.0031
201.235,3.9968,8.3512,-4.0031
201.244,3.9968,8.3485,-4.0031
201.253,3.9968,8.3485,-4.0031
201.262,3.9968,8.3458,-4.0031
201.271,3.9968,8.3458,-4.0031
201.278,3.9968,8.3458,-4.0031
201.285,3.9968,8.3432,-4.0031
201.295,3.9968,8.3432,-4.0031
201.304,3.9968,8.3405,-4.0031
201.313,3.9968,8.3405,-4.0031
201.325,3.9968,8.3378,-4.0031
201.335,3.9968,8.3378,-4.0031
201.344,3.9968,8.3352,-4.0031
201.355,3.9968,8.3352,-4.0031
201.363,3.9968,8.3325,-4.0031
201.372,3.9968,8.3325,-4.0031
201.381,3.9968,8.3325,-4.0031
201.390,3.9968,8.3298,-4.0031
201.400,3.9968,8.3298,-4.0031
201.408,3.9968,8.3272,-4.0031
201.419,3.9968,8.3272,-4.0031
201.428,3.9968,8.3245,-4.0031
201.438,3.9968,8.3245,-4.0031
201.447,3.9968,8.3218,-4.0031
201.458,3.9968,8.3218,-4.0031
201.467,3.9968,8.3192,-4.0031
201.478,3.9968,8.3192,-4.0031
201.486,3.9968,8.3165,-4.0031
201.497,3.9968,8.3165,-4.0031
201.505,3.9968,8.3138,-4.0031
201.516,3.9968,8.3138,-4.0031
201.526,3.9968,8.3112,-4.0031
201.535,3.9968,8.3112,-4.0031
201.547,3.9968,8.3085,-4.0031
201.558,3.9968,8.3085,-4.0031
201.566,3.9968,8.3058,-4.0031
201.577,3.9968,8.3058,-4.0031
201.585,3.9968,8.3032,-4.0031
201.595,3.9968,8.3032,-4.0031
201.603,3.9968,8.3005,-4.0031
201.613,3.9968,8.3005,-4.0031
201.622,3.9968,8.2978,-4.0031
201.631,3.9968,8.2978,-4.0031
201.641,3.9968,8.2978,-4.0031
201.649,3.9968,8.2952,-4.0031
201.659,3.9968,8.2952,-4.0031
201.667,3.9968,8.2925,-4.0031
201.677,3.9968,8.2925,-4.0031
201.685,3.9968,8.2898,-4.0031
201.696,3.9968,8.2898,-4.0031
201.704,3.9968,8.2872,-4.0031
201.715,3.9968,8.2872,-4.0031
201.722,3.9968,8.2845,-4.0031
201.733,3.9968,8.2845,-4.0031
201.741,3.9968,8.2845,-4.0031
201.749,3.9968,8.2818,-4.0031
201.761,3.9968,8.2818,-4.0031
201.768,3.9968,8.2792,-4.0031
201.779,3.9968,8.2792,-4.0031
201.787,3.9968,8.2765,-4.0031
201.797,3.9968,8.2765,-4.0031
201.804,3.9968,8.2738,-4.0031
201.814,3.9968,8.2738,-4.0031
201.823,3.9968,8.2712,-4.0031
201.831,3.9968,8.2712,-4.0031
201.839,3.9968,8.2712,-4.0031
201.847,3.9968,8.2685,-4.0031
201.857,3.9968,8.2685,-4.0031
201.864,3.9968,8.2658,-4.0031
201.875,3.9968,8.2658,-4.0031
201.882,3.9968,8.2658,-4.0031
201.889,3.9968,8.2632,-4.0031
201.898,3.9968,8.2632,-4.0031
201.905,3.9968,8.2605,-4.0031
201.914,3.9968,8.2605,-4.0031
201.921,3.9968,8.2605,-4.0031
201.928,3.9968,8.2578,-4.0031
201.937,3.9968,8.2578,-4.0031
201.945,3.9968,8.2552,-4.0031
201.954,3.9968,8.2552,-4.0031
201.962,3.9968,8.2552,-4.0031
201.968,3.9968,8.2525,-4.0031
201.977,3.9968,8.2525,-4.0031
201.983,3.9968,8.2498,-4.0031
201.994,3.9968,8.2498,-4.0031
202.000,3.9968,8.2498,-4.0031
202.009,3.9968,8.2472,-4.0031
202.018,3.9968,8.2472,-4.0031
202.026,3.9968,8.2445,-4.0031
202.035,3.9968,8.2445,-4.0031
202.043,3.9968,8.2418,-4.0031
202.052,3.9968,8.2418,-4.0031
202.061,3.9968,8.2418,-4.0031
202.068,3.9968,8.2392,-4.0031
202.077,3.9968,8.2392,-4.0031
202.084,3.9968,8.2365,-4.0031
202.094,3.9968,8.2365,-4.0031
202.101,3.9968,8.2365,-4.0031
202.108,3.9968,8.2338,-4.0031
202.116,3.9968,8.2338,-4.0031
202.124,3.9968,8.2312,-4.0031
202.133,3.9968,8.2312,-4.0031
202.141,3.9968,8.2312,-4.0031
202.150,3.9968,8.2285,-4.0031
202.159,3.9968,8.2285,-4.0031
202.166,3.9968,8.2258,-4.0031
202.175,3.9968,8.2258,-4.0031
202.184,3.9968,8.2232,-4.0031
202.193,3.9968,8.2232,-4.0031
202.200,3.9968,8.2232,-4.0031
202.207,3.9968,8.2205,-4.0031
202.217,3.9968,8.2205,-4.0031
202.225,3.9968,8.2178,-4.0031
202.233,3.9968,8.2178,-4.0031
202.241,3.9968,8.2178,-4.0031
202.248,3.9968,8.2152,-4.0031
202.257,3.9968,8.2152,-4.0031
202.264,3.9968,8.2125,-4.0031
202.274,3.9968,8.2125,-4.0031
202.280,3.9968,8.2125,-4.0031
202.286,3.9968,8.2098,-4.0031
202.297,3.9968,8.2098,-4.0031
202.304,3.9968,8.2072,-4.0031
202.312,3.9968,8.2072,-4.0031
202.319,3.9968,8.2072,-4.0031
202.328,3.9968,8.2045,-4.0031
202.335,3.9968,8.2045,-4.0031
202.343,3.9968,8.2018,-4.0031
202.353,3.9968,8.2018,-4.0031
202.360,3.9968,8.2018,-4.0031
202.367,3.9968,8.1992,-4.0031
202.375,3.9968,8.1992,-4.0031
202.382,3.9968,8.1965,-4.0031
202.392,3.9968,8.1965,-4.0031
202.398,3.9968,8.1965,-4.0031
202.405,3.9968,8.1938,-4.0031
202.414,3.9968,8.1938,-4.0031
202.422,3.9968,8.1938,-4.0031
202.428,3.9968,8.1912,-4.0031
202.437,3.9968,8.1912,-4.0031
202.444,3.9968,8.1885,-4.0031
202.454,3.9968,8.1885,-4.0031
202.461,3.9968,8.1885,-4.0031
202.467,3.9968,8.1858,-4.0031
202.477,3.9968,8.1858,-4.0031
202.485,3.9968,8.1832,-4.0031
202.496,3.9968,8.1832,-4.0031
202.502,3.9968,8.1805,-4.0031
202.513,3.9968,8.1805,-4.0031
202.520,3.9968,8.1805,-4.0031
202.526,3.9968,8.1778,-4.0031
202.535,3.9968,8.1778,-4.0031
202.541,3.9968,8.1778,-4.0031
202.549,3.9968,8.1752,-4.0031
202.558,3.9968,8.1752,-4.0031
202.565,3.9968,8.1725,-4.0031
202.576,3.9968,8.1725,-4.0031
202.585,3.9968,8.1698,-4.0031
202.595,3.9968,8.1698,-4.0031
202.603,3.9968,8.1672,-4.0031
202.613,3.9968,8.1672,-4.0031
202.620,3.9968,8.1672,-4.0031
202.627,3.9968,8.1645,-4.0031
202.637,3.9968,8.1645,-4.0031
202.644,3.9968,8.1618,-4.0031
202.653,3.9968,8.1618,-4.0031
202.662,3.9968,8.1618,-4.0031
202.669,3.9968,8.1592,-4.0031
202.680,3.9968,8.1592,-4.0031
202.690,3.9968,8.1565,-4.0031
202.699,3.9968,8.1565,-4.0031
202.707,3.9968,8.1538,-4.0031
202.715,3.9968,8.1538,-4.0031
202.731,3.9968,8.1538,-4.0031
202.746,3.9968,8.1538,-4.0031
202.760,3.9968,8.1538,-4.0031
202.772,3.9968,8.1538,-4.0031
202.789,3.9968,8.1538,-4.0031
202.799,3.9968,8.1538,-4.0031
202.808,3.9968,8.1538,-4.0031
202.818,3.9968,8.1538,-4.0031
202.826,3.9968,8.1538,-4.0031
202.834,3.9968,8.1538,-4.0031
202.843,3.9968,8.1538,-4.0031
202.852,3.9968,8.1538,-4.0031
202.860,3.9968,8.1538,-4.0031
202.870,3.9968,8.1538,-4.0031
202.880,3.9968,8.1538,-4.0031
202.888,3.9968,8.1538,-4.0031
202.897,3.9968,8.1538,-4.0031
202.905,3.9968,8.1538,-4.0031
202.915,3.9968,8.1538,-4.0031
202.924,3.9968,8.1538,-4.0031
202.933,3.9968,8.1538,-4.0031
202.941,3.9968,8.1538,-4.0031
202.949,3.9968,8.1538,-4.0031
202.960,3.9968,8.1538,-4.0031
202.968,3.9968,8.1538,-4.0031
202.977,3.9968,8.1538,-4.0031
202.985,3.9968,8.1538,-4.0031
202.996,3.9968,8.1538,-4.0031
203.003,3.9968,8.1538,-4.0031
203.014,3.9968,8.1538,-4.0031
203.023,3.9968,8.1538,-4.0031
203.034,3.9968,8.1538,-4.0031
203.042,3.9968,8.1538,-4.0031
203.053,3.9968,8.1538,-4.0031
203.061,3.9968,8.1538,-4.0031
203.069,3.9968,8.1538,-4.0031
203.080,3.9968,8.1538,-4.0031
203.088,3.9968,8.1538,-4.0031
203.097,3.9968,8.1538,-4.0031
203.104,3.9968,8.1538,-4.0031
203.114,3.9968,8.1538,-4.0031
203.122,3.9968,8.1538,-4.0031
203.129,3.9968,8.1538,-4.0031
203.138,3.9968,8.1538,-4.0031
203.146,3.9968,8.1538,-4.0031
203.156,3.9968,8.1538,-4.0031
203.163,3.9968,8.1538,-4.0031
203.173,3.9968,8.1538,-4.0031
203.180,3.9968,8.1538,-4.0031
203.187,3.9968,8.1538,-4.0031
203.196,3.9968,8.1538,-4.0031
203.206,3.9968,8.1538,-4.0031
203.216,3.9968,8.1538,-4.0031
203.225,3.9968,8.1538,-4.0031
203.233,3.9968,8.1538,-4.0031
203.241,3.9968,8.1538,-4.0031
203.247,3.9968,8.1538,-4.0031
203.257,3.9968,8.1538,-4.0031
203.265,3.9968,8.1538,-4.0031
203.275,3.9968,8.1538,-4.0031
203.283,3.9968,8.1529,-4.0031
203.293,3.9968,8.1529,-4.0031
203.303,3.9968,8.1529,-4.0031
203.311,3.9968,8.1529,-4.0031
203.319,3.9968,8.1529,-4.0031
203.329,3.9968,8.1525,-4.0031
203.337,3.9968,8.1525,-4.0031
203.347,3.9968,8.1522,-4.0031
203.358,3.9968,8.1522,-4.0031
203.366,3.9968,8.1522,-4.0031
203.375,3.9968,8.1522,-4.0031
203.383,3.9968,8.1522,-4.0031
203.395,3.9968,8.1522,-4.0031
203.402,3.9968,8.1522,-4.0031
203.411,3.9968,8.1521,-4.0031
203.419,3.9968,8.1521,-4.0031
203.428,3.9968,8.1521,-4.0031
203.435,3.9968,8.1521,-4.0031
203.444,3.9968,8.1521,-4.0031
203.453,3.9968,8.1521,-4.0031
203.461,3.9968,8.1521,-4.0031
203.469,3.9968,8.1521,-4.0031
203.478,3.9968,8.1521,-4.0031
203.487,3.9968,8.1521,-4.0031
203.495,3.9968,8.1521,-4.0031
203.502,3.9968,8.1521,-4.0031
203.511,3.9968,8.1521,-4.0031
203.518,3.9968,8.1521,-4.0031
203.526,3.9968,8.1521,-4.0031
203.535,3.9968,8.1521,-4.0031
203.543,3.9968,8.1521,-4.0031
203.551,3.9968,8.1521,-4.0031
203.559,3.9968,8.1521,-4.0031
203.568,3.9968,8.1521,-4.0031
203.577,3.9968,8.1521,-4.0031
203.586,3.9968,8.1521,-4.0031
203.595,3.9968,8.1521,-4.0031
203.602,3.9968,8.1521,-4.0031
203.612,3.9968,8.1521,-4.0031
203.620,3.9968,8.1521,-4.0031
203.627,3.9968,8.1521,-4.0031
203.636,3.9968,8.1521,-4.0031
203.644,3.9968,8.1521,-4.0031
203.653,3.9968,8.1521,-4.0031
203.662,3.9968,8.1521,-4.0031
203.669,3.9968,8.1521,-4.0031
203.678,3.9968,8.1521,-4.0031
203.687,3.9968,8.1521,-4.0031
203.696,3.9968,8.1521,-4.0031
203.703,3.9968,8.1521,-4.0031
203.712,3.9968,8.1521,-4.0031
203.721,3.9968,8.1521,-4.0031
203.728,3.9968,8.1521,-4.0031
203.736,3.9968,8.1521,-4.0031
203.745,3.9968,8.1521,-4.0031
203.755,3.9968,8.1521,-4.0031
203.762,3.9968,8.1521,-4.0031
203.770,3.9968,8.1521,-4.0031
203.778,3.9968,8.1521,-4.0031
203.788,3.9968,8.1521,-4.0031
203.796,3.9968,8.1521,-4.0031
203.804,3.9968,8.1521,-4.0031
203.814,3.9968,8.1521,-4.0031
203.820,3.9968,8.1521,-4.0031
203.828,3.9968,8.1521,-4.0031
203.837,3.9968,8.1521,-4.0031
203.846,3.9968,8.1521,-4.0031
203.855,3.9968,8.1521,-4.0031
203.864,3.9968,8.1521,-4.0031
203.873,3.9968,8.1521,-4.0031
203.881,3.9968,8.1521,-4.0031
203.890,3.9968,8.1521,-4.0031
203.899,3.9968,8.1521,-4.0031
203.908,3.9968,8.1521,-4.0031
203.916,3.9968,8.1521,-4.0031
203.925,3.9968,8.1521,-4.0031
203.934,3.9968,8.1521,-4.0031
203.943,3.9968,8.1521,-4.0031
203.952,3.9968,8.1521,-4.0031
203.963,3.9968,8.1521,-4.0031
203.973,3.9968,8.1521,-4.0031
203.982,3.9968,8.1521,-4.0031
203.992,3.9968,8.1521,-4.0031
204.001,3.9968,8.1521,-4.0031
204.009,3.9968,8.1521,-4.0031
204.019,3.9968,8.1521,-4.0031
204.027,3.9968,8.1521,-4.0031
204.037,3.9968,8.1521,-4.0031
204.045,3.9968,8.1521,-4.0031
204.056,3.9968,8.1521,-4.0031
204.065,3.9968,8.1521,-4.0031
204.075,3.9968,8.1521,-4.0031
204.084,3.9968,8.1521,-4.0031
204.093,3.9968,8.1521,-4.0031
204.102,3.9968,8.1521,-4.0031
204.112,3.9968,8.1521,-4.0031
204.122,3.9968,8.1521,-4.0031
204.131,3.9968,8.1521,-4.0031
204.140,3.9968,8.1521,-4.0031
204.150,3.9968,8.1521,-4.0031
204.160,3.9968,8.1521,-4.0031
204.168,3.9968,8.1521,-4.0031
204.180,3.9968,8.1521,-4.0031
204.188,3.9968,8.1521,-4.0031
204.198,3.9968,8.1521,-4.0031
204.208,3.9968,8.1521,-4.0031
204.217,3.9968,8.1521,-4.0031
204.227,3.9968,8.1521,-4.0031
204.238,3.9968,8.1521,-4.0031
204.247,3.9968,8.1521,-4.0031
204.259,3.9968,8.1521,-4.0031
204.267,3.9968,8.1521,-4.0031
204.278,3.9968,8.1521,-4.0031
204.288,3.9968,8.1521,-4.0031
204.299,3.9968,8.1521,-4.0031
204.309,3.9968,8.1521,-4.0031
204.320,3.9968,8.1521,-4.0031
204.329,3.9968,8.1521,-4.0031
204.340,3.9968,8.1521,-4.0031
204.353,3.9968,8.1521,-4.0031
204.367,3.9968,8.1521,-4.0031
204.378,3.9968,8.1521,-4.0031
204.388,3.9968,8.1521,-4.0031
204.398,3.9968,8.1521,-4.0031
204.406,3.9968,8.1521,-4.0031
204.416,3.9968,8.1521,-4.0031
204.425,3.9968,8.1521,-4.0031
204.434,3.9968,8.1521,-4.0031
204.443,3.9968,8.1521,-4.0031
204.453,3.9968,8.1521,-4.0031
204.463,3.9968,8.1521,-4.0031
204.474,3.9968,8.1521,-4.0031
204.485,3.9968,8.1521,-4.0031
204.495,3.9968,8.1521,-4.0031
204.503,3.9968,8.1521,-4.0031
204.512,3.9968,8.1521,-4.0031
204.522,3.9968,8.1521,-4.0031
204.531,3.9968,8.1521,-4.0031
204.540,3.9968,8.1521,-4.0031
204.548,3.9968,8.1521,-4.0031
204.559,3.9968,8.1521,-4.0031
204.567,3.9968,8.1521,-4.0031
204.577,3.9968,8.1521,-4.0031
204.586,3.9968,8.1521,-4.0031
204.596,3.9968,8.1521,-4.0031
204.604,3.9968,8.1521,-4.0031
204.615,3.9968,8.1521,-4.0031
204.622,3.9968,8.1521,-4.0031
204.632,3.9968,8.1521,-4.0031
204.640,3.9968,8.1521,-4.0031
204.648,3.9968,8.1521,-4.0031
204.658,3.9968,8.1521,-4.0031
204.667,3.9968,8.1521,-4.0031
204.678,3.9968,8.1521,-4.0031
204.685,3.9968,8.1521,-4.0031
204.695,3.9968,8.1521,-4.0031
204.701,3.9968,8.1521,-4.0031
204.709,3.9968,8.1521,-4.0031
204.718,3.9968,8.1521,-4.0031
204.727,3.9968,8.1521,-4.0031
204.733,3.9968,8.1521,-4.0031
204.741,3.9968,8.1521,-4.0031
204.759,3.9968,8.1521,-4.0031
204.768,3.9968,8.1521,-4.0031
204.779,3.9968,8.1521,-4.0031
204.786,3.9968,8.1521,-4.0031
204.794,3.9968,8.1521,-4.0031
204.802,3.9968,8.1521,-4.0031
204.811,3.9968,8.1521,-4.0031
204.821,3.9968,8.1521,-4.0031
204.828,3.9968,8.1521,-4.0031
204.838,3.9968,8.1521,-4.0031
204.846,3.9968,8.1521,-4.0031
204.855,3.9968,8.1521,-4.0031
204.863,3.9968,8.1521,-4.0031
204.873,3.9968,8.1521,-4.0031
204.882,3.9968,8.1521,-4.0031
204.891,3.9968,8.1521,-4.0031
204.900,3.9968,8.1521,-4.0031
204.906,3.9968,8.1521,-4.0031
204.914,3.9968,8.1521,-4.0031
204.922,3.9968,8.1521,-4.0031
204.932,3.9968,8.1521,-4.0031
204.938,3.9968,8.1521,-4.0031
204.946,3.9968,8.1521,-4.0031
204.954,3.9968,8.1521,-4.0031
204.963,3.9968,8.1521,-4.0031
204.970,3.9968,8.1521,-4.0031
204.980,3.9968,8.1521,-4.0031
204.987,3.9968,8.1521,-4.0031
204.997,3.9968,8.1521,-4.0031
205.004,3.9968,8.1521,-4.0031
205.013,3.9968,8.1521,-4.0031
205.021,3.9968,8.1521,-4.0031
205.030,3.9968,8.1521,-4.0031
205.039,3.9968,8.1521,-4.0031
205.049,3.9968,8.1521,-4.0031
205.059,3.9968,8.1521,-4.0031
205.066,3.9968,8.1521,-4.0031
205.075,3.9968,8.1521,-4.0031
205.083,3.9968,8.1521,-4.0031
205.093,3.9968,8.1521,-4.0031
205.100,3.9968,8.1521,-4.0031
205.109,3.9968,8.1521,-4.0031
205.119,3.9968,8.1521,-4.0031
205.127,3.9968,8.1521,-4.0031
205.139,3.9968,8.1521,-4.0031
205.147,3.9968,8.1521,-4.0031
205.157,3.9968,8.1521,-4.0031
205.165,3.9968,8.1521,-4.0031
205.176,3.9968,8.1521,-4.0031
205.184,3.9968,8.1521,-4.0031
205.194,3.9968,8.1521,-4.0031
205.203,3.9968,8.1521,-4.0031
205.213,3.9968,8.1521,-4.0031
205.225,3.9968,8.1521,-4.0031
205.239,3.9968,8.1521,-4.0031
205.251,3.9968,8.1521,-4.0031
205.263,3.9968,8.1521,-4.0031
205.273,3.9968,8.1521,-4.0031
205.282,3.9968,8.1521,-4.0031
205.290,3.9968,8.1521,-4.0031
205.299,3.9968,8.1521,-4.0031
205.307,3.9968,8.1521,-4.0031
205.317,3.9968,8.1521,-4.0031
205.325,3.9968,8.1521,-4.0031
205.335,3.9968,8.1521,-4.0031
205.344,3.9968,8.1521,-4.0031
205.355,3.9968,8.1521,-4.0031
205.364,3.9968,8.1521,-4.0031
205.373,3.9968,8.1521,-4.0031
205.383,3.9968,8.1521,-4.0031
205.392,3.9968,8.1521,-4.0031
205.400,3.9968,8.1521,-4.0031
205.408,3.9968,8.1521,-4.0031
205.419,3.9968,8.1521,-4.0031
205.427,3.9968,8.1521,-4.0031
205.436,3.9968,8.1521,-4.0031
205.444,3.9968,8.1521,-4.0031
205.453,3.9968,8.1521,-4.0031
205.462,3.9968,8.1521,-4.0031
205.472,3.9968,8.1521,-4.0031
205.481,3.9968,8.1521,-4.0031
205.489,3.9968,8.1521,-4.0031
205.498,3.9968,8.1521,-4.0031
205.507,3.9968,8.1521,-4.0031
205.516,3.9968,8.1521,-4.0031
205.525,3.9968,8.1521,-4.0031
205.535,3.9968,8.1521,-4.0031
205.545,3.9968,8.1521,-4.0031
205.557,3.9968,8.1521,-4.0031
205.566,3.9968,8.1521,-4.0031
205.576,3.9968,8.1521,-4.0031
205.587,3.9968,8.1521,-4.0031
205.598,3.9968,8.1521,-4.0031
205.606,3.9968,8.1521,-4.0031
205.617,3.9968,8.1521,-4.0031
205.626,3.9968,8.1521,-4.0031
205.635,3.9968,8.1521,-4.0031
205.642,3.9968,8.1521,-4.0031
205.655,3.9968,8.1521,-4.0031
205.663,3.9968,8.1521,-4.0031
205.673,3.9968,8.1521,-4.0031
205.683,3.9968,8.1521,-4.0031
205.693,3.9968,8.1521,-4.0031
205.701,3.9968,8.1521,-4.0031
205.710,3.9968,8.1521,-4.0031
205.720,3.9968,8.1521,-4.0031
205.728,3.9968,8.1521,-4.0031
205.737,3.9968,8.1521,-4.0031
205.747,3.9968,8.1521,-4.0031
205.758,3.9968,8.1521,-4.0031
205.767,3.9968,8.1521,-4.0031
205.776,3.9968,8.1521,-4.0031
205.784,3.9968,8.1521,-4.0031
205.794,3.9968,8.1521,-4.0031
205.802,3.9968,8.1521,-4.0031
205.810,3.9968,8.1521,-4.0031
205.819,3.9968,8.1521,-4.0031
205.826,3.9968,8.1521,-4.0031
205.835,3.9968,8.1521,-4.0031
205.843,3.9968,8.1521,-4.0031
205.850,3.9968,8.1521,-4.0031
205.859,3.9968,8.1521,-4.0031
205.867,3.9968,8.1521,-4.0031
205.874,3.9968,8.1521,-4.0031
205.882,3.9968,8.1521,-4.0031
205.893,3.9968,8.1521,-4.0031
205.901,3.9968,8.1521,-4.0031
205.910,3.9968,8.1521,-4.0031
205.919,3.9968,8.1521,-4.0031
205.929,3.9968,8.1521,-4.0031
205.936,3.9968,8.1521,-4.0031
205.945,3.9968,8.1521,-4.0031
205.957,3.9968,8.1521,-4.0031
205.965,3.9968,8.1521,-4.0031
205.975,3.9968,8.1521,-4.0031
205.984,3.9968,8.1521,-4.0031
205.994,3.9968,8.1521,-4.0031
206.001,3.9968,8.1521,-4.0031
206.010,3.9968,8.1521,-4.0031
206.020,3.9968,8.1521,-4.0031
206.028,3.9968,8.1521,-4.0031
206.037,3.9968,8.1521,-4.0031
206.045,3.9968,8.1521,-4.0031
206.055,3.9968,8.1521,-4.0031
206.063,3.9968,8.1521,-4.0031
206.073,3.9968,8.1521,-4.0031
206.080,3.9968,8.1521,-4.0031
206.089,3.9968,8.1521,-4.0031
206.098,3.9968,8.1521,-4.0031
206.108,3.9968,8.1521,-4.0031
206.118,3.9968,8.1521,-4.0031
206.126,3.9968,8.1521,-4.0031
206.135,3.9968,8.1521,-4.0031
206.143,3.9968,8.1521,-4.0031
206.152,3.9968,8.1521,-4.0031
206.161,3.9968,8.1521,-4.0031
206.169,3.9968,8.1521,-4.0031
206.178,3.9968,8.1521,-4.0031
206.185,3.9968,8.1521,-4.0031
206.194,3.9968,8.1521,-4.0031
206.201,3.9968,8.1521,-4.0031
206.210,3.9968,8.1521,-4.0031
206.219,3.9968,8.1521,-4.0031
206.228,3.9968,8.1521,-4.0031
206.236,3.9968,8.1521,-4.0031
206.244,3.9968,8.1521,-4.0031
206.254,3.9968,8.1521,-4.0031
206.262,3.9968,8.1521,-4.0031
206.271,3.9968,8.1521,-4.0031
206.279,3.9968,8.1521,-4.0031
206.290,3.9968,8.1521,-4.0031
206.298,3.9968,8.1521,-4.0031
206.307,3.9968,8.1521,-4.0031
206.317,3.9968,8.1521,-4.0031
206.326,3.9968,8.1521,-4.0031
206.335,3.9968,8.1521,-4.0031
206.343,3.9968,8.1521,-4.0031
206.353,3.9968,8.1521,-4.0031
206.361,3.9968,8.1521,-4.0031
206.370,3.9968,8.1521,-4.0031
206.380,3.9968,8.1521,-4.0031
206.390,3.9968,8.1521,-4.0031
206.400,3.9968,8.1521,-4.0031
206.409,3.9968,8.1521,-4.0031
206.420,3.9968,8.1521,-4.0031
206.428,3.9968,8.1521,-4.0031
206.439,3.9968,8.1521,-4.0031
206.447,3.9968,8.1521,-4.0031
206.457,3.9968,8.1521,-4.0031
206.465,3.9968,8.1521,-4.0031
206.476,3.9968,8.1521,-4.0031
206.484,3.9968,8.1521,-4.0031
206.493,3.9968,8.1521,-4.0031
206.501,3.9968,8.1521,-4.0031
206.510,3.9968,8.1521,-4.0031
206.519,3.9968,8.1521,-4.0031
206.527,3.9968,8.1521,-4.0031
206.537,3.9968,8.1521,-4.0031
206.545,3.9968,8.1521,-4.0031
206.556,3.9968,8.1521,-4.0031
206.565,3.9968,8.1521,-4.0031
206.574,3.9968,8.1521,-4.0031
206.583,3.9968,8.1521,-4.0031
206.592,3.9968,8.1521,-4.0031
206.601,3.9968,8.1521,-4.0031
206.609,3.9968,8.1521,-4.0031
206.618,3.9968,8.1521,-4.0031
206.627,3.9968,8.1521,-4.0031
206.635,3.9968,8.1521,-4.0031
206.644,3.9968,8.1521,-4.0031
206.653,3.9968,8.1521,-4.0031
206.662,3.9968,8.1521,-4.0031
206.671,3.9968,8.1521,-4.0031
206.681,3.9968,8.1521,-4.0031
206.692,3.9968,8.1521,-4.0031
206.707,3.9968,8.1521,-4.0031
206.716,3.9968,8.1521,-4.0031
206.725,3.9968,8.1521,-4.0031
206.734,3.9968,8.1521,-4.0031
206.744,3.9968,8.1521,-4.0031
206.754,3.9968,8.1521,-4.0031
206.762,3.9968,8.1521,-4.0031
206.774,3.9968,8.1521,-4.0031
206.782,3.9968,8.1521,-4.0031
206.791,3.9968,8.1521,-4.0031
206.800,3.9968,8.1521,-4.0031
206.809,3.9968,8.1521,-4.0031
206.820,3.9968,8.1521,-4.0031
206.828,3.9968,8.1521,-4.0031
206.838,3.9968,8.1521,-4.0031
206.846,3.9968,8.1521,-4.0031
206.858,3.9968,8.1521,-4.0031
206.867,3.9968,8.1521,-4.0031
206.877,3.9968,8.1521,-4.0031
206.887,3.9968,8.1521,-4.0031
206.897,3.9968,8.1521,-4.0031
206.904,3.9968,8.1521,-4.0031
206.914,3.9968,8.1521,-4.0031
206.922,3.9968,8.1521,-4.0031
206.931,3.9968,8.1521,-4.0031
206.938,3.9968,8.1521,-4.0031
206.947,3.9968,8.1521,-4.0031
206.958,3.9968,8.1521,-4.0031
206.966,3.9968,8.1521,-4.0031
206.975,3.9968,8.1521,-4.0031
206.984,3.9968,8.1521,-4.0031
206.994,3.9968,8.1521,-4.0031
207.002,3.9968,8.1521,-4.0031
207.011,3.9968,8.1521,-4.0031
207.019,3.9968,8.1521,-4.0031
207.027,3.9968,8.1521,-4.0031
207.035,3.9968,8.1521,-4.0031
207.043,3.9968,8.1521,-4.0031
207.053,3.9968,8.1521,-4.0031
207.061,3.9968,8.1521,-4.0031
207.069,3.9968,8.1521,-4.0031
207.080,3.9968,8.1521,-4.0031
207.088,3.9968,8.1521,-4.0031
207.097,3.9968,8.1521,-4.0031
207.106,3.9968,8.1521,-4.0031
207.115,3.9968,8.1521,-4.0031
207.123,3.9968,8.1521,-4.0031
207.132,3.9968,8.1521,-4.0031
207.141,3.9968,8.1521,-4.0031
207.149,3.9968,8.1522,-4.0031
207.160,3.9968,8.1522,-4.0031
207.168,3.9968,8.1522,-4.0031
207.177,3.9968,8.1522,-4.0031
207.185,3.9968,8.1523,-4.0031
207.196,3.9968,8.1523,-4.0031
207.203,3.9968,8.1524,-4.0031
207.213,3.9968,8.1524,-4.0031
207.222,3.9968,8.1526,-4.0031
207.231,3.9968,8.1526,-4.0031
207.239,3.9968,8.1526,-4.0031
207.246,3.9968,8.1529,-4.0031
207.258,3.9968,8.1529,-4.0031
207.265,3.9968,8.1532,-4.0031
207.275,3.9968,8.1532,-4.0031
207.284,3.9968,8.1540,-4.0031
207.293,3.9968,8.1540,-4.0031
207.301,3.9968,8.1540,-4.0031
207.308,3.9968,8.1548,-4.0031
207.318,3.9968,8.1548,-4.0031
207.325,3.9968,8.1558,-4.0031
207.336,3.9968,8.1558,-4.0031
207.343,3.9968,8.1567,-4.0031
207.354,3.9968,8.1567,-4.0031
207.361,3.9968,8.1567,-4.0031
207.369,3.9968,8.1588,-4.0031
207.381,3.9968,8.1588,-4.0031
207.388,3.9968,8.1610,-4.0031
207.398,3.9968,8.1610,-4.0031
207.406,3.9968,8.1632,-4.0031
207.416,3.9968,8.1632,-4.0031
207.424,3.9968,8.1655,-4.0031
207.434,3.9968,8.1655,-4.0031
207.442,3.9968,8.1678,-4.0031
207.450,3.9968,8.1678,-4.0031
207.457,3.9968,8.1678,-4.0031
207.466,3.9968,8.1702,-4.0031
207.478,3.9968,8.1702,-4.0031
207.486,3.9968,8.1725,-4.0031
207.496,3.9968,8.1725,-4.0031
207.505,3.9968,8.1749,-4.0031
207.515,3.9968,8.1749,-4.0031
207.523,3.9968,8.1773,-4.0031
207.533,3.9968,8.1773,-4.0031
207.541,3.9968,8.1773,-4.0031
207.549,3.9968,8.1797,-4.0031
207.558,3.9968,8.1797,-4.0031
207.566,3.9968,8.1821,-4.0031
207.576,3.9968,8.1821,-4.0031
207.585,3.9968,8.1846,-4.0031
207.594,3.9968,8.1846,-4.0031
207.601,3.9968,8.1846,-4.0031
207.609,3.9968,8.1870,-4.0031
207.619,3.9968,8.1870,-4.0031
207.627,3.9968,8.1895,-4.0031
207.636,3.9968,8.1895,-4.0031
207.644,3.9968,8.1919,-4.0031
207.654,3.9968,8.1919,-4.0031
207.662,3.9968,8.1944,-4.0031
207.672,3.9968,8.1944,-4.0031
207.680,3.9968,8.1944,-4.0031
207.689,3.9968,8.1968,-4.0031
207.699,3.9968,8.1968,-4.0031
207.707,3.9968,8.1993,-4.0031
207.716,3.9968,8.1993,-4.0031
207.725,3.9968,8.2017,-4.0031
207.735,3.9968,8.2017,-4.0031
207.743,3.9968,8.2042,-4.0031
207.753,3.9968,8.2042,-4.0031
207.761,3.9968,8.2042,-4.0031
207.769,3.9968,8.2066,-4.0031
207.780,3.9968,8.2066,-4.0031
207.787,3.9968,8.2091,-4.0031
207.798,3.9968,8.2091,-4.0031
207.805,3.9968,8.2116,-4.0031
207.815,3.9968,8.2116,-4.0031
207.823,3.9968,8.2140,-4.0031
207.833,3.9968,8.2140,-4.0031
207.839,3.9968,8.2140,-4.0031
207.849,3.9968,8.2165,-4.0031
207.859,3.9968,8.2165,-4.0031
207.867,3.9968,8.2189,-4.0031
207.879,3.9968,8.2189,-4.0031
207.887,3.9968,8.2214,-4.0031
207.898,3.9968,8.2214,-4.0031
207.906,3.9968,8.2238,-4.0031
207.916,3.9968,8.2238,-4.0031
207.925,3.9968,8.2263,-4.0031
207.935,3.9968,8.2263,-4.0031
207.944,3.9968,8.2287,-4.0031
207.954,3.9968,8.2287,-4.0031
207.962,3.9968,8.2311,-4.0031
207.971,3.9968,8.2311,-4.0031
207.979,3.9968,8.2311,-4.0031
207.987,3.9968,8.2336,-4.0031
207.995,3.9968,8.2336,-4.0031
208.003,3.9968,8.2360,-4.0031
208.015,3.9968,8.2360,-4.0031
208.025,3.9968,8.2383,-4.0031
208.035,3.9968,8.2383,-4.0031
208.043,3.9968,8.2407,-4.0031
208.053,3.9968,8.2407,-4.0031
208.061,3.9968,8.2407,-4.0031
208.070,3.9968,8.2430,-4.0031
208.082,3.9968,8.2452,-4.0031
208.092,3.9968,8.2452,-4.0031
208.101,3.9968,8.2452,-4.0031
208.109,3.9968,8.2474,-4.0031
208.119,3.9968,8.2474,-4.0031
208.128,3.9968,8.2495,-4.0031
208.137,3.9968,8.2495,-4.0031
208.146,3.9968,8.2517,-4.0031
208.157,3.9968,8.2517,-4.0031
208.165,3.9968,8.2539,-4.0031
208.175,3.9968,8.2539,-4.0031
208.182,3.9968,8.2561,-4.0031
208.194,3.9968,8.2561,-4.0031
208.199,3.9968,8.2561,-4.0031
208.207,3.9968,8.2583,-4.0031
208.218,3.9968,8.2583,-4.0031
208.226,3.9968,8.2606,-4.0031
208.234,3.9968,8.2606,-4.0031
208.242,3.9968,8.2630,-4.0031
208.251,3.9968,8.2630,-4.0031
208.259,3.9968,8.2630,-4.0031
208.266,3.9968,8.2653,-4.0031
208.276,3.9968,8.2653,-4.0031
208.284,3.9968,8.2677,-4.0031
208.293,3.9968,8.2677,-4.0031
208.301,3.9968,8.2677,-4.0031
208.309,3.9968,8.2701,-4.0031
208.317,3.9968,8.2701,-4.0031
208.325,3.9968,8.2725,-4.0031
208.334,3.9968,8.2725,-4.0031
208.342,3.9968,8.2725,-4.0031
208.349,3.9968,8.2749,-4.0031
208.358,3.9968,8.2749,-4.0031
208.366,3.9968,8.2773,-4.0031
208.375,3.9968,8.2773,-4.0031
208.382,3.9968,8.2798,-4.0031
208.391,3.9968,8.2798,-4.0031
208.398,3.9968,8.2798,-4.0031
208.406,3.9968,8.2823,-4.0031
208.416,3.9968,8.2823,-4.0031
208.424,3.9968,8.2848,-4.0031
208.434,3.9968,8.2848,-4.0031
208.442,3.9968,8.2874,-4.0031
208.451,3.9968,8.2874,-4.0031
208.460,3.9968,8.2874,-4.0031
208.468,3.9968,8.2900,-4.0031
208.477,3.9968,8.2900,-4.0031
208.485,3.9968,8.2925,-4.0031
208.495,3.9968,8.2925,-4.0031
208.502,3.9968,8.2951,-4.0031
208.512,3.9968,8.2951,-4.0031
208.522,3.9968,8.2977,-4.0031
208.532,3.9968,8.2977,-4.0031
208.540,3.9968,8.2977,-4.0031
208.549,3.9968,8.3003,-4.0031
208.559,3.9968,8.3003,-4.0031
208.567,3.9968,8.3029,-4.0031
208.576,3.9968,8.3029,-4.0031
208.585,3.9968,8.3055,-4.0031
208.595,3.9968,8.3055,-4.0031
208.602,3.9968,8.3055,-4.0031
208.610,3.9968,8.3080,-4.0031
208.619,3.9968,8.3080,-4.0031
208.628,3.9968,8.3106,-4.0031
208.636,3.9968,8.3106,-4.0031
208.644,3.9968,8.3132,-4.0031
208.655,3.9968,8.3132,-4.0031
208.664,3.9968,8.3158,-4.0031
208.675,3.9968,8.3158,-4.0031
208.682,3.9968,8.3184,-4.0031
208.694,3.9968,8.3184,-4.0031
208.701,3.9968,8.3184,-4.0031
208.709,3.9968,8.3210,-4.0031
208.719,3.9968,8.3210,-4.0031
208.727,3.9968,8.3236,-4.0031
208.736,3.9968,8.3236,-4.0031
208.743,3.9968,8.3262,-4.0031
208.753,3.9968,8.3262,-4.0031
208.769,3.9968,8.3288,-4.0031
208.780,3.9968,8.3288,-4.0031
208.788,3.9968,8.3314,-4.0031
208.799,3.9968,8.3314,-4.0031
208.806,3.9968,8.3340,-4.0031
208.816,3.9968,8.3340,-4.0031
208.825,3.9968,8.3366,-4.0031
208.835,3.9968,8.3366,-4.0031
208.843,3.9968,8.3391,-4.0031
208.853,3.9968,8.3391,-4.0031
208.861,3.9968,8.3391,-4.0031
208.868,3.9968,8.3417,-4.0031
208.878,3.9968,8.3417,-4.0031
208.887,3.9968,8.3443,-4.0031
208.897,3.9968,8.3443,-4.0031
208.904,3.9968,8.3469,-4.0031
208.915,3.9968,8.3469,-4.0031
208.924,3.9968,8.3495,-4.0031
208.933,3.9968,8.3495,-4.0031
208.941,3.9968,8.3495,-4.0031
208.950,3.9968,8.3521,-4.0031
208.959,3.9968,8.3521,-4.0031
208.968,3.9968,8.3547,-4.0031
208.977,3.9968,8.3547,-4.0031
208.985,3.9968,8.3573,-4.0031
208.994,3.9968,8.3573,-4.0031
209.002,3.9968,8.3599,-4.0031
209.013,3.9968,8.3599,-4.0031
209.021,3.9968,8.3599,-4.0031
209.029,3.9968,8.3625,-4.0031
209.038,3.9968,8.3625,-4.0031
209.046,3.9968,8.3651,-4.0031
209.056,3.9968,8.3651,-4.0031
209.064,3.9968,8.3677,-4.0031
209.074,3.9968,8.3677,-4.0031
209.082,3.9968,8.3677,-4.0031
209.090,3.9968,8.3702,-4.0031
209.101,3.9968,8.3702,-4.0031
209.109,3.9968,8.3728,-4.0031
209.118,3.9968,8.3728,-4.0031
209.127,3.9968,8.3754,-4.0031
209.137,3.9968,8.3754,-4.0031
209.145,3.9968,8.3780,-4.0031
209.157,3.9968,8.3780,-4.0031
209.164,3.9968,8.3806,-4.0031
209.173,3.9968,8.3806,-4.0031
209.181,3.9968,8.3806,-4.0031
209.190,3.9968,8.3832,-4.0031
209.197,3.9968,8.3832,-4.0031
209.206,3.9968,8.3857,-4.0031
209.216,3.9968,8.3857,-4.0031
209.225,3.9968,8.3883,-4.0031
209.234,3.9968,8.3883,-4.0031
209.241,3.9968,8.3883,-4.0031
209.250,3.9968,8.3909,-4.0031
209.259,3.9968,8.3909,-4.0031
209.268,3.9968,8.3935,-4.0031
209.278,3.9968,8.3935,-4.0031
209.286,3.9968,8.3961,-4.0031
209.296,3.9968,8.3961,-4.0031
209.303,3.9968,8.3987,-4.0031
209.313,3.9968,8.3987,-4.0031
209.321,3.9968,8.3987,-4.0031
209.329,3.9968,8.4013,-4.0031
209.339,3.9968,8.4013,-4.0031
209.347,3.9968,8.4038,-4.0031
209.358,3.9968,8.4038,-4.0031
209.365,3.9968,8.4064,-4.0031
209.375,3.9968,8.4064,-4.0031
209.382,3.9968,8.4090,-4.0031
209.392,3.9968,8.4090,-4.0031
209.401,3.9968,8.4090,-4.0031
209.408,3.9968,8.4116,-4.0031
209.418,3.9968,8.4116,-4.0031
209.427,3.9968,8.4142,-4.0031
209.436,3.9968,8.4142,-4.0031
209.444,3.9968,8.4167,-4.0031
209.454,3.9968,8.4167,-4.0031
209.461,3.9968,8.4167,-4.0031
209.469,3.9968,8.4193,-4.0031
209.477,3.9968,8.4193,-4.0031
209.485,3.9968,8.4219,-4.0031
209.494,3.9968,8.4219,-4.0031
209.501,3.9968,8.4219,-4.0031
209.508,3.9968,8.4245,-4.0031
209.516,3.9968,8.4245,-4.0031
209.524,3.9968,8.4270,-4.0031
209.533,3.9968,8.4270,-4.0031
209.540,3.9968,8.4270,-4.0031
209.548,3.9968,8.4296,-4.0031
209.557,3.9968,8.4296,-4.0031
209.565,3.9968,8.4322,-4.0031
209.574,3.9968,8.4322,-4.0031
209.583,3.9968,8.4347,-4.0031
209.592,3.9968,8.4347,-4.0031
209.599,3.9968,8.4347,-4.0031
209.605,3.9968,8.4373,-4.0031
209.616,3.9968,8.4373,-4.0031
209.624,3.9968,8.4399,-4.0031
209.632,3.9968,8.4399,-4.0031
209.642,3.9968,8.4399,-4.0031
209.649,3.9968,8.4425,-4.0031
209.659,3.9968,8.4425,-4.0031
209.666,3.9968,8.4450,-4.0031
209.676,3.9968,8.4450,-4.0031
209.684,3.9968,8.4476,-4.0031
209.693,3.9968,8.4476,-4.0031
209.700,3.9968,8.4476,-4.0031
209.709,3.9968,8.4502,-4.0031
209.718,3.9968,8.4502,-4.0031
209.727,3.9968,8.4527,-4.0031
209.736,3.9968,8.4527,-4.0031
209.743,3.9968,8.4553,-4.0031
209.752,3.9968,8.4553,-4.0031
209.760,3.9968,8.4553,-4.0031
209.768,3.9968,8.4579,-4.0031
209.777,3.9968,8.4579,-4.0031
209.786,3.9968,8.4604,-4.0031
209.794,3.9968,8.4604,-4.0031
209.801,3.9968,8.4604,-4.0031
209.809,3.9968,8.4630,-4.0031
209.817,3.9968,8.4630,-4.0031
209.826,3.9968,8.4656,-4.0031
209.834,3.9968,8.4656,-4.0031
209.842,3.9968,8.4682,-4.0031
209.850,3.9968,8.4682,-4.0031
209.859,3.9968,8.4682,-4.0031
209.866,3.9968,8.4707,-4.0031
209.876,3.9968,8.4707,-4.0031
209.885,3.9968,8.4733,-4.0031
209.894,3.9968,8.4733,-4.0031
209.902,3.9968,8.4733,-4.0031
209.911,3.9968,8.4759,-4.0031
209.921,3.9968,8.4759,-4.0031
209.929,3.9968,8.4785,-4.0031
209.940,3.9968,8.4785,-4.0031
209.948,3.9968,8.4811,-4.0031
209.958,3.9968,8.4811,-4.0031
209.966,3.9968,8.4836,-4.0031
209.976,3.9968,8.4836,-4.0031
209.984,3.9968,8.4862,-4.0031
209.993,3.9968,8.4862,-4.0031
210.002,3.9968,8.4888,-4.0031
210.011,3.9968,8.4888,-4.0031
210.021,3.9968,8.4888,-4.0031
210.029,3.9968,8.4914,-4.0031
210.039,3.9968,8.4914,-4.0031
210.047,3.9968,8.4940,-4.0031
210.057,3.9968,8.4940,-4.0031
210.065,3.9968,8.4965,-4.0031
210.074,3.9968,8.4965,-4.0031
210.082,3.9968,8.4991,-4.0031
210.093,3.9968,8.4991,-4.0031
210.100,3.9968,8.4991,-4.0031
210.109,3.9968,8.5017,-4.0031
210.118,3.9968,8.5017,-4.0031
210.127,3.9968,8.5043,-4.0031
210.135,3.9968,8.5043,-4.0031
210.143,3.9968,8.5069,-4.0031
210.152,3.9968,8.5069,-4.0031
210.161,3.9968,8.5069,-4.0031
210.168,3.9968,8.5095,-4.0031
210.176,3.9968,8.5095,-4.0031
210.183,3.9968,8.5120,-4.0031
210.194,3.9968,8.5120,-4.0031
210.202,3.9968,8.5146,-4.0031
210.212,3.9968,8.5146,-4.0031
210.221,3.9968,8.5146,-4.0031
210.229,3.9968,8.5172,-4.0031
210.238,3.9968,8.5172,-4.0031
210.246,3.9968,8.5198,-4.0031
210.257,3.9968,8.5198,-4.0031
210.265,3.9968,8.5224,-4.0031
210.275,3.9968,8.5224,-4.0031
210.283,3.9968,8.5249,-4.0031
210.293,3.9968,8.5249,-4.0031
210.302,3.9968,8.5275,-4.0031
210.312,3.9968,8.5275,-4.0031
210.321,3.9968,8.5275,-4.0031
210.329,3.9968,8.5301,-4.0031
210.338,3.9968,8.5301,-4.0031
210.346,3.9968,8.5327,-4.0031
210.356,3.9968,8.5327,-4.0031
210.364,3.9968,8.5352,-4.0031
210.374,3.9968,8.5352,-4.0031
210.382,3.9968,8.5378,-4.0031
210.393,3.9968,8.5378,-4.0031
210.401,3.9968,8.5378,-4.0031
210.410,3.9968,8.5404,-4.0031
210.420,3.9968,8.5404,-4.0031
210.429,3.9968,8.5430,-4.0031
210.439,3.9968,8.5430,-4.0031
210.447,3.9968,8.5455,-4.0031
210.459,3.9968,8.5455,-4.0031
210.466,3.9968,8.5481,-4.0031
210.476,3.9968,8.5481,-4.0031
210.485,3.9968,8.5507,-4.0031
210.495,3.9968,8.5507,-4.0031
210.504,3.9968,8.5533,-4.0031
210.516,3.9968,8.5533,-4.0031
210.524,3.9968,8.5558,-4.0031
210.534,3.9968,8.5558,-4.0031
210.542,3.9968,8.5584,-4.0031
210.553,3.9968,8.5584,-4.0031
210.560,3.9968,8.5584,-4.0031
210.569,3.9968,8.5610,-4.0031
210.579,3.9968,8.5610,-4.0031
210.587,3.9968,8.5636,-4.0031
210.597,3.9968,8.5636,-4.0031
210.605,3.9968,8.5661,-4.0031
210.615,3.9968,8.5661,-4.0031
210.624,3.9968,8.5687,-4.0031
210.634,3.9968,8.5687,-4.0031
210.643,3.9968,8.5713,-4.0031
210.654,3.9968,8.5713,-4.0031
210.663,3.9968,8.5738,-4.0031
210.674,3.9968,8.5738,-4.0031
210.682,3.9968,8.5764,-4.0031
210.693,3.9968,8.5764,-4.0031
210.702,3.9968,8.5790,-4.0031
210.711,3.9968,8.5790,-4.0031
210.719,3.9968,8.5790,-4.0031
210.727,3.9968,8.5816,-4.0031
210.737,3.9968,8.5816,-4.0031
210.744,3.9968,8.5841,-4.0031
210.753,3.9968,8.5841,-4.0031
210.761,3.9968,8.5841,-4.0031
210.768,3.9968,8.5867,-4.0031
210.777,3.9968,8.5867,-4.0031
210.786,3.9968,8.5893,-4.0031
210.795,3.9968,8.5893,-4.0031
210.802,3.9968,8.5918,-4.0031
210.812,3.9968,8.5918,-4.0031
210.821,3.9968,8.5918,-4.0031
210.828,3.9968,8.5944,-4.0031
210.837,3.9968,8.5944,-4.0031
210.845,3.9968,8.5970,-4.0031
210.856,3.9968,8.5970,-4.0031
210.863,3.9968,8.5995,-4.0031
210.871,3.9968,8.5995,-4.0031
210.879,3.9968,8.5995,-4.0031
210.888,3.9968,8.6021,-4.0031
210.896,3.9968,8.6021,-4.0031
210.904,3.9968,8.6047,-4.0031
210.914,3.9968,8.6047,-4.0031
210.922,3.9968,8.6047,-4.0031
210.928,3.9968,8.6073,-4.0031
210.937,3.9968,8.6073,-4.0031
210.945,3.9968,8.6098,-4.0031
210.961,3.9968,8.6098,-4.0031
210.970,3.9968,8.6124,-4.0031
210.978,3.9968,8.6124,-4.0031
210.986,3.9968,8.6150,-4.0031
210.995,3.9968,8.6150,-4.0031
211.003,3.9968,8.6175,-4.0031
211.012,3.9968,8.6175,-4.0031
211.019,3.9968,8.6175,-4.0031
211.027,3.9968,8.6201,-4.0031
211.036,3.9968,8.6201,-4.0031
211.045,3.9968,8.6227,-4.0031
211.054,3.9968,8.6227,-4.0031
211.062,3.9968,8.6253,-4.0031
211.070,3.9968,8.6253,-4.0031
211.078,3.9968,8.6253,-4.0031
211.085,3.9968,8.6278,-4.0031
211.096,3.9968,8.6278,-4.0031
211.102,3.9968,8.6304,-4.0031
211.112,3.9968,8.6304,-4.0031
211.122,3.9968,8.6304,-4.0031
211.129,3.9968,8.6330,-4.0031
211.135,3.9968,8.6330,-4.0031
211.144,3.9968,8.6356,-4.0031
211.153,3.9968,8.6356,-4.0031
211.160,3.9968,8.6356,-4.0031
211.167,3.9968,8.6381,-4.0031
211.176,3.9968,8.6381,-4.0031
211.184,3.9968,8.6407,-4.0031
211.194,3.9968,8.6407,-4.0031
211.201,3.9968,8.6407,-4.0031
211.209,3.9968,8.6433,-4.0031
211.218,3.9968,8.6433,-4.0031
211.225,3.9968,8.6459,-4.0031
211.234,3.9968,8.6459,-4.0031
211.242,3.9968,8.6484,-4.0031
211.252,3.9968,8.6484,-4.0031
211.260,3.9968,8.6484,-4.0031
211.267,3.9968,8.6510,-4.0031
211.279,3.9968,8.6510,-4.0031
211.287,3.9968,8.6536,-4.0031
211.298,3.9968,8.6536,-4.0031
211.305,3.9968,8.6561,-4.0031
211.316,3.9968,8.6561,-4.0031
211.323,3.9968,8.6587,-4.0031
211.333,3.9968,8.6587,-4.0031
211.343,3.9968,8.6612,-4.0031
211.352,3.9968,8.6612,-4.0031
211.360,3.9968,8.6612,-4.0031
211.367,3.9968,8.6638,-4.0031
211.377,3.9968,8.6638,-4.0031
211.385,3.9968,8.6663,-4.0031
211.396,3.9968,8.6663,-4.0031
211.403,3.9968,8.6688,-4.0031
211.413,3.9968,8.6688,-4.0031
211.422,3.9968,8.6713,-4.0031
211.432,3.9968,8.6713,-4.0031
211.440,3.9968,8.6713,-4.0031
211.447,3.9968,8.6738,-4.0031
211.457,3.9968,8.6738,-4.0031
211.465,3.9968,8.6763,-4.0031
211.476,3.9968,8.6763,-4.0031
211.485,3.9968,8.6788,-4.0031
211.495,3.9968,8.6788,-4.0031
211.503,3.9968,8.6813,-4.0031
211.513,3.9968,8.6813,-4.0031
211.522,3.9968,8.6813,-4.0031
211.530,3.9968,8.6838,-4.0031
211.541,3.9968,8.6838,-4.0031
211.550,3.9968,8.6863,-4.0031
211.562,3.9968,8.6863,-4.0031
211.569,3.9968,8.6888,-4.0031
211.580,3.9968,8.6888,-4.0031
211.590,3.9968,8.6913,-4.0031
211.600,3.9968,8.6913,-4.0031
211.609,3.9968,8.6938,-4.0031
211.619,3.9968,8.6938,-4.0031
211.627,3.9968,8.6962,-4.0031
211.638,3.9968,8.6962,-4.0031
211.646,3.9968,8.6987,-4.0031
211.657,3.9968,8.6987,-4.0031
211.666,3.9968,8.7012,-4.0031
211.677,3.9968,8.7012,-4.0031
211.687,3.9968,8.7036,-4.0031
211.698,3.9968,8.7036,-4.0031
211.705,3.9968,8.7061,-4.0031
211.717,3.9968,8.7061,-4.0031
211.726,3.9968,8.7086,-4.0031
211.735,3.9968,8.7086,-4.0031
211.744,3.9968,8.7110,-4.0031
211.754,3.9968,8.7110,-4.0031
211.764,3.9968,8.7135,-4.0031
211.774,3.9968,8.7135,-4.0031
211.783,3.9968,8.7159,-4.0031
211.793,3.9968,8.7159,-4.0031
211.801,3.9968,8.7159,-4.0031
211.810,3.9968,8.7184,-4.0031
211.821,3.9968,8.7184,-4.0031
211.829,3.9968,8.7208,-4.0031
211.840,3.9968,8.7208,-4.0031
211.849,3.9968,8.7233,-4.0031
211.859,3.9968,8.7233,-4.0031
211.867,3.9968,8.7258,-4.0031
211.877,3.9968,8.7258,-4.0031
211.886,3.9968,8.7282,-4.0031
211.896,3.9968,8.7282,-4.0031
211.904,3.9968,8.7307,-4.0031
211.915,3.9968,8.7307,-4.0031
211.925,3.9968,8.7331,-4.0031
211.935,3.9968,8.7331,-4.0031
211.943,3.9968,8.7356,-4.0031
211.954,3.9968,8.7356,-4.0031
211.963,3.9968,8.7381,-4.0031
211.975,3.9968,8.7381,-4.0031
211.981,3.9968,8.7381,-4.0031
211.989,3.9968,8.7405,-4.0031
212.000,3.9968,8.7405,-4.0031
212.009,3.9968,8.7430,-4.0031
212.018,3.9968,8.7430,-4.0031
212.027,3.9968,8.7455,-4.0031
212.036,3.9968,8.7455,-4.0031
212.044,3.9968,8.7479,-4.0031
212.055,3.9968,8.7479,-4.0031
212.063,3.9968,8.7504,-4.0031
212.072,3.9968,8.7504,-4.0031
212.080,3.9968,8.7504,-4.0031
212.090,3.9968,8.7528,-4.0031
212.098,3.9968,8.7528,-4.0031
212.106,3.9968,8.7553,-4.0031
212.117,3.9968,8.7553,-4.0031
212.125,3.9968,8.7578,-4.0031
212.133,3.9968,8.7578,-4.0031
212.140,3.9968,8.7578,-4.0031
212.150,3.9968,8.7602,-4.0031
212.158,3.9968,8.7602,-4.0031
212.166,3.9968,8.7627,-4.0031
212.174,3.9968,8.7627,-4.0031
212.183,3.9968,8.7652,-4.0031
212.191,3.9968,8.7652,-4.0031
212.199,3.9968,8.7652,-4.0031
212.207,3.9968,8.7676,-4.0031
212.216,3.9968,8.7676,-4.0031
212.224,3.9968,8.7701,-4.0031
212.233,3.9968,8.7701,-4.0031
212.242,3.9968,8.7726,-4.0031
212.251,3.9968,8.7726,-4.0031
212.260,3.9968,8.7726,-4.0031
212.267,3.9968,8.7750,-4.0031
212.278,3.9968,8.7750,-4.0031
212.285,3.9968,8.7775,-4.0031
212.295,3.9968,8.7775,-4.0031
212.302,3.9968,8.7800,-4.0031
212.312,3.9968,8.7800,-4.0031
212.321,3.9968,8.7800,-4.0031
212.329,3.9968,8.7825,-4.0031
212.340,3.9968,8.7825,-4.0031
212.349,3.9968,8.7849,-4.0031
212.359,3.9968,8.7849,-4.0031
212.367,3.9968,8.7874,-4.0031
212.376,3.9968,8.7874,-4.0031
212.383,3.9968,8.7899,-4.0031
212.394,3.9968,8.7899,-4.0031
212.402,3.9968,8.7899,-4.0031
212.409,3.9968,8.7924,-4.0031
212.420,3.9968,8.7924,-4.0031
212.428,3.9968,8.7949,-4.0031
212.438,3.9968,8.7949,-4.0031
212.445,3.9968,8.7973,-4.0031
212.457,3.9968,8.7973,-4.0031
212.465,3.9968,8.7998,-4.0031
212.475,3.9968,8.7998,-4.0031
212.484,3.9968,8.8023,-4.0031
212.494,3.9968,8.8023,-4.0031
212.501,3.9968,8.8023,-4.0031
212.510,3.9968,8.8048,-4.0031
212.520,3.9968,8.8048,-4.0031
212.528,3.9968,8.8073,-4.0031
212.538,3.9968,8.8073,-4.0031
212.547,3.9968,8.8098,-4.0031
212.557,3.9968,8.8098,-4.0031
212.564,3.9968,8.8122,-4.0031
212.574,3.9968,8.8122,-4.0031
212.582,3.9968,8.8122,-4.0031
212.590,3.9968,8.8147,-4.0031
212.600,3.9968,8.8147,-4.0031
212.608,3.9968,8.8172,-4.0031
212.618,3.9968,8.8172,-4.0031
212.627,3.9968,8.8197,-4.0031
212.635,3.9968,8.8197,-4.0031
212.642,3.9968,8.8222,-4.0031
212.652,3.9968,8.8222,-4.0031
212.662,3.9968,8.8246,-4.0031
212.671,3.9968,8.8246,-4.0031
212.679,3.9968,8.8246,-4.0031
212.687,3.9968,8.8271,-4.0031
212.696,3.9968,8.8271,-4.0031
212.703,3.9968,8.8296,-4.0031
212.712,3.9968,8.8296,-4.0031
212.719,3.9968,8.8296,-4.0031
212.728,3.9968,8.8321,-4.0031
212.737,3.9968,8.8321,-4.0031
212.746,3.9968,8.8346,-4.0031
212.758,3.9968,8.8346,-4.0031
212.766,3.9968,8.8371,-4.0031
212.776,3.9968,8.8371,-4.0031
212.785,3.9968,8.8395,-4.0031
212.795,3.9968,8.8395,-4.0031
212.803,3.9968,8.8420,-4.0031
212.813,3.9968,8.8420,-4.0031
212.823,3.9968,8.8445,-4.0031
212.831,3.9968,8.8445,-4.0031
212.840,3.9968,8.8445,-4.0031
212.849,3.9968,8.8470,-4.0031
212.858,3.9968,8.8470,-4.0031
212.866,3.9968,8.8495,-4.0031
212.876,3.9968,8.8495,-4.0031
212.884,3.9968,8.8520,-4.0031
212.894,3.9968,8.8520,-4.0031
212.903,3.9968,8.8545,-4.0031
212.913,3.9968,8.8545,-4.0031
212.922,3.9968,8.8570,-4.0031
212.932,3.9968,8.8570,-4.0031
212.940,3.9968,8.8570,-4.0031
212.950,3.9968,8.8594,-4.0031
212.961,3.9968,8.8594,-4.0031
212.969,3.9968,8.8619,-4.0031
212.981,3.9968,8.8619,-4.0031
212.990,3.9968,8.8644,-4.0031
213.000,3.9968,8.8644,-4.0031
213.009,3.9968,8.8669,-4.0031
213.020,3.9968,8.8669,-4.0031
213.028,3.9968,8.8694,-4.0031
213.038,3.9968,8.8694,-4.0031
213.047,3.9968,8.8719,-4.0031
213.058,3.9968,8.8719,-4.0031
213.066,3.9968,8.8744,-4.0031
213.077,3.9968,8.8744,-4.0031
213.087,3.9968,8.8769,-4.0031
213.096,3.9968,8.8769,-4.0031
213.104,3.9968,8.8794,-4.0031
213.116,3.9968,8.8794,-4.0031
213.125,3.9968,8.8819,-4.0031
213.135,3.9968,8.8819,-4.0031
213.145,3.9968,8.8844,-4.0031
213.155,3.9968,8.8844,-4.0031
213.163,3.9968,8.8868,-4.0031
213.174,3.9968,8.8868,-4.0031
213.183,3.9968,8.8893,-4.0031
213.193,3.9968,8.8893,-4.0031
213.202,3.9968,8.8893,-4.0031
213.210,3.9968,8.8918,-4.0031
213.228,3.9968,8.8943,-4.0031
213.239,3.9968,8.8943,-4.0031
213.246,3.9968,8.8968,-4.0031
213.257,3.9968,8.8968,-4.0031
213.264,3.9968,8.8993,-4.0031
213.274,3.9968,8.8993,-4.0031
213.282,3.9968,8.9018,-4.0031
213.292,3.9968,8.9018,-4.0031
213.300,3.9968,8.9018,-4.0031
213.308,3.9968,8.9043,-4.0031
213.318,3.9968,8.9043,-4.0031
213.326,3.9968,8.9068,-4.0031
213.335,3.9968,8.9068,-4.0031
213.342,3.9968,8.9093,-4.0031
213.352,3.9968,8.9093,-4.0031
213.360,3.9968,8.9093,-4.0031
213.367,3.9968,8.9118,-4.0031
213.376,3.9968,8.9118,-4.0031
213.384,3.9968,8.9143,-4.0031
213.394,3.9968,8.9143,-4.0031
213.401,3.9968,8.9143,-4.0031
213.410,3.9968,8.9168,-4.0031
213.421,3.9968,8.9168,-4.0031
213.429,3.9968,8.9193,-4.0031
213.439,3.9968,8.9193,-4.0031
213.447,3.9968,8.9218,-4.0031
213.457,3.9968,8.9218,-4.0031
213.464,3.9968,8.9243,-4.0031
213.474,3.9968,8.9243,-4.0031
213.481,3.9968,8.9243,-4.0031
213.490,3.9968,8.9268,-4.0031
213.499,3.9968,8.9268,-4.0031
213.508,3.9968,8.9293,-4.0031
213.517,3.9968,8.9293,-4.0031
213.526,3.9968,8.9318,-4.0031
213.535,3.9968,8.9318,-4.0031
213.543,3.9968,8.9343,-4.0031
213.551,3.9968,8.9343,-4.0031
213.559,3.9968,8.9343,-4.0031
213.567,3.9968,8.9368,-4.0031
213.576,3.9968,8.9368,-4.0031
213.584,3.9968,8.9393,-4.0031
213.595,3.9968,8.9393,-4.0031
213.603,3.9968,8.9418,-4.0031
213.613,3.9968,8.9418,-4.0031
213.620,3.9968,8.9418,-4.0031
213.629,3.9968,8.9443,-4.0031
213.637,3.9968,8.9443,-4.0031
213.645,3.9968,8.9468,-4.0031
213.655,3.9968,8.9468,-4.0031
213.663,3.9968,8.9493,-4.0031
213.672,3.9968,8.9493,-4.0031
213.680,3.9968,8.9493,-4.0031
213.689,3.9968,8.9518,-4.0031
213.698,3.9968,8.9518,-4.0031
213.706,3.9968,8.9543,-4.0031
213.717,3.9968,8.9543,-4.0031
213.725,3.9968,8.9568,-4.0031
213.733,3.9968,8.9568,-4.0031
213.741,3.9968,8.9568,-4.0031
213.750,3.9968,8.9592,-4.0031
213.759,3.9968,8.9592,-4.0031
213.767,3.9968,8.9617,-4.0031
213.775,3.9968,8.9617,-4.0031
213.784,3.9968,8.9642,-4.0031
213.793,3.9968,8.9642,-4.0031
213.800,3.9968,8.9642,-4.0031
213.808,3.9968,8.9667,-4.0031
213.817,3.9968,8.9667,-4.0031
213.825,3.9968,8.9692,-4.0031
213.834,3.9968,8.9692,-4.0031
213.842,3.9968,8.9717,-4.0031
213.851,3.9968,8.9717,-4.0031
213.857,3.9968,8.9717,-4.0031
213.865,3.9968,8.9742,-4.0031
213.876,3.9968,8.9742,-4.0031
213.883,3.9968,8.9767,-4.0031
213.894,3.9968,8.9767,-4.0031
213.901,3.9968,8.9767,-4.0031
213.909,3.9968,8.9792,-4.0031
213.918,3.9968,8.9792,-4.0031
213.927,3.9968,8.9817,-4.0031
213.936,3.9968,8.9817,-4.0031
213.945,3.9968,8.9842,-4.0031
213.955,3.9968,8.9842,-4.0031
213.964,3.9968,8.9867,-4.0031
213.973,3.9968,8.9867,-4.0031
213.982,3.9968,8.9867,-4.0031
213.992,3.9968,8.9892,-4.0031
214.000,3.9968,8.9892,-4.0031
214.009,3.9968,8.9917,-4.0031
214.020,3.9968,8.9917,-4.0031
214.028,3.9968,8.9942,-4.0031
214.038,3.9968,8.9942,-4.0031
214.045,3.9968,8.9967,-4.0031
214.055,3.9968,8.9967,-4.0031
214.063,3.9968,8.9992,-4.0031
214.074,3.9968,8.9992,-4.0031
214.083,3.9968,9.0017,-4.0031
214.092,3.9968,9.0017,-4.0031
214.101,3.9968,9.0017,-4.0031
214.110,3.9968,9.0041,-4.0031
214.119,3.9968,9.0041,-4.0031
214.128,3.9968,9.0066,-4.0031
214.137,3.9968,9.0066,-4.0031
214.146,3.9968,9.0091,-4.0031
214.155,3.9968,9.0091,-4.0031
214.164,3.9968,9.0116,-4.0031
214.174,3.9968,9.0116,-4.0031
214.182,3.9968,9.0141,-4.0031
214.192,3.9968,9.0141,-4.0031
214.202,3.9968,9.0141,-4.0031
214.212,3.9968,9.0166,-4.0031
214.222,3.9968,9.0191,-4.0031
214.231,3.9968,9.0191,-4.0031
214.240,3.9968,9.0191,-4.0031
214.248,3.9968,9.0215,-4.0031
214.259,3.9968,9.0215,-4.0031
214.266,3.9968,9.0240,-4.0031
214.276,3.9968,9.0240,-4.0031
214.284,3.9968,9.0265,-4.0031
214.294,3.9968,9.0265,-4.0031
214.303,3.9968,9.0290,-4.0031
214.313,3.9968,9.0290,-4.0031
214.321,3.9968,9.0290,-4.0031
214.330,3.9968,9.0315,-4.0031
214.339,3.9968,9.0315,-4.0031
214.347,3.9968,9.0339,-4.0031
214.359,3.9968,9.0339,-4.0031
214.366,3.9968,9.0364,-4.0031
214.376,3.9968,9.0364,-4.0031
214.385,3.9968,9.0389,-4.0031
214.394,3.9968,9.0389,-4.0031
214.402,3.9968,9.0389,-4.0031
214.410,3.9968,9.0414,-4.0031
214.421,3.9968,9.0414,-4.0031
214.429,3.9968,9.0438,-4.0031
214.439,3.9968,9.0438,-4.0031
214.448,3.9968,9.0463,-4.0031
214.458,3.9968,9.0463,-4.0031
214.466,3.9968,9.0488,-4.0031
214.477,3.9968,9.0488,-4.0031
214.485,3.9968,9.0513,-4.0031
214.495,3.9968,9.0513,-4.0031
214.504,3.9968,9.0537,-4.0031
214.514,3.9968,9.0537,-4.0031
214.523,3.9968,9.0562,-4.0031
214.532,3.9968,9.0562,-4.0031
214.540,3.9968,9.0562,-4.0031
214.547,3.9968,9.0587,-4.0031
214.556,3.9968,9.0587,-4.0031
214.564,3.9968,9.0612,-4.0031
214.572,3.9968,9.0612,-4.0031
214.580,3.9968,9.0612,-4.0031
214.588,3.9968,9.0636,-4.0031
214.598,3.9968,9.0636,-4.0031
214.605,3.9968,9.0661,-4.0031
214.615,3.9968,9.0661,-4.0031
214.624,3.9968,9.0686,-4.0031
214.632,3.9968,9.0686,-4.0031
214.639,3.9968,9.0686,-4.0031
214.648,3.9968,9.0711,-4.0031
214.658,3.9968,9.0711,-4.0031
214.665,3.9968,9.0735,-4.0031
214.674,3.9968,9.0735,-4.0031
214.682,3.9968,9.0760,-4.0031
214.693,3.9968,9.0760,-4.0031
214.699,3.9968,9.0760,-4.0031
214.708,3.9968,9.0785,-4.0031
214.718,3.9968,9.0785,-4.0031
214.727,3.9968,9.0809,-4.0031
214.734,3.9968,9.0809,-4.0031
214.744,3.9968,9.0834,-4.0031
214.753,3.9968,9.0834,-4.0031
214.761,3.9968,9.0834,-4.0031
214.768,3.9968,9.0859,-4.0031
214.778,3.9968,9.0859,-4.0031
214.787,3.9968,9.0884,-4.0031
214.796,3.9968,9.0884,-4.0031
214.804,3.9968,9.0908,-4.0031
214.813,3.9968,9.0908,-4.0031
214.822,3.9968,9.0908,-4.0031
214.829,3.9968,9.0933,-4.0031
214.838,3.9968,9.0933,-4.0031
214.846,3.9968,9.0958,-4.0031
214.856,3.9968,9.0958,-4.0031
214.863,3.9968,9.0982,-4.0031
214.871,3.9968,9.0982,-4.0031
214.879,3.9968,9.0982,-4.0031
214.887,3.9968,9.1007,-4.0031
214.897,3.9968,9.1007,-4.0031
214.905,3.9968,9.1032,-4.0031
214.914,3.9968,9.1032,-4.0031
214.922,3.9968,9.1032,-4.0031
214.930,3.9968,9.1056,-4.0031
214.938,3.9968,9.1056,-4.0031
214.946,3.9968,9.1081,-4.0031
214.954,3.9968,9.1081,-4.0031
214.963,3.9968,9.1106,-4.0031
214.970,3.9968,9.1106,-4.0031
214.978,3.9968,9.1106,-4.0031
214.987,3.9968,9.1130,-4.0031
214.996,3.9968,9.1130,-4.0031
215.003,3.9968,9.1155,-4.0031
215.014,3.9968,9.1155,-4.0031
215.023,3.9968,9.1180,-4.0031
215.032,3.9968,9.1180,-4.0031
215.040,3.9968,9.1180,-4.0031
215.048,3.9968,9.1205,-4.0031
215.057,3.9968,9.1205,-4.0031
215.065,3.9968,9.1229,-4.0031
215.075,3.9968,9.1229,-4.0031
215.083,3.9968,9.1254,-4.0031
215.092,3.9968,9.1254,-4.0031
215.100,3.9968,9.1254,-4.0031
215.109,3.9968,9.1279,-4.0031
215.118,3.9968,9.1279,-4.0031
215.126,3.9968,9.1303,-4.0031
215.136,3.9968,9.1303,-4.0031
215.145,3.9968,9.1328,-4.0031
215.152,3.9968,9.1328,-4.0031
215.161,3.9968,9.1328,-4.0031
215.169,3.9968,9.1353,-4.0031
215.178,3.9968,9.1353,-4.0031
215.186,3.9968,9.1377,-4.0031
215.196,3.9968,9.1377,-4.0031
215.204,3.9968,9.1402,-4.0031
215.212,3.9968,9.1402,-4.0031
215.220,3.9968,9.1402,-4.0031
215.228,3.9968,9.1426,-4.0031
215.236,3.9968,9.1426,-4.0031
215.243,3.9968,9.1451,-4.0031
215.252,3.9968,9.1451,-4.0031
215.261,3.9968,9.1451,-4.0031
215.268,3.9968,9.1476,-4.0031
215.276,3.9968,9.1476,-4.0031
215.285,3.9968,9.1500,-4.0031
215.294,3.9968,9.1500,-4.0031
215.303,3.9968,9.1525,-4.0031
215.312,3.9968,9.1525,-4.0031
215.322,3.9968,9.1525,-4.0031
215.330,3.9968,9.1550,-4.0031
215.339,3.9968,9.1550,-4.0031
215.349,3.9968,9.1574,-4.0031
215.358,3.9968,9.1574,-4.0031
215.367,3.9968,9.1599,-4.0031
215.376,3.9968,9.1599,-4.0031
215.385,3.9968,9.1624,-4.0031
215.394,3.9968,9.1624,-4.0031
215.401,3.9968,9.1624,-4.0031
215.410,3.9968,9.1648,-4.0031
215.420,3.9968,9.1648,-4.0031
215.437,3.9968,9.1673,-4.0031
215.447,3.9968,9.1698,-4.0031
215.455,3.9968,9.1698,-4.0031
215.464,3.9968,9.1722,-4.0031
215.474,3.9968,9.1722,-4.0031
215.483,3.9968,9.1747,-4.0031
215.493,3.9968,9.1747,-4.0031
215.502,3.9968,9.1747,-4.0031
215.510,3.9968,9.1772,-4.0031
215.519,3.9968,9.1772,-4.0031
215.528,3.9968,9.1796,-4.0031
215.538,3.9968,9.1796,-4.0031
215.546,3.9968,9.1821,-4.0031
215.556,3.9968,9.1821,-4.0031
215.564,3.9968,9.1846,-4.0031
215.574,3.9968,9.1846,-4.0031
215.582,3.9968,9.1870,-4.0031
215.592,3.9968,9.1870,-4.0031
215.601,3.9968,9.1870,-4.0031
215.609,3.9968,9.1895,-4.0031
215.618,3.9968,9.1895,-4.0031
215.628,3.9968,9.1920,-4.0031
215.637,3.9968,9.1920,-4.0031
215.646,3.9968,9.1944,-4.0031
215.656,3.9968,9.1944,-4.0031
215.664,3.9968,9.1969,-4.0031
215.673,3.9968,9.1969,-4.0031
215.683,3.9968,9.1994,-4.0031
215.693,3.9968,9.1994,-4.0031
215.701,3.9968,9.1994,-4.0031
215.710,3.9968,9.2018,-4.0031
215.720,3.9968,9.2018,-4.0031
215.728,3.9968,9.2043,-4.0031
215.737,3.9968,9.2043,-4.0031
215.746,3.9968,9.2068,-4.0031
215.756,3.9968,9.2068,-4.0031
215.765,3.9968,9.2092,-4.0031
215.775,3.9968,9.2092,-4.0031
215.783,3.9968,9.2117,-4.0031
215.792,3.9968,9.2117,-4.0031
215.801,3.9968,9.2117,-4.0031
215.809,3.9968,9.2142,-4.0031
215.818,3.9968,9.2142,-4.0031
215.827,3.9968,9.2166,-4.0031
215.836,3.9968,9.2166,-4.0031
215.843,3.9968,9.2191,-4.0031
215.853,3.9968,9.2191,-4.0031
215.861,3.9968,9.2191,-4.0031
215.869,3.9968,9.2215,-4.0031
215.877,3.9968,9.2215,-4.0031
215.885,3.9968,9.2240,-4.0031
215.895,3.9968,9.2240,-4.0031
215.902,3.9968,9.2240,-4.0031
215.909,3.9968,9.2264,-4.0031
215.918,3.9968,9.2264,-4.0031
215.926,3.9968,9.2289,-4.0031
215.935,3.9968,9.2289,-4.0031
215.944,3.9968,9.2313,-4.0031
215.952,3.9968,9.2313,-4.0031
215.961,3.9968,9.2313,-4.0031
215.968,3.9968,9.2338,-4.0031
215.978,3.9968,9.2338,-4.0031
215.986,3.9968,9.2362,-4.0031
215.996,3.9968,9.2362,-4.0031
216.003,3.9968,9.2387,-4.0031
216.012,3.9968,9.2387,-4.0031
216.021,3.9968,9.2387,-4.0031
216.028,3.9968,9.2411,-4.0031
216.038,3.9968,9.2411,-4.0031
216.046,3.9968,9.2436,-4.0031
216.055,3.9968,9.2436,-4.0031
216.062,3.9968,9.2460,-4.0031
216.071,3.9968,9.2460,-4.0031
216.080,3.9968,9.2460,-4.0031
216.089,3.9968,9.2485,-4.0031
216.099,3.9968,9.2485,-4.0031
216.108,3.9968,9.2509,-4.0031
216.116,3.9968,9.2509,-4.0031
216.124,3.9968,9.2534,-4.0031
216.132,3.9968,9.2534,-4.0031
216.141,3.9968,9.2534,-4.0031
216.148,3.9968,9.2558,-4.0031
216.157,3.9968,9.2558,-4.0031
216.165,3.9968,9.2583,-4.0031
216.175,3.9968,9.2583,-4.0031
216.183,3.9968,9.2608,-4.0031
216.192,3.9968,9.2608,-4.0031
216.201,3.9968,9.2608,-4.0031
216.208,3.9968,9.2632,-4.0031
216.217,3.9968,9.2632,-4.0031
216.226,3.9968,9.2657,-4.0031
216.235,3.9968,9.2657,-4.0031
216.243,3.9968,9.2681,-4.0031
216.252,3.9968,9.2681,-4.0031
216.261,3.9968,9.2681,-4.0031
216.268,3.9968,9.2706,-4.0031
216.277,3.9968,9.2706,-4.0031
216.285,3.9968,9.2731,-4.0031
216.295,3.9968,9.2731,-4.0031
216.301,3.9968,9.2731,-4.0031
216.310,3.9968,9.2755,-4.0031
216.319,3.9968,9.2755,-4.0031
216.328,3.9968,9.2780,-4.0031
216.336,3.9968,9.2780,-4.0031
216.343,3.9968,9.2804,-4.0031
216.353,3.9968,9.2804,-4.0031
216.361,3.9968,9.2804,-4.0031
216.368,3.9968,9.2829,-4.0031
216.378,3.9968,9.2829,-4.0031
216.386,3.9968,9.2853,-4.0031
216.394,3.9968,9.2853,-4.0031
216.401,3.9968,9.2853,-4.0031
216.410,3.9968,9.2878,-4.0031
216.420,3.9968,9.2878,-4.0031
216.427,3.9968,9.2903,-4.0031
216.437,3.9968,9.2903,-4.0031
216.444,3.9968,9.2927,-4.0031
216.454,3.9968,9.2927,-4.0031
216.461,3.9968,9.2927,-4.0031
216.469,3.9968,9.2952,-4.0031
216.478,3.9968,9.2952,-4.0031
216.487,3.9968,9.2976,-4.0031
216.495,3.9968,9.2976,-4.0031
216.503,3.9968,9.3001,-4.0031
216.512,3.9968,9.3001,-4.0031
216.521,3.9968,9.3001,-4.0031
216.529,3.9968,9.3025,-4.0031
216.537,3.9968,9.3025,-4.0031
216.547,3.9968,9.3050,-4.0031
216.556,3.9968,9.3050,-4.0031
216.565,3.9968,9.3075,-4.0031
216.574,3.9968,9.3075,-4.0031
216.583,3.9968,9.3099,-4.0031
216.593,3.9968,9.3099,-4.0031
216.600,3.9968,9.3099,-4.0031
216.608,3.9968,9.3124,-4.0031
216.617,3.9968,9.3124,-4.0031
216.627,3.9968,9.3148,-4.0031
216.635,3.9968,9.3148,-4.0031
216.644,3.9968,9.3173,-4.0031
216.654,3.9968,9.3173,-4.0031
216.662,3.9968,9.3197,-4.0031
216.672,3.9968,9.3197,-4.0031
216.680,3.9968,9.3197,-4.0031
216.690,3.9968,9.3222,-4.0031
216.699,3.9968,9.3222,-4.0031
216.708,3.9968,9.3247,-4.0031
216.717,3.9968,9.3247,-4.0031
216.726,3.9968,9.3271,-4.0031
216.735,3.9968,9.3271,-4.0031
216.744,3.9968,9.3296,-4.0031
216.753,3.9968,9.3296,-4.0031
216.762,3.9968,9.3296,-4.0031
216.770,3.9968,9.3320,-4.0031
216.780,3.9968,9.3320,-4.0031
216.789,3.9968,9.3345,-4.0031
216.799,3.9968,9.3345,-4.0031
216.807,3.9968,9.3369,-4.0031
216.817,3.9968,9.3369,-4.0031
216.825,3.9968,9.3394,-4.0031
216.836,3.9968,9.3394,-4.0031
216.844,3.9968,9.3418,-4.0031
216.854,3.9968,9.3418,-4.0031
216.863,3.9968,9.3443,-4.0031
216.871,3.9968,9.3443,-4.0031
216.880,3.9968,9.3443,-4.0031
216.889,3.9968,9.3468,-4.0031
216.899,3.9968,9.3468,-4.0031
216.906,3.9968,9.3492,-4.0031
216.916,3.9968,9.3492,-4.0031
216.925,3.9968,9.3517,-4.0031
216.934,3.9968,9.3517,-4.0031
216.942,3.9968,9.3541,-4.0031
216.953,3.9968,9.3541,-4.0031
216.961,3.9968,9.3541,-4.0031
216.969,3.9968,9.3566,-4.0031
216.979,3.9968,9.3566,-4.0031
216.988,3.9968,9.3590,-4.0031
216.998,3.9968,9.3590,-4.0031
217.006,3.9968,9.3615,-4.0031
217.016,3.9968,9.3615,-4.0031
217.024,3.9968,9.3639,-4.0031
217.035,3.9968,9.3639,-4.0031
217.043,3.9968,9.3640,-4.0031
217.051,3.9968,9.3640,-4.0031
217.059,3.9968,9.3640,-4.0031
217.067,3.9968,9.3640,-4.0031
217.076,3.9968,9.3640,-4.0031
217.084,3.9968,9.3640,-4.0031
217.094,3.9968,9.3640,-4.0031
217.102,3.9968,9.3640,-4.0031
217.111,3.9968,9.3640,-4.0031
217.119,3.9968,9.3640,-4.0031
217.128,3.9968,9.3640,-4.0031
217.135,3.9968,9.3640,-4.0031
217.144,3.9968,9.3640,-4.0031
217.153,3.9968,9.3640,-4.0031
217.162,3.9968,9.3640,-4.0031
217.168,3.9968,9.3640,-4.0031
217.177,3.9968,9.3640,-4.0031
217.185,3.9968,9.3640,-4.0031
217.195,3.9968,9.3640,-4.0031
217.202,3.9968,9.3640,-4.0031
217.210,3.9968,9.3640,-4.0031
217.219,3.9968,9.3640,-4.0031
217.227,3.9968,9.3640,-4.0031
217.235,3.9968,9.3640,-4.0031
217.243,3.9968,9.3640,-4.0031
217.251,3.9968,9.3640,-4.0031
217.258,3.9968,9.3640,-4.0031
217.266,3.9968,9.3640,-4.0031
217.274,3.9968,9.3640,-4.0031
217.281,3.9968,9.3640,-4.0031
217.289,3.9968,9.3640,-4.0031
217.297,3.9968,9.3640,-4.0031
217.305,3.9968,9.3640,-4.0031
217.313,3.9968,9.3640,-4.0031
217.322,3.9968,9.3640,-4.0031
217.328,3.9968,9.3640,-4.0031
217.337,3.9968,9.3640,-4.0031
217.345,3.9968,9.3640,-4.0031
217.356,3.9968,9.3640,-4.0031
217.364,3.9968,9.3640,-4.0031
217.374,3.9968,9.3640,-4.0031
217.382,3.9968,9.3640,-4.0031
217.391,3.9968,9.3640,-4.0031
217.399,3.9968,9.3640,-4.0031
217.408,3.9968,9.3640,-4.0031
217.417,3.9968,9.3640,-4.0031
217.424,3.9968,9.3640,-4.0031
217.433,3.9968,9.3640,-4.0031
217.441,3.9968,9.3640,-4.0031
217.450,3.9968,9.3640,-4.0031
217.458,3.9968,9.3640,-4.0031
217.467,3.9968,9.3640,-4.0031
217.476,3.9968,9.3640,-4.0031
217.484,3.9968,9.3640,-4.0031
217.493,3.9968,9.3640,-4.0031
217.501,3.9968,9.3640,-4.0031
217.509,3.9968,9.3640,-4.0031
217.517,3.9968,9.3640,-4.0031
217.527,3.9968,9.3640,-4.0031
217.535,3.9968,9.3640,-4.0031
217.543,3.9968,9.3640,-4.0031
217.552,3.9968,9.3640,-4.0031
217.561,3.9968,9.3640,-4.0031
217.568,3.9968,9.3640,-4.0031
217.578,3.9968,9.3640,-4.0031
217.586,3.9968,9.3640,-4.0031
217.595,3.9968,9.3640,-4.0031
217.602,3.9968,9.3640,-4.0031
217.611,3.9968,9.3640,-4.0031
217.620,3.9968,9.3640,-4.0031
217.628,3.9968,9.3640,-4.0031
217.644,3.9968,9.3640,-4.0031
217.654,3.9968,9.3640,-4.0031
217.662,3.9968,9.3640,-4.0031
217.670,3.9968,9.3640,-4.0031
217.680,3.9968,9.3640,-4.0031
217.690,3.9966,9.3640,-4.0034
217.700,3.9966,9.3640,-4.0034
217.708,3.9965,9.3640,-4.0037
217.716,3.9965,9.3640,-4.0037
217.724,3.9963,9.3640,-4.0041
217.734,3.9963,9.3640,-4.0041
217.742,3.9963,9.3640,-4.0041
217.749,3.9961,9.3640,-4.0046
217.759,3.9961,9.3640,-4.0046
217.767,3.9956,9.3640,-4.0052
217.776,3.9956,9.3640,-4.0052
217.784,3.9949,9.3640,-4.0059
217.795,3.9949,9.3640,-4.0059
217.803,3.9942,9.3640,-4.0067
217.813,3.9942,9.3640,-4.0067
217.822,3.9935,9.3640,-4.0088
217.832,3.9935,9.3640,-4.0088
217.841,3.9935,9.3640,-4.0088
217.849,3.9927,9.3640,-4.0115
217.860,3.9927,9.3640,-4.0115
217.868,3.9918,9.3640,-4.0144
217.878,3.9918,9.3640,-4.0144
217.887,3.9909,9.3640,-4.0175
217.897,3.9909,9.3640,-4.0175
217.905,3.9900,9.3640,-4.0208
217.916,3.9900,9.3640,-4.0208
217.926,3.9880,9.3640,-4.0244
217.937,3.9880,9.3640,-4.0244
217.946,3.9860,9.3640,-4.0314
217.957,3.9860,9.3640,-4.0314
217.965,3.9839,9.3640,-4.0385
217.976,3.9839,9.3640,-4.0385
217.984,3.9817,9.3640,-4.0459
217.995,3.9817,9.3640,-4.0459
218.004,3.9795,9.3640,-4.0535
218.015,3.9795,9.3640,-4.0535
218.025,3.9772,9.3640,-4.0612
218.034,3.9772,9.3640,-4.0612
218.044,3.9749,9.3640,-4.0691
218.054,3.9749,9.3640,-4.0691
218.063,3.9726,9.3640,-4.0772
218.073,3.9726,9.3640,-4.0772
218.082,3.9702,9.3640,-4.0854
218.093,3.9702,9.3640,-4.0854
218.103,3.9679,9.3640,-4.0936
218.113,3.9679,9.3640,-4.0936
218.122,3.9655,9.3640,-4.1019
218.133,3.9655,9.3640,-4.1019
218.142,3.9655,9.3640,-4.1019
218.151,3.9631,9.3640,-4.1102
218.160,3.9631,9.3640,-4.1102
218.170,3.9607,9.3640,-4.1184
218.179,3.9607,9.3640,-4.1184
218.188,3.9583,9.3640,-4.1267
218.199,3.9583,9.3640,-4.1267
218.207,3.9559,9.3640,-4.1349
218.218,3.9559,9.3640,-4.1349
218.227,3.9534,9.3640,-4.1432
218.236,3.9534,9.3640,-4.1432
218.245,3.9510,9.3640,-4.1514
218.255,3.9510,9.3640,-4.1514
218.264,3.9485,9.3640,-4.1596
218.273,3.9485,9.3640,-4.1596
218.282,3.9461,9.3640,-4.1678
218.293,3.9461,9.3640,-4.1678
218.300,3.9461,9.3640,-4.1678
218.310,3.9436,9.3640,-4.1760
218.320,3.9436,9.3640,-4.1760
218.329,3.9412,9.3640,-4.1841
218.337,3.9412,9.3640,-4.1841
218.345,3.9388,9.3640,-4.1923
218.354,3.9388,9.3640,-4.1923
218.361,3.9388,9.3640,-4.1923
218.370,3.9363,9.3640,-4.2005
218.380,3.9363,9.3640,-4.2005
218.389,3.9339,9.3640,-4.2086
218.399,3.9339,9.3640,-4.2086
218.409,3.9315,9.3640,-4.2168
218.419,3.9315,9.3640,-4.2168
218.427,3.9290,9.3640,-4.2249
218.437,3.9290,9.3640,-4.2249
218.446,3.9266,9.3640,-4.2331
218.458,3.9266,9.3640,-4.2331
218.466,3.9241,9.3640,-4.2412
218.476,3.9241,9.3640,-4.2412
218.485,3.9216,9.3640,-4.2494
218.496,3.9216,9.3640,-4.2494
218.504,3.9191,9.3640,-4.2575
218.516,3.9191,9.3640,-4.2575
218.526,3.9165,9.3640,-4.2657
218.536,3.9165,9.3640,-4.2657
218.544,3.9139,9.3640,-4.2738
218.555,3.9139,9.3640,-4.2738
218.563,3.9112,9.3640,-4.2820
218.572,3.9112,9.3640,-4.2820
218.581,3.9112,9.3640,-4.2820
218.590,3.9057,9.3640,-4.2901
218.600,3.9057,9.3640,-4.2901
218.608,3.9001,9.3640,-4.2983
218.619,3.9001,9.3640,-4.2983
218.628,3.8943,9.3640,-4.3065
218.636,3.8943,9.3640,-4.3065
218.646,3.8884,9.3640,-4.3146
218.656,3.8884,9.3640,-4.3146
218.664,3.8825,9.3640,-4.3228
218.672,3.8825,9.3640,-4.3228
218.681,3.8825,9.3640,-4.3228
218.688,3.8764,9.3640,-4.3309
218.699,3.8764,9.3640,-4.3309
218.709,3.8702,9.3640,-4.3391
218.717,3.8702,9.3640,-4.3391
218.728,3.8641,9.3640,-4.3472
218.739,3.8641,9.3640,-4.3472
218.748,3.8579,9.3640,-4.3554
218.760,3.8579,9.3640,-4.3554
218.768,3.8517,9.3640,-4.3635
218.778,3.8517,9.3640,-4.3635
218.788,3.8454,9.3640,-4.3716
218.798,3.8454,9.3640,-4.3716
218.807,3.8392,9.3640,-4.3797
218.817,3.8392,9.3640,-4.3797
218.828,3.8330,9.3640,-4.3878
218.837,3.8330,9.3640,-4.3878
218.846,3.8268,9.3640,-4.3959
218.857,3.8268,9.3640,-4.3959
218.866,3.8206,9.3640,-4.4040
218.876,3.8206,9.3640,-4.4040
218.887,3.8143,9.3640,-4.4121
218.896,3.8143,9.3640,-4.4121
218.905,3.8081,9.3640,-4.4202
218.916,3.8081,9.3640,-4.4202
218.926,3.8018,9.3640,-4.4283
218.937,3.8018,9.3640,-4.4283
218.948,3.7955,9.3640,-4.4364
218.959,3.7955,9.3640,-4.4364
218.967,3.7892,9.3640,-4.4444
218.977,3.7892,9.3640,-4.4444
218.987,3.7829,9.3640,-4.4525
218.997,3.7829,9.3640,-4.4525
219.006,3.7766,9.3640,-4.4606
219.018,3.7766,9.3640,-4.4606
219.027,3.7702,9.3640,-4.4687
219.037,3.7702,9.3640,-4.4687
219.045,3.7639,9.3640,-4.4767
219.055,3.7639,9.3640,-4.4767
219.064,3.7576,9.3640,-4.4848
219.075,3.7576,9.3640,-4.4848
219.084,3.7512,9.3640,-4.4928
219.096,3.7512,9.3640,-4.4928
219.106,3.7449,9.3640,-4.5008
219.116,3.7449,9.3640,-4.5008
219.127,3.7386,9.3640,-4.5088
219.136,3.7386,9.3640,-4.5088
219.146,3.7322,9.3640,-4.5168
219.160,3.7322,9.3640,-4.5168
219.168,3.7259,9.3640,-4.5248
219.178,3.7259,9.3640,-4.5248
219.187,3.7196,9.3640,-4.5328
219.197,3.7196,9.3640,-4.5328
219.206,3.7132,9.3640,-4.5408
219.218,3.7132,9.3640,-4.5408
219.227,3.7069,9.3640,-4.5488
219.236,3.7069,9.3640,-4.5488
219.245,3.7006,9.3640,-4.5568
219.255,3.7006,9.3640,-4.5568
219.265,3.6943,9.3640,-4.5648
219.275,3.6943,9.3640,-4.5648
219.284,3.6879,9.3640,-4.5728
219.294,3.6879,9.3640,-4.5728
219.302,3.6816,9.3640,-4.5808
219.314,3.6816,9.3640,-4.5808
219.322,3.6753,9.3640,-4.5888
219.332,3.6753,9.3640,-4.5888
219.341,3.6753,9.3640,-4.5888
219.350,3.6689,9.3640,-4.5968
219.361,3.6689,9.3640,-4.5968
219.368,3.6626,9.3640,-4.6048
219.378,3.6626,9.3640,-4.6048
219.386,3.6562,9.3640,-4.6127
219.397,3.6562,9.3640,-4.6127
219.406,3.6498,9.3640,-4.6207
219.415,3.6498,9.3640,-4.6207
219.425,3.6433,9.3640,-4.6287
219.435,3.6433,9.3640,-4.6287
219.444,3.6368,9.3640,-4.6367
219.454,3.6368,9.3640,-4.6367
219.463,3.6303,9.3640,-4.6447
219.473,3.6303,9.3640,-4.6447
219.482,3.6237,9.3640,-4.6527
219.493,3.6237,9.3640,-4.6527
219.501,3.6237,9.3640,-4.6527
219.509,3.6171,9.3640,-4.6607
219.520,3.6171,9.3640,-4.6607
219.529,3.6105,9.3640,-4.6686
219.539,3.6105,9.3640,-4.6686
219.548,3.6038,9.3640,-4.6766
219.559,3.6038,9.3640,-4.6766
219.568,3.5971,9.3640,-4.6846
219.579,3.5971,9.3640,-4.6846
219.588,3.5904,9.3640,-4.6926
219.597,3.5904,9.3640,-4.6926
219.605,3.5836,9.3640,-4.7006
219.614,3.5836,9.3640,-4.7006
219.622,3.5769,9.3640,-4.7086
219.631,3.5769,9.3640,-4.7086
219.640,3.5769,9.3640,-4.7086
219.648,3.5701,9.3640,-4.7165
219.659,3.5701,9.3640,-4.7165
219.666,3.5633,9.3640,-4.7245
219.676,3.5633,9.3640,-4.7245
219.684,3.5565,9.3640,-4.7325
219.693,3.5565,9.3640,-4.7325
219.702,3.5496,9.3640,-4.7405
219.711,3.5496,9.3640,-4.7405
219.720,3.5496,9.3640,-4.7405
219.728,3.5427,9.3640,-4.7484
219.737,3.5427,9.3640,-4.7484
219.746,3.5358,9.3640,-4.7564
219.756,3.5358,9.3640,-4.7564
219.765,3.5289,9.3640,-4.7644
219.774,3.5289,9.3640,-4.7644
219.782,3.5220,9.3640,-4.7723
219.793,3.5220,9.3640,-4.7723
219.800,3.5220,9.3640,-4.7723
219.808,3.5150,9.3640,-4.7803
219.818,3.5150,9.3640,-4.7803
219.827,3.5081,9.3640,-4.7882
219.835,3.5081,9.3640,-4.7882
219.844,3.5011,9.3640,-4.7962
219.855,3.5011,9.3640,-4.7962
219.862,3.4941,9.3640,-4.8041
219.870,3.4941,9.3640,-4.8041
219.879,3.4941,9.3640,-4.8041
219.888,3.4871,9.3640,-4.8121
219.898,3.4871,9.3640,-4.8121
219.906,3.4801,9.3640,-4.8200
219.916,3.4801,9.3640,-4.8200
219.925,3.4731,9.3640,-4.8279
219.935,3.4731,9.3640,-4.8279
219.943,3.4661,9.3640,-4.8358
219.953,3.4661,9.3640,-4.8358
219.962,3.4661,9.3640,-4.8358
219.970,3.4591,9.3640,-4.8438
219.979,3.4591,9.3640,-4.8438
219.988,3.4521,9.3640,-4.8517
219.998,3.4521,9.3640,-4.8517
220.015,3.4451,9.3640,-4.8596
220.027,3.4381,9.3640,-4.8675
220.037,3.4381,9.3640,-4.8675
220.047,3.4311,9.3640,-4.8755
220.057,3.4311,9.3640,-4.8755
220.067,3.4241,9.3640,-4.8834
220.077,3.4241,9.3640,-4.8834
220.085,3.4171,9.3640,-4.8913
220.095,3.4171,9.3640,-4.8913
220.103,3.4101,9.3640,-4.8992
220.115,3.4101,9.3640,-4.8992
220.125,3.4031,9.3640,-4.9071
220.136,3.4031,9.3640,-4.9071
220.144,3.3961,9.3640,-4.9150
220.154,3.3961,9.3640,-4.9150
220.162,3.3891,9.3640,-4.9229
220.172,3.3891,9.3640,-4.9229
220.181,3.3891,9.3640,-4.9229
220.190,3.3821,9.3640,-4.9308
220.199,3.3821,9.3640,-4.9308
220.207,3.3751,9.3640,-4.9387
220.219,3.3751,9.3640,-4.9387
220.226,3.3681,9.3640,-4.9466
220.235,3.3681,9.3640,-4.9466
220.245,3.3611,9.3640,-4.9545
220.254,3.3611,9.3640,-4.9545
220.262,3.3541,9.3640,-4.9624
220.270,3.3541,9.3640,-4.9624
220.279,3.3541,9.3640,-4.9624
220.287,3.3472,9.3640,-4.9703
220.297,3.3472,9.3640,-4.9703
220.304,3.3402,9.3640,-4.9782
220.314,3.3402,9.3640,-4.9782
220.322,3.3402,9.3640,-4.9782
220.331,3.3332,9.3640,-4.9860
220.341,3.3332,9.3640,-4.9860
220.348,3.3262,9.3640,-4.9939
220.359,3.3262,9.3640,-4.9939
220.368,3.3192,9.3640,-5.0018
220.378,3.3192,9.3640,-5.0018
220.389,3.3123,9.3640,-5.0097
220.399,3.3123,9.3640,-5.0097
220.407,3.3053,9.3640,-5.0176
220.417,3.3053,9.3640,-5.0176
220.426,3.2983,9.3640,-5.0254
220.436,3.2983,9.3640,-5.0254
220.444,3.2914,9.3640,-5.0333
220.455,3.2914,9.3640,-5.0333
220.464,3.2844,9.3640,-5.0412
220.474,3.2844,9.3640,-5.0412
220.483,3.2774,9.3640,-5.0491
220.492,3.2774,9.3640,-5.0491
220.501,3.2774,9.3640,-5.0491
220.510,3.2705,9.3640,-5.0569
220.520,3.2705,9.3640,-5.0569
220.529,3.2635,9.3640,-5.0648
220.538,3.2635,9.3640,-5.0648
220.549,3.2565,9.3640,-5.0727
220.559,3.2565,9.3640,-5.0727
220.568,3.2496,9.3640,-5.0805
220.579,3.2496,9.3640,-5.0805
220.587,3.2426,9.3640,-5.0884
220.598,3.2426,9.3640,-5.0884
220.607,3.2356,9.3640,-5.0962
220.617,3.2356,9.3640,-5.0962
220.626,3.2287,9.3640,-5.1041
220.637,3.2287,9.3640,-5.1041
220.646,3.2217,9.3640,-5.1120
220.658,3.2217,9.3640,-5.1120
220.666,3.2147,9.3640,-5.1198
220.678,3.2147,9.3640,-5.1198
220.687,3.2078,9.3640,-5.1277
220.697,3.2078,9.3640,-5.1277
220.706,3.2008,9.3640,-5.1355
220.716,3.2008,9.3640,-5.1355
220.726,3.1938,9.3640,-5.1434
220.736,3.1938,9.3640,-5.1434
220.746,3.1869,9.3640,-5.1512
220.757,3.1869,9.3640,-5.1512
220.767,3.1799,9.3640,-5.1591
220.778,3.1799,9.3640,-5.1591
220.787,3.1729,9.3640,-5.1669
220.798,3.1729,9.3640,-5.1669
220.807,3.1660,9.3640,-5.1747
220.817,3.1660,9.3640,-5.1747
220.827,3.1590,9.3640,-5.1825
220.837,3.1590,9.3640,-5.1825
220.847,3.1520,9.3640,-5.1903
220.858,3.1520,9.3640,-5.1903
220.865,3.1451,9.3640,-5.1981
220.875,3.1451,9.3640,-5.1981
220.884,3.1381,9.3640,-5.2058
220.895,3.1381,9.3640,-5.2058
220.904,3.1312,9.3640,-5.2136
220.914,3.1312,9.3640,-5.2136
220.923,3.1242,9.3640,-5.2213
220.932,3.1242,9.3640,-5.2213
220.941,3.1242,9.3640,-5.2213
220.949,3.1172,9.3640,-5.2291
220.959,3.1172,9.3640,-5.2291
220.968,3.1103,9.3640,-5.2368
220.977,3.1103,9.3640,-5.2368
220.985,3.1033,9.3640,-5.2446
220.995,3.1033,9.3640,-5.2446
221.004,3.0963,9.3640,-5.2524
221.015,3.0963,9.3640,-5.2524
221.022,3.0894,9.3640,-5.2601
221.034,3.0894,9.3640,-5.2601
221.042,3.0824,9.3640,-5.2679
221.052,3.0824,9.3640,-5.2679
221.061,3.0824,9.3640,-5.2679
221.068,3.0755,9.3640,-5.2756
221.078,3.0755,9.3640,-5.2756
221.086,3.0685,9.3640,-5.2834
221.097,3.0685,9.3640,-5.2834
221.104,3.0616,9.3640,-5.2911
221.114,3.0616,9.3640,-5.2911
221.123,3.0546,9.3640,-5.2988
221.132,3.0546,9.3640,-5.2988
221.141,3.0546,9.3640,-5.2988
221.149,3.0476,9.3640,-5.3066
221.160,3.0476,9.3640,-5.3066
221.167,3.0407,9.3640,-5.3143
221.176,3.0407,9.3640,-5.3143
221.184,3.0337,9.3640,-5.3221
221.194,3.0337,9.3640,-5.3221
221.201,3.0337,9.3640,-5.3221
221.209,3.0268,9.3640,-5.3298
221.220,3.0268,9.3640,-5.3298
221.227,3.0198,9.3640,-5.3375
221.236,3.0198,9.3640,-5.3375
221.245,3.0129,9.3640,-5.3452
221.255,3.0129,9.3640,-5.3452
221.263,3.0059,9.3640,-5.3527
221.273,3.0059,9.3640,-5.3527
221.282,3.0059,9.3640,-5.3527
221.290,2.9990,9.3640,-5.3599
221.300,2.9990,9.3640,-5.3599
221.309,2.9920,9.3640,-5.3670
221.319,2.9920,9.3640,-5.3670
221.327,2.9851,9.3640,-5.3705
221.337,2.9851,9.3640,-5.3705
221.346,2.9781,9.3640,-5.3740
221.355,2.9781,9.3640,-5.3740
221.366,2.9712,9.3640,-5.3773
221.375,2.9712,9.3640,-5.3773
221.383,2.9642,9.3640,-5.3806
221.393,2.9642,9.3640,-5.3806
221.401,2.9642,9.3640,-5.3806
221.410,2.9573,9.3640,-5.3838
221.420,2.9573,9.3640,-5.3838
221.428,2.9503,9.3640,-5.3870
221.437,2.9503,9.3640,-5.3870
221.445,2.9434,9.3640,-5.3902
221.456,2.9434,9.3640,-5.3902
221.463,2.9364,9.3640,-5.3935
221.473,2.9364,9.3640,-5.3935
221.482,2.9295,9.3640,-5.3967
221.491,2.9295,9.3640,-5.3967
221.500,2.9295,9.3640,-5.3967
221.507,2.9225,9.3640,-5.3999
221.517,2.9225,9.3640,-5.3999
221.524,2.9156,9.3640,-5.4032
221.534,2.9156,9.3640,-5.4032
221.542,2.9086,9.3640,-5.4064
221.551,2.9086,9.3640,-5.4064
221.560,2.9086,9.3640,-5.4064
221.566,2.9017,9.3640,-5.4096
221.577,2.9017,9.3640,-5.4096
221.584,2.8947,9.3640,-5.4129
221.595,2.8947,9.3640,-5.4129
221.603,2.8878,9.3640,-5.4161
221.614,2.8878,9.3640,-5.4161
221.623,2.8809,9.3640,-5.4194
221.634,2.8809,9.3640,-5.4194
221.643,2.8739,9.3640,-5.4226
221.653,2.8739,9.3640,-5.4226
221.662,2.8670,9.3640,-5.4258
221.673,2.8670,9.3640,-5.4258
221.682,2.8600,9.3640,-5.4291
221.693,2.8600,9.3640,-5.4291
221.703,2.8531,9.3640,-5.4323
221.713,2.8531,9.3640,-5.4323
221.722,2.8461,9.3640,-5.4356
221.733,2.8461,9.3640,-5.4356
221.742,2.8392,9.3640,-5.4389
221.752,2.8392,9.3640,-5.4389
221.761,2.8392,9.3640,-5.4389
221.769,2.8322,9.3640,-5.4422
221.778,2.8322,9.3640,-5.4422
221.788,2.8253,9.3640,-5.4455
221.798,2.8253,9.3640,-5.4455
221.807,2.8184,9.3640,-5.4488
221.817,2.8184,9.3640,-5.4488
221.826,2.8114,9.3640,-5.4521
221.835,2.8114,9.3640,-5.4521
221.845,2.8045,9.3640,-5.4555
221.855,2.8045,9.3640,-5.4555
221.864,2.7975,9.3640,-5.4588
221.874,2.7975,9.3640,-5.4588
221.883,2.7906,9.3640,-5.4621
221.894,2.7906,9.3640,-5.4621
221.901,2.7906,9.3640,-5.4621
221.910,2.7836,9.3640,-5.4655
221.919,2.7836,9.3640,-5.4655
221.930,2.7767,9.3640,-5.4689
221.941,2.7767,9.3640,-5.4689
221.949,2.7698,9.3640,-5.4722
221.959,2.7698,9.3640,-5.4722
221.968,2.7628,9.3640,-5.4756
221.978,2.7628,9.3640,-5.4756
221.986,2.7559,9.3640,-5.4790
221.996,2.7559,9.3640,-5.4790
222.006,2.7489,9.3640,-5.4823
222.017,2.7489,9.3640,-5.4823
222.026,2.7420,9.3640,-5.4857
222.036,2.7420,9.3640,-5.4857
222.045,2.7350,9.3640,-5.4891
222.055,2.7350,9.3640,-5.4891
222.063,2.7281,9.3640,-5.4925
222.073,2.7281,9.3640,-5.4925
222.082,2.7211,9.3640,-5.4958
222.093,2.7211,9.3640,-5.4958
222.100,2.7211,9.3640,-5.4958
222.111,2.7142,9.3640,-5.4992
222.123,2.7072,9.3640,-5.5026
222.131,2.7072,9.3640,-5.5026
222.140,2.7072,9.3640,-5.5026
222.148,2.7003,9.3640,-5.5059
222.159,2.7003,9.3640,-5.5059
222.166,2.6934,9.3640,-5.5093
222.176,2.6934,9.3640,-5.5093
222.183,2.6864,9.3640,-5.5127
222.192,2.6864,9.3640,-5.5127
222.200,2.6864,9.3640,-5.5127
222.208,2.6795,9.3640,-5.5161
222.217,2.6795,9.3640,-5.5161
222.225,2.6725,9.3640,-5.5194
222.235,2.6725,9.3640,-5.5194
222.244,2.6656,9.3640,-5.5228
222.253,2.6656,9.3640,-5.5228
222.262,2.6586,9.3640,-5.5262
222.271,2.6586,9.3640,-5.5262
222.280,2.6586,9.3640,-5.5262
222.288,2.6517,9.3640,-5.5296
222.299,2.6517,9.3640,-5.5296
222.307,2.6448,9.3640,-5.5330
222.316,2.6448,9.3640,-5.5330
222.325,2.6378,9.3640,-5.5363
222.334,2.6378,9.3640,-5.5363
222.343,2.6309,9.3640,-5.5397
222.352,2.6309,9.3640,-5.5397
222.362,2.6309,9.3640,-5.5397
222.378,2.6239,9.3640,-5.5431
222.390,2.6170,9.3640,-5.5465
222.399,2.6170,9.3640,-5.5465
222.407,2.6101,9.3640,-5.5500
222.415,2.6101,9.3640,-5.5500
222.426,2.6031,9.3640,-5.5534
222.434,2.6031,9.3640,-5.5534
222.442,2.5962,9.3640,-5.5568
222.450,2.5962,9.3640,-5.5568
222.458,2.5962,9.3640,-5.5568
222.465,2.5893,9.3640,-5.5602
222.476,2.5893,9.3640,-5.5602
222.484,2.5823,9.3640,-5.5636
222.494,2.5823,9.3640,-5.5636
222.502,2.5754,9.3640,-5.5670
222.512,2.5754,9.3640,-5.5670
222.520,2.5754,9.3640,-5.5670
222.528,2.5685,9.3640,-5.5704
222.537,2.5685,9.3640,-5.5704
222.546,2.5615,9.3640,-5.5738
222.555,2.5615,9.3640,-5.5738
222.564,2.5546,9.3640,-5.5772
222.573,2.5546,9.3640,-5.5772
222.581,2.5546,9.3640,-5.5772
222.588,2.5477,9.3640,-5.5806
222.598,2.5477,9.3640,-5.5806
222.605,2.5407,9.3640,-5.5840
222.614,2.5407,9.3640,-5.5840
222.621,2.5407,9.3640,-5.5840
222.630,2.5338,9.3640,-5.5875
222.639,2.5338,9.3640,-5.5875
222.647,2.5269,9.3640,-5.5909
222.658,2.5269,9.3640,-5.5909
222.666,2.5199,9.3640,-5.5943
222.675,2.5199,9.3640,-5.5943
222.682,2.5130,9.3640,-5.5977
222.692,2.5130,9.3640,-5.5977
222.700,2.5130,9.3640,-5.5977
222.708,2.5061,9.3640,-5.6011
222.718,2.5061,9.3640,-5.6011
222.727,2.4992,9.3640,-5.6045
222.736,2.4992,9.3640,-5.6045
222.743,2.4922,9.3640,-5.6079
222.754,2.4922,9.3640,-5.6079
222.762,2.4853,9.3640,-5.6113
222.771,2.4853,9.3640,-5.6113
222.779,2.4853,9.3640,-5.6113
222.787,2.4784,9.3640,-5.6147
222.796,2.4784,9.3640,-5.6147
222.802,2.4714,9.3640,-5.6181
222.812,2.4714,9.3640,-5.6181
222.820,2.4714,9.3640,-5.6181
222.828,2.4645,9.3640,-5.6215
222.836,2.4645,9.3640,-5.6215
222.846,2.4576,9.3640,-5.6249
222.854,2.4576,9.3640,-5.6249
222.862,2.4507,9.3640,-5.6283
222.871,2.4507,9.3640,-5.6283
222.880,2.4507,9.3640,-5.6283
222.889,2.4437,9.3640,-5.6317
222.898,2.4437,9.3640,-5.6317
222.908,2.4368,9.3640,-5.6351
222.918,2.4368,9.3640,-5.6351
222.927,2.4299,9.3640,-5.6385
222.936,2.4299,9.3640,-5.6385
222.943,2.4229,9.3640,-5.6419
222.954,2.4229,9.3640,-5.6419
222.964,2.4160,9.3640,-5.6453
222.973,2.4160,9.3640,-5.6453
222.983,2.4091,9.3640,-5.6487
222.993,2.4091,9.3640,-5.6487
223.002,2.4022,9.3640,-5.6521
223.014,2.4022,9.3640,-5.6521
223.023,2.3952,9.3640,-5.6555
223.034,2.3952,9.3640,-5.6555
223.044,2.3883,9.3640,-5.6589
223.054,2.3883,9.3640,-5.6589
223.064,2.3814,9.3640,-5.6622
223.074,2.3814,9.3640,-5.6622
223.084,2.3744,9.3640,-5.6656
223.095,2.3744,9.3640,-5.6656
223.103,2.3675,9.3640,-5.6690
223.115,2.3675,9.3640,-5.6690
223.125,2.3606,9.3640,-5.6724
223.135,2.3606,9.3640,-5.6724
223.146,2.3537,9.3640,-5.6758
223.157,2.3537,9.3640,-5.6758
223.165,2.3467,9.3640,-5.6792
223.176,2.3467,9.3640,-5.6792
223.184,2.3398,9.3640,-5.6826
223.195,2.3398,9.3640,-5.6826
223.205,2.3329,9.3640,-5.6860
223.215,2.3329,9.3640,-5.6860
223.225,2.3259,9.3640,-5.6894
223.235,2.3259,9.3640,-5.6894
223.243,2.3190,9.3640,-5.6928
223.254,2.3190,9.3640,-5.6928
223.263,2.3121,9.3640,-5.6961
223.272,2.3121,9.3640,-5.6961
223.282,2.3121,9.3640,-5.6961
223.291,2.3051,9.3640,-5.6995
223.301,2.3051,9.3640,-5.6995
223.311,2.2982,9.3640,-5.7029
223.321,2.2982,9.3640,-5.7029
223.330,2.2913,9.3640,-5.7063
223.339,2.2913,9.3640,-5.7063
223.349,2.2843,9.3640,-5.7097
223.360,2.2843,9.3640,-5.7097
223.370,2.2774,9.3640,-5.7130
223.381,2.2774,9.3640,-5.7130
223.391,2.2705,9.3640,-5.7164
223.400,2.2705,9.3640,-5.7164
223.410,2.2636,9.3640,-5.7198
223.419,2.2636,9.3640,-5.7198
223.428,2.2566,9.3640,-5.7232
223.436,2.2566,9.3640,-5.7232
223.445,2.2497,9.3640,-5.7266
223.455,2.2497,9.3640,-5.7266
223.462,2.2428,9.3640,-5.7299
223.470,2.2428,9.3640,-5.7299
223.478,2.2428,9.3640,-5.7299
223.485,2.2358,9.3640,-5.7333
223.495,2.2358,9.3640,-5.7333
223.502,2.2289,9.3640,-5.7367
223.512,2.2289,9.3640,-5.7367
223.520,2.2289,9.3640,-5.7367
223.529,2.2220,9.3640,-5.7401
223.537,2.2220,9.3640,-5.7401
223.545,2.2150,9.3640,-5.7434
223.554,2.2150,9.3640,-5.7434
223.562,2.2081,9.3640,-5.7468
223.571,2.2081,9.3640,-5.7468
223.579,2.2081,9.3640,-5.7468
223.587,2.2012,9.3640,-5.7502
223.597,2.2012,9.3640,-5.7502
223.604,2.1942,9.3640,-5.7536
223.613,2.1942,9.3640,-5.7536
223.622,2.1873,9.3640,-5.7569
223.631,2.1873,9.3640,-5.7569
223.639,2.1873,9.3640,-5.7569
223.647,2.1804,9.3640,-5.7603
223.657,2.1804,9.3640,-5.7603
223.665,2.1735,9.3640,-5.7637
223.674,2.1735,9.3640,-5.7637
223.682,2.1665,9.3640,-5.7670
223.691,2.1665,9.3640,-5.7670
223.699,2.1665,9.3640,-5.7670
223.707,2.1596,9.3640,-5.7704
223.716,2.1596,9.3640,-5.7704
223.724,2.1527,9.3640,-5.7738
223.734,2.1527,9.3640,-5.7738
223.742,2.1527,9.3640,-5.7738
223.750,2.1457,9.3640,-5.7771
223.759,2.1457,9.3640,-5.7771
223.767,2.1388,9.3640,-5.7805
223.776,2.1388,9.3640,-5.7805
223.786,2.1319,9.3640,-5.7839
223.796,2.1319,9.3640,-5.7839
223.803,2.1249,9.3640,-5.7872
223.813,2.1249,9.3640,-5.7872
223.821,2.1249,9.3640,-5.7872
223.829,2.1180,9.3640,-5.7906
223.838,2.1180,9.3640,-5.7906
223.846,2.1111,9.3640,-5.7940
223.854,2.1111,9.3640,-5.7940
223.863,2.1042,9.3640,-5.7973
223.871,2.1042,9.3640,-5.7973
223.880,2.1042,9.3640,-5.7973
223.889,2.0972,9.3640,-5.8007
223.899,2.0972,9.3640,-5.8007
223.908,2.0903,9.3640,-5.8041
223.916,2.0903,9.3640,-5.8041
223.926,2.0834,9.3640,-5.8074
223.934,2.0834,9.3640,-5.8074
223.942,2.0764,9.3640,-5.8108
223.951,2.0764,9.3640,-5.8108
223.960,2.0764,9.3640,-5.8108
223.968,2.0695,9.3640,-5.8142
223.977,2.0695,9.3640,-5.8142
223.985,2.0626,9.3640,-5.8175
223.995,2.0626,9.3640,-5.8175
224.003,2.0557,9.3640,-5.8209
224.011,2.0557,9.3640,-5.8209
224.021,2.0557,9.3640,-5.8209
224.029,2.0487,9.3640,-5.8242
224.038,2.0487,9.3640,-5.8242
224.046,2.0418,9.3640,-5.8276
224.056,2.0418,9.3640,-5.8276
224.064,2.0349,9.3640,-5.8309
224.074,2.0349,9.3640,-5.8309
224.083,2.0280,9.3640,-5.8343
224.092,2.0280,9.3640,-5.8343
224.099,2.0280,9.3640,-5.8343
224.108,2.0210,9.3640,-5.8376
224.118,2.0210,9.3640,-5.8376
224.127,2.0141,9.3640,-5.8410
224.136,2.0141,9.3640,-5.8410
224.146,2.0072,9.3640,-5.8444
224.157,2.0072,9.3640,-5.8444
224.166,2.0003,9.3640,-5.8477
224.177,2.0003,9.3640,-5.8477
224.185,1.9933,9.3640,-5.8510
224.196,1.9933,9.3640,-5.8510
224.204,1.9864,9.3640,-5.8544
224.214,1.9864,9.3640,-5.8544
224.223,1.9795,9.3640,-5.8577
224.233,1.9795,9.3640,-5.8577
224.241,1.9795,9.3640,-5.8577
224.250,1.9725,9.3640,-5.8611
224.260,1.9725,9.3640,-5.8611
224.268,1.9656,9.3640,-5.8644
224.277,1.9656,9.3640,-5.8644
224.285,1.9587,9.3640,-5.8678
224.296,1.9587,9.3640,-5.8678
224.303,1.9518,9.3640,-5.8711
224.314,1.9518,9.3640,-5.8711
224.324,1.9448,9.3640,-5.8744
224.334,1.9448,9.3640,-5.8744
224.343,1.9379,9.3640,-5.8778
224.352,1.9379,9.3640,-5.8778
224.362,1.9379,9.3640,-5.8778
224.369,1.9310,9.3640,-5.8811
224.380,1.9310,9.3640,-5.8811
224.389,1.9241,9.3640,-5.8845
224.399,1.9241,9.3640,-5.8845
224.408,1.9171,9.3640,-5.8878
224.419,1.9171,9.3640,-5.8878
224.428,1.9102,9.3640,-5.8911
224.438,1.9102,9.3640,-5.8911
224.446,1.9033,9.3640,-5.8945
224.458,1.9033,9.3640,-5.8945
224.467,1.8964,9.3640,-5.8978
224.476,1.8964,9.3640,-5.8978
224.485,1.8895,9.3640,-5.9011
224.495,1.8895,9.3640,-5.9011
224.503,1.8825,9.3640,-5.9045
224.512,1.8825,9.3640,-5.9045
224.520,1.8825,9.3640,-5.9045
224.529,1.8756,9.3640,-5.9078
224.538,1.8756,9.3640,-5.9078
224.546,1.8687,9.3640,-5.9111
224.557,1.8687,9.3640,-5.9111
224.566,1.8618,9.3640,-5.9144
224.576,1.8618,9.3640,-5.9144
224.583,1.8548,9.3640,-5.9178
224.593,1.8548,9.3640,-5.9178
224.600,1.8548,9.3640,-5.9178
224.609,1.8479,9.3640,-5.9211
224.618,1.8479,9.3640,-5.9211
224.627,1.8410,9.3640,-5.9244
224.636,1.8410,9.3640,-5.9244
224.644,1.8341,9.3640,-5.9278
224.655,1.8341,9.3640,-5.9278
224.663,1.8272,9.3640,-5.9311
224.673,1.8272,9.3640,-5.9311
224.690,1.8202,9.3640,-5.9344
224.701,1.8202,9.3640,-5.9344
224.709,1.8133,9.3640,-5.9377
224.718,1.8133,9.3640,-5.9377
224.726,1.8064,9.3640,-5.9410
224.735,1.8064,9.3640,-5.9410
224.743,1.7995,9.3640,-5.9444
224.753,1.7995,9.3640,-5.9444
224.762,1.7995,9.3640,-5.9444
224.769,1.7925,9.3640,-5.9477
224.780,1.7925,9.3640,-5.9477
224.788,1.7856,9.3640,-5.9510
224.798,1.7856,9.3640,-5.9510
224.808,1.7787,9.3640,-5.9542
224.816,1.7787,9.3640,-5.9542
224.825,1.7718,9.3640,-5.9575
224.834,1.7718,9.3640,-5.9575
224.843,1.7649,9.3640,-5.9607
224.852,1.7649,9.3640,-5.9607
224.860,1.7649,9.3640,-5.9607
224.869,1.7579,9.3640,-5.9639
224.878,1.7579,9.3640,-5.9639
224.887,1.7510,9.3640,-5.9670
224.896,1.7510,9.3640,-5.9670
224.904,1.7441,9.3640,-5.9702
224.913,1.7441,9.3640,-5.9702
224.921,1.7441,9.3640,-5.9702
224.928,1.7372,9.3640,-5.9733
224.938,1.7372,9.3640,-5.9733
224.945,1.7303,9.3640,-5.9764
224.955,1.7303,9.3640,-5.9764
224.963,1.7234,9.3640,-5.9794
224.972,1.7234,9.3640,-5.9794
224.981,1.7234,9.3640,-5.9794
224.989,1.7165,9.3640,-5.9825
224.998,1.7165,9.3640,-5.9825
225.006,1.7095,9.3640,-5.9856
225.018,1.7095,9.3640,-5.9856
225.026,1.7026,9.3640,-5.9887
225.035,1.7026,9.3640,-5.9887
225.043,1.6957,9.3640,-5.9917
225.053,1.6957,9.3640,-5.9917
225.061,1.6957,9.3640,-5.9917
225.069,1.6888,9.3640,-5.9948
225.080,1.6888,9.3640,-5.9948
225.088,1.6819,9.3640,-5.9978
225.098,1.6819,9.3640,-5.9978
225.107,1.6750,9.3640,-6.0007
225.116,1.6750,9.3640,-6.0007
225.125,1.6681,9.3640,-6.0036
225.134,1.6681,9.3640,-6.0036
225.144,1.6612,9.3640,-6.0064
225.156,1.6612,9.3640,-6.0064
225.164,1.6543,9.3640,-6.0092
225.175,1.6543,9.3640,-6.0092
225.182,1.6543,9.3640,-6.0092
225.192,1.6473,9.3640,-6.0117
225.201,1.6473,9.3640,-6.0117
225.209,1.6404,9.3640,-6.0140
225.218,1.6404,9.3640,-6.0140
225.226,1.6335,9.3640,-6.0162
225.236,1.6335,9.3640,-6.0162
225.244,1.6266,9.3640,-6.0170
225.254,1.6266,9.3640,-6.0170
225.263,1.6197,9.3640,-6.0177
225.272,1.6197,9.3640,-6.0177
225.280,1.6197,9.3640,-6.0177
225.289,1.6128,9.3640,-6.0183
225.299,1.6128,9.3640,-6.0183
225.306,1.6059,9.3640,-6.0188
225.317,1.6059,9.3640,-6.0188
225.324,1.5990,9.3640,-6.0193
225.334,1.5990,9.3640,-6.0193
225.342,1.5921,9.3640,-6.0197
225.353,1.5921,9.3640,-6.0197
225.360,1.5921,9.3640,-6.0197
225.368,1.5852,9.3640,-6.0200
225.379,1.5852,9.3640,-6.0200
225.388,1.5783,9.3640,-6.0203
225.396,1.5783,9.3640,-6.0203
225.404,1.5714,9.3640,-6.0203
225.415,1.5714,9.3640,-6.0203
225.425,1.5645,9.3640,-6.0203
225.435,1.5645,9.3640,-6.0203
225.443,1.5576,9.3640,-6.0203
225.453,1.5576,9.3640,-6.0203
225.461,1.5576,9.3640,-6.0203
225.470,1.5507,9.3640,-6.0203
225.481,1.5507,9.3640,-6.0203
225.489,1.5439,9.3640,-6.0203
225.499,1.5439,9.3640,-6.0203
225.508,1.5370,9.3640,-6.0203
225.519,1.5370,9.3640,-6.0203
225.528,1.5301,9.3640,-6.0203
225.538,1.5301,9.3640,-6.0203
225.548,1.5232,9.3640,-6.0203
225.560,1.5232,9.3640,-6.0203
225.568,1.5163,9.3640,-6.0203
225.579,1.5163,9.3640,-6.0203
225.588,1.5094,9.3640,-6.0203
225.598,1.5094,9.3640,-6.0203
225.607,1.5026,9.3640,-6.0203
225.617,1.5026,9.3640,-6.0203
225.627,1.4957,9.3640,-6.0203
225.638,1.4957,9.3640,-6.0203
225.646,1.4888,9.3640,-6.0203
225.657,1.4888,9.3640,-6.0203
225.665,1.4819,9.3640,-6.0203
225.676,1.4819,9.3640,-6.0203
225.686,1.4750,9.3640,-6.0203
225.696,1.4750,9.3640,-6.0203
225.704,1.4681,9.3640,-6.0203
225.715,1.4681,9.3640,-6.0203
225.723,1.4612,9.3640,-6.0203
225.733,1.4612,9.3640,-6.0203
225.741,1.4612,9.3640,-6.0203
225.750,1.4544,9.3640,-6.0203
225.761,1.4544,9.3640,-6.0203
225.769,1.4475,9.3640,-6.0203
225.780,1.4475,9.3640,-6.0203
225.789,1.4406,9.3640,-6.0203
225.799,1.4406,9.3640,-6.0203
225.809,1.4337,9.3640,-6.0203
225.818,1.4337,9.3640,-6.0203
225.827,1.4268,9.3640,-6.0203
225.837,1.4268,9.3640,-6.0203
225.846,1.4200,9.3640,-6.0203
225.856,1.4200,9.3640,-6.0203
225.865,1.4131,9.3640,-6.0203
225.875,1.4131,9.3640,-6.0203
225.883,1.4062,9.3640,-6.0203
225.894,1.4062,9.3640,-6.0203
225.902,1.3993,9.3640,-6.0203
225.911,1.3993,9.3640,-6.0203
225.920,1.3993,9.3640,-6.0203
225.929,1.3924,9.3640,-6.0200
225.939,1.3924,9.3640,-6.0200
225.946,1.3856,9.3640,-6.0197
225.957,1.3856,9.3640,-6.0197
225.964,1.3787,9.3640,-6.0194
225.975,1.3787,9.3640,-6.0194
225.983,1.3718,9.3640,-6.0191
225.993,1.3718,9.3640,-6.0191
226.002,1.3718,9.3640,-6.0191
226.010,1.3649,9.3640,-6.0187
226.019,1.3649,9.3640,-6.0187
226.028,1.3581,9.3640,-6.0184
226.036,1.3581,9.3640,-6.0184
226.046,1.3512,9.3640,-6.0180
226.056,1.3512,9.3640,-6.0180
226.063,1.3443,9.3640,-6.0177
226.072,1.3443,9.3640,-6.0177
226.080,1.3443,9.3640,-6.0177
226.089,1.3374,9.3640,-6.0173
226.098,1.3374,9.3640,-6.0173
226.107,1.3306,9.3640,-6.0170
226.117,1.3306,9.3640,-6.0170
226.125,1.3237,9.3640,-6.0166
226.135,1.3237,9.3640,-6.0166
226.142,1.3168,9.3640,-6.0163
226.152,1.3168,9.3640,-6.0163
226.160,1.3168,9.3640,-6.0163
226.169,1.3099,9.3640,-6.0159
226.178,1.3099,9.3640,-6.0159
226.186,1.3031,9.3640,-6.0155
226.196,1.3031,9.3640,-6.0155
226.203,1.2962,9.3640,-6.0151
226.213,1.2962,9.3640,-6.0151
226.222,1.2893,9.3640,-6.0148
226.233,1.2893,9.3640,-6.0148
226.240,1.2893,9.3640,-6.0148
226.248,1.2825,9.3640,-6.0144
226.258,1.2825,9.3640,-6.0144
226.266,1.2756,9.3640,-6.0140
226.275,1.2756,9.3640,-6.0140
226.282,1.2687,9.3640,-6.0136
226.293,1.2687,9.3640,-6.0136
226.300,1.2687,9.3640,-6.0136
226.309,1.2618,9.3640,-6.0131
226.317,1.2618,9.3640,-6.0131
226.326,1.2550,9.3640,-6.0127
226.334,1.2550,9.3640,-6.0127
226.342,1.2481,9.3640,-6.0123
226.350,1.2481,9.3640,-6.0123
226.360,1.2481,9.3640,-6.0123
226.368,1.2412,9.3640,-6.0118
226.377,1.2412,9.3640,-6.0118
226.386,1.2343,9.3640,-6.0114
226.394,1.2343,9.3640,-6.0114
226.402,1.2343,9.3640,-6.0114
226.410,1.2275,9.3640,-6.0110
226.418,1.2275,9.3640,-6.0110
226.427,1.2206,9.3640,-6.0105
226.436,1.2206,9.3640,-6.0105
226.444,1.2137,9.3640,-6.0101
226.454,1.2137,9.3640,-6.0101
226.462,1.2069,9.3640,-6.0097
226.471,1.2069,9.3640,-6.0097
226.479,1.2069,9.3640,-6.0097
226.488,1.2000,9.3640,-6.0093
226.497,1.2000,9.3640,-6.0093
226.505,1.1931,9.3640,-6.0089
226.513,1.1931,9.3640,-6.0089
226.521,1.1931,9.3640,-6.0089
226.530,1.1862,9.3640,-6.0085
226.538,1.1862,9.3640,-6.0085
226.547,1.1794,9.3640,-6.0080
226.557,1.1794,9.3640,-6.0080
226.565,1.1725,9.3640,-6.0076
226.575,1.1725,9.3640,-6.0076
226.582,1.1656,9.3640,-6.0072
226.593,1.1656,9.3640,-6.0072
226.599,1.1656,9.3640,-6.0072
226.608,1.1587,9.3640,-6.0069
226.617,1.1587,9.3640,-6.0069
226.626,1.1519,9.3640,-6.0065
226.634,1.1519,9.3640,-6.0065
226.641,1.1519,9.3640,-6.0065
226.650,1.1450,9.3640,-6.0062
226.659,1.1450,9.3640,-6.0062
226.667,1.1381,9.3640,-6.0059
226.676,1.1381,9.3640,-6.0059
226.685,1.1312,9.3640,-6.0056
226.695,1.1312,9.3640,-6.0056
226.704,1.1244,9.3640,-6.0056
226.715,1.1244,9.3640,-6.0056
226.724,1.1175,9.3640,-6.0056
226.733,1.1175,9.3640,-6.0056
226.742,1.1175,9.3640,-6.0056
226.751,1.1106,9.3640,-6.0056
226.760,1.1106,9.3640,-6.0056
226.768,1.1037,9.3640,-6.0056
226.777,1.1037,9.3640,-6.0056
226.785,1.0968,9.3640,-6.0056
226.796,1.0968,9.3640,-6.0056
226.804,1.0900,9.3640,-6.0056
226.814,1.0900,9.3640,-6.0056
226.822,1.0831,9.3640,-6.0056
226.832,1.0831,9.3640,-6.0056
226.840,1.0831,9.3640,-6.0056
226.849,1.0762,9.3640,-6.0056
226.860,1.0762,9.3640,-6.0056
226.869,1.0693,9.3640,-6.0056
226.879,1.0693,9.3640,-6.0056
226.889,1.0625,9.3640,-6.0056
226.899,1.0625,9.3640,-6.0056
226.908,1.0556,9.3640,-6.0056
226.918,1.0556,9.3640,-6.0056
226.926,1.0487,9.3640,-6.0056
226.936,1.0487,9.3640,-6.0056
226.944,1.0418,9.3640,-6.0056
226.956,1.0418,9.3640,-6.0056
226.965,1.0349,9.3640,-6.0056
226.974,1.0349,9.3640,-6.0056
226.984,1.0281,9.3640,-6.0056
226.992,1.0281,9.3640,-6.0056
227.001,1.0281,9.3640,-6.0056
227.011,1.0212,9.3640,-6.0056
227.028,1.0143,9.3640,-6.0056
227.038,1.0143,9.3640,-6.0056
227.048,1.0074,9.3640,-6.0056
227.058,1.0074,9.3640,-6.0056
227.066,1.0006,9.3640,-6.0056
227.078,1.0006,9.3640,-6.0056
227.087,0.9937,9.3640,-6.0056
227.097,0.9937,9.3640,-6.0056
227.108,0.9869,9.3640,-6.0056
227.117,0.9869,9.3640,-6.0056
227.126,0.9800,9.3640,-6.0056
227.137,0.9800,9.3640,-6.0056
227.145,0.9732,9.3640,-6.0056
227.157,0.9732,9.3640,-6.0056
227.167,0.9664,9.3640,-6.0053
227.177,0.9664,9.3640,-6.0053
227.186,0.9596,9.3640,-6.0050
227.196,0.9596,9.3640,-6.0050
227.204,0.9527,9.3640,-6.0047
227.214,0.9527,9.3640,-6.0047
227.223,0.9459,9.3640,-6.0044
227.233,0.9459,9.3640,-6.0044
227.240,0.9459,9.3640,-6.0044
227.248,0.9391,9.3640,-6.0040
227.259,0.9391,9.3640,-6.0040
227.267,0.9323,9.3640,-6.0036
227.277,0.9323,9.3640,-6.0036
227.286,0.9255,9.3640,-6.0032
227.295,0.9255,9.3640,-6.0032
227.304,0.9186,9.3640,-6.0028
227.314,0.9186,9.3640,-6.0028
227.323,0.9118,9.3640,-6.0025
227.332,0.9118,9.3640,-6.0025
227.340,0.9118,9.3640,-6.0025
227.349,0.9050,9.3640,-6.0021
227.358,0.9050,9.3640,-6.0021
227.366,0.8982,9.3640,-6.0017
227.376,0.8982,9.3640,-6.0017
227.384,0.8913,9.3640,-6.0014
227.394,0.8913,9.3640,-6.0014
227.402,0.8845,9.3640,-6.0010
227.412,0.8845,9.3640,-6.0010
227.420,0.8845,9.3640,-6.0010
227.430,0.8777,9.3640,-6.0007
227.439,0.8777,9.3640,-6.0007
227.448,0.8708,9.3640,-6.0004
227.461,0.8708,9.3640,-6.0004
227.469,0.8640,9.3640,-6.0001
227.480,0.8640,9.3640,-6.0001
227.490,0.8572,9.3640,-6.0001
227.500,0.8572,9.3640,-6.0001
227.509,0.8503,9.3640,-6.0001
227.518,0.8503,9.3640,-6.0001
227.527,0.8435,9.3640,-6.0001
227.536,0.8435,9.3640,-6.0001
227.544,0.8366,9.3640,-6.0001
227.554,0.8366,9.3640,-6.0001
227.563,0.8298,9.3640,-6.0001
227.573,0.8298,9.3640,-6.0001
227.580,0.8298,9.3640,-6.0001
227.590,0.8229,9.3640,-6.0001
227.599,0.8229,9.3640,-6.0001
227.607,0.8161,9.3640,-6.0001
227.617,0.8161,9.3640,-6.0001
227.624,0.8092,9.3640,-6.0001
227.635,0.8092,9.3640,-6.0001
227.643,0.8024,9.3640,-6.0001
227.653,0.8024,9.3640,-6.0001
227.661,0.8024,9.3640,-6.0001
227.670,0.7955,9.3640,-6.0001
227.681,0.7955,9.3640,-6.0001
227.688,0.7887,9.3640,-6.0001
227.699,0.7887,9.3640,-6.0001
227.706,0.7818,9.3640,-6.0001
227.715,0.7818,9.3640,-6.0001
227.722,0.7750,9.3640,-6.0001
227.732,0.7750,9.3640,-6.0001
227.740,0.7750,9.3640,-6.0001
227.748,0.7681,9.3640,-6.0001
227.758,0.7681,9.3640,-6.0001
227.767,0.7613,9.3640,-6.0001
227.776,0.7613,9.3640,-6.0001
227.784,0.7544,9.3640,-6.0001
227.796,0.7544,9.3640,-6.0001
227.804,0.7476,9.3640,-6.0001
227.814,0.7476,9.3640,-6.0001
227.822,0.7408,9.3640,-6.0001
227.832,0.7408,9.3640,-6.0001
227.839,0.7408,9.3640,-6.0001
227.848,0.7339,9.3640,-6.0001
227.859,0.7339,9.3640,-6.0001
227.866,0.7271,9.3640,-6.0001
227.876,0.7271,9.3640,-6.0001
227.884,0.7202,9.3640,-6.0001
227.894,0.7202,9.3640,-6.0001
227.902,0.7202,9.3640,-6.0001
227.910,0.7134,9.3640,-6.0001
227.921,0.7134,9.3640,-6.0001
227.930,0.7065,9.3640,-6.0001
227.940,0.7065,9.3640,-6.0001
227.949,0.6997,9.3640,-6.0001
227.959,0.6997,9.3640,-6.0001
227.968,0.6928,9.3640,-6.0001
227.979,0.6928,9.3640,-6.0001
227.989,0.6860,9.3640,-6.0001
227.998,0.6860,9.3640,-6.0001
228.008,0.6791,9.3640,-6.0001
228.018,0.6791,9.3640,-6.0001
228.027,0.6723,9.3640,-6.0001
228.037,0.6723,9.3640,-6.0001
228.045,0.6654,9.3640,-6.0001
228.055,0.6654,9.3640,-6.0001
228.063,0.6586,9.3640,-6.0001
228.073,0.6586,9.3640,-6.0001
228.081,0.6586,9.3640,-6.0001
228.090,0.6517,9.3640,-6.0001
228.101,0.6517,9.3640,-6.0001
228.109,0.6449,9.3640,-6.0001
228.119,0.6449,9.3640,-6.0001
228.128,0.6380,9.3640,-6.0001
228.138,0.6380,9.3640,-6.0001
228.147,0.6312,9.3640,-6.0001
228.157,0.6312,9.3640,-6.0001
228.168,0.6243,9.3640,-6.0001
228.179,0.6243,9.3640,-6.0001
228.188,0.6175,9.3640,-6.0001
228.200,0.6175,9.3640,-6.0001
228.208,0.6106,9.3640,-6.0001
228.218,0.6106,9.3640,-6.0001
228.228,0.6038,9.3640,-6.0001
228.237,0.6038,9.3640,-6.0001
228.245,0.5969,9.3640,-6.0001
228.256,0.5969,9.3640,-6.0001
228.264,0.5901,9.3640,-6.0001
228.275,0.5901,9.3640,-6.0001
228.283,0.5832,9.3640,-6.0001
228.293,0.5832,9.3640,-6.0001
228.301,0.5832,9.3640,-6.0001
228.310,0.5764,9.3640,-6.0001
228.320,0.5764,9.3640,-6.0001
228.329,0.5696,9.3640,-6.0001
228.341,0.5696,9.3640,-6.0001
228.349,0.5627,9.3640,-6.0001
228.360,0.5627,9.3640,-6.0001
228.369,0.5559,9.3640,-6.0001
228.379,0.5559,9.3640,-6.0001
228.388,0.5490,9.3640,-6.0001
228.398,0.5490,9.3640,-6.0001
228.407,0.5422,9.3640,-6.0001
228.417,0.5422,9.3640,-6.0001
228.427,0.5353,9.3640,-6.0001
228.437,0.5353,9.3640,-6.0001
228.446,0.5285,9.3640,-6.0001
228.458,0.5285,9.3640,-6.0001
228.466,0.5217,9.3640,-6.0001
228.476,0.5217,9.3640,-6.0001
228.485,0.5148,9.3640,-6.0001
228.495,0.5148,9.3640,-6.0001
228.502,0.5148,9.3640,-6.0001
228.510,0.5080,9.3640,-6.0001
228.522,0.5080,9.3640,-6.0001
228.529,0.5011,9.3640,-6.0001
228.538,0.5011,9.3640,-6.0001
228.548,0.4943,9.3640,-6.0001
228.559,0.4943,9.3640,-6.0001
228.566,0.4874,9.3640,-6.0001
228.575,0.4874,9.3640,-6.0001
228.584,0.4806,9.3640,-6.0001
228.593,0.4806,9.3640,-6.0001
228.601,0.4806,9.3640,-6.0001
228.608,0.4737,9.3640,-6.0001
228.618,0.4737,9.3640,-6.0001
228.626,0.4669,9.3640,-6.0001
228.636,0.4669,9.3640,-6.0001
228.644,0.4601,9.3640,-6.0001
228.654,0.4601,9.3640,-6.0001
228.662,0.4532,9.3640,-6.0001
228.671,0.4532,9.3640,-6.0001
228.680,0.4532,9.3640,-6.0001
228.687,0.4464,9.3640,-6.0001
228.696,0.4464,9.3640,-6.0001
228.705,0.4395,9.3640,-6.0001
228.716,0.4395,9.3640,-6.0001
228.725,0.4327,9.3640,-6.0001
228.734,0.4327,9.3640,-6.0001
228.742,0.4258,9.3640,-6.0001
228.752,0.4258,9.3640,-6.0001
228.761,0.4258,9.3640,-6.0001
228.769,0.4190,9.3640,-6.0001
228.778,0.4190,9.3640,-6.0001
228.787,0.4121,9.3640,-6.0001
228.796,0.4121,9.3640,-6.0001
228.805,0.4053,9.3640,-6.0001
228.815,0.4053,9.3640,-6.0001
228.823,0.3984,9.3640,-6.0001
228.833,0.3984,9.3640,-6.0001
228.841,0.3984,9.3640,-6.0001
228.849,0.3916,9.3640,-6.0001
228.859,0.3916,9.3640,-6.0001
228.868,0.3847,9.3640,-6.0001
228.878,0.3847,9.3640,-6.0001
228.887,0.3779,9.3640,-6.0001
228.896,0.3779,9.3640,-6.0001
228.904,0.3710,9.3640,-6.0001
228.915,0.3710,9.3640,-6.0001
228.922,0.3710,9.3640,-6.0001
228.930,0.3642,9.3640,-6.0001
228.938,0.3642,9.3640,-6.0001
228.947,0.3573,9.3640,-6.0001
228.957,0.3573,9.3640,-6.0001
228.966,0.3504,9.3640,-6.0001
228.977,0.3504,9.3640,-6.0001
228.986,0.3436,9.3640,-6.0001
228.996,0.3436,9.3640,-6.0001
229.006,0.3367,9.3640,-6.0001
229.016,0.3367,9.3640,-6.0001
229.026,0.3299,9.3640,-6.0001
229.036,0.3299,9.3640,-6.0001
229.044,0.3230,9.3640,-6.0001
229.054,0.3230,9.3640,-6.0001
229.062,0.3162,9.3640,-6.0001
229.072,0.3162,9.3640,-6.0001
229.081,0.3162,9.3640,-6.0001
229.091,0.3093,9.3640,-6.0001
229.101,0.3093,9.3640,-6.0001
229.109,0.3024,9.3640,-6.0001
229.119,0.3024,9.3640,-6.0001
229.129,0.2956,9.3640,-6.0001
229.137,0.2956,9.3640,-6.0001
229.146,0.2887,9.3640,-6.0001
229.157,0.2887,9.3640,-6.0001
229.165,0.2819,9.3640,-6.0001
229.177,0.2819,9.3640,-6.0001
229.186,0.2750,9.3640,-6.0001
229.197,0.2750,9.3640,-6.0001
229.205,0.2681,9.3640,-6.0001
229.218,0.2681,9.3640,-6.0001
229.227,0.2613,9.3640,-6.0001
229.238,0.2613,9.3640,-6.0001
229.246,0.2544,9.3640,-6.0001
229.257,0.2544,9.3640,-6.0001
229.266,0.2476,9.3640,-6.0001
229.277,0.2476,9.3640,-6.0001
229.287,0.2407,9.3640,-6.0001
229.297,0.2407,9.3640,-6.0001
229.306,0.2338,9.3640,-6.0001
229.317,0.2338,9.3640,-6.0001
229.327,0.2270,9.3640,-6.0001
229.337,0.2270,9.3640,-6.0001
229.347,0.2201,9.3640,-6.0001
229.358,0.2201,9.3640,-6.0001
229.367,0.2133,9.3640,-6.0001
229.380,0.2133,9.3640,-6.0001
229.390,0.2064,9.3640,-6.0001
229.400,0.2064,9.3640,-6.0001
229.408,0.1995,9.3640,-6.0001
229.419,0.1995,9.3640,-6.0001
229.430,0.1927,9.3640,-6.0001
229.441,0.1927,9.3640,-6.0001
229.450,0.1858,9.3640,-6.0001
229.462,0.1790,9.3640,-6.0001
229.479,0.1790,9.3640,-6.0001
229.490,0.1721,9.3640,-6.0001
229.499,0.1721,9.3640,-6.0001
229.509,0.1652,9.3640,-6.0001
229.519,0.1652,9.3640,-6.0001
229.528,0.1584,9.3640,-6.0001
229.538,0.1584,9.3640,-6.0001
229.548,0.1515,9.3640,-6.0001
229.557,0.1515,9.3640,-6.0001
229.566,0.1446,9.3640,-6.0001
229.575,0.1446,9.3640,-6.0001
229.584,0.1378,9.3640,-6.0001
229.593,0.1378,9.3640,-6.0001
229.602,0.1378,9.3640,-6.0001
229.610,0.1309,9.3640,-6.0001
229.619,0.1309,9.3640,-6.0001
229.629,0.1241,9.3640,-6.0001
229.638,0.1241,9.3640,-6.0001
229.648,0.1172,9.3640,-6.0001
229.659,0.1172,9.3640,-6.0001
229.667,0.1103,9.3640,-6.0001
229.677,0.1103,9.3640,-6.0001
229.685,0.1035,9.3640,-6.0001
229.695,0.1035,9.3640,-6.0001
229.703,0.0966,9.3640,-6.0001
229.712,0.0966,9.3640,-6.0001
229.721,0.0966,9.3640,-6.0001
229.729,0.0897,9.3640,-6.0001
229.738,0.0897,9.3640,-6.0001
229.746,0.0829,9.3640,-6.0001
229.755,0.0829,9.3640,-6.0001
229.763,0.0760,9.3640,-6.0001
229.771,0.0760,9.3640,-6.0001
229.778,0.0760,9.3640,-6.0001
229.787,0.0691,9.3640,-6.0001
229.796,0.0691,9.3640,-6.0001
229.804,0.0623,9.3640,-6.0001
229.814,0.0623,9.3640,-6.0001
229.822,0.0554,9.3640,-6.0001
229.831,0.0554,9.3640,-6.0001
229.838,0.0554,9.3640,-6.0001
229.847,0.0485,9.3640,-6.0001
229.856,0.0485,9.3640,-6.0001
229.864,0.0417,9.3640,-6.0001
229.872,0.0417,9.3640,-6.0001
229.882,0.0417,9.3640,-6.0001
229.889,0.0348,9.3640,-6.0001
229.898,0.0348,9.3640,-6.0001
229.905,0.0279,9.3640,-6.0001
229.915,0.0279,9.3640,-6.0001
229.923,0.0211,9.3640,-6.0001
229.932,0.0211,9.3640,-6.0001
229.941,0.0211,9.3640,-6.0001
229.949,0.0143,9.3640,-6.0001
229.959,0.0143,9.3640,-6.0001
229.966,0.0074,9.3640,-6.0001
229.976,0.0074,9.3640,-6.0001
229.983,0.0006,9.3640,-6.0001
229.993,0.0006,9.3640,-6.0001
230.001,0.0006,9.3640,-6.0001
230.009,-0.0063,9.3640,-6.0001
230.018,-0.0063,9.3640,-6.0001
230.026,-0.0131,9.3640,-6.0001
230.035,-0.0131,9.3640,-6.0001
230.042,-0.0199,9.3640,-6.0001
230.051,-0.0199,9.3640,-6.0001
230.060,-0.0199,9.3640,-6.0001
230.068,-0.0268,9.3640,-6.0001
230.077,-0.0268,9.3640,-6.0001
230.086,-0.0336,9.3640,-6.0001
230.095,-0.0336,9.3640,-6.0001
230.102,-0.0405,9.3640,-6.0001
230.111,-0.0405,9.3640,-6.0001
230.120,-0.0405,9.3640,-6.0001
230.128,-0.0473,9.3640,-6.0001
230.137,-0.0473,9.3640,-6.0001
230.146,-0.0541,9.3640,-6.0001
230.156,-0.0541,9.3640,-6.0001
230.165,-0.0610,9.3640,-6.0001
230.172,-0.0610,9.3640,-6.0001
230.182,-0.0610,9.3640,-6.0001
230.190,-0.0678,9.3640,-6.0001
230.200,-0.0678,9.3640,-6.0001
230.208,-0.0747,9.3640,-6.0001
230.217,-0.0747,9.3640,-6.0001
230.225,-0.0815,9.3640,-6.0001
230.233,-0.0815,9.3640,-6.0001
230.242,-0.0815,9.3640,-6.0001
230.249,-0.0884,9.3640,-6.0001
230.260,-0.0884,9.3640,-6.0001
230.267,-0.0952,9.3640,-6.0001
230.277,-0.0952,9.3640,-6.0001
230.284,-0.1020,9.3640,-6.0001
230.294,-0.1020,9.3640,-6.0001
230.301,-0.1020,9.3640,-6.0001
230.309,-0.1089,9.3640,-6.0001
230.317,-0.1089,9.3640,-6.0001
230.326,-0.1157,9.3640,-6.0001
230.334,-0.1157,9.3640,-6.0001
230.342,-0.1157,9.3640,-6.0001
230.349,-0.1226,9.3640,-6.0001
230.359,-0.1226,9.3640,-6.0001
230.366,-0.1294,9.3640,-6.0001
230.376,-0.1294,9.3640,-6.0001
230.384,-0.1362,9.3640,-6.0001
230.394,-0.1362,9.3640,-6.0001
230.401,-0.1362,9.3640,-6.0001
230.408,-0.1431,9.3640,-6.0001
230.417,-0.1431,9.3640,-6.0001
230.426,-0.1499,9.3640,-6.0001
230.434,-0.1499,9.3640,-6.0001
230.441,-0.1499,9.3640,-6.0001
230.449,-0.1567,9.3640,-6.0001
230.460,-0.1567,9.3640,-6.0001
230.467,-0.1636,9.3640,-6.0001
230.477,-0.1636,9.3640,-6.0001
230.486,-0.1704,9.3640,-6.0001
230.496,-0.1704,9.3640,-6.0001
230.504,-0.1772,9.3640,-6.0001
230.515,-0.1772,9.3640,-6.0001
230.523,-0.1840,9.3640,-6.0001
230.532,-0.1840,9.3640,-6.0001
230.541,-0.1840,9.3640,-6.0001
230.550,-0.1909,9.3640,-6.0001
230.560,-0.1909,9.3640,-6.0001
230.568,-0.1977,9.3640,-6.0001
230.578,-0.1977,9.3640,-6.0001
230.587,-0.2045,9.3640,-6.0001
230.596,-0.2045,9.3640,-6.0001
230.604,-0.2113,9.3640,-6.0001
230.614,-0.2113,9.3640,-6.0001
230.622,-0.2181,9.3640,-6.0001
230.632,-0.2181,9.3640,-6.0001
230.641,-0.2181,9.3640,-6.0001
230.649,-0.2250,9.3640,-6.0001
230.660,-0.2250,9.3640,-6.0001
230.668,-0.2318,9.3640,-6.0001
230.677,-0.2318,9.3640,-6.0001
230.687,-0.2386,9.3640,-6.0001
230.697,-0.2386,9.3640,-6.0001
230.706,-0.2454,9.3640,-6.0001
230.716,-0.2454,9.3640,-6.0001
230.725,-0.2522,9.3640,-6.0001
230.735,-0.2522,9.3640,-6.0001
230.743,-0.2591,9.3640,-6.0001
230.753,-0.2591,9.3640,-6.0001
230.762,-0.2659,9.3640,-6.0001
230.770,-0.2659,9.3640,-6.0001
230.778,-0.2659,9.3640,-6.0001
230.788,-0.2727,9.3640,-6.0001
230.797,-0.2727,9.3640,-6.0001
230.806,-0.2795,9.3640,-6.0001
230.817,-0.2795,9.3640,-6.0001
230.825,-0.2863,9.3640,-6.0001
230.834,-0.2863,9.3640,-6.0001
230.842,-0.2931,9.3640,-6.0001
230.854,-0.2931,9.3640,-6.0001
230.862,-0.3000,9.3640,-6.0001
230.872,-0.3000,9.3640,-6.0001
230.881,-0.3000,9.3640,-6.0001
230.890,-0.3068,9.3640,-6.0001
230.899,-0.3068,9.3640,-6.0001
230.907,-0.3136,9.3640,-6.0001
230.917,-0.3136,9.3640,-6.0001
230.925,-0.3204,9.3640,-6.0001
230.935,-0.3204,9.3640,-6.0001
230.944,-0.3272,9.3640,-6.0001
230.953,-0.3272,9.3640,-6.0001
230.961,-0.3272,9.3640,-6.0001
230.970,-0.3340,9.3640,-6.0001
230.980,-0.3340,9.3640,-6.0001
230.988,-0.3408,9.3640,-6.0001
230.998,-0.3408,9.3640,-6.0001
231.007,-0.3477,9.3640,-6.0001
231.016,-0.3477,9.3640,-6.0001
231.024,-0.3545,9.3640,-6.0001
231.033,-0.3545,9.3640,-6.0001
231.041,-0.3545,9.3640,-6.0001
231.050,-0.3613,9.3640,-6.0001
231.061,-0.3613,9.3640,-6.0001
231.067,-0.3681,9.3640,-6.0001
231.077,-0.3681,9.3640,-6.0001
231.085,-0.3749,9.3640,-6.0001
231.095,-0.3749,9.3640,-6.0001
231.102,-0.3749,9.3640,-6.0001
231.111,-0.3817,9.3640,-6.0001
231.120,-0.3817,9.3640,-6.0001
231.128,-0.3886,9.3640,-6.0001
231.137,-0.3886,9.3640,-6.0001
231.144,-0.3954,9.3640,-6.0001
231.154,-0.3954,9.3640,-6.0001
231.162,-0.3954,9.3640,-6.0001
231.170,-0.4022,9.3640,-6.0001
231.178,-0.4022,9.3640,-6.0001
231.187,-0.4090,9.3640,-6.0001
231.196,-0.4090,9.3640,-6.0001
231.204,-0.4158,9.3640,-6.0001
231.215,-0.4158,9.3640,-6.0001
231.222,-0.4226,9.3640,-6.0001
231.231,-0.4226,9.3640,-6.0001
231.240,-0.4226,9.3640,-6.0001
231.249,-0.4294,9.3640,-6.0001
231.258,-0.4294,9.3640,-6.0001
231.266,-0.4363,9.3640,-6.0001
231.276,-0.4363,9.3640,-6.0001
231.284,-0.4431,9.3640,-6.0001
231.292,-0.4431,9.3640,-6.0001
231.300,-0.4431,9.3640,-6.0001
231.309,-0.4499,9.3640,-6.0001
231.318,-0.4499,9.3640,-6.0001
231.326,-0.4567,9.3640,-6.0001
231.336,-0.4567,9.3640,-6.0001
231.344,-0.4635,9.3640,-6.0001
231.353,-0.4635,9.3640,-6.0001
231.361,-0.4635,9.3640,-6.0001
231.368,-0.4703,9.3640,-6.0001
231.379,-0.4703,9.3640,-6.0001
231.386,-0.4772,9.3640,-6.0001
231.397,-0.4772,9.3640,-6.0001
231.404,-0.4840,9.3640,-6.0001
231.413,-0.4840,9.3640,-6.0001
231.421,-0.4840,9.3640,-6.0001
231.430,-0.4908,9.3640,-6.0001
231.438,-0.4908,9.3640,-6.0001
231.446,-0.4976,9.3640,-6.0001
231.456,-0.4976,9.3640,-6.0001
231.463,-0.5044,9.3640,-6.0001
231.472,-0.5044,9.3640,-6.0001
231.479,-0.5044,9.3640,-6.0001
231.488,-0.5113,9.3640,-6.0001
231.496,-0.5113,9.3640,-6.0001
231.505,-0.5181,9.3640,-6.0001
231.515,-0.5181,9.3640,-6.0001
231.522,-0.5181,9.3640,-6.0001
231.530,-0.5249,9.3640,-6.0001
231.538,-0.5249,9.3640,-6.0001
231.548,-0.5317,9.3640,-6.0001
231.557,-0.5317,9.3640,-6.0001
231.565,-0.5386,9.3640,-6.0001
231.575,-0.5386,9.3640,-6.0001
231.582,-0.5454,9.3640,-6.0001
231.590,-0.5454,9.3640,-6.0001
231.599,-0.5454,9.3640,-6.0001
231.608,-0.5522,9.3640,-6.0001
231.616,-0.5522,9.3640,-6.0001
231.624,-0.5591,9.3640,-6.0001
231.633,-0.5591,9.3640,-6.0001
231.642,-0.5591,9.3640,-6.0001
231.649,-0.5659,9.3640,-6.0001
231.659,-0.5659,9.3640,-6.0001
231.667,-0.5727,9.3640,-6.0001
231.676,-0.5727,9.3640,-6.0001
231.684,-0.5795,9.3640,-6.0001
231.695,-0.5795,9.3640,-6.0001
231.702,-0.5863,9.3640,-6.0001
231.712,-0.5863,9.3640,-6.0001
231.722,-0.5932,9.3640,-6.0001
231.732,-0.5932,9.3640,-6.0001
231.740,-0.5932,9.3640,-6.0001
231.749,-0.6000,9.3640,-6.0001
231.759,-0.6000,9.3640,-6.0001
231.767,-0.6068,9.3640,-6.0001
231.777,-0.6068,9.3640,-6.0001
231.786,-0.6136,9.3640,-6.0001
231.803,-0.6204,9.3640,-6.0001
231.814,-0.6204,9.3640,-6.0001
231.822,-0.6272,9.3640,-6.0001
231.831,-0.6272,9.3640,-6.0001
231.839,-0.6272,9.3640,-6.0001
231.849,-0.6340,9.3640,-6.0001
231.860,-0.6340,9.3640,-6.0001
231.868,-0.6408,9.3640,-6.0001
231.878,-0.6408,9.3640,-6.0001
231.886,-0.6477,9.3640,-6.0001
231.897,-0.6477,9.3640,-6.0001
231.906,-0.6545,9.3640,-6.0001
231.915,-0.6545,9.3640,-6.0001
231.923,-0.6613,9.3640,-6.0001
231.933,-0.6613,9.3640,-6.0001
231.942,-0.6613,9.3640,-6.0001
231.951,-0.6681,9.3640,-6.0001
231.961,-0.6681,9.3640,-6.0001
231.971,-0.6749,9.3640,-6.0001
231.980,-0.6749,9.3640,-6.0001
231.990,-0.6817,9.3640,-6.0001
232.000,-0.6817,9.3640,-6.0001
232.008,-0.6886,9.3640,-6.0001
232.018,-0.6886,9.3640,-6.0001
232.028,-0.6954,9.3640,-6.0001
232.037,-0.6954,9.3640,-6.0001
232.046,-0.7022,9.3640,-6.0001
232.057,-0.7022,9.3640,-6.0001
232.065,-0.7090,9.3640,-6.0001
232.075,-0.7090,9.3640,-6.0001
232.085,-0.7158,9.3640,-6.0001
232.096,-0.7158,9.3640,-6.0001
232.104,-0.7227,9.3640,-6.0001
232.114,-0.7227,9.3640,-6.0001
232.123,-0.7295,9.3640,-6.0001
232.132,-0.7295,9.3640,-6.0001
232.139,-0.7295,9.3640,-6.0001
232.149,-0.7363,9.3640,-6.0001
232.158,-0.7363,9.3640,-6.0001
232.166,-0.7431,9.3640,-6.0001
232.177,-0.7431,9.3640,-6.0001
232.185,-0.7499,9.3640,-6.0001
232.196,-0.7499,9.3640,-6.0001
232.205,-0.7567,9.3640,-6.0001
232.214,-0.7567,9.3640,-6.0001
232.224,-0.7636,9.3640,-6.0001
232.234,-0.7636,9.3640,-6.0001
232.242,-0.7704,9.3640,-6.0001
232.251,-0.7704,9.3640,-6.0001
232.260,-0.7704,9.3640,-6.0001
232.268,-0.7772,9.3640,-6.0001
232.278,-0.7772,9.3640,-6.0001
232.286,-0.7840,9.3640,-6.0001
232.295,-0.7840,9.3640,-6.0001
232.302,-0.7909,9.3640,-6.0001
232.312,-0.7909,9.3640,-6.0001
232.320,-0.7909,9.3640,-6.0001
232.329,-0.7977,9.3640,-6.0001
232.337,-0.7977,9.3640,-6.0001
232.344,-0.8045,9.3640,-6.0001
232.354,-0.8045,9.3640,-6.0001
232.362,-0.8113,9.3640,-6.0001
232.370,-0.8113,9.3640,-6.0001
232.378,-0.8113,9.3640,-6.0001
232.386,-0.8181,9.3640,-6.0001
232.396,-0.8181,9.3640,-6.0001
232.402,-0.8250,9.3640,-6.0001
232.412,-0.8250,9.3640,-6.0001
232.421,-0.8250,9.3640,-6.0001
232.429,-0.8318,9.3640,-6.0001
232.438,-0.8318,9.3640,-6.0001
232.446,-0.8386,9.3640,-6.0001
232.456,-0.8386,9.3640,-6.0001
232.463,-0.8454,9.3640,-6.0001
232.472,-0.8454,9.3640,-6.0001
232.480,-0.8454,9.3640,-6.0001
232.489,-0.8523,9.3640,-6.0001
232.496,-0.8523,9.3640,-6.0001
232.504,-0.8591,9.3640,-6.0001
232.513,-0.8591,9.3640,-6.0001
232.522,-0.8659,9.3640,-6.0001
232.531,-0.8659,9.3640,-6.0001
232.539,-0.8659,9.3640,-6.0001
232.547,-0.8728,9.3640,-6.0001
232.557,-0.8728,9.3640,-6.0001
232.565,-0.8796,9.3640,-6.0001
232.575,-0.8796,9.3640,-6.0001
232.583,-0.8864,9.3640,-6.0001
232.591,-0.8864,9.3640,-6.0001
232.600,-0.8864,9.3640,-6.0001
232.607,-0.8932,9.3640,-6.0001
232.616,-0.8932,9.3640,-6.0001
232.623,-0.9001,9.3640,-6.0001
232.633,-0.9001,9.3640,-6.0001
232.640,-0.9001,9.3640,-6.0001
232.649,-0.9069,9.3640,-6.0001
232.659,-0.9069,9.3640,-6.0001
232.667,-0.9137,9.3640,-6.0001
232.676,-0.9137,9.3640,-6.0001
232.683,-0.9205,9.3640,-6.0001
232.693,-0.9205,9.3640,-6.0001
232.700,-0.9205,9.3640,-6.0001
232.708,-0.9274,9.3640,-6.0001
232.716,-0.9274,9.3640,-6.0001
232.725,-0.9342,9.3640,-6.0001
232.734,-0.9342,9.3640,-6.0001
232.742,-0.9410,9.3640,-6.0001
232.751,-0.9410,9.3640,-6.0001
232.759,-0.9410,9.3640,-6.0001
232.767,-0.9478,9.3640,-6.0001
232.776,-0.9478,9.3640,-6.0001
232.784,-0.9547,9.3640,-6.0001
232.793,-0.9547,9.3640,-6.0001
232.800,-0.9547,9.3640,-6.0001
232.808,-0.9615,9.3640,-6.0001
232.817,-0.9615,9.3640,-6.0001
232.824,-0.9683,9.3640,-6.0001
232.834,-0.9683,9.3640,-6.0001
232.843,-0.9751,9.3640,-6.0001
232.852,-0.9751,9.3640,-6.0001
232.862,-0.9751,9.3640,-6.0001
232.870,-0.9820,9.3640,-6.0001
232.880,-0.9820,9.3640,-6.0001
232.888,-0.9888,9.3640,-6.0001
232.897,-0.9888,9.3640,-6.0001
232.906,-0.9956,9.3640,-6.0001
232.915,-0.9956,9.3640,-6.0001
232.923,-1.0025,9.3640,-6.0001
232.931,-1.0025,9.3640,-6.0001
232.940,-1.0025,9.3640,-6.0001
232.947,-1.0093,9.3640,-6.0001
232.957,-1.0093,9.3640,-6.0001
232.966,-1.0161,9.3640,-6.0001
232.975,-1.0161,9.3640,-6.0001
232.985,-1.0229,9.3640,-6.0001
232.995,-1.0229,9.3640,-6.0001
233.002,-1.0298,9.3640,-6.0001
233.013,-1.0298,9.3640,-6.0001
233.020,-1.0298,9.3640,-6.0001
233.029,-1.0366,9.3640,-6.0001
233.037,-1.0366,9.3640,-6.0001
233.046,-1.0434,9.3640,-6.0001
233.057,-1.0434,9.3640,-6.0001
233.065,-1.0502,9.3640,-6.0001
233.076,-1.0502,9.3640,-6.0001
233.084,-1.0571,9.3640,-6.0001
233.094,-1.0571,9.3640,-6.0001
233.102,-1.0571,9.3640,-6.0001
233.112,-1.0639,9.3640,-6.0001
233.122,-1.0707,9.3640,-6.0001
233.131,-1.0707,9.3640,-6.0001
233.141,-1.0707,9.3640,-6.0001
233.149,-1.0776,9.3640,-6.0001
233.160,-1.0776,9.3640,-6.0001
233.168,-1.0844,9.3640,-6.0001
233.179,-1.0844,9.3640,-6.0001
233.187,-1.0912,9.3640,-6.0001
233.197,-1.0912,9.3640,-6.0001
233.207,-1.0981,9.3640,-6.0001
233.217,-1.0981,9.3640,-6.0001
233.226,-1.1049,9.3640,-6.0001
233.235,-1.1049,9.3640,-6.0001
233.243,-1.1117,9.3640,-6.0001
233.253,-1.1117,9.3640,-6.0001
233.263,-1.1185,9.3640,-6.0001
233.272,-1.1185,9.3640,-6.0001
233.281,-1.1185,9.3640,-6.0001
233.289,-1.1254,9.3640,-6.0001
233.300,-1.1254,9.3640,-6.0001
233.309,-1.1322,9.3640,-6.0001
233.318,-1.1322,9.3640,-6.0001
233.327,-1.1390,9.3640,-6.0001
233.335,-1.1390,9.3640,-6.0001
233.344,-1.1459,9.3640,-6.0001
233.354,-1.1459,9.3640,-6.0001
233.363,-1.1527,9.3640,-6.0001
233.371,-1.1527,9.3640,-6.0001
233.381,-1.1527,9.3640,-6.0001
233.390,-1.1595,9.3640,-6.0001
233.398,-1.1595,9.3640,-6.0001
233.407,-1.1663,9.3640,-6.0001
233.417,-1.1663,9.3640,-6.0001
233.425,-1.1732,9.3640,-6.0001
233.434,-1.1732,9.3640,-6.0001
233.443,-1.1800,9.3640,-6.0001
233.452,-1.1800,9.3640,-6.0001
233.462,-1.1868,9.3640,-6.0001
233.472,-1.1868,9.3640,-6.0001
233.480,-1.1868,9.3640,-6.0001
233.488,-1.1937,9.3640,-6.0001
233.499,-1.1937,9.3640,-6.0001
233.508,-1.2005,9.3640,-6.0001
233.516,-1.2005,9.3640,-6.0001
233.524,-1.2073,9.3640,-6.0001
233.534,-1.2073,9.3640,-6.0001
233.542,-1.2142,9.3640,-6.0001
233.551,-1.2142,9.3640,-6.0001
233.559,-1.2142,9.3640,-6.0001
233.566,-1.2210,9.3640,-6.0001
233.577,-1.2210,9.3640,-6.0001
233.583,-1.2278,9.3640,-6.0001
233.594,-1.2278,9.3640,-6.0001
233.602,-1.2278,9.3640,-6.0001
233.610,-1.2347,9.3640,-6.0001
233.618,-1.2347,9.3640,-6.0001
233.627,-1.2415,9.3640,-6.0001
233.636,-1.2415,9.3640,-6.0001
233.644,-1.2483,9.3640,-6.0001
233.654,-1.2483,9.3640,-6.0001
233.661,-1.2483,9.3640,-6.0001
233.668,-1.2552,9.3640,-6.0001
233.677,-1.2552,9.3640,-6.0001
233.686,-1.2620,9.3640,-6.0001
233.695,-1.2620,9.3640,-6.0001
233.703,-1.2688,9.3640,-6.0001
233.711,-1.2688,9.3640,-6.0001
233.721,-1.2688,9.3640,-6.0001
233.728,-1.2756,9.3640,-6.0001
233.737,-1.2756,9.3640,-6.0001
233.744,-1.2825,9.3640,-6.0001
233.755,-1.2825,9.3640,-6.0001
233.763,-1.2893,9.3640,-6.0001
233.772,-1.2893,9.3640,-6.0001
233.782,-1.2893,9.3640,-6.0001
233.789,-1.2961,9.3640,-6.0001
233.798,-1.2961,9.3640,-6.0001
233.805,-1.3030,9.3640,-6.0001
233.815,-1.3030,9.3640,-6.0001
233.822,-1.3098,9.3640,-6.0001
233.832,-1.3098,9.3640,-6.0001
233.839,-1.3098,9.3640,-6.0001
233.848,-1.3166,9.3640,-6.0001
233.857,-1.3166,9.3640,-6.0001
233.864,-1.3235,9.3640,-6.0001
233.874,-1.3235,9.3640,-6.0001
233.881,-1.3235,9.3640,-6.0001
233.891,-1.3303,9.3640,-6.0001
233.900,-1.3303,9.3640,-6.0001
233.908,-1.3371,9.3640,-6.0001
233.916,-1.3371,9.3640,-6.0001
233.925,-1.3439,9.3640,-6.0001
233.934,-1.3439,9.3640,-6.0001
233.942,-1.3508,9.3640,-6.0001
233.951,-1.3508,9.3640,-6.0001
233.960,-1.3508,9.3640,-6.0001
233.968,-1.3576,9.3640,-6.0001
233.976,-1.3576,9.3640,-6.0001
233.984,-1.3644,9.3640,-6.0001
233.993,-1.3644,9.3640,-6.0001
234.000,-1.3644,9.3640,-6.0001
234.007,-1.3712,9.3640,-6.0001
234.017,-1.3712,9.3640,-6.0001
234.026,-1.3781,9.3640,-6.0001
234.036,-1.3781,9.3640,-6.0001
234.043,-1.3849,9.3640,-6.0001
234.051,-1.3849,9.3640,-6.0001
234.060,-1.3849,9.3640,-6.0001
234.067,-1.3917,9.3640,-6.0001
234.076,-1.3917,9.3640,-6.0001
234.084,-1.3985,9.3640,-6.0001
234.093,-1.3985,9.3640,-6.0001
234.100,-1.3985,9.3640,-6.0001
234.109,-1.4054,9.3640,-6.0001
234.118,-1.4054,9.3640,-6.0001
234.127,-1.4122,9.3640,-6.0001
234.137,-1.4122,9.3640,-6.0001
234.154,-1.4191,9.3640,-6.0001
234.163,-1.4259,9.3640,-6.0001
234.173,-1.4259,9.3640,-6.0001
234.180,-1.4259,9.3640,-6.0001
234.188,-1.4327,9.3640,-6.0001
234.198,-1.4327,9.3640,-6.0001
234.205,-1.4396,9.3640,-6.0001
234.216,-1.4396,9.3640,-6.0001
234.224,-1.4464,9.3640,-6.0001
234.235,-1.4464,9.3640,-6.0001
234.242,-1.4533,9.3640,-6.0001
234.252,-1.4533,9.3640,-6.0001
234.260,-1.4533,9.3640,-6.0001
234.270,-1.4601,9.3640,-6.0001
234.281,-1.4601,9.3640,-6.0001
234.290,-1.4670,9.3640,-6.0001
234.299,-1.4670,9.3640,-6.0001
234.308,-1.4738,9.3640,-6.0001
234.317,-1.4738,9.3640,-6.0001
234.326,-1.4807,9.3640,-6.0001
234.335,-1.4807,9.3640,-6.0001
234.344,-1.4875,9.3640,-6.0001
234.356,-1.4875,9.3640,-6.0001
234.363,-1.4944,9.3640,-6.0001
234.374,-1.4944,9.3640,-6.0001
234.383,-1.5012,9.3640,-6.0001
234.393,-1.5012,9.3640,-6.0001
234.401,-1.5012,9.3640,-6.0001
234.409,-1.5081,9.3640,-6.0001
234.420,-1.5081,9.3640,-6.0001
234.428,-1.5149,9.3640,-6.0001
234.439,-1.5149,9.3640,-6.0001
234.447,-1.5218,9.3640,-6.0001
234.458,-1.5218,9.3640,-6.0001
234.466,-1.5286,9.3640,-6.0001
234.477,-1.5286,9.3640,-6.0001
234.486,-1.5355,9.3640,-6.0001
234.497,-1.5355,9.3640,-6.0001
234.506,-1.5423,9.3640,-6.0001
234.516,-1.5423,9.3640,-6.0001
234.525,-1.5492,9.3640,-6.0001
234.535,-1.5492,9.3640,-6.0001
234.543,-1.5560,9.3640,-6.0001
234.553,-1.5560,9.3640,-6.0001
234.562,-1.5560,9.3640,-6.0001
234.570,-1.5629,9.3640,-6.0001
234.581,-1.5629,9.3640,-6.0001
234.588,-1.5697,9.3640,-6.0001
234.599,-1.5697,9.3640,-6.0001
234.606,-1.5765,9.3640,-6.0001
234.615,-1.5765,9.3640,-6.0001
234.625,-1.5834,9.3640,-6.0001
234.633,-1.5834,9.3640,-6.0001
234.642,-1.5834,9.3640,-6.0001
234.650,-1.5902,9.3640,-6.0001
234.661,-1.5902,9.3640,-6.0001
234.668,-1.5971,9.3640,-6.0001
234.678,-1.5971,9.3640,-6.0001
234.687,-1.6039,9.3640,-6.0001
234.696,-1.6039,9.3640,-6.0001
234.704,-1.6107,9.3640,-6.0001
234.715,-1.6107,9.3640,-6.0001
234.725,-1.6176,9.3640,-6.0001
234.734,-1.6176,9.3640,-6.0001
234.743,-1.6244,9.3640,-6.0001
234.753,-1.6244,9.3640,-6.0001
234.762,-1.6244,9.3640,-6.0001
234.770,-1.6312,9.3640,-6.0001
234.779,-1.6312,9.3640,-6.0001
234.788,-1.6381,9.3640,-6.0001
234.797,-1.6381,9.3640,-6.0001
234.805,-1.6449,9.3640,-6.0001
234.814,-1.6449,9.3640,-6.0001
234.823,-1.6517,9.3640,-6.0001
234.832,-1.6517,9.3640,-6.0001
234.840,-1.6517,9.3640,-6.0001
234.847,-1.6586,9.3640,-6.0001
234.858,-1.6586,9.3640,-6.0001
234.866,-1.6654,9.3640,-6.0001
234.876,-1.6654,9.3640,-6.0001
234.883,-1.6722,9.3640,-6.0001
234.894,-1.6722,9.3640,-6.0001
234.901,-1.6722,9.3640,-6.0001
234.909,-1.6791,9.3640,-6.0001
234.917,-1.6791,9.3640,-6.0001
234.925,-1.6859,9.3640,-6.0001
234.934,-1.6859,9.3640,-6.0001
234.942,-1.6927,9.3640,-6.0001
234.951,-1.6927,9.3640,-6.0001
234.960,-1.6927,9.3640,-6.0001
234.968,-1.6995,9.3640,-6.0001
234.978,-1.6995,9.3640,-6.0001
234.988,-1.7064,9.3640,-6.0001
234.998,-1.7064,9.3640,-6.0001
235.005,-1.7132,9.3640,-6.0001
235.014,-1.7132,9.3640,-6.0001
235.022,-1.7200,9.3640,-6.0001
235.032,-1.7200,9.3640,-6.0001
235.040,-1.7200,9.3640,-6.0001
235.049,-1.7269,9.3640,-6.0001
235.059,-1.7269,9.3640,-6.0001
235.067,-1.7337,9.3640,-6.0001
235.077,-1.7337,9.3640,-6.0001
235.084,-1.7405,9.3640,-6.0001
235.094,-1.7405,9.3640,-6.0001
235.102,-1.7405,9.3640,-6.0001
235.111,-1.7474,9.3640,-6.0001
235.120,-1.7474,9.3640,-6.0001
235.128,-1.7542,9.3640,-6.0001
235.137,-1.7542,9.3640,-6.0001
235.145,-1.7610,9.3640,-6.0001
235.155,-1.7610,9.3640,-6.0001
235.162,-1.7679,9.3640,-6.0001
235.172,-1.7679,9.3640,-6.0001
235.180,-1.7679,9.3640,-6.0001
235.189,-1.7747,9.3640,-6.0001
235.199,-1.7747,9.3640,-6.0001
235.206,-1.7815,9.3640,-6.0001
235.218,-1.7815,9.3640,-6.0001
235.226,-1.7884,9.3640,-6.0001
235.236,-1.7884,9.3640,-6.0001
235.244,-1.7952,9.3640,-6.0001
235.254,-1.7952,9.3640,-6.0001
235.262,-1.7952,9.3640,-6.0001
235.268,-1.8020,9.3640,-6.0001
235.278,-1.8020,9.3640,-6.0001
235.286,-1.8088,9.3640,-6.0001
235.296,-1.8088,9.3640,-6.0001
235.302,-1.8157,9.3640,-6.0001
235.313,-1.8157,9.3640,-6.0001
235.322,-1.8157,9.3640,-6.0001
235.330,-1.8225,9.3640,-6.0001
235.338,-1.8225,9.3640,-6.0001
235.346,-1.8293,9.3640,-6.0001
235.357,-1.8293,9.3640,-6.0001
235.364,-1.8362,9.3640,-6.0001
235.373,-1.8362,9.3640,-6.0001
235.382,-1.8430,9.3640,-6.0001
235.391,-1.8430,9.3640,-6.0001
235.399,-1.8430,9.3640,-6.0001
235.409,-1.8498,9.3640,-6.0001
235.418,-1.8498,9.3640,-6.0001
235.426,-1.8567,9.3640,-6.0001
235.435,-1.8567,9.3640,-6.0001
235.444,-1.8635,9.3640,-6.0001
235.453,-1.8635,9.3640,-6.0001
235.460,-1.8635,9.3640,-6.0001
235.468,-1.8703,9.3640,-6.0001
235.479,-1.8703,9.3640,-6.0001
235.488,-1.8771,9.3640,-6.0001
235.497,-1.8771,9.3640,-6.0001
235.505,-1.8840,9.3640,-6.0001
235.515,-1.8840,9.3640,-6.0001
235.522,-1.8908,9.3640,-6.0001
235.532,-1.8908,9.3640,-6.0001
235.540,-1.8908,9.3640,-6.0001
235.548,-1.8976,9.3640,-6.0001
235.559,-1.8976,9.3640,-6.0001
235.566,-1.9045,9.3640,-6.0001
235.578,-1.9045,9.3640,-6.0001
235.586,-1.9113,9.3640,-6.0001
235.597,-1.9113,9.3640,-6.0001
235.605,-1.9181,9.3640,-6.0001
235.614,-1.9181,9.3640,-6.0001
235.623,-1.9250,9.3640,-6.0001
235.632,-1.9250,9.3640,-6.0001
235.640,-1.9250,9.3640,-6.0001
235.648,-1.9318,9.3640,-6.0001
235.659,-1.9318,9.3640,-6.0001
235.667,-1.9386,9.3640,-6.0001
235.676,-1.9386,9.3640,-6.0001
235.685,-1.9455,9.3640,-6.0001
235.695,-1.9455,9.3640,-6.0001
235.704,-1.9523,9.3640,-6.0001
235.716,-1.9523,9.3640,-6.0001
235.723,-1.9591,9.3640,-6.0001
235.732,-1.9591,9.3640,-6.0001
235.740,-1.9591,9.3640,-6.0001
235.750,-1.9659,9.3640,-6.0001
235.760,-1.9659,9.3640,-6.0001
235.769,-1.9728,9.3640,-6.0001
235.779,-1.9728,9.3640,-6.0001
235.788,-1.9796,9.3640,-6.0001
235.798,-1.9796,9.3640,-6.0001
235.806,-1.9864,9.3640,-6.0001
235.816,-1.9864,9.3640,-6.0001
235.825,-1.9933,9.3640,-6.0001
235.834,-1.9933,9.3640,-6.0001
235.843,-2.0001,9.3640,-6.0001
235.853,-2.0001,9.3640,-6.0001
235.863,-2.0069,9.3640,-6.0001
235.872,-2.0069,9.3640,-6.0001
235.879,-2.0069,9.3640,-6.0001
235.888,-2.0138,9.3640,-6.0001
235.898,-2.0138,9.3640,-6.0001
235.906,-2.0206,9.3640,-6.0001
235.917,-2.0206,9.3640,-6.0001
235.926,-2.0274,9.3640,-6.0001
235.936,-2.0274,9.3640,-6.0001
235.944,-2.0343,9.3640,-6.0001
235.954,-2.0343,9.3640,-6.0001
235.962,-2.0343,9.3640,-6.0001
235.970,-2.0411,9.3640,-6.0001
235.981,-2.0411,9.3640,-6.0001
235.990,-2.0479,9.3640,-6.0001
236.001,-2.0479,9.3640,-6.0001
236.009,-2.0548,9.3640,-6.0001
236.019,-2.0548,9.3640,-6.0001
236.028,-2.0616,9.3640,-6.0001
236.037,-2.0616,9.3640,-6.0001
236.045,-2.0684,9.3640,-6.0001
236.054,-2.0684,9.3640,-6.0001
236.062,-2.0753,9.3640,-6.0001
236.070,-2.0753,9.3640,-6.0001
236.079,-2.0753,9.3640,-6.0001
236.086,-2.0821,9.3640,-6.0001
236.096,-2.0821,9.3640,-6.0001
236.104,-2.0890,9.3640,-6.0001
236.113,-2.0890,9.3640,-6.0001
236.122,-2.0958,9.3640,-6.0001
236.130,-2.0958,9.3640,-6.0001
236.138,-2.0958,9.3640,-6.0001
236.146,-2.1026,9.3640,-6.0001
236.155,-2.1026,9.3640,-6.0001
236.163,-2.1094,9.3640,-6.0001
236.172,-2.1094,9.3640,-6.0001
236.179,-2.1094,9.3640,-6.0001
236.188,-2.1163,9.3640,-6.0001
236.198,-2.1163,9.3640,-6.0001
236.206,-2.1231,9.3640,-6.0001
236.216,-2.1231,9.3640,-6.0001
236.223,-2.1299,9.3640,-6.0001
236.233,-2.1299,9.3640,-6.0001
236.240,-2.1299,9.3640,-6.0001
236.249,-2.1367,9.3640,-6.0001
236.259,-2.1367,9.3640,-6.0001
236.267,-2.1435,9.3640,-6.0001
236.276,-2.1435,9.3640,-6.0001
236.285,-2.1504,9.3640,-6.0001
236.295,-2.1504,9.3640,-6.0001
236.301,-2.1504,9.3640,-6.0001
236.310,-2.1572,9.3640,-6.0001
236.320,-2.1572,9.3640,-6.0001
236.328,-2.1640,9.3640,-6.0001
236.335,-2.1640,9.3640,-6.0001
236.344,-2.1708,9.3640,-6.0001
236.354,-2.1708,9.3640,-6.0001
236.361,-2.1708,9.3640,-6.0001
236.369,-2.1776,9.3640,-6.0001
236.379,-2.1776,9.3640,-6.0001
236.388,-2.1844,9.3640,-6.0001
236.397,-2.1844,9.3640,-6.0001
236.406,-2.1912,9.3640,-6.0001
236.415,-2.1912,9.3640,-6.0001
236.422,-2.1981,9.3640,-6.0001
236.433,-2.1981,9.3640,-6.0001
236.440,-2.1981,9.3640,-6.0001
236.448,-2.2049,9.3640,-6.0001
236.457,-2.2049,9.3640,-6.0001
236.466,-2.2117,9.3640,-6.0001
236.475,-2.2117,9.3640,-6.0001
236.483,-2.2185,9.3640,-6.0001
236.493,-2.2185,9.3640,-6.0001
236.501,-2.2185,9.3640,-6.0001
236.509,-2.2253,9.3640,-6.0001
236.519,-2.2253,9.3640,-6.0001
236.527,-2.2321,9.3640,-6.0001
236.545,-2.2389,9.3640,-6.0001
236.555,-2.2389,9.3640,-6.0001
236.563,-2.2457,9.3640,-6.0001
236.572,-2.2457,9.3640,-6.0001
236.580,-2.2457,9.3640,-6.0001
236.589,-2.2526,9.3640,-6.0001
236.598,-2.2526,9.3640,-6.0001
236.606,-2.2594,9.3640,-6.0001
236.616,-2.2594,9.3640,-6.0001
236.625,-2.2662,9.3640,-6.0001
236.634,-2.2662,9.3640,-6.0001
236.641,-2.2662,9.3640,-6.0001
236.649,-2.2730,9.3640,-6.0001
236.659,-2.2730,9.3640,-6.0001
236.666,-2.2798,9.3640,-6.0001
236.676,-2.2798,9.3640,-6.0001
236.685,-2.2866,9.3640,-6.0001
236.694,-2.2866,9.3640,-6.0001
236.702,-2.2866,9.3640,-6.0001
236.710,-2.2934,9.3640,-6.0001
236.718,-2.2934,9.3640,-6.0001
236.726,-2.3002,9.3640,-6.0001
236.733,-2.3002,9.3640,-6.0001
236.743,-2.3070,9.3640,-6.0001
236.751,-2.3070,9.3640,-6.0001
236.759,-2.3070,9.3640,-6.0001
236.766,-2.3139,9.3640,-6.0001
236.776,-2.3139,9.3640,-6.0001
236.783,-2.3207,9.3640,-6.0001
236.793,-2.3207,9.3640,-6.0001
236.801,-2.3207,9.3640,-6.0001
236.809,-2.3275,9.3640,-6.0001
236.818,-2.3275,9.3640,-6.0001
236.827,-2.3343,9.3640,-6.0001
236.837,-2.3343,9.3640,-6.0001
236.845,-2.3411,9.3640,-6.0001
236.856,-2.3411,9.3640,-6.0001
236.864,-2.3479,9.3640,-6.0001
236.874,-2.3479,9.3640,-6.0001
236.882,-2.3547,9.3640,-6.0001
236.893,-2.3547,9.3640,-6.0001
236.901,-2.3547,9.3640,-6.0001
236.909,-2.3616,9.3640,-6.0001
236.919,-2.3616,9.3640,-6.0001
236.927,-2.3684,9.3640,-6.0001
236.936,-2.3684,9.3640,-6.0001
236.945,-2.3752,9.3640,-6.0001
236.955,-2.3752,9.3640,-6.0001
236.963,-2.3820,9.3640,-6.0001
236.972,-2.3820,9.3640,-6.0001
236.982,-2.3888,9.3640,-6.0001
236.992,-2.3888,9.3640,-6.0001
237.001,-2.3888,9.3640,-6.0001
237.011,-2.3957,9.3640,-6.0001
237.020,-2.3957,9.3640,-6.0001
237.029,-2.4025,9.3640,-6.0001
237.037,-2.4025,9.3640,-6.0001
237.046,-2.4093,9.3640,-6.0001
237.056,-2.4093,9.3640,-6.0001
237.065,-2.4161,9.3640,-6.0001
237.075,-2.4161,9.3640,-6.0001
237.083,-2.4229,9.3640,-6.0001
237.094,-2.4229,9.3640,-6.0001
237.102,-2.4229,9.3640,-6.0001
237.110,-2.4298,9.3640,-6.0001
237.120,-2.4298,9.3640,-6.0001
237.128,-2.4366,9.3640,-6.0001
237.137,-2.4366,9.3640,-6.0001
237.145,-2.4434,9.3640,-6.0001
237.155,-2.4434,9.3640,-6.0001
237.163,-2.4502,9.3640,-6.0001
237.173,-2.4502,9.3640,-6.0001
237.181,-2.4502,9.3640,-6.0001
237.189,-2.4570,9.3640,-6.0001
237.198,-2.4570,9.3640,-6.0001
237.206,-2.4639,9.3640,-6.0001
237.216,-2.4639,9.3640,-6.0001
237.226,-2.4707,9.3640,-6.0001
237.234,-2.4707,9.3640,-6.0001
237.243,-2.4775,9.3640,-6.0001
237.254,-2.4775,9.3640,-6.0001
237.263,-2.4843,9.3640,-6.0001
237.274,-2.4843,9.3640,-6.0001
237.282,-2.4911,9.3640,-6.0001
237.292,-2.4911,9.3640,-6.0001
237.300,-2.4911,9.3640,-6.0001
237.310,-2.4979,9.3640,-6.0001
237.320,-2.4979,9.3640,-6.0001
237.328,-2.5048,9.3640,-6.0001
237.336,-2.5048,9.3640,-6.0001
237.345,-2.5116,9.3640,-6.0001
237.354,-2.5116,9.3640,-6.0001
237.362,-2.5184,9.3640,-6.0001
237.371,-2.5184,9.3640,-6.0001
237.379,-2.5184,9.3640,-6.0001
237.388,-2.5252,9.3640,-6.0001
237.397,-2.5252,9.3640,-6.0001
237.405,-2.5320,9.3640,-6.0001
237.415,-2.5320,9.3640,-6.0001
237.423,-2.5389,9.3640,-6.0001
237.433,-2.5389,9.3640,-6.0001
237.440,-2.5389,9.3640,-6.0001
237.448,-2.5457,9.3640,-6.0001
237.458,-2.5457,9.3640,-6.0001
237.466,-2.5525,9.3640,-6.0001
237.476,-2.5525,9.3640,-6.0001
237.484,-2.5593,9.3640,-6.0001
237.494,-2.5593,9.3640,-6.0001
237.502,-2.5593,9.3640,-6.0001
237.510,-2.5662,9.3640,-6.0001
237.520,-2.5662,9.3640,-6.0001
237.528,-2.5730,9.3640,-6.0001
237.536,-2.5730,9.3640,-6.0001
237.546,-2.5798,9.3640,-6.0001
237.555,-2.5798,9.3640,-6.0001
237.563,-2.5866,9.3640,-6.0001
237.571,-2.5866,9.3640,-6.0001
237.579,-2.5866,9.3640,-6.0001
237.588,-2.5934,9.3640,-6.0001
237.596,-2.5934,9.3640,-6.0001
237.604,-2.6003,9.3640,-6.0001
237.613,-2.6003,9.3640,-6.0001
237.621,-2.6003,9.3640,-6.0001
237.628,-2.6071,9.3640,-6.0001
237.637,-2.6071,9.3640,-6.0001
237.645,-2.6139,9.3640,-6.0001
237.654,-2.6139,9.3640,-6.0001
237.662,-2.6207,9.3640,-6.0001
237.671,-2.6207,9.3640,-6.0001
237.679,-2.6207,9.3640,-6.0001
237.687,-2.6276,9.3640,-6.0001
237.697,-2.6276,9.3640,-6.0001
237.704,-2.6344,9.3640,-6.0001
237.713,-2.6344,9.3640,-6.0001
237.721,-2.6344,9.3640,-6.0001
237.729,-2.6412,9.3640,-6.0001
237.737,-2.6412,9.3640,-6.0001
237.745,-2.6480,9.3640,-6.0001
237.755,-2.6480,9.3640,-6.0001
237.763,-2.6549,9.3640,-6.0001
237.771,-2.6549,9.3640,-6.0001
237.779,-2.6549,9.3640,-6.0001
237.786,-2.6617,9.3640,-6.0001
237.796,-2.6617,9.3640,-6.0001
237.803,-2.6685,9.3640,-6.0001
237.812,-2.6685,9.3640,-6.0001
237.820,-2.6685,9.3640,-6.0001
237.828,-2.6754,9.3640,-6.0001
237.836,-2.6754,9.3640,-6.0001
237.844,-2.6822,9.3640,-6.0001
237.852,-2.6822,9.3640,-6.0001
237.860,-2.6822,9.3640,-6.0001
237.867,-2.6890,9.3640,-6.0001
237.876,-2.6890,9.3640,-6.0001
237.885,-2.6958,9.3640,-6.0001
237.894,-2.6958,9.3640,-6.0001
237.902,-2.6958,9.3640,-6.0001
237.910,-2.7027,9.3640,-6.0001
237.919,-2.7027,9.3640,-6.0001
237.927,-2.7095,9.3640,-6.0001
237.936,-2.7095,9.3640,-6.0001
237.945,-2.7163,9.3640,-6.0001
237.953,-2.7163,9.3640,-6.0001
237.961,-2.7163,9.3640,-6.0001
237.969,-2.7232,9.3640,-6.0001
237.977,-2.7232,9.3640,-6.0001
237.985,-2.7300,9.3640,-6.0001
237.995,-2.7300,9.3640,-6.0001
238.002,-2.7368,9.3640,-6.0001
238.011,-2.7368,9.3640,-6.0001
238.019,-2.7368,9.3640,-6.0001
238.027,-2.7436,9.3640,-6.0001
238.036,-2.7436,9.3640,-6.0001
238.044,-2.7505,9.3640,-6.0001
238.053,-2.7505,9.3640,-6.0001
238.060,-2.7505,9.3640,-6.0001
238.068,-2.7573,9.3640,-6.0001
238.078,-2.7573,9.3640,-6.0001
238.086,-2.7641,9.3640,-6.0001
238.096,-2.7641,9.3640,-6.0001
238.104,-2.7710,9.3640,-6.0001
238.114,-2.7710,9.3640,-6.0001
238.123,-2.7778,9.3640,-6.0001
238.133,-2.7778,9.3640,-6.0001
238.141,-2.7778,9.3640,-6.0001
238.150,-2.7846,9.3640,-6.0001
238.159,-2.7846,9.3640,-6.0001
238.168,-2.7914,9.3640,-6.0001
238.177,-2.7914,9.3640,-6.0001
238.186,-2.7983,9.3640,-6.0001
238.196,-2.7983,9.3640,-6.0001
238.203,-2.8051,9.3640,-6.0001
238.214,-2.8051,9.3640,-6.0001
238.222,-2.8119,9.3640,-6.0001
238.232,-2.8119,9.3640,-6.0001
238.239,-2.8119,9.3640,-6.0001
238.248,-2.8188,9.3640,-6.0001
238.257,-2.8188,9.3640,-6.0001
238.266,-2.8256,9.3640,-6.0001
238.277,-2.8256,9.3640,-6.0001
238.286,-2.8324,9.3640,-6.0001
238.296,-2.8324,9.3640,-6.0001
238.304,-2.8392,9.3640,-6.0001
238.316,-2.8392,9.3640,-6.0001
238.326,-2.8461,9.3640,-6.0001
238.335,-2.8461,9.3640,-6.0001
238.344,-2.8529,9.3640,-6.0001
238.354,-2.8529,9.3640,-6.0001
238.362,-2.8597,9.3640,-6.0001
238.373,-2.8597,9.3640,-6.0001
238.380,-2.8597,9.3640,-6.0001
238.389,-2.8666,9.3640,-6.0001
238.399,-2.8666,9.3640,-6.0001
238.407,-2.8734,9.3640,-6.0001
238.416,-2.8734,9.3640,-6.0001
238.424,-2.8802,9.3640,-6.0001
238.434,-2.8802,9.3640,-6.0001
238.442,-2.8871,9.3640,-6.0001
238.453,-2.8871,9.3640,-6.0001
238.462,-2.8871,9.3640,-6.0001
238.469,-2.8939,9.3640,-6.0001
238.478,-2.8939,9.3640,-6.0001
238.488,-2.9007,9.3640,-6.0001
238.498,-2.9007,9.3640,-6.0001
238.506,-2.9076,9.3640,-6.0001
238.517,-2.9076,9.3640,-6.0001
238.526,-2.9144,9.3640,-6.0001
238.536,-2.9144,9.3640,-6.0001
238.546,-2.9212,9.3640,-6.0001
238.556,-2.9212,9.3640,-6.0001
238.564,-2.9281,9.3640,-6.0001
238.574,-2.9281,9.3640,-6.0001
238.583,-2.9349,9.3640,-6.0001
238.593,-2.9349,9.3640,-6.0001
238.600,-2.9349,9.3640,-6.0001
238.609,-2.9417,9.3640,-6.0001
238.617,-2.9417,9.3640,-6.0001
238.625,-2.9486,9.3640,-6.0001
238.635,-2.9486,9.3640,-6.0001
238.643,-2.9554,9.3640,-6.0001
238.652,-2.9554,9.3640,-6.0001
238.660,-2.9554,9.3640,-6.0001
238.668,-2.9622,9.3640,-6.0001
238.677,-2.9622,9.3640,-6.0001
238.684,-2.9690,9.3640,-6.0001
238.694,-2.9690,9.3640,-6.0001
238.702,-2.9759,9.3640,-6.0001
238.712,-2.9759,9.3640,-6.0001
238.720,-2.9759,9.3640,-6.0001
238.729,-2.9827,9.3640,-6.0001
238.737,-2.9827,9.3640,-6.0001
238.745,-2.9895,9.3640,-6.0001
238.754,-2.9895,9.3640,-6.0001
238.763,-2.9963,9.3640,-6.0001
238.771,-2.9963,9.3640,-6.0001
238.779,-2.9963,9.3640,-6.0001
238.788,-3.0032,9.3640,-6.0001
238.797,-3.0032,9.3640,-6.0001
238.805,-3.0100,9.3640,-6.0001
238.814,-3.0100,9.3640,-6.0001
238.823,-3.0168,9.3640,-6.0001
238.831,-3.0168,9.3640,-6.0001
238.840,-3.0168,9.3640,-6.0001
238.847,-3.0237,9.3640,-6.0001
238.857,-3.0237,9.3640,-6.0001
238.864,-3.0305,9.3640,-6.0001
238.873,-3.0305,9.3640,-6.0001
238.882,-3.0373,9.3640,-6.0001
238.893,-3.0373,9.3640,-6.0001
238.909,-3.0441,9.3640,-6.0001
238.920,-3.0441,9.3640,-6.0001
238.927,-3.0510,9.3640,-6.0001
238.935,-3.0510,9.3640,-6.0001
238.943,-3.0578,9.3640,-6.0001
238.954,-3.0578,9.3640,-6.0001
238.961,-3.0578,9.3640,-6.0001
238.968,-3.0646,9.3640,-6.0001
238.977,-3.0646,9.3640,-6.0001
238.985,-3.0714,9.3640,-6.0001
238.994,-3.0714,9.3640,-6.0001
239.002,-3.0783,9.3640,-6.0001
239.012,-3.0783,9.3640,-6.0001
239.019,-3.0783,9.3640,-6.0001
239.027,-3.0851,9.3640,-6.0001
239.036,-3.0851,9.3640,-6.0001
239.044,-3.0919,9.3640,-6.0001
239.052,-3.0919,9.3640,-6.0001
239.061,-3.0919,9.3640,-6.0001
239.068,-3.0987,9.3640,-6.0001
239.079,-3.0987,9.3640,-6.0001
239.087,-3.1055,9.3640,-6.0001
239.096,-3.1055,9.3640,-6.0001
239.103,-3.1124,9.3640,-6.0001
239.113,-3.1124,9.3640,-6.0001
239.121,-3.1124,9.3640,-6.0001
239.129,-3.1192,9.3640,-6.0001
239.139,-3.1192,9.3640,-6.0001
239.147,-3.1260,9.3640,-6.0001
239.157,-3.1260,9.3640,-6.0001
239.165,-3.1328,9.3640,-6.0001
239.173,-3.1328,9.3640,-6.0001
239.182,-3.1328,9.3640,-6.0001
239.189,-3.1396,9.3640,-6.0001
239.198,-3.1396,9.3640,-6.0001
239.207,-3.1464,9.3640,-6.0001
239.217,-3.1464,9.3640,-6.0001
239.224,-3.1532,9.3640,-6.0001
239.233,-3.1532,9.3640,-6.0001
239.241,-3.1532,9.3640,-6.0001
239.249,-3.1600,9.3640,-6.0001
239.260,-3.1600,9.3640,-6.0001
239.268,-3.1669,9.3640,-6.0001
239.278,-3.1669,9.3640,-6.0001
239.286,-3.1737,9.3640,-6.0001
239.296,-3.1737,9.3640,-6.0001
239.305,-3.1805,9.3640,-6.0001
239.314,-3.1805,9.3640,-6.0001
239.323,-3.1873,9.3640,-6.0001
239.333,-3.1873,9.3640,-6.0001
239.341,-3.1873,9.3640,-6.0001
239.350,-3.1941,9.3640,-6.0001
239.360,-3.1941,9.3640,-6.0001
239.369,-3.2009,9.3640,-6.0001
239.379,-3.2009,9.3640,-6.0001
239.388,-3.2077,9.3640,-6.0001
239.400,-3.2077,9.3640,-6.0001
239.409,-3.2145,9.3640,-6.0001
239.419,-3.2145,9.3640,-6.0001
239.429,-3.2213,9.3640,-6.0001
239.438,-3.2213,9.3640,-6.0001
239.448,-3.2281,9.3640,-6.0001
239.460,-3.2281,9.3640,-6.0001
239.468,-3.2349,9.3640,-6.0001
239.480,-3.2349,9.3640,-6.0001
239.489,-3.2417,9.3640,-6.0001
239.500,-3.2417,9.3640,-6.0001
239.509,-3.2485,9.3640,-6.0001
239.520,-3.2485,9.3640,-6.0001
239.530,-3.2553,9.3640,-6.0001
239.540,-3.2553,9.3640,-6.0001
239.550,-3.2621,9.3640,-6.0001
239.560,-3.2621,9.3640,-6.0001
239.569,-3.2689,9.3640,-6.0001
239.580,-3.2689,9.3640,-6.0001
239.590,-3.2757,9.3640,-6.0001
239.600,-3.2757,9.3640,-6.0001
239.609,-3.2825,9.3640,-6.0001
239.619,-3.2825,9.3640,-6.0001
239.627,-3.2893,9.3640,-6.0001
239.637,-3.2893,9.3640,-6.0001
239.645,-3.2961,9.3640,-6.0001
239.656,-3.2961,9.3640,-6.0001
239.665,-3.3029,9.3640,-6.0001
239.675,-3.3029,9.3640,-6.0001
239.684,-3.3097,9.3640,-6.0001
239.693,-3.3097,9.3640,-6.0001
239.703,-3.3165,9.3640,-6.0001
239.712,-3.3165,9.3640,-6.0001
239.721,-3.3165,9.3640,-6.0001
239.729,-3.3233,9.3640,-6.0001
239.737,-3.3233,9.3640,-6.0001
239.746,-3.3302,9.3640,-6.0001
239.757,-3.3302,9.3640,-6.0001
239.765,-3.3370,9.3640,-6.0001
239.774,-3.3370,9.3640,-6.0001
239.783,-3.3438,9.3640,-6.0001
239.793,-3.3438,9.3640,-6.0001
239.801,-3.3438,9.3640,-6.0001
239.809,-3.3506,9.3640,-6.0001
239.820,-3.3506,9.3640,-6.0001
239.828,-3.3574,9.3640,-6.0001
239.837,-3.3574,9.3640,-6.0001
239.844,-3.3642,9.3640,-6.0001
239.854,-3.3642,9.3640,-6.0001
239.861,-3.3642,9.3640,-6.0001
239.869,-3.3710,9.3640,-6.0001
239.877,-3.3710,9.3640,-6.0001
239.886,-3.3778,9.3640,-6.0001
239.896,-3.3778,9.3640,-6.0001
239.905,-3.3846,9.3640,-6.0001
239.914,-3.3846,9.3640,-6.0001
239.921,-3.3846,9.3640,-6.0001
239.930,-3.3914,9.3640,-6.0001
239.938,-3.3914,9.3640,-6.0001
239.946,-3.3982,9.3640,-6.0001
239.954,-3.3982,9.3640,-6.0001
239.963,-3.4051,9.3640,-6.0001
239.971,-3.4051,9.3640,-6.0001
239.979,-3.4051,9.3640,-6.0001
239.987,-3.4119,9.3640,-6.0001
239.996,-3.4119,9.3640,-6.0001
240.003,-3.4187,9.3640,-6.0001
240.012,-3.4187,9.3640,-6.0001
240.020,-3.4187,9.3640,-6.0001
240.028,-3.4255,9.3640,-6.0001
240.037,-3.4255,9.3640,-6.0001
240.044,-3.4323,9.3640,-6.0001
240.052,-3.4323,9.3640,-6.0001
240.061,-3.4323,9.3640,-6.0001
240.068,-3.4391,9.3640,-6.0001
240.076,-3.4391,9.3640,-6.0001
240.085,-3.4459,9.3640,-6.0001
240.093,-3.4459,9.3640,-6.0001
240.101,-3.4459,9.3640,-6.0001
240.109,-3.4528,9.3640,-6.0001
240.118,-3.4528,9.3640,-6.0001
240.126,-3.4596,9.3640,-6.0001
240.134,-3.4596,9.3640,-6.0001
240.142,-3.4596,9.3640,-6.0001
240.150,-3.4664,9.3640,-6.0001
240.158,-3.4664,9.3640,-6.0001
240.166,-3.4732,9.3640,-6.0001
240.175,-3.4732,9.3640,-6.0001
240.184,-3.4800,9.3640,-6.0001
240.193,-3.4800,9.3640,-6.0001
240.200,-3.4800,9.3640,-6.0001
240.207,-3.4868,9.3640,-6.0001
240.216,-3.4868,9.3640,-6.0001
240.223,-3.4937,9.3640,-6.0001
240.233,-3.4937,9.3640,-6.0001
240.240,-3.4937,9.3640,-6.0001
240.247,-3.5005,9.3640,-6.0001
240.255,-3.5005,9.3640,-6.0001
240.264,-3.5073,9.3640,-6.0001
240.272,-3.5073,9.3640,-6.0001
240.280,-3.5073,9.3640,-6.0001
240.288,-3.5142,9.3640,-6.0001
240.297,-3.5142,9.3640,-6.0001
240.306,-3.5210,9.3640,-6.0001
240.314,-3.5210,9.3640,-6.0001
240.323,-3.5278,9.3640,-6.0001
240.332,-3.5278,9.3640,-6.0001
240.340,-3.5278,9.3640,-6.0001
240.347,-3.5347,9.3640,-6.0001
240.357,-3.5347,9.3640,-6.0001
240.364,-3.5415,9.3640,-6.0001
240.372,-3.5415,9.3640,-6.0001
240.380,-3.5415,9.3640,-6.0001
240.388,-3.5483,9.3640,-6.0001
240.397,-3.5483,9.3640,-6.0001
240.405,-3.5551,9.3640,-6.0001
240.414,-3.5551,9.3640,-6.0001
240.422,-3.5620,9.3640,-6.0001
240.431,-3.5620,9.3640,-6.0001
240.439,-3.5620,9.3640,-6.0001
240.448,-3.5688,9.3640,-6.0001
240.457,-3.5688,9.3640,-6.0001
240.465,-3.5756,9.3640,-6.0001
240.475,-3.5756,9.3640,-6.0001
240.484,-3.5825,9.3640,-6.0001
240.494,-3.5825,9.3640,-6.0001
240.501,-3.5825,9.3640,-6.0001
240.509,-3.5893,9.3640,-6.0001
240.519,-3.5893,9.3640,-6.0001
240.526,-3.5961,9.3640,-6.0001
240.534,-3.5961,9.3640,-6.0001
240.542,-3.6030,9.3640,-6.0001
240.551,-3.6030,9.3640,-6.0001
240.558,-3.6030,9.3640,-6.0001
240.566,-3.6098,9.3640,-6.0001
240.575,-3.6098,9.3640,-6.0001
240.583,-3.6166,9.3640,-6.0001
240.592,-3.6166,9.3640,-6.0001
240.600,-3.6166,9.3640,-6.0001
240.609,-3.6234,9.3640,-6.0001
240.619,-3.6234,9.3640,-6.0001
240.627,-3.6303,9.3640,-6.0001
240.637,-3.6303,9.3640,-6.0001
240.645,-3.6371,9.3640,-6.0001
240.655,-3.6371,9.3640,-6.0001
240.664,-3.6439,9.3640,-6.0001
240.673,-3.6439,9.3640,-6.0001
240.681,-3.6439,9.3640,-6.0001
240.689,-3.6507,9.3640,-6.0001
240.700,-3.6507,9.3640,-6.0001
240.709,-3.6575,9.3640,-6.0001
240.719,-3.6575,9.3640,-6.0001
240.728,-3.6644,9.3640,-6.0001
240.737,-3.6644,9.3640,-6.0001
240.746,-3.6712,9.3640,-6.0001
240.758,-3.6712,9.3640,-6.0001
240.765,-3.6780,9.3640,-6.0001
240.776,-3.6780,9.3640,-6.0001
240.784,-3.6848,9.3640,-6.0001
240.795,-3.6848,9.3640,-6.0001
240.803,-3.6916,9.3640,-6.0001
240.813,-3.6916,9.3640,-6.0001
240.823,-3.6985,9.3640,-6.0001
240.833,-3.6985,9.3640,-6.0001
240.842,-3.7053,9.3640,-6.0001
240.854,-3.7053,9.3640,-6.0001
240.863,-3.7121,9.3640,-6.0001
240.872,-3.7121,9.3640,-6.0001
240.881,-3.7121,9.3640,-6.0001
240.890,-3.7189,9.3640,-6.0001
240.902,-3.7189,9.3640,-6.0001
240.910,-3.7257,9.3640,-6.0001
240.922,-3.7257,9.3640,-6.0001
240.930,-3.7325,9.3640,-6.0001
240.940,-3.7325,9.3640,-6.0001
240.949,-3.7393,9.3640,-6.0001
240.960,-3.7393,9.3640,-6.0001
240.968,-3.7460,9.3640,-6.0001
240.978,-3.7460,9.3640,-6.0001
240.987,-3.7528,9.3640,-6.0001
240.998,-3.7528,9.3640,-6.0001
241.005,-3.7595,9.3640,-6.0001
241.017,-3.7595,9.3640,-6.0001
241.026,-3.7662,9.3640,-6.0001
241.035,-3.7662,9.3640,-6.0001
241.044,-3.7729,9.3640,-6.0001
241.054,-3.7729,9.3640,-6.0001
241.064,-3.7795,9.3640,-6.0001
241.074,-3.7795,9.3640,-6.0001
241.083,-3.7861,9.3640,-6.0001
241.094,-3.7861,9.3640,-6.0001
241.102,-3.7926,9.3640,-6.0001
241.113,-3.7926,9.3640,-6.0001
241.123,-3.7991,9.3640,-6.0001
241.131,-3.7991,9.3640,-6.0001
241.139,-3.7991,9.3640,-6.0001
241.146,-3.8054,9.3640,-6.0001
241.156,-3.8054,9.3640,-6.0001
241.164,-3.8116,9.3640,-6.0001
241.173,-3.8116,9.3640,-6.0001
241.180,-3.8116,9.3640,-6.0001
241.189,-3.8177,9.3640,-6.0001
241.199,-3.8177,9.3640,-6.0001
241.207,-3.8235,9.3640,-6.0001
241.216,-3.8235,9.3640,-6.0001
241.224,-3.8293,9.3640,-6.0001
241.234,-3.8293,9.3640,-6.0001
241.242,-3.8293,9.3640,-6.0001
241.251,-3.8347,9.3640,-6.0001
241.260,-3.8347,9.3640,-6.0001
241.269,-3.8374,9.3640,-6.0001
241.279,-3.8374,9.3640,-6.0001
241.288,-3.8399,9.3640,-6.0001
241.297,-3.8399,9.3640,-6.0001
241.304,-3.8424,9.3640,-6.0001
241.323,-3.8448,9.3640,-6.0001
241.333,-3.8448,9.3640,-6.0001
241.341,-3.8448,9.3640,-6.0001
241.349,-3.8471,9.3640,-6.0001
241.360,-3.8471,9.3640,-6.0001
241.368,-3.8494,9.3640,-6.0001
241.377,-3.8494,9.3640,-6.0001
241.384,-3.8516,9.3640,-6.0001
241.395,-3.8516,9.3640,-6.0001
241.402,-3.8537,9.3640,-6.0001
241.413,-3.8537,9.3640,-6.0001
241.422,-3.8558,9.3640,-6.0001
241.432,-3.8558,9.3640,-6.0001
241.439,-3.8558,9.3640,-6.0001
241.446,-3.8578,9.3640,-6.0001
241.457,-3.8578,9.3640,-6.0001
241.465,-3.8599,9.3640,-6.0001
241.475,-3.8599,9.3640,-6.0001
241.484,-3.8619,9.3640,-6.0001
241.493,-3.8619,9.3640,-6.0001
241.501,-3.8619,9.3640,-6.0001
241.510,-3.8639,9.3640,-6.0001
241.519,-3.8639,9.3640,-6.0001
241.527,-3.8659,9.3640,-6.0001
241.536,-3.8659,9.3640,-6.0001
241.544,-3.8679,9.3640,-6.0001
241.553,-3.8679,9.3640,-6.0001
241.562,-3.8700,9.3640,-6.0001
241.570,-3.8700,9.3640,-6.0001
241.578,-3.8700,9.3640,-6.0001
241.586,-3.8720,9.3640,-6.0001
241.596,-3.8720,9.3640,-6.0001
241.604,-3.8740,9.3640,-6.0001
241.613,-3.8740,9.3640,-6.0001
241.620,-3.8740,9.3640,-6.0001
241.629,-3.8760,9.3640,-6.0001
241.639,-3.8760,9.3640,-6.0001
241.646,-3.8781,9.3640,-6.0001
241.656,-3.8781,9.3640,-6.0001
241.664,-3.8801,9.3640,-6.0001
241.673,-3.8801,9.3640,-6.0001
241.681,-3.8801,9.3640,-6.0001
241.690,-3.8822,9.3640,-6.0001
241.698,-3.8822,9.3640,-6.0001
241.706,-3.8842,9.3640,-6.0001
241.715,-3.8842,9.3640,-6.0001
241.723,-3.8863,9.3640,-6.0001
241.732,-3.8863,9.3640,-6.0001
241.739,-3.8863,9.3640,-6.0001
241.749,-3.8884,9.3640,-6.0001
241.759,-3.8884,9.3640,-6.0001
241.766,-3.8905,9.3640,-6.0001
241.775,-3.8905,9.3640,-6.0001
241.784,-3.8925,9.3640,-6.0001
241.792,-3.8925,9.3640,-6.0001
241.802,-3.8946,9.3640,-6.0001
241.812,-3.8946,9.3640,-6.0001
241.820,-3.8946,9.3640,-6.0001
241.829,-3.8967,9.3640,-6.0001
241.837,-3.8967,9.3640,-6.0001
241.846,-3.8988,9.3640,-6.0001
241.854,-3.8988,9.3640,-6.0001
241.862,-3.9009,9.3640,-6.0001
241.871,-3.9009,9.3640,-6.0001
241.880,-3.9009,9.3640,-6.0001
241.889,-3.9030,9.3640,-6.0001
241.899,-3.9030,9.3640,-6.0001
241.909,-3.9051,9.3640,-6.0001
241.918,-3.9051,9.3640,-6.0001
241.928,-3.9072,9.3640,-6.0001
241.937,-3.9072,9.3640,-6.0001
241.945,-3.9093,9.3640,-6.0001
241.955,-3.9093,9.3640,-6.0001
241.963,-3.9114,9.3640,-6.0001
241.973,-3.9114,9.3640,-6.0001
241.980,-3.9114,9.3640,-6.0001
241.990,-3.9135,9.3640,-6.0001
242.000,-3.9135,9.3640,-6.0001
242.008,-3.9156,9.3640,-6.0001
242.018,-3.9156,9.3640,-6.0001
242.027,-3.9177,9.3640,-6.0001
242.036,-3.9177,9.3640,-6.0001
242.044,-3.9198,9.3640,-6.0001
242.054,-3.9198,9.3640,-6.0001
242.062,-3.9219,9.3640,-6.0001
242.071,-3.9219,9.3640,-6.0001
242.080,-3.9219,9.3640,-6.0001
242.089,-3.9240,9.3640,-6.0001
242.100,-3.9240,9.3640,-6.0001
242.108,-3.9261,9.3640,-6.0001
242.120,-3.9261,9.3640,-6.0001
242.128,-3.9282,9.3640,-6.0001
242.138,-3.9282,9.3640,-6.0001
242.148,-3.9304,9.3640,-6.0001
242.158,-3.9304,9.3640,-6.0001
242.166,-3.9325,9.3640,-6.0001
242.177,-3.9325,9.3640,-6.0001
242.185,-3.9346,9.3640,-6.0001
242.195,-3.9346,9.3640,-6.0001
242.203,-3.9367,9.3640,-6.0001
242.213,-3.9367,9.3640,-6.0001
242.222,-3.9388,9.3640,-6.0001
242.233,-3.9388,9.3640,-6.0001
242.240,-3.9388,9.3640,-6.0001
242.248,-3.9409,9.3640,-6.0001
242.258,-3.9409,9.3640,-6.0001
242.267,-3.9430,9.3640,-6.0001
242.277,-3.9430,9.3640,-6.0001
242.286,-3.9451,9.3640,-6.0001
242.298,-3.9451,9.3640,-6.0001
242.307,-3.9472,9.3640,-6.0001
242.318,-3.9472,9.3640,-6.0001
242.327,-3.9493,9.3640,-6.0001
242.336,-3.9493,9.3640,-6.0001
242.346,-3.9514,9.3640,-6.0001
242.356,-3.9514,9.3640,-6.0001
242.365,-3.9535,9.3640,-6.0001
242.375,-3.9535,9.3640,-6.0001
242.384,-3.9556,9.3640,-6.0001
242.394,-3.9556,9.3640,-6.0001
242.401,-3.9556,9.3640,-6.0001
242.410,-3.9577,9.3640,-6.0001
242.419,-3.9577,9.3640,-6.0001
242.427,-3.9598,9.3640,-6.0001
242.435,-3.9598,9.3640,-6.0001
242.443,-3.9619,9.3640,-6.0001
242.453,-3.9619,9.3640,-6.0001
242.460,-3.9619,9.3640,-6.0001
242.468,-3.9640,9.3640,-6.0001
242.478,-3.9640,9.3640,-6.0001
242.486,-3.9661,9.3640,-6.0001
242.494,-3.9661,9.3640,-6.0001
242.502,-3.9682,9.3640,-6.0001
242.511,-3.9682,9.3640,-6.0001
242.520,-3.9682,9.3640,-6.0001
242.527,-3.9703,9.3640,-6.0001
242.537,-3.9703,9.3640,-6.0001
242.545,-3.9724,9.3640,-6.0001
242.555,-3.9724,9.3640,-6.0001
242.564,-3.9745,9.3640,-6.0001
242.572,-3.9745,9.3640,-6.0001
242.582,-3.9745,9.3640,-6.0001
242.589,-3.9766,9.3640,-6.0001
242.599,-3.9766,9.3640,-6.0001
242.607,-3.9787,9.3640,-6.0001
242.617,-3.9787,9.3640,-6.0001
242.626,-3.9808,9.3640,-6.0001
242.634,-3.9808,9.3640,-6.0001
242.642,-3.9828,9.3640,-6.0001
242.651,-3.9828,9.3640,-6.0001
242.660,-3.9828,9.3640,-6.0001
242.667,-3.9848,9.3640,-6.0001
242.678,-3.9848,9.3640,-6.0001
242.686,-3.9867,9.3640,-6.0001
242.695,-3.9867,9.3640,-6.0001
242.702,-3.9877,9.3640,-6.0001
242.711,-3.9877,9.3640,-6.0001
242.720,-3.9877,9.3640,-6.0001
242.728,-3.9885,9.3640,-6.0001
242.736,-3.9885,9.3640,-6.0001
242.744,-3.9893,9.3640,-6.0001
242.754,-3.9893,9.3640,-6.0001
242.762,-3.9893,9.3640,-6.0001
242.770,-3.9899,9.3640,-6.0001
242.779,-3.9899,9.3640,-6.0001
242.788,-3.9905,9.3640,-6.0001
242.798,-3.9905,9.3640,-6.0001
242.805,-3.9907,9.3640,-6.0001
242.815,-3.9907,9.3640,-6.0001
242.823,-3.9909,9.3640,-6.0001
242.832,-3.9909,9.3640,-6.0001
242.841,-3.9909,9.3640,-6.0001
242.849,-3.9910,9.3640,-6.0001
242.858,-3.9910,9.3640,-6.0001
242.865,-3.9910,9.3640,-6.0001
242.876,-3.9910,9.3640,-6.0001
242.884,-3.9910,9.3640,-6.0001
242.894,-3.9910,9.3640,-6.0001
242.902,-3.9910,9.3640,-6.0001
242.910,-3.9910,9.3640,-6.0001
242.919,-3.9910,9.3640,-6.0001
242.928,-3.9910,9.3640,-6.0001
242.937,-3.9910,9.3640,-6.0001
242.945,-3.9910,9.3640,-6.0001
242.954,-3.9910,9.3640,-6.0001
242.962,-3.9910,9.3640,-6.0001
242.970,-3.9910,9.3640,-6.0001
242.977,-3.9910,9.3640,-6.0001
242.986,-3.9910,9.3640,-6.0001
242.996,-3.9910,9.3640,-6.0001
243.003,-3.9910,9.3640,-6.0001
243.013,-3.9910,9.3640,-6.0001
243.022,-3.9910,9.3640,-6.0001
243.030,-3.9910,9.3640,-6.0001
243.038,-3.9910,9.3640,-6.0001
243.047,-3.9910,9.3640,-6.0001
243.056,-3.9910,9.3640,-6.0001
243.065,-3.9910,9.3640,-6.0001
243.072,-3.9910,9.3640,-6.0001
243.081,-3.9910,9.3640,-6.0001
243.089,-3.9910,9.3640,-6.0001
243.098,-3.9910,9.3640,-6.0001
243.106,-3.9910,9.3640,-6.0001
243.116,-3.9910,9.3640,-6.0001
243.125,-3.9910,9.3640,-6.0001
243.134,-3.9910,9.3640,-6.0001
243.143,-3.9910,9.3640,-6.0001
243.152,-3.9910,9.3640,-6.0001
243.160,-3.9910,9.3640,-6.0001
243.169,-3.9910,9.3640,-6.0001
243.178,-3.9910,9.3640,-6.0001
243.188,-3.9910,9.3640,-6.0001
243.197,-3.9910,9.3640,-6.0001
243.206,-3.9910,9.3640,-6.0001
243.216,-3.9910,9.3640,-6.0001
243.225,-3.9910,9.3640,-6.0001
243.235,-3.9910,9.3640,-6.0001
243.243,-3.9911,9.3640,-6.0001
243.253,-3.9911,9.3640,-6.0001
243.261,-3.9911,9.3640,-6.0001
243.270,-3.9912,9.3640,-6.0001
243.279,-3.9912,9.3640,-6.0001
243.288,-3.9914,9.3640,-6.0001
243.300,-3.9914,9.3640,-6.0001
243.309,-3.9915,9.3640,-6.0001
243.319,-3.9915,9.3640,-6.0001
243.328,-3.9917,9.3640,-6.0001
243.337,-3.9917,9.3640,-6.0001
243.347,-3.9919,9.3640,-6.0001
243.359,-3.9919,9.3640,-6.0001
243.367,-3.9920,9.3640,-6.0001
243.377,-3.9920,9.3640,-6.0001
243.386,-3.9922,9.3640,-6.0001
243.398,-3.9922,9.3640,-6.0001
243.408,-3.9923,9.3640,-6.0001
243.420,-3.9923,9.3640,-6.0001
243.429,-3.9925,9.3640,-6.0001
243.439,-3.9925,9.3640,-6.0001
243.449,-3.9926,9.3640,-6.0001
243.460,-3.9926,9.3640,-6.0001
243.469,-3.9927,9.3640,-6.0001
243.479,-3.9927,9.3640,-6.0001
243.489,-3.9928,9.3640,-6.0001
243.499,-3.9928,9.3640,-6.0001
243.507,-3.9928,9.3640,-6.0001
243.517,-3.9928,9.3640,-6.0001
243.525,-3.9928,9.3640,-6.0001
243.536,-3.9928,9.3640,-6.0001
243.545,-3.9928,9.3640,-6.0001
243.555,-3.9928,9.3640,-6.0001
243.563,-3.9928,9.3640,-6.0001
243.572,-3.9928,9.3640,-6.0001
243.580,-3.9928,9.3640,-6.0001
243.588,-3.9929,9.3640,-6.0001
243.599,-3.9929,9.3640,-6.0001
243.608,-3.9930,9.3640,-6.0001
243.618,-3.9930,9.3640,-6.0001
243.629,-3.9931,9.3640,-6.0001
243.639,-3.9931,9.3640,-6.0001
243.649,-3.9932,9.3640,-6.0001
243.660,-3.9932,9.3640,-6.0001
243.667,-3.9934,9.3640,-6.0001
243.677,-3.9934,9.3640,-6.0001
243.685,-3.9935,9.3640,-6.0001
243.694,-3.9935,9.3640,-6.0001
243.702,-3.9937,9.3640,-6.0001
243.712,-3.9937,9.3640,-6.0001
243.721,-3.9937,9.3640,-6.0001
243.729,-3.9939,9.3640,-6.0001
243.738,-3.9939,9.3640,-6.0001
243.747,-3.9941,9.3640,-6.0001
243.757,-3.9941,9.3640,-6.0001
243.766,-3.9942,9.3640,-6.0001
243.784,-3.9944,9.3640,-6.0001
243.794,-3.9944,9.3640,-6.0001
243.802,-3.9946,9.3640,-6.0001
243.813,-3.9946,9.3640,-6.0001
243.820,-3.9946,9.3640,-6.0001
243.829,-3.9947,9.3640,-6.0001
243.836,-3.9947,9.3640,-6.0001
243.846,-3.9949,9.3640,-6.0001
243.855,-3.9949,9.3640,-6.0001
243.863,-3.9950,9.3640,-6.0001
243.873,-3.9950,9.3640,-6.0001
243.881,-3.9950,9.3640,-6.0001
243.890,-3.9951,9.3640,-6.0001
243.898,-3.9951,9.3640,-6.0001
243.907,-3.9953,9.3640,-6.0001
243.915,-3.9953,9.3640,-6.0001
243.925,-3.9954,9.3640,-6.0001
243.934,-3.9954,9.3640,-6.0001
243.942,-3.9955,9.3640,-6.0001
243.950,-3.9955,9.3640,-6.0001
243.959,-3.9955,9.3640,-6.0001
243.967,-3.9957,9.3640,-6.0001
243.976,-3.9957,9.3640,-6.0001
243.983,-3.9958,9.3640,-6.0001
243.993,-3.9958,9.3640,-6.0001
244.001,-3.9958,9.3640,-6.0001
244.009,-3.9959,9.3640,-6.0001
244.019,-3.9959,9.3640,-6.0001
244.028,-3.9960,9.3640,-6.0001
244.036,-3.9960,9.3640,-6.0001
244.045,-3.9962,9.3640,-6.0001
244.054,-3.9962,9.3640,-6.0001
244.062,-3.9963,9.3640,-6.0001
244.070,-3.9963,9.3640,-6.0001
244.080,-3.9963,9.3640,-6.0001
244.088,-3.9964,9.3640,-6.0001
244.097,-3.9964,9.3640,-6.0001
244.104,-3.9966,9.3640,-6.0001
244.114,-3.9966,9.3640,-6.0001
244.123,-3.9967,9.3640,-6.0001
244.132,-3.9967,9.3640,-6.0001
244.140,-3.9967,9.3640,-6.0001
244.148,-3.9968,9.3640,-6.0001
244.159,-3.9968,9.3640,-6.0001
244.167,-3.9969,9.3640,-6.0001
244.176,-3.9969,9.3640,-6.0001
244.185,-3.9969,9.3640,-6.0001
244.194,-3.9969,9.3640,-6.0001
244.202,-3.9969,9.3640,-6.0001
244.209,-3.9969,9.3640,-6.0001
244.218,-3.9969,9.3640,-6.0001
244.226,-3.9969,9.3640,-6.0001
244.235,-3.9969,9.3640,-6.0001
244.243,-3.9969,9.3640,-6.0001
244.251,-3.9969,9.3640,-6.0001
244.260,-3.9969,9.3640,-6.0001
244.268,-3.9969,9.3640,-6.0001
244.276,-3.9969,9.3640,-6.0001
244.283,-3.9969,9.3640,-6.0001
244.294,-3.9969,9.3640,-6.0001
244.301,-3.9969,9.3640,-6.0001
244.309,-3.9969,9.3640,-6.0001
244.318,-3.9969,9.3640,-6.0001
244.328,-3.9969,9.3640,-6.0001
244.335,-3.9969,9.3640,-6.0001
244.344,-3.9969,9.3640,-6.0001
244.353,-3.9969,9.3640,-6.0001
244.361,-3.9969,9.3640,-6.0001
244.367,-3.9969,9.3640,-6.0001
244.376,-3.9969,9.3640,-6.0001
244.384,-3.9969,9.3640,-6.0001
244.395,-3.9969,9.3640,-6.0001
244.402,-3.9969,9.3640,-6.0001
244.410,-3.9969,9.3640,-6.0001
244.419,-3.9969,9.3640,-6.0001
244.428,-3.9969,9.3640,-6.0001
244.437,-3.9969,9.3640,-6.0001
244.445,-3.9969,9.3640,-6.0001
244.454,-3.9969,9.3640,-6.0001
244.463,-3.9969,9.3640,-6.0001
244.473,-3.9969,9.3640,-6.0001
244.482,-3.9969,9.3640,-6.0001
244.492,-3.9969,9.3640,-6.0001
244.500,-3.9969,9.3640,-6.0001
244.508,-3.9969,9.3640,-6.0001
244.518,-3.9969,9.3640,-6.0001
244.527,-3.9969,9.3640,-6.0001
244.536,-3.9969,9.3640,-6.0001
244.545,-3.9969,9.3640,-6.0001
244.554,-3.9969,9.3640,-6.0001
244.563,-3.9969,9.3640,-6.0001
244.571,-3.9969,9.3640,-6.0001
244.581,-3.9969,9.3640,-6.0001
244.590,-3.9969,9.3640,-6.0001
244.599,-3.9969,9.3640,-6.0001
244.608,-3.9969,9.3640,-6.0001
244.617,-3.9969,9.3640,-6.0001
244.626,-3.9969,9.3640,-6.0001
244.634,-3.9969,9.3640,-6.0001
244.644,-3.9969,9.3640,-6.0001
244.654,-3.9969,9.3640,-6.0001
244.663,-3.9969,9.3640,-6.0001
244.673,-3.9969,9.3640,-6.0001
244.683,-3.9969,9.3639,-6.0001
244.693,-3.9969,9.3639,-6.0001
244.703,-3.9969,9.3638,-6.0001
244.713,-3.9969,9.3638,-6.0001
244.722,-3.9969,9.3638,-6.0001
244.730,-3.9969,9.3636,-6.0001
244.740,-3.9969,9.3636,-6.0001
244.750,-3.9969,9.3633,-6.0001
244.761,-3.9969,9.3633,-6.0001
244.769,-3.9969,9.3630,-6.0001
244.779,-3.9969,9.3630,-6.0001
244.788,-3.9969,9.3627,-6.0001
244.798,-3.9969,9.3627,-6.0001
244.807,-3.9969,9.3619,-6.0001
244.817,-3.9969,9.3619,-6.0001
244.826,-3.9969,9.3611,-6.0001
244.836,-3.9969,9.3611,-6.0001
244.845,-3.9969,9.3602,-6.0001
244.855,-3.9969,9.3602,-6.0001
244.863,-3.9969,9.3593,-6.0001
244.873,-3.9969,9.3593,-6.0001
244.881,-3.9969,9.3593,-6.0001
244.891,-3.9969,9.3583,-6.0001
244.901,-3.9969,9.3583,-6.0001
244.908,-3.9969,9.3562,-6.0001
244.920,-3.9969,9.3562,-6.0001
244.930,-3.9969,9.3540,-6.0001
244.939,-3.9969,9.3540,-6.0001
244.948,-3.9969,9.3517,-6.0001
244.959,-3.9969,9.3517,-6.0001
244.968,-3.9969,9.3494,-6.0001
244.977,-3.9969,9.3494,-6.0001
244.985,-3.9969,9.3470,-6.0001
244.995,-3.9969,9.3470,-6.0001
245.003,-3.9969,9.3446,-6.0001
245.012,-3.9969,9.3446,-6.0001
245.020,-3.9969,9.3446,-6.0001
245.029,-3.9969,9.3421,-6.0001
245.038,-3.9969,9.3421,-6.0001
245.048,-3.9969,9.3395,-6.0001
245.057,-3.9969,9.3395,-6.0001
245.065,-3.9969,9.3370,-6.0001
245.074,-3.9969,9.3370,-6.0001
245.083,-3.9969,9.3343,-6.0001
245.093,-3.9969,9.3343,-6.0001
245.100,-3.9969,9.3343,-6.0001
245.110,-3.9969,9.3317,-6.0001
245.119,-3.9969,9.3317,-6.0001
245.128,-3.9969,9.3290,-6.0001
245.138,-3.9969,9.3290,-6.0001
245.146,-3.9969,9.3263,-6.0001
245.158,-3.9969,9.3263,-6.0001
245.167,-3.9969,9.3237,-6.0001
245.176,-3.9969,9.3237,-6.0001
245.184,-3.9969,9.3210,-6.0001
245.195,-3.9969,9.3210,-6.0001
245.204,-3.9969,9.3183,-6.0001
245.214,-3.9969,9.3183,-6.0001
245.224,-3.9969,9.3157,-6.0001
245.235,-3.9969,9.3157,-6.0001
245.245,-3.9969,9.3130,-6.0001
245.255,-3.9969,9.3130,-6.0001
245.264,-3.9969,9.3103,-6.0001
245.274,-3.9969,9.3103,-6.0001
245.283,-3.9969,9.3077,-6.0001
245.294,-3.9969,9.3077,-6.0001
245.302,-3.9969,9.3050,-6.0001
245.313,-3.9969,9.3050,-6.0001
245.323,-3.9969,9.3023,-6.0001
245.333,-3.9969,9.3023,-6.0001
245.342,-3.9969,9.2997,-6.0001
245.353,-3.9969,9.2997,-6.0001
245.363,-3.9969,9.2970,-6.0001
245.372,-3.9969,9.2970,-6.0001
245.381,-3.9969,9.2970,-6.0001
245.390,-3.9969,9.2943,-6.0001
245.398,-3.9969,9.2943,-6.0001
245.407,-3.9969,9.2917,-6.0001
245.417,-3.9969,9.2917,-6.0001
245.426,-3.9969,9.2890,-6.0001
245.436,-3.9969,9.2890,-6.0001
245.445,-3.9969,9.2863,-6.0001
245.455,-3.9969,9.2863,-6.0001
245.463,-3.9969,9.2837,-6.0001
245.473,-3.9969,9.2837,-6.0001
245.482,-3.9969,9.2810,-6.0001
245.491,-3.9969,9.2810,-6.0001
245.499,-3.9969,9.2810,-6.0001
245.507,-3.9969,9.2783,-6.0001
245.517,-3.9969,9.2783,-6.0001
245.526,-3.9969,9.2757,-6.0001
245.536,-3.9969,9.2757,-6.0001
245.545,-3.9969,9.2730,-6.0001
245.554,-3.9969,9.2730,-6.0001
245.563,-3.9969,9.2703,-6.0001
245.572,-3.9969,9.2703,-6.0001
245.581,-3.9969,9.2703,-6.0001
245.590,-3.9969,9.2677,-6.0001
245.599,-3.9969,9.2677,-6.0001
245.607,-3.9969,9.2651,-6.0001
245.618,-3.9969,9.2651,-6.0001
245.627,-3.9969,9.2624,-6.0001
245.636,-3.9969,9.2624,-6.0001
245.645,-3.9969,9.2599,-6.0001
245.656,-3.9969,9.2599,-6.0001
245.664,-3.9969,9.2573,-6.0001
245.674,-3.9969,9.2573,-6.0001
245.683,-3.9969,9.2547,-6.0001
245.693,-3.9969,9.2547,-6.0001
245.702,-3.9969,9.2521,-6.0001
245.714,-3.9969,9.2521,-6.0001
245.723,-3.9969,9.2495,-6.0001
245.733,-3.9969,9.2495,-6.0001
245.742,-3.9969,9.2495,-6.0001
245.751,-3.9969,9.2469,-6.0001
245.762,-3.9969,9.2443,-6.0001
245.772,-3.9969,9.2443,-6.0001
245.781,-3.9969,9.2443,-6.0001
245.790,-3.9969,9.2416,-6.0001
245.800,-3.9969,9.2416,-6.0001
245.809,-3.9969,9.2390,-6.0001
245.819,-3.9969,9.2390,-6.0001
245.829,-3.9969,9.2364,-6.0001
245.840,-3.9969,9.2364,-6.0001
245.849,-3.9969,9.2338,-6.0001
245.861,-3.9969,9.2338,-6.0001
245.870,-3.9969,9.2312,-6.0001
245.880,-3.9969,9.2312,-6.0001
245.889,-3.9969,9.2285,-6.0001
245.901,-3.9969,9.2285,-6.0001
245.910,-3.9969,9.2259,-6.0001
245.921,-3.9969,9.2259,-6.0001
245.931,-3.9969,9.2233,-6.0001
245.941,-3.9969,9.2233,-6.0001
245.952,-3.9969,9.2207,-6.0001
245.964,-3.9969,9.2180,-6.0001
245.975,-3.9969,9.2180,-6.0001
245.983,-3.9969,9.2154,-6.0001
245.994,-3.9969,9.2154,-6.0001
246.003,-3.9969,9.2127,-6.0001
246.014,-3.9969,9.2127,-6.0001
246.023,-3.9969,9.2101,-6.0001
246.033,-3.9969,9.2101,-6.0001
246.042,-3.9969,9.2075,-6.0001
246.053,-3.9969,9.2075,-6.0001
246.062,-3.9969,9.2075,-6.0001
246.070,-3.9969,9.2048,-6.0001
246.081,-3.9969,9.2048,-6.0001
246.091,-3.9969,9.2022,-6.0001
246.101,-3.9969,9.2022,-6.0001
246.110,-3.9969,9.1995,-6.0001
246.120,-3.9969,9.1995,-6.0001
246.129,-3.9969,9.1969,-6.0001
246.139,-3.9969,9.1969,-6.0001
246.148,-3.9969,9.1942,-6.0001
246.158,-3.9969,9.1942,-6.0001
246.168,-3.9969,9.1916,-6.0001
246.178,-3.9969,9.1916,-6.0001
246.187,-3.9969,9.1889,-6.0001
246.198,-3.9969,9.1889,-6.0001
246.206,-3.9969,9.1863,-6.0001
246.216,-3.9969,9.1863,-6.0001
246.226,-3.9969,9.1837,-6.0001
246.236,-3.9969,9.1837,-6.0001
246.244,-3.9969,9.1810,-6.0001
246.254,-3.9969,9.1810,-6.0001
246.270,-3.9969,9.1784,-6.0001
246.282,-3.9969,9.1757,-6.0001
246.293,-3.9969,9.1757,-6.0001
246.300,-3.9969,9.1757,-6.0001
246.309,-3.9969,9.1731,-6.0001
246.319,-3.9969,9.1731,-6.0001
246.327,-3.9969,9.1704,-6.0001
246.337,-3.9969,9.1704,-6.0001
246.346,-3.9969,9.1678,-6.0001
246.357,-3.9969,9.1678,-6.0001
246.366,-3.9969,9.1652,-6.0001
246.376,-3.9969,9.1652,-6.0001
246.384,-3.9969,9.1625,-6.0001
246.393,-3.9969,9.1625,-6.0001
246.401,-3.9969,9.1625,-6.0001
246.411,-3.9969,9.1599,-6.0001
246.420,-3.9969,9.1599,-6.0001
246.428,-3.9969,9.1572,-6.0001
246.438,-3.9969,9.1572,-6.0001
246.446,-3.9969,9.1546,-6.0001
246.456,-3.9969,9.1546,-6.0001
246.464,-3.9969,9.1520,-6.0001
246.476,-3.9969,9.1520,-6.0001
246.484,-3.9969,9.1493,-6.0001
246.494,-3.9969,9.1493,-6.0001
246.502,-3.9969,9.1467,-6.0001
246.511,-3.9969,9.1467,-6.0001
246.520,-3.9969,9.1467,-6.0001
246.529,-3.9969,9.1440,-6.0001
246.539,-3.9969,9.1440,-6.0001
246.548,-3.9969,9.1414,-6.0001
246.558,-3.9969,9.1414,-6.0001
246.566,-3.9969,9.1388,-6.0001
246.576,-3.9969,9.1388,-6.0001
246.586,-3.9969,9.1361,-6.0001
246.597,-3.9969,9.1361,-6.0001
246.604,-3.9969,9.1335,-6.0001
246.614,-3.9969,9.1335,-6.0001
246.622,-3.9969,9.1309,-6.0001
246.632,-3.9969,9.1309,-6.0001
246.639,-3.9969,9.1309,-6.0001
246.648,-3.9969,9.1282,-6.0001
246.658,-3.9969,9.1282,-6.0001
246.666,-3.9969,9.1256,-6.0001
246.678,-3.9969,9.1256,-6.0001
246.686,-3.9969,9.1230,-6.0001
246.697,-3.9969,9.1230,-6.0001
246.705,-3.9969,9.1204,-6.0001
246.715,-3.9969,9.1204,-6.0001
246.724,-3.9969,9.1177,-6.0001
246.734,-3.9969,9.1177,-6.0001
246.743,-3.9969,9.1151,-6.0001
246.751,-3.9969,9.1151,-6.0001
246.761,-3.9969,9.1151,-6.0001
246.769,-3.9969,9.1125,-6.0001
246.779,-3.9969,9.1125,-6.0001
246.789,-3.9969,9.1099,-6.0001
246.799,-3.9969,9.1099,-6.0001
246.809,-3.9969,9.1072,-6.0001
246.818,-3.9969,9.1072,-6.0001
246.828,-3.9969,9.1046,-6.0001
246.838,-3.9969,9.1046,-6.0001
246.846,-3.9969,9.1020,-6.0001
246.856,-3.9969,9.1020,-6.0001
246.865,-3.9969,9.0994,-6.0001
246.875,-3.9969,9.0994,-6.0001
246.883,-3.9969,9.0968,-6.0001
246.893,-3.9969,9.0968,-6.0001
246.902,-3.9969,9.0968,-6.0001
246.910,-3.9969,9.0942,-6.0001
246.920,-3.9969,9.0942,-6.0001
246.930,-3.9969,9.0916,-6.0001
246.938,-3.9969,9.0916,-6.0001
246.948,-3.9969,9.0890,-6.0001
246.958,-3.9969,9.0890,-6.0001
246.966,-3.9969,9.0864,-6.0001
246.976,-3.9969,9.0864,-6.0001
246.985,-3.9969,9.0838,-6.0001
246.996,-3.9969,9.0838,-6.0001
247.005,-3.9969,9.0812,-6.0001
247.016,-3.9969,9.0812,-6.0001
247.023,-3.9969,9.0786,-6.0001
247.034,-3.9969,9.0786,-6.0001
247.044,-3.9969,9.0760,-6.0001
247.053,-3.9969,9.0760,-6.0001
247.062,-3.9969,9.0734,-6.0001
247.073,-3.9969,9.0734,-6.0001
247.081,-3.9969,9.0734,-6.0001
247.092,-3.9969,9.0708,-6.0001
247.102,-3.9969,9.0682,-6.0001
247.112,-3.9969,9.0682,-6.0001
247.122,-3.9969,9.0682,-6.0001
247.131,-3.9969,9.0656,-6.0001
247.141,-3.9969,9.0656,-6.0001
247.150,-3.9969,9.0630,-6.0001
247.161,-3.9969,9.0630,-6.0001
247.169,-3.9969,9.0604,-6.0001
247.180,-3.9969,9.0604,-6.0001
247.190,-3.9969,9.0578,-6.0001
247.201,-3.9969,9.0578,-6.0001
247.211,-3.9969,9.0552,-6.0001
247.222,-3.9969,9.0526,-6.0001
247.232,-3.9969,9.0526,-6.0001
247.241,-3.9969,9.0526,-6.0001
247.251,-3.9969,9.0500,-6.0001
247.263,-3.9969,9.0474,-6.0001
247.273,-3.9969,9.0474,-6.0001
247.282,-3.9969,9.0448,-6.0001
247.293,-3.9969,9.0448,-6.0001
247.301,-3.9969,9.0448,-6.0001
247.310,-3.9969,9.0422,-6.0001
247.320,-3.9969,9.0422,-6.0001
247.329,-3.9969,9.0396,-6.0001
247.339,-3.9969,9.0396,-6.0001
247.349,-3.9969,9.0370,-6.0001
247.360,-3.9969,9.0370,-6.0001
247.368,-3.9969,9.0344,-6.0001
247.379,-3.9969,9.0344,-6.0001
247.387,-3.9969,9.0318,-6.0001
247.397,-3.9969,9.0318,-6.0001
247.405,-3.9969,9.0292,-6.0001
247.415,-3.9969,9.0292,-6.0001
247.427,-3.9969,9.0267,-6.0001
247.437,-3.9969,9.0267,-6.0001
247.446,-3.9969,9.0241,-6.0001
247.458,-3.9969,9.0241,-6.0001
247.466,-3.9969,9.0215,-6.0001
247.476,-3.9969,9.0215,-6.0001
247.484,-3.9969,9.0189,-6.0001
247.494,-3.9969,9.0189,-6.0001
247.502,-3.9969,9.0189,-6.0001
247.511,-3.9969,9.0163,-6.0001
247.522,-3.9969,9.0163,-6.0001
247.530,-3.9969,9.0138,-6.0001
247.540,-3.9969,9.0138,-6.0001
247.549,-3.9969,9.0112,-6.0001
247.559,-3.9969,9.0112,-6.0001
247.568,-3.9969,9.0087,-6.0001
247.578,-3.9969,9.0087,-6.0001
247.587,-3.9969,9.0061,-6.0001
247.596,-3.9969,9.0061,-6.0001
247.604,-3.9969,9.0036,-6.0001
247.614,-3.9969,9.0036,-6.0001
247.622,-3.9969,9.0011,-6.0001
247.633,-3.9969,9.0011,-6.0001
247.642,-3.9969,9.0011,-6.0001
247.651,-3.9969,8.9986,-6.0001
247.661,-3.9969,8.9986,-6.0001
247.669,-3.9969,8.9960,-6.0001
247.679,-3.9969,8.9960,-6.0001
247.687,-3.9969,8.9935,-6.0001
247.697,-3.9969,8.9935,-6.0001
247.705,-3.9969,8.9910,-6.0001
247.715,-3.9969,8.9910,-6.0001
247.725,-3.9969,8.9885,-6.0001
247.734,-3.9969,8.9885,-6.0001
247.742,-3.9969,8.9860,-6.0001
247.753,-3.9969,8.9860,-6.0001
247.761,-3.9969,8.9860,-6.0001
247.769,-3.9969,8.9835,-6.0001
247.779,-3.9969,8.9835,-6.0001
247.787,-3.9969,8.9810,-6.0001
247.798,-3.9969,8.9810,-6.0001
247.804,-3.9969,8.9785,-6.0001
247.814,-3.9969,8.9785,-6.0001
247.823,-3.9969,8.9760,-6.0001
247.833,-3.9969,8.9760,-6.0001
247.841,-3.9969,8.9760,-6.0001
247.850,-3.9969,8.9735,-6.0001
247.861,-3.9969,8.9735,-6.0001
247.868,-3.9969,8.9710,-6.0001
247.879,-3.9969,8.9710,-6.0001
247.887,-3.9969,8.9685,-6.0001
247.896,-3.9969,8.9685,-6.0001
247.903,-3.9969,8.9660,-6.0001
247.914,-3.9969,8.9660,-6.0001
247.922,-3.9969,8.9634,-6.0001
247.931,-3.9969,8.9634,-6.0001
247.939,-3.9969,8.9634,-6.0001
247.948,-3.9969,8.9609,-6.0001
247.958,-3.9969,8.9609,-6.0001
247.965,-3.9969,8.9584,-6.0001
247.975,-3.9969,8.9584,-6.0001
247.984,-3.9969,8.9559,-6.0001
247.995,-3.9969,8.9559,-6.0001
248.003,-3.9969,8.9533,-6.0001
248.014,-3.9969,8.9533,-6.0001
248.023,-3.9969,8.9508,-6.0001
248.033,-3.9969,8.9508,-6.0001
248.041,-3.9969,8.9508,-6.0001
248.050,-3.9969,8.9483,-6.0001
248.061,-3.9969,8.9483,-6.0001
248.069,-3.9969,8.9458,-6.0001
248.079,-3.9969,8.9458,-6.0001
248.087,-3.9969,8.9432,-6.0001
248.097,-3.9969,8.9432,-6.0001
248.105,-3.9969,8.9407,-6.0001
248.115,-3.9969,8.9407,-6.0001
248.123,-3.9969,8.9382,-6.0001
248.133,-3.9969,8.9382,-6.0001
248.142,-3.9969,8.9356,-6.0001
248.151,-3.9969,8.9356,-6.0001
248.160,-3.9969,8.9356,-6.0001
248.167,-3.9969,8.9331,-6.0001
248.177,-3.9969,8.9331,-6.0001
248.185,-3.9969,8.9306,-6.0001
248.196,-3.9969,8.9306,-6.0001
248.203,-3.9969,8.9281,-6.0001
248.214,-3.9969,8.9281,-6.0001
248.223,-3.9969,8.9255,-6.0001
248.233,-3.9969,8.9255,-6.0001
248.241,-3.9969,8.9255,-6.0001
248.250,-3.9969,8.9230,-6.0001
248.260,-3.9969,8.9230,-6.0001
248.269,-3.9969,8.9205,-6.0001
248.278,-3.9969,8.9205,-6.0001
248.287,-3.9969,8.9180,-6.0001
248.298,-3.9969,8.9180,-6.0001
248.307,-3.9969,8.9154,-6.0001
248.317,-3.9969,8.9154,-6.0001
248.326,-3.9969,8.9129,-6.0001
248.337,-3.9969,8.9129,-6.0001
248.346,-3.9969,8.9104,-6.0001
248.357,-3.9969,8.9104,-6.0001
248.366,-3.9969,8.9079,-6.0001
248.376,-3.9969,8.9079,-6.0001
248.385,-3.9969,8.9053,-6.0001
248.396,-3.9969,8.9053,-6.0001
248.405,-3.9969,8.9028,-6.0001
248.416,-3.9969,8.9028,-6.0001
248.426,-3.9969,8.9003,-6.0001
248.436,-3.9969,8.9003,-6.0001
248.446,-3.9969,8.8978,-6.0001
248.457,-3.9969,8.8978,-6.0001
248.465,-3.9969,8.8953,-6.0001
248.476,-3.9969,8.8953,-6.0001
248.486,-3.9969,8.8928,-6.0001
248.496,-3.9969,8.8928,-6.0001
248.504,-3.9969,8.8902,-6.0001
248.516,-3.9969,8.8902,-6.0001
248.526,-3.9969,8.8877,-6.0001
248.535,-3.9969,8.8877,-6.0001
248.544,-3.9969,8.8852,-6.0001
248.555,-3.9969,8.8852,-6.0001
248.564,-3.9969,8.8827,-6.0001
248.573,-3.9969,8.8827,-6.0001
248.583,-3.9969,8.8802,-6.0001
248.594,-3.9969,8.8802,-6.0001
248.602,-3.9969,8.8777,-6.0001
248.613,-3.9969,8.8777,-6.0001
248.622,-3.9969,8.8777,-6.0001
248.631,-3.9969,8.8751,-6.0001
248.641,-3.9969,8.8751,-6.0001
248.650,-3.9969,8.8726,-6.0001
248.660,-3.9969,8.8726,-6.0001
248.669,-3.9969,8.8701,-6.0001
248.679,-3.9969,8.8701,-6.0001
248.687,-3.9969,8.8676,-6.0001
248.697,-3.9969,8.8676,-6.0001
248.706,-3.9969,8.8651,-6.0001
248.717,-3.9969,8.8651,-6.0001
248.727,-3.9969,8.8625,-6.0001
248.737,-3.9969,8.8625,-6.0001
248.745,-3.9969,8.8600,-6.0001
248.756,-3.9969,8.8600,-6.0001
248.765,-3.9969,8.8575,-6.0001
248.782,-3.9969,8.8575,-6.0001
248.794,-3.9969,8.8550,-6.0001
248.807,-3.9969,8.8525,-6.0001
248.820,-3.9969,8.8525,-6.0001
248.835,-3.9969,8.8500,-6.0001
248.845,-3.9969,8.8474,-6.0001
248.856,-3.9969,8.8474,-6.0001
248.864,-3.9969,8.8449,-6.0001
248.874,-3.9969,8.8449,-6.0001
248.884,-3.9969,8.8424,-6.0001
248.893,-3.9969,8.8424,-6.0001
248.901,-3.9969,8.8424,-6.0001
248.910,-3.9969,8.8399,-6.0001
248.921,-3.9969,8.8399,-6.0001
248.928,-3.9969,8.8374,-6.0001
248.938,-3.9969,8.8374,-6.0001
248.948,-3.9969,8.8348,-6.0001
248.958,-3.9969,8.8348,-6.0001
248.966,-3.9969,8.8323,-6.0001
248.977,-3.9969,8.8323,-6.0001
248.985,-3.9969,8.8298,-6.0001
248.995,-3.9969,8.8298,-6.0001
249.005,-3.9969,8.8273,-6.0001
249.015,-3.9969,8.8273,-6.0001
249.023,-3.9969,8.8248,-6.0001
249.034,-3.9969,8.8248,-6.0001
249.043,-3.9969,8.8223,-6.0001
249.052,-3.9969,8.8223,-6.0001
249.061,-3.9969,8.8223,-6.0001
249.068,-3.9969,8.8198,-6.0001
249.078,-3.9969,8.8198,-6.0001
249.086,-3.9969,8.8172,-6.0001
249.098,-3.9969,8.8172,-6.0001
249.107,-3.9969,8.8147,-6.0001
249.116,-3.9969,8.8147,-6.0001
249.126,-3.9969,8.8122,-6.0001
249.135,-3.9969,8.8122,-6.0001
249.145,-3.9969,8.8097,-6.0001
249.156,-3.9969,8.8097,-6.0001
249.164,-3.9969,8.8072,-6.0001
249.174,-3.9969,8.8072,-6.0001
249.182,-3.9969,8.8047,-6.0001
249.193,-3.9969,8.8047,-6.0001
249.201,-3.9969,8.8047,-6.0001
249.209,-3.9969,8.8022,-6.0001
249.219,-3.9969,8.8022,-6.0001
249.228,-3.9969,8.7997,-6.0001
249.238,-3.9969,8.7997,-6.0001
249.247,-3.9969,8.7972,-6.0001
249.257,-3.9969,8.7972,-6.0001
249.266,-3.9969,8.7947,-6.0001
249.276,-3.9969,8.7947,-6.0001
249.284,-3.9969,8.7922,-6.0001
249.294,-3.9969,8.7922,-6.0001
249.302,-3.9969,8.7897,-6.0001
249.312,-3.9969,8.7897,-6.0001
249.319,-3.9969,8.7897,-6.0001
249.328,-3.9969,8.7872,-6.0001
249.338,-3.9969,8.7872,-6.0001
249.346,-3.9969,8.7846,-6.0001
249.357,-3.9969,8.7846,-6.0001
249.366,-3.9969,8.7821,-6.0001
249.376,-3.9969,8.7821,-6.0001
249.384,-3.9969,8.7796,-6.0001
249.396,-3.9969,8.7796,-6.0001
249.403,-3.9969,8.7771,-6.0001
249.413,-3.9969,8.7771,-6.0001
249.423,-3.9969,8.7746,-6.0001
249.433,-3.9969,8.7746,-6.0001
249.442,-3.9969,8.7721,-6.0001
249.452,-3.9969,8.7721,-6.0001
249.460,-3.9969,8.7721,-6.0001
249.468,-3.9969,8.7696,-6.0001
249.479,-3.9969,8.7696,-6.0001
249.489,-3.9969,8.7671,-6.0001
249.498,-3.9969,8.7671,-6.0001
249.505,-3.9969,8.7646,-6.0001
249.514,-3.9969,8.7646,-6.0001
249.524,-3.9969,8.7622,-6.0001
249.534,-3.9969,8.7622,-6.0001
249.543,-3.9969,8.7597,-6.0001
249.555,-3.9969,8.7597,-6.0001
249.564,-3.9969,8.7572,-6.0001
249.576,-3.9969,8.7572,-6.0001
249.586,-3.9969,8.7547,-6.0001
249.596,-3.9969,8.7547,-6.0001
249.606,-3.9969,8.7522,-6.0001
249.617,-3.9969,8.7522,-6.0001
249.628,-3.9969,8.7497,-6.0001
249.640,-3.9969,8.7497,-6.0001
249.650,-3.9969,8.7472,-6.0001
249.662,-3.9969,8.7447,-6.0001
249.673,-3.9969,8.7447,-6.0001
249.683,-3.9969,8.7422,-6.0001
249.694,-3.9969,8.7422,-6.0001
249.703,-3.9969,8.7397,-6.0001
249.714,-3.9969,8.7397,-6.0001
249.725,-3.9969,8.7372,-6.0001
249.737,-3.9969,8.7372,-6.0001
249.746,-3.9969,8.7346,-6.0001
249.759,-3.9969,8.7346,-6.0001
249.769,-3.9969,8.7321,-6.0001
249.781,-3.9969,8.7321,-6.0001
249.790,-3.9969,8.7296,-6.0001
249.801,-3.9969,8.7296,-6.0001
249.810,-3.9969,8.7271,-6.0001
249.822,-3.9969,8.7246,-6.0001
249.833,-3.9969,8.7246,-6.0001
249.843,-3.9969,8.7221,-6.0001
249.855,-3.9969,8.7221,-6.0001
249.864,-3.9969,8.7196,-6.0001
249.877,-3.9969,8.7196,-6.0001
249.885,-3.9969,8.7171,-6.0001
249.897,-3.9969,8.7171,-6.0001
249.906,-3.9969,8.7146,-6.0001
249.918,-3.9969,8.7146,-6.0001
249.928,-3.9969,8.7121,-6.0001
249.938,-3.9969,8.7121,-6.0001
249.948,-3.9969,8.7096,-6.0001
249.960,-3.9969,8.7096,-6.0001
249.971,-3.9969,8.7071,-6.0001
249.981,-3.9969,8.7071,-6.0001
249.991,-3.9969,8.7046,-6.0001
250.003,-3.9969,8.7021,-6.0001
250.013,-3.9969,8.7021,-6.0001
250.024,-3.9969,8.6996,-6.0001
250.033,-3.9969,8.6996,-6.0001
250.041,-3.9969,8.6996,-6.0001
250.050,-3.9969,8.6971,-6.0001
250.061,-3.9969,8.6971,-6.0001
250.069,-3.9969,8.6947,-6.0001
250.079,-3.9969,8.6947,-6.0001
250.087,-3.9969,8.6921,-6.0001
250.097,-3.9969,8.6921,-6.0001
250.105,-3.9969,8.6896,-6.0001
250.115,-3.9969,8.6896,-6.0001
250.124,-3.9969,8.6871,-6.0001
250.134,-3.9969,8.6871,-6.0001
250.142,-3.9969,8.6846,-6.0001
250.152,-3.9969,8.6846,-6.0001
250.161,-3.9969,8.6846,-6.0001
250.168,-3.9969,8.6821,-6.0001
250.177,-3.9969,8.6821,-6.0001
250.187,-3.9969,8.6796,-6.0001
250.195,-3.9969,8.6796,-6.0001
250.203,-3.9969,8.6771,-6.0001
250.212,-3.9969,8.6771,-6.0001
250.221,-3.9969,8.6771,-6.0001
250.230,-3.9969,8.6746,-6.0001
250.240,-3.9969,8.6746,-6.0001
250.247,-3.9969,8.6720,-6.0001
250.257,-3.9969,8.6720,-6.0001
250.265,-3.9969,8.6695,-6.0001
250.275,-3.9969,8.6695,-6.0001
250.284,-3.9969,8.6670,-6.0001
250.295,-3.9969,8.6670,-6.0001
250.302,-3.9969,8.6645,-6.0001
250.312,-3.9969,8.6645,-6.0001
250.320,-3.9969,8.6645,-6.0001
250.329,-3.9969,8.6620,-6.0001
250.338,-3.9969,8.6620,-6.0001
250.346,-3.9969,8.6594,-6.0001
250.356,-3.9969,8.6594,-6.0001
250.364,-3.9969,8.6569,-6.0001
250.373,-3.9969,8.6569,-6.0001
250.381,-3.9969,8.6569,-6.0001
250.390,-3.9969,8.6544,-6.0001
250.400,-3.9969,8.6544,-6.0001
250.409,-3.9969,8.6519,-6.0001
250.418,-3.9969,8.6519,-6.0001
250.427,-3.9969,8.6493,-6.0001
250.435,-3.9969,8.6493,-6.0001
250.444,-3.9969,8.6468,-6.0001
250.453,-3.9969,8.6468,-6.0001
250.461,-3.9969,8.6468,-6.0001
250.469,-3.9969,8.6443,-6.0001
250.478,-3.9969,8.6443,-6.0001
250.487,-3.9969,8.6418,-6.0001
250.496,-3.9969,8.6418,-6.0001
250.505,-3.9969,8.6393,-6.0001
250.515,-3.9969,8.6393,-6.0001
250.523,-3.9969,8.6368,-6.0001
250.533,-3.9969,8.6368,-6.0001
250.541,-3.9969,8.6368,-6.0001
250.549,-3.9969,8.6342,-6.0001
250.557,-3.9969,8.6342,-6.0001
250.566,-3.9969,8.6317,-6.0001
250.576,-3.9969,8.6317,-6.0001
250.584,-3.9969,8.6292,-6.0001
250.594,-3.9969,8.6292,-6.0001
250.602,-3.9969,8.6292,-6.0001
250.610,-3.9969,8.6267,-6.0001
250.619,-3.9969,8.6267,-6.0001
250.628,-3.9969,8.6241,-6.0001
250.637,-3.9969,8.6241,-6.0001
250.645,-3.9969,8.6216,-6.0001
250.652,-3.9969,8.6216,-6.0001
250.661,-3.9969,8.6216,-6.0001
250.670,-3.9969,8.6191,-6.0001
250.679,-3.9969,8.6191,-6.0001
250.688,-3.9969,8.6166,-6.0001
250.697,-3.9969,8.6166,-6.0001
250.705,-3.9969,8.6141,-6.0001
250.713,-3.9969,8.6141,-6.0001
250.723,-3.9969,8.6115,-6.0001
250.731,-3.9969,8.6115,-6.0001
250.739,-3.9969,8.6115,-6.0001
250.746,-3.9969,8.6090,-6.0001
250.758,-3.9969,8.6090,-6.0001
250.765,-3.9969,8.6065,-6.0001
250.775,-3.9969,8.6065,-6.0001
250.785,-3.9969,8.6040,-6.0001
250.794,-3.9969,8.6040,-6.0001
250.803,-3.9969,8.6014,-6.0001
250.814,-3.9969,8.6014,-6.0001
250.824,-3.9969,8.5989,-6.0001
250.834,-3.9969,8.5989,-6.0001
250.842,-3.9969,8.5964,-6.0001
250.853,-3.9969,8.5964,-6.0001
250.862,-3.9969,8.5964,-6.0001
250.870,-3.9969,8.5939,-6.0001
250.881,-3.9969,8.5939,-6.0001
250.889,-3.9969,8.5914,-6.0001
250.899,-3.9969,8.5914,-6.0001
250.909,-3.9969,8.5888,-6.0001
250.919,-3.9969,8.5888,-6.0001
250.928,-3.9969,8.5863,-6.0001
250.939,-3.9969,8.5863,-6.0001
250.948,-3.9969,8.5838,-6.0001
250.958,-3.9969,8.5838,-6.0001
250.967,-3.9969,8.5813,-6.0001
250.977,-3.9969,8.5813,-6.0001
250.986,-3.9969,8.5788,-6.0001
250.996,-3.9969,8.5788,-6.0001
251.005,-3.9969,8.5762,-6.0001
251.016,-3.9969,8.5762,-6.0001
251.025,-3.9969,8.5737,-6.0001
251.036,-3.9969,8.5737,-6.0001
251.053,-3.9969,8.5712,-6.0001
251.064,-3.9969,8.5687,-6.0001
251.073,-3.9969,8.5687,-6.0001
251.082,-3.9969,8.5662,-6.0001
251.093,-3.9969,8.5662,-6.0001
251.100,-3.9969,8.5662,-6.0001
251.109,-3.9969,8.5636,-6.0001
251.120,-3.9969,8.5636,-6.0001
251.131,-3.9969,8.5611,-6.0001
251.141,-3.9969,8.5611,-6.0001
251.150,-3.9969,8.5586,-6.0001
251.161,-3.9969,8.5586,-6.0001
251.169,-3.9969,8.5561,-6.0001
251.180,-3.9969,8.5561,-6.0001
251.189,-3.9969,8.5536,-6.0001
251.198,-3.9969,8.5536,-6.0001
251.206,-3.9969,8.5510,-6.0001
251.217,-3.9969,8.5510,-6.0001
251.226,-3.9969,8.5485,-6.0001
251.237,-3.9969,8.5485,-6.0001
251.245,-3.9969,8.5460,-6.0001
251.256,-3.9969,8.5460,-6.0001
251.265,-3.9969,8.5435,-6.0001
251.277,-3.9969,8.5435,-6.0001
251.285,-3.9969,8.5410,-6.0001
251.296,-3.9969,8.5410,-6.0001
251.305,-3.9969,8.5385,-6.0001
251.314,-3.9969,8.5385,-6.0001
251.322,-3.9969,8.5360,-6.0001
251.332,-3.9969,8.5360,-6.0001
251.339,-3.9969,8.5360,-6.0001
251.348,-3.9969,8.5335,-6.0001
251.358,-3.9969,8.5335,-6.0001
251.366,-3.9969,8.5310,-6.0001
251.376,-3.9969,8.5310,-6.0001
251.383,-3.9969,8.5285,-6.0001
251.394,-3.9969,8.5285,-6.0001
251.401,-3.9969,8.5285,-6.0001
251.409,-3.9969,8.5260,-6.0001
251.420,-3.9969,8.5260,-6.0001
251.429,-3.9969,8.5235,-6.0001
251.439,-3.9969,8.5235,-6.0001
251.448,-3.9969,8.5209,-6.0001
251.458,-3.9969,8.5209,-6.0001
251.465,-3.9969,8.5184,-6.0001
251.474,-3.9969,8.5184,-6.0001
251.482,-3.9969,8.5159,-6.0001
251.493,-3.9969,8.5159,-6.0001
251.499,-3.9969,8.5159,-6.0001
251.509,-3.9969,8.5134,-6.0001
251.517,-3.9969,8.5134,-6.0001
251.527,-3.9969,8.5109,-6.0001
251.536,-3.9969,8.5109,-6.0001
251.545,-3.9969,8.5084,-6.0001
251.555,-3.9969,8.5084,-6.0001
251.562,-3.9969,8.5059,-6.0001
251.572,-3.9969,8.5059,-6.0001
251.579,-3.9969,8.5059,-6.0001
251.588,-3.9969,8.5034,-6.0001
251.598,-3.9969,8.5034,-6.0001
251.605,-3.9969,8.5009,-6.0001
251.615,-3.9969,8.5009,-6.0001
251.623,-3.9969,8.4984,-6.0001
251.633,-3.9969,8.4984,-6.0001
251.639,-3.9969,8.4984,-6.0001
251.646,-3.9969,8.4959,-6.0001
251.656,-3.9969,8.4959,-6.0001
251.664,-3.9969,8.4934,-6.0001
251.673,-3.9969,8.4934,-6.0001
251.682,-3.9969,8.4909,-6.0001
251.692,-3.9969,8.4909,-6.0001
251.701,-3.9969,8.4909,-6.0001
251.709,-3.9969,8.4883,-6.0001
251.718,-3.9969,8.4883,-6.0001
251.727,-3.9969,8.4858,-6.0001
251.735,-3.9969,8.4858,-6.0001
251.744,-3.9969,8.4833,-6.0001
251.755,-3.9969,8.4833,-6.0001
251.763,-3.9969,8.4808,-6.0001
251.771,-3.9969,8.4808,-6.0001
251.780,-3.9969,8.4808,-6.0001
251.788,-3.9969,8.4783,-6.0001
251.798,-3.9969,8.4783,-6.0001
251.805,-3.9969,8.4758,-6.0001
251.815,-3.9969,8.4758,-6.0001
251.824,-3.9969,8.4733,-6.0001
251.833,-3.9969,8.4733,-6.0001
251.842,-3.9969,8.4733,-6.0001
251.850,-3.9969,8.4708,-6.0001
251.860,-3.9969,8.4708,-6.0001
251.868,-3.9969,8.4683,-6.0001
251.877,-3.9969,8.4683,-6.0001
251.885,-3.9969,8.4658,-6.0001
251.895,-3.9969,8.4658,-6.0001
251.903,-3.9969,8.4633,-6.0001
251.912,-3.9969,8.4633,-6.0001
251.919,-3.9969,8.4633,-6.0001
251.928,-3.9969,8.4608,-6.0001
251.938,-3.9969,8.4608,-6.0001
251.946,-3.9969,8.4582,-6.0001
251.955,-3.9969,8.4582,-6.0001
251.964,-3.9969,8.4557,-6.0001
251.974,-3.9969,8.4557,-6.0001
251.982,-3.9969,8.4532,-6.0001
251.993,-3.9969,8.4532,-6.0001
252.000,-3.9969,8.4532,-6.0001
252.009,-3.9969,8.4507,-6.0001
252.019,-3.9969,8.4507,-6.0001
252.028,-3.9969,8.4482,-6.0001
252.037,-3.9969,8.4482,-6.0001
252.045,-3.9969,8.4457,-6.0001
252.057,-3.9969,8.4457,-6.0001
252.065,-3.9969,8.4432,-6.0001
252.076,-3.9969,8.4432,-6.0001
252.087,-3.9969,8.4407,-6.0001
252.098,-3.9969,8.4407,-6.0001
252.107,-3.9969,8.4382,-6.0001
252.118,-3.9969,8.4382,-6.0001
252.126,-3.9969,8.4357,-6.0001
252.136,-3.9969,8.4357,-6.0001
252.146,-3.9969,8.4332,-6.0001
252.156,-3.9969,8.4332,-6.0001
252.165,-3.9969,8.4307,-6.0001
252.177,-3.9969,8.4307,-6.0001
252.185,-3.9969,8.4281,-6.0001
252.195,-3.9969,8.4281,-6.0001
252.204,-3.9969,8.4256,-6.0001
252.214,-3.9969,8.4256,-6.0001
252.223,-3.9969,8.4231,-6.0001
252.234,-3.9969,8.4231,-6.0001
252.243,-3.9969,8.4206,-6.0001
252.252,-3.9969,8.4206,-6.0001
252.262,-3.9969,8.4181,-6.0001
252.273,-3.9969,8.4181,-6.0001
252.282,-3.9969,8.4156,-6.0001
252.293,-3.9969,8.4156,-6.0001
252.302,-3.9969,8.4156,-6.0001
252.311,-3.9969,8.4131,-6.0001
252.324,-3.9969,8.4106,-6.0001
252.335,-3.9969,8.4106,-6.0001
252.344,-3.9969,8.4081,-6.0001
252.356,-3.9969,8.4081,-6.0001
252.365,-3.9969,8.4055,-6.0001
252.375,-3.9969,8.4055,-6.0001
252.384,-3.9969,8.4030,-6.0001
252.394,-3.9969,8.4030,-6.0001
252.401,-3.9969,8.4030,-6.0001
252.410,-3.9969,8.4005,-6.0001
252.421,-3.9969,8.4005,-6.0001
252.430,-3.9969,8.3980,-6.0001
252.442,-3.9969,8.3955,-6.0001
252.451,-3.9969,8.3955,-6.0001
252.460,-3.9969,8.3955,-6.0001
252.468,-3.9969,8.3930,-6.0001
252.478,-3.9969,8.3930,-6.0001
252.486,-3.9969,8.3905,-6.0001
252.496,-3.9969,8.3905,-6.0001
252.504,-3.9969,8.3880,-6.0001
252.515,-3.9969,8.3880,-6.0001
252.524,-3.9969,8.3855,-6.0001
252.535,-3.9969,8.3855,-6.0001
252.544,-3.9969,8.3830,-6.0001
252.554,-3.9969,8.3830,-6.0001
252.563,-3.9969,8.3804,-6.0001
252.573,-3.9969,8.3804,-6.0001
252.582,-3.9969,8.3804,-6.0001
252.589,-3.9969,8.3779,-6.0001
252.600,-3.9969,8.3779,-6.0001
252.607,-3.9969,8.3754,-6.0001
252.616,-3.9969,8.3754,-6.0001
252.624,-3.9969,8.3729,-6.0001
252.634,-3.9969,8.3729,-6.0001
252.641,-3.9969,8.3729,-6.0001
252.650,-3.9969,8.3704,-6.0001
252.661,-3.9969,8.3704,-6.0001
252.668,-3.9969,8.3679,-6.0001
252.678,-3.9969,8.3679,-6.0001
252.686,-3.9969,8.3654,-6.0001
252.696,-3.9969,8.3654,-6.0001
252.702,-3.9969,8.3629,-6.0001
252.712,-3.9969,8.3629,-6.0001
252.719,-3.9969,8.3629,-6.0001
252.729,-3.9969,8.3604,-6.0001
252.737,-3.9969,8.3604,-6.0001
252.746,-3.9969,8.3579,-6.0001
252.756,-3.9969,8.3579,-6.0001
252.764,-3.9969,8.3554,-6.0001
252.774,-3.9969,8.3554,-6.0001
252.781,-3.9969,8.3554,-6.0001
252.791,-3.9969,8.3529,-6.0001
252.799,-3.9969,8.3529,-6.0001
252.809,-3.9969,8.3504,-6.0001
252.818,-3.9969,8.3504,-6.0001
252.826,-3.9969,8.3480,-6.0001
252.835,-3.9969,8.3480,-6.0001
252.843,-3.9969,8.3455,-6.0001
252.853,-3.9969,8.3455,-6.0001
252.861,-3.9969,8.3455,-6.0001
252.869,-3.9969,8.3430,-6.0001
252.879,-3.9969,8.3430,-6.0001
252.888,-3.9969,8.3406,-6.0001
252.898,-3.9969,8.3406,-6.0001
252.906,-3.9969,8.3381,-6.0001
252.916,-3.9969,8.3381,-6.0001
252.922,-3.9969,8.3356,-6.0001
252.933,-3.9969,8.3356,-6.0001
252.941,-3.9969,8.3356,-6.0001
252.949,-3.9969,8.3332,-6.0001
252.960,-3.9969,8.3332,-6.0001
252.968,-3.9969,8.3307,-6.0001
252.978,-3.9969,8.3307,-6.0001
252.988,-3.9969,8.3282,-6.0001
252.997,-3.9969,8.3282,-6.0001
253.005,-3.9969,8.3258,-6.0001
253.015,-3.9969,8.3258,-6.0001
253.024,-3.9969,8.3233,-6.0001
253.032,-3.9969,8.3233,-6.0001
253.039,-3.9969,8.3233,-6.0001
253.048,-3.9969,8.3209,-6.0001
253.059,-3.9969,8.3209,-6.0001
253.067,-3.9969,8.3184,-6.0001
253.077,-3.9969,8.3184,-6.0001
253.086,-3.9969,8.3159,-6.0001
253.095,-3.9969,8.3159,-6.0001
253.104,-3.9969,8.3135,-6.0001
253.114,-3.9969,8.3135,-6.0001
253.121,-3.9969,8.3135,-6.0001
253.129,-3.9969,8.3110,-6.0001
253.138,-3.9969,8.3110,-6.0001
253.148,-3.9969,8.3085,-6.0001
253.158,-3.9969,8.3085,-6.0001
253.166,-3.9969,8.3061,-6.0001
253.176,-3.9969,8.3061,-6.0001
253.184,-3.9969,8.3036,-6.0001
253.194,-3.9969,8.3036,-6.0001
253.202,-3.9969,8.3012,-6.0001
253.212,-3.9969,8.3012,-6.0001
253.228,-3.9969,8.2987,-6.0001
253.239,-3.9969,8.2987,-6.0001
253.247,-3.9969,8.2962,-6.0001
253.257,-3.9969,8.2962,-6.0001
253.266,-3.9969,8.2938,-6.0001
253.275,-3.9969,8.2938,-6.0001
253.284,-3.9969,8.2913,-6.0001
253.294,-3.9969,8.2913,-6.0001
253.302,-3.9969,8.2888,-6.0001
253.312,-3.9969,8.2888,-6.0001
253.321,-3.9969,8.2888,-6.0001
253.331,-3.9969,8.2863,-6.0001
253.339,-3.9969,8.2863,-6.0001
253.348,-3.9969,8.2838,-6.0001
253.359,-3.9969,8.2838,-6.0001
253.368,-3.9969,8.2814,-6.0001
253.379,-3.9969,8.2814,-6.0001
253.388,-3.9969,8.2789,-6.0001
253.398,-3.9969,8.2789,-6.0001
253.406,-3.9969,8.2764,-6.0001
253.417,-3.9969,8.2764,-6.0001
253.427,-3.9969,8.2739,-6.0001
253.437,-3.9969,8.2739,-6.0001
253.447,-3.9969,8.2715,-6.0001
253.458,-3.9969,8.2715,-6.0001
253.467,-3.9969,8.2690,-6.0001
253.478,-3.9969,8.2690,-6.0001
253.486,-3.9969,8.2665,-6.0001
253.496,-3.9969,8.2665,-6.0001
253.506,-3.9969,8.2640,-6.0001
253.516,-3.9969,8.2640,-6.0001
253.525,-3.9969,8.2615,-6.0001
253.536,-3.9969,8.2615,-6.0001
253.545,-3.9969,8.2591,-6.0001
253.556,-3.9969,8.2591,-6.0001
253.565,-3.9969,8.2566,-6.0001
253.577,-3.9969,8.2566,-6.0001
253.585,-3.9969,8.2541,-6.0001
253.596,-3.9969,8.2541,-6.0001
253.605,-3.9969,8.2516,-6.0001
253.616,-3.9969,8.2516,-6.0001
253.625,-3.9969,8.2491,-6.0001
253.635,-3.9969,8.2491,-6.0001
253.643,-3.9969,8.2466,-6.0001
253.654,-3.9969,8.2466,-6.0001
253.663,-3.9969,8.2441,-6.0001
253.673,-3.9969,8.2441,-6.0001
253.682,-3.9969,8.2416,-6.0001
253.694,-3.9969,8.2416,-6.0001
253.702,-3.9969,8.2416,-6.0001
253.711,-3.9969,8.2391,-6.0001
253.721,-3.9969,8.2391,-6.0001
253.731,-3.9969,8.2366,-6.0001
253.743,-3.9969,8.2340,-6.0001
253.753,-3.9969,8.2340,-6.0001
253.763,-3.9969,8.2315,-6.0001
253.773,-3.9969,8.2315,-6.0001
253.783,-3.9969,8.2290,-6.0001
253.794,-3.9969,8.2290,-6.0001
253.803,-3.9969,8.2264,-6.0001
253.814,-3.9969,8.2264,-6.0001
253.823,-3.9969,8.2239,-6.0001
253.833,-3.9969,8.2239,-6.0001
253.841,-3.9969,8.2239,-6.0001
253.848,-3.9969,8.2214,-6.0001
253.858,-3.9969,8.2214,-6.0001
253.867,-3.9969,8.2188,-6.0001
253.876,-3.9969,8.2188,-6.0001
253.885,-3.9969,8.2162,-6.0001
253.895,-3.9969,8.2162,-6.0001
253.903,-3.9969,8.2137,-6.0001
253.914,-3.9969,8.2137,-6.0001
253.921,-3.9969,8.2137,-6.0001
253.930,-3.9969,8.2111,-6.0001
253.938,-3.9969,8.2111,-6.0001
253.946,-3.9969,8.2086,-6.0001
253.955,-3.9969,8.2086,-6.0001
253.963,-3.9969,8.2060,-6.0001
253.971,-3.9969,8.2060,-6.0001
253.979,-3.9969,8.2060,-6.0001
253.988,-3.9969,8.2034,-6.0001
253.998,-3.9969,8.2034,-6.0001
254.006,-3.9969,8.2009,-6.0001
254.017,-3.9969,8.2009,-6.0001
254.026,-3.9969,8.1984,-6.0001
254.036,-3.9969,8.1984,-6.0001
254.044,-3.9969,8.1958,-6.0001
254.055,-3.9969,8.1958,-6.0001
254.062,-3.9969,8.1933,-6.0001
254.071,-3.9969,8.1933,-6.0001
254.080,-3.9969,8.1933,-6.0001
254.089,-3.9969,8.1908,-6.0001
254.097,-3.9969,8.1908,-6.0001
254.105,-3.9969,8.1883,-6.0001
254.114,-3.9969,8.1883,-6.0001
254.122,-3.9969,8.1858,-6.0001
254.131,-3.9969,8.1858,-6.0001
254.139,-3.9969,8.1858,-6.0001
254.147,-3.9969,8.1832,-6.0001
254.157,-3.9969,8.1832,-6.0001
254.165,-3.9969,8.1807,-6.0001
254.175,-3.9969,8.1807,-6.0001
254.183,-3.9969,8.1782,-6.0001
254.193,-3.9969,8.1782,-6.0001
254.203,-3.9969,8.1757,-6.0001
254.212,-3.9969,8.1757,-6.0001
254.220,-3.9969,8.1757,-6.0001
254.228,-3.9969,8.1732,-6.0001
254.237,-3.9969,8.1732,-6.0001
254.245,-3.9969,8.1707,-6.0001
254.255,-3.9969,8.1707,-6.0001
254.263,-3.9969,8.1681,-6.0001
254.271,-3.9969,8.1681,-6.0001
254.279,-3.9969,8.1681,-6.0001
254.287,-3.9969,8.1656,-6.0001
254.297,-3.9969,8.1656,-6.0001
254.304,-3.9969,8.1631,-6.0001
254.313,-3.9969,8.1631,-6.0001
254.321,-3.9969,8.1631,-6.0001
254.329,-3.9969,8.1606,-6.0001
254.338,-3.9969,8.1606,-6.0001
254.347,-3.9969,8.1581,-6.0001
254.357,-3.9969,8.1581,-6.0001
254.365,-3.9969,8.1556,-6.0001
254.375,-3.9969,8.1556,-6.0001
254.383,-3.9969,8.1530,-6.0001
254.394,-3.9969,8.1530,-6.0001
254.401,-3.9969,8.1530,-6.0001
254.410,-3.9969,8.1505,-6.0001
254.420,-3.9969,8.1505,-6.0001
254.428,-3.9969,8.1480,-6.0001
254.438,-3.9969,8.1480,-6.0001
254.447,-3.9969,8.1454,-6.0001
254.457,-3.9969,8.1454,-6.0001
254.464,-3.9969,8.1429,-6.0001
254.476,-3.9969,8.1429,-6.0001
254.483,-3.9969,8.1404,-6.0001
254.492,-3.9969,8.1404,-6.0001
254.501,-3.9969,8.1404,-6.0001
254.509,-3.9969,8.1378,-6.0001
254.519,-3.9969,8.1378,-6.0001
254.526,-3.9969,8.1353,-6.0001
254.536,-3.9969,8.1353,-6.0001
254.545,-3.9969,8.1327,-6.0001
254.554,-3.9969,8.1327,-6.0001
254.562,-3.9969,8.1301,-6.0001
254.571,-3.9969,8.1301,-6.0001
254.581,-3.9969,8.1301,-6.0001
254.589,-3.9969,8.1276,-6.0001
254.600,-3.9969,8.1276,-6.0001
254.608,-3.9969,8.1250,-6.0001
254.618,-3.9969,8.1250,-6.0001
254.627,-3.9969,8.1224,-6.0001
254.635,-3.9969,8.1224,-6.0001
254.644,-3.9969,8.1198,-6.0001
254.654,-3.9969,8.1198,-6.0001
254.663,-3.9969,8.1173,-6.0001
254.672,-3.9969,8.1173,-6.0001
254.680,-3.9969,8.1173,-6.0001
254.688,-3.9969,8.1147,-6.0001
254.699,-3.9969,8.1147,-6.0001
254.707,-3.9969,8.1121,-6.0001
254.717,-3.9969,8.1121,-6.0001
254.726,-3.9969,8.1095,-6.0001
254.735,-3.9969,8.1095,-6.0001
254.743,-3.9969,8.1069,-6.0001
254.753,-3.9969,8.1069,-6.0001
254.762,-3.9969,8.1069,-6.0001
254.769,-3.9969,8.1042,-6.0001
254.779,-3.9969,8.1042,-6.0001
254.788,-3.9969,8.1016,-6.0001
254.798,-3.9969,8.1016,-6.0001
254.806,-3.9969,8.0990,-6.0001
254.816,-3.9969,8.0990,-6.0001
254.825,-3.9969,8.0964,-6.0001
254.834,-3.9969,8.0964,-6.0001
254.843,-3.9969,8.0937,-6.0001
254.853,-3.9969,8.0937,-6.0001
254.862,-3.9969,8.0911,-6.0001
254.871,-3.9969,8.0911,-6.0001
254.880,-3.9969,8.0911,-6.0001
254.890,-3.9969,8.0884,-6.0001
254.900,-3.9969,8.0884,-6.0001
254.908,-3.9969,8.0858,-6.0001
254.918,-3.9969,8.0858,-6.0001
254.928,-3.9969,8.0831,-6.0001
254.938,-3.9969,8.0831,-6.0001
254.946,-3.9969,8.0805,-6.0001
254.956,-3.9969,8.0805,-6.0001
254.964,-3.9969,8.0779,-6.0001
254.974,-3.9969,8.0779,-6.0001
254.984,-3.9969,8.0752,-6.0001
254.994,-3.9969,8.0752,-6.0001
255.002,-3.9969,8.0726,-6.0001
255.014,-3.9969,8.0726,-6.0001
255.021,-3.9969,8.0726,-6.0001
255.030,-3.9969,8.0699,-6.0001
255.041,-3.9969,8.0699,-6.0001
255.050,-3.9969,8.0673,-6.0001
255.060,-3.9969,8.0673,-6.0001
255.069,-3.9969,8.0646,-6.0001
255.079,-3.9969,8.0646,-6.0001
255.087,-3.9969,8.0620,-6.0001
255.097,-3.9969,8.0620,-6.0001
255.105,-3.9969,8.0594,-6.0001
255.114,-3.9969,8.0594,-6.0001
255.121,-3.9969,8.0594,-6.0001
255.130,-3.9969,8.0567,-6.0001
255.139,-3.9969,8.0567,-6.0001
255.147,-3.9969,8.0541,-6.0001
255.157,-3.9969,8.0541,-6.0001
255.165,-3.9969,8.0514,-6.0001
255.174,-3.9969,8.0514,-6.0001
255.182,-3.9969,8.0514,-6.0001
255.190,-3.9969,8.0488,-6.0001
255.200,-3.9969,8.0488,-6.0001
255.207,-3.9969,8.0461,-6.0001
255.216,-3.9969,8.0461,-6.0001
255.225,-3.9969,8.0435,-6.0001
255.234,-3.9969,8.0435,-6.0001
255.241,-3.9969,8.0435,-6.0001
255.249,-3.9969,8.0408,-6.0001
255.260,-3.9969,8.0408,-6.0001
255.268,-3.9969,8.0382,-6.0001
255.277,-3.9969,8.0382,-6.0001
255.286,-3.9969,8.0355,-6.0001
255.295,-3.9969,8.0355,-6.0001
255.302,-3.9969,8.0329,-6.0001
255.312,-3.9969,8.0329,-6.0001
255.321,-3.9969,8.0329,-6.0001
255.329,-3.9969,8.0302,-6.0001
255.338,-3.9969,8.0302,-6.0001
255.347,-3.9969,8.0276,-6.0001
255.356,-3.9969,8.0276,-6.0001
255.365,-3.9969,8.0249,-6.0001
255.375,-3.9969,8.0249,-6.0001
255.384,-3.9969,8.0223,-6.0001
255.394,-3.9969,8.0223,-6.0001
255.400,-3.9969,8.0223,-6.0001
255.417,-3.9969,8.0196,-6.0001
255.428,-3.9969,8.0170,-6.0001
255.437,-3.9969,8.0170,-6.0001
255.447,-3.9969,8.0144,-6.0001
255.457,-3.9969,8.0144,-6.0001
255.465,-3.9969,8.0117,-6.0001
255.476,-3.9969,8.0117,-6.0001
255.484,-3.9969,8.0091,-6.0001
255.494,-3.9969,8.0091,-6.0001
255.502,-3.9969,8.0091,-6.0001
255.509,-3.9969,8.0065,-6.0001
255.517,-3.9969,8.0065,-6.0001
255.525,-3.9969,8.0039,-6.0001
255.535,-3.9969,8.0039,-6.0001
255.543,-3.9969,8.0012,-6.0001
255.551,-3.9969,8.0012,-6.0001
255.559,-3.9969,8.0012,-6.0001
255.567,-3.9969,7.9986,-6.0001
255.576,-3.9969,7.9986,-6.0001
255.585,-3.9969,7.9960,-6.0001
255.595,-3.9969,7.9960,-6.0001
255.602,-3.9969,7.9960,-6.0001
255.610,-3.9969,7.9934,-6.0001
255.618,-3.9969,7.9934,-6.0001
255.627,-3.9969,7.9907,-6.0001
255.636,-3.9969,7.9907,-6.0001
255.644,-3.9969,7.9881,-6.0001
255.653,-3.9969,7.9881,-6.0001
255.661,-3.9969,7.9881,-6.0001
255.668,-3.9969,7.9855,-6.0001
255.678,-3.9969,7.9855,-6.0001
255.686,-3.9969,7.9829,-6.0001
255.696,-3.9969,7.9829,-6.0001
255.704,-3.9969,7.9803,-6.0001
255.714,-3.9969,7.9803,-6.0001
255.722,-3.9969,7.9776,-6.0001
255.731,-3.9969,7.9776,-6.0001
255.739,-3.9969,7.9776,-6.0001
255.749,-3.9969,7.9750,-6.0001
255.758,-3.9969,7.9750,-6.0001
255.766,-3.9969,7.9724,-6.0001
255.775,-3.9969,7.9724,-6.0001
255.784,-3.9969,7.9698,-6.0001
255.793,-3.9969,7.9698,-6.0001
255.802,-3.9969,7.9698,-6.0001
255.809,-3.9969,7.9672,-6.0001
255.818,-3.9969,7.9672,-6.0001
255.825,-3.9969,7.9646,-6.0001
255.835,-3.9969,7.9646,-6.0001
255.843,-3.9969,7.9620,-6.0001
255.852,-3.9969,7.9620,-6.0001
255.861,-3.9969,7.9620,-6.0001
255.869,-3.9969,7.9594,-6.0001
255.880,-3.9969,7.9594,-6.0001
255.888,-3.9969,7.9568,-6.0001
255.898,-3.9969,7.9568,-6.0001
255.905,-3.9969,7.9542,-6.0001
255.915,-3.9969,7.9542,-6.0001
255.924,-3.9969,7.9515,-6.0001
255.934,-3.9969,7.9515,-6.0001
255.943,-3.9969,7.9489,-6.0001
255.954,-3.9969,7.9489,-6.0001
255.963,-3.9969,7.9463,-6.0001
255.974,-3.9969,7.9463,-6.0001
255.983,-3.9969,7.9437,-6.0001
255.995,-3.9969,7.9437,-6.0001
256.004,-3.9969,7.9411,-6.0001
256.014,-3.9969,7.9411,-6.0001
256.023,-3.9969,7.9385,-6.0001
256.033,-3.9969,7.9385,-6.0001
256.043,-3.9969,7.9359,-6.0001
256.053,-3.9969,7.9359,-6.0001
256.061,-3.9969,7.9359,-6.0001
256.070,-3.9969,7.9333,-6.0001
256.081,-3.9969,7.9333,-6.0001
256.090,-3.9969,7.9307,-6.0001
256.100,-3.9969,7.9307,-6.0001
256.109,-3.9969,7.9281,-6.0001
256.120,-3.9969,7.9281,-6.0001
256.128,-3.9969,7.9255,-6.0001
256.138,-3.9969,7.9255,-6.0001
256.147,-3.9969,7.9228,-6.0001
256.158,-3.9969,7.9228,-6.0001
256.167,-3.9969,7.9202,-6.0001
256.177,-3.9969,7.9202,-6.0001
256.185,-3.9969,7.9176,-6.0001
256.195,-3.9969,7.9176,-6.0001
256.203,-3.9969,7.9150,-6.0001
256.214,-3.9969,7.9150,-6.0001
256.224,-3.9969,7.9124,-6.0001
256.234,-3.9969,7.9124,-6.0001
256.242,-3.9969,7.9098,-6.0001
256.254,-3.9969,7.9098,-6.0001
256.262,-3.9969,7.9098,-6.0001
256.270,-3.9969,7.9072,-6.0001
256.281,-3.9969,7.9072,-6.0001
256.290,-3.9969,7.9045,-6.0001
256.300,-3.9969,7.9045,-6.0001
256.309,-3.9969,7.9019,-6.0001
256.320,-3.9969,7.9019,-6.0001
256.328,-3.9969,7.8993,-6.0001
256.340,-3.9969,7.8993,-6.0001
256.348,-3.9969,7.8966,-6.0001
256.358,-3.9969,7.8966,-6.0001
256.366,-3.9969,7.8940,-6.0001
256.376,-3.9969,7.8940,-6.0001
256.383,-3.9969,7.8914,-6.0001
256.393,-3.9969,7.8914,-6.0001
256.401,-3.9969,7.8914,-6.0001
256.409,-3.9969,7.8887,-6.0001
256.417,-3.9969,7.8887,-6.0001
256.425,-3.9969,7.8861,-6.0001
256.435,-3.9969,7.8861,-6.0001
256.443,-3.9969,7.8834,-6.0001
256.454,-3.9969,7.8834,-6.0001
256.462,-3.9969,7.8808,-6.0001
256.471,-3.9969,7.8808,-6.0001
256.479,-3.9969,7.8808,-6.0001
256.487,-3.9969,7.8782,-6.0001
256.497,-3.9969,7.8782,-6.0001
256.505,-3.9969,7.8755,-6.0001
256.514,-3.9969,7.8755,-6.0001
256.523,-3.9969,7.8729,-6.0001
256.532,-3.9969,7.8729,-6.0001
256.539,-3.9969,7.8729,-6.0001
256.547,-3.9969,7.8702,-6.0001
256.556,-3.9969,7.8702,-6.0001
256.564,-3.9969,7.8675,-6.0001
256.573,-3.9969,7.8675,-6.0001
256.582,-3.9969,7.8649,-6.0001
256.593,-3.9969,7.8649,-6.0001
256.600,-3.9969,7.8649,-6.0001
256.608,-3.9969,7.8622,-6.0001
256.617,-3.9969,7.8622,-6.0001
256.625,-3.9969,7.8596,-6.0001
256.635,-3.9969,7.8596,-6.0001
256.643,-3.9969,7.8569,-6.0001
256.652,-3.9969,7.8569,-6.0001
256.660,-3.9969,7.8569,-6.0001
256.668,-3.9969,7.8542,-6.0001
256.678,-3.9969,7.8542,-6.0001
256.685,-3.9969,7.8516,-6.0001
256.694,-3.9969,7.8516,-6.0001
256.701,-3.9969,7.8516,-6.0001
256.709,-3.9969,7.8489,-6.0001
256.719,-3.9969,7.8489,-6.0001
256.727,-3.9969,7.8462,-6.0001
256.735,-3.9969,7.8462,-6.0001
256.744,-3.9969,7.8436,-6.0001
256.753,-3.9969,7.8436,-6.0001
256.761,-3.9969,7.8436,-6.0001
256.769,-3.9969,7.8409,-6.0001
256.779,-3.9969,7.8409,-6.0001
256.786,-3.9969,7.8382,-6.0001
256.797,-3.9969,7.8382,-6.0001
256.805,-3.9969,7.8356,-6.0001
256.813,-3.9969,7.8356,-6.0001
256.822,-3.9969,7.8356,-6.0001
256.830,-3.9969,7.8329,-6.0001
256.839,-3.9969,7.8329,-6.0001
256.847,-3.9969,7.8302,-6.0001
256.857,-3.9969,7.8302,-6.0001
256.865,-3.9969,7.8276,-6.0001
256.875,-3.9969,7.8276,-6.0001
256.884,-3.9969,7.8249,-6.0001
256.894,-3.9969,7.8249,-6.0001
256.901,-3.9969,7.8249,-6.0001
256.910,-3.9969,7.8222,-6.0001
256.920,-3.9969,7.8222,-6.0001
256.927,-3.9969,7.8196,-6.0001
256.937,-3.9969,7.8196,-6.0001
256.945,-3.9969,7.8169,-6.0001
256.955,-3.9969,7.8169,-6.0001
256.963,-3.9969,7.8142,-6.0001
256.971,-3.9969,7.8142,-6.0001
256.981,-3.9969,7.8142,-6.0001
256.989,-3.9969,7.8116,-6.0001
256.998,-3.9969,7.8116,-6.0001
257.005,-3.9969,7.8089,-6.0001
257.015,-3.9969,7.8089,-6.0001
257.023,-3.9969,7.8062,-6.0001
257.033,-3.9969,7.8062,-6.0001
257.043,-3.9969,7.8036,-6.0001
257.051,-3.9969,7.8036,-6.0001
257.060,-3.9969,7.8036,-6.0001
257.067,-3.9969,7.8009,-6.0001
257.077,-3.9969,7.8009,-6.0001
257.085,-3.9969,7.7982,-6.0001
257.095,-3.9969,7.7982,-6.0001
257.102,-3.9969,7.7956,-6.0001
257.112,-3.9969,7.7956,-6.0001
257.121,-3.9969,7.7956,-6.0001
257.129,-3.9969,7.7929,-6.0001
257.138,-3.9969,7.7929,-6.0001
257.146,-3.9969,7.7902,-6.0001
257.158,-3.9969,7.7902,-6.0001
257.167,-3.9969,7.7876,-6.0001
257.177,-3.9969,7.7876,-6.0001
257.186,-3.9969,7.7849,-6.0001
257.197,-3.9969,7.7849,-6.0001
257.204,-3.9969,7.7822,-6.0001
257.216,-3.9969,7.7822,-6.0001
257.225,-3.9969,7.7796,-6.0001
257.234,-3.9969,7.7796,-6.0001
257.243,-3.9969,7.7769,-6.0001
257.254,-3.9969,7.7769,-6.0001
257.263,-3.9969,7.7742,-6.0001
257.272,-3.9969,7.7742,-6.0001
257.282,-3.9969,7.7742,-6.0001
257.292,-3.9969,7.7716,-6.0001
257.303,-3.9969,7.7689,-6.0001
257.314,-3.9969,7.7689,-6.0001
257.323,-3.9969,7.7662,-6.0001
257.334,-3.9969,7.7662,-6.0001
257.343,-3.9969,7.7636,-6.0001
257.354,-3.9969,7.7636,-6.0001
257.363,-3.9969,7.7609,-6.0001
257.375,-3.9969,7.7609,-6.0001
257.384,-3.9969,7.7583,-6.0001
257.394,-3.9969,7.7583,-6.0001
257.403,-3.9969,7.7556,-6.0001
257.414,-3.9969,7.7556,-6.0001
257.422,-3.9969,7.7556,-6.0001
257.430,-3.9969,7.7529,-6.0001
257.440,-3.9969,7.7529,-6.0001
257.455,-3.9969,7.7529,-6.0001
257.469,-3.9969,7.7529,-6.0001
257.481,-3.9969,7.7529,-6.0001
257.492,-3.9969,7.7529,-6.0001
257.501,-3.9969,7.7529,-6.0001
257.515,-3.9969,7.7529,-6.0001
257.532,-3.9969,7.7529,-6.0001
257.543,-3.9969,7.7529,-6.0001
257.555,-3.9969,7.7529,-6.0001
257.563,-3.9969,7.7529,-6.0001
257.574,-3.9969,7.7529,-6.0001
257.582,-3.9969,7.7529,-6.0001
257.594,-3.9969,7.7529,-6.0001
257.602,-3.9969,7.7529,-6.0001
257.613,-3.9969,7.7529,-6.0001
257.621,-3.9969,7.7529,-6.0001
257.628,-3.9969,7.7529,-6.0001
257.638,-3.9969,7.7529,-6.0001
257.647,-3.9969,7.7529,-6.0001
257.656,-3.9969,7.7529,-6.0001
257.664,-3.9969,7.7529,-6.0001
257.673,-3.9969,7.7529,-6.0001
257.682,-3.9969,7.7529,-6.0001
257.690,-3.9969,7.7529,-6.0001
257.700,-3.9969,7.7529,-6.0001
257.707,-3.9969,7.7529,-6.0001
257.717,-3.9969,7.7529,-6.0001
257.726,-3.9969,7.7529,-6.0001
257.736,-3.9969,7.7529,-6.0001
257.743,-3.9969,7.7529,-6.0001
257.753,-3.9969,7.7529,-6.0001
257.761,-3.9969,7.7529,-6.0001
257.768,-3.9969,7.7529,-6.0001
257.777,-3.9969,7.7529,-6.0001
257.785,-3.9969,7.7529,-6.0001
257.796,-3.9969,7.7529,-6.0001
257.803,-3.9969,7.7529,-6.0001
257.814,-3.9969,7.7529,-6.0001
257.822,-3.9969,7.7529,-6.0001
257.832,-3.9969,7.7529,-6.0001
257.839,-3.9969,7.7529,-6.0001
257.848,-3.9969,7.7529,-6.0001
257.859,-3.9969,7.7529,-6.0001
257.866,-3.9969,7.7529,-6.0001
257.875,-3.9969,7.7529,-6.0001
257.882,-3.9969,7.7529,-6.0001
257.893,-3.9969,7.7529,-6.0001
257.900,-3.9969,7.7529,-6.0001
257.909,-3.9969,7.7529,-6.0001
257.918,-3.9969,7.7529,-6.0001
257.927,-3.9969,7.7529,-6.0001
257.935,-3.9969,7.7529,-6.0001
257.944,-3.9969,7.7529,-6.0001
257.953,-3.9969,7.7529,-6.0001
257.962,-3.9969,7.7529,-6.0001
257.971,-3.9969,7.7529,-6.0001
257.979,-3.9969,7.7529,-6.0001
257.986,-3.9969,7.7529,-6.0001
257.995,-3.9969,7.7529,-6.0001
258.002,-3.9969,7.7529,-6.0001
258.010,-3.9969,7.7529,-6.0001
258.018,-3.9969,7.7529,-6.0001
258.027,-3.9969,7.7529,-6.0001
258.035,-3.9969,7.7529,-6.0001
258.043,-3.9969,7.7529,-6.0001
258.051,-3.9969,7.7529,-6.0001
258.061,-3.9969,7.7529,-6.0001
258.069,-3.9969,7.7529,-6.0001
258.077,-3.9969,7.7529,-6.0001
258.085,-3.9969,7.7529,-6.0001
258.095,-3.9969,7.7529,-6.0001
258.103,-3.9969,7.7529,-6.0001
258.111,-3.9969,7.7529,-6.0001
258.119,-3.9969,7.7529,-6.0001
258.128,-3.9969,7.7529,-6.0001
258.136,-3.9969,7.7529,-6.0001
258.143,-3.9969,7.7529,-6.0001
258.152,-3.9969,7.7529,-6.0001
258.161,-3.9969,7.7529,-6.0001
258.169,-3.9969,7.7529,-6.0001
258.178,-3.9969,7.7529,-6.0001
258.186,-3.9969,7.7529,-6.0001
258.194,-3.9969,7.7529,-6.0001
258.202,-3.9969,7.7529,-6.0001
258.211,-3.9969,7.7529,-6.0001
258.219,-3.9969,7.7529,-6.0001
258.227,-3.9969,7.7529,-6.0001
258.235,-3.9969,7.7529,-6.0001
258.244,-3.9969,7.7529,-6.0001
258.253,-3.9969,7.7529,-6.0001
258.261,-3.9969,7.7529,-6.0001
258.268,-3.9969,7.7529,-6.0001
258.278,-3.9969,7.7529,-6.0001
258.287,-3.9969,7.7529,-6.0001
258.295,-3.9969,7.7529,-6.0001
258.302,-3.9969,7.7529,-6.0001
258.311,-3.9969,7.7529,-6.0001
258.319,-3.9969,7.7529,-6.0001
258.326,-3.9969,7.7529,-6.0001
258.335,-3.9969,7.7529,-6.0001
258.343,-3.9969,7.7529,-6.0001
258.351,-3.9969,7.7529,-6.0001
258.359,-3.9969,7.7529,-6.0001
258.368,-3.9969,7.7529,-6.0001
258.377,-3.9969,7.7529,-6.0001
258.385,-3.9969,7.7529,-6.0001
258.395,-3.9969,7.7529,-6.0001
258.402,-3.9969,7.7529,-6.0001
258.411,-3.9969,7.7529,-6.0001
258.421,-3.9969,7.7529,-6.0001
258.430,-3.9969,7.7529,-6.0001
258.438,-3.9969,7.7529,-6.0001
258.446,-3.9969,7.7529,-6.0001
258.455,-3.9969,7.7529,-6.0001
258.465,-3.9969,7.7529,-6.0001
258.476,-3.9969,7.7529,-6.0001
258.484,-3.9969,7.7529,-6.0001
258.493,-3.9969,7.7529,-6.0001
258.501,-3.9969,7.7529,-6.0001
258.511,-3.9969,7.7529,-6.0001
258.521,-3.9969,7.7529,-6.0001
258.530,-3.9969,7.7529,-6.0001
258.539,-3.9969,7.7529,-6.0001
258.547,-3.9969,7.7529,-6.0001
258.556,-3.9969,7.7529,-6.0001
258.565,-3.9969,7.7529,-6.0001
258.574,-3.9969,7.7529,-6.0001
258.583,-3.9969,7.7529,-6.0001
258.593,-3.9969,7.7529,-6.0001
258.602,-3.9969,7.7529,-6.0001
258.610,-3.9969,7.7529,-6.0001
258.620,-3.9969,7.7529,-6.0001
258.630,-3.9969,7.7529,-6.0001
258.640,-3.9969,7.7529,-6.0001
258.649,-3.9969,7.7529,-6.0001
258.660,-3.9969,7.7529,-6.0001
258.668,-3.9969,7.7529,-6.0001
258.678,-3.9969,7.7529,-6.0001
258.686,-3.9969,7.7529,-6.0001
258.700,-3.9969,7.7529,-6.0001
258.713,-3.9969,7.7529,-6.0001
258.727,-3.9969,7.7529,-6.0001
258.737,-3.9969,7.7529,-6.0001
258.750,-3.9969,7.7529,-6.0001
258.763,-3.9969,7.7529,-6.0001
258.775,-3.9969,7.7529,-6.0001
258.784,-3.9969,7.7529,-6.0001
258.795,-3.9969,7.7529,-6.0001
258.803,-3.9969,7.7529,-6.0001
258.813,-3.9969,7.7529,-6.0001
258.822,-3.9969,7.7529,-6.0001
258.831,-3.9969,7.7529,-6.0001
258.839,-3.9969,7.7529,-6.0001
258.849,-3.9969,7.7529,-6.0001
258.860,-3.9969,7.7529,-6.0001
258.869,-3.9969,7.7529,-6.0001
258.878,-3.9969,7.7529,-6.0001
258.885,-3.9969,7.7529,-6.0001
258.895,-3.9969,7.7529,-6.0001
258.905,-3.9969,7.7529,-6.0001
258.919,-3.9969,7.7529,-6.0001
258.926,-3.9969,7.7529,-6.0001
258.935,-3.9969,7.7529,-6.0001
258.944,-3.9969,7.7529,-6.0001
258.953,-3.9969,7.7529,-6.0001
258.962,-3.9969,7.7529,-6.0001
258.969,-3.9969,7.7529,-6.0001
258.979,-3.9969,7.7529,-6.0001
258.987,-3.9969,7.7529,-6.0001
258.998,-3.9969,7.7529,-6.0001
259.005,-3.9969,7.7529,-6.0001
259.015,-3.9969,7.7529,-6.0001
259.023,-3.9969,7.7529,-6.0001
259.033,-3.9969,7.7529,-6.0001
259.041,-3.9969,7.7529,-6.0001
259.049,-3.9969,7.7529,-6.0001
259.060,-3.9969,7.7529,-6.0001
259.067,-3.9969,7.7529,-6.0001
259.078,-3.9969,7.7529,-6.0001
259.085,-3.9969,7.7529,-6.0001
259.096,-3.9969,7.7529,-6.0001
259.103,-3.9969,7.7530,-6.0001
259.113,-3.9969,7.7530,-6.0001
259.124,-3.9969,7.7530,-6.0001
259.133,-3.9969,7.7530,-6.0001
259.142,-3.9969,7.7530,-6.0001
259.150,-3.9969,7.7533,-6.0001
259.159,-3.9969,7.7533,-6.0001
259.166,-3.9969,7.7536,-6.0001
259.175,-3.9969,7.7536,-6.0001
259.185,-3.9969,7.7539,-6.0001
259.195,-3.9969,7.7539,-6.0001
259.202,-3.9969,7.7547,-6.0001
259.212,-3.9969,7.7547,-6.0001
259.221,-3.9969,7.7547,-6.0001
259.228,-3.9969,7.7556,-6.0001
259.236,-3.9969,7.7556,-6.0001
259.244,-3.9969,7.7567,-6.0001
259.253,-3.9969,7.7567,-6.0001
259.261,-3.9969,7.7567,-6.0001
259.267,-3.9969,7.7589,-6.0001
259.276,-3.9969,7.7589,-6.0001
259.283,-3.9969,7.7612,-6.0001
259.299,-3.9969,7.7612,-6.0001
259.308,-3.9969,7.7636,-6.0001
259.316,-3.9969,7.7636,-6.0001
259.325,-3.9969,7.7662,-6.0001
259.334,-3.9969,7.7662,-6.0001
259.341,-3.9969,7.7662,-6.0001
259.349,-3.9969,7.7689,-6.0001
259.360,-3.9969,7.7689,-6.0001
259.368,-3.9969,7.7715,-6.0001
259.377,-3.9969,7.7715,-6.0001
259.386,-3.9969,7.7741,-6.0001
259.395,-3.9969,7.7741,-6.0001
259.402,-3.9969,7.7767,-6.0001
259.412,-3.9969,7.7767,-6.0001
259.419,-3.9969,7.7767,-6.0001
259.427,-3.9969,7.7793,-6.0001
259.435,-3.9969,7.7793,-6.0001
259.443,-3.9969,7.7819,-6.0001
259.453,-3.9969,7.7819,-6.0001
259.461,-3.9969,7.7819,-6.0001
259.468,-3.9969,7.7845,-6.0001
259.478,-3.9969,7.7845,-6.0001
259.486,-3.9969,7.7870,-6.0001
259.494,-3.9969,7.7870,-6.0001
259.500,-3.9969,7.7870,-6.0001
259.508,-3.9969,7.7896,-6.0001
259.516,-3.9969,7.7896,-6.0001
259.523,-3.9969,7.7922,-6.0001
259.532,-3.9969,7.7922,-6.0001
259.539,-3.9969,7.7922,-6.0001
259.547,-3.9969,7.7947,-6.0001
259.555,-3.9969,7.7947,-6.0001
259.563,-3.9969,7.7973,-6.0001
259.570,-3.9969,7.7973,-6.0001
259.578,-3.9969,7.7973,-6.0001
259.586,-3.9969,7.7998,-6.0001
259.594,-3.9969,7.7998,-6.0001
259.601,-3.9969,7.7998,-6.0001
259.609,-3.9969,7.8024,-6.0001
259.617,-3.9969,7.8024,-6.0001
259.625,-3.9969,7.8050,-6.0001
259.632,-3.9969,7.8050,-6.0001
259.639,-3.9969,7.8050,-6.0001
259.645,-3.9969,7.8075,-6.0001
259.654,-3.9969,7.8075,-6.0001
259.661,-3.9969,7.8075,-6.0001
259.670,-3.9969,7.8101,-6.0001
259.678,-3.9969,7.8101,-6.0001
259.686,-3.9969,7.8126,-6.0001
259.695,-3.9969,7.8126,-6.0001
259.703,-3.9969,7.8152,-6.0001
259.712,-3.9969,7.8152,-6.0001
259.720,-3.9969,7.8152,-6.0001
259.729,-3.9969,7.8177,-6.0001
259.736,-3.9969,7.8177,-6.0001
259.744,-3.9969,7.8203,-6.0001
259.753,-3.9969,7.8203,-6.0001
259.762,-3.9969,7.8228,-6.0001
259.770,-3.9969,7.8228,-6.0001
259.779,-3.9969,7.8228,-6.0001
259.789,-3.9969,7.8253,-6.0001
259.799,-3.9969,7.8253,-6.0001
259.808,-3.9969,7.8279,-6.0001
259.819,-3.9969,7.8279,-6.0001
259.827,-3.9969,7.8304,-6.0001
259.836,-3.9969,7.8304,-6.0001
259.844,-3.9969,7.8329,-6.0001
259.854,-3.9969,7.8329,-6.0001
259.862,-3.9969,7.8354,-6.0001
259.873,-3.9969,7.8354,-6.0001
259.882,-3.9969,7.8379,-6.0001
259.892,-3.9969,7.8379,-6.0001
259.900,-3.9969,7.8379,-6.0001
259.910,-3.9969,7.8404,-6.0001
259.921,-3.9969,7.8404,-6.0001
259.929,-3.9969,7.8429,-6.0001
259.940,-3.9969,7.8429,-6.0001
259.948,-3.9969,7.8455,-6.0001
259.958,-3.9969,7.8455,-6.0001
259.967,-3.9969,7.8480,-6.0001
259.977,-3.9969,7.8480,-6.0001
259.986,-3.9969,7.8505,-6.0001
259.996,-3.9969,7.8505,-6.0001
260.006,-3.9969,7.8530,-6.0001
260.019,-3.9969,7.8530,-6.0001
260.029,-3.9969,7.8555,-6.0001
260.038,-3.9969,7.8555,-6.0001
260.048,-3.9969,7.8580,-6.0001
260.059,-3.9969,7.8580,-6.0001
260.067,-3.9969,7.8605,-6.0001
260.077,-3.9969,7.8605,-6.0001
260.085,-3.9969,7.8630,-6.0001
260.095,-3.9969,7.8630,-6.0001
260.103,-3.9969,7.8655,-6.0001
260.114,-3.9969,7.8655,-6.0001
260.122,-3.9969,7.8680,-6.0001
260.131,-3.9969,7.8680,-6.0001
260.140,-3.9969,7.8680,-6.0001
260.149,-3.9969,7.8705,-6.0001
260.158,-3.9969,7.8705,-6.0001
260.165,-3.9969,7.8730,-6.0001
260.174,-3.9969,7.8730,-6.0001
260.183,-3.9969,7.8755,-6.0001
260.192,-3.9969,7.8755,-6.0001
260.201,-3.9969,7.8755,-6.0001
260.210,-3.9969,7.8780,-6.0001
260.220,-3.9969,7.8780,-6.0001
260.229,-3.9969,7.8805,-6.0001
260.238,-3.9969,7.8805,-6.0001
260.245,-3.9969,7.8831,-6.0001
260.253,-3.9969,7.8831,-6.0001
260.261,-3.9969,7.8831,-6.0001
260.269,-3.9969,7.8856,-6.0001
260.276,-3.9969,7.8856,-6.0001
260.283,-3.9969,7.8881,-6.0001
260.293,-3.9969,7.8881,-6.0001
260.301,-3.9969,7.8881,-6.0001
260.308,-3.9969,7.8906,-6.0001
260.317,-3.9969,7.8906,-6.0001
260.324,-3.9969,7.8931,-6.0001
260.333,-3.9969,7.8931,-6.0001
260.340,-3.9969,7.8931,-6.0001
260.348,-3.9969,7.8957,-6.0001
260.355,-3.9969,7.8957,-6.0001
260.364,-3.9969,7.8982,-6.0001
260.372,-3.9969,7.8982,-6.0001
260.379,-3.9969,7.8982,-6.0001
260.386,-3.9969,7.9007,-6.0001
260.395,-3.9969,7.9007,-6.0001
260.402,-3.9969,7.9007,-6.0001
260.409,-3.9969,7.9033,-6.0001
260.417,-3.9969,7.9033,-6.0001
260.426,-3.9969,7.9058,-6.0001
260.433,-3.9969,7.9058,-6.0001
260.441,-3.9969,7.9058,-6.0001
260.449,-3.9969,7.9083,-6.0001
260.459,-3.9969,7.9083,-6.0001
260.466,-3.9969,7.9109,-6.0001
260.475,-3.9969,7.9109,-6.0001
260.482,-3.9969,7.9134,-6.0001
260.491,-3.9969,7.9134,-6.0001
260.499,-3.9969,7.9134,-6.0001
260.506,-3.9969,7.9159,-6.0001
260.516,-3.9969,7.9159,-6.0001
260.524,-3.9969,7.9184,-6.0001
260.533,-3.9969,7.9184,-6.0001
260.540,-3.9969,7.9184,-6.0001
260.550,-3.9969,7.9209,-6.0001
260.557,-3.9969,7.9209,-6.0001
260.566,-3.9969,7.9234,-6.0001
260.575,-3.9969,7.9234,-6.0001
260.583,-3.9969,7.9259,-6.0001
260.590,-3.9969,7.9259,-6.0001
260.598,-3.9969,7.9259,-6.0001
260.605,-3.9969,7.9284,-6.0001
260.615,-3.9969,7.9284,-6.0001
260.621,-3.9969,7.9284,-6.0001
260.629,-3.9969,7.9309,-6.0001
260.637,-3.9969,7.9309,-6.0001
260.645,-3.9969,7.9333,-6.0001
260.653,-3.9969,7.9333,-6.0001
260.662,-3.9969,7.9359,-6.0001
260.669,-3.9969,7.9359,-6.0001
260.678,-3.9969,7.9359,-6.0001
260.686,-3.9969,7.9384,-6.0001
260.695,-3.9969,7.9384,-6.0001
260.703,-3.9969,7.9409,-6.0001
260.712,-3.9969,7.9409,-6.0001
260.719,-3.9969,7.9409,-6.0001
260.727,-3.9969,7.9434,-6.0001
260.735,-3.9969,7.9434,-6.0001
260.742,-3.9969,7.9459,-6.0001
260.751,-3.9969,7.9459,-6.0001
260.759,-3.9969,7.9459,-6.0001
260.766,-3.9969,7.9485,-6.0001
260.775,-3.9969,7.9485,-6.0001
260.782,-3.9969,7.9510,-6.0001
260.791,-3.9969,7.9510,-6.0001
260.798,-3.9969,7.9510,-6.0001
260.805,-3.9969,7.9535,-6.0001
260.814,-3.9969,7.9535,-6.0001
260.823,-3.9969,7.9560,-6.0001
260.830,-3.9969,7.9560,-6.0001
260.837,-3.9969,7.9560,-6.0001
260.846,-3.9969,7.9586,-6.0001
260.854,-3.9969,7.9586,-6.0001
260.861,-3.9969,7.9586,-6.0001
260.868,-3.9969,7.9611,-6.0001
260.877,-3.9969,7.9611,-6.0001
260.885,-3.9969,7.9636,-6.0001
260.893,-3.9969,7.9636,-6.0001
260.901,-3.9969,7.9636,-6.0001
260.910,-3.9969,7.9661,-6.0001
260.917,-3.9969,7.9661,-6.0001
260.926,-3.9969,7.9686,-6.0001
260.935,-3.9969,7.9686,-6.0001
260.944,-3.9969,7.9711,-6.0001
260.953,-3.9969,7.9711,-6.0001
260.962,-3.9969,7.9736,-6.0001
260.970,-3.9969,7.9736,-6.0001
260.978,-3.9969,7.9736,-6.0001
260.986,-3.9969,7.9761,-6.0001
260.996,-3.9969,7.9761,-6.0001
261.004,-3.9969,7.9786,-6.0001
261.012,-3.9969,7.9786,-6.0001
261.021,-3.9969,7.9786,-6.0001
261.029,-3.9969,7.9811,-6.0001
261.037,-3.9969,7.9811,-6.0001
261.045,-3.9969,7.9836,-6.0001
261.054,-3.9969,7.9836,-6.0001
261.062,-3.9969,7.9836,-6.0001
261.069,-3.9969,7.9861,-6.0001
261.079,-3.9969,7.9861,-6.0001
261.089,-3.9969,7.9886,-6.0001
261.098,-3.9969,7.9886,-6.0001
261.107,-3.9969,7.9911,-6.0001
261.117,-3.9969,7.9911,-6.0001
261.126,-3.9969,7.9936,-6.0001
261.133,-3.9969,7.9936,-6.0001
261.142,-3.9969,7.9961,-6.0001
261.152,-3.9969,7.9961,-6.0001
261.161,-3.9969,7.9961,-6.0001
261.169,-3.9969,7.9986,-6.0001
261.180,-3.9969,7.9986,-6.0001
261.190,-3.9969,8.0010,-6.0001
261.199,-3.9969,8.0010,-6.0001
261.207,-3.9969,8.0035,-6.0001
261.216,-3.9969,8.0035,-6.0001
261.224,-3.9969,8.0060,-6.0001
261.233,-3.9969,8.0060,-6.0001
261.242,-3.9969,8.0085,-6.0001
261.250,-3.9969,8.0085,-6.0001
261.259,-3.9969,8.0085,-6.0001
261.267,-3.9969,8.0110,-6.0001
261.276,-3.9969,8.0110,-6.0001
261.283,-3.9969,8.0135,-6.0001
261.292,-3.9969,8.0135,-6.0001
261.300,-3.9969,8.0135,-6.0001
261.308,-3.9969,8.0160,-6.0001
261.318,-3.9969,8.0160,-6.0001
261.326,-3.9969,8.0185,-6.0001
261.335,-3.9969,8.0185,-6.0001
261.344,-3.9969,8.0210,-6.0001
261.354,-3.9969,8.0210,-6.0001
261.363,-3.9969,8.0235,-6.0001
261.371,-3.9969,8.0235,-6.0001
261.379,-3.9969,8.0235,-6.0001
261.388,-3.9969,8.0259,-6.0001
261.397,-3.9969,8.0259,-6.0001
261.404,-3.9969,8.0284,-6.0001
261.413,-3.9969,8.0284,-6.0001
261.422,-3.9969,8.0309,-6.0001
261.430,-3.9969,8.0309,-6.0001
261.437,-3.9969,8.0309,-6.0001
261.445,-3.9969,8.0334,-6.0001
261.455,-3.9969,8.0334,-6.0001
261.462,-3.9969,8.0359,-6.0001
261.470,-3.9969,8.0359,-6.0001
261.478,-3.9969,8.0359,-6.0001
261.486,-3.9969,8.0384,-6.0001
261.494,-3.9969,8.0384,-6.0001
261.502,-3.9969,8.0384,-6.0001
261.509,-3.9969,8.0409,-6.0001
261.518,-3.9969,8.0409,-6.0001
261.525,-3.9969,8.0434,-6.0001
261.534,-3.9969,8.0434,-6.0001
261.541,-3.9969,8.0434,-6.0001
261.549,-3.9969,8.0459,-6.0001
261.558,-3.9969,8.0459,-6.0001
261.565,-3.9969,8.0484,-6.0001
261.573,-3.9969,8.0484,-6.0001
261.580,-3.9969,8.0484,-6.0001
261.596,-3.9969,8.0509,-6.0001
261.605,-3.9969,8.0534,-6.0001
261.614,-3.9969,8.0534,-6.0001
261.621,-3.9969,8.0534,-6.0001
261.629,-3.9969,8.0559,-6.0001
261.638,-3.9969,8.0559,-6.0001
261.645,-3.9969,8.0585,-6.0001
261.653,-3.9969,8.0585,-6.0001
261.662,-3.9969,8.0610,-6.0001
261.670,-3.9969,8.0610,-6.0001
261.678,-3.9969,8.0610,-6.0001
261.686,-3.9969,8.0635,-6.0001
261.695,-3.9969,8.0635,-6.0001
261.702,-3.9969,8.0660,-6.0001
261.711,-3.9969,8.0660,-6.0001
261.719,-3.9969,8.0660,-6.0001
261.726,-3.9969,8.0684,-6.0001
261.734,-3.9969,8.0684,-6.0001
261.741,-3.9969,8.0684,-6.0001
261.750,-3.9969,8.0709,-6.0001
261.759,-3.9969,8.0709,-6.0001
261.766,-3.9969,8.0734,-6.0001
261.774,-3.9969,8.0734,-6.0001
261.783,-3.9969,8.0759,-6.0001
261.791,-3.9969,8.0759,-6.0001
261.799,-3.9969,8.0759,-6.0001
261.806,-3.9969,8.0784,-6.0001
261.815,-3.9969,8.0784,-6.0001
261.823,-3.9969,8.0809,-6.0001
261.832,-3.9969,8.0809,-6.0001
261.839,-3.9969,8.0809,-6.0001
261.846,-3.9969,8.0834,-6.0001
261.854,-3.9969,8.0834,-6.0001
261.861,-3.9969,8.0834,-6.0001
261.868,-3.9969,8.0859,-6.0001
261.877,-3.9969,8.0859,-6.0001
261.883,-3.9969,8.0884,-6.0001
261.894,-3.9969,8.0884,-6.0001
261.901,-3.9969,8.0884,-6.0001
261.909,-3.9969,8.0909,-6.0001
261.917,-3.9969,8.0909,-6.0001
261.926,-3.9969,8.0934,-6.0001
261.933,-3.9969,8.0934,-6.0001
261.942,-3.9969,8.0959,-6.0001
261.950,-3.9969,8.0959,-6.0001
261.959,-3.9969,8.0959,-6.0001
261.967,-3.9969,8.0984,-6.0001
261.976,-3.9969,8.0984,-6.0001
261.983,-3.9969,8.1009,-6.0001
261.994,-3.9969,8.1009,-6.0001
262.001,-3.9969,8.1009,-6.0001
262.009,-3.9969,8.1034,-6.0001
262.017,-3.9969,8.1034,-6.0001
262.027,-3.9969,8.1059,-6.0001
262.034,-3.9969,8.1059,-6.0001
262.042,-3.9969,8.1083,-6.0001
262.051,-3.9969,8.1083,-6.0001
262.059,-3.9969,8.1083,-6.0001
262.066,-3.9969,8.1108,-6.0001
262.073,-3.9969,8.1108,-6.0001
262.081,-3.9969,8.1108,-6.0001
262.088,-3.9969,8.1133,-6.0001
262.098,-3.9969,8.1133,-6.0001
262.105,-3.9969,8.1158,-6.0001
262.114,-3.9969,8.1158,-6.0001
262.121,-3.9969,8.1158,-6.0001
262.129,-3.9969,8.1183,-6.0001
262.137,-3.9969,8.1183,-6.0001
262.145,-3.9969,8.1208,-6.0001
262.153,-3.9969,8.1208,-6.0001
262.161,-3.9969,8.1208,-6.0001
262.167,-3.9969,8.1233,-6.0001
262.176,-3.9969,8.1233,-6.0001
262.183,-3.9969,8.1258,-6.0001
262.193,-3.9969,8.1258,-6.0001
262.199,-3.9969,8.1258,-6.0001
262.209,-3.9969,8.1282,-6.0001
262.218,-3.9969,8.1282,-6.0001
262.227,-3.9969,8.1307,-6.0001
262.235,-3.9969,8.1307,-6.0001
262.243,-3.9969,8.1332,-6.0001
262.251,-3.9969,8.1332,-6.0001
262.260,-3.9969,8.1332,-6.0001
262.268,-3.9969,8.1357,-6.0001
262.277,-3.9969,8.1357,-6.0001
262.286,-3.9969,8.1382,-6.0001
262.295,-3.9969,8.1382,-6.0001
262.304,-3.9969,8.1406,-6.0001
262.314,-3.9969,8.1406,-6.0001
262.321,-3.9969,8.1406,-6.0001
262.329,-3.9969,8.1431,-6.0001
262.338,-3.9969,8.1431,-6.0001
262.347,-3.9969,8.1456,-6.0001
262.357,-3.9969,8.1456,-6.0001
262.365,-3.9969,8.1481,-6.0001
262.376,-3.9969,8.1481,-6.0001
262.384,-3.9969,8.1506,-6.0001
262.395,-3.9969,8.1506,-6.0001
262.402,-3.9969,8.1531,-6.0001
262.414,-3.9969,8.1531,-6.0001
262.424,-3.9969,8.1555,-6.0001
262.432,-3.9969,8.1555,-6.0001
262.442,-3.9969,8.1580,-6.0001
262.453,-3.9969,8.1580,-6.0001
262.462,-3.9969,8.1605,-6.0001
262.473,-3.9969,8.1605,-6.0001
262.481,-3.9969,8.1605,-6.0001
262.491,-3.9969,8.1630,-6.0001
262.502,-3.9969,8.1630,-6.0001
262.510,-3.9969,8.1655,-6.0001
262.519,-3.9969,8.1655,-6.0001
262.527,-3.9969,8.1680,-6.0001
262.537,-3.9969,8.1680,-6.0001
262.545,-3.9969,8.1705,-6.0001
262.555,-3.9969,8.1705,-6.0001
262.563,-3.9969,8.1730,-6.0001
262.571,-3.9969,8.1730,-6.0001
262.580,-3.9969,8.1730,-6.0001
262.587,-3.9969,8.1755,-6.0001
262.598,-3.9969,8.1755,-6.0001
262.605,-3.9969,8.1780,-6.0001
262.615,-3.9969,8.1780,-6.0001
262.623,-3.9969,8.1805,-6.0001
262.634,-3.9969,8.1805,-6.0001
262.642,-3.9969,8.1830,-6.0001
262.651,-3.9969,8.1830,-6.0001
262.660,-3.9969,8.1830,-6.0001
262.668,-3.9969,8.1855,-6.0001
262.677,-3.9969,8.1855,-6.0001
262.685,-3.9969,8.1880,-6.0001
262.695,-3.9969,8.1880,-6.0001
262.701,-3.9969,8.1880,-6.0001
262.710,-3.9969,8.1905,-6.0001
262.718,-3.9969,8.1905,-6.0001
262.726,-3.9969,8.1930,-6.0001
262.733,-3.9969,8.1930,-6.0001
262.741,-3.9969,8.1930,-6.0001
262.748,-3.9969,8.1955,-6.0001
262.758,-3.9969,8.1955,-6.0001
262.765,-3.9969,8.1980,-6.0001
262.774,-3.9969,8.1980,-6.0001
262.781,-3.9969,8.1980,-6.0001
262.790,-3.9969,8.2005,-6.0001
262.798,-3.9969,8.2005,-6.0001
262.806,-3.9969,8.2030,-6.0001
262.815,-3.9969,8.2030,-6.0001
262.822,-3.9969,8.2055,-6.0001
262.830,-3.9969,8.2055,-6.0001
262.838,-3.9969,8.2055,-6.0001
262.844,-3.9969,8.2080,-6.0001
262.854,-3.9969,8.2080,-6.0001
262.861,-3.9969,8.2080,-6.0001
262.869,-3.9969,8.2105,-6.0001
262.878,-3.9969,8.2105,-6.0001
262.886,-3.9969,8.2130,-6.0001
262.895,-3.9969,8.2130,-6.0001
262.902,-3.9969,8.2155,-6.0001
262.910,-3.9969,8.2155,-6.0001
262.918,-3.9969,8.2155,-6.0001
262.926,-3.9969,8.2180,-6.0001
262.935,-3.9969,8.2180,-6.0001
262.942,-3.9969,8.2205,-6.0001
262.951,-3.9969,8.2205,-6.0001
262.961,-3.9969,8.2205,-6.0001
262.968,-3.9969,8.2230,-6.0001
262.977,-3.9969,8.2230,-6.0001
262.984,-3.9969,8.2256,-6.0001
262.994,-3.9969,8.2256,-6.0001
263.001,-3.9969,8.2256,-6.0001
263.007,-3.9969,8.2281,-6.0001
263.015,-3.9969,8.2281,-6.0001
263.023,-3.9969,8.2306,-6.0001
263.031,-3.9969,8.2306,-6.0001
263.038,-3.9969,8.2306,-6.0001
263.045,-3.9969,8.2331,-6.0001
263.054,-3.9969,8.2331,-6.0001
263.062,-3.9969,8.2356,-6.0001
263.070,-3.9969,8.2356,-6.0001
263.077,-3.9969,8.2356,-6.0001
263.085,-3.9969,8.2381,-6.0001
263.094,-3.9969,8.2381,-6.0001
263.101,-3.9969,8.2381,-6.0001
263.110,-3.9969,8.2406,-6.0001
263.117,-3.9969,8.2406,-6.0001
263.124,-3.9969,8.2431,-6.0001
263.132,-3.9969,8.2431,-6.0001
263.139,-3.9969,8.2431,-6.0001
263.146,-3.9969,8.2456,-6.0001
263.154,-3.9969,8.2456,-6.0001
263.161,-3.9969,8.2456,-6.0001
263.168,-3.9969,8.2481,-6.0001
263.178,-3.9969,8.2481,-6.0001
263.185,-3.9969,8.2506,-6.0001
263.194,-3.9969,8.2506,-6.0001
263.201,-3.9969,8.2506,-6.0001
263.210,-3.9969,8.2531,-6.0001
263.218,-3.9969,8.2531,-6.0001
263.225,-3.9969,8.2556,-6.0001
263.232,-3.9969,8.2556,-6.0001
263.240,-3.9969,8.2556,-6.0001
263.247,-3.9969,8.2581,-6.0001
263.255,-3.9969,8.2581,-6.0001
263.263,-3.9969,8.2606,-6.0001
263.271,-3.9969,8.2606,-6.0001
263.278,-3.9969,8.2606,-6.0001
263.286,-3.9969,8.2631,-6.0001
263.295,-3.9969,8.2631,-6.0001
263.303,-3.9969,8.2657,-6.0001
263.310,-3.9969,8.2657,-6.0001
263.320,-3.9969,8.2657,-6.0001
263.327,-3.9969,8.2682,-6.0001
263.336,-3.9969,8.2682,-6.0001
263.343,-3.9969,8.2707,-6.0001
263.351,-3.9969,8.2707,-6.0001
263.359,-3.9969,8.2707,-6.0001
263.367,-3.9969,8.2732,-6.0001
263.375,-3.9969,8.2732,-6.0001
263.383,-3.9969,8.2757,-6.0001
263.391,-3.9969,8.2757,-6.0001
263.399,-3.9969,8.2757,-6.0001
263.406,-3.9969,8.2782,-6.0001
263.415,-3.9969,8.2782,-6.0001
263.422,-3.9969,8.2782,-6.0001
263.431,-3.9969,8.2807,-6.0001
263.437,-3.9969,8.2807,-6.0001
263.445,-3.9969,8.2832,-6.0001
263.453,-3.9969,8.2832,-6.0001
263.460,-3.9969,8.2832,-6.0001
263.467,-3.9969,8.2857,-6.0001
263.476,-3.9969,8.2857,-6.0001
263.484,-3.9969,8.2882,-6.0001
263.494,-3.9969,8.2882,-6.0001
263.502,-3.9969,8.2882,-6.0001
263.511,-3.9969,8.2907,-6.0001
263.520,-3.9969,8.2907,-6.0001
263.527,-3.9969,8.2932,-6.0001
263.536,-3.9969,8.2932,-6.0001
263.544,-3.9969,8.2957,-6.0001
263.552,-3.9969,8.2957,-6.0001
263.560,-3.9969,8.2957,-6.0001
263.568,-3.9969,8.2982,-6.0001
263.576,-3.9969,8.2982,-6.0001
263.583,-3.9969,8.3007,-6.0001
263.593,-3.9969,8.3007,-6.0001
263.601,-3.9969,8.3007,-6.0001
263.609,-3.9969,8.3032,-6.0001
263.619,-3.9969,8.3032,-6.0001
263.628,-3.9969,8.3056,-6.0001
263.636,-3.9969,8.3056,-6.0001
263.644,-3.9969,8.3081,-6.0001
263.653,-3.9969,8.3081,-6.0001
263.662,-3.9969,8.3106,-6.0001
263.671,-3.9969,8.3106,-6.0001
263.679,-3.9969,8.3106,-6.0001
263.688,-3.9969,8.3131,-6.0001
263.698,-3.9969,8.3131,-6.0001
263.705,-3.9969,8.3156,-6.0001
263.716,-3.9969,8.3156,-6.0001
263.725,-3.9969,8.3180,-6.0001
263.734,-3.9969,8.3180,-6.0001
263.742,-3.9969,8.3205,-6.0001
263.751,-3.9969,8.3205,-6.0001
263.759,-3.9969,8.3205,-6.0001
263.768,-3.9969,8.3230,-6.0001
263.778,-3.9969,8.3230,-6.0001
263.785,-3.9969,8.3254,-6.0001
263.795,-3.9969,8.3254,-6.0001
263.804,-3.9969,8.3279,-6.0001
263.815,-3.9969,8.3279,-6.0001
263.824,-3.9969,8.3304,-6.0001
263.834,-3.9969,8.3304,-6.0001
263.842,-3.9969,8.3304,-6.0001
263.859,-3.9969,8.3328,-6.0001
263.868,-3.9969,8.3353,-6.0001
263.876,-3.9969,8.3353,-6.0001
263.883,-3.9969,8.3377,-6.0001
263.894,-3.9969,8.3377,-6.0001
263.901,-3.9969,8.3377,-6.0001
263.909,-3.9969,8.3402,-6.0001
263.917,-3.9969,8.3402,-6.0001
263.926,-3.9969,8.3427,-6.0001
263.935,-3.9969,8.3427,-6.0001
263.944,-3.9969,8.3451,-6.0001
263.953,-3.9969,8.3451,-6.0001
263.962,-3.9969,8.3451,-6.0001
263.969,-3.9969,8.3476,-6.0001
263.977,-3.9969,8.3476,-6.0001
263.985,-3.9969,8.3500,-6.0001
263.996,-3.9969,8.3500,-6.0001
264.002,-3.9969,8.3525,-6.0001
264.010,-3.9969,8.3525,-6.0001
264.018,-3.9969,8.3525,-6.0001
264.026,-3.9969,8.3549,-6.0001
264.033,-3.9969,8.3549,-6.0001
264.041,-3.9969,8.3549,-6.0001
264.047,-3.9969,8.3574,-6.0001
264.056,-3.9969,8.3574,-6.0001
264.064,-3.9969,8.3598,-6.0001
264.072,-3.9969,8.3598,-6.0001
264.080,-3.9969,8.3598,-6.0001
264.087,-3.9969,8.3623,-6.0001
264.097,-3.9969,8.3623,-6.0001
264.104,-3.9969,8.3647,-6.0001
264.114,-3.9969,8.3647,-6.0001
264.121,-3.9969,8.3647,-6.0001
264.128,-3.9969,8.3671,-6.0001
264.137,-3.9969,8.3671,-6.0001
264.144,-3.9969,8.3695,-6.0001
264.154,-3.9969,8.3695,-6.0001
264.161,-3.9969,8.3695,-6.0001
264.169,-3.9969,8.3720,-6.0001
264.177,-3.9969,8.3720,-6.0001
264.183,-3.9969,8.3744,-6.0001
264.193,-3.9969,8.3744,-6.0001
264.200,-3.9969,8.3744,-6.0001
264.208,-3.9969,8.3768,-6.0001
264.216,-3.9969,8.3768,-6.0001
264.223,-3.9969,8.3792,-6.0001
264.233,-3.9969,8.3792,-6.0001
264.240,-3.9969,8.3792,-6.0001
264.248,-3.9969,8.3816,-6.0001
264.256,-3.9969,8.3816,-6.0001
264.264,-3.9969,8.3840,-6.0001
264.272,-3.9969,8.3840,-6.0001
264.280,-3.9969,8.3840,-6.0001
264.289,-3.9969,8.3864,-6.0001
264.298,-3.9969,8.3864,-6.0001
264.305,-3.9969,8.3888,-6.0001
264.313,-3.9969,8.3888,-6.0001
264.323,-3.9969,8.3912,-6.0001
264.332,-3.9969,8.3912,-6.0001
264.339,-3.9969,8.3912,-6.0001
264.349,-3.9969,8.3936,-6.0001
264.356,-3.9969,8.3936,-6.0001
264.364,-3.9969,8.3960,-6.0001
264.372,-3.9969,8.3960,-6.0001
264.380,-3.9969,8.3960,-6.0001
264.387,-3.9969,8.3984,-6.0001
264.395,-3.9969,8.3984,-6.0001
264.402,-3.9969,8.3984,-6.0001
264.409,-3.9969,8.4008,-6.0001
264.418,-3.9969,8.4008,-6.0001
264.425,-3.9969,8.4032,-6.0001
264.432,-3.9969,8.4032,-6.0001
264.440,-3.9969,8.4032,-6.0001
264.446,-3.9969,8.4056,-6.0001
264.457,-3.9969,8.4056,-6.0001
264.464,-3.9969,8.4080,-6.0001
264.473,-3.9969,8.4080,-6.0001
264.479,-3.9969,8.4080,-6.0001
264.488,-3.9969,8.4104,-6.0001
264.498,-3.9969,8.4104,-6.0001
264.506,-3.9969,8.4128,-6.0001
264.515,-3.9969,8.4128,-6.0001
264.522,-3.9969,8.4151,-6.0001
264.531,-3.9969,8.4151,-6.0001
264.537,-3.9969,8.4151,-6.0001
264.545,-3.9969,8.4175,-6.0001
264.553,-3.9969,8.4175,-6.0001
264.561,-3.9969,8.4175,-6.0001
264.569,-3.9969,8.4199,-6.0001
264.577,-3.9969,8.4199,-6.0001
264.584,-3.9969,8.4223,-6.0001
264.593,-3.9969,8.4223,-6.0001
264.601,-3.9969,8.4223,-6.0001
264.608,-3.9969,8.4247,-6.0001
264.618,-3.9969,8.4247,-6.0001
264.626,-3.9969,8.4271,-6.0001
264.636,-3.9969,8.4271,-6.0001
264.643,-3.9969,8.4295,-6.0001
264.653,-3.9969,8.4295,-6.0001
264.661,-3.9969,8.4295,-6.0001
264.668,-3.9969,8.4319,-6.0001
264.678,-3.9969,8.4319,-6.0001
264.685,-3.9969,8.4343,-6.0001
264.695,-3.9969,8.4343,-6.0001
264.701,-3.9969,8.4343,-6.0001
264.708,-3.9969,8.4367,-6.0001
264.717,-3.9969,8.4367,-6.0001
264.726,-3.9969,8.4391,-6.0001
264.733,-3.9969,8.4391,-6.0001
264.742,-3.9969,8.4415,-6.0001
264.752,-3.9969,8.4415,-6.0001
264.761,-3.9969,8.4415,-6.0001
264.769,-3.9969,8.4440,-6.0001
264.778,-3.9969,8.4440,-6.0001
264.786,-3.9969,8.4464,-6.0001
264.796,-3.9969,8.4464,-6.0001
264.806,-3.9969,8.4488,-6.0001
264.816,-3.9969,8.4488,-6.0001
264.824,-3.9969,8.4512,-6.0001
264.834,-3.9969,8.4512,-6.0001
264.842,-3.9969,8.4537,-6.0001
264.851,-3.9969,8.4537,-6.0001
264.860,-3.9969,8.4537,-6.0001
264.868,-3.9969,8.4561,-6.0001
264.877,-3.9969,8.4561,-6.0001
264.886,-3.9969,8.4585,-6.0001
264.895,-3.9969,8.4585,-6.0001
264.904,-3.9969,8.4609,-6.0001
264.913,-3.9969,8.4609,-6.0001
264.921,-3.9969,8.4609,-6.0001
264.931,-3.9969,8.4634,-6.0001
264.939,-3.9969,8.4634,-6.0001
264.950,-3.9969,8.4658,-6.0001
264.960,-3.9969,8.4658,-6.0001
264.967,-3.9969,8.4682,-6.0001
264.978,-3.9969,8.4682,-6.0001
264.987,-3.9969,8.4706,-6.0001
264.998,-3.9969,8.4706,-6.0001
265.007,-3.9969,8.4730,-6.0001
265.018,-3.9969,8.4730,-6.0001
265.027,-3.9969,8.4755,-6.0001
265.035,-3.9969,8.4755,-6.0001
265.045,-3.9969,8.4779,-6.0001
265.055,-3.9969,8.4779,-6.0001
265.063,-3.9969,8.4803,-6.0001
265.074,-3.9969,8.4803,-6.0001
265.083,-3.9969,8.4827,-6.0001
265.093,-3.9969,8.4827,-6.0001
265.102,-3.9969,8.4852,-6.0001
265.113,-3.9969,8.4852,-6.0001
265.121,-3.9969,8.4852,-6.0001
265.129,-3.9969,8.4876,-6.0001
265.141,-3.9969,8.4876,-6.0001
265.148,-3.9969,8.4900,-6.0001
265.157,-3.9969,8.4900,-6.0001
265.166,-3.9969,8.4924,-6.0001
265.175,-3.9969,8.4924,-6.0001
265.183,-3.9969,8.4948,-6.0001
265.194,-3.9969,8.4948,-6.0001
265.202,-3.9969,8.4948,-6.0001
265.211,-3.9969,8.4973,-6.0001
265.221,-3.9969,8.4973,-6.0001
265.229,-3.9969,8.4997,-6.0001
265.238,-3.9969,8.4997,-6.0001
265.246,-3.9969,8.5021,-6.0001
265.256,-3.9969,8.5021,-6.0001
265.263,-3.9969,8.5045,-6.0001
265.273,-3.9969,8.5045,-6.0001
265.281,-3.9969,8.5045,-6.0001
265.290,-3.9969,8.5069,-6.0001
265.298,-3.9969,8.5069,-6.0001
265.305,-3.9969,8.5094,-6.0001
265.314,-3.9969,8.5094,-6.0001
265.322,-3.9969,8.5118,-6.0001
265.331,-3.9969,8.5118,-6.0001
265.337,-3.9969,8.5118,-6.0001
265.345,-3.9969,8.5142,-6.0001
265.355,-3.9969,8.5142,-6.0001
265.362,-3.9969,8.5166,-6.0001
265.371,-3.9969,8.5166,-6.0001
265.378,-3.9969,8.5166,-6.0001
265.387,-3.9969,8.5191,-6.0001
265.395,-3.9969,8.5191,-6.0001
265.403,-3.9969,8.5215,-6.0001
265.413,-3.9969,8.5215,-6.0001
265.420,-3.9969,8.5215,-6.0001
265.428,-3.9969,8.5239,-6.0001
265.436,-3.9969,8.5239,-6.0001
265.443,-3.9969,8.5263,-6.0001
265.452,-3.9969,8.5263,-6.0001
265.461,-3.9969,8.5263,-6.0001
265.468,-3.9969,8.5288,-6.0001
265.478,-3.9969,8.5288,-6.0001
265.485,-3.9969,8.5312,-6.0001
265.494,-3.9969,8.5312,-6.0001
265.501,-3.9969,8.5312,-6.0001
265.509,-3.9969,8.5336,-6.0001
265.517,-3.9969,8.5336,-6.0001
265.527,-3.9969,8.5360,-6.0001
265.535,-3.9969,8.5360,-6.0001
265.543,-3.9969,8.5384,-6.0001
265.551,-3.9969,8.5384,-6.0001
265.560,-3.9969,8.5384,-6.0001
265.566,-3.9969,8.5409,-6.0001
265.576,-3.9969,8.5409,-6.0001
265.583,-3.9969,8.5433,-6.0001
265.593,-3.9969,8.5433,-6.0001
265.599,-3.9969,8.5433,-6.0001
265.607,-3.9969,8.5457,-6.0001
265.616,-3.9969,8.5457,-6.0001
265.623,-3.9969,8.5481,-6.0001
265.632,-3.9969,8.5481,-6.0001
265.640,-3.9969,8.5481,-6.0001
265.648,-3.9969,8.5505,-6.0001
265.656,-3.9969,8.5505,-6.0001
265.664,-3.9969,8.5529,-6.0001
265.673,-3.9969,8.5529,-6.0001
265.682,-3.9969,8.5553,-6.0001
265.693,-3.9969,8.5553,-6.0001
265.701,-3.9969,8.5553,-6.0001
265.709,-3.9969,8.5577,-6.0001
265.718,-3.9969,8.5577,-6.0001
265.725,-3.9969,8.5601,-6.0001
265.736,-3.9969,8.5601,-6.0001
265.744,-3.9969,8.5626,-6.0001
265.754,-3.9969,8.5626,-6.0001
265.762,-3.9969,8.5650,-6.0001
265.771,-3.9969,8.5650,-6.0001
265.778,-3.9969,8.5650,-6.0001
265.786,-3.9969,8.5674,-6.0001
265.794,-3.9969,8.5674,-6.0001
265.802,-3.9969,8.5698,-6.0001
265.811,-3.9969,8.5698,-6.0001
265.819,-3.9969,8.5698,-6.0001
265.826,-3.9969,8.5722,-6.0001
265.835,-3.9969,8.5722,-6.0001
265.843,-3.9969,8.5746,-6.0001
265.851,-3.9969,8.5746,-6.0001
265.861,-3.9969,8.5746,-6.0001
265.868,-3.9969,8.5770,-6.0001
265.876,-3.9969,8.5770,-6.0001
265.884,-3.9969,8.5794,-6.0001
265.893,-3.9969,8.5794,-6.0001
265.900,-3.9969,8.5794,-6.0001
265.908,-3.9969,8.5818,-6.0001
265.917,-3.9969,8.5818,-6.0001
265.925,-3.9969,8.5842,-6.0001
265.934,-3.9969,8.5842,-6.0001
265.941,-3.9969,8.5842,-6.0001
265.950,-3.9969,8.5866,-6.0001
265.959,-3.9969,8.5866,-6.0001
265.966,-3.9969,8.5890,-6.0001
265.974,-3.9969,8.5890,-6.0001
265.982,-3.9969,8.5890,-6.0001
265.990,-3.9969,8.5914,-6.0001
265.998,-3.9969,8.5914,-6.0001
266.006,-3.9969,8.5938,-6.0001
266.015,-3.9969,8.5938,-6.0001
266.023,-3.9969,8.5962,-6.0001
266.031,-3.9969,8.5962,-6.0001
266.041,-3.9969,8.5962,-6.0001
266.049,-3.9969,8.5986,-6.0001
266.058,-3.9969,8.5986,-6.0001
266.065,-3.9969,8.6010,-6.0001
266.075,-3.9969,8.6010,-6.0001
266.084,-3.9969,8.6034,-6.0001
266.094,-3.9969,8.6034,-6.0001
266.102,-3.9969,8.6058,-6.0001
266.112,-3.9969,8.6058,-6.0001
266.122,-3.9969,8.6058,-6.0001
266.131,-3.9969,8.6082,-6.0001
266.140,-3.9969,8.6082,-6.0001
266.148,-3.9969,8.6106,-6.0001
266.158,-3.9969,8.6106,-6.0001
266.174,-3.9969,8.6130,-6.0001
266.183,-3.9969,8.6154,-6.0001
266.193,-3.9969,8.6154,-6.0001
266.201,-3.9969,8.6154,-6.0001
266.209,-3.9969,8.6178,-6.0001
266.220,-3.9969,8.6178,-6.0001
266.228,-3.9969,8.6202,-6.0001
266.236,-3.9969,8.6202,-6.0001
266.244,-3.9969,8.6226,-6.0001
266.255,-3.9969,8.6226,-6.0001
266.264,-3.9969,8.6250,-6.0001
266.274,-3.9969,8.6250,-6.0001
266.283,-3.9969,8.6274,-6.0001
266.292,-3.9969,8.6274,-6.0001
266.299,-3.9969,8.6274,-6.0001
266.309,-3.9969,8.6298,-6.0001
266.318,-3.9969,8.6298,-6.0001
266.327,-3.9969,8.6323,-6.0001
266.336,-3.9969,8.6323,-6.0001
266.345,-3.9969,8.6347,-6.0001
266.354,-3.9969,8.6347,-6.0001
266.362,-3.9969,8.6371,-6.0001
266.371,-3.9969,8.6371,-6.0001
266.380,-3.9969,8.6371,-6.0001
266.389,-3.9969,8.6395,-6.0001
266.398,-3.9969,8.6395,-6.0001
266.407,-3.9969,8.6419,-6.0001
266.417,-3.9969,8.6419,-6.0001
266.424,-3.9969,8.6443,-6.0001
266.434,-3.9969,8.6443,-6.0001
266.443,-3.9969,8.6467,-6.0001
266.452,-3.9969,8.6467,-6.0001
266.460,-3.9969,8.6467,-6.0001
266.468,-3.9969,8.6491,-6.0001
266.477,-3.9969,8.6491,-6.0001
266.485,-3.9969,8.6515,-6.0001
266.495,-3.9969,8.6515,-6.0001
266.503,-3.9969,8.6539,-6.0001
266.513,-3.9969,8.6539,-6.0001
266.523,-3.9969,8.6563,-6.0001
266.530,-3.9969,8.6563,-6.0001
266.537,-3.9969,8.6563,-6.0001
266.545,-3.9969,8.6587,-6.0001
266.554,-3.9969,8.6587,-6.0001
266.562,-3.9969,8.6587,-6.0001
266.570,-3.9969,8.6611,-6.0001
266.578,-3.9969,8.6611,-6.0001
266.586,-3.9969,8.6635,-6.0001
266.595,-3.9969,8.6635,-6.0001
266.603,-3.9969,8.6659,-6.0001
266.612,-3.9969,8.6659,-6.0001
266.620,-3.9969,8.6659,-6.0001
266.628,-3.9969,8.6683,-6.0001
266.636,-3.9969,8.6683,-6.0001
266.643,-3.9969,8.6707,-6.0001
266.652,-3.9969,8.6707,-6.0001
266.660,-3.9969,8.6707,-6.0001
266.667,-3.9969,8.6731,-6.0001
266.676,-3.9969,8.6731,-6.0001
266.684,-3.9969,8.6755,-6.0001
266.693,-3.9969,8.6755,-6.0001
266.701,-3.9969,8.6755,-6.0001
266.710,-3.9969,8.6779,-6.0001
266.717,-3.9969,8.6779,-6.0001
266.726,-3.9969,8.6803,-6.0001
266.735,-3.9969,8.6803,-6.0001
266.743,-3.9969,8.6827,-6.0001
266.751,-3.9969,8.6827,-6.0001
266.760,-3.9969,8.6827,-6.0001
266.766,-3.9969,8.6851,-6.0001
266.775,-3.9969,8.6851,-6.0001
266.782,-3.9969,8.6876,-6.0001
266.791,-3.9969,8.6876,-6.0001
266.799,-3.9969,8.6876,-6.0001
266.809,-3.9969,8.6900,-6.0001
266.820,-3.9969,8.6900,-6.0001
266.831,-3.9969,8.6924,-6.0001
266.842,-3.9969,8.6948,-6.0001
266.856,-3.9969,8.6948,-6.0001
266.866,-3.9969,8.6971,-6.0001
266.880,-3.9969,8.6971,-6.0001
266.890,-3.9969,8.6995,-6.0001
266.904,-3.9969,8.7019,-6.0001
266.916,-3.9969,8.7019,-6.0001
266.932,-3.9969,8.7043,-6.0001
266.944,-3.9969,8.7067,-6.0001
266.953,-3.9969,8.7067,-6.0001
266.963,-3.9969,8.7091,-6.0001
266.970,-3.9969,8.7091,-6.0001
266.980,-3.9969,8.7091,-6.0001
266.994,-3.9969,8.7115,-6.0001
267.003,-3.9969,8.7139,-6.0001
267.014,-3.9969,8.7139,-6.0001
267.021,-3.9969,8.7139,-6.0001
267.034,-3.9969,8.7163,-6.0001
267.045,-3.9969,8.7187,-6.0001
267.053,-3.9969,8.7187,-6.0001
267.061,-3.9969,8.7187,-6.0001
267.068,-3.9969,8.7211,-6.0001
267.077,-3.9969,8.7211,-6.0001
267.085,-3.9969,8.7235,-6.0001
267.094,-3.9969,8.7235,-6.0001
267.101,-3.9969,8.7235,-6.0001
267.110,-3.9969,8.7259,-6.0001
267.119,-3.9969,8.7259,-6.0001
267.128,-3.9969,8.7283,-6.0001
267.138,-3.9969,8.7283,-6.0001
267.146,-3.9969,8.7307,-6.0001
267.156,-3.9969,8.7307,-6.0001
267.163,-3.9969,8.7331,-6.0001
267.174,-3.9969,8.7331,-6.0001
267.189,-3.9969,8.7355,-6.0001
267.199,-3.9969,8.7355,-6.0001
267.210,-3.9969,8.7379,-6.0001
267.222,-3.9969,8.7403,-6.0001
267.234,-3.9969,8.7403,-6.0001
267.243,-3.9969,8.7427,-6.0001
267.254,-3.9969,8.7427,-6.0001
267.267,-3.9969,8.7451,-6.0001
267.278,-3.9969,8.7451,-6.0001
267.289,-3.9969,8.7475,-6.0001
267.301,-3.9969,8.7475,-6.0001
267.312,-3.9969,8.7499,-6.0001
267.326,-3.9969,8.7523,-6.0001
267.342,-3.9969,8.7547,-6.0001
267.354,-3.9969,8.7547,-6.0001
267.362,-3.9969,8.7571,-6.0001
267.372,-3.9969,8.7571,-6.0001
267.380,-3.9969,8.7571,-6.0001
267.389,-3.9969,8.7595,-6.0001
267.399,-3.9969,8.7595,-6.0001
267.407,-3.9969,8.7619,-6.0001
267.417,-3.9969,8.7619,-6.0001
267.425,-3.9969,8.7643,-6.0001
267.434,-3.9969,8.7643,-6.0001
267.442,-3.9969,8.7643,-6.0001
267.449,-3.9969,8.7667,-6.0001
267.459,-3.9969,8.7667,-6.0001
267.468,-3.9969,8.7691,-6.0001
267.478,-3.9969,8.7691,-6.0001
267.486,-3.9969,8.7715,-6.0001
267.500,-3.9969,8.7715,-6.0001
267.517,-3.9969,8.7739,-6.0001
267.535,-3.9969,8.7763,-6.0001
267.551,-3.9969,8.7787,-6.0001
267.566,-3.9969,8.7812,-6.0001
267.578,-3.9969,8.7812,-6.0001
267.591,-3.9969,8.7836,-6.0001
267.605,-3.9969,8.7860,-6.0001
267.622,-3.9969,8.7884,-6.0001
267.638,-3.9969,8.7884,-6.0001
267.657,-3.9969,8.7908,-6.0001
267.672,-3.9969,8.7932,-6.0001
267.686,-3.9969,8.7956,-6.0001
267.696,-3.9969,8.7956,-6.0001
267.705,-3.9969,8.7980,-6.0001
267.714,-3.9969,8.7980,-6.0001
267.723,-3.9969,8.8005,-6.0001
267.733,-3.9969,8.8005,-6.0001
267.741,-3.9969,8.8005,-6.0001
267.751,-3.9969,8.8029,-6.0001
267.760,-3.9969,8.8029,-6.0001
267.770,-3.9969,8.8053,-6.0001
267.778,-3.9969,8.8053,-6.0001
267.785,-3.9969,8.8077,-6.0001
267.795,-3.9969,8.8077,-6.0001
267.801,-3.9969,8.8077,-6.0001
267.808,-3.9969,8.8101,-6.0001
267.817,-3.9969,8.8101,-6.0001
267.825,-3.9969,8.8126,-6.0001
267.834,-3.9969,8.8126,-6.0001
267.842,-3.9969,8.8126,-6.0001
267.849,-3.9969,8.8150,-6.0001
267.861,-3.9969,8.8150,-6.0001
267.868,-3.9969,8.8174,-6.0001
267.880,-3.9969,8.8174,-6.0001
267.894,-3.9969,8.8198,-6.0001
267.903,-3.9969,8.8222,-6.0001
267.916,-3.9969,8.8222,-6.0001
267.928,-3.9969,8.8247,-6.0001
267.936,-3.9969,8.8247,-6.0001
267.947,-3.9969,8.8271,-6.0001
267.959,-3.9969,8.8271,-6.0001
267.967,-3.9969,8.8295,-6.0001
267.976,-3.9969,8.8295,-6.0001
267.986,-3.9969,8.8319,-6.0001
267.996,-3.9969,8.8319,-6.0001
268.005,-3.9969,8.8343,-6.0001
268.013,-3.9969,8.8343,-6.0001
268.021,-3.9969,8.8343,-6.0001
268.027,-3.9969,8.8368,-6.0001
268.036,-3.9969,8.8368,-6.0001
268.043,-3.9969,8.8392,-6.0001
268.051,-3.9969,8.8392,-6.0001
268.057,-3.9969,8.8392,-6.0001
268.066,-3.9969,8.8416,-6.0001
268.075,-3.9969,8.8416,-6.0001
268.083,-3.9969,8.8440,-6.0001
268.091,-3.9969,8.8440,-6.0001
268.102,-3.9969,8.8440,-6.0001
268.112,-3.9969,8.8465,-6.0001
268.123,-3.9969,8.8489,-6.0001
268.135,-3.9969,8.8489,-6.0001
268.143,-3.9969,8.8513,-6.0001
268.156,-3.9969,8.8513,-6.0001
268.168,-3.9969,8.8537,-6.0001
268.177,-3.9969,8.8537,-6.0001
268.186,-3.9969,8.8561,-6.0001
268.196,-3.9969,8.8561,-6.0001
268.203,-3.9969,8.8586,-6.0001
268.214,-3.9969,8.8586,-6.0001
268.228,-3.9969,8.8610,-6.0001
268.238,-3.9969,8.8610,-6.0001
268.251,-3.9969,8.8634,-6.0001
268.263,-3.9969,8.8658,-6.0001
268.276,-3.9969,8.8658,-6.0001
268.286,-3.9969,8.8682,-6.0001
268.299,-3.9969,8.8682,-6.0001
268.307,-3.9969,8.8706,-6.0001
268.316,-3.9969,8.8706,-6.0001
268.324,-3.9969,8.8730,-6.0001
268.332,-3.9969,8.8730,-6.0001
268.339,-3.9969,8.8730,-6.0001
268.347,-3.9969,8.8754,-6.0001
268.354,-3.9969,8.8754,-6.0001
268.362,-3.9969,8.8754,-6.0001
268.369,-3.9969,8.8778,-6.0001
268.378,-3.9969,8.8778,-6.0001
268.385,-3.9969,8.8802,-6.0001
268.396,-3.9969,8.8802,-6.0001
268.402,-3.9969,8.8826,-6.0001
268.412,-3.9969,8.8826,-6.0001
268.420,-3.9969,8.8826,-6.0001
268.430,-3.9969,8.8850,-6.0001
268.439,-3.9969,8.8850,-6.0001
268.449,-3.9969,8.8874,-6.0001
268.459,-3.9969,8.8874,-6.0001
268.466,-3.9969,8.8898,-6.0001
268.475,-3.9969,8.8898,-6.0001
268.482,-3.9969,8.8922,-6.0001
268.492,-3.9969,8.8922,-6.0001
268.498,-3.9969,8.8922,-6.0001
268.505,-3.9969,8.8946,-6.0001
268.514,-3.9969,8.8946,-6.0001
268.524,-3.9969,8.8970,-6.0001
268.532,-3.9969,8.8970,-6.0001
268.540,-3.9969,8.8970,-6.0001
268.548,-3.9969,8.8993,-6.0001
268.557,-3.9969,8.8993,-6.0001
268.564,-3.9969,8.9017,-6.0001
268.572,-3.9969,8.9017,-6.0001
268.581,-3.9969,8.9017,-6.0001
268.588,-3.9969,8.9041,-6.0001
268.597,-3.9969,8.9041,-6.0001
268.604,-3.9969,8.9065,-6.0001
268.614,-3.9969,8.9065,-6.0001
268.621,-3.9969,8.9065,-6.0001
268.631,-3.9969,8.9088,-6.0001
268.640,-3.9969,8.9088,-6.0001
268.649,-3.9969,8.9112,-6.0001
268.657,-3.9969,8.9112,-6.0001
268.665,-3.9969,8.9136,-6.0001
268.675,-3.9969,8.9136,-6.0001
268.682,-3.9969,8.9160,-6.0001
268.691,-3.9969,8.9160,-6.0001
268.698,-3.9969,8.9160,-6.0001
268.706,-3.9969,8.9183,-6.0001
268.725,-3.9969,8.9207,-6.0001
268.734,-3.9969,8.9207,-6.0001
268.743,-3.9969,8.9231,-6.0001
268.753,-3.9969,8.9231,-6.0001
268.762,-3.9969,8.9255,-6.0001
268.772,-3.9969,8.9255,-6.0001
268.781,-3.9969,8.9255,-6.0001
268.790,-3.9969,8.9278,-6.0001
268.800,-3.9969,8.9278,-6.0001
268.809,-3.9969,8.9302,-6.0001
268.821,-3.9969,8.9302,-6.0001
268.830,-3.9969,8.9326,-6.0001
268.838,-3.9969,8.9326,-6.0001
268.846,-3.9969,8.9350,-6.0001
268.856,-3.9969,8.9350,-6.0001
268.863,-3.9969,8.9373,-6.0001
268.872,-3.9969,8.9373,-6.0001
268.881,-3.9969,8.9373,-6.0001
268.888,-3.9969,8.9397,-6.0001
268.897,-3.9969,8.9397,-6.0001
268.905,-3.9969,8.9421,-6.0001
268.915,-3.9969,8.9421,-6.0001
268.923,-3.9969,8.9445,-6.0001
268.932,-3.9969,8.9445,-6.0001
268.941,-3.9969,8.9445,-6.0001
268.948,-3.9969,8.9469,-6.0001
268.957,-3.9969,8.9469,-6.0001
268.964,-3.9969,8.9492,-6.0001
268.972,-3.9969,8.9492,-6.0001
268.979,-3.9969,8.9492,-6.0001
268.987,-3.9969,8.9516,-6.0001
268.996,-3.9969,8.9516,-6.0001
269.004,-3.9969,8.9540,-6.0001
269.013,-3.9969,8.9540,-6.0001
269.022,-3.9969,8.9540,-6.0001
269.030,-3.9969,8.9564,-6.0001
269.038,-3.9969,8.9564,-6.0001
269.047,-3.9969,8.9587,-6.0001
269.055,-3.9969,8.9587,-6.0001
269.063,-3.9969,8.9611,-6.0001
269.070,-3.9969,8.9611,-6.0001
269.078,-3.9969,8.9611,-6.0001
269.085,-3.9969,8.9635,-6.0001
269.094,-3.9969,8.9635,-6.0001
269.100,-3.9969,8.9635,-6.0001
269.107,-3.9969,8.9659,-6.0001
269.115,-3.9969,8.9659,-6.0001
269.124,-3.9969,8.9682,-6.0001
269.131,-3.9969,8.9682,-6.0001
269.137,-3.9969,8.9682,-6.0001
269.145,-3.9969,8.9706,-6.0001
269.153,-3.9969,8.9706,-6.0001
269.161,-3.9969,8.9706,-6.0001
269.167,-3.9969,8.9730,-6.0001
269.176,-3.9969,8.9730,-6.0001
269.183,-3.9969,8.9754,-6.0001
269.192,-3.9969,8.9754,-6.0001
269.197,-3.9969,8.9754,-6.0001
269.205,-3.9969,8.9777,-6.0001
269.214,-3.9969,8.9777,-6.0001
269.221,-3.9969,8.9777,-6.0001
269.229,-3.9969,8.9801,-6.0001
269.237,-3.9969,8.9801,-6.0001
269.244,-3.9969,8.9825,-6.0001
269.253,-3.9969,8.9825,-6.0001
269.260,-3.9969,8.9825,-6.0001
269.267,-3.9969,8.9849,-6.0001
269.275,-3.9969,8.9849,-6.0001
269.282,-3.9969,8.9872,-6.0001
269.290,-3.9969,8.9872,-6.0001
269.297,-3.9969,8.9872,-6.0001
269.304,-3.9969,8.9896,-6.0001
269.312,-3.9969,8.9896,-6.0001
269.320,-3.9969,8.9896,-6.0001
269.327,-3.9969,8.9920,-6.0001
269.336,-3.9969,8.9920,-6.0001
269.343,-3.9969,8.9944,-6.0001
269.352,-3.9969,8.9944,-6.0001
269.359,-3.9969,8.9944,-6.0001
269.367,-3.9969,8.9967,-6.0001
269.375,-3.9969,8.9967,-6.0001
269.384,-3.9969,8.9991,-6.0001
269.394,-3.9969,8.9991,-6.0001
269.401,-3.9969,8.9991,-6.0001
269.408,-3.9969,9.0015,-6.0001
269.417,-3.9969,9.0015,-6.0001
269.424,-3.9969,9.0038,-6.0001
269.434,-3.9969,9.0038,-6.0001
269.443,-3.9969,9.0062,-6.0001
269.451,-3.9969,9.0062,-6.0001
269.459,-3.9969,9.0062,-6.0001
269.466,-3.9969,9.0086,-6.0001
269.474,-3.9969,9.0086,-6.0001
269.482,-3.9969,9.0109,-6.0001
269.490,-3.9969,9.0109,-6.0001
269.497,-3.9969,9.0109,-6.0001
269.504,-3.9969,9.0133,-6.0001
269.513,-3.9969,9.0133,-6.0001
269.520,-3.9969,9.0133,-6.0001
269.528,-3.9969,9.0157,-6.0001
269.537,-3.9969,9.0157,-6.0001
269.544,-3.9969,9.0180,-6.0001
269.553,-3.9969,9.0180,-6.0001
269.560,-3.9969,9.0180,-6.0001
269.567,-3.9969,9.0204,-6.0001
269.576,-3.9969,9.0204,-6.0001
269.585,-3.9969,9.0227,-6.0001
269.594,-3.9969,9.0227,-6.0001
269.601,-3.9969,9.0227,-6.0001
269.609,-3.9969,9.0251,-6.0001
269.618,-3.9969,9.0251,-6.0001
269.624,-3.9969,9.0274,-6.0001
269.633,-3.9969,9.0274,-6.0001
269.640,-3.9969,9.0274,-6.0001
269.647,-3.9969,9.0298,-6.0001
269.656,-3.9969,9.0298,-6.0001
269.664,-3.9969,9.0321,-6.0001
269.672,-3.9969,9.0321,-6.0001
269.679,-3.9969,9.0321,-6.0001
269.688,-3.9969,9.0345,-6.0001
269.697,-3.9969,9.0345,-6.0001
269.703,-3.9969,9.0368,-6.0001
269.711,-3.9969,9.0368,-6.0001
269.720,-3.9969,9.0368,-6.0001
269.727,-3.9969,9.0392,-6.0001
269.735,-3.9969,9.0392,-6.0001
269.742,-3.9969,9.0415,-6.0001
269.752,-3.9969,9.0415,-6.0001
269.760,-3.9969,9.0415,-6.0001
269.767,-3.9969,9.0439,-6.0001
269.776,-3.9969,9.0439,-6.0001
269.785,-3.9969,9.0462,-6.0001
269.794,-3.9969,9.0462,-6.0001
269.800,-3.9969,9.0462,-6.0001
269.806,-3.9969,9.0485,-6.0001
269.815,-3.9969,9.0485,-6.0001
269.823,-3.9969,9.0509,-6.0001
269.833,-3.9969,9.0509,-6.0001
269.842,-3.9969,9.0509,-6.0001
269.851,-3.9969,9.0532,-6.0001
269.860,-3.9969,9.0532,-6.0001
269.869,-3.9969,9.0556,-6.0001
269.879,-3.9969,9.0556,-6.0001
269.887,-3.9969,9.0579,-6.0001
269.897,-3.9969,9.0579,-6.0001
269.903,-3.9969,9.0603,-6.0001
269.914,-3.9969,9.0603,-6.0001
269.921,-3.9969,9.0603,-6.0001
269.931,-3.9969,9.0626,-6.0001
269.942,-3.9969,9.0626,-6.0001
269.949,-3.9969,9.0650,-6.0001
269.959,-3.9969,9.0650,-6.0001
269.967,-3.9969,9.0673,-6.0001
269.977,-3.9969,9.0673,-6.0001
269.985,-3.9969,9.0696,-6.0001
269.995,-3.9969,9.0696,-6.0001
270.003,-3.9969,9.0720,-6.0001
270.012,-3.9969,9.0720,-6.0001
270.021,-3.9969,9.0720,-6.0001
270.030,-3.9969,9.0743,-6.0001
270.039,-3.9969,9.0743,-6.0001
270.048,-3.9969,9.0767,-6.0001
270.059,-3.9969,9.0767,-6.0001
270.067,-3.9969,9.0790,-6.0001
270.079,-3.9969,9.0790,-6.0001
270.088,-3.9969,9.0813,-6.0001
270.100,-3.9969,9.0813,-6.0001
270.110,-3.9969,9.0837,-6.0001
270.120,-3.9969,9.0837,-6.0001
270.129,-3.9969,9.0860,-6.0001
270.138,-3.9969,9.0860,-6.0001
270.148,-3.9969,9.0884,-6.0001
270.160,-3.9969,9.0884,-6.0001
270.168,-3.9969,9.0907,-6.0001
270.179,-3.9969,9.0907,-6.0001
270.188,-3.9969,9.0931,-6.0001
270.199,-3.9969,9.0931,-6.0001
270.208,-3.9969,9.0954,-6.0001
270.218,-3.9969,9.0954,-6.0001
270.227,-3.9969,9.0977,-6.0001
270.238,-3.9969,9.0977,-6.0001
270.247,-3.9969,9.1001,-6.0001
270.257,-3.9969,9.1001,-6.0001
270.267,-3.9969,9.1024,-6.0001
270.277,-3.9969,9.1024,-6.0001
270.287,-3.9969,9.1047,-6.0001
270.299,-3.9969,9.1047,-6.0001
270.309,-3.9969,9.1071,-6.0001
270.321,-3.9969,9.1071,-6.0001
270.331,-3.9969,9.1094,-6.0001
270.341,-3.9969,9.1094,-6.0001
270.349,-3.9969,9.1117,-6.0001
270.358,-3.9969,9.1117,-6.0001
270.366,-3.9969,9.1140,-6.0001
270.375,-3.9969,9.1140,-6.0001
270.383,-3.9969,9.1164,-6.0001
270.393,-3.9969,9.1164,-6.0001
270.401,-3.9969,9.1164,-6.0001
270.410,-3.9969,9.1187,-6.0001
270.420,-3.9969,9.1187,-6.0001
270.428,-3.9969,9.1210,-6.0001
270.436,-3.9969,9.1210,-6.0001
270.445,-3.9969,9.1233,-6.0001
270.455,-3.9969,9.1233,-6.0001
270.463,-3.9969,9.1257,-6.0001
270.472,-3.9969,9.1257,-6.0001
270.480,-3.9969,9.1257,-6.0001
270.488,-3.9969,9.1280,-6.0001
270.497,-3.9969,9.1280,-6.0001
270.505,-3.9969,9.1303,-6.0001
270.514,-3.9969,9.1303,-6.0001
270.522,-3.9969,9.1326,-6.0001
270.530,-3.9969,9.1326,-6.0001
270.539,-3.9969,9.1326,-6.0001
270.546,-3.9969,9.1350,-6.0001
270.555,-3.9969,9.1350,-6.0001
270.563,-3.9969,9.1373,-6.0001
270.571,-3.9969,9.1373,-6.0001
270.578,-3.9969,9.1373,-6.0001
270.585,-3.9969,9.1396,-6.0001
270.593,-3.9969,9.1396,-6.0001
270.600,-3.9969,9.1396,-6.0001
270.608,-3.9969,9.1420,-6.0001
270.615,-3.9969,9.1420,-6.0001
270.622,-3.9969,9.1443,-6.0001
270.631,-3.9969,9.1443,-6.0001
270.637,-3.9969,9.1443,-6.0001
270.644,-3.9969,9.1466,-6.0001
270.653,-3.9969,9.1466,-6.0001
270.661,-3.9969,9.1466,-6.0001
270.668,-3.9969,9.1490,-6.0001
270.677,-3.9969,9.1490,-6.0001
270.683,-3.9969,9.1513,-6.0001
270.693,-3.9969,9.1513,-6.0001
270.699,-3.9969,9.1513,-6.0001
270.705,-3.9969,9.1536,-6.0001
270.714,-3.9969,9.1536,-6.0001
270.721,-3.9969,9.1536,-6.0001
270.729,-3.9969,9.1560,-6.0001
270.736,-3.9969,9.1560,-6.0001
270.744,-3.9969,9.1583,-6.0001
270.753,-3.9969,9.1583,-6.0001
270.760,-3.9969,9.1583,-6.0001
270.767,-3.9969,9.1607,-6.0001
270.776,-3.9969,9.1607,-6.0001
270.782,-3.9969,9.1630,-6.0001
270.791,-3.9969,9.1630,-6.0001
270.798,-3.9969,9.1630,-6.0001
270.805,-3.9969,9.1653,-6.0001
270.814,-3.9969,9.1653,-6.0001
270.821,-3.9969,9.1653,-6.0001
270.829,-3.9969,9.1677,-6.0001
270.838,-3.9969,9.1677,-6.0001
270.845,-3.9969,9.1700,-6.0001
270.855,-3.9969,9.1700,-6.0001
270.862,-3.9969,9.1723,-6.0001
270.870,-3.9969,9.1723,-6.0001
270.878,-3.9969,9.1723,-6.0001
270.887,-3.9969,9.1747,-6.0001
270.896,-3.9969,9.1747,-6.0001
270.903,-3.9969,9.1770,-6.0001
270.912,-3.9969,9.1770,-6.0001
270.921,-3.9969,9.1770,-6.0001
270.929,-3.9969,9.1793,-6.0001
270.937,-3.9969,9.1793,-6.0001
270.945,-3.9969,9.1817,-6.0001
270.955,-3.9969,9.1817,-6.0001
270.963,-3.9969,9.1840,-6.0001
270.972,-3.9969,9.1840,-6.0001
270.979,-3.9969,9.1840,-6.0001
270.987,-3.9969,9.1863,-6.0001
270.998,-3.9969,9.1863,-6.0001
271.005,-3.9969,9.1887,-6.0001
271.015,-3.9969,9.1887,-6.0001
271.022,-3.9969,9.1887,-6.0001
271.031,-3.9969,9.1910,-6.0001
271.039,-3.9969,9.1910,-6.0001
271.047,-3.9969,9.1933,-6.0001
271.060,-3.9969,9.1933,-6.0001
271.073,-3.9969,9.1957,-6.0001
271.082,-3.9969,9.1980,-6.0001
271.093,-3.9969,9.1980,-6.0001
271.101,-3.9969,9.1980,-6.0001
271.109,-3.9969,9.2003,-6.0001
271.118,-3.9969,9.2003,-6.0001
271.126,-3.9969,9.2027,-6.0001
271.135,-3.9969,9.2027,-6.0001
271.144,-3.9969,9.2050,-6.0001
271.153,-3.9969,9.2050,-6.0001
271.162,-3.9969,9.2050,-6.0001
271.169,-3.9969,9.2074,-6.0001
271.180,-3.9969,9.2074,-6.0001
271.188,-3.9969,9.2097,-6.0001
271.198,-3.9969,9.2097,-6.0001
271.207,-3.9969,9.2120,-6.0001
271.217,-3.9969,9.2120,-6.0001
271.227,-3.9969,9.2144,-6.0001
271.236,-3.9969,9.2144,-6.0001
271.244,-3.9969,9.2167,-6.0001
271.254,-3.9969,9.2167,-6.0001
271.262,-3.9969,9.2190,-6.0001
271.271,-3.9969,9.2190,-6.0001
271.279,-3.9969,9.2190,-6.0001
271.288,-3.9969,9.2214,-6.0001
271.297,-3.9969,9.2214,-6.0001
271.304,-3.9969,9.2237,-6.0001
271.313,-3.9969,9.2237,-6.0001
271.322,-3.9969,9.2260,-6.0001
271.332,-3.9969,9.2260,-6.0001
271.340,-3.9969,9.2260,-6.0001
271.349,-3.9969,9.2284,-6.0001
271.360,-3.9969,9.2284,-6.0001
271.368,-3.9969,9.2307,-6.0001
271.378,-3.9969,9.2307,-6.0001
271.387,-3.9969,9.2330,-6.0001
271.397,-3.9969,9.2330,-6.0001
271.404,-3.9969,9.2353,-6.0001
271.414,-3.9969,9.2353,-6.0001
271.422,-3.9969,9.2377,-6.0001
271.432,-3.9969,9.2377,-6.0001
271.439,-3.9969,9.2377,-6.0001
271.447,-3.9969,9.2400,-6.0001
271.457,-3.9969,9.2400,-6.0001
271.465,-3.9969,9.2423,-6.0001
271.476,-3.9969,9.2423,-6.0001
271.484,-3.9969,9.2446,-6.0001
271.493,-3.9969,9.2446,-6.0001
271.500,-3.9969,9.2446,-6.0001
271.510,-3.9969,9.2469,-6.0001
271.518,-3.9969,9.2469,-6.0001
271.527,-3.9969,9.2492,-6.0001
271.536,-3.9969,9.2492,-6.0001
271.544,-3.9969,9.2516,-6.0001
271.551,-3.9969,9.2516,-6.0001
271.560,-3.9969,9.2516,-6.0001
271.567,-3.9969,9.2539,-6.0001
271.577,-3.9969,9.2539,-6.0001
271.584,-3.9969,9.2562,-6.0001
271.594,-3.9969,9.2562,-6.0001
271.602,-3.9969,9.2585,-6.0001
271.612,-3.9969,9.2585,-6.0001
271.620,-3.9969,9.2585,-6.0001
271.629,-3.9969,9.2608,-6.0001
271.637,-3.9969,9.2608,-6.0001
271.644,-3.9969,9.2632,-6.0001
271.652,-3.9969,9.2632,-6.0001
271.660,-3.9969,9.2632,-6.0001
271.667,-3.9969,9.2655,-6.0001
271.675,-3.9969,9.2655,-6.0001
271.683,-3.9969,9.2678,-6.0001
271.692,-3.9969,9.2678,-6.0001
271.699,-3.9969,9.2678,-6.0001
271.705,-3.9969,9.2701,-6.0001
271.714,-3.9969,9.2701,-6.0001
271.721,-3.9969,9.2701,-6.0001
271.728,-3.9969,9.2724,-6.0001
271.735,-3.9969,9.2724,-6.0001
271.741,-3.9969,9.2724,-6.0001
271.749,-3.9969,9.2748,-6.0001
271.757,-3.9969,9.2748,-6.0001
271.766,-3.9969,9.2771,-6.0001
271.775,-3.9969,9.2771,-6.0001
271.783,-3.9969,9.2794,-6.0001
271.791,-3.9969,9.2794,-6.0001
271.797,-3.9969,9.2794,-6.0001
271.804,-3.9969,9.2817,-6.0001
271.813,-3.9969,9.2817,-6.0001
271.820,-3.9969,9.2817,-6.0001
271.829,-3.9969,9.2840,-6.0001
271.837,-3.9969,9.2840,-6.0001
271.844,-3.9969,9.2864,-6.0001
271.852,-3.9969,9.2864,-6.0001
271.860,-3.9969,9.2864,-6.0001
271.867,-3.9969,9.2887,-6.0001
271.875,-3.9969,9.2887,-6.0001
271.882,-3.9969,9.2887,-6.0001
271.892,-3.9969,9.2910,-6.0001
271.899,-3.9969,9.2910,-6.0001
271.906,-3.9969,9.2933,-6.0001
271.916,-3.9969,9.2933,-6.0001
271.924,-3.9969,9.2957,-6.0001
271.932,-3.9969,9.2957,-6.0001
271.939,-3.9969,9.2957,-6.0001
271.945,-3.9969,9.2980,-6.0001
271.955,-3.9969,9.2980,-6.0001
271.962,-3.9969,9.3003,-6.0001
271.970,-3.9969,9.3003,-6.0001
271.977,-3.9969,9.3003,-6.0001
271.985,-3.9969,9.3027,-6.0001
271.995,-3.9969,9.3027,-6.0001
272.001,-3.9969,9.3027,-6.0001
272.010,-3.9969,9.3050,-6.0001
272.020,-3.9969,9.3050,-6.0001
272.028,-3.9969,9.3073,-6.0001
272.035,-3.9969,9.3073,-6.0001
272.043,-3.9969,9.3096,-6.0001
272.050,-3.9969,9.3096,-6.0001
272.058,-3.9969,9.3096,-6.0001
272.065,-3.9969,9.3120,-6.0001
272.072,-3.9969,9.3120,-6.0001
272.081,-3.9969,9.3120,-6.0001
272.088,-3.9969,9.3143,-6.0001
272.096,-3.9969,9.3143,-6.0001
272.103,-3.9969,9.3166,-6.0001
272.112,-3.9969,9.3166,-6.0001
272.119,-3.9969,9.3166,-6.0001
272.127,-3.9969,9.3190,-6.0001
272.134,-3.9969,9.3190,-6.0001
272.142,-3.9969,9.3213,-6.0001
272.150,-3.9969,9.3213,-6.0001
272.157,-3.9969,9.3213,-6.0001
272.163,-3.9969,9.3236,-6.0001
272.173,-3.9969,9.3236,-6.0001
272.180,-3.9969,9.3236,-6.0001
272.188,-3.9969,9.3260,-6.0001
272.197,-3.9969,9.3260,-6.0001
272.204,-3.9969,9.3283,-6.0001
272.212,-3.9969,9.3283,-6.0001
272.220,-3.9969,9.3283,-6.0001
272.227,-3.9969,9.3306,-6.0001
272.237,-3.9969,9.3306,-6.0001
272.244,-3.9969,9.3330,-6.0001
272.254,-3.9969,9.3330,-6.0001
272.262,-3.9969,9.3353,-6.0001
272.271,-3.9969,9.3353,-6.0001
272.279,-3.9969,9.3353,-6.0001
272.287,-3.9969,9.3376,-6.0001
272.297,-3.9969,9.3376,-6.0001
272.304,-3.9969,9.3400,-6.0001
272.314,-3.9969,9.3400,-6.0001
272.321,-3.9969,9.3400,-6.0001
272.329,-3.9969,9.3423,-6.0001
272.338,-3.9969,9.3423,-6.0001
272.346,-3.9969,9.3446,-6.0001
272.354,-3.9969,9.3446,-6.0001
272.363,-3.9969,9.3470,-6.0001
272.370,-3.9969,9.3470,-6.0001
272.378,-3.9969,9.3470,-6.0001
272.385,-3.9969,9.3493,-6.0001
272.395,-3.9969,9.3493,-6.0001
272.401,-3.9969,9.3493,-6.0001
272.410,-3.9969,9.3516,-6.0001
272.420,-3.9969,9.3516,-6.0001
272.427,-3.9969,9.3540,-6.0001
272.437,-3.9969,9.3540,-6.0001
272.445,-3.9969,9.3563,-6.0001
272.456,-3.9969,9.3563,-6.0001
272.464,-3.9969,9.3587,-6.0001
272.474,-3.9969,9.3587,-6.0001
272.483,-3.9969,9.3610,-6.0001
272.493,-3.9969,9.3610,-6.0001
272.500,-3.9969,9.3610,-6.0001
272.508,-3.9969,9.3633,-6.0001
272.518,-3.9969,9.3633,-6.0001
272.526,-3.9969,9.3640,-6.0001
272.536,-3.9969,9.3640,-6.0001
272.545,-3.9969,9.3640,-6.0001
272.554,-3.9969,9.3640,-6.0001
272.564,-3.9969,9.3640,-6.0001
272.573,-3.9969,9.3640,-6.0001
272.581,-3.9969,9.3640,-6.0001
272.590,-3.9969,9.3640,-6.0001
272.600,-3.9969,9.3640,-6.0001
272.608,-3.9969,9.3640,-6.0001
272.617,-3.9969,9.3640,-6.0001
272.627,-3.9969,9.3640,-6.0001
272.636,-3.9969,9.3640,-6.0001
272.645,-3.9969,9.3640,-6.0001
272.655,-3.9969,9.3640,-6.0001
272.663,-3.9969,9.3640,-6.0001
272.672,-3.9969,9.3640,-6.0001
272.680,-3.9969,9.3640,-6.0001
272.688,-3.9969,9.3640,-6.0001
272.697,-3.9969,9.3640,-6.0001
272.705,-3.9969,9.3640,-6.0001
272.714,-3.9969,9.3640,-6.0001
272.723,-3.9969,9.3640,-6.0001
272.731,-3.9969,9.3640,-6.0001
272.740,-3.9969,9.3640,-6.0001
272.748,-3.9969,9.3640,-6.0001
272.757,-3.9969,9.3640,-6.0001
272.765,-3.9969,9.3640,-6.0001
272.774,-3.9969,9.3640,-6.0001
272.782,-3.9969,9.3640,-6.0001
272.790,-3.9969,9.3640,-6.0001
272.798,-3.9969,9.3640,-6.0001
272.806,-3.9969,9.3640,-6.0001
272.815,-3.9969,9.3640,-6.0001
272.824,-3.9969,9.3640,-6.0001
272.833,-3.9969,9.3640,-6.0001
272.841,-3.9969,9.3640,-6.0001
272.851,-3.9969,9.3640,-6.0001
272.860,-3.9969,9.3640,-6.0001
272.868,-3.9969,9.3640,-6.0001
272.877,-3.9969,9.3640,-6.0001
272.886,-3.9969,9.3640,-6.0001
272.895,-3.9969,9.3640,-6.0001
272.902,-3.9969,9.3640,-6.0001
272.911,-3.9969,9.3640,-6.0001
272.919,-3.9969,9.3640,-6.0001
272.928,-3.9969,9.3640,-6.0001
272.936,-3.9969,9.3640,-6.0001
272.944,-3.9969,9.3640,-6.0001
272.952,-3.9969,9.3640,-6.0001
272.960,-3.9969,9.3640,-6.0001
272.967,-3.9969,9.3640,-6.0001
272.975,-3.9969,9.3640,-6.0001
272.983,-3.9969,9.3640,-6.0001
272.991,-3.9969,9.3640,-6.0001
273.001,-3.9969,9.3640,-6.0001
273.008,-3.9969,9.3640,-6.0001
273.017,-3.9969,9.3640,-6.0001
273.026,-3.9969,9.3640,-6.0001
273.033,-3.9969,9.3640,-6.0001
273.041,-3.9969,9.3640,-6.0001
273.049,-3.9969,9.3640,-6.0001
273.057,-3.9969,9.3640,-6.0001
273.065,-3.9969,9.3640,-6.0001
273.074,-3.9969,9.3640,-6.0001
273.083,-3.9969,9.3640,-6.0001
273.092,-3.9969,9.3640,-6.0001
273.100,-3.9969,9.3640,-6.0001
273.108,-3.9969,9.3640,-6.0001
273.117,-3.9969,9.3640,-6.0001
273.125,-3.9969,9.3640,-6.0001
273.133,-3.9969,9.3640,-6.0001
273.140,-3.9969,9.3640,-6.0001
273.149,-3.9969,9.3640,-6.0001
273.159,-3.9969,9.3640,-6.0001
273.166,-3.9969,9.3640,-6.0001
273.175,-3.9969,9.3640,-6.0001
273.183,-3.9969,9.3640,-6.0001
273.191,-3.9969,9.3640,-6.0001
273.198,-3.9969,9.3640,-6.0001
273.206,-3.9969,9.3640,-6.0001
273.215,-3.9969,9.3640,-6.0001
273.222,-3.9969,9.3640,-6.0001
273.231,-3.9969,9.3640,-6.0001
273.239,-3.9969,9.3640,-6.0001
273.246,-3.9969,9.3640,-6.0001
273.254,-3.9969,9.3640,-6.0001
273.261,-3.9969,9.3640,-6.0001
273.268,-3.9969,9.3640,-6.0001
273.276,-3.9969,9.3640,-6.0001
273.284,-3.9969,9.3640,-6.0001
273.293,-3.9969,9.3640,-6.0001
273.302,-3.9969,9.3640,-6.0001
273.309,-3.9969,9.3640,-6.0001
273.317,-3.9969,9.3640,-6.0001
273.325,-3.9969,9.3640,-6.0001
273.334,-3.9969,9.3640,-6.0001
273.340,-3.9969,9.3640,-6.0001
273.349,-3.9969,9.3640,-6.0001
273.356,-3.9969,9.3640,-6.0001
273.363,-3.9969,9.3640,-6.0001
273.371,-3.9969,9.3640,-6.0001
273.378,-3.9969,9.3640,-6.0001
273.388,-3.9969,9.3640,-6.0001
273.396,-3.9969,9.3640,-6.0001
273.403,-3.9969,9.3640,-6.0001
273.419,-3.9969,9.3640,-6.0001
273.428,-3.9969,9.3640,-6.0001
273.435,-3.9969,9.3640,-6.0001
273.444,-3.9969,9.3640,-6.0001
273.453,-3.9969,9.3640,-6.0001
273.461,-3.9969,9.3640,-6.0001
273.468,-3.9969,9.3640,-6.0001
273.480,-3.9969,9.3640,-6.0001
273.488,-3.9969,9.3640,-6.0001
273.498,-3.9969,9.3640,-6.0001
273.506,-3.9969,9.3640,-6.0001
273.515,-3.9969,9.3640,-6.0001
273.524,-3.9969,9.3640,-6.0001
273.532,-3.9969,9.3640,-6.0001
273.540,-3.9969,9.3640,-6.0001
273.547,-3.9969,9.3640,-6.0001
273.557,-3.9969,9.3640,-6.0001
273.566,-3.9969,9.3640,-6.0001
273.574,-3.9969,9.3640,-6.0001
273.580,-3.9969,9.3640,-6.0001
273.588,-3.9969,9.3640,-6.0001
273.597,-3.9969,9.3640,-6.0001
273.605,-3.9969,9.3640,-6.0001
273.613,-3.9969,9.3640,-6.0001
273.622,-3.9969,9.3640,-6.0001
273.631,-3.9969,9.3640,-6.0001
273.638,-3.9969,9.3640,-6.0001
273.646,-3.9969,9.3640,-6.0001
273.656,-3.9969,9.3640,-6.0001
273.663,-3.9969,9.3640,-6.0001
273.671,-3.9969,9.3640,-6.0001
273.679,-3.9969,9.3640,-6.0001
273.688,-3.9969,9.3640,-6.0001
273.697,-3.9969,9.3640,-6.0001
273.704,-3.9969,9.3640,-6.0001
273.715,-3.9969,9.3640,-6.0001
273.723,-3.9969,9.3640,-6.0001
273.732,-3.9969,9.3640,-6.0001
273.740,-3.9969,9.3640,-6.0001
273.750,-3.9969,9.3640,-6.0001
273.760,-3.9969,9.3640,-6.0001
273.767,-3.9969,9.3640,-6.0001
273.778,-3.9969,9.3640,-6.0001
273.786,-3.9969,9.3640,-6.0001
273.796,-3.9969,9.3640,-6.0001
273.804,-3.9969,9.3640,-6.0001
273.813,-3.9969,9.3640,-6.0001
273.821,-3.9969,9.3640,-6.0001
273.829,-3.9969,9.3640,-6.0001
273.837,-3.9969,9.3640,-6.0001
273.845,-3.9969,9.3640,-6.0001
273.855,-3.9969,9.3640,-6.0001
273.864,-3.9969,9.3640,-6.0001
273.873,-3.9969,9.3640,-6.0001
273.882,-3.9969,9.3640,-6.0001
273.893,-3.9969,9.3640,-6.0001
273.902,-3.9969,9.3640,-6.0001
273.912,-3.9969,9.3640,-6.0001
273.923,-3.9969,9.3640,-6.0001
273.933,-3.9969,9.3640,-6.0001
273.942,-3.9969,9.3640,-6.0001
273.951,-3.9969,9.3640,-6.0001
273.961,-3.9969,9.3640,-6.0001
273.967,-3.9969,9.3640,-6.0001
273.976,-3.9969,9.3640,-6.0001
273.985,-3.9969,9.3640,-6.0001
273.995,-3.9969,9.3640,-6.0001
274.003,-3.9969,9.3640,-6.0001
274.012,-3.9969,9.3640,-6.0001
274.021,-3.9969,9.3640,-6.0001
274.029,-3.9969,9.3640,-6.0001
274.038,-3.9969,9.3640,-6.0001
274.047,-3.9969,9.3640,-6.0001
274.056,-3.9969,9.3640,-6.0001
274.063,-3.9969,9.3640,-6.0001
274.072,-3.9969,9.3640,-6.0001
274.080,-3.9969,9.3640,-6.0001
274.089,-3.9969,9.3640,-6.0001
274.098,-3.9969,9.3640,-6.0001
274.106,-3.9969,9.3640,-6.0001
274.116,-3.9969,9.3640,-6.0001
274.124,-3.9969,9.3640,-6.0001
274.134,-3.9969,9.3640,-6.0001
274.142,-3.9969,9.3640,-6.0001
274.151,-3.9969,9.3640,-6.0001
274.160,-3.9969,9.3640,-6.0001
274.169,-3.9969,9.3640,-6.0001
274.179,-3.9969,9.3640,-6.0001
274.186,-3.9969,9.3640,-6.0001
274.195,-3.9969,9.3640,-6.0001
274.202,-3.9969,9.3640,-6.0001
274.208,-3.9969,9.3640,-6.0001
274.216,-3.9969,9.3640,-6.0001
274.224,-3.9969,9.3640,-6.0001
274.233,-3.9969,9.3640,-6.0001
274.240,-3.9969,9.3640,-6.0001
274.247,-3.9969,9.3640,-6.0001
274.256,-3.9969,9.3640,-6.0001
274.263,-3.9969,9.3640,-6.0001
274.271,-3.9969,9.3640,-6.0001
274.279,-3.9969,9.3640,-6.0001
274.286,-3.9969,9.3640,-6.0001
274.294,-3.9969,9.3640,-6.0001
274.301,-3.9969,9.3640,-6.0001
274.309,-3.9969,9.3640,-6.0001
274.317,-3.9969,9.3640,-6.0001
274.324,-3.9969,9.3640,-6.0001
274.333,-3.9969,9.3640,-6.0001
274.341,-3.9969,9.3640,-6.0001
274.349,-3.9969,9.3640,-6.0001
274.358,-3.9969,9.3640,-6.0001
274.365,-3.9969,9.3640,-6.0001
274.375,-3.9969,9.3640,-6.0001
274.382,-3.9969,9.3640,-6.0001
274.389,-3.9969,9.3640,-6.0001
274.397,-3.9969,9.3640,-6.0001
274.403,-3.9969,9.3640,-6.0001
274.412,-3.9969,9.3640,-6.0001
274.419,-3.9969,9.3640,-6.0001
274.427,-3.9969,9.3640,-6.0001
274.434,-3.9969,9.3640,-6.0001
274.441,-3.9969,9.3640,-6.0001
274.449,-3.9969,9.3640,-6.0001
274.459,-3.9969,9.3640,-6.0001
274.466,-3.9969,9.3640,-6.0001
274.474,-3.9969,9.3640,-6.0001
274.482,-3.9969,9.3640,-6.0001
274.492,-3.9969,9.3640,-6.0001
274.499,-3.9969,9.3640,-6.0001
274.506,-3.9969,9.3640,-6.0001
274.514,-3.9969,9.3640,-6.0001
274.522,-3.9969,9.3640,-6.0001
274.529,-3.9969,9.3640,-6.0001
274.538,-3.9969,9.3640,-6.0001
274.545,-3.9969,9.3640,-6.0001
274.554,-3.9969,9.3640,-6.0001
274.561,-3.9969,9.3640,-6.0001
274.570,-3.9969,9.3640,-6.0001
274.581,-3.9969,9.3640,-6.0001
274.587,-3.9969,9.3640,-6.0001
274.596,-3.9969,9.3640,-6.0001
274.602,-3.9969,9.3640,-6.0001
274.611,-3.9969,9.3640,-6.0001
274.618,-3.9969,9.3640,-6.0001
274.626,-3.9969,9.3640,-6.0001
274.633,-3.9969,9.3640,-6.0001
274.640,-3.9969,9.3640,-6.0001
274.649,-3.9969,9.3640,-6.0001
274.658,-3.9969,9.3640,-6.0001
274.664,-3.9969,9.3640,-6.0001
274.672,-3.9969,9.3640,-6.0001
274.681,-3.9969,9.3640,-6.0001
274.689,-3.9969,9.3640,-6.0001
274.697,-3.9969,9.3640,-6.0001
274.704,-3.9969,9.3640,-6.0001
274.713,-3.9969,9.3640,-6.0001
274.720,-3.9969,9.3640,-6.0001
274.727,-3.9969,9.3640,-6.0001
274.737,-3.9969,9.3640,-6.0001
274.745,-3.9969,9.3640,-6.0001
274.752,-3.9969,9.3640,-6.0001
274.761,-3.9969,9.3640,-6.0001
274.786,-3.9969,9.3640,-6.0001
274.801,-3.9969,9.3640,-6.0001
274.812,-3.9969,9.3640,-6.0001
274.821,-3.9969,9.3640,-6.0001
274.830,-3.9969,9.3640,-6.0001
274.838,-3.9969,9.3640,-6.0001
274.845,-3.9969,9.3640,-6.0001
274.854,-3.9969,9.3640,-6.0001
274.862,-3.9969,9.3640,-6.0001
274.877,-3.9969,9.3640,-6.0001
