Time,X,Y,Z
0.000,0.0000,9.3638,0.0000
0.024,0.0000,9.3638,0.0000
0.036,0.0000,9.3638,0.0000
0.044,0.0000,9.3638,0.0000
0.052,0.0000,9.3638,0.0000
0.059,0.0000,9.3638,0.0000
0.066,0.0000,9.3638,0.0000
0.074,0.0000,9.3638,0.0000
0.080,0.0000,9.3638,0.0000
0.089,0.0000,9.3638,0.0000
0.096,0.0000,9.3638,0.0000
0.104,0.0000,9.3638,0.0000
0.112,0.0000,9.3638,0.0000
0.119,0.0000,9.3638,0.0000
0.130,0.0000,9.3638,0.0000
0.138,0.0000,9.3638,0.0000
0.150,0.0000,9.3638,0.0000
0.157,0.0000,9.3638,0.0000
0.164,0.0000,9.3638,0.0000
0.172,0.0000,9.3638,0.0000
0.180,0.0000,9.3638,0.0000
0.186,0.0000,9.3638,0.0000
0.194,0.0000,9.3638,0.0000
0.200,0.0000,9.3638,0.0000
0.210,0.0000,9.3638,0.0000
0.217,0.0000,9.3638,0.0000
0.226,0.0000,9.3638,0.0000
0.232,0.0000,9.3638,0.0000
0.242,0.0000,9.3638,0.0000
0.249,0.0000,9.3638,0.0000
0.257,0.0000,9.3638,0.0000
0.264,0.0000,9.3638,0.0000
0.272,0.0000,9.3638,0.0000
0.280,0.0000,9.3638,0.0000
0.288,0.0000,9.3638,0.0000
0.295,0.0000,9.3638,0.0000
0.303,0.0000,9.3638,0.0000
0.312,0.0000,9.3638,0.0000
0.320,0.0000,9.3638,0.0000
0.328,0.0000,9.3638,0.0000
0.336,0.0000,9.3638,0.0000
0.344,0.0000,9.3638,0.0000
0.354,0.0000,9.3638,0.0000
0.360,0.0000,9.3638,0.0000
0.369,0.0000,9.3638,0.0000
0.376,0.0000,9.3638,0.0000
0.383,0.0000,9.3638,0.0000
0.391,0.0000,9.3638,0.0000
0.398,0.0000,9.3638,0.0000
0.407,0.0000,9.3638,0.0000
0.414,0.0000,9.3638,0.0000
0.423,0.0000,9.3638,0.0000
0.432,0.0000,9.3638,0.0000
0.442,0.0000,9.3638,0.0000
0.451,0.0000,9.3638,0.0000
0.460,0.0000,9.3638,0.0000
0.467,0.0000,9.3638,0.0000
0.475,0.0000,9.3638,0.0000
0.482,0.0000,9.3638,0.0000
0.489,0.0000,9.3638,0.0000
0.496,0.0000,9.3638,0.0000
0.502,0.0000,9.3638,0.0000
0.510,0.0000,9.3638,0.0000
0.517,0.0000,9.3638,0.0000
0.525,0.0000,9.3638,0.0000
0.531,0.0000,9.3638,0.0000
0.538,0.0000,9.3638,0.0000
0.546,0.0000,9.3638,0.0000
0.553,0.0000,9.3638,0.0000
0.561,0.0000,9.3638,0.0000
0.569,0.0000,9.3638,0.0000
0.578,0.0000,9.3638,0.0000
0.587,0.0000,9.3638,0.0000
0.593,0.0000,9.3638,0.0000
0.599,0.0000,9.3638,0.0000
0.608,0.0000,9.3638,0.0000
0.618,0.0000,9.3638,0.0000
0.626,0.0000,9.3638,0.0000
0.632,0.0000,9.3638,0.0000
0.639,0.0000,9.3638,0.0000
0.648,0.0000,9.3638,0.0000
0.654,0.0000,9.3638,0.0000
0.661,0.0000,9.3638,0.0000
0.669,0.0000,9.3638,0.0000
0.678,0.0000,9.3638,0.0000
0.687,0.0000,9.3638,0.0000
0.695,0.0000,9.3638,0.0000
0.701,0.0000,9.3638,0.0000
0.711,0.0000,9.3638,0.0000
0.718,0.0000,9.3638,0.0000
0.727,0.0000,9.3638,0.0000
0.734,0.0000,9.3638,0.0000
0.742,0.0000,9.3638,0.0000
0.748,0.0000,9.3638,0.0000
0.756,0.0000,9.3638,0.0000
0.762,0.0000,9.3638,0.0000
0.771,0.0000,9.3638,0.0000
0.779,0.0000,9.3638,0.0000
0.787,0.0000,9.3638,0.0000
0.794,0.0000,9.3638,0.0000
0.805,0.0000,9.3638,0.0000
0.816,0.0000,9.3638,0.0000
0.828,0.0000,9.3638,0.0000
0.836,0.0000,9.3638,0.0000
0.842,0.0000,9.3638,0.0000
0.850,0.0000,9.3638,0.0000
0.857,0.0000,9.3638,0.0000
0.865,0.0000,9.3638,0.0000
0.872,0.0000,9.3638,0.0000
0.880,0.0000,9.3638,0.0000
0.888,0.0000,9.3638,0.0000
0.896,0.0000,9.3638,0.0000
0.903,0.0000,9.3638,0.0000
0.912,0.0000,9.3638,0.0000
0.918,0.0000,9.3638,0.0000
0.927,0.0000,9.3638,0.0000
0.933,0.0000,9.3638,0.0000
0.940,0.0000,9.3638,0.0000
0.948,0.0000,9.3638,0.0000
0.957,0.0000,9.3638,0.0000
0.964,0.0000,9.3638,0.0000
0.976,0.0000,9.3638,0.0000
0.985,0.0000,9.3638,0.0000
0.996,0.0000,9.3638,0.0000
1.005,0.0000,9.3638,0.0000
1.017,0.0000,9.3638,0.0000
1.027,0.0000,9.3638,0.0000
1.036,0.0000,9.3638,0.0000
1.045,0.0000,9.3638,0.0000
1.057,0.0000,9.3638,0.0000
1.065,0.0000,9.3638,0.0000
1.075,0.0000,9.3638,0.0000
1.084,0.0000,9.3638,0.0000
1.096,0.0000,9.3638,0.0000
1.107,0.0000,9.3638,0.0000
1.117,0.0000,9.3638,0.0000
1.129,0.0000,9.3638,0.0000
1.138,0.0000,9.3638,0.0000
1.148,0.0000,9.3638,0.0000
1.156,0.0000,9.3638,0.0000
1.165,0.0000,9.3638,0.0000
1.175,0.0000,9.3638,0.0000
1.186,0.0000,9.3638,0.0000
1.196,0.0000,9.3638,0.0000
1.205,0.0000,9.3638,0.0000
1.219,0.0000,9.3638,0.0000
1.230,0.0000,9.3638,0.0000
1.243,0.0000,9.3638,0.0000
1.252,0.0000,9.3638,0.0000
1.261,0.0000,9.3638,0.0000
1.269,0.0000,9.3638,0.0000
1.278,0.0000,9.3638,0.0000
1.287,0.0000,9.3638,0.0000
1.295,0.0000,9.3638,0.0000
1.306,0.0000,9.3638,0.0000
1.314,0.0000,9.3638,0.0000
1.325,0.0000,9.3638,0.0000
1.335,0.0000,9.3638,0.0000
1.346,0.0000,9.3638,0.0000
1.354,0.0000,9.3638,0.0000
1.362,0.0000,9.3638,0.0000
1.379,0.0000,9.3638,0.0000
1.389,0.0000,9.3638,0.0000
1.398,0.0000,9.3638,0.0000
1.414,0.0000,9.3638,0.0000
1.423,0.0000,9.3638,0.0000
1.440,0.0000,9.3638,0.0000
1.450,0.0000,9.3638,0.0000
1.459,0.0000,9.3638,0.0000
1.467,0.0000,9.3638,0.0000
1.475,0.0000,9.3638,0.0000
1.482,0.0000,9.3638,0.0000
1.490,0.0000,9.3638,0.0000
1.497,0.0000,9.3638,0.0000
1.504,0.0000,9.3638,0.0000
1.513,0.0000,9.3638,0.0000
1.520,0.0000,9.3638,0.0000
1.528,0.0000,9.3638,0.0000
1.535,0.0000,9.3638,0.0000
1.543,0.0000,9.3638,0.0000
1.552,0.0000,9.3638,0.0000
1.559,0.0000,9.3638,0.0000
1.567,0.0000,9.3638,0.0000
1.575,0.0000,9.3638,0.0000
1.583,0.0000,9.3638,0.0000
1.591,0.0000,9.3638,0.0000
1.598,0.0000,9.3638,0.0000
1.606,0.0000,9.3638,0.0000
1.614,0.0000,9.3638,0.0000
1.621,0.0000,9.3638,0.0000
1.630,0.0000,9.3638,0.0000
1.637,0.0000,9.3638,0.0000
1.645,0.0000,9.3638,0.0000
1.653,0.0000,9.3638,0.0000
1.661,0.0000,9.3638,0.0000
1.669,0.0000,9.3638,0.0000
1.677,0.0000,9.3638,0.0000
1.684,0.0000,9.3638,0.0000
1.694,0.0000,9.3638,0.0000
1.701,0.0000,9.3638,0.0000
1.711,0.0000,9.3638,0.0000
1.718,0.0000,9.3638,0.0000
1.727,0.0000,9.3638,0.0000
1.734,0.0000,9.3638,0.0000
1.742,0.0000,9.3638,0.0000
1.750,0.0000,9.3638,0.0000
1.759,0.0000,9.3638,0.0000
1.768,0.0000,9.3638,0.0000
1.778,0.0000,9.3638,0.0000
1.786,0.0000,9.3638,0.0000
1.794,0.0000,9.3638,0.0000
1.802,0.0000,9.3638,0.0000
1.811,0.0000,9.3638,0.0000
1.818,0.0000,9.3638,0.0000
1.828,0.0000,9.3638,0.0000
1.834,0.0000,9.3638,0.0000
1.842,0.0000,9.3638,0.0000
1.849,0.0000,9.3638,0.0000
1.858,0.0000,9.3638,0.0000
1.864,0.0000,9.3638,0.0000
1.870,0.0000,9.3638,0.0000
1.878,0.0000,9.3638,0.0000
1.886,0.0000,9.3638,0.0000
1.893,0.0000,9.3638,0.0000
1.899,0.0000,9.3638,0.0000
1.907,0.0000,9.3638,0.0000
1.914,0.0000,9.3638,0.0000
1.921,0.0000,9.3638,0.0000
1.929,0.0000,9.3638,0.0000
1.936,0.0000,9.3638,0.0000
1.945,0.0000,9.3638,0.0000
1.954,0.0000,9.3638,0.0000
1.963,0.0000,9.3638,0.0000
1.972,0.0000,9.3638,0.0000
1.981,0.0000,9.3638,0.0000
1.993,0.0000,9.3638,0.0000
2.000,0.0000,9.3638,0.0000
2.009,0.0000,9.3638,0.0000
2.017,0.0000,9.3638,0.0000
2.025,0.0000,9.3638,0.0000
2.033,0.0000,9.3638,0.0000
2.042,0.0000,9.3638,0.0000
2.050,0.0000,9.3638,0.0000
2.059,0.0000,9.3638,0.0000
2.068,0.0000,9.3638,0.0000
2.080,0.0000,9.3638,0.0000
2.090,0.0000,9.3638,0.0000
2.100,0.0000,9.3638,0.0000
2.113,0.0000,9.3638,0.0000
2.122,0.0000,9.3638,0.0000
2.131,0.0000,9.3638,0.0000
2.138,0.0000,9.3638,0.0000
2.148,0.0000,9.3638,0.0000
2.157,0.0000,9.3638,0.0000
2.165,0.0000,9.3638,0.0000
2.175,0.0000,9.3638,0.0000
2.184,0.0000,9.3638,0.0000
2.194,0.0000,9.3638,0.0000
2.203,0.0000,9.3638,0.0000
2.214,0.0000,9.3638,0.0000
2.221,0.0000,9.3638,0.0000
2.230,0.0000,9.3638,0.0000
2.240,0.0000,9.3638,0.0000
2.250,0.0000,9.3638,0.0000
2.258,0.0000,9.3638,0.0000
2.265,0.0000,9.3638,0.0000
2.274,0.0000,9.3638,0.0000
2.281,0.0000,9.3638,0.0000
2.289,0.0000,9.3638,0.0000
2.296,0.0000,9.3638,0.0000
2.304,0.0000,9.3638,0.0000
2.312,0.0000,9.3638,0.0000
2.321,0.0000,9.3638,0.0000
2.329,0.0000,9.3638,0.0000
2.337,0.0000,9.3638,0.0000
2.344,0.0000,9.3638,0.0000
2.352,0.0000,9.3638,0.0000
2.358,0.0000,9.3638,0.0000
2.366,0.0000,9.3638,0.0000
2.373,0.0000,9.3638,0.0000
2.382,0.0000,9.3638,0.0000
2.390,0.0000,9.3638,0.0000
2.399,0.0000,9.3638,0.0000
2.407,0.0000,9.3638,0.0000
2.419,0.0000,9.3638,0.0000
2.431,0.0000,9.3638,0.0000
2.443,0.0000,9.3638,0.0000
2.454,0.0000,9.3638,0.0000
2.464,0.0000,9.3638,0.0000
2.474,0.0000,9.3638,0.0000
2.484,0.0000,9.3638,0.0000
2.495,0.0000,9.3638,0.0000
2.501,0.0000,9.3638,0.0000
2.511,0.0000,9.3638,0.0000
2.517,0.0000,9.3638,0.0000
2.527,0.0000,9.3638,0.0000
2.534,0.0000,9.3638,0.0000
2.542,0.0000,9.3638,0.0000
2.550,0.0000,9.3638,0.0000
2.557,0.0000,9.3638,0.0000
2.565,0.0000,9.3638,0.0000
2.573,0.0000,9.3638,0.0000
2.580,0.0000,9.3638,0.0000
2.588,0.0000,9.3638,0.0000
2.595,0.0000,9.3638,0.0000
2.601,0.0000,9.3638,0.0000
2.610,0.0000,9.3638,0.0000
2.617,0.0000,9.3638,0.0000
2.625,0.0000,9.3638,0.0000
2.633,0.0000,9.3638,0.0000
2.645,0.0000,9.3638,0.0000
2.653,0.0000,9.3638,0.0000
2.661,0.0000,9.3638,0.0000
2.669,0.0000,9.3638,0.0000
2.676,0.0000,9.3638,0.0000
2.683,0.0000,9.3638,0.0000
2.691,0.0000,9.3638,0.0000
2.698,0.0000,9.3638,0.0000
2.705,0.0000,9.3638,0.0000
2.714,0.0000,9.3638,0.0000
2.720,0.0000,9.3638,0.0000
2.730,0.0000,9.3638,0.0000
2.737,0.0000,9.3638,0.0000
2.746,0.0000,9.3638,0.0000
2.754,0.0000,9.3638,0.0000
2.764,0.0000,9.3638,0.0000
2.773,0.0000,9.3638,0.0000
2.782,0.0000,9.3638,0.0000
2.791,0.0000,9.3638,0.0000
2.799,0.0000,9.3638,0.0000
2.808,0.0000,9.3638,0.0000
2.816,0.0000,9.3638,0.0000
2.831,0.0000,9.3638,0.0000
2.840,0.0000,9.3638,0.0000
2.851,0.0000,9.3638,0.0000
2.858,0.0000,9.3638,0.0000
2.866,0.0000,9.3638,0.0000
2.874,0.0000,9.3638,0.0000
2.882,0.0000,9.3638,0.0000
2.890,0.0000,9.3638,0.0000
2.897,0.0000,9.3638,0.0000
2.905,0.0000,9.3638,0.0000
2.913,0.0000,9.3638,0.0000
2.921,0.0000,9.3638,0.0000
2.929,0.0000,9.3638,0.0000
2.936,0.0000,9.3638,0.0000
2.944,0.0000,9.3638,0.0000
2.952,0.0000,9.3638,0.0000
2.959,0.0000,9.3638,0.0000
2.969,0.0000,9.3638,0.0000
2.978,0.0000,9.3638,0.0000
2.986,0.0000,9.3638,0.0000
2.994,0.0000,9.3638,0.0000
3.002,0.0000,9.3638,0.0000
3.012,0.0000,9.3638,0.0000
3.019,0.0000,9.3638,0.0000
3.028,0.0000,9.3638,0.0000
3.034,0.0000,9.3638,0.0000
3.042,0.0000,9.3638,0.0000
3.049,0.0000,9.3638,0.0000
3.056,0.0000,9.3638,0.0000
3.063,0.0000,9.3638,0.0000
3.070,0.0000,9.3638,0.0000
3.077,0.0000,9.3638,0.0000
3.086,0.0000,9.3638,0.0000
3.094,0.0000,9.3638,0.0000
3.101,0.0000,9.3638,0.0000
3.110,0.0000,9.3638,0.0000
3.116,0.0000,9.3638,0.0000
3.125,0.0000,9.3638,0.0000
3.132,0.0000,9.3638,0.0000
3.139,0.0000,9.3638,0.0000
3.146,0.0000,9.3638,0.0000
3.153,0.0000,9.3638,0.0000
3.160,0.0000,9.3638,0.0000
3.167,0.0000,9.3638,0.0000
3.174,0.0000,9.3638,0.0000
3.180,0.0000,9.3638,0.0000
3.199,0.0000,9.3638,0.0000
3.208,0.0000,9.3638,0.0000
3.216,0.0000,9.3638,0.0000
3.223,0.0000,9.3638,0.0000
3.231,0.0000,9.3638,0.0000
3.238,0.0000,9.3638,0.0000
3.248,0.0000,9.3638,0.0000
3.254,0.0000,9.3638,0.0000
3.260,0.0000,9.3638,0.0000
3.268,0.0000,9.3638,0.0000
3.276,0.0000,9.3638,0.0000
3.283,0.0000,9.3638,0.0000
3.290,0.0000,9.3638,0.0000
3.297,0.0000,9.3638,0.0000
3.308,0.0000,9.3638,0.0000
3.316,0.0000,9.3638,0.0000
3.322,0.0000,9.3638,0.0000
3.330,0.0000,9.3638,0.0000
3.337,0.0000,9.3638,0.0000
3.345,0.0000,9.3638,0.0000
3.352,0.0000,9.3638,0.0000
3.360,0.0000,9.3638,0.0000
3.367,0.0000,9.3638,0.0000
3.375,0.0000,9.3638,0.0000
3.382,0.0000,9.3638,0.0000
3.391,0.0000,9.3638,0.0000
3.398,0.0000,9.3638,0.0000
3.407,0.0000,9.3638,0.0000
3.415,0.0000,9.3638,0.0000
3.423,0.0000,9.3638,0.0000
3.431,0.0000,9.3638,0.0000
3.439,0.0000,9.3638,0.0000
3.447,0.0000,9.3638,0.0000
3.454,0.0000,9.3638,0.0000
3.461,0.0000,9.3638,0.0000
3.468,0.0000,9.3638,0.0000
3.477,0.0000,9.3638,0.0000
3.484,0.0000,9.3638,0.0000
3.493,0.0000,9.3638,0.0000
3.502,0.0000,9.3638,0.0000
3.511,0.0000,9.3638,0.0000
3.523,0.0000,9.3638,0.0000
3.534,0.0000,9.3638,0.0000
3.542,0.0000,9.3638,0.0000
3.551,0.0000,9.3638,0.0000
3.558,0.0000,9.3638,0.0000
3.566,0.0000,9.3638,0.0000
3.572,0.0000,9.3638,0.0000
3.582,0.0000,9.3638,0.0000
3.590,0.0000,9.3638,0.0000
3.598,0.0000,9.3638,0.0000
3.609,0.0000,9.3638,0.0000
3.617,0.0000,9.3638,0.0000
3.625,0.0000,9.3638,0.0000
3.634,0.0000,9.3638,0.0000
3.644,0.0000,9.3638,0.0000
3.653,0.0000,9.3638,0.0000
3.663,0.0000,9.3638,0.0000
3.674,0.0000,9.3638,0.0000
3.682,0.0000,9.3638,0.0000
3.693,0.0000,9.3638,0.0000
3.699,0.0000,9.3638,0.0000
3.709,0.0000,9.3638,0.0000
3.716,0.0000,9.3638,0.0000
3.724,0.0000,9.3638,0.0000
3.732,0.0000,9.3638,0.0000
3.741,0.0000,9.3638,0.0000
3.750,0.0000,9.3638,0.0000
3.758,0.0000,9.3638,0.0000
3.767,0.0000,9.3638,0.0000
3.775,0.0000,9.3638,0.0000
3.783,0.0000,9.3638,0.0000
3.793,0.0000,9.3638,0.0000
3.800,0.0000,9.3638,0.0000
3.808,0.0000,9.3638,0.0000
3.816,0.0000,9.3638,0.0000
3.822,0.0000,9.3638,0.0000
3.831,0.0000,9.3638,0.0000
3.839,0.0000,9.3638,0.0000
3.847,0.0000,9.3638,0.0000
3.855,0.0000,9.3638,0.0000
3.862,0.0000,9.3638,0.0000
3.869,0.0000,9.3638,0.0000
3.876,0.0000,9.3638,0.0000
3.882,0.0000,9.3638,0.0000
3.890,0.0000,9.3638,0.0000
3.896,0.0000,9.3638,0.0000
3.903,0.0000,9.3638,0.0000
3.911,0.0000,9.3638,0.0000
3.918,0.0000,9.3638,0.0000
3.927,0.0000,9.3638,0.0000
3.933,0.0000,9.3638,0.0000
3.941,0.0000,9.3638,0.0000
3.948,0.0000,9.3638,0.0000
3.957,0.0000,9.3638,0.0000
3.964,0.0000,9.3638,0.0000
3.973,0.0000,9.3638,0.0000
3.980,0.0000,9.3638,0.0000
3.988,0.0000,9.3638,0.0000
3.994,0.0000,9.3638,0.0000
4.001,0.0000,9.3638,0.0000
4.008,0.0000,9.3638,0.0000
4.014,0.0000,9.3638,0.0000
4.021,0.0000,9.3638,0.0000
4.030,0.0000,9.3638,0.0000
4.037,0.0000,9.3638,0.0000
4.045,0.0000,9.3638,0.0000
4.053,0.0000,9.3638,0.0000
4.064,0.0000,9.3638,0.0000
4.074,0.0000,9.3638,0.0000
4.083,0.0000,9.3638,0.0000
4.093,0.0000,9.3638,0.0000
4.101,0.0000,9.3638,0.0000
4.111,0.0000,9.3638,0.0000
4.118,0.0000,9.3638,0.0000
4.128,0.0000,9.3638,0.0000
4.134,0.0000,9.3638,0.0000
4.143,0.0000,9.3638,0.0000
4.153,0.0000,9.3638,0.0000
4.165,0.0000,9.3638,0.0000
4.177,0.0000,9.3638,0.0000
4.186,0.0000,9.3638,0.0000
4.194,0.0000,9.3638,0.0000
4.202,0.0000,9.3638,0.0000
4.212,0.0000,9.3638,0.0000
4.220,0.0000,9.3638,0.0000
4.228,0.0000,9.3638,0.0000
4.237,0.0000,9.3638,0.0000
4.246,0.0000,9.3638,0.0000
4.254,0.0000,9.3638,0.0000
4.261,0.0000,9.3638,0.0000
4.271,0.0000,9.3638,0.0000
4.278,0.0000,9.3638,0.0000
4.285,0.0000,9.3638,0.0000
4.293,0.0000,9.3638,0.0000
4.300,0.0000,9.3638,0.0000
4.309,0.0000,9.3638,0.0000
4.315,0.0000,9.3638,0.0000
4.324,0.0000,9.3638,0.0000
4.332,0.0000,9.3638,0.0000
4.339,0.0000,9.3638,0.0000
4.347,0.0000,9.3638,0.0000
4.354,0.0000,9.3638,0.0000
4.361,0.0000,9.3638,0.0000
4.369,0.0000,9.3638,0.0000
4.376,0.0000,9.3638,0.0000
4.386,0.0000,9.3638,0.0000
4.397,0.0000,9.3638,0.0000
4.410,0.0000,9.3638,0.0000
4.419,0.0000,9.3638,0.0000
4.430,0.0000,9.3638,0.0000
4.437,0.0000,9.3638,0.0000
4.446,0.0000,9.3638,0.0000
4.455,0.0000,9.3638,0.0000
4.463,0.0000,9.3638,0.0000
4.470,0.0000,9.3638,0.0000
4.482,0.0000,9.3638,0.0000
4.492,0.0000,9.3638,0.0000
4.500,0.0000,9.3638,0.0000
4.510,0.0000,9.3638,0.0000
4.525,0.0000,9.3638,0.0000
4.534,0.0000,9.3638,0.0000
4.545,0.0000,9.3638,0.0000
4.553,0.0000,9.3638,0.0000
4.560,0.0000,9.3638,0.0000
4.567,0.0000,9.3638,0.0000
4.576,0.0000,9.3638,0.0000
4.582,0.0000,9.3638,0.0000
4.591,0.0000,9.3638,0.0000
4.598,0.0000,9.3638,0.0000
4.608,0.0000,9.3638,0.0000
4.615,0.0000,9.3638,0.0000
4.625,0.0000,9.3638,0.0000
4.632,0.0000,9.3638,0.0000
4.641,0.0000,9.3638,0.0000
4.648,0.0000,9.3638,0.0000
4.656,0.0000,9.3638,0.0000
4.662,0.0000,9.3638,0.0000
4.670,0.0000,9.3638,0.0000
4.677,0.0000,9.3638,0.0000
4.683,0.0000,9.3638,0.0000
4.691,0.0000,9.3638,0.0000
4.698,0.0000,9.3638,0.0000
4.704,0.0000,9.3638,0.0000
4.711,0.0000,9.3638,0.0000
4.717,0.0000,9.3638,0.0000
4.724,0.0000,9.3638,0.0000
4.731,0.0000,9.3638,0.0000
4.740,0.0000,9.3638,0.0000
4.747,0.0000,9.3638,0.0000
4.754,0.0000,9.3638,0.0000
4.761,0.0000,9.3638,0.0000
4.768,0.0000,9.3638,0.0000
4.775,0.0000,9.3638,0.0000
4.782,0.0000,9.3638,0.0000
4.790,0.0000,9.3638,0.0000
4.796,0.0000,9.3638,0.0000
4.804,0.0000,9.3638,0.0000
4.812,0.0000,9.3638,0.0000
4.819,0.0000,9.3638,0.0000
4.827,0.0000,9.3638,0.0000
4.836,0.0000,9.3638,0.0000
4.844,0.0000,9.3638,0.0000
4.853,0.0000,9.3638,0.0000
4.861,0.0000,9.3638,0.0000
4.869,0.0000,9.3638,0.0000
4.878,0.0000,9.3638,0.0000
4.886,0.0000,9.3638,0.0000
4.893,0.0000,9.3638,0.0000
4.900,0.0000,9.3638,0.0000
4.908,0.0000,9.3638,0.0000
4.916,0.0000,9.3638,0.0000
4.923,0.0000,9.3638,0.0000
4.931,0.0000,9.3638,0.0000
4.940,0.0000,9.3638,0.0000
4.948,0.0000,9.3638,0.0000
4.957,0.0000,9.3638,0.0000
4.965,0.0000,9.3638,0.0000
4.974,0.0000,9.3638,0.0000
4.980,0.0000,9.3638,0.0000
4.988,0.0000,9.3638,0.0000
4.995,0.0000,9.3638,0.0000
5.003,0.0000,9.3638,0.0000
5.012,0.0000,9.3638,0.0000
5.020,0.0000,9.3638,0.0000
5.029,0.0000,9.3638,0.0000
5.036,0.0000,9.3638,0.0000
5.044,0.0000,9.3638,0.0000
5.055,0.0000,9.3638,0.0000
5.063,0.0000,9.3638,0.0000
5.072,0.0000,9.3638,0.0000
5.080,0.0000,9.3638,0.0000
5.087,0.0000,9.3638,0.0000
5.094,0.0000,9.3638,0.0000
5.101,0.0000,9.3638,0.0000
5.109,0.0000,9.3638,0.0000
5.120,0.0000,9.3638,0.0000
5.128,0.0000,9.3638,0.0000
5.137,0.0000,9.3638,0.0000
5.146,0.0000,9.3638,0.0000
5.155,0.0000,9.3638,0.0000
5.163,0.0000,9.3638,0.0000
5.174,0.0000,9.3638,0.0000
5.183,0.0000,9.3638,0.0000
5.192,0.0000,9.3638,0.0000
5.198,0.0000,9.3638,0.0000
5.207,0.0000,9.3638,0.0000
5.214,0.0000,9.3638,0.0000
5.220,0.0000,9.3638,0.0000
5.229,0.0000,9.3638,0.0000
5.234,0.0000,9.3638,0.0000
5.243,0.0000,9.3638,0.0000
5.252,0.0000,9.3638,0.0000
5.260,0.0000,9.3638,0.0000
5.270,0.0000,9.3638,0.0000
5.278,0.0000,9.3638,0.0000
5.287,0.0000,9.3638,0.0000
5.294,0.0000,9.3638,0.0000
5.302,0.0000,9.3638,0.0000
5.311,0.0000,9.3638,0.0000
5.318,0.0000,9.3638,0.0000
5.326,0.0000,9.3638,0.0000
5.333,0.0000,9.3638,0.0000
5.341,0.0000,9.3638,0.0000
5.349,0.0000,9.3638,0.0000
5.358,0.0000,9.3638,0.0000
5.365,0.0000,9.3638,0.0000
5.373,0.0000,9.3638,0.0000
5.381,0.0000,9.3638,0.0000
5.391,0.0000,9.3638,0.0000
5.399,0.0000,9.3638,0.0000
5.408,0.0000,9.3638,0.0000
5.416,0.0000,9.3638,0.0000
5.424,0.0000,9.3638,0.0000
5.431,0.0000,9.3638,0.0000
5.440,0.0000,9.3638,0.0000
5.448,0.0000,9.3638,0.0000
5.455,0.0000,9.3638,0.0000
5.462,0.0000,9.3638,0.0000
5.469,0.0000,9.3638,0.0000
5.486,0.0000,9.3638,0.0000
5.497,0.0000,9.3638,0.0000
5.507,0.0000,9.3638,0.0000
5.521,0.0000,9.3638,0.0000
5.529,0.0000,9.3638,0.0000
5.536,0.0000,9.3638,0.0000
5.545,0.0000,9.3638,0.0000
5.553,0.0000,9.3638,0.0000
5.562,0.0000,9.3638,0.0000
5.571,0.0000,9.3638,0.0000
5.578,0.0000,9.3638,0.0000
5.587,0.0000,9.3638,0.0000
5.594,0.0000,9.3638,0.0000
5.604,0.0000,9.3638,0.0000
5.615,0.0000,9.3638,0.0000
5.627,0.0000,9.3638,0.0000
5.636,0.0000,9.3638,0.0000
5.646,0.0000,9.3638,0.0000
5.654,0.0000,9.3638,0.0000
5.662,0.0000,9.3638,0.0000
5.671,0.0000,9.3638,0.0000
5.682,0.0000,9.3638,0.0000
5.690,0.0000,9.3638,0.0000
5.697,0.0000,9.3638,0.0000
5.703,0.0000,9.3638,0.0000
5.712,0.0000,9.3638,0.0000
5.719,0.0000,9.3638,0.0000
5.727,0.0000,9.3638,0.0000
5.734,0.0000,9.3638,0.0000
5.742,0.0000,9.3638,0.0000
5.749,0.0000,9.3638,0.0000
5.756,0.0000,9.3638,0.0000
5.765,0.0000,9.3638,0.0000
5.775,0.0000,9.3638,0.0000
5.785,0.0000,9.3638,0.0000
5.794,0.0000,9.3638,0.0000
5.803,0.0000,9.3638,0.0000
5.813,0.0000,9.3638,0.0000
5.820,0.0000,9.3638,0.0000
5.829,0.0000,9.3638,0.0000
5.838,0.0000,9.3638,0.0000
5.846,0.0000,9.3638,0.0000
5.854,0.0000,9.3638,0.0000
5.860,0.0000,9.3638,0.0000
5.868,0.0000,9.3638,0.0000
5.875,0.0000,9.3638,0.0000
5.883,0.0000,9.3638,0.0000
5.891,0.0000,9.3638,0.0000
5.898,0.0000,9.3638,0.0000
5.905,0.0000,9.3638,0.0000
5.912,0.0000,9.3638,0.0000
5.918,0.0000,9.3638,0.0000
5.926,0.0000,9.3638,0.0000
5.933,0.0000,9.3638,0.0000
5.942,0.0000,9.3638,0.0000
5.947,0.0000,9.3638,0.0000
5.954,0.0000,9.3638,0.0000
5.962,0.0000,9.3638,0.0000
5.969,0.0000,9.3638,0.0000
5.976,0.0000,9.3638,0.0000
5.983,0.0000,9.3638,0.0000
5.991,0.0000,9.3638,0.0000
5.997,0.0000,9.3638,0.0000
6.004,0.0000,9.3638,0.0000
6.010,0.0000,9.3638,0.0000
6.019,0.0000,9.3638,0.0000
6.026,0.0000,9.3638,0.0000
6.032,0.0000,9.3638,0.0000
6.040,0.0000,9.3638,0.0000
6.047,0.0000,9.3638,0.0000
6.055,0.0000,9.3638,0.0000
6.062,0.0000,9.3638,0.0000
6.070,0.0000,9.3638,0.0000
6.077,0.0000,9.3638,0.0000
6.085,0.0000,9.3638,0.0000
6.093,0.0000,9.3638,0.0000
6.100,0.0000,9.3638,0.0000
6.109,0.0000,9.3638,0.0000
6.117,0.0000,9.3638,0.0000
6.124,0.0000,9.3638,0.0000
6.132,0.0000,9.3638,0.0000
6.140,0.0000,9.3638,0.0000
6.149,0.0000,9.3638,0.0000
6.157,0.0000,9.3638,0.0000
6.166,0.0000,9.3638,0.0000
6.174,0.0000,9.3638,0.0000
6.182,0.0000,9.3638,0.0000
6.191,0.0000,9.3638,0.0000
6.198,0.0000,9.3638,0.0000
6.207,0.0000,9.3638,0.0000
6.214,0.0000,9.3638,0.0000
6.221,0.0000,9.3638,0.0000
6.230,0.0000,9.3638,0.0000
6.237,0.0000,9.3638,0.0000
6.247,0.0000,9.3638,0.0000
6.254,0.0000,9.3638,0.0000
6.263,0.0000,9.3638,0.0000
6.271,0.0000,9.3638,0.0000
6.280,0.0000,9.3638,0.0000
6.288,0.0000,9.3638,0.0000
6.294,0.0000,9.3638,0.0000
6.303,0.0000,9.3638,0.0000
6.311,0.0000,9.3638,0.0000
6.320,0.0000,9.3638,0.0000
6.328,0.0000,9.3638,0.0000
6.335,0.0000,9.3638,0.0000
6.342,0.0000,9.3638,0.0000
6.351,0.0000,9.3638,0.0000
6.361,0.0000,9.3638,0.0000
6.370,0.0000,9.3638,0.0000
6.380,0.0000,9.3638,0.0000
6.389,0.0000,9.3638,0.0000
6.397,0.0000,9.3638,0.0000
6.404,0.0000,9.3638,0.0000
6.413,0.0000,9.3638,0.0000
6.421,0.0000,9.3638,0.0000
6.430,0.0000,9.3638,0.0000
6.437,0.0000,9.3638,0.0000
6.444,0.0000,9.3638,0.0000
6.452,0.0000,9.3638,0.0000
6.460,0.0000,9.3638,0.0000
6.469,0.0000,9.3638,0.0000
6.479,0.0000,9.3638,0.0000
6.490,0.0000,9.3638,0.0000
6.498,0.0000,9.3638,0.0000
6.505,0.0000,9.3638,0.0000
6.512,0.0000,9.3638,0.0000
6.519,0.0000,9.3638,0.0000
6.527,0.0000,9.3638,0.0000
6.533,0.0000,9.3638,0.0000
6.542,0.0000,9.3638,0.0000
6.548,0.0000,9.3638,0.0000
6.554,0.0000,9.3638,0.0000
6.562,0.0000,9.3638,0.0000
6.570,0.0000,9.3638,0.0000
6.578,0.0000,9.3638,0.0000
6.587,0.0000,9.3638,0.0000
6.594,0.0000,9.3638,0.0000
6.602,0.0000,9.3638,0.0000
6.611,0.0000,9.3638,0.0000
6.619,0.0000,9.3638,0.0000
6.629,0.0000,9.3638,0.0000
6.636,0.0000,9.3638,0.0000
6.643,0.0000,9.3638,0.0000
6.652,0.0000,9.3638,0.0000
6.660,0.0000,9.3638,0.0000
6.666,0.0000,9.3638,0.0000
6.673,0.0000,9.3638,0.0000
6.680,0.0000,9.3638,0.0000
6.689,0.0000,9.3638,0.0000
6.697,0.0000,9.3638,0.0000
6.705,0.0000,9.3638,0.0000
6.713,0.0000,9.3638,0.0000
6.721,0.0000,9.3638,0.0000
6.728,0.0000,9.3638,0.0000
6.735,0.0000,9.3638,0.0000
6.743,0.0000,9.3638,0.0000
6.751,0.0000,9.3638,0.0000
6.759,0.0000,9.3638,0.0000
6.767,0.0000,9.3638,0.0000
6.778,0.0000,9.3638,0.0000
6.787,0.0000,9.3638,0.0000
6.795,0.0000,9.3638,0.0000
6.805,0.0000,9.3638,0.0000
6.820,0.0000,9.3638,0.0000
6.833,0.0000,9.3638,0.0000
6.843,0.0000,9.3638,0.0000
6.852,0.0000,9.3638,0.0000
6.860,0.0000,9.3638,0.0000
6.869,0.0000,9.3638,0.0000
6.879,0.0000,9.3638,0.0000
6.887,0.0000,9.3638,0.0000
6.897,0.0000,9.3638,0.0000
6.905,0.0000,9.3638,0.0000
6.915,0.0000,9.3638,0.0000
6.926,0.0000,9.3638,0.0000
6.933,0.0000,9.3638,0.0000
6.940,0.0000,9.3638,0.0000
6.947,0.0000,9.3638,0.0000
6.956,0.0000,9.3638,0.0000
6.963,0.0000,9.3638,0.0000
6.972,0.0000,9.3638,0.0000
6.981,0.0000,9.3638,0.0000
6.989,0.0000,9.3638,0.0000
6.997,0.0000,9.3638,0.0000
7.003,0.0000,9.3638,0.0000
7.011,0.0000,9.3638,0.0000
7.018,0.0000,9.3638,0.0000
7.026,0.0000,9.3638,0.0000
7.033,0.0000,9.3638,0.0000
7.041,0.0000,9.3638,0.0000
7.049,0.0000,9.3638,0.0000
7.055,0.0000,9.3638,0.0000
7.061,0.0000,9.3638,0.0000
7.069,0.0000,9.3638,0.0000
7.077,0.0000,9.3638,0.0000
7.083,0.0000,9.3638,0.0000
7.091,0.0000,9.3638,0.0000
7.098,0.0000,9.3638,0.0000
7.105,0.0000,9.3638,0.0000
7.113,0.0000,9.3638,0.0000
7.120,0.0000,9.3638,0.0000
7.128,0.0000,9.3638,0.0000
7.135,0.0000,9.3638,0.0000
7.144,0.0000,9.3638,0.0000
7.151,0.0000,9.3638,0.0000
7.158,0.0000,9.3638,0.0000
7.165,0.0000,9.3638,0.0000
7.172,0.0000,9.3638,0.0000
7.179,0.0000,9.3638,0.0000
7.185,0.0000,9.3638,0.0000
7.192,0.0000,9.3638,0.0000
7.199,0.0000,9.3638,0.0000
7.207,0.0000,9.3638,0.0000
7.214,0.0000,9.3638,0.0000
7.220,0.0000,9.3638,0.0000
7.227,0.0000,9.3638,0.0000
7.233,0.0000,9.3638,0.0000
7.241,0.0000,9.3638,0.0000
7.249,0.0000,9.3638,0.0000
7.257,0.0000,9.3638,0.0000
7.264,0.0000,9.3638,0.0000
7.270,0.0000,9.3638,0.0000
7.277,0.0000,9.3638,0.0000
7.284,0.0000,9.3638,0.0000
7.291,0.0000,9.3638,0.0000
7.296,0.0000,9.3638,0.0000
7.303,0.0000,9.3638,0.0000
7.310,0.0000,9.3638,0.0000
7.317,0.0000,9.3638,0.0000
7.325,0.0000,9.3638,0.0000
7.332,0.0000,9.3638,0.0000
7.338,0.0000,9.3638,0.0000
7.348,0.0000,9.3638,0.0000
7.356,0.0000,9.3638,0.0000
7.363,0.0000,9.3638,0.0000
7.372,0.0000,9.3638,0.0000
7.380,0.0000,9.3638,0.0000
7.387,0.0000,9.3638,0.0000
7.395,0.0000,9.3638,0.0000
7.402,0.0000,9.3638,0.0000
7.411,0.0000,9.3638,0.0000
7.418,0.0000,9.3638,0.0000
7.427,0.0000,9.3638,0.0000
7.433,0.0000,9.3638,0.0000
7.441,0.0000,9.3638,0.0000
7.448,0.0000,9.3638,0.0000
7.457,0.0000,9.3638,0.0000
7.466,0.0000,9.3638,0.0000
7.476,0.0000,9.3638,0.0000
7.483,0.0000,9.3638,0.0000
7.495,0.0000,9.3638,0.0000
7.504,0.0000,9.3638,0.0000
7.514,0.0000,9.3638,0.0000
7.524,0.0000,9.3638,0.0000
7.534,0.0000,9.3638,0.0000
7.543,0.0000,9.3638,0.0000
7.554,0.0000,9.3638,0.0000
7.562,0.0000,9.3638,0.0000
7.572,0.0000,9.3638,0.0000
7.581,0.0000,9.3638,0.0000
7.592,0.0000,9.3638,0.0000
7.603,0.0000,9.3638,0.0000
7.615,0.0000,9.3638,0.0000
7.624,0.0000,9.3638,0.0000
7.633,0.0000,9.3638,0.0000
7.641,0.0000,9.3638,0.0000
7.650,0.0000,9.3638,0.0000
7.658,0.0000,9.3638,0.0000
7.667,0.0000,9.3638,0.0000
7.675,0.0000,9.3638,0.0000
7.682,0.0000,9.3638,0.0000
7.692,0.0000,9.3638,0.0000
7.699,0.0000,9.3638,0.0000
7.708,0.0000,9.3638,0.0000
7.715,0.0000,9.3638,0.0000
7.723,0.0000,9.3638,0.0000
7.730,0.0000,9.3638,0.0000
7.737,0.0000,9.3638,0.0000
7.746,0.0000,9.3638,0.0000
7.752,0.0000,9.3638,0.0000
7.759,0.0000,9.3638,0.0000
7.772,0.0000,9.3638,0.0000
7.785,0.0000,9.3638,0.0000
7.794,0.0000,9.3638,0.0000
7.802,0.0000,9.3638,0.0000
7.810,0.0000,9.3638,0.0000
7.817,0.0000,9.3638,0.0000
7.826,0.0000,9.3638,0.0000
7.832,0.0000,9.3638,0.0000
7.841,0.0000,9.3638,0.0000
7.849,0.0000,9.3638,0.0000
7.858,0.0000,9.3638,0.0000
7.867,0.0000,9.3638,0.0000
7.875,0.0000,9.3638,0.0000
7.882,0.0000,9.3638,0.0000
7.891,0.0000,9.3638,0.0000
7.898,0.0000,9.3638,0.0000
7.907,0.0000,9.3638,0.0000
7.916,0.0000,9.3638,0.0000
7.925,0.0000,9.3638,0.0000
7.933,0.0000,9.3638,0.0000
7.941,0.0000,9.3638,0.0000
7.951,0.0000,9.3638,0.0000
7.961,0.0000,9.3638,0.0000
7.972,0.0000,9.3638,0.0000
7.981,0.0000,9.3638,0.0000
7.994,0.0000,9.3638,0.0000
8.003,0.0000,9.3638,0.0000
8.014,0.0000,9.3638,0.0000
8.024,0.0000,9.3638,0.0000
8.035,0.0000,9.3638,0.0000
8.043,0.0000,9.3638,0.0000
8.052,0.0000,9.3638,0.0000
8.059,0.0000,9.3638,0.0000
8.068,0.0000,9.3638,0.0000
8.075,0.0000,9.3638,0.0000
8.083,0.0000,9.3638,0.0000
8.092,0.0000,9.3638,0.0000
8.100,0.0000,9.3638,0.0000
8.107,0.0000,9.3638,0.0000
8.115,0.0000,9.3638,0.0000
8.122,0.0000,9.3638,0.0000
8.130,0.0000,9.3638,0.0000
8.136,0.0000,9.3638,0.0000
8.144,0.0000,9.3638,0.0000
8.152,0.0000,9.3638,0.0000
8.160,0.0000,9.3638,0.0000
8.167,0.0000,9.3638,0.0000
8.175,0.0000,9.3638,0.0000
8.181,0.0000,9.3638,0.0000
8.188,0.0000,9.3638,0.0000
8.195,0.0000,9.3638,0.0000
8.201,0.0000,9.3638,0.0000
8.210,0.0000,9.3638,0.0000
8.216,0.0000,9.3638,0.0000
8.223,0.0000,9.3638,0.0000
8.230,0.0000,9.3638,0.0000
8.240,0.0000,9.3638,0.0000
8.248,0.0000,9.3638,0.0000
8.256,0.0000,9.3638,0.0000
8.264,0.0000,9.3638,0.0000
8.273,0.0000,9.3638,0.0000
8.280,0.0000,9.3638,0.0000
8.291,0.0000,9.3638,0.0000
8.297,0.0000,9.3638,0.0000
8.305,0.0000,9.3638,0.0000
8.312,0.0000,9.3638,0.0000
8.320,0.0000,9.3638,0.0000
8.326,0.0000,9.3638,0.0000
8.334,0.0000,9.3638,0.0000
8.341,0.0000,9.3638,0.0000
8.350,0.0000,9.3638,0.0000
8.357,0.0000,9.3638,0.0000
8.364,0.0000,9.3638,0.0000
8.372,0.0000,9.3638,0.0000
8.380,0.0000,9.3638,0.0000
8.386,0.0000,9.3638,0.0000
8.392,0.0000,9.3638,0.0000
8.400,0.0000,9.3638,0.0000
8.407,0.0000,9.3638,0.0000
8.414,0.0000,9.3638,0.0000
8.420,0.0000,9.3638,0.0000
8.427,0.0000,9.3638,0.0000
8.433,0.0000,9.3638,0.0000
8.441,0.0000,9.3638,0.0000
8.447,0.0000,9.3638,0.0000
8.454,0.0000,9.3638,0.0000
8.461,0.0000,9.3638,0.0000
8.468,0.0000,9.3638,0.0000
8.477,0.0000,9.3638,0.0000
8.484,0.0000,9.3638,0.0000
8.490,0.0000,9.3638,0.0000
8.496,0.0000,9.3638,0.0000
8.502,0.0000,9.3638,0.0000
8.510,0.0000,9.3638,0.0000
8.516,0.0000,9.3638,0.0000
8.523,0.0000,9.3638,0.0000
8.530,0.0000,9.3638,0.0000
8.537,0.0000,9.3638,0.0000
8.546,0.0000,9.3638,0.0000
8.553,0.0000,9.3638,0.0000
8.561,0.0000,9.3638,0.0000
8.571,0.0000,9.3638,0.0000
8.579,0.0000,9.3638,0.0000
8.590,0.0000,9.3638,0.0000
8.598,0.0000,9.3638,0.0000
8.608,0.0000,9.3638,0.0000
8.616,0.0000,9.3638,0.0000
8.625,0.0000,9.3638,0.0000
8.633,0.0000,9.3638,0.0000
8.641,0.0000,9.3638,0.0000
8.649,0.0000,9.3638,0.0000
8.657,0.0000,9.3638,0.0000
8.666,0.0000,9.3638,0.0000
8.674,0.0000,9.3638,0.0000
8.682,0.0000,9.3638,0.0000
8.690,0.0000,9.3638,0.0000
8.697,0.0000,9.3638,0.0000
8.706,0.0000,9.3638,0.0000
8.713,0.0000,9.3638,0.0000
8.723,0.0000,9.3638,0.0000
8.732,0.0000,9.3638,0.0000
8.742,0.0000,9.3638,0.0000
8.751,0.0000,9.3638,0.0000
8.759,0.0000,9.3638,0.0000
8.767,0.0000,9.3638,0.0000
8.776,0.0000,9.3638,0.0000
8.784,0.0000,9.3638,0.0000
8.793,0.0000,9.3638,0.0000
8.801,0.0000,9.3638,0.0000
8.811,0.0000,9.3638,0.0000
8.819,0.0000,9.3638,0.0000
8.828,0.0000,9.3638,0.0000
8.836,0.0000,9.3638,0.0000
8.844,0.0000,9.3638,0.0000
8.853,0.0000,9.3638,0.0000
8.861,0.0000,9.3638,0.0000
8.869,0.0000,9.3638,0.0000
8.877,0.0000,9.3638,0.0000
8.887,0.0000,9.3638,0.0000
8.894,0.0000,9.3638,0.0000
8.901,0.0000,9.3638,0.0000
8.909,0.0000,9.3638,0.0000
8.917,0.0000,9.3638,0.0000
8.924,0.0000,9.3638,0.0000
8.932,0.0000,9.3638,0.0000
8.937,0.0000,9.3638,0.0000
8.947,0.0000,9.3638,0.0000
8.953,0.0000,9.3638,0.0000
8.960,0.0000,9.3638,0.0000
8.966,0.0000,9.3638,0.0000
8.972,0.0000,9.3638,0.0000
8.980,0.0000,9.3638,0.0000
8.987,0.0000,9.3638,0.0000
8.995,0.0000,9.3638,0.0000
9.001,0.0000,9.3638,0.0000
9.009,0.0000,9.3638,0.0000
9.017,0.0000,9.3638,0.0000
9.025,0.0000,9.3638,0.0000
9.031,0.0000,9.3638,0.0000
9.040,0.0000,9.3638,0.0000
9.046,0.0000,9.3638,0.0000
9.053,0.0000,9.3638,0.0000
9.061,0.0000,9.3638,0.0000
9.070,0.0000,9.3638,0.0000
9.078,0.0000,9.3638,0.0000
9.087,0.0000,9.3638,0.0000
9.094,0.0000,9.3638,0.0000
9.102,0.0000,9.3638,0.0000
9.110,0.0000,9.3638,0.0000
9.118,0.0000,9.3638,0.0000
9.127,0.0000,9.3638,0.0000
9.134,0.0000,9.3638,0.0000
9.142,0.0000,9.3638,0.0000
9.150,0.0000,9.3638,0.0000
9.157,0.0000,9.3638,0.0000
9.166,0.0000,9.3638,0.0000
9.174,0.0000,9.3638,0.0000
9.182,0.0000,9.3638,0.0000
9.189,0.0000,9.3638,0.0000
9.197,0.0000,9.3638,0.0000
9.205,0.0000,9.3638,0.0000
9.212,0.0000,9.3638,0.0000
9.220,0.0000,9.3638,0.0000
9.229,0.0000,9.3638,0.0000
9.236,0.0000,9.3638,0.0000
9.245,0.0000,9.3638,0.0000
9.252,0.0000,9.3638,0.0000
9.260,0.0000,9.3638,0.0000
9.267,0.0000,9.3638,0.0000
9.276,0.0000,9.3638,0.0000
9.283,0.0000,9.3638,0.0000
9.292,0.0000,9.3638,0.0000
9.298,0.0000,9.3638,0.0000
9.306,0.0000,9.3638,0.0000
9.313,0.0000,9.3638,0.0000
9.322,0.0000,9.3638,0.0000
9.331,0.0000,9.3638,0.0000
9.339,0.0000,9.3638,0.0000
9.350,0.0000,9.3638,0.0000
9.358,0.0000,9.3638,0.0000
9.366,0.0000,9.3638,0.0000
9.375,0.0000,9.3638,0.0000
9.382,0.0000,9.3638,0.0000
9.393,0.0000,9.3638,0.0000
9.402,0.0000,9.3638,0.0000
9.412,0.0000,9.3638,0.0000
9.418,0.0000,9.3638,0.0000
9.425,0.0000,9.3638,0.0000
9.432,0.0000,9.3638,0.0000
9.440,0.0000,9.3638,0.0000
9.448,0.0000,9.3638,0.0000
9.455,0.0000,9.3638,0.0000
9.462,0.0000,9.3638,0.0000
9.471,0.0000,9.3638,0.0000
9.479,0.0000,9.3638,0.0000
9.486,0.0000,9.3638,0.0000
9.494,0.0000,9.3638,0.0000
9.500,0.0000,9.3638,0.0000
9.509,0.0000,9.3638,0.0000
9.514,0.0000,9.3638,0.0000
9.523,0.0000,9.3638,0.0000
9.531,0.0000,9.3638,0.0000
9.540,0.0000,9.3638,0.0000
9.548,0.0000,9.3638,0.0000
9.556,0.0000,9.3638,0.0000
9.563,0.0000,9.3638,0.0000
9.570,0.0000,9.3638,0.0000
9.578,0.0000,9.3638,0.0000
9.587,0.0000,9.3638,0.0000
9.594,0.0000,9.3638,0.0000
9.601,0.0000,9.3638,0.0000
9.610,0.0000,9.3638,0.0000
9.618,0.0000,9.3638,0.0000
9.626,0.0000,9.3638,0.0000
9.634,0.0000,9.3638,0.0000
9.641,0.0000,9.3638,0.0000
9.649,0.0000,9.3638,0.0000
9.657,0.0000,9.3638,0.0000
9.667,0.0000,9.3638,0.0000
9.679,0.0000,9.3638,0.0000
9.687,0.0000,9.3638,0.0000
9.696,0.0000,9.3638,0.0000
9.701,0.0000,9.3638,0.0000
9.712,0.0000,9.3638,0.0000
9.720,0.0000,9.3638,0.0000
9.729,0.0000,9.3638,0.0000
9.736,0.0000,9.3638,0.0000
9.746,0.0000,9.3638,0.0000
9.756,0.0000,9.3638,0.0000
9.765,0.0000,9.3638,0.0000
9.777,0.0000,9.3638,0.0000
9.784,0.0000,9.3638,0.0000
9.794,0.0000,9.3638,0.0000
9.803,0.0000,9.3638,0.0000
9.813,0.0000,9.3638,0.0000
9.821,0.0000,9.3638,0.0000
9.831,0.0000,9.3638,0.0000
9.841,0.0000,9.3638,0.0000
9.849,0.0000,9.3638,0.0000
9.857,0.0000,9.3638,0.0000
9.867,0.0000,9.3638,0.0000
9.875,0.0000,9.3638,0.0000
9.884,0.0000,9.3638,0.0000
9.893,0.0000,9.3638,0.0000
9.905,0.0000,9.3638,0.0000
9.915,0.0000,9.3638,0.0000
9.924,0.0000,9.3638,0.0000
9.937,0.0000,9.3638,0.0000
9.948,0.0000,9.3638,0.0000
9.959,0.0000,9.3638,0.0000
9.968,0.0000,9.3638,0.0000
9.978,0.0000,9.3638,0.0000
9.988,0.0000,9.3638,0.0000
9.995,0.0000,9.3638,0.0000
10.002,0.0000,9.3638,0.0000
10.012,0.0000,9.3638,0.0000
10.019,0.0000,9.3638,0.0000
10.027,0.0000,9.3638,0.0000
10.034,0.0000,9.3638,0.0000
10.042,0.0000,9.3638,0.0000
10.050,0.0000,9.3638,0.0000
10.057,0.0000,9.3638,0.0000
10.065,0.0000,9.3638,0.0000
10.077,0.0000,9.3638,0.0000
10.092,0.0000,9.3638,0.0000
10.100,0.0000,9.3638,0.0000
10.109,0.0000,9.3638,0.0000
10.116,0.0000,9.3638,0.0000
10.124,0.0000,9.3638,0.0000
10.133,0.0000,9.3638,0.0000
10.141,0.0000,9.3638,0.0000
10.148,0.0000,9.3638,0.0000
10.156,0.0000,9.3638,0.0000
10.164,0.0000,9.3638,0.0000
10.172,0.0000,9.3638,0.0000
10.181,0.0000,9.3638,0.0000
10.190,0.0000,9.3638,0.0000
10.199,0.0000,9.3638,0.0000
10.210,0.0000,9.3638,0.0000
10.217,0.0000,9.3638,0.0000
10.228,0.0000,9.3638,0.0000
10.234,0.0000,9.3638,0.0000
10.244,0.0000,9.3638,0.0000
10.255,0.0000,9.3638,0.0000
10.263,0.0000,9.3638,0.0000
10.274,0.0000,9.3638,0.0000
10.280,0.0000,9.3638,0.0000
10.289,0.0000,9.3638,0.0000
10.295,0.0000,9.3638,0.0000
10.303,0.0000,9.3638,0.0000
10.312,0.0000,9.3638,0.0000
10.320,0.0000,9.3638,0.0000
10.328,0.0000,9.3638,0.0000
10.337,0.0000,9.3638,0.0000
10.345,0.0000,9.3638,0.0000
10.353,0.0000,9.3638,0.0000
10.361,0.0000,9.3638,0.0000
10.368,0.0000,9.3638,0.0000
10.375,0.0000,9.3638,0.0000
10.382,0.0000,9.3638,0.0000
10.388,0.0000,9.3638,0.0000
10.395,0.0000,9.3638,0.0000
10.402,0.0000,9.3638,0.0000
10.411,0.0000,9.3638,0.0000
10.418,0.0000,9.3638,0.0000
10.427,0.0000,9.3638,0.0000
10.434,0.0000,9.3638,0.0000
10.441,0.0000,9.3638,0.0000
10.450,0.0000,9.3638,0.0000
10.457,0.0000,9.3638,0.0000
10.467,0.0000,9.3638,0.0000
10.476,0.0000,9.3638,0.0000
10.484,0.0000,9.3638,0.0000
10.494,0.0000,9.3638,0.0000
10.502,0.0000,9.3638,0.0000
10.513,0.0000,9.3638,0.0000
10.521,0.0000,9.3638,0.0000
10.531,0.0000,9.3638,0.0000
10.541,0.0000,9.3638,0.0000
10.550,0.0000,9.3638,0.0000
10.559,0.0000,9.3638,0.0000
10.568,0.0000,9.3638,0.0000
10.576,0.0000,9.3638,0.0000
10.585,0.0000,9.3638,0.0000
10.594,0.0000,9.3638,0.0000
10.602,0.0000,9.3638,0.0000
10.614,0.0000,9.3638,0.0000
10.623,0.0000,9.3638,0.0000
10.633,0.0000,9.3638,0.0000
10.643,0.0000,9.3638,0.0000
10.656,0.0000,9.3638,0.0000
10.665,0.0000,9.3638,0.0000
10.676,0.0000,9.3638,0.0000
10.687,0.0000,9.3638,0.0000
10.696,0.0000,9.3638,0.0000
10.704,0.0000,9.3638,0.0000
10.713,0.0000,9.3638,0.0000
10.721,0.0000,9.3638,0.0000
10.729,0.0000,9.3638,0.0000
10.737,0.0000,9.3638,0.0000
10.747,0.0000,9.3638,0.0000
10.755,0.0000,9.3638,0.0000
10.763,0.0000,9.3638,0.0000
10.774,0.0000,9.3638,0.0000
10.784,0.0000,9.3638,0.0000
10.794,0.0000,9.3638,0.0000
10.803,0.0000,9.3638,0.0000
10.811,0.0000,9.3638,0.0000
10.821,0.0000,9.3638,0.0000
10.831,0.0000,9.3638,0.0000
10.839,0.0000,9.3638,0.0000
10.849,0.0000,9.3638,0.0000
10.857,0.0000,9.3638,0.0000
10.865,0.0000,9.3638,0.0000
10.874,0.0000,9.3638,0.0000
10.882,0.0000,9.3638,0.0000
10.891,0.0000,9.3638,0.0000
10.899,0.0000,9.3638,0.0000
10.913,0.0000,9.3638,0.0000
10.921,0.0000,9.3638,0.0000
10.930,0.0000,9.3638,0.0000
10.937,0.0000,9.3638,0.0000
10.948,0.0000,9.3638,0.0000
10.961,0.0000,9.3638,0.0000
10.970,0.0000,9.3638,0.0000
10.979,0.0000,9.3638,0.0000
10.985,0.0000,9.3638,0.0000
10.993,0.0000,9.3638,0.0000
11.000,0.0000,9.3638,0.0000
11.007,0.0000,9.3638,0.0000
11.014,0.0000,9.3638,0.0000
11.021,0.0000,9.3638,0.0000
11.028,0.0000,9.3638,0.0000
11.034,0.0000,9.3638,0.0000
11.043,0.0000,9.3638,0.0000
11.049,0.0000,9.3638,0.0000
11.057,0.0000,9.3638,0.0000
11.063,0.0000,9.3638,0.0000
11.071,0.0000,9.3638,0.0000
11.078,0.0000,9.3638,0.0000
11.086,0.0000,9.3638,0.0000
11.092,0.0000,9.3638,0.0000
11.099,0.0000,9.3638,0.0000
11.107,0.0000,9.3638,0.0000
11.112,0.0000,9.3638,0.0000
11.121,0.0000,9.3638,0.0000
11.128,0.0000,9.3638,0.0000
11.136,0.0000,9.3638,0.0000
11.143,0.0000,9.3638,0.0000
11.152,0.0000,9.3638,0.0000
11.159,0.0000,9.3638,0.0000
11.167,0.0000,9.3638,0.0000
11.174,0.0000,9.3638,0.0000
11.182,0.0000,9.3638,0.0000
11.189,0.0000,9.3638,0.0000
11.196,0.0000,9.3638,0.0000
11.203,0.0000,9.3638,0.0000
11.212,0.0000,9.3638,0.0000
11.219,0.0000,9.3638,0.0000
11.228,0.0000,9.3638,0.0000
11.235,0.0000,9.3638,0.0000
11.243,0.0000,9.3638,0.0000
11.252,0.0000,9.3638,0.0000
11.259,0.0000,9.3638,0.0000
11.267,0.0000,9.3638,0.0000
11.275,0.0000,9.3638,0.0000
11.282,0.0000,9.3638,0.0000
11.290,0.0000,9.3638,0.0000
11.297,0.0000,9.3638,0.0000
11.304,0.0000,9.3638,0.0000
11.313,0.0000,9.3638,0.0000
11.320,0.0000,9.3638,0.0000
11.329,0.0000,9.3638,0.0000
11.336,0.0000,9.3638,0.0000
11.345,0.0000,9.3638,0.0000
11.355,0.0000,9.3638,0.0000
11.365,0.0000,9.3638,0.0000
11.378,0.0000,9.3638,0.0000
11.385,0.0000,9.3638,0.0000
11.394,0.0000,9.3638,0.0000
11.401,0.0000,9.3638,0.0000
11.413,0.0000,9.3638,0.0000
11.422,0.0000,9.3638,0.0000
11.432,0.0000,9.3638,0.0000
11.440,0.0000,9.3638,0.0000
11.449,0.0000,9.3638,0.0000
11.460,0.0000,9.3638,0.0000
11.469,0.0000,9.3638,0.0000
11.478,0.0000,9.3638,0.0000
11.486,0.0000,9.3638,0.0000
11.495,0.0000,9.3638,0.0000
11.502,0.0000,9.3638,0.0000
11.512,0.0000,9.3638,0.0000
11.518,0.0000,9.3638,0.0000
11.528,0.0000,9.3638,0.0000
11.535,0.0000,9.3638,0.0000
11.542,0.0000,9.3638,0.0000
11.551,0.0000,9.3638,0.0000
11.558,0.0000,9.3638,0.0000
11.565,0.0000,9.3638,0.0000
11.573,0.0000,9.3638,0.0000
11.582,0.0000,9.3638,0.0000
11.589,0.0000,9.3638,0.0000
11.597,0.0000,9.3638,0.0000
11.604,0.0000,9.3638,0.0000
11.613,0.0000,9.3638,0.0000
11.619,0.0000,9.3638,0.0000
11.626,0.0000,9.3638,0.0000
11.634,0.0000,9.3638,0.0000
11.641,0.0000,9.3638,0.0000
11.649,0.0000,9.3638,0.0000
11.655,0.0000,9.3638,0.0000
11.663,0.0000,9.3638,0.0000
11.671,0.0000,9.3638,0.0000
11.679,0.0000,9.3638,0.0000
11.686,0.0000,9.3638,0.0000
11.694,0.0000,9.3638,0.0000
11.701,0.0000,9.3638,0.0000
11.710,0.0000,9.3638,0.0000
11.717,0.0000,9.3638,0.0000
11.727,0.0000,9.3638,0.0000
11.733,0.0000,9.3638,0.0000
11.742,0.0000,9.3638,0.0000
11.749,0.0000,9.3638,0.0000
11.758,0.0000,9.3638,0.0000
11.766,0.0000,9.3638,0.0000
11.775,0.0000,9.3638,0.0000
11.782,0.0000,9.3638,0.0000
11.791,0.0000,9.3638,0.0000
11.798,0.0000,9.3638,0.0000
11.808,0.0000,9.3638,0.0000
11.815,0.0000,9.3638,0.0000
11.824,0.0000,9.3638,0.0000
11.831,0.0000,9.3638,0.0000
11.841,0.0000,9.3638,0.0000
11.849,0.0000,9.3638,0.0000
11.857,0.0000,9.3638,0.0000
11.865,0.0000,9.3638,0.0000
11.873,0.0000,9.3638,0.0000
11.881,0.0000,9.3638,0.0000
11.890,0.0000,9.3638,0.0000
11.898,0.0000,9.3638,0.0000
11.907,0.0000,9.3638,0.0000
11.915,0.0000,9.3638,0.0000
11.922,0.0000,9.3638,0.0000
11.931,0.0000,9.3638,0.0000
11.938,0.0000,9.3638,0.0000
11.947,0.0000,9.3638,0.0000
11.954,0.0000,9.3638,0.0000
11.962,0.0000,9.3638,0.0000
11.969,0.0000,9.3638,0.0000
11.978,0.0000,9.3638,0.0000
11.984,0.0000,9.3638,0.0000
11.991,0.0000,9.3638,0.0000
11.998,0.0000,9.3638,0.0000
12.007,0.0000,9.3638,0.0000
12.013,0.0000,9.3638,0.0000
12.020,0.0000,9.3638,0.0000
12.029,0.0000,9.3638,0.0000
12.035,0.0000,9.3638,0.0000
12.043,0.0000,9.3638,0.0000
12.050,0.0000,9.3638,0.0000
12.057,0.0000,9.3638,0.0000
12.065,0.0000,9.3638,0.0000
12.072,0.0000,9.3638,0.0000
12.079,0.0000,9.3638,0.0000
12.086,0.0000,9.3638,0.0000
12.093,0.0000,9.3638,0.0000
12.100,0.0000,9.3638,0.0000
12.109,0.0000,9.3638,0.0000
12.117,0.0000,9.3638,0.0000
12.126,0.0000,9.3638,0.0000
12.134,0.0000,9.3638,0.0000
12.141,0.0000,9.3638,0.0000
12.150,0.0000,9.3638,0.0000
12.159,0.0000,9.3638,0.0000
12.166,0.0000,9.3638,0.0000
12.175,0.0000,9.3638,0.0000
12.182,0.0000,9.3638,0.0000
12.191,0.0000,9.3638,0.0000
12.198,0.0000,9.3638,0.0000
12.205,0.0000,9.3638,0.0000
12.212,0.0000,9.3638,0.0000
12.219,0.0000,9.3638,0.0000
12.227,0.0000,9.3638,0.0000
12.234,0.0000,9.3638,0.0000
12.242,0.0000,9.3638,0.0000
12.250,0.0000,9.3638,0.0000
12.257,0.0000,9.3638,0.0000
12.264,0.0000,9.3638,0.0000
12.272,0.0000,9.3638,0.0000
12.280,0.0000,9.3638,0.0000
12.287,0.0000,9.3638,0.0000
12.294,0.0000,9.3638,0.0000
12.301,0.0000,9.3638,0.0000
12.310,0.0000,9.3638,0.0000
12.317,0.0000,9.3638,0.0000
12.324,0.0000,9.3638,0.0000
12.333,0.0000,9.3638,0.0000
12.341,0.0000,9.3638,0.0000
12.349,0.0000,9.3638,0.0000
12.357,0.0000,9.3638,0.0000
12.367,0.0000,9.3638,0.0000
12.375,0.0000,9.3638,0.0000
12.387,0.0000,9.3638,0.0000
12.398,0.0000,9.3638,0.0000
12.407,0.0000,9.3638,0.0000
12.416,0.0000,9.3638,0.0000
12.425,0.0000,9.3638,0.0000
12.435,0.0000,9.3638,0.0000
12.450,0.0000,9.3638,0.0000
12.463,0.0000,9.3638,0.0000
12.471,0.0000,9.3638,0.0000
12.481,0.0000,9.3638,0.0000
12.493,0.0000,9.3638,0.0000
12.500,0.0000,9.3638,0.0000
12.509,0.0000,9.3638,0.0000
12.516,0.0000,9.3638,0.0000
12.526,0.0000,9.3638,0.0000
12.534,0.0000,9.3638,0.0000
12.544,0.0000,9.3638,0.0000
12.556,0.0000,9.3638,0.0000
12.565,0.0000,9.3638,0.0000
12.576,0.0000,9.3638,0.0000
12.588,0.0000,9.3638,0.0000
12.599,0.0000,9.3638,0.0000
12.608,0.0000,9.3638,0.0000
12.618,0.0000,9.3638,0.0000
12.629,0.0000,9.3638,0.0000
12.637,0.0000,9.3638,0.0000
12.650,0.0000,9.3638,0.0000
12.663,0.0000,9.3638,0.0000
12.672,0.0000,9.3638,0.0000
12.682,0.0000,9.3638,0.0000
12.691,0.0000,9.3638,0.0000
12.698,0.0000,9.3638,0.0000
12.706,0.0000,9.3638,0.0000
12.714,0.0000,9.3638,0.0000
12.721,0.0000,9.3638,0.0000
12.729,0.0000,9.3638,0.0000
12.739,0.0000,9.3638,0.0000
12.750,0.0000,9.3638,0.0000
12.758,0.0000,9.3638,0.0000
12.767,0.0000,9.3638,0.0000
12.776,0.0000,9.3638,0.0000
12.783,0.0000,9.3638,0.0000
12.795,0.0000,9.3638,0.0000
12.802,0.0000,9.3638,0.0000
12.813,0.0000,9.3638,0.0000
12.820,0.0000,9.3638,0.0000
12.828,0.0000,9.3638,0.0000
12.835,0.0000,9.3638,0.0000
12.843,0.0000,9.3638,0.0000
12.853,0.0000,9.3638,0.0000
12.859,0.0000,9.3638,0.0000
12.866,0.0000,9.3638,0.0000
12.873,0.0000,9.3638,0.0000
12.881,0.0000,9.3638,0.0000
12.889,0.0000,9.3638,0.0000
12.897,0.0000,9.3638,0.0000
12.903,0.0000,9.3638,0.0000
12.912,0.0000,9.3638,0.0000
12.918,0.0000,9.3638,0.0000
12.925,0.0000,9.3638,0.0000
12.933,0.0000,9.3638,0.0000
12.939,0.0000,9.3638,0.0000
12.948,0.0000,9.3638,0.0000
12.955,0.0000,9.3638,0.0000
12.964,0.0000,9.3638,0.0000
12.973,0.0000,9.3638,0.0000
12.981,0.0000,9.3638,0.0000
12.989,0.0000,9.3638,0.0000
12.996,0.0000,9.3638,0.0000
13.002,0.0000,9.3638,0.0000
13.012,0.0000,9.3638,0.0000
13.018,0.0000,9.3638,0.0000
13.027,0.0000,9.3638,0.0000
13.033,0.0000,9.3638,0.0000
13.042,0.0000,9.3638,0.0000
13.050,0.0000,9.3638,0.0000
13.057,0.0000,9.3638,0.0000
13.065,0.0000,9.3638,0.0000
13.074,0.0000,9.3638,0.0000
13.080,0.0000,9.3638,0.0000
13.090,0.0000,9.3638,0.0000
13.096,0.0000,9.3638,0.0000
13.104,0.0000,9.3638,0.0000
13.113,0.0000,9.3638,0.0000
13.120,0.0000,9.3638,0.0000
13.128,0.0000,9.3638,0.0000
13.135,0.0000,9.3638,0.0000
13.143,0.0000,9.3638,0.0000
13.152,0.0000,9.3638,0.0000
13.161,0.0000,9.3638,0.0000
13.169,0.0000,9.3638,0.0000
13.178,0.0000,9.3638,0.0000
13.187,0.0000,9.3638,0.0000
13.196,0.0000,9.3638,0.0000
13.204,0.0000,9.3638,0.0000
13.215,0.0000,9.3638,0.0000
13.224,0.0000,9.3638,0.0000
13.231,0.0000,9.3638,0.0000
13.241,0.0000,9.3638,0.0000
13.249,0.0000,9.3638,0.0000
13.257,0.0000,9.3638,0.0000
13.266,0.0000,9.3638,0.0000
13.275,0.0000,9.3638,0.0000
13.283,0.0000,9.3638,0.0000
13.293,0.0000,9.3638,0.0000
13.301,0.0000,9.3638,0.0000
13.312,0.0000,9.3638,0.0000
13.318,0.0000,9.3638,0.0000
13.327,0.0000,9.3638,0.0000
13.334,0.0000,9.3638,0.0000
13.344,0.0000,9.3638,0.0000
13.352,0.0000,9.3638,0.0000
13.361,0.0000,9.3638,0.0000
13.368,0.0000,9.3638,0.0000
13.377,0.0000,9.3638,0.0000
13.384,0.0000,9.3638,0.0000
13.394,0.0000,9.3638,0.0000
13.402,0.0000,9.3638,0.0000
13.413,0.0000,9.3638,0.0000
13.422,0.0000,9.3638,0.0000
13.434,0.0000,9.3638,0.0000
13.446,0.0000,9.3638,0.0000
13.456,0.0000,9.3638,0.0000
13.468,0.0000,9.3638,0.0000
13.479,0.0000,9.3638,0.0000
13.493,0.0000,9.3638,0.0000
13.507,0.0000,9.3638,0.0000
13.518,0.0000,9.3638,0.0000
13.530,0.0000,9.3638,0.0000
13.540,0.0000,9.3638,0.0000
13.551,0.0000,9.3638,0.0000
13.562,0.0000,9.3638,0.0000
13.575,0.0000,9.3638,0.0000
13.587,0.0000,9.3638,0.0000
13.598,0.0000,9.3638,0.0000
13.611,0.0000,9.3638,0.0000
13.620,0.0000,9.3638,0.0000
13.631,0.0000,9.3638,0.0000
13.643,0.0000,9.3638,0.0000
13.653,0.0000,9.3638,0.0000
13.662,0.0000,9.3638,0.0000
13.673,0.0000,9.3638,0.0000
13.682,0.0000,9.3638,0.0000
13.689,0.0000,9.3638,0.0000
13.698,0.0000,9.3638,0.0000
13.706,0.0000,9.3638,0.0000
13.715,0.0000,9.3638,0.0000
13.721,0.0000,9.3638,0.0000
13.730,0.0000,9.3638,0.0000
13.737,0.0000,9.3638,0.0000
13.747,0.0000,9.3638,0.0000
13.754,0.0000,9.3638,0.0000
13.761,0.0000,9.3638,0.0000
13.768,0.0000,9.3638,0.0000
13.778,0.0000,9.3638,0.0000
13.787,0.0000,9.3638,0.0000
13.796,0.0000,9.3638,0.0000
13.802,0.0000,9.3638,0.0000
13.814,0.0000,9.3638,0.0000
13.826,0.0000,9.3638,0.0000
13.833,0.0000,9.3638,0.0000
13.845,0.0000,9.3638,0.0000
13.857,0.0000,9.3638,0.0000
13.865,0.0000,9.3638,0.0000
13.878,0.0000,9.3638,0.0000
13.896,0.0000,9.3638,0.0000
13.909,0.0000,9.3638,0.0000
13.925,0.0000,9.3638,0.0000
13.944,0.0000,9.3638,0.0000
13.958,0.0000,9.3638,0.0000
13.979,0.0000,9.3638,0.0000
13.995,0.0000,9.3638,0.0000
14.006,0.0000,9.3638,0.0000
14.018,0.0000,9.3638,0.0000
14.034,0.0000,9.3638,0.0000
14.049,0.0000,9.3638,0.0000
14.063,0.0000,9.3638,0.0000
14.075,0.0000,9.3638,0.0000
14.084,0.0000,9.3638,0.0000
14.095,0.0000,9.3638,0.0000
14.102,0.0000,9.3638,0.0000
14.113,0.0000,9.3638,0.0000
14.120,0.0000,9.3638,0.0000
14.129,0.0000,9.3638,0.0000
14.134,0.0000,9.3638,0.0000
14.144,0.0000,9.3638,0.0000
14.155,0.0000,9.3638,0.0000
14.163,0.0000,9.3638,0.0000
14.174,0.0000,9.3638,0.0000
14.181,0.0000,9.3638,0.0000
14.190,0.0000,9.3638,0.0000
14.197,0.0000,9.3638,0.0000
14.203,0.0000,9.3638,0.0000
14.211,0.0000,9.3638,0.0000
14.218,0.0000,9.3638,0.0000
14.228,0.0000,9.3638,0.0000
14.237,0.0000,9.3638,0.0000
14.248,0.0000,9.3638,0.0000
14.257,0.0000,9.3638,0.0000
14.267,0.0000,9.3638,0.0000
14.277,0.0000,9.3638,0.0000
14.289,0.0000,9.3638,0.0000
14.297,0.0000,9.3638,0.0000
14.308,0.0000,9.3638,0.0000
14.317,0.0000,9.3638,0.0000
14.325,0.0000,9.3638,0.0000
14.337,0.0000,9.3638,0.0000
14.345,0.0000,9.3638,0.0000
14.355,0.0000,9.3638,0.0000
14.365,0.0000,9.3638,0.0000
14.376,0.0000,9.3638,0.0000
14.383,0.0000,9.3638,0.0000
14.393,0.0000,9.3638,0.0000
14.400,0.0000,9.3638,0.0000
14.409,0.0000,9.3638,0.0000
14.418,0.0000,9.3638,0.0000
14.427,0.0000,9.3638,0.0000
14.435,0.0000,9.3638,0.0000
14.442,0.0000,9.3638,0.0000
14.451,0.0000,9.3638,0.0000
14.458,0.0000,9.3638,0.0000
14.466,0.0000,9.3638,0.0000
14.474,0.0000,9.3638,0.0000
14.481,0.0000,9.3638,0.0000
14.489,0.0000,9.3638,0.0000
14.497,0.0000,9.3638,0.0000
14.506,0.0000,9.3638,0.0000
14.515,0.0000,9.3638,0.0000
14.521,0.0000,9.3638,0.0000
14.530,0.0000,9.3638,0.0000
14.536,0.0000,9.3638,0.0000
14.544,0.0000,9.3638,0.0000
14.552,0.0000,9.3638,0.0000
14.559,0.0000,9.3638,0.0000
14.566,0.0000,9.3638,0.0000
14.574,0.0000,9.3638,0.0000
14.582,0.0000,9.3638,0.0000
14.589,0.0000,9.3638,0.0000
14.596,0.0000,9.3638,0.0000
14.601,0.0000,9.3638,0.0000
14.611,0.0000,9.3638,0.0000
14.617,0.0000,9.3638,0.0000
14.626,0.0000,9.3638,0.0000
14.632,0.0000,9.3638,0.0000
14.639,0.0000,9.3638,0.0000
14.648,0.0000,9.3638,0.0000
14.656,0.0000,9.3638,0.0000
14.663,0.0000,9.3638,0.0000
14.671,0.0000,9.3638,0.0000
14.678,0.0000,9.3638,0.0000
14.686,0.0000,9.3638,0.0000
14.694,0.0000,9.3638,0.0000
14.700,0.0000,9.3638,0.0000
14.708,0.0000,9.3638,0.0000
14.715,0.0000,9.3638,0.0000
14.721,0.0000,9.3638,0.0000
14.729,0.0000,9.3638,0.0000
14.736,0.0000,9.3638,0.0000
14.743,0.0000,9.3638,0.0000
14.752,0.0000,9.3638,0.0000
14.759,0.0000,9.3638,0.0000
14.766,0.0000,9.3638,0.0000
14.773,0.0000,9.3638,0.0000
14.780,0.0000,9.3638,0.0000
14.788,0.0000,9.3638,0.0000
14.795,0.0000,9.3638,0.0000
14.802,0.0000,9.3638,0.0000
14.810,0.0000,9.3638,0.0000
14.819,0.0000,9.3638,0.0000
14.827,0.0000,9.3638,0.0000
14.833,0.0000,9.3638,0.0000
14.840,0.0000,9.3638,0.0000
14.854,0.0000,9.3638,0.0000
14.866,0.0000,9.3638,0.0000
14.877,0.0000,9.3638,0.0000
14.883,0.0000,9.3638,0.0000
14.892,0.0000,9.3638,0.0000
14.898,0.0000,9.3638,0.0000
14.906,0.0000,9.3638,0.0000
14.913,0.0000,9.3638,0.0000
14.920,0.0000,9.3638,0.0000
14.928,0.0000,9.3638,0.0000
14.936,0.0000,9.3638,0.0000
14.944,0.0000,9.3638,0.0000
14.953,0.0000,9.3638,0.0000
14.960,0.0000,9.3638,0.0000
14.970,0.0000,9.3638,0.0000
14.978,0.0000,9.3638,0.0000
14.985,0.0000,9.3638,0.0000
14.992,0.0000,9.3638,0.0000
15.000,0.0000,9.3638,0.0000
15.008,0.0000,9.3638,0.0000
15.015,0.0000,9.3638,0.0000
15.023,0.0000,9.3638,0.0000
15.031,0.0000,9.3638,0.0000
15.038,0.0000,9.3638,0.0000
15.046,0.0000,9.3638,0.0000
15.053,0.0000,9.3638,0.0000
15.062,0.0000,9.3638,0.0000
15.069,0.0000,9.3638,0.0000
15.076,0.0000,9.3638,0.0000
15.082,0.0000,9.3638,0.0000
15.091,0.0000,9.3638,0.0000
15.098,0.0000,9.3638,0.0000
15.105,0.0000,9.3638,0.0000
15.113,0.0000,9.3638,0.0000
15.121,0.0000,9.3638,0.0000
15.129,0.0000,9.3638,0.0000
15.137,0.0000,9.3638,0.0000
15.146,0.0000,9.3638,0.0000
15.154,0.0000,9.3638,0.0000
15.161,0.0000,9.3638,0.0000
15.170,0.0000,9.3638,0.0000
15.178,0.0000,9.3638,0.0000
15.186,0.0000,9.3638,0.0000
15.193,0.0000,9.3638,0.0000
15.201,0.0000,9.3638,0.0000
15.210,0.0000,9.3638,0.0000
15.217,0.0000,9.3638,0.0000
15.225,0.0000,9.3638,0.0000
15.233,0.0000,9.3638,0.0000
15.240,0.0000,9.3638,0.0000
15.248,0.0000,9.3638,0.0000
15.256,0.0000,9.3638,0.0000
15.266,0.0000,9.3638,0.0000
15.275,0.0000,9.3638,0.0000
15.282,0.0000,9.3638,0.0000
15.290,0.0000,9.3638,0.0000
15.297,0.0000,9.3638,0.0000
15.305,0.0000,9.3638,0.0000
15.313,0.0000,9.3638,0.0000
15.320,0.0000,9.3638,0.0000
15.329,0.0000,9.3638,0.0000
15.336,0.0000,9.3638,0.0000
15.344,0.0000,9.3638,0.0000
15.351,0.0000,9.3638,0.0000
15.359,0.0000,9.3638,0.0000
15.367,0.0000,9.3638,0.0000
15.375,0.0000,9.3638,0.0000
15.382,0.0000,9.3638,0.0000
15.390,0.0000,9.3638,0.0000
15.397,0.0000,9.3638,0.0000
15.406,0.0000,9.3638,0.0000
15.414,0.0000,9.3638,0.0000
15.421,0.0000,9.3638,0.0000
15.430,0.0000,9.3638,0.0000
15.437,0.0000,9.3638,0.0000
15.444,0.0000,9.3638,0.0000
15.452,0.0000,9.3638,0.0000
15.459,0.0000,9.3638,0.0000
15.465,0.0000,9.3638,0.0000
15.472,0.0000,9.3638,0.0000
15.479,0.0000,9.3638,0.0000
15.487,0.0000,9.3638,0.0000
15.495,0.0000,9.3638,0.0000
15.502,0.0000,9.3638,0.0000
15.510,0.0000,9.3638,0.0000
15.517,0.0000,9.3638,0.0000
15.523,0.0000,9.3638,0.0000
15.530,0.0000,9.3638,0.0000
15.537,0.0000,9.3638,0.0000
15.545,0.0000,9.3638,0.0000
15.553,0.0000,9.3638,0.0000
15.560,0.0000,9.3638,0.0000
15.569,0.0000,9.3638,0.0000
15.577,0.0000,9.3638,0.0000
15.583,0.0000,9.3638,0.0000
15.592,0.0000,9.3638,0.0000
15.599,0.0000,9.3638,0.0000
15.609,0.0000,9.3638,0.0000
15.617,0.0000,9.3638,0.0000
15.624,0.0000,9.3638,0.0000
15.632,0.0000,9.3638,0.0000
15.640,0.0000,9.3638,0.0000
15.648,0.0000,9.3638,0.0000
15.657,0.0000,9.3638,0.0000
15.665,0.0000,9.3638,0.0000
15.675,0.0000,9.3638,0.0000
15.683,0.0000,9.3638,0.0000
15.692,0.0000,9.3638,0.0000
15.700,0.0000,9.3638,0.0000
15.708,0.0000,9.3638,0.0000
15.716,0.0000,9.3638,0.0000
15.724,0.0000,9.3638,0.0000
15.732,0.0000,9.3638,0.0000
15.741,0.0000,9.3638,0.0000
15.749,0.0000,9.3638,0.0000
15.758,0.0000,9.3638,0.0000
15.764,0.0000,9.3638,0.0000
15.773,0.0000,9.3638,0.0000
15.780,0.0000,9.3638,0.0000
15.789,0.0000,9.3638,0.0000
15.796,0.0000,9.3638,0.0000
15.803,0.0000,9.3638,0.0000
15.810,0.0000,9.3638,0.0000
15.819,0.0000,9.3638,0.0000
15.826,0.0000,9.3638,0.0000
15.833,0.0000,9.3638,0.0000
15.841,0.0000,9.3638,0.0000
15.850,0.0000,9.3638,0.0000
15.857,0.0000,9.3638,0.0000
15.865,0.0000,9.3638,0.0000
15.874,0.0000,9.3638,0.0000
15.881,0.0000,9.3638,0.0000
15.889,0.0000,9.3638,0.0000
15.895,0.0000,9.3638,0.0000
15.902,0.0000,9.3638,0.0000
15.910,0.0000,9.3638,0.0000
15.917,0.0000,9.3638,0.0000
15.925,0.0000,9.3638,0.0000
15.931,0.0000,9.3638,0.0000
15.939,0.0000,9.3638,0.0000
15.946,0.0000,9.3638,0.0000
15.952,0.0000,9.3638,0.0000
15.959,0.0000,9.3638,0.0000
15.967,0.0000,9.3638,0.0000
15.975,0.0000,9.3638,0.0000
15.982,0.0000,9.3638,0.0000
15.990,0.0000,9.3638,0.0000
15.998,0.0000,9.3638,0.0000
16.006,0.0000,9.3638,0.0000
16.013,0.0000,9.3638,0.0000
16.021,0.0000,9.3638,0.0000
16.029,0.0000,9.3638,0.0000
16.037,0.0000,9.3638,0.0000
16.046,0.0000,9.3638,0.0000
16.054,0.0000,9.3638,0.0000
16.061,0.0000,9.3638,0.0000
16.068,0.0000,9.3638,0.0000
16.075,0.0000,9.3638,0.0000
16.083,0.0000,9.3638,0.0000
16.091,0.0000,9.3638,0.0000
16.098,0.0000,9.3638,0.0000
16.105,0.0000,9.3638,0.0000
16.114,0.0000,9.3638,0.0000
16.120,0.0000,9.3638,0.0000
16.128,0.0000,9.3638,0.0000
16.134,0.0000,9.3638,0.0000
16.140,0.0000,9.3638,0.0000
16.148,0.0000,9.3638,0.0000
16.155,0.0000,9.3638,0.0000
16.162,0.0000,9.3638,0.0000
16.168,0.0000,9.3638,0.0000
16.178,0.0000,9.3638,0.0000
16.184,0.0000,9.3638,0.0000
16.193,0.0000,9.3638,0.0000
16.200,0.0000,9.3638,0.0000
16.210,0.0000,9.3638,0.0000
16.215,0.0000,9.3638,0.0000
16.223,0.0000,9.3638,0.0000
16.230,0.0000,9.3638,0.0000
16.239,0.0000,9.3638,0.0000
16.248,0.0000,9.3638,0.0000
16.257,0.0000,9.3638,0.0000
16.263,0.0000,9.3638,0.0000
16.271,0.0000,9.3638,0.0000
16.279,0.0000,9.3638,0.0000
16.287,0.0000,9.3638,0.0000
16.294,0.0000,9.3638,0.0000
16.301,0.0000,9.3638,0.0000
16.310,0.0000,9.3638,0.0000
16.319,0.0000,9.3638,0.0000
16.327,0.0000,9.3638,0.0000
16.335,0.0000,9.3638,0.0000
16.343,0.0000,9.3638,0.0000
16.350,0.0000,9.3638,0.0000
16.359,0.0000,9.3638,0.0000
16.367,0.0000,9.3638,0.0000
16.375,0.0000,9.3638,0.0000
16.382,0.0000,9.3638,0.0000
16.392,0.0000,9.3638,0.0000
16.400,0.0000,9.3638,0.0000
16.408,0.0000,9.3638,0.0000
16.416,0.0000,9.3638,0.0000
16.422,0.0000,9.3638,0.0000
16.431,0.0000,9.3638,0.0000
16.439,0.0000,9.3638,0.0000
16.449,0.0000,9.3638,0.0000
16.456,0.0000,9.3638,0.0000
16.463,0.0000,9.3638,0.0000
16.470,0.0000,9.3638,0.0000
16.480,0.0000,9.3638,0.0000
16.488,0.0000,9.3638,0.0000
16.496,0.0000,9.3638,0.0000
16.503,0.0000,9.3638,0.0000
16.513,0.0000,9.3638,0.0000
16.519,0.0000,9.3638,0.0000
16.528,0.0000,9.3638,0.0000
16.533,0.0000,9.3638,0.0000
16.541,0.0000,9.3638,0.0000
16.548,0.0000,9.3638,0.0000
16.555,0.0000,9.3638,0.0000
16.562,0.0000,9.3638,0.0000
16.570,0.0000,9.3638,0.0000
16.577,0.0000,9.3638,0.0000
16.585,0.0000,9.3638,0.0000
16.592,0.0000,9.3638,0.0000
16.598,0.0000,9.3638,0.0000
16.606,0.0000,9.3638,0.0000
16.613,0.0000,9.3638,0.0000
16.622,0.0000,9.3638,0.0000
16.630,0.0000,9.3638,0.0000
16.637,0.0000,9.3638,0.0000
16.646,0.0000,9.3638,0.0000
16.655,0.0000,9.3638,0.0000
16.663,0.0000,9.3638,0.0000
16.670,0.0000,9.3638,0.0000
16.678,0.0000,9.3638,0.0000
16.685,0.0000,9.3638,0.0000
16.695,0.0000,9.3638,0.0000
16.701,0.0000,9.3638,0.0000
16.709,0.0000,9.3638,0.0000
16.716,0.0000,9.3638,0.0000
16.723,0.0000,9.3638,0.0000
16.730,0.0000,9.3638,0.0000
16.737,0.0000,9.3638,0.0000
16.744,0.0000,9.3638,0.0000
16.752,0.0000,9.3638,0.0000
16.759,0.0000,9.3638,0.0000
16.768,0.0000,9.3638,0.0000
16.775,0.0000,9.3638,0.0000
16.785,0.0000,9.3638,0.0000
16.797,0.0000,9.3638,0.0000
16.805,0.0000,9.3638,0.0000
16.813,0.0000,9.3638,0.0000
16.821,0.0000,9.3638,0.0000
16.829,0.0000,9.3638,0.0000
16.836,0.0000,9.3638,0.0000
16.844,0.0000,9.3638,0.0000
16.853,0.0000,9.3638,0.0000
16.861,0.0000,9.3638,0.0000
16.869,0.0000,9.3638,0.0000
16.877,0.0000,9.3638,0.0000
16.884,0.0000,9.3638,0.0000
16.893,0.0000,9.3638,0.0000
16.900,0.0000,9.3638,0.0000
16.908,0.0000,9.3638,0.0000
16.915,0.0000,9.3638,0.0000
16.923,0.0000,9.3638,0.0000
16.932,0.0000,9.3638,0.0000
16.938,0.0000,9.3638,0.0000
16.948,0.0000,9.3638,0.0000
16.954,0.0000,9.3638,0.0000
16.962,0.0000,9.3638,0.0000
16.969,0.0000,9.3638,0.0000
16.982,0.0000,9.3638,0.0000
16.992,0.0000,9.3638,0.0000
16.999,0.0000,9.3638,0.0000
17.010,0.0000,9.3638,0.0000
17.018,0.0000,9.3638,0.0000
17.026,0.0000,9.3638,0.0000
17.032,0.0000,9.3638,0.0000
17.040,0.0000,9.3638,0.0000
17.046,0.0000,9.3638,0.0000
17.053,0.0000,9.3638,0.0000
17.060,0.0000,9.3638,0.0000
17.067,0.0000,9.3638,0.0000
17.076,0.0000,9.3638,0.0000
17.083,0.0000,9.3638,0.0000
17.091,0.0000,9.3638,0.0000
17.097,0.0000,9.3638,0.0000
17.106,0.0000,9.3638,0.0000
17.113,0.0000,9.3638,0.0000
17.120,0.0000,9.3638,0.0000
17.127,0.0000,9.3638,0.0000
17.141,0.0000,9.3638,0.0000
17.153,0.0000,9.3638,0.0000
17.159,0.0000,9.3638,0.0000
17.167,0.0000,9.3638,0.0000
17.174,0.0000,9.3638,0.0000
17.182,0.0000,9.3638,0.0000
17.189,0.0000,9.3638,0.0000
17.197,0.0000,9.3638,0.0000
17.204,0.0000,9.3638,0.0000
17.213,0.0000,9.3638,0.0000
17.220,0.0000,9.3638,0.0000
17.227,0.0000,9.3638,0.0000
17.234,0.0000,9.3638,0.0000
17.241,0.0000,9.3638,0.0000
17.249,0.0000,9.3638,0.0000
17.257,0.0000,9.3638,0.0000
17.264,0.0000,9.3638,0.0000
17.272,0.0000,9.3638,0.0000
17.280,0.0000,9.3638,0.0000
17.287,0.0000,9.3638,0.0000
17.296,0.0000,9.3638,0.0000
17.303,0.0000,9.3638,0.0000
17.312,0.0000,9.3638,0.0000
17.319,0.0000,9.3638,0.0000
17.329,0.0000,9.3638,0.0000
17.335,0.0000,9.3638,0.0000
17.343,0.0000,9.3638,0.0000
17.350,0.0000,9.3638,0.0000
17.358,0.0000,9.3638,0.0000
17.365,0.0000,9.3638,0.0000
17.372,0.0000,9.3638,0.0000
17.381,0.0000,9.3638,0.0000
17.391,0.0000,9.3638,0.0000
17.397,0.0000,9.3638,0.0000
17.405,0.0000,9.3638,0.0000
17.413,0.0000,9.3638,0.0000
17.421,0.0000,9.3638,0.0000
17.429,0.0000,9.3638,0.0000
17.436,0.0000,9.3638,0.0000
17.444,0.0000,9.3638,0.0000
17.452,0.0000,9.3638,0.0000
17.459,0.0000,9.3638,0.0000
17.467,0.0000,9.3638,0.0000
17.476,0.0000,9.3638,0.0000
17.483,0.0000,9.3638,0.0000
17.490,0.0000,9.3638,0.0000
17.498,0.0000,9.3638,0.0000
17.506,0.0000,9.3638,0.0000
17.514,0.0000,9.3638,0.0000
17.520,0.0000,9.3638,0.0000
17.529,0.0000,9.3638,0.0000
17.536,0.0000,9.3638,0.0000
17.544,0.0000,9.3638,0.0000
17.552,0.0000,9.3638,0.0000
17.560,0.0000,9.3638,0.0000
17.568,0.0000,9.3638,0.0000
17.577,0.0000,9.3638,0.0000
17.584,0.0000,9.3638,0.0000
17.593,0.0000,9.3638,0.0000
17.600,0.0000,9.3638,0.0000
17.609,0.0000,9.3638,0.0000
17.616,0.0000,9.3638,0.0000
17.625,0.0000,9.3638,0.0000
17.633,0.0000,9.3638,0.0000
17.640,0.0000,9.3638,0.0000
17.649,0.0000,9.3638,0.0000
17.657,0.0000,9.3638,0.0000
17.663,0.0000,9.3638,0.0000
17.672,0.0000,9.3638,0.0000
17.680,0.0000,9.3638,0.0000
17.689,0.0000,9.3638,0.0000
17.697,0.0000,9.3638,0.0000
17.704,0.0000,9.3638,0.0000
17.713,0.0000,9.3638,0.0000
17.721,0.0000,9.3638,0.0000
17.729,0.0000,9.3638,0.0000
17.737,0.0000,9.3638,0.0000
17.745,0.0000,9.3638,0.0000
17.753,0.0000,9.3638,0.0000
17.761,0.0000,9.3638,0.0000
17.769,0.0000,9.3638,0.0000
17.780,0.0000,9.3638,0.0000
17.789,0.0000,9.3638,0.0000
17.798,0.0000,9.3638,0.0000
17.808,0.0000,9.3638,0.0000
17.815,0.0000,9.3638,0.0000
17.823,0.0000,9.3638,0.0000
17.832,0.0000,9.3638,0.0000
17.840,0.0000,9.3638,0.0000
17.848,0.0000,9.3638,0.0000
17.854,0.0000,9.3638,0.0000
17.862,0.0000,9.3638,0.0000
17.871,0.0000,9.3638,0.0000
17.878,0.0000,9.3638,0.0000
17.886,0.0000,9.3638,0.0000
17.893,0.0000,9.3638,0.0000
17.901,0.0000,9.3638,0.0000
17.909,0.0000,9.3638,0.0000
17.916,0.0000,9.3638,0.0000
17.924,0.0000,9.3638,0.0000
17.932,0.0000,9.3638,0.0000
17.939,0.0000,9.3638,0.0000
17.947,0.0000,9.3638,0.0000
17.956,0.0000,9.3638,0.0000
17.963,0.0000,9.3638,0.0000
17.972,0.0000,9.3638,0.0000
17.978,0.0000,9.3638,0.0000
17.987,0.0000,9.3638,0.0000
17.995,0.0000,9.3638,0.0000
18.002,0.0000,9.3638,0.0000
18.009,0.0000,9.3638,0.0000
18.017,0.0000,9.3638,0.0000
18.025,0.0000,9.3638,0.0000
18.032,0.0000,9.3638,0.0000
18.039,0.0000,9.3638,0.0000
18.048,0.0000,9.3638,0.0000
18.056,0.0000,9.3638,0.0000
18.065,0.0000,9.3638,0.0000
18.074,0.0000,9.3638,0.0000
18.082,0.0000,9.3638,0.0000
18.091,0.0000,9.3638,0.0000
18.099,0.0000,9.3638,0.0000
18.109,0.0000,9.3638,0.0000
18.116,0.0000,9.3638,0.0000
18.124,0.0000,9.3638,0.0000
18.132,0.0000,9.3638,0.0000
18.140,0.0000,9.3638,0.0000
18.148,0.0000,9.3638,0.0000
18.156,0.0000,9.3638,0.0000
18.164,0.0000,9.3638,0.0000
18.172,0.0000,9.3638,0.0000
18.181,0.0000,9.3638,0.0000
18.191,0.0000,9.3638,0.0000
18.198,0.0000,9.3638,0.0000
18.208,0.0000,9.3638,0.0000
18.217,0.0000,9.3638,0.0000
18.225,0.0000,9.3638,0.0000
18.234,0.0000,9.3638,0.0000
18.242,0.0000,9.3638,0.0000
18.251,0.0000,9.3638,0.0000
18.259,0.0000,9.3638,0.0000
18.268,0.0000,9.3638,0.0000
18.275,0.0000,9.3638,0.0000
18.283,0.0000,9.3638,0.0000
18.291,0.0000,9.3638,0.0000
18.298,0.0000,9.3638,0.0000
18.305,0.0000,9.3638,0.0000
18.312,0.0000,9.3638,0.0000
18.319,0.0000,9.3638,0.0000
18.327,0.0000,9.3638,0.0000
18.333,0.0000,9.3638,0.0000
18.341,0.0000,9.3638,0.0000
18.349,0.0000,9.3638,0.0000
18.357,0.0000,9.3638,0.0000
18.364,0.0000,9.3638,0.0000
18.372,0.0000,9.3638,0.0000
18.380,0.0000,9.3638,0.0000
18.387,0.0000,9.3638,0.0000
18.394,0.0000,9.3638,0.0000
18.401,0.0000,9.3638,0.0000
18.410,0.0000,9.3638,0.0000
18.416,0.0000,9.3638,0.0000
18.423,0.0000,9.3638,0.0000
18.430,0.0000,9.3638,0.0000
18.437,0.0000,9.3638,0.0000
18.444,0.0000,9.3638,0.0000
18.451,0.0000,9.3638,0.0000
18.457,0.0000,9.3638,0.0000
18.465,0.0000,9.3638,0.0000
18.473,0.0000,9.3638,0.0000
18.480,0.0000,9.3638,0.0000
18.487,0.0000,9.3638,0.0000
18.494,0.0000,9.3638,0.0000
18.501,0.0000,9.3638,0.0000
18.508,0.0000,9.3638,0.0000
18.515,0.0000,9.3638,0.0000
18.523,0.0000,9.3638,0.0000
18.532,0.0000,9.3638,0.0000
18.539,0.0000,9.3638,0.0000
18.549,0.0000,9.3638,0.0000
18.555,0.0000,9.3638,0.0000
18.563,0.0000,9.3638,0.0000
18.569,0.0000,9.3638,0.0000
18.576,0.0000,9.3638,0.0000
18.582,0.0000,9.3638,0.0000
18.590,0.0000,9.3638,0.0000
18.600,0.0000,9.3638,0.0000
18.608,0.0000,9.3638,0.0000
18.617,0.0000,9.3638,0.0000
18.626,0.0000,9.3638,0.0000
18.632,0.0000,9.3638,0.0000
18.640,0.0000,9.3638,0.0000
18.646,0.0000,9.3638,0.0000
18.653,0.0000,9.3638,0.0000
18.662,0.0000,9.3638,0.0000
18.671,0.0000,9.3638,0.0000
18.679,0.0000,9.3638,0.0000
18.689,0.0000,9.3638,0.0000
18.695,0.0000,9.3638,0.0000
18.704,0.0000,9.3638,0.0000
18.714,0.0000,9.3638,0.0000
18.722,0.0000,9.3638,0.0000
18.729,0.0000,9.3638,0.0000
18.736,0.0000,9.3638,0.0000
18.744,0.0000,9.3638,0.0000
18.752,0.0000,9.3638,0.0000
18.758,0.0000,9.3638,0.0000
18.766,0.0000,9.3638,0.0000
18.774,0.0000,9.3638,0.0000
18.781,0.0000,9.3638,0.0000
18.790,0.0000,9.3638,0.0000
18.797,0.0000,9.3638,0.0000
18.804,0.0000,9.3638,0.0000
18.813,0.0000,9.3638,0.0000
18.821,0.0000,9.3638,0.0000
18.831,0.0000,9.3638,0.0000
18.838,0.0000,9.3638,0.0000
18.847,0.0000,9.3638,0.0000
18.854,0.0000,9.3638,0.0000
18.863,0.0000,9.3638,0.0000
18.871,0.0000,9.3638,0.0000
18.880,0.0000,9.3638,0.0000
18.886,0.0000,9.3638,0.0000
18.894,0.0000,9.3638,0.0000
18.901,0.0000,9.3638,0.0000
18.910,0.0000,9.3638,0.0000
18.917,0.0000,9.3638,0.0000
18.926,0.0000,9.3638,0.0000
18.932,0.0000,9.3638,0.0000
18.941,0.0000,9.3638,0.0000
18.949,0.0000,9.3638,0.0000
18.957,0.0000,9.3638,0.0000
18.965,0.0000,9.3638,0.0000
18.973,0.0000,9.3638,0.0000
18.980,0.0000,9.3638,0.0000
18.990,0.0000,9.3638,0.0000
18.998,0.0000,9.3638,0.0000
19.008,0.0000,9.3638,0.0000
19.016,0.0000,9.3638,0.0000
19.023,0.0000,9.3638,0.0000
19.033,0.0000,9.3638,0.0000
19.041,0.0000,9.3638,0.0000
19.049,0.0000,9.3638,0.0000
19.056,0.0000,9.3638,0.0000
19.063,0.0000,9.3638,0.0000
19.072,0.0000,9.3638,0.0000
19.080,0.0000,9.3638,0.0004
19.088,0.0000,9.3638,0.0004
19.095,0.0000,9.3638,0.0004
19.103,0.0000,9.3638,0.0010
19.111,0.0000,9.3638,0.0010
19.117,0.0000,9.3638,0.0018
19.125,0.0000,9.3638,0.0018
19.131,0.0000,9.3638,0.0018
19.138,0.0000,9.3638,0.0048
19.147,0.0000,9.3638,0.0048
19.153,0.0000,9.3638,0.0048
19.160,0.0000,9.3638,0.0117
19.168,0.0000,9.3638,0.0117
19.175,0.0000,9.3638,0.0117
19.182,0.0000,9.3638,0.0198
19.190,0.0000,9.3638,0.0198
19.197,0.0000,9.3638,0.0198
19.204,0.0000,9.3638,0.0291
19.213,0.0000,9.3638,0.0291
19.220,0.0000,9.3638,0.0388
19.228,0.0000,9.3638,0.0388
19.235,0.0000,9.3638,0.0388
19.242,0.0000,9.3638,0.0575
19.249,0.0000,9.3638,0.0575
19.257,0.0000,9.3638,0.0763
19.266,0.0000,9.3638,0.0763
19.274,0.0000,9.3638,0.0763
19.283,0.0000,9.3638,0.0949
19.293,0.0000,9.3638,0.0949
19.301,0.0000,9.3638,0.1134
19.311,0.0000,9.3638,0.1134
19.319,0.0000,9.3638,0.1319
19.328,0.0000,9.3638,0.1319
19.334,0.0000,9.3638,0.1319
19.342,0.0000,9.3638,0.1506
19.351,0.0000,9.3638,0.1506
19.358,0.0000,9.3638,0.1695
19.367,0.0000,9.3638,0.1695
19.376,0.0000,9.3638,0.1695
19.383,0.0000,9.3638,0.1885
19.391,0.0000,9.3638,0.1885
19.398,0.0000,9.3638,0.2078
19.407,0.0000,9.3638,0.2078
19.414,0.0000,9.3638,0.2078
19.421,0.0000,9.3638,0.2274
19.429,0.0000,9.3638,0.2274
19.435,0.0000,9.3638,0.2274
19.444,0.0000,9.3638,0.2475
19.454,0.0000,9.3638,0.2475
19.464,0.0000,9.3638,0.2680
19.479,0.0000,9.3638,0.2889
19.489,0.0000,9.3638,0.2889
19.496,0.0000,9.3638,0.2889
19.504,0.0000,9.3638,0.3107
19.513,0.0000,9.3638,0.3107
19.521,0.0000,9.3638,0.3332
19.530,0.0000,9.3638,0.3332
19.537,0.0000,9.3638,0.3563
19.545,0.0000,9.3638,0.3563
19.552,0.0000,9.3638,0.3563
19.559,0.0000,9.3638,0.3797
19.567,0.0000,9.3638,0.3797
19.574,0.0000,9.3638,0.3797
19.581,0.0000,9.3638,0.4030
19.589,0.0000,9.3638,0.4030
19.595,0.0000,9.3638,0.4030
19.601,0.0000,9.3638,0.4261
19.610,0.0000,9.3638,0.4261
19.617,0.0000,9.3638,0.4490
19.624,0.0000,9.3638,0.4490
19.630,0.0000,9.3638,0.4490
19.636,0.0000,9.3638,0.4490
19.644,0.0000,9.3638,0.4714
19.653,0.0000,9.3638,0.4714
19.660,0.0000,9.3638,0.4937
19.668,0.0000,9.3638,0.4937
19.676,0.0000,9.3638,0.4937
19.683,0.0000,9.3638,0.5160
19.692,0.0000,9.3638,0.5160
19.698,0.0000,9.3638,0.5383
19.708,0.0000,9.3638,0.5383
19.715,0.0000,9.3638,0.5383
19.720,0.0000,9.3638,0.5606
19.729,0.0000,9.3638,0.5606
19.735,0.0000,9.3638,0.5606
19.743,0.0000,9.3638,0.5828
19.750,0.0000,9.3638,0.5828
19.757,0.0000,9.3638,0.6050
19.765,0.0000,9.3638,0.6050
19.772,0.0000,9.3638,0.6050
19.779,0.0000,9.3638,0.6271
19.787,0.0000,9.3638,0.6271
19.794,0.0000,9.3638,0.6271
19.801,0.0000,9.3638,0.6490
19.811,0.0000,9.3638,0.6490
19.817,0.0000,9.3638,0.6708
19.827,0.0000,9.3638,0.6708
19.833,0.0000,9.3638,0.6708
19.840,0.0000,9.3638,0.6925
19.847,0.0000,9.3638,0.6925
19.855,0.0000,9.3638,0.6925
19.862,0.0000,9.3638,0.7139
19.870,0.0000,9.3638,0.7139
19.877,0.0000,9.3638,0.7139
19.884,0.0000,9.3638,0.7351
19.892,0.0000,9.3638,0.7351
19.899,0.0000,9.3638,0.7561
19.907,0.0000,9.3638,0.7561
19.913,0.0000,9.3638,0.7561
19.921,0.0000,9.3638,0.7766
19.930,0.0000,9.3638,0.7766
19.936,0.0000,9.3638,0.7766
19.944,0.0000,9.3638,0.7967
19.952,0.0000,9.3638,0.7967
19.960,-0.0001,9.3638,0.8166
19.968,-0.0001,9.3638,0.8166
19.975,-0.0001,9.3638,0.8166
19.982,-0.0002,9.3638,0.8360
19.992,-0.0002,9.3638,0.8360
20.001,-0.0004,9.3638,0.8549
20.010,-0.0004,9.3638,0.8549
20.017,-0.0004,9.3638,0.8549
20.026,-0.0006,9.3638,0.8734
20.035,-0.0006,9.3638,0.8734
20.043,-0.0012,9.3638,0.8915
20.051,-0.0012,9.3638,0.8915
20.058,-0.0019,9.3638,0.9012
20.067,-0.0019,9.3638,0.9012
20.074,-0.0019,9.3638,0.9012
20.081,-0.0028,9.3638,0.9108
20.092,-0.0028,9.3638,0.9108
20.100,-0.0047,9.3638,0.9204
20.110,-0.0047,9.3638,0.9204
20.117,-0.0069,9.3638,0.9300
20.127,-0.0069,9.3638,0.9300
20.135,-0.0069,9.3638,0.9300
20.142,-0.0093,9.3638,0.9481
20.150,-0.0093,9.3638,0.9481
20.158,-0.0118,9.3638,0.9662
20.167,-0.0118,9.3638,0.9662
20.175,-0.0118,9.3638,0.9662
20.183,-0.0144,9.3638,0.9843
20.192,-0.0144,9.3638,0.9843
20.198,-0.0199,9.3638,1.0024
20.208,-0.0199,9.3638,1.0024
20.215,-0.0199,9.3638,1.0024
20.223,-0.0254,9.3638,1.0206
20.231,-0.0254,9.3638,1.0206
20.239,-0.0310,9.3638,1.0387
20.249,-0.0310,9.3638,1.0387
20.257,-0.0366,9.3638,1.0569
20.265,-0.0366,9.3638,1.0569
20.273,-0.0366,9.3638,1.0569
20.280,-0.0423,9.3638,1.0751
20.291,-0.0423,9.3638,1.0751
20.297,-0.0480,9.3638,1.0934
20.308,-0.0480,9.3638,1.0934
20.315,-0.0480,9.3638,1.0934
20.322,-0.0538,9.3638,1.1116
20.331,-0.0538,9.3638,1.1116
20.342,-0.0598,9.3638,1.1298
20.350,-0.0598,9.3638,1.1298
20.356,-0.0598,9.3638,1.1298
20.363,-0.0658,9.3638,1.1480
20.371,-0.0658,9.3638,1.1480
20.379,-0.0719,9.3638,1.1662
20.388,-0.0719,9.3638,1.1662
20.395,-0.0719,9.3638,1.1662
20.402,-0.0781,9.3638,1.1845
20.411,-0.0781,9.3638,1.1845
20.417,-0.0845,9.3638,1.2027
20.425,-0.0845,9.3638,1.2027
20.432,-0.0845,9.3638,1.2027
20.438,-0.0909,9.3638,1.2210
20.447,-0.0909,9.3638,1.2210
20.452,-0.0909,9.3638,1.2210
20.460,-0.0975,9.3638,1.2393
20.467,-0.0975,9.3638,1.2393
20.475,-0.0975,9.3638,1.2393
20.482,-0.1041,9.3638,1.2577
20.490,-0.1041,9.3638,1.2577
20.497,-0.1108,9.3638,1.2761
20.505,-0.1108,9.3638,1.2761
20.513,-0.1108,9.3638,1.2761
20.521,-0.1177,9.3638,1.2945
20.529,-0.1177,9.3638,1.2945
20.536,-0.1177,9.3638,1.2945
20.545,-0.1247,9.3638,1.3130
20.554,-0.1247,9.3638,1.3130
20.562,-0.1316,9.3638,1.3316
20.570,-0.1316,9.3638,1.3316
20.578,-0.1386,9.3638,1.3502
20.587,-0.1386,9.3638,1.3502
20.594,-0.1386,9.3638,1.3502
20.601,-0.1455,9.3638,1.3688
20.612,-0.1455,9.3638,1.3688
20.619,-0.1524,9.3638,1.3876
20.628,-0.1524,9.3638,1.3876
20.635,-0.1524,9.3638,1.3876
20.643,-0.1593,9.3638,1.4065
20.652,-0.1593,9.3638,1.4065
20.659,-0.1662,9.3638,1.4256
20.671,-0.1662,9.3638,1.4256
20.679,-0.1731,9.3638,1.4448
20.688,-0.1731,9.3638,1.4448
20.695,-0.1731,9.3638,1.4448
20.703,-0.1800,9.3638,1.4642
20.713,-0.1800,9.3638,1.4642
20.720,-0.1869,9.3638,1.4838
20.729,-0.1869,9.3638,1.4838
20.737,-0.1938,9.3638,1.5035
20.747,-0.1938,9.3638,1.5035
20.754,-0.1938,9.3638,1.5035
20.763,-0.2007,9.3638,1.5234
20.772,-0.2007,9.3638,1.5234
20.779,-0.2076,9.3638,1.5436
20.789,-0.2076,9.3638,1.5436
20.797,-0.2144,9.3638,1.5639
20.805,-0.2144,9.3638,1.5639
20.812,-0.2144,9.3638,1.5639
20.819,-0.2213,9.3638,1.5844
20.828,-0.2213,9.3638,1.5844
20.836,-0.2213,9.3638,1.5844
20.843,-0.2281,9.3638,1.6052
20.852,-0.2281,9.3638,1.6052
20.858,-0.2350,9.3638,1.6260
20.866,-0.2350,9.3638,1.6260
20.873,-0.2350,9.3638,1.6260
20.881,-0.2418,9.3638,1.6471
20.890,-0.2418,9.3638,1.6471
20.897,-0.2487,9.3639,1.6683
20.906,-0.2487,9.3639,1.6683
20.914,-0.2487,9.3639,1.6683
20.920,-0.2555,9.3639,1.6897
20.928,-0.2555,9.3639,1.6897
20.934,-0.2555,9.3639,1.6897
20.942,-0.2623,9.3639,1.7113
20.950,-0.2623,9.3639,1.7113
20.957,-0.2623,9.3639,1.7113
20.964,-0.2691,9.3640,1.7332
20.972,-0.2691,9.3640,1.7332
20.981,-0.2760,9.3640,1.7551
20.989,-0.2760,9.3640,1.7551
20.996,-0.2760,9.3640,1.7551
21.003,-0.2828,9.3640,1.7771
21.014,-0.2828,9.3640,1.7771
21.020,-0.2896,9.3640,1.7991
21.029,-0.2896,9.3640,1.7991
21.034,-0.2896,9.3640,1.7991
21.042,-0.2964,9.3640,1.8212
21.049,-0.2964,9.3640,1.8212
21.057,-0.2964,9.3640,1.8212
21.063,-0.3032,9.3640,1.8431
21.073,-0.3032,9.3640,1.8431
21.079,-0.3101,9.3640,1.8651
21.086,-0.3101,9.3640,1.8651
21.093,-0.3101,9.3640,1.8651
21.101,-0.3169,9.3640,1.8871
21.109,-0.3169,9.3640,1.8871
21.117,-0.3169,9.3640,1.8871
21.124,-0.3237,9.3640,1.9090
21.132,-0.3237,9.3640,1.9090
21.140,-0.3305,9.3640,1.9310
21.148,-0.3305,9.3640,1.9310
21.155,-0.3305,9.3640,1.9310
21.161,-0.3374,9.3640,1.9529
21.170,-0.3374,9.3640,1.9529
21.177,-0.3374,9.3640,1.9529
21.184,-0.3442,9.3640,1.9748
21.192,-0.3442,9.3640,1.9748
21.199,-0.3510,9.3640,1.9967
21.208,-0.3510,9.3640,1.9967
21.214,-0.3510,9.3640,1.9967
21.221,-0.3578,9.3640,2.0186
21.229,-0.3578,9.3640,2.0186
21.235,-0.3578,9.3640,2.0186
21.243,-0.3647,9.3640,2.0404
21.251,-0.3647,9.3640,2.0404
21.258,-0.3715,9.3640,2.0623
21.265,-0.3715,9.3640,2.0623
21.272,-0.3715,9.3640,2.0623
21.279,-0.3783,9.3640,2.0841
21.287,-0.3783,9.3640,2.0841
21.293,-0.3783,9.3640,2.0841
21.299,-0.3851,9.3640,2.1059
21.310,-0.3851,9.3640,2.1059
21.317,-0.3851,9.3640,2.1059
21.324,-0.3920,9.3640,2.1277
21.332,-0.3920,9.3640,2.1277
21.339,-0.3988,9.3640,2.1494
21.346,-0.3988,9.3640,2.1494
21.353,-0.3988,9.3640,2.1494
21.361,-0.4056,9.3640,2.1712
21.368,-0.4056,9.3640,2.1712
21.376,-0.4056,9.3640,2.1712
21.383,-0.4125,9.3640,2.1930
21.392,-0.4125,9.3640,2.1930
21.399,-0.4193,9.3640,2.2147
21.408,-0.4193,9.3640,2.2147
21.415,-0.4193,9.3640,2.2147
21.423,-0.4261,9.3640,2.2364
21.433,-0.4261,9.3640,2.2364
21.440,-0.4329,9.3640,2.2581
21.449,-0.4329,9.3640,2.2581
21.457,-0.4398,9.3640,2.2798
21.466,-0.4398,9.3640,2.2798
21.473,-0.4398,9.3640,2.2798
21.480,-0.4466,9.3640,2.3014
21.490,-0.4466,9.3640,2.3014
21.497,-0.4534,9.3640,2.3231
21.506,-0.4534,9.3640,2.3231
21.513,-0.4534,9.3640,2.3231
21.520,-0.4602,9.3640,2.3447
21.529,-0.4602,9.3640,2.3447
21.537,-0.4602,9.3640,2.3447
21.545,-0.4670,9.3640,2.3663
21.554,-0.4670,9.3640,2.3663
21.561,-0.4738,9.3640,2.3878
21.569,-0.4738,9.3640,2.3878
21.577,-0.4807,9.3640,2.4094
21.585,-0.4807,9.3640,2.4094
21.593,-0.4807,9.3640,2.4094
21.599,-0.4875,9.3640,2.4309
21.609,-0.4875,9.3640,2.4309
21.617,-0.4875,9.3640,2.4309
21.624,-0.4943,9.3640,2.4525
21.631,-0.4943,9.3640,2.4525
21.638,-0.5011,9.3640,2.4740
21.648,-0.5011,9.3640,2.4740
21.654,-0.5011,9.3640,2.4740
21.660,-0.5079,9.3640,2.4955
21.669,-0.5079,9.3640,2.4955
21.676,-0.5079,9.3640,2.4955
21.683,-0.5148,9.3640,2.5170
21.692,-0.5148,9.3640,2.5170
21.699,-0.5216,9.3640,2.5386
21.707,-0.5216,9.3640,2.5386
21.714,-0.5216,9.3640,2.5386
21.720,-0.5284,9.3640,2.5601
21.730,-0.5284,9.3640,2.5601
21.736,-0.5284,9.3640,2.5601
21.749,-0.5352,9.3640,2.5816
21.765,-0.5420,9.3640,2.6031
21.774,-0.5420,9.3640,2.6031
21.781,-0.5488,9.3640,2.6246
21.790,-0.5488,9.3640,2.6246
21.797,-0.5557,9.3640,2.6461
21.805,-0.5557,9.3640,2.6461
21.813,-0.5557,9.3640,2.6461
21.821,-0.5625,9.3640,2.6675
21.829,-0.5625,9.3640,2.6675
21.837,-0.5693,9.3640,2.6890
21.846,-0.5693,9.3640,2.6890
21.854,-0.5693,9.3640,2.6890
21.861,-0.5761,9.3640,2.7104
21.870,-0.5761,9.3640,2.7104
21.878,-0.5829,9.3640,2.7319
21.888,-0.5829,9.3640,2.7319
21.895,-0.5829,9.3640,2.7319
21.903,-0.5898,9.3640,2.7533
21.912,-0.5898,9.3640,2.7533
21.920,-0.5966,9.3640,2.7747
21.930,-0.5966,9.3640,2.7747
21.937,-0.6034,9.3640,2.7960
21.948,-0.6034,9.3640,2.7960
21.956,-0.6034,9.3640,2.7960
21.963,-0.6102,9.3640,2.8174
21.972,-0.6102,9.3640,2.8174
21.980,-0.6170,9.3640,2.8388
21.989,-0.6170,9.3640,2.8388
21.998,-0.6239,9.3640,2.8602
22.009,-0.6239,9.3640,2.8602
22.016,-0.6239,9.3640,2.8602
22.024,-0.6307,9.3640,2.8816
22.033,-0.6307,9.3640,2.8816
22.041,-0.6375,9.3640,2.9030
22.049,-0.6375,9.3640,2.9030
22.057,-0.6375,9.3640,2.9030
22.064,-0.6443,9.3640,2.9243
22.073,-0.6443,9.3640,2.9243
22.080,-0.6512,9.3640,2.9457
22.088,-0.6512,9.3640,2.9457
22.095,-0.6512,9.3640,2.9457
22.102,-0.6580,9.3640,2.9671
22.110,-0.6580,9.3640,2.9671
22.117,-0.6648,9.3640,2.9884
22.126,-0.6648,9.3640,2.9884
22.132,-0.6648,9.3640,2.9884
22.139,-0.6716,9.3640,3.0098
22.147,-0.6716,9.3640,3.0098
22.154,-0.6716,9.3640,3.0098
22.162,-0.6785,9.3640,3.0311
22.170,-0.6785,9.3640,3.0311
22.177,-0.6853,9.3640,3.0524
22.186,-0.6853,9.3640,3.0524
22.194,-0.6853,9.3640,3.0524
22.200,-0.6921,9.3640,3.0737
22.210,-0.6921,9.3640,3.0737
22.215,-0.6921,9.3640,3.0737
22.224,-0.6989,9.3640,3.0950
22.232,-0.6989,9.3640,3.0950
22.240,-0.7058,9.3640,3.1163
22.248,-0.7058,9.3640,3.1163
22.255,-0.7058,9.3640,3.1163
22.262,-0.7126,9.3640,3.1374
22.271,-0.7126,9.3640,3.1374
22.279,-0.7194,9.3640,3.1584
22.287,-0.7194,9.3640,3.1584
22.293,-0.7194,9.3640,3.1584
22.300,-0.7262,9.3640,3.1793
22.310,-0.7262,9.3640,3.1793
22.316,-0.7262,9.3640,3.1793
22.324,-0.7331,9.3640,3.2000
22.332,-0.7331,9.3640,3.2000
22.341,-0.7399,9.3640,3.2207
22.348,-0.7399,9.3640,3.2207
22.355,-0.7399,9.3640,3.2207
22.362,-0.7467,9.3640,3.2412
22.371,-0.7467,9.3640,3.2412
22.377,-0.7535,9.3640,3.2617
22.386,-0.7535,9.3640,3.2617
22.393,-0.7535,9.3640,3.2617
22.400,-0.7604,9.3640,3.2822
22.409,-0.7604,9.3640,3.2822
22.415,-0.7604,9.3640,3.2822
22.422,-0.7672,9.3640,3.3027
22.433,-0.7672,9.3640,3.3027
22.440,-0.7740,9.3640,3.3231
22.449,-0.7740,9.3640,3.3231
22.456,-0.7740,9.3640,3.3231
22.464,-0.7808,9.3640,3.3436
22.472,-0.7808,9.3640,3.3436
22.480,-0.7877,9.3640,3.3640
22.487,-0.7877,9.3640,3.3640
22.495,-0.7877,9.3640,3.3640
22.501,-0.7945,9.3640,3.3845
22.510,-0.7945,9.3640,3.3845
22.517,-0.8013,9.3640,3.4049
22.526,-0.8013,9.3640,3.4049
22.533,-0.8013,9.3640,3.4049
22.542,-0.8081,9.3640,3.4254
22.550,-0.8081,9.3640,3.4254
22.558,-0.8150,9.3640,3.4458
22.565,-0.8150,9.3640,3.4458
22.573,-0.8150,9.3640,3.4458
22.580,-0.8218,9.3640,3.4662
22.588,-0.8218,9.3640,3.4662
22.595,-0.8218,9.3640,3.4662
22.603,-0.8286,9.3640,3.4866
22.612,-0.8286,9.3640,3.4866
22.621,-0.8354,9.3640,3.5069
22.629,-0.8354,9.3640,3.5069
22.636,-0.8354,9.3640,3.5069
22.644,-0.8423,9.3640,3.5272
22.653,-0.8423,9.3640,3.5272
22.659,-0.8491,9.3640,3.5474
22.668,-0.8491,9.3640,3.5474
22.674,-0.8491,9.3640,3.5474
22.681,-0.8559,9.3640,3.5675
22.689,-0.8559,9.3640,3.5675
22.697,-0.8559,9.3640,3.5675
22.703,-0.8627,9.3640,3.5874
22.713,-0.8627,9.3640,3.5874
22.720,-0.8696,9.3640,3.6073
22.729,-0.8696,9.3640,3.6073
22.736,-0.8696,9.3640,3.6073
22.743,-0.8764,9.3640,3.6269
22.752,-0.8764,9.3640,3.6269
22.759,-0.8832,9.3640,3.6465
22.766,-0.8832,9.3640,3.6465
22.773,-0.8832,9.3640,3.6465
22.781,-0.8900,9.3640,3.6658
22.791,-0.8900,9.3640,3.6658
22.798,-0.8969,9.3640,3.6850
22.807,-0.8969,9.3640,3.6850
22.815,-0.8969,9.3640,3.6850
22.822,-0.9037,9.3640,3.7037
22.830,-0.9037,9.3640,3.7037
22.837,-0.9105,9.3640,3.7222
22.846,-0.9105,9.3640,3.7222
22.854,-0.9105,9.3640,3.7222
22.862,-0.9173,9.3640,3.7317
22.870,-0.9173,9.3640,3.7317
22.876,-0.9173,9.3640,3.7317
22.884,-0.9242,9.3640,3.7409
22.891,-0.9242,9.3640,3.7409
22.899,-0.9310,9.3640,3.7499
22.906,-0.9310,9.3640,3.7499
22.914,-0.9310,9.3640,3.7499
22.920,-0.9378,9.3640,3.7584
22.928,-0.9378,9.3640,3.7584
22.935,-0.9378,9.3640,3.7584
22.943,-0.9446,9.3640,3.7663
22.951,-0.9446,9.3640,3.7663
22.959,-0.9515,9.3640,3.7737
22.967,-0.9515,9.3640,3.7737
22.975,-0.9515,9.3640,3.7737
22.982,-0.9583,9.3640,3.7770
22.992,-0.9583,9.3640,3.7770
22.998,-0.9651,9.3640,3.7800
23.008,-0.9651,9.3640,3.7800
23.015,-0.9651,9.3640,3.7800
23.023,-0.9719,9.3640,3.7807
23.031,-0.9719,9.3640,3.7807
23.039,-0.9787,9.3640,3.7813
23.047,-0.9787,9.3640,3.7813
23.054,-0.9787,9.3640,3.7813
23.061,-0.9856,9.3640,3.7816
23.068,-0.9856,9.3640,3.7816
23.075,-0.9856,9.3640,3.7816
23.083,-0.9924,9.3640,3.7816
23.093,-0.9924,9.3640,3.7816
23.100,-0.9992,9.3640,3.7816
23.109,-0.9992,9.3640,3.7816
23.118,-1.0060,9.3640,3.7816
23.127,-1.0060,9.3640,3.7816
23.133,-1.0060,9.3640,3.7816
23.141,-1.0129,9.3640,3.7816
23.150,-1.0129,9.3640,3.7816
23.159,-1.0197,9.3640,3.7816
23.166,-1.0197,9.3640,3.7816
23.174,-1.0197,9.3640,3.7816
23.181,-1.0265,9.3640,3.7816
23.190,-1.0265,9.3640,3.7816
23.197,-1.0333,9.3640,3.7816
23.204,-1.0333,9.3640,3.7816
23.213,-1.0333,9.3640,3.7816
23.219,-1.0401,9.3640,3.7816
23.228,-1.0401,9.3640,3.7816
23.235,-1.0401,9.3640,3.7816
23.243,-1.0470,9.3640,3.7816
23.250,-1.0470,9.3640,3.7816
23.258,-1.0538,9.3640,3.7816
23.265,-1.0538,9.3640,3.7816
23.275,-1.0538,9.3640,3.7816
23.282,-1.0606,9.3640,3.7816
23.291,-1.0606,9.3640,3.7816
23.299,-1.0674,9.3640,3.7816
23.308,-1.0674,9.3640,3.7816
23.315,-1.0674,9.3640,3.7816
23.323,-1.0743,9.3640,3.7816
23.331,-1.0743,9.3640,3.7816
23.338,-1.0811,9.3640,3.7816
23.345,-1.0811,9.3640,3.7816
23.352,-1.0811,9.3640,3.7816
23.359,-1.0879,9.3640,3.7816
23.366,-1.0879,9.3640,3.7816
23.373,-1.0879,9.3640,3.7816
23.381,-1.0947,9.3640,3.7816
23.387,-1.0947,9.3640,3.7816
23.396,-1.0947,9.3640,3.7816
23.402,-1.1015,9.3640,3.7816
23.411,-1.1015,9.3640,3.7816
23.416,-1.1015,9.3640,3.7816
23.423,-1.1083,9.3640,3.7816
23.431,-1.1083,9.3640,3.7816
23.437,-1.1151,9.3640,3.7816
23.445,-1.1151,9.3640,3.7816
23.452,-1.1151,9.3640,3.7816
23.461,-1.1219,9.3640,3.7816
23.469,-1.1219,9.3640,3.7816
23.476,-1.1219,9.3640,3.7816
23.483,-1.1287,9.3640,3.7816
23.492,-1.1287,9.3640,3.7816
23.498,-1.1355,9.3640,3.7816
23.507,-1.1355,9.3640,3.7816
23.514,-1.1355,9.3640,3.7816
23.522,-1.1423,9.3640,3.7816
23.530,-1.1423,9.3640,3.7816
23.537,-1.1491,9.3640,3.7816
23.545,-1.1491,9.3640,3.7816
23.553,-1.1491,9.3640,3.7816
23.559,-1.1559,9.3640,3.7820
23.568,-1.1559,9.3640,3.7820
23.576,-1.1559,9.3640,3.7820
23.583,-1.1627,9.3640,3.7826
23.592,-1.1627,9.3640,3.7826
23.599,-1.1695,9.3640,3.7834
23.608,-1.1695,9.3640,3.7834
23.615,-1.1695,9.3640,3.7834
23.621,-1.1763,9.3640,3.7858
23.629,-1.1763,9.3640,3.7858
23.636,-1.1763,9.3640,3.7858
23.645,-1.1830,9.3640,3.7887
23.654,-1.1830,9.3640,3.7887
23.661,-1.1898,9.3640,3.7920
23.669,-1.1898,9.3640,3.7920
23.676,-1.1898,9.3640,3.7920
23.683,-1.1966,9.3640,3.7955
23.691,-1.1966,9.3640,3.7955
23.699,-1.2033,9.3640,3.8027
23.707,-1.2033,9.3640,3.8027
23.714,-1.2033,9.3640,3.8027
23.721,-1.2101,9.3640,3.8106
23.731,-1.2101,9.3640,3.8106
23.737,-1.2101,9.3640,3.8106
23.745,-1.2169,9.3640,3.8191
23.752,-1.2169,9.3640,3.8191
23.760,-1.2237,9.3640,3.8278
23.768,-1.2237,9.3640,3.8278
23.775,-1.2237,9.3640,3.8278
23.782,-1.2304,9.3640,3.8367
23.792,-1.2304,9.3640,3.8367
23.799,-1.2372,9.3640,3.8455
23.807,-1.2372,9.3640,3.8455
23.813,-1.2372,9.3640,3.8455
23.821,-1.2439,9.3640,3.8541
23.830,-1.2439,9.3640,3.8541
23.837,-1.2507,9.3640,3.8624
23.847,-1.2507,9.3640,3.8624
23.855,-1.2507,9.3640,3.8624
23.861,-1.2574,9.3640,3.8701
23.870,-1.2574,9.3640,3.8701
23.877,-1.2642,9.3640,3.8774
23.886,-1.2642,9.3640,3.8774
23.893,-1.2642,9.3640,3.8774
23.899,-1.2709,9.3640,3.8810
23.908,-1.2709,9.3640,3.8810
23.916,-1.2709,9.3640,3.8810
23.924,-1.2777,9.3640,3.8842
23.932,-1.2777,9.3640,3.8842
23.940,-1.2844,9.3640,3.8871
23.948,-1.2844,9.3640,3.8871
23.954,-1.2844,9.3640,3.8871
23.962,-1.2912,9.3640,3.8897
23.970,-1.2912,9.3640,3.8897
23.978,-1.2979,9.3640,3.8920
23.986,-1.2979,9.3640,3.8920
23.994,-1.2979,9.3640,3.8920
24.001,-1.3047,9.3640,3.8928
24.011,-1.3047,9.3640,3.8928
24.019,-1.3114,9.3640,3.8935
24.027,-1.3114,9.3640,3.8935
24.035,-1.3114,9.3640,3.8935
24.043,-1.3181,9.3640,3.8942
24.057,-1.3249,9.3640,3.8948
24.071,-1.3249,9.3640,3.8948
24.079,-1.3316,9.3640,3.8955
24.088,-1.3316,9.3640,3.8955
24.096,-1.3316,9.3640,3.8955
24.104,-1.3383,9.3640,3.8962
24.113,-1.3383,9.3640,3.8962
24.121,-1.3451,9.3640,3.8969
24.129,-1.3451,9.3640,3.8969
24.136,-1.3451,9.3640,3.8969
24.145,-1.3518,9.3640,3.8975
24.152,-1.3518,9.3640,3.8975
24.159,-1.3586,9.3640,3.8982
24.166,-1.3586,9.3640,3.8982
24.174,-1.3586,9.3640,3.8982
24.181,-1.3653,9.3640,3.8989
24.189,-1.3653,9.3640,3.8989
24.196,-1.3653,9.3640,3.8989
24.202,-1.3720,9.3640,3.8996
24.211,-1.3720,9.3640,3.8996
24.216,-1.3720,9.3640,3.8996
24.226,-1.3788,9.3640,3.9003
24.233,-1.3788,9.3640,3.9003
24.241,-1.3855,9.3640,3.9009
24.247,-1.3855,9.3640,3.9009
24.254,-1.3855,9.3640,3.9009
24.263,-1.3922,9.3640,3.9016
24.273,-1.3922,9.3640,3.9016
24.280,-1.3990,9.3640,3.9023
24.288,-1.3990,9.3640,3.9023
24.295,-1.3990,9.3640,3.9023
24.303,-1.4057,9.3640,3.9030
24.312,-1.4057,9.3640,3.9030
24.320,-1.4125,9.3640,3.9036
24.328,-1.4125,9.3640,3.9036
24.335,-1.4125,9.3640,3.9036
24.343,-1.4192,9.3640,3.9043
24.351,-1.4192,9.3640,3.9043
24.359,-1.4259,9.3640,3.9050
24.368,-1.4259,9.3640,3.9050
24.375,-1.4259,9.3640,3.9050
24.381,-1.4327,9.3640,3.9057
24.390,-1.4327,9.3640,3.9057
24.396,-1.4327,9.3640,3.9057
24.404,-1.4394,9.3640,3.9064
24.412,-1.4394,9.3640,3.9064
24.420,-1.4461,9.3640,3.9071
24.428,-1.4461,9.3640,3.9071
24.436,-1.4461,9.3640,3.9071
24.443,-1.4529,9.3640,3.9079
24.452,-1.4529,9.3640,3.9079
24.459,-1.4596,9.3640,3.9102
24.467,-1.4596,9.3640,3.9102
24.474,-1.4596,9.3640,3.9102
24.483,-1.4663,9.3640,3.9129
24.491,-1.4663,9.3640,3.9129
24.499,-1.4731,9.3640,3.9161
24.508,-1.4731,9.3640,3.9161
24.515,-1.4731,9.3640,3.9161
24.523,-1.4798,9.3640,3.9197
24.531,-1.4798,9.3640,3.9197
24.538,-1.4865,9.3640,3.9274
24.548,-1.4865,9.3640,3.9274
24.557,-1.4932,9.3640,3.9356
24.566,-1.4932,9.3640,3.9356
24.576,-1.4932,9.3640,3.9356
24.583,-1.4999,9.3640,3.9447
24.593,-1.4999,9.3640,3.9447
24.600,-1.5066,9.3640,3.9540
24.609,-1.5066,9.3640,3.9540
24.615,-1.5066,9.3640,3.9540
24.624,-1.5133,9.3640,3.9633
24.632,-1.5133,9.3640,3.9633
24.640,-1.5200,9.3640,3.9724
24.647,-1.5200,9.3640,3.9724
24.655,-1.5200,9.3640,3.9724
24.662,-1.5267,9.3640,3.9813
24.670,-1.5267,9.3640,3.9813
24.676,-1.5267,9.3640,3.9813
24.683,-1.5334,9.3640,3.9901
24.691,-1.5334,9.3640,3.9901
24.697,-1.5401,9.3640,3.9989
24.704,-1.5401,9.3640,3.9989
24.711,-1.5401,9.3640,3.9989
24.718,-1.5468,9.3640,4.0077
24.726,-1.5468,9.3640,4.0077
24.732,-1.5468,9.3640,4.0077
24.739,-1.5536,9.3640,4.0165
24.747,-1.5536,9.3640,4.0165
24.753,-1.5536,9.3640,4.0165
24.760,-1.5603,9.3640,4.0252
24.768,-1.5603,9.3640,4.0252
24.774,-1.5603,9.3640,4.0252
24.782,-1.5670,9.3640,4.0339
24.790,-1.5670,9.3640,4.0339
24.797,-1.5737,9.3640,4.0425
24.805,-1.5737,9.3640,4.0425
24.814,-1.5737,9.3640,4.0425
24.821,-1.5804,9.3640,4.0507
24.828,-1.5804,9.3640,4.0507
24.834,-1.5804,9.3640,4.0507
24.841,-1.5871,9.3640,4.0584
24.849,-1.5871,9.3640,4.0584
24.857,-1.5938,9.3640,4.0655
24.865,-1.5938,9.3640,4.0655
24.875,-1.5938,9.3640,4.0655
24.882,-1.6005,9.3640,4.0685
24.891,-1.6005,9.3640,4.0685
24.898,-1.6072,9.3640,4.0711
24.906,-1.6072,9.3640,4.0711
24.912,-1.6072,9.3640,4.0711
24.919,-1.6139,9.3640,4.0718
24.926,-1.6139,9.3640,4.0718
24.932,-1.6139,9.3640,4.0718
24.939,-1.6206,9.3640,4.0722
24.947,-1.6206,9.3640,4.0722
24.953,-1.6206,9.3640,4.0722
24.961,-1.6273,9.3640,4.0726
24.968,-1.6273,9.3640,4.0726
24.976,-1.6273,9.3640,4.0726
24.983,-1.6340,9.3640,4.0726
24.992,-1.6340,9.3640,4.0726
24.999,-1.6408,9.3640,4.0726
25.007,-1.6408,9.3640,4.0726
25.015,-1.6408,9.3640,4.0726
25.023,-1.6475,9.3640,4.0726
25.031,-1.6475,9.3640,4.0726
25.038,-1.6542,9.3640,4.0726
25.046,-1.6542,9.3640,4.0726
25.052,-1.6542,9.3640,4.0726
25.061,-1.6609,9.3640,4.0726
25.069,-1.6609,9.3640,4.0726
25.077,-1.6676,9.3640,4.0726
25.085,-1.6676,9.3640,4.0726
25.092,-1.6676,9.3640,4.0726
25.099,-1.6743,9.3640,4.0726
25.107,-1.6743,9.3640,4.0726
25.113,-1.6743,9.3640,4.0726
25.121,-1.6810,9.3640,4.0726
25.128,-1.6810,9.3640,4.0726
25.135,-1.6810,9.3640,4.0726
25.142,-1.6877,9.3640,4.0726
25.151,-1.6877,9.3640,4.0726
25.159,-1.6944,9.3640,4.0726
25.168,-1.6944,9.3640,4.0726
25.175,-1.6944,9.3640,4.0726
25.183,-1.7011,9.3640,4.0726
25.191,-1.7011,9.3640,4.0726
25.198,-1.7078,9.3640,4.0726
25.207,-1.7078,9.3640,4.0726
25.214,-1.7078,9.3640,4.0726
25.221,-1.7145,9.3640,4.0726
25.228,-1.7145,9.3640,4.0726
25.236,-1.7145,9.3640,4.0726
25.243,-1.7212,9.3640,4.0726
25.251,-1.7212,9.3640,4.0726
25.258,-1.7279,9.3640,4.0726
25.267,-1.7279,9.3640,4.0726
25.274,-1.7279,9.3640,4.0726
25.281,-1.7346,9.3640,4.0726
25.289,-1.7346,9.3640,4.0726
25.297,-1.7414,9.3640,4.0726
25.305,-1.7414,9.3640,4.0726
25.314,-1.7414,9.3640,4.0726
25.321,-1.7481,9.3640,4.0726
25.330,-1.7481,9.3640,4.0726
25.337,-1.7548,9.3640,4.0726
25.346,-1.7548,9.3640,4.0726
25.352,-1.7548,9.3640,4.0726
25.360,-1.7615,9.3640,4.0726
25.367,-1.7615,9.3640,4.0726
25.376,-1.7615,9.3640,4.0726
25.383,-1.7682,9.3640,4.0726
25.392,-1.7682,9.3640,4.0726
25.398,-1.7749,9.3640,4.0726
25.407,-1.7749,9.3640,4.0726
25.414,-1.7749,9.3640,4.0726
25.421,-1.7816,9.3640,4.0726
25.428,-1.7816,9.3640,4.0726
25.434,-1.7816,9.3640,4.0726
25.443,-1.7883,9.3640,4.0726
25.451,-1.7883,9.3640,4.0726
25.458,-1.7951,9.3640,4.0726
25.466,-1.7951,9.3640,4.0726
25.474,-1.7951,9.3640,4.0726
25.480,-1.8018,9.3640,4.0726
25.489,-1.8018,9.3640,4.0726
25.495,-1.8018,9.3640,4.0726
25.503,-1.8085,9.3640,4.0726
25.512,-1.8085,9.3640,4.0726
25.520,-1.8152,9.3640,4.0726
25.528,-1.8152,9.3640,4.0726
25.535,-1.8152,9.3640,4.0726
25.543,-1.8219,9.3640,4.0726
25.551,-1.8219,9.3640,4.0726
25.557,-1.8286,9.3640,4.0726
25.565,-1.8286,9.3640,4.0726
25.572,-1.8286,9.3640,4.0726
25.580,-1.8353,9.3640,4.0726
25.588,-1.8353,9.3640,4.0726
25.594,-1.8353,9.3640,4.0726
25.601,-1.8420,9.3640,4.0726
25.610,-1.8420,9.3640,4.0726
25.617,-1.8488,9.3640,4.0726
25.627,-1.8488,9.3640,4.0726
25.635,-1.8488,9.3640,4.0726
25.643,-1.8555,9.3640,4.0726
25.653,-1.8555,9.3640,4.0726
25.661,-1.8622,9.3640,4.0726
25.669,-1.8622,9.3640,4.0726
25.678,-1.8689,9.3640,4.0726
25.687,-1.8689,9.3640,4.0726
25.694,-1.8689,9.3640,4.0726
25.701,-1.8756,9.3640,4.0726
25.711,-1.8756,9.3640,4.0726
25.718,-1.8823,9.3640,4.0726
25.727,-1.8823,9.3640,4.0726
25.734,-1.8823,9.3640,4.0726
25.742,-1.8890,9.3640,4.0726
25.751,-1.8890,9.3640,4.0726
25.758,-1.8957,9.3640,4.0726
25.766,-1.8957,9.3640,4.0726
25.774,-1.8957,9.3640,4.0726
25.783,-1.9025,9.3640,4.0726
25.792,-1.9025,9.3640,4.0726
25.799,-1.9092,9.3640,4.0726
25.809,-1.9092,9.3640,4.0726
25.816,-1.9092,9.3640,4.0726
25.823,-1.9159,9.3640,4.0726
25.832,-1.9159,9.3640,4.0726
25.841,-1.9226,9.3640,4.0726
25.849,-1.9226,9.3640,4.0726
25.857,-1.9293,9.3640,4.0726
25.866,-1.9293,9.3640,4.0726
25.875,-1.9293,9.3640,4.0726
25.881,-1.9360,9.3640,4.0726
25.889,-1.9360,9.3640,4.0726
25.896,-1.9360,9.3640,4.0726
25.903,-1.9428,9.3640,4.0726
25.912,-1.9428,9.3640,4.0726
25.918,-1.9495,9.3640,4.0723
25.926,-1.9495,9.3640,4.0723
25.932,-1.9495,9.3640,4.0723
25.940,-1.9562,9.3640,4.0719
25.946,-1.9562,9.3640,4.0719
25.954,-1.9562,9.3640,4.0719
25.960,-1.9629,9.3640,4.0714
25.968,-1.9629,9.3640,4.0714
25.975,-1.9629,9.3640,4.0714
25.982,-1.9697,9.3640,4.0708
25.990,-1.9697,9.3640,4.0708
25.996,-1.9697,9.3640,4.0708
26.003,-1.9764,9.3640,4.0702
26.011,-1.9764,9.3640,4.0702
26.019,-1.9831,9.3640,4.0696
26.028,-1.9831,9.3640,4.0696
26.035,-1.9831,9.3640,4.0696
26.042,-1.9898,9.3640,4.0691
26.051,-1.9898,9.3640,4.0691
26.059,-1.9966,9.3640,4.0685
26.066,-1.9966,9.3640,4.0685
26.073,-1.9966,9.3640,4.0685
26.080,-2.0033,9.3640,4.0679
26.087,-2.0033,9.3640,4.0679
26.094,-2.0033,9.3640,4.0679
26.100,-2.0100,9.3640,4.0673
26.109,-2.0100,9.3640,4.0673
26.116,-2.0100,9.3640,4.0673
26.123,-2.0167,9.3640,4.0667
26.131,-2.0167,9.3640,4.0667
26.138,-2.0235,9.3640,4.0661
26.146,-2.0235,9.3640,4.0661
26.152,-2.0235,9.3640,4.0661
26.161,-2.0302,9.3640,4.0655
26.168,-2.0302,9.3640,4.0655
26.176,-2.0302,9.3640,4.0655
26.182,-2.0369,9.3640,4.0649
26.191,-2.0369,9.3640,4.0649
26.197,-2.0436,9.3640,4.0643
26.205,-2.0436,9.3640,4.0643
26.213,-2.0436,9.3640,4.0643
26.219,-2.0504,9.3640,4.0637
26.228,-2.0504,9.3640,4.0637
26.235,-2.0504,9.3640,4.0637
26.242,-2.0571,9.3640,4.0631
26.250,-2.0571,9.3640,4.0631
26.258,-2.0638,9.3640,4.0626
26.265,-2.0638,9.3640,4.0626
26.272,-2.0638,9.3640,4.0626
26.279,-2.0705,9.3640,4.0620
26.286,-2.0705,9.3640,4.0620
26.293,-2.0705,9.3640,4.0620
26.299,-2.0772,9.3640,4.0614
26.307,-2.0772,9.3640,4.0614
26.313,-2.0772,9.3640,4.0614
26.320,-2.0840,9.3640,4.0608
26.329,-2.0840,9.3640,4.0608
26.343,-2.0907,9.3640,4.0602
26.358,-2.0974,9.3640,4.0595
26.367,-2.0974,9.3640,4.0595
26.374,-2.0974,9.3640,4.0595
26.379,-2.1041,9.3640,4.0589
26.388,-2.1041,9.3640,4.0589
26.394,-2.1041,9.3640,4.0589
26.401,-2.1108,9.3640,4.0584
26.411,-2.1108,9.3640,4.0584
26.419,-2.1176,9.3640,4.0578
26.429,-2.1176,9.3640,4.0578
26.438,-2.1243,9.3640,4.0572
26.447,-2.1243,9.3640,4.0572
26.455,-2.1243,9.3640,4.0572
26.462,-2.1310,9.3640,4.0566
26.471,-2.1310,9.3640,4.0566
26.479,-2.1377,9.3640,4.0560
26.487,-2.1377,9.3640,4.0560
26.495,-2.1377,9.3640,4.0560
26.502,-2.1444,9.3640,4.0554
26.512,-2.1444,9.3640,4.0554
26.518,-2.1512,9.3640,4.0548
26.526,-2.1512,9.3640,4.0548
26.534,-2.1512,9.3640,4.0548
26.543,-2.1579,9.3640,4.0543
26.551,-2.1579,9.3640,4.0543
26.559,-2.1646,9.3640,4.0537
26.568,-2.1646,9.3640,4.0537
26.576,-2.1646,9.3640,4.0537
26.583,-2.1713,9.3640,4.0531
26.592,-2.1713,9.3640,4.0531
26.599,-2.1780,9.3640,4.0525
26.610,-2.1780,9.3640,4.0525
26.616,-2.1780,9.3640,4.0525
26.625,-2.1847,9.3640,4.0519
26.633,-2.1847,9.3640,4.0519
26.643,-2.1914,9.3640,4.0513
26.653,-2.1914,9.3640,4.0513
26.661,-2.1982,9.3640,4.0507
26.670,-2.1982,9.3640,4.0507
26.679,-2.2049,9.3640,4.0501
26.688,-2.2049,9.3640,4.0501
26.695,-2.2049,9.3640,4.0501
26.702,-2.2116,9.3640,4.0496
26.711,-2.2116,9.3640,4.0496
26.719,-2.2183,9.3640,4.0490
26.727,-2.2183,9.3640,4.0490
26.733,-2.2183,9.3640,4.0490
26.740,-2.2250,9.3640,4.0484
26.748,-2.2250,9.3640,4.0484
26.754,-2.2250,9.3640,4.0484
26.760,-2.2318,9.3640,4.0478
26.768,-2.2318,9.3640,4.0478
26.776,-2.2318,9.3640,4.0478
26.783,-2.2385,9.3640,4.0472
26.791,-2.2385,9.3640,4.0472
26.798,-2.2452,9.3640,4.0466
26.807,-2.2452,9.3640,4.0466
26.815,-2.2452,9.3640,4.0466
26.821,-2.2519,9.3640,4.0460
26.830,-2.2519,9.3640,4.0460
26.837,-2.2586,9.3640,4.0454
26.847,-2.2586,9.3640,4.0454
26.853,-2.2586,9.3640,4.0454
26.860,-2.2654,9.3640,4.0448
26.867,-2.2654,9.3640,4.0448
26.875,-2.2654,9.3640,4.0448
26.882,-2.2721,9.3640,4.0443
26.891,-2.2721,9.3640,4.0443
26.898,-2.2788,9.3640,4.0437
26.907,-2.2788,9.3640,4.0437
26.915,-2.2788,9.3640,4.0437
26.923,-2.2855,9.3640,4.0431
26.932,-2.2855,9.3640,4.0431
26.939,-2.2923,9.3640,4.0425
26.948,-2.2923,9.3640,4.0425
26.955,-2.2923,9.3640,4.0425
26.963,-2.2990,9.3640,4.0419
26.971,-2.2990,9.3640,4.0419
26.980,-2.3057,9.3640,4.0413
26.988,-2.3057,9.3640,4.0413
26.995,-2.3057,9.3640,4.0413
27.003,-2.3124,9.3640,4.0408
27.012,-2.3124,9.3640,4.0408
27.019,-2.3191,9.3640,4.0402
27.028,-2.3191,9.3640,4.0402
27.034,-2.3191,9.3640,4.0402
27.044,-2.3259,9.3640,4.0396
27.052,-2.3259,9.3640,4.0396
27.059,-2.3326,9.3640,4.0390
27.067,-2.3326,9.3640,4.0390
27.075,-2.3326,9.3640,4.0390
27.083,-2.3393,9.3640,4.0384
27.091,-2.3393,9.3640,4.0384
27.098,-2.3461,9.3640,4.0378
27.107,-2.3461,9.3640,4.0378
27.113,-2.3461,9.3640,4.0378
27.122,-2.3528,9.3640,4.0373
27.131,-2.3528,9.3640,4.0373
27.140,-2.3595,9.3640,4.0367
27.149,-2.3595,9.3640,4.0367
27.157,-2.3662,9.3640,4.0361
27.165,-2.3662,9.3640,4.0361
27.173,-2.3662,9.3640,4.0361
27.179,-2.3730,9.3640,4.0355
27.188,-2.3730,9.3640,4.0355
27.194,-2.3730,9.3640,4.0355
27.203,-2.3797,9.3640,4.0349
27.210,-2.3797,9.3640,4.0349
27.217,-2.3864,9.3640,4.0344
27.226,-2.3864,9.3640,4.0344
27.234,-2.3864,9.3640,4.0344
27.241,-2.3932,9.3640,4.0338
27.249,-2.3932,9.3640,4.0338
27.256,-2.3932,9.3640,4.0338
27.264,-2.3999,9.3640,4.0332
27.271,-2.3999,9.3640,4.0332
27.279,-2.4066,9.3640,4.0326
27.285,-2.4066,9.3640,4.0326
27.293,-2.4066,9.3640,4.0326
27.299,-2.4133,9.3640,4.0320
27.306,-2.4133,9.3640,4.0320
27.312,-2.4133,9.3640,4.0320
27.322,-2.4201,9.3640,4.0315
27.331,-2.4201,9.3640,4.0315
27.337,-2.4268,9.3640,4.0309
27.346,-2.4268,9.3640,4.0309
27.352,-2.4268,9.3640,4.0309
27.361,-2.4335,9.3640,4.0303
27.368,-2.4335,9.3640,4.0303
27.376,-2.4335,9.3640,4.0303
27.384,-2.4402,9.3640,4.0297
27.393,-2.4402,9.3640,4.0297
27.400,-2.4470,9.3640,4.0292
27.408,-2.4470,9.3640,4.0292
27.416,-2.4470,9.3640,4.0292
27.426,-2.4537,9.3640,4.0286
27.433,-2.4537,9.3640,4.0286
27.441,-2.4604,9.3640,4.0280
27.449,-2.4604,9.3640,4.0280
27.458,-2.4671,9.3640,4.0274
27.465,-2.4671,9.3640,4.0274
27.474,-2.4671,9.3640,4.0274
27.480,-2.4738,9.3640,4.0268
27.488,-2.4738,9.3640,4.0268
27.494,-2.4738,9.3640,4.0268
27.500,-2.4806,9.3640,4.0263
27.509,-2.4806,9.3640,4.0263
27.516,-2.4806,9.3640,4.0263
27.523,-2.4873,9.3640,4.0257
27.531,-2.4873,9.3640,4.0257
27.538,-2.4940,9.3640,4.0251
27.547,-2.4940,9.3640,4.0251
27.554,-2.4940,9.3640,4.0251
27.561,-2.5007,9.3640,4.0246
27.569,-2.5007,9.3640,4.0246
27.576,-2.5007,9.3640,4.0246
27.583,-2.5075,9.3640,4.0240
27.592,-2.5075,9.3640,4.0240
27.599,-2.5142,9.3640,4.0234
27.608,-2.5142,9.3640,4.0234
27.616,-2.5142,9.3640,4.0234
27.624,-2.5209,9.3640,4.0228
27.632,-2.5209,9.3640,4.0228
27.641,-2.5276,9.3640,4.0223
27.649,-2.5276,9.3640,4.0223
27.658,-2.5344,9.3640,4.0217
27.665,-2.5344,9.3640,4.0217
27.675,-2.5344,9.3640,4.0217
27.683,-2.5411,9.3640,4.0211
27.694,-2.5411,9.3640,4.0211
27.701,-2.5478,9.3640,4.0206
27.711,-2.5478,9.3640,4.0206
27.719,-2.5545,9.3640,4.0200
27.728,-2.5545,9.3640,4.0200
27.736,-2.5545,9.3640,4.0200
27.744,-2.5613,9.3640,4.0194
27.753,-2.5613,9.3640,4.0194
27.760,-2.5680,9.3640,4.0188
27.769,-2.5680,9.3640,4.0188
27.776,-2.5680,9.3640,4.0188
27.783,-2.5747,9.3640,4.0183
27.791,-2.5747,9.3640,4.0183
27.799,-2.5814,9.3640,4.0177
27.808,-2.5814,9.3640,4.0177
27.815,-2.5814,9.3640,4.0177
27.821,-2.5882,9.3640,4.0171
27.830,-2.5882,9.3640,4.0171
27.838,-2.5949,9.3640,4.0166
27.847,-2.5949,9.3640,4.0166
27.854,-2.5949,9.3640,4.0166
27.862,-2.6016,9.3640,4.0160
27.870,-2.6016,9.3640,4.0160
27.877,-2.6083,9.3640,4.0154
27.886,-2.6083,9.3640,4.0154
27.893,-2.6083,9.3640,4.0154
27.900,-2.6151,9.3640,4.0149
27.909,-2.6151,9.3640,4.0149
27.917,-2.6151,9.3640,4.0149
27.925,-2.6218,9.3640,4.0143
27.933,-2.6218,9.3640,4.0143
27.942,-2.6285,9.3640,4.0137
27.951,-2.6285,9.3640,4.0137
27.961,-2.6352,9.3640,4.0132
27.969,-2.6352,9.3640,4.0132
27.977,-2.6352,9.3640,4.0132
27.984,-2.6420,9.3640,4.0126
27.993,-2.6420,9.3640,4.0126
28.001,-2.6487,9.3640,4.0120
28.009,-2.6487,9.3640,4.0120
28.017,-2.6554,9.3640,4.0114
28.025,-2.6554,9.3640,4.0114
28.033,-2.6554,9.3640,4.0114
28.040,-2.6622,9.3640,4.0109
28.049,-2.6622,9.3640,4.0109
28.057,-2.6689,9.3640,4.0103
28.066,-2.6689,9.3640,4.0103
28.074,-2.6689,9.3640,4.0103
28.082,-2.6756,9.3640,4.0097
28.090,-2.6756,9.3640,4.0097
28.098,-2.6823,9.3640,4.0092
28.106,-2.6823,9.3640,4.0092
28.115,-2.6823,9.3640,4.0092
28.122,-2.6891,9.3640,4.0086
28.130,-2.6891,9.3640,4.0086
28.139,-2.6958,9.3640,4.0081
28.148,-2.6958,9.3640,4.0081
28.155,-2.6958,9.3640,4.0081
28.163,-2.7025,9.3640,4.0075
28.173,-2.7025,9.3640,4.0075
28.181,-2.7093,9.3640,4.0070
28.190,-2.7093,9.3640,4.0070
28.198,-2.7160,9.3640,4.0064
28.208,-2.7160,9.3640,4.0064
28.216,-2.7160,9.3640,4.0064
28.225,-2.7227,9.3640,4.0059
28.234,-2.7227,9.3640,4.0059
28.242,-2.7294,9.3640,4.0054
28.251,-2.7294,9.3640,4.0054
28.261,-2.7361,9.3640,4.0049
28.269,-2.7361,9.3640,4.0049
28.277,-2.7361,9.3640,4.0049
28.283,-2.7429,9.3640,4.0044
28.293,-2.7429,9.3640,4.0044
28.299,-2.7496,9.3640,4.0040
28.309,-2.7496,9.3640,4.0040
28.316,-2.7496,9.3640,4.0040
28.325,-2.7563,9.3640,4.0037
28.334,-2.7563,9.3640,4.0037
28.342,-2.7630,9.3640,4.0033
28.351,-2.7630,9.3640,4.0033
28.360,-2.7697,9.3640,4.0031
28.369,-2.7697,9.3640,4.0031
28.378,-2.7765,9.3640,4.0031
28.388,-2.7765,9.3640,4.0031
28.396,-2.7765,9.3640,4.0031
28.404,-2.7832,9.3640,4.0031
28.415,-2.7832,9.3640,4.0031
28.423,-2.7899,9.3640,4.0031
28.432,-2.7899,9.3640,4.0031
28.441,-2.7966,9.3640,4.0031
28.450,-2.7966,9.3640,4.0031
28.457,-2.8033,9.3640,4.0031
28.466,-2.8033,9.3640,4.0031
28.474,-2.8033,9.3640,4.0031
28.482,-2.8101,9.3640,4.0031
28.490,-2.8101,9.3640,4.0031
28.498,-2.8168,9.3640,4.0031
28.507,-2.8168,9.3640,4.0031
28.515,-2.8168,9.3640,4.0031
28.522,-2.8235,9.3640,4.0031
28.531,-2.8235,9.3640,4.0031
28.539,-2.8302,9.3640,4.0031
28.549,-2.8302,9.3640,4.0031
28.557,-2.8369,9.3640,4.0031
28.566,-2.8369,9.3640,4.0031
28.575,-2.8369,9.3640,4.0031
28.582,-2.8436,9.3640,4.0031
28.592,-2.8436,9.3640,4.0031
28.598,-2.8504,9.3640,4.0031
28.606,-2.8504,9.3640,4.0031
28.613,-2.8504,9.3640,4.0031
28.620,-2.8571,9.3640,4.0031
28.629,-2.8571,9.3640,4.0031
28.634,-2.8571,9.3640,4.0031
28.642,-2.8638,9.3640,4.0031
28.649,-2.8638,9.3640,4.0031
28.657,-2.8705,9.3640,4.0031
28.665,-2.8705,9.3640,4.0031
28.674,-2.8705,9.3640,4.0031
28.682,-2.8772,9.3640,4.0031
28.691,-2.8772,9.3640,4.0031
28.697,-2.8839,9.3640,4.0031
28.707,-2.8839,9.3640,4.0031
28.714,-2.8839,9.3640,4.0031
28.721,-2.8907,9.3640,4.0031
28.728,-2.8907,9.3640,4.0031
28.735,-2.8907,9.3640,4.0031
28.743,-2.8974,9.3640,4.0031
28.761,-2.9041,9.3640,4.0031
28.769,-2.9041,9.3640,4.0031
28.777,-2.9041,9.3640,4.0031
28.784,-2.9108,9.3640,4.0031
28.791,-2.9108,9.3640,4.0031
28.799,-2.9176,9.3640,4.0031
28.808,-2.9176,9.3640,4.0031
28.815,-2.9176,9.3640,4.0031
28.822,-2.9243,9.3640,4.0031
28.830,-2.9243,9.3640,4.0031
28.837,-2.9310,9.3640,4.0031
28.845,-2.9310,9.3640,4.0031
28.853,-2.9310,9.3640,4.0031
28.861,-2.9378,9.3640,4.0031
28.868,-2.9378,9.3640,4.0031
28.875,-2.9378,9.3640,4.0031
28.882,-2.9445,9.3640,4.0031
28.891,-2.9445,9.3640,4.0031
28.898,-2.9512,9.3640,4.0031
28.905,-2.9512,9.3640,4.0031
28.913,-2.9512,9.3640,4.0031
28.920,-2.9579,9.3640,4.0031
28.928,-2.9579,9.3640,4.0031
28.934,-2.9579,9.3640,4.0031
28.943,-2.9647,9.3640,4.0031
28.950,-2.9647,9.3640,4.0031
28.959,-2.9714,9.3640,4.0031
28.965,-2.9714,9.3640,4.0031
28.973,-2.9714,9.3640,4.0031
28.979,-2.9781,9.3640,4.0031
28.989,-2.9781,9.3640,4.0031
28.996,-2.9781,9.3640,4.0031
29.004,-2.9849,9.3640,4.0031
29.012,-2.9849,9.3640,4.0031
29.021,-2.9916,9.3640,4.0031
29.030,-2.9916,9.3640,4.0031
29.037,-2.9983,9.3640,4.0031
29.048,-2.9983,9.3640,4.0031
29.056,-2.9983,9.3640,4.0031
29.064,-3.0051,9.3640,4.0031
29.073,-3.0051,9.3640,4.0031
29.081,-3.0118,9.3640,4.0031
29.089,-3.0118,9.3640,4.0031
29.097,-3.0118,9.3640,4.0031
29.105,-3.0185,9.3640,4.0031
29.115,-3.0185,9.3640,4.0031
29.124,-3.0252,9.3640,4.0031
29.132,-3.0252,9.3640,4.0031
29.141,-3.0319,9.3640,4.0031
29.148,-3.0319,9.3640,4.0031
29.156,-3.0319,9.3640,4.0031
29.165,-3.0387,9.3640,4.0031
29.174,-3.0387,9.3640,4.0031
29.181,-3.0454,9.3640,4.0031
29.191,-3.0454,9.3640,4.0031
29.199,-3.0521,9.3640,4.0031
29.209,-3.0521,9.3640,4.0031
29.217,-3.0521,9.3640,4.0031
29.227,-3.0588,9.3640,4.0031
29.236,-3.0588,9.3640,4.0031
29.243,-3.0655,9.3640,4.0031
29.253,-3.0655,9.3640,4.0031
29.261,-3.0722,9.3640,4.0031
29.268,-3.0722,9.3640,4.0031
29.275,-3.0722,9.3640,4.0031
29.283,-3.0790,9.3640,4.0031
29.291,-3.0790,9.3640,4.0031
29.298,-3.0857,9.3640,4.0031
29.305,-3.0857,9.3640,4.0031
29.313,-3.0857,9.3640,4.0031
29.320,-3.0924,9.3640,4.0031
29.328,-3.0924,9.3640,4.0031
29.334,-3.0924,9.3640,4.0031
29.341,-3.0991,9.3640,4.0031
29.349,-3.0991,9.3640,4.0031
29.356,-3.0991,9.3640,4.0031
29.364,-3.1058,9.3640,4.0031
29.371,-3.1058,9.3640,4.0031
29.379,-3.1125,9.3640,4.0031
29.386,-3.1125,9.3640,4.0031
29.394,-3.1125,9.3640,4.0031
29.400,-3.1192,9.3640,4.0031
29.410,-3.1192,9.3640,4.0031
29.417,-3.1192,9.3640,4.0031
29.424,-3.1259,9.3640,4.0031
29.432,-3.1259,9.3640,4.0031
29.440,-3.1326,9.3640,4.0031
29.449,-3.1326,9.3640,4.0031
29.458,-3.1393,9.3640,4.0031
29.466,-3.1393,9.3640,4.0031
29.475,-3.1393,9.3640,4.0031
29.481,-3.1460,9.3640,4.0031
29.491,-3.1460,9.3640,4.0031
29.498,-3.1527,9.3640,4.0031
29.507,-3.1527,9.3640,4.0031
29.515,-3.1527,9.3640,4.0031
29.522,-3.1593,9.3640,4.0031
29.531,-3.1593,9.3640,4.0031
29.539,-3.1660,9.3640,4.0031
29.549,-3.1660,9.3640,4.0031
29.557,-3.1727,9.3640,4.0031
29.565,-3.1727,9.3640,4.0031
29.573,-3.1727,9.3640,4.0031
29.581,-3.1794,9.3640,4.0031
29.589,-3.1794,9.3640,4.0031
29.597,-3.1794,9.3640,4.0031
29.604,-3.1861,9.3640,4.0031
29.613,-3.1861,9.3640,4.0031
29.620,-3.1928,9.3640,4.0031
29.628,-3.1928,9.3640,4.0031
29.635,-3.1928,9.3640,4.0031
29.643,-3.1995,9.3640,4.0031
29.651,-3.1995,9.3640,4.0031
29.660,-3.2062,9.3640,4.0031
29.668,-3.2062,9.3640,4.0031
29.677,-3.2062,9.3640,4.0031
29.686,-3.2129,9.3640,4.0031
29.694,-3.2129,9.3640,4.0031
29.701,-3.2196,9.3640,4.0031
29.711,-3.2196,9.3640,4.0031
29.718,-3.2263,9.3640,4.0031
29.728,-3.2263,9.3640,4.0031
29.735,-3.2263,9.3640,4.0031
29.745,-3.2329,9.3640,4.0031
29.753,-3.2329,9.3640,4.0031
29.761,-3.2396,9.3640,4.0031
29.768,-3.2396,9.3640,4.0031
29.776,-3.2396,9.3640,4.0031
29.783,-3.2463,9.3640,4.0031
29.792,-3.2463,9.3640,4.0031
29.800,-3.2530,9.3640,4.0031
29.810,-3.2530,9.3640,4.0031
29.817,-3.2530,9.3640,4.0031
29.825,-3.2597,9.3640,4.0031
29.833,-3.2597,9.3640,4.0031
29.840,-3.2664,9.3640,4.0031
29.848,-3.2664,9.3640,4.0031
29.855,-3.2664,9.3640,4.0031
29.863,-3.2731,9.3640,4.0031
29.871,-3.2731,9.3640,4.0031
29.879,-3.2798,9.3640,4.0031
29.887,-3.2798,9.3640,4.0031
29.894,-3.2798,9.3640,4.0031
29.901,-3.2865,9.3640,4.0031
29.910,-3.2865,9.3640,4.0031
29.917,-3.2932,9.3640,4.0031
29.926,-3.2932,9.3640,4.0031
29.932,-3.2932,9.3640,4.0031
29.940,-3.2999,9.3640,4.0031
29.948,-3.2999,9.3640,4.0031
29.957,-3.2999,9.3640,4.0031
29.962,-3.3066,9.3640,4.0031
29.971,-3.3066,9.3640,4.0031
29.977,-3.3132,9.3640,4.0031
29.986,-3.3132,9.3640,4.0031
29.993,-3.3132,9.3640,4.0031
30.000,-3.3199,9.3640,4.0031
30.008,-3.3199,9.3640,4.0031
30.015,-3.3199,9.3640,4.0031
30.022,-3.3266,9.3640,4.0031
30.029,-3.3266,9.3640,4.0031
30.036,-3.3266,9.3640,4.0031
30.045,-3.3333,9.3640,4.0031
30.052,-3.3333,9.3640,4.0031
30.058,-3.3400,9.3640,4.0031
30.068,-3.3400,9.3640,4.0031
30.076,-3.3400,9.3640,4.0031
30.081,-3.3467,9.3640,4.0031
30.089,-3.3467,9.3640,4.0031
30.096,-3.3467,9.3640,4.0031
30.103,-3.3534,9.3640,4.0031
30.110,-3.3534,9.3640,4.0031
30.115,-3.3534,9.3640,4.0031
30.124,-3.3601,9.3640,4.0031
30.132,-3.3601,9.3640,4.0031
30.140,-3.3668,9.3640,4.0031
30.148,-3.3668,9.3640,4.0031
30.155,-3.3668,9.3640,4.0031
30.163,-3.3735,9.3640,4.0031
30.170,-3.3735,9.3640,4.0031
30.177,-3.3802,9.3640,4.0031
30.185,-3.3802,9.3640,4.0031
30.193,-3.3802,9.3640,4.0031
30.199,-3.3868,9.3640,4.0031
30.208,-3.3868,9.3640,4.0031
30.214,-3.3868,9.3640,4.0031
30.222,-3.3935,9.3640,4.0031
30.230,-3.3935,9.3640,4.0031
30.236,-3.3935,9.3640,4.0031
30.245,-3.4002,9.3640,4.0031
30.255,-3.4002,9.3640,4.0031
30.261,-3.4069,9.3640,4.0031
30.269,-3.4069,9.3640,4.0031
30.277,-3.4136,9.3640,4.0031
30.287,-3.4136,9.3640,4.0031
30.293,-3.4136,9.3640,4.0031
30.301,-3.4203,9.3640,4.0031
30.309,-3.4203,9.3640,4.0031
30.316,-3.4203,9.3640,4.0031
30.322,-3.4269,9.3640,4.0031
30.330,-3.4269,9.3640,4.0031
30.336,-3.4269,9.3640,4.0031
30.345,-3.4336,9.3640,4.0031
30.353,-3.4336,9.3640,4.0031
30.360,-3.4403,9.3640,4.0031
30.367,-3.4403,9.3640,4.0031
30.377,-3.4403,9.3640,4.0031
30.384,-3.4470,9.3640,4.0031
30.393,-3.4470,9.3640,4.0031
30.399,-3.4537,9.3640,4.0031
30.409,-3.4537,9.3640,4.0031
30.416,-3.4537,9.3640,4.0031
30.424,-3.4603,9.3640,4.0031
30.432,-3.4603,9.3640,4.0031
30.440,-3.4670,9.3640,4.0031
30.447,-3.4670,9.3640,4.0031
30.456,-3.4670,9.3640,4.0031
30.463,-3.4737,9.3640,4.0031
30.473,-3.4737,9.3640,4.0031
30.480,-3.4803,9.3640,4.0031
30.491,-3.4803,9.3640,4.0031
30.499,-3.4870,9.3640,4.0031
30.508,-3.4870,9.3640,4.0031
30.517,-3.4870,9.3640,4.0031
30.525,-3.4937,9.3640,4.0031
30.533,-3.4937,9.3640,4.0031
30.540,-3.5004,9.3640,4.0031
30.550,-3.5004,9.3640,4.0031
30.559,-3.5070,9.3640,4.0031
30.566,-3.5070,9.3640,4.0031
30.573,-3.5070,9.3640,4.0031
30.581,-3.5137,9.3640,4.0031
30.588,-3.5137,9.3640,4.0031
30.596,-3.5137,9.3640,4.0031
30.602,-3.5204,9.3640,4.0031
30.612,-3.5204,9.3640,4.0031
30.619,-3.5270,9.3640,4.0031
30.627,-3.5270,9.3640,4.0031
30.633,-3.5270,9.3640,4.0031
30.643,-3.5337,9.3640,4.0031
30.650,-3.5337,9.3640,4.0031
30.657,-3.5337,9.3640,4.0031
30.662,-3.5404,9.3640,4.0031
30.669,-3.5404,9.3640,4.0031
30.677,-3.5470,9.3640,4.0031
30.685,-3.5470,9.3640,4.0031
30.692,-3.5470,9.3640,4.0031
30.699,-3.5537,9.3640,4.0031
30.709,-3.5537,9.3640,4.0031
30.715,-3.5537,9.3640,4.0031
30.724,-3.5604,9.3640,4.0031
30.731,-3.5604,9.3640,4.0031
30.740,-3.5670,9.3640,4.0031
30.748,-3.5670,9.3640,4.0031
30.755,-3.5670,9.3640,4.0031
30.761,-3.5737,9.3640,4.0031
30.770,-3.5737,9.3640,4.0031
30.778,-3.5804,9.3640,4.0031
30.786,-3.5804,9.3640,4.0031
30.793,-3.5804,9.3640,4.0031
30.801,-3.5871,9.3640,4.0031
30.809,-3.5871,9.3640,4.0031
30.817,-3.5937,9.3640,4.0031
30.826,-3.5937,9.3640,4.0031
30.833,-3.5937,9.3640,4.0031
30.840,-3.6004,9.3640,4.0031
30.848,-3.6004,9.3640,4.0031
30.856,-3.6004,9.3640,4.0031
30.864,-3.6071,9.3640,4.0031
30.871,-3.6071,9.3640,4.0031
30.880,-3.6137,9.3640,4.0031
30.888,-3.6137,9.3640,4.0031
30.895,-3.6137,9.3640,4.0031
30.902,-3.6204,9.3640,4.0031
30.912,-3.6204,9.3640,4.0031
30.920,-3.6271,9.3640,4.0031
30.928,-3.6271,9.3640,4.0031
30.935,-3.6271,9.3640,4.0031
30.944,-3.6338,9.3640,4.0031
30.953,-3.6338,9.3640,4.0031
30.962,-3.6404,9.3640,4.0031
30.971,-3.6404,9.3640,4.0031
30.979,-3.6471,9.3640,4.0031
30.986,-3.6471,9.3640,4.0031
30.993,-3.6471,9.3640,4.0031
31.000,-3.6538,9.3640,4.0031
31.009,-3.6538,9.3640,4.0031
31.016,-3.6538,9.3640,4.0031
31.024,-3.6605,9.3640,4.0031
31.032,-3.6605,9.3640,4.0031
31.040,-3.6671,9.3640,4.0031
31.048,-3.6671,9.3640,4.0031
31.053,-3.6671,9.3640,4.0031
31.061,-3.6738,9.3640,4.0031
31.068,-3.6738,9.3640,4.0031
31.075,-3.6738,9.3640,4.0031
31.082,-3.6805,9.3640,4.0031
31.091,-3.6805,9.3640,4.0031
31.098,-3.6872,9.3640,4.0031
31.106,-3.6872,9.3640,4.0031
31.113,-3.6872,9.3640,4.0031
31.120,-3.6938,9.3640,4.0031
31.129,-3.6938,9.3640,4.0031
31.147,-3.7005,9.3640,4.0031
31.156,-3.7005,9.3640,4.0031
31.164,-3.7072,9.3640,4.0031
31.170,-3.7072,9.3640,4.0031
31.177,-3.7072,9.3640,4.0031
31.184,-3.7139,9.3640,4.0031
31.191,-3.7139,9.3640,4.0031
31.197,-3.7205,9.3640,4.0031
31.205,-3.7205,9.3640,4.0031
31.212,-3.7205,9.3640,4.0031
31.220,-3.7272,9.3640,4.0031
31.227,-3.7272,9.3640,4.0031
31.233,-3.7272,9.3640,4.0031
31.240,-3.7339,9.3640,4.0031
31.248,-3.7339,9.3640,4.0031
31.255,-3.7339,9.3640,4.0031
31.262,-3.7405,9.3640,4.0031
31.270,-3.7405,9.3640,4.0031
31.276,-3.7405,9.3640,4.0031
31.283,-3.7472,9.3640,4.0031
31.290,-3.7472,9.3640,4.0031
31.297,-3.7539,9.3640,4.0031
31.304,-3.7539,9.3640,4.0031
31.313,-3.7539,9.3640,4.0031
31.319,-3.7606,9.3640,4.0031
31.327,-3.7606,9.3640,4.0031
31.333,-3.7606,9.3640,4.0031
31.340,-3.7672,9.3640,4.0031
31.347,-3.7672,9.3640,4.0031
31.353,-3.7672,9.3640,4.0031
31.362,-3.7739,9.3640,4.0031
31.372,-3.7739,9.3640,4.0031
31.380,-3.7806,9.3640,4.0031
31.388,-3.7806,9.3640,4.0031
31.396,-3.7806,9.3640,4.0031
31.404,-3.7873,9.3640,4.0031
31.414,-3.7873,9.3640,4.0031
31.421,-3.7939,9.3640,4.0031
31.429,-3.7939,9.3640,4.0031
31.436,-3.7939,9.3640,4.0031
31.444,-3.8006,9.3640,4.0031
31.451,-3.8006,9.3640,4.0031
31.459,-3.8073,9.3640,4.0031
31.467,-3.8073,9.3640,4.0031
31.473,-3.8073,9.3640,4.0031
31.479,-3.8140,9.3640,4.0031
31.487,-3.8140,9.3640,4.0031
31.494,-3.8140,9.3640,4.0031
31.500,-3.8206,9.3640,4.0031
31.507,-3.8206,9.3640,4.0031
31.513,-3.8206,9.3640,4.0031
31.521,-3.8273,9.3640,4.0031
31.529,-3.8273,9.3640,4.0031
31.537,-3.8340,9.3640,4.0031
31.546,-3.8340,9.3640,4.0031
31.555,-3.8340,9.3640,4.0031
31.562,-3.8407,9.3640,4.0031
31.570,-3.8407,9.3640,4.0031
31.577,-3.8473,9.3640,4.0031
31.586,-3.8473,9.3640,4.0031
31.593,-3.8473,9.3640,4.0031
31.601,-3.8540,9.3640,4.0031
31.609,-3.8540,9.3640,4.0031
31.616,-3.8540,9.3640,4.0031
31.623,-3.8607,9.3640,4.0031
31.632,-3.8607,9.3640,4.0031
31.638,-3.8673,9.3640,4.0031
31.648,-3.8673,9.3640,4.0031
31.654,-3.8673,9.3640,4.0031
31.662,-3.8740,9.3640,4.0031
31.669,-3.8740,9.3640,4.0031
31.677,-3.8740,9.3640,4.0031
31.683,-3.8806,9.3640,4.0031
31.693,-3.8806,9.3640,4.0031
31.699,-3.8873,9.3640,4.0031
31.710,-3.8873,9.3640,4.0031
31.717,-3.8939,9.3640,4.0031
31.727,-3.8939,9.3640,4.0031
31.736,-3.8939,9.3640,4.0031
31.745,-3.9003,9.3640,4.0031
31.756,-3.9003,9.3640,4.0031
31.765,-3.9066,9.3640,4.0031
31.776,-3.9066,9.3640,4.0031
31.784,-3.9128,9.3640,4.0031
31.794,-3.9128,9.3640,4.0031
31.801,-3.9189,9.3640,4.0031
31.810,-3.9189,9.3640,4.0031
31.817,-3.9248,9.3640,4.0031
31.825,-3.9248,9.3640,4.0031
31.833,-3.9248,9.3640,4.0031
31.840,-3.9305,9.3640,4.0031
31.848,-3.9305,9.3640,4.0031
31.855,-3.9305,9.3640,4.0031
31.863,-3.9361,9.3640,4.0031
31.871,-3.9361,9.3640,4.0031
31.879,-3.9415,9.3640,4.0031
31.886,-3.9415,9.3640,4.0031
31.893,-3.9415,9.3640,4.0031
31.899,-3.9442,9.3640,4.0031
31.909,-3.9442,9.3640,4.0031
31.916,-3.9442,9.3640,4.0031
31.924,-3.9468,9.3640,4.0031
31.931,-3.9468,9.3640,4.0031
31.940,-3.9493,9.3640,4.0031
31.949,-3.9493,9.3640,4.0031
31.957,-3.9519,9.3640,4.0031
31.964,-3.9519,9.3640,4.0031
31.971,-3.9519,9.3640,4.0031
31.979,-3.9544,9.3640,4.0031
31.989,-3.9544,9.3640,4.0031
31.996,-3.9544,9.3640,4.0031
32.005,-3.9569,9.3640,4.0031
32.014,-3.9569,9.3640,4.0031
32.022,-3.9594,9.3640,4.0031
32.031,-3.9594,9.3640,4.0031
32.039,-3.9618,9.3640,4.0031
32.048,-3.9618,9.3640,4.0031
32.056,-3.9618,9.3640,4.0031
32.064,-3.9643,9.3640,4.0031
32.071,-3.9643,9.3640,4.0031
32.080,-3.9668,9.3640,4.0031
32.090,-3.9668,9.3640,4.0031
32.098,-3.9693,9.3640,4.0031
32.106,-3.9693,9.3640,4.0031
32.113,-3.9693,9.3640,4.0031
32.120,-3.9717,9.3640,4.0031
32.130,-3.9717,9.3640,4.0031
32.136,-3.9717,9.3640,4.0031
32.145,-3.9740,9.3640,4.0031
32.153,-3.9740,9.3640,4.0031
32.162,-3.9764,9.3640,4.0031
32.170,-3.9764,9.3640,4.0031
32.179,-3.9787,9.3640,4.0031
32.188,-3.9787,9.3640,4.0031
32.196,-3.9787,9.3640,4.0031
32.204,-3.9809,9.3640,4.0031
32.213,-3.9809,9.3640,4.0031
32.222,-3.9830,9.3640,4.0031
32.230,-3.9830,9.3640,4.0031
32.237,-3.9830,9.3640,4.0031
32.245,-3.9851,9.3640,4.0031
32.253,-3.9851,9.3640,4.0031
32.260,-3.9871,9.3640,4.0031
32.267,-3.9871,9.3640,4.0031
32.275,-3.9871,9.3640,4.0031
32.283,-3.9891,9.3640,4.0031
32.291,-3.9891,9.3640,4.0031
32.297,-3.9900,9.3640,4.0031
32.305,-3.9900,9.3640,4.0031
32.312,-3.9900,9.3640,4.0031
32.319,-3.9909,9.3640,4.0031
32.326,-3.9909,9.3640,4.0031
32.334,-3.9909,9.3640,4.0031
32.341,-3.9918,9.3640,4.0031
32.349,-3.9918,9.3640,4.0031
32.356,-3.9918,9.3640,4.0031
32.363,-3.9927,9.3640,4.0031
32.371,-3.9927,9.3640,4.0031
32.378,-3.9935,9.3640,4.0031
32.385,-3.9935,9.3640,4.0031
32.393,-3.9935,9.3640,4.0031
32.400,-3.9944,9.3640,4.0031
32.408,-3.9944,9.3640,4.0031
32.414,-3.9944,9.3640,4.0031
32.421,-3.9951,9.3640,4.0031
32.430,-3.9951,9.3640,4.0031
32.437,-3.9951,9.3640,4.0031
32.444,-3.9959,9.3640,4.0031
32.451,-3.9959,9.3640,4.0031
32.460,-3.9966,9.3640,4.0031
32.468,-3.9966,9.3640,4.0031
32.475,-3.9966,9.3640,4.0031
32.483,-3.9973,9.3640,4.0031
32.494,-3.9973,9.3640,4.0031
32.499,-3.9980,9.3640,4.0031
32.508,-3.9980,9.3640,4.0031
32.515,-3.9980,9.3640,4.0031
32.522,-3.9986,9.3640,4.0031
32.530,-3.9986,9.3640,4.0031
32.537,-3.9986,9.3640,4.0031
32.543,-3.9993,9.3640,4.0031
32.552,-3.9993,9.3640,4.0031
32.560,-3.9999,9.3640,4.0031
32.568,-3.9999,9.3640,4.0031
32.576,-3.9999,9.3640,4.0031
32.584,-4.0005,9.3640,4.0031
32.591,-4.0005,9.3640,4.0031
32.598,-4.0011,9.3640,4.0031
32.605,-4.0011,9.3640,4.0031
32.613,-4.0011,9.3640,4.0031
32.619,-4.0013,9.3640,4.0031
32.628,-4.0013,9.3640,4.0031
32.633,-4.0013,9.3640,4.0031
32.641,-4.0015,9.3640,4.0031
32.649,-4.0015,9.3640,4.0031
32.656,-4.0015,9.3640,4.0031
32.663,-4.0017,9.3640,4.0031
32.672,-4.0017,9.3640,4.0031
32.679,-4.0019,9.3640,4.0031
32.687,-4.0019,9.3640,4.0031
32.694,-4.0019,9.3640,4.0031
32.701,-4.0021,9.3640,4.0031
32.710,-4.0021,9.3640,4.0031
32.716,-4.0021,9.3640,4.0031
32.724,-4.0023,9.3640,4.0031
32.732,-4.0023,9.3640,4.0031
32.741,-4.0025,9.3640,4.0031
32.748,-4.0025,9.3640,4.0031
32.756,-4.0025,9.3640,4.0031
32.763,-4.0026,9.3640,4.0031
32.771,-4.0026,9.3640,4.0031
32.778,-4.0028,9.3640,4.0031
32.785,-4.0028,9.3640,4.0031
32.793,-4.0028,9.3640,4.0031
32.800,-4.0030,9.3640,4.0031
32.808,-4.0030,9.3640,4.0031
32.815,-4.0030,9.3640,4.0031
32.822,-4.0031,9.3640,4.0031
32.832,-4.0031,9.3640,4.0031
32.839,-4.0033,9.3640,4.0031
32.848,-4.0033,9.3640,4.0031
32.856,-4.0033,9.3640,4.0031
32.864,-4.0034,9.3640,4.0031
32.872,-4.0034,9.3640,4.0031
32.881,-4.0036,9.3640,4.0031
32.890,-4.0036,9.3640,4.0031
32.897,-4.0036,9.3640,4.0031
32.903,-4.0037,9.3640,4.0031
32.913,-4.0037,9.3640,4.0031
32.919,-4.0038,9.3640,4.0031
32.929,-4.0038,9.3640,4.0031
32.935,-4.0038,9.3640,4.0031
32.945,-4.0039,9.3640,4.0031
32.953,-4.0039,9.3640,4.0031
32.962,-4.0040,9.3640,4.0031
32.970,-4.0040,9.3640,4.0031
32.978,-4.0040,9.3640,4.0031
32.986,-4.0040,9.3640,4.0031
32.993,-4.0040,9.3640,4.0031
33.001,-4.0040,9.3640,4.0031
33.009,-4.0040,9.3640,4.0031
33.016,-4.0040,9.3640,4.0031
33.024,-4.0040,9.3640,4.0031
33.033,-4.0040,9.3640,4.0031
33.041,-4.0040,9.3640,4.0031
33.049,-4.0040,9.3640,4.0031
33.057,-4.0040,9.3640,4.0031
33.066,-4.0040,9.3640,4.0031
33.073,-4.0040,9.3640,4.0031
33.081,-4.0040,9.3640,4.0031
33.089,-4.0040,9.3640,4.0031
33.097,-4.0040,9.3640,4.0031
33.104,-4.0040,9.3640,4.0031
33.111,-4.0040,9.3640,4.0031
33.117,-4.0040,9.3640,4.0031
33.125,-4.0040,9.3640,4.0031
33.131,-4.0040,9.3640,4.0031
33.137,-4.0040,9.3640,4.0031
33.144,-4.0040,9.3640,4.0031
33.151,-4.0040,9.3640,4.0031
33.160,-4.0040,9.3640,4.0031
33.171,-4.0040,9.3640,4.0031
33.178,-4.0040,9.3639,4.0031
33.186,-4.0040,9.3639,4.0031
33.193,-4.0040,9.3639,4.0031
33.199,-4.0040,9.3639,4.0031
33.207,-4.0040,9.3639,4.0031
33.213,-4.0040,9.3639,4.0031
33.220,-4.0040,9.3638,4.0031
33.228,-4.0040,9.3638,4.0031
33.236,-4.0040,9.3638,4.0031
33.245,-4.0040,9.3635,4.0031
33.254,-4.0040,9.3635,4.0031
33.261,-4.0040,9.3632,4.0031
33.269,-4.0040,9.3632,4.0031
33.277,-4.0040,9.3629,4.0031
33.286,-4.0040,9.3629,4.0031
33.293,-4.0040,9.3629,4.0031
33.300,-4.0040,9.3621,4.0031
33.309,-4.0040,9.3621,4.0031
33.316,-4.0040,9.3621,4.0031
33.323,-4.0040,9.3612,4.0031
33.331,-4.0040,9.3612,4.0031
33.338,-4.0040,9.3602,4.0031
33.348,-4.0040,9.3602,4.0031
33.354,-4.0040,9.3602,4.0031
33.362,-4.0040,9.3580,4.0031
33.369,-4.0040,9.3580,4.0031
33.377,-4.0040,9.3557,4.0031
33.385,-4.0040,9.3557,4.0031
33.394,-4.0040,9.3557,4.0031
33.401,-4.0040,9.3531,4.0031
33.412,-4.0040,9.3531,4.0031
33.420,-4.0040,9.3504,4.0031
33.429,-4.0040,9.3504,4.0031
33.435,-4.0040,9.3504,4.0031
33.443,-4.0040,9.3477,4.0031
33.451,-4.0040,9.3477,4.0031
33.459,-4.0040,9.3451,4.0031
33.466,-4.0040,9.3451,4.0031
33.475,-4.0040,9.3451,4.0031
33.481,-4.0040,9.3424,4.0031
33.490,-4.0040,9.3424,4.0031
33.497,-4.0040,9.3397,4.0031
33.512,-4.0040,9.3397,4.0031
33.523,-4.0040,9.3371,4.0031
33.531,-4.0040,9.3371,4.0031
33.537,-4.0040,9.3344,4.0031
33.545,-4.0040,9.3344,4.0031
33.552,-4.0040,9.3344,4.0031
33.559,-4.0040,9.3317,4.0031
33.567,-4.0040,9.3317,4.0031
33.575,-4.0040,9.3317,4.0031
33.584,-4.0040,9.3291,4.0031
33.591,-4.0040,9.3291,4.0031
33.598,-4.0040,9.3264,4.0031
33.606,-4.0040,9.3264,4.0031
33.614,-4.0040,9.3264,4.0031
33.621,-4.0040,9.3237,4.0031
33.630,-4.0040,9.3237,4.0031
33.636,-4.0040,9.3237,4.0031
33.644,-4.0040,9.3211,4.0031
33.652,-4.0040,9.3211,4.0031
33.659,-4.0040,9.3184,4.0031
33.668,-4.0040,9.3184,4.0031
33.675,-4.0040,9.3184,4.0031
33.682,-4.0040,9.3157,4.0031
33.690,-4.0040,9.3157,4.0031
33.697,-4.0040,9.3131,4.0031
33.706,-4.0040,9.3131,4.0031
33.713,-4.0040,9.3131,4.0031
33.721,-4.0040,9.3104,4.0031
33.731,-4.0040,9.3104,4.0031
33.737,-4.0040,9.3104,4.0031
33.744,-4.0040,9.3077,4.0031
33.752,-4.0040,9.3077,4.0031
33.760,-4.0040,9.3051,4.0031
33.767,-4.0040,9.3051,4.0031
33.774,-4.0040,9.3051,4.0031
33.782,-4.0040,9.3024,4.0031
33.791,-4.0040,9.3024,4.0031
33.798,-4.0040,9.2997,4.0031
33.807,-4.0040,9.2997,4.0031
33.814,-4.0040,9.2997,4.0031
33.821,-4.0040,9.2971,4.0031
33.829,-4.0040,9.2971,4.0031
33.836,-4.0040,9.2971,4.0031
33.845,-4.0040,9.2944,4.0031
33.854,-4.0040,9.2944,4.0031
33.861,-4.0040,9.2917,4.0031
33.867,-4.0040,9.2917,4.0031
33.875,-4.0040,9.2917,4.0031
33.882,-4.0040,9.2891,4.0031
33.889,-4.0040,9.2891,4.0031
33.895,-4.0040,9.2891,4.0031
33.903,-4.0040,9.2864,4.0031
33.913,-4.0040,9.2864,4.0031
33.922,-4.0040,9.2837,4.0031
33.931,-4.0040,9.2837,4.0031
33.939,-4.0040,9.2811,4.0031
33.947,-4.0040,9.2811,4.0031
33.955,-4.0040,9.2811,4.0031
33.963,-4.0040,9.2784,4.0031
33.973,-4.0040,9.2784,4.0031
33.980,-4.0040,9.2757,4.0031
33.991,-4.0040,9.2757,4.0031
34.000,-4.0040,9.2731,4.0031
34.008,-4.0040,9.2731,4.0031
34.016,-4.0040,9.2731,4.0031
34.022,-4.0040,9.2704,4.0031
34.031,-4.0040,9.2704,4.0031
34.038,-4.0040,9.2677,4.0031
34.046,-4.0040,9.2677,4.0031
34.053,-4.0040,9.2677,4.0031
34.061,-4.0040,9.2651,4.0031
34.068,-4.0040,9.2651,4.0031
34.076,-4.0040,9.2651,4.0031
34.083,-4.0040,9.2624,4.0031
34.093,-4.0040,9.2624,4.0031
34.101,-4.0040,9.2597,4.0031
34.111,-4.0040,9.2597,4.0031
34.119,-4.0040,9.2571,4.0031
34.127,-4.0040,9.2571,4.0031
34.134,-4.0040,9.2571,4.0031
34.142,-4.0040,9.2544,4.0031
34.151,-4.0040,9.2544,4.0031
34.159,-4.0040,9.2517,4.0031
34.168,-4.0040,9.2517,4.0031
34.176,-4.0040,9.2517,4.0031
34.184,-4.0040,9.2491,4.0031
34.192,-4.0040,9.2491,4.0031
34.199,-4.0040,9.2464,4.0031
34.209,-4.0040,9.2464,4.0031
34.217,-4.0040,9.2464,4.0031
34.224,-4.0040,9.2437,4.0031
34.232,-4.0040,9.2437,4.0031
34.242,-4.0040,9.2411,4.0031
34.253,-4.0040,9.2411,4.0031
34.261,-4.0040,9.2384,4.0031
34.269,-4.0040,9.2384,4.0031
34.277,-4.0040,9.2357,4.0031
34.285,-4.0040,9.2357,4.0031
34.293,-4.0040,9.2357,4.0031
34.301,-4.0040,9.2331,4.0031
34.311,-4.0040,9.2331,4.0031
34.318,-4.0040,9.2304,4.0031
34.327,-4.0040,9.2304,4.0031
34.334,-4.0040,9.2304,4.0031
34.341,-4.0040,9.2277,4.0031
34.349,-4.0040,9.2277,4.0031
34.358,-4.0040,9.2251,4.0031
34.365,-4.0040,9.2251,4.0031
34.373,-4.0040,9.2251,4.0031
34.379,-4.0040,9.2224,4.0031
34.388,-4.0040,9.2224,4.0031
34.395,-4.0040,9.2224,4.0031
34.402,-4.0040,9.2197,4.0031
34.411,-4.0040,9.2197,4.0031
34.418,-4.0040,9.2171,4.0031
34.427,-4.0040,9.2171,4.0031
34.433,-4.0040,9.2171,4.0031
34.441,-4.0040,9.2144,4.0031
34.449,-4.0040,9.2144,4.0031
34.456,-4.0040,9.2144,4.0031
34.464,-4.0040,9.2117,4.0031
34.473,-4.0040,9.2117,4.0031
34.481,-4.0040,9.2091,4.0031
34.489,-4.0040,9.2091,4.0031
34.497,-4.0040,9.2064,4.0031
34.506,-4.0040,9.2064,4.0031
34.515,-4.0040,9.2064,4.0031
34.523,-4.0040,9.2037,4.0031
34.531,-4.0040,9.2037,4.0031
34.538,-4.0040,9.2011,4.0031
34.549,-4.0040,9.2011,4.0031
34.557,-4.0040,9.2011,4.0031
34.565,-4.0040,9.1984,4.0031
34.575,-4.0040,9.1984,4.0031
34.583,-4.0040,9.1957,4.0031
34.592,-4.0040,9.1957,4.0031
34.599,-4.0040,9.1931,4.0031
34.609,-4.0040,9.1931,4.0031
34.615,-4.0040,9.1931,4.0031
34.623,-4.0040,9.1904,4.0031
34.631,-4.0040,9.1904,4.0031
34.640,-4.0040,9.1877,4.0031
34.648,-4.0040,9.1877,4.0031
34.656,-4.0040,9.1877,4.0031
34.663,-4.0040,9.1851,4.0031
34.673,-4.0040,9.1851,4.0031
34.680,-4.0040,9.1824,4.0031
34.691,-4.0040,9.1824,4.0031
34.698,-4.0040,9.1797,4.0031
34.706,-4.0040,9.1797,4.0031
34.714,-4.0040,9.1797,4.0031
34.723,-4.0040,9.1771,4.0031
34.732,-4.0040,9.1771,4.0031
34.740,-4.0040,9.1744,4.0031
34.750,-4.0040,9.1744,4.0031
34.758,-4.0040,9.1717,4.0031
34.766,-4.0040,9.1717,4.0031
34.774,-4.0040,9.1717,4.0031
34.781,-4.0040,9.1691,4.0031
34.791,-4.0040,9.1691,4.0031
34.798,-4.0040,9.1664,4.0031
34.805,-4.0040,9.1664,4.0031
34.812,-4.0040,9.1664,4.0031
34.819,-4.0040,9.1637,4.0031
34.828,-4.0040,9.1637,4.0031
34.835,-4.0040,9.1637,4.0031
34.843,-4.0040,9.1611,4.0031
34.852,-4.0040,9.1611,4.0031
34.859,-4.0040,9.1584,4.0031
34.868,-4.0040,9.1584,4.0031
34.876,-4.0040,9.1584,4.0031
34.883,-4.0040,9.1557,4.0031
34.891,-4.0040,9.1557,4.0031
34.899,-4.0040,9.1531,4.0031
34.909,-4.0040,9.1531,4.0031
34.916,-4.0040,9.1531,4.0031
34.922,-4.0040,9.1504,4.0031
34.931,-4.0040,9.1504,4.0031
34.938,-4.0040,9.1477,4.0031
34.947,-4.0040,9.1477,4.0031
34.954,-4.0040,9.1477,4.0031
34.962,-4.0040,9.1451,4.0031
34.970,-4.0040,9.1451,4.0031
34.978,-4.0040,9.1424,4.0031
34.985,-4.0040,9.1424,4.0031
34.993,-4.0040,9.1424,4.0031
35.000,-4.0040,9.1397,4.0031
35.009,-4.0040,9.1397,4.0031
35.015,-4.0040,9.1397,4.0031
35.022,-4.0040,9.1371,4.0031
35.031,-4.0040,9.1371,4.0031
35.038,-4.0040,9.1344,4.0031
35.048,-4.0040,9.1344,4.0031
35.056,-4.0040,9.1344,4.0031
35.064,-4.0040,9.1317,4.0031
35.073,-4.0040,9.1317,4.0031
35.080,-4.0040,9.1291,4.0031
35.089,-4.0040,9.1291,4.0031
35.095,-4.0040,9.1291,4.0031
35.103,-4.0040,9.1264,4.0031
35.111,-4.0040,9.1264,4.0031
35.120,-4.0040,9.1237,4.0031
35.129,-4.0040,9.1237,4.0031
35.137,-4.0040,9.1237,4.0031
35.144,-4.0040,9.1211,4.0031
35.153,-4.0040,9.1211,4.0031
35.159,-4.0040,9.1184,4.0031
35.168,-4.0040,9.1184,4.0031
35.176,-4.0040,9.1184,4.0031
35.184,-4.0040,9.1157,4.0031
35.192,-4.0040,9.1157,4.0031
35.199,-4.0040,9.1131,4.0031
35.208,-4.0040,9.1131,4.0031
35.216,-4.0040,9.1131,4.0031
35.223,-4.0040,9.1104,4.0031
35.231,-4.0040,9.1104,4.0031
35.240,-4.0040,9.1077,4.0031
35.249,-4.0040,9.1077,4.0031
35.255,-4.0040,9.1077,4.0031
35.263,-4.0040,9.1051,4.0031
35.271,-4.0040,9.1051,4.0031
35.279,-4.0040,9.1024,4.0031
35.287,-4.0040,9.1024,4.0031
35.295,-4.0040,9.1024,4.0031
35.301,-4.0040,9.0997,4.0031
35.311,-4.0040,9.0997,4.0031
35.317,-4.0040,9.0997,4.0031
35.323,-4.0040,9.0971,4.0031
35.331,-4.0040,9.0971,4.0031
35.338,-4.0040,9.0944,4.0031
35.348,-4.0040,9.0944,4.0031
35.355,-4.0040,9.0944,4.0031
35.363,-4.0040,9.0917,4.0031
35.371,-4.0040,9.0917,4.0031
35.380,-4.0040,9.0891,4.0031
35.389,-4.0040,9.0891,4.0031
35.397,-4.0040,9.0864,4.0031
35.407,-4.0040,9.0864,4.0031
35.414,-4.0040,9.0864,4.0031
35.423,-4.0040,9.0837,4.0031
35.431,-4.0040,9.0837,4.0031
35.438,-4.0040,9.0811,4.0031
35.449,-4.0040,9.0811,4.0031
35.456,-4.0040,9.0811,4.0031
35.464,-4.0040,9.0784,4.0031
35.474,-4.0040,9.0784,4.0031
35.482,-4.0040,9.0757,4.0031
35.490,-4.0040,9.0757,4.0031
35.497,-4.0040,9.0731,4.0031
35.507,-4.0040,9.0731,4.0031
35.515,-4.0040,9.0731,4.0031
35.522,-4.0040,9.0704,4.0031
35.531,-4.0040,9.0704,4.0031
35.539,-4.0040,9.0677,4.0031
35.548,-4.0040,9.0677,4.0031
35.555,-4.0040,9.0677,4.0031
35.563,-4.0040,9.0651,4.0031
35.573,-4.0040,9.0651,4.0031
35.581,-4.0040,9.0624,4.0031
35.590,-4.0040,9.0624,4.0031
35.597,-4.0040,9.0597,4.0031
35.606,-4.0040,9.0597,4.0031
35.613,-4.0040,9.0597,4.0031
35.621,-4.0040,9.0571,4.0031
35.628,-4.0040,9.0571,4.0031
35.635,-4.0040,9.0571,4.0031
35.642,-4.0040,9.0544,4.0031
35.651,-4.0040,9.0544,4.0031
35.658,-4.0040,9.0517,4.0031
35.667,-4.0040,9.0517,4.0031
35.674,-4.0040,9.0517,4.0031
35.681,-4.0040,9.0491,4.0031
35.689,-4.0040,9.0491,4.0031
35.697,-4.0040,9.0464,4.0031
35.704,-4.0040,9.0464,4.0031
35.712,-4.0040,9.0464,4.0031
35.719,-4.0040,9.0437,4.0031
35.729,-4.0040,9.0437,4.0031
35.735,-4.0040,9.0437,4.0031
35.742,-4.0040,9.0411,4.0031
35.751,-4.0040,9.0411,4.0031
35.759,-4.0040,9.0384,4.0031
35.766,-4.0040,9.0384,4.0031
35.775,-4.0040,9.0384,4.0031
35.783,-4.0040,9.0357,4.0031
35.793,-4.0040,9.0357,4.0031
35.799,-4.0040,9.0331,4.0031
35.809,-4.0040,9.0331,4.0031
35.816,-4.0040,9.0331,4.0031
35.824,-4.0040,9.0304,4.0031
35.832,-4.0040,9.0304,4.0031
35.842,-4.0040,9.0278,4.0031
35.851,-4.0040,9.0278,4.0031
35.858,-4.0040,9.0252,4.0031
35.867,-4.0040,9.0252,4.0031
35.876,-4.0040,9.0252,4.0031
35.883,-4.0040,9.0225,4.0031
35.892,-4.0040,9.0225,4.0031
35.900,-4.0040,9.0199,4.0031
35.919,-4.0040,9.0173,4.0031
35.928,-4.0040,9.0173,4.0031
35.935,-4.0040,9.0173,4.0031
35.943,-4.0040,9.0146,4.0031
35.952,-4.0040,9.0146,4.0031
35.960,-4.0040,9.0120,4.0031
35.969,-4.0040,9.0120,4.0031
35.978,-4.0040,9.0094,4.0031
35.987,-4.0040,9.0094,4.0031
35.996,-4.0040,9.0094,4.0031
36.003,-4.0040,9.0067,4.0031
36.013,-4.0040,9.0067,4.0031
36.021,-4.0040,9.0041,4.0031
36.030,-4.0040,9.0041,4.0031
36.037,-4.0040,9.0015,4.0031
36.046,-4.0040,9.0015,4.0031
36.053,-4.0040,9.0015,4.0031
36.060,-4.0040,8.9988,4.0031
36.067,-4.0040,8.9988,4.0031
36.075,-4.0040,8.9988,4.0031
36.083,-4.0040,8.9962,4.0031
36.091,-4.0040,8.9962,4.0031
36.098,-4.0040,8.9936,4.0031
36.106,-4.0040,8.9936,4.0031
36.114,-4.0040,8.9936,4.0031
36.121,-4.0040,8.9909,4.0031
36.129,-4.0040,8.9909,4.0031
36.137,-4.0040,8.9909,4.0031
36.145,-4.0040,8.9882,4.0031
36.154,-4.0040,8.9882,4.0031
36.160,-4.0040,8.9856,4.0031
36.168,-4.0040,8.9856,4.0031
36.176,-4.0040,8.9856,4.0031
36.182,-4.0040,8.9829,4.0031
36.189,-4.0040,8.9829,4.0031
36.197,-4.0040,8.9829,4.0031
36.203,-4.0040,8.9803,4.0031
36.213,-4.0040,8.9803,4.0031
36.218,-4.0040,8.9776,4.0031
36.228,-4.0040,8.9776,4.0031
36.234,-4.0040,8.9776,4.0031
36.242,-4.0040,8.9749,4.0031
36.250,-4.0040,8.9749,4.0031
36.257,-4.0040,8.9723,4.0031
36.265,-4.0040,8.9723,4.0031
36.274,-4.0040,8.9723,4.0031
36.281,-4.0040,8.9696,4.0031
36.289,-4.0040,8.9696,4.0031
36.296,-4.0040,8.9696,4.0031
36.303,-4.0040,8.9669,4.0031
36.312,-4.0040,8.9669,4.0031
36.318,-4.0040,8.9643,4.0031
36.327,-4.0040,8.9643,4.0031
36.334,-4.0040,8.9643,4.0031
36.341,-4.0040,8.9616,4.0031
36.349,-4.0040,8.9616,4.0031
36.358,-4.0040,8.9589,4.0031
36.365,-4.0040,8.9589,4.0031
36.372,-4.0040,8.9589,4.0031
36.380,-4.0040,8.9563,4.0031
36.389,-4.0040,8.9563,4.0031
36.395,-4.0040,8.9563,4.0031
36.404,-4.0040,8.9536,4.0031
36.412,-4.0040,8.9536,4.0031
36.419,-4.0040,8.9509,4.0031
36.427,-4.0040,8.9509,4.0031
36.434,-4.0040,8.9509,4.0031
36.441,-4.0040,8.9483,4.0031
36.450,-4.0040,8.9483,4.0031
36.457,-4.0040,8.9456,4.0031
36.466,-4.0040,8.9456,4.0031
36.474,-4.0040,8.9456,4.0031
36.482,-4.0040,8.9429,4.0031
36.491,-4.0040,8.9429,4.0031
36.499,-4.0040,8.9403,4.0031
36.509,-4.0040,8.9403,4.0031
36.516,-4.0040,8.9403,4.0031
36.523,-4.0040,8.9376,4.0031
36.532,-4.0040,8.9376,4.0031
36.539,-4.0040,8.9349,4.0031
36.549,-4.0040,8.9349,4.0031
36.556,-4.0040,8.9349,4.0031
36.564,-4.0040,8.9323,4.0031
36.573,-4.0040,8.9323,4.0031
36.580,-4.0040,8.9296,4.0031
36.588,-4.0040,8.9296,4.0031
36.596,-4.0040,8.9296,4.0031
36.603,-4.0040,8.9269,4.0031
36.613,-4.0040,8.9269,4.0031
36.622,-4.0040,8.9243,4.0031
36.631,-4.0040,8.9243,4.0031
36.639,-4.0040,8.9216,4.0031
36.647,-4.0040,8.9216,4.0031
36.655,-4.0040,8.9216,4.0031
36.662,-4.0040,8.9189,4.0031
36.670,-4.0040,8.9189,4.0031
36.678,-4.0040,8.9163,4.0031
36.686,-4.0040,8.9163,4.0031
36.694,-4.0040,8.9163,4.0031
36.701,-4.0040,8.9136,4.0031
36.711,-4.0040,8.9136,4.0031
36.719,-4.0040,8.9109,4.0031
36.728,-4.0040,8.9109,4.0031
36.736,-4.0040,8.9109,4.0031
36.744,-4.0040,8.9083,4.0031
36.753,-4.0040,8.9083,4.0031
36.761,-4.0040,8.9056,4.0031
36.769,-4.0040,8.9056,4.0031
36.777,-4.0040,8.9056,4.0031
36.785,-4.0040,8.9029,4.0031
36.793,-4.0040,8.9029,4.0031
36.800,-4.0040,8.9003,4.0031
36.810,-4.0040,8.9003,4.0031
36.817,-4.0040,8.8976,4.0031
36.826,-4.0040,8.8976,4.0031
36.833,-4.0040,8.8976,4.0031
36.842,-4.0040,8.8949,4.0031
36.850,-4.0040,8.8949,4.0031
36.858,-4.0040,8.8923,4.0031
36.865,-4.0040,8.8923,4.0031
36.872,-4.0040,8.8923,4.0031
36.880,-4.0040,8.8896,4.0031
36.887,-4.0040,8.8896,4.0031
36.893,-4.0040,8.8896,4.0031
36.900,-4.0040,8.8869,4.0031
36.909,-4.0040,8.8869,4.0031
36.915,-4.0040,8.8869,4.0031
36.922,-4.0040,8.8843,4.0031
36.931,-4.0040,8.8843,4.0031
36.937,-4.0040,8.8816,4.0031
36.946,-4.0040,8.8816,4.0031
36.953,-4.0040,8.8816,4.0031
36.961,-4.0040,8.8789,4.0031
36.969,-4.0040,8.8789,4.0031
36.977,-4.0040,8.8763,4.0031
36.987,-4.0040,8.8763,4.0031
36.994,-4.0040,8.8763,4.0031
37.001,-4.0040,8.8736,4.0031
37.010,-4.0040,8.8736,4.0031
37.018,-4.0040,8.8709,4.0031
37.027,-4.0040,8.8709,4.0031
37.033,-4.0040,8.8709,4.0031
37.041,-4.0040,8.8683,4.0031
37.050,-4.0040,8.8683,4.0031
37.057,-4.0040,8.8656,4.0031
37.065,-4.0040,8.8656,4.0031
37.073,-4.0040,8.8656,4.0031
37.081,-4.0040,8.8629,4.0031
37.090,-4.0040,8.8629,4.0031
37.097,-4.0040,8.8603,4.0031
37.106,-4.0040,8.8603,4.0031
37.115,-4.0040,8.8603,4.0031
37.123,-4.0040,8.8576,4.0031
37.131,-4.0040,8.8576,4.0031
37.141,-4.0040,8.8549,4.0031
37.150,-4.0040,8.8549,4.0031
37.158,-4.0040,8.8523,4.0031
37.166,-4.0040,8.8523,4.0031
37.174,-4.0040,8.8523,4.0031
37.181,-4.0040,8.8496,4.0031
37.190,-4.0040,8.8496,4.0031
37.197,-4.0040,8.8469,4.0031
37.206,-4.0040,8.8469,4.0031
37.213,-4.0040,8.8469,4.0031
37.222,-4.0040,8.8443,4.0031
37.230,-4.0040,8.8443,4.0031
37.238,-4.0040,8.8416,4.0031
37.247,-4.0040,8.8416,4.0031
37.255,-4.0040,8.8416,4.0031
37.262,-4.0040,8.8390,4.0031
37.270,-4.0040,8.8390,4.0031
37.278,-4.0040,8.8363,4.0031
37.287,-4.0040,8.8363,4.0031
37.294,-4.0040,8.8363,4.0031
37.301,-4.0040,8.8336,4.0031
37.309,-4.0040,8.8336,4.0031
37.317,-4.0040,8.8310,4.0031
37.327,-4.0040,8.8310,4.0031
37.334,-4.0040,8.8310,4.0031
37.341,-4.0040,8.8283,4.0031
37.350,-4.0040,8.8283,4.0031
37.357,-4.0040,8.8256,4.0031
37.366,-4.0040,8.8256,4.0031
37.373,-4.0040,8.8256,4.0031
37.380,-4.0040,8.8230,4.0031
37.388,-4.0040,8.8230,4.0031
37.395,-4.0040,8.8230,4.0031
37.401,-4.0040,8.8203,4.0031
37.411,-4.0040,8.8203,4.0031
37.417,-4.0040,8.8177,4.0031
37.426,-4.0040,8.8177,4.0031
37.432,-4.0040,8.8177,4.0031
37.440,-4.0040,8.8150,4.0031
37.448,-4.0040,8.8150,4.0031
37.456,-4.0040,8.8150,4.0031
37.464,-4.0040,8.8123,4.0031
37.474,-4.0040,8.8123,4.0031
37.482,-4.0040,8.8097,4.0031
37.492,-4.0040,8.8097,4.0031
37.498,-4.0040,8.8070,4.0031
37.508,-4.0040,8.8070,4.0031
37.515,-4.0040,8.8070,4.0031
37.523,-4.0040,8.8044,4.0031
37.533,-4.0040,8.8044,4.0031
37.540,-4.0040,8.8017,4.0031
37.548,-4.0040,8.8017,4.0031
37.556,-4.0040,8.8017,4.0031
37.563,-4.0040,8.7991,4.0031
37.571,-4.0040,8.7991,4.0031
37.579,-4.0040,8.7964,4.0031
37.586,-4.0040,8.7964,4.0031
37.595,-4.0040,8.7964,4.0031
37.602,-4.0040,8.7938,4.0031
37.611,-4.0040,8.7938,4.0031
37.617,-4.0040,8.7912,4.0031
37.626,-4.0040,8.7912,4.0031
37.633,-4.0040,8.7912,4.0031
37.641,-4.0040,8.7885,4.0031
37.648,-4.0040,8.7885,4.0031
37.655,-4.0040,8.7885,4.0031
37.664,-4.0040,8.7859,4.0031
37.672,-4.0040,8.7859,4.0031
37.679,-4.0040,8.7832,4.0031
37.689,-4.0040,8.7832,4.0031
37.696,-4.0040,8.7832,4.0031
37.704,-4.0040,8.7806,4.0031
37.714,-4.0040,8.7806,4.0031
37.721,-4.0040,8.7780,4.0031
37.730,-4.0040,8.7780,4.0031
37.737,-4.0040,8.7753,4.0031
37.745,-4.0040,8.7753,4.0031
37.753,-4.0040,8.7753,4.0031
37.759,-4.0040,8.7727,4.0031
37.767,-4.0040,8.7727,4.0031
37.775,-4.0040,8.7727,4.0031
37.781,-4.0040,8.7701,4.0031
37.790,-4.0040,8.7701,4.0031
37.797,-4.0040,8.7674,4.0031
37.805,-4.0040,8.7674,4.0031
37.813,-4.0040,8.7674,4.0031
37.819,-4.0040,8.7648,4.0031
37.829,-4.0040,8.7648,4.0031
37.835,-4.0040,8.7648,4.0031
37.843,-4.0040,8.7621,4.0031
37.850,-4.0040,8.7621,4.0031
37.859,-4.0040,8.7595,4.0031
37.868,-4.0040,8.7595,4.0031
37.876,-4.0040,8.7595,4.0031
37.883,-4.0040,8.7568,4.0031
37.892,-4.0040,8.7568,4.0031
37.899,-4.0040,8.7542,4.0031
37.909,-4.0040,8.7542,4.0031
37.915,-4.0040,8.7542,4.0031
37.924,-4.0040,8.7515,4.0031
37.932,-4.0040,8.7515,4.0031
37.940,-4.0040,8.7489,4.0031
37.950,-4.0040,8.7489,4.0031
37.958,-4.0040,8.7463,4.0031
37.966,-4.0040,8.7463,4.0031
37.973,-4.0040,8.7463,4.0031
37.980,-4.0040,8.7437,4.0031
37.991,-4.0040,8.7437,4.0031
37.999,-4.0040,8.7410,4.0031
38.008,-4.0040,8.7410,4.0031
38.016,-4.0040,8.7410,4.0031
38.023,-4.0040,8.7384,4.0031
38.032,-4.0040,8.7384,4.0031
38.040,-4.0040,8.7358,4.0031
38.049,-4.0040,8.7358,4.0031
38.056,-4.0040,8.7358,4.0031
38.064,-4.0040,8.7331,4.0031
38.072,-4.0040,8.7331,4.0031
38.081,-4.0040,8.7305,4.0031
38.090,-4.0040,8.7305,4.0031
38.098,-4.0040,8.7278,4.0031
38.107,-4.0040,8.7278,4.0031
38.115,-4.0040,8.7278,4.0031
38.122,-4.0040,8.7252,4.0031
38.131,-4.0040,8.7252,4.0031
38.138,-4.0040,8.7226,4.0031
38.147,-4.0040,8.7226,4.0031
38.154,-4.0040,8.7226,4.0031
38.161,-4.0040,8.7199,4.0031
38.170,-4.0040,8.7199,4.0031
38.179,-4.0040,8.7173,4.0031
38.187,-4.0040,8.7173,4.0031
38.193,-4.0040,8.7173,4.0031
38.200,-4.0040,8.7146,4.0031
38.209,-4.0040,8.7146,4.0031
38.216,-4.0040,8.7146,4.0031
38.224,-4.0040,8.7119,4.0031
38.232,-4.0040,8.7119,4.0031
38.239,-4.0040,8.7093,4.0031
38.248,-4.0040,8.7093,4.0031
38.255,-4.0040,8.7093,4.0031
38.262,-4.0040,8.7066,4.0031
38.269,-4.0040,8.7066,4.0031
38.277,-4.0040,8.7040,4.0031
38.286,-4.0040,8.7040,4.0031
38.293,-4.0040,8.7040,4.0031
38.300,-4.0040,8.7013,4.0031
38.317,-4.0040,8.7013,4.0031
38.330,-4.0040,8.6987,4.0031
38.341,-4.0040,8.6960,4.0031
38.352,-4.0040,8.6960,4.0031
38.360,-4.0040,8.6934,4.0031
38.369,-4.0040,8.6934,4.0031
38.378,-4.0040,8.6907,4.0031
38.387,-4.0040,8.6907,4.0031
38.395,-4.0040,8.6907,4.0031
38.404,-4.0040,8.6880,4.0031
38.415,-4.0040,8.6880,4.0031
38.424,-4.0040,8.6854,4.0031
38.433,-4.0040,8.6854,4.0031
38.442,-4.0040,8.6827,4.0031
38.451,-4.0040,8.6827,4.0031
38.459,-4.0040,8.6800,4.0031
38.469,-4.0040,8.6800,4.0031
38.477,-4.0040,8.6774,4.0031
38.487,-4.0040,8.6774,4.0031
38.495,-4.0040,8.6774,4.0031
38.503,-4.0040,8.6747,4.0031
38.513,-4.0040,8.6747,4.0031
38.519,-4.0040,8.6720,4.0031
38.529,-4.0040,8.6720,4.0031
38.536,-4.0040,8.6720,4.0031
38.544,-4.0040,8.6694,4.0031
38.551,-4.0040,8.6694,4.0031
38.559,-4.0040,8.6667,4.0031
38.568,-4.0040,8.6667,4.0031
38.575,-4.0040,8.6667,4.0031
38.581,-4.0040,8.6640,4.0031
38.589,-4.0040,8.6640,4.0031
38.596,-4.0040,8.6640,4.0031
38.603,-4.0040,8.6614,4.0031
38.613,-4.0040,8.6614,4.0031
38.620,-4.0040,8.6587,4.0031
38.629,-4.0040,8.6587,4.0031
38.636,-4.0040,8.6587,4.0031
38.643,-4.0040,8.6560,4.0031
38.654,-4.0040,8.6560,4.0031
38.661,-4.0040,8.6534,4.0031
38.669,-4.0040,8.6534,4.0031
38.676,-4.0040,8.6534,4.0031
38.684,-4.0040,8.6507,4.0031
38.693,-4.0040,8.6507,4.0031
38.701,-4.0040,8.6480,4.0031
38.711,-4.0040,8.6480,4.0031
38.718,-4.0040,8.6454,4.0031
38.728,-4.0040,8.6454,4.0031
38.736,-4.0040,8.6454,4.0031
38.745,-4.0040,8.6427,4.0031
38.755,-4.0040,8.6427,4.0031
38.763,-4.0040,8.6400,4.0031
38.774,-4.0040,8.6400,4.0031
38.781,-4.0040,8.6374,4.0031
38.790,-4.0040,8.6374,4.0031
38.799,-4.0040,8.6347,4.0031
38.809,-4.0040,8.6347,4.0031
38.817,-4.0040,8.6320,4.0031
38.827,-4.0040,8.6320,4.0031
38.835,-4.0040,8.6320,4.0031
38.844,-4.0040,8.6294,4.0031
38.852,-4.0040,8.6294,4.0031
38.860,-4.0040,8.6267,4.0031
38.868,-4.0040,8.6267,4.0031
38.875,-4.0040,8.6267,4.0031
38.882,-4.0040,8.6241,4.0031
38.892,-4.0040,8.6241,4.0031
38.899,-4.0040,8.6214,4.0031
38.907,-4.0040,8.6214,4.0031
38.914,-4.0040,8.6214,4.0031
38.922,-4.0040,8.6187,4.0031
38.930,-4.0040,8.6187,4.0031
38.937,-4.0040,8.6161,4.0031
38.947,-4.0040,8.6161,4.0031
38.954,-4.0040,8.6161,4.0031
38.962,-4.0040,8.6134,4.0031
38.969,-4.0040,8.6134,4.0031
38.977,-4.0040,8.6108,4.0031
38.986,-4.0040,8.6108,4.0031
38.993,-4.0040,8.6108,4.0031
39.000,-4.0040,8.6081,4.0031
39.008,-4.0040,8.6081,4.0031
39.016,-4.0040,8.6081,4.0031
39.023,-4.0040,8.6055,4.0031
39.031,-4.0040,8.6055,4.0031
39.038,-4.0040,8.6028,4.0031
39.048,-4.0040,8.6028,4.0031
39.055,-4.0040,8.6028,4.0031
39.063,-4.0040,8.6001,4.0031
39.071,-4.0040,8.6001,4.0031
39.079,-4.0040,8.5975,4.0031
39.087,-4.0040,8.5975,4.0031
39.094,-4.0040,8.5975,4.0031
39.101,-4.0040,8.5948,4.0031
39.111,-4.0040,8.5948,4.0031
39.117,-4.0040,8.5948,4.0031
39.125,-4.0040,8.5922,4.0031
39.133,-4.0040,8.5922,4.0031
39.143,-4.0040,8.5895,4.0031
39.152,-4.0040,8.5895,4.0031
39.162,-4.0040,8.5869,4.0031
39.170,-4.0040,8.5869,4.0031
39.180,-4.0040,8.5842,4.0031
39.189,-4.0040,8.5842,4.0031
39.196,-4.0040,8.5842,4.0031
39.203,-4.0040,8.5816,4.0031
39.211,-4.0040,8.5816,4.0031
39.218,-4.0040,8.5789,4.0031
39.228,-4.0040,8.5789,4.0031
39.234,-4.0040,8.5789,4.0031
39.242,-4.0040,8.5763,4.0031
39.250,-4.0040,8.5763,4.0031
39.259,-4.0040,8.5736,4.0031
39.268,-4.0040,8.5736,4.0031
39.276,-4.0040,8.5736,4.0031
39.284,-4.0040,8.5710,4.0031
39.293,-4.0040,8.5710,4.0031
39.299,-4.0040,8.5683,4.0031
39.309,-4.0040,8.5683,4.0031
39.317,-4.0040,8.5657,4.0031
39.326,-4.0040,8.5657,4.0031
39.334,-4.0040,8.5657,4.0031
39.342,-4.0040,8.5630,4.0031
39.352,-4.0040,8.5630,4.0031
39.361,-4.0040,8.5604,4.0031
39.369,-4.0040,8.5604,4.0031
39.378,-4.0040,8.5577,4.0031
39.385,-4.0040,8.5577,4.0031
39.392,-4.0040,8.5577,4.0031
39.398,-4.0040,8.5551,4.0031
39.407,-4.0040,8.5551,4.0031
39.414,-4.0040,8.5551,4.0031
39.420,-4.0040,8.5524,4.0031
39.428,-4.0040,8.5524,4.0031
39.434,-4.0040,8.5524,4.0031
39.442,-4.0040,8.5498,4.0031
39.450,-4.0040,8.5498,4.0031
39.458,-4.0040,8.5471,4.0031
39.465,-4.0040,8.5471,4.0031
39.473,-4.0040,8.5471,4.0031
39.479,-4.0040,8.5445,4.0031
39.488,-4.0040,8.5445,4.0031
39.495,-4.0040,8.5445,4.0031
39.502,-4.0040,8.5418,4.0031
39.510,-4.0040,8.5418,4.0031
39.516,-4.0040,8.5418,4.0031
39.524,-4.0040,8.5392,4.0031
39.532,-4.0040,8.5392,4.0031
39.539,-4.0040,8.5365,4.0031
39.547,-4.0040,8.5365,4.0031
39.555,-4.0040,8.5365,4.0031
39.562,-4.0040,8.5339,4.0031
39.570,-4.0040,8.5339,4.0031
39.577,-4.0040,8.5312,4.0031
39.587,-4.0040,8.5312,4.0031
39.595,-4.0040,8.5312,4.0031
39.602,-4.0040,8.5285,4.0031
39.610,-4.0040,8.5285,4.0031
39.618,-4.0040,8.5259,4.0031
39.626,-4.0040,8.5259,4.0031
39.633,-4.0040,8.5259,4.0031
39.640,-4.0040,8.5232,4.0031
39.649,-4.0040,8.5232,4.0031
39.656,-4.0040,8.5232,4.0031
39.664,-4.0040,8.5206,4.0031
39.673,-4.0040,8.5206,4.0031
39.681,-4.0040,8.5179,4.0031
39.690,-4.0040,8.5179,4.0031
39.697,-4.0040,8.5153,4.0031
39.705,-4.0040,8.5153,4.0031
39.714,-4.0040,8.5153,4.0031
39.721,-4.0040,8.5126,4.0031
39.729,-4.0040,8.5126,4.0031
39.737,-4.0040,8.5126,4.0031
39.745,-4.0040,8.5100,4.0031
39.754,-4.0040,8.5100,4.0031
39.761,-4.0040,8.5073,4.0031
39.770,-4.0040,8.5073,4.0031
39.779,-4.0040,8.5047,4.0031
39.786,-4.0040,8.5047,4.0031
39.794,-4.0040,8.5047,4.0031
39.802,-4.0040,8.5020,4.0031
39.810,-4.0040,8.5020,4.0031
39.817,-4.0040,8.4993,4.0031
39.825,-4.0040,8.4993,4.0031
39.832,-4.0040,8.4993,4.0031
39.839,-4.0040,8.4967,4.0031
39.848,-4.0040,8.4967,4.0031
39.855,-4.0040,8.4967,4.0031
39.863,-4.0040,8.4940,4.0031
39.871,-4.0040,8.4940,4.0031
39.879,-4.0040,8.4914,4.0031
39.886,-4.0040,8.4914,4.0031
39.894,-4.0040,8.4914,4.0031
39.900,-4.0040,8.4887,4.0031
39.908,-4.0040,8.4887,4.0031
39.913,-4.0040,8.4887,4.0031
39.922,-4.0040,8.4861,4.0031
39.931,-4.0040,8.4861,4.0031
39.937,-4.0040,8.4834,4.0031
39.947,-4.0040,8.4834,4.0031
39.954,-4.0040,8.4834,4.0031
39.961,-4.0040,8.4808,4.0031
39.968,-4.0040,8.4808,4.0031
39.976,-4.0040,8.4808,4.0031
39.984,-4.0040,8.4781,4.0031
39.993,-4.0040,8.4781,4.0031
39.999,-4.0040,8.4755,4.0031
40.008,-4.0040,8.4755,4.0031
40.015,-4.0040,8.4755,4.0031
40.022,-4.0040,8.4728,4.0031
40.030,-4.0040,8.4728,4.0031
40.038,-4.0040,8.4702,4.0031
40.047,-4.0040,8.4702,4.0031
40.054,-4.0040,8.4702,4.0031
40.061,-4.0040,8.4676,4.0031
40.068,-4.0040,8.4676,4.0031
40.076,-4.0040,8.4676,4.0031
40.083,-4.0040,8.4649,4.0031
40.092,-4.0040,8.4649,4.0031
40.099,-4.0040,8.4623,4.0031
40.107,-4.0040,8.4623,4.0031
40.114,-4.0040,8.4623,4.0031
40.121,-4.0040,8.4596,4.0031
40.130,-4.0040,8.4596,4.0031
40.137,-4.0040,8.4570,4.0031
40.146,-4.0040,8.4570,4.0031
40.153,-4.0040,8.4570,4.0031
40.162,-4.0040,8.4543,4.0031
40.169,-4.0040,8.4543,4.0031
40.177,-4.0040,8.4517,4.0031
40.186,-4.0040,8.4517,4.0031
40.194,-4.0040,8.4517,4.0031
40.201,-4.0040,8.4490,4.0031
40.210,-4.0040,8.4490,4.0031
40.217,-4.0040,8.4463,4.0031
40.227,-4.0040,8.4463,4.0031
40.233,-4.0040,8.4463,4.0031
40.241,-4.0040,8.4437,4.0031
40.249,-4.0040,8.4437,4.0031
40.257,-4.0040,8.4410,4.0031
40.264,-4.0040,8.4410,4.0031
40.271,-4.0040,8.4410,4.0031
40.279,-4.0040,8.4383,4.0031
40.287,-4.0040,8.4383,4.0031
40.293,-4.0040,8.4383,4.0031
40.299,-4.0040,8.4357,4.0031
40.309,-4.0040,8.4357,4.0031
40.316,-4.0040,8.4357,4.0031
40.323,-4.0040,8.4330,4.0031
40.332,-4.0040,8.4330,4.0031
40.340,-4.0040,8.4304,4.0031
40.348,-4.0040,8.4304,4.0031
40.356,-4.0040,8.4304,4.0031
40.365,-4.0040,8.4277,4.0031
40.375,-4.0040,8.4277,4.0031
40.385,-4.0040,8.4251,4.0031
40.395,-4.0040,8.4251,4.0031
40.403,-4.0040,8.4224,4.0031
40.414,-4.0040,8.4224,4.0031
40.422,-4.0040,8.4197,4.0031
40.434,-4.0040,8.4197,4.0031
40.443,-4.0040,8.4171,4.0031
40.452,-4.0040,8.4171,4.0031
40.461,-4.0040,8.4144,4.0031
40.472,-4.0040,8.4144,4.0031
40.481,-4.0040,8.4117,4.0031
40.492,-4.0040,8.4117,4.0031
40.500,-4.0040,8.4091,4.0031
40.511,-4.0040,8.4091,4.0031
40.520,-4.0040,8.4064,4.0031
40.529,-4.0040,8.4064,4.0031
40.536,-4.0040,8.4064,4.0031
40.545,-4.0040,8.4037,4.0031
40.555,-4.0040,8.4037,4.0031
40.563,-4.0040,8.4011,4.0031
40.570,-4.0040,8.4011,4.0031
40.578,-4.0040,8.3984,4.0031
40.587,-4.0040,8.3984,4.0031
40.595,-4.0040,8.3984,4.0031
40.603,-4.0040,8.3958,4.0031
40.613,-4.0040,8.3958,4.0031
40.620,-4.0040,8.3931,4.0031
40.629,-4.0040,8.3931,4.0031
40.636,-4.0040,8.3931,4.0031
40.645,-4.0040,8.3904,4.0031
40.652,-4.0040,8.3904,4.0031
40.660,-4.0040,8.3878,4.0031
40.667,-4.0040,8.3878,4.0031
40.676,-4.0040,8.3878,4.0031
40.682,-4.0040,8.3851,4.0031
40.691,-4.0040,8.3851,4.0031
40.697,-4.0040,8.3825,4.0031
40.708,-4.0040,8.3825,4.0031
40.715,-4.0040,8.3825,4.0031
40.722,-4.0040,8.3798,4.0031
40.730,-4.0040,8.3798,4.0031
40.737,-4.0040,8.3771,4.0031
40.745,-4.0040,8.3771,4.0031
40.751,-4.0040,8.3771,4.0031
40.759,-4.0040,8.3745,4.0031
40.767,-4.0040,8.3745,4.0031
40.774,-4.0040,8.3745,4.0031
40.788,-4.0040,8.3718,4.0031
40.802,-4.0040,8.3691,4.0031
40.810,-4.0040,8.3691,4.0031
40.818,-4.0040,8.3665,4.0031
40.826,-4.0040,8.3665,4.0031
40.833,-4.0040,8.3665,4.0031
40.840,-4.0040,8.3638,4.0031
40.849,-4.0040,8.3638,4.0031
40.856,-4.0040,8.3638,4.0031
40.864,-4.0040,8.3612,4.0031
40.871,-4.0040,8.3612,4.0031
40.880,-4.0040,8.3586,4.0031
40.889,-4.0040,8.3586,4.0031
40.897,-4.0040,8.3586,4.0031
40.903,-4.0040,8.3559,4.0031
40.913,-4.0040,8.3559,4.0031
40.921,-4.0040,8.3533,4.0031
40.929,-4.0040,8.3533,4.0031
40.937,-4.0040,8.3533,4.0031
40.944,-4.0040,8.3506,4.0031
40.952,-4.0040,8.3506,4.0031
40.959,-4.0040,8.3480,4.0031
40.967,-4.0040,8.3480,4.0031
40.975,-4.0040,8.3480,4.0031
40.982,-4.0040,8.3454,4.0031
40.990,-4.0040,8.3454,4.0031
40.998,-4.0040,8.3427,4.0031
41.008,-4.0040,8.3427,4.0031
41.016,-4.0040,8.3427,4.0031
41.023,-4.0040,8.3401,4.0031
41.031,-4.0040,8.3401,4.0031
41.038,-4.0040,8.3375,4.0031
41.047,-4.0040,8.3375,4.0031
41.054,-4.0040,8.3375,4.0031
41.062,-4.0040,8.3349,4.0031
41.071,-4.0040,8.3349,4.0031
41.080,-4.0040,8.3322,4.0031
41.089,-4.0040,8.3322,4.0031
41.096,-4.0040,8.3322,4.0031
41.103,-4.0040,8.3296,4.0031
41.112,-4.0040,8.3296,4.0031
41.118,-4.0040,8.3270,4.0031
41.127,-4.0040,8.3270,4.0031
41.133,-4.0040,8.3270,4.0031
41.140,-4.0040,8.3243,4.0031
41.148,-4.0040,8.3243,4.0031
41.154,-4.0040,8.3243,4.0031
41.161,-4.0040,8.3217,4.0031
41.169,-4.0040,8.3217,4.0031
41.177,-4.0040,8.3217,4.0031
41.184,-4.0040,8.3190,4.0031
41.193,-4.0040,8.3190,4.0031
41.199,-4.0040,8.3164,4.0031
41.208,-4.0040,8.3164,4.0031
41.214,-4.0040,8.3164,4.0031
41.222,-4.0040,8.3138,4.0031
41.230,-4.0040,8.3138,4.0031
41.236,-4.0040,8.3138,4.0031
41.243,-4.0040,8.3112,4.0031
41.252,-4.0040,8.3112,4.0031
41.259,-4.0040,8.3086,4.0031
41.267,-4.0040,8.3086,4.0031
41.275,-4.0040,8.3086,4.0031
41.282,-4.0040,8.3059,4.0031
41.290,-4.0040,8.3059,4.0031
41.297,-4.0040,8.3033,4.0031
41.305,-4.0040,8.3033,4.0031
41.314,-4.0040,8.3033,4.0031
41.321,-4.0040,8.3007,4.0031
41.328,-4.0040,8.3007,4.0031
41.335,-4.0040,8.3007,4.0031
41.343,-4.0040,8.2981,4.0031
41.351,-4.0040,8.2981,4.0031
41.358,-4.0040,8.2955,4.0031
41.366,-4.0040,8.2955,4.0031
41.373,-4.0040,8.2955,4.0031
41.381,-4.0040,8.2928,4.0031
41.389,-4.0040,8.2928,4.0031
41.396,-4.0040,8.2928,4.0031
41.403,-4.0040,8.2902,4.0031
41.412,-4.0040,8.2902,4.0031
41.419,-4.0040,8.2876,4.0031
41.429,-4.0040,8.2876,4.0031
41.435,-4.0040,8.2876,4.0031
41.443,-4.0040,8.2850,4.0031
41.450,-4.0040,8.2850,4.0031
41.458,-4.0040,8.2823,4.0031
41.466,-4.0040,8.2823,4.0031
41.474,-4.0040,8.2823,4.0031
41.480,-4.0040,8.2797,4.0031
41.488,-4.0040,8.2797,4.0031
41.495,-4.0040,8.2797,4.0031
41.501,-4.0040,8.2771,4.0031
41.510,-4.0040,8.2771,4.0031
41.517,-4.0040,8.2745,4.0031
41.526,-4.0040,8.2745,4.0031
41.533,-4.0040,8.2745,4.0031
41.541,-4.0040,8.2719,4.0031
41.548,-4.0040,8.2719,4.0031
41.556,-4.0040,8.2719,4.0031
41.563,-4.0040,8.2693,4.0031
41.571,-4.0040,8.2693,4.0031
41.578,-4.0040,8.2667,4.0031
41.587,-4.0040,8.2667,4.0031
41.594,-4.0040,8.2667,4.0031
41.601,-4.0040,8.2641,4.0031
41.610,-4.0040,8.2641,4.0031
41.617,-4.0040,8.2616,4.0031
41.625,-4.0040,8.2616,4.0031
41.632,-4.0040,8.2616,4.0031
41.639,-4.0040,8.2590,4.0031
41.648,-4.0040,8.2590,4.0031
41.656,-4.0040,8.2590,4.0031
41.663,-4.0040,8.2565,4.0031
41.672,-4.0040,8.2565,4.0031
41.681,-4.0040,8.2540,4.0031
41.689,-4.0040,8.2540,4.0031
41.697,-4.0040,8.2514,4.0031
41.707,-4.0040,8.2514,4.0031
41.715,-4.0040,8.2514,4.0031
41.723,-4.0040,8.2489,4.0031
41.732,-4.0040,8.2489,4.0031
41.739,-4.0040,8.2464,4.0031
41.748,-4.0040,8.2464,4.0031
41.755,-4.0040,8.2464,4.0031
41.764,-4.0040,8.2439,4.0031
41.771,-4.0040,8.2439,4.0031
41.780,-4.0040,8.2414,4.0031
41.789,-4.0040,8.2414,4.0031
41.797,-4.0040,8.2388,4.0031
41.806,-4.0040,8.2388,4.0031
41.813,-4.0040,8.2388,4.0031
41.821,-4.0040,8.2363,4.0031
41.830,-4.0040,8.2363,4.0031
41.836,-4.0040,8.2363,4.0031
41.844,-4.0040,8.2338,4.0031
41.854,-4.0040,8.2338,4.0031
41.861,-4.0040,8.2312,4.0031
41.870,-4.0040,8.2312,4.0031
41.878,-4.0040,8.2287,4.0031
41.887,-4.0040,8.2287,4.0031
41.894,-4.0040,8.2287,4.0031
41.902,-4.0040,8.2262,4.0031
41.910,-4.0040,8.2262,4.0031
41.917,-4.0040,8.2236,4.0031
41.925,-4.0040,8.2236,4.0031
41.932,-4.0040,8.2236,4.0031
41.939,-4.0040,8.2211,4.0031
41.948,-4.0040,8.2211,4.0031
41.955,-4.0040,8.2211,4.0031
41.962,-4.0040,8.2185,4.0031
41.969,-4.0040,8.2185,4.0031
41.978,-4.0040,8.2160,4.0031
41.985,-4.0040,8.2160,4.0031
41.993,-4.0040,8.2160,4.0031
42.000,-4.0040,8.2134,4.0031
42.010,-4.0040,8.2134,4.0031
42.016,-4.0040,8.2134,4.0031
42.024,-4.0040,8.2108,4.0031
42.033,-4.0040,8.2108,4.0031
42.040,-4.0040,8.2083,4.0031
42.048,-4.0040,8.2083,4.0031
42.056,-4.0040,8.2083,4.0031
42.063,-4.0040,8.2057,4.0031
42.070,-4.0040,8.2057,4.0031
42.077,-4.0040,8.2031,4.0031
42.087,-4.0040,8.2031,4.0031
42.094,-4.0040,8.2031,4.0031
42.101,-4.0040,8.2006,4.0031
42.111,-4.0040,8.2006,4.0031
42.118,-4.0040,8.1980,4.0031
42.127,-4.0040,8.1980,4.0031
42.133,-4.0040,8.1980,4.0031
42.140,-4.0040,8.1954,4.0031
42.148,-4.0040,8.1954,4.0031
42.156,-4.0040,8.1954,4.0031
42.163,-4.0040,8.1928,4.0031
42.170,-4.0040,8.1928,4.0031
42.178,-4.0040,8.1902,4.0031
42.187,-4.0040,8.1902,4.0031
42.195,-4.0040,8.1902,4.0031
42.202,-4.0040,8.1875,4.0031
42.213,-4.0040,8.1875,4.0031
42.220,-4.0040,8.1849,4.0031
42.229,-4.0040,8.1849,4.0031
42.235,-4.0040,8.1849,4.0031
42.244,-4.0040,8.1822,4.0031
42.253,-4.0040,8.1822,4.0031
42.261,-4.0040,8.1796,4.0031
42.268,-4.0040,8.1796,4.0031
42.276,-4.0040,8.1796,4.0031
42.282,-4.0040,8.1769,4.0031
42.291,-4.0040,8.1769,4.0031
42.297,-4.0040,8.1742,4.0031
42.306,-4.0040,8.1742,4.0031
42.314,-4.0040,8.1742,4.0031
42.321,-4.0040,8.1716,4.0031
42.330,-4.0040,8.1716,4.0031
42.338,-4.0040,8.1689,4.0031
42.346,-4.0040,8.1689,4.0031
42.353,-4.0040,8.1689,4.0031
42.360,-4.0040,8.1662,4.0031
42.367,-4.0040,8.1662,4.0031
42.374,-4.0040,8.1662,4.0031
42.381,-4.0040,8.1636,4.0031
42.390,-4.0040,8.1636,4.0031
42.396,-4.0040,8.1636,4.0031
42.403,-4.0040,8.1609,4.0031
42.413,-4.0040,8.1609,4.0031
42.420,-4.0040,8.1582,4.0031
42.429,-4.0040,8.1582,4.0031
42.436,-4.0040,8.1582,4.0031
42.444,-4.0040,8.1556,4.0031
42.453,-4.0040,8.1556,4.0031
42.461,-4.0040,8.1556,4.0031
42.469,-4.0040,8.1556,4.0031
42.477,-4.0040,8.1556,4.0031
42.485,-4.0040,8.1556,4.0031
42.493,-4.0040,8.1556,4.0031
42.500,-4.0040,8.1556,4.0031
42.508,-4.0040,8.1556,4.0031
42.515,-4.0040,8.1556,4.0031
42.523,-4.0040,8.1556,4.0031
42.533,-4.0040,8.1556,4.0031
42.540,-4.0040,8.1556,4.0031
42.549,-4.0040,8.1556,4.0031
42.557,-4.0040,8.1556,4.0031
42.563,-4.0040,8.1556,4.0031
42.572,-4.0040,8.1556,4.0031
42.580,-4.0040,8.1556,4.0031
42.589,-4.0040,8.1556,4.0031
42.596,-4.0040,8.1556,4.0031
42.603,-4.0040,8.1556,4.0031
42.613,-4.0040,8.1556,4.0031
42.620,-4.0040,8.1556,4.0031
42.629,-4.0040,8.1556,4.0031
42.636,-4.0040,8.1556,4.0031
42.645,-4.0040,8.1556,4.0031
42.652,-4.0040,8.1556,4.0031
42.659,-4.0040,8.1556,4.0031
42.668,-4.0040,8.1556,4.0031
42.677,-4.0040,8.1556,4.0031
42.683,-4.0040,8.1556,4.0031
42.693,-4.0040,8.1556,4.0031
42.700,-4.0040,8.1556,4.0031
42.710,-4.0040,8.1556,4.0031
42.716,-4.0040,8.1556,4.0031
42.723,-4.0040,8.1556,4.0031
42.731,-4.0040,8.1556,4.0031
42.737,-4.0040,8.1556,4.0031
42.747,-4.0040,8.1556,4.0031
42.753,-4.0040,8.1556,4.0031
42.762,-4.0040,8.1556,4.0031
42.768,-4.0040,8.1556,4.0031
42.776,-4.0040,8.1556,4.0031
42.783,-4.0040,8.1556,4.0031
42.793,-4.0040,8.1556,4.0031
42.800,-4.0040,8.1556,4.0031
42.809,-4.0040,8.1556,4.0031
42.816,-4.0040,8.1556,4.0031
42.822,-4.0040,8.1556,4.0031
42.831,-4.0040,8.1556,4.0031
42.838,-4.0040,8.1556,4.0031
42.848,-4.0040,8.1556,4.0031
42.855,-4.0040,8.1556,4.0031
42.861,-4.0040,8.1556,4.0031
42.870,-4.0040,8.1556,4.0031
42.877,-4.0040,8.1556,4.0031
42.884,-4.0040,8.1556,4.0031
42.892,-4.0040,8.1556,4.0031
42.899,-4.0040,8.1556,4.0031
42.906,-4.0040,8.1556,4.0031
42.914,-4.0040,8.1556,4.0031
42.920,-4.0040,8.1556,4.0031
42.930,-4.0040,8.1556,4.0031
42.936,-4.0040,8.1556,4.0031
42.945,-4.0040,8.1556,4.0031
42.953,-4.0040,8.1556,4.0031
42.961,-4.0040,8.1556,4.0031
42.969,-4.0040,8.1556,4.0031
42.978,-4.0040,8.1534,4.0031
42.986,-4.0040,8.1534,4.0031
42.994,-4.0040,8.1534,4.0031
43.001,-4.0040,8.1534,4.0031
43.012,-4.0040,8.1534,4.0031
43.019,-4.0040,8.1526,4.0031
43.029,-4.0040,8.1526,4.0031
43.036,-4.0040,8.1526,4.0031
43.044,-4.0040,8.1522,4.0031
43.052,-4.0040,8.1522,4.0031
43.060,-4.0040,8.1522,4.0031
43.076,-4.0040,8.1522,4.0031
43.087,-4.0040,8.1522,4.0031
43.100,-4.0040,8.1521,4.0031
43.114,-4.0040,8.1521,4.0031
43.125,-4.0040,8.1521,4.0031
43.139,-4.0040,8.1521,4.0031
43.149,-4.0040,8.1521,4.0031
43.158,-4.0040,8.1521,4.0031
43.167,-4.0040,8.1521,4.0031
43.175,-4.0040,8.1521,4.0031
43.181,-4.0040,8.1521,4.0031
43.188,-4.0040,8.1521,4.0031
43.196,-4.0040,8.1521,4.0031
43.202,-4.0040,8.1521,4.0031
43.213,-4.0040,8.1521,4.0031
43.219,-4.0040,8.1521,4.0031
43.228,-4.0040,8.1521,4.0031
43.234,-4.0040,8.1521,4.0031
43.243,-4.0040,8.1521,4.0031
43.250,-4.0040,8.1521,4.0031
43.258,-4.0040,8.1521,4.0031
43.266,-4.0040,8.1521,4.0031
43.275,-4.0040,8.1521,4.0031
43.282,-4.0040,8.1521,4.0031
43.291,-4.0040,8.1521,4.0031
43.297,-4.0040,8.1521,4.0031
43.307,-4.0040,8.1521,4.0031
43.314,-4.0040,8.1521,4.0031
43.320,-4.0040,8.1521,4.0031
43.328,-4.0040,8.1521,4.0031
43.335,-4.0040,8.1521,4.0031
43.344,-4.0040,8.1521,4.0031
43.351,-4.0040,8.1521,4.0031
43.359,-4.0040,8.1521,4.0031
43.368,-4.0040,8.1521,4.0031
43.376,-4.0040,8.1521,4.0031
43.384,-4.0040,8.1521,4.0031
43.393,-4.0040,8.1521,4.0031
43.400,-4.0040,8.1521,4.0031
43.410,-4.0040,8.1521,4.0031
43.417,-4.0040,8.1521,4.0031
43.428,-4.0040,8.1521,4.0031
43.435,-4.0040,8.1521,4.0031
43.444,-4.0040,8.1521,4.0031
43.452,-4.0040,8.1521,4.0031
43.461,-4.0040,8.1521,4.0031
43.469,-4.0040,8.1521,4.0031
43.478,-4.0040,8.1521,4.0031
43.487,-4.0040,8.1521,4.0031
43.495,-4.0040,8.1521,4.0031
43.502,-4.0040,8.1521,4.0031
43.512,-4.0040,8.1521,4.0031
43.520,-4.0040,8.1521,4.0031
43.529,-4.0040,8.1521,4.0031
43.537,-4.0040,8.1521,4.0031
43.546,-4.0040,8.1521,4.0031
43.555,-4.0040,8.1521,4.0031
43.562,-4.0040,8.1521,4.0031
43.573,-4.0040,8.1521,4.0031
43.582,-4.0040,8.1521,4.0031
43.591,-4.0040,8.1521,4.0031
43.600,-4.0040,8.1521,4.0031
43.610,-4.0040,8.1521,4.0031
43.617,-4.0040,8.1521,4.0031
43.624,-4.0040,8.1521,4.0031
43.632,-4.0040,8.1521,4.0031
43.639,-4.0040,8.1521,4.0031
43.647,-4.0040,8.1521,4.0031
43.654,-4.0040,8.1521,4.0031
43.662,-4.0040,8.1521,4.0031
43.670,-4.0040,8.1521,4.0031
43.678,-4.0040,8.1521,4.0031
43.685,-4.0040,8.1521,4.0031
43.693,-4.0040,8.1521,4.0031
43.700,-4.0040,8.1521,4.0031
43.708,-4.0040,8.1521,4.0031
43.714,-4.0040,8.1521,4.0031
43.721,-4.0040,8.1521,4.0031
43.730,-4.0040,8.1521,4.0031
43.736,-4.0040,8.1521,4.0031
43.745,-4.0040,8.1521,4.0031
43.753,-4.0040,8.1521,4.0031
43.761,-4.0040,8.1521,4.0031
43.768,-4.0040,8.1521,4.0031
43.777,-4.0040,8.1521,4.0031
43.786,-4.0040,8.1521,4.0031
43.795,-4.0040,8.1521,4.0031
43.802,-4.0040,8.1521,4.0031
43.811,-4.0040,8.1521,4.0031
43.819,-4.0040,8.1521,4.0031
43.827,-4.0040,8.1521,4.0031
43.834,-4.0040,8.1521,4.0031
43.841,-4.0040,8.1521,4.0031
43.850,-4.0040,8.1521,4.0031
43.857,-4.0040,8.1521,4.0031
43.865,-4.0040,8.1521,4.0031
43.873,-4.0040,8.1521,4.0031
43.881,-4.0040,8.1521,4.0031
43.889,-4.0040,8.1521,4.0031
43.897,-4.0040,8.1521,4.0031
43.904,-4.0040,8.1521,4.0031
43.913,-4.0040,8.1521,4.0031
43.920,-4.0040,8.1521,4.0031
43.929,-4.0040,8.1521,4.0031
43.935,-4.0040,8.1521,4.0031
43.945,-4.0040,8.1521,4.0031
43.952,-4.0040,8.1521,4.0031
43.960,-4.0040,8.1521,4.0031
43.968,-4.0040,8.1521,4.0031
43.977,-4.0040,8.1521,4.0031
43.984,-4.0040,8.1521,4.0031
43.993,-4.0040,8.1521,4.0031
44.002,-4.0040,8.1521,4.0031
44.012,-4.0040,8.1521,4.0031
44.020,-4.0040,8.1521,4.0031
44.029,-4.0040,8.1521,4.0031
44.037,-4.0040,8.1521,4.0031
44.046,-4.0040,8.1521,4.0031
44.053,-4.0040,8.1521,4.0031
44.061,-4.0040,8.1521,4.0031
44.069,-4.0040,8.1521,4.0031
44.078,-4.0040,8.1521,4.0031
44.086,-4.0040,8.1521,4.0031
44.094,-4.0040,8.1521,4.0031
44.102,-4.0040,8.1521,4.0031
44.112,-4.0040,8.1521,4.0031
44.120,-4.0040,8.1521,4.0031
44.128,-4.0040,8.1521,4.0031
44.135,-4.0040,8.1521,4.0031
44.144,-4.0040,8.1521,4.0031
44.152,-4.0040,8.1521,4.0031
44.162,-4.0040,8.1521,4.0031
44.169,-4.0040,8.1521,4.0031
44.178,-4.0040,8.1521,4.0031
44.187,-4.0040,8.1521,4.0031
44.195,-4.0040,8.1521,4.0031
44.203,-4.0040,8.1521,4.0031
44.214,-4.0040,8.1521,4.0031
44.223,-4.0040,8.1521,4.0031
44.231,-4.0040,8.1521,4.0031
44.240,-4.0040,8.1521,4.0031
44.249,-4.0040,8.1521,4.0031
44.257,-4.0040,8.1521,4.0031
44.265,-4.0040,8.1521,4.0031
44.274,-4.0040,8.1521,4.0031
44.281,-4.0040,8.1521,4.0031
44.290,-4.0040,8.1521,4.0031
44.297,-4.0040,8.1521,4.0031
44.307,-4.0040,8.1521,4.0031
44.313,-4.0040,8.1521,4.0031
44.321,-4.0040,8.1521,4.0031
44.330,-4.0040,8.1521,4.0031
44.337,-4.0040,8.1521,4.0031
44.345,-4.0040,8.1521,4.0031
44.353,-4.0040,8.1521,4.0031
44.363,-4.0040,8.1521,4.0031
44.372,-4.0040,8.1521,4.0031
44.379,-4.0040,8.1521,4.0031
44.388,-4.0040,8.1521,4.0031
44.395,-4.0040,8.1521,4.0031
44.404,-4.0040,8.1521,4.0031
44.415,-4.0040,8.1521,4.0031
44.423,-4.0040,8.1521,4.0031
44.432,-4.0040,8.1521,4.0031
44.440,-4.0040,8.1521,4.0031
44.450,-4.0040,8.1521,4.0031
44.456,-4.0040,8.1521,4.0031
44.464,-4.0040,8.1521,4.0031
44.471,-4.0040,8.1521,4.0031
44.480,-4.0040,8.1521,4.0031
44.487,-4.0040,8.1521,4.0031
44.495,-4.0040,8.1521,4.0031
44.502,-4.0040,8.1521,4.0031
44.511,-4.0040,8.1521,4.0031
44.517,-4.0040,8.1521,4.0031
44.527,-4.0040,8.1521,4.0031
44.534,-4.0040,8.1521,4.0031
44.543,-4.0040,8.1521,4.0031
44.551,-4.0040,8.1521,4.0031
44.560,-4.0040,8.1521,4.0031
44.568,-4.0040,8.1521,4.0031
44.578,-4.0040,8.1521,4.0031
44.586,-4.0040,8.1521,4.0031
44.594,-4.0040,8.1521,4.0031
44.601,-4.0040,8.1521,4.0031
44.610,-4.0040,8.1521,4.0031
44.617,-4.0040,8.1521,4.0031
44.626,-4.0040,8.1521,4.0031
44.633,-4.0040,8.1521,4.0031
44.641,-4.0040,8.1521,4.0031
44.650,-4.0040,8.1521,4.0031
44.658,-4.0040,8.1521,4.0031
44.668,-4.0040,8.1521,4.0031
44.676,-4.0040,8.1521,4.0031
44.684,-4.0040,8.1521,4.0031
44.693,-4.0040,8.1521,4.0031
44.701,-4.0040,8.1521,4.0031
44.713,-4.0040,8.1521,4.0031
44.721,-4.0040,8.1521,4.0031
44.731,-4.0040,8.1521,4.0031
44.739,-4.0040,8.1521,4.0031
44.748,-4.0040,8.1521,4.0031
44.758,-4.0040,8.1521,4.0031
44.766,-4.0040,8.1521,4.0031
44.776,-4.0040,8.1521,4.0031
44.785,-4.0040,8.1521,4.0031
44.795,-4.0040,8.1521,4.0031
44.804,-4.0040,8.1521,4.0031
44.815,-4.0040,8.1521,4.0031
44.822,-4.0040,8.1521,4.0031
44.831,-4.0040,8.1521,4.0031
44.841,-4.0040,8.1521,4.0031
44.849,-4.0040,8.1521,4.0031
44.857,-4.0040,8.1521,4.0031
44.866,-4.0040,8.1521,4.0031
44.876,-4.0040,8.1521,4.0031
44.884,-4.0040,8.1521,4.0031
44.893,-4.0040,8.1521,4.0031
44.901,-4.0040,8.1521,4.0031
44.910,-4.0040,8.1521,4.0031
44.917,-4.0040,8.1521,4.0031
44.924,-4.0040,8.1521,4.0031
44.932,-4.0040,8.1521,4.0031
44.939,-4.0040,8.1521,4.0031
44.948,-4.0040,8.1521,4.0031
44.955,-4.0040,8.1521,4.0031
44.964,-4.0040,8.1521,4.0031
44.971,-4.0040,8.1521,4.0031
44.982,-4.0040,8.1521,4.0031
44.992,-4.0040,8.1521,4.0031
44.999,-4.0040,8.1521,4.0031
45.007,-4.0040,8.1521,4.0031
45.014,-4.0040,8.1521,4.0031
45.022,-4.0040,8.1521,4.0031
45.030,-4.0040,8.1521,4.0031
45.036,-4.0040,8.1521,4.0031
45.044,-4.0040,8.1521,4.0031
45.052,-4.0040,8.1521,4.0031
45.062,-4.0040,8.1521,4.0031
45.069,-4.0040,8.1521,4.0031
45.083,-4.0040,8.1521,4.0031
45.095,-4.0040,8.1521,4.0031
45.102,-4.0040,8.1521,4.0031
45.111,-4.0040,8.1521,4.0031
45.119,-4.0040,8.1521,4.0031
45.127,-4.0040,8.1521,4.0031
45.134,-4.0040,8.1521,4.0031
45.142,-4.0040,8.1521,4.0031
45.151,-4.0040,8.1521,4.0031
45.159,-4.0040,8.1521,4.0031
45.166,-4.0040,8.1521,4.0031
45.174,-4.0040,8.1521,4.0031
45.184,-4.0040,8.1521,4.0031
45.192,-4.0040,8.1521,4.0031
45.199,-4.0040,8.1521,4.0031
45.208,-4.0040,8.1521,4.0031
45.217,-4.0040,8.1521,4.0031
45.226,-4.0040,8.1521,4.0031
45.233,-4.0040,8.1521,4.0031
45.241,-4.0040,8.1521,4.0031
45.249,-4.0040,8.1521,4.0031
45.257,-4.0040,8.1521,4.0031
45.266,-4.0040,8.1521,4.0031
45.275,-4.0040,8.1521,4.0031
45.282,-4.0040,8.1521,4.0031
45.292,-4.0040,8.1521,4.0031
45.301,-4.0040,8.1521,4.0031
45.311,-4.0040,8.1521,4.0031
45.319,-4.0040,8.1521,4.0031
45.330,-4.0040,8.1521,4.0031
45.337,-4.0040,8.1521,4.0031
45.347,-4.0040,8.1521,4.0031
45.353,-4.0040,8.1521,4.0031
45.361,-4.0040,8.1521,4.0031
45.368,-4.0040,8.1521,4.0031
45.376,-4.0040,8.1521,4.0031
45.384,-4.0040,8.1521,4.0031
45.393,-4.0040,8.1521,4.0031
45.400,-4.0040,8.1521,4.0031
45.409,-4.0040,8.1521,4.0031
45.417,-4.0040,8.1521,4.0031
45.426,-4.0040,8.1521,4.0031
45.433,-4.0040,8.1521,4.0031
45.442,-4.0040,8.1521,4.0031
45.452,-4.0040,8.1521,4.0031
45.459,-4.0040,8.1521,4.0031
45.466,-4.0040,8.1521,4.0031
45.475,-4.0040,8.1521,4.0031
45.483,-4.0040,8.1521,4.0031
45.492,-4.0040,8.1521,4.0031
45.499,-4.0040,8.1521,4.0031
45.508,-4.0040,8.1521,4.0031
45.515,-4.0040,8.1521,4.0031
45.524,-4.0040,8.1521,4.0031
45.531,-4.0040,8.1521,4.0031
45.539,-4.0040,8.1521,4.0031
45.546,-4.0040,8.1521,4.0031
45.554,-4.0040,8.1521,4.0031
45.564,-4.0040,8.1521,4.0031
45.574,-4.0040,8.1521,4.0031
45.582,-4.0040,8.1521,4.0031
45.593,-4.0040,8.1521,4.0031
45.602,-4.0040,8.1521,4.0031
45.611,-4.0040,8.1521,4.0031
45.620,-4.0040,8.1521,4.0031
45.629,-4.0040,8.1521,4.0031
45.638,-4.0040,8.1521,4.0031
45.648,-4.0040,8.1521,4.0031
45.655,-4.0040,8.1521,4.0031
45.664,-4.0040,8.1521,4.0031
45.672,-4.0040,8.1521,4.0031
45.681,-4.0040,8.1521,4.0031
45.691,-4.0040,8.1521,4.0031
45.699,-4.0040,8.1521,4.0031
45.708,-4.0040,8.1521,4.0031
45.716,-4.0040,8.1521,4.0031
45.725,-4.0040,8.1521,4.0031
45.733,-4.0040,8.1521,4.0031
45.741,-4.0040,8.1521,4.0031
45.749,-4.0040,8.1521,4.0031
45.756,-4.0040,8.1521,4.0031
45.763,-4.0040,8.1521,4.0031
45.770,-4.0040,8.1521,4.0031
45.779,-4.0040,8.1521,4.0031
45.787,-4.0040,8.1521,4.0031
45.794,-4.0040,8.1521,4.0031
45.802,-4.0040,8.1521,4.0031
45.811,-4.0040,8.1521,4.0031
45.821,-4.0040,8.1521,4.0031
45.835,-4.0040,8.1521,4.0031
45.847,-4.0040,8.1521,4.0031
45.856,-4.0040,8.1521,4.0031
45.863,-4.0040,8.1521,4.0031
45.872,-4.0040,8.1521,4.0031
45.880,-4.0040,8.1521,4.0031
45.888,-4.0040,8.1521,4.0031
45.895,-4.0040,8.1521,4.0031
45.904,-4.0040,8.1521,4.0031
45.913,-4.0040,8.1521,4.0031
45.922,-4.0040,8.1521,4.0031
45.932,-4.0040,8.1521,4.0031
45.940,-4.0040,8.1521,4.0031
45.951,-4.0040,8.1521,4.0031
45.960,-4.0040,8.1521,4.0031
45.971,-4.0040,8.1521,4.0031
45.981,-4.0040,8.1521,4.0031
45.991,-4.0040,8.1521,4.0031
46.001,-4.0040,8.1521,4.0031
46.012,-4.0040,8.1521,4.0031
46.021,-4.0040,8.1521,4.0031
46.031,-4.0040,8.1521,4.0031
46.038,-4.0040,8.1521,4.0031
46.048,-4.0040,8.1521,4.0031
46.056,-4.0040,8.1521,4.0031
46.064,-4.0040,8.1521,4.0031
46.072,-4.0040,8.1521,4.0031
46.083,-4.0040,8.1521,4.0031
46.091,-4.0040,8.1521,4.0031
46.099,-4.0040,8.1521,4.0031
46.107,-4.0040,8.1521,4.0031
46.116,-4.0040,8.1521,4.0031
46.124,-4.0040,8.1521,4.0031
46.134,-4.0040,8.1521,4.0031
46.144,-4.0040,8.1521,4.0031
46.153,-4.0040,8.1521,4.0031
46.161,-4.0040,8.1521,4.0031
46.169,-4.0040,8.1521,4.0031
46.177,-4.0040,8.1521,4.0031
46.185,-4.0040,8.1521,4.0031
46.193,-4.0040,8.1521,4.0031
46.200,-4.0040,8.1521,4.0031
46.210,-4.0040,8.1521,4.0031
46.218,-4.0040,8.1521,4.0031
46.227,-4.0040,8.1521,4.0031
46.234,-4.0040,8.1521,4.0031
46.242,-4.0040,8.1521,4.0031
46.250,-4.0040,8.1521,4.0031
46.258,-4.0040,8.1521,4.0031
46.267,-4.0040,8.1521,4.0031
46.275,-4.0040,8.1521,4.0031
46.283,-4.0040,8.1521,4.0031
46.294,-4.0040,8.1521,4.0031
46.301,-4.0040,8.1521,4.0031
46.310,-4.0040,8.1521,4.0031
46.317,-4.0040,8.1521,4.0031
46.327,-4.0040,8.1521,4.0031
46.333,-4.0040,8.1521,4.0031
46.342,-4.0040,8.1521,4.0031
46.348,-4.0040,8.1521,4.0031
46.357,-4.0040,8.1521,4.0031
46.364,-4.0040,8.1521,4.0031
46.374,-4.0040,8.1521,4.0031
46.381,-4.0040,8.1521,4.0031
46.393,-4.0040,8.1521,4.0031
46.402,-4.0040,8.1521,4.0031
46.411,-4.0040,8.1521,4.0031
46.420,-4.0040,8.1521,4.0031
46.428,-4.0040,8.1521,4.0031
46.436,-4.0040,8.1521,4.0031
46.443,-4.0040,8.1521,4.0031
46.452,-4.0040,8.1521,4.0031
46.459,-4.0040,8.1521,4.0031
46.467,-4.0040,8.1521,4.0031
46.475,-4.0040,8.1521,4.0031
46.484,-4.0040,8.1521,4.0031
46.494,-4.0040,8.1521,4.0031
46.501,-4.0040,8.1521,4.0031
46.511,-4.0040,8.1521,4.0031
46.517,-4.0040,8.1521,4.0031
46.526,-4.0040,8.1521,4.0031
46.533,-4.0040,8.1521,4.0031
46.542,-4.0040,8.1521,4.0031
46.550,-4.0040,8.1521,4.0031
46.558,-4.0040,8.1521,4.0031
46.566,-4.0040,8.1521,4.0031
46.574,-4.0040,8.1521,4.0031
46.581,-4.0040,8.1521,4.0031
46.590,-4.0040,8.1521,4.0031
46.598,-4.0040,8.1521,4.0031
46.609,-4.0040,8.1521,4.0031
46.616,-4.0040,8.1521,4.0031
46.626,-4.0040,8.1521,4.0031
46.636,-4.0040,8.1521,4.0031
46.645,-4.0040,8.1521,4.0031
46.654,-4.0040,8.1521,4.0031
46.662,-4.0040,8.1521,4.0031
46.670,-4.0040,8.1521,4.0031
46.678,-4.0040,8.1521,4.0031
46.687,-4.0040,8.1521,4.0031
46.694,-4.0040,8.1521,4.0031
46.701,-4.0040,8.1521,4.0031
46.711,-4.0040,8.1521,4.0031
46.719,-4.0040,8.1521,4.0031
46.727,-4.0040,8.1521,4.0031
46.734,-4.0040,8.1521,4.0031
46.742,-4.0040,8.1521,4.0031
46.751,-4.0040,8.1521,4.0031
46.759,-4.0040,8.1521,4.0031
46.768,-4.0040,8.1521,4.0031
46.776,-4.0040,8.1521,4.0031
46.783,-4.0040,8.1521,4.0031
46.793,-4.0040,8.1521,4.0031
46.800,-4.0040,8.1521,4.0031
46.811,-4.0040,8.1521,4.0031
46.818,-4.0040,8.1521,4.0031
46.827,-4.0040,8.1521,4.0031
46.834,-4.0040,8.1521,4.0031
46.843,-4.0040,8.1521,4.0031
46.851,-4.0040,8.1521,4.0031
46.860,-4.0040,8.1521,4.0031
46.869,-4.0040,8.1521,4.0031
46.878,-4.0040,8.1521,4.0031
46.886,-4.0040,8.1521,4.0031
46.894,-4.0040,8.1521,4.0031
46.902,-4.0040,8.1521,4.0031
46.910,-4.0040,8.1521,4.0031
46.918,-4.0040,8.1521,4.0031
46.927,-4.0040,8.1521,4.0031
46.934,-4.0040,8.1521,4.0031
46.942,-4.0040,8.1521,4.0031
46.950,-4.0040,8.1521,4.0031
46.960,-4.0040,8.1521,4.0031
46.969,-4.0040,8.1521,4.0031
46.979,-4.0040,8.1521,4.0031
46.987,-4.0040,8.1521,4.0031
47.003,-4.0040,8.1521,4.0031
47.014,-4.0040,8.1521,4.0031
47.022,-4.0040,8.1521,4.0031
47.030,-4.0040,8.1521,4.0031
47.036,-4.0040,8.1521,4.0031
47.046,-4.0040,8.1521,4.0031
47.053,-4.0040,8.1521,4.0031
47.062,-4.0040,8.1521,4.0031
47.068,-4.0040,8.1521,4.0031
47.078,-4.0040,8.1521,4.0031
47.086,-4.0040,8.1521,4.0031
47.093,-4.0040,8.1521,4.0031
47.100,-4.0040,8.1521,4.0031
47.110,-4.0040,8.1521,4.0031
47.117,-4.0040,8.1521,4.0031
47.125,-4.0040,8.1521,4.0031
47.132,-4.0040,8.1521,4.0031
47.140,-4.0040,8.1521,4.0031
47.148,-4.0040,8.1521,4.0031
47.155,-4.0040,8.1521,4.0031
47.163,-4.0040,8.1522,4.0031
47.173,-4.0040,8.1522,4.0031
47.182,-4.0040,8.1522,4.0031
47.191,-4.0040,8.1522,4.0031
47.199,-4.0040,8.1523,4.0031
47.208,-4.0040,8.1523,4.0031
47.216,-4.0040,8.1523,4.0031
47.223,-4.0040,8.1524,4.0031
47.235,-4.0040,8.1524,4.0031
47.243,-4.0040,8.1524,4.0031
47.252,-4.0040,8.1524,4.0031
47.262,-4.0040,8.1527,4.0031
47.272,-4.0040,8.1527,4.0031
47.280,-4.0040,8.1529,4.0031
47.290,-4.0040,8.1529,4.0031
47.298,-4.0040,8.1532,4.0031
47.307,-4.0040,8.1532,4.0031
47.315,-4.0040,8.1532,4.0031
47.323,-4.0040,8.1536,4.0031
47.333,-4.0040,8.1536,4.0031
47.341,-4.0040,8.1544,4.0031
47.352,-4.0040,8.1544,4.0031
47.360,-4.0040,8.1553,4.0031
47.369,-4.0040,8.1553,4.0031
47.379,-4.0040,8.1563,4.0031
47.388,-4.0040,8.1563,4.0031
47.397,-4.0040,8.1585,4.0031
47.408,-4.0040,8.1585,4.0031
47.416,-4.0040,8.1585,4.0031
47.423,-4.0040,8.1609,4.0031
47.433,-4.0040,8.1609,4.0031
47.442,-4.0040,8.1633,4.0031
47.452,-4.0040,8.1633,4.0031
47.459,-4.0040,8.1660,4.0031
47.467,-4.0040,8.1660,4.0031
47.477,-4.0040,8.1660,4.0031
47.483,-4.0040,8.1686,4.0031
47.493,-4.0040,8.1686,4.0031
47.500,-4.0040,8.1713,4.0031
47.511,-4.0040,8.1713,4.0031
47.516,-4.0040,8.1713,4.0031
47.524,-4.0040,8.1738,4.0031
47.533,-4.0040,8.1738,4.0031
47.542,-4.0040,8.1764,4.0031
47.549,-4.0040,8.1764,4.0031
47.556,-4.0040,8.1764,4.0031
47.564,-4.0040,8.1789,4.0031
47.572,-4.0040,8.1789,4.0031
47.579,-4.0040,8.1814,4.0031
47.588,-4.0040,8.1814,4.0031
47.596,-4.0040,8.1814,4.0031
47.603,-4.0040,8.1840,4.0031
47.612,-4.0040,8.1840,4.0031
47.621,-4.0040,8.1865,4.0031
47.633,-4.0040,8.1865,4.0031
47.640,-4.0040,8.1891,4.0031
47.651,-4.0040,8.1891,4.0031
47.658,-4.0040,8.1917,4.0031
47.668,-4.0040,8.1917,4.0031
47.676,-4.0040,8.1917,4.0031
47.683,-4.0040,8.1942,4.0031
47.692,-4.0040,8.1942,4.0031
47.698,-4.0040,8.1967,4.0031
47.707,-4.0040,8.1967,4.0031
47.715,-4.0040,8.1967,4.0031
47.722,-4.0040,8.1993,4.0031
47.730,-4.0040,8.1993,4.0031
47.737,-4.0040,8.2018,4.0031
47.748,-4.0040,8.2018,4.0031
47.754,-4.0040,8.2018,4.0031
47.762,-4.0040,8.2044,4.0031
47.770,-4.0040,8.2044,4.0031
47.779,-4.0040,8.2069,4.0031
47.786,-4.0040,8.2069,4.0031
47.794,-4.0040,8.2069,4.0031
47.801,-4.0040,8.2095,4.0031
47.811,-4.0040,8.2095,4.0031
47.817,-4.0040,8.2120,4.0031
47.827,-4.0040,8.2120,4.0031
47.834,-4.0040,8.2120,4.0031
47.842,-4.0040,8.2146,4.0031
47.850,-4.0040,8.2146,4.0031
47.857,-4.0040,8.2171,4.0031
47.865,-4.0040,8.2171,4.0031
47.874,-4.0040,8.2171,4.0031
47.882,-4.0040,8.2197,4.0031
47.892,-4.0040,8.2197,4.0031
47.899,-4.0040,8.2222,4.0031
47.908,-4.0040,8.2222,4.0031
47.915,-4.0040,8.2222,4.0031
47.922,-4.0040,8.2247,4.0031
47.931,-4.0040,8.2247,4.0031
47.938,-4.0040,8.2273,4.0031
47.947,-4.0040,8.2273,4.0031
47.955,-4.0040,8.2273,4.0031
47.963,-4.0040,8.2298,4.0031
47.971,-4.0040,8.2298,4.0031
47.980,-4.0040,8.2324,4.0031
47.989,-4.0040,8.2324,4.0031
47.996,-4.0040,8.2324,4.0031
48.003,-4.0040,8.2349,4.0031
48.015,-4.0040,8.2349,4.0031
48.023,-4.0040,8.2375,4.0031
48.032,-4.0040,8.2375,4.0031
48.039,-4.0040,8.2400,4.0031
48.050,-4.0040,8.2400,4.0031
48.059,-4.0040,8.2426,4.0031
48.068,-4.0040,8.2426,4.0031
48.077,-4.0040,8.2452,4.0031
48.086,-4.0040,8.2452,4.0031
48.094,-4.0040,8.2452,4.0031
48.101,-4.0040,8.2477,4.0031
48.112,-4.0040,8.2477,4.0031
48.119,-4.0040,8.2503,4.0031
48.129,-4.0040,8.2503,4.0031
48.136,-4.0040,8.2503,4.0031
48.145,-4.0040,8.2528,4.0031
48.155,-4.0040,8.2528,4.0031
48.162,-4.0040,8.2554,4.0031
48.173,-4.0040,8.2554,4.0031
48.179,-4.0040,8.2580,4.0031
48.188,-4.0040,8.2580,4.0031
48.197,-4.0040,8.2605,4.0031
48.207,-4.0040,8.2605,4.0031
48.214,-4.0040,8.2605,4.0031
48.223,-4.0040,8.2631,4.0031
48.233,-4.0040,8.2631,4.0031
48.241,-4.0040,8.2656,4.0031
48.251,-4.0040,8.2656,4.0031
48.260,-4.0040,8.2682,4.0031
48.270,-4.0040,8.2682,4.0031
48.278,-4.0040,8.2707,4.0031
48.287,-4.0040,8.2707,4.0031
48.295,-4.0040,8.2707,4.0031
48.301,-4.0040,8.2733,4.0031
48.311,-4.0040,8.2733,4.0031
48.317,-4.0040,8.2758,4.0031
48.326,-4.0040,8.2758,4.0031
48.332,-4.0040,8.2758,4.0031
48.339,-4.0040,8.2784,4.0031
48.349,-4.0040,8.2784,4.0031
48.355,-4.0040,8.2784,4.0031
48.362,-4.0040,8.2810,4.0031
48.371,-4.0040,8.2810,4.0031
48.379,-4.0040,8.2835,4.0031
48.388,-4.0040,8.2835,4.0031
48.395,-4.0040,8.2835,4.0031
48.403,-4.0040,8.2861,4.0031
48.413,-4.0040,8.2861,4.0031
48.420,-4.0040,8.2886,4.0031
48.429,-4.0040,8.2886,4.0031
48.438,-4.0040,8.2912,4.0031
48.447,-4.0040,8.2912,4.0031
48.454,-4.0040,8.2912,4.0031
48.461,-4.0040,8.2937,4.0031
48.471,-4.0040,8.2937,4.0031
48.479,-4.0040,8.2963,4.0031
48.487,-4.0040,8.2963,4.0031
48.496,-4.0040,8.2963,4.0031
48.503,-4.0040,8.2988,4.0031
48.513,-4.0040,8.2988,4.0031
48.520,-4.0040,8.3014,4.0031
48.531,-4.0040,8.3014,4.0031
48.538,-4.0040,8.3039,4.0031
48.548,-4.0040,8.3039,4.0031
48.555,-4.0040,8.3039,4.0031
48.564,-4.0040,8.3065,4.0031
48.572,-4.0040,8.3065,4.0031
48.582,-4.0040,8.3090,4.0031
48.592,-4.0040,8.3090,4.0031
48.599,-4.0040,8.3115,4.0031
48.611,-4.0040,8.3115,4.0031
48.619,-4.0040,8.3141,4.0031
48.630,-4.0040,8.3141,4.0031
48.639,-4.0040,8.3166,4.0031
48.649,-4.0040,8.3166,4.0031
48.658,-4.0040,8.3192,4.0031
48.666,-4.0040,8.3192,4.0031
48.675,-4.0040,8.3192,4.0031
48.684,-4.0040,8.3217,4.0031
48.693,-4.0040,8.3217,4.0031
48.700,-4.0040,8.3243,4.0031
48.709,-4.0040,8.3243,4.0031
48.718,-4.0040,8.3268,4.0031
48.726,-4.0040,8.3268,4.0031
48.735,-4.0040,8.3268,4.0031
48.743,-4.0040,8.3293,4.0031
48.752,-4.0040,8.3293,4.0031
48.759,-4.0040,8.3319,4.0031
48.769,-4.0040,8.3319,4.0031
48.777,-4.0040,8.3344,4.0031
48.786,-4.0040,8.3344,4.0031
48.794,-4.0040,8.3344,4.0031
48.803,-4.0040,8.3369,4.0031
48.813,-4.0040,8.3369,4.0031
48.820,-4.0040,8.3395,4.0031
48.830,-4.0040,8.3395,4.0031
48.838,-4.0040,8.3420,4.0031
48.847,-4.0040,8.3420,4.0031
48.854,-4.0040,8.3420,4.0031
48.862,-4.0040,8.3445,4.0031
48.871,-4.0040,8.3445,4.0031
48.880,-4.0040,8.3471,4.0031
48.889,-4.0040,8.3471,4.0031
48.897,-4.0040,8.3496,4.0031
48.905,-4.0040,8.3496,4.0031
48.914,-4.0040,8.3496,4.0031
48.921,-4.0040,8.3521,4.0031
48.930,-4.0040,8.3521,4.0031
48.937,-4.0040,8.3546,4.0031
48.947,-4.0040,8.3546,4.0031
48.955,-4.0040,8.3546,4.0031
48.963,-4.0040,8.3572,4.0031
48.983,-4.0040,8.3597,4.0031
48.993,-4.0040,8.3597,4.0031
49.000,-4.0040,8.3622,4.0031
49.011,-4.0040,8.3622,4.0031
49.019,-4.0040,8.3647,4.0031
49.030,-4.0040,8.3647,4.0031
49.037,-4.0040,8.3672,4.0031
49.049,-4.0040,8.3672,4.0031
49.057,-4.0040,8.3698,4.0031
49.066,-4.0040,8.3698,4.0031
49.076,-4.0040,8.3698,4.0031
49.083,-4.0040,8.3723,4.0031
49.093,-4.0040,8.3723,4.0031
49.101,-4.0040,8.3748,4.0031
49.111,-4.0040,8.3748,4.0031
49.118,-4.0040,8.3773,4.0031
49.127,-4.0040,8.3773,4.0031
49.133,-4.0040,8.3773,4.0031
49.142,-4.0040,8.3798,4.0031
49.150,-4.0040,8.3798,4.0031
49.158,-4.0040,8.3824,4.0031
49.166,-4.0040,8.3824,4.0031
49.174,-4.0040,8.3824,4.0031
49.180,-4.0040,8.3849,4.0031
49.189,-4.0040,8.3849,4.0031
49.196,-4.0040,8.3849,4.0031
49.203,-4.0040,8.3874,4.0031
49.211,-4.0040,8.3874,4.0031
49.220,-4.0040,8.3899,4.0031
49.229,-4.0040,8.3899,4.0031
49.236,-4.0040,8.3899,4.0031
49.244,-4.0040,8.3925,4.0031
49.253,-4.0040,8.3925,4.0031
49.260,-4.0040,8.3950,4.0031
49.268,-4.0040,8.3950,4.0031
49.276,-4.0040,8.3950,4.0031
49.284,-4.0040,8.3975,4.0031
49.293,-4.0040,8.3975,4.0031
49.300,-4.0040,8.4000,4.0031
49.309,-4.0040,8.4000,4.0031
49.317,-4.0040,8.4026,4.0031
49.325,-4.0040,8.4026,4.0031
49.332,-4.0040,8.4026,4.0031
49.341,-4.0040,8.4051,4.0031
49.351,-4.0040,8.4051,4.0031
49.359,-4.0040,8.4076,4.0031
49.367,-4.0040,8.4076,4.0031
49.377,-4.0040,8.4101,4.0031
49.385,-4.0040,8.4101,4.0031
49.394,-4.0040,8.4101,4.0031
49.401,-4.0040,8.4126,4.0031
49.412,-4.0040,8.4126,4.0031
49.419,-4.0040,8.4152,4.0031
49.428,-4.0040,8.4152,4.0031
49.435,-4.0040,8.4152,4.0031
49.444,-4.0040,8.4177,4.0031
49.453,-4.0040,8.4177,4.0031
49.461,-4.0040,8.4202,4.0031
49.471,-4.0040,8.4202,4.0031
49.478,-4.0040,8.4227,4.0031
49.487,-4.0040,8.4227,4.0031
49.495,-4.0040,8.4227,4.0031
49.502,-4.0040,8.4252,4.0031
49.512,-4.0040,8.4252,4.0031
49.521,-4.0040,8.4277,4.0031
49.530,-4.0040,8.4277,4.0031
49.537,-4.0040,8.4302,4.0031
49.547,-4.0040,8.4302,4.0031
49.554,-4.0040,8.4302,4.0031
49.563,-4.0040,8.4328,4.0031
49.571,-4.0040,8.4328,4.0031
49.579,-4.0040,8.4353,4.0031
49.586,-4.0040,8.4353,4.0031
49.595,-4.0040,8.4353,4.0031
49.601,-4.0040,8.4378,4.0031
49.611,-4.0040,8.4378,4.0031
49.619,-4.0040,8.4403,4.0031
49.627,-4.0040,8.4403,4.0031
49.634,-4.0040,8.4403,4.0031
49.641,-4.0040,8.4428,4.0031
49.650,-4.0040,8.4428,4.0031
49.658,-4.0040,8.4453,4.0031
49.666,-4.0040,8.4453,4.0031
49.675,-4.0040,8.4453,4.0031
49.683,-4.0040,8.4478,4.0031
49.691,-4.0040,8.4478,4.0031
49.698,-4.0040,8.4504,4.0031
49.706,-4.0040,8.4504,4.0031
49.715,-4.0040,8.4504,4.0031
49.723,-4.0040,8.4529,4.0031
49.731,-4.0040,8.4529,4.0031
49.739,-4.0040,8.4554,4.0031
49.748,-4.0040,8.4554,4.0031
49.756,-4.0040,8.4554,4.0031
49.763,-4.0040,8.4579,4.0031
49.773,-4.0040,8.4579,4.0031
49.781,-4.0040,8.4604,4.0031
49.790,-4.0040,8.4604,4.0031
49.798,-4.0040,8.4629,4.0031
49.808,-4.0040,8.4629,4.0031
49.815,-4.0040,8.4629,4.0031
49.824,-4.0040,8.4654,4.0031
49.832,-4.0040,8.4654,4.0031
49.840,-4.0040,8.4679,4.0031
49.850,-4.0040,8.4679,4.0031
49.858,-4.0040,8.4704,4.0031
49.865,-4.0040,8.4704,4.0031
49.872,-4.0040,8.4704,4.0031
49.881,-4.0040,8.4730,4.0031
49.890,-4.0040,8.4730,4.0031
49.898,-4.0040,8.4755,4.0031
49.907,-4.0040,8.4755,4.0031
49.916,-4.0040,8.4755,4.0031
49.924,-4.0040,8.4780,4.0031
49.933,-4.0040,8.4780,4.0031
49.942,-4.0040,8.4805,4.0031
49.952,-4.0040,8.4805,4.0031
49.960,-4.0040,8.4830,4.0031
49.970,-4.0040,8.4830,4.0031
49.979,-4.0040,8.4855,4.0031
49.987,-4.0040,8.4855,4.0031
49.995,-4.0040,8.4855,4.0031
50.002,-4.0040,8.4880,4.0031
50.012,-4.0040,8.4880,4.0031
50.019,-4.0040,8.4905,4.0031
50.028,-4.0040,8.4905,4.0031
50.035,-4.0040,8.4905,4.0031
50.044,-4.0040,8.4930,4.0031
50.053,-4.0040,8.4930,4.0031
50.060,-4.0040,8.4955,4.0031
50.069,-4.0040,8.4955,4.0031
50.076,-4.0040,8.4955,4.0031
50.085,-4.0040,8.4980,4.0031
50.094,-4.0040,8.4980,4.0031
50.101,-4.0040,8.5005,4.0031
50.110,-4.0040,8.5005,4.0031
50.116,-4.0040,8.5005,4.0031
50.123,-4.0040,8.5030,4.0031
50.133,-4.0040,8.5030,4.0031
50.140,-4.0040,8.5056,4.0031
50.150,-4.0040,8.5056,4.0031
50.157,-4.0040,8.5056,4.0031
50.165,-4.0040,8.5081,4.0031
50.173,-4.0040,8.5081,4.0031
50.181,-4.0040,8.5106,4.0031
50.189,-4.0040,8.5106,4.0031
50.197,-4.0040,8.5131,4.0031
50.204,-4.0040,8.5131,4.0031
50.213,-4.0040,8.5131,4.0031
50.221,-4.0040,8.5156,4.0031
50.230,-4.0040,8.5156,4.0031
50.236,-4.0040,8.5156,4.0031
50.246,-4.0040,8.5181,4.0031
50.254,-4.0040,8.5181,4.0031
50.261,-4.0040,8.5207,4.0031
50.268,-4.0040,8.5207,4.0031
50.276,-4.0040,8.5207,4.0031
50.284,-4.0040,8.5232,4.0031
50.295,-4.0040,8.5232,4.0031
50.302,-4.0040,8.5257,4.0031
50.312,-4.0040,8.5257,4.0031
50.319,-4.0040,8.5282,4.0031
50.327,-4.0040,8.5282,4.0031
50.335,-4.0040,8.5282,4.0031
50.343,-4.0040,8.5308,4.0031
50.352,-4.0040,8.5308,4.0031
50.359,-4.0040,8.5333,4.0031
50.368,-4.0040,8.5333,4.0031
50.377,-4.0040,8.5358,4.0031
50.386,-4.0040,8.5358,4.0031
50.394,-4.0040,8.5358,4.0031
50.401,-4.0040,8.5384,4.0031
50.410,-4.0040,8.5384,4.0031
50.417,-4.0040,8.5409,4.0031
50.427,-4.0040,8.5409,4.0031
50.433,-4.0040,8.5409,4.0031
50.441,-4.0040,8.5434,4.0031
50.448,-4.0040,8.5434,4.0031
50.455,-4.0040,8.5434,4.0031
50.464,-4.0040,8.5460,4.0031
50.472,-4.0040,8.5460,4.0031
50.480,-4.0040,8.5485,4.0031
50.489,-4.0040,8.5485,4.0031
50.496,-4.0040,8.5485,4.0031
50.503,-4.0040,8.5510,4.0031
50.513,-4.0040,8.5510,4.0031
50.521,-4.0040,8.5536,4.0031
50.530,-4.0040,8.5536,4.0031
50.538,-4.0040,8.5561,4.0031
50.546,-4.0040,8.5561,4.0031
50.554,-4.0040,8.5561,4.0031
50.561,-4.0040,8.5586,4.0031
50.570,-4.0040,8.5586,4.0031
50.577,-4.0040,8.5611,4.0031
50.587,-4.0040,8.5611,4.0031
50.595,-4.0040,8.5611,4.0031
50.602,-4.0040,8.5637,4.0031
50.612,-4.0040,8.5637,4.0031
50.620,-4.0040,8.5662,4.0031
50.630,-4.0040,8.5662,4.0031
50.638,-4.0040,8.5687,4.0031
50.648,-4.0040,8.5687,4.0031
50.655,-4.0040,8.5687,4.0031
50.664,-4.0040,8.5712,4.0031
50.674,-4.0040,8.5712,4.0031
50.682,-4.0040,8.5737,4.0031
50.691,-4.0040,8.5737,4.0031
50.699,-4.0040,8.5761,4.0031
50.708,-4.0040,8.5761,4.0031
50.715,-4.0040,8.5761,4.0031
50.726,-4.0040,8.5786,4.0031
50.734,-4.0040,8.5786,4.0031
50.743,-4.0040,8.5811,4.0031
50.751,-4.0040,8.5811,4.0031
50.759,-4.0040,8.5835,4.0031
50.768,-4.0040,8.5835,4.0031
50.776,-4.0040,8.5835,4.0031
50.783,-4.0040,8.5860,4.0031
50.793,-4.0040,8.5860,4.0031
50.802,-4.0040,8.5884,4.0031
50.811,-4.0040,8.5884,4.0031
50.820,-4.0040,8.5909,4.0031
50.831,-4.0040,8.5909,4.0031
50.839,-4.0040,8.5933,4.0031
50.849,-4.0040,8.5933,4.0031
50.857,-4.0040,8.5957,4.0031
50.865,-4.0040,8.5957,4.0031
50.873,-4.0040,8.5957,4.0031
50.881,-4.0040,8.5982,4.0031
50.890,-4.0040,8.5982,4.0031
50.898,-4.0040,8.6006,4.0031
50.904,-4.0040,8.6006,4.0031
50.914,-4.0040,8.6006,4.0031
50.921,-4.0040,8.6030,4.0031
50.930,-4.0040,8.6030,4.0031
50.936,-4.0040,8.6030,4.0031
50.946,-4.0040,8.6055,4.0031
50.954,-4.0040,8.6055,4.0031
50.962,-4.0040,8.6079,4.0031
50.970,-4.0040,8.6079,4.0031
50.980,-4.0040,8.6104,4.0031
50.987,-4.0040,8.6104,4.0031
50.995,-4.0040,8.6104,4.0031
51.002,-4.0040,8.6128,4.0031
51.012,-4.0040,8.6128,4.0031
51.020,-4.0040,8.6152,4.0031
51.030,-4.0040,8.6152,4.0031
51.038,-4.0040,8.6177,4.0031
51.047,-4.0040,8.6177,4.0031
51.056,-4.0040,8.6177,4.0031
51.064,-4.0040,8.6201,4.0031
51.074,-4.0040,8.6201,4.0031
51.080,-4.0040,8.6226,4.0031
51.090,-4.0040,8.6226,4.0031
51.098,-4.0040,8.6250,4.0031
51.108,-4.0040,8.6250,4.0031
51.115,-4.0040,8.6250,4.0031
51.133,-4.0040,8.6275,4.0031
51.142,-4.0040,8.6299,4.0031
51.151,-4.0040,8.6299,4.0031
51.159,-4.0040,8.6324,4.0031
51.168,-4.0040,8.6324,4.0031
51.176,-4.0040,8.6324,4.0031
51.184,-4.0040,8.6348,4.0031
51.194,-4.0040,8.6348,4.0031
51.201,-4.0040,8.6373,4.0031
51.211,-4.0040,8.6373,4.0031
51.219,-4.0040,8.6397,4.0031
51.228,-4.0040,8.6397,4.0031
51.236,-4.0040,8.6397,4.0031
51.246,-4.0040,8.6422,4.0031
51.254,-4.0040,8.6422,4.0031
51.262,-4.0040,8.6447,4.0031
51.270,-4.0040,8.6447,4.0031
51.279,-4.0040,8.6471,4.0031
51.286,-4.0040,8.6471,4.0031
51.295,-4.0040,8.6471,4.0031
51.302,-4.0040,8.6496,4.0031
51.313,-4.0040,8.6496,4.0031
51.319,-4.0040,8.6520,4.0031
51.329,-4.0040,8.6520,4.0031
51.335,-4.0040,8.6520,4.0031
51.344,-4.0040,8.6545,4.0031
51.352,-4.0040,8.6545,4.0031
51.360,-4.0040,8.6569,4.0031
51.367,-4.0040,8.6569,4.0031
51.375,-4.0040,8.6569,4.0031
51.383,-4.0040,8.6594,4.0031
51.391,-4.0040,8.6594,4.0031
51.398,-4.0040,8.6618,4.0031
51.406,-4.0040,8.6618,4.0031
51.413,-4.0040,8.6618,4.0031
51.421,-4.0040,8.6643,4.0031
51.429,-4.0040,8.6643,4.0031
51.436,-4.0040,8.6643,4.0031
51.444,-4.0040,8.6668,4.0031
51.451,-4.0040,8.6668,4.0031
51.460,-4.0040,8.6692,4.0031
51.467,-4.0040,8.6692,4.0031
51.475,-4.0040,8.6692,4.0031
51.481,-4.0040,8.6717,4.0031
51.491,-4.0040,8.6717,4.0031
51.498,-4.0040,8.6741,4.0031
51.505,-4.0040,8.6741,4.0031
51.512,-4.0040,8.6741,4.0031
51.520,-4.0040,8.6766,4.0031
51.530,-4.0040,8.6766,4.0031
51.538,-4.0040,8.6791,4.0031
51.548,-4.0040,8.6791,4.0031
51.556,-4.0040,8.6791,4.0031
51.563,-4.0040,8.6815,4.0031
51.571,-4.0040,8.6815,4.0031
51.578,-4.0040,8.6840,4.0031
51.587,-4.0040,8.6840,4.0031
51.594,-4.0040,8.6840,4.0031
51.601,-4.0040,8.6865,4.0031
51.611,-4.0040,8.6865,4.0031
51.619,-4.0040,8.6889,4.0031
51.627,-4.0040,8.6889,4.0031
51.635,-4.0040,8.6889,4.0031
51.642,-4.0040,8.6914,4.0031
51.651,-4.0040,8.6914,4.0031
51.658,-4.0040,8.6938,4.0031
51.666,-4.0040,8.6938,4.0031
51.673,-4.0040,8.6938,4.0031
51.681,-4.0040,8.6963,4.0031
51.688,-4.0040,8.6963,4.0031
51.696,-4.0040,8.6963,4.0031
51.704,-4.0040,8.6988,4.0031
51.713,-4.0040,8.6988,4.0031
51.719,-4.0040,8.7012,4.0031
51.729,-4.0040,8.7012,4.0031
51.736,-4.0040,8.7012,4.0031
51.745,-4.0040,8.7037,4.0031
51.752,-4.0040,8.7037,4.0031
51.761,-4.0040,8.7062,4.0031
51.770,-4.0040,8.7062,4.0031
51.779,-4.0040,8.7086,4.0031
51.786,-4.0040,8.7086,4.0031
51.795,-4.0040,8.7086,4.0031
51.802,-4.0040,8.7111,4.0031
51.812,-4.0040,8.7111,4.0031
51.818,-4.0040,8.7135,4.0031
51.828,-4.0040,8.7135,4.0031
51.835,-4.0040,8.7135,4.0031
51.843,-4.0040,8.7160,4.0031
51.851,-4.0040,8.7160,4.0031
51.859,-4.0040,8.7185,4.0031
51.867,-4.0040,8.7185,4.0031
51.876,-4.0040,8.7185,4.0031
51.884,-4.0040,8.7209,4.0031
51.894,-4.0040,8.7209,4.0031
51.902,-4.0040,8.7234,4.0031
51.912,-4.0040,8.7234,4.0031
51.919,-4.0040,8.7259,4.0031
51.927,-4.0040,8.7259,4.0031
51.935,-4.0040,8.7259,4.0031
51.945,-4.0040,8.7283,4.0031
51.953,-4.0040,8.7283,4.0031
51.961,-4.0040,8.7308,4.0031
51.969,-4.0040,8.7308,4.0031
51.978,-4.0040,8.7332,4.0031
51.986,-4.0040,8.7332,4.0031
51.994,-4.0040,8.7332,4.0031
52.001,-4.0040,8.7357,4.0031
52.011,-4.0040,8.7357,4.0031
52.018,-4.0040,8.7382,4.0031
52.028,-4.0040,8.7382,4.0031
52.036,-4.0040,8.7382,4.0031
52.044,-4.0040,8.7406,4.0031
52.053,-4.0040,8.7406,4.0031
52.061,-4.0040,8.7431,4.0031
52.071,-4.0040,8.7431,4.0031
52.079,-4.0040,8.7456,4.0031
52.088,-4.0040,8.7456,4.0031
52.096,-4.0040,8.7456,4.0031
52.104,-4.0040,8.7480,4.0031
52.113,-4.0040,8.7480,4.0031
52.122,-4.0040,8.7505,4.0031
52.130,-4.0040,8.7505,4.0031
52.137,-4.0040,8.7530,4.0031
52.147,-4.0040,8.7530,4.0031
52.154,-4.0040,8.7530,4.0031
52.162,-4.0040,8.7554,4.0031
52.170,-4.0040,8.7554,4.0031
52.178,-4.0040,8.7579,4.0031
52.186,-4.0040,8.7579,4.0031
52.193,-4.0040,8.7579,4.0031
52.199,-4.0040,8.7604,4.0031
52.209,-4.0040,8.7604,4.0031
52.216,-4.0040,8.7604,4.0031
52.223,-4.0040,8.7628,4.0031
52.231,-4.0040,8.7628,4.0031
52.238,-4.0040,8.7653,4.0031
52.248,-4.0040,8.7653,4.0031
52.254,-4.0040,8.7653,4.0031
52.264,-4.0040,8.7678,4.0031
52.274,-4.0040,8.7678,4.0031
52.281,-4.0040,8.7703,4.0031
52.290,-4.0040,8.7703,4.0031
52.296,-4.0040,8.7703,4.0031
52.305,-4.0040,8.7727,4.0031
52.314,-4.0040,8.7727,4.0031
52.322,-4.0040,8.7752,4.0031
52.331,-4.0040,8.7752,4.0031
52.340,-4.0040,8.7777,4.0031
52.349,-4.0040,8.7777,4.0031
52.357,-4.0040,8.7801,4.0031
52.365,-4.0040,8.7801,4.0031
52.373,-4.0040,8.7801,4.0031
52.381,-4.0040,8.7826,4.0031
52.391,-4.0040,8.7826,4.0031
52.400,-4.0040,8.7851,4.0031
52.409,-4.0040,8.7851,4.0031
52.417,-4.0040,8.7851,4.0031
52.424,-4.0040,8.7875,4.0031
52.434,-4.0040,8.7875,4.0031
52.441,-4.0040,8.7900,4.0031
52.451,-4.0040,8.7900,4.0031
52.460,-4.0040,8.7924,4.0031
52.469,-4.0040,8.7924,4.0031
52.478,-4.0040,8.7949,4.0031
52.487,-4.0040,8.7949,4.0031
52.495,-4.0040,8.7949,4.0031
52.502,-4.0040,8.7974,4.0031
52.512,-4.0040,8.7974,4.0031
52.520,-4.0040,8.7998,4.0031
52.528,-4.0040,8.7998,4.0031
52.535,-4.0040,8.7998,4.0031
52.543,-4.0040,8.8023,4.0031
52.551,-4.0040,8.8023,4.0031
52.559,-4.0040,8.8048,4.0031
52.567,-4.0040,8.8048,4.0031
52.575,-4.0040,8.8048,4.0031
52.582,-4.0040,8.8072,4.0031
52.592,-4.0040,8.8072,4.0031
52.599,-4.0040,8.8097,4.0031
52.609,-4.0040,8.8097,4.0031
52.616,-4.0040,8.8097,4.0031
52.623,-4.0040,8.8121,4.0031
52.631,-4.0040,8.8121,4.0031
52.640,-4.0040,8.8146,4.0031
52.648,-4.0040,8.8146,4.0031
52.654,-4.0040,8.8146,4.0031
52.663,-4.0040,8.8170,4.0031
52.673,-4.0040,8.8170,4.0031
52.681,-4.0040,8.8195,4.0031
52.689,-4.0040,8.8195,4.0031
52.696,-4.0040,8.8195,4.0031
52.703,-4.0040,8.8219,4.0031
52.712,-4.0040,8.8219,4.0031
52.719,-4.0040,8.8244,4.0031
52.730,-4.0040,8.8244,4.0031
52.737,-4.0040,8.8244,4.0031
52.744,-4.0040,8.8268,4.0031
52.752,-4.0040,8.8268,4.0031
52.761,-4.0040,8.8293,4.0031
52.769,-4.0040,8.8293,4.0031
52.776,-4.0040,8.8293,4.0031
52.784,-4.0040,8.8317,4.0031
52.794,-4.0040,8.8317,4.0031
52.801,-4.0040,8.8342,4.0031
52.811,-4.0040,8.8342,4.0031
52.819,-4.0040,8.8366,4.0031
52.827,-4.0040,8.8366,4.0031
52.835,-4.0040,8.8366,4.0031
52.842,-4.0040,8.8391,4.0031
52.851,-4.0040,8.8391,4.0031
52.858,-4.0040,8.8415,4.0031
52.865,-4.0040,8.8415,4.0031
52.872,-4.0040,8.8415,4.0031
52.880,-4.0040,8.8440,4.0031
52.889,-4.0040,8.8440,4.0031
52.897,-4.0040,8.8440,4.0031
52.904,-4.0040,8.8464,4.0031
52.915,-4.0040,8.8464,4.0031
52.921,-4.0040,8.8489,4.0031
52.930,-4.0040,8.8489,4.0031
52.936,-4.0040,8.8489,4.0031
52.945,-4.0040,8.8513,4.0031
52.952,-4.0040,8.8513,4.0031
52.960,-4.0040,8.8537,4.0031
52.968,-4.0040,8.8537,4.0031
52.976,-4.0040,8.8537,4.0031
52.983,-4.0040,8.8562,4.0031
52.992,-4.0040,8.8562,4.0031
52.999,-4.0040,8.8586,4.0031
53.009,-4.0040,8.8586,4.0031
53.015,-4.0040,8.8586,4.0031
53.022,-4.0040,8.8611,4.0031
53.031,-4.0040,8.8611,4.0031
53.038,-4.0040,8.8635,4.0031
53.047,-4.0040,8.8635,4.0031
53.054,-4.0040,8.8635,4.0031
53.062,-4.0040,8.8660,4.0031
53.070,-4.0040,8.8660,4.0031
53.078,-4.0040,8.8684,4.0031
53.085,-4.0040,8.8684,4.0031
53.093,-4.0040,8.8684,4.0031
53.101,-4.0040,8.8709,4.0031
53.110,-4.0040,8.8709,4.0031
53.119,-4.0040,8.8733,4.0031
53.127,-4.0040,8.8733,4.0031
53.135,-4.0040,8.8733,4.0031
53.144,-4.0040,8.8757,4.0031
53.154,-4.0040,8.8757,4.0031
53.162,-4.0040,8.8782,4.0031
53.172,-4.0040,8.8782,4.0031
53.181,-4.0040,8.8806,4.0031
53.190,-4.0040,8.8806,4.0031
53.198,-4.0040,8.8831,4.0031
53.207,-4.0040,8.8831,4.0031
53.216,-4.0040,8.8831,4.0031
53.224,-4.0040,8.8855,4.0031
53.234,-4.0040,8.8855,4.0031
53.252,-4.0040,8.8880,4.0031
53.263,-4.0040,8.8904,4.0031
53.273,-4.0040,8.8904,4.0031
53.282,-4.0040,8.8929,4.0031
53.291,-4.0040,8.8929,4.0031
53.298,-4.0040,8.8953,4.0031
53.308,-4.0040,8.8953,4.0031
53.317,-4.0040,8.8978,4.0031
53.326,-4.0040,8.8978,4.0031
53.334,-4.0040,8.8978,4.0031
53.343,-4.0040,8.9002,4.0031
53.352,-4.0040,8.9002,4.0031
53.361,-4.0040,8.9027,4.0031
53.370,-4.0040,8.9027,4.0031
53.378,-4.0040,8.9051,4.0031
53.387,-4.0040,8.9051,4.0031
53.396,-4.0040,8.9051,4.0031
53.403,-4.0040,8.9076,4.0031
53.414,-4.0040,8.9076,4.0031
53.421,-4.0040,8.9100,4.0031
53.431,-4.0040,8.9100,4.0031
53.438,-4.0040,8.9125,4.0031
53.448,-4.0040,8.9125,4.0031
53.456,-4.0040,8.9125,4.0031
53.463,-4.0040,8.9149,4.0031
53.472,-4.0040,8.9149,4.0031
53.480,-4.0040,8.9174,4.0031
53.490,-4.0040,8.9174,4.0031
53.496,-4.0040,8.9174,4.0031
53.503,-4.0040,8.9198,4.0031
53.513,-4.0040,8.9198,4.0031
53.521,-4.0040,8.9223,4.0031
53.530,-4.0040,8.9223,4.0031
53.538,-4.0040,8.9247,4.0031
53.549,-4.0040,8.9247,4.0031
53.557,-4.0040,8.9272,4.0031
53.566,-4.0040,8.9272,4.0031
53.576,-4.0040,8.9272,4.0031
53.584,-4.0040,8.9296,4.0031
53.592,-4.0040,8.9296,4.0031
53.600,-4.0040,8.9321,4.0031
53.610,-4.0040,8.9321,4.0031
53.618,-4.0040,8.9345,4.0031
53.627,-4.0040,8.9345,4.0031
53.636,-4.0040,8.9345,4.0031
53.645,-4.0040,8.9370,4.0031
53.653,-4.0040,8.9370,4.0031
53.662,-4.0040,8.9394,4.0031
53.670,-4.0040,8.9394,4.0031
53.679,-4.0040,8.9419,4.0031
53.687,-4.0040,8.9419,4.0031
53.696,-4.0040,8.9419,4.0031
53.702,-4.0040,8.9443,4.0031
53.713,-4.0040,8.9443,4.0031
53.721,-4.0040,8.9467,4.0031
53.732,-4.0040,8.9467,4.0031
53.741,-4.0040,8.9492,4.0031
53.749,-4.0040,8.9492,4.0031
53.758,-4.0040,8.9516,4.0031
53.766,-4.0040,8.9516,4.0031
53.774,-4.0040,8.9516,4.0031
53.782,-4.0040,8.9541,4.0031
53.792,-4.0040,8.9541,4.0031
53.798,-4.0040,8.9565,4.0031
53.808,-4.0040,8.9565,4.0031
53.816,-4.0040,8.9565,4.0031
53.823,-4.0040,8.9590,4.0031
53.831,-4.0040,8.9590,4.0031
53.839,-4.0040,8.9614,4.0031
53.847,-4.0040,8.9614,4.0031
53.854,-4.0040,8.9614,4.0031
53.861,-4.0040,8.9639,4.0031
53.870,-4.0040,8.9639,4.0031
53.878,-4.0040,8.9663,4.0031
53.887,-4.0040,8.9663,4.0031
53.894,-4.0040,8.9663,4.0031
53.901,-4.0040,8.9688,4.0031
53.911,-4.0040,8.9688,4.0031
53.917,-4.0040,8.9712,4.0031
53.925,-4.0040,8.9712,4.0031
53.932,-4.0040,8.9712,4.0031
53.941,-4.0040,8.9737,4.0031
53.949,-4.0040,8.9737,4.0031
53.957,-4.0040,8.9761,4.0031
53.965,-4.0040,8.9761,4.0031
53.974,-4.0040,8.9761,4.0031
53.981,-4.0040,8.9786,4.0031
53.990,-4.0040,8.9786,4.0031
53.997,-4.0040,8.9810,4.0031
54.006,-4.0040,8.9810,4.0031
54.013,-4.0040,8.9810,4.0031
54.021,-4.0040,8.9835,4.0031
54.030,-4.0040,8.9835,4.0031
54.038,-4.0040,8.9859,4.0031
54.048,-4.0040,8.9859,4.0031
54.056,-4.0040,8.9859,4.0031
54.064,-4.0040,8.9884,4.0031
54.072,-4.0040,8.9884,4.0031
54.080,-4.0040,8.9908,4.0031
54.090,-4.0040,8.9908,4.0031
54.098,-4.0040,8.9933,4.0031
54.106,-4.0040,8.9933,4.0031
54.116,-4.0040,8.9933,4.0031
54.124,-4.0040,8.9957,4.0031
54.133,-4.0040,8.9957,4.0031
54.140,-4.0040,8.9982,4.0031
54.150,-4.0040,8.9982,4.0031
54.156,-4.0040,8.9982,4.0031
54.164,-4.0040,9.0006,4.0031
54.175,-4.0040,9.0006,4.0031
54.182,-4.0040,9.0031,4.0031
54.190,-4.0040,9.0031,4.0031
54.197,-4.0040,9.0055,4.0031
54.206,-4.0040,9.0055,4.0031
54.214,-4.0040,9.0055,4.0031
54.221,-4.0040,9.0079,4.0031
54.230,-4.0040,9.0079,4.0031
54.238,-4.0040,9.0104,4.0031
54.249,-4.0040,9.0104,4.0031
54.257,-4.0040,9.0128,4.0031
54.266,-4.0040,9.0128,4.0031
54.274,-4.0040,9.0128,4.0031
54.281,-4.0040,9.0153,4.0031
54.290,-4.0040,9.0153,4.0031
54.297,-4.0040,9.0177,4.0031
54.305,-4.0040,9.0177,4.0031
54.312,-4.0040,9.0177,4.0031
54.320,-4.0040,9.0202,4.0031
54.328,-4.0040,9.0202,4.0031
54.336,-4.0040,9.0202,4.0031
54.344,-4.0040,9.0226,4.0031
54.353,-4.0040,9.0226,4.0031
54.361,-4.0040,9.0251,4.0031
54.369,-4.0040,9.0251,4.0031
54.376,-4.0040,9.0251,4.0031
54.384,-4.0040,9.0275,4.0031
54.393,-4.0040,9.0275,4.0031
54.402,-4.0040,9.0300,4.0031
54.413,-4.0040,9.0300,4.0031
54.420,-4.0040,9.0324,4.0031
54.430,-4.0040,9.0324,4.0031
54.438,-4.0040,9.0348,4.0031
54.448,-4.0040,9.0348,4.0031
54.456,-4.0040,9.0348,4.0031
54.465,-4.0040,9.0373,4.0031
54.475,-4.0040,9.0373,4.0031
54.483,-4.0040,9.0397,4.0031
54.492,-4.0040,9.0397,4.0031
54.499,-4.0040,9.0422,4.0031
54.510,-4.0040,9.0422,4.0031
54.518,-4.0040,9.0446,4.0031
54.528,-4.0040,9.0446,4.0031
54.536,-4.0040,9.0446,4.0031
54.545,-4.0040,9.0471,4.0031
54.554,-4.0040,9.0471,4.0031
54.562,-4.0040,9.0495,4.0031
54.572,-4.0040,9.0495,4.0031
54.581,-4.0040,9.0520,4.0031
54.591,-4.0040,9.0520,4.0031
54.600,-4.0040,9.0544,4.0031
54.611,-4.0040,9.0544,4.0031
54.619,-4.0040,9.0569,4.0031
54.629,-4.0040,9.0569,4.0031
54.637,-4.0040,9.0593,4.0031
54.647,-4.0040,9.0593,4.0031
54.655,-4.0040,9.0593,4.0031
54.663,-4.0040,9.0618,4.0031
54.672,-4.0040,9.0618,4.0031
54.680,-4.0040,9.0642,4.0031
54.688,-4.0040,9.0642,4.0031
54.696,-4.0040,9.0642,4.0031
54.702,-4.0040,9.0667,4.0031
54.712,-4.0040,9.0667,4.0031
54.719,-4.0040,9.0691,4.0031
54.728,-4.0040,9.0691,4.0031
54.736,-4.0040,9.0691,4.0031
54.745,-4.0040,9.0716,4.0031
54.754,-4.0040,9.0716,4.0031
54.761,-4.0040,9.0740,4.0031
54.768,-4.0040,9.0740,4.0031
54.776,-4.0040,9.0740,4.0031
54.784,-4.0040,9.0764,4.0031
54.793,-4.0040,9.0764,4.0031
54.802,-4.0040,9.0789,4.0031
54.812,-4.0040,9.0789,4.0031
54.820,-4.0040,9.0813,4.0031
54.829,-4.0040,9.0813,4.0031
54.837,-4.0040,9.0838,4.0031
54.848,-4.0040,9.0838,4.0031
54.855,-4.0040,9.0838,4.0031
54.864,-4.0040,9.0862,4.0031
54.875,-4.0040,9.0862,4.0031
54.884,-4.0040,9.0887,4.0031
54.893,-4.0040,9.0887,4.0031
54.901,-4.0040,9.0911,4.0031
54.911,-4.0040,9.0911,4.0031
54.918,-4.0040,9.0936,4.0031
54.929,-4.0040,9.0936,4.0031
54.936,-4.0040,9.0936,4.0031
54.945,-4.0040,9.0960,4.0031
54.952,-4.0040,9.0960,4.0031
54.962,-4.0040,9.0985,4.0031
54.971,-4.0040,9.0985,4.0031
54.980,-4.0040,9.1009,4.0031
54.989,-4.0040,9.1009,4.0031
54.997,-4.0040,9.1034,4.0031
55.008,-4.0040,9.1034,4.0031
55.016,-4.0040,9.1034,4.0031
55.027,-4.0040,9.1058,4.0031
55.037,-4.0040,9.1058,4.0031
55.046,-4.0040,9.1082,4.0031
55.054,-4.0040,9.1082,4.0031
55.062,-4.0040,9.1107,4.0031
55.070,-4.0040,9.1107,4.0031
55.078,-4.0040,9.1131,4.0031
55.088,-4.0040,9.1131,4.0031
55.096,-4.0040,9.1131,4.0031
55.103,-4.0040,9.1156,4.0031
55.112,-4.0040,9.1156,4.0031
55.119,-4.0040,9.1180,4.0031
55.127,-4.0040,9.1180,4.0031
55.134,-4.0040,9.1180,4.0031
55.144,-4.0040,9.1205,4.0031
55.153,-4.0040,9.1205,4.0031
55.161,-4.0040,9.1229,4.0031
55.169,-4.0040,9.1229,4.0031
55.178,-4.0040,9.1254,4.0031
55.186,-4.0040,9.1254,4.0031
55.194,-4.0040,9.1254,4.0031
55.201,-4.0040,9.1278,4.0031
55.211,-4.0040,9.1278,4.0031
55.218,-4.0040,9.1302,4.0031
55.226,-4.0040,9.1302,4.0031
55.234,-4.0040,9.1302,4.0031
55.242,-4.0040,9.1327,4.0031
55.250,-4.0040,9.1327,4.0031
55.258,-4.0040,9.1351,4.0031
55.266,-4.0040,9.1351,4.0031
55.274,-4.0040,9.1351,4.0031
55.281,-4.0040,9.1376,4.0031
55.290,-4.0040,9.1376,4.0031
55.298,-4.0040,9.1400,4.0031
55.307,-4.0040,9.1400,4.0031
55.315,-4.0040,9.1400,4.0031
55.323,-4.0040,9.1425,4.0031
55.332,-4.0040,9.1425,4.0031
55.340,-4.0040,9.1449,4.0031
55.349,-4.0040,9.1449,4.0031
55.357,-4.0040,9.1474,4.0031
55.367,-4.0040,9.1474,4.0031
55.374,-4.0040,9.1474,4.0031
55.382,-4.0040,9.1498,4.0031
55.391,-4.0040,9.1498,4.0031
55.398,-4.0040,9.1523,4.0031
55.407,-4.0040,9.1523,4.0031
55.416,-4.0040,9.1523,4.0031
55.424,-4.0040,9.1547,4.0031
55.432,-4.0040,9.1547,4.0031
55.441,-4.0040,9.1572,4.0031
55.453,-4.0040,9.1572,4.0031
55.467,-4.0040,9.1596,4.0031
55.477,-4.0040,9.1620,4.0031
55.485,-4.0040,9.1620,4.0031
55.493,-4.0040,9.1620,4.0031
55.500,-4.0040,9.1645,4.0031
55.510,-4.0040,9.1645,4.0031
55.517,-4.0040,9.1669,4.0031
55.526,-4.0040,9.1669,4.0031
55.533,-4.0040,9.1669,4.0031
55.542,-4.0040,9.1694,4.0031
55.551,-4.0040,9.1694,4.0031
55.558,-4.0040,9.1718,4.0031
55.566,-4.0040,9.1718,4.0031
55.574,-4.0040,9.1718,4.0031
55.582,-4.0040,9.1743,4.0031
55.591,-4.0040,9.1743,4.0031
55.600,-4.0040,9.1767,4.0031
55.609,-4.0040,9.1767,4.0031
55.618,-4.0040,9.1792,4.0031
55.627,-4.0040,9.1792,4.0031
55.634,-4.0040,9.1792,4.0031
55.641,-4.0040,9.1816,4.0031
55.650,-4.0040,9.1816,4.0031
55.659,-4.0040,9.1841,4.0031
55.667,-4.0040,9.1841,4.0031
55.676,-4.0040,9.1841,4.0031
55.684,-4.0040,9.1865,4.0031
55.695,-4.0040,9.1865,4.0031
55.702,-4.0040,9.1889,4.0031
55.713,-4.0040,9.1889,4.0031
55.720,-4.0040,9.1914,4.0031
55.730,-4.0040,9.1914,4.0031
55.738,-4.0040,9.1938,4.0031
55.747,-4.0040,9.1938,4.0031
55.756,-4.0040,9.1938,4.0031
55.764,-4.0040,9.1963,4.0031
55.772,-4.0040,9.1963,4.0031
55.781,-4.0040,9.1987,4.0031
55.789,-4.0040,9.1987,4.0031
55.798,-4.0040,9.2012,4.0031
55.808,-4.0040,9.2012,4.0031
55.816,-4.0040,9.2012,4.0031
55.825,-4.0040,9.2036,4.0031
55.833,-4.0040,9.2036,4.0031
55.843,-4.0040,9.2061,4.0031
55.851,-4.0040,9.2061,4.0031
55.859,-4.0040,9.2085,4.0031
55.873,-4.0040,9.2085,4.0031
55.882,-4.0040,9.2109,4.0031
55.891,-4.0040,9.2109,4.0031
55.900,-4.0040,9.2134,4.0031
55.910,-4.0040,9.2134,4.0031
55.918,-4.0040,9.2158,4.0031
55.926,-4.0040,9.2158,4.0031
55.934,-4.0040,9.2158,4.0031
55.941,-4.0040,9.2183,4.0031
55.949,-4.0040,9.2183,4.0031
55.958,-4.0040,9.2207,4.0031
55.967,-4.0040,9.2207,4.0031
55.974,-4.0040,9.2207,4.0031
55.982,-4.0040,9.2231,4.0031
55.989,-4.0040,9.2231,4.0031
55.998,-4.0040,9.2256,4.0031
56.007,-4.0040,9.2256,4.0031
56.016,-4.0040,9.2256,4.0031
56.026,-4.0040,9.2280,4.0031
56.034,-4.0040,9.2280,4.0031
56.043,-4.0040,9.2304,4.0031
56.051,-4.0040,9.2304,4.0031
56.060,-4.0040,9.2329,4.0031
56.068,-4.0040,9.2329,4.0031
56.076,-4.0040,9.2329,4.0031
56.084,-4.0040,9.2353,4.0031
56.093,-4.0040,9.2353,4.0031
56.100,-4.0040,9.2377,4.0031
56.110,-4.0040,9.2377,4.0031
56.117,-4.0040,9.2401,4.0031
56.126,-4.0040,9.2401,4.0031
56.133,-4.0040,9.2401,4.0031
56.142,-4.0040,9.2426,4.0031
56.152,-4.0040,9.2426,4.0031
56.160,-4.0040,9.2450,4.0031
56.170,-4.0040,9.2450,4.0031
56.178,-4.0040,9.2474,4.0031
56.188,-4.0040,9.2474,4.0031
56.196,-4.0040,9.2474,4.0031
56.205,-4.0040,9.2498,4.0031
56.215,-4.0040,9.2498,4.0031
56.223,-4.0040,9.2523,4.0031
56.233,-4.0040,9.2523,4.0031
56.242,-4.0040,9.2547,4.0031
56.251,-4.0040,9.2547,4.0031
56.259,-4.0040,9.2571,4.0031
56.269,-4.0040,9.2571,4.0031
56.277,-4.0040,9.2595,4.0031
56.287,-4.0040,9.2595,4.0031
56.295,-4.0040,9.2595,4.0031
56.302,-4.0040,9.2620,4.0031
56.313,-4.0040,9.2620,4.0031
56.322,-4.0040,9.2644,4.0031
56.331,-4.0040,9.2644,4.0031
56.338,-4.0040,9.2668,4.0031
56.347,-4.0040,9.2668,4.0031
56.355,-4.0040,9.2668,4.0031
56.362,-4.0040,9.2692,4.0031
56.369,-4.0040,9.2692,4.0031
56.377,-4.0040,9.2716,4.0031
56.386,-4.0040,9.2716,4.0031
56.393,-4.0040,9.2716,4.0031
56.400,-4.0040,9.2741,4.0031
56.409,-4.0040,9.2741,4.0031
56.417,-4.0040,9.2765,4.0031
56.426,-4.0040,9.2765,4.0031
56.434,-4.0040,9.2765,4.0031
56.441,-4.0040,9.2789,4.0031
56.450,-4.0040,9.2789,4.0031
56.457,-4.0040,9.2789,4.0031
56.464,-4.0040,9.2813,4.0031
56.472,-4.0040,9.2813,4.0031
56.480,-4.0040,9.2838,4.0031
56.486,-4.0040,9.2838,4.0031
56.494,-4.0040,9.2838,4.0031
56.500,-4.0040,9.2862,4.0031
56.509,-4.0040,9.2862,4.0031
56.515,-4.0040,9.2862,4.0031
56.523,-4.0040,9.2886,4.0031
56.531,-4.0040,9.2886,4.0031
56.540,-4.0040,9.2911,4.0031
56.548,-4.0040,9.2911,4.0031
56.556,-4.0040,9.2911,4.0031
56.563,-4.0040,9.2935,4.0031
56.571,-4.0040,9.2935,4.0031
56.578,-4.0040,9.2959,4.0031
56.586,-4.0040,9.2959,4.0031
56.594,-4.0040,9.2959,4.0031
56.600,-4.0040,9.2983,4.0031
56.608,-4.0040,9.2983,4.0031
56.615,-4.0040,9.2983,4.0031
56.623,-4.0040,9.3008,4.0031
56.631,-4.0040,9.3008,4.0031
56.638,-4.0040,9.3032,4.0031
56.646,-4.0040,9.3032,4.0031
56.652,-4.0040,9.3032,4.0031
56.660,-4.0040,9.3056,4.0031
56.667,-4.0040,9.3056,4.0031
56.674,-4.0040,9.3056,4.0031
56.681,-4.0040,9.3080,4.0031
56.689,-4.0040,9.3080,4.0031
56.697,-4.0040,9.3080,4.0031
56.704,-4.0040,9.3105,4.0031
56.712,-4.0040,9.3105,4.0031
56.719,-4.0040,9.3129,4.0031
56.727,-4.0040,9.3129,4.0031
56.734,-4.0040,9.3129,4.0031
56.743,-4.0040,9.3153,4.0031
56.750,-4.0040,9.3153,4.0031
56.758,-4.0040,9.3177,4.0031
56.765,-4.0040,9.3177,4.0031
56.772,-4.0040,9.3177,4.0031
56.779,-4.0040,9.3202,4.0031
56.787,-4.0040,9.3202,4.0031
56.794,-4.0040,9.3202,4.0031
56.801,-4.0040,9.3226,4.0031
56.810,-4.0040,9.3226,4.0031
56.817,-4.0040,9.3226,4.0031
56.824,-4.0040,9.3250,4.0031
56.831,-4.0040,9.3250,4.0031
56.838,-4.0040,9.3274,4.0031
56.846,-4.0040,9.3274,4.0031
56.853,-4.0040,9.3274,4.0031
56.860,-4.0040,9.3298,4.0031
56.868,-4.0040,9.3298,4.0031
56.875,-4.0040,9.3298,4.0031
56.882,-4.0040,9.3323,4.0031
56.889,-4.0040,9.3323,4.0031
56.897,-4.0040,9.3323,4.0031
56.903,-4.0040,9.3347,4.0031
56.911,-4.0040,9.3347,4.0031
56.918,-4.0040,9.3371,4.0031
56.926,-4.0040,9.3371,4.0031
56.934,-4.0040,9.3371,4.0031
56.941,-4.0040,9.3395,4.0031
56.950,-4.0040,9.3395,4.0031
56.958,-4.0040,9.3420,4.0031
56.966,-4.0040,9.3420,4.0031
56.975,-4.0040,9.3420,4.0031
56.982,-4.0040,9.3444,4.0031
56.991,-4.0040,9.3444,4.0031
56.998,-4.0040,9.3468,4.0031
57.007,-4.0040,9.3468,4.0031
57.015,-4.0040,9.3468,4.0031
57.023,-4.0040,9.3492,4.0031
57.032,-4.0040,9.3492,4.0031
57.039,-4.0040,9.3516,4.0031
57.049,-4.0040,9.3516,4.0031
57.057,-4.0040,9.3541,4.0031
57.064,-4.0040,9.3541,4.0031
57.072,-4.0040,9.3541,4.0031
57.080,-4.0040,9.3565,4.0031
57.089,-4.0040,9.3565,4.0031
57.095,-4.0040,9.3565,4.0031
57.104,-4.0040,9.3589,4.0031
57.113,-4.0040,9.3589,4.0031
57.120,-4.0040,9.3613,4.0031
57.128,-4.0040,9.3613,4.0031
57.136,-4.0040,9.3613,4.0031
57.144,-4.0040,9.3638,4.0031
57.153,-4.0040,9.3638,4.0031
57.160,-4.0040,9.3640,4.0031
57.170,-4.0040,9.3640,4.0031
57.177,-4.0040,9.3640,4.0031
57.184,-4.0040,9.3640,4.0031
57.191,-4.0040,9.3640,4.0031
57.199,-4.0040,9.3640,4.0031
57.206,-4.0040,9.3640,4.0031
57.213,-4.0040,9.3640,4.0031
57.219,-4.0040,9.3640,4.0031
57.228,-4.0040,9.3640,4.0031
57.234,-4.0040,9.3640,4.0031
57.242,-4.0040,9.3640,4.0031
57.249,-4.0040,9.3640,4.0031
57.257,-4.0040,9.3640,4.0031
57.264,-4.0040,9.3640,4.0031
57.270,-4.0040,9.3640,4.0031
57.278,-4.0040,9.3640,4.0031
57.285,-4.0040,9.3640,4.0031
57.293,-4.0040,9.3640,4.0031
57.300,-4.0040,9.3640,4.0031
57.308,-4.0040,9.3640,4.0031
57.315,-4.0040,9.3640,4.0031
57.323,-4.0040,9.3640,4.0031
57.331,-4.0040,9.3640,4.0031
57.339,-4.0040,9.3640,4.0031
57.348,-4.0040,9.3640,4.0031
57.355,-4.0040,9.3640,4.0031
57.362,-4.0040,9.3640,4.0031
57.370,-4.0040,9.3640,4.0031
57.379,-4.0040,9.3640,4.0031
57.387,-4.0040,9.3640,4.0031
57.394,-4.0040,9.3640,4.0031
57.402,-4.0040,9.3640,4.0031
57.411,-4.0040,9.3640,4.0031
57.418,-4.0040,9.3640,4.0031
57.426,-4.0040,9.3640,4.0031
57.433,-4.0040,9.3640,4.0031
57.442,-4.0040,9.3640,4.0031
57.450,-4.0040,9.3640,4.0031
57.457,-4.0040,9.3640,4.0031
57.466,-4.0040,9.3640,4.0031
57.474,-4.0040,9.3640,4.0031
57.482,-4.0040,9.3640,4.0031
57.489,-4.0040,9.3640,4.0031
57.497,-4.0040,9.3640,4.0031
57.506,-4.0040,9.3640,4.0031
57.514,-4.0040,9.3640,4.0031
57.521,-4.0040,9.3640,4.0031
57.530,-4.0040,9.3640,4.0031
57.538,-4.0040,9.3640,4.0031
57.547,-4.0040,9.3640,4.0031
57.555,-4.0040,9.3640,4.0031
57.563,-4.0040,9.3640,4.0031
57.571,-4.0040,9.3640,4.0031
57.588,-4.0040,9.3640,4.0031
57.596,-4.0040,9.3640,4.0031
57.604,-4.0040,9.3640,4.0031
57.612,-4.0040,9.3640,4.0031
57.620,-4.0040,9.3640,4.0031
57.628,-4.0040,9.3640,4.0031
57.635,-4.0040,9.3640,4.0031
57.642,-4.0040,9.3640,4.0031
57.649,-4.0040,9.3640,4.0031
57.657,-4.0040,9.3640,4.0031
57.665,-4.0040,9.3640,4.0031
57.673,-4.0040,9.3640,4.0031
57.681,-4.0040,9.3640,4.0031
57.688,-4.0040,9.3640,4.0031
57.695,-4.0040,9.3640,4.0031
57.702,-4.0040,9.3640,4.0027
57.710,-4.0040,9.3640,4.0027
57.717,-4.0040,9.3640,4.0022
57.725,-4.0040,9.3640,4.0022
57.732,-4.0040,9.3640,4.0022
57.739,-4.0040,9.3640,4.0000
57.749,-4.0040,9.3640,4.0000
57.757,-4.0040,9.3640,3.9974
57.765,-4.0040,9.3640,3.9974
57.772,-4.0040,9.3640,3.9974
57.781,-4.0040,9.3640,3.9939
57.789,-4.0040,9.3640,3.9939
57.796,-4.0040,9.3640,3.9939
57.802,-4.0040,9.3640,3.9864
57.812,-4.0040,9.3640,3.9864
57.818,-4.0040,9.3640,3.9781
57.828,-4.0040,9.3640,3.9781
57.834,-4.0040,9.3640,3.9781
57.843,-4.0040,9.3640,3.9689
57.850,-4.0040,9.3640,3.9689
57.860,-4.0040,9.3640,3.9594
57.867,-4.0040,9.3640,3.9594
57.875,-4.0040,9.3640,3.9594
57.883,-4.0040,9.3640,3.9402
57.892,-4.0040,9.3640,3.9402
57.898,-4.0040,9.3640,3.9205
57.906,-4.0040,9.3640,3.9205
57.914,-4.0040,9.3640,3.9205
57.921,-4.0040,9.3640,3.8999
57.930,-4.0040,9.3640,3.8999
57.937,-4.0040,9.3640,3.8789
57.946,-4.0040,9.3640,3.8789
57.954,-4.0040,9.3640,3.8789
57.961,-4.0040,9.3640,3.8568
57.970,-4.0040,9.3640,3.8568
57.978,-4.0040,9.3640,3.8336
57.986,-4.0040,9.3640,3.8336
57.993,-4.0040,9.3640,3.8336
58.001,-4.0040,9.3640,3.8103
58.008,-4.0040,9.3640,3.8103
58.016,-4.0040,9.3640,3.8103
58.023,-4.0040,9.3640,3.7869
58.031,-4.0040,9.3640,3.7869
58.037,-4.0040,9.3640,3.7636
58.047,-4.0040,9.3640,3.7636
58.053,-4.0040,9.3640,3.7636
58.061,-4.0040,9.3640,3.7403
58.069,-4.0040,9.3640,3.7403
58.077,-4.0040,9.3640,3.7403
58.084,-4.0040,9.3640,3.7169
58.093,-4.0040,9.3640,3.7169
58.100,-4.0040,9.3640,3.6936
58.109,-4.0040,9.3640,3.6936
58.116,-4.0040,9.3640,3.6936
58.125,-4.0040,9.3640,3.6703
58.134,-4.0040,9.3640,3.6703
58.141,-4.0040,9.3640,3.6470
58.149,-4.0040,9.3640,3.6470
58.157,-4.0040,9.3640,3.6238
58.166,-4.0040,9.3640,3.6238
58.176,-4.0040,9.3640,3.6238
58.184,-4.0040,9.3640,3.6007
58.193,-4.0040,9.3640,3.6007
58.200,-4.0040,9.3640,3.5775
58.210,-4.0040,9.3640,3.5775
58.218,-4.0040,9.3640,3.5543
58.228,-4.0040,9.3640,3.5543
58.234,-4.0040,9.3640,3.5543
58.242,-4.0040,9.3640,3.5311
58.251,-4.0040,9.3640,3.5311
58.259,-4.0040,9.3640,3.5080
58.267,-4.0040,9.3640,3.5080
58.274,-4.0040,9.3640,3.5080
58.282,-4.0040,9.3640,3.4850
58.291,-4.0040,9.3640,3.4850
58.298,-4.0040,9.3640,3.4620
58.307,-4.0040,9.3640,3.4620
58.315,-4.0040,9.3640,3.4620
58.322,-4.0040,9.3640,3.4389
58.332,-4.0040,9.3640,3.4389
58.341,-4.0040,9.3640,3.4160
58.351,-4.0040,9.3640,3.4160
58.359,-4.0040,9.3640,3.3930
58.367,-4.0040,9.3640,3.3930
58.375,-4.0040,9.3640,3.3930
58.382,-4.0040,9.3640,3.3701
58.391,-4.0040,9.3640,3.3701
58.400,-4.0040,9.3640,3.3473
58.411,-4.0040,9.3640,3.3473
58.418,-4.0040,9.3640,3.3245
58.427,-4.0040,9.3640,3.3245
58.433,-4.0040,9.3640,3.3245
58.442,-4.0040,9.3640,3.3018
58.450,-4.0040,9.3640,3.3018
58.458,-4.0040,9.3640,3.2792
58.466,-4.0040,9.3640,3.2792
58.473,-4.0040,9.3640,3.2792
58.480,-4.0040,9.3640,3.2567
58.489,-4.0040,9.3640,3.2567
58.496,-4.0040,9.3640,3.2567
58.503,-4.0040,9.3640,3.2343
58.512,-4.0040,9.3640,3.2343
58.520,-4.0040,9.3640,3.2120
58.528,-4.0040,9.3640,3.2120
58.535,-4.0040,9.3640,3.2120
58.543,-4.0040,9.3640,3.1896
58.551,-4.0040,9.3640,3.1896
58.558,-4.0040,9.3640,3.1674
58.567,-4.0040,9.3640,3.1674
58.575,-4.0040,9.3640,3.1674
58.582,-4.0040,9.3640,3.1452
58.592,-4.0040,9.3640,3.1452
58.600,-4.0040,9.3640,3.1232
58.609,-4.0040,9.3640,3.1232
58.617,-4.0040,9.3640,3.1013
58.627,-4.0040,9.3640,3.1013
58.634,-4.0040,9.3640,3.1013
58.642,-4.0040,9.3640,3.0794
58.651,-4.0040,9.3640,3.0794
58.659,-4.0040,9.3640,3.0576
58.667,-4.0040,9.3640,3.0576
58.674,-4.0040,9.3640,3.0576
58.682,-4.0040,9.3640,3.0358
58.691,-4.0040,9.3640,3.0358
58.698,-4.0040,9.3640,3.0140
58.708,-4.0040,9.3640,3.0140
58.715,-4.0040,9.3640,3.0140
58.723,-4.0040,9.3640,2.9923
58.731,-4.0040,9.3640,2.9923
58.740,-4.0040,9.3640,2.9707
58.750,-4.0040,9.3640,2.9707
58.758,-4.0040,9.3640,2.9492
58.767,-4.0040,9.3640,2.9492
58.775,-4.0040,9.3640,2.9492
58.783,-4.0040,9.3640,2.9278
58.792,-4.0040,9.3640,2.9278
58.800,-4.0040,9.3640,2.9064
58.809,-4.0040,9.3640,2.9064
58.818,-4.0039,9.3640,2.8852
58.826,-4.0039,9.3640,2.8852
58.835,-4.0039,9.3640,2.8852
58.843,-4.0037,9.3640,2.8640
58.852,-4.0037,9.3640,2.8640
58.860,-4.0036,9.3640,2.8428
58.869,-4.0036,9.3640,2.8428
58.877,-4.0034,9.3640,2.8217
58.886,-4.0034,9.3640,2.8217
58.895,-4.0034,9.3640,2.8217
58.902,-4.0027,9.3640,2.8006
58.912,-4.0027,9.3640,2.8006
58.919,-4.0020,9.3640,2.7795
58.928,-4.0020,9.3640,2.7795
58.935,-4.0020,9.3640,2.7795
58.944,-4.0012,9.3640,2.7583
58.952,-4.0012,9.3640,2.7583
58.961,-4.0003,9.3640,2.7372
58.969,-4.0003,9.3640,2.7372
58.978,-3.9983,9.3640,2.7160
58.986,-3.9983,9.3640,2.7160
58.993,-3.9983,9.3640,2.7160
59.000,-3.9961,9.3640,2.6949
59.010,-3.9961,9.3640,2.6949
59.017,-3.9938,9.3640,2.6737
59.026,-3.9938,9.3640,2.6737
59.033,-3.9938,9.3640,2.6737
59.042,-3.9913,9.3640,2.6525
59.051,-3.9913,9.3640,2.6525
59.058,-3.9887,9.3640,2.6313
59.066,-3.9887,9.3640,2.6313
59.073,-3.9887,9.3640,2.6313
59.081,-3.9832,9.3640,2.6102
59.088,-3.9832,9.3640,2.6102
59.096,-3.9832,9.3640,2.6102
59.103,-3.9773,9.3640,2.5889
59.111,-3.9773,9.3640,2.5889
59.118,-3.9711,9.3640,2.5677
59.126,-3.9711,9.3640,2.5677
59.134,-3.9711,9.3640,2.5677
59.142,-3.9647,9.3640,2.5465
59.150,-3.9647,9.3640,2.5465
59.158,-3.9580,9.3640,2.5253
59.167,-3.9580,9.3640,2.5253
59.175,-3.9580,9.3640,2.5253
59.183,-3.9510,9.3640,2.5041
59.193,-3.9510,9.3640,2.5041
59.200,-3.9440,9.3640,2.4829
59.209,-3.9440,9.3640,2.4829
59.216,-3.9440,9.3640,2.4829
59.224,-3.9370,9.3640,2.4617
59.232,-3.9370,9.3640,2.4617
59.240,-3.9300,9.3640,2.4404
59.250,-3.9300,9.3640,2.4404
59.258,-3.9230,9.3640,2.4192
59.267,-3.9230,9.3640,2.4192
59.275,-3.9230,9.3640,2.4192
59.283,-3.9160,9.3640,2.3980
59.292,-3.9160,9.3640,2.3980
59.299,-3.9090,9.3640,2.3767
59.307,-3.9090,9.3640,2.3767
59.315,-3.9090,9.3640,2.3767
59.323,-3.9020,9.3640,2.3555
59.332,-3.9020,9.3640,2.3555
59.342,-3.8950,9.3640,2.3343
59.351,-3.8950,9.3640,2.3343
59.359,-3.8880,9.3640,2.3131
59.367,-3.8880,9.3640,2.3131
59.376,-3.8880,9.3640,2.3131
59.384,-3.8810,9.3640,2.2919
59.392,-3.8810,9.3640,2.2919
59.400,-3.8740,9.3640,2.2707
59.409,-3.8740,9.3640,2.2707
59.416,-3.8740,9.3640,2.2707
59.423,-3.8670,9.3640,2.2495
59.432,-3.8670,9.3640,2.2495
59.441,-3.8600,9.3640,2.2283
59.449,-3.8600,9.3640,2.2283
59.457,-3.8530,9.3640,2.2071
59.466,-3.8530,9.3640,2.2071
59.475,-3.8530,9.3640,2.2071
59.482,-3.8460,9.3640,2.1859
59.491,-3.8460,9.3640,2.1859
59.498,-3.8390,9.3640,2.1647
59.508,-3.8390,9.3640,2.1647
59.516,-3.8390,9.3640,2.1647
59.524,-3.8320,9.3640,2.1436
59.533,-3.8320,9.3640,2.1436
59.542,-3.8250,9.3640,2.1224
59.551,-3.8250,9.3640,2.1224
59.559,-3.8180,9.3640,2.1012
59.568,-3.8180,9.3640,2.1012
59.576,-3.8180,9.3640,2.1012
59.583,-3.8110,9.3640,2.0800
59.593,-3.8110,9.3640,2.0800
59.600,-3.8040,9.3640,2.0589
59.609,-3.8040,9.3640,2.0589
59.618,-3.7970,9.3640,2.0377
59.625,-3.7970,9.3640,2.0377
59.634,-3.7970,9.3640,2.0377
59.642,-3.7900,9.3640,2.0167
59.651,-3.7900,9.3640,2.0167
59.659,-3.7830,9.3640,1.9958
59.668,-3.7830,9.3640,1.9958
59.677,-3.7830,9.3640,1.9958
59.684,-3.7760,9.3640,1.9752
59.692,-3.7760,9.3640,1.9752
59.699,-3.7690,9.3640,1.9549
59.718,-3.7620,9.3640,1.9351
59.727,-3.7620,9.3640,1.9351
59.733,-3.7620,9.3640,1.9351
59.742,-3.7550,9.3640,1.9166
59.749,-3.7550,9.3640,1.9166
59.756,-3.7550,9.3640,1.9166
59.763,-3.7480,9.3640,1.9077
59.772,-3.7480,9.3640,1.9077
59.780,-3.7410,9.3640,1.8993
59.789,-3.7410,9.3640,1.8993
59.797,-3.7340,9.3640,1.8917
59.806,-3.7340,9.3640,1.8917
59.814,-3.7340,9.3640,1.8917
59.822,-3.7270,9.3640,1.8881
59.832,-3.7270,9.3640,1.8881
59.841,-3.7200,9.3640,1.8850
59.851,-3.7200,9.3640,1.8850
59.859,-3.7130,9.3640,1.8821
59.867,-3.7130,9.3640,1.8821
59.874,-3.7130,9.3640,1.8821
59.882,-3.7060,9.3640,1.8796
59.892,-3.7060,9.3640,1.8796
59.900,-3.6990,9.3640,1.8772
59.909,-3.6990,9.3640,1.8772
59.918,-3.6920,9.3640,1.8764
59.927,-3.6920,9.3640,1.8764
59.934,-3.6920,9.3640,1.8764
59.942,-3.6850,9.3640,1.8756
59.953,-3.6850,9.3640,1.8756
59.962,-3.6780,9.3640,1.8749
59.971,-3.6780,9.3640,1.8749
59.980,-3.6710,9.3640,1.8743
59.988,-3.6710,9.3640,1.8743
59.996,-3.6710,9.3640,1.8743
60.003,-3.6640,9.3640,1.8737
60.014,-3.6640,9.3640,1.8737
60.021,-3.6570,9.3640,1.8732
60.032,-3.6570,9.3640,1.8732
60.041,-3.6500,9.3640,1.8727
60.050,-3.6500,9.3640,1.8727
60.059,-3.6430,9.3640,1.8722
60.070,-3.6430,9.3640,1.8722
60.078,-3.6360,9.3640,1.8718
60.087,-3.6360,9.3640,1.8718
60.095,-3.6360,9.3640,1.8718
60.102,-3.6290,9.3640,1.8714
60.111,-3.6290,9.3640,1.8714
60.119,-3.6220,9.3640,1.8711
60.127,-3.6220,9.3640,1.8711
60.135,-3.6220,9.3640,1.8711
60.143,-3.6150,9.3640,1.8711
60.151,-3.6150,9.3640,1.8711
60.159,-3.6080,9.3640,1.8711
60.168,-3.6080,9.3640,1.8711
60.176,-3.6080,9.3640,1.8711
60.184,-3.6010,9.3640,1.8711
60.193,-3.6010,9.3640,1.8711
60.200,-3.5940,9.3640,1.8711
60.209,-3.5940,9.3640,1.8711
60.216,-3.5940,9.3640,1.8711
60.223,-3.5870,9.3640,1.8711
60.231,-3.5870,9.3640,1.8711
60.238,-3.5800,9.3640,1.8711
60.247,-3.5800,9.3640,1.8711
60.254,-3.5800,9.3640,1.8711
60.262,-3.5730,9.3640,1.8711
60.270,-3.5730,9.3640,1.8711
60.279,-3.5660,9.3640,1.8711
60.286,-3.5660,9.3640,1.8711
60.294,-3.5660,9.3640,1.8711
60.302,-3.5590,9.3640,1.8711
60.311,-3.5590,9.3640,1.8711
60.318,-3.5520,9.3640,1.8711
60.327,-3.5520,9.3640,1.8711
60.334,-3.5520,9.3640,1.8711
60.342,-3.5450,9.3640,1.8711
60.351,-3.5450,9.3640,1.8711
60.360,-3.5380,9.3640,1.8711
60.368,-3.5380,9.3640,1.8711
60.376,-3.5380,9.3640,1.8711
60.383,-3.5310,9.3640,1.8711
60.392,-3.5310,9.3640,1.8711
60.399,-3.5240,9.3640,1.8711
60.409,-3.5240,9.3640,1.8711
60.416,-3.5240,9.3640,1.8711
60.425,-3.5170,9.3640,1.8711
60.433,-3.5170,9.3640,1.8711
60.441,-3.5100,9.3640,1.8711
60.449,-3.5100,9.3640,1.8711
60.457,-3.5030,9.3640,1.8711
60.467,-3.5030,9.3640,1.8711
60.475,-3.5030,9.3640,1.8711
60.483,-3.4960,9.3640,1.8711
60.493,-3.4960,9.3640,1.8711
60.502,-3.4890,9.3640,1.8711
60.513,-3.4890,9.3640,1.8711
60.520,-3.4820,9.3640,1.8711
60.529,-3.4820,9.3640,1.8711
60.535,-3.4820,9.3640,1.8711
60.544,-3.4750,9.3640,1.8711
60.552,-3.4750,9.3640,1.8711
60.561,-3.4680,9.3640,1.8711
60.568,-3.4680,9.3640,1.8711
60.578,-3.4610,9.3640,1.8711
60.586,-3.4610,9.3640,1.8711
60.594,-3.4610,9.3640,1.8711
60.600,-3.4540,9.3640,1.8715
60.612,-3.4540,9.3640,1.8715
60.618,-3.4470,9.3640,1.8719
60.627,-3.4470,9.3640,1.8719
60.634,-3.4470,9.3640,1.8719
60.643,-3.4400,9.3640,1.8724
60.651,-3.4400,9.3640,1.8724
60.659,-3.4330,9.3640,1.8730
60.666,-3.4330,9.3640,1.8730
60.676,-3.4330,9.3640,1.8730
60.682,-3.4260,9.3640,1.8737
60.691,-3.4260,9.3640,1.8737
60.698,-3.4190,9.3640,1.8745
60.709,-3.4190,9.3640,1.8745
60.717,-3.4120,9.3640,1.8768
60.727,-3.4120,9.3640,1.8768
60.735,-3.4120,9.3640,1.8768
60.743,-3.4050,9.3640,1.8793
60.753,-3.4050,9.3640,1.8793
60.761,-3.3980,9.3640,1.8820
60.770,-3.3980,9.3640,1.8820
60.778,-3.3910,9.3640,1.8848
60.787,-3.3910,9.3640,1.8848
60.796,-3.3910,9.3640,1.8848
60.803,-3.3840,9.3640,1.8878
60.814,-3.3840,9.3640,1.8878
60.821,-3.3770,9.3640,1.8909
60.830,-3.3770,9.3640,1.8909
60.837,-3.3770,9.3640,1.8909
60.846,-3.3700,9.3640,1.8941
60.854,-3.3700,9.3640,1.8941
60.862,-3.3630,9.3640,1.8973
60.870,-3.3630,9.3640,1.8973
60.879,-3.3560,9.3640,1.9005
60.887,-3.3560,9.3640,1.9005
60.895,-3.3560,9.3640,1.9005
60.901,-3.3490,9.3640,1.9036
60.913,-3.3490,9.3640,1.9036
60.920,-3.3420,9.3640,1.9067
60.930,-3.3420,9.3640,1.9067
60.937,-3.3350,9.3640,1.9099
60.947,-3.3350,9.3640,1.9099
60.954,-3.3350,9.3640,1.9099
60.962,-3.3280,9.3640,1.9130
60.971,-3.3280,9.3640,1.9130
60.980,-3.3210,9.3640,1.9161
60.987,-3.3210,9.3640,1.9161
60.995,-3.3210,9.3640,1.9161
61.002,-3.3140,9.3640,1.9193
61.012,-3.3140,9.3640,1.9193
61.020,-3.3070,9.3640,1.9224
61.029,-3.3070,9.3640,1.9224
61.036,-3.3070,9.3640,1.9224
61.045,-3.3000,9.3640,1.9255
61.053,-3.3000,9.3640,1.9255
61.060,-3.2930,9.3640,1.9287
61.070,-3.2930,9.3640,1.9287
61.078,-3.2860,9.3640,1.9318
61.086,-3.2860,9.3640,1.9318
61.095,-3.2860,9.3640,1.9318
61.102,-3.2790,9.3640,1.9350
61.112,-3.2790,9.3640,1.9350
61.119,-3.2720,9.3640,1.9382
61.128,-3.2720,9.3640,1.9382
61.136,-3.2720,9.3640,1.9382
61.144,-3.2650,9.3640,1.9413
61.152,-3.2650,9.3640,1.9413
61.162,-3.2580,9.3640,1.9445
61.170,-3.2580,9.3640,1.9445
61.178,-3.2510,9.3640,1.9477
61.188,-3.2510,9.3640,1.9477
61.196,-3.2510,9.3640,1.9477
61.204,-3.2440,9.3640,1.9509
61.215,-3.2440,9.3640,1.9509
61.223,-3.2370,9.3640,1.9540
61.231,-3.2370,9.3640,1.9540
61.240,-3.2300,9.3640,1.9572
61.251,-3.2300,9.3640,1.9572
61.259,-3.2230,9.3640,1.9604
61.267,-3.2230,9.3640,1.9604
61.276,-3.2230,9.3640,1.9604
61.284,-3.2160,9.3640,1.9636
61.293,-3.2160,9.3640,1.9636
61.301,-3.2090,9.3640,1.9668
61.312,-3.2090,9.3640,1.9668
61.318,-3.2020,9.3640,1.9700
61.329,-3.2020,9.3640,1.9700
61.336,-3.2020,9.3640,1.9700
61.345,-3.1950,9.3640,1.9732
61.354,-3.1950,9.3640,1.9732
61.362,-3.1880,9.3640,1.9764
61.371,-3.1880,9.3640,1.9764
61.379,-3.1810,9.3640,1.9795
61.388,-3.1810,9.3640,1.9795
61.396,-3.1810,9.3640,1.9795
61.402,-3.1740,9.3640,1.9827
61.412,-3.1740,9.3640,1.9827
61.418,-3.1670,9.3640,1.9859
61.428,-3.1670,9.3640,1.9859
61.434,-3.1670,9.3640,1.9859
61.442,-3.1600,9.3640,1.9891
61.450,-3.1600,9.3640,1.9891
61.459,-3.1530,9.3640,1.9923
61.467,-3.1530,9.3640,1.9923
61.475,-3.1530,9.3640,1.9923
61.481,-3.1460,9.3640,1.9955
61.490,-3.1460,9.3640,1.9955
61.497,-3.1460,9.3640,1.9955
61.504,-3.1390,9.3640,1.9987
61.512,-3.1390,9.3640,1.9987
61.520,-3.1320,9.3640,2.0019
61.528,-3.1320,9.3640,2.0019
61.535,-3.1320,9.3640,2.0019
61.543,-3.1250,9.3640,2.0051
61.552,-3.1250,9.3640,2.0051
61.559,-3.1180,9.3640,2.0083
61.567,-3.1180,9.3640,2.0083
61.574,-3.1180,9.3640,2.0083
61.582,-3.1110,9.3640,2.0115
61.590,-3.1110,9.3640,2.0115
61.598,-3.1040,9.3640,2.0147
61.607,-3.1040,9.3640,2.0147
61.615,-3.1040,9.3640,2.0147
61.621,-3.0970,9.3640,2.0179
61.629,-3.0970,9.3640,2.0179
61.636,-3.0970,9.3640,2.0179
61.645,-3.0900,9.3640,2.0210
61.653,-3.0900,9.3640,2.0210
61.661,-3.0830,9.3640,2.0242
61.669,-3.0830,9.3640,2.0242
61.677,-3.0760,9.3640,2.0274
61.686,-3.0760,9.3640,2.0274
61.695,-3.0760,9.3640,2.0274
61.703,-3.0690,9.3640,2.0306
61.713,-3.0690,9.3640,2.0306
61.720,-3.0620,9.3640,2.0338
61.730,-3.0620,9.3640,2.0338
61.737,-3.0550,9.3640,2.0369
61.747,-3.0550,9.3640,2.0369
61.754,-3.0550,9.3640,2.0369
61.762,-3.0480,9.3640,2.0401
61.770,-3.0480,9.3640,2.0401
61.778,-3.0410,9.3640,2.0432
61.786,-3.0410,9.3640,2.0432
61.794,-3.0410,9.3640,2.0432
61.801,-3.0340,9.3640,2.0462
61.809,-3.0340,9.3640,2.0462
61.816,-3.0340,9.3640,2.0462
61.824,-3.0270,9.3640,2.0492
61.832,-3.0270,9.3640,2.0492
61.838,-3.0200,9.3640,2.0519
61.848,-3.0200,9.3640,2.0519
61.856,-3.0200,9.3640,2.0519
61.863,-3.0130,9.3640,2.0543
61.871,-3.0130,9.3640,2.0543
61.879,-3.0060,9.3640,2.0551
61.887,-3.0060,9.3640,2.0551
61.897,-2.9990,9.3640,2.0558
61.913,-2.9990,9.3640,2.0558
61.922,-2.9920,9.3640,2.0560
61.930,-2.9920,9.3640,2.0560
61.937,-2.9850,9.3640,2.0560
61.946,-2.9850,9.3640,2.0560
61.954,-2.9850,9.3640,2.0560
61.962,-2.9780,9.3640,2.0560
61.973,-2.9780,9.3640,2.0560
61.981,-2.9710,9.3640,2.0560
61.991,-2.9710,9.3640,2.0560
61.999,-2.9640,9.3640,2.0560
62.008,-2.9640,9.3640,2.0560
62.016,-2.9640,9.3640,2.0560
62.024,-2.9570,9.3640,2.0560
62.034,-2.9570,9.3640,2.0560
62.042,-2.9500,9.3640,2.0560
62.051,-2.9500,9.3640,2.0560
62.059,-2.9430,9.3640,2.0560
62.067,-2.9430,9.3640,2.0560
62.075,-2.9430,9.3640,2.0560
62.083,-2.9360,9.3640,2.0560
62.092,-2.9360,9.3640,2.0560
62.100,-2.9290,9.3640,2.0560
62.110,-2.9290,9.3640,2.0560
62.117,-2.9220,9.3640,2.0560
62.126,-2.9220,9.3640,2.0560
62.133,-2.9220,9.3640,2.0560
62.141,-2.9150,9.3640,2.0560
62.150,-2.9150,9.3640,2.0560
62.159,-2.9080,9.3640,2.0557
62.167,-2.9080,9.3640,2.0557
62.176,-2.9080,9.3640,2.0557
62.185,-2.9010,9.3640,2.0552
62.194,-2.9010,9.3640,2.0552
62.201,-2.8940,9.3640,2.0547
62.212,-2.8940,9.3640,2.0547
62.219,-2.8870,9.3640,2.0541
62.227,-2.8870,9.3640,2.0541
62.234,-2.8870,9.3640,2.0541
62.242,-2.8800,9.3640,2.0534
62.251,-2.8800,9.3640,2.0534
62.258,-2.8730,9.3640,2.0528
62.267,-2.8730,9.3640,2.0528
62.275,-2.8730,9.3640,2.0528
62.282,-2.8660,9.3640,2.0521
62.291,-2.8660,9.3640,2.0521
62.298,-2.8590,9.3640,2.0515
62.308,-2.8590,9.3640,2.0515
62.316,-2.8590,9.3640,2.0515
62.322,-2.8520,9.3640,2.0509
62.332,-2.8520,9.3640,2.0509
62.340,-2.8450,9.3640,2.0502
62.350,-2.8450,9.3640,2.0502
62.358,-2.8380,9.3640,2.0496
62.369,-2.8380,9.3640,2.0496
62.377,-2.8380,9.3640,2.0496
62.385,-2.8310,9.3640,2.0490
62.394,-2.8310,9.3640,2.0490
62.402,-2.8240,9.3640,2.0484
62.411,-2.8240,9.3640,2.0484
62.420,-2.8170,9.3640,2.0479
62.428,-2.8170,9.3640,2.0479
62.436,-2.8170,9.3640,2.0479
62.446,-2.8100,9.3640,2.0473
62.456,-2.8100,9.3640,2.0473
62.464,-2.8030,9.3640,2.0468
62.473,-2.8030,9.3640,2.0468
62.481,-2.7960,9.3640,2.0462
62.490,-2.7960,9.3640,2.0462
62.498,-2.7890,9.3640,2.0457
62.509,-2.7890,9.3640,2.0457
62.517,-2.7890,9.3640,2.0457
62.524,-2.7820,9.3640,2.0453
62.532,-2.7820,9.3640,2.0453
62.541,-2.7750,9.3640,2.0448
62.551,-2.7750,9.3640,2.0448
62.559,-2.7680,9.3640,2.0444
62.568,-2.7680,9.3640,2.0444
62.578,-2.7610,9.3640,2.0439
62.587,-2.7610,9.3640,2.0439
62.596,-2.7610,9.3640,2.0439
62.603,-2.7540,9.3640,2.0435
62.614,-2.7540,9.3640,2.0435
62.621,-2.7470,9.3640,2.0431
62.630,-2.7470,9.3640,2.0431
62.637,-2.7400,9.3640,2.0426
62.647,-2.7400,9.3640,2.0426
62.653,-2.7400,9.3640,2.0426
62.660,-2.7330,9.3640,2.0422
62.670,-2.7330,9.3640,2.0422
62.677,-2.7260,9.3640,2.0417
62.685,-2.7260,9.3640,2.0417
62.693,-2.7260,9.3640,2.0417
62.700,-2.7190,9.3640,2.0413
62.708,-2.7190,9.3640,2.0413
62.714,-2.7190,9.3640,2.0413
62.722,-2.7120,9.3640,2.0408
62.731,-2.7120,9.3640,2.0408
62.738,-2.7050,9.3640,2.0404
62.747,-2.7050,9.3640,2.0404
62.757,-2.7050,9.3640,2.0404
62.764,-2.6980,9.3640,2.0399
62.772,-2.6980,9.3640,2.0399
62.780,-2.6910,9.3640,2.0395
62.788,-2.6910,9.3640,2.0395
62.795,-2.6910,9.3640,2.0395
62.802,-2.6840,9.3640,2.0390
62.812,-2.6840,9.3640,2.0390
62.819,-2.6770,9.3640,2.0386
62.828,-2.6770,9.3640,2.0386
62.834,-2.6770,9.3640,2.0386
62.841,-2.6700,9.3640,2.0381
62.850,-2.6700,9.3640,2.0381
62.858,-2.6630,9.3640,2.0377
62.866,-2.6630,9.3640,2.0377
62.873,-2.6630,9.3640,2.0377
62.881,-2.6560,9.3640,2.0372
62.889,-2.6560,9.3640,2.0372
62.896,-2.6560,9.3640,2.0372
62.904,-2.6490,9.3640,2.0368
62.915,-2.6490,9.3640,2.0368
62.921,-2.6420,9.3640,2.0363
62.930,-2.6420,9.3640,2.0363
62.937,-2.6350,9.3640,2.0359
62.948,-2.6350,9.3640,2.0359
62.957,-2.6280,9.3640,2.0354
62.966,-2.6280,9.3640,2.0354
62.975,-2.6280,9.3640,2.0354
62.982,-2.6210,9.3640,2.0350
62.991,-2.6210,9.3640,2.0350
62.999,-2.6140,9.3640,2.0345
63.009,-2.6140,9.3640,2.0345
63.016,-2.6140,9.3640,2.0345
63.024,-2.6070,9.3640,2.0341
63.032,-2.6070,9.3640,2.0341
63.039,-2.6000,9.3640,2.0336
63.047,-2.6000,9.3640,2.0336
63.056,-2.6000,9.3640,2.0336
63.064,-2.5930,9.3640,2.0332
63.074,-2.5930,9.3640,2.0332
63.082,-2.5860,9.3640,2.0327
63.093,-2.5860,9.3640,2.0327
63.101,-2.5790,9.3640,2.0322
63.111,-2.5790,9.3640,2.0322
63.119,-2.5720,9.3640,2.0318
63.129,-2.5720,9.3640,2.0318
63.135,-2.5720,9.3640,2.0318
63.143,-2.5650,9.3640,2.0313
63.151,-2.5650,9.3640,2.0313
63.159,-2.5580,9.3640,2.0308
63.166,-2.5580,9.3640,2.0308
63.174,-2.5580,9.3640,2.0308
63.181,-2.5510,9.3640,2.0304
63.189,-2.5510,9.3640,2.0304
63.195,-2.5510,9.3640,2.0304
63.203,-2.5440,9.3640,2.0299
63.215,-2.5440,9.3640,2.0299
63.223,-2.5370,9.3640,2.0294
63.231,-2.5370,9.3640,2.0294
63.240,-2.5300,9.3640,2.0290
63.250,-2.5300,9.3640,2.0290
63.257,-2.5230,9.3640,2.0285
63.266,-2.5230,9.3640,2.0285
63.274,-2.5230,9.3640,2.0285
63.283,-2.5160,9.3640,2.0280
63.292,-2.5160,9.3640,2.0280
63.300,-2.5090,9.3640,2.0276
63.310,-2.5090,9.3640,2.0276
63.318,-2.5020,9.3640,2.0271
63.327,-2.5020,9.3640,2.0271
63.334,-2.5020,9.3640,2.0271
63.342,-2.4950,9.3640,2.0267
63.351,-2.4950,9.3640,2.0267
63.360,-2.4880,9.3640,2.0262
63.368,-2.4880,9.3640,2.0262
63.377,-2.4810,9.3640,2.0257
63.385,-2.4810,9.3640,2.0257
63.394,-2.4810,9.3640,2.0257
63.401,-2.4740,9.3640,2.0253
63.410,-2.4740,9.3640,2.0253
63.416,-2.4740,9.3640,2.0253
63.426,-2.4670,9.3640,2.0248
63.435,-2.4670,9.3640,2.0248
63.445,-2.4600,9.3640,2.0244
63.455,-2.4600,9.3640,2.0244
63.462,-2.4530,9.3640,2.0239
63.473,-2.4530,9.3640,2.0239
63.480,-2.4460,9.3640,2.0235
63.489,-2.4460,9.3640,2.0235
63.495,-2.4460,9.3640,2.0235
63.502,-2.4390,9.3640,2.0230
63.512,-2.4390,9.3640,2.0230
63.520,-2.4320,9.3640,2.0226
63.527,-2.4320,9.3640,2.0226
63.535,-2.4320,9.3640,2.0226
63.543,-2.4250,9.3640,2.0222
63.551,-2.4250,9.3640,2.0222
63.558,-2.4180,9.3640,2.0218
63.567,-2.4180,9.3640,2.0218
63.575,-2.4180,9.3640,2.0218
63.583,-2.4110,9.3640,2.0215
63.591,-2.4110,9.3640,2.0215
63.597,-2.4040,9.3640,2.0215
63.606,-2.4040,9.3640,2.0215
63.614,-2.4040,9.3640,2.0215
63.622,-2.3970,9.3640,2.0215
63.632,-2.3970,9.3640,2.0215
63.640,-2.3900,9.3640,2.0215
63.649,-2.3900,9.3640,2.0215
63.657,-2.3830,9.3640,2.0215
63.667,-2.3830,9.3640,2.0215
63.674,-2.3830,9.3640,2.0215
63.684,-2.3760,9.3640,2.0215
63.694,-2.3760,9.3640,2.0215
63.702,-2.3690,9.3640,2.0215
63.714,-2.3690,9.3640,2.0215
63.722,-2.3620,9.3640,2.0215
63.732,-2.3620,9.3640,2.0215
63.739,-2.3550,9.3640,2.0215
63.749,-2.3550,9.3640,2.0215
63.758,-2.3480,9.3640,2.0215
63.765,-2.3480,9.3640,2.0215
63.774,-2.3480,9.3640,2.0215
63.781,-2.3410,9.3640,2.0215
63.792,-2.3410,9.3640,2.0215
63.800,-2.3340,9.3640,2.0215
63.810,-2.3340,9.3640,2.0215
63.818,-2.3270,9.3640,2.0215
63.827,-2.3270,9.3640,2.0215
63.834,-2.3270,9.3640,2.0215
63.843,-2.3200,9.3640,2.0215
63.853,-2.3200,9.3640,2.0215
63.862,-2.3130,9.3640,2.0215
63.870,-2.3130,9.3640,2.0215
63.879,-2.3060,9.3640,2.0215
63.887,-2.3060,9.3640,2.0215
63.895,-2.3060,9.3640,2.0215
63.902,-2.2990,9.3640,2.0215
63.911,-2.2990,9.3640,2.0215
63.918,-2.2920,9.3640,2.0215
63.927,-2.2920,9.3640,2.0215
63.935,-2.2920,9.3640,2.0215
63.943,-2.2850,9.3640,2.0215
63.951,-2.2850,9.3640,2.0215
63.959,-2.2780,9.3640,2.0215
63.968,-2.2780,9.3640,2.0215
63.976,-2.2780,9.3640,2.0215
63.983,-2.2710,9.3640,2.0215
63.991,-2.2710,9.3640,2.0215
63.999,-2.2640,9.3640,2.0215
64.008,-2.2640,9.3640,2.0215
64.015,-2.2640,9.3640,2.0215
64.022,-2.2570,9.3640,2.0215
64.031,-2.2570,9.3640,2.0215
64.037,-2.2500,9.3640,2.0215
64.048,-2.2500,9.3640,2.0215
64.055,-2.2500,9.3640,2.0215
64.062,-2.2430,9.3640,2.0215
64.070,-2.2430,9.3640,2.0215
64.078,-2.2360,9.3640,2.0215
64.086,-2.2360,9.3640,2.0215
64.094,-2.2360,9.3640,2.0215
64.100,-2.2290,9.3640,2.0215
64.109,-2.2290,9.3640,2.0215
64.116,-2.2290,9.3640,2.0215
64.123,-2.2220,9.3640,2.0215
64.142,-2.2150,9.3640,2.0215
64.150,-2.2150,9.3640,2.0215
64.158,-2.2080,9.3640,2.0215
64.166,-2.2080,9.3640,2.0215
64.173,-2.2080,9.3640,2.0215
64.180,-2.2010,9.3640,2.0215
64.189,-2.2010,9.3640,2.0215
64.196,-2.2010,9.3640,2.0215
64.202,-2.1939,9.3640,2.0215
64.212,-2.1939,9.3640,2.0215
64.220,-2.1869,9.3640,2.0215
64.229,-2.1869,9.3640,2.0215
64.235,-2.1869,9.3640,2.0215
64.244,-2.1799,9.3640,2.0215
64.253,-2.1799,9.3640,2.0215
64.260,-2.1729,9.3640,2.0215
64.269,-2.1729,9.3640,2.0215
64.276,-2.1729,9.3640,2.0215
64.283,-2.1659,9.3640,2.0215
64.292,-2.1659,9.3640,2.0215
64.299,-2.1589,9.3640,2.0215
64.308,-2.1589,9.3640,2.0215
64.314,-2.1589,9.3640,2.0215
64.322,-2.1519,9.3640,2.0215
64.332,-2.1519,9.3640,2.0215
64.339,-2.1449,9.3640,2.0215
64.349,-2.1449,9.3640,2.0215
64.356,-2.1449,9.3640,2.0215
64.363,-2.1379,9.3640,2.0215
64.373,-2.1379,9.3640,2.0215
64.381,-2.1309,9.3640,2.0215
64.391,-2.1309,9.3640,2.0215
64.398,-2.1239,9.3640,2.0215
64.407,-2.1239,9.3640,2.0215
64.414,-2.1239,9.3640,2.0215
64.422,-2.1169,9.3640,2.0215
64.431,-2.1169,9.3640,2.0215
64.438,-2.1099,9.3640,2.0215
64.448,-2.1099,9.3640,2.0215
64.455,-2.1099,9.3640,2.0215
64.462,-2.1029,9.3640,2.0215
64.471,-2.1029,9.3640,2.0215
64.480,-2.0959,9.3640,2.0215
64.488,-2.0959,9.3640,2.0215
64.496,-2.0959,9.3640,2.0215
64.503,-2.0889,9.3640,2.0215
64.514,-2.0889,9.3640,2.0215
64.521,-2.0819,9.3640,2.0215
64.530,-2.0819,9.3640,2.0215
64.538,-2.0749,9.3640,2.0215
64.548,-2.0749,9.3640,2.0215
64.555,-2.0749,9.3640,2.0215
64.563,-2.0679,9.3640,2.0215
64.571,-2.0679,9.3640,2.0215
64.580,-2.0609,9.3640,2.0215
64.588,-2.0609,9.3640,2.0215
64.596,-2.0609,9.3640,2.0215
64.603,-2.0539,9.3640,2.0215
64.612,-2.0539,9.3640,2.0215
64.620,-2.0469,9.3640,2.0215
64.630,-2.0469,9.3640,2.0215
64.638,-2.0399,9.3640,2.0213
64.647,-2.0399,9.3640,2.0213
64.655,-2.0399,9.3640,2.0213
64.663,-2.0329,9.3640,2.0210
64.672,-2.0329,9.3640,2.0210
64.680,-2.0259,9.3640,2.0207
64.691,-2.0259,9.3640,2.0207
64.699,-2.0189,9.3640,2.0205
64.707,-2.0189,9.3640,2.0205
64.716,-2.0189,9.3640,2.0205
64.724,-2.0119,9.3640,2.0202
64.734,-2.0119,9.3640,2.0202
64.741,-2.0049,9.3640,2.0199
64.749,-2.0049,9.3640,2.0199
64.758,-1.9979,9.3640,2.0196
64.767,-1.9979,9.3640,2.0196
64.775,-1.9979,9.3640,2.0196
64.783,-1.9909,9.3640,2.0193
64.791,-1.9909,9.3640,2.0193
64.798,-1.9839,9.3640,2.0190
64.806,-1.9839,9.3640,2.0190
64.814,-1.9839,9.3640,2.0190
64.822,-1.9769,9.3640,2.0187
64.829,-1.9769,9.3640,2.0187
64.836,-1.9769,9.3640,2.0187
64.845,-1.9699,9.3640,2.0184
64.853,-1.9699,9.3640,2.0184
64.860,-1.9629,9.3640,2.0181
64.868,-1.9629,9.3640,2.0181
64.876,-1.9629,9.3640,2.0181
64.884,-1.9559,9.3640,2.0178
64.892,-1.9559,9.3640,2.0178
64.899,-1.9489,9.3640,2.0175
64.909,-1.9489,9.3640,2.0175
64.916,-1.9489,9.3640,2.0175
64.923,-1.9419,9.3640,2.0172
64.933,-1.9419,9.3640,2.0172
64.940,-1.9349,9.3640,2.0169
64.950,-1.9349,9.3640,2.0169
64.957,-1.9279,9.3640,2.0165
64.966,-1.9279,9.3640,2.0165
64.977,-1.9279,9.3640,2.0165
64.984,-1.9209,9.3640,2.0162
64.994,-1.9209,9.3640,2.0162
65.001,-1.9139,9.3640,2.0159
65.011,-1.9139,9.3640,2.0159
65.018,-1.9069,9.3640,2.0156
65.028,-1.9069,9.3640,2.0156
65.035,-1.9069,9.3640,2.0156
65.044,-1.8999,9.3640,2.0153
65.054,-1.8999,9.3640,2.0153
65.062,-1.8929,9.3640,2.0150
65.070,-1.8929,9.3640,2.0150
65.079,-1.8859,9.3640,2.0147
65.088,-1.8859,9.3640,2.0147
65.096,-1.8859,9.3640,2.0147
65.103,-1.8789,9.3640,2.0143
65.115,-1.8789,9.3640,2.0143
65.122,-1.8719,9.3640,2.0140
65.131,-1.8719,9.3640,2.0140
65.138,-1.8649,9.3640,2.0137
65.147,-1.8649,9.3640,2.0137
65.154,-1.8649,9.3640,2.0137
65.162,-1.8579,9.3640,2.0134
65.169,-1.8579,9.3640,2.0134
65.178,-1.8509,9.3640,2.0130
65.185,-1.8509,9.3640,2.0130
65.192,-1.8509,9.3640,2.0130
65.199,-1.8439,9.3640,2.0127
65.208,-1.8439,9.3640,2.0127
65.215,-1.8439,9.3640,2.0127
65.224,-1.8369,9.3640,2.0123
65.232,-1.8369,9.3640,2.0123
65.240,-1.8299,9.3640,2.0120
65.248,-1.8299,9.3640,2.0120
65.257,-1.8299,9.3640,2.0120
65.264,-1.8229,9.3640,2.0116
65.274,-1.8229,9.3640,2.0116
65.280,-1.8159,9.3640,2.0113
65.290,-1.8159,9.3640,2.0113
65.298,-1.8089,9.3640,2.0109
65.305,-1.8089,9.3640,2.0109
65.313,-1.8089,9.3640,2.0109
65.320,-1.8019,9.3640,2.0106
65.330,-1.8019,9.3640,2.0106
65.336,-1.8019,9.3640,2.0106
65.345,-1.7949,9.3640,2.0102
65.353,-1.7949,9.3640,2.0102
65.362,-1.7879,9.3640,2.0098
65.368,-1.7879,9.3640,2.0098
65.377,-1.7809,9.3640,2.0095
65.386,-1.7809,9.3640,2.0095
65.394,-1.7809,9.3640,2.0095
65.400,-1.7739,9.3640,2.0091
65.409,-1.7739,9.3640,2.0091
65.416,-1.7739,9.3640,2.0091
65.424,-1.7669,9.3640,2.0087
65.431,-1.7669,9.3640,2.0087
65.438,-1.7599,9.3640,2.0084
65.448,-1.7599,9.3640,2.0084
65.456,-1.7599,9.3640,2.0084
65.463,-1.7529,9.3640,2.0080
65.474,-1.7529,9.3640,2.0080
65.481,-1.7459,9.3640,2.0076
65.490,-1.7459,9.3640,2.0076
65.497,-1.7459,9.3640,2.0076
65.504,-1.7389,9.3640,2.0073
65.513,-1.7389,9.3640,2.0073
65.520,-1.7319,9.3640,2.0069
65.528,-1.7319,9.3640,2.0069
65.536,-1.7319,9.3640,2.0069
65.544,-1.7249,9.3640,2.0066
65.553,-1.7249,9.3640,2.0066
65.560,-1.7179,9.3640,2.0062
65.569,-1.7179,9.3640,2.0062
65.576,-1.7179,9.3640,2.0062
65.584,-1.7109,9.3640,2.0059
65.592,-1.7109,9.3640,2.0059
65.600,-1.7039,9.3640,2.0055
65.608,-1.7039,9.3640,2.0055
65.616,-1.7039,9.3640,2.0055
65.623,-1.6969,9.3640,2.0052
65.632,-1.6969,9.3640,2.0052
65.639,-1.6899,9.3640,2.0048
65.648,-1.6899,9.3640,2.0048
65.657,-1.6899,9.3640,2.0048
65.664,-1.6829,9.3640,2.0045
65.672,-1.6829,9.3640,2.0045
65.680,-1.6759,9.3640,2.0042
65.689,-1.6759,9.3640,2.0042
65.696,-1.6759,9.3640,2.0042
65.703,-1.6689,9.3640,2.0038
65.712,-1.6689,9.3640,2.0038
65.720,-1.6619,9.3640,2.0035
65.729,-1.6619,9.3640,2.0035
65.736,-1.6619,9.3640,2.0035
65.745,-1.6549,9.3640,2.0032
65.755,-1.6549,9.3640,2.0032
65.763,-1.6479,9.3640,2.0028
65.773,-1.6479,9.3640,2.0028
65.781,-1.6409,9.3640,2.0025
65.789,-1.6409,9.3640,2.0025
65.797,-1.6339,9.3640,2.0022
65.807,-1.6339,9.3640,2.0022
65.816,-1.6339,9.3640,2.0022
65.824,-1.6269,9.3640,2.0018
65.833,-1.6269,9.3640,2.0018
65.842,-1.6199,9.3640,2.0015
65.851,-1.6199,9.3640,2.0015
65.859,-1.6129,9.3640,2.0012
65.867,-1.6129,9.3640,2.0012
65.875,-1.6129,9.3640,2.0012
65.882,-1.6059,9.3640,2.0009
65.894,-1.6059,9.3640,2.0009
65.901,-1.5989,9.3640,2.0006
65.911,-1.5989,9.3640,2.0006
65.919,-1.5919,9.3640,2.0003
65.929,-1.5919,9.3640,2.0003
65.938,-1.5849,9.3640,2.0003
65.947,-1.5849,9.3640,2.0003
65.956,-1.5849,9.3640,2.0003
65.964,-1.5779,9.3640,2.0003
65.975,-1.5779,9.3640,2.0003
65.983,-1.5709,9.3640,2.0003
65.995,-1.5709,9.3640,2.0003
66.002,-1.5639,9.3640,2.0003
66.010,-1.5639,9.3640,2.0003
66.018,-1.5569,9.3640,2.0003
66.027,-1.5569,9.3640,2.0003
66.034,-1.5569,9.3640,2.0003
66.041,-1.5499,9.3640,2.0003
66.050,-1.5499,9.3640,2.0003
66.058,-1.5429,9.3640,2.0003
66.066,-1.5429,9.3640,2.0003
66.074,-1.5429,9.3640,2.0003
66.083,-1.5359,9.3640,2.0003
66.091,-1.5359,9.3640,2.0003
66.098,-1.5289,9.3640,2.0003
66.108,-1.5289,9.3640,2.0003
66.116,-1.5289,9.3640,2.0003
66.123,-1.5219,9.3640,2.0003
66.132,-1.5219,9.3640,2.0003
66.139,-1.5149,9.3640,2.0003
66.149,-1.5149,9.3640,2.0003
66.157,-1.5149,9.3640,2.0003
66.165,-1.5079,9.3640,2.0003
66.174,-1.5079,9.3640,2.0003
66.182,-1.5009,9.3640,2.0003
66.191,-1.5009,9.3640,2.0003
66.198,-1.4939,9.3640,2.0003
66.209,-1.4939,9.3640,2.0003
66.216,-1.4939,9.3640,2.0003
66.225,-1.4869,9.3640,2.0003
66.234,-1.4869,9.3640,2.0003
66.243,-1.4799,9.3640,2.0003
66.252,-1.4799,9.3640,2.0003
66.260,-1.4729,9.3640,2.0003
66.269,-1.4729,9.3640,2.0003
66.277,-1.4659,9.3640,2.0003
66.286,-1.4659,9.3640,2.0003
66.295,-1.4659,9.3640,2.0003
66.302,-1.4589,9.3640,2.0003
66.312,-1.4589,9.3640,2.0003
66.320,-1.4519,9.3640,2.0003
66.331,-1.4519,9.3640,2.0003
66.338,-1.4449,9.3640,2.0003
66.348,-1.4449,9.3640,2.0003
66.365,-1.4379,9.3640,2.0003
66.375,-1.4379,9.3640,2.0003
66.383,-1.4309,9.3640,2.0003
66.394,-1.4309,9.3640,2.0003
66.401,-1.4239,9.3640,2.0003
66.412,-1.4239,9.3640,2.0003
66.419,-1.4169,9.3640,2.0003
66.427,-1.4169,9.3640,2.0003
66.434,-1.4169,9.3640,2.0003
66.443,-1.4099,9.3640,2.0003
66.451,-1.4099,9.3640,2.0003
66.459,-1.4029,9.3640,2.0003
66.467,-1.4029,9.3640,2.0003
66.476,-1.4029,9.3640,2.0003
66.483,-1.3959,9.3640,2.0003
66.491,-1.3959,9.3640,2.0003
66.498,-1.3889,9.3640,2.0003
66.508,-1.3889,9.3640,2.0003
66.515,-1.3889,9.3640,2.0003
66.521,-1.3819,9.3640,2.0003
66.530,-1.3819,9.3640,2.0003
66.537,-1.3749,9.3640,2.0003
66.547,-1.3749,9.3640,2.0003
66.553,-1.3749,9.3640,2.0003
66.562,-1.3679,9.3640,2.0003
66.569,-1.3679,9.3640,2.0003
66.577,-1.3679,9.3640,2.0003
66.582,-1.3609,9.3640,2.0003
66.592,-1.3609,9.3640,2.0003
66.599,-1.3539,9.3640,2.0003
66.608,-1.3539,9.3640,2.0003
66.614,-1.3539,9.3640,2.0003
66.621,-1.3469,9.3640,2.0003
66.631,-1.3469,9.3640,2.0003
66.639,-1.3399,9.3640,2.0003
66.648,-1.3399,9.3640,2.0003
66.656,-1.3399,9.3640,2.0003
66.663,-1.3329,9.3640,2.0003
66.674,-1.3329,9.3640,2.0003
66.682,-1.3259,9.3640,2.0003
66.694,-1.3259,9.3640,2.0003
66.701,-1.3189,9.3640,2.0003
66.711,-1.3189,9.3640,2.0003
66.719,-1.3119,9.3640,2.0003
66.727,-1.3119,9.3640,2.0003
66.734,-1.3119,9.3640,2.0003
66.743,-1.3049,9.3640,2.0003
66.752,-1.3049,9.3640,2.0003
66.759,-1.2979,9.3640,2.0003
66.767,-1.2979,9.3640,2.0003
66.775,-1.2979,9.3640,2.0003
66.782,-1.2909,9.3640,2.0003
66.792,-1.2909,9.3640,2.0003
66.799,-1.2839,9.3640,2.0003
66.809,-1.2839,9.3640,2.0003
66.817,-1.2839,9.3640,2.0003
66.824,-1.2769,9.3640,2.0003
66.833,-1.2769,9.3640,2.0003
66.840,-1.2699,9.3640,2.0003
66.850,-1.2699,9.3640,2.0003
66.856,-1.2699,9.3640,2.0003
66.864,-1.2629,9.3640,2.0003
66.873,-1.2629,9.3640,2.0003
66.881,-1.2559,9.3640,2.0003
66.890,-1.2559,9.3640,2.0003
66.897,-1.2489,9.3640,2.0003
66.906,-1.2489,9.3640,2.0003
66.912,-1.2489,9.3640,2.0003
66.919,-1.2419,9.3640,2.0003
66.930,-1.2419,9.3640,2.0003
66.936,-1.2419,9.3640,2.0003
66.945,-1.2349,9.3640,2.0003
66.955,-1.2349,9.3640,2.0003
66.963,-1.2279,9.3640,2.0003
66.971,-1.2279,9.3640,2.0003
66.980,-1.2209,9.3640,2.0003
66.989,-1.2209,9.3640,2.0003
66.995,-1.2209,9.3640,2.0003
67.002,-1.2139,9.3640,2.0003
67.013,-1.2139,9.3640,2.0003
67.021,-1.2069,9.3640,2.0003
67.030,-1.2069,9.3640,2.0003
67.039,-1.1999,9.3640,2.0003
67.049,-1.1999,9.3640,2.0003
67.057,-1.1999,9.3640,2.0003
67.064,-1.1929,9.3640,2.0003
67.074,-1.1929,9.3640,2.0003
67.083,-1.1859,9.3640,2.0003
67.092,-1.1859,9.3640,2.0003
67.100,-1.1789,9.3640,2.0003
67.111,-1.1789,9.3640,2.0003
67.117,-1.1789,9.3640,2.0003
67.124,-1.1719,9.3640,2.0003
67.134,-1.1719,9.3640,2.0003
67.143,-1.1649,9.3640,2.0003
67.152,-1.1649,9.3640,2.0003
67.160,-1.1579,9.3640,2.0003
67.168,-1.1579,9.3640,2.0003
67.178,-1.1509,9.3640,2.0003
67.188,-1.1509,9.3640,2.0003
67.196,-1.1509,9.3640,2.0003
67.204,-1.1439,9.3640,2.0003
67.215,-1.1439,9.3640,2.0003
67.223,-1.1369,9.3640,2.0003
67.232,-1.1369,9.3640,2.0003
67.241,-1.1299,9.3640,2.0003
67.251,-1.1299,9.3640,2.0003
67.259,-1.1229,9.3640,2.0003
67.268,-1.1229,9.3640,2.0003
67.276,-1.1229,9.3640,2.0003
67.285,-1.1159,9.3640,2.0003
67.294,-1.1159,9.3640,2.0003
67.301,-1.1089,9.3640,2.0003
67.312,-1.1089,9.3640,2.0003
67.321,-1.1019,9.3640,2.0003
67.332,-1.1019,9.3640,2.0003
67.339,-1.0949,9.3640,2.0003
67.349,-1.0949,9.3640,2.0003
67.356,-1.0949,9.3640,2.0003
67.364,-1.0879,9.3640,2.0003
67.372,-1.0879,9.3640,2.0003
67.380,-1.0809,9.3640,2.0003
67.389,-1.0809,9.3640,2.0003
67.396,-1.0809,9.3640,2.0003
67.403,-1.0739,9.3640,2.0003
67.414,-1.0739,9.3640,2.0003
67.422,-1.0669,9.3640,2.0003
67.432,-1.0669,9.3640,2.0003
67.441,-1.0599,9.3640,2.0003
67.450,-1.0599,9.3640,2.0003
67.459,-1.0529,9.3640,2.0003
67.467,-1.0529,9.3640,2.0003
67.476,-1.0529,9.3640,2.0003
67.484,-1.0459,9.3640,2.0003
67.494,-1.0459,9.3640,2.0003
67.502,-1.0389,9.3640,2.0003
67.511,-1.0389,9.3640,2.0003
67.519,-1.0319,9.3640,2.0003
67.528,-1.0319,9.3640,2.0003
67.536,-1.0319,9.3640,2.0003
67.544,-1.0249,9.3640,2.0003
67.553,-1.0249,9.3640,2.0003
67.561,-1.0179,9.3640,2.0003
67.569,-1.0179,9.3640,2.0003
67.577,-1.0109,9.3640,2.0003
67.586,-1.0109,9.3640,2.0003
67.595,-1.0109,9.3640,2.0003
67.602,-1.0039,9.3640,2.0003
67.611,-1.0039,9.3640,2.0003
67.619,-0.9969,9.3640,2.0003
67.629,-0.9969,9.3640,2.0003
67.636,-0.9969,9.3640,2.0003
67.645,-0.9899,9.3640,2.0003
67.654,-0.9899,9.3640,2.0003
67.662,-0.9829,9.3640,2.0003
67.669,-0.9829,9.3640,2.0003
67.677,-0.9759,9.3640,2.0003
67.686,-0.9759,9.3640,2.0003
67.694,-0.9759,9.3640,2.0003
67.700,-0.9689,9.3640,2.0003
67.709,-0.9689,9.3640,2.0003
67.717,-0.9689,9.3640,2.0003
67.724,-0.9619,9.3640,2.0003
67.732,-0.9619,9.3640,2.0003
67.739,-0.9549,9.3640,2.0003
67.748,-0.9549,9.3640,2.0003
67.755,-0.9549,9.3640,2.0003
67.762,-0.9479,9.3640,2.0003
67.772,-0.9479,9.3640,2.0003
67.779,-0.9409,9.3640,2.0003
67.788,-0.9409,9.3640,2.0003
67.796,-0.9409,9.3640,2.0003
67.803,-0.9339,9.3640,2.0003
67.813,-0.9339,9.3640,2.0003
67.820,-0.9269,9.3640,2.0003
67.828,-0.9269,9.3640,2.0003
67.837,-0.9199,9.3640,2.0003
67.847,-0.9199,9.3640,2.0003
67.854,-0.9199,9.3640,2.0003
67.862,-0.9129,9.3640,2.0003
67.869,-0.9129,9.3640,2.0003
67.876,-0.9129,9.3640,2.0003
67.883,-0.9059,9.3640,2.0003
67.892,-0.9059,9.3640,2.0003
67.899,-0.8989,9.3640,2.0003
67.907,-0.8989,9.3640,2.0003
67.915,-0.8989,9.3640,2.0003
67.922,-0.8919,9.3640,2.0003
67.931,-0.8919,9.3640,2.0003
67.937,-0.8849,9.3640,2.0003
67.946,-0.8849,9.3640,2.0003
67.954,-0.8849,9.3640,2.0003
67.962,-0.8779,9.3640,2.0003
67.970,-0.8779,9.3640,2.0003
67.980,-0.8709,9.3640,2.0003
67.989,-0.8709,9.3640,2.0003
67.996,-0.8709,9.3640,2.0003
68.003,-0.8639,9.3640,2.0003
68.013,-0.8639,9.3640,2.0003
68.021,-0.8569,9.3640,2.0003
68.029,-0.8569,9.3640,2.0003
68.036,-0.8569,9.3640,2.0003
68.044,-0.8499,9.3640,2.0003
68.052,-0.8499,9.3640,2.0003
68.058,-0.8429,9.3640,2.0003
68.066,-0.8429,9.3640,2.0003
68.074,-0.8429,9.3640,2.0003
68.082,-0.8359,9.3640,2.0003
68.089,-0.8359,9.3640,2.0003
68.097,-0.8289,9.3640,2.0003
68.105,-0.8289,9.3640,2.0003
68.114,-0.8289,9.3640,2.0003
68.120,-0.8219,9.3640,2.0003
68.129,-0.8219,9.3640,2.0003
68.135,-0.8219,9.3640,2.0003
68.144,-0.8149,9.3640,2.0003
68.151,-0.8149,9.3640,2.0003
68.160,-0.8079,9.3640,2.0003
68.168,-0.8079,9.3640,2.0003
68.176,-0.8079,9.3640,2.0003
68.182,-0.8009,9.3640,2.0003
68.191,-0.8009,9.3640,2.0003
68.199,-0.7939,9.3640,2.0003
68.209,-0.7939,9.3640,2.0003
68.216,-0.7939,9.3640,2.0003
68.226,-0.7869,9.3640,2.0003
68.235,-0.7869,9.3640,2.0003
68.245,-0.7799,9.3640,2.0003
68.256,-0.7799,9.3640,2.0003
68.264,-0.7729,9.3640,2.0003
68.273,-0.7729,9.3640,2.0003
68.281,-0.7659,9.3640,2.0003
68.290,-0.7659,9.3640,2.0003
68.297,-0.7589,9.3640,2.0003
68.306,-0.7589,9.3640,2.0003
68.314,-0.7589,9.3640,2.0003
68.321,-0.7519,9.3640,2.0003
68.330,-0.7519,9.3640,2.0003
68.337,-0.7449,9.3640,2.0003
68.347,-0.7449,9.3640,2.0003
68.354,-0.7449,9.3640,2.0003
68.362,-0.7379,9.3640,2.0003
68.369,-0.7379,9.3640,2.0003
68.379,-0.7309,9.3640,2.0003
68.387,-0.7309,9.3640,2.0003
68.394,-0.7309,9.3640,2.0003
68.402,-0.7239,9.3640,2.0003
68.412,-0.7239,9.3640,2.0003
68.419,-0.7169,9.3640,2.0003
68.428,-0.7169,9.3640,2.0003
68.435,-0.7169,9.3640,2.0003
68.444,-0.7099,9.3640,2.0003
68.453,-0.7099,9.3640,2.0003
68.461,-0.7029,9.3640,2.0003
68.470,-0.7029,9.3640,2.0003
68.479,-0.6959,9.3640,2.0003
68.487,-0.6959,9.3640,2.0003
68.497,-0.6959,9.3640,2.0003
68.504,-0.6889,9.3640,2.0003
68.514,-0.6889,9.3640,2.0003
68.521,-0.6819,9.3640,2.0003
68.530,-0.6819,9.3640,2.0003
68.536,-0.6819,9.3640,2.0003
68.544,-0.6749,9.3640,2.0003
68.552,-0.6749,9.3640,2.0003
68.560,-0.6679,9.3640,2.0003
68.567,-0.6679,9.3640,2.0003
68.574,-0.6679,9.3640,2.0003
68.582,-0.6609,9.3640,2.0003
68.590,-0.6609,9.3640,2.0003
68.597,-0.6539,9.3640,2.0003
68.615,-0.6539,9.3640,2.0003
68.622,-0.6469,9.3640,2.0003
68.630,-0.6469,9.3640,2.0003
68.636,-0.6469,9.3640,2.0003
68.644,-0.6399,9.3640,2.0003
68.652,-0.6399,9.3640,2.0003
68.660,-0.6329,9.3640,2.0003
68.667,-0.6329,9.3640,2.0003
68.676,-0.6329,9.3640,2.0003
68.683,-0.6259,9.3640,2.0003
68.692,-0.6259,9.3640,2.0003
68.699,-0.6189,9.3640,2.0003
68.709,-0.6189,9.3640,2.0003
68.717,-0.6189,9.3640,2.0003
68.726,-0.6119,9.3640,2.0003
68.734,-0.6119,9.3640,2.0003
68.742,-0.6049,9.3640,2.0003
68.750,-0.6049,9.3640,2.0003
68.759,-0.5979,9.3640,2.0003
68.768,-0.5979,9.3640,2.0003
68.776,-0.5979,9.3640,2.0003
68.784,-0.5909,9.3640,2.0003
68.792,-0.5909,9.3640,2.0003
68.801,-0.5839,9.3640,2.0003
68.809,-0.5839,9.3640,2.0003
68.817,-0.5769,9.3640,2.0003
68.825,-0.5769,9.3640,2.0003
68.833,-0.5769,9.3640,2.0003
68.839,-0.5699,9.3640,2.0003
68.848,-0.5699,9.3640,2.0003
68.856,-0.5699,9.3640,2.0003
68.864,-0.5629,9.3640,2.0003
68.873,-0.5629,9.3640,2.0003
68.882,-0.5559,9.3640,2.0003
68.891,-0.5559,9.3640,2.0003
68.898,-0.5489,9.3640,2.0003
68.907,-0.5489,9.3640,2.0003
68.915,-0.5489,9.3640,2.0003
68.925,-0.5419,9.3640,2.0003
68.932,-0.5419,9.3640,2.0003
68.940,-0.5349,9.3640,2.0003
68.951,-0.5349,9.3640,2.0003
68.960,-0.5279,9.3640,2.0003
68.967,-0.5279,9.3640,2.0003
68.976,-0.5279,9.3640,2.0003
68.982,-0.5209,9.3640,2.0003
68.992,-0.5209,9.3640,2.0003
68.999,-0.5139,9.3640,2.0003
69.009,-0.5139,9.3640,2.0003
69.017,-0.5069,9.3640,2.0003
69.025,-0.5069,9.3640,2.0003
69.032,-0.5069,9.3640,2.0003
69.041,-0.4999,9.3640,2.0003
69.050,-0.4999,9.3640,2.0003
69.057,-0.4929,9.3640,2.0003
69.066,-0.4929,9.3640,2.0003
69.074,-0.4929,9.3640,2.0003
69.083,-0.4859,9.3640,2.0003
69.091,-0.4859,9.3640,2.0003
69.099,-0.4789,9.3640,2.0003
69.108,-0.4789,9.3640,2.0003
69.115,-0.4789,9.3640,2.0003
69.123,-0.4719,9.3640,2.0003
69.132,-0.4719,9.3640,2.0003
69.140,-0.4649,9.3640,2.0003
69.150,-0.4649,9.3640,2.0003
69.157,-0.4579,9.3640,2.0003
69.167,-0.4579,9.3640,2.0003
69.174,-0.4579,9.3640,2.0003
69.182,-0.4509,9.3640,2.0003
69.190,-0.4509,9.3640,2.0003
69.198,-0.4439,9.3640,2.0003
69.206,-0.4439,9.3640,2.0003
69.214,-0.4439,9.3640,2.0003
69.222,-0.4369,9.3640,2.0003
69.230,-0.4369,9.3640,2.0003
69.238,-0.4299,9.3640,2.0003
69.247,-0.4299,9.3640,2.0003
69.256,-0.4299,9.3640,2.0003
69.264,-0.4229,9.3640,2.0003
69.273,-0.4229,9.3640,2.0003
69.282,-0.4159,9.3640,2.0003
69.292,-0.4159,9.3640,2.0003
69.299,-0.4089,9.3640,2.0003
69.307,-0.4089,9.3640,2.0003
69.315,-0.4089,9.3640,2.0003
69.322,-0.4019,9.3640,2.0003
69.331,-0.4019,9.3640,2.0003
69.337,-0.3949,9.3640,2.0003
69.347,-0.3949,9.3640,2.0003
69.354,-0.3949,9.3640,2.0003
69.361,-0.3879,9.3640,2.0003
69.368,-0.3879,9.3640,2.0003
69.377,-0.3809,9.3640,2.0003
69.386,-0.3809,9.3640,2.0003
69.394,-0.3809,9.3640,2.0003
69.400,-0.3739,9.3640,2.0003
69.410,-0.3739,9.3640,2.0003
69.416,-0.3739,9.3640,2.0003
69.425,-0.3669,9.3640,2.0003
69.434,-0.3669,9.3640,2.0003
69.443,-0.3599,9.3640,2.0003
69.451,-0.3599,9.3640,2.0003
69.459,-0.3529,9.3640,2.0003
69.467,-0.3529,9.3640,2.0003
69.475,-0.3529,9.3640,2.0003
69.482,-0.3459,9.3640,2.0003
69.492,-0.3459,9.3640,2.0003
69.499,-0.3389,9.3640,2.0003
69.509,-0.3389,9.3640,2.0003
69.516,-0.3389,9.3640,2.0003
69.526,-0.3319,9.3640,2.0003
69.534,-0.3319,9.3640,2.0003
69.542,-0.3249,9.3640,2.0003
69.551,-0.3249,9.3640,2.0003
69.559,-0.3179,9.3640,2.0003
69.568,-0.3179,9.3640,2.0003
69.576,-0.3179,9.3640,2.0003
69.585,-0.3109,9.3640,2.0003
69.595,-0.3109,9.3640,2.0003
69.603,-0.3039,9.3640,2.0003
69.614,-0.3039,9.3640,2.0003
69.622,-0.2969,9.3640,2.0003
69.631,-0.2969,9.3640,2.0003
69.638,-0.2899,9.3640,2.0003
69.648,-0.2899,9.3640,2.0003
69.656,-0.2899,9.3640,2.0003
69.664,-0.2829,9.3640,2.0003
69.673,-0.2829,9.3640,2.0003
69.682,-0.2759,9.3640,2.0003
69.691,-0.2759,9.3640,2.0003
69.698,-0.2689,9.3640,2.0003
69.709,-0.2689,9.3640,2.0003
69.721,-0.2619,9.3640,2.0003
69.738,-0.2549,9.3640,2.0003
69.758,-0.2479,9.3640,2.0003
69.769,-0.2479,9.3640,2.0003
69.777,-0.2479,9.3640,2.0003
69.786,-0.2409,9.3640,2.0003
69.796,-0.2409,9.3640,2.0003
69.805,-0.2339,9.3640,2.0003
69.815,-0.2339,9.3640,2.0003
69.823,-0.2269,9.3640,2.0003
69.832,-0.2269,9.3640,2.0003
69.840,-0.2199,9.3640,2.0003
69.850,-0.2199,9.3640,2.0003
69.858,-0.2129,9.3640,2.0003
69.866,-0.2129,9.3640,2.0003
69.874,-0.2129,9.3640,2.0003
69.882,-0.2059,9.3640,2.0003
69.891,-0.2059,9.3640,2.0003
69.899,-0.1989,9.3640,2.0003
69.908,-0.1989,9.3640,2.0003
69.916,-0.1989,9.3640,2.0003
69.924,-0.1919,9.3640,2.0003
69.932,-0.1919,9.3640,2.0003
69.941,-0.1849,9.3640,2.0003
69.951,-0.1849,9.3640,2.0003
69.959,-0.1779,9.3640,2.0003
69.967,-0.1779,9.3640,2.0003
69.976,-0.1779,9.3640,2.0003
69.985,-0.1709,9.3640,2.0003
69.996,-0.1709,9.3640,2.0003
70.004,-0.1639,9.3640,2.0003
70.015,-0.1639,9.3640,2.0003
70.023,-0.1569,9.3640,2.0003
70.033,-0.1569,9.3640,2.0003
70.041,-0.1499,9.3640,2.0003
70.050,-0.1499,9.3640,2.0003
70.058,-0.1429,9.3640,2.0003
70.066,-0.1429,9.3640,2.0003
70.075,-0.1429,9.3640,2.0003
70.082,-0.1359,9.3640,2.0003
70.092,-0.1359,9.3640,2.0003
70.100,-0.1289,9.3640,2.0003
70.109,-0.1289,9.3640,2.0003
70.117,-0.1219,9.3640,2.0003
70.126,-0.1219,9.3640,2.0003
70.134,-0.1219,9.3640,2.0003
70.141,-0.1149,9.3640,2.0003
70.151,-0.1149,9.3640,2.0003
70.158,-0.1079,9.3640,2.0003
70.167,-0.1079,9.3640,2.0003
70.176,-0.1079,9.3640,2.0003
70.183,-0.1009,9.3640,2.0003
70.194,-0.1009,9.3640,2.0003
70.200,-0.0939,9.3640,2.0003
70.209,-0.0939,9.3640,2.0003
70.216,-0.0939,9.3640,2.0003
70.225,-0.0869,9.3640,2.0003
70.233,-0.0869,9.3640,2.0003
70.241,-0.0799,9.3640,2.0003
70.250,-0.0799,9.3640,2.0003
70.260,-0.0729,9.3640,2.0003
70.267,-0.0729,9.3640,2.0003
70.276,-0.0729,9.3640,2.0003
70.283,-0.0659,9.3640,2.0003
70.292,-0.0659,9.3640,2.0003
70.299,-0.0589,9.3640,2.0003
70.308,-0.0589,9.3640,2.0003
70.315,-0.0589,9.3640,2.0003
70.322,-0.0519,9.3640,2.0003
70.331,-0.0519,9.3640,2.0003
70.339,-0.0449,9.3640,2.0003
70.348,-0.0449,9.3640,2.0003
70.355,-0.0449,9.3640,2.0003
70.363,-0.0379,9.3640,2.0003
70.372,-0.0379,9.3640,2.0003
70.380,-0.0309,9.3640,2.0003
70.388,-0.0309,9.3640,2.0003
70.396,-0.0309,9.3640,2.0003
70.404,-0.0239,9.3640,2.0003
70.414,-0.0239,9.3640,2.0003
70.420,-0.0169,9.3640,2.0003
70.431,-0.0169,9.3640,2.0003
70.437,-0.0099,9.3640,2.0003
70.448,-0.0099,9.3640,2.0003
70.456,-0.0099,9.3640,2.0003
70.464,-0.0029,9.3640,2.0003
70.474,-0.0029,9.3640,2.0003
70.482,0.0041,9.3640,2.0003
70.491,0.0041,9.3640,2.0003
70.499,0.0111,9.3640,2.0003
70.507,0.0111,9.3640,2.0003
70.514,0.0111,9.3640,2.0003
70.524,0.0181,9.3640,2.0003
70.533,0.0181,9.3640,2.0003
70.542,0.0251,9.3640,2.0003
70.550,0.0251,9.3640,2.0003
70.557,0.0321,9.3640,2.0003
70.566,0.0321,9.3640,2.0003
70.573,0.0321,9.3640,2.0003
70.582,0.0391,9.3640,2.0003
70.591,0.0391,9.3640,2.0003
70.598,0.0461,9.3640,2.0003
70.607,0.0461,9.3640,2.0003
70.616,0.0461,9.3640,2.0003
70.624,0.0531,9.3640,2.0003
70.632,0.0531,9.3640,2.0003
70.640,0.0601,9.3640,2.0003
70.649,0.0601,9.3640,2.0003
70.657,0.0671,9.3640,2.0003
70.666,0.0671,9.3640,2.0003
70.674,0.0671,9.3640,2.0003
70.681,0.0741,9.3640,2.0003
70.691,0.0741,9.3640,2.0003
70.698,0.0811,9.3640,2.0003
70.708,0.0811,9.3640,2.0003
70.715,0.0811,9.3640,2.0003
70.723,0.0881,9.3640,2.0003
70.732,0.0881,9.3640,2.0003
70.740,0.0951,9.3640,2.0003
70.747,0.0951,9.3640,2.0003
70.755,0.0951,9.3640,2.0003
70.762,0.1021,9.3640,2.0003
70.773,0.1021,9.3640,2.0003
70.782,0.1091,9.3640,2.0003
70.792,0.1091,9.3640,2.0003
70.800,0.1161,9.3640,2.0003
70.808,0.1161,9.3640,2.0003
70.817,0.1231,9.3640,2.0003
70.827,0.1231,9.3640,2.0003
70.834,0.1231,9.3640,2.0003
70.842,0.1301,9.3640,2.0003
70.852,0.1301,9.3640,2.0003
70.860,0.1371,9.3640,2.0003
70.869,0.1371,9.3640,2.0003
70.878,0.1441,9.3640,2.0003
70.887,0.1441,9.3640,2.0003
70.896,0.1441,9.3640,2.0003
70.902,0.1511,9.3640,2.0003
70.914,0.1511,9.3640,2.0003
70.931,0.1581,9.3640,2.0003
70.941,0.1651,9.3640,2.0003
70.950,0.1651,9.3640,2.0003
70.960,0.1721,9.3640,2.0003
70.968,0.1721,9.3640,2.0003
70.977,0.1791,9.3640,2.0003
70.987,0.1791,9.3640,2.0003
70.995,0.1791,9.3640,2.0003
71.004,0.1861,9.3640,2.0003
71.016,0.1861,9.3640,2.0003
71.025,0.1931,9.3640,2.0003
71.034,0.1931,9.3640,2.0003
71.043,0.2001,9.3640,2.0003
71.052,0.2001,9.3640,2.0003
71.061,0.2071,9.3640,2.0003
71.070,0.2071,9.3640,2.0003
71.079,0.2141,9.3640,2.0003
71.088,0.2141,9.3640,2.0003
71.096,0.2141,9.3640,2.0003
71.103,0.2211,9.3640,2.0003
71.112,0.2211,9.3640,2.0003
71.119,0.2281,9.3640,2.0003
71.128,0.2281,9.3640,2.0003
71.134,0.2281,9.3640,2.0003
71.143,0.2351,9.3640,2.0003
71.151,0.2351,9.3640,2.0003
71.158,0.2421,9.3640,2.0003
71.167,0.2421,9.3640,2.0003
71.174,0.2421,9.3640,2.0003
71.182,0.2491,9.3640,2.0003
71.191,0.2491,9.3640,2.0003
71.200,0.2561,9.3640,2.0003
71.209,0.2561,9.3640,2.0003
71.218,0.2631,9.3640,2.0003
71.227,0.2631,9.3640,2.0003
71.235,0.2631,9.3640,2.0003
71.243,0.2701,9.3640,2.0003
71.252,0.2701,9.3640,2.0003
71.261,0.2771,9.3640,2.0003
71.270,0.2771,9.3640,2.0003
71.279,0.2841,9.3640,2.0003
71.288,0.2841,9.3640,2.0003
71.297,0.2911,9.3640,2.0003
71.308,0.2911,9.3640,2.0003
71.315,0.2911,9.3640,2.0003
71.323,0.2981,9.3640,2.0003
71.332,0.2981,9.3640,2.0003
71.341,0.3051,9.3640,2.0003
71.350,0.3051,9.3640,2.0003
71.359,0.3121,9.3640,2.0003
71.369,0.3121,9.3640,2.0003
71.377,0.3191,9.3640,2.0003
71.386,0.3191,9.3640,2.0003
71.395,0.3191,9.3640,2.0003
71.403,0.3261,9.3640,2.0003
71.414,0.3261,9.3640,2.0003
71.421,0.3331,9.3640,2.0003
71.431,0.3331,9.3640,2.0003
71.439,0.3401,9.3640,2.0003
71.449,0.3401,9.3640,2.0003
71.457,0.3401,9.3640,2.0003
71.465,0.3471,9.3640,2.0003
71.474,0.3471,9.3640,2.0003
71.481,0.3541,9.3640,2.0003
71.490,0.3541,9.3640,2.0003
71.497,0.3611,9.3640,2.0003
71.506,0.3611,9.3640,2.0003
71.513,0.3611,9.3640,2.0003
71.521,0.3681,9.3640,2.0003
71.529,0.3681,9.3640,2.0003
71.537,0.3681,9.3640,2.0003
71.544,0.3751,9.3640,2.0003
71.553,0.3751,9.3640,2.0003
71.560,0.3821,9.3640,2.0003
71.569,0.3821,9.3640,2.0003
71.577,0.3891,9.3640,2.0003
71.586,0.3891,9.3640,2.0003
71.593,0.3891,9.3640,2.0003
71.601,0.3961,9.3640,2.0003
71.609,0.3961,9.3640,2.0003
71.617,0.3961,9.3640,2.0003
71.624,0.4031,9.3640,2.0003
71.632,0.4031,9.3640,2.0003
71.639,0.4101,9.3640,2.0003
71.648,0.4101,9.3640,2.0003
71.655,0.4101,9.3640,2.0003
71.663,0.4171,9.3640,2.0003
71.673,0.4171,9.3640,2.0003
71.680,0.4241,9.3640,2.0003
71.688,0.4241,9.3640,2.0003
71.696,0.4241,9.3640,2.0003
71.703,0.4311,9.3640,2.0003
71.712,0.4311,9.3640,2.0003
71.720,0.4381,9.3640,2.0003
71.729,0.4381,9.3640,2.0003
71.736,0.4381,9.3640,2.0003
71.744,0.4451,9.3640,2.0003
71.752,0.4451,9.3640,2.0003
71.760,0.4521,9.3640,2.0003
71.767,0.4521,9.3640,2.0003
71.775,0.4521,9.3640,2.0003
71.783,0.4591,9.3640,2.0003
71.792,0.4591,9.3640,2.0003
71.799,0.4661,9.3640,2.0003
71.808,0.4661,9.3640,2.0003
71.816,0.4661,9.3640,2.0003
71.824,0.4731,9.3640,2.0003
71.832,0.4731,9.3640,2.0003
71.840,0.4801,9.3640,2.0003
71.849,0.4801,9.3640,2.0003
71.857,0.4801,9.3640,2.0003
71.864,0.4871,9.3640,2.0003
71.872,0.4871,9.3640,2.0003
71.880,0.4941,9.3640,2.0003
71.889,0.4941,9.3640,2.0003
71.896,0.4941,9.3640,2.0003
71.902,0.5011,9.3640,2.0003
71.912,0.5011,9.3640,2.0003
71.919,0.5081,9.3640,2.0003
71.928,0.5081,9.3640,2.0003
71.935,0.5081,9.3640,2.0003
71.943,0.5151,9.3640,2.0003
71.952,0.5151,9.3640,2.0003
71.959,0.5221,9.3640,2.0003
71.967,0.5221,9.3640,2.0003
71.974,0.5221,9.3640,2.0003
71.982,0.5291,9.3640,2.0003
71.991,0.5291,9.3640,2.0003
71.999,0.5361,9.3640,2.0003
72.008,0.5361,9.3640,2.0003
72.016,0.5361,9.3640,2.0003
72.023,0.5431,9.3640,2.0003
72.031,0.5431,9.3640,2.0003
72.038,0.5501,9.3640,2.0003
72.047,0.5501,9.3640,2.0003
72.054,0.5501,9.3640,2.0003
72.063,0.5571,9.3640,2.0003
72.071,0.5571,9.3640,2.0003
72.080,0.5641,9.3640,2.0003
72.089,0.5641,9.3640,2.0003
72.098,0.5711,9.3640,2.0003
72.106,0.5711,9.3640,2.0003
72.114,0.5711,9.3640,2.0003
72.122,0.5781,9.3640,2.0003
72.130,0.5781,9.3640,2.0003
72.137,0.5851,9.3640,2.0003
72.146,0.5851,9.3640,2.0003
72.155,0.5851,9.3640,2.0003
72.162,0.5921,9.3640,2.0003
72.171,0.5921,9.3640,2.0003
72.179,0.5991,9.3640,2.0003
72.189,0.5991,9.3640,2.0003
72.196,0.5991,9.3640,2.0003
72.203,0.6061,9.3640,2.0003
72.213,0.6061,9.3640,2.0003
72.220,0.6131,9.3640,2.0003
72.230,0.6131,9.3640,2.0003
72.238,0.6201,9.3640,2.0003
72.248,0.6201,9.3640,2.0003
72.255,0.6201,9.3640,2.0003
72.263,0.6271,9.3640,2.0003
72.272,0.6271,9.3640,2.0003
72.280,0.6341,9.3640,2.0003
72.290,0.6341,9.3640,2.0003
72.297,0.6411,9.3640,2.0003
72.308,0.6411,9.3640,2.0003
72.316,0.6411,9.3640,2.0003
72.324,0.6481,9.3640,2.0003
72.333,0.6481,9.3640,2.0003
72.342,0.6551,9.3640,2.0003
72.349,0.6551,9.3640,2.0003
72.356,0.6551,9.3640,2.0003
72.363,0.6621,9.3640,2.0003
72.371,0.6621,9.3640,2.0003
72.379,0.6691,9.3640,2.0003
72.387,0.6691,9.3640,2.0003
72.394,0.6691,9.3640,2.0003
72.402,0.6761,9.3640,2.0003
72.410,0.6761,9.3640,2.0003
72.418,0.6831,9.3640,2.0003
72.426,0.6831,9.3640,2.0003
72.433,0.6831,9.3640,2.0003
72.440,0.6901,9.3640,2.0003
72.451,0.6901,9.3640,2.0003
72.459,0.6971,9.3640,2.0003
72.466,0.6971,9.3640,2.0003
72.473,0.6971,9.3640,2.0003
72.482,0.7041,9.3640,2.0003
72.492,0.7041,9.3640,2.0003
72.499,0.7111,9.3640,2.0003
72.507,0.7111,9.3640,2.0003
72.515,0.7111,9.3640,2.0003
72.524,0.7181,9.3640,2.0003
72.532,0.7181,9.3640,2.0003
72.540,0.7251,9.3640,2.0003
72.549,0.7251,9.3640,2.0003
72.556,0.7251,9.3640,2.0003
72.564,0.7321,9.3640,2.0003
72.574,0.7321,9.3640,2.0003
72.582,0.7391,9.3640,2.0003
72.591,0.7391,9.3640,2.0003
72.599,0.7461,9.3640,2.0003
72.609,0.7461,9.3640,2.0003
72.617,0.7461,9.3640,2.0003
72.624,0.7531,9.3640,2.0003
72.633,0.7531,9.3640,2.0003
72.641,0.7601,9.3640,2.0003
72.650,0.7601,9.3640,2.0003
72.658,0.7671,9.3640,2.0003
72.668,0.7671,9.3640,2.0003
72.677,0.7741,9.3640,2.0003
72.686,0.7741,9.3640,2.0003
72.695,0.7741,9.3640,2.0003
72.702,0.7811,9.3640,2.0003
72.713,0.7811,9.3640,2.0003
72.720,0.7881,9.3640,2.0003
72.730,0.7881,9.3640,2.0003
72.738,0.7951,9.3640,2.0003
72.748,0.7951,9.3640,2.0003
72.756,0.7951,9.3640,2.0003
72.764,0.8021,9.3640,2.0003
72.775,0.8021,9.3640,2.0003
72.783,0.8091,9.3640,2.0003
72.793,0.8091,9.3640,2.0003
72.800,0.8161,9.3640,2.0003
72.809,0.8161,9.3640,2.0003
72.817,0.8231,9.3640,2.0003
72.826,0.8231,9.3640,2.0003
72.833,0.8231,9.3640,2.0003
72.840,0.8301,9.3640,2.0003
72.850,0.8301,9.3640,2.0003
72.856,0.8301,9.3640,2.0003
72.865,0.8371,9.3640,2.0003
72.873,0.8371,9.3640,2.0003
72.881,0.8441,9.3640,2.0003
72.889,0.8441,9.3640,2.0003
72.897,0.8511,9.3640,2.0003
72.906,0.8511,9.3640,2.0003
72.914,0.8511,9.3640,2.0003
72.921,0.8581,9.3640,2.0003
72.930,0.8581,9.3640,2.0003
72.936,0.8581,9.3640,2.0003
72.945,0.8651,9.3640,2.0003
72.952,0.8651,9.3640,2.0003
72.960,0.8721,9.3640,2.0003
72.967,0.8721,9.3640,2.0003
72.975,0.8721,9.3640,2.0003
72.982,0.8791,9.3640,2.0003
72.991,0.8791,9.3640,2.0003
72.999,0.8861,9.3640,2.0003
73.007,0.8861,9.3640,2.0003
73.014,0.8861,9.3640,2.0003
73.021,0.8931,9.3640,2.0003
73.029,0.8931,9.3640,2.0003
73.036,0.8931,9.3640,2.0003
73.043,0.9001,9.3640,2.0003
73.052,0.9001,9.3640,2.0003
73.059,0.9071,9.3640,2.0003
73.066,0.9071,9.3640,2.0003
73.074,0.9071,9.3640,2.0003
73.081,0.9141,9.3640,2.0003
73.090,0.9141,9.3640,2.0003
73.097,0.9211,9.3640,2.0003
73.105,0.9211,9.3640,2.0003
73.113,0.9211,9.3640,2.0003
73.121,0.9281,9.3640,2.0003
73.129,0.9281,9.3640,2.0003
73.134,0.9281,9.3640,2.0003
73.142,0.9351,9.3640,2.0003
73.150,0.9351,9.3640,2.0003
73.158,0.9421,9.3640,2.0003
73.165,0.9421,9.3640,2.0003
73.171,0.9421,9.3640,2.0003
73.179,0.9491,9.3640,2.0003
73.189,0.9491,9.3640,2.0003
73.205,0.9561,9.3640,2.0003
73.216,0.9561,9.3640,2.0003
73.223,0.9631,9.3640,2.0003
73.231,0.9631,9.3640,2.0003
73.239,0.9701,9.3640,2.0003
73.248,0.9701,9.3640,2.0003
73.255,0.9701,9.3640,2.0003
73.262,0.9771,9.3640,2.0003
73.273,0.9771,9.3640,2.0003
73.281,0.9841,9.3640,2.0003
73.289,0.9841,9.3640,2.0003
73.298,0.9911,9.3640,2.0003
73.307,0.9911,9.3640,2.0003
73.314,0.9911,9.3640,2.0003
73.321,0.9981,9.3640,2.0003
73.331,0.9981,9.3640,2.0003
73.337,1.0051,9.3640,2.0003
73.347,1.0051,9.3640,2.0003
73.353,1.0051,9.3640,2.0003
73.362,1.0121,9.3640,2.0003
73.370,1.0121,9.3640,2.0003
73.379,1.0191,9.3640,2.0003
73.389,1.0191,9.3640,2.0003
73.397,1.0261,9.3640,2.0003
73.407,1.0261,9.3640,2.0003
73.415,1.0261,9.3640,2.0003
73.425,1.0331,9.3640,2.0003
73.434,1.0331,9.3640,2.0003
73.443,1.0401,9.3640,2.0003
73.453,1.0401,9.3640,2.0003
73.461,1.0471,9.3640,2.0003
73.470,1.0471,9.3640,2.0003
73.478,1.0541,9.3640,2.0003
73.489,1.0541,9.3640,2.0003
73.497,1.0611,9.3640,2.0003
73.507,1.0611,9.3640,2.0003
73.515,1.0611,9.3640,2.0003
73.523,1.0681,9.3640,2.0003
73.531,1.0681,9.3640,2.0003
73.540,1.0751,9.3640,2.0003
73.549,1.0751,9.3640,2.0003
73.556,1.0751,9.3640,2.0003
73.565,1.0821,9.3640,2.0003
73.576,1.0821,9.3640,2.0003
73.584,1.0891,9.3640,2.0003
73.594,1.0891,9.3640,2.0003
73.602,1.0961,9.3640,2.0003
73.613,1.0961,9.3640,2.0003
73.620,1.1031,9.3640,2.0003
73.629,1.1031,9.3640,2.0003
73.637,1.1101,9.3640,2.0003
73.647,1.1101,9.3640,2.0003
73.655,1.1101,9.3640,2.0003
73.662,1.1171,9.3640,2.0003
73.670,1.1171,9.3640,2.0003
73.678,1.1241,9.3640,2.0003
73.686,1.1241,9.3640,2.0003
73.694,1.1241,9.3640,2.0003
73.701,1.1311,9.3640,2.0003
73.708,1.1311,9.3640,2.0003
73.715,1.1311,9.3640,2.0003
73.722,1.1381,9.3640,2.0003
73.732,1.1381,9.3640,2.0003
73.739,1.1451,9.3640,2.0003
73.747,1.1451,9.3640,2.0003
73.756,1.1451,9.3640,2.0003
73.764,1.1521,9.3640,2.0003
73.771,1.1521,9.3640,2.0003
73.781,1.1591,9.3640,2.0003
73.790,1.1591,9.3640,2.0003
73.800,1.1661,9.3640,2.0003
73.813,1.1661,9.3640,2.0003
73.823,1.1731,9.3640,2.0003
73.834,1.1731,9.3640,2.0003
73.843,1.1801,9.3640,2.0003
73.853,1.1801,9.3640,2.0003
73.862,1.1871,9.3640,2.0003
73.873,1.1871,9.3640,2.0003
73.881,1.1941,9.3640,2.0003
73.891,1.1941,9.3640,2.0003
73.898,1.2011,9.3640,2.0003
73.909,1.2011,9.3640,2.0003
73.917,1.2081,9.3640,2.0003
73.926,1.2081,9.3640,2.0003
73.935,1.2081,9.3640,2.0003
73.943,1.2151,9.3640,2.0003
73.953,1.2151,9.3640,2.0003
73.961,1.2221,9.3640,2.0003
73.970,1.2221,9.3640,2.0003
73.980,1.2291,9.3640,2.0003
73.989,1.2291,9.3640,2.0003
73.998,1.2361,9.3640,2.0003
74.007,1.2361,9.3640,2.0003
74.016,1.2361,9.3640,2.0003
74.023,1.2431,9.3640,2.0003
74.031,1.2431,9.3640,2.0003
74.038,1.2501,9.3640,2.0003
74.047,1.2501,9.3640,2.0003
74.056,1.2501,9.3640,2.0003
74.064,1.2571,9.3640,2.0003
74.072,1.2571,9.3640,2.0003
74.080,1.2641,9.3640,2.0003
74.090,1.2641,9.3640,2.0003
74.097,1.2711,9.3640,2.0003
74.106,1.2711,9.3640,2.0003
74.115,1.2711,9.3640,2.0003
74.122,1.2781,9.3640,2.0003
74.130,1.2781,9.3640,2.0003
74.138,1.2851,9.3640,2.0003
74.147,1.2851,9.3640,2.0003
74.154,1.2851,9.3640,2.0003
74.161,1.2921,9.3640,2.0003
74.169,1.2921,9.3640,2.0003
74.177,1.2991,9.3640,2.0003
74.185,1.2991,9.3640,2.0003
74.192,1.2991,9.3640,2.0003
74.200,1.3061,9.3640,2.0003
74.209,1.3061,9.3640,2.0003
74.216,1.3061,9.3640,2.0003
74.223,1.3131,9.3640,2.0003
74.233,1.3131,9.3640,2.0003
74.241,1.3201,9.3640,2.0003
74.248,1.3201,9.3640,2.0003
74.255,1.3201,9.3640,2.0003
74.262,1.3271,9.3640,2.0003
74.269,1.3271,9.3640,2.0003
74.278,1.3341,9.3640,2.0003
74.286,1.3341,9.3640,2.0003
74.293,1.3341,9.3640,2.0003
74.301,1.3411,9.3640,2.0003
74.309,1.3411,9.3640,2.0003
74.315,1.3411,9.3640,2.0003
74.323,1.3481,9.3640,2.0003
74.332,1.3481,9.3640,2.0003
74.339,1.3551,9.3640,2.0003
74.349,1.3551,9.3640,2.0003
74.356,1.3551,9.3640,2.0003
74.364,1.3621,9.3640,2.0003
74.371,1.3621,9.3640,2.0003
74.378,1.3691,9.3640,2.0003
74.387,1.3691,9.3640,2.0003
74.394,1.3691,9.3640,2.0003
74.401,1.3761,9.3640,2.0003
74.408,1.3761,9.3640,2.0003
74.417,1.3761,9.3640,2.0003
74.423,1.3831,9.3640,2.0003
74.431,1.3831,9.3640,2.0003
74.438,1.3901,9.3640,2.0003
74.447,1.3901,9.3640,2.0003
74.454,1.3901,9.3640,2.0003
74.461,1.3971,9.3640,2.0003
74.469,1.3971,9.3640,2.0003
74.477,1.4041,9.3640,2.0003
74.486,1.4041,9.3640,2.0003
74.493,1.4041,9.3640,2.0003
74.501,1.4111,9.3640,2.0003
74.510,1.4111,9.3640,2.0003
74.517,1.4181,9.3640,2.0003
74.526,1.4181,9.3640,2.0003
74.532,1.4181,9.3640,2.0003
74.541,1.4251,9.3640,2.0003
74.549,1.4251,9.3640,2.0003
74.556,1.4251,9.3640,2.0003
74.564,1.4321,9.3640,2.0003
74.573,1.4321,9.3640,2.0003
74.580,1.4391,9.3640,2.0003
74.588,1.4391,9.3640,2.0003
74.595,1.4391,9.3640,2.0003
74.603,1.4461,9.3640,2.0003
74.612,1.4461,9.3640,2.0003
74.620,1.4531,9.3640,2.0003
74.628,1.4531,9.3640,2.0003
74.636,1.4531,9.3640,2.0003
74.645,1.4601,9.3640,2.0003
74.653,1.4601,9.3640,2.0003
74.663,1.4671,9.3640,2.0003
74.673,1.4671,9.3640,2.0003
74.681,1.4741,9.3640,2.0003
74.692,1.4741,9.3640,2.0003
74.699,1.4811,9.3640,2.0003
74.710,1.4811,9.3640,2.0003
74.719,1.4881,9.3640,2.0003
74.729,1.4881,9.3640,2.0003
74.736,1.4881,9.3640,2.0003
74.746,1.4951,9.3640,2.0003
74.757,1.4951,9.3640,2.0003
74.766,1.5021,9.3640,2.0003
74.783,1.5091,9.3640,2.0003
74.798,1.5161,9.3640,2.0003
74.818,1.5231,9.3640,2.0003
74.837,1.5301,9.3640,2.0003
74.859,1.5371,9.3640,2.0003
74.874,1.5371,9.3640,2.0003
74.885,1.5441,9.3640,2.0003
74.897,1.5511,9.3640,2.0003
74.910,1.5511,9.3640,2.0003
74.920,1.5581,9.3640,2.0003
74.932,1.5581,9.3640,2.0003
74.942,1.5651,9.3640,2.0003
74.953,1.5651,9.3640,2.0003
74.963,1.5721,9.3640,2.0003
74.972,1.5721,9.3640,2.0003
74.982,1.5791,9.3640,2.0003
74.995,1.5791,9.3640,2.0003
75.007,1.5861,9.3640,2.0003
75.020,1.5931,9.3640,2.0003
75.032,1.5931,9.3640,2.0003
75.043,1.6001,9.3640,2.0003
75.057,1.6001,9.3640,2.0003
75.068,1.6071,9.3640,2.0003
75.082,1.6141,9.3640,2.0003
75.094,1.6141,9.3640,2.0003
75.105,1.6211,9.3640,2.0003
75.119,1.6281,9.3640,2.0003
75.130,1.6281,9.3640,2.0003
75.140,1.6351,9.3640,2.0003
75.151,1.6351,9.3640,2.0003
75.160,1.6421,9.3640,2.0003
75.169,1.6421,9.3640,2.0003
75.180,1.6491,9.3640,2.0003
75.191,1.6491,9.3640,2.0003
75.199,1.6561,9.3640,2.0003
75.210,1.6561,9.3640,2.0003
75.219,1.6631,9.3640,2.0003
75.229,1.6631,9.3640,2.0003
75.240,1.6701,9.3640,2.0003
75.251,1.6701,9.3640,2.0003
75.260,1.6771,9.3640,2.0003
75.272,1.6771,9.3640,2.0003
75.282,1.6841,9.3640,2.0003
75.293,1.6841,9.3640,2.0003
75.302,1.6911,9.3640,2.0003
75.313,1.6911,9.3640,2.0003
75.321,1.6981,9.3640,2.0003
75.331,1.6981,9.3640,2.0003
75.338,1.7051,9.3640,2.0003
75.348,1.7051,9.3640,2.0003
75.356,1.7051,9.3640,2.0003
75.364,1.7121,9.3640,2.0003
75.371,1.7121,9.3640,2.0003
75.381,1.7191,9.3640,2.0003
75.390,1.7191,9.3640,2.0003
75.398,1.7261,9.3640,2.0003
75.406,1.7261,9.3640,2.0003
75.414,1.7261,9.3640,2.0003
75.422,1.7331,9.3640,2.0003
75.431,1.7331,9.3640,2.0003
75.439,1.7401,9.3640,2.0003
75.449,1.7401,9.3640,2.0003
75.457,1.7401,9.3640,2.0003
75.464,1.7471,9.3640,2.0003
75.474,1.7471,9.3640,2.0003
75.481,1.7541,9.3640,2.0003
75.491,1.7541,9.3640,2.0003
75.498,1.7611,9.3640,2.0003
75.508,1.7611,9.3640,2.0003
75.515,1.7611,9.3640,2.0003
75.524,1.7681,9.3640,2.0003
75.532,1.7681,9.3640,2.0003
75.541,1.7751,9.3640,2.0003
75.549,1.7751,9.3640,2.0003
75.557,1.7821,9.3640,2.0003
75.565,1.7821,9.3640,2.0003
75.573,1.7821,9.3640,2.0003
75.580,1.7891,9.3640,2.0003
75.589,1.7891,9.3640,2.0003
75.596,1.7891,9.3640,2.0003
75.604,1.7961,9.3640,2.0003
75.613,1.7961,9.3640,2.0003
75.621,1.8031,9.3640,2.0003
75.630,1.8031,9.3640,2.0003
75.637,1.8101,9.3640,2.0003
75.646,1.8101,9.3640,2.0003
75.653,1.8101,9.3640,2.0003
75.661,1.8171,9.3640,2.0003
75.678,1.8241,9.3640,2.0003
75.687,1.8241,9.3640,2.0003
75.694,1.8241,9.3640,2.0003
75.700,1.8311,9.3640,2.0003
75.709,1.8311,9.3640,2.0003
75.716,1.8311,9.3640,2.0003
75.724,1.8381,9.3640,2.0003
75.732,1.8381,9.3640,2.0003
75.739,1.8451,9.3640,2.0003
75.747,1.8451,9.3640,2.0003
75.755,1.8451,9.3640,2.0003
75.762,1.8521,9.3640,2.0003
75.769,1.8521,9.3640,2.0003
75.776,1.8521,9.3640,2.0003
75.783,1.8591,9.3640,2.0003
75.792,1.8591,9.3640,2.0003
75.798,1.8661,9.3640,2.0003
75.807,1.8661,9.3640,2.0003
75.815,1.8661,9.3640,2.0003
75.822,1.8731,9.3640,2.0003
75.830,1.8731,9.3640,2.0003
75.838,1.8801,9.3640,2.0003
75.847,1.8801,9.3640,2.0003
75.854,1.8801,9.3640,2.0003
75.861,1.8871,9.3640,2.0003
75.871,1.8871,9.3640,2.0003
75.878,1.8941,9.3640,2.0003
75.884,1.8941,9.3640,2.0003
75.892,1.8941,9.3640,2.0003
75.900,1.9011,9.3640,2.0003
75.907,1.9011,9.3640,2.0003
75.915,1.9011,9.3640,2.0003
75.923,1.9081,9.3640,2.0003
75.932,1.9081,9.3640,2.0003
75.939,1.9151,9.3640,2.0003
75.948,1.9151,9.3640,2.0003
75.955,1.9151,9.3640,2.0003
75.964,1.9221,9.3640,2.0003
75.971,1.9221,9.3640,2.0003
75.980,1.9291,9.3640,2.0003
75.989,1.9291,9.3640,2.0003
75.998,1.9361,9.3640,2.0003
76.008,1.9361,9.3640,2.0003
76.017,1.9431,9.3640,2.0003
76.026,1.9431,9.3640,2.0003
76.034,1.9431,9.3640,2.0003
76.043,1.9501,9.3640,2.0003
76.053,1.9501,9.3640,2.0003
76.062,1.9571,9.3640,2.0003
76.070,1.9571,9.3640,2.0003
76.080,1.9641,9.3640,2.0003
76.089,1.9641,9.3640,2.0003
76.097,1.9641,9.3640,2.0003
76.105,1.9711,9.3640,2.0003
76.116,1.9711,9.3640,2.0003
76.125,1.9781,9.3640,2.0003
76.134,1.9781,9.3640,2.0003
76.144,1.9851,9.3640,2.0003
76.153,1.9851,9.3640,2.0003
76.163,1.9921,9.3640,2.0003
76.172,1.9921,9.3640,2.0003
76.181,1.9991,9.3640,2.0003
76.192,1.9991,9.3640,2.0003
76.201,2.0061,9.3640,2.0003
76.214,2.0061,9.3640,2.0003
76.222,2.0131,9.3640,2.0003
76.231,2.0131,9.3640,2.0003
76.238,2.0201,9.3640,2.0003
76.248,2.0201,9.3640,2.0003
76.256,2.0201,9.3640,2.0003
76.264,2.0271,9.3640,2.0003
76.273,2.0271,9.3640,2.0003
76.281,2.0341,9.3640,2.0003
76.292,2.0341,9.3640,2.0003
76.301,2.0411,9.3640,2.0003
76.312,2.0411,9.3640,2.0003
76.327,2.0481,9.3640,2.0003
76.340,2.0551,9.3640,2.0003
76.354,2.0551,9.3640,2.0003
76.366,2.0621,9.3640,2.0003
76.377,2.0691,9.3640,2.0003
76.389,2.0691,9.3640,2.0003
76.400,2.0761,9.3640,2.0003
76.408,2.0761,9.3640,2.0003
76.418,2.0831,9.3640,2.0003
76.427,2.0831,9.3640,2.0003
76.434,2.0831,9.3640,2.0003
76.444,2.0901,9.3640,2.0003
76.452,2.0901,9.3640,2.0003
76.461,2.0971,9.3640,2.0003
76.469,2.0971,9.3640,2.0003
76.478,2.1041,9.3640,2.0003
76.486,2.1041,9.3640,2.0003
76.494,2.1041,9.3640,2.0003
76.502,2.1111,9.3640,2.0003
76.512,2.1111,9.3640,2.0003
76.520,2.1181,9.3640,2.0003
76.529,2.1181,9.3640,2.0003
76.537,2.1251,9.3640,2.0003
76.546,2.1251,9.3640,2.0003
76.554,2.1251,9.3640,2.0003
76.562,2.1321,9.3640,2.0003
76.572,2.1321,9.3640,2.0003
76.581,2.1391,9.3640,2.0003
76.590,2.1391,9.3640,2.0003
76.599,2.1461,9.3640,2.0003
76.608,2.1461,9.3640,2.0003
76.616,2.1461,9.3640,2.0003
76.625,2.1531,9.3640,2.0003
76.634,2.1531,9.3640,2.0003
76.643,2.1601,9.3640,2.0003
76.652,2.1601,9.3640,2.0003
76.661,2.1671,9.3640,2.0003
76.668,2.1671,9.3640,2.0003
76.677,2.1741,9.3640,2.0003
76.687,2.1741,9.3640,2.0003
76.694,2.1741,9.3640,2.0003
76.700,2.1811,9.3640,2.0003
76.709,2.1811,9.3640,2.0003
76.717,2.1811,9.3640,2.0003
76.724,2.1881,9.3640,2.0003
76.732,2.1881,9.3640,2.0003
76.740,2.1951,9.3640,2.0003
76.748,2.1951,9.3640,2.0003
76.756,2.1951,9.3640,2.0003
76.762,2.2021,9.3640,2.0003
76.771,2.2021,9.3640,2.0003
76.779,2.2091,9.3640,2.0003
76.787,2.2091,9.3640,2.0003
76.794,2.2091,9.3640,2.0003
76.802,2.2161,9.3640,2.0003
76.812,2.2161,9.3640,2.0003
76.819,2.2231,9.3640,2.0003
76.827,2.2231,9.3640,2.0003
76.834,2.2231,9.3640,2.0003
76.842,2.2301,9.3640,2.0003
76.850,2.2301,9.3640,2.0003
76.857,2.2301,9.3640,2.0003
76.864,2.2371,9.3640,2.0003
76.872,2.2371,9.3640,2.0003
76.880,2.2441,9.3640,2.0003
76.888,2.2441,9.3640,2.0003
76.895,2.2441,9.3640,2.0003
76.901,2.2511,9.3640,2.0003
76.910,2.2511,9.3640,2.0003
76.918,2.2581,9.3640,2.0003
76.927,2.2581,9.3640,2.0003
76.933,2.2581,9.3640,2.0003
76.940,2.2651,9.3640,2.0003
76.949,2.2651,9.3640,2.0003
76.957,2.2721,9.3640,2.0003
76.965,2.2721,9.3640,2.0003
76.973,2.2721,9.3640,2.0003
76.980,2.2791,9.3640,2.0003
76.990,2.2791,9.3640,2.0003
76.997,2.2791,9.3640,2.0003
77.003,2.2861,9.3640,2.0003
77.015,2.2861,9.3640,2.0003
77.024,2.2931,9.3640,2.0003
77.035,2.2931,9.3640,2.0003
77.045,2.3001,9.3640,2.0003
77.055,2.3001,9.3640,2.0003
77.063,2.3071,9.3640,2.0003
77.073,2.3071,9.3640,2.0003
77.082,2.3141,9.3640,2.0003
77.092,2.3141,9.3640,2.0003
77.099,2.3211,9.3640,2.0003
77.113,2.3211,9.3640,2.0003
77.120,2.3281,9.3640,2.0003
77.129,2.3281,9.3640,2.0003
77.137,2.3351,9.3640,2.0003
77.148,2.3351,9.3640,2.0003
77.157,2.3351,9.3640,2.0003
77.165,2.3421,9.3640,2.0003
77.175,2.3421,9.3640,2.0003
77.182,2.3491,9.3640,2.0003
77.192,2.3491,9.3640,2.0003
77.198,2.3561,9.3640,2.0003
77.207,2.3561,9.3640,2.0003
77.214,2.3561,9.3640,2.0003
77.222,2.3631,9.3640,2.0003
77.231,2.3631,9.3640,2.0003
77.238,2.3701,9.3640,2.0003
77.246,2.3701,9.3640,2.0003
77.253,2.3701,9.3640,2.0003
77.261,2.3771,9.3640,2.0003
77.269,2.3771,9.3640,2.0003
77.277,2.3841,9.3640,2.0003
77.286,2.3841,9.3640,2.0003
77.294,2.3841,9.3640,2.0003
77.301,2.3911,9.3640,2.0003
77.311,2.3911,9.3640,2.0003
77.318,2.3981,9.3640,2.0003
77.327,2.3981,9.3640,2.0003
77.334,2.3981,9.3640,2.0003
77.342,2.4051,9.3640,2.0003
77.350,2.4051,9.3640,2.0003
77.359,2.4121,9.3640,2.0003
77.366,2.4121,9.3640,2.0003
77.374,2.4121,9.3640,2.0003
77.382,2.4191,9.3640,2.0003
77.391,2.4191,9.3640,2.0003
77.398,2.4261,9.3640,2.0003
77.408,2.4261,9.3640,2.0003
77.416,2.4261,9.3640,2.0003
77.424,2.4331,9.3640,2.0003
77.432,2.4331,9.3640,2.0003
77.441,2.4401,9.3640,2.0003
77.450,2.4401,9.3640,2.0003
77.457,2.4401,9.3640,2.0003
77.464,2.4471,9.3640,2.0003
77.472,2.4471,9.3640,2.0003
77.479,2.4541,9.3640,2.0003
77.486,2.4541,9.3640,2.0003
77.493,2.4541,9.3640,2.0003
77.500,2.4611,9.3640,2.0003
77.508,2.4611,9.3640,2.0003
77.516,2.4611,9.3640,2.0003
77.524,2.4681,9.3640,2.0003
77.533,2.4681,9.3640,2.0003
77.540,2.4751,9.3640,2.0003
77.547,2.4751,9.3640,2.0003
77.554,2.4751,9.3640,2.0003
77.561,2.4821,9.3640,2.0003
77.569,2.4821,9.3640,2.0003
77.576,2.4821,9.3640,2.0003
77.584,2.4891,9.3640,2.0003
77.593,2.4891,9.3640,2.0003
77.601,2.4961,9.3640,2.0003
77.610,2.4961,9.3640,2.0003
77.619,2.5031,9.3640,2.0003
77.628,2.5031,9.3640,2.0003
77.636,2.5031,9.3640,2.0003
77.644,2.5101,9.3640,2.0003
77.654,2.5101,9.3640,2.0003
77.662,2.5171,9.3640,2.0003
77.670,2.5171,9.3640,2.0003
77.680,2.5241,9.3640,2.0003
77.688,2.5241,9.3640,2.0003
77.696,2.5241,9.3640,2.0003
77.703,2.5311,9.3640,2.0003
77.714,2.5311,9.3640,2.0003
77.721,2.5381,9.3640,2.0003
77.731,2.5381,9.3640,2.0003
77.738,2.5451,9.3640,2.0003
77.748,2.5451,9.3640,2.0003
77.755,2.5451,9.3640,2.0003
77.763,2.5521,9.3640,2.0003
77.773,2.5521,9.3640,2.0003
77.780,2.5591,9.3640,2.0003
77.788,2.5591,9.3640,2.0003
77.796,2.5591,9.3640,2.0003
77.804,2.5661,9.3640,2.0003
77.814,2.5661,9.3640,2.0003
77.823,2.5731,9.3640,2.0003
77.832,2.5731,9.3640,2.0003
77.841,2.5801,9.3640,2.0003
77.849,2.5801,9.3640,2.0003
77.857,2.5801,9.3640,2.0003
77.865,2.5871,9.3640,2.0003
77.874,2.5871,9.3640,2.0003
77.881,2.5941,9.3640,2.0003
77.890,2.5941,9.3640,2.0003
77.898,2.6011,9.3640,2.0003
77.906,2.6011,9.3640,2.0003
77.914,2.6011,9.3640,2.0003
77.921,2.6081,9.3640,2.0003
77.930,2.6081,9.3640,2.0003
77.937,2.6081,9.3640,2.0003
77.945,2.6151,9.3640,2.0003
77.953,2.6151,9.3640,2.0003
77.960,2.6221,9.3640,2.0003
77.968,2.6221,9.3640,2.0003
77.976,2.6221,9.3640,2.0003
77.983,2.6291,9.3640,2.0003
77.992,2.6291,9.3640,2.0003
77.999,2.6361,9.3640,2.0003
78.010,2.6361,9.3640,2.0003
78.024,2.6431,9.3640,2.0003
78.036,2.6431,9.3640,2.0003
78.049,2.6501,9.3640,2.0003
78.060,2.6571,9.3640,2.0003
78.068,2.6571,9.3640,2.0003
78.076,2.6571,9.3640,2.0003
78.084,2.6641,9.3640,2.0003
78.093,2.6641,9.3640,2.0003
78.100,2.6711,9.3640,2.0003
78.110,2.6711,9.3640,2.0003
78.118,2.6781,9.3640,2.0003
78.127,2.6781,9.3640,2.0003
78.135,2.6781,9.3640,2.0003
78.143,2.6851,9.3640,2.0003
78.153,2.6851,9.3640,2.0003
78.160,2.6921,9.3640,2.0003
78.170,2.6921,9.3640,2.0003
78.179,2.6991,9.3640,2.0003
78.188,2.6991,9.3640,2.0003
78.196,2.6991,9.3640,2.0003
78.203,2.7061,9.3640,2.0003
78.213,2.7061,9.3640,2.0003
78.219,2.7131,9.3640,2.0003
78.229,2.7131,9.3640,2.0003
78.235,2.7131,9.3640,2.0003
78.244,2.7201,9.3640,2.0003
78.252,2.7201,9.3640,2.0003
78.260,2.7271,9.3640,2.0003
78.267,2.7271,9.3640,2.0003
78.276,2.7271,9.3640,2.0003
78.283,2.7341,9.3640,2.0003
78.293,2.7341,9.3640,2.0003
78.299,2.7411,9.3640,2.0003
78.309,2.7411,9.3640,2.0003
78.317,2.7411,9.3640,2.0003
78.325,2.7481,9.3640,2.0003
78.333,2.7481,9.3640,2.0003
78.341,2.7551,9.3640,2.0003
78.350,2.7551,9.3640,2.0003
78.358,2.7621,9.3640,2.0003
78.367,2.7621,9.3640,2.0003
78.375,2.7621,9.3640,2.0003
78.383,2.7691,9.3640,2.0003
78.392,2.7691,9.3640,2.0003
78.400,2.7761,9.3640,2.0003
78.410,2.7761,9.3640,2.0003
78.418,2.7831,9.3640,2.0003
78.427,2.7831,9.3640,2.0003
78.434,2.7831,9.3640,2.0003
78.442,2.7901,9.3640,2.0003
78.452,2.7901,9.3640,2.0003
78.460,2.7971,9.3640,2.0003
78.468,2.7971,9.3640,2.0003
78.476,2.7971,9.3640,2.0003
78.483,2.8041,9.3640,2.0003
78.494,2.8041,9.3640,2.0003
78.501,2.8111,9.3640,2.0003
78.511,2.8111,9.3640,2.0003
78.518,2.8181,9.3640,2.0003
78.530,2.8181,9.3640,2.0003
78.538,2.8251,9.3640,2.0003
78.548,2.8251,9.3640,2.0003
78.557,2.8251,9.3640,2.0003
78.564,2.8321,9.3640,2.0003
78.575,2.8321,9.3640,2.0003
78.582,2.8391,9.3640,2.0003
78.593,2.8391,9.3640,2.0003
78.601,2.8461,9.3640,2.0003
78.610,2.8461,9.3640,2.0003
78.619,2.8531,9.3640,2.0003
78.629,2.8531,9.3640,2.0003
78.637,2.8601,9.3640,2.0003
78.647,2.8601,9.3640,2.0003
78.655,2.8601,9.3640,2.0003
78.663,2.8671,9.3640,2.0003
78.672,2.8671,9.3640,2.0003
78.680,2.8741,9.3640,2.0003
78.690,2.8741,9.3640,2.0003
78.697,2.8811,9.3640,2.0003
78.706,2.8811,9.3640,2.0003
78.715,2.8811,9.3640,2.0003
78.723,2.8881,9.3640,2.0003
78.733,2.8881,9.3640,2.0003
78.740,2.8951,9.3640,2.0003
78.750,2.8951,9.3640,2.0003
78.757,2.9021,9.3640,2.0003
78.765,2.9021,9.3640,2.0003
78.773,2.9021,9.3640,2.0003
78.781,2.9091,9.3640,2.0003
78.791,2.9091,9.3640,2.0003
78.799,2.9161,9.3640,2.0003
78.807,2.9161,9.3640,2.0003
78.814,2.9161,9.3640,2.0003
78.822,2.9231,9.3640,2.0003
78.832,2.9231,9.3640,2.0003
78.839,2.9301,9.3640,2.0003
78.849,2.9301,9.3640,2.0003
78.856,2.9301,9.3640,2.0003
78.864,2.9371,9.3640,2.0003
78.870,2.9371,9.3640,2.0003
78.879,2.9441,9.3640,2.0003
78.888,2.9441,9.3640,2.0003
78.896,2.9441,9.3640,2.0003
78.903,2.9511,9.3640,2.0003
78.913,2.9511,9.3640,2.0003
78.921,2.9581,9.3640,2.0003
78.930,2.9581,9.3640,2.0003
78.937,2.9651,9.3640,2.0003
78.949,2.9651,9.3640,2.0003
78.958,2.9721,9.3640,2.0003
78.966,2.9721,9.3640,2.0003
78.976,2.9721,9.3640,2.0003
78.984,2.9791,9.3640,2.0003
78.994,2.9791,9.3640,2.0003
79.001,2.9861,9.3640,2.0003
79.014,2.9861,9.3640,2.0003
79.024,2.9931,9.3640,2.0003
79.034,2.9931,9.3640,2.0003
79.043,3.0001,9.3640,2.0003
79.052,3.0001,9.3640,2.0003
79.060,3.0071,9.3640,2.0003
79.069,3.0071,9.3640,2.0003
79.077,3.0141,9.3640,2.0003
79.085,3.0141,9.3640,2.0003
79.092,3.0141,9.3640,2.0003
79.101,3.0211,9.3640,2.0003
79.111,3.0211,9.3640,2.0003
79.119,3.0281,9.3640,2.0003
79.129,3.0281,9.3640,2.0003
79.137,3.0351,9.3640,2.0003
79.147,3.0351,9.3640,2.0003
79.154,3.0351,9.3640,2.0003
79.162,3.0421,9.3640,2.0003
79.169,3.0421,9.3640,2.0003
79.177,3.0421,9.3640,2.0003
79.183,3.0491,9.3640,2.0003
79.192,3.0491,9.3640,2.0003
79.199,3.0561,9.3640,2.0003
79.208,3.0561,9.3640,2.0003
79.215,3.0561,9.3640,2.0003
79.222,3.0631,9.3640,2.0003
79.230,3.0631,9.3640,2.0003
79.237,3.0701,9.3640,2.0003
79.245,3.0701,9.3640,2.0003
79.253,3.0701,9.3640,2.0003
79.260,3.0771,9.3640,2.0003
79.268,3.0771,9.3640,2.0003
79.275,3.0771,9.3640,2.0003
79.283,3.0841,9.3640,2.0003
79.291,3.0841,9.3640,2.0003
79.297,3.0911,9.3640,2.0003
79.306,3.0911,9.3640,2.0003
79.315,3.0911,9.3640,2.0003
79.322,3.0981,9.3640,2.0003
79.331,3.0981,9.3640,2.0003
79.339,3.1051,9.3640,2.0003
79.349,3.1051,9.3640,2.0003
79.356,3.1051,9.3640,2.0003
79.364,3.1121,9.3640,2.0003
79.373,3.1121,9.3640,2.0003
79.382,3.1191,9.3640,2.0003
79.390,3.1191,9.3640,2.0003
79.398,3.1261,9.3640,2.0003
79.407,3.1261,9.3640,2.0003
79.415,3.1261,9.3640,2.0003
79.422,3.1331,9.3640,2.0003
79.431,3.1331,9.3640,2.0003
79.439,3.1401,9.3640,2.0003
79.447,3.1401,9.3640,2.0003
79.455,3.1401,9.3640,2.0003
79.463,3.1471,9.3640,2.0003
79.473,3.1471,9.3640,2.0003
79.480,3.1541,9.3640,2.0003
79.489,3.1541,9.3640,2.0003
79.497,3.1541,9.3640,2.0003
79.504,3.1611,9.3640,2.0003
79.513,3.1611,9.3640,2.0003
79.521,3.1681,9.3640,2.0003
79.530,3.1681,9.3640,2.0003
79.538,3.1751,9.3640,2.0003
79.548,3.1751,9.3640,2.0003
79.556,3.1751,9.3640,2.0003
79.564,3.1821,9.3640,2.0003
79.571,3.1821,9.3640,2.0003
79.579,3.1891,9.3640,2.0003
79.587,3.1891,9.3640,2.0003
79.593,3.1891,9.3640,2.0003
79.601,3.1961,9.3640,2.0003
79.609,3.1961,9.3640,2.0003
79.617,3.2031,9.3640,2.0003
79.626,3.2031,9.3640,2.0003
79.634,3.2031,9.3640,2.0003
79.642,3.2101,9.3640,2.0003
79.651,3.2101,9.3640,2.0003
79.658,3.2171,9.3640,2.0003
79.666,3.2171,9.3640,2.0003
79.674,3.2171,9.3640,2.0003
79.682,3.2241,9.3640,2.0003
79.690,3.2241,9.3640,2.0003
79.697,3.2311,9.3640,2.0003
79.705,3.2311,9.3640,2.0003
79.714,3.2311,9.3640,2.0003
79.720,3.2381,9.3640,2.0003
79.729,3.2381,9.3640,2.0003
79.737,3.2451,9.3640,2.0003
79.747,3.2451,9.3640,2.0003
79.754,3.2451,9.3640,2.0003
79.763,3.2521,9.3640,2.0003
79.772,3.2521,9.3640,2.0003
79.780,3.2591,9.3640,2.0003
79.789,3.2591,9.3640,2.0003
79.798,3.2661,9.3640,2.0003
79.807,3.2661,9.3640,2.0003
79.814,3.2661,9.3640,2.0003
79.824,3.2731,9.3640,2.0003
79.832,3.2731,9.3640,2.0003
79.841,3.2801,9.3640,2.0003
79.850,3.2801,9.3640,2.0003
79.859,3.2871,9.3640,2.0003
79.868,3.2871,9.3640,2.0003
79.876,3.2871,9.3640,2.0003
79.886,3.2941,9.3640,2.0003
79.896,3.2941,9.3640,2.0003
79.904,3.3011,9.3640,2.0003
79.915,3.3011,9.3640,2.0003
79.922,3.3081,9.3640,2.0003
79.931,3.3081,9.3640,2.0003
79.939,3.3151,9.3640,2.0003
79.948,3.3151,9.3640,2.0003
79.956,3.3151,9.3640,2.0003
79.964,3.3221,9.3640,2.0003
79.973,3.3221,9.3640,2.0003
79.983,3.3291,9.3640,2.0003
79.992,3.3291,9.3640,2.0003
80.000,3.3361,9.3640,2.0003
80.008,3.3361,9.3640,2.0003
80.016,3.3361,9.3640,2.0003
80.024,3.3431,9.3640,2.0003
80.032,3.3431,9.3640,2.0003
80.039,3.3501,9.3640,2.0003
80.048,3.3501,9.3640,2.0003
80.055,3.3501,9.3640,2.0003
80.063,3.3571,9.3640,2.0003
80.072,3.3571,9.3640,2.0003
80.080,3.3641,9.3640,2.0003
80.088,3.3641,9.3640,2.0003
80.095,3.3641,9.3640,2.0003
80.102,3.3711,9.3640,2.0003
80.111,3.3711,9.3640,2.0003
80.118,3.3781,9.3640,2.0003
80.126,3.3781,9.3640,2.0003
80.133,3.3781,9.3640,2.0003
80.140,3.3851,9.3640,2.0003
80.149,3.3851,9.3640,2.0003
80.157,3.3921,9.3640,2.0003
80.165,3.3921,9.3640,2.0003
80.171,3.3921,9.3640,2.0003
80.180,3.3991,9.3640,2.0003
80.188,3.3991,9.3640,2.0003
80.196,3.3991,9.3640,2.0003
80.202,3.4061,9.3640,2.0003
80.212,3.4061,9.3640,2.0003
80.219,3.4131,9.3640,2.0003
80.228,3.4131,9.3640,2.0003
80.234,3.4131,9.3640,2.0003
80.242,3.4201,9.3640,2.0003
80.250,3.4201,9.3640,2.0003
80.257,3.4271,9.3640,2.0003
80.265,3.4271,9.3640,2.0003
80.273,3.4271,9.3640,2.0003
80.280,3.4341,9.3640,2.0003
80.290,3.4341,9.3640,2.0003
80.296,3.4341,9.3640,2.0003
80.303,3.4411,9.3640,2.0003
80.313,3.4411,9.3640,2.0003
80.321,3.4481,9.3640,2.0003
80.330,3.4481,9.3640,2.0003
80.338,3.4551,9.3640,2.0003
80.348,3.4551,9.3640,2.0003
80.356,3.4551,9.3640,2.0003
80.362,3.4621,9.3640,2.0003
80.371,3.4621,9.3640,2.0003
80.382,3.4691,9.3640,2.0003
80.397,3.4761,9.3640,2.0003
80.407,3.4761,9.3640,2.0003
80.414,3.4761,9.3640,2.0003
80.421,3.4831,9.3640,2.0003
80.429,3.4831,9.3640,2.0003
80.436,3.4831,9.3640,2.0003
80.444,3.4901,9.3640,2.0003
80.452,3.4901,9.3640,2.0003
80.459,3.4971,9.3640,2.0003
80.467,3.4971,9.3640,2.0003
80.473,3.4971,9.3640,2.0003
80.481,3.5041,9.3640,2.0003
80.489,3.5041,9.3640,2.0003
80.497,3.5111,9.3640,2.0003
80.505,3.5111,9.3640,2.0003
80.513,3.5111,9.3640,2.0003
80.520,3.5181,9.3640,2.0003
80.529,3.5181,9.3640,2.0003
80.535,3.5181,9.3640,2.0003
80.543,3.5251,9.3640,2.0003
80.551,3.5251,9.3640,2.0003
80.560,3.5321,9.3640,2.0003
80.566,3.5321,9.3640,2.0003
80.574,3.5321,9.3640,2.0003
80.582,3.5391,9.3640,2.0003
80.590,3.5391,9.3640,2.0003
80.597,3.5461,9.3640,2.0003
80.607,3.5461,9.3640,2.0003
80.615,3.5461,9.3640,2.0003
80.622,3.5531,9.3640,2.0003
80.630,3.5531,9.3640,2.0003
80.638,3.5601,9.3640,2.0003
80.648,3.5601,9.3640,2.0003
80.656,3.5601,9.3640,2.0003
80.663,3.5671,9.3640,2.0003
80.672,3.5671,9.3640,2.0003
80.679,3.5741,9.3640,2.0003
80.687,3.5741,9.3640,2.0003
80.694,3.5741,9.3640,2.0003
80.701,3.5811,9.3640,2.0003
80.709,3.5811,9.3640,2.0003
80.716,3.5811,9.3640,2.0003
80.724,3.5881,9.3640,2.0003
80.734,3.5881,9.3640,2.0003
80.741,3.5951,9.3640,2.0003
80.750,3.5951,9.3640,2.0003
80.757,3.5951,9.3640,2.0003
80.764,3.6021,9.3640,2.0003
80.772,3.6021,9.3640,2.0003
80.779,3.6091,9.3640,2.0003
80.788,3.6091,9.3640,2.0003
80.797,3.6161,9.3640,2.0003
80.806,3.6161,9.3640,2.0003
80.814,3.6161,9.3640,2.0003
80.823,3.6231,9.3640,2.0003
80.832,3.6231,9.3640,2.0003
80.841,3.6301,9.3640,2.0003
80.850,3.6301,9.3640,2.0003
80.858,3.6371,9.3640,2.0003
80.866,3.6371,9.3640,2.0003
80.874,3.6371,9.3640,2.0003
80.882,3.6441,9.3640,2.0003
80.892,3.6441,9.3640,2.0003
80.899,3.6511,9.3640,2.0003
80.907,3.6511,9.3640,2.0003
80.916,3.6511,9.3640,2.0003
80.923,3.6581,9.3640,2.0003
80.932,3.6581,9.3640,2.0003
80.939,3.6651,9.3640,2.0003
80.949,3.6651,9.3640,2.0003
80.956,3.6651,9.3640,2.0003
80.964,3.6721,9.3640,2.0003
80.973,3.6721,9.3640,2.0003
80.981,3.6791,9.3640,2.0003
80.988,3.6791,9.3640,2.0003
80.996,3.6791,9.3640,2.0003
81.002,3.6861,9.3640,2.0003
81.012,3.6861,9.3640,2.0003
81.019,3.6931,9.3640,2.0003
81.029,3.6931,9.3640,2.0003
81.037,3.6931,9.3640,2.0003
81.045,3.7001,9.3640,2.0003
81.053,3.7001,9.3640,2.0003
81.061,3.7071,9.3640,2.0003
81.070,3.7071,9.3640,2.0003
81.079,3.7141,9.3640,2.0003
81.087,3.7141,9.3640,2.0003
81.095,3.7141,9.3640,2.0003
81.102,3.7211,9.3640,2.0003
81.112,3.7211,9.3640,2.0003
81.119,3.7281,9.3640,2.0003
81.128,3.7281,9.3640,2.0003
81.136,3.7281,9.3640,2.0003
81.144,3.7351,9.3640,2.0003
81.154,3.7351,9.3640,2.0003
81.161,3.7421,9.3640,2.0003
81.170,3.7421,9.3640,2.0003
81.178,3.7491,9.3640,2.0003
81.187,3.7491,9.3640,2.0003
81.194,3.7491,9.3640,2.0003
81.202,3.7561,9.3640,2.0003
81.211,3.7561,9.3640,2.0003
81.220,3.7631,9.3640,2.0003
81.228,3.7631,9.3640,2.0003
81.236,3.7631,9.3640,2.0003
81.245,3.7701,9.3640,2.0003
81.253,3.7701,9.3640,2.0003
81.261,3.7771,9.3640,2.0003
81.270,3.7771,9.3640,2.0003
81.279,3.7841,9.3640,2.0003
81.285,3.7841,9.3640,2.0003
81.293,3.7841,9.3640,2.0003
81.300,3.7911,9.3640,2.0003
81.310,3.7911,9.3640,2.0003
81.316,3.7911,9.3640,2.0003
81.322,3.7981,9.3640,2.0003
81.332,3.7981,9.3640,2.0003
81.346,3.8051,9.3640,2.0003
81.356,3.8051,9.3640,2.0003
81.365,3.8121,9.3640,2.0003
81.374,3.8121,9.3640,2.0003
81.381,3.8191,9.3640,2.0003
81.389,3.8191,9.3640,2.0003
81.397,3.8261,9.3640,2.0003
81.406,3.8261,9.3640,2.0003
81.413,3.8261,9.3640,2.0003
81.421,3.8331,9.3640,2.0003
81.431,3.8331,9.3640,2.0003
81.438,3.8401,9.3640,2.0003
81.447,3.8401,9.3640,2.0003
81.455,3.8401,9.3640,2.0003
81.463,3.8471,9.3640,2.0003
81.471,3.8471,9.3640,2.0003
81.478,3.8541,9.3640,2.0003
81.488,3.8541,9.3640,2.0003
81.495,3.8541,9.3640,2.0003
81.502,3.8611,9.3640,2.0003
81.511,3.8611,9.3640,2.0003
81.521,3.8681,9.3640,2.0003
81.529,3.8681,9.3640,2.0003
81.536,3.8681,9.3640,2.0003
81.545,3.8751,9.3640,2.0003
81.554,3.8751,9.3640,2.0003
81.562,3.8821,9.3640,2.0003
81.570,3.8821,9.3640,2.0003
81.578,3.8891,9.3640,2.0003
81.587,3.8891,9.3640,2.0003
81.594,3.8891,9.3640,2.0003
81.601,3.8961,9.3640,2.0003
81.611,3.8961,9.3640,2.0003
81.619,3.9031,9.3640,2.0003
81.628,3.9031,9.3640,2.0003
81.635,3.9031,9.3640,2.0003
81.644,3.9101,9.3640,2.0003
81.653,3.9101,9.3640,2.0003
81.660,3.9171,9.3640,2.0003
81.669,3.9171,9.3640,2.0003
81.679,3.9241,9.3640,2.0003
81.686,3.9241,9.3640,2.0003
81.694,3.9241,9.3640,2.0003
81.702,3.9311,9.3640,2.0003
81.711,3.9311,9.3640,2.0003
81.717,3.9381,9.3640,2.0003
81.727,3.9381,9.3640,2.0003
81.734,3.9381,9.3640,2.0003
81.741,3.9451,9.3640,2.0003
81.749,3.9451,9.3640,2.0003
81.757,3.9521,9.3640,2.0003
81.766,3.9521,9.3640,2.0003
81.773,3.9521,9.3640,2.0003
81.780,3.9591,9.3640,2.0003
81.790,3.9591,9.3640,2.0003
81.798,3.9661,9.3640,2.0003
81.805,3.9661,9.3640,2.0003
81.813,3.9661,9.3640,2.0003
81.821,3.9731,9.3640,2.0003
81.830,3.9731,9.3640,2.0003
81.837,3.9801,9.3640,2.0003
81.846,3.9801,9.3640,2.0003
81.853,3.9801,9.3640,2.0003
81.860,3.9871,9.3640,2.0003
81.867,3.9871,9.3640,2.0003
81.875,3.9871,9.3640,2.0003
81.881,3.9941,9.3640,2.0003
81.889,3.9941,9.3640,2.0003
81.896,3.9941,9.3640,2.0003
81.903,4.0010,9.3640,2.0003
81.913,4.0010,9.3640,2.0003
81.920,4.0076,9.3640,2.0003
81.928,4.0076,9.3640,2.0003
81.935,4.0076,9.3640,2.0003
81.943,4.0139,9.3640,2.0003
81.951,4.0139,9.3640,2.0003
81.959,4.0198,9.3640,2.0003
81.967,4.0198,9.3640,2.0003
81.975,4.0198,9.3640,2.0003
81.983,4.0222,9.3640,2.0003
81.991,4.0222,9.3640,2.0003
81.998,4.0245,9.3640,2.0003
82.007,4.0245,9.3640,2.0003
82.014,4.0245,9.3640,2.0003
82.023,4.0254,9.3640,2.0003
82.033,4.0254,9.3640,2.0003
82.041,4.0260,9.3640,2.0003
82.049,4.0260,9.3640,2.0003
82.057,4.0260,9.3640,2.0003
82.065,4.0262,9.3640,2.0003
82.073,4.0262,9.3640,2.0003
82.081,4.0263,9.3640,2.0003
82.089,4.0263,9.3640,2.0003
82.098,4.0263,9.3640,2.0003
82.106,4.0263,9.3640,2.0003
82.114,4.0263,9.3640,2.0003
82.122,4.0263,9.3640,2.0003
82.131,4.0263,9.3640,2.0003
82.137,4.0263,9.3640,2.0003
82.147,4.0263,9.3640,2.0003
82.154,4.0263,9.3640,2.0003
82.162,4.0263,9.3640,2.0003
82.169,4.0263,9.3640,2.0003
82.179,4.0263,9.3640,2.0003
82.186,4.0263,9.3640,2.0003
82.195,4.0263,9.3640,2.0003
82.202,4.0263,9.3640,2.0003
82.211,4.0263,9.3640,2.0003
82.218,4.0263,9.3640,2.0003
82.226,4.0263,9.3640,2.0003
82.233,4.0263,9.3640,2.0003
82.241,4.0263,9.3640,2.0003
82.249,4.0263,9.3640,2.0003
82.257,4.0263,9.3640,2.0003
82.264,4.0263,9.3640,2.0003
82.272,4.0263,9.3640,2.0003
82.280,4.0263,9.3640,2.0003
82.288,4.0263,9.3640,2.0003
82.295,4.0263,9.3640,2.0003
82.303,4.0263,9.3640,2.0003
82.312,4.0263,9.3640,2.0003
82.320,4.0263,9.3640,2.0003
82.328,4.0263,9.3640,2.0003
82.336,4.0263,9.3640,2.0003
82.344,4.0263,9.3640,2.0003
82.353,4.0263,9.3640,2.0003
82.360,4.0263,9.3640,2.0003
82.369,4.0263,9.3640,2.0003
82.376,4.0263,9.3640,2.0003
82.385,4.0263,9.3640,2.0003
82.394,4.0263,9.3640,2.0003
82.401,4.0263,9.3640,2.0003
82.409,4.0263,9.3640,2.0003
82.417,4.0263,9.3640,2.0003
82.425,4.0263,9.3640,2.0003
82.433,4.0263,9.3640,2.0003
82.441,4.0263,9.3640,2.0003
82.450,4.0263,9.3640,2.0003
82.459,4.0262,9.3640,2.0003
82.468,4.0262,9.3640,2.0003
82.477,4.0262,9.3640,2.0003
82.484,4.0261,9.3640,2.0003
82.493,4.0261,9.3640,2.0003
82.500,4.0260,9.3640,2.0003
82.509,4.0260,9.3640,2.0003
82.517,4.0259,9.3640,2.0003
82.527,4.0259,9.3640,2.0003
82.533,4.0259,9.3640,2.0003
82.542,4.0257,9.3640,2.0003
82.551,4.0257,9.3640,2.0003
82.559,4.0255,9.3640,2.0003
82.567,4.0255,9.3640,2.0003
82.575,4.0255,9.3640,2.0003
82.583,4.0253,9.3640,2.0003
82.591,4.0253,9.3640,2.0003
82.598,4.0251,9.3640,2.0003
82.607,4.0251,9.3640,2.0003
82.615,4.0251,9.3640,2.0003
82.622,4.0249,9.3640,2.0003
82.630,4.0249,9.3640,2.0003
82.637,4.0247,9.3640,2.0003
82.647,4.0247,9.3640,2.0003
82.654,4.0247,9.3640,2.0003
82.662,4.0245,9.3640,2.0003
82.669,4.0245,9.3640,2.0003
82.677,4.0245,9.3640,2.0003
82.692,4.0243,9.3640,2.0003
82.701,4.0241,9.3640,2.0003
82.711,4.0241,9.3640,2.0003
82.719,4.0239,9.3640,2.0003
82.727,4.0239,9.3640,2.0003
82.735,4.0239,9.3640,2.0003
82.743,4.0237,9.3640,2.0003
82.752,4.0237,9.3640,2.0003
82.760,4.0235,9.3640,2.0003
82.768,4.0235,9.3640,2.0003
82.776,4.0235,9.3640,2.0003
82.783,4.0233,9.3640,2.0003
82.794,4.0233,9.3640,2.0003
82.801,4.0231,9.3640,2.0003
82.811,4.0231,9.3640,2.0003
82.820,4.0229,9.3640,2.0003
82.829,4.0229,9.3640,2.0003
82.837,4.0229,9.3640,2.0003
82.845,4.0227,9.3640,2.0003
82.854,4.0227,9.3640,2.0003
82.862,4.0225,9.3640,2.0003
82.871,4.0225,9.3640,2.0003
82.880,4.0222,9.3640,2.0003
82.889,4.0222,9.3640,2.0003
82.898,4.0220,9.3640,2.0003
82.907,4.0220,9.3640,2.0003
82.916,4.0220,9.3640,2.0003
82.924,4.0218,9.3640,2.0003
82.934,4.0218,9.3640,2.0003
82.942,4.0216,9.3640,2.0003
82.950,4.0216,9.3640,2.0003
82.959,4.0214,9.3640,2.0003
82.967,4.0214,9.3640,2.0003
82.976,4.0214,9.3640,2.0003
82.983,4.0212,9.3640,2.0003
82.992,4.0212,9.3640,2.0003
83.000,4.0210,9.3640,2.0003
83.009,4.0210,9.3640,2.0003
83.016,4.0210,9.3640,2.0003
83.025,4.0208,9.3640,2.0003
83.033,4.0208,9.3640,2.0003
83.042,4.0206,9.3640,2.0003
83.051,4.0206,9.3640,2.0003
83.059,4.0204,9.3640,2.0003
83.068,4.0204,9.3640,2.0003
83.075,4.0204,9.3640,2.0003
83.082,4.0202,9.3640,2.0003
83.091,4.0202,9.3640,2.0003
83.098,4.0200,9.3640,2.0003
83.107,4.0200,9.3640,2.0003
83.114,4.0200,9.3640,2.0003
83.123,4.0198,9.3640,2.0003
83.131,4.0198,9.3640,2.0003
83.139,4.0196,9.3640,2.0003
83.149,4.0196,9.3640,2.0003
83.157,4.0194,9.3640,2.0003
83.167,4.0194,9.3640,2.0003
83.175,4.0194,9.3640,2.0003
83.185,4.0192,9.3640,2.0003
83.193,4.0192,9.3640,2.0003
83.199,4.0190,9.3640,2.0003
83.208,4.0190,9.3640,2.0003
83.215,4.0190,9.3640,2.0003
83.221,4.0187,9.3640,2.0003
83.230,4.0187,9.3640,2.0003
83.236,4.0187,9.3640,2.0003
83.244,4.0185,9.3640,2.0003
83.251,4.0185,9.3640,2.0003
83.259,4.0183,9.3640,2.0003
83.267,4.0183,9.3640,2.0003
83.275,4.0183,9.3640,2.0003
83.282,4.0181,9.3640,2.0003
83.291,4.0181,9.3640,2.0003
83.298,4.0179,9.3640,2.0003
83.306,4.0179,9.3640,2.0003
83.313,4.0179,9.3640,2.0003
83.321,4.0177,9.3640,2.0003
83.329,4.0177,9.3640,2.0003
83.337,4.0177,9.3640,2.0003
83.344,4.0175,9.3640,2.0003
83.352,4.0175,9.3640,2.0003
83.360,4.0173,9.3640,2.0003
83.368,4.0173,9.3640,2.0003
83.375,4.0173,9.3640,2.0003
83.382,4.0170,9.3640,2.0003
83.391,4.0170,9.3640,2.0003
83.398,4.0168,9.3640,2.0003
83.405,4.0168,9.3640,2.0003
83.413,4.0168,9.3640,2.0003
83.420,4.0166,9.3640,2.0003
83.429,4.0166,9.3640,2.0003
83.435,4.0166,9.3640,2.0003
83.443,4.0164,9.3640,2.0003
83.451,4.0164,9.3640,2.0003
83.459,4.0162,9.3640,2.0003
83.466,4.0162,9.3640,2.0003
83.474,4.0162,9.3640,2.0003
83.481,4.0159,9.3640,2.0003
83.490,4.0159,9.3640,2.0003
83.497,4.0159,9.3640,2.0003
83.503,4.0157,9.3640,2.0003
83.514,4.0157,9.3640,2.0003
83.521,4.0155,9.3640,2.0003
83.529,4.0155,9.3640,2.0003
83.536,4.0155,9.3640,2.0003
83.545,4.0153,9.3640,2.0003
83.554,4.0153,9.3640,2.0003
83.561,4.0147,9.3640,2.0003
83.570,4.0147,9.3640,2.0003
83.579,4.0141,9.3640,2.0003
83.588,4.0141,9.3640,2.0003
83.595,4.0141,9.3640,2.0003
83.604,4.0135,9.3640,2.0003
83.612,4.0135,9.3640,2.0003
83.619,4.0129,9.3640,2.0003
83.629,4.0129,9.3640,2.0003
83.637,4.0129,9.3640,2.0003
83.645,4.0123,9.3640,2.0003
83.653,4.0123,9.3640,2.0003
83.661,4.0117,9.3640,2.0003
83.669,4.0117,9.3640,2.0003
83.678,4.0111,9.3640,2.0003
83.686,4.0111,9.3640,2.0003
83.695,4.0111,9.3640,2.0003
83.701,4.0105,9.3640,2.0003
83.710,4.0105,9.3640,2.0003
83.716,4.0105,9.3640,2.0003
83.726,4.0099,9.3640,2.0003
83.733,4.0099,9.3640,2.0003
83.741,4.0093,9.3640,2.0003
83.751,4.0093,9.3640,2.0003
83.759,4.0087,9.3640,2.0003
83.767,4.0087,9.3640,2.0003
83.775,4.0087,9.3640,2.0003
83.783,4.0081,9.3640,2.0003
83.792,4.0081,9.3640,2.0003
83.798,4.0074,9.3640,2.0003
83.807,4.0074,9.3640,2.0003
83.814,4.0074,9.3640,2.0003
83.821,4.0068,9.3640,2.0003
83.829,4.0068,9.3640,2.0003
83.836,4.0068,9.3640,2.0003
83.843,4.0062,9.3640,2.0003
83.852,4.0062,9.3640,2.0003
83.859,4.0056,9.3640,2.0003
83.866,4.0056,9.3640,2.0003
83.874,4.0056,9.3640,2.0003
83.881,4.0050,9.3640,2.0003
83.889,4.0050,9.3640,2.0003
83.897,4.0050,9.3640,2.0003
83.903,4.0044,9.3640,2.0003
83.912,4.0044,9.3640,2.0003
83.919,4.0038,9.3640,2.0003
83.926,4.0038,9.3640,2.0003
83.934,4.0038,9.3640,2.0003
83.941,4.0032,9.3640,2.0003
83.948,4.0032,9.3640,2.0003
83.955,4.0032,9.3640,2.0003
83.963,4.0026,9.3640,2.0003
83.971,4.0026,9.3640,2.0003
83.980,4.0019,9.3640,2.0003
83.988,4.0019,9.3640,2.0003
83.997,4.0019,9.3640,2.0003
84.005,4.0013,9.3640,2.0003
84.013,4.0013,9.3640,2.0003
84.021,4.0007,9.3640,2.0003
84.030,4.0007,9.3640,2.0003
84.037,4.0001,9.3640,2.0003
84.046,4.0001,9.3640,2.0003
84.054,4.0001,9.3640,2.0003
84.062,3.9995,9.3640,2.0003
84.070,3.9995,9.3640,2.0003
84.079,3.9989,9.3640,2.0003
84.088,3.9989,9.3640,2.0003
84.095,3.9989,9.3640,2.0003
84.102,3.9983,9.3640,2.0003
84.111,3.9983,9.3640,2.0003
84.119,3.9977,9.3640,2.0003
84.126,3.9977,9.3640,2.0003
84.134,3.9977,9.3640,2.0003
84.142,3.9971,9.3640,2.0003
84.151,3.9971,9.3640,2.0003
84.158,3.9969,9.3640,2.0003
84.167,3.9969,9.3640,2.0003
84.176,3.9969,9.3640,2.0003
84.183,3.9967,9.3640,2.0003
84.192,3.9967,9.3640,2.0003
84.199,3.9965,9.3640,2.0003
84.209,3.9965,9.3640,2.0003
84.216,3.9965,9.3640,2.0003
84.223,3.9964,9.3640,2.0003
84.231,3.9964,9.3640,2.0003
84.237,3.9963,9.3640,2.0003
84.247,3.9963,9.3640,2.0003
84.254,3.9963,9.3640,2.0003
84.261,3.9962,9.3640,2.0003
84.269,3.9962,9.3640,2.0003
84.277,3.9961,9.3640,2.0003
84.285,3.9961,9.3640,2.0003
84.292,3.9961,9.3640,2.0003
84.299,3.9961,9.3640,2.0003
84.308,3.9961,9.3640,2.0003
84.314,3.9961,9.3640,2.0003
84.321,3.9961,9.3640,2.0003
84.329,3.9961,9.3640,2.0003
84.336,3.9961,9.3640,2.0003
84.343,3.9961,9.3640,2.0003
84.353,3.9961,9.3640,2.0003
84.361,3.9961,9.3639,2.0003
84.369,3.9961,9.3639,2.0003
84.376,3.9961,9.3639,2.0003
84.384,3.9961,9.3638,2.0003
84.392,3.9961,9.3638,2.0003
84.399,3.9961,9.3636,2.0003
84.407,3.9961,9.3636,2.0003
84.415,3.9961,9.3636,2.0003
84.422,3.9961,9.3633,2.0003
84.430,3.9961,9.3633,2.0003
84.436,3.9961,9.3633,2.0003
84.444,3.9961,9.3626,2.0003
84.452,3.9961,9.3626,2.0003
84.461,3.9961,9.3617,2.0003
84.468,3.9961,9.3617,2.0003
84.477,3.9961,9.3608,2.0003
84.485,3.9961,9.3608,2.0003
84.493,3.9961,9.3608,2.0003
84.499,3.9961,9.3587,2.0003
84.508,3.9961,9.3587,2.0003
84.515,3.9961,9.3587,2.0003
84.522,3.9961,9.3563,2.0003
84.529,3.9961,9.3563,2.0003
84.537,3.9961,9.3563,2.0003
84.545,3.9961,9.3537,2.0003
84.553,3.9961,9.3537,2.0003
84.560,3.9961,9.3510,2.0003
84.568,3.9961,9.3510,2.0003
84.575,3.9961,9.3510,2.0003
84.581,3.9961,9.3484,2.0003
84.590,3.9961,9.3484,2.0003
84.597,3.9961,9.3457,2.0003
84.605,3.9961,9.3457,2.0003
84.613,3.9961,9.3457,2.0003
84.621,3.9961,9.3430,2.0003
84.629,3.9961,9.3430,2.0003
84.636,3.9961,9.3430,2.0003
84.644,3.9961,9.3404,2.0003
84.652,3.9961,9.3404,2.0003
84.660,3.9961,9.3377,2.0003
84.668,3.9961,9.3377,2.0003
84.676,3.9961,9.3377,2.0003
84.682,3.9961,9.3351,2.0003
84.691,3.9961,9.3351,2.0003
84.699,3.9961,9.3324,2.0003
84.707,3.9961,9.3324,2.0003
84.714,3.9961,9.3324,2.0003
84.722,3.9961,9.3297,2.0000
84.730,3.9961,9.3297,2.0000
84.737,3.9961,9.3297,2.0000
84.744,3.9961,9.3270,1.9998
84.753,3.9961,9.3270,1.9998
84.760,3.9961,9.3244,1.9995
84.767,3.9961,9.3244,1.9995
84.775,3.9961,9.3244,1.9995
84.783,3.9961,9.3217,1.9993
84.793,3.9961,9.3217,1.9993
84.802,3.9961,9.3190,1.9990
84.812,3.9961,9.3190,1.9990
84.819,3.9961,9.3164,1.9988
84.828,3.9961,9.3164,1.9988
84.835,3.9961,9.3164,1.9988
84.843,3.9961,9.3137,1.9985
84.851,3.9961,9.3137,1.9985
84.859,3.9961,9.3110,1.9982
84.868,3.9961,9.3110,1.9982
84.876,3.9961,9.3110,1.9982
84.883,3.9961,9.3084,1.9980
84.892,3.9961,9.3084,1.9980
84.899,3.9961,9.3057,1.9977
84.908,3.9961,9.3057,1.9977
84.916,3.9961,9.3057,1.9977
84.922,3.9961,9.3030,1.9975
84.931,3.9961,9.3030,1.9975
84.944,3.9961,9.3004,1.9972
84.958,3.9961,9.2977,1.9970
84.967,3.9961,9.2977,1.9970
84.977,3.9961,9.2950,1.9970
84.985,3.9961,9.2950,1.9970
84.994,3.9961,9.2950,1.9970
85.001,3.9961,9.2924,1.9970
85.012,3.9961,9.2924,1.9970
85.018,3.9961,9.2897,1.9970
85.028,3.9961,9.2897,1.9970
85.034,3.9961,9.2897,1.9970
85.041,3.9961,9.2870,1.9970
85.050,3.9961,9.2870,1.9970
85.058,3.9961,9.2844,1.9970
85.067,3.9961,9.2844,1.9970
85.074,3.9961,9.2844,1.9970
85.082,3.9961,9.2817,1.9970
85.091,3.9961,9.2817,1.9970
85.097,3.9961,9.2790,1.9970
85.105,3.9961,9.2790,1.9970
85.115,3.9961,9.2790,1.9970
85.124,3.9961,9.2764,1.9970
85.132,3.9961,9.2764,1.9970
85.139,3.9961,9.2737,1.9970
85.148,3.9961,9.2737,1.9970
85.155,3.9961,9.2737,1.9970
85.163,3.9961,9.2710,1.9970
85.171,3.9961,9.2710,1.9970
85.179,3.9961,9.2684,1.9970
85.187,3.9961,9.2684,1.9970
85.194,3.9961,9.2684,1.9970
85.201,3.9961,9.2657,1.9970
85.210,3.9961,9.2657,1.9970
85.216,3.9961,9.2657,1.9970
85.224,3.9961,9.2630,1.9970
85.232,3.9961,9.2630,1.9970
85.240,3.9961,9.2604,1.9970
85.248,3.9961,9.2604,1.9970
85.255,3.9961,9.2604,1.9970
85.263,3.9961,9.2577,1.9970
85.272,3.9961,9.2577,1.9970
85.280,3.9961,9.2550,1.9970
85.288,3.9961,9.2550,1.9970
85.296,3.9961,9.2550,1.9970
85.303,3.9961,9.2524,1.9970
85.312,3.9961,9.2524,1.9970
85.320,3.9961,9.2497,1.9970
85.329,3.9961,9.2497,1.9970
85.336,3.9961,9.2497,1.9970
85.343,3.9961,9.2470,1.9970
85.354,3.9961,9.2470,1.9970
85.361,3.9961,9.2444,1.9970
85.369,3.9961,9.2444,1.9970
85.377,3.9961,9.2417,1.9970
85.386,3.9961,9.2417,1.9970
85.394,3.9961,9.2417,1.9970
85.400,3.9961,9.2390,1.9970
85.410,3.9961,9.2390,1.9970
85.418,3.9961,9.2364,1.9970
85.427,3.9961,9.2364,1.9970
85.434,3.9961,9.2364,1.9970
85.442,3.9961,9.2337,1.9970
85.452,3.9961,9.2337,1.9970
85.460,3.9961,9.2310,1.9970
85.467,3.9961,9.2310,1.9970
85.476,3.9961,9.2310,1.9970
85.483,3.9961,9.2284,1.9970
85.492,3.9961,9.2284,1.9970
85.498,3.9961,9.2257,1.9970
85.506,3.9961,9.2257,1.9970
85.513,3.9961,9.2257,1.9970
85.519,3.9961,9.2230,1.9970
85.528,3.9961,9.2230,1.9970
85.535,3.9961,9.2230,1.9970
85.543,3.9961,9.2204,1.9970
85.550,3.9961,9.2204,1.9970
85.558,3.9961,9.2177,1.9970
85.566,3.9961,9.2177,1.9970
85.574,3.9961,9.2177,1.9970
85.581,3.9961,9.2150,1.9970
85.591,3.9961,9.2150,1.9970
85.599,3.9961,9.2124,1.9970
85.608,3.9961,9.2124,1.9970
85.615,3.9961,9.2124,1.9970
85.622,3.9961,9.2097,1.9970
85.631,3.9961,9.2097,1.9970
85.637,3.9961,9.2070,1.9970
85.646,3.9961,9.2070,1.9970
85.654,3.9961,9.2070,1.9970
85.662,3.9961,9.2044,1.9970
85.669,3.9961,9.2044,1.9970
85.677,3.9961,9.2017,1.9970
85.685,3.9961,9.2017,1.9970
85.693,3.9961,9.2017,1.9970
85.700,3.9961,9.1990,1.9970
85.709,3.9961,9.1990,1.9970
85.716,3.9961,9.1990,1.9970
85.723,3.9961,9.1964,1.9970
85.731,3.9961,9.1964,1.9970
85.738,3.9961,9.1937,1.9970
85.747,3.9961,9.1937,1.9970
85.755,3.9961,9.1937,1.9970
85.762,3.9961,9.1910,1.9970
85.772,3.9961,9.1910,1.9970
85.780,3.9961,9.1884,1.9970
85.788,3.9961,9.1884,1.9970
85.795,3.9961,9.1884,1.9970
85.806,3.9961,9.1857,1.9970
85.817,3.9961,9.1830,1.9970
85.826,3.9961,9.1830,1.9970
85.834,3.9961,9.1830,1.9970
85.842,3.9961,9.1804,1.9970
85.851,3.9961,9.1804,1.9970
85.858,3.9961,9.1777,1.9970
85.866,3.9961,9.1777,1.9970
85.874,3.9961,9.1777,1.9970
85.881,3.9961,9.1750,1.9970
85.889,3.9961,9.1750,1.9970
85.896,3.9961,9.1750,1.9970
85.903,3.9961,9.1724,1.9970
85.913,3.9961,9.1724,1.9970
85.919,3.9961,9.1697,1.9970
85.928,3.9961,9.1697,1.9970
85.935,3.9961,9.1697,1.9970
85.943,3.9961,9.1670,1.9970
85.951,3.9961,9.1670,1.9970
85.959,3.9961,9.1644,1.9970
85.967,3.9961,9.1644,1.9970
85.976,3.9961,9.1644,1.9970
85.983,3.9961,9.1617,1.9970
85.993,3.9961,9.1617,1.9970
85.999,3.9961,9.1590,1.9970
86.007,3.9961,9.1590,1.9970
86.014,3.9961,9.1590,1.9970
86.024,3.9961,9.1564,1.9970
86.032,3.9961,9.1564,1.9970
86.040,3.9961,9.1537,1.9970
86.049,3.9961,9.1537,1.9970
86.057,3.9961,9.1510,1.9970
86.067,3.9961,9.1510,1.9970
86.075,3.9961,9.1510,1.9970
86.084,3.9961,9.1484,1.9970
86.093,3.9961,9.1484,1.9970
86.100,3.9961,9.1457,1.9970
86.110,3.9961,9.1457,1.9970
86.118,3.9961,9.1430,1.9970
86.127,3.9961,9.1430,1.9970
86.134,3.9961,9.1430,1.9970
86.142,3.9961,9.1404,1.9970
86.151,3.9961,9.1404,1.9970
86.159,3.9961,9.1377,1.9970
86.168,3.9961,9.1377,1.9970
86.176,3.9961,9.1377,1.9970
86.183,3.9961,9.1350,1.9970
86.192,3.9961,9.1350,1.9970
86.200,3.9961,9.1324,1.9970
86.209,3.9961,9.1324,1.9970
86.216,3.9961,9.1324,1.9970
86.224,3.9961,9.1297,1.9970
86.233,3.9961,9.1297,1.9970
86.241,3.9961,9.1270,1.9970
86.250,3.9961,9.1270,1.9970
86.259,3.9961,9.1244,1.9970
86.267,3.9961,9.1244,1.9970
86.275,3.9961,9.1244,1.9970
86.283,3.9961,9.1217,1.9970
86.292,3.9961,9.1217,1.9970
86.298,3.9961,9.1190,1.9970
86.306,3.9961,9.1190,1.9970
86.314,3.9961,9.1190,1.9970
86.323,3.9961,9.1164,1.9970
86.331,3.9961,9.1164,1.9970
86.338,3.9961,9.1138,1.9970
86.348,3.9961,9.1138,1.9970
86.356,3.9961,9.1138,1.9970
86.364,3.9961,9.1113,1.9970
86.372,3.9961,9.1113,1.9970
86.380,3.9961,9.1088,1.9970
86.389,3.9961,9.1088,1.9970
86.396,3.9961,9.1088,1.9970
86.403,3.9961,9.1063,1.9970
86.412,3.9961,9.1063,1.9970
86.418,3.9961,9.1038,1.9970
86.427,3.9961,9.1038,1.9970
86.433,3.9961,9.1038,1.9970
86.441,3.9961,9.1013,1.9970
86.449,3.9961,9.1013,1.9970
86.457,3.9961,9.0987,1.9970
86.465,3.9961,9.0987,1.9970
86.472,3.9961,9.0987,1.9970
86.480,3.9961,9.0962,1.9970
86.489,3.9961,9.0962,1.9970
86.497,3.9961,9.0936,1.9970
86.506,3.9961,9.0936,1.9970
86.514,3.9961,9.0936,1.9970
86.521,3.9961,9.0911,1.9970
86.529,3.9961,9.0911,1.9970
86.537,3.9961,9.0911,1.9970
86.545,3.9961,9.0885,1.9970
86.554,3.9961,9.0885,1.9970
86.562,3.9961,9.0859,1.9970
86.571,3.9961,9.0859,1.9970
86.579,3.9961,9.0833,1.9970
86.589,3.9961,9.0833,1.9970
86.597,3.9961,9.0833,1.9970
86.606,3.9961,9.0806,1.9970
86.615,3.9961,9.0806,1.9970
86.623,3.9961,9.0780,1.9970
86.632,3.9961,9.0780,1.9970
86.639,3.9961,9.0753,1.9970
86.649,3.9961,9.0753,1.9970
86.657,3.9961,9.0726,1.9970
86.665,3.9961,9.0726,1.9970
86.673,3.9961,9.0726,1.9970
86.681,3.9961,9.0700,1.9970
86.691,3.9961,9.0700,1.9970
86.697,3.9961,9.0673,1.9970
86.707,3.9961,9.0673,1.9970
86.715,3.9961,9.0673,1.9970
86.723,3.9961,9.0646,1.9970
86.731,3.9961,9.0646,1.9970
86.740,3.9961,9.0620,1.9970
86.749,3.9961,9.0620,1.9970
86.755,3.9961,9.0620,1.9970
86.762,3.9961,9.0593,1.9970
86.771,3.9961,9.0593,1.9970
86.779,3.9961,9.0566,1.9970
86.787,3.9961,9.0566,1.9970
86.794,3.9961,9.0566,1.9970
86.803,3.9961,9.0540,1.9970
86.812,3.9961,9.0540,1.9970
86.819,3.9961,9.0513,1.9970
86.827,3.9961,9.0513,1.9970
86.835,3.9961,9.0513,1.9970
86.842,3.9961,9.0486,1.9970
86.850,3.9961,9.0486,1.9970
86.857,3.9961,9.0460,1.9970
86.866,3.9961,9.0460,1.9970
86.873,3.9961,9.0460,1.9970
86.882,3.9961,9.0433,1.9970
86.889,3.9961,9.0433,1.9970
86.897,3.9961,9.0406,1.9970
86.904,3.9961,9.0406,1.9970
86.912,3.9961,9.0406,1.9970
86.919,3.9961,9.0380,1.9970
86.929,3.9961,9.0380,1.9970
86.934,3.9961,9.0380,1.9970
86.942,3.9961,9.0353,1.9970
86.951,3.9961,9.0353,1.9970
86.959,3.9961,9.0326,1.9970
86.966,3.9961,9.0326,1.9970
86.974,3.9961,9.0326,1.9970
86.981,3.9961,9.0300,1.9970
86.990,3.9961,9.0300,1.9970
86.997,3.9961,9.0300,1.9970
87.004,3.9961,9.0273,1.9970
87.014,3.9961,9.0273,1.9970
87.022,3.9961,9.0246,1.9970
87.029,3.9961,9.0246,1.9970
87.037,3.9961,9.0246,1.9970
87.045,3.9961,9.0220,1.9970
87.053,3.9961,9.0220,1.9970
87.059,3.9961,9.0193,1.9970
87.067,3.9961,9.0193,1.9970
87.075,3.9961,9.0193,1.9970
87.082,3.9961,9.0166,1.9970
87.090,3.9961,9.0166,1.9970
87.097,3.9961,9.0140,1.9970
87.105,3.9961,9.0140,1.9970
87.113,3.9961,9.0140,1.9970
87.120,3.9961,9.0113,1.9970
87.129,3.9961,9.0113,1.9970
87.136,3.9961,9.0113,1.9970
87.144,3.9961,9.0086,1.9970
87.152,3.9961,9.0086,1.9970
87.160,3.9961,9.0060,1.9970
87.169,3.9961,9.0060,1.9970
87.177,3.9961,9.0060,1.9970
87.183,3.9961,9.0033,1.9970
87.199,3.9961,9.0006,1.9970
87.211,3.9961,9.0006,1.9970
87.222,3.9961,8.9980,1.9970
87.233,3.9961,8.9980,1.9970
87.247,3.9961,8.9953,1.9970
87.258,3.9961,8.9926,1.9970
87.267,3.9961,8.9926,1.9970
87.275,3.9961,8.9926,1.9970
87.283,3.9961,8.9900,1.9970
87.292,3.9961,8.9900,1.9970
87.300,3.9961,8.9873,1.9970
87.310,3.9961,8.9873,1.9970
87.318,3.9961,8.9846,1.9970
87.329,3.9961,8.9846,1.9970
87.336,3.9961,8.9846,1.9970
87.346,3.9961,8.9820,1.9970
87.355,3.9961,8.9820,1.9970
87.363,3.9961,8.9793,1.9970
87.372,3.9961,8.9793,1.9970
87.382,3.9961,8.9766,1.9970
87.392,3.9961,8.9766,1.9970
87.399,3.9961,8.9740,1.9970
87.410,3.9961,8.9740,1.9970
87.417,3.9961,8.9713,1.9970
87.427,3.9961,8.9713,1.9970
87.434,3.9961,8.9713,1.9970
87.444,3.9961,8.9686,1.9970
87.455,3.9961,8.9686,1.9970
87.463,3.9961,8.9660,1.9970
87.474,3.9961,8.9660,1.9970
87.481,3.9961,8.9633,1.9970
87.491,3.9961,8.9633,1.9970
87.500,3.9961,8.9606,1.9970
87.510,3.9961,8.9606,1.9970
87.519,3.9961,8.9580,1.9970
87.530,3.9961,8.9580,1.9970
87.537,3.9961,8.9553,1.9970
87.547,3.9961,8.9553,1.9970
87.554,3.9961,8.9553,1.9970
87.562,3.9961,8.9526,1.9970
87.570,3.9961,8.9526,1.9970
87.578,3.9961,8.9500,1.9970
87.586,3.9961,8.9500,1.9970
87.594,3.9961,8.9500,1.9970
87.600,3.9961,8.9473,1.9970
87.611,3.9961,8.9473,1.9970
87.618,3.9961,8.9446,1.9970
87.628,3.9961,8.9446,1.9970
87.635,3.9961,8.9446,1.9970
87.643,3.9961,8.9420,1.9970
87.653,3.9961,8.9420,1.9970
87.659,3.9961,8.9393,1.9970
87.668,3.9961,8.9393,1.9970
87.677,3.9961,8.9393,1.9970
87.684,3.9961,8.9366,1.9970
87.693,3.9961,8.9366,1.9970
87.699,3.9961,8.9340,1.9970
87.709,3.9961,8.9340,1.9970
87.717,3.9961,8.9313,1.9970
87.726,3.9961,8.9313,1.9970
87.733,3.9961,8.9313,1.9970
87.741,3.9961,8.9286,1.9970
87.750,3.9961,8.9286,1.9970
87.758,3.9961,8.9260,1.9970
87.768,3.9961,8.9260,1.9970
87.776,3.9961,8.9260,1.9970
87.785,3.9961,8.9233,1.9970
87.796,3.9961,8.9233,1.9970
87.803,3.9961,8.9206,1.9970
87.814,3.9961,8.9206,1.9970
87.821,3.9961,8.9180,1.9970
87.832,3.9961,8.9180,1.9970
87.839,3.9961,8.9153,1.9970
87.849,3.9961,8.9153,1.9970
87.858,3.9961,8.9126,1.9970
87.867,3.9961,8.9126,1.9970
87.876,3.9961,8.9126,1.9970
87.883,3.9961,8.9100,1.9970
87.893,3.9961,8.9100,1.9970
87.901,3.9961,8.9073,1.9970
87.912,3.9961,8.9073,1.9970
87.920,3.9961,8.9046,1.9970
87.929,3.9961,8.9046,1.9970
87.937,3.9961,8.9020,1.9970
87.949,3.9961,8.9020,1.9970
87.957,3.9961,8.9020,1.9970
87.965,3.9961,8.8993,1.9970
87.975,3.9961,8.8993,1.9970
87.983,3.9961,8.8966,1.9970
87.993,3.9961,8.8966,1.9970
87.999,3.9961,8.8940,1.9970
88.009,3.9961,8.8940,1.9970
88.018,3.9961,8.8913,1.9970
88.028,3.9961,8.8913,1.9970
88.035,3.9961,8.8913,1.9970
88.044,3.9961,8.8886,1.9970
88.053,3.9961,8.8886,1.9970
88.060,3.9961,8.8860,1.9970
88.068,3.9961,8.8860,1.9970
88.076,3.9961,8.8860,1.9970
88.083,3.9961,8.8833,1.9970
88.093,3.9961,8.8833,1.9970
88.099,3.9961,8.8806,1.9970
88.109,3.9961,8.8806,1.9970
88.116,3.9961,8.8806,1.9970
88.123,3.9961,8.8780,1.9970
88.132,3.9961,8.8780,1.9970
88.141,3.9961,8.8753,1.9970
88.150,3.9961,8.8753,1.9970
88.158,3.9961,8.8726,1.9970
88.166,3.9961,8.8726,1.9970
88.173,3.9961,8.8726,1.9970
88.180,3.9961,8.8700,1.9970
88.191,3.9961,8.8700,1.9970
88.197,3.9961,8.8673,1.9970
88.206,3.9961,8.8673,1.9970
88.215,3.9961,8.8673,1.9970
88.221,3.9961,8.8646,1.9970
88.230,3.9961,8.8646,1.9970
88.237,3.9961,8.8620,1.9970
88.247,3.9961,8.8620,1.9970
88.255,3.9961,8.8620,1.9970
88.262,3.9961,8.8593,1.9970
88.270,3.9961,8.8593,1.9970
88.279,3.9961,8.8566,1.9970
88.288,3.9961,8.8566,1.9970
88.295,3.9961,8.8566,1.9970
88.301,3.9961,8.8540,1.9970
88.310,3.9961,8.8540,1.9970
88.317,3.9961,8.8513,1.9970
88.327,3.9961,8.8513,1.9970
88.333,3.9961,8.8513,1.9970
88.341,3.9961,8.8486,1.9970
88.349,3.9961,8.8486,1.9970
88.356,3.9961,8.8486,1.9970
88.362,3.9961,8.8460,1.9970
88.372,3.9961,8.8460,1.9970
88.379,3.9961,8.8433,1.9970
88.388,3.9961,8.8433,1.9970
88.395,3.9961,8.8433,1.9970
88.403,3.9961,8.8406,1.9970
88.412,3.9961,8.8406,1.9970
88.420,3.9961,8.8380,1.9970
88.429,3.9961,8.8380,1.9970
88.436,3.9961,8.8380,1.9970
88.443,3.9961,8.8353,1.9970
88.451,3.9961,8.8353,1.9970
88.459,3.9961,8.8326,1.9970
88.467,3.9961,8.8326,1.9970
88.474,3.9961,8.8326,1.9970
88.482,3.9961,8.8300,1.9970
88.489,3.9961,8.8300,1.9970
88.497,3.9961,8.8273,1.9970
88.506,3.9961,8.8273,1.9970
88.513,3.9961,8.8273,1.9970
88.520,3.9961,8.8246,1.9970
88.530,3.9961,8.8246,1.9970
88.537,3.9961,8.8246,1.9970
88.546,3.9961,8.8220,1.9970
88.555,3.9961,8.8220,1.9970
88.563,3.9961,8.8193,1.9970
88.573,3.9961,8.8193,1.9970
88.581,3.9961,8.8166,1.9970
88.590,3.9961,8.8166,1.9970
88.597,3.9961,8.8140,1.9970
88.608,3.9961,8.8140,1.9970
88.616,3.9961,8.8140,1.9970
88.624,3.9961,8.8113,1.9970
88.633,3.9961,8.8113,1.9970
88.641,3.9961,8.8086,1.9970
88.651,3.9961,8.8086,1.9970
88.660,3.9961,8.8060,1.9970
88.669,3.9961,8.8060,1.9970
88.678,3.9961,8.8033,1.9970
88.686,3.9961,8.8033,1.9970
88.694,3.9961,8.8033,1.9970
88.701,3.9961,8.8006,1.9970
88.711,3.9961,8.8006,1.9970
88.718,3.9961,8.7980,1.9970
88.728,3.9961,8.7980,1.9970
88.735,3.9961,8.7980,1.9970
88.744,3.9961,8.7953,1.9970
88.753,3.9961,8.7953,1.9970
88.761,3.9961,8.7926,1.9970
88.770,3.9961,8.7926,1.9970
88.779,3.9961,8.7900,1.9970
88.789,3.9961,8.7900,1.9970
88.797,3.9961,8.7873,1.9970
88.807,3.9961,8.7873,1.9970
88.816,3.9961,8.7873,1.9970
88.823,3.9961,8.7846,1.9970
88.833,3.9961,8.7846,1.9970
88.840,3.9961,8.7820,1.9970
88.850,3.9961,8.7820,1.9970
88.857,3.9961,8.7820,1.9970
88.865,3.9961,8.7793,1.9970
88.874,3.9961,8.7793,1.9970
88.882,3.9961,8.7766,1.9970
88.891,3.9961,8.7766,1.9970
88.898,3.9961,8.7740,1.9970
88.907,3.9961,8.7740,1.9970
88.915,3.9961,8.7740,1.9970
88.921,3.9961,8.7713,1.9970
88.931,3.9961,8.7713,1.9970
88.937,3.9961,8.7686,1.9970
88.947,3.9961,8.7686,1.9970
88.954,3.9961,8.7686,1.9970
88.962,3.9961,8.7660,1.9970
88.970,3.9961,8.7660,1.9970
88.979,3.9961,8.7633,1.9970
88.987,3.9961,8.7633,1.9970
88.995,3.9961,8.7633,1.9970
89.002,3.9961,8.7606,1.9970
89.011,3.9961,8.7606,1.9970
89.019,3.9961,8.7580,1.9970
89.028,3.9961,8.7580,1.9970
89.036,3.9961,8.7580,1.9970
89.045,3.9961,8.7553,1.9970
89.055,3.9961,8.7553,1.9970
89.063,3.9961,8.7526,1.9970
89.072,3.9961,8.7526,1.9970
89.081,3.9961,8.7500,1.9970
89.091,3.9961,8.7500,1.9970
89.100,3.9961,8.7473,1.9970
89.111,3.9961,8.7473,1.9970
89.118,3.9961,8.7446,1.9970
89.129,3.9961,8.7446,1.9970
89.136,3.9961,8.7446,1.9970
89.145,3.9961,8.7420,1.9970
89.154,3.9961,8.7420,1.9970
89.163,3.9961,8.7393,1.9970
89.173,3.9961,8.7393,1.9970
89.181,3.9961,8.7366,1.9970
89.191,3.9961,8.7366,1.9970
89.198,3.9961,8.7340,1.9970
89.208,3.9961,8.7340,1.9970
89.216,3.9961,8.7340,1.9970
89.225,3.9961,8.7313,1.9970
89.235,3.9961,8.7313,1.9970
89.243,3.9961,8.7286,1.9970
89.254,3.9961,8.7286,1.9970
89.261,3.9961,8.7260,1.9970
89.269,3.9961,8.7260,1.9970
89.277,3.9961,8.7233,1.9970
89.286,3.9961,8.7233,1.9970
89.296,3.9961,8.7233,1.9970
89.311,3.9961,8.7206,1.9970
89.319,3.9961,8.7180,1.9970
89.328,3.9961,8.7180,1.9970
89.335,3.9961,8.7180,1.9970
89.344,3.9961,8.7153,1.9970
89.352,3.9961,8.7153,1.9970
89.361,3.9961,8.7126,1.9970
89.369,3.9961,8.7126,1.9970
89.379,3.9961,8.7100,1.9970
89.388,3.9961,8.7100,1.9970
89.396,3.9961,8.7100,1.9970
89.403,3.9961,8.7073,1.9970
89.413,3.9961,8.7073,1.9970
89.420,3.9961,8.7046,1.9970
89.429,3.9961,8.7046,1.9970
89.436,3.9961,8.7046,1.9970
89.444,3.9961,8.7020,1.9970
89.453,3.9961,8.7020,1.9970
89.460,3.9961,8.6993,1.9970
89.469,3.9961,8.6993,1.9970
89.477,3.9961,8.6966,1.9970
89.487,3.9961,8.6966,1.9970
89.495,3.9961,8.6966,1.9970
89.502,3.9961,8.6940,1.9970
89.511,3.9961,8.6940,1.9970
89.518,3.9961,8.6913,1.9970
89.527,3.9961,8.6913,1.9970
89.533,3.9961,8.6913,1.9970
89.541,3.9961,8.6886,1.9970
89.550,3.9961,8.6886,1.9970
89.558,3.9961,8.6860,1.9970
89.567,3.9961,8.6860,1.9970
89.577,3.9961,8.6860,1.9970
89.584,3.9961,8.6833,1.9970
89.593,3.9961,8.6833,1.9970
89.601,3.9961,8.6806,1.9970
89.610,3.9961,8.6806,1.9970
89.617,3.9961,8.6780,1.9970
89.627,3.9961,8.6780,1.9970
89.635,3.9961,8.6780,1.9970
89.644,3.9961,8.6753,1.9970
89.654,3.9961,8.6753,1.9970
89.661,3.9961,8.6726,1.9970
89.672,3.9961,8.6726,1.9970
89.681,3.9961,8.6700,1.9970
89.691,3.9961,8.6700,1.9970
89.698,3.9961,8.6673,1.9970
89.708,3.9961,8.6673,1.9970
89.717,3.9961,8.6646,1.9970
89.727,3.9961,8.6646,1.9970
89.734,3.9961,8.6646,1.9970
89.743,3.9961,8.6620,1.9970
89.752,3.9961,8.6620,1.9970
89.761,3.9961,8.6593,1.9970
89.770,3.9961,8.6593,1.9970
89.779,3.9961,8.6566,1.9970
89.788,3.9961,8.6566,1.9970
89.797,3.9961,8.6540,1.9970
89.807,3.9961,8.6540,1.9970
89.813,3.9961,8.6540,1.9970
89.823,3.9961,8.6513,1.9970
89.833,3.9961,8.6513,1.9970
89.841,3.9961,8.6486,1.9970
89.850,3.9961,8.6486,1.9970
89.858,3.9961,8.6460,1.9970
89.866,3.9961,8.6460,1.9970
89.874,3.9961,8.6460,1.9970
89.882,3.9961,8.6433,1.9970
89.891,3.9961,8.6433,1.9970
89.898,3.9961,8.6406,1.9970
89.906,3.9961,8.6406,1.9970
89.916,3.9961,8.6406,1.9970
89.923,3.9961,8.6380,1.9970
89.933,3.9961,8.6380,1.9970
89.941,3.9961,8.6353,1.9970
89.951,3.9961,8.6353,1.9970
89.960,3.9961,8.6326,1.9970
89.969,3.9961,8.6326,1.9970
89.978,3.9961,8.6300,1.9970
89.988,3.9961,8.6300,1.9970
89.996,3.9961,8.6300,1.9970
90.004,3.9961,8.6273,1.9970
90.015,3.9961,8.6273,1.9970
90.023,3.9961,8.6246,1.9970
90.033,3.9961,8.6246,1.9970
90.042,3.9961,8.6220,1.9970
90.052,3.9961,8.6220,1.9970
90.061,3.9961,8.6193,1.9970
90.070,3.9961,8.6193,1.9970
90.079,3.9961,8.6166,1.9970
90.088,3.9961,8.6166,1.9970
90.097,3.9961,8.6166,1.9970
90.104,3.9961,8.6140,1.9970
90.114,3.9961,8.6140,1.9970
90.121,3.9961,8.6113,1.9970
90.131,3.9961,8.6113,1.9970
90.139,3.9961,8.6086,1.9970
90.149,3.9961,8.6086,1.9970
90.157,3.9961,8.6060,1.9970
90.166,3.9961,8.6060,1.9970
90.172,3.9961,8.6060,1.9970
90.180,3.9961,8.6033,1.9970
90.188,3.9961,8.6033,1.9970
90.196,3.9961,8.6033,1.9970
90.202,3.9961,8.6006,1.9970
90.213,3.9961,8.6006,1.9970
90.219,3.9961,8.5980,1.9970
90.228,3.9961,8.5980,1.9970
90.233,3.9961,8.5980,1.9970
90.241,3.9961,8.5953,1.9970
90.251,3.9961,8.5953,1.9970
90.259,3.9961,8.5926,1.9970
90.268,3.9961,8.5926,1.9970
90.276,3.9961,8.5926,1.9970
90.283,3.9961,8.5900,1.9970
90.293,3.9961,8.5900,1.9970
90.300,3.9961,8.5873,1.9970
90.310,3.9961,8.5873,1.9970
90.317,3.9961,8.5846,1.9970
90.327,3.9961,8.5846,1.9970
90.334,3.9961,8.5846,1.9970
90.341,3.9961,8.5820,1.9970
90.350,3.9961,8.5820,1.9970
90.357,3.9961,8.5820,1.9970
90.365,3.9961,8.5793,1.9970
90.376,3.9961,8.5793,1.9970
90.384,3.9961,8.5766,1.9970
90.393,3.9961,8.5766,1.9970
90.400,3.9961,8.5740,1.9970
90.408,3.9961,8.5740,1.9970
90.417,3.9961,8.5713,1.9970
90.428,3.9961,8.5713,1.9970
90.435,3.9961,8.5713,1.9970
90.443,3.9961,8.5686,1.9970
90.453,3.9961,8.5686,1.9970
90.461,3.9961,8.5660,1.9970
90.470,3.9961,8.5660,1.9970
90.479,3.9961,8.5633,1.9970
90.488,3.9961,8.5633,1.9970
90.495,3.9961,8.5633,1.9970
90.501,3.9961,8.5606,1.9970
90.512,3.9961,8.5606,1.9970
90.519,3.9961,8.5580,1.9970
90.527,3.9961,8.5580,1.9970
90.533,3.9961,8.5580,1.9970
90.541,3.9961,8.5553,1.9970
90.551,3.9961,8.5553,1.9970
90.558,3.9961,8.5526,1.9970
90.565,3.9961,8.5526,1.9970
90.573,3.9961,8.5526,1.9970
90.581,3.9961,8.5500,1.9970
90.589,3.9961,8.5500,1.9970
90.596,3.9961,8.5500,1.9970
90.603,3.9961,8.5473,1.9970
90.613,3.9961,8.5473,1.9970
90.620,3.9961,8.5446,1.9970
90.629,3.9961,8.5446,1.9970
90.636,3.9961,8.5446,1.9970
90.644,3.9961,8.5420,1.9970
90.652,3.9961,8.5420,1.9970
90.660,3.9961,8.5393,1.9970
90.668,3.9961,8.5393,1.9970
90.678,3.9961,8.5366,1.9970
90.685,3.9961,8.5366,1.9970
90.692,3.9961,8.5366,1.9970
90.699,3.9961,8.5340,1.9970
90.707,3.9961,8.5340,1.9970
90.713,3.9961,8.5340,1.9970
90.720,3.9961,8.5313,1.9970
90.729,3.9961,8.5313,1.9970
90.735,3.9961,8.5313,1.9970
90.743,3.9961,8.5286,1.9970
90.751,3.9961,8.5286,1.9970
90.758,3.9961,8.5260,1.9970
90.767,3.9961,8.5260,1.9970
90.774,3.9961,8.5260,1.9970
90.781,3.9961,8.5233,1.9970
90.790,3.9961,8.5233,1.9970
90.798,3.9961,8.5206,1.9970
90.807,3.9961,8.5206,1.9970
90.814,3.9961,8.5206,1.9970
90.821,3.9961,8.5180,1.9970
90.830,3.9961,8.5180,1.9970
90.837,3.9961,8.5180,1.9970
90.844,3.9961,8.5153,1.9970
90.852,3.9961,8.5153,1.9970
90.860,3.9961,8.5126,1.9970
90.867,3.9961,8.5126,1.9970
90.874,3.9961,8.5126,1.9970
90.881,3.9961,8.5100,1.9970
90.889,3.9961,8.5100,1.9970
90.897,3.9961,8.5073,1.9970
90.903,3.9961,8.5073,1.9970
90.911,3.9961,8.5073,1.9970
90.918,3.9961,8.5046,1.9970
90.926,3.9961,8.5046,1.9970
90.932,3.9961,8.5046,1.9970
90.940,3.9961,8.5020,1.9970
90.948,3.9961,8.5020,1.9970
90.955,3.9961,8.5020,1.9970
90.963,3.9961,8.4993,1.9970
90.971,3.9961,8.4993,1.9970
90.979,3.9961,8.4966,1.9970
90.987,3.9961,8.4966,1.9970
90.995,3.9961,8.4966,1.9970
91.003,3.9961,8.4940,1.9970
91.014,3.9961,8.4940,1.9970
91.020,3.9961,8.4913,1.9970
91.029,3.9961,8.4913,1.9970
91.036,3.9961,8.4913,1.9970
91.044,3.9961,8.4886,1.9970
91.052,3.9961,8.4886,1.9970
91.060,3.9961,8.4860,1.9970
91.068,3.9961,8.4860,1.9970
91.076,3.9961,8.4860,1.9970
91.083,3.9961,8.4833,1.9970
91.095,3.9961,8.4833,1.9970
91.101,3.9961,8.4806,1.9970
91.110,3.9961,8.4806,1.9970
91.117,3.9961,8.4780,1.9970
91.128,3.9961,8.4780,1.9970
91.136,3.9961,8.4780,1.9970
91.146,3.9961,8.4753,1.9970
91.157,3.9961,8.4753,1.9970
91.164,3.9961,8.4726,1.9970
91.173,3.9961,8.4726,1.9970
91.181,3.9961,8.4700,1.9970
91.192,3.9961,8.4700,1.9970
91.199,3.9961,8.4673,1.9970
91.209,3.9961,8.4673,1.9970
91.218,3.9961,8.4646,1.9970
91.227,3.9961,8.4646,1.9970
91.235,3.9961,8.4646,1.9970
91.243,3.9961,8.4620,1.9970
91.252,3.9961,8.4620,1.9970
91.259,3.9961,8.4593,1.9970
91.268,3.9961,8.4593,1.9970
91.276,3.9961,8.4593,1.9970
91.284,3.9961,8.4566,1.9970
91.294,3.9961,8.4566,1.9970
91.301,3.9961,8.4540,1.9970
91.311,3.9961,8.4540,1.9970
91.319,3.9961,8.4513,1.9970
91.328,3.9961,8.4513,1.9970
91.334,3.9961,8.4513,1.9970
91.350,3.9961,8.4486,1.9970
91.360,3.9961,8.4460,1.9970
91.368,3.9961,8.4460,1.9970
91.376,3.9961,8.4460,1.9970
91.382,3.9961,8.4433,1.9970
91.391,3.9961,8.4433,1.9970
91.398,3.9961,8.4406,1.9970
91.406,3.9961,8.4406,1.9970
91.412,3.9961,8.4406,1.9970
91.419,3.9961,8.4380,1.9970
91.428,3.9961,8.4380,1.9970
91.434,3.9961,8.4380,1.9970
91.442,3.9961,8.4353,1.9970
91.451,3.9961,8.4353,1.9970
91.458,3.9961,8.4326,1.9970
91.465,3.9961,8.4326,1.9970
91.472,3.9961,8.4326,1.9970
91.480,3.9961,8.4300,1.9970
91.488,3.9961,8.4300,1.9970
91.495,3.9961,8.4300,1.9970
91.501,3.9961,8.4273,1.9970
91.509,3.9961,8.4273,1.9970
91.517,3.9961,8.4246,1.9970
91.525,3.9961,8.4246,1.9970
91.533,3.9961,8.4246,1.9970
91.540,3.9961,8.4220,1.9970
91.550,3.9961,8.4220,1.9970
91.559,3.9961,8.4193,1.9970
91.568,3.9961,8.4193,1.9970
91.576,3.9961,8.4193,1.9970
91.584,3.9961,8.4166,1.9970
91.592,3.9961,8.4166,1.9970
91.600,3.9961,8.4140,1.9970
91.609,3.9961,8.4140,1.9970
91.617,3.9961,8.4113,1.9970
91.627,3.9961,8.4113,1.9970
91.635,3.9961,8.4113,1.9970
91.643,3.9961,8.4086,1.9970
91.652,3.9961,8.4086,1.9970
91.660,3.9961,8.4060,1.9970
91.669,3.9961,8.4060,1.9970
91.677,3.9961,8.4033,1.9970
91.687,3.9961,8.4033,1.9970
91.696,3.9961,8.4033,1.9970
91.703,3.9961,8.4006,1.9970
91.714,3.9961,8.4006,1.9970
91.722,3.9961,8.3980,1.9970
91.732,3.9961,8.3980,1.9970
91.740,3.9961,8.3953,1.9970
91.750,3.9961,8.3953,1.9970
91.759,3.9961,8.3926,1.9970
91.767,3.9961,8.3926,1.9970
91.776,3.9961,8.3926,1.9970
91.783,3.9961,8.3900,1.9970
91.792,3.9961,8.3900,1.9970
91.799,3.9961,8.3873,1.9970
91.809,3.9961,8.3873,1.9970
91.816,3.9961,8.3873,1.9970
91.825,3.9961,8.3846,1.9970
91.834,3.9961,8.3846,1.9970
91.842,3.9961,8.3820,1.9970
91.852,3.9961,8.3820,1.9970
91.860,3.9961,8.3793,1.9970
91.869,3.9961,8.3793,1.9970
91.876,3.9961,8.3793,1.9970
91.884,3.9961,8.3766,1.9970
91.893,3.9961,8.3766,1.9970
91.900,3.9961,8.3740,1.9970
91.909,3.9961,8.3740,1.9970
91.917,3.9961,8.3740,1.9970
91.923,3.9961,8.3713,1.9970
91.933,3.9961,8.3713,1.9970
91.941,3.9961,8.3686,1.9970
91.951,3.9961,8.3686,1.9970
91.958,3.9961,8.3660,1.9970
91.968,3.9961,8.3660,1.9970
91.975,3.9961,8.3660,1.9970
91.982,3.9961,8.3633,1.9970
91.991,3.9961,8.3633,1.9970
91.999,3.9961,8.3606,1.9970
92.007,3.9961,8.3606,1.9970
92.015,3.9961,8.3606,1.9970
92.022,3.9961,8.3580,1.9970
92.031,3.9961,8.3580,1.9970
92.037,3.9961,8.3553,1.9970
92.047,3.9961,8.3553,1.9970
92.054,3.9961,8.3553,1.9970
92.062,3.9961,8.3526,1.9970
92.070,3.9961,8.3526,1.9970
92.079,3.9961,8.3500,1.9970
92.088,3.9961,8.3500,1.9970
92.096,3.9961,8.3500,1.9970
92.102,3.9961,8.3473,1.9970
92.112,3.9961,8.3473,1.9970
92.119,3.9961,8.3446,1.9970
92.128,3.9961,8.3446,1.9970
92.135,3.9961,8.3446,1.9970
92.143,3.9961,8.3420,1.9970
92.151,3.9961,8.3420,1.9970
92.158,3.9961,8.3393,1.9970
92.165,3.9961,8.3393,1.9970
92.173,3.9961,8.3393,1.9970
92.181,3.9961,8.3366,1.9970
92.190,3.9961,8.3366,1.9970
92.198,3.9961,8.3340,1.9970
92.208,3.9961,8.3340,1.9970
92.215,3.9961,8.3340,1.9970
92.222,3.9961,8.3313,1.9970
92.230,3.9961,8.3313,1.9970
92.237,3.9961,8.3286,1.9970
92.247,3.9961,8.3286,1.9970
92.254,3.9961,8.3286,1.9970
92.262,3.9961,8.3260,1.9970
92.269,3.9961,8.3260,1.9970
92.277,3.9961,8.3233,1.9970
92.285,3.9961,8.3233,1.9970
92.293,3.9961,8.3233,1.9970
92.301,3.9961,8.3206,1.9970
92.309,3.9961,8.3206,1.9970
92.315,3.9961,8.3206,1.9970
92.323,3.9961,8.3180,1.9970
92.333,3.9961,8.3180,1.9970
92.341,3.9961,8.3153,1.9970
92.351,3.9961,8.3153,1.9970
92.358,3.9961,8.3126,1.9970
92.368,3.9961,8.3126,1.9970
92.376,3.9961,8.3126,1.9970
92.385,3.9961,8.3100,1.9970
92.395,3.9961,8.3100,1.9970
92.403,3.9961,8.3073,1.9970
92.414,3.9961,8.3073,1.9970
92.422,3.9961,8.3046,1.9970
92.431,3.9961,8.3046,1.9970
92.438,3.9961,8.3020,1.9970
92.448,3.9961,8.3020,1.9970
92.456,3.9961,8.3020,1.9970
92.465,3.9961,8.2993,1.9970
92.473,3.9961,8.2993,1.9970
92.482,3.9961,8.2966,1.9970
92.491,3.9961,8.2966,1.9970
92.499,3.9961,8.2940,1.9970
92.509,3.9961,8.2940,1.9970
92.516,3.9961,8.2940,1.9970
92.524,3.9961,8.2913,1.9970
92.533,3.9961,8.2913,1.9970
92.542,3.9961,8.2886,1.9970
92.552,3.9961,8.2886,1.9970
92.560,3.9961,8.2860,1.9970
92.569,3.9961,8.2860,1.9970
92.578,3.9961,8.2833,1.9970
92.587,3.9961,8.2833,1.9970
92.595,3.9961,8.2833,1.9970
92.602,3.9961,8.2806,1.9970
92.612,3.9961,8.2806,1.9970
92.619,3.9961,8.2780,1.9970
92.627,3.9961,8.2780,1.9970
92.634,3.9961,8.2780,1.9970
92.641,3.9961,8.2753,1.9970
92.649,3.9961,8.2753,1.9970
92.656,3.9961,8.2753,1.9970
92.664,3.9961,8.2726,1.9970
92.674,3.9961,8.2726,1.9970
92.681,3.9961,8.2700,1.9970
92.690,3.9961,8.2700,1.9970
92.698,3.9961,8.2673,1.9970
92.708,3.9961,8.2673,1.9970
92.715,3.9961,8.2673,1.9970
92.723,3.9961,8.2646,1.9970
92.732,3.9961,8.2646,1.9970
92.739,3.9961,8.2620,1.9970
92.748,3.9961,8.2620,1.9970
92.756,3.9961,8.2620,1.9970
92.763,3.9961,8.2593,1.9970
92.772,3.9961,8.2593,1.9970
92.780,3.9961,8.2566,1.9970
92.790,3.9961,8.2566,1.9970
92.798,3.9961,8.2540,1.9970
92.807,3.9961,8.2540,1.9970
92.814,3.9961,8.2540,1.9970
92.823,3.9961,8.2513,1.9970
92.833,3.9961,8.2513,1.9970
92.842,3.9961,8.2486,1.9970
92.853,3.9961,8.2486,1.9970
92.861,3.9961,8.2460,1.9970
92.872,3.9961,8.2460,1.9970
92.882,3.9961,8.2433,1.9970
92.892,3.9961,8.2433,1.9970
92.900,3.9961,8.2406,1.9970
92.910,3.9961,8.2406,1.9970
92.918,3.9961,8.2380,1.9970
92.926,3.9961,8.2380,1.9970
92.934,3.9961,8.2380,1.9970
92.941,3.9961,8.2353,1.9970
92.951,3.9961,8.2353,1.9970
92.960,3.9961,8.2326,1.9970
92.969,3.9961,8.2326,1.9970
92.978,3.9961,8.2300,1.9970
92.987,3.9961,8.2300,1.9970
92.996,3.9961,8.2300,1.9970
93.003,3.9961,8.2273,1.9970
93.014,3.9961,8.2273,1.9970
93.021,3.9961,8.2246,1.9970
93.031,3.9961,8.2246,1.9970
93.037,3.9961,8.2220,1.9970
93.047,3.9961,8.2220,1.9970
93.055,3.9961,8.2220,1.9970
93.062,3.9961,8.2193,1.9970
93.072,3.9961,8.2193,1.9970
93.078,3.9961,8.2166,1.9970
93.089,3.9961,8.2166,1.9970
93.095,3.9961,8.2166,1.9970
93.102,3.9961,8.2140,1.9970
93.111,3.9961,8.2140,1.9970
93.118,3.9961,8.2113,1.9970
93.127,3.9961,8.2113,1.9970
93.134,3.9961,8.2113,1.9970
93.142,3.9961,8.2086,1.9970
93.151,3.9961,8.2086,1.9970
93.158,3.9961,8.2060,1.9970
93.167,3.9961,8.2060,1.9970
93.175,3.9961,8.2060,1.9970
93.183,3.9961,8.2060,1.9970
93.192,3.9961,8.2060,1.9970
93.200,3.9961,8.2060,1.9970
93.210,3.9961,8.2060,1.9970
93.218,3.9961,8.2060,1.9970
93.226,3.9961,8.2060,1.9970
93.234,3.9961,8.2060,1.9970
93.242,3.9961,8.2060,1.9970
93.249,3.9961,8.2060,1.9970
93.256,3.9961,8.2060,1.9970
93.264,3.9961,8.2060,1.9970
93.271,3.9961,8.2060,1.9970
93.279,3.9961,8.2060,1.9970
93.287,3.9961,8.2060,1.9970
93.295,3.9961,8.2060,1.9970
93.302,3.9961,8.2060,1.9970
93.311,3.9961,8.2060,1.9970
93.328,3.9961,8.2060,1.9970
93.336,3.9961,8.2060,1.9970
93.345,3.9961,8.2060,1.9970
93.353,3.9961,8.2060,1.9970
93.361,3.9961,8.2060,1.9970
93.370,3.9961,8.2060,1.9970
93.379,3.9961,8.2060,1.9970
93.387,3.9961,8.2060,1.9970
93.396,3.9961,8.2060,1.9970
93.402,3.9961,8.2060,1.9970
93.413,3.9961,8.2060,1.9970
93.419,3.9961,8.2060,1.9970
93.429,3.9961,8.2060,1.9970
93.435,3.9961,8.2060,1.9970
93.444,3.9961,8.2060,1.9970
93.452,3.9961,8.2060,1.9970
93.460,3.9961,8.2060,1.9970
93.467,3.9961,8.2060,1.9970
93.477,3.9961,8.2060,1.9970
93.484,3.9961,8.2060,1.9970
93.493,3.9961,8.2060,1.9970
93.500,3.9961,8.2060,1.9970
93.510,3.9961,8.2060,1.9970
93.517,3.9961,8.2060,1.9970
93.526,3.9961,8.2060,1.9970
93.533,3.9961,8.2060,1.9970
93.541,3.9961,8.2060,1.9970
93.549,3.9961,8.2060,1.9970
93.556,3.9961,8.2060,1.9970
93.563,3.9961,8.2060,1.9970
93.573,3.9961,8.2060,1.9970
93.580,3.9961,8.2060,1.9970
93.588,3.9961,8.2060,1.9970
93.595,3.9961,8.2060,1.9970
93.605,3.9961,8.2060,1.9970
93.615,3.9961,8.2060,1.9970
93.623,3.9961,8.2060,1.9970
93.633,3.9961,8.2060,1.9970
93.641,3.9961,8.2060,1.9970
93.650,3.9961,8.2060,1.9970
93.658,3.9961,8.2060,1.9970
93.668,3.9961,8.2060,1.9970
93.676,3.9961,8.2060,1.9970
93.684,3.9961,8.2060,1.9970
93.694,3.9961,8.2060,1.9970
93.701,3.9961,8.2060,1.9970
93.713,3.9961,8.2060,1.9970
93.721,3.9961,8.2060,1.9970
93.731,3.9961,8.2060,1.9970
93.738,3.9961,8.2060,1.9970
93.749,3.9961,8.2060,1.9970
93.757,3.9961,8.2060,1.9970
93.766,3.9961,8.2060,1.9970
93.776,3.9961,8.2060,1.9970
93.784,3.9961,8.2060,1.9970
93.795,3.9961,8.2060,1.9970
93.803,3.9961,8.2060,1.9970
93.814,3.9961,8.2060,1.9970
93.822,3.9961,8.2060,1.9970
93.831,3.9961,8.2060,1.9970
93.839,3.9961,8.2060,1.9970
93.848,3.9961,8.2060,1.9970
93.856,3.9961,8.2060,1.9970
93.863,3.9961,8.2060,1.9970
93.872,3.9961,8.2060,1.9970
93.880,3.9961,8.2060,1.9970
93.888,3.9961,8.2060,1.9970
93.895,3.9961,8.2060,1.9970
93.902,3.9961,8.2060,1.9970
93.910,3.9961,8.2060,1.9970
93.917,3.9961,8.2060,1.9970
93.925,3.9961,8.2060,1.9970
93.932,3.9961,8.2060,1.9970
93.940,3.9961,8.2060,1.9970
93.947,3.9961,8.2060,1.9970
93.954,3.9961,8.2060,1.9970
93.963,3.9961,8.2060,1.9970
93.971,3.9961,8.2060,1.9970
93.978,3.9961,8.2060,1.9970
93.985,3.9961,8.2060,1.9970
93.993,3.9961,8.2060,1.9970
94.001,3.9961,8.2060,1.9970
94.009,3.9961,8.2060,1.9970
94.016,3.9961,8.2060,1.9970
94.024,3.9961,8.2060,1.9970
94.034,3.9961,8.2060,1.9970
94.043,3.9961,8.2060,1.9970
94.051,3.9961,8.2060,1.9970
94.060,3.9961,8.2060,1.9970
94.069,3.9961,8.2060,1.9970
94.078,3.9961,8.2060,1.9970
94.087,3.9961,8.2060,1.9970
94.096,3.9961,8.2060,1.9970
94.103,3.9961,8.2060,1.9970
94.113,3.9961,8.2060,1.9970
94.120,3.9961,8.2060,1.9970
94.129,3.9961,8.2060,1.9970
94.137,3.9961,8.2060,1.9970
94.146,3.9961,8.2060,1.9970
94.155,3.9961,8.2060,1.9970
94.163,3.9961,8.2060,1.9970
94.172,3.9961,8.2060,1.9970
94.179,3.9961,8.2060,1.9970
94.188,3.9961,8.2060,1.9970
94.197,3.9961,8.2060,1.9970
94.205,3.9961,8.2060,1.9970
94.213,3.9961,8.2060,1.9970
94.220,3.9961,8.2060,1.9970
94.229,3.9961,8.2060,1.9970
94.237,3.9961,8.2060,1.9970
94.247,3.9961,8.2060,1.9970
94.254,3.9961,8.2060,1.9970
94.261,3.9961,8.2060,1.9970
94.270,3.9961,8.2060,1.9970
94.278,3.9961,8.2060,1.9970
94.286,3.9961,8.2060,1.9970
94.295,3.9961,8.2060,1.9970
94.301,3.9961,8.2060,1.9970
94.309,3.9961,8.2060,1.9970
94.315,3.9961,8.2060,1.9970
94.325,3.9961,8.2060,1.9970
94.332,3.9961,8.2060,1.9970
94.340,3.9961,8.2060,1.9970
94.347,3.9961,8.2060,1.9970
94.355,3.9961,8.2060,1.9970
94.362,3.9961,8.2060,1.9970
94.369,3.9961,8.2060,1.9970
94.377,3.9961,8.2060,1.9970
94.386,3.9961,8.2060,1.9970
94.394,3.9961,8.2060,1.9970
94.402,3.9961,8.2060,1.9970
94.410,3.9961,8.2060,1.9970
94.419,3.9961,8.2060,1.9970
94.430,3.9961,8.2060,1.9970
94.441,3.9961,8.2060,1.9970
94.455,3.9961,8.2060,1.9970
94.462,3.9961,8.2060,1.9970
94.470,3.9961,8.2060,1.9970
94.478,3.9961,8.2060,1.9970
94.487,3.9961,8.2060,1.9970
94.494,3.9961,8.2060,1.9970
94.500,3.9961,8.2060,1.9970
94.509,3.9961,8.2060,1.9970
94.516,3.9961,8.2060,1.9970
94.522,3.9961,8.2060,1.9970
94.531,3.9961,8.2060,1.9970
94.537,3.9961,8.2060,1.9970
94.548,3.9961,8.2060,1.9970
94.554,3.9961,8.2060,1.9970
94.563,3.9961,8.2060,1.9970
94.571,3.9961,8.2060,1.9970
94.580,3.9961,8.2060,1.9970
94.588,3.9961,8.2060,1.9970
94.595,3.9961,8.2060,1.9970
94.603,3.9961,8.2060,1.9970
94.613,3.9961,8.2060,1.9970
94.620,3.9961,8.2060,1.9970
94.628,3.9961,8.2060,1.9970
94.635,3.9961,8.2060,1.9970
94.641,3.9961,8.2060,1.9970
94.650,3.9961,8.2060,1.9970
94.658,3.9961,8.2060,1.9970
94.666,3.9961,8.2060,1.9970
94.673,3.9961,8.2060,1.9970
94.680,3.9961,8.2060,1.9970
94.689,3.9961,8.2060,1.9970
94.695,3.9961,8.2060,1.9970
94.701,3.9961,8.2060,1.9970
94.710,3.9961,8.2060,1.9970
94.718,3.9961,8.2060,1.9970
94.728,3.9961,8.2060,1.9970
94.734,3.9961,8.2060,1.9970
94.741,3.9961,8.2060,1.9970
94.751,3.9961,8.2060,1.9970
94.757,3.9961,8.2060,1.9970
94.765,3.9961,8.2060,1.9970
94.772,3.9961,8.2060,1.9970
94.780,3.9961,8.2060,1.9970
94.789,3.9961,8.2060,1.9970
94.796,3.9961,8.2060,1.9970
94.803,3.9961,8.2060,1.9970
94.815,3.9961,8.2060,1.9970
94.821,3.9961,8.2060,1.9970
94.830,3.9961,8.2060,1.9970
94.837,3.9961,8.2060,1.9970
94.847,3.9961,8.2060,1.9970
94.853,3.9961,8.2060,1.9970
94.861,3.9961,8.2060,1.9970
94.869,3.9961,8.2060,1.9970
94.878,3.9961,8.2060,1.9970
94.887,3.9961,8.2060,1.9970
94.894,3.9961,8.2060,1.9970
94.901,3.9961,8.2060,1.9970
94.911,3.9961,8.2060,1.9970
94.917,3.9961,8.2060,1.9970
94.926,3.9961,8.2060,1.9970
94.933,3.9961,8.2060,1.9970
94.941,3.9961,8.2061,1.9970
94.948,3.9961,8.2061,1.9970
94.957,3.9961,8.2061,1.9970
94.966,3.9961,8.2063,1.9970
94.975,3.9961,8.2063,1.9970
94.983,3.9961,8.2066,1.9970
94.993,3.9961,8.2066,1.9970
95.000,3.9961,8.2070,1.9970
95.009,3.9961,8.2070,1.9970
95.017,3.9961,8.2077,1.9970
95.027,3.9961,8.2077,1.9970
95.034,3.9961,8.2077,1.9970
95.043,3.9961,8.2087,1.9970
95.051,3.9961,8.2087,1.9970
95.060,3.9961,8.2097,1.9970
95.067,3.9961,8.2097,1.9970
95.076,3.9961,8.2097,1.9970
95.084,3.9961,8.2119,1.9970
95.102,3.9961,8.2143,1.9970
95.112,3.9961,8.2143,1.9970
95.119,3.9961,8.2167,1.9970
95.126,3.9961,8.2167,1.9970
95.132,3.9961,8.2167,1.9970
95.140,3.9961,8.2193,1.9970
95.149,3.9961,8.2193,1.9970
95.155,3.9961,8.2193,1.9970
95.162,3.9961,8.2219,1.9970
95.169,3.9961,8.2219,1.9970
95.176,3.9961,8.2219,1.9970
95.182,3.9961,8.2245,1.9970
95.189,3.9961,8.2245,1.9970
95.196,3.9961,8.2245,1.9970
95.204,3.9961,8.2270,1.9970
95.212,3.9961,8.2270,1.9970
95.218,3.9961,8.2296,1.9970
95.227,3.9961,8.2296,1.9970
95.235,3.9961,8.2296,1.9970
95.242,3.9961,8.2321,1.9970
95.251,3.9961,8.2321,1.9970
95.257,3.9961,8.2346,1.9970
95.268,3.9961,8.2346,1.9970
95.275,3.9961,8.2346,1.9970
95.282,3.9961,8.2372,1.9970
95.290,3.9961,8.2372,1.9970
95.299,3.9961,8.2397,1.9970
95.307,3.9961,8.2397,1.9970
95.315,3.9961,8.2397,1.9970
95.324,3.9961,8.2423,1.9970
95.333,3.9961,8.2423,1.9970
95.341,3.9961,8.2448,1.9970
95.351,3.9961,8.2448,1.9970
95.360,3.9961,8.2473,1.9970
95.367,3.9961,8.2473,1.9970
95.376,3.9961,8.2473,1.9970
95.383,3.9961,8.2499,1.9970
95.393,3.9961,8.2499,1.9970
95.401,3.9961,8.2524,1.9970
95.411,3.9961,8.2524,1.9970
95.419,3.9961,8.2549,1.9970
95.428,3.9961,8.2549,1.9970
95.435,3.9961,8.2549,1.9970
95.446,3.9961,8.2574,1.9970
95.453,3.9961,8.2574,1.9970
95.461,3.9961,8.2599,1.9970
95.468,3.9961,8.2599,1.9970
95.477,3.9961,8.2624,1.9970
95.485,3.9961,8.2624,1.9970
95.493,3.9961,8.2624,1.9970
95.499,3.9961,8.2649,1.9970
95.508,3.9961,8.2649,1.9970
95.515,3.9961,8.2649,1.9970
95.523,3.9961,8.2675,1.9970
95.532,3.9961,8.2675,1.9970
95.539,3.9961,8.2700,1.9970
95.548,3.9961,8.2700,1.9970
95.555,3.9961,8.2700,1.9970
95.563,3.9961,8.2725,1.9970
95.571,3.9961,8.2725,1.9970
95.579,3.9961,8.2750,1.9970
95.587,3.9961,8.2750,1.9970
95.595,3.9961,8.2750,1.9970
95.601,3.9961,8.2775,1.9970
95.610,3.9961,8.2775,1.9970
95.616,3.9961,8.2775,1.9970
95.626,3.9961,8.2800,1.9970
95.634,3.9961,8.2800,1.9970
95.642,3.9961,8.2825,1.9970
95.650,3.9961,8.2825,1.9970
95.658,3.9961,8.2850,1.9970
95.665,3.9961,8.2850,1.9970
95.672,3.9961,8.2850,1.9970
95.679,3.9961,8.2875,1.9970
95.687,3.9961,8.2875,1.9970
95.695,3.9961,8.2875,1.9970
95.702,3.9961,8.2901,1.9970
95.711,3.9961,8.2901,1.9970
95.718,3.9961,8.2926,1.9970
95.726,3.9961,8.2926,1.9970
95.733,3.9961,8.2926,1.9970
95.739,3.9961,8.2952,1.9970
95.748,3.9961,8.2952,1.9970
95.754,3.9961,8.2952,1.9970
95.761,3.9961,8.2977,1.9970
95.769,3.9961,8.2977,1.9970
95.776,3.9961,8.2977,1.9970
95.783,3.9961,8.3003,1.9970
95.790,3.9961,8.3003,1.9970
95.798,3.9961,8.3028,1.9970
95.806,3.9961,8.3028,1.9970
95.814,3.9961,8.3028,1.9970
95.821,3.9961,8.3054,1.9970
95.831,3.9961,8.3054,1.9970
95.837,3.9961,8.3079,1.9970
95.845,3.9961,8.3079,1.9970
95.851,3.9961,8.3079,1.9970
95.860,3.9961,8.3105,1.9970
95.868,3.9961,8.3105,1.9970
95.876,3.9961,8.3105,1.9970
95.882,3.9961,8.3130,1.9970
95.890,3.9961,8.3130,1.9970
95.898,3.9961,8.3155,1.9970
95.906,3.9961,8.3155,1.9970
95.913,3.9961,8.3155,1.9970
95.921,3.9961,8.3181,1.9970
95.930,3.9961,8.3181,1.9970
95.937,3.9961,8.3206,1.9970
95.946,3.9961,8.3206,1.9970
95.953,3.9961,8.3206,1.9970
95.961,3.9961,8.3232,1.9970
95.969,3.9961,8.3232,1.9970
95.976,3.9961,8.3232,1.9970
95.984,3.9961,8.3257,1.9970
95.992,3.9961,8.3257,1.9970
95.999,3.9961,8.3283,1.9970
96.008,3.9961,8.3283,1.9970
96.016,3.9961,8.3283,1.9970
96.023,3.9961,8.3308,1.9970
96.033,3.9961,8.3308,1.9970
96.040,3.9961,8.3333,1.9970
96.049,3.9961,8.3333,1.9970
96.056,3.9961,8.3333,1.9970
96.064,3.9961,8.3359,1.9970
96.072,3.9961,8.3359,1.9970
96.081,3.9961,8.3384,1.9970
96.089,3.9961,8.3384,1.9970
96.098,3.9961,8.3409,1.9970
96.105,3.9961,8.3409,1.9970
96.114,3.9961,8.3409,1.9970
96.121,3.9961,8.3435,1.9970
96.132,3.9961,8.3435,1.9970
96.140,3.9961,8.3460,1.9970
96.147,3.9961,8.3460,1.9970
96.155,3.9961,8.3460,1.9970
96.163,3.9961,8.3485,1.9970
96.173,3.9961,8.3485,1.9970
96.180,3.9961,8.3511,1.9970
96.188,3.9961,8.3511,1.9970
96.195,3.9961,8.3511,1.9970
96.203,3.9961,8.3536,1.9970
96.211,3.9961,8.3536,1.9970
96.218,3.9961,8.3561,1.9970
96.226,3.9961,8.3561,1.9970
96.233,3.9961,8.3561,1.9970
96.241,3.9961,8.3586,1.9970
96.248,3.9961,8.3586,1.9970
96.256,3.9961,8.3586,1.9970
96.264,3.9961,8.3611,1.9970
96.272,3.9961,8.3611,1.9970
96.279,3.9961,8.3636,1.9970
96.288,3.9961,8.3636,1.9970
96.295,3.9961,8.3636,1.9970
96.302,3.9961,8.3662,1.9970
96.311,3.9961,8.3662,1.9970
96.319,3.9961,8.3687,1.9970
96.326,3.9961,8.3687,1.9970
96.333,3.9961,8.3687,1.9970
96.340,3.9961,8.3712,1.9970
96.349,3.9961,8.3712,1.9970
96.356,3.9961,8.3712,1.9970
96.363,3.9961,8.3737,1.9970
96.371,3.9961,8.3737,1.9970
96.380,3.9961,8.3762,1.9970
96.387,3.9961,8.3762,1.9970
96.393,3.9961,8.3762,1.9970
96.399,3.9961,8.3788,1.9970
96.407,3.9961,8.3788,1.9970
96.413,3.9961,8.3788,1.9970
96.420,3.9961,8.3813,1.9970
96.428,3.9961,8.3813,1.9970
96.435,3.9961,8.3813,1.9970
96.446,3.9961,8.3838,1.9970
96.455,3.9961,8.3838,1.9970
96.463,3.9961,8.3864,1.9970
96.470,3.9961,8.3864,1.9970
96.478,3.9961,8.3889,1.9970
96.485,3.9961,8.3889,1.9970
96.492,3.9961,8.3889,1.9970
96.499,3.9961,8.3914,1.9970
96.507,3.9961,8.3914,1.9970
96.513,3.9961,8.3914,1.9970
96.521,3.9961,8.3940,1.9970
96.531,3.9961,8.3940,1.9970
96.538,3.9961,8.3965,1.9970
96.546,3.9961,8.3965,1.9970
96.553,3.9961,8.3965,1.9970
96.561,3.9961,8.3990,1.9970
96.568,3.9961,8.3990,1.9970
96.574,3.9961,8.3990,1.9970
96.580,3.9961,8.4016,1.9970
96.590,3.9961,8.4016,1.9970
96.598,3.9961,8.4041,1.9970
96.608,3.9961,8.4041,1.9970
96.616,3.9961,8.4041,1.9970
96.626,3.9961,8.4066,1.9970
96.635,3.9961,8.4066,1.9970
96.643,3.9961,8.4092,1.9970
96.653,3.9961,8.4092,1.9970
96.661,3.9961,8.4117,1.9970
96.668,3.9961,8.4117,1.9970
96.676,3.9961,8.4117,1.9970
96.683,3.9961,8.4142,1.9970
96.692,3.9961,8.4142,1.9970
96.700,3.9961,8.4167,1.9970
96.710,3.9961,8.4167,1.9970
96.718,3.9961,8.4193,1.9970
96.727,3.9961,8.4193,1.9970
96.734,3.9961,8.4193,1.9970
96.741,3.9961,8.4218,1.9970
96.749,3.9961,8.4218,1.9970
96.757,3.9961,8.4218,1.9970
96.763,3.9961,8.4243,1.9970
96.771,3.9961,8.4243,1.9970
96.778,3.9961,8.4269,1.9970
96.788,3.9961,8.4269,1.9970
96.796,3.9961,8.4269,1.9970
96.805,3.9961,8.4294,1.9970
96.814,3.9961,8.4294,1.9970
96.822,3.9961,8.4319,1.9970
96.833,3.9961,8.4319,1.9970
96.840,3.9961,8.4345,1.9970
96.849,3.9961,8.4345,1.9970
96.856,3.9961,8.4345,1.9970
96.863,3.9961,8.4370,1.9970
96.870,3.9961,8.4370,1.9970
96.876,3.9961,8.4370,1.9970
96.883,3.9961,8.4395,1.9970
96.890,3.9961,8.4395,1.9970
96.898,3.9961,8.4420,1.9970
96.905,3.9961,8.4420,1.9970
96.913,3.9961,8.4420,1.9970
96.920,3.9961,8.4446,1.9970
96.928,3.9961,8.4446,1.9970
96.934,3.9961,8.4446,1.9970
96.941,3.9961,8.4471,1.9970
96.949,3.9961,8.4471,1.9970
96.956,3.9961,8.4471,1.9970
96.964,3.9961,8.4496,1.9970
96.973,3.9961,8.4496,1.9970
96.981,3.9961,8.4522,1.9970
96.991,3.9961,8.4522,1.9970
96.997,3.9961,8.4547,1.9970
97.004,3.9961,8.4547,1.9970
97.012,3.9961,8.4547,1.9970
97.019,3.9961,8.4572,1.9970
97.027,3.9961,8.4572,1.9970
97.034,3.9961,8.4572,1.9970
97.041,3.9961,8.4598,1.9970
97.050,3.9961,8.4598,1.9970
97.057,3.9961,8.4623,1.9970
97.065,3.9961,8.4623,1.9970
97.073,3.9961,8.4623,1.9970
97.080,3.9961,8.4648,1.9970
97.087,3.9961,8.4648,1.9970
97.094,3.9961,8.4648,1.9970
97.101,3.9961,8.4673,1.9970
97.109,3.9961,8.4673,1.9970
97.117,3.9961,8.4673,1.9970
97.123,3.9961,8.4698,1.9970
97.131,3.9961,8.4698,1.9970
97.138,3.9961,8.4723,1.9970
97.146,3.9961,8.4723,1.9970
97.152,3.9961,8.4723,1.9970
97.159,3.9961,8.4748,1.9970
97.167,3.9961,8.4748,1.9970
97.174,3.9961,8.4748,1.9970
97.181,3.9961,8.4773,1.9970
97.190,3.9961,8.4773,1.9970
97.196,3.9961,8.4773,1.9970
97.203,3.9961,8.4798,1.9970
97.212,3.9961,8.4798,1.9970
97.219,3.9961,8.4823,1.9970
97.227,3.9961,8.4823,1.9970
97.234,3.9961,8.4823,1.9970
97.240,3.9961,8.4848,1.9970
97.248,3.9961,8.4848,1.9970
97.256,3.9961,8.4848,1.9970
97.264,3.9961,8.4873,1.9970
97.279,3.9961,8.4898,1.9970
97.293,3.9961,8.4898,1.9970
97.299,3.9961,8.4923,1.9970
97.308,3.9961,8.4923,1.9970
97.316,3.9961,8.4923,1.9970
97.322,3.9961,8.4948,1.9970
97.330,3.9961,8.4948,1.9970
97.337,3.9961,8.4973,1.9970
97.346,3.9961,8.4973,1.9970
97.353,3.9961,8.4973,1.9970
97.359,3.9961,8.4998,1.9970
97.367,3.9961,8.4998,1.9970
97.374,3.9961,8.4998,1.9970
97.381,3.9961,8.5023,1.9970
97.389,3.9961,8.5023,1.9970
97.397,3.9961,8.5023,1.9970
97.404,3.9961,8.5048,1.9970
97.413,3.9961,8.5048,1.9970
97.419,3.9961,8.5073,1.9970
97.428,3.9961,8.5073,1.9970
97.435,3.9961,8.5073,1.9970
97.444,3.9961,8.5098,1.9970
97.452,3.9961,8.5098,1.9970
97.460,3.9961,8.5123,1.9970
97.468,3.9961,8.5123,1.9970
97.476,3.9961,8.5123,1.9970
97.484,3.9961,8.5148,1.9970
97.492,3.9961,8.5148,1.9970
97.499,3.9961,8.5173,1.9970
97.507,3.9961,8.5173,1.9970
97.514,3.9961,8.5173,1.9970
97.523,3.9961,8.5197,1.9970
97.532,3.9961,8.5197,1.9970
97.541,3.9961,8.5222,1.9970
97.550,3.9961,8.5222,1.9970
97.559,3.9961,8.5247,1.9970
97.568,3.9961,8.5247,1.9970
97.575,3.9961,8.5247,1.9970
97.584,3.9961,8.5272,1.9970
97.593,3.9961,8.5272,1.9970
97.602,3.9961,8.5297,1.9970
97.611,3.9961,8.5297,1.9970
97.619,3.9961,8.5322,1.9970
97.627,3.9961,8.5322,1.9970
97.634,3.9961,8.5322,1.9970
97.642,3.9961,8.5347,1.9970
97.649,3.9961,8.5347,1.9970
97.655,3.9961,8.5347,1.9970
97.663,3.9961,8.5372,1.9970
97.670,3.9961,8.5372,1.9970
97.679,3.9961,8.5397,1.9970
97.686,3.9961,8.5397,1.9970
97.694,3.9961,8.5397,1.9970
97.701,3.9961,8.5422,1.9970
97.710,3.9961,8.5422,1.9970
97.716,3.9961,8.5422,1.9970
97.724,3.9961,8.5447,1.9970
97.734,3.9961,8.5447,1.9970
97.744,3.9961,8.5472,1.9970
97.753,3.9961,8.5472,1.9970
97.761,3.9961,8.5497,1.9970
97.769,3.9961,8.5497,1.9970
97.777,3.9961,8.5522,1.9970
97.786,3.9961,8.5522,1.9970
97.793,3.9961,8.5522,1.9970
97.801,3.9961,8.5547,1.9970
97.809,3.9961,8.5547,1.9970
97.816,3.9961,8.5547,1.9970
97.824,3.9961,8.5572,1.9970
97.833,3.9961,8.5572,1.9970
97.839,3.9961,8.5597,1.9970
97.846,3.9961,8.5597,1.9970
97.852,3.9961,8.5597,1.9970
97.860,3.9961,8.5623,1.9970
97.867,3.9961,8.5623,1.9970
97.874,3.9961,8.5623,1.9970
97.882,3.9961,8.5648,1.9970
97.891,3.9961,8.5648,1.9970
97.898,3.9961,8.5673,1.9970
97.907,3.9961,8.5673,1.9970
97.914,3.9961,8.5673,1.9970
97.922,3.9961,8.5698,1.9970
97.932,3.9961,8.5698,1.9970
97.941,3.9961,8.5723,1.9970
97.951,3.9961,8.5723,1.9970
97.959,3.9961,8.5748,1.9970
97.967,3.9961,8.5748,1.9970
97.976,3.9961,8.5748,1.9970
97.984,3.9961,8.5773,1.9970
97.994,3.9961,8.5773,1.9970
98.001,3.9961,8.5798,1.9970
98.009,3.9961,8.5798,1.9970
98.017,3.9961,8.5823,1.9970
98.025,3.9961,8.5823,1.9970
98.033,3.9961,8.5823,1.9970
98.041,3.9961,8.5848,1.9970
98.049,3.9961,8.5848,1.9970
98.058,3.9961,8.5873,1.9970
98.067,3.9961,8.5873,1.9970
98.074,3.9961,8.5873,1.9970
98.083,3.9961,8.5898,1.9970
98.093,3.9961,8.5898,1.9970
98.100,3.9961,8.5923,1.9970
98.108,3.9961,8.5923,1.9970
98.115,3.9961,8.5923,1.9970
98.120,3.9961,8.5948,1.9970
98.128,3.9961,8.5948,1.9970
98.134,3.9961,8.5948,1.9970
98.140,3.9961,8.5974,1.9970
98.147,3.9961,8.5974,1.9970
98.154,3.9961,8.5974,1.9970
98.162,3.9961,8.5999,1.9970
98.169,3.9961,8.5999,1.9970
98.176,3.9961,8.5999,1.9970
98.183,3.9961,8.6024,1.9970
98.191,3.9961,8.6024,1.9970
98.199,3.9961,8.6049,1.9970
98.208,3.9961,8.6049,1.9970
98.215,3.9961,8.6049,1.9970
98.224,3.9961,8.6074,1.9970
98.231,3.9961,8.6074,1.9970
98.239,3.9961,8.6099,1.9970
98.247,3.9961,8.6099,1.9970
98.254,3.9961,8.6099,1.9970
98.261,3.9961,8.6124,1.9970
98.268,3.9961,8.6124,1.9970
98.276,3.9961,8.6124,1.9970
98.283,3.9961,8.6149,1.9970
98.290,3.9961,8.6149,1.9970
98.297,3.9961,8.6149,1.9970
98.306,3.9961,8.6174,1.9970
98.314,3.9961,8.6174,1.9970
98.321,3.9961,8.6199,1.9970
98.329,3.9961,8.6199,1.9970
98.336,3.9961,8.6199,1.9970
98.343,3.9961,8.6224,1.9970
98.352,3.9961,8.6224,1.9970
98.359,3.9961,8.6249,1.9970
98.368,3.9961,8.6249,1.9970
98.376,3.9961,8.6249,1.9970
98.383,3.9961,8.6274,1.9970
98.391,3.9961,8.6274,1.9970
98.399,3.9961,8.6299,1.9970
98.406,3.9961,8.6299,1.9970
98.414,3.9961,8.6299,1.9970
98.421,3.9961,8.6324,1.9970
98.429,3.9961,8.6324,1.9970
98.436,3.9961,8.6324,1.9970
98.443,3.9961,8.6349,1.9970
98.451,3.9961,8.6349,1.9970
98.458,3.9961,8.6374,1.9970
98.465,3.9961,8.6374,1.9970
98.473,3.9961,8.6374,1.9970
98.479,3.9961,8.6399,1.9970
98.488,3.9961,8.6399,1.9970
98.494,3.9961,8.6399,1.9970
98.502,3.9961,8.6424,1.9970
98.511,3.9961,8.6424,1.9970
98.518,3.9961,8.6449,1.9970
98.526,3.9961,8.6449,1.9970
98.533,3.9961,8.6449,1.9970
98.540,3.9961,8.6474,1.9970
98.549,3.9961,8.6474,1.9970
98.555,3.9961,8.6474,1.9970
98.561,3.9961,8.6499,1.9970
98.569,3.9961,8.6499,1.9970
98.577,3.9961,8.6524,1.9970
98.585,3.9961,8.6524,1.9970
98.592,3.9961,8.6524,1.9970
98.599,3.9961,8.6549,1.9970
98.607,3.9961,8.6549,1.9970
98.615,3.9961,8.6549,1.9970
98.621,3.9961,8.6574,1.9970
98.629,3.9961,8.6574,1.9970
98.634,3.9961,8.6574,1.9970
98.642,3.9961,8.6599,1.9970
98.650,3.9961,8.6599,1.9970
98.656,3.9961,8.6599,1.9970
98.664,3.9961,8.6624,1.9970
98.672,3.9961,8.6624,1.9970
98.681,3.9961,8.6649,1.9970
98.688,3.9961,8.6649,1.9970
98.695,3.9961,8.6649,1.9970
98.702,3.9961,8.6674,1.9970
98.710,3.9961,8.6674,1.9970
98.717,3.9961,8.6674,1.9970
98.725,3.9961,8.6699,1.9970
98.732,3.9961,8.6699,1.9970
98.740,3.9961,8.6724,1.9970
98.749,3.9961,8.6724,1.9970
98.757,3.9961,8.6749,1.9970
98.766,3.9961,8.6749,1.9970
98.774,3.9961,8.6749,1.9970
98.780,3.9961,8.6774,1.9970
98.789,3.9961,8.6774,1.9970
98.797,3.9961,8.6799,1.9970
98.805,3.9961,8.6799,1.9970
98.814,3.9961,8.6799,1.9970
98.821,3.9961,8.6824,1.9970
98.830,3.9961,8.6824,1.9970
98.836,3.9961,8.6824,1.9970
98.844,3.9961,8.6849,1.9970
98.852,3.9961,8.6849,1.9970
98.860,3.9961,8.6874,1.9970
98.868,3.9961,8.6874,1.9970
98.876,3.9961,8.6874,1.9970
98.883,3.9961,8.6899,1.9970
98.893,3.9961,8.6899,1.9970
98.900,3.9961,8.6924,1.9970
98.909,3.9961,8.6924,1.9970
98.917,3.9961,8.6949,1.9970
98.925,3.9961,8.6949,1.9970
98.931,3.9961,8.6949,1.9970
98.938,3.9961,8.6974,1.9970
98.947,3.9961,8.6974,1.9970
98.956,3.9961,8.6974,1.9970
98.963,3.9961,8.6998,1.9970
98.971,3.9961,8.6998,1.9970
98.979,3.9961,8.7023,1.9970
98.987,3.9961,8.7023,1.9970
98.994,3.9961,8.7023,1.9970
99.001,3.9961,8.7048,1.9970
99.011,3.9961,8.7048,1.9970
99.017,3.9961,8.7073,1.9970
99.026,3.9961,8.7073,1.9970
99.032,3.9961,8.7073,1.9970
99.040,3.9961,8.7098,1.9970
99.048,3.9961,8.7098,1.9970
99.055,3.9961,8.7098,1.9970
99.062,3.9961,8.7123,1.9970
99.069,3.9961,8.7123,1.9970
99.077,3.9961,8.7148,1.9970
99.085,3.9961,8.7148,1.9970
99.092,3.9961,8.7148,1.9970
99.099,3.9961,8.7173,1.9970
99.106,3.9961,8.7173,1.9970
99.113,3.9961,8.7173,1.9970
99.119,3.9961,8.7198,1.9970
99.129,3.9961,8.7198,1.9970
99.136,3.9961,8.7198,1.9970
99.148,3.9961,8.7222,1.9970
99.161,3.9961,8.7247,1.9970
99.170,3.9961,8.7247,1.9970
99.179,3.9961,8.7272,1.9970
99.187,3.9961,8.7272,1.9970
99.195,3.9961,8.7272,1.9970
99.202,3.9961,8.7297,1.9970
99.211,3.9961,8.7297,1.9970
99.219,3.9961,8.7322,1.9970
99.228,3.9961,8.7322,1.9970
99.234,3.9961,8.7322,1.9970
99.242,3.9961,8.7346,1.9970
99.251,3.9961,8.7346,1.9970
99.259,3.9961,8.7371,1.9970
99.265,3.9961,8.7371,1.9970
99.273,3.9961,8.7371,1.9970
99.281,3.9961,8.7396,1.9970
99.289,3.9961,8.7396,1.9970
99.296,3.9961,8.7396,1.9970
99.303,3.9961,8.7421,1.9970
99.313,3.9961,8.7421,1.9970
99.320,3.9961,8.7446,1.9970
99.328,3.9961,8.7446,1.9970
99.336,3.9961,8.7446,1.9970
99.344,3.9961,8.7471,1.9970
99.352,3.9961,8.7471,1.9970
99.359,3.9961,8.7495,1.9970
99.368,3.9961,8.7495,1.9970
99.376,3.9961,8.7495,1.9970
99.383,3.9961,8.7520,1.9970
99.391,3.9961,8.7520,1.9970
99.398,3.9961,8.7545,1.9970
99.406,3.9961,8.7545,1.9970
99.413,3.9961,8.7545,1.9970
99.419,3.9961,8.7570,1.9970
99.428,3.9961,8.7570,1.9970
99.435,3.9961,8.7570,1.9970
99.442,3.9961,8.7595,1.9970
99.449,3.9961,8.7595,1.9970
99.456,3.9961,8.7595,1.9970
99.467,3.9961,8.7620,1.9970
99.482,3.9961,8.7645,1.9970
99.490,3.9961,8.7645,1.9970
99.497,3.9961,8.7670,1.9970
99.505,3.9961,8.7670,1.9970
99.513,3.9961,8.7670,1.9970
99.520,3.9961,8.7695,1.9970
99.528,3.9961,8.7695,1.9970
99.535,3.9961,8.7695,1.9970
99.543,3.9961,8.7720,1.9970
99.551,3.9961,8.7720,1.9970
99.558,3.9961,8.7745,1.9970
99.565,3.9961,8.7745,1.9970
99.572,3.9961,8.7745,1.9970
99.578,3.9961,8.7770,1.9970
99.587,3.9961,8.7770,1.9970
99.593,3.9961,8.7770,1.9970
99.600,3.9961,8.7795,1.9970
99.607,3.9961,8.7795,1.9970
99.615,3.9961,8.7795,1.9970
99.622,3.9961,8.7820,1.9970
99.631,3.9961,8.7820,1.9970
99.637,3.9961,8.7845,1.9970
99.647,3.9961,8.7845,1.9970
99.654,3.9961,8.7845,1.9970
99.661,3.9961,8.7870,1.9970
99.668,3.9961,8.7870,1.9970
99.675,3.9961,8.7870,1.9970
99.682,3.9961,8.7895,1.9970
99.689,3.9961,8.7895,1.9970
99.696,3.9961,8.7895,1.9970
99.703,3.9961,8.7920,1.9970
99.711,3.9961,8.7920,1.9970
99.717,3.9961,8.7945,1.9970
99.726,3.9961,8.7945,1.9970
99.733,3.9961,8.7945,1.9970
99.740,3.9961,8.7970,1.9970
99.749,3.9961,8.7970,1.9970
99.757,3.9961,8.7970,1.9970
99.764,3.9961,8.7995,1.9970
99.772,3.9961,8.7995,1.9970
99.780,3.9961,8.8020,1.9970
99.787,3.9961,8.8020,1.9970
99.795,3.9961,8.8020,1.9970
99.801,3.9961,8.8045,1.9970
99.810,3.9961,8.8045,1.9970
99.817,3.9961,8.8070,1.9970
99.826,3.9961,8.8070,1.9970
99.833,3.9961,8.8070,1.9970
99.841,3.9961,8.8095,1.9970
99.850,3.9961,8.8095,1.9970
99.857,3.9961,8.8120,1.9970
99.866,3.9961,8.8120,1.9970
99.872,3.9961,8.8120,1.9970
99.880,3.9961,8.8145,1.9970
99.888,3.9961,8.8145,1.9970
99.895,3.9961,8.8145,1.9970
99.902,3.9961,8.8170,1.9970
99.912,3.9961,8.8170,1.9970
99.919,3.9961,8.8196,1.9970
99.928,3.9961,8.8196,1.9970
99.935,3.9961,8.8196,1.9970
99.943,3.9961,8.8221,1.9970
99.952,3.9961,8.8221,1.9970
99.960,3.9961,8.8246,1.9970
99.969,3.9961,8.8246,1.9970
99.979,3.9961,8.8271,1.9970
99.988,3.9961,8.8271,1.9970
99.996,3.9961,8.8271,1.9970
100.003,3.9961,8.8296,1.9970
100.013,3.9961,8.8296,1.9970
100.020,3.9961,8.8321,1.9970
100.029,3.9961,8.8321,1.9970
100.037,3.9961,8.8321,1.9970
100.046,3.9961,8.8346,1.9970
100.055,3.9961,8.8346,1.9970
100.062,3.9961,8.8371,1.9970
100.071,3.9961,8.8371,1.9970
100.080,3.9961,8.8396,1.9970
100.088,3.9961,8.8396,1.9970
100.095,3.9961,8.8396,1.9970
100.103,3.9961,8.8421,1.9970
100.111,3.9961,8.8421,1.9970
100.119,3.9961,8.8446,1.9970
100.128,3.9961,8.8446,1.9970
100.135,3.9961,8.8446,1.9970
100.142,3.9961,8.8471,1.9970
100.150,3.9961,8.8471,1.9970
100.162,3.9961,8.8496,1.9970
100.171,3.9961,8.8496,1.9970
100.180,3.9961,8.8521,1.9970
100.188,3.9961,8.8521,1.9970
100.196,3.9961,8.8521,1.9970
100.202,3.9961,8.8546,1.9970
100.211,3.9961,8.8546,1.9970
100.218,3.9961,8.8571,1.9970
100.227,3.9961,8.8571,1.9970
100.233,3.9961,8.8571,1.9970
100.242,3.9961,8.8596,1.9970
100.250,3.9961,8.8596,1.9970
100.259,3.9961,8.8621,1.9970
100.267,3.9961,8.8621,1.9970
100.275,3.9961,8.8621,1.9970
100.282,3.9961,8.8646,1.9970
100.292,3.9961,8.8646,1.9970
100.298,3.9961,8.8671,1.9970
100.306,3.9961,8.8671,1.9970
100.314,3.9961,8.8671,1.9970
100.321,3.9961,8.8697,1.9970
100.329,3.9961,8.8697,1.9970
100.337,3.9961,8.8722,1.9970
100.346,3.9961,8.8722,1.9970
100.354,3.9961,8.8722,1.9970
100.361,3.9961,8.8747,1.9970
100.370,3.9961,8.8747,1.9970
100.377,3.9961,8.8772,1.9970
100.386,3.9961,8.8772,1.9970
100.393,3.9961,8.8772,1.9970
100.401,3.9961,8.8797,1.9970
100.410,3.9961,8.8797,1.9970
100.417,3.9961,8.8822,1.9970
100.425,3.9961,8.8822,1.9970
100.433,3.9961,8.8822,1.9970
100.439,3.9961,8.8847,1.9970
100.448,3.9961,8.8847,1.9970
100.454,3.9961,8.8847,1.9970
100.462,3.9961,8.8872,1.9970
100.469,3.9961,8.8872,1.9970
100.476,3.9961,8.8872,1.9970
100.483,3.9961,8.8897,1.9970
100.491,3.9961,8.8897,1.9970
100.499,3.9961,8.8922,1.9970
100.506,3.9961,8.8922,1.9970
100.515,3.9961,8.8922,1.9970
100.522,3.9961,8.8947,1.9970
100.531,3.9961,8.8947,1.9970
100.537,3.9961,8.8972,1.9970
100.547,3.9961,8.8972,1.9970
100.554,3.9961,8.8972,1.9970
100.562,3.9961,8.8997,1.9970
100.570,3.9961,8.8997,1.9970
100.579,3.9961,8.9022,1.9970
100.587,3.9961,8.9022,1.9970
100.594,3.9961,8.9022,1.9970
100.601,3.9961,8.9047,1.9970
100.612,3.9961,8.9047,1.9970
100.619,3.9961,8.9072,1.9970
100.627,3.9961,8.9072,1.9970
100.634,3.9961,8.9072,1.9970
100.643,3.9961,8.9097,1.9970
100.652,3.9961,8.9097,1.9970
100.659,3.9961,8.9122,1.9970
100.666,3.9961,8.9122,1.9970
100.673,3.9961,8.9122,1.9970
100.679,3.9961,8.9147,1.9970
100.687,3.9961,8.9147,1.9970
100.693,3.9961,8.9147,1.9970
100.700,3.9961,8.9172,1.9970
100.709,3.9961,8.9172,1.9970
100.716,3.9961,8.9172,1.9970
100.723,3.9961,8.9197,1.9970
100.732,3.9961,8.9197,1.9970
100.739,3.9961,8.9222,1.9970
100.748,3.9961,8.9222,1.9970
100.755,3.9961,8.9222,1.9970
100.763,3.9961,8.9247,1.9970
100.771,3.9961,8.9247,1.9970
100.779,3.9961,8.9272,1.9970
100.786,3.9961,8.9272,1.9970
100.795,3.9961,8.9272,1.9970
100.801,3.9961,8.9297,1.9970
100.809,3.9961,8.9297,1.9970
100.817,3.9961,8.9322,1.9970
100.826,3.9961,8.9322,1.9970
100.834,3.9961,8.9322,1.9970
100.842,3.9961,8.9347,1.9970
100.849,3.9961,8.9347,1.9970
100.857,3.9961,8.9372,1.9970
100.866,3.9961,8.9372,1.9970
100.874,3.9961,8.9372,1.9970
100.883,3.9961,8.9397,1.9970
100.891,3.9961,8.9397,1.9970
100.898,3.9961,8.9422,1.9970
100.906,3.9961,8.9422,1.9970
100.914,3.9961,8.9422,1.9970
100.921,3.9961,8.9447,1.9970
100.930,3.9961,8.9447,1.9970
100.937,3.9961,8.9473,1.9970
100.947,3.9961,8.9473,1.9970
100.954,3.9961,8.9473,1.9970
100.962,3.9961,8.9498,1.9970
100.970,3.9961,8.9498,1.9970
100.979,3.9961,8.9523,1.9970
100.987,3.9961,8.9523,1.9970
100.997,3.9961,8.9523,1.9970
101.003,3.9961,8.9548,1.9970
101.012,3.9961,8.9548,1.9970
101.019,3.9961,8.9573,1.9970
101.028,3.9961,8.9573,1.9970
101.036,3.9961,8.9573,1.9970
101.046,3.9961,8.9598,1.9970
101.054,3.9961,8.9598,1.9970
101.061,3.9961,8.9623,1.9970
101.069,3.9961,8.9623,1.9970
101.076,3.9961,8.9623,1.9970
101.083,3.9961,8.9648,1.9970
101.091,3.9961,8.9648,1.9970
101.099,3.9961,8.9673,1.9970
101.106,3.9961,8.9673,1.9970
101.114,3.9961,8.9673,1.9970
101.122,3.9961,8.9698,1.9970
101.130,3.9961,8.9698,1.9970
101.137,3.9961,8.9723,1.9970
101.146,3.9961,8.9723,1.9970
101.154,3.9961,8.9723,1.9970
101.161,3.9961,8.9748,1.9970
101.169,3.9961,8.9748,1.9970
101.177,3.9961,8.9748,1.9970
101.183,3.9961,8.9774,1.9970
101.193,3.9961,8.9774,1.9970
101.200,3.9961,8.9799,1.9970
101.208,3.9961,8.9799,1.9970
101.217,3.9961,8.9799,1.9970
101.224,3.9961,8.9824,1.9970
101.233,3.9961,8.9824,1.9970
101.241,3.9961,8.9849,1.9970
101.250,3.9961,8.9849,1.9970
101.257,3.9961,8.9874,1.9970
101.266,3.9961,8.9874,1.9970
101.274,3.9961,8.9874,1.9970
101.283,3.9961,8.9899,1.9970
101.291,3.9961,8.9899,1.9970
101.299,3.9961,8.9924,1.9970
101.307,3.9961,8.9924,1.9970
101.315,3.9961,8.9924,1.9970
101.322,3.9961,8.9950,1.9970
101.332,3.9961,8.9950,1.9970
101.339,3.9961,8.9975,1.9970
101.349,3.9961,8.9975,1.9970
101.356,3.9961,8.9975,1.9970
101.365,3.9961,9.0000,1.9970
101.374,3.9961,9.0000,1.9970
101.381,3.9961,9.0025,1.9970
101.389,3.9961,9.0025,1.9970
101.399,3.9961,9.0050,1.9970
101.408,3.9961,9.0050,1.9970
101.415,3.9961,9.0050,1.9970
101.423,3.9961,9.0075,1.9970
101.432,3.9961,9.0075,1.9970
101.440,3.9961,9.0101,1.9970
101.448,3.9961,9.0101,1.9970
101.456,3.9961,9.0101,1.9970
101.463,3.9961,9.0126,1.9970
101.471,3.9961,9.0126,1.9970
101.478,3.9961,9.0151,1.9970
101.486,3.9961,9.0151,1.9970
101.493,3.9961,9.0151,1.9970
101.499,3.9961,9.0176,1.9970
101.507,3.9961,9.0176,1.9970
101.513,3.9961,9.0176,1.9970
101.522,3.9961,9.0201,1.9970
101.529,3.9961,9.0201,1.9970
101.536,3.9961,9.0201,1.9970
101.545,3.9961,9.0226,1.9970
101.553,3.9961,9.0226,1.9970
101.559,3.9961,9.0252,1.9970
101.567,3.9961,9.0252,1.9970
101.574,3.9961,9.0252,1.9970
101.581,3.9961,9.0277,1.9970
101.588,3.9961,9.0277,1.9970
101.594,3.9961,9.0277,1.9970
101.601,3.9961,9.0302,1.9970
101.611,3.9961,9.0302,1.9970
101.618,3.9961,9.0327,1.9970
101.625,3.9961,9.0327,1.9970
101.633,3.9961,9.0327,1.9970
101.640,3.9961,9.0352,1.9970
101.649,3.9961,9.0352,1.9970
101.655,3.9961,9.0352,1.9970
101.663,3.9961,9.0377,1.9970
101.672,3.9961,9.0377,1.9970
101.679,3.9961,9.0402,1.9970
101.687,3.9961,9.0402,1.9970
101.702,3.9961,9.0427,1.9970
101.716,3.9961,9.0427,1.9970
101.724,3.9961,9.0452,1.9970
101.733,3.9961,9.0452,1.9970
101.741,3.9961,9.0477,1.9970
101.749,3.9961,9.0477,1.9970
101.759,3.9961,9.0503,1.9970
101.766,3.9961,9.0503,1.9970
101.775,3.9961,9.0503,1.9970
101.781,3.9961,9.0528,1.9970
101.792,3.9961,9.0528,1.9970
101.800,3.9961,9.0553,1.9970
101.808,3.9961,9.0553,1.9970
101.816,3.9961,9.0553,1.9970
101.825,3.9961,9.0578,1.9970
101.832,3.9961,9.0578,1.9970
101.841,3.9961,9.0603,1.9970
101.850,3.9961,9.0603,1.9970
101.858,3.9961,9.0628,1.9970
101.866,3.9961,9.0628,1.9970
101.873,3.9961,9.0628,1.9970
101.881,3.9961,9.0653,1.9970
101.889,3.9961,9.0653,1.9970
101.896,3.9961,9.0653,1.9970
101.904,3.9961,9.0678,1.9970
101.915,3.9961,9.0678,1.9970
101.922,3.9961,9.0703,1.9970
101.931,3.9961,9.0703,1.9970
101.937,3.9961,9.0728,1.9970
101.946,3.9961,9.0728,1.9970
101.954,3.9961,9.0728,1.9970
101.963,3.9961,9.0753,1.9970
101.972,3.9961,9.0753,1.9970
101.979,3.9961,9.0778,1.9970
101.989,3.9961,9.0778,1.9970
101.997,3.9961,9.0778,1.9970
102.004,3.9961,9.0803,1.9970
102.013,3.9961,9.0803,1.9970
102.022,3.9961,9.0828,1.9970
102.030,3.9961,9.0828,1.9970
102.036,3.9961,9.0828,1.9970
102.044,3.9961,9.0853,1.9970
102.052,3.9961,9.0853,1.9970
102.059,3.9961,9.0878,1.9970
102.067,3.9961,9.0878,1.9970
102.074,3.9961,9.0878,1.9970
102.081,3.9961,9.0903,1.9970
102.089,3.9961,9.0903,1.9970
102.096,3.9961,9.0903,1.9970
102.102,3.9961,9.0929,1.9970
102.111,3.9961,9.0929,1.9970
102.118,3.9961,9.0954,1.9970
102.126,3.9961,9.0954,1.9970
102.133,3.9961,9.0954,1.9970
102.140,3.9961,9.0979,1.9970
102.149,3.9961,9.0979,1.9970
102.155,3.9961,9.0979,1.9970
102.165,3.9961,9.1004,1.9970
102.173,3.9961,9.1004,1.9970
102.181,3.9961,9.1029,1.9970
102.188,3.9961,9.1029,1.9970
102.196,3.9961,9.1029,1.9970
102.204,3.9961,9.1054,1.9970
102.215,3.9961,9.1054,1.9970
102.222,3.9961,9.1079,1.9970
102.231,3.9961,9.1079,1.9970
102.240,3.9961,9.1104,1.9970
102.248,3.9961,9.1104,1.9970
102.257,3.9961,9.1104,1.9970
102.265,3.9961,9.1129,1.9970
102.274,3.9961,9.1129,1.9970
102.281,3.9961,9.1155,1.9970
102.289,3.9961,9.1155,1.9970
102.296,3.9961,9.1155,1.9970
102.304,3.9961,9.1180,1.9970
102.312,3.9961,9.1180,1.9970
102.318,3.9961,9.1205,1.9970
102.328,3.9961,9.1205,1.9970
102.336,3.9961,9.1205,1.9970
102.343,3.9961,9.1230,1.9970
102.351,3.9961,9.1230,1.9970
102.359,3.9961,9.1255,1.9970
102.367,3.9961,9.1255,1.9970
102.375,3.9961,9.1255,1.9970
102.382,3.9961,9.1280,1.9970
102.392,3.9961,9.1280,1.9970
102.400,3.9961,9.1305,1.9970
102.407,3.9961,9.1305,1.9970
102.416,3.9961,9.1305,1.9970
102.423,3.9961,9.1330,1.9970
102.431,3.9961,9.1330,1.9970
102.437,3.9961,9.1355,1.9970
102.446,3.9961,9.1355,1.9970
102.453,3.9961,9.1355,1.9970
102.460,3.9961,9.1380,1.9970
102.467,3.9961,9.1380,1.9970
102.474,3.9961,9.1380,1.9970
102.483,3.9961,9.1406,1.9970
102.491,3.9961,9.1406,1.9970
102.498,3.9961,9.1431,1.9970
102.506,3.9961,9.1431,1.9970
102.513,3.9961,9.1431,1.9970
102.520,3.9961,9.1456,1.9970
102.529,3.9961,9.1456,1.9970
102.535,3.9961,9.1456,1.9970
102.545,3.9961,9.1481,1.9970
102.552,3.9961,9.1481,1.9970
102.561,3.9961,9.1506,1.9970
102.569,3.9961,9.1506,1.9970
102.578,3.9961,9.1531,1.9970
102.586,3.9961,9.1531,1.9970
102.593,3.9961,9.1531,1.9970
102.600,3.9961,9.1556,1.9970
102.609,3.9961,9.1556,1.9970
102.616,3.9961,9.1556,1.9970
102.625,3.9961,9.1581,1.9970
102.633,3.9961,9.1581,1.9970
102.640,3.9961,9.1606,1.9970
102.648,3.9961,9.1606,1.9970
102.656,3.9961,9.1606,1.9970
102.664,3.9961,9.1631,1.9970
102.672,3.9961,9.1631,1.9970
102.679,3.9961,9.1656,1.9970
102.687,3.9961,9.1656,1.9970
102.695,3.9961,9.1656,1.9970
102.701,3.9961,9.1681,1.9970
102.708,3.9961,9.1681,1.9970
102.715,3.9961,9.1681,1.9970
102.722,3.9961,9.1706,1.9970
102.730,3.9961,9.1706,1.9970
102.736,3.9961,9.1706,1.9970
102.743,3.9961,9.1731,1.9970
102.752,3.9961,9.1731,1.9970
102.759,3.9961,9.1756,1.9970
102.767,3.9961,9.1756,1.9970
102.773,3.9961,9.1756,1.9970
102.783,3.9961,9.1781,1.9970
102.792,3.9961,9.1781,1.9970
102.800,3.9961,9.1806,1.9970
102.809,3.9961,9.1806,1.9970
102.817,3.9961,9.1831,1.9970
102.829,3.9961,9.1831,1.9970
102.836,3.9961,9.1831,1.9970
102.845,3.9961,9.1856,1.9970
102.853,3.9961,9.1856,1.9970
102.859,3.9961,9.1881,1.9970
102.867,3.9961,9.1881,1.9970
102.874,3.9961,9.1881,1.9970
102.882,3.9961,9.1906,1.9970
102.889,3.9961,9.1906,1.9970
102.896,3.9961,9.1906,1.9970
102.904,3.9961,9.1931,1.9970
102.913,3.9961,9.1931,1.9970
102.920,3.9961,9.1956,1.9970
102.928,3.9961,9.1956,1.9970
102.936,3.9961,9.1956,1.9970
102.944,3.9961,9.1981,1.9970
102.952,3.9961,9.1981,1.9970
102.959,3.9961,9.2006,1.9970
102.968,3.9961,9.2006,1.9970
102.976,3.9961,9.2006,1.9970
102.983,3.9961,9.2031,1.9970
102.991,3.9961,9.2031,1.9970
102.998,3.9961,9.2056,1.9970
103.006,3.9961,9.2056,1.9970
103.014,3.9961,9.2056,1.9970
103.022,3.9961,9.2081,1.9970
103.033,3.9961,9.2081,1.9970
103.041,3.9961,9.2106,1.9970
103.048,3.9961,9.2106,1.9970
103.057,3.9961,9.2106,1.9970
103.064,3.9961,9.2131,1.9970
103.071,3.9961,9.2131,1.9970
103.079,3.9961,9.2156,1.9970
103.088,3.9961,9.2156,1.9970
103.095,3.9961,9.2156,1.9970
103.102,3.9961,9.2181,1.9970
103.111,3.9961,9.2181,1.9970
103.118,3.9961,9.2206,1.9970
103.126,3.9961,9.2206,1.9970
103.133,3.9961,9.2206,1.9970
103.141,3.9961,9.2231,1.9970
103.150,3.9961,9.2231,1.9970
103.157,3.9961,9.2256,1.9970
103.165,3.9961,9.2256,1.9970
103.172,3.9961,9.2256,1.9970
103.179,3.9961,9.2281,1.9970
103.187,3.9961,9.2281,1.9970
103.194,3.9961,9.2281,1.9970
103.202,3.9961,9.2306,1.9970
103.210,3.9961,9.2306,1.9970
103.217,3.9961,9.2331,1.9970
103.226,3.9961,9.2331,1.9970
103.233,3.9961,9.2331,1.9970
103.242,3.9961,9.2356,1.9970
103.251,3.9961,9.2356,1.9970
103.258,3.9961,9.2381,1.9970
103.266,3.9961,9.2381,1.9970
103.273,3.9961,9.2381,1.9970
103.280,3.9961,9.2406,1.9970
103.287,3.9961,9.2406,1.9970
103.295,3.9961,9.2406,1.9970
103.302,3.9961,9.2431,1.9970
103.310,3.9961,9.2431,1.9970
103.316,3.9961,9.2431,1.9970
103.324,3.9961,9.2456,1.9970
103.334,3.9961,9.2456,1.9970
103.343,3.9961,9.2481,1.9970
103.352,3.9961,9.2481,1.9970
103.362,3.9961,9.2506,1.9970
103.370,3.9961,9.2506,1.9970
103.379,3.9961,9.2531,1.9970
103.387,3.9961,9.2531,1.9970
103.395,3.9961,9.2531,1.9970
103.401,3.9961,9.2556,1.9970
103.410,3.9961,9.2556,1.9970
103.417,3.9961,9.2581,1.9970
103.427,3.9961,9.2581,1.9970
103.433,3.9961,9.2581,1.9970
103.441,3.9961,9.2606,1.9970
103.448,3.9961,9.2606,1.9970
103.456,3.9961,9.2606,1.9970
103.463,3.9961,9.2631,1.9970
103.472,3.9961,9.2631,1.9970
103.481,3.9961,9.2656,1.9970
103.490,3.9961,9.2656,1.9970
103.496,3.9961,9.2656,1.9970
103.504,3.9961,9.2681,1.9970
103.514,3.9961,9.2681,1.9970
103.521,3.9961,9.2706,1.9970
103.529,3.9961,9.2706,1.9970
103.537,3.9961,9.2706,1.9970
103.544,3.9961,9.2731,1.9970
103.552,3.9961,9.2731,1.9970
103.559,3.9961,9.2756,1.9970
103.568,3.9961,9.2756,1.9970
103.575,3.9961,9.2756,1.9970
103.582,3.9961,9.2781,1.9970
103.589,3.9961,9.2781,1.9970
103.596,3.9961,9.2781,1.9970
103.603,3.9961,9.2806,1.9970
103.612,3.9961,9.2806,1.9970
103.618,3.9961,9.2831,1.9970
103.627,3.9961,9.2831,1.9970
103.633,3.9961,9.2831,1.9970
103.639,3.9961,9.2856,1.9970
103.647,3.9961,9.2856,1.9970
103.654,3.9961,9.2856,1.9970
103.663,3.9961,9.2881,1.9970
103.671,3.9961,9.2881,1.9970
103.680,3.9961,9.2906,1.9970
103.688,3.9961,9.2906,1.9970
103.695,3.9961,9.2906,1.9970
103.702,3.9961,9.2931,1.9970
103.711,3.9961,9.2931,1.9970
103.720,3.9961,9.2956,1.9970
103.728,3.9961,9.2956,1.9970
103.734,3.9961,9.2956,1.9970
103.742,3.9961,9.2981,1.9970
103.751,3.9961,9.2981,1.9970
103.758,3.9961,9.3006,1.9970
103.766,3.9961,9.3006,1.9970
103.774,3.9961,9.3006,1.9970
103.782,3.9961,9.3031,1.9970
103.791,3.9961,9.3031,1.9970
103.798,3.9961,9.3056,1.9970
103.806,3.9961,9.3056,1.9970
103.814,3.9961,9.3056,1.9970
103.820,3.9961,9.3081,1.9970
103.830,3.9961,9.3081,1.9970
103.837,3.9961,9.3106,1.9970
103.847,3.9961,9.3106,1.9970
103.854,3.9961,9.3106,1.9970
103.863,3.9961,9.3131,1.9970
103.870,3.9961,9.3131,1.9970
103.878,3.9961,9.3156,1.9970
103.885,3.9961,9.3156,1.9970
103.893,3.9961,9.3156,1.9970
103.899,3.9961,9.3181,1.9970
103.909,3.9961,9.3181,1.9970
103.915,3.9961,9.3181,1.9970
103.924,3.9961,9.3206,1.9970
103.932,3.9961,9.3206,1.9970
103.940,3.9961,9.3231,1.9970
103.948,3.9961,9.3231,1.9970
103.965,3.9961,9.3256,1.9970
103.973,3.9961,9.3256,1.9970
103.979,3.9961,9.3281,1.9970
103.988,3.9961,9.3281,1.9970
103.995,3.9961,9.3281,1.9970
104.003,3.9961,9.3306,1.9970
104.011,3.9961,9.3306,1.9970
104.018,3.9961,9.3331,1.9970
104.027,3.9961,9.3331,1.9970
104.034,3.9961,9.3331,1.9970
104.042,3.9961,9.3356,1.9970
104.051,3.9961,9.3356,1.9970
104.059,3.9961,9.3381,1.9970
104.067,3.9961,9.3381,1.9970
104.074,3.9961,9.3381,1.9970
104.083,3.9961,9.3406,1.9970
104.092,3.9961,9.3406,1.9970
104.101,3.9961,9.3431,1.9970
104.110,3.9961,9.3431,1.9970
104.118,3.9961,9.3456,1.9970
104.127,3.9961,9.3456,1.9970
104.133,3.9961,9.3456,1.9970
104.140,3.9961,9.3481,1.9970
104.149,3.9961,9.3481,1.9970
104.156,3.9961,9.3481,1.9970
104.165,3.9961,9.3506,1.9970
104.173,3.9961,9.3506,1.9970
104.182,3.9961,9.3531,1.9970
104.190,3.9961,9.3531,1.9970
104.197,3.9961,9.3531,1.9970
104.205,3.9961,9.3556,1.9970
104.214,3.9961,9.3556,1.9970
104.221,3.9961,9.3581,1.9970
104.230,3.9961,9.3581,1.9970
104.237,3.9961,9.3606,1.9970
104.247,3.9961,9.3606,1.9970
104.254,3.9961,9.3606,1.9970
104.261,3.9961,9.3631,1.9970
104.269,3.9961,9.3631,1.9970
104.276,3.9961,9.3631,1.9970
104.283,3.9961,9.3640,1.9970
104.292,3.9961,9.3640,1.9970
104.299,3.9961,9.3640,1.9970
104.306,3.9961,9.3640,1.9970
104.313,3.9961,9.3640,1.9970
104.320,3.9961,9.3640,1.9970
104.329,3.9961,9.3640,1.9970
104.336,3.9961,9.3640,1.9970
104.342,3.9961,9.3640,1.9970
104.351,3.9961,9.3640,1.9970
104.358,3.9961,9.3640,1.9970
104.366,3.9961,9.3640,1.9970
104.373,3.9961,9.3640,1.9970
104.382,3.9961,9.3640,1.9970
104.390,3.9961,9.3640,1.9970
104.397,3.9961,9.3640,1.9970
104.405,3.9961,9.3640,1.9970
104.414,3.9961,9.3640,1.9970
104.423,3.9961,9.3640,1.9970
104.431,3.9961,9.3640,1.9970
104.439,3.9961,9.3640,1.9970
104.448,3.9961,9.3640,1.9970
104.455,3.9961,9.3640,1.9970
104.462,3.9961,9.3640,1.9970
104.470,3.9961,9.3640,1.9970
104.479,3.9961,9.3640,1.9970
104.487,3.9961,9.3640,1.9970
104.493,3.9961,9.3640,1.9970
104.500,3.9961,9.3640,1.9970
104.509,3.9961,9.3640,1.9970
104.514,3.9961,9.3640,1.9970
104.520,3.9961,9.3640,1.9970
104.528,3.9961,9.3640,1.9970
104.535,3.9961,9.3640,1.9970
104.542,3.9961,9.3640,1.9970
104.549,3.9961,9.3640,1.9970
104.556,3.9961,9.3640,1.9970
104.564,3.9961,9.3640,1.9970
104.573,3.9961,9.3640,1.9970
104.581,3.9961,9.3640,1.9970
104.587,3.9961,9.3640,1.9970
104.595,3.9961,9.3640,1.9970
104.602,3.9961,9.3640,1.9970
104.610,3.9961,9.3640,1.9970
104.617,3.9961,9.3640,1.9970
104.626,3.9961,9.3640,1.9970
104.633,3.9961,9.3640,1.9970
104.640,3.9961,9.3640,1.9970
104.648,3.9961,9.3640,1.9970
104.656,3.9961,9.3640,1.9970
104.664,3.9961,9.3640,1.9970
104.671,3.9961,9.3640,1.9970
104.679,3.9961,9.3640,1.9970
104.687,3.9961,9.3640,1.9970
104.694,3.9961,9.3640,1.9970
104.700,3.9961,9.3640,1.9970
104.709,3.9961,9.3640,1.9970
104.715,3.9961,9.3640,1.9970
104.723,3.9961,9.3640,1.9970
104.730,3.9961,9.3640,1.9970
104.737,3.9961,9.3640,1.9970
104.744,3.9961,9.3640,1.9970
104.754,3.9961,9.3640,1.9970
104.760,3.9961,9.3640,1.9970
104.768,3.9961,9.3640,1.9970
104.777,3.9961,9.3640,1.9970
104.786,3.9961,9.3640,1.9970
104.794,3.9961,9.3640,1.9970
104.801,3.9961,9.3640,1.9970
104.811,3.9961,9.3640,1.9970
104.817,3.9961,9.3640,1.9970
104.823,3.9961,9.3640,1.9970
104.832,3.9961,9.3640,1.9970
104.839,3.9961,9.3640,1.9970
104.848,3.9961,9.3640,1.9970
104.855,3.9961,9.3640,1.9970
104.863,3.9961,9.3640,1.9970
104.870,3.9961,9.3640,1.9970
104.878,3.9961,9.3640,1.9970
104.886,3.9961,9.3640,1.9970
104.893,3.9961,9.3640,1.9970
104.901,3.9961,9.3640,1.9970
104.910,3.9961,9.3640,1.9970
104.918,3.9961,9.3640,1.9970
104.926,3.9961,9.3640,1.9970
104.933,3.9961,9.3640,1.9970
104.941,3.9961,9.3640,1.9970
104.948,3.9961,9.3640,1.9970
104.955,3.9961,9.3640,1.9970
104.963,3.9961,9.3640,1.9970
104.969,3.9961,9.3640,1.9970
104.978,3.9961,9.3640,1.9970
104.986,3.9961,9.3640,1.9970
104.995,3.9961,9.3640,1.9970
105.002,3.9961,9.3640,1.9970
105.010,3.9961,9.3640,1.9970
105.018,3.9961,9.3640,1.9970
105.027,3.9961,9.3640,1.9970
105.035,3.9961,9.3640,1.9970
105.043,3.9961,9.3640,1.9970
105.051,3.9961,9.3640,1.9970
105.060,3.9961,9.3640,1.9970
105.068,3.9961,9.3640,1.9970
105.076,3.9961,9.3640,1.9970
105.084,3.9961,9.3640,1.9970
105.093,3.9961,9.3640,1.9970
105.100,3.9961,9.3640,1.9970
105.107,3.9961,9.3640,1.9970
105.115,3.9961,9.3640,1.9970
105.122,3.9961,9.3640,1.9970
105.130,3.9961,9.3640,1.9970
105.138,3.9961,9.3640,1.9970
105.147,3.9961,9.3640,1.9970
105.153,3.9961,9.3640,1.9970
105.161,3.9961,9.3640,1.9972
105.169,3.9961,9.3640,1.9972
105.176,3.9961,9.3640,1.9972
105.183,3.9961,9.3640,1.9977
105.192,3.9961,9.3640,1.9977
105.199,3.9961,9.3640,1.9983
105.208,3.9961,9.3640,1.9983
105.214,3.9961,9.3640,1.9983
105.221,3.9961,9.3640,1.9990
105.229,3.9961,9.3640,1.9990
105.236,3.9961,9.3640,1.9990
105.243,3.9961,9.3640,2.0015
105.250,3.9961,9.3640,2.0015
105.257,3.9961,9.3640,2.0042
105.265,3.9961,9.3640,2.0042
105.272,3.9961,9.3640,2.0042
105.278,3.9961,9.3640,2.0074
105.286,3.9961,9.3640,2.0074
105.295,3.9961,9.3640,2.0074
105.302,3.9961,9.3640,2.0146
105.311,3.9961,9.3640,2.0146
105.319,3.9961,9.3640,2.0226
105.328,3.9961,9.3640,2.0226
105.334,3.9961,9.3640,2.0226
105.341,3.9961,9.3640,2.0314
105.349,3.9961,9.3640,2.0314
105.356,3.9961,9.3640,2.0314
105.364,3.9961,9.3640,2.0410
105.373,3.9961,9.3640,2.0410
105.380,3.9961,9.3640,2.0598
105.390,3.9961,9.3640,2.0598
105.397,3.9961,9.3640,2.0796
105.406,3.9961,9.3640,2.0796
105.414,3.9961,9.3640,2.0796
105.420,3.9961,9.3640,2.1003
105.428,3.9961,9.3640,2.1003
105.434,3.9961,9.3640,2.1003
105.443,3.9961,9.3640,2.1217
105.451,3.9961,9.3640,2.1217
105.458,3.9961,9.3640,2.1434
105.466,3.9961,9.3640,2.1434
105.474,3.9961,9.3640,2.1434
105.481,3.9961,9.3640,2.1653
105.491,3.9961,9.3640,2.1653
105.499,3.9961,9.3640,2.1870
105.508,3.9961,9.3640,2.1870
105.515,3.9961,9.3640,2.1870
105.522,3.9961,9.3640,2.2085
105.531,3.9961,9.3640,2.2085
105.539,3.9961,9.3640,2.2299
105.545,3.9961,9.3640,2.2299
105.553,3.9961,9.3640,2.2299
105.561,3.9961,9.3640,2.2512
105.571,3.9961,9.3640,2.2512
105.578,3.9961,9.3640,2.2725
105.587,3.9961,9.3640,2.2725
105.594,3.9961,9.3640,2.2725
105.601,3.9961,9.3640,2.2936
105.610,3.9961,9.3640,2.2936
105.619,3.9961,9.3640,2.3147
105.628,3.9961,9.3640,2.3147
105.635,3.9961,9.3640,2.3147
105.642,3.9961,9.3640,2.3357
105.650,3.9961,9.3640,2.3357
105.658,3.9961,9.3640,2.3566
105.666,3.9961,9.3640,2.3566
105.673,3.9961,9.3640,2.3566
105.681,3.9961,9.3640,2.3774
105.688,3.9961,9.3640,2.3774
105.696,3.9961,9.3640,2.3774
105.703,3.9961,9.3640,2.3981
105.713,3.9961,9.3640,2.3981
105.719,3.9961,9.3640,2.4188
105.728,3.9961,9.3640,2.4188
105.734,3.9961,9.3640,2.4188
105.741,3.9961,9.3640,2.4394
105.749,3.9961,9.3640,2.4394
105.756,3.9961,9.3640,2.4394
105.763,3.9961,9.3640,2.4600
105.773,3.9961,9.3640,2.4600
105.779,3.9961,9.3640,2.4805
105.790,3.9961,9.3640,2.4805
105.798,3.9961,9.3640,2.5009
105.808,3.9961,9.3640,2.5009
105.813,3.9961,9.3640,2.5009
105.820,3.9961,9.3640,2.5213
105.829,3.9961,9.3640,2.5213
105.837,3.9961,9.3640,2.5213
105.844,3.9961,9.3640,2.5415
105.852,3.9961,9.3640,2.5415
105.860,3.9961,9.3640,2.5616
105.867,3.9961,9.3640,2.5616
105.875,3.9961,9.3640,2.5616
105.881,3.9961,9.3640,2.5814
105.888,3.9961,9.3640,2.5814
105.896,3.9961,9.3640,2.5814
105.903,3.9961,9.3640,2.6011
105.911,3.9961,9.3640,2.6011
105.918,3.9961,9.3640,2.6207
105.926,3.9961,9.3640,2.6207
105.932,3.9961,9.3640,2.6207
105.938,3.9961,9.3640,2.6400
105.946,3.9961,9.3640,2.6400
105.953,3.9961,9.3640,2.6400
105.960,3.9961,9.3640,2.6591
105.967,3.9961,9.3640,2.6591
105.973,3.9961,9.3640,2.6591
105.979,3.9961,9.3640,2.6780
105.988,3.9961,9.3640,2.6780
105.995,3.9961,9.3640,2.6780
106.003,3.9961,9.3640,2.6965
106.014,3.9961,9.3640,2.6965
106.022,3.9961,9.3640,2.7147
106.030,3.9961,9.3640,2.7147
106.038,3.9961,9.3640,2.7328
106.046,3.9961,9.3640,2.7328
106.053,3.9961,9.3640,2.7328
106.060,3.9961,9.3640,2.7424
106.068,3.9961,9.3640,2.7424
106.075,3.9961,9.3640,2.7424
106.083,3.9961,9.3640,2.7520
106.091,3.9961,9.3640,2.7520
106.097,3.9961,9.3640,2.7520
106.104,3.9961,9.3640,2.7615
106.114,3.9961,9.3640,2.7615
106.120,3.9961,9.3640,2.7711
106.128,3.9961,9.3640,2.7711
106.134,3.9961,9.3640,2.7711
106.141,3.9961,9.3640,2.7807
106.148,3.9961,9.3640,2.7807
106.154,3.9961,9.3640,2.7807
106.160,3.9961,9.3640,2.7903
106.171,3.9961,9.3640,2.7903
106.184,3.9961,9.3640,2.7999
106.193,3.9961,9.3640,2.7999
106.200,3.9961,9.3640,2.8094
106.206,3.9961,9.3640,2.8094
106.213,3.9961,9.3640,2.8094
106.218,3.9961,9.3640,2.8190
106.227,3.9961,9.3640,2.8190
106.233,3.9961,9.3640,2.8190
106.240,3.9961,9.3640,2.8286
106.249,3.9961,9.3640,2.8286
106.256,3.9961,9.3640,2.8286
106.263,3.9961,9.3640,2.8382
106.270,3.9961,9.3640,2.8382
106.277,3.9961,9.3640,2.8477
106.285,3.9961,9.3640,2.8477
106.293,3.9961,9.3640,2.8477
106.299,3.9961,9.3640,2.8572
106.308,3.9961,9.3640,2.8572
106.315,3.9961,9.3640,2.8572
106.323,3.9961,9.3640,2.8668
106.331,3.9961,9.3640,2.8668
106.339,3.9961,9.3640,2.8763
106.347,3.9961,9.3640,2.8763
106.355,3.9961,9.3640,2.8763
106.361,3.9961,9.3640,2.8858
106.370,3.9961,9.3640,2.8858
106.376,3.9961,9.3640,2.8858
106.385,3.9961,9.3640,2.8954
106.394,3.9961,9.3640,2.8954
106.403,3.9961,9.3640,2.9049
106.413,3.9961,9.3640,2.9049
106.420,3.9961,9.3640,2.9145
106.429,3.9961,9.3640,2.9145
106.435,3.9961,9.3640,2.9145
106.443,3.9961,9.3640,2.9240
106.451,3.9961,9.3640,2.9240
106.458,3.9961,9.3640,2.9335
106.467,3.9961,9.3640,2.9335
106.475,3.9961,9.3640,2.9335
106.482,3.9961,9.3640,2.9431
106.489,3.9961,9.3640,2.9431
106.497,3.9961,9.3640,2.9431
106.503,3.9961,9.3640,2.9526
106.512,3.9961,9.3640,2.9526
106.518,3.9961,9.3640,2.9622
106.528,3.9961,9.3640,2.9622
106.534,3.9961,9.3640,2.9622
106.541,3.9961,9.3640,2.9717
106.547,3.9961,9.3640,2.9717
106.555,3.9961,9.3640,2.9717
106.563,3.9961,9.3640,2.9813
106.570,3.9961,9.3640,2.9813
106.576,3.9961,9.3640,2.9813
106.583,3.9961,9.3640,2.9909
106.592,3.9961,9.3640,2.9909
106.599,3.9961,9.3640,3.0005
106.606,3.9961,9.3640,3.0005
106.613,3.9961,9.3640,3.0005
106.620,3.9961,9.3640,3.0102
106.628,3.9961,9.3640,3.0102
106.634,3.9961,9.3640,3.0102
106.640,3.9961,9.3640,3.0199
106.651,3.9961,9.3640,3.0199
106.659,3.9961,9.3640,3.0295
106.667,3.9961,9.3640,3.0295
106.674,3.9961,9.3640,3.0295
106.682,3.9961,9.3640,3.0392
106.689,3.9961,9.3640,3.0392
106.696,3.9961,9.3640,3.0392
106.702,3.9961,9.3640,3.0489
106.711,3.9961,9.3640,3.0489
106.717,3.9961,9.3640,3.0586
106.726,3.9961,9.3640,3.0586
106.733,3.9961,9.3640,3.0586
106.742,3.9961,9.3640,3.0683
106.751,3.9961,9.3640,3.0683
106.760,3.9961,9.3640,3.0863
106.769,3.9961,9.3640,3.0863
106.777,3.9961,9.3640,3.0863
106.784,3.9961,9.3640,3.1044
106.793,3.9961,9.3640,3.1044
106.801,3.9961,9.3640,3.1226
106.811,3.9961,9.3640,3.1226
106.818,3.9961,9.3640,3.1408
106.827,3.9961,9.3640,3.1408
106.837,3.9961,9.3640,3.1408
106.843,3.9961,9.3640,3.1589
106.852,3.9961,9.3640,3.1589
106.858,3.9961,9.3640,3.1771
106.867,3.9961,9.3640,3.1771
106.873,3.9961,9.3640,3.1771
106.880,3.9961,9.3640,3.1953
106.887,3.9961,9.3640,3.1953
106.896,3.9961,9.3640,3.1953
106.902,3.9961,9.3640,3.2134
106.911,3.9961,9.3640,3.2134
106.917,3.9961,9.3640,3.2316
106.927,3.9961,9.3640,3.2316
106.933,3.9961,9.3640,3.2316
106.940,3.9961,9.3640,3.2497
106.950,3.9961,9.3640,3.2497
106.958,3.9961,9.3640,3.2679
106.967,3.9961,9.3640,3.2679
106.976,3.9961,9.3640,3.2679
106.983,3.9961,9.3640,3.2861
106.994,3.9961,9.3640,3.2861
107.000,3.9961,9.3640,3.3042
107.010,3.9961,9.3640,3.3042
107.017,3.9961,9.3640,3.3223
107.026,3.9961,9.3640,3.3223
107.032,3.9961,9.3640,3.3223
107.040,3.9961,9.3640,3.3405
107.047,3.9961,9.3640,3.3405
107.055,3.9961,9.3640,3.3405
107.062,3.9961,9.3640,3.3586
107.069,3.9961,9.3640,3.3586
107.077,3.9961,9.3640,3.3767
107.085,3.9961,9.3640,3.3767
107.093,3.9961,9.3640,3.3767
107.100,3.9961,9.3640,3.3949
107.108,3.9961,9.3640,3.3949
107.115,3.9961,9.3640,3.3949
107.122,3.9961,9.3640,3.4130
107.132,3.9961,9.3640,3.4130
107.140,3.9961,9.3640,3.4311
107.150,3.9961,9.3640,3.4311
107.156,3.9961,9.3640,3.4311
107.164,3.9961,9.3640,3.4492
107.172,3.9961,9.3640,3.4492
107.179,3.9961,9.3640,3.4589
107.188,3.9961,9.3640,3.4589
107.195,3.9961,9.3640,3.4589
107.201,3.9961,9.3640,3.4686
107.209,3.9961,9.3640,3.4686
107.216,3.9961,9.3640,3.4686
107.223,3.9961,9.3640,3.4782
107.232,3.9961,9.3640,3.4782
107.239,3.9961,9.3640,3.4879
107.247,3.9961,9.3640,3.4879
107.255,3.9961,9.3640,3.4879
107.261,3.9961,9.3640,3.4976
107.268,3.9961,9.3640,3.4976
107.275,3.9961,9.3640,3.4976
107.281,3.9961,9.3640,3.5072
107.291,3.9961,9.3640,3.5072
107.297,3.9961,9.3640,3.5169
107.305,3.9961,9.3640,3.5169
107.311,3.9961,9.3640,3.5169
107.319,3.9961,9.3640,3.5266
107.327,3.9961,9.3640,3.5266
107.334,3.9961,9.3640,3.5266
107.341,3.9961,9.3640,3.5362
107.351,3.9961,9.3640,3.5362
107.358,3.9961,9.3640,3.5459
107.366,3.9961,9.3640,3.5459
107.373,3.9961,9.3640,3.5459
107.380,3.9961,9.3640,3.5555
107.388,3.9961,9.3640,3.5555
107.395,3.9961,9.3640,3.5555
107.401,3.9961,9.3640,3.5651
107.411,3.9961,9.3640,3.5651
107.417,3.9961,9.3640,3.5746
107.425,3.9961,9.3640,3.5746
107.432,3.9961,9.3640,3.5746
107.440,3.9961,9.3640,3.5841
107.448,3.9961,9.3640,3.5841
107.454,3.9961,9.3640,3.5841
107.461,3.9961,9.3640,3.5932
107.468,3.9961,9.3640,3.5932
107.476,3.9961,9.3640,3.5932
107.481,3.9961,9.3640,3.6021
107.490,3.9961,9.3640,3.6021
107.496,3.9961,9.3640,3.6021
107.504,3.9961,9.3640,3.6107
107.513,3.9961,9.3640,3.6107
107.520,3.9961,9.3640,3.6191
107.530,3.9961,9.3640,3.6191
107.536,3.9961,9.3640,3.6191
107.543,3.9961,9.3640,3.6275
107.552,3.9961,9.3640,3.6275
107.559,3.9961,9.3640,3.6359
107.568,3.9961,9.3640,3.6359
107.574,3.9961,9.3640,3.6359
107.581,3.9961,9.3640,3.6443
107.588,3.9961,9.3640,3.6443
107.596,3.9961,9.3640,3.6443
107.604,3.9961,9.3640,3.6527
107.614,3.9961,9.3640,3.6527
107.623,3.9961,9.3640,3.6611
107.633,3.9961,9.3640,3.6611
107.640,3.9961,9.3640,3.6696
107.649,3.9961,9.3640,3.6696
107.657,3.9961,9.3640,3.6781
107.666,3.9961,9.3640,3.6781
107.673,3.9961,9.3640,3.6781
107.681,3.9961,9.3640,3.6865
107.689,3.9961,9.3640,3.6865
107.696,3.9961,9.3640,3.6865
107.703,3.9961,9.3640,3.6950
107.713,3.9961,9.3640,3.6950
107.719,3.9961,9.3640,3.7034
107.729,3.9961,9.3640,3.7034
107.735,3.9961,9.3640,3.7034
107.743,3.9961,9.3640,3.7119
107.751,3.9961,9.3640,3.7119
107.760,3.9961,9.3640,3.7204
107.769,3.9961,9.3640,3.7204
107.778,3.9961,9.3640,3.7288
107.786,3.9961,9.3640,3.7288
107.794,3.9961,9.3640,3.7288
107.800,3.9961,9.3640,3.7372
107.810,3.9961,9.3640,3.7372
107.817,3.9961,9.3640,3.7372
107.824,3.9961,9.3640,3.7456
107.832,3.9961,9.3640,3.7456
107.840,3.9961,9.3640,3.7540
107.846,3.9961,9.3640,3.7540
107.855,3.9961,9.3640,3.7540
107.863,3.9961,9.3640,3.7623
107.872,3.9961,9.3640,3.7623
107.878,3.9961,9.3640,3.7706
107.887,3.9961,9.3640,3.7706
107.894,3.9961,9.3640,3.7706
107.901,3.9961,9.3640,3.7788
107.908,3.9961,9.3640,3.7788
107.915,3.9961,9.3640,3.7788
107.923,3.9961,9.3640,3.7869
107.931,3.9961,9.3640,3.7869
107.937,3.9961,9.3640,3.7948
107.946,3.9961,9.3640,3.7948
107.954,3.9961,9.3640,3.7948
107.960,3.9961,9.3640,3.8027
107.967,3.9961,9.3640,3.8027
107.973,3.9961,9.3640,3.8027
107.981,3.9961,9.3640,3.8105
107.989,3.9961,9.3640,3.8105
107.997,3.9961,9.3640,3.8105
108.004,3.9961,9.3640,3.8180
108.015,3.9961,9.3640,3.8180
108.021,3.9961,9.3640,3.8253
108.030,3.9961,9.3640,3.8253
108.036,3.9961,9.3640,3.8253
108.045,3.9961,9.3640,3.8323
108.053,3.9961,9.3640,3.8323
108.060,3.9961,9.3640,3.8359
108.068,3.9961,9.3640,3.8359
108.076,3.9961,9.3640,3.8359
108.083,3.9961,9.3640,3.8392
108.093,3.9961,9.3640,3.8392
108.101,3.9961,9.3640,3.8423
108.110,3.9961,9.3640,3.8423
108.117,3.9961,9.3640,3.8423
108.123,3.9961,9.3640,3.8453
108.133,3.9961,9.3640,3.8453
108.140,3.9961,9.3640,3.8481
108.147,3.9961,9.3640,3.8481
108.155,3.9961,9.3640,3.8481
108.165,3.9961,9.3640,3.8510
108.173,3.9961,9.3640,3.8510
108.180,3.9961,9.3640,3.8539
108.191,3.9961,9.3640,3.8539
108.198,3.9961,9.3640,3.8570
108.208,3.9961,9.3640,3.8570
108.214,3.9961,9.3640,3.8570
108.224,3.9961,9.3640,3.8603
108.234,3.9961,9.3640,3.8603
108.243,3.9961,9.3640,3.8636
108.251,3.9961,9.3640,3.8636
108.262,3.9961,9.3640,3.8670
108.268,3.9961,9.3640,3.8670
108.277,3.9961,9.3640,3.8703
108.284,3.9961,9.3640,3.8703
108.292,3.9961,9.3640,3.8703
108.298,3.9961,9.3640,3.8736
108.306,3.9961,9.3640,3.8736
108.313,3.9961,9.3640,3.8736
108.320,3.9961,9.3640,3.8769
108.328,3.9961,9.3640,3.8769
108.334,3.9961,9.3640,3.8769
108.342,3.9961,9.3640,3.8803
108.349,3.9961,9.3640,3.8803
108.357,3.9961,9.3640,3.8803
108.363,3.9961,9.3640,3.8837
108.373,3.9961,9.3640,3.8837
108.380,3.9961,9.3640,3.8871
108.387,3.9961,9.3640,3.8871
108.395,3.9961,9.3640,3.8871
108.401,3.9961,9.3640,3.8906
108.419,3.9961,9.3640,3.8940
108.427,3.9961,9.3640,3.8940
108.434,3.9961,9.3640,3.8940
108.441,3.9961,9.3640,3.8974
108.448,3.9961,9.3640,3.8974
108.454,3.9961,9.3640,3.8974
108.462,3.9961,9.3640,3.9008
108.470,3.9961,9.3640,3.9008
108.478,3.9961,9.3640,3.9043
108.486,3.9961,9.3640,3.9043
108.494,3.9961,9.3640,3.9043
108.500,3.9961,9.3640,3.9077
108.508,3.9961,9.3640,3.9077
108.514,3.9961,9.3640,3.9077
108.522,3.9961,9.3640,3.9111
108.530,3.9961,9.3640,3.9111
108.536,3.9961,9.3640,3.9111
108.543,3.9961,9.3640,3.9146
108.552,3.9961,9.3640,3.9146
108.560,3.9961,9.3640,3.9181
108.568,3.9961,9.3640,3.9181
108.576,3.9961,9.3640,3.9181
108.584,3.9961,9.3640,3.9217
108.593,3.9961,9.3640,3.9217
108.600,3.9961,9.3640,3.9252
108.608,3.9961,9.3640,3.9252
108.617,3.9961,9.3640,3.9252
108.624,3.9961,9.3640,3.9288
108.631,3.9961,9.3640,3.9288
108.637,3.9961,9.3640,3.9323
108.647,3.9961,9.3640,3.9323
108.653,3.9961,9.3640,3.9323
108.660,3.9961,9.3640,3.9359
108.668,3.9961,9.3640,3.9359
108.676,3.9961,9.3640,3.9359
108.682,3.9961,9.3640,3.9395
108.689,3.9961,9.3640,3.9395
108.696,3.9961,9.3640,3.9395
108.702,3.9961,9.3640,3.9431
108.711,3.9961,9.3640,3.9431
108.717,3.9961,9.3640,3.9431
108.724,3.9961,9.3640,3.9467
108.733,3.9961,9.3640,3.9467
108.741,3.9961,9.3640,3.9504
108.748,3.9961,9.3640,3.9504
108.757,3.9961,9.3640,3.9504
108.764,3.9961,9.3640,3.9540
108.773,3.9961,9.3640,3.9540
108.780,3.9961,9.3640,3.9576
108.790,3.9961,9.3640,3.9576
108.799,3.9961,9.3640,3.9612
108.806,3.9961,9.3640,3.9612
108.814,3.9961,9.3640,3.9612
108.822,3.9961,9.3640,3.9648
108.831,3.9961,9.3640,3.9648
108.839,3.9961,9.3640,3.9684
108.847,3.9961,9.3640,3.9684
108.854,3.9961,9.3640,3.9684
108.863,3.9961,9.3640,3.9720
108.871,3.9961,9.3640,3.9720
108.879,3.9961,9.3640,3.9756
108.888,3.9961,9.3640,3.9756
108.897,3.9961,9.3640,3.9756
108.903,3.9961,9.3640,3.9792
108.912,3.9961,9.3640,3.9792
108.920,3.9961,9.3640,3.9827
108.928,3.9961,9.3640,3.9827
108.935,3.9961,9.3640,3.9827
108.943,3.9961,9.3640,3.9863
108.951,3.9961,9.3640,3.9863
108.960,3.9961,9.3640,3.9899
108.968,3.9961,9.3640,3.9899
108.977,3.9961,9.3640,3.9935
108.986,3.9961,9.3640,3.9935
108.994,3.9961,9.3640,3.9935
109.002,3.9961,9.3640,3.9970
109.012,3.9961,9.3640,3.9970
109.019,3.9961,9.3640,4.0005
109.028,3.9961,9.3640,4.0005
109.035,3.9961,9.3640,4.0005
109.045,3.9961,9.3640,4.0040
109.052,3.9961,9.3640,4.0040
109.060,3.9961,9.3640,4.0074
109.068,3.9961,9.3640,4.0074
109.075,3.9961,9.3640,4.0074
109.082,3.9961,9.3640,4.0107
109.090,3.9961,9.3640,4.0107
109.097,3.9961,9.3640,4.0138
109.104,3.9961,9.3640,4.0138
109.110,3.9961,9.3640,4.0138
109.118,3.9961,9.3640,4.0166
109.127,3.9961,9.3640,4.0166
109.133,3.9961,9.3640,4.0166
109.139,3.9961,9.3640,4.0190
109.147,3.9961,9.3640,4.0190
109.153,3.9961,9.3640,4.0190
109.161,3.9961,9.3640,4.0198
109.168,3.9961,9.3640,4.0198
109.174,3.9961,9.3640,4.0198
109.181,3.9961,9.3640,4.0203
109.189,3.9961,9.3640,4.0203
109.195,3.9961,9.3640,4.0203
109.201,3.9961,9.3640,4.0207
109.210,3.9961,9.3640,4.0207
109.218,3.9961,9.3640,4.0207
109.226,3.9961,9.3640,4.0207
109.233,3.9961,9.3640,4.0207
109.240,3.9961,9.3640,4.0207
109.248,3.9961,9.3640,4.0207
109.255,3.9961,9.3640,4.0207
109.262,3.9961,9.3640,4.0207
109.270,3.9961,9.3640,4.0207
109.280,3.9961,9.3640,4.0207
109.288,3.9961,9.3640,4.0207
109.296,3.9961,9.3640,4.0207
109.303,3.9961,9.3640,4.0207
109.312,3.9961,9.3640,4.0207
109.319,3.9961,9.3640,4.0207
109.327,3.9961,9.3640,4.0207
109.334,3.9961,9.3640,4.0207
109.341,3.9961,9.3640,4.0207
109.347,3.9961,9.3640,4.0207
109.354,3.9961,9.3640,4.0207
109.362,3.9961,9.3640,4.0207
109.369,3.9961,9.3640,4.0207
109.377,3.9961,9.3640,4.0207
109.384,3.9961,9.3640,4.0207
109.392,3.9961,9.3640,4.0207
109.400,3.9961,9.3640,4.0207
109.407,3.9961,9.3640,4.0207
109.414,3.9961,9.3640,4.0207
109.421,3.9961,9.3640,4.0207
109.430,3.9961,9.3640,4.0207
109.437,3.9961,9.3640,4.0207
109.446,3.9961,9.3640,4.0207
109.452,3.9961,9.3640,4.0207
109.461,3.9961,9.3640,4.0207
109.469,3.9961,9.3640,4.0207
109.476,3.9961,9.3640,4.0207
109.484,3.9961,9.3640,4.0207
109.494,3.9961,9.3640,4.0207
109.500,3.9961,9.3640,4.0207
109.508,3.9961,9.3640,4.0207
109.515,3.9961,9.3640,4.0207
109.525,3.9961,9.3640,4.0204
109.533,3.9961,9.3640,4.0204
109.541,3.9961,9.3640,4.0201
109.551,3.9961,9.3640,4.0201
109.558,3.9961,9.3640,4.0197
109.565,3.9961,9.3640,4.0197
109.572,3.9961,9.3640,4.0197
109.578,3.9961,9.3640,4.0191
109.587,3.9961,9.3640,4.0191
109.593,3.9961,9.3640,4.0191
109.599,3.9961,9.3640,4.0186
109.607,3.9961,9.3640,4.0186
109.615,3.9961,9.3640,4.0186
109.621,3.9961,9.3640,4.0180
109.630,3.9961,9.3640,4.0180
109.636,3.9961,9.3640,4.0180
109.644,3.9961,9.3640,4.0174
109.652,3.9961,9.3640,4.0174
109.658,3.9961,9.3640,4.0167
109.666,3.9961,9.3640,4.0167
109.674,3.9961,9.3640,4.0167
109.681,3.9961,9.3640,4.0161
109.688,3.9961,9.3640,4.0161
109.695,3.9961,9.3640,4.0161
109.702,3.9961,9.3640,4.0155
109.712,3.9961,9.3640,4.0155
109.718,3.9961,9.3640,4.0149
109.728,3.9961,9.3640,4.0149
109.734,3.9961,9.3640,4.0149
109.742,3.9961,9.3640,4.0143
109.749,3.9961,9.3640,4.0143
109.758,3.9961,9.3640,4.0136
109.766,3.9961,9.3640,4.0136
109.776,3.9961,9.3640,4.0136
109.784,3.9961,9.3640,4.0130
109.794,3.9961,9.3640,4.0130
109.801,3.9961,9.3640,4.0124
109.808,3.9961,9.3640,4.0124
109.816,3.9961,9.3640,4.0124
109.824,3.9961,9.3640,4.0118
109.833,3.9961,9.3640,4.0118
109.840,3.9961,9.3640,4.0111
109.849,3.9961,9.3640,4.0111
109.857,3.9961,9.3640,4.0111
109.864,3.9961,9.3640,4.0105
109.872,3.9961,9.3640,4.0105
109.880,3.9961,9.3640,4.0099
109.887,3.9961,9.3640,4.0099
109.894,3.9961,9.3640,4.0099
109.900,3.9961,9.3640,4.0092
109.908,3.9961,9.3640,4.0092
109.916,3.9961,9.3640,4.0092
109.923,3.9961,9.3640,4.0086
109.930,3.9961,9.3640,4.0086
109.937,3.9961,9.3640,4.0079
109.947,3.9961,9.3640,4.0079
109.956,3.9961,9.3640,4.0079
109.963,3.9961,9.3640,4.0073
109.971,3.9961,9.3640,4.0073
109.979,3.9961,9.3640,4.0066
109.987,3.9961,9.3640,4.0066
109.994,3.9961,9.3640,4.0066
110.001,3.9961,9.3640,4.0060
110.010,3.9961,9.3640,4.0060
110.018,3.9961,9.3640,4.0053
110.025,3.9961,9.3640,4.0053
110.033,3.9961,9.3640,4.0053
110.040,3.9961,9.3640,4.0047
110.049,3.9961,9.3640,4.0047
110.058,3.9961,9.3640,4.0040
110.071,3.9961,9.3640,4.0040
110.081,3.9961,9.3640,4.0034
110.090,3.9961,9.3640,4.0034
110.099,3.9961,9.3640,4.0028
110.108,3.9961,9.3640,4.0028
110.116,3.9961,9.3640,4.0028
110.125,3.9961,9.3640,4.0022
110.134,3.9961,9.3640,4.0022
110.144,3.9961,9.3640,4.0017
110.154,3.9961,9.3640,4.0017
110.163,3.9961,9.3640,4.0011
110.171,3.9961,9.3640,4.0011
110.181,3.9961,9.3640,4.0006
110.190,3.9961,9.3640,4.0006
110.197,3.9961,9.3640,4.0001
110.205,3.9961,9.3640,4.0001
110.213,3.9961,9.3640,4.0001
110.222,3.9961,9.3640,3.9996
110.230,3.9961,9.3640,3.9996
110.238,3.9961,9.3640,3.9993
110.247,3.9961,9.3640,3.9993
110.255,3.9961,9.3640,3.9993
110.263,3.9961,9.3640,3.9993
110.273,3.9961,9.3640,3.9993
110.281,3.9961,9.3640,3.9993
110.291,3.9961,9.3640,3.9993
110.299,3.9961,9.3640,3.9993
110.308,3.9961,9.3640,3.9993
110.316,3.9961,9.3640,3.9993
110.325,3.9961,9.3640,3.9993
110.334,3.9961,9.3640,3.9993
110.342,3.9961,9.3640,3.9993
110.353,3.9961,9.3640,3.9993
110.362,3.9961,9.3640,3.9993
110.371,3.9961,9.3640,3.9993
110.380,3.9961,9.3640,3.9993
110.389,3.9961,9.3640,3.9993
110.397,3.9961,9.3639,3.9993
110.406,3.9961,9.3639,3.9993
110.414,3.9961,9.3639,3.9993
110.422,3.9961,9.3639,3.9993
110.432,3.9961,9.3639,3.9993
110.441,3.9961,9.3638,3.9993
110.452,3.9961,9.3638,3.9993
110.461,3.9961,9.3637,3.9993
110.471,3.9961,9.3637,3.9993
110.481,3.9961,9.3635,3.9993
110.491,3.9961,9.3635,3.9993
110.499,3.9961,9.3632,3.9993
110.509,3.9961,9.3632,3.9993
110.517,3.9961,9.3629,3.9993
110.527,3.9961,9.3629,3.9993
110.534,3.9961,9.3629,3.9993
110.542,3.9961,9.3626,3.9993
110.551,3.9961,9.3626,3.9993
110.560,3.9961,9.3622,3.9993
110.569,3.9961,9.3622,3.9993
110.578,3.9961,9.3614,3.9993
110.587,3.9961,9.3614,3.9993
110.594,3.9961,9.3614,3.9993
110.602,3.9961,9.3605,3.9993
110.612,3.9961,9.3605,3.9993
110.620,3.9961,9.3596,3.9993
110.630,3.9961,9.3596,3.9993
110.637,3.9961,9.3586,3.9993
110.648,3.9961,9.3586,3.9993
110.655,3.9961,9.3586,3.9993
110.664,3.9961,9.3565,3.9993
110.673,3.9961,9.3565,3.9993
110.680,3.9961,9.3543,3.9993
110.688,3.9961,9.3543,3.9993
110.695,3.9961,9.3543,3.9993
110.702,3.9961,9.3521,3.9993
110.711,3.9961,9.3521,3.9993
110.718,3.9961,9.3498,3.9993
110.730,3.9961,9.3498,3.9993
110.744,3.9961,9.3475,3.9993
110.753,3.9961,9.3475,3.9993
110.762,3.9961,9.3451,3.9993
110.770,3.9961,9.3451,3.9993
110.779,3.9961,9.3428,3.9993
110.788,3.9961,9.3428,3.9993
110.794,3.9961,9.3428,3.9993
110.801,3.9961,9.3404,3.9993
110.810,3.9961,9.3404,3.9993
110.816,3.9961,9.3404,3.9993
110.824,3.9961,9.3380,3.9993
110.833,3.9961,9.3380,3.9993
110.841,3.9961,9.3356,3.9993
110.851,3.9961,9.3356,3.9993
110.858,3.9961,9.3332,3.9993
110.866,3.9961,9.3332,3.9993
110.873,3.9961,9.3332,3.9993
110.882,3.9961,9.3308,3.9993
110.889,3.9961,9.3308,3.9993
110.895,3.9961,9.3308,3.9993
110.903,3.9961,9.3283,3.9993
110.913,3.9961,9.3283,3.9993
110.919,3.9961,9.3259,3.9993
110.928,3.9961,9.3259,3.9993
110.935,3.9961,9.3259,3.9993
110.945,3.9961,9.3233,3.9993
110.952,3.9961,9.3233,3.9993
110.961,3.9961,9.3208,3.9993
110.969,3.9961,9.3208,3.9993
110.977,3.9961,9.3182,3.9993
110.985,3.9961,9.3182,3.9993
110.993,3.9961,9.3182,3.9993
111.000,3.9961,9.3157,3.9993
111.010,3.9961,9.3157,3.9993
111.016,3.9961,9.3157,3.9993
111.024,3.9961,9.3131,3.9993
111.031,3.9961,9.3131,3.9993
111.037,3.9961,9.3104,3.9993
111.046,3.9961,9.3104,3.9993
111.052,3.9961,9.3104,3.9993
111.060,3.9961,9.3078,3.9993
111.067,3.9961,9.3078,3.9993
111.075,3.9961,9.3078,3.9993
111.081,3.9961,9.3051,3.9993
111.089,3.9961,9.3051,3.9993
111.096,3.9961,9.3051,3.9993
111.103,3.9961,9.3025,3.9993
111.111,3.9961,9.3025,3.9993
111.118,3.9961,9.2998,3.9993
111.126,3.9961,9.2998,3.9993
111.132,3.9961,9.2998,3.9993
111.139,3.9961,9.2971,3.9993
111.147,3.9961,9.2971,3.9993
111.155,3.9961,9.2971,3.9993
111.162,3.9961,9.2945,3.9993
111.169,3.9961,9.2945,3.9993
111.176,3.9961,9.2945,3.9993
111.184,3.9961,9.2918,3.9993
111.192,3.9961,9.2918,3.9993
111.198,3.9961,9.2891,3.9993
111.207,3.9961,9.2891,3.9993
111.215,3.9961,9.2891,3.9993
111.220,3.9961,9.2865,3.9993
111.228,3.9961,9.2865,3.9993
111.235,3.9961,9.2865,3.9993
111.243,3.9961,9.2838,3.9993
111.252,3.9961,9.2838,3.9993
111.259,3.9961,9.2811,3.9993
111.267,3.9961,9.2811,3.9993
111.275,3.9961,9.2811,3.9993
111.281,3.9961,9.2785,3.9993
111.291,3.9961,9.2785,3.9993
111.298,3.9961,9.2758,3.9993
111.307,3.9961,9.2758,3.9993
111.313,3.9961,9.2758,3.9993
111.319,3.9961,9.2731,3.9993
111.328,3.9961,9.2731,3.9993
111.336,3.9961,9.2731,3.9993
111.344,3.9961,9.2705,3.9993
111.353,3.9961,9.2705,3.9993
111.361,3.9961,9.2678,3.9993
111.369,3.9961,9.2678,3.9993
111.377,3.9961,9.2651,3.9993
111.386,3.9961,9.2651,3.9993
111.394,3.9961,9.2651,3.9993
111.401,3.9961,9.2625,3.9993
111.410,3.9961,9.2625,3.9993
111.417,3.9961,9.2598,3.9993
111.426,3.9961,9.2598,3.9993
111.433,3.9961,9.2598,3.9993
111.440,3.9961,9.2571,3.9993
111.450,3.9961,9.2571,3.9993
111.458,3.9961,9.2545,3.9993
111.466,3.9961,9.2545,3.9993
111.474,3.9961,9.2545,3.9993
111.481,3.9961,9.2518,3.9993
111.491,3.9961,9.2518,3.9993
111.497,3.9961,9.2491,3.9993
111.505,3.9961,9.2491,3.9993
111.513,3.9961,9.2491,3.9993
111.520,3.9961,9.2465,3.9993
111.530,3.9961,9.2465,3.9993
111.537,3.9961,9.2438,3.9993
111.547,3.9961,9.2438,3.9993
111.554,3.9961,9.2438,3.9993
111.562,3.9961,9.2411,3.9993
111.570,3.9961,9.2411,3.9993
111.579,3.9961,9.2385,3.9993
111.588,3.9961,9.2385,3.9993
111.595,3.9961,9.2385,3.9993
111.602,3.9961,9.2358,3.9993
111.611,3.9961,9.2358,3.9993
111.618,3.9961,9.2331,3.9993
111.626,3.9961,9.2331,3.9993
111.632,3.9961,9.2331,3.9993
111.639,3.9961,9.2305,3.9993
111.645,3.9961,9.2305,3.9993
111.654,3.9961,9.2305,3.9993
111.660,3.9961,9.2278,3.9993
111.669,3.9961,9.2278,3.9993
111.676,3.9961,9.2278,3.9993
111.682,3.9961,9.2251,3.9993
111.690,3.9961,9.2251,3.9993
111.697,3.9961,9.2251,3.9993
111.703,3.9961,9.2225,3.9993
111.711,3.9961,9.2225,3.9993
111.718,3.9961,9.2198,3.9993
111.725,3.9961,9.2198,3.9993
111.732,3.9961,9.2198,3.9993
111.737,3.9961,9.2171,3.9993
111.747,3.9961,9.2171,3.9993
111.754,3.9961,9.2171,3.9993
111.762,3.9961,9.2145,3.9993
111.768,3.9961,9.2145,3.9993
111.775,3.9961,9.2145,3.9993
111.780,3.9961,9.2118,3.9993
111.789,3.9961,9.2118,3.9993
111.797,3.9961,9.2091,3.9993
111.806,3.9961,9.2091,3.9993
111.813,3.9961,9.2091,3.9993
111.821,3.9961,9.2065,3.9993
111.830,3.9961,9.2065,3.9993
111.836,3.9961,9.2065,3.9993
111.845,3.9961,9.2038,3.9993
111.853,3.9961,9.2038,3.9993
111.860,3.9961,9.2011,3.9993
111.869,3.9961,9.2011,3.9993
111.876,3.9961,9.2011,3.9993
111.882,3.9961,9.1985,3.9993
111.891,3.9961,9.1985,3.9993
111.897,3.9961,9.1958,3.9993
111.907,3.9961,9.1958,3.9993
111.913,3.9961,9.1958,3.9993
111.921,3.9961,9.1931,3.9993
111.929,3.9961,9.1931,3.9993
111.936,3.9961,9.1931,3.9993
111.943,3.9961,9.1905,3.9993
111.952,3.9961,9.1905,3.9993
111.959,3.9961,9.1878,3.9993
111.968,3.9961,9.1878,3.9993
111.974,3.9961,9.1878,3.9993
111.982,3.9961,9.1851,3.9993
111.990,3.9961,9.1851,3.9993
111.998,3.9961,9.1825,3.9993
112.008,3.9961,9.1825,3.9993
112.016,3.9961,9.1825,3.9993
112.025,3.9961,9.1798,3.9993
112.034,3.9961,9.1798,3.9993
112.041,3.9961,9.1771,3.9993
112.050,3.9961,9.1771,3.9993
112.057,3.9961,9.1745,3.9993
112.066,3.9961,9.1745,3.9993
112.072,3.9961,9.1745,3.9993
112.079,3.9961,9.1718,3.9993
112.088,3.9961,9.1718,3.9993
112.095,3.9961,9.1718,3.9993
112.101,3.9961,9.1691,3.9993
112.111,3.9961,9.1691,3.9993
112.117,3.9961,9.1665,3.9993
112.125,3.9961,9.1665,3.9993
112.131,3.9961,9.1665,3.9993
112.137,3.9961,9.1638,3.9993
112.147,3.9961,9.1638,3.9993
112.153,3.9961,9.1638,3.9993
112.160,3.9961,9.1611,3.9993
112.167,3.9961,9.1611,3.9993
112.174,3.9961,9.1611,3.9993
112.181,3.9961,9.1585,3.9993
112.189,3.9961,9.1585,3.9993
112.195,3.9961,9.1585,3.9993
112.202,3.9961,9.1558,3.9993
112.212,3.9961,9.1558,3.9993
112.218,3.9961,9.1531,3.9993
112.225,3.9961,9.1531,3.9993
112.232,3.9961,9.1531,3.9993
112.239,3.9961,9.1505,3.9993
112.248,3.9961,9.1505,3.9993
112.254,3.9961,9.1505,3.9993
112.261,3.9961,9.1478,3.9993
112.268,3.9961,9.1478,3.9993
112.276,3.9961,9.1478,3.9993
112.282,3.9961,9.1451,3.9993
112.289,3.9961,9.1451,3.9993
112.296,3.9961,9.1451,3.9993
112.302,3.9961,9.1425,3.9993
112.310,3.9961,9.1425,3.9993
112.316,3.9961,9.1425,3.9993
112.322,3.9961,9.1398,3.9993
112.331,3.9961,9.1398,3.9993
112.337,3.9961,9.1398,3.9993
112.343,3.9961,9.1371,3.9993
112.351,3.9961,9.1371,3.9993
112.359,3.9961,9.1345,3.9993
112.367,3.9961,9.1345,3.9993
112.374,3.9961,9.1345,3.9993
112.380,3.9961,9.1318,3.9993
112.389,3.9961,9.1318,3.9993
112.396,3.9961,9.1318,3.9993
112.403,3.9961,9.1291,3.9993
112.412,3.9961,9.1291,3.9993
112.419,3.9961,9.1265,3.9993
112.427,3.9961,9.1265,3.9993
112.433,3.9961,9.1265,3.9993
112.439,3.9961,9.1238,3.9993
112.447,3.9961,9.1238,3.9993
112.453,3.9961,9.1238,3.9993
112.460,3.9961,9.1211,3.9993
112.468,3.9961,9.1211,3.9993
112.474,3.9961,9.1211,3.9993
112.481,3.9961,9.1185,3.9993
112.489,3.9961,9.1185,3.9993
112.496,3.9961,9.1185,3.9993
112.502,3.9961,9.1158,3.9993
112.511,3.9961,9.1158,3.9993
112.517,3.9961,9.1131,3.9993
112.526,3.9961,9.1131,3.9993
112.532,3.9961,9.1131,3.9993
112.538,3.9961,9.1105,3.9993
112.548,3.9961,9.1105,3.9993
112.554,3.9961,9.1105,3.9993
112.561,3.9961,9.1078,3.9993
112.568,3.9961,9.1078,3.9993
112.575,3.9961,9.1078,3.9993
112.582,3.9961,9.1051,3.9993
112.590,3.9961,9.1051,3.9993
112.597,3.9961,9.1025,3.9993
112.607,3.9961,9.1025,3.9993
112.614,3.9961,9.1025,3.9993
112.621,3.9961,9.0998,3.9993
112.629,3.9961,9.0998,3.9993
112.636,3.9961,9.0998,3.9993
112.645,3.9961,9.0971,3.9993
112.653,3.9961,9.0971,3.9993
112.660,3.9961,9.0945,3.9993
112.669,3.9961,9.0945,3.9993
112.677,3.9961,9.0918,3.9993
112.685,3.9961,9.0918,3.9993
112.692,3.9961,9.0918,3.9993
112.699,3.9961,9.0891,3.9993
112.708,3.9961,9.0891,3.9993
112.716,3.9961,9.0891,3.9993
112.723,3.9961,9.0865,3.9993
112.732,3.9961,9.0865,3.9993
112.739,3.9961,9.0838,3.9993
112.748,3.9961,9.0838,3.9993
112.756,3.9961,9.0838,3.9993
112.764,3.9961,9.0811,3.9993
112.773,3.9961,9.0811,3.9993
112.781,3.9961,9.0785,3.9993
112.792,3.9961,9.0785,3.9993
112.799,3.9961,9.0758,3.9993
112.809,3.9961,9.0758,3.9993
112.817,3.9961,9.0731,3.9993
112.827,3.9961,9.0731,3.9993
112.833,3.9961,9.0731,3.9993
112.843,3.9961,9.0705,3.9993
112.852,3.9961,9.0705,3.9993
112.860,3.9961,9.0678,3.9993
112.868,3.9961,9.0678,3.9993
112.877,3.9961,9.0651,3.9993
112.884,3.9961,9.0651,3.9993
112.892,3.9961,9.0651,3.9993
112.898,3.9961,9.0625,3.9993
112.907,3.9961,9.0625,3.9993
112.913,3.9961,9.0625,3.9993
112.929,3.9961,9.0598,3.9993
112.939,3.9961,9.0571,3.9993
112.947,3.9961,9.0571,3.9993
112.955,3.9961,9.0571,3.9993
112.962,3.9961,9.0545,3.9993
112.970,3.9961,9.0545,3.9993
112.977,3.9961,9.0545,3.9993
112.983,3.9961,9.0518,3.9993
112.992,3.9961,9.0518,3.9993
112.999,3.9961,9.0491,3.9993
113.007,3.9961,9.0491,3.9993
113.013,3.9961,9.0491,3.9993
113.020,3.9961,9.0465,3.9993
113.029,3.9961,9.0465,3.9993
113.036,3.9961,9.0465,3.9993
113.044,3.9961,9.0438,3.9993
113.052,3.9961,9.0438,3.9993
113.060,3.9961,9.0411,3.9993
113.068,3.9961,9.0411,3.9993
113.076,3.9961,9.0411,3.9993
113.084,3.9961,9.0385,3.9993
113.094,3.9961,9.0385,3.9993
113.100,3.9961,9.0358,3.9993
113.110,3.9961,9.0358,3.9993
113.118,3.9961,9.0331,3.9993
113.127,3.9961,9.0331,3.9993
113.134,3.9961,9.0331,3.9993
113.142,3.9961,9.0305,3.9993
113.151,3.9961,9.0305,3.9993
113.159,3.9961,9.0278,3.9993
113.167,3.9961,9.0278,3.9993
113.176,3.9961,9.0278,3.9993
113.182,3.9961,9.0251,3.9993
113.191,3.9961,9.0251,3.9993
113.198,3.9961,9.0225,3.9993
113.208,3.9961,9.0225,3.9993
113.215,3.9961,9.0225,3.9993
113.222,3.9961,9.0198,3.9993
113.230,3.9961,9.0198,3.9993
113.238,3.9961,9.0171,3.9993
113.247,3.9961,9.0171,3.9993
113.254,3.9961,9.0171,3.9993
113.262,3.9961,9.0145,3.9993
113.271,3.9961,9.0145,3.9993
113.279,3.9961,9.0118,3.9993
113.288,3.9961,9.0118,3.9993
113.296,3.9961,9.0118,3.9993
113.303,3.9961,9.0091,3.9993
113.312,3.9961,9.0091,3.9993
113.318,3.9961,9.0065,3.9993
113.327,3.9961,9.0065,3.9993
113.334,3.9961,9.0065,3.9993
113.340,3.9961,9.0038,3.9993
113.350,3.9961,9.0038,3.9993
113.356,3.9961,9.0038,3.9993
113.364,3.9961,9.0011,3.9993
113.371,3.9961,9.0011,3.9993
113.379,3.9961,8.9985,3.9993
113.386,3.9961,8.9985,3.9993
113.394,3.9961,8.9985,3.9993
113.399,3.9961,8.9958,3.9993
113.407,3.9961,8.9958,3.9993
113.413,3.9961,8.9958,3.9993
113.419,3.9961,8.9931,3.9993
113.429,3.9961,8.9931,3.9993
113.435,3.9961,8.9931,3.9993
113.443,3.9961,8.9905,3.9993
113.451,3.9961,8.9905,3.9993
113.459,3.9961,8.9878,3.9993
113.468,3.9961,8.9878,3.9993
113.476,3.9961,8.9878,3.9993
113.482,3.9961,8.9851,3.9993
113.490,3.9961,8.9851,3.9993
113.496,3.9961,8.9851,3.9993
113.503,3.9961,8.9825,3.9993
113.512,3.9961,8.9825,3.9993
113.519,3.9961,8.9798,3.9993
113.528,3.9961,8.9798,3.9993
113.535,3.9961,8.9798,3.9993
113.543,3.9961,8.9771,3.9993
113.551,3.9961,8.9771,3.9993
113.559,3.9961,8.9745,3.9993
113.567,3.9961,8.9745,3.9993
113.574,3.9961,8.9745,3.9993
113.581,3.9961,8.9718,3.9993
113.590,3.9961,8.9718,3.9993
113.598,3.9961,8.9691,3.9993
113.606,3.9961,8.9691,3.9993
113.614,3.9961,8.9691,3.9993
113.620,3.9961,8.9665,3.9993
113.630,3.9961,8.9665,3.9993
113.636,3.9961,8.9665,3.9993
113.643,3.9961,8.9638,3.9993
113.651,3.9961,8.9638,3.9993
113.658,3.9961,8.9611,3.9993
113.666,3.9961,8.9611,3.9993
113.673,3.9961,8.9611,3.9993
113.680,3.9961,8.9585,3.9993
113.686,3.9961,8.9585,3.9993
113.695,3.9961,8.9585,3.9993
113.700,3.9961,8.9558,3.9993
113.710,3.9961,8.9558,3.9993
113.717,3.9961,8.9558,3.9993
113.724,3.9961,8.9531,3.9993
113.732,3.9961,8.9531,3.9993
113.738,3.9961,8.9505,3.9993
113.747,3.9961,8.9505,3.9993
113.755,3.9961,8.9505,3.9993
113.761,3.9961,8.9478,3.9993
113.768,3.9961,8.9478,3.9993
113.775,3.9961,8.9478,3.9993
113.782,3.9961,8.9451,3.9993
113.790,3.9961,8.9451,3.9993
113.796,3.9961,8.9451,3.9993
113.804,3.9961,8.9425,3.9993
113.813,3.9961,8.9425,3.9993
113.820,3.9961,8.9398,3.9993
113.828,3.9961,8.9398,3.9993
113.834,3.9961,8.9398,3.9993
113.842,3.9961,8.9371,3.9993
113.851,3.9961,8.9371,3.9993
113.859,3.9961,8.9345,3.9993
113.868,3.9961,8.9345,3.9993
113.876,3.9961,8.9345,3.9993
113.883,3.9961,8.9318,3.9993
113.892,3.9961,8.9318,3.9993
113.899,3.9961,8.9291,3.9993
113.907,3.9961,8.9291,3.9993
113.914,3.9961,8.9291,3.9993
113.921,3.9961,8.9265,3.9993
113.931,3.9961,8.9265,3.9993
113.938,3.9961,8.9238,3.9993
113.946,3.9961,8.9238,3.9993
113.953,3.9961,8.9238,3.9993
113.962,3.9961,8.9211,3.9993
113.970,3.9961,8.9211,3.9993
113.978,3.9961,8.9185,3.9993
113.986,3.9961,8.9185,3.9993
113.994,3.9961,8.9185,3.9993
114.001,3.9961,8.9158,3.9993
114.008,3.9961,8.9158,3.9993
114.015,3.9961,8.9158,3.9993
114.023,3.9961,8.9131,3.9993
114.032,3.9961,8.9131,3.9993
114.040,3.9961,8.9105,3.9993
114.050,3.9961,8.9105,3.9993
114.058,3.9961,8.9078,3.9993
114.066,3.9961,8.9078,3.9993
114.073,3.9961,8.9078,3.9993
114.082,3.9961,8.9051,3.9993
114.091,3.9961,8.9051,3.9993
114.098,3.9961,8.9025,3.9993
114.106,3.9961,8.9025,3.9993
114.113,3.9961,8.9025,3.9993
114.120,3.9961,8.8998,3.9993
114.129,3.9961,8.8998,3.9993
114.135,3.9961,8.8998,3.9993
114.141,3.9961,8.8972,3.9993
114.150,3.9961,8.8972,3.9993
114.156,3.9961,8.8972,3.9993
114.164,3.9961,8.8945,3.9993
114.170,3.9961,8.8945,3.9993
114.178,3.9961,8.8918,3.9993
114.186,3.9961,8.8918,3.9993
114.193,3.9961,8.8918,3.9993
114.199,3.9961,8.8892,3.9993
114.207,3.9961,8.8892,3.9993
114.213,3.9961,8.8892,3.9993
114.218,3.9961,8.8865,3.9993
114.228,3.9961,8.8865,3.9993
114.234,3.9961,8.8865,3.9993
114.242,3.9961,8.8838,3.9993
114.250,3.9961,8.8838,3.9993
114.258,3.9961,8.8812,3.9993
114.266,3.9961,8.8812,3.9993
114.274,3.9961,8.8812,3.9993
114.280,3.9961,8.8785,3.9993
114.289,3.9961,8.8785,3.9993
114.296,3.9961,8.8785,3.9993
114.302,3.9961,8.8758,3.9993
114.311,3.9961,8.8758,3.9993
114.317,3.9961,8.8758,3.9993
114.324,3.9961,8.8732,3.9993
114.334,3.9961,8.8732,3.9993
114.341,3.9961,8.8705,3.9993
114.349,3.9961,8.8705,3.9993
114.356,3.9961,8.8705,3.9993
114.363,3.9961,8.8678,3.9993
114.372,3.9961,8.8678,3.9993
114.379,3.9961,8.8652,3.9993
114.388,3.9961,8.8652,3.9993
114.395,3.9961,8.8652,3.9993
114.402,3.9961,8.8625,3.9993
114.412,3.9961,8.8625,3.9993
114.418,3.9961,8.8598,3.9993
114.427,3.9961,8.8598,3.9993
114.434,3.9961,8.8598,3.9993
114.441,3.9961,8.8572,3.9993
114.450,3.9961,8.8572,3.9993
114.457,3.9961,8.8545,3.9993
114.465,3.9961,8.8545,3.9993
114.472,3.9961,8.8545,3.9993
114.480,3.9961,8.8518,3.9993
114.490,3.9961,8.8518,3.9993
114.496,3.9961,8.8518,3.9993
114.503,3.9961,8.8492,3.9993
114.513,3.9961,8.8492,3.9993
114.519,3.9961,8.8465,3.9993
114.529,3.9961,8.8465,3.9993
114.536,3.9961,8.8465,3.9993
114.545,3.9961,8.8438,3.9993
114.553,3.9961,8.8438,3.9993
114.560,3.9961,8.8412,3.9993
114.569,3.9961,8.8412,3.9993
114.576,3.9961,8.8412,3.9993
114.582,3.9961,8.8385,3.9993
114.588,3.9961,8.8385,3.9993
114.595,3.9961,8.8385,3.9993
114.602,3.9961,8.8358,3.9993
114.610,3.9961,8.8358,3.9993
114.618,3.9961,8.8332,3.9993
114.627,3.9961,8.8332,3.9993
114.634,3.9961,8.8332,3.9993
114.641,3.9961,8.8305,3.9993
114.649,3.9961,8.8305,3.9993
114.656,3.9961,8.8305,3.9993
114.664,3.9961,8.8278,3.9993
114.671,3.9961,8.8278,3.9993
114.678,3.9961,8.8252,3.9993
114.686,3.9961,8.8252,3.9993
114.694,3.9961,8.8252,3.9993
114.699,3.9961,8.8225,3.9993
114.707,3.9961,8.8225,3.9993
114.713,3.9961,8.8225,3.9993
114.720,3.9961,8.8198,3.9993
114.728,3.9961,8.8198,3.9993
114.734,3.9961,8.8198,3.9993
114.742,3.9961,8.8172,3.9993
114.750,3.9961,8.8172,3.9993
114.757,3.9961,8.8145,3.9993
114.764,3.9961,8.8145,3.9993
114.771,3.9961,8.8145,3.9993
114.779,3.9961,8.8118,3.9993
114.786,3.9961,8.8118,3.9993
114.793,3.9961,8.8118,3.9993
114.800,3.9961,8.8092,3.9993
114.810,3.9961,8.8092,3.9993
114.817,3.9961,8.8065,3.9993
114.824,3.9961,8.8065,3.9993
114.831,3.9961,8.8065,3.9993
114.838,3.9961,8.8038,3.9993
114.847,3.9961,8.8038,3.9993
114.855,3.9961,8.8038,3.9993
114.862,3.9961,8.8012,3.9993
114.871,3.9961,8.8012,3.9993
114.878,3.9961,8.7985,3.9993
114.885,3.9961,8.7985,3.9993
114.892,3.9961,8.7985,3.9993
114.899,3.9961,8.7958,3.9993
114.906,3.9961,8.7958,3.9993
114.913,3.9961,8.7958,3.9993
114.919,3.9961,8.7932,3.9993
114.927,3.9961,8.7932,3.9993
114.933,3.9961,8.7932,3.9993
114.939,3.9961,8.7905,3.9993
114.948,3.9961,8.7905,3.9993
114.954,3.9961,8.7905,3.9993
114.963,3.9961,8.7878,3.9993
114.971,3.9961,8.7878,3.9993
114.979,3.9961,8.7852,3.9993
114.987,3.9961,8.7852,3.9993
114.995,3.9961,8.7852,3.9993
115.001,3.9961,8.7825,3.9993
115.008,3.9961,8.7825,3.9993
115.014,3.9961,8.7825,3.9993
115.021,3.9961,8.7798,3.9993
115.030,3.9961,8.7798,3.9993
115.035,3.9961,8.7798,3.9993
115.043,3.9961,8.7772,3.9993
115.050,3.9961,8.7772,3.9993
115.058,3.9961,8.7745,3.9993
115.066,3.9961,8.7745,3.9993
115.073,3.9961,8.7745,3.9993
115.080,3.9961,8.7718,3.9993
115.088,3.9961,8.7718,3.9993
115.094,3.9961,8.7718,3.9993
115.101,3.9961,8.7692,3.9993
115.113,3.9961,8.7692,3.9993
115.128,3.9961,8.7665,3.9993
115.137,3.9961,8.7638,3.9993
115.147,3.9961,8.7638,3.9993
115.154,3.9961,8.7638,3.9993
115.162,3.9961,8.7612,3.9993
115.170,3.9961,8.7612,3.9993
115.178,3.9961,8.7585,3.9993
115.187,3.9961,8.7585,3.9993
115.196,3.9961,8.7585,3.9993
115.203,3.9961,8.7558,3.9993
115.213,3.9961,8.7558,3.9993
115.220,3.9961,8.7532,3.9993
115.229,3.9961,8.7532,3.9993
115.236,3.9961,8.7532,3.9993
115.243,3.9961,8.7505,3.9993
115.252,3.9961,8.7505,3.9993
115.261,3.9961,8.7478,3.9993
115.269,3.9961,8.7478,3.9993
115.276,3.9961,8.7478,3.9993
115.283,3.9961,8.7452,3.9993
115.293,3.9961,8.7452,3.9993
115.299,3.9961,8.7425,3.9993
115.308,3.9961,8.7425,3.9993
115.316,3.9961,8.7425,3.9993
115.324,3.9961,8.7398,3.9993
115.332,3.9961,8.7398,3.9993
115.338,3.9961,8.7372,3.9993
115.348,3.9961,8.7372,3.9993
115.355,3.9961,8.7372,3.9993
115.362,3.9961,8.7345,3.9993
115.370,3.9961,8.7345,3.9993
115.378,3.9961,8.7318,3.9993
115.385,3.9961,8.7318,3.9993
115.392,3.9961,8.7318,3.9993
115.399,3.9961,8.7292,3.9993
115.406,3.9961,8.7292,3.9993
115.415,3.9961,8.7292,3.9993
115.420,3.9961,8.7265,3.9993
115.429,3.9961,8.7265,3.9993
115.434,3.9961,8.7265,3.9993
115.442,3.9961,8.7238,3.9993
115.451,3.9961,8.7238,3.9993
115.458,3.9961,8.7212,3.9993
115.466,3.9961,8.7212,3.9993
115.473,3.9961,8.7212,3.9993
115.480,3.9961,8.7185,3.9993
115.488,3.9961,8.7185,3.9993
115.494,3.9961,8.7185,3.9993
115.500,3.9961,8.7158,3.9993
115.508,3.9961,8.7158,3.9993
115.514,3.9961,8.7158,3.9993
115.521,3.9961,8.7132,3.9993
115.529,3.9961,8.7132,3.9993
115.535,3.9961,8.7132,3.9993
115.543,3.9961,8.7105,3.9993
115.551,3.9961,8.7105,3.9993
115.558,3.9961,8.7078,3.9993
115.566,3.9961,8.7078,3.9993
115.573,3.9961,8.7078,3.9993
115.579,3.9961,8.7052,3.9993
115.588,3.9961,8.7052,3.9993
115.596,3.9961,8.7052,3.9993
115.603,3.9961,8.7025,3.9993
115.613,3.9961,8.7025,3.9993
115.620,3.9961,8.6998,3.9993
115.628,3.9961,8.6998,3.9993
115.636,3.9961,8.6998,3.9993
115.643,3.9961,8.6972,3.9993
115.652,3.9961,8.6972,3.9993
115.660,3.9961,8.6945,3.9993
115.668,3.9961,8.6945,3.9993
115.676,3.9961,8.6945,3.9993
115.684,3.9961,8.6918,3.9993
115.693,3.9961,8.6918,3.9993
115.700,3.9961,8.6892,3.9993
115.709,3.9961,8.6892,3.9993
115.717,3.9961,8.6892,3.9993
115.724,3.9961,8.6865,3.9993
115.733,3.9961,8.6865,3.9993
115.740,3.9961,8.6838,3.9993
115.749,3.9961,8.6838,3.9993
115.755,3.9961,8.6838,3.9993
115.763,3.9961,8.6812,3.9993
115.770,3.9961,8.6812,3.9993
115.779,3.9961,8.6785,3.9993
115.786,3.9961,8.6785,3.9993
115.795,3.9961,8.6785,3.9993
115.802,3.9961,8.6758,3.9993
115.813,3.9961,8.6758,3.9993
115.820,3.9961,8.6732,3.9993
115.829,3.9961,8.6732,3.9993
115.837,3.9961,8.6732,3.9993
115.846,3.9961,8.6705,3.9993
115.856,3.9961,8.6705,3.9993
115.863,3.9961,8.6678,3.9993
115.872,3.9961,8.6678,3.9993
115.878,3.9961,8.6652,3.9993
115.886,3.9961,8.6652,3.9993
115.894,3.9961,8.6652,3.9993
115.900,3.9961,8.6625,3.9993
115.908,3.9961,8.6625,3.9993
115.915,3.9961,8.6625,3.9993
115.922,3.9961,8.6598,3.9993
115.930,3.9961,8.6598,3.9993
115.936,3.9961,8.6598,3.9993
115.943,3.9961,8.6572,3.9993
115.952,3.9961,8.6572,3.9993
115.959,3.9961,8.6545,3.9993
115.968,3.9961,8.6545,3.9993
115.975,3.9961,8.6545,3.9993
115.983,3.9961,8.6518,3.9993
115.991,3.9961,8.6518,3.9993
115.998,3.9961,8.6492,3.9993
116.006,3.9961,8.6492,3.9993
116.014,3.9961,8.6492,3.9993
116.020,3.9961,8.6465,3.9993
116.029,3.9961,8.6465,3.9993
116.035,3.9961,8.6465,3.9993
116.041,3.9961,8.6438,3.9993
116.050,3.9961,8.6438,3.9993
116.057,3.9961,8.6412,3.9993
116.066,3.9961,8.6412,3.9993
116.071,3.9961,8.6412,3.9993
116.080,3.9961,8.6385,3.9993
116.087,3.9961,8.6385,3.9993
116.094,3.9961,8.6385,3.9993
116.101,3.9961,8.6358,3.9993
116.111,3.9961,8.6358,3.9993
116.119,3.9961,8.6332,3.9993
116.128,3.9961,8.6332,3.9993
116.134,3.9961,8.6332,3.9993
116.142,3.9961,8.6305,3.9993
116.151,3.9961,8.6305,3.9993
116.158,3.9961,8.6278,3.9993
116.167,3.9961,8.6278,3.9993
116.175,3.9961,8.6278,3.9993
116.182,3.9961,8.6252,3.9993
116.192,3.9961,8.6252,3.9993
116.199,3.9961,8.6225,3.9993
116.208,3.9961,8.6225,3.9993
116.214,3.9961,8.6225,3.9993
116.222,3.9961,8.6198,3.9993
116.232,3.9961,8.6198,3.9993
116.238,3.9961,8.6172,3.9993
116.249,3.9961,8.6172,3.9993
116.256,3.9961,8.6172,3.9993
116.263,3.9961,8.6145,3.9993
116.270,3.9961,8.6145,3.9993
116.278,3.9961,8.6118,3.9993
116.288,3.9961,8.6118,3.9993
116.295,3.9961,8.6118,3.9993
116.302,3.9961,8.6092,3.9993
116.310,3.9961,8.6092,3.9993
116.317,3.9961,8.6065,3.9993
116.326,3.9961,8.6065,3.9993
116.333,3.9961,8.6065,3.9993
116.341,3.9961,8.6038,3.9993
116.350,3.9961,8.6038,3.9993
116.358,3.9961,8.6012,3.9993
116.367,3.9961,8.6012,3.9993
116.375,3.9961,8.6012,3.9993
116.383,3.9961,8.5985,3.9993
116.392,3.9961,8.5985,3.9993
116.400,3.9961,8.5958,3.9993
116.409,3.9961,8.5958,3.9993
116.417,3.9961,8.5932,3.9993
116.426,3.9961,8.5932,3.9993
116.434,3.9961,8.5932,3.9993
116.441,3.9961,8.5905,3.9993
116.450,3.9961,8.5905,3.9993
116.456,3.9961,8.5905,3.9993
116.464,3.9961,8.5878,3.9993
116.473,3.9961,8.5878,3.9993
116.480,3.9961,8.5852,3.9993
116.489,3.9961,8.5852,3.9993
116.496,3.9961,8.5852,3.9993
116.503,3.9961,8.5825,3.9993
116.512,3.9961,8.5825,3.9993
116.519,3.9961,8.5798,3.9993
116.528,3.9961,8.5798,3.9993
116.535,3.9961,8.5798,3.9993
116.544,3.9961,8.5772,3.9993
116.553,3.9961,8.5772,3.9993
116.561,3.9961,8.5745,3.9993
116.569,3.9961,8.5745,3.9993
116.576,3.9961,8.5745,3.9993
116.584,3.9961,8.5718,3.9993
116.594,3.9961,8.5718,3.9993
116.602,3.9961,8.5692,3.9993
116.610,3.9961,8.5692,3.9993
116.617,3.9961,8.5665,3.9993
116.627,3.9961,8.5665,3.9993
116.633,3.9961,8.5665,3.9993
116.640,3.9961,8.5638,3.9993
116.648,3.9961,8.5638,3.9993
116.655,3.9961,8.5638,3.9993
116.661,3.9961,8.5612,3.9993
116.671,3.9961,8.5612,3.9993
116.679,3.9961,8.5585,3.9993
116.687,3.9961,8.5585,3.9993
116.693,3.9961,8.5585,3.9993
116.700,3.9961,8.5558,3.9993
116.707,3.9961,8.5558,3.9993
116.714,3.9961,8.5558,3.9993
116.721,3.9961,8.5532,3.9993
116.729,3.9961,8.5532,3.9993
116.735,3.9961,8.5532,3.9993
116.744,3.9961,8.5505,3.9993
116.753,3.9961,8.5505,3.9993
116.760,3.9961,8.5478,3.9993
116.768,3.9961,8.5478,3.9993
116.775,3.9961,8.5478,3.9993
116.782,3.9961,8.5452,3.9993
116.790,3.9961,8.5452,3.9993
116.796,3.9961,8.5452,3.9993
116.804,3.9961,8.5425,3.9993
116.812,3.9961,8.5425,3.9993
116.818,3.9961,8.5398,3.9993
116.827,3.9961,8.5398,3.9993
116.834,3.9961,8.5398,3.9993
116.842,3.9961,8.5372,3.9993
116.850,3.9961,8.5372,3.9993
116.858,3.9961,8.5345,3.9993
116.867,3.9961,8.5345,3.9993
116.875,3.9961,8.5345,3.9993
116.883,3.9961,8.5318,3.9993
116.893,3.9961,8.5318,3.9993
116.900,3.9961,8.5292,3.9993
116.909,3.9961,8.5292,3.9993
116.916,3.9961,8.5292,3.9993
116.924,3.9961,8.5265,3.9993
116.932,3.9961,8.5265,3.9993
116.939,3.9961,8.5238,3.9993
116.949,3.9961,8.5238,3.9993
116.956,3.9961,8.5238,3.9993
116.964,3.9961,8.5212,3.9993
116.973,3.9961,8.5212,3.9993
116.982,3.9961,8.5185,3.9993
116.991,3.9961,8.5185,3.9993
116.998,3.9961,8.5158,3.9993
117.007,3.9961,8.5158,3.9993
117.015,3.9961,8.5158,3.9993
117.021,3.9961,8.5132,3.9993
117.030,3.9961,8.5132,3.9993
117.037,3.9961,8.5132,3.9993
117.046,3.9961,8.5105,3.9993
117.054,3.9961,8.5105,3.9993
117.062,3.9961,8.5078,3.9993
117.070,3.9961,8.5078,3.9993
117.079,3.9961,8.5052,3.9993
117.087,3.9961,8.5052,3.9993
117.095,3.9961,8.5052,3.9993
117.103,3.9961,8.5025,3.9993
117.112,3.9961,8.5025,3.9993
117.118,3.9961,8.4998,3.9993
117.126,3.9961,8.4998,3.9993
117.133,3.9961,8.4998,3.9993
117.140,3.9961,8.4972,3.9993
117.147,3.9961,8.4972,3.9993
117.154,3.9961,8.4972,3.9993
117.161,3.9961,8.4945,3.9993
117.169,3.9961,8.4945,3.9993
117.176,3.9961,8.4945,3.9993
117.182,3.9961,8.4918,3.9993
117.191,3.9961,8.4918,3.9993
117.197,3.9961,8.4892,3.9993
117.206,3.9961,8.4892,3.9993
117.212,3.9961,8.4892,3.9993
117.219,3.9961,8.4865,3.9993
117.227,3.9961,8.4865,3.9993
117.234,3.9961,8.4865,3.9993
117.240,3.9961,8.4838,3.9993
117.249,3.9961,8.4838,3.9993
117.256,3.9961,8.4838,3.9993
117.263,3.9961,8.4812,3.9993
117.271,3.9961,8.4812,3.9993
117.279,3.9961,8.4785,3.9993
117.288,3.9961,8.4785,3.9993
117.295,3.9961,8.4785,3.9993
117.301,3.9961,8.4758,3.9993
117.308,3.9961,8.4758,3.9993
117.316,3.9961,8.4758,3.9993
117.323,3.9961,8.4732,3.9993
117.332,3.9961,8.4732,3.9993
117.338,3.9961,8.4705,3.9993
117.348,3.9961,8.4705,3.9993
117.354,3.9961,8.4705,3.9993
117.361,3.9961,8.4678,3.9993
117.369,3.9961,8.4678,3.9993
117.383,3.9961,8.4652,3.9993
117.397,3.9961,8.4625,3.9993
117.407,3.9961,8.4625,3.9993
117.414,3.9961,8.4625,3.9993
117.420,3.9961,8.4598,3.9993
117.428,3.9961,8.4598,3.9993
117.435,3.9961,8.4598,3.9993
117.442,3.9961,8.4572,3.9993
117.450,3.9961,8.4572,3.9993
117.457,3.9961,8.4572,3.9993
117.463,3.9961,8.4545,3.9993
117.471,3.9961,8.4545,3.9993
117.478,3.9961,8.4518,3.9993
117.486,3.9961,8.4518,3.9993
117.493,3.9961,8.4518,3.9993
117.500,3.9961,8.4492,3.9993
117.508,3.9961,8.4492,3.9993
117.514,3.9961,8.4492,3.9993
117.521,3.9961,8.4465,3.9993
117.530,3.9961,8.4465,3.9993
117.536,3.9961,8.4465,3.9993
117.542,3.9961,8.4438,3.9993
117.551,3.9961,8.4438,3.9993
117.558,3.9961,8.4412,3.9993
117.566,3.9961,8.4412,3.9993
117.572,3.9961,8.4412,3.9993
117.578,3.9961,8.4385,3.9993
117.588,3.9961,8.4385,3.9993
117.595,3.9961,8.4385,3.9993
117.601,3.9961,8.4358,3.9993
117.609,3.9961,8.4358,3.9993
117.616,3.9961,8.4358,3.9993
117.624,3.9961,8.4332,3.9993
117.632,3.9961,8.4332,3.9993
117.640,3.9961,8.4305,3.9993
117.650,3.9961,8.4305,3.9993
117.657,3.9961,8.4278,3.9993
117.666,3.9961,8.4278,3.9993
117.674,3.9961,8.4278,3.9993
117.681,3.9961,8.4252,3.9993
117.689,3.9961,8.4252,3.9993
117.696,3.9961,8.4252,3.9993
117.703,3.9961,8.4225,3.9993
117.713,3.9961,8.4225,3.9993
117.720,3.9961,8.4198,3.9993
117.728,3.9961,8.4198,3.9993
117.736,3.9961,8.4198,3.9993
117.743,3.9961,8.4172,3.9993
117.752,3.9961,8.4172,3.9993
117.760,3.9961,8.4145,3.9993
117.769,3.9961,8.4145,3.9993
117.777,3.9961,8.4118,3.9993
117.785,3.9961,8.4118,3.9993
117.792,3.9961,8.4118,3.9993
117.800,3.9961,8.4092,3.9993
117.809,3.9961,8.4092,3.9993
117.816,3.9961,8.4092,3.9993
117.823,3.9961,8.4065,3.9993
117.831,3.9961,8.4065,3.9993
117.839,3.9961,8.4038,3.9993
117.848,3.9961,8.4038,3.9993
117.856,3.9961,8.4038,3.9993
117.864,3.9961,8.4012,3.9993
117.872,3.9961,8.4012,3.9993
117.880,3.9961,8.3985,3.9993
117.890,3.9961,8.3985,3.9993
117.897,3.9961,8.3985,3.9993
117.904,3.9961,8.3958,3.9993
117.913,3.9961,8.3958,3.9993
117.920,3.9961,8.3932,3.9993
117.928,3.9961,8.3932,3.9993
117.934,3.9961,8.3932,3.9993
117.941,3.9961,8.3905,3.9993
117.948,3.9961,8.3905,3.9993
117.955,3.9961,8.3905,3.9993
117.961,3.9961,8.3878,3.9993
117.969,3.9961,8.3878,3.9993
117.976,3.9961,8.3878,3.9993
117.984,3.9961,8.3852,3.9993
117.992,3.9961,8.3852,3.9993
117.999,3.9961,8.3825,3.9993
118.007,3.9961,8.3825,3.9993
118.014,3.9961,8.3825,3.9993
118.021,3.9961,8.3798,3.9993
118.029,3.9961,8.3798,3.9993
118.035,3.9961,8.3798,3.9993
118.043,3.9961,8.3772,3.9993
118.051,3.9961,8.3772,3.9993
118.057,3.9961,8.3745,3.9993
118.066,3.9961,8.3745,3.9993
118.072,3.9961,8.3745,3.9993
118.080,3.9961,8.3718,3.9993
118.088,3.9961,8.3718,3.9993
118.095,3.9961,8.3718,3.9993
118.101,3.9961,8.3692,3.9993
118.110,3.9961,8.3692,3.9993
118.116,3.9961,8.3692,3.9993
118.123,3.9961,8.3665,3.9993
118.133,3.9961,8.3665,3.9993
118.140,3.9961,8.3638,3.9993
118.149,3.9961,8.3638,3.9993
118.156,3.9961,8.3638,3.9993
118.163,3.9961,8.3612,3.9993
118.172,3.9961,8.3612,3.9993
118.179,3.9961,8.3585,3.9993
118.187,3.9961,8.3585,3.9993
118.195,3.9961,8.3585,3.9993
118.202,3.9961,8.3558,3.9993
118.210,3.9961,8.3558,3.9993
118.217,3.9961,8.3532,3.9993
118.225,3.9961,8.3532,3.9993
118.232,3.9961,8.3532,3.9993
118.239,3.9961,8.3505,3.9993
118.248,3.9961,8.3505,3.9993
118.256,3.9961,8.3505,3.9993
118.263,3.9961,8.3478,3.9993
118.271,3.9961,8.3478,3.9993
118.279,3.9961,8.3452,3.9993
118.288,3.9961,8.3452,3.9993
118.295,3.9961,8.3452,3.9993
118.302,3.9961,8.3425,3.9993
118.311,3.9961,8.3425,3.9993
118.318,3.9961,8.3398,3.9993
118.327,3.9961,8.3398,3.9993
118.334,3.9961,8.3398,3.9993
118.342,3.9961,8.3372,3.9993
118.351,3.9961,8.3372,3.9993
118.359,3.9961,8.3345,3.9993
118.369,3.9961,8.3345,3.9993
118.377,3.9961,8.3318,3.9993
118.385,3.9961,8.3318,3.9993
118.392,3.9961,8.3318,3.9993
118.398,3.9961,8.3292,3.9993
118.407,3.9961,8.3292,3.9993
118.413,3.9961,8.3292,3.9993
118.420,3.9961,8.3265,3.9993
118.428,3.9961,8.3265,3.9993
118.435,3.9961,8.3265,3.9993
118.442,3.9961,8.3238,3.9993
118.449,3.9961,8.3238,3.9993
118.456,3.9961,8.3238,3.9993
118.463,3.9961,8.3212,3.9993
118.471,3.9961,8.3212,3.9993
118.478,3.9961,8.3185,3.9993
118.486,3.9961,8.3185,3.9993
118.493,3.9961,8.3185,3.9993
118.500,3.9961,8.3158,3.9993
118.509,3.9961,8.3158,3.9993
118.516,3.9961,8.3158,3.9993
118.523,3.9961,8.3132,3.9993
118.532,3.9961,8.3132,3.9993
118.538,3.9961,8.3105,3.9993
118.547,3.9961,8.3105,3.9993
118.552,3.9961,8.3105,3.9993
118.560,3.9961,8.3078,3.9993
118.567,3.9961,8.3078,3.9993
118.574,3.9961,8.3078,3.9993
118.582,3.9961,8.3052,3.9993
118.590,3.9961,8.3052,3.9993
118.597,3.9961,8.3025,3.9993
118.605,3.9961,8.3025,3.9993
118.613,3.9961,8.3025,3.9993
118.619,3.9961,8.2998,3.9993
118.627,3.9961,8.2998,3.9993
118.633,3.9961,8.2998,3.9993
118.639,3.9961,8.2972,3.9993
118.648,3.9961,8.2972,3.9993
118.654,3.9961,8.2972,3.9993
118.661,3.9961,8.2945,3.9993
118.668,3.9961,8.2945,3.9993
118.676,3.9961,8.2945,3.9993
118.682,3.9961,8.2918,3.9993
118.691,3.9961,8.2918,3.9993
118.697,3.9961,8.2892,3.9993
118.707,3.9961,8.2892,3.9993
118.713,3.9961,8.2892,3.9993
118.719,3.9961,8.2865,3.9993
118.728,3.9961,8.2865,3.9993
118.734,3.9961,8.2865,3.9993
118.742,3.9961,8.2838,3.9993
118.748,3.9961,8.2838,3.9993
118.756,3.9961,8.2838,3.9993
118.763,3.9961,8.2812,3.9993
118.770,3.9961,8.2812,3.9993
118.778,3.9961,8.2785,3.9993
118.787,3.9961,8.2785,3.9993
118.794,3.9961,8.2785,3.9993
118.801,3.9961,8.2758,3.9993
118.808,3.9961,8.2758,3.9993
118.814,3.9961,8.2758,3.9993
118.822,3.9961,8.2732,3.9993
118.831,3.9961,8.2732,3.9993
118.837,3.9961,8.2705,3.9993
118.845,3.9961,8.2705,3.9993
118.853,3.9961,8.2705,3.9993
118.860,3.9961,8.2678,3.9993
118.868,3.9961,8.2678,3.9993
118.874,3.9961,8.2678,3.9993
118.881,3.9961,8.2652,3.9993
118.889,3.9961,8.2652,3.9993
118.896,3.9961,8.2652,3.9993
118.902,3.9961,8.2625,3.9993
118.913,3.9961,8.2625,3.9993
118.919,3.9961,8.2598,3.9993
118.928,3.9961,8.2598,3.9993
118.934,3.9961,8.2598,3.9993
118.942,3.9961,8.2572,3.9993
118.951,3.9961,8.2572,3.9993
118.959,3.9961,8.2545,3.9993
118.966,3.9961,8.2545,3.9993
118.974,3.9961,8.2545,3.9993
118.982,3.9961,8.2518,3.9993
118.992,3.9961,8.2518,3.9993
118.998,3.9961,8.2492,3.9993
119.009,3.9961,8.2492,3.9993
119.016,3.9961,8.2492,3.9993
119.023,3.9961,8.2465,3.9993
119.032,3.9961,8.2465,3.9993
119.041,3.9961,8.2438,3.9993
119.049,3.9961,8.2438,3.9993
119.056,3.9961,8.2438,3.9993
119.064,3.9961,8.2412,3.9993
119.073,3.9961,8.2412,3.9993
119.080,3.9961,8.2385,3.9993
119.089,3.9961,8.2385,3.9993
119.096,3.9961,8.2385,3.9993
119.104,3.9961,8.2358,3.9993
119.114,3.9961,8.2358,3.9993
119.122,3.9961,8.2332,3.9993
119.132,3.9961,8.2332,3.9993
119.139,3.9961,8.2305,3.9993
119.148,3.9961,8.2305,3.9993
119.155,3.9961,8.2305,3.9993
119.162,3.9961,8.2278,3.9993
119.170,3.9961,8.2278,3.9993
119.177,3.9961,8.2252,3.9993
119.185,3.9961,8.2252,3.9993
119.193,3.9961,8.2252,3.9993
119.199,3.9961,8.2225,3.9993
119.206,3.9961,8.2225,3.9993
119.213,3.9961,8.2225,3.9993
119.220,3.9961,8.2198,3.9993
119.228,3.9961,8.2198,3.9993
119.234,3.9961,8.2198,3.9993
119.241,3.9961,8.2172,3.9993
119.250,3.9961,8.2172,3.9993
119.256,3.9961,8.2172,3.9993
119.263,3.9961,8.2145,3.9993
119.271,3.9961,8.2145,3.9993
119.280,3.9961,8.2118,3.9993
119.289,3.9961,8.2118,3.9993
119.296,3.9961,8.2118,3.9993
119.303,3.9961,8.2092,3.9993
119.313,3.9961,8.2092,3.9993
119.319,3.9961,8.2065,3.9993
119.326,3.9961,8.2065,3.9993
119.333,3.9961,8.2065,3.9993
119.341,3.9961,8.2038,3.9993
119.349,3.9961,8.2038,3.9993
119.355,3.9961,8.2038,3.9993
119.363,3.9961,8.2012,3.9993
119.372,3.9961,8.2012,3.9993
119.379,3.9961,8.1985,3.9993
119.386,3.9961,8.1985,3.9993
119.394,3.9961,8.1985,3.9993
119.401,3.9961,8.1958,3.9993
119.410,3.9961,8.1958,3.9993
119.416,3.9961,8.1958,3.9993
119.424,3.9961,8.1932,3.9993
119.433,3.9961,8.1932,3.9993
119.441,3.9961,8.1905,3.9993
119.448,3.9961,8.1905,3.9993
119.457,3.9961,8.1878,3.9993
119.466,3.9961,8.1878,3.9993
119.473,3.9961,8.1878,3.9993
119.481,3.9961,8.1852,3.9993
119.491,3.9961,8.1852,3.9993
119.498,3.9961,8.1825,3.9993
119.507,3.9961,8.1825,3.9993
119.514,3.9961,8.1825,3.9993
119.522,3.9961,8.1798,3.9993
119.531,3.9961,8.1798,3.9993
119.538,3.9961,8.1772,3.9993
119.547,3.9961,8.1772,3.9993
119.555,3.9961,8.1772,3.9993
119.562,3.9961,8.1745,3.9993
119.570,3.9961,8.1745,3.9993
119.578,3.9961,8.1718,3.9993
119.587,3.9961,8.1718,3.9993
119.594,3.9961,8.1718,3.9993
119.601,3.9961,8.1692,3.9993
119.610,3.9961,8.1692,3.9993
119.627,3.9961,8.1665,3.9993
119.636,3.9961,8.1665,3.9993
119.645,3.9961,8.1638,3.9993
119.652,3.9961,8.1638,3.9993
119.659,3.9961,8.1612,3.9993
119.667,3.9961,8.1612,3.9993
119.675,3.9961,8.1612,3.9993
119.682,3.9961,8.1585,3.9993
119.690,3.9961,8.1585,3.9993
119.697,3.9961,8.1558,3.9993
119.706,3.9961,8.1558,3.9993
119.713,3.9961,8.1558,3.9993
119.720,3.9961,8.1532,3.9993
119.728,3.9961,8.1532,3.9993
119.735,3.9961,8.1532,3.9993
119.742,3.9961,8.1505,3.9993
119.750,3.9961,8.1505,3.9993
119.758,3.9961,8.1478,3.9993
119.766,3.9961,8.1478,3.9993
119.773,3.9961,8.1478,3.9993
119.780,3.9961,8.1452,3.9993
119.788,3.9961,8.1452,3.9993
119.795,3.9961,8.1452,3.9993
119.802,3.9961,8.1425,3.9993
119.812,3.9961,8.1425,3.9993
119.819,3.9961,8.1398,3.9993
119.827,3.9961,8.1398,3.9993
119.834,3.9961,8.1398,3.9993
119.841,3.9961,8.1372,3.9993
119.849,3.9961,8.1372,3.9993
119.857,3.9961,8.1345,3.9993
119.864,3.9961,8.1345,3.9993
119.870,3.9961,8.1345,3.9993
119.878,3.9961,8.1318,3.9993
119.887,3.9961,8.1318,3.9993
119.895,3.9961,8.1318,3.9993
119.901,3.9961,8.1292,3.9993
119.910,3.9961,8.1292,3.9993
119.918,3.9961,8.1265,3.9993
119.926,3.9961,8.1265,3.9993
119.932,3.9961,8.1265,3.9993
119.939,3.9961,8.1238,3.9993
119.948,3.9961,8.1238,3.9993
119.954,3.9961,8.1238,3.9993
119.961,3.9961,8.1212,3.9993
119.969,3.9961,8.1212,3.9993
119.977,3.9961,8.1185,3.9993
119.986,3.9961,8.1185,3.9993
119.993,3.9961,8.1185,3.9993
119.999,3.9961,8.1158,3.9993
120.009,3.9961,8.1158,3.9993
120.015,3.9961,8.1158,3.9993
120.021,3.9961,8.1132,3.9993
120.029,3.9961,8.1132,3.9993
120.036,3.9961,8.1132,3.9993
120.043,3.9961,8.1105,3.9993
120.051,3.9961,8.1105,3.9993
120.058,3.9961,8.1078,3.9993
120.066,3.9961,8.1078,3.9993
120.072,3.9961,8.1078,3.9993
120.079,3.9961,8.1052,3.9993
120.087,3.9961,8.1052,3.9993
120.094,3.9961,8.1052,3.9993
120.101,3.9961,8.1025,3.9993
120.108,3.9961,8.1025,3.9993
120.116,3.9961,8.1025,3.9993
120.122,3.9961,8.0998,3.9993
120.130,3.9961,8.0998,3.9993
120.136,3.9961,8.0998,3.9993
120.143,3.9961,8.0972,3.9993
120.153,3.9961,8.0972,3.9993
120.160,3.9961,8.0945,3.9993
120.169,3.9961,8.0945,3.9993
120.177,3.9961,8.0945,3.9993
120.185,3.9961,8.0918,3.9993
120.194,3.9961,8.0918,3.9993
120.201,3.9961,8.0892,3.9993
120.209,3.9961,8.0892,3.9993
120.217,3.9961,8.0865,3.9993
120.226,3.9961,8.0865,3.9993
120.233,3.9961,8.0865,3.9993
120.240,3.9961,8.0838,3.9993
120.249,3.9961,8.0838,3.9993
120.256,3.9961,8.0838,3.9993
120.263,3.9961,8.0812,3.9993
120.272,3.9961,8.0812,3.9993
120.280,3.9961,8.0785,3.9993
120.290,3.9961,8.0785,3.9993
120.297,3.9961,8.0758,3.9993
120.306,3.9961,8.0758,3.9993
120.314,3.9961,8.0758,3.9993
120.322,3.9961,8.0732,3.9993
120.331,3.9961,8.0732,3.9993
120.339,3.9961,8.0705,3.9993
120.348,3.9961,8.0705,3.9993
120.356,3.9961,8.0705,3.9993
120.363,3.9961,8.0678,3.9993
120.372,3.9961,8.0678,3.9993
120.381,3.9961,8.0652,3.9993
120.390,3.9961,8.0652,3.9993
120.399,3.9961,8.0625,3.9993
120.408,3.9961,8.0625,3.9993
120.417,3.9961,8.0598,3.9993
120.426,3.9961,8.0598,3.9993
120.433,3.9961,8.0598,3.9993
120.440,3.9961,8.0572,3.9993
120.449,3.9961,8.0572,3.9993
120.456,3.9961,8.0572,3.9993
120.464,3.9961,8.0545,3.9993
120.471,3.9961,8.0545,3.9993
120.480,3.9961,8.0518,3.9993
120.488,3.9961,8.0518,3.9993
120.496,3.9961,8.0518,3.9993
120.502,3.9961,8.0492,3.9993
120.514,3.9961,8.0492,3.9993
120.521,3.9961,8.0465,3.9993
120.530,3.9961,8.0465,3.9993
120.537,3.9961,8.0465,3.9993
120.545,3.9961,8.0438,3.9993
120.554,3.9961,8.0438,3.9993
120.562,3.9961,8.0412,3.9993
120.571,3.9961,8.0412,3.9993
120.579,3.9961,8.0385,3.9993
120.588,3.9961,8.0385,3.9993
120.595,3.9961,8.0385,3.9993
120.602,3.9961,8.0358,3.9993
120.614,3.9961,8.0358,3.9993
120.620,3.9961,8.0332,3.9993
120.630,3.9961,8.0332,3.9993
120.637,3.9961,8.0332,3.9993
120.645,3.9961,8.0305,3.9993
120.653,3.9961,8.0305,3.9993
120.661,3.9961,8.0278,3.9993
120.670,3.9961,8.0278,3.9993
120.678,3.9961,8.0252,3.9993
120.687,3.9961,8.0252,3.9993
120.695,3.9961,8.0252,3.9993
120.703,3.9961,8.0225,3.9993
120.712,3.9961,8.0225,3.9993
120.720,3.9961,8.0198,3.9993
120.730,3.9961,8.0198,3.9993
120.737,3.9961,8.0172,3.9993
120.747,3.9961,8.0172,3.9993
120.756,3.9961,8.0172,3.9993
120.764,3.9961,8.0145,3.9993
120.773,3.9961,8.0145,3.9993
120.781,3.9961,8.0118,3.9993
120.791,3.9961,8.0118,3.9993
120.798,3.9961,8.0092,3.9993
120.808,3.9961,8.0092,3.9993
120.816,3.9961,8.0092,3.9993
120.824,3.9961,8.0065,3.9993
120.833,3.9961,8.0065,3.9993
120.841,3.9961,8.0038,3.9993
120.852,3.9961,8.0038,3.9993
120.860,3.9961,8.0012,3.9993
120.869,3.9961,8.0012,3.9993
120.879,3.9961,7.9985,3.9993
120.889,3.9961,7.9985,3.9993
120.897,3.9961,7.9958,3.9993
120.906,3.9961,7.9958,3.9993
120.915,3.9961,7.9958,3.9993
120.922,3.9961,7.9932,3.9993
120.930,3.9961,7.9932,3.9993
120.936,3.9961,7.9932,3.9993
120.944,3.9961,7.9905,3.9993
120.952,3.9961,7.9905,3.9993
120.960,3.9961,7.9878,3.9993
120.968,3.9961,7.9878,3.9993
120.976,3.9961,7.9878,3.9993
120.983,3.9961,7.9852,3.9993
120.990,3.9961,7.9852,3.9993
120.998,3.9961,7.9825,3.9993
121.007,3.9961,7.9825,3.9993
121.014,3.9961,7.9825,3.9993
121.020,3.9961,7.9798,3.9993
121.029,3.9961,7.9798,3.9993
121.035,3.9961,7.9798,3.9993
121.043,3.9961,7.9772,3.9993
121.052,3.9961,7.9772,3.9993
121.061,3.9961,7.9745,3.9993
121.069,3.9961,7.9745,3.9993
121.077,3.9961,7.9745,3.9993
121.084,3.9961,7.9718,3.9993
121.094,3.9961,7.9718,3.9993
121.101,3.9961,7.9692,3.9993
121.110,3.9961,7.9692,3.9993
121.117,3.9961,7.9665,3.9993
121.125,3.9961,7.9665,3.9993
121.132,3.9961,7.9665,3.9993
121.138,3.9961,7.9638,3.9993
121.147,3.9961,7.9638,3.9993
121.155,3.9961,7.9638,3.9993
121.162,3.9961,7.9612,3.9993
121.170,3.9961,7.9612,3.9993
121.178,3.9961,7.9585,3.9993
121.188,3.9961,7.9585,3.9993
121.194,3.9961,7.9585,3.9993
121.201,3.9961,7.9558,3.9993
121.210,3.9961,7.9558,3.9993
121.217,3.9961,7.9532,3.9993
121.224,3.9961,7.9532,3.9993
121.232,3.9961,7.9532,3.9993
121.238,3.9961,7.9505,3.9993
121.248,3.9961,7.9505,3.9993
121.254,3.9961,7.9505,3.9993
121.261,3.9961,7.9478,3.9993
121.268,3.9961,7.9478,3.9993
121.277,3.9961,7.9478,3.9993
121.283,3.9961,7.9452,3.9993
121.292,3.9961,7.9452,3.9993
121.299,3.9961,7.9425,3.9993
121.308,3.9961,7.9425,3.9993
121.315,3.9961,7.9425,3.9993
121.322,3.9961,7.9398,3.9993
121.330,3.9961,7.9398,3.9993
121.337,3.9961,7.9372,3.9993
121.346,3.9961,7.9372,3.9993
121.352,3.9961,7.9372,3.9993
121.359,3.9961,7.9345,3.9993
121.368,3.9961,7.9345,3.9993
121.376,3.9961,7.9345,3.9993
121.383,3.9961,7.9318,3.9993
121.392,3.9961,7.9318,3.9993
121.399,3.9961,7.9292,3.9993
121.407,3.9961,7.9292,3.9993
121.414,3.9961,7.9292,3.9993
121.421,3.9961,7.9265,3.9993
121.430,3.9961,7.9265,3.9993
121.436,3.9961,7.9265,3.9993
121.445,3.9961,7.9238,3.9993
121.453,3.9961,7.9238,3.9993
121.461,3.9961,7.9212,3.9993
121.469,3.9961,7.9212,3.9993
121.477,3.9961,7.9212,3.9993
121.484,3.9961,7.9185,3.9993
121.494,3.9961,7.9185,3.9993
121.501,3.9961,7.9158,3.9993
121.511,3.9961,7.9158,3.9993
121.518,3.9961,7.9132,3.9993
121.528,3.9961,7.9132,3.9993
121.535,3.9961,7.9132,3.9993
121.545,3.9961,7.9105,3.9993
121.555,3.9961,7.9105,3.9993
121.562,3.9961,7.9078,3.9993
121.572,3.9961,7.9078,3.9993
121.579,3.9961,7.9052,3.9993
121.588,3.9961,7.9052,3.9993
121.595,3.9961,7.9052,3.9993
121.602,3.9961,7.9025,3.9993
121.613,3.9961,7.9025,3.9993
121.620,3.9961,7.8998,3.9993
121.629,3.9961,7.8998,3.9993
121.636,3.9961,7.8998,3.9993
121.643,3.9961,7.8972,3.9993
121.652,3.9961,7.8972,3.9993
121.660,3.9961,7.8945,3.9993
121.669,3.9961,7.8945,3.9993
121.677,3.9961,7.8945,3.9993
121.683,3.9961,7.8918,3.9993
121.692,3.9961,7.8918,3.9993
121.699,3.9961,7.8892,3.9993
121.707,3.9961,7.8892,3.9993
121.714,3.9961,7.8892,3.9993
121.721,3.9961,7.8865,3.9993
121.730,3.9961,7.8865,3.9993
121.736,3.9961,7.8865,3.9993
121.743,3.9961,7.8838,3.9993
121.750,3.9961,7.8838,3.9993
121.758,3.9961,7.8812,3.9993
121.766,3.9961,7.8812,3.9993
121.773,3.9961,7.8812,3.9993
121.781,3.9961,7.8785,3.9993
121.790,3.9961,7.8785,3.9993
121.797,3.9961,7.8758,3.9993
121.804,3.9961,7.8758,3.9993
121.812,3.9961,7.8758,3.9993
121.819,3.9961,7.8732,3.9993
121.827,3.9961,7.8732,3.9993
121.832,3.9961,7.8732,3.9993
121.840,3.9961,7.8705,3.9993
121.849,3.9961,7.8705,3.9993
121.856,3.9961,7.8705,3.9993
121.862,3.9961,7.8678,3.9993
121.870,3.9961,7.8678,3.9993
121.878,3.9961,7.8652,3.9993
121.886,3.9961,7.8652,3.9993
121.893,3.9961,7.8652,3.9993
121.900,3.9961,7.8625,3.9993
121.910,3.9961,7.8625,3.9993
121.917,3.9961,7.8625,3.9993
121.924,3.9961,7.8598,3.9993
121.934,3.9961,7.8598,3.9993
121.951,3.9961,7.8572,3.9993
121.961,3.9961,7.8545,3.9993
121.970,3.9961,7.8545,3.9993
121.978,3.9961,7.8518,3.9993
121.987,3.9961,7.8518,3.9993
121.996,3.9961,7.8518,3.9993
122.003,3.9961,7.8492,3.9993
122.013,3.9961,7.8492,3.9993
122.020,3.9961,7.8465,3.9993
122.030,3.9961,7.8465,3.9993
122.037,3.9961,7.8465,3.9993
122.046,3.9961,7.8438,3.9993
122.054,3.9961,7.8438,3.9993
122.062,3.9961,7.8412,3.9993
122.072,3.9961,7.8412,3.9993
122.080,3.9961,7.8385,3.9993
122.090,3.9961,7.8385,3.9993
122.097,3.9961,7.8385,3.9993
122.103,3.9961,7.8358,3.9993
122.114,3.9961,7.8358,3.9993
122.121,3.9961,7.8332,3.9993
122.131,3.9961,7.8332,3.9993
122.138,3.9961,7.8305,3.9993
122.149,3.9961,7.8305,3.9993
122.156,3.9961,7.8305,3.9993
122.164,3.9961,7.8278,3.9993
122.172,3.9961,7.8278,3.9993
122.181,3.9961,7.8252,3.9993
122.188,3.9961,7.8252,3.9993
122.196,3.9961,7.8252,3.9993
122.202,3.9961,7.8225,3.9993
122.211,3.9961,7.8225,3.9993
122.217,3.9961,7.8198,3.9993
122.226,3.9961,7.8198,3.9993
122.232,3.9961,7.8198,3.9993
122.240,3.9961,7.8172,3.9993
122.249,3.9961,7.8172,3.9993
122.255,3.9961,7.8172,3.9993
122.262,3.9961,7.8145,3.9993
122.269,3.9961,7.8145,3.9993
122.277,3.9961,7.8145,3.9993
122.283,3.9961,7.8118,3.9993
122.291,3.9961,7.8118,3.9993
122.299,3.9961,7.8092,3.9993
122.308,3.9961,7.8092,3.9993
122.315,3.9961,7.8092,3.9993
122.322,3.9961,7.8065,3.9993
122.330,3.9961,7.8065,3.9993
122.337,3.9961,7.8038,3.9993
122.347,3.9961,7.8038,3.9993
122.354,3.9961,7.8038,3.9993
122.361,3.9961,7.8012,3.9993
122.369,3.9961,7.8012,3.9993
122.376,3.9961,7.8012,3.9993
122.384,3.9961,7.7985,3.9993
122.393,3.9961,7.7985,3.9993
122.401,3.9961,7.7958,3.9993
122.410,3.9961,7.7958,3.9993
122.417,3.9961,7.7932,3.9993
122.426,3.9961,7.7932,3.9993
122.433,3.9961,7.7932,3.9993
122.440,3.9961,7.7905,3.9993
122.449,3.9961,7.7905,3.9993
122.456,3.9961,7.7905,3.9993
122.462,3.9961,7.7878,3.9993
122.471,3.9961,7.7878,3.9993
122.479,3.9961,7.7852,3.9993
122.487,3.9961,7.7852,3.9993
122.494,3.9961,7.7852,3.9993
122.501,3.9961,7.7825,3.9993
122.510,3.9961,7.7825,3.9993
122.517,3.9961,7.7798,3.9993
122.526,3.9961,7.7798,3.9993
122.532,3.9961,7.7798,3.9993
122.540,3.9961,7.7772,3.9993
122.548,3.9961,7.7772,3.9993
122.554,3.9961,7.7772,3.9993
122.563,3.9961,7.7745,3.9993
122.570,3.9961,7.7745,3.9993
122.578,3.9961,7.7718,3.9993
122.585,3.9961,7.7718,3.9993
122.593,3.9961,7.7718,3.9993
122.600,3.9961,7.7692,3.9993
122.609,3.9961,7.7692,3.9993
122.616,3.9961,7.7692,3.9993
122.624,3.9961,7.7665,3.9993
122.632,3.9961,7.7665,3.9993
122.639,3.9961,7.7638,3.9993
122.646,3.9961,7.7638,3.9993
122.653,3.9961,7.7638,3.9993
122.661,3.9961,7.7612,3.9993
122.669,3.9961,7.7612,3.9993
122.675,3.9961,7.7612,3.9993
122.682,3.9961,7.7585,3.9993
122.691,3.9961,7.7585,3.9993
122.698,3.9961,7.7558,3.9993
122.706,3.9961,7.7558,3.9993
122.713,3.9961,7.7558,3.9993
122.721,3.9961,7.7532,3.9993
122.729,3.9961,7.7532,3.9993
122.736,3.9961,7.7532,3.9993
122.743,3.9961,7.7505,3.9993
122.751,3.9961,7.7505,3.9993
122.759,3.9961,7.7478,3.9993
122.767,3.9961,7.7478,3.9993
122.775,3.9961,7.7478,3.9993
122.784,3.9961,7.7452,3.9993
122.794,3.9961,7.7452,3.9993
122.801,3.9961,7.7425,3.9993
122.811,3.9961,7.7425,3.9993
122.819,3.9961,7.7398,3.9993
122.828,3.9961,7.7398,3.9993
122.835,3.9961,7.7398,3.9993
122.844,3.9961,7.7372,3.9993
122.852,3.9961,7.7372,3.9993
122.860,3.9961,7.7345,3.9993
122.868,3.9961,7.7345,3.9993
122.877,3.9961,7.7345,3.9993
122.884,3.9961,7.7318,3.9993
122.893,3.9961,7.7318,3.9993
122.900,3.9961,7.7292,3.9993
122.911,3.9961,7.7292,3.9993
122.918,3.9961,7.7265,3.9993
122.927,3.9961,7.7265,3.9993
122.935,3.9961,7.7265,3.9993
122.942,3.9961,7.7238,3.9993
122.951,3.9961,7.7238,3.9993
122.958,3.9961,7.7212,3.9993
122.967,3.9961,7.7212,3.9993
122.974,3.9961,7.7212,3.9993
122.981,3.9961,7.7185,3.9993
122.990,3.9961,7.7185,3.9993
122.997,3.9961,7.7158,3.9993
123.006,3.9961,7.7158,3.9993
123.013,3.9961,7.7158,3.9993
123.020,3.9961,7.7132,3.9993
123.029,3.9961,7.7132,3.9993
123.035,3.9961,7.7132,3.9993
123.042,3.9961,7.7105,3.9993
123.051,3.9961,7.7105,3.9993
123.057,3.9961,7.7078,3.9993
123.065,3.9961,7.7078,3.9993
123.071,3.9961,7.7078,3.9993
123.079,3.9961,7.7052,3.9993
123.086,3.9961,7.7052,3.9993
123.094,3.9961,7.7052,3.9993
123.100,3.9961,7.7025,3.9993
123.109,3.9961,7.7025,3.9993
123.116,3.9961,7.7025,3.9993
123.123,3.9961,7.6998,3.9993
123.131,3.9961,7.6998,3.9993
123.138,3.9961,7.6972,3.9993
123.148,3.9961,7.6972,3.9993
123.155,3.9961,7.6972,3.9993
123.162,3.9961,7.6945,3.9993
123.171,3.9961,7.6945,3.9993
123.180,3.9961,7.6918,3.9993
123.189,3.9961,7.6918,3.9993
123.196,3.9961,7.6918,3.9993
123.204,3.9961,7.6892,3.9993
123.213,3.9961,7.6892,3.9993
123.221,3.9961,7.6865,3.9993
123.230,3.9961,7.6865,3.9993
123.239,3.9961,7.6838,3.9993
123.248,3.9961,7.6838,3.9993
123.255,3.9961,7.6838,3.9993
123.263,3.9961,7.6812,3.9993
123.272,3.9961,7.6812,3.9993
123.281,3.9961,7.6785,3.9993
123.291,3.9961,7.6785,3.9993
123.301,3.9961,7.6758,3.9993
123.309,3.9961,7.6758,3.9993
123.316,3.9961,7.6758,3.9993
123.323,3.9961,7.6732,3.9993
123.332,3.9961,7.6732,3.9993
123.339,3.9961,7.6705,3.9993
123.350,3.9961,7.6705,3.9993
123.357,3.9961,7.6678,3.9993
123.367,3.9961,7.6678,3.9993
123.375,3.9961,7.6678,3.9993
123.383,3.9961,7.6652,3.9993
123.394,3.9961,7.6652,3.9993
123.400,3.9961,7.6625,3.9993
123.410,3.9961,7.6625,3.9993
123.417,3.9961,7.6598,3.9993
123.427,3.9961,7.6598,3.9993
123.433,3.9961,7.6598,3.9993
123.442,3.9961,7.6572,3.9993
123.452,3.9961,7.6572,3.9993
123.460,3.9961,7.6545,3.9993
123.467,3.9961,7.6545,3.9993
123.476,3.9961,7.6545,3.9993
123.483,3.9961,7.6545,3.9993
123.492,3.9961,7.6545,3.9993
123.499,3.9961,7.6545,3.9993
123.509,3.9961,7.6545,3.9993
123.516,3.9961,7.6545,3.9993
123.524,3.9961,7.6545,3.9993
123.531,3.9961,7.6545,3.9993
123.539,3.9961,7.6545,3.9993
123.547,3.9961,7.6545,3.9993
123.554,3.9961,7.6545,3.9993
123.561,3.9961,7.6545,3.9993
123.570,3.9961,7.6545,3.9993
123.578,3.9961,7.6545,3.9993
123.586,3.9961,7.6545,3.9993
123.593,3.9961,7.6545,3.9993
123.601,3.9961,7.6545,3.9993
123.608,3.9961,7.6545,3.9993
123.617,3.9961,7.6545,3.9993
123.626,3.9961,7.6545,3.9993
123.633,3.9961,7.6545,3.9993
123.640,3.9961,7.6545,3.9993
123.649,3.9961,7.6545,3.9993
123.655,3.9961,7.6545,3.9993
123.664,3.9961,7.6545,3.9993
123.671,3.9961,7.6545,3.9993
123.679,3.9961,7.6545,3.9993
123.689,3.9961,7.6545,3.9993
123.697,3.9961,7.6545,3.9993
123.704,3.9961,7.6545,3.9993
123.714,3.9961,7.6545,3.9993
123.722,3.9961,7.6545,3.9993
123.730,3.9961,7.6545,3.9993
123.739,3.9961,7.6545,3.9993
123.750,3.9961,7.6545,3.9993
123.759,3.9961,7.6545,3.9993
123.768,3.9961,7.6545,3.9993
123.776,3.9961,7.6545,3.9993
123.783,3.9961,7.6545,3.9993
123.792,3.9961,7.6545,3.9993
123.799,3.9961,7.6545,3.9993
123.808,3.9961,7.6545,3.9993
123.816,3.9961,7.6545,3.9993
123.823,3.9961,7.6545,3.9993
123.832,3.9961,7.6545,3.9993
123.838,3.9961,7.6545,3.9993
123.849,3.9961,7.6545,3.9993
123.856,3.9961,7.6545,3.9993
123.864,3.9961,7.6545,3.9993
123.872,3.9961,7.6545,3.9993
123.880,3.9961,7.6545,3.9993
123.888,3.9961,7.6545,3.9993
123.896,3.9961,7.6545,3.9993
123.904,3.9961,7.6545,3.9993
123.913,3.9961,7.6545,3.9993
123.920,3.9961,7.6545,3.9993
123.930,3.9961,7.6545,3.9993
123.937,3.9961,7.6545,3.9993
123.946,3.9961,7.6545,3.9993
123.952,3.9961,7.6545,3.9993
123.962,3.9961,7.6545,3.9993
123.971,3.9961,7.6545,3.9993
123.979,3.9961,7.6535,3.9993
123.989,3.9961,7.6535,3.9993
123.997,3.9961,7.6535,3.9993
124.004,3.9961,7.6535,3.9993
124.013,3.9961,7.6535,3.9993
124.022,3.9961,7.6527,3.9993
124.031,3.9961,7.6527,3.9993
124.039,3.9961,7.6523,3.9993
124.049,3.9961,7.6523,3.9993
124.056,3.9961,7.6523,3.9993
124.064,3.9961,7.6523,3.9993
124.073,3.9961,7.6523,3.9993
124.083,3.9961,7.6523,3.9993
124.091,3.9961,7.6523,3.9993
124.099,3.9961,7.6522,3.9993
124.107,3.9961,7.6522,3.9993
124.117,3.9961,7.6522,3.9993
124.125,3.9961,7.6522,3.9993
124.134,3.9961,7.6522,3.9993
124.143,3.9961,7.6522,3.9993
124.152,3.9961,7.6522,3.9993
124.160,3.9961,7.6522,3.9993
124.169,3.9961,7.6522,3.9993
124.176,3.9961,7.6522,3.9993
124.183,3.9961,7.6522,3.9993
124.201,3.9961,7.6522,3.9993
124.212,3.9961,7.6522,3.9993
124.218,3.9961,7.6522,3.9993
124.226,3.9961,7.6522,3.9993
124.233,3.9961,7.6522,3.9993
124.241,3.9961,7.6522,3.9993
124.248,3.9961,7.6522,3.9993
124.257,3.9961,7.6522,3.9993
124.265,3.9961,7.6522,3.9993
124.274,3.9961,7.6522,3.9993
124.280,3.9961,7.6522,3.9993
124.288,3.9961,7.6522,3.9993
124.294,3.9961,7.6522,3.9993
124.302,3.9961,7.6522,3.9993
124.310,3.9961,7.6522,3.9993
124.318,3.9961,7.6522,3.9993
124.326,3.9961,7.6522,3.9993
124.333,3.9961,7.6522,3.9993
124.339,3.9961,7.6522,3.9993
124.348,3.9961,7.6522,3.9993
124.355,3.9961,7.6522,3.9993
124.363,3.9961,7.6522,3.9993
124.370,3.9961,7.6522,3.9993
124.378,3.9961,7.6522,3.9993
124.386,3.9961,7.6522,3.9993
124.394,3.9961,7.6522,3.9993
124.400,3.9961,7.6522,3.9993
124.409,3.9961,7.6522,3.9993
124.417,3.9961,7.6522,3.9993
124.426,3.9961,7.6522,3.9993
124.432,3.9961,7.6522,3.9993
124.439,3.9961,7.6522,3.9993
124.449,3.9961,7.6522,3.9993
124.456,3.9961,7.6522,3.9993
124.464,3.9961,7.6522,3.9993
124.473,3.9961,7.6522,3.9993
124.482,3.9961,7.6522,3.9993
124.490,3.9961,7.6522,3.9993
124.497,3.9961,7.6522,3.9993
124.507,3.9961,7.6522,3.9993
124.515,3.9961,7.6522,3.9993
124.523,3.9961,7.6522,3.9993
124.531,3.9961,7.6522,3.9993
124.539,3.9961,7.6522,3.9993
124.548,3.9961,7.6522,3.9993
124.556,3.9961,7.6522,3.9993
124.563,3.9961,7.6522,3.9993
124.572,3.9961,7.6522,3.9993
124.580,3.9961,7.6522,3.9993
124.588,3.9961,7.6522,3.9993
124.596,3.9961,7.6522,3.9993
124.603,3.9961,7.6522,3.9993
124.613,3.9961,7.6522,3.9993
124.620,3.9961,7.6522,3.9993
124.629,3.9961,7.6522,3.9993
124.636,3.9961,7.6522,3.9993
124.645,3.9961,7.6522,3.9993
124.655,3.9961,7.6522,3.9993
124.663,3.9961,7.6522,3.9993
124.670,3.9961,7.6522,3.9993
124.678,3.9961,7.6522,3.9993
124.687,3.9961,7.6522,3.9993
124.696,3.9961,7.6522,3.9993
124.702,3.9961,7.6522,3.9993
124.710,3.9961,7.6522,3.9993
124.717,3.9961,7.6522,3.9993
124.725,3.9961,7.6522,3.9993
124.733,3.9961,7.6522,3.9993
124.740,3.9961,7.6522,3.9993
124.747,3.9961,7.6522,3.9993
124.755,3.9961,7.6522,3.9993
124.762,3.9961,7.6522,3.9993
124.771,3.9961,7.6522,3.9993
124.780,3.9961,7.6522,3.9993
124.788,3.9961,7.6522,3.9993
124.795,3.9961,7.6522,3.9993
124.801,3.9961,7.6522,3.9993
124.811,3.9961,7.6522,3.9993
124.818,3.9961,7.6522,3.9993
124.826,3.9961,7.6522,3.9993
124.834,3.9961,7.6522,3.9993
124.842,3.9961,7.6522,3.9993
124.850,3.9961,7.6522,3.9993
124.857,3.9961,7.6522,3.9993
124.866,3.9961,7.6522,3.9993
124.873,3.9961,7.6522,3.9993
124.880,3.9961,7.6522,3.9993
124.887,3.9961,7.6522,3.9993
124.894,3.9961,7.6522,3.9993
124.902,3.9961,7.6522,3.9993
124.910,3.9961,7.6522,3.9993
124.918,3.9961,7.6522,3.9993
124.927,3.9961,7.6522,3.9993
124.935,3.9961,7.6522,3.9993
124.942,3.9961,7.6522,3.9993
124.951,3.9961,7.6522,3.9993
124.958,3.9961,7.6522,3.9993
124.966,3.9961,7.6522,3.9993
124.972,3.9961,7.6522,3.9993
124.980,3.9961,7.6522,3.9993
124.989,3.9961,7.6522,3.9993
124.996,3.9961,7.6522,3.9993
125.002,3.9961,7.6522,3.9993
125.012,3.9961,7.6522,3.9993
125.019,3.9961,7.6522,3.9993
125.029,3.9961,7.6522,3.9993
125.035,3.9961,7.6522,3.9993
125.044,3.9961,7.6522,3.9993
125.053,3.9961,7.6522,3.9993
125.061,3.9961,7.6522,3.9993
125.070,3.9961,7.6522,3.9993
125.078,3.9961,7.6522,3.9993
125.086,3.9961,7.6522,3.9993
125.093,3.9961,7.6522,3.9993
125.101,3.9961,7.6522,3.9993
125.110,3.9961,7.6522,3.9993
125.118,3.9961,7.6522,3.9993
125.126,3.9961,7.6522,3.9993
125.134,3.9961,7.6522,3.9993
125.142,3.9961,7.6522,3.9993
125.151,3.9961,7.6522,3.9993
125.159,3.9961,7.6522,3.9993
125.168,3.9961,7.6522,3.9993
125.176,3.9961,7.6522,3.9993
125.184,3.9961,7.6522,3.9993
125.193,3.9961,7.6522,3.9993
125.202,3.9961,7.6522,3.9993
125.215,3.9961,7.6522,3.9993
125.222,3.9961,7.6522,3.9993
125.233,3.9961,7.6522,3.9993
125.242,3.9961,7.6522,3.9993
125.252,3.9961,7.6522,3.9993
125.262,3.9961,7.6522,3.9993
125.269,3.9961,7.6522,3.9993
125.278,3.9961,7.6522,3.9993
125.285,3.9961,7.6522,3.9993
125.294,3.9961,7.6522,3.9993
125.301,3.9961,7.6522,3.9993
125.309,3.9961,7.6522,3.9993
125.316,3.9961,7.6522,3.9993
125.325,3.9961,7.6522,3.9993
125.332,3.9961,7.6522,3.9993
125.341,3.9961,7.6522,3.9993
125.351,3.9961,7.6522,3.9993
125.359,3.9961,7.6522,3.9993
125.368,3.9961,7.6522,3.9993
125.376,3.9961,7.6522,3.9993
125.385,3.9961,7.6522,3.9993
125.393,3.9961,7.6522,3.9993
125.401,3.9961,7.6522,3.9993
125.409,3.9961,7.6522,3.9993
125.417,3.9961,7.6522,3.9993
125.426,3.9961,7.6522,3.9993
125.434,3.9961,7.6522,3.9993
125.442,3.9961,7.6522,3.9993
125.450,3.9961,7.6522,3.9993
125.458,3.9961,7.6522,3.9993
125.466,3.9961,7.6522,3.9993
125.475,3.9961,7.6522,3.9993
125.483,3.9961,7.6522,3.9993
125.492,3.9961,7.6522,3.9993
125.499,3.9961,7.6522,3.9993
125.508,3.9961,7.6522,3.9993
125.515,3.9961,7.6522,3.9993
125.522,3.9961,7.6522,3.9993
125.531,3.9961,7.6522,3.9993
125.538,3.9961,7.6522,3.9993
125.546,3.9961,7.6522,3.9993
125.553,3.9961,7.6522,3.9993
125.561,3.9961,7.6522,3.9993
125.569,3.9961,7.6522,3.9993
125.575,3.9961,7.6522,3.9993
125.582,3.9961,7.6522,3.9993
125.591,3.9961,7.6522,3.9993
125.598,3.9961,7.6522,3.9993
125.607,3.9961,7.6522,3.9993
125.615,3.9961,7.6522,3.9993
125.622,3.9961,7.6522,3.9993
125.629,3.9961,7.6522,3.9993
125.636,3.9961,7.6522,3.9993
125.644,3.9961,7.6522,3.9993
125.652,3.9961,7.6522,3.9993
125.659,3.9961,7.6522,3.9993
125.667,3.9961,7.6522,3.9993
125.675,3.9961,7.6522,3.9993
125.684,3.9961,7.6522,3.9993
125.692,3.9961,7.6522,3.9993
125.701,3.9961,7.6522,3.9993
125.712,3.9961,7.6522,3.9993
125.719,3.9961,7.6522,3.9993
125.728,3.9961,7.6522,3.9993
125.736,3.9961,7.6522,3.9993
125.745,3.9961,7.6522,3.9993
125.752,3.9961,7.6522,3.9993
125.761,3.9961,7.6522,3.9993
125.770,3.9961,7.6522,3.9993
125.780,3.9961,7.6522,3.9993
125.788,3.9961,7.6522,3.9993
125.796,3.9961,7.6522,3.9993
125.805,3.9961,7.6522,3.9993
125.814,3.9961,7.6522,3.9993
125.823,3.9961,7.6522,3.9993
125.832,3.9961,7.6522,3.9993
125.841,3.9961,7.6522,3.9993
125.850,3.9961,7.6522,3.9993
125.859,3.9961,7.6522,3.9993
125.869,3.9961,7.6522,3.9993
125.876,3.9961,7.6522,3.9993
125.885,3.9961,7.6522,3.9993
125.893,3.9961,7.6522,3.9993
125.901,3.9961,7.6522,3.9993
125.910,3.9961,7.6522,3.9993
125.918,3.9961,7.6522,3.9993
125.928,3.9961,7.6522,3.9993
125.936,3.9961,7.6522,3.9993
125.944,3.9961,7.6522,3.9993
125.952,3.9961,7.6522,3.9993
125.960,3.9961,7.6522,3.9993
125.967,3.9961,7.6522,3.9993
125.975,3.9961,7.6522,3.9993
125.982,3.9961,7.6522,3.9993
125.988,3.9961,7.6522,3.9993
125.996,3.9961,7.6522,3.9993
126.002,3.9961,7.6522,3.9993
126.013,3.9961,7.6522,3.9993
126.020,3.9961,7.6522,3.9993
126.029,3.9961,7.6522,3.9993
126.035,3.9961,7.6522,3.9993
126.043,3.9961,7.6522,3.9993
126.052,3.9961,7.6522,3.9993
126.059,3.9961,7.6522,3.9993
126.066,3.9961,7.6522,3.9993
126.074,3.9961,7.6522,3.9993
126.081,3.9961,7.6522,3.9993
126.089,3.9961,7.6522,3.9993
126.096,3.9961,7.6522,3.9993
126.104,3.9961,7.6522,3.9993
126.113,3.9961,7.6522,3.9993
126.120,3.9961,7.6522,3.9993
126.128,3.9961,7.6522,3.9993
126.136,3.9961,7.6522,3.9993
126.144,3.9961,7.6522,3.9993
126.151,3.9961,7.6522,3.9993
126.159,3.9961,7.6522,3.9993
126.168,3.9961,7.6522,3.9993
126.176,3.9961,7.6522,3.9993
126.183,3.9961,7.6522,3.9993
126.191,3.9961,7.6522,3.9993
126.199,3.9961,7.6522,3.9993
126.206,3.9961,7.6522,3.9993
126.214,3.9961,7.6522,3.9993
126.221,3.9961,7.6522,3.9993
126.231,3.9961,7.6522,3.9993
126.238,3.9961,7.6522,3.9993
126.247,3.9961,7.6522,3.9993
126.261,3.9961,7.6522,3.9993
126.274,3.9961,7.6522,3.9993
126.281,3.9961,7.6522,3.9993
126.291,3.9961,7.6522,3.9993
126.298,3.9961,7.6523,3.9993
126.306,3.9961,7.6523,3.9993
126.314,3.9961,7.6523,3.9993
126.322,3.9961,7.6524,3.9993
126.330,3.9961,7.6524,3.9993
126.338,3.9961,7.6526,3.9993
126.347,3.9961,7.6526,3.9993
126.355,3.9961,7.6526,3.9993
126.362,3.9961,7.6529,3.9993
126.372,3.9961,7.6529,3.9993
126.381,3.9961,7.6533,3.9993
126.390,3.9961,7.6533,3.9993
126.396,3.9961,7.6533,3.9993
126.404,3.9961,7.6541,3.9993
126.415,3.9961,7.6541,3.9993
126.422,3.9961,7.6551,3.9993
126.432,3.9961,7.6551,3.9993
126.440,3.9961,7.6561,3.9993
126.449,3.9961,7.6561,3.9993
126.456,3.9961,7.6561,3.9993
126.464,3.9961,7.6584,3.9993
126.475,3.9961,7.6584,3.9993
126.483,3.9961,7.6608,3.9993
126.492,3.9961,7.6608,3.9993
126.500,3.9961,7.6633,3.9993
126.511,3.9961,7.6633,3.9993
126.518,3.9961,7.6659,3.9993
126.530,3.9961,7.6659,3.9993
126.537,3.9961,7.6659,3.9993
126.546,3.9961,7.6685,3.9993
126.556,3.9961,7.6685,3.9993
126.563,3.9961,7.6710,3.9993
126.573,3.9961,7.6710,3.9993
126.581,3.9961,7.6736,3.9993
126.592,3.9961,7.6736,3.9993
126.599,3.9961,7.6761,3.9993
126.610,3.9961,7.6761,3.9993
126.619,3.9961,7.6787,3.9993
126.629,3.9961,7.6787,3.9993
126.637,3.9961,7.6813,3.9993
126.648,3.9961,7.6813,3.9993
126.655,3.9961,7.6813,3.9993
126.662,3.9961,7.6839,3.9993
126.673,3.9961,7.6839,3.9993
126.682,3.9961,7.6864,3.9993
126.692,3.9961,7.6864,3.9993
126.701,3.9961,7.6890,3.9993
126.712,3.9961,7.6890,3.9993
126.719,3.9961,7.6916,3.9993
126.730,3.9961,7.6916,3.9993
126.736,3.9961,7.6916,3.9993
126.746,3.9961,7.6941,3.9993
126.755,3.9961,7.6941,3.9993
126.763,3.9961,7.6967,3.9993
126.773,3.9961,7.6967,3.9993
126.781,3.9961,7.6993,3.9993
126.790,3.9961,7.6993,3.9993
126.799,3.9961,7.7018,3.9993
126.809,3.9961,7.7018,3.9993
126.816,3.9961,7.7018,3.9993
126.824,3.9961,7.7044,3.9993
126.833,3.9961,7.7044,3.9993
126.841,3.9961,7.7070,3.9993
126.850,3.9961,7.7070,3.9993
126.859,3.9961,7.7095,3.9993
126.869,3.9961,7.7095,3.9993
126.877,3.9961,7.7121,3.9993
126.887,3.9961,7.7121,3.9993
126.894,3.9961,7.7121,3.9993
126.901,3.9961,7.7147,3.9993
126.911,3.9961,7.7147,3.9993
126.919,3.9961,7.7172,3.9993
126.929,3.9961,7.7172,3.9993
126.937,3.9961,7.7172,3.9993
126.946,3.9961,7.7198,3.9993
126.954,3.9961,7.7198,3.9993
126.963,3.9961,7.7224,3.9993
126.972,3.9961,7.7224,3.9993
126.982,3.9961,7.7249,3.9993
126.993,3.9961,7.7249,3.9993
127.001,3.9961,7.7275,3.9993
127.013,3.9961,7.7275,3.9993
127.021,3.9961,7.7301,3.9993
127.031,3.9961,7.7301,3.9993
127.041,3.9961,7.7326,3.9993
127.052,3.9961,7.7326,3.9993
127.061,3.9961,7.7352,3.9993
127.070,3.9961,7.7352,3.9993
127.079,3.9961,7.7377,3.9993
127.090,3.9961,7.7377,3.9993
127.098,3.9961,7.7403,3.9993
127.110,3.9961,7.7403,3.9993
127.118,3.9961,7.7429,3.9993
127.128,3.9961,7.7429,3.9993
127.135,3.9961,7.7429,3.9993
127.144,3.9961,7.7454,3.9993
127.154,3.9961,7.7454,3.9993
127.163,3.9961,7.7480,3.9993
127.173,3.9961,7.7480,3.9993
127.181,3.9961,7.7505,3.9993
127.192,3.9961,7.7505,3.9993
127.200,3.9961,7.7530,3.9993
127.210,3.9961,7.7530,3.9993
127.218,3.9961,7.7556,3.9993
127.228,3.9961,7.7556,3.9993
127.235,3.9961,7.7556,3.9993
127.244,3.9961,7.7581,3.9993
127.252,3.9961,7.7581,3.9993
127.261,3.9961,7.7606,3.9993
127.269,3.9961,7.7606,3.9993
127.278,3.9961,7.7632,3.9993
127.286,3.9961,7.7632,3.9993
127.294,3.9961,7.7632,3.9993
127.300,3.9961,7.7657,3.9993
127.309,3.9961,7.7657,3.9993
127.317,3.9961,7.7682,3.9993
127.326,3.9961,7.7682,3.9993
127.333,3.9961,7.7682,3.9993
127.340,3.9961,7.7708,3.9993
127.349,3.9961,7.7708,3.9993
127.355,3.9961,7.7708,3.9993
127.362,3.9961,7.7733,3.9993
127.369,3.9961,7.7733,3.9993
127.378,3.9961,7.7758,3.9993
127.386,3.9961,7.7758,3.9993
127.394,3.9961,7.7758,3.9993
127.401,3.9961,7.7783,3.9993
127.411,3.9961,7.7783,3.9993
127.418,3.9961,7.7809,3.9993
127.427,3.9961,7.7809,3.9993
127.434,3.9961,7.7809,3.9993
127.441,3.9961,7.7834,3.9993
127.449,3.9961,7.7834,3.9993
127.456,3.9961,7.7834,3.9993
127.464,3.9961,7.7859,3.9993
127.472,3.9961,7.7859,3.9993
127.480,3.9961,7.7884,3.9993
127.488,3.9961,7.7884,3.9993
127.496,3.9961,7.7884,3.9993
127.502,3.9961,7.7910,3.9993
127.511,3.9961,7.7910,3.9993
127.519,3.9961,7.7935,3.9993
127.528,3.9961,7.7935,3.9993
127.534,3.9961,7.7935,3.9993
127.542,3.9961,7.7960,3.9993
127.550,3.9961,7.7960,3.9993
127.558,3.9961,7.7985,3.9993
127.567,3.9961,7.7985,3.9993
127.575,3.9961,7.7985,3.9993
127.582,3.9961,7.8010,3.9993
127.592,3.9961,7.8010,3.9993
127.598,3.9961,7.8036,3.9993
127.608,3.9961,7.8036,3.9993
127.615,3.9961,7.8036,3.9993
127.624,3.9961,7.8061,3.9993
127.633,3.9961,7.8061,3.9993
127.640,3.9961,7.8086,3.9993
127.648,3.9961,7.8086,3.9993
127.655,3.9961,7.8086,3.9993
127.662,3.9961,7.8111,3.9993
127.671,3.9961,7.8111,3.9993
127.680,3.9961,7.8136,3.9993
127.688,3.9961,7.8136,3.9993
127.696,3.9961,7.8136,3.9993
127.702,3.9961,7.8161,3.9993
127.713,3.9961,7.8161,3.9993
127.720,3.9961,7.8187,3.9993
127.729,3.9961,7.8187,3.9993
127.736,3.9961,7.8187,3.9993
127.745,3.9961,7.8212,3.9993
127.754,3.9961,7.8212,3.9993
127.763,3.9961,7.8237,3.9993
127.771,3.9961,7.8237,3.9993
127.780,3.9961,7.8262,3.9993
127.788,3.9961,7.8262,3.9993
127.798,3.9961,7.8287,3.9993
127.807,3.9961,7.8287,3.9993
127.815,3.9961,7.8287,3.9993
127.823,3.9961,7.8313,3.9993
127.833,3.9961,7.8313,3.9993
127.841,3.9961,7.8338,3.9993
127.850,3.9961,7.8338,3.9993
127.860,3.9961,7.8363,3.9993
127.868,3.9961,7.8363,3.9993
127.876,3.9961,7.8363,3.9993
127.883,3.9961,7.8388,3.9993
127.893,3.9961,7.8388,3.9993
127.901,3.9961,7.8413,3.9993
127.910,3.9961,7.8413,3.9993
127.918,3.9961,7.8439,3.9993
127.928,3.9961,7.8439,3.9993
127.936,3.9961,7.8439,3.9993
127.944,3.9961,7.8464,3.9993
127.956,3.9961,7.8464,3.9993
127.964,3.9961,7.8489,3.9993
127.972,3.9961,7.8489,3.9993
127.981,3.9961,7.8514,3.9993
127.989,3.9961,7.8514,3.9993
127.997,3.9961,7.8539,3.9993
128.005,3.9961,7.8539,3.9993
128.014,3.9961,7.8539,3.9993
128.021,3.9961,7.8565,3.9993
128.029,3.9961,7.8565,3.9993
128.035,3.9961,7.8565,3.9993
128.044,3.9961,7.8590,3.9993
128.051,3.9961,7.8590,3.9993
128.058,3.9961,7.8615,3.9993
128.067,3.9961,7.8615,3.9993
128.074,3.9961,7.8615,3.9993
128.081,3.9961,7.8640,3.9993
128.089,3.9961,7.8640,3.9993
128.099,3.9961,7.8665,3.9993
128.108,3.9961,7.8665,3.9993
128.116,3.9961,7.8665,3.9993
128.125,3.9961,7.8690,3.9993
128.135,3.9961,7.8690,3.9993
128.143,3.9961,7.8716,3.9993
128.153,3.9961,7.8716,3.9993
128.161,3.9961,7.8741,3.9993
128.169,3.9961,7.8741,3.9993
128.177,3.9961,7.8741,3.9993
128.184,3.9961,7.8766,3.9993
128.193,3.9961,7.8766,3.9993
128.200,3.9961,7.8791,3.9993
128.208,3.9961,7.8791,3.9993
128.216,3.9961,7.8791,3.9993
128.223,3.9961,7.8816,3.9993
128.232,3.9961,7.8816,3.9993
128.240,3.9961,7.8841,3.9993
128.249,3.9961,7.8841,3.9993
128.257,3.9961,7.8841,3.9993
128.265,3.9961,7.8866,3.9993
128.273,3.9961,7.8866,3.9993
128.282,3.9961,7.8892,3.9993
128.290,3.9961,7.8892,3.9993
128.298,3.9961,7.8917,3.9993
128.306,3.9961,7.8917,3.9993
128.315,3.9961,7.8917,3.9993
128.322,3.9961,7.8942,3.9993
128.332,3.9961,7.8942,3.9993
128.341,3.9961,7.8967,3.9993
128.350,3.9961,7.8967,3.9993
128.358,3.9961,7.8992,3.9993
128.366,3.9961,7.8992,3.9993
128.375,3.9961,7.8992,3.9993
128.383,3.9961,7.9017,3.9993
128.393,3.9961,7.9017,3.9993
128.401,3.9961,7.9042,3.9993
128.411,3.9961,7.9042,3.9993
128.418,3.9961,7.9067,3.9993
128.428,3.9961,7.9067,3.9993
128.436,3.9961,7.9067,3.9993
128.444,3.9961,7.9092,3.9993
128.454,3.9961,7.9092,3.9993
128.462,3.9961,7.9117,3.9993
128.471,3.9961,7.9117,3.9993
128.481,3.9961,7.9143,3.9993
128.490,3.9961,7.9143,3.9993
128.498,3.9961,7.9168,3.9993
128.505,3.9961,7.9168,3.9993
128.513,3.9961,7.9168,3.9993
128.520,3.9961,7.9193,3.9993
128.530,3.9961,7.9193,3.9993
128.536,3.9961,7.9193,3.9993
128.545,3.9961,7.9218,3.9993
128.554,3.9961,7.9218,3.9993
128.570,3.9961,7.9243,3.9993
128.582,3.9961,7.9268,3.9993
128.591,3.9961,7.9268,3.9993
128.598,3.9961,7.9293,3.9993
128.607,3.9961,7.9293,3.9993
128.615,3.9961,7.9293,3.9993
128.624,3.9961,7.9318,3.9993
128.632,3.9961,7.9318,3.9993
128.640,3.9961,7.9343,3.9993
128.649,3.9961,7.9343,3.9993
128.656,3.9961,7.9343,3.9993
128.663,3.9961,7.9368,3.9993
128.671,3.9961,7.9368,3.9993
128.679,3.9961,7.9393,3.9993
128.687,3.9961,7.9393,3.9993
128.694,3.9961,7.9393,3.9993
128.701,3.9961,7.9418,3.9993
128.710,3.9961,7.9418,3.9993
128.718,3.9961,7.9443,3.9993
128.726,3.9961,7.9443,3.9993
128.733,3.9961,7.9443,3.9993
128.742,3.9961,7.9468,3.9993
128.750,3.9961,7.9468,3.9993
128.758,3.9961,7.9493,3.9993
128.766,3.9961,7.9493,3.9993
128.773,3.9961,7.9493,3.9993
128.781,3.9961,7.9518,3.9993
128.790,3.9961,7.9518,3.9993
128.798,3.9961,7.9543,3.9993
128.806,3.9961,7.9543,3.9993
128.813,3.9961,7.9543,3.9993
128.821,3.9961,7.9568,3.9993
128.831,3.9961,7.9568,3.9993
128.837,3.9961,7.9568,3.9993
128.845,3.9961,7.9593,3.9993
128.854,3.9961,7.9593,3.9993
128.864,3.9961,7.9618,3.9993
128.872,3.9961,7.9618,3.9993
128.880,3.9961,7.9643,3.9993
128.889,3.9961,7.9643,3.9993
128.897,3.9961,7.9668,3.9993
128.907,3.9961,7.9668,3.9993
128.915,3.9961,7.9668,3.9993
128.923,3.9961,7.9693,3.9993
128.931,3.9961,7.9693,3.9993
128.938,3.9961,7.9718,3.9993
128.947,3.9961,7.9718,3.9993
128.955,3.9961,7.9718,3.9993
128.963,3.9961,7.9743,3.9993
128.970,3.9961,7.9743,3.9993
128.979,3.9961,7.9768,3.9993
128.988,3.9961,7.9768,3.9993
128.995,3.9961,7.9768,3.9993
129.002,3.9961,7.9793,3.9993
129.013,3.9961,7.9793,3.9993
129.019,3.9961,7.9818,3.9993
129.029,3.9961,7.9818,3.9993
129.037,3.9961,7.9818,3.9993
129.045,3.9961,7.9843,3.9993
129.053,3.9961,7.9843,3.9993
129.061,3.9961,7.9868,3.9993
129.070,3.9961,7.9868,3.9993
129.079,3.9961,7.9893,3.9993
129.086,3.9961,7.9893,3.9993
129.095,3.9961,7.9893,3.9993
129.102,3.9961,7.9918,3.9993
129.113,3.9961,7.9918,3.9993
129.119,3.9961,7.9942,3.9993
129.129,3.9961,7.9942,3.9993
129.136,3.9961,7.9942,3.9993
129.145,3.9961,7.9967,3.9993
129.156,3.9961,7.9967,3.9993
129.165,3.9961,7.9992,3.9993
129.175,3.9961,7.9992,3.9993
129.182,3.9961,8.0017,3.9993
129.192,3.9961,8.0017,3.9993
129.200,3.9961,8.0042,3.9993
129.211,3.9961,8.0042,3.9993
129.219,3.9961,8.0067,3.9993
129.229,3.9961,8.0067,3.9993
129.237,3.9961,8.0067,3.9993
129.246,3.9961,8.0092,3.9993
129.256,3.9961,8.0092,3.9993
129.264,3.9961,8.0117,3.9993
129.271,3.9961,8.0117,3.9993
129.280,3.9961,8.0142,3.9993
129.287,3.9961,8.0142,3.9993
129.295,3.9961,8.0142,3.9993
129.302,3.9961,8.0167,3.9993
129.311,3.9961,8.0167,3.9993
129.320,3.9961,8.0192,3.9993
129.330,3.9961,8.0192,3.9993
129.339,3.9961,8.0217,3.9993
129.347,3.9961,8.0217,3.9993
129.353,3.9961,8.0217,3.9993
129.361,3.9961,8.0241,3.9993
129.369,3.9961,8.0241,3.9993
129.377,3.9961,8.0241,3.9993
129.384,3.9961,8.0266,3.9993
129.394,3.9961,8.0266,3.9993
129.400,3.9961,8.0291,3.9993
129.410,3.9961,8.0291,3.9993
129.417,3.9961,8.0316,3.9993
129.427,3.9961,8.0316,3.9993
129.435,3.9961,8.0316,3.9993
129.443,3.9961,8.0341,3.9993
129.452,3.9961,8.0341,3.9993
129.460,3.9961,8.0366,3.9993
129.468,3.9961,8.0366,3.9993
129.476,3.9961,8.0366,3.9993
129.483,3.9961,8.0391,3.9993
129.494,3.9961,8.0391,3.9993
129.501,3.9961,8.0416,3.9993
129.510,3.9961,8.0416,3.9993
129.519,3.9961,8.0441,3.9993
129.529,3.9961,8.0441,3.9993
129.537,3.9961,8.0441,3.9993
129.546,3.9961,8.0466,3.9993
129.555,3.9961,8.0466,3.9993
129.563,3.9961,8.0491,3.9993
129.572,3.9961,8.0491,3.9993
129.579,3.9961,8.0516,3.9993
129.589,3.9961,8.0516,3.9993
129.596,3.9961,8.0516,3.9993
129.603,3.9961,8.0540,3.9993
129.615,3.9961,8.0540,3.9993
129.623,3.9961,8.0565,3.9993
129.633,3.9961,8.0565,3.9993
129.641,3.9961,8.0590,3.9993
129.651,3.9961,8.0590,3.9993
129.658,3.9961,8.0615,3.9993
129.668,3.9961,8.0615,3.9993
129.676,3.9961,8.0615,3.9993
129.684,3.9961,8.0640,3.9993
129.693,3.9961,8.0640,3.9993
129.702,3.9961,8.0665,3.9993
129.711,3.9961,8.0665,3.9993
129.719,3.9961,8.0690,3.9993
129.728,3.9961,8.0690,3.9993
129.736,3.9961,8.0690,3.9993
129.745,3.9961,8.0715,3.9993
129.754,3.9961,8.0715,3.9993
129.763,3.9961,8.0740,3.9993
129.771,3.9961,8.0740,3.9993
129.779,3.9961,8.0765,3.9993
129.787,3.9961,8.0765,3.9993
129.796,3.9961,8.0765,3.9993
129.803,3.9961,8.0790,3.9993
129.813,3.9961,8.0790,3.9993
129.820,3.9961,8.0815,3.9993
129.830,3.9961,8.0815,3.9993
129.837,3.9961,8.0815,3.9993
129.845,3.9961,8.0840,3.9993
129.854,3.9961,8.0840,3.9993
129.862,3.9961,8.0865,3.9993
129.869,3.9961,8.0865,3.9993
129.877,3.9961,8.0889,3.9993
129.887,3.9961,8.0889,3.9993
129.894,3.9961,8.0889,3.9993
129.900,3.9961,8.0914,3.9993
129.911,3.9961,8.0914,3.9993
129.918,3.9961,8.0939,3.9993
129.927,3.9961,8.0939,3.9993
129.933,3.9961,8.0939,3.9993
129.941,3.9961,8.0964,3.9993
129.950,3.9961,8.0964,3.9993
129.958,3.9961,8.0989,3.9993
129.967,3.9961,8.0989,3.9993
129.975,3.9961,8.0989,3.9993
129.982,3.9961,8.1014,3.9993
129.991,3.9961,8.1014,3.9993
129.998,3.9961,8.1039,3.9993
130.007,3.9961,8.1039,3.9993
130.014,3.9961,8.1039,3.9993
130.022,3.9961,8.1064,3.9993
130.033,3.9961,8.1064,3.9993
130.041,3.9961,8.1089,3.9993
130.051,3.9961,8.1089,3.9993
130.059,3.9961,8.1114,3.9993
130.069,3.9961,8.1114,3.9993
130.077,3.9961,8.1114,3.9993
130.085,3.9961,8.1139,3.9993
130.095,3.9961,8.1139,3.9993
130.102,3.9961,8.1164,3.9993
130.110,3.9961,8.1164,3.9993
130.118,3.9961,8.1189,3.9993
130.127,3.9961,8.1189,3.9993
130.133,3.9961,8.1189,3.9993
130.141,3.9961,8.1214,3.9993
130.149,3.9961,8.1214,3.9993
130.158,3.9961,8.1239,3.9993
130.167,3.9961,8.1239,3.9993
130.175,3.9961,8.1239,3.9993
130.182,3.9961,8.1263,3.9993
130.192,3.9961,8.1263,3.9993
130.198,3.9961,8.1288,3.9993
130.208,3.9961,8.1288,3.9993
130.216,3.9961,8.1288,3.9993
130.225,3.9961,8.1313,3.9993
130.234,3.9961,8.1313,3.9993
130.242,3.9961,8.1338,3.9993
130.250,3.9961,8.1338,3.9993
130.259,3.9961,8.1363,3.9993
130.269,3.9961,8.1363,3.9993
130.278,3.9961,8.1388,3.9993
130.286,3.9961,8.1388,3.9993
130.294,3.9961,8.1388,3.9993
130.302,3.9961,8.1413,3.9993
130.312,3.9961,8.1413,3.9993
130.319,3.9961,8.1438,3.9993
130.330,3.9961,8.1438,3.9993
130.337,3.9961,8.1463,3.9993
130.347,3.9961,8.1463,3.9993
130.354,3.9961,8.1463,3.9993
130.362,3.9961,8.1488,3.9993
130.370,3.9961,8.1488,3.9993
130.379,3.9961,8.1513,3.9993
130.388,3.9961,8.1513,3.9993
130.398,3.9961,8.1538,3.9993
130.406,3.9961,8.1538,3.9993
130.414,3.9961,8.1538,3.9993
130.421,3.9961,8.1563,3.9993
130.431,3.9961,8.1563,3.9993
130.439,3.9961,8.1588,3.9993
130.448,3.9961,8.1588,3.9993
130.458,3.9961,8.1613,3.9993
130.467,3.9961,8.1613,3.9993
130.476,3.9961,8.1613,3.9993
130.485,3.9961,8.1638,3.9993
130.495,3.9961,8.1638,3.9993
130.502,3.9961,8.1663,3.9993
130.512,3.9961,8.1663,3.9993
130.520,3.9961,8.1688,3.9993
130.528,3.9961,8.1688,3.9993
130.536,3.9961,8.1688,3.9993
130.544,3.9961,8.1713,3.9993
130.552,3.9961,8.1713,3.9993
130.559,3.9961,8.1738,3.9993
130.568,3.9961,8.1738,3.9993
130.578,3.9961,8.1763,3.9993
130.586,3.9961,8.1763,3.9993
130.594,3.9961,8.1763,3.9993
130.601,3.9961,8.1788,3.9993
130.612,3.9961,8.1788,3.9993
130.618,3.9961,8.1813,3.9993
130.627,3.9961,8.1813,3.9993
130.634,3.9961,8.1813,3.9993
130.644,3.9961,8.1838,3.9993
130.651,3.9961,8.1838,3.9993
130.660,3.9961,8.1863,3.9993
130.669,3.9961,8.1863,3.9993
130.676,3.9961,8.1863,3.9993
130.684,3.9961,8.1888,3.9993
130.693,3.9961,8.1888,3.9993
130.702,3.9961,8.1913,3.9993
130.710,3.9961,8.1913,3.9993
130.718,3.9961,8.1938,3.9993
130.726,3.9961,8.1938,3.9993
130.734,3.9961,8.1938,3.9993
130.741,3.9961,8.1963,3.9993
130.752,3.9961,8.1963,3.9993
130.761,3.9961,8.1988,3.9993
130.770,3.9961,8.1988,3.9993
130.779,3.9961,8.2013,3.9993
130.789,3.9961,8.2013,3.9993
130.798,3.9961,8.2038,3.9993
130.807,3.9961,8.2038,3.9993
130.816,3.9961,8.2038,3.9993
130.825,3.9961,8.2063,3.9993
130.834,3.9961,8.2063,3.9993
130.843,3.9961,8.2088,3.9993
130.854,3.9961,8.2088,3.9993
130.864,3.9961,8.2113,3.9993
130.876,3.9961,8.2113,3.9993
130.884,3.9961,8.2138,3.9993
130.893,3.9961,8.2138,3.9993
130.900,3.9961,8.2163,3.9993
130.911,3.9961,8.2163,3.9993
130.918,3.9961,8.2188,3.9993
130.927,3.9961,8.2188,3.9993
130.934,3.9961,8.2188,3.9993
130.943,3.9961,8.2213,3.9993
130.953,3.9961,8.2213,3.9993
130.961,3.9961,8.2237,3.9993
130.972,3.9961,8.2237,3.9993
130.980,3.9961,8.2262,3.9993
130.991,3.9961,8.2262,3.9993
131.004,3.9961,8.2287,3.9993
131.017,3.9961,8.2312,3.9993
131.030,3.9961,8.2312,3.9993
131.042,3.9961,8.2337,3.9993
131.055,3.9961,8.2337,3.9993
131.070,3.9961,8.2362,3.9993
131.080,3.9961,8.2387,3.9993
131.090,3.9961,8.2387,3.9993
131.098,3.9961,8.2412,3.9993
131.107,3.9961,8.2412,3.9993
131.115,3.9961,8.2412,3.9993
131.122,3.9961,8.2437,3.9993
131.132,3.9961,8.2437,3.9993
131.140,3.9961,8.2462,3.9993
131.149,3.9961,8.2462,3.9993
131.158,3.9961,8.2487,3.9993
131.167,3.9961,8.2487,3.9993
131.175,3.9961,8.2487,3.9993
131.184,3.9961,8.2512,3.9993
131.193,3.9961,8.2512,3.9993
131.200,3.9961,8.2537,3.9993
131.209,3.9961,8.2537,3.9993
131.217,3.9961,8.2562,3.9993
131.225,3.9961,8.2562,3.9993
131.232,3.9961,8.2562,3.9993
131.241,3.9961,8.2587,3.9993
131.249,3.9961,8.2587,3.9993
131.256,3.9961,8.2587,3.9993
131.264,3.9961,8.2612,3.9993
131.273,3.9961,8.2612,3.9993
131.280,3.9961,8.2637,3.9993
131.289,3.9961,8.2637,3.9993
131.296,3.9961,8.2637,3.9993
131.305,3.9961,8.2662,3.9993
131.313,3.9961,8.2662,3.9993
131.321,3.9961,8.2687,3.9993
131.331,3.9961,8.2687,3.9993
131.339,3.9961,8.2712,3.9993
131.348,3.9961,8.2712,3.9993
131.355,3.9961,8.2712,3.9993
131.363,3.9961,8.2737,3.9993
131.370,3.9961,8.2737,3.9993
131.379,3.9961,8.2762,3.9993
131.388,3.9961,8.2762,3.9993
131.396,3.9961,8.2762,3.9993
131.402,3.9961,8.2787,3.9993
131.413,3.9961,8.2787,3.9993
131.420,3.9961,8.2812,3.9993
131.430,3.9961,8.2812,3.9993
131.436,3.9961,8.2812,3.9993
131.445,3.9961,8.2837,3.9993
131.453,3.9961,8.2837,3.9993
131.461,3.9961,8.2862,3.9993
131.468,3.9961,8.2862,3.9993
131.477,3.9961,8.2887,3.9993
131.487,3.9961,8.2887,3.9993
131.495,3.9961,8.2887,3.9993
131.501,3.9961,8.2912,3.9993
131.510,3.9961,8.2912,3.9993
131.518,3.9961,8.2937,3.9993
131.527,3.9961,8.2937,3.9993
131.534,3.9961,8.2937,3.9993
131.543,3.9961,8.2962,3.9993
131.553,3.9961,8.2962,3.9993
131.560,3.9961,8.2987,3.9993
131.568,3.9961,8.2987,3.9993
131.577,3.9961,8.3012,3.9993
131.586,3.9961,8.3012,3.9993
131.593,3.9961,8.3012,3.9993
131.602,3.9961,8.3037,3.9993
131.611,3.9961,8.3037,3.9993
131.619,3.9961,8.3062,3.9993
131.628,3.9961,8.3062,3.9993
131.637,3.9961,8.3062,3.9993
131.645,3.9961,8.3087,3.9993
131.654,3.9961,8.3087,3.9993
131.662,3.9961,8.3112,3.9993
131.670,3.9961,8.3112,3.9993
131.679,3.9961,8.3137,3.9993
131.687,3.9961,8.3137,3.9993
131.696,3.9961,8.3137,3.9993
131.703,3.9961,8.3162,3.9993
131.714,3.9961,8.3162,3.9993
131.721,3.9961,8.3187,3.9993
131.732,3.9961,8.3187,3.9993
131.739,3.9961,8.3212,3.9993
131.748,3.9961,8.3212,3.9993
131.758,3.9961,8.3236,3.9993
131.765,3.9961,8.3236,3.9993
131.774,3.9961,8.3236,3.9993
131.780,3.9961,8.3261,3.9993
131.791,3.9961,8.3261,3.9993
131.798,3.9961,8.3286,3.9993
131.806,3.9961,8.3286,3.9993
131.814,3.9961,8.3286,3.9993
131.822,3.9961,8.3311,3.9993
131.831,3.9961,8.3311,3.9993
131.838,3.9961,8.3336,3.9993
131.849,3.9961,8.3336,3.9993
131.856,3.9961,8.3336,3.9993
131.863,3.9961,8.3361,3.9993
131.871,3.9961,8.3361,3.9993
131.880,3.9961,8.3386,3.9993
131.888,3.9961,8.3386,3.9993
131.895,3.9961,8.3386,3.9993
131.901,3.9961,8.3411,3.9993
131.911,3.9961,8.3411,3.9993
131.918,3.9961,8.3436,3.9993
131.926,3.9961,8.3436,3.9993
131.933,3.9961,8.3436,3.9993
131.941,3.9961,8.3461,3.9993
131.949,3.9961,8.3461,3.9993
131.956,3.9961,8.3461,3.9993
131.965,3.9961,8.3486,3.9993
131.973,3.9961,8.3486,3.9993
131.981,3.9961,8.3511,3.9993
131.989,3.9961,8.3511,3.9993
131.998,3.9961,8.3536,3.9993
132.006,3.9961,8.3536,3.9993
132.013,3.9961,8.3536,3.9993
132.020,3.9961,8.3561,3.9993
132.029,3.9961,8.3561,3.9993
132.036,3.9961,8.3561,3.9993
132.043,3.9961,8.3586,3.9993
132.052,3.9961,8.3586,3.9993
132.060,3.9961,8.3611,3.9993
132.068,3.9961,8.3611,3.9993
132.076,3.9961,8.3611,3.9993
132.085,3.9961,8.3636,3.9993
132.095,3.9961,8.3636,3.9993
132.101,3.9961,8.3660,3.9993
132.112,3.9961,8.3660,3.9993
132.119,3.9961,8.3685,3.9993
132.129,3.9961,8.3685,3.9993
132.136,3.9961,8.3685,3.9993
132.144,3.9961,8.3710,3.9993
132.153,3.9961,8.3710,3.9993
132.161,3.9961,8.3735,3.9993
132.169,3.9961,8.3735,3.9993
132.178,3.9961,8.3760,3.9993
132.186,3.9961,8.3760,3.9993
132.193,3.9961,8.3760,3.9993
132.201,3.9961,8.3785,3.9993
132.210,3.9961,8.3785,3.9993
132.218,3.9961,8.3810,3.9993
132.227,3.9961,8.3810,3.9993
132.234,3.9961,8.3810,3.9993
132.243,3.9961,8.3835,3.9993
132.252,3.9961,8.3835,3.9993
132.261,3.9961,8.3860,3.9993
132.269,3.9961,8.3860,3.9993
132.278,3.9961,8.3885,3.9993
132.286,3.9961,8.3885,3.9993
132.294,3.9961,8.3885,3.9993
132.301,3.9961,8.3910,3.9993
132.310,3.9961,8.3910,3.9993
132.316,3.9961,8.3910,3.9993
132.324,3.9961,8.3935,3.9993
132.332,3.9961,8.3935,3.9993
132.339,3.9961,8.3960,3.9993
132.346,3.9961,8.3960,3.9993
132.355,3.9961,8.3960,3.9993
132.363,3.9961,8.3985,3.9993
132.371,3.9961,8.3985,3.9993
132.378,3.9961,8.4010,3.9993
132.387,3.9961,8.4010,3.9993
132.395,3.9961,8.4010,3.9993
132.402,3.9961,8.4035,3.9993
132.411,3.9961,8.4035,3.9993
132.419,3.9961,8.4060,3.9993
132.428,3.9961,8.4060,3.9993
132.435,3.9961,8.4060,3.9993
132.442,3.9961,8.4085,3.9993
132.451,3.9961,8.4085,3.9993
132.459,3.9961,8.4110,3.9993
132.467,3.9961,8.4110,3.9993
132.474,3.9961,8.4110,3.9993
132.483,3.9961,8.4135,3.9993
132.491,3.9961,8.4135,3.9993
132.498,3.9961,8.4160,3.9993
132.506,3.9961,8.4160,3.9993
132.515,3.9961,8.4160,3.9993
132.521,3.9961,8.4185,3.9993
132.530,3.9961,8.4185,3.9993
132.536,3.9961,8.4185,3.9993
132.546,3.9961,8.4210,3.9993
132.553,3.9961,8.4210,3.9993
132.562,3.9961,8.4235,3.9993
132.570,3.9961,8.4235,3.9993
132.578,3.9961,8.4260,3.9993
132.585,3.9961,8.4260,3.9993
132.593,3.9961,8.4260,3.9993
132.600,3.9961,8.4285,3.9993
132.609,3.9961,8.4285,3.9993
132.615,3.9961,8.4285,3.9993
132.623,3.9961,8.4310,3.9993
132.633,3.9961,8.4310,3.9993
132.641,3.9961,8.4335,3.9993
132.650,3.9961,8.4335,3.9993
132.659,3.9961,8.4359,3.9993
132.668,3.9961,8.4359,3.9993
132.676,3.9961,8.4359,3.9993
132.684,3.9961,8.4384,3.9993
132.694,3.9961,8.4384,3.9993
132.702,3.9961,8.4409,3.9993
132.710,3.9961,8.4409,3.9993
132.718,3.9961,8.4434,3.9993
132.728,3.9961,8.4434,3.9993
132.735,3.9961,8.4434,3.9993
132.742,3.9961,8.4459,3.9993
132.752,3.9961,8.4459,3.9993
132.760,3.9961,8.4484,3.9993
132.767,3.9961,8.4484,3.9993
132.775,3.9961,8.4484,3.9993
132.783,3.9961,8.4509,3.9993
132.792,3.9961,8.4509,3.9993
132.799,3.9961,8.4534,3.9993
132.809,3.9961,8.4534,3.9993
132.817,3.9961,8.4534,3.9993
132.824,3.9961,8.4559,3.9993
132.833,3.9961,8.4559,3.9993
132.842,3.9961,8.4584,3.9993
132.851,3.9961,8.4584,3.9993
132.859,3.9961,8.4609,3.9993
132.867,3.9961,8.4609,3.9993
132.878,3.9961,8.4634,3.9993
132.886,3.9961,8.4634,3.9993
132.893,3.9961,8.4634,3.9993
132.902,3.9961,8.4659,3.9993
132.912,3.9961,8.4659,3.9993
132.919,3.9961,8.4684,3.9993
132.928,3.9961,8.4684,3.9993
132.936,3.9961,8.4684,3.9993
132.945,3.9961,8.4709,3.9993
132.953,3.9961,8.4709,3.9993
132.963,3.9961,8.4734,3.9993
132.972,3.9961,8.4734,3.9993
132.980,3.9961,8.4759,3.9993
132.988,3.9961,8.4759,3.9993
132.998,3.9961,8.4784,3.9993
133.008,3.9961,8.4784,3.9993
133.016,3.9961,8.4784,3.9993
133.025,3.9961,8.4809,3.9993
133.033,3.9961,8.4809,3.9993
133.041,3.9961,8.4833,3.9993
133.049,3.9961,8.4833,3.9993
133.057,3.9961,8.4858,3.9993
133.065,3.9961,8.4858,3.9993
133.072,3.9961,8.4858,3.9993
133.079,3.9961,8.4883,3.9993
133.088,3.9961,8.4883,3.9993
133.096,3.9961,8.4883,3.9993
133.103,3.9961,8.4908,3.9993
133.112,3.9961,8.4908,3.9993
133.122,3.9961,8.4933,3.9993
133.137,3.9961,8.4958,3.9993
133.147,3.9961,8.4958,3.9993
133.155,3.9961,8.4958,3.9993
133.162,3.9961,8.4983,3.9993
133.170,3.9961,8.4983,3.9993
133.178,3.9961,8.5008,3.9993
133.187,3.9961,8.5008,3.9993
133.194,3.9961,8.5008,3.9993
133.200,3.9961,8.5033,3.9993
133.210,3.9961,8.5033,3.9993
133.218,3.9961,8.5058,3.9993
133.225,3.9961,8.5058,3.9993
133.232,3.9961,8.5058,3.9993
133.239,3.9961,8.5083,3.9993
133.249,3.9961,8.5083,3.9993
133.256,3.9961,8.5083,3.9993
133.263,3.9961,8.5108,3.9993
133.271,3.9961,8.5108,3.9993
133.278,3.9961,8.5133,3.9993
133.287,3.9961,8.5133,3.9993
133.295,3.9961,8.5133,3.9993
133.301,3.9961,8.5158,3.9993
133.310,3.9961,8.5158,3.9993
133.318,3.9961,8.5183,3.9993
133.328,3.9961,8.5183,3.9993
133.335,3.9961,8.5183,3.9993
133.344,3.9961,8.5208,3.9993
133.353,3.9961,8.5208,3.9993
133.361,3.9961,8.5233,3.9993
133.369,3.9961,8.5233,3.9993
133.378,3.9961,8.5258,3.9993
133.388,3.9961,8.5258,3.9993
133.395,3.9961,8.5258,3.9993
133.403,3.9961,8.5282,3.9993
133.413,3.9961,8.5282,3.9993
133.420,3.9961,8.5307,3.9993
133.428,3.9961,8.5307,3.9993
133.435,3.9961,8.5307,3.9993
133.443,3.9961,8.5332,3.9993
133.452,3.9961,8.5332,3.9993
133.460,3.9961,8.5357,3.9993
133.468,3.9961,8.5357,3.9993
133.477,3.9961,8.5382,3.9993
133.487,3.9961,8.5382,3.9993
133.494,3.9961,8.5382,3.9993
133.502,3.9961,8.5407,3.9993
133.513,3.9961,8.5407,3.9993
133.520,3.9961,8.5432,3.9993
133.530,3.9961,8.5432,3.9993
133.539,3.9961,8.5457,3.9993
133.549,3.9961,8.5457,3.9993
133.556,3.9961,8.5457,3.9993
133.564,3.9961,8.5482,3.9993
133.573,3.9961,8.5482,3.9993
133.582,3.9961,8.5507,3.9993
133.589,3.9961,8.5507,3.9993
133.597,3.9961,8.5532,3.9993
133.605,3.9961,8.5532,3.9993
133.613,3.9961,8.5532,3.9993
133.619,3.9961,8.5557,3.9993
133.629,3.9961,8.5557,3.9993
133.635,3.9961,8.5557,3.9993
133.642,3.9961,8.5581,3.9993
133.651,3.9961,8.5581,3.9993
133.659,3.9961,8.5606,3.9993
133.667,3.9961,8.5606,3.9993
133.674,3.9961,8.5606,3.9993
133.682,3.9961,8.5631,3.9993
133.691,3.9961,8.5631,3.9993
133.697,3.9961,8.5631,3.9993
133.704,3.9961,8.5656,3.9993
133.713,3.9961,8.5656,3.9993
133.721,3.9961,8.5681,3.9993
133.728,3.9961,8.5681,3.9993
133.735,3.9961,8.5681,3.9993
133.742,3.9961,8.5706,3.9993
133.752,3.9961,8.5706,3.9993
133.760,3.9961,8.5731,3.9993
133.767,3.9961,8.5731,3.9993
133.774,3.9961,8.5731,3.9993
133.783,3.9961,8.5756,3.9993
133.791,3.9961,8.5756,3.9993
133.799,3.9961,8.5780,3.9993
133.808,3.9961,8.5780,3.9993
133.816,3.9961,8.5780,3.9993
133.823,3.9961,8.5805,3.9993
133.833,3.9961,8.5805,3.9993
133.841,3.9961,8.5830,3.9993
133.850,3.9961,8.5830,3.9993
133.858,3.9961,8.5855,3.9993
133.866,3.9961,8.5855,3.9993
133.874,3.9961,8.5855,3.9993
133.882,3.9961,8.5880,3.9993
133.890,3.9961,8.5880,3.9993
133.897,3.9961,8.5905,3.9993
133.908,3.9961,8.5905,3.9993
133.915,3.9961,8.5905,3.9993
133.922,3.9961,8.5930,3.9993
133.931,3.9961,8.5930,3.9993
133.938,3.9961,8.5955,3.9993
133.945,3.9961,8.5955,3.9993
133.953,3.9961,8.5955,3.9993
133.962,3.9961,8.5980,3.9993
133.971,3.9961,8.5980,3.9993
133.978,3.9961,8.6005,3.9993
133.987,3.9961,8.6005,3.9993
133.994,3.9961,8.6005,3.9993
134.001,3.9961,8.6030,3.9993
134.009,3.9961,8.6030,3.9993
134.018,3.9961,8.6055,3.9993
134.026,3.9961,8.6055,3.9993
134.033,3.9961,8.6055,3.9993
134.039,3.9961,8.6080,3.9993
134.050,3.9961,8.6080,3.9993
134.058,3.9961,8.6105,3.9993
134.067,3.9961,8.6105,3.9993
134.075,3.9961,8.6105,3.9993
134.083,3.9961,8.6130,3.9993
134.092,3.9961,8.6130,3.9993
134.100,3.9961,8.6154,3.9993
134.109,3.9961,8.6154,3.9993
134.117,3.9961,8.6154,3.9993
134.124,3.9961,8.6179,3.9993
134.133,3.9961,8.6179,3.9993
134.142,3.9961,8.6204,3.9993
134.151,3.9961,8.6204,3.9993
134.160,3.9961,8.6229,3.9993
134.168,3.9961,8.6229,3.9993
134.177,3.9961,8.6254,3.9993
134.185,3.9961,8.6254,3.9993
134.194,3.9961,8.6254,3.9993
134.201,3.9961,8.6279,3.9993
134.212,3.9961,8.6279,3.9993
134.219,3.9961,8.6304,3.9993
134.229,3.9961,8.6304,3.9993
134.236,3.9961,8.6304,3.9993
134.245,3.9961,8.6329,3.9993
134.254,3.9961,8.6329,3.9993
134.262,3.9961,8.6354,3.9993
134.272,3.9961,8.6354,3.9993
134.279,3.9961,8.6379,3.9993
134.290,3.9961,8.6379,3.9993
134.297,3.9961,8.6404,3.9993
134.306,3.9961,8.6404,3.9993
134.314,3.9961,8.6404,3.9993
134.322,3.9961,8.6429,3.9993
134.330,3.9961,8.6429,3.9993
134.337,3.9961,8.6454,3.9993
134.347,3.9961,8.6454,3.9993
134.354,3.9961,8.6454,3.9993
134.362,3.9961,8.6479,3.9993
134.370,3.9961,8.6479,3.9993
134.378,3.9961,8.6504,3.9993
134.386,3.9961,8.6504,3.9993
134.394,3.9961,8.6504,3.9993
134.400,3.9961,8.6529,3.9993
134.408,3.9961,8.6529,3.9993
134.416,3.9961,8.6529,3.9993
134.423,3.9961,8.6554,3.9993
134.432,3.9961,8.6554,3.9993
134.438,3.9961,8.6579,3.9993
134.448,3.9961,8.6579,3.9993
134.454,3.9961,8.6579,3.9993
134.462,3.9961,8.6604,3.9993
134.469,3.9961,8.6604,3.9993
134.478,3.9961,8.6629,3.9993
134.486,3.9961,8.6629,3.9993
134.493,3.9961,8.6629,3.9993
134.500,3.9961,8.6654,3.9993
134.509,3.9961,8.6654,3.9993
134.517,3.9961,8.6654,3.9993
134.524,3.9961,8.6679,3.9993
134.533,3.9961,8.6679,3.9993
134.541,3.9961,8.6704,3.9993
134.549,3.9961,8.6704,3.9993
134.557,3.9961,8.6729,3.9993
134.568,3.9961,8.6729,3.9993
134.575,3.9961,8.6729,3.9993
134.583,3.9961,8.6754,3.9993
134.593,3.9961,8.6754,3.9993
134.601,3.9961,8.6779,3.9993
134.612,3.9961,8.6779,3.9993
134.619,3.9961,8.6804,3.9993
134.630,3.9961,8.6804,3.9993
134.636,3.9961,8.6804,3.9993
134.646,3.9961,8.6828,3.9993
134.655,3.9961,8.6828,3.9993
134.663,3.9961,8.6853,3.9993
134.672,3.9961,8.6853,3.9993
134.681,3.9961,8.6878,3.9993
134.690,3.9961,8.6878,3.9993
134.697,3.9961,8.6903,3.9993
134.705,3.9961,8.6903,3.9993
134.714,3.9961,8.6903,3.9993
134.722,3.9961,8.6928,3.9993
134.730,3.9961,8.6928,3.9993
134.739,3.9961,8.6953,3.9993
134.749,3.9961,8.6953,3.9993
134.757,3.9961,8.6953,3.9993
134.764,3.9961,8.6978,3.9993
134.774,3.9961,8.6978,3.9993
134.782,3.9961,8.7003,3.9993
134.792,3.9961,8.7003,3.9993
134.800,3.9961,8.7028,3.9993
134.810,3.9961,8.7028,3.9993
134.819,3.9961,8.7053,3.9993
134.828,3.9961,8.7053,3.9993
134.835,3.9961,8.7053,3.9993
134.844,3.9961,8.7078,3.9993
134.853,3.9961,8.7078,3.9993
134.860,3.9961,8.7103,3.9993
134.869,3.9961,8.7103,3.9993
134.877,3.9961,8.7128,3.9993
134.886,3.9961,8.7128,3.9993
134.894,3.9961,8.7128,3.9993
134.902,3.9961,8.7153,3.9993
134.910,3.9961,8.7153,3.9993
134.918,3.9961,8.7178,3.9993
134.927,3.9961,8.7178,3.9993
134.934,3.9961,8.7178,3.9993
134.942,3.9961,8.7203,3.9993
134.951,3.9961,8.7203,3.9993
134.960,3.9961,8.7228,3.9993
134.968,3.9961,8.7228,3.9993
134.976,3.9961,8.7228,3.9993
134.983,3.9961,8.7253,3.9993
134.992,3.9961,8.7253,3.9993
134.999,3.9961,8.7278,3.9993
135.008,3.9961,8.7278,3.9993
135.016,3.9961,8.7278,3.9993
135.025,3.9961,8.7303,3.9993
135.033,3.9961,8.7303,3.9993
135.042,3.9961,8.7328,3.9993
135.051,3.9961,8.7328,3.9993
135.058,3.9961,8.7353,3.9993
135.067,3.9961,8.7353,3.9993
135.075,3.9961,8.7353,3.9993
135.083,3.9961,8.7378,3.9993
135.092,3.9961,8.7378,3.9993
135.100,3.9961,8.7403,3.9993
135.108,3.9961,8.7403,3.9993
135.116,3.9961,8.7403,3.9993
135.123,3.9961,8.7428,3.9993
135.132,3.9961,8.7428,3.9993
135.139,3.9961,8.7453,3.9993
135.149,3.9961,8.7453,3.9993
135.155,3.9961,8.7453,3.9993
135.163,3.9961,8.7478,3.9993
135.172,3.9961,8.7478,3.9993
135.180,3.9961,8.7503,3.9993
135.188,3.9961,8.7503,3.9993
135.196,3.9961,8.7503,3.9993
135.204,3.9961,8.7528,3.9993
135.222,3.9961,8.7553,3.9993
135.232,3.9961,8.7553,3.9993
135.238,3.9961,8.7578,3.9993
135.249,3.9961,8.7578,3.9993
135.256,3.9961,8.7578,3.9993
135.264,3.9961,8.7603,3.9993
135.272,3.9961,8.7603,3.9993
135.280,3.9961,8.7628,3.9993
135.288,3.9961,8.7628,3.9993
135.297,3.9961,8.7628,3.9993
135.304,3.9961,8.7653,3.9993
135.315,3.9961,8.7653,3.9993
135.325,3.9961,8.7678,3.9993
135.334,3.9961,8.7678,3.9993
135.343,3.9961,8.7702,3.9993
135.353,3.9961,8.7702,3.9993
135.361,3.9961,8.7727,3.9993
135.369,3.9961,8.7727,3.9993
135.378,3.9961,8.7752,3.9993
135.387,3.9961,8.7752,3.9993
135.396,3.9961,8.7752,3.9993
135.403,3.9961,8.7777,3.9993
135.414,3.9961,8.7777,3.9993
135.422,3.9961,8.7802,3.9993
135.431,3.9961,8.7802,3.9993
135.440,3.9961,8.7827,3.9993
135.450,3.9961,8.7827,3.9993
135.459,3.9961,8.7852,3.9993
135.468,3.9961,8.7852,3.9993
135.477,3.9961,8.7877,3.9993
135.486,3.9961,8.7877,3.9993
135.495,3.9961,8.7877,3.9993
135.502,3.9961,8.7902,3.9993
135.513,3.9961,8.7902,3.9993
135.521,3.9961,8.7927,3.9993
135.531,3.9961,8.7927,3.9993
135.539,3.9961,8.7952,3.9993
135.548,3.9961,8.7952,3.9993
135.555,3.9961,8.7952,3.9993
135.563,3.9961,8.7977,3.9993
135.572,3.9961,8.7977,3.9993
135.580,3.9961,8.8002,3.9993
135.590,3.9961,8.8002,3.9993
135.597,3.9961,8.8027,3.9993
135.606,3.9961,8.8027,3.9993
135.614,3.9961,8.8027,3.9993
135.621,3.9961,8.8052,3.9993
135.631,3.9961,8.8052,3.9993
135.637,3.9961,8.8077,3.9993
135.648,3.9961,8.8077,3.9993
135.655,3.9961,8.8077,3.9993
135.662,3.9961,8.8102,3.9993
135.670,3.9961,8.8102,3.9993
135.679,3.9961,8.8127,3.9993
135.688,3.9961,8.8127,3.9993
135.696,3.9961,8.8127,3.9993
135.703,3.9961,8.8152,3.9993
135.714,3.9961,8.8152,3.9993
135.720,3.9961,8.8177,3.9993
135.730,3.9961,8.8177,3.9993
135.736,3.9961,8.8177,3.9993
135.746,3.9961,8.8202,3.9993
135.753,3.9961,8.8202,3.9993
135.761,3.9961,8.8227,3.9993
135.769,3.9961,8.8227,3.9993
135.778,3.9961,8.8252,3.9993
135.785,3.9961,8.8252,3.9993
135.792,3.9961,8.8252,3.9993
135.801,3.9961,8.8277,3.9993
135.812,3.9961,8.8277,3.9993
135.818,3.9961,8.8302,3.9993
135.828,3.9961,8.8302,3.9993
135.835,3.9961,8.8302,3.9993
135.844,3.9961,8.8327,3.9993
135.852,3.9961,8.8327,3.9993
135.861,3.9961,8.8352,3.9993
135.871,3.9961,8.8352,3.9993
135.879,3.9961,8.8377,3.9993
135.888,3.9961,8.8377,3.9993
135.897,3.9961,8.8377,3.9993
135.905,3.9961,8.8402,3.9993
135.914,3.9961,8.8402,3.9993
135.923,3.9961,8.8427,3.9993
135.933,3.9961,8.8427,3.9993
135.940,3.9961,8.8452,3.9993
135.951,3.9961,8.8452,3.9993
135.959,3.9961,8.8477,3.9993
135.969,3.9961,8.8477,3.9993
135.978,3.9961,8.8502,3.9993
135.988,3.9961,8.8502,3.9993
135.995,3.9961,8.8502,3.9993
136.003,3.9961,8.8527,3.9993
136.014,3.9961,8.8527,3.9993
136.022,3.9961,8.8552,3.9993
136.031,3.9961,8.8552,3.9993
136.039,3.9961,8.8577,3.9993
136.050,3.9961,8.8577,3.9993
136.058,3.9961,8.8602,3.9993
136.067,3.9961,8.8602,3.9993
136.076,3.9961,8.8602,3.9993
136.084,3.9961,8.8627,3.9993
136.094,3.9961,8.8627,3.9993
136.101,3.9961,8.8652,3.9993
136.110,3.9961,8.8652,3.9993
136.117,3.9961,8.8677,3.9993
136.126,3.9961,8.8677,3.9993
136.133,3.9961,8.8677,3.9993
136.142,3.9961,8.8702,3.9993
136.150,3.9961,8.8702,3.9993
136.159,3.9961,8.8727,3.9993
136.167,3.9961,8.8727,3.9993
136.175,3.9961,8.8727,3.9993
136.184,3.9961,8.8752,3.9993
136.192,3.9961,8.8752,3.9993
136.200,3.9961,8.8777,3.9993
136.209,3.9961,8.8777,3.9993
136.217,3.9961,8.8802,3.9993
136.227,3.9961,8.8802,3.9993
136.234,3.9961,8.8802,3.9993
136.242,3.9961,8.8827,3.9993
136.250,3.9961,8.8827,3.9993
136.259,3.9961,8.8852,3.9993
136.267,3.9961,8.8852,3.9993
136.276,3.9961,8.8852,3.9993
136.284,3.9961,8.8877,3.9993
136.294,3.9961,8.8877,3.9993
136.300,3.9961,8.8902,3.9993
136.309,3.9961,8.8902,3.9993
136.317,3.9961,8.8902,3.9993
136.325,3.9961,8.8927,3.9993
136.333,3.9961,8.8927,3.9993
136.341,3.9961,8.8952,3.9993
136.350,3.9961,8.8952,3.9993
136.358,3.9961,8.8977,3.9993
136.367,3.9961,8.8977,3.9993
136.375,3.9961,8.8977,3.9993
136.382,3.9961,8.9002,3.9993
136.391,3.9961,8.9002,3.9993
136.398,3.9961,8.9027,3.9993
136.408,3.9961,8.9027,3.9993
136.416,3.9961,8.9027,3.9993
136.424,3.9961,8.9052,3.9993
136.432,3.9961,8.9052,3.9993
136.440,3.9961,8.9077,3.9993
136.449,3.9961,8.9077,3.9993
136.456,3.9961,8.9077,3.9993
136.463,3.9961,8.9102,3.9993
136.472,3.9961,8.9102,3.9993
136.480,3.9961,8.9127,3.9993
136.488,3.9961,8.9127,3.9993
136.496,3.9961,8.9127,3.9993
136.503,3.9961,8.9152,3.9993
136.512,3.9961,8.9152,3.9993
136.519,3.9961,8.9177,3.9993
136.529,3.9961,8.9177,3.9993
136.535,3.9961,8.9177,3.9993
136.543,3.9961,8.9202,3.9993
136.552,3.9961,8.9202,3.9993
136.561,3.9961,8.9227,3.9993
136.569,3.9961,8.9227,3.9993
136.579,3.9961,8.9252,3.9993
136.588,3.9961,8.9252,3.9993
136.597,3.9961,8.9252,3.9993
136.603,3.9961,8.9277,3.9993
136.613,3.9961,8.9277,3.9993
136.622,3.9961,8.9302,3.9993
136.631,3.9961,8.9302,3.9993
136.639,3.9961,8.9327,3.9993
136.649,3.9961,8.9327,3.9993
136.657,3.9961,8.9352,3.9993
136.666,3.9961,8.9352,3.9993
136.674,3.9961,8.9352,3.9993
136.683,3.9961,8.9377,3.9993
136.693,3.9961,8.9377,3.9993
136.701,3.9961,8.9402,3.9993
136.710,3.9961,8.9402,3.9993
136.720,3.9961,8.9427,3.9993
136.729,3.9961,8.9427,3.9993
136.737,3.9961,8.9452,3.9993
136.748,3.9961,8.9452,3.9993
136.754,3.9961,8.9452,3.9993
136.762,3.9961,8.9477,3.9993
136.771,3.9961,8.9477,3.9993
136.780,3.9961,8.9502,3.9993
136.788,3.9961,8.9502,3.9993
136.797,3.9961,8.9502,3.9993
136.805,3.9961,8.9527,3.9993
136.815,3.9961,8.9527,3.9993
136.822,3.9961,8.9552,3.9993
136.832,3.9961,8.9552,3.9993
136.840,3.9961,8.9577,3.9993
136.848,3.9961,8.9577,3.9993
136.857,3.9961,8.9577,3.9993
136.865,3.9961,8.9602,3.9993
136.874,3.9961,8.9602,3.9993
136.883,3.9961,8.9627,3.9993
136.892,3.9961,8.9627,3.9993
136.899,3.9961,8.9652,3.9993
136.907,3.9961,8.9652,3.9993
136.915,3.9961,8.9652,3.9993
136.923,3.9961,8.9677,3.9993
136.931,3.9961,8.9677,3.9993
136.939,3.9961,8.9702,3.9993
136.947,3.9961,8.9702,3.9993
136.955,3.9961,8.9702,3.9993
136.963,3.9961,8.9727,3.9993
136.972,3.9961,8.9727,3.9993
136.979,3.9961,8.9751,3.9993
136.989,3.9961,8.9751,3.9993
136.998,3.9961,8.9776,3.9993
137.006,3.9961,8.9776,3.9993
137.015,3.9961,8.9776,3.9993
137.023,3.9961,8.9801,3.9993
137.032,3.9961,8.9801,3.9993
137.040,3.9961,8.9826,3.9993
137.050,3.9961,8.9826,3.9993
137.056,3.9961,8.9826,3.9993
137.064,3.9961,8.9851,3.9993
137.074,3.9961,8.9851,3.9993
137.081,3.9961,8.9876,3.9993
137.091,3.9961,8.9876,3.9993
137.098,3.9961,8.9901,3.9993
137.108,3.9961,8.9901,3.9993
137.115,3.9961,8.9901,3.9993
137.124,3.9961,8.9926,3.9993
137.134,3.9961,8.9926,3.9993
137.142,3.9961,8.9951,3.9993
137.151,3.9961,8.9951,3.9993
137.160,3.9961,8.9976,3.9993
137.170,3.9961,8.9976,3.9993
137.178,3.9961,9.0001,3.9993
137.187,3.9961,9.0001,3.9993
137.195,3.9961,9.0001,3.9993
137.203,3.9961,9.0026,3.9993
137.212,3.9961,9.0026,3.9993
137.220,3.9961,9.0051,3.9993
137.229,3.9961,9.0051,3.9993
137.237,3.9961,9.0076,3.9993
137.249,3.9961,9.0076,3.9993
137.259,3.9961,9.0101,3.9993
137.268,3.9961,9.0101,3.9993
137.275,3.9961,9.0101,3.9993
137.284,3.9961,9.0126,3.9993
137.293,3.9961,9.0126,3.9993
137.301,3.9961,9.0151,3.9993
137.310,3.9961,9.0151,3.9993
137.319,3.9961,9.0176,3.9993
137.329,3.9961,9.0176,3.9993
137.336,3.9961,9.0176,3.9993
137.346,3.9961,9.0201,3.9993
137.353,3.9961,9.0201,3.9993
137.361,3.9961,9.0226,3.9993
137.368,3.9961,9.0226,3.9993
137.378,3.9961,9.0251,3.9993
137.395,3.9961,9.0251,3.9993
137.403,3.9961,9.0276,3.9993
137.412,3.9961,9.0276,3.9993
137.418,3.9961,9.0301,3.9993
137.427,3.9961,9.0301,3.9993
137.434,3.9961,9.0301,3.9993
137.443,3.9961,9.0326,3.9993
137.451,3.9961,9.0326,3.9993
137.459,3.9961,9.0351,3.9993
137.469,3.9961,9.0351,3.9993
137.477,3.9961,9.0351,3.9993
137.484,3.9961,9.0376,3.9993
137.493,3.9961,9.0376,3.9993
137.500,3.9961,9.0401,3.9993
137.507,3.9961,9.0401,3.9993
137.514,3.9961,9.0401,3.9993
137.522,3.9961,9.0426,3.9993
137.530,3.9961,9.0426,3.9993
137.536,3.9961,9.0426,3.9993
137.543,3.9961,9.0451,3.9993
137.552,3.9961,9.0451,3.9993
137.560,3.9961,9.0476,3.9993
137.567,3.9961,9.0476,3.9993
137.574,3.9961,9.0476,3.9993
137.583,3.9961,9.0501,3.9993
137.591,3.9961,9.0501,3.9993
137.598,3.9961,9.0526,3.9993
137.605,3.9961,9.0526,3.9993
137.614,3.9961,9.0526,3.9993
137.621,3.9961,9.0551,3.9993
137.631,3.9961,9.0551,3.9993
137.638,3.9961,9.0576,3.9993
137.647,3.9961,9.0576,3.9993
137.655,3.9961,9.0576,3.9993
137.662,3.9961,9.0601,3.9993
137.669,3.9961,9.0601,3.9993
137.678,3.9961,9.0626,3.9993
137.685,3.9961,9.0626,3.9993
137.692,3.9961,9.0626,3.9993
137.700,3.9961,9.0651,3.9993
137.709,3.9961,9.0651,3.9993
137.716,3.9961,9.0651,3.9993
137.724,3.9961,9.0676,3.9993
137.733,3.9961,9.0676,3.9993
137.742,3.9961,9.0701,3.9993
137.751,3.9961,9.0701,3.9993
137.759,3.9961,9.0726,3.9993
137.768,3.9961,9.0726,3.9993
137.775,3.9961,9.0726,3.9993
137.783,3.9961,9.0751,3.9993
137.792,3.9961,9.0751,3.9993
137.800,3.9961,9.0776,3.9993
137.808,3.9961,9.0776,3.9993
137.816,3.9961,9.0776,3.9993
137.823,3.9961,9.0801,3.9993
137.833,3.9961,9.0801,3.9993
137.839,3.9961,9.0826,3.9993
137.849,3.9961,9.0826,3.9993
137.857,3.9961,9.0851,3.9993
137.867,3.9961,9.0851,3.9993
137.874,3.9961,9.0851,3.9993
137.883,3.9961,9.0876,3.9993
137.894,3.9961,9.0876,3.9993
137.901,3.9961,9.0901,3.9993
137.911,3.9961,9.0901,3.9993
137.919,3.9961,9.0927,3.9993
137.929,3.9961,9.0927,3.9993
137.935,3.9961,9.0927,3.9993
137.944,3.9961,9.0952,3.9993
137.953,3.9961,9.0952,3.9993
137.962,3.9961,9.0977,3.9993
137.971,3.9961,9.0977,3.9993
137.980,3.9961,9.1002,3.9993
137.989,3.9961,9.1002,3.9993
137.996,3.9961,9.1002,3.9993
138.006,3.9961,9.1027,3.9993
138.016,3.9961,9.1027,3.9993
138.024,3.9961,9.1052,3.9993
138.032,3.9961,9.1052,3.9993
138.041,3.9961,9.1077,3.9993
138.052,3.9961,9.1077,3.9993
138.059,3.9961,9.1102,3.9993
138.068,3.9961,9.1102,3.9993
138.076,3.9961,9.1102,3.9993
138.084,3.9961,9.1127,3.9993
138.093,3.9961,9.1127,3.9993
138.101,3.9961,9.1152,3.9993
138.109,3.9961,9.1152,3.9993
138.116,3.9961,9.1152,3.9993
138.124,3.9961,9.1177,3.9993
138.133,3.9961,9.1177,3.9993
138.140,3.9961,9.1202,3.9993
138.150,3.9961,9.1202,3.9993
138.156,3.9961,9.1202,3.9993
138.165,3.9961,9.1227,3.9993
138.172,3.9961,9.1227,3.9993
138.180,3.9961,9.1252,3.9993
138.189,3.9961,9.1252,3.9993
138.197,3.9961,9.1252,3.9993
138.203,3.9961,9.1277,3.9993
138.213,3.9961,9.1277,3.9993
138.221,3.9961,9.1302,3.9993
138.230,3.9961,9.1302,3.9993
138.236,3.9961,9.1302,3.9993
138.243,3.9961,9.1327,3.9993
138.252,3.9961,9.1327,3.9993
138.259,3.9961,9.1352,3.9993
138.267,3.9961,9.1352,3.9993
138.275,3.9961,9.1352,3.9993
138.283,3.9961,9.1377,3.9993
138.291,3.9961,9.1377,3.9993
138.298,3.9961,9.1402,3.9993
138.306,3.9961,9.1402,3.9993
138.314,3.9961,9.1402,3.9993
138.320,3.9961,9.1427,3.9993
138.328,3.9961,9.1427,3.9993
138.334,3.9961,9.1427,3.9993
138.343,3.9961,9.1452,3.9993
138.351,3.9961,9.1452,3.9993
138.359,3.9961,9.1477,3.9993
138.369,3.9961,9.1477,3.9993
138.377,3.9961,9.1502,3.9993
138.387,3.9961,9.1502,3.9993
138.395,3.9961,9.1502,3.9993
138.403,3.9961,9.1527,3.9993
138.412,3.9961,9.1527,3.9993
138.420,3.9961,9.1552,3.9993
138.429,3.9961,9.1552,3.9993
138.437,3.9961,9.1577,3.9993
138.447,3.9961,9.1577,3.9993
138.455,3.9961,9.1577,3.9993
138.463,3.9961,9.1602,3.9993
138.472,3.9961,9.1602,3.9993
138.480,3.9961,9.1627,3.9993
138.490,3.9961,9.1627,3.9993
138.497,3.9961,9.1652,3.9993
138.507,3.9961,9.1652,3.9993
138.516,3.9961,9.1652,3.9993
138.524,3.9961,9.1677,3.9993
138.534,3.9961,9.1677,3.9993
138.542,3.9961,9.1702,3.9993
138.552,3.9961,9.1702,3.9993
138.560,3.9961,9.1727,3.9993
138.569,3.9961,9.1727,3.9993
138.578,3.9961,9.1752,3.9993
138.587,3.9961,9.1752,3.9993
138.595,3.9961,9.1752,3.9993
138.602,3.9961,9.1777,3.9993
138.612,3.9961,9.1777,3.9993
138.619,3.9961,9.1802,3.9993
138.629,3.9961,9.1802,3.9993
138.635,3.9961,9.1802,3.9993
138.645,3.9961,9.1827,3.9993
138.653,3.9961,9.1827,3.9993
138.661,3.9961,9.1852,3.9993
138.668,3.9961,9.1852,3.9993
138.678,3.9961,9.1877,3.9993
138.685,3.9961,9.1877,3.9993
138.693,3.9961,9.1877,3.9993
138.701,3.9961,9.1902,3.9993
138.710,3.9961,9.1902,3.9993
138.717,3.9961,9.1902,3.9993
138.725,3.9961,9.1927,3.9993
138.734,3.9961,9.1927,3.9993
138.741,3.9961,9.1952,3.9993
138.749,3.9961,9.1952,3.9993
138.756,3.9961,9.1952,3.9993
138.764,3.9961,9.1977,3.9993
138.774,3.9961,9.1977,3.9993
138.781,3.9961,9.2002,3.9993
138.790,3.9961,9.2002,3.9993
138.798,3.9961,9.2027,3.9993
138.806,3.9961,9.2027,3.9993
138.814,3.9961,9.2027,3.9993
138.822,3.9961,9.2052,3.9993
138.832,3.9961,9.2052,3.9993
138.838,3.9961,9.2077,3.9993
138.849,3.9961,9.2077,3.9993
138.856,3.9961,9.2077,3.9993
138.864,3.9961,9.2102,3.9993
138.872,3.9961,9.2102,3.9993
138.880,3.9961,9.2127,3.9993
138.890,3.9961,9.2127,3.9993
138.898,3.9961,9.2152,3.9993
138.906,3.9961,9.2152,3.9993
138.915,3.9961,9.2152,3.9993
138.922,3.9961,9.2177,3.9993
138.930,3.9961,9.2177,3.9993
138.937,3.9961,9.2202,3.9993
138.947,3.9961,9.2202,3.9993
138.954,3.9961,9.2202,3.9993
138.962,3.9961,9.2227,3.9993
138.969,3.9961,9.2227,3.9993
138.979,3.9961,9.2252,3.9993
138.987,3.9961,9.2252,3.9993
138.995,3.9961,9.2252,3.9993
139.001,3.9961,9.2277,3.9993
139.011,3.9961,9.2277,3.9993
139.017,3.9961,9.2302,3.9993
139.027,3.9961,9.2302,3.9993
139.033,3.9961,9.2302,3.9993
139.041,3.9961,9.2327,3.9993
139.048,3.9961,9.2327,3.9993
139.058,3.9961,9.2352,3.9993
139.067,3.9961,9.2352,3.9993
139.075,3.9961,9.2352,3.9993
139.082,3.9961,9.2377,3.9993
139.090,3.9961,9.2377,3.9993
139.098,3.9961,9.2402,3.9993
139.107,3.9961,9.2402,3.9993
139.114,3.9961,9.2402,3.9993
139.122,3.9961,9.2427,3.9993
139.131,3.9961,9.2427,3.9993
139.139,3.9961,9.2452,3.9993
139.150,3.9961,9.2452,3.9993
139.157,3.9961,9.2452,3.9993
139.165,3.9961,9.2477,3.9993
139.174,3.9961,9.2477,3.9993
139.183,3.9961,9.2502,3.9993
139.192,3.9961,9.2502,3.9993
139.200,3.9961,9.2527,3.9993
139.209,3.9961,9.2527,3.9993
139.217,3.9961,9.2552,3.9993
139.226,3.9961,9.2552,3.9993
139.234,3.9961,9.2552,3.9993
139.242,3.9961,9.2577,3.9993
139.251,3.9961,9.2577,3.9993
139.259,3.9961,9.2602,3.9993
139.268,3.9961,9.2602,3.9993
139.277,3.9961,9.2602,3.9993
139.285,3.9961,9.2627,3.9993
139.295,3.9961,9.2627,3.9993
139.303,3.9961,9.2652,3.9993
139.313,3.9961,9.2652,3.9993
139.321,3.9961,9.2677,3.9993
139.330,3.9961,9.2677,3.9993
139.339,3.9961,9.2702,3.9993
139.349,3.9961,9.2702,3.9993
139.357,3.9961,9.2727,3.9993
139.366,3.9961,9.2727,3.9993
139.374,3.9961,9.2727,3.9993
139.382,3.9961,9.2752,3.9993
139.391,3.9961,9.2752,3.9993
139.399,3.9961,9.2777,3.9993
139.408,3.9961,9.2777,3.9993
139.416,3.9961,9.2777,3.9993
139.423,3.9961,9.2802,3.9993
139.431,3.9961,9.2802,3.9993
139.438,3.9961,9.2827,3.9993
139.448,3.9961,9.2827,3.9993
139.455,3.9961,9.2827,3.9993
139.463,3.9961,9.2852,3.9993
139.471,3.9961,9.2852,3.9993
139.479,3.9961,9.2877,3.9993
139.487,3.9961,9.2877,3.9993
139.495,3.9961,9.2877,3.9993
139.511,3.9961,9.2902,3.9993
139.521,3.9961,9.2927,3.9993
139.530,3.9961,9.2927,3.9993
139.537,3.9961,9.2927,3.9993
139.544,3.9961,9.2952,3.9993
139.554,3.9961,9.2952,3.9993
139.561,3.9961,9.2977,3.9993
139.569,3.9961,9.2977,3.9993
139.576,3.9961,9.2977,3.9993
139.583,3.9961,9.3002,3.9993
139.592,3.9961,9.3002,3.9993
139.600,3.9961,9.3028,3.9993
139.610,3.9961,9.3028,3.9993
139.618,3.9961,9.3053,3.9993
139.627,3.9961,9.3053,3.9993
139.635,3.9961,9.3053,3.9993
139.645,3.9961,9.3078,3.9993
139.653,3.9961,9.3078,3.9993
139.661,3.9961,9.3103,3.9993
139.671,3.9961,9.3103,3.9993
139.679,3.9961,9.3128,3.9993
139.688,3.9961,9.3128,3.9993
139.697,3.9961,9.3128,3.9993
139.704,3.9961,9.3153,3.9993
139.714,3.9961,9.3153,3.9993
139.722,3.9961,9.3178,3.9993
139.732,3.9961,9.3178,3.9993
139.741,3.9961,9.3203,3.9993
139.751,3.9961,9.3203,3.9993
139.760,3.9961,9.3228,3.9993
139.768,3.9961,9.3228,3.9993
139.777,3.9961,9.3253,3.9993
139.785,3.9961,9.3253,3.9993
139.794,3.9961,9.3253,3.9993
139.801,3.9961,9.3278,3.9993
139.812,3.9961,9.3278,3.9993
139.820,3.9961,9.3303,3.9993
139.830,3.9961,9.3303,3.9993
139.838,3.9961,9.3328,3.9993
139.848,3.9961,9.3328,3.9993
139.857,3.9961,9.3353,3.9993
139.866,3.9961,9.3353,3.9993
139.873,3.9961,9.3353,3.9993
139.882,3.9961,9.3378,3.9993
139.889,3.9961,9.3378,3.9993
139.897,3.9961,9.3403,3.9993
139.905,3.9961,9.3403,3.9993
139.914,3.9961,9.3403,3.9993
139.921,3.9961,9.3428,3.9993
139.929,3.9961,9.3428,3.9993
139.935,3.9961,9.3428,3.9993
139.945,3.9961,9.3453,3.9993
139.954,3.9961,9.3453,3.9993
139.962,3.9961,9.3478,3.9993
139.970,3.9961,9.3478,3.9993
139.978,3.9961,9.3503,3.9993
139.985,3.9961,9.3503,3.9993
139.994,3.9961,9.3503,3.9993
140.000,3.9961,9.3528,3.9993
140.010,3.9961,9.3528,3.9993
140.017,3.9961,9.3528,3.9993
140.024,3.9961,9.3553,3.9993
140.033,3.9961,9.3553,3.9993
140.041,3.9961,9.3578,3.9993
140.049,3.9961,9.3578,3.9993
140.056,3.9961,9.3578,3.9993
140.065,3.9961,9.3603,3.9993
140.073,3.9961,9.3603,3.9993
140.081,3.9961,9.3628,3.9993
140.089,3.9961,9.3628,3.9993
140.096,3.9961,9.3628,3.9993
140.103,3.9961,9.3640,3.9993
140.111,3.9961,9.3640,3.9993
140.118,3.9961,9.3640,3.9993
140.126,3.9961,9.3640,3.9993
140.133,3.9961,9.3640,3.9993
140.140,3.9961,9.3640,3.9993
140.149,3.9961,9.3640,3.9993
140.157,3.9961,9.3640,3.9993
140.164,3.9961,9.3640,3.9993
140.172,3.9961,9.3640,3.9993
140.181,3.9961,9.3640,3.9993
140.189,3.9961,9.3640,3.9993
140.197,3.9961,9.3640,3.9993
140.204,3.9961,9.3640,3.9993
140.213,3.9961,9.3640,3.9993
140.219,3.9961,9.3640,3.9993
140.228,3.9961,9.3640,3.9993
140.234,3.9961,9.3640,3.9993
140.243,3.9961,9.3640,3.9993
140.251,3.9961,9.3640,3.9993
140.259,3.9961,9.3640,3.9993
140.266,3.9961,9.3640,3.9993
140.275,3.9961,9.3640,3.9993
140.283,3.9961,9.3640,3.9993
140.291,3.9961,9.3640,3.9993
140.297,3.9961,9.3640,3.9993
140.307,3.9961,9.3640,3.9993
140.313,3.9961,9.3640,3.9993
140.320,3.9961,9.3640,3.9993
140.328,3.9961,9.3640,3.9993
140.336,3.9961,9.3640,3.9993
140.344,3.9961,9.3640,3.9993
140.352,3.9961,9.3640,3.9993
140.359,3.9961,9.3640,3.9993
140.368,3.9961,9.3640,3.9993
140.376,3.9961,9.3640,3.9993
140.385,3.9961,9.3640,3.9993
140.394,3.9961,9.3640,3.9993
140.402,3.9961,9.3640,3.9993
140.411,3.9961,9.3640,3.9993
140.419,3.9961,9.3640,3.9993
140.428,3.9961,9.3640,3.9993
140.435,3.9961,9.3640,3.9993
140.443,3.9961,9.3640,3.9993
140.452,3.9961,9.3640,3.9993
140.460,3.9961,9.3640,3.9993
140.468,3.9961,9.3640,3.9993
140.476,3.9961,9.3640,3.9993
140.484,3.9961,9.3640,3.9993
140.494,3.9961,9.3640,3.9993
140.501,3.9961,9.3640,3.9993
140.511,3.9961,9.3640,3.9993
140.519,3.9961,9.3640,3.9993
140.528,3.9961,9.3640,3.9993
140.536,3.9961,9.3640,3.9993
140.544,3.9961,9.3640,3.9993
140.553,3.9961,9.3640,3.9993
140.561,3.9961,9.3640,3.9993
140.569,3.9961,9.3640,3.9993
140.579,3.9961,9.3640,3.9993
140.587,3.9961,9.3640,3.9993
140.595,3.9961,9.3640,3.9993
140.602,3.9961,9.3640,3.9989
140.614,3.9961,9.3640,3.9989
140.621,3.9961,9.3640,3.9983
140.630,3.9961,9.3640,3.9983
140.638,3.9961,9.3640,3.9975
140.648,3.9961,9.3640,3.9975
140.654,3.9961,9.3640,3.9975
140.662,3.9961,9.3640,3.9943
140.670,3.9961,9.3640,3.9943
140.678,3.9961,9.3640,3.9863
140.687,3.9961,9.3640,3.9863
140.695,3.9961,9.3640,3.9863
140.702,3.9961,9.3640,3.9768
140.712,3.9961,9.3640,3.9768
140.719,3.9961,9.3640,3.9565
140.728,3.9961,9.3640,3.9565
140.735,3.9961,9.3640,3.9565
140.742,3.9961,9.3640,3.9331
140.751,3.9961,9.3640,3.9331
140.758,3.9961,9.3640,3.9098
140.766,3.9961,9.3640,3.9098
140.773,3.9961,9.3640,3.9098
140.781,3.9961,9.3640,3.8865
140.790,3.9961,9.3640,3.8865
140.797,3.9961,9.3640,3.8865
140.804,3.9961,9.3640,3.8631
140.813,3.9961,9.3640,3.8631
140.821,3.9961,9.3640,3.8398
140.829,3.9961,9.3640,3.8398
140.837,3.9961,9.3640,3.8398
140.845,3.9961,9.3640,3.8165
140.853,3.9961,9.3640,3.8165
140.860,3.9961,9.3640,3.7931
140.869,3.9961,9.3640,3.7931
140.878,3.9961,9.3640,3.7698
140.888,3.9961,9.3640,3.7698
140.898,3.9961,9.3640,3.7465
140.908,3.9961,9.3640,3.7465
140.916,3.9961,9.3640,3.7465
140.923,3.9961,9.3640,3.7231
140.933,3.9961,9.3640,3.7231
140.941,3.9961,9.3640,3.6998
140.951,3.9961,9.3640,3.6998
140.959,3.9961,9.3640,3.6765
140.969,3.9961,9.3640,3.6765
140.979,3.9961,9.3640,3.6531
140.988,3.9961,9.3640,3.6531
140.997,3.9961,9.3640,3.6531
141.004,3.9961,9.3640,3.6298
141.015,3.9961,9.3640,3.6298
141.023,3.9961,9.3640,3.6065
141.033,3.9961,9.3640,3.6065
141.042,3.9961,9.3640,3.5831
141.052,3.9961,9.3640,3.5831
141.061,3.9961,9.3640,3.5598
141.071,3.9961,9.3640,3.5598
141.081,3.9961,9.3640,3.5365
141.093,3.9961,9.3640,3.5365
141.100,3.9961,9.3640,3.5131
141.110,3.9961,9.3640,3.5131
141.119,3.9961,9.3640,3.4898
141.128,3.9961,9.3640,3.4898
141.136,3.9961,9.3640,3.4898
141.145,3.9961,9.3640,3.4665
141.154,3.9961,9.3640,3.4665
141.161,3.9961,9.3640,3.4431
141.169,3.9961,9.3640,3.4431
141.176,3.9961,9.3640,3.4431
141.184,3.9961,9.3640,3.4198
141.193,3.9961,9.3640,3.4198
141.202,3.9961,9.3640,3.3965
141.213,3.9961,9.3640,3.3965
141.220,3.9961,9.3640,3.3731
141.229,3.9961,9.3640,3.3731
141.236,3.9961,9.3640,3.3731
141.246,3.9961,9.3640,3.3498
141.254,3.9961,9.3640,3.3498
141.263,3.9961,9.3640,3.3265
141.271,3.9961,9.3640,3.3265
141.279,3.9961,9.3640,3.3031
141.288,3.9961,9.3640,3.3031
141.296,3.9961,9.3640,3.3031
141.303,3.9961,9.3640,3.2798
141.312,3.9961,9.3640,3.2798
141.320,3.9961,9.3640,3.2565
141.329,3.9961,9.3640,3.2565
141.337,3.9961,9.3640,3.2565
141.346,3.9961,9.3640,3.2331
141.354,3.9961,9.3640,3.2331
141.363,3.9961,9.3640,3.2098
141.372,3.9961,9.3640,3.2098
141.380,3.9961,9.3640,3.1865
141.389,3.9961,9.3640,3.1865
141.397,3.9961,9.3640,3.1865
141.405,3.9961,9.3640,3.1631
141.415,3.9961,9.3640,3.1631
141.424,3.9961,9.3640,3.1398
141.434,3.9961,9.3640,3.1398
141.443,3.9961,9.3640,3.1165
141.453,3.9961,9.3640,3.1165
141.460,3.9961,9.3640,3.0931
141.469,3.9961,9.3640,3.0931
141.477,3.9961,9.3640,3.0698
141.486,3.9961,9.3640,3.0698
141.494,3.9961,9.3640,3.0698
141.501,3.9961,9.3640,3.0465
141.510,3.9961,9.3640,3.0465
141.518,3.9961,9.3640,3.0231
141.526,3.9961,9.3640,3.0231
141.533,3.9961,9.3640,3.0231
141.541,3.9961,9.3640,2.9998
141.549,3.9961,9.3640,2.9998
141.557,3.9961,9.3640,2.9998
141.564,3.9961,9.3640,2.9765
141.573,3.9961,9.3640,2.9765
141.580,3.9961,9.3640,2.9531
141.588,3.9961,9.3640,2.9531
141.596,3.9961,9.3640,2.9531
141.603,3.9961,9.3640,2.9298
141.613,3.9961,9.3640,2.9298
141.620,3.9961,9.3640,2.9065
141.628,3.9961,9.3640,2.9065
141.636,3.9961,9.3640,2.9065
141.645,3.9961,9.3640,2.8831
141.665,3.9961,9.3640,2.8598
141.674,3.9961,9.3640,2.8598
141.683,3.9961,9.3640,2.8365
141.692,3.9961,9.3640,2.8365
141.700,3.9961,9.3640,2.8131
141.708,3.9961,9.3640,2.8131
141.717,3.9961,9.3640,2.7898
141.728,3.9961,9.3640,2.7898
141.735,3.9961,9.3640,2.7898
141.744,3.9961,9.3640,2.7665
141.753,3.9961,9.3640,2.7665
141.761,3.9961,9.3640,2.7432
141.770,3.9961,9.3640,2.7432
141.779,3.9961,9.3640,2.7198
141.788,3.9961,9.3640,2.7198
141.797,3.9961,9.3640,2.6965
141.805,3.9961,9.3640,2.6965
141.815,3.9961,9.3640,2.6965
141.822,3.9961,9.3640,2.6732
141.831,3.9961,9.3640,2.6732
141.839,3.9961,9.3640,2.6498
141.849,3.9961,9.3640,2.6498
141.858,3.9961,9.3640,2.6265
141.866,3.9961,9.3640,2.6265
141.874,3.9961,9.3640,2.6265
141.883,3.9961,9.3640,2.6032
141.890,3.9961,9.3640,2.6032
141.897,3.9961,9.3640,2.6032
141.905,3.9961,9.3640,2.5798
141.915,3.9961,9.3640,2.5798
141.922,3.9961,9.3640,2.5565
141.930,3.9961,9.3640,2.5565
141.937,3.9961,9.3640,2.5332
141.946,3.9961,9.3640,2.5332
141.953,3.9961,9.3640,2.5332
141.960,3.9961,9.3640,2.5098
141.969,3.9961,9.3640,2.5098
141.977,3.9961,9.3640,2.4865
141.986,3.9961,9.3640,2.4865
141.994,3.9961,9.3640,2.4865
142.001,3.9961,9.3640,2.4632
142.010,3.9961,9.3640,2.4632
142.019,3.9961,9.3640,2.4398
142.027,3.9961,9.3640,2.4398
142.034,3.9961,9.3640,2.4398
142.042,3.9961,9.3640,2.4165
142.051,3.9961,9.3640,2.4165
142.059,3.9961,9.3640,2.3932
142.068,3.9961,9.3640,2.3932
142.076,3.9961,9.3640,2.3932
142.083,3.9961,9.3640,2.3698
142.094,3.9961,9.3640,2.3698
142.101,3.9961,9.3640,2.3465
142.111,3.9961,9.3640,2.3465
142.118,3.9961,9.3640,2.3232
142.127,3.9961,9.3640,2.3232
142.134,3.9961,9.3640,2.3232
142.141,3.9961,9.3640,2.2998
142.150,3.9961,9.3640,2.2998
142.159,3.9961,9.3640,2.2765
142.166,3.9961,9.3640,2.2765
142.174,3.9961,9.3640,2.2765
142.181,3.9961,9.3640,2.2532
142.190,3.9961,9.3640,2.2532
142.198,3.9961,9.3640,2.2298
142.206,3.9961,9.3640,2.2298
142.214,3.9961,9.3640,2.2298
142.222,3.9961,9.3640,2.2065
142.232,3.9961,9.3640,2.2065
142.240,3.9961,9.3640,2.1832
142.248,3.9961,9.3640,2.1832
142.255,3.9961,9.3640,2.1832
142.263,3.9961,9.3640,2.1598
142.272,3.9961,9.3640,2.1598
142.279,3.9961,9.3640,2.1365
142.288,3.9961,9.3640,2.1365
142.296,3.9961,9.3640,2.1365
142.303,3.9961,9.3640,2.1132
142.313,3.9961,9.3640,2.1132
142.321,3.9961,9.3640,2.0898
142.331,3.9961,9.3640,2.0898
142.338,3.9961,9.3640,2.0665
142.348,3.9961,9.3640,2.0665
142.356,3.9961,9.3640,2.0665
142.364,3.9961,9.3640,2.0432
142.373,3.9961,9.3640,2.0432
142.380,3.9961,9.3640,2.0198
142.389,3.9961,9.3640,2.0198
142.396,3.9961,9.3640,2.0198
142.403,3.9961,9.3640,1.9965
142.412,3.9961,9.3640,1.9965
142.419,3.9961,9.3640,1.9732
142.427,3.9961,9.3640,1.9732
142.434,3.9961,9.3640,1.9732
142.441,3.9961,9.3640,1.9498
142.451,3.9961,9.3640,1.9498
142.458,3.9961,9.3640,1.9265
142.466,3.9961,9.3640,1.9265
142.473,3.9961,9.3640,1.9265
142.481,3.9961,9.3640,1.9032
142.490,3.9961,9.3640,1.9032
142.497,3.9961,9.3640,1.8798
142.507,3.9961,9.3640,1.8798
142.516,3.9961,9.3640,1.8798
142.523,3.9961,9.3640,1.8565
142.531,3.9961,9.3640,1.8565
142.538,3.9961,9.3640,1.8332
142.547,3.9961,9.3640,1.8332
142.554,3.9961,9.3640,1.8332
142.562,3.9961,9.3640,1.8098
142.570,3.9961,9.3640,1.8098
142.579,3.9961,9.3640,1.7865
142.587,3.9961,9.3640,1.7865
142.596,3.9961,9.3640,1.7865
142.603,3.9961,9.3640,1.7632
142.613,3.9961,9.3640,1.7632
142.619,3.9961,9.3640,1.7398
142.629,3.9961,9.3640,1.7398
142.636,3.9961,9.3640,1.7398
142.646,3.9961,9.3640,1.7165
142.655,3.9961,9.3640,1.7165
142.662,3.9961,9.3640,1.6932
142.670,3.9961,9.3640,1.6932
142.678,3.9961,9.3640,1.6698
142.688,3.9961,9.3640,1.6698
142.696,3.9961,9.3640,1.6698
142.703,3.9961,9.3640,1.6465
142.712,3.9961,9.3640,1.6465
142.720,3.9961,9.3640,1.6232
142.729,3.9961,9.3640,1.6232
142.736,3.9961,9.3640,1.6232
142.744,3.9961,9.3640,1.5998
142.753,3.9961,9.3640,1.5998
142.760,3.9961,9.3640,1.5765
142.768,3.9961,9.3640,1.5765
142.776,3.9961,9.3640,1.5765
142.784,3.9961,9.3640,1.5532
142.792,3.9961,9.3640,1.5532
142.800,3.9961,9.3640,1.5298
142.809,3.9961,9.3640,1.5298
142.817,3.9961,9.3640,1.5065
142.826,3.9961,9.3640,1.5065
142.833,3.9961,9.3640,1.5065
142.840,3.9961,9.3640,1.4832
142.849,3.9961,9.3640,1.4832
142.855,3.9961,9.3640,1.4832
142.863,3.9961,9.3640,1.4598
142.872,3.9961,9.3640,1.4598
142.880,3.9961,9.3640,1.4365
142.888,3.9961,9.3640,1.4365
142.897,3.9961,9.3640,1.4132
142.907,3.9961,9.3640,1.4132
142.915,3.9961,9.3640,1.4132
142.924,3.9961,9.3640,1.3898
142.933,3.9961,9.3640,1.3898
142.940,3.9961,9.3640,1.3665
142.949,3.9961,9.3640,1.3665
142.957,3.9961,9.3640,1.3432
142.966,3.9961,9.3640,1.3432
142.974,3.9961,9.3640,1.3432
142.982,3.9961,9.3640,1.3198
142.992,3.9961,9.3640,1.3198
143.000,3.9961,9.3640,1.2965
143.009,3.9961,9.3640,1.2965
143.017,3.9961,9.3640,1.2732
143.026,3.9961,9.3640,1.2732
143.033,3.9961,9.3640,1.2732
143.041,3.9961,9.3640,1.2498
143.051,3.9961,9.3640,1.2498
143.059,3.9961,9.3640,1.2265
143.068,3.9961,9.3640,1.2265
143.077,3.9961,9.3640,1.2265
143.085,3.9961,9.3640,1.2032
143.095,3.9961,9.3640,1.2032
143.103,3.9961,9.3640,1.1798
143.114,3.9961,9.3640,1.1798
143.121,3.9961,9.3640,1.1565
143.131,3.9961,9.3640,1.1565
143.139,3.9961,9.3640,1.1332
143.149,3.9961,9.3640,1.1332
143.156,3.9961,9.3640,1.1332
143.163,3.9961,9.3640,1.1098
143.170,3.9961,9.3640,1.1098
143.179,3.9961,9.3640,1.0865
143.186,3.9961,9.3640,1.0865
143.193,3.9961,9.3640,1.0865
143.199,3.9961,9.3640,1.0632
143.209,3.9961,9.3640,1.0632
143.216,3.9961,9.3640,1.0632
143.223,3.9961,9.3640,1.0398
143.231,3.9961,9.3640,1.0398
143.239,3.9961,9.3640,1.0165
143.248,3.9961,9.3640,1.0165
143.255,3.9961,9.3640,1.0165
143.263,3.9961,9.3640,0.9932
143.273,3.9961,9.3640,0.9932
143.281,3.9961,9.3640,0.9698
143.290,3.9961,9.3640,0.9698
143.298,3.9961,9.3640,0.9465
143.305,3.9961,9.3640,0.9465
143.313,3.9961,9.3640,0.9465
143.321,3.9961,9.3640,0.9232
143.331,3.9961,9.3640,0.9232
143.337,3.9961,9.3640,0.9232
143.345,3.9961,9.3640,0.8998
143.352,3.9961,9.3640,0.8998
143.360,3.9961,9.3640,0.8765
143.368,3.9961,9.3640,0.8765
143.376,3.9961,9.3640,0.8765
143.383,3.9961,9.3640,0.8532
143.392,3.9961,9.3640,0.8532
143.399,3.9961,9.3640,0.8298
143.408,3.9961,9.3640,0.8298
143.416,3.9961,9.3640,0.8298
143.425,3.9961,9.3640,0.8065
143.433,3.9961,9.3640,0.8065
143.442,3.9961,9.3640,0.7832
143.450,3.9961,9.3640,0.7832
143.459,3.9961,9.3640,0.7598
143.466,3.9961,9.3640,0.7598
143.475,3.9961,9.3640,0.7598
143.482,3.9961,9.3640,0.7365
143.489,3.9961,9.3640,0.7365
143.497,3.9961,9.3640,0.7132
143.508,3.9961,9.3640,0.7132
143.515,3.9961,9.3640,0.7132
143.524,3.9961,9.3640,0.6898
143.533,3.9961,9.3640,0.6898
143.541,3.9961,9.3640,0.6665
143.550,3.9961,9.3640,0.6665
143.557,3.9961,9.3640,0.6432
143.567,3.9961,9.3640,0.6432
143.575,3.9961,9.3640,0.6432
143.584,3.9961,9.3640,0.6198
143.594,3.9961,9.3640,0.6198
143.602,3.9961,9.3640,0.5965
143.612,3.9961,9.3640,0.5965
143.619,3.9961,9.3640,0.5732
143.629,3.9961,9.3640,0.5732
143.636,3.9961,9.3640,0.5732
143.645,3.9961,9.3640,0.5498
143.653,3.9961,9.3640,0.5498
143.661,3.9961,9.3640,0.5265
143.668,3.9961,9.3640,0.5265
143.676,3.9961,9.3640,0.5265
143.683,3.9961,9.3640,0.5032
143.692,3.9961,9.3640,0.5032
143.699,3.9961,9.3640,0.4798
143.708,3.9961,9.3640,0.4798
143.715,3.9961,9.3640,0.4798
143.723,3.9961,9.3640,0.4565
143.732,3.9961,9.3640,0.4565
143.740,3.9961,9.3640,0.4332
143.750,3.9961,9.3640,0.4332
143.758,3.9961,9.3640,0.4098
143.766,3.9961,9.3640,0.4098
143.773,3.9961,9.3640,0.4098
143.780,3.9961,9.3640,0.3865
143.796,3.9961,9.3640,0.3865
143.808,3.9961,9.3640,0.3632
143.817,3.9961,9.3640,0.3632
143.825,3.9961,9.3640,0.3398
143.833,3.9961,9.3640,0.3398
143.842,3.9961,9.3640,0.3165
143.850,3.9961,9.3640,0.3165
143.857,3.9961,9.3640,0.3165
143.864,3.9961,9.3640,0.2932
143.873,3.9961,9.3640,0.2932
143.880,3.9961,9.3640,0.2698
143.889,3.9961,9.3640,0.2698
143.897,3.9961,9.3640,0.2698
143.904,3.9961,9.3640,0.2465
143.914,3.9961,9.3640,0.2465
143.921,3.9961,9.3640,0.2232
143.930,3.9961,9.3640,0.2232
143.937,3.9961,9.3640,0.2232
143.944,3.9961,9.3640,0.1998
143.952,3.9961,9.3640,0.1998
143.961,3.9961,9.3640,0.1765
143.969,3.9961,9.3640,0.1765
143.976,3.9961,9.3640,0.1765
143.983,3.9961,9.3640,0.1532
143.992,3.9961,9.3640,0.1532
143.999,3.9961,9.3640,0.1298
144.007,3.9961,9.3640,0.1298
144.014,3.9961,9.3640,0.1298
144.023,3.9961,9.3640,0.1065
144.031,3.9961,9.3640,0.1065
144.038,3.9961,9.3640,0.0832
144.047,3.9961,9.3640,0.0832
144.055,3.9961,9.3640,0.0832
144.063,3.9961,9.3640,0.0598
144.071,3.9961,9.3640,0.0598
144.079,3.9961,9.3640,0.0365
144.088,3.9961,9.3640,0.0365
144.095,3.9961,9.3640,0.0365
144.102,3.9961,9.3640,0.0132
144.113,3.9961,9.3640,0.0132
144.120,3.9961,9.3640,-0.0102
144.128,3.9961,9.3640,-0.0102
144.135,3.9961,9.3640,-0.0102
144.143,3.9961,9.3640,-0.0335
144.151,3.9961,9.3640,-0.0335
144.159,3.9961,9.3640,-0.0568
144.168,3.9961,9.3640,-0.0568
144.177,3.9961,9.3640,-0.0802
144.186,3.9961,9.3640,-0.0802
144.194,3.9961,9.3640,-0.0802
144.202,3.9961,9.3640,-0.1035
144.212,3.9961,9.3640,-0.1035
144.221,3.9961,9.3640,-0.1268
144.229,3.9961,9.3640,-0.1268
144.237,3.9961,9.3640,-0.1502
144.247,3.9961,9.3640,-0.1502
144.255,3.9961,9.3640,-0.1502
144.264,3.9961,9.3640,-0.1735
144.272,3.9961,9.3640,-0.1735
144.281,3.9961,9.3640,-0.1968
144.291,3.9961,9.3640,-0.1968
144.299,3.9961,9.3640,-0.2202
144.308,3.9961,9.3640,-0.2202
144.317,3.9961,9.3640,-0.2202
144.325,3.9961,9.3640,-0.2435
144.333,3.9961,9.3640,-0.2435
144.340,3.9961,9.3640,-0.2668
144.350,3.9961,9.3640,-0.2668
144.358,3.9961,9.3640,-0.2902
144.367,3.9961,9.3640,-0.2902
144.375,3.9961,9.3640,-0.2902
144.384,3.9961,9.3640,-0.3135
144.393,3.9961,9.3640,-0.3135
144.400,3.9961,9.3640,-0.3368
144.412,3.9961,9.3640,-0.3368
144.418,3.9961,9.3640,-0.3602
144.427,3.9961,9.3640,-0.3602
144.434,3.9961,9.3640,-0.3602
144.442,3.9961,9.3640,-0.3835
144.451,3.9961,9.3640,-0.3835
144.459,3.9961,9.3640,-0.4068
144.468,3.9961,9.3640,-0.4068
144.476,3.9961,9.3640,-0.4068
144.483,3.9961,9.3640,-0.4302
144.493,3.9961,9.3640,-0.4302
144.501,3.9961,9.3640,-0.4535
144.511,3.9961,9.3640,-0.4535
144.518,3.9961,9.3640,-0.4768
144.526,3.9961,9.3640,-0.4768
144.534,3.9961,9.3640,-0.4768
144.541,3.9961,9.3640,-0.5002
144.552,3.9961,9.3640,-0.5002
144.560,3.9961,9.3640,-0.5235
144.568,3.9961,9.3640,-0.5235
144.575,3.9961,9.3640,-0.5235
144.583,3.9961,9.3640,-0.5468
144.590,3.9961,9.3640,-0.5468
144.598,3.9961,9.3640,-0.5702
144.606,3.9961,9.3640,-0.5702
144.614,3.9961,9.3640,-0.5702
144.620,3.9961,9.3640,-0.5935
144.630,3.9961,9.3640,-0.5935
144.636,3.9961,9.3640,-0.5935
144.646,3.9961,9.3640,-0.6168
144.654,3.9961,9.3640,-0.6168
144.662,3.9961,9.3640,-0.6402
144.670,3.9961,9.3640,-0.6402
144.679,3.9961,9.3640,-0.6635
144.688,3.9961,9.3640,-0.6635
144.696,3.9961,9.3640,-0.6635
144.703,3.9961,9.3640,-0.6868
144.713,3.9961,9.3640,-0.6868
144.721,3.9961,9.3640,-0.7102
144.730,3.9961,9.3640,-0.7102
144.738,3.9961,9.3640,-0.7335
144.749,3.9961,9.3640,-0.7335
144.756,3.9961,9.3640,-0.7335
144.764,3.9961,9.3640,-0.7568
144.773,3.9961,9.3640,-0.7568
144.781,3.9961,9.3640,-0.7802
144.789,3.9961,9.3640,-0.7802
144.797,3.9961,9.3640,-0.7802
144.805,3.9961,9.3640,-0.8035
144.815,3.9961,9.3640,-0.8035
144.823,3.9961,9.3640,-0.8268
144.832,3.9961,9.3640,-0.8268
144.840,3.9961,9.3640,-0.8502
144.848,3.9961,9.3640,-0.8502
144.856,3.9961,9.3640,-0.8502
144.865,3.9961,9.3640,-0.8735
144.876,3.9961,9.3640,-0.8735
144.884,3.9961,9.3640,-0.8968
144.892,3.9961,9.3640,-0.8968
144.900,3.9961,9.3640,-0.9202
144.908,3.9961,9.3640,-0.9202
144.916,3.9961,9.3640,-0.9202
144.923,3.9961,9.3640,-0.9435
144.932,3.9961,9.3640,-0.9435
144.938,3.9961,9.3640,-0.9668
144.947,3.9961,9.3640,-0.9668
144.955,3.9961,9.3640,-0.9668
144.964,3.9961,9.3640,-0.9902
144.971,3.9961,9.3640,-0.9902
144.980,3.9961,9.3640,-1.0135
144.988,3.9961,9.3640,-1.0135
144.996,3.9961,9.3640,-1.0135
145.003,3.9961,9.3640,-1.0368
145.014,3.9961,9.3640,-1.0368
145.021,3.9961,9.3640,-1.0602
145.030,3.9961,9.3640,-1.0602
145.038,3.9961,9.3640,-1.0835
145.047,3.9961,9.3640,-1.0835
145.054,3.9961,9.3640,-1.0835
145.062,3.9961,9.3640,-1.1068
145.070,3.9961,9.3640,-1.1068
145.078,3.9961,9.3640,-1.1302
145.086,3.9961,9.3640,-1.1302
145.093,3.9961,9.3640,-1.1302
145.100,3.9961,9.3640,-1.1535
145.108,3.9961,9.3640,-1.1535
145.116,3.9961,9.3640,-1.1535
145.124,3.9961,9.3640,-1.1768
145.133,3.9961,9.3640,-1.1768
145.140,3.9961,9.3640,-1.2002
145.149,3.9961,9.3640,-1.2002
145.156,3.9961,9.3640,-1.2002
145.165,3.9961,9.3640,-1.2235
145.174,3.9961,9.3640,-1.2235
145.181,3.9961,9.3640,-1.2468
145.189,3.9961,9.3640,-1.2468
145.197,3.9961,9.3640,-1.2702
145.206,3.9961,9.3640,-1.2702
145.213,3.9961,9.3640,-1.2702
145.220,3.9961,9.3640,-1.2935
145.229,3.9961,9.3640,-1.2935
145.235,3.9961,9.3640,-1.2935
145.243,3.9961,9.3640,-1.3168
145.251,3.9961,9.3640,-1.3168
145.259,3.9961,9.3640,-1.3402
145.268,3.9961,9.3640,-1.3402
145.275,3.9961,9.3640,-1.3402
145.283,3.9961,9.3640,-1.3635
145.295,3.9961,9.3640,-1.3635
145.302,3.9961,9.3640,-1.3868
145.313,3.9961,9.3640,-1.3868
145.321,3.9961,9.3640,-1.4102
145.330,3.9961,9.3640,-1.4102
145.336,3.9961,9.3640,-1.4102
145.344,3.9961,9.3640,-1.4335
145.353,3.9961,9.3640,-1.4335
145.360,3.9961,9.3640,-1.4568
145.368,3.9961,9.3640,-1.4568
145.376,3.9961,9.3640,-1.4568
145.384,3.9961,9.3640,-1.4802
145.392,3.9961,9.3640,-1.4802
145.399,3.9961,9.3640,-1.5035
145.409,3.9961,9.3640,-1.5035
145.417,3.9961,9.3640,-1.5268
145.427,3.9961,9.3640,-1.5268
145.434,3.9961,9.3640,-1.5268
145.442,3.9961,9.3640,-1.5502
145.451,3.9961,9.3640,-1.5502
145.459,3.9961,9.3640,-1.5735
145.467,3.9961,9.3640,-1.5735
145.477,3.9961,9.3640,-1.5735
145.484,3.9961,9.3640,-1.5968
145.493,3.9961,9.3640,-1.5968
145.501,3.9961,9.3640,-1.6202
145.510,3.9961,9.3640,-1.6202
145.518,3.9961,9.3640,-1.6435
145.529,3.9961,9.3640,-1.6435
145.536,3.9961,9.3640,-1.6435
145.545,3.9961,9.3640,-1.6668
145.554,3.9961,9.3640,-1.6668
145.562,3.9961,9.3640,-1.6902
145.571,3.9961,9.3640,-1.6902
145.579,3.9961,9.3640,-1.7135
145.590,3.9961,9.3640,-1.7135
145.598,3.9961,9.3640,-1.7368
145.607,3.9961,9.3640,-1.7368
145.615,3.9961,9.3640,-1.7368
145.623,3.9961,9.3640,-1.7602
145.632,3.9961,9.3640,-1.7602
145.641,3.9961,9.3640,-1.7835
145.652,3.9961,9.3640,-1.7835
145.660,3.9961,9.3640,-1.8068
145.670,3.9961,9.3640,-1.8068
145.679,3.9961,9.3640,-1.8302
145.687,3.9961,9.3640,-1.8302
145.695,3.9961,9.3640,-1.8302
145.702,3.9961,9.3640,-1.8535
145.712,3.9961,9.3640,-1.8535
145.719,3.9961,9.3640,-1.8768
145.729,3.9961,9.3640,-1.8768
145.735,3.9961,9.3640,-1.8768
145.743,3.9961,9.3640,-1.9002
145.752,3.9961,9.3640,-1.9002
145.759,3.9961,9.3640,-1.9235
145.768,3.9961,9.3640,-1.9235
145.776,3.9961,9.3640,-1.9235
145.783,3.9961,9.3640,-1.9468
145.791,3.9961,9.3640,-1.9468
145.798,3.9961,9.3640,-1.9702
145.807,3.9961,9.3640,-1.9702
145.814,3.9961,9.3640,-1.9702
145.821,3.9961,9.3640,-1.9935
145.829,3.9961,9.3640,-1.9935
145.837,3.9961,9.3640,-2.0168
145.847,3.9961,9.3640,-2.0168
145.854,3.9961,9.3640,-2.0168
145.862,3.9961,9.3640,-2.0402
145.870,3.9961,9.3640,-2.0402
145.877,3.9961,9.3640,-2.0635
145.887,3.9961,9.3640,-2.0635
145.895,3.9961,9.3640,-2.0635
145.902,3.9961,9.3640,-2.0868
145.913,3.9961,9.3640,-2.0868
145.921,3.9961,9.3640,-2.1102
145.931,3.9961,9.3640,-2.1102
145.937,3.9961,9.3640,-2.1335
145.958,3.9961,9.3640,-2.1568
145.968,3.9961,9.3640,-2.1568
145.976,3.9961,9.3640,-2.1568
145.985,3.9961,9.3640,-2.1802
145.995,3.9961,9.3640,-2.1802
146.003,3.9961,9.3640,-2.2035
146.013,3.9961,9.3640,-2.2035
146.020,3.9961,9.3640,-2.2268
146.031,3.9961,9.3640,-2.2268
146.038,3.9961,9.3640,-2.2502
146.049,3.9961,9.3640,-2.2502
146.057,3.9961,9.3640,-2.2735
146.068,3.9961,9.3640,-2.2735
146.077,3.9961,9.3640,-2.2968
146.086,3.9961,9.3640,-2.2968
146.095,3.9961,9.3640,-2.2968
146.103,3.9961,9.3640,-2.3202
146.113,3.9961,9.3640,-2.3202
146.121,3.9961,9.3640,-2.3435
146.131,3.9961,9.3640,-2.3435
146.139,3.9961,9.3640,-2.3668
146.149,3.9961,9.3640,-2.3668
146.156,3.9961,9.3640,-2.3668
146.163,3.9961,9.3640,-2.3902
146.172,3.9961,9.3640,-2.3902
146.180,3.9961,9.3640,-2.4135
146.188,3.9961,9.3640,-2.4135
146.197,3.9961,9.3640,-2.4368
146.207,3.9961,9.3640,-2.4368
146.214,3.9961,9.3640,-2.4368
146.221,3.9961,9.3640,-2.4602
146.231,3.9961,9.3640,-2.4602
146.238,3.9961,9.3640,-2.4835
146.247,3.9961,9.3640,-2.4835
146.254,3.9961,9.3640,-2.4835
146.262,3.9961,9.3640,-2.5068
146.270,3.9961,9.3640,-2.5068
146.278,3.9961,9.3640,-2.5302
146.288,3.9961,9.3640,-2.5302
146.295,3.9961,9.3640,-2.5302
146.301,3.9961,9.3640,-2.5535
146.311,3.9961,9.3640,-2.5535
146.319,3.9961,9.3640,-2.5768
146.327,3.9961,9.3640,-2.5768
146.334,3.9961,9.3640,-2.5768
146.341,3.9961,9.3640,-2.6002
146.351,3.9961,9.3640,-2.6002
146.357,3.9961,9.3640,-2.6235
146.367,3.9961,9.3640,-2.6235
146.374,3.9961,9.3640,-2.6235
146.382,3.9961,9.3640,-2.6468
146.391,3.9961,9.3640,-2.6468
146.398,3.9961,9.3640,-2.6702
146.408,3.9961,9.3640,-2.6702
146.415,3.9961,9.3640,-2.6702
146.421,3.9961,9.3640,-2.6935
146.431,3.9961,9.3640,-2.6935
146.438,3.9961,9.3640,-2.7168
146.447,3.9961,9.3640,-2.7168
146.453,3.9961,9.3640,-2.7168
146.462,3.9961,9.3640,-2.7402
146.471,3.9961,9.3640,-2.7402
146.479,3.9961,9.3640,-2.7635
146.489,3.9961,9.3640,-2.7635
146.497,3.9961,9.3640,-2.7868
146.506,3.9961,9.3640,-2.7868
146.513,3.9961,9.3640,-2.7868
146.520,3.9961,9.3640,-2.8102
146.529,3.9961,9.3640,-2.8102
146.536,3.9961,9.3640,-2.8102
146.544,3.9961,9.3640,-2.8335
146.553,3.9961,9.3640,-2.8335
146.560,3.9961,9.3640,-2.8568
146.568,3.9961,9.3640,-2.8568
146.576,3.9961,9.3640,-2.8568
146.584,3.9961,9.3640,-2.8802
146.594,3.9961,9.3640,-2.8802
146.601,3.9961,9.3640,-2.9035
146.611,3.9961,9.3640,-2.9035
146.618,3.9961,9.3640,-2.9268
146.627,3.9961,9.3640,-2.9268
146.633,3.9961,9.3640,-2.9268
146.641,3.9961,9.3640,-2.9502
146.651,3.9961,9.3640,-2.9502
146.660,3.9961,9.3640,-2.9735
146.668,3.9961,9.3640,-2.9735
146.677,3.9961,9.3640,-2.9968
146.687,3.9961,9.3640,-2.9968
146.695,3.9961,9.3640,-2.9968
146.702,3.9961,9.3640,-3.0202
146.713,3.9961,9.3640,-3.0202
146.720,3.9961,9.3640,-3.0435
146.729,3.9961,9.3640,-3.0435
146.737,3.9961,9.3640,-3.0435
146.745,3.9961,9.3640,-3.0668
146.755,3.9961,9.3640,-3.0668
146.763,3.9961,9.3640,-3.0902
146.774,3.9961,9.3640,-3.0902
146.782,3.9961,9.3640,-3.1135
146.792,3.9961,9.3640,-3.1135
146.801,3.9961,9.3640,-3.1368
146.811,3.9961,9.3640,-3.1368
146.818,3.9961,9.3640,-3.1602
146.828,3.9961,9.3640,-3.1602
146.835,3.9961,9.3640,-3.1602
146.843,3.9961,9.3640,-3.1835
146.852,3.9961,9.3640,-3.1835
146.862,3.9961,9.3640,-3.2068
146.870,3.9961,9.3640,-3.2068
146.878,3.9961,9.3640,-3.2302
146.887,3.9961,9.3640,-3.2302
146.895,3.9961,9.3640,-3.2302
146.902,3.9961,9.3640,-3.2535
146.913,3.9961,9.3640,-3.2535
146.921,3.9961,9.3640,-3.2768
146.930,3.9961,9.3640,-3.2768
146.937,3.9961,9.3640,-3.3002
146.947,3.9961,9.3640,-3.3002
146.954,3.9961,9.3640,-3.3002
146.962,3.9961,9.3640,-3.3235
146.971,3.9961,9.3640,-3.3235
146.979,3.9961,9.3640,-3.3468
146.988,3.9961,9.3640,-3.3468
146.996,3.9961,9.3640,-3.3468
147.002,3.9961,9.3640,-3.3702
147.012,3.9961,9.3640,-3.3702
147.019,3.9961,9.3640,-3.3935
147.028,3.9961,9.3640,-3.3935
147.034,3.9961,9.3640,-3.3935
147.043,3.9961,9.3640,-3.4168
147.053,3.9961,9.3640,-3.4168
147.060,3.9961,9.3640,-3.4402
147.069,3.9961,9.3640,-3.4402
147.077,3.9961,9.3640,-3.4402
147.084,3.9961,9.3640,-3.4635
147.094,3.9961,9.3640,-3.4635
147.101,3.9961,9.3640,-3.4868
147.110,3.9961,9.3640,-3.4868
147.117,3.9961,9.3640,-3.5102
147.128,3.9961,9.3640,-3.5102
147.136,3.9961,9.3640,-3.5102
147.144,3.9961,9.3640,-3.5335
147.154,3.9961,9.3640,-3.5335
147.162,3.9961,9.3640,-3.5568
147.171,3.9961,9.3640,-3.5568
147.178,3.9961,9.3640,-3.5802
147.187,3.9961,9.3640,-3.5802
147.195,3.9961,9.3640,-3.5802
147.203,3.9961,9.3640,-3.6035
147.212,3.9961,9.3640,-3.6035
147.221,3.9961,9.3640,-3.6268
147.230,3.9961,9.3640,-3.6268
147.237,3.9961,9.3640,-3.6502
147.248,3.9961,9.3640,-3.6502
147.255,3.9961,9.3640,-3.6502
147.263,3.9961,9.3640,-3.6735
147.271,3.9961,9.3640,-3.6735
147.280,3.9961,9.3640,-3.6968
147.289,3.9961,9.3640,-3.6968
147.297,3.9961,9.3640,-3.7202
147.308,3.9961,9.3640,-3.7202
147.317,3.9961,9.3640,-3.7202
147.325,3.9961,9.3640,-3.7435
147.334,3.9961,9.3640,-3.7435
147.343,3.9961,9.3640,-3.7668
147.353,3.9961,9.3640,-3.7668
147.361,3.9961,9.3640,-3.7902
147.372,3.9961,9.3640,-3.7902
147.381,3.9961,9.3640,-3.8135
147.390,3.9961,9.3640,-3.8135
147.398,3.9961,9.3640,-3.8368
147.409,3.9961,9.3640,-3.8368
147.415,3.9961,9.3640,-3.8368
147.423,3.9961,9.3640,-3.8602
147.432,3.9961,9.3640,-3.8602
147.439,3.9961,9.3640,-3.8835
147.448,3.9961,9.3640,-3.8835
147.455,3.9961,9.3640,-3.8835
147.463,3.9961,9.3640,-3.9068
147.472,3.9961,9.3640,-3.9068
147.479,3.9961,9.3640,-3.9302
147.487,3.9961,9.3640,-3.9302
147.496,3.9961,9.3640,-3.9302
147.502,3.9961,9.3640,-3.9535
147.512,3.9961,9.3640,-3.9535
147.519,3.9961,9.3640,-3.9768
147.529,3.9961,9.3640,-3.9768
147.535,3.9961,9.3640,-3.9768
147.543,3.9961,9.3640,-4.0002
147.552,3.9961,9.3640,-4.0002
147.560,3.9961,9.3640,-4.0235
147.568,3.9961,9.3640,-4.0235
147.577,3.9961,9.3640,-4.0235
147.585,3.9961,9.3640,-4.0468
147.594,3.9961,9.3640,-4.0468
147.600,3.9961,9.3640,-4.0702
147.610,3.9961,9.3640,-4.0702
147.618,3.9961,9.3640,-4.0935
147.627,3.9961,9.3640,-4.0935
147.633,3.9961,9.3640,-4.0935
147.641,3.9961,9.3640,-4.1168
147.651,3.9961,9.3640,-4.1168
147.658,3.9961,9.3640,-4.1402
147.668,3.9961,9.3640,-4.1402
147.676,3.9961,9.3640,-4.1402
147.684,3.9961,9.3640,-4.1635
147.693,3.9961,9.3640,-4.1635
147.701,3.9961,9.3640,-4.1868
147.711,3.9961,9.3640,-4.1868
147.718,3.9961,9.3640,-4.2102
147.727,3.9961,9.3640,-4.2102
147.733,3.9961,9.3640,-4.2102
147.742,3.9961,9.3640,-4.2335
147.750,3.9961,9.3640,-4.2335
147.758,3.9961,9.3640,-4.2568
147.766,3.9961,9.3640,-4.2568
147.775,3.9961,9.3640,-4.2568
147.782,3.9961,9.3640,-4.2802
147.792,3.9961,9.3640,-4.2802
147.799,3.9961,9.3640,-4.3035
147.808,3.9961,9.3640,-4.3035
147.816,3.9961,9.3640,-4.3035
147.823,3.9961,9.3640,-4.3268
147.833,3.9961,9.3640,-4.3268
147.839,3.9961,9.3640,-4.3502
147.848,3.9961,9.3640,-4.3502
147.856,3.9961,9.3640,-4.3502
147.863,3.9961,9.3640,-4.3735
147.872,3.9961,9.3640,-4.3735
147.879,3.9961,9.3640,-4.3968
147.889,3.9961,9.3640,-4.3968
147.896,3.9961,9.3640,-4.3968
147.902,3.9961,9.3640,-4.4202
147.911,3.9961,9.3640,-4.4202
147.919,3.9961,9.3640,-4.4435
147.928,3.9961,9.3640,-4.4435
147.935,3.9961,9.3640,-4.4435
147.942,3.9961,9.3640,-4.4669
147.951,3.9961,9.3640,-4.4669
147.960,3.9961,9.3640,-4.4902
147.969,3.9961,9.3640,-4.4902
147.979,3.9961,9.3640,-4.5135
147.988,3.9961,9.3640,-4.5135
147.996,3.9961,9.3640,-4.5135
148.004,3.9961,9.3640,-4.5369
148.015,3.9961,9.3640,-4.5369
148.022,3.9961,9.3640,-4.5602
148.031,3.9961,9.3640,-4.5602
148.039,3.9961,9.3640,-4.5835
148.048,3.9961,9.3640,-4.5835
148.055,3.9961,9.3640,-4.5835
148.063,3.9961,9.3640,-4.6069
148.073,3.9961,9.3640,-4.6069
148.080,3.9961,9.3640,-4.6302
148.090,3.9961,9.3640,-4.6302
148.098,3.9961,9.3640,-4.6535
148.106,3.9961,9.3640,-4.6535
148.115,3.9961,9.3640,-4.6535
148.123,3.9961,9.3640,-4.6769
148.134,3.9961,9.3640,-4.6769
148.142,3.9961,9.3640,-4.7002
148.161,3.9961,9.3640,-4.7235
148.171,3.9961,9.3640,-4.7235
148.180,3.9961,9.3640,-4.7469
148.190,3.9961,9.3640,-4.7469
148.198,3.9961,9.3640,-4.7702
148.207,3.9961,9.3640,-4.7702
148.215,3.9961,9.3640,-4.7702
148.222,3.9961,9.3640,-4.7935
148.231,3.9961,9.3640,-4.7935
148.237,3.9961,9.3640,-4.8169
148.247,3.9961,9.3640,-4.8169
148.254,3.9961,9.3640,-4.8169
148.260,3.9961,9.3640,-4.8402
148.269,3.9961,9.3640,-4.8402
148.277,3.9961,9.3640,-4.8635
148.286,3.9961,9.3640,-4.8635
148.294,3.9961,9.3640,-4.8635
148.301,3.9961,9.3640,-4.8869
148.311,3.9961,9.3640,-4.8869
148.319,3.9961,9.3640,-4.9102
148.327,3.9961,9.3640,-4.9102
148.334,3.9961,9.3640,-4.9102
148.342,3.9961,9.3640,-4.9335
148.352,3.9961,9.3640,-4.9335
148.359,3.9961,9.3640,-4.9569
148.368,3.9961,9.3640,-4.9569
148.375,3.9961,9.3640,-4.9569
148.383,3.9961,9.3640,-4.9802
148.393,3.9961,9.3640,-4.9802
148.400,3.9961,9.3640,-5.0035
148.409,3.9961,9.3640,-5.0035
148.415,3.9961,9.3640,-5.0035
148.424,3.9961,9.3640,-5.0269
148.433,3.9961,9.3640,-5.0269
148.441,3.9961,9.3640,-5.0502
148.450,3.9961,9.3640,-5.0502
148.458,3.9961,9.3640,-5.0735
148.467,3.9961,9.3640,-5.0735
148.475,3.9961,9.3640,-5.0735
148.483,3.9961,9.3640,-5.0969
148.492,3.9961,9.3640,-5.0969
148.499,3.9961,9.3640,-5.1202
148.509,3.9961,9.3640,-5.1202
148.518,3.9961,9.3640,-5.1435
148.528,3.9961,9.3640,-5.1435
148.535,3.9961,9.3640,-5.1435
148.543,3.9961,9.3640,-5.1669
148.554,3.9961,9.3640,-5.1669
148.561,3.9961,9.3640,-5.1902
148.569,3.9961,9.3640,-5.1902
148.577,3.9961,9.3640,-5.2135
148.587,3.9961,9.3640,-5.2135
148.595,3.9961,9.3640,-5.2135
148.601,3.9961,9.3640,-5.2369
148.613,3.9961,9.3640,-5.2369
148.619,3.9961,9.3640,-5.2602
148.630,3.9961,9.3640,-5.2602
148.636,3.9961,9.3640,-5.2602
148.647,3.9961,9.3640,-5.2835
148.655,3.9961,9.3640,-5.2835
148.663,3.9961,9.3640,-5.3069
148.674,3.9961,9.3640,-5.3069
148.681,3.9961,9.3640,-5.3302
148.691,3.9961,9.3640,-5.3302
148.697,3.9961,9.3640,-5.3535
148.706,3.9961,9.3640,-5.3535
148.714,3.9961,9.3640,-5.3535
148.721,3.9961,9.3640,-5.3769
148.730,3.9961,9.3640,-5.3769
148.736,3.9961,9.3640,-5.3769
148.743,3.9961,9.3640,-5.4002
148.752,3.9961,9.3640,-5.4002
148.759,3.9961,9.3640,-5.4235
148.768,3.9961,9.3640,-5.4235
148.775,3.9961,9.3640,-5.4235
148.783,3.9961,9.3640,-5.4469
148.792,3.9961,9.3640,-5.4469
148.800,3.9961,9.3640,-5.4702
148.807,3.9961,9.3640,-5.4702
148.815,3.9961,9.3640,-5.4702
148.822,3.9961,9.3640,-5.4935
148.831,3.9961,9.3640,-5.4935
148.838,3.9961,9.3640,-5.5169
148.847,3.9961,9.3640,-5.5169
148.855,3.9961,9.3640,-5.5169
148.862,3.9961,9.3640,-5.5402
148.870,3.9961,9.3640,-5.5402
148.878,3.9961,9.3640,-5.5635
148.887,3.9961,9.3640,-5.5635
148.894,3.9961,9.3640,-5.5635
148.900,3.9961,9.3640,-5.5869
148.910,3.9961,9.3640,-5.5869
148.918,3.9961,9.3640,-5.6102
148.927,3.9961,9.3640,-5.6102
148.935,3.9961,9.3640,-5.6102
148.944,3.9961,9.3640,-5.6333
148.953,3.9961,9.3640,-5.6333
148.960,3.9961,9.3640,-5.6564
148.969,3.9961,9.3640,-5.6564
148.978,3.9961,9.3640,-5.6791
148.987,3.9961,9.3640,-5.6791
148.995,3.9961,9.3640,-5.6791
149.001,3.9961,9.3640,-5.7012
149.011,3.9961,9.3640,-5.7012
149.018,3.9961,9.3640,-5.7230
149.027,3.9961,9.3640,-5.7230
149.034,3.9961,9.3640,-5.7230
149.043,3.9961,9.3640,-5.7439
149.052,3.9961,9.3640,-5.7439
149.060,3.9961,9.3640,-5.7638
149.068,3.9961,9.3640,-5.7638
149.076,3.9961,9.3640,-5.7638
149.082,3.9961,9.3640,-5.7827
149.092,3.9961,9.3640,-5.7827
149.099,3.9961,9.3640,-5.7921
149.109,3.9961,9.3640,-5.7921
149.117,3.9961,9.3640,-5.7921
149.125,3.9961,9.3640,-5.8007
149.134,3.9961,9.3640,-5.8007
149.142,3.9961,9.3640,-5.8085
149.152,3.9961,9.3640,-5.8085
149.160,3.9961,9.3640,-5.8160
149.168,3.9961,9.3640,-5.8160
149.176,3.9961,9.3640,-5.8160
149.185,3.9961,9.3640,-5.8196
149.195,3.9961,9.3640,-5.8196
149.201,3.9961,9.3640,-5.8229
149.211,3.9961,9.3640,-5.8229
149.219,3.9961,9.3640,-5.8261
149.228,3.9961,9.3640,-5.8261
149.235,3.9961,9.3640,-5.8261
149.244,3.9961,9.3640,-5.8289
149.254,3.9961,9.3640,-5.8289
149.262,3.9961,9.3640,-5.8313
149.272,3.9961,9.3640,-5.8313
149.281,3.9961,9.3640,-5.8321
149.291,3.9961,9.3640,-5.8321
149.299,3.9961,9.3640,-5.8328
149.311,3.9961,9.3640,-5.8328
149.318,3.9961,9.3640,-5.8333
149.327,3.9961,9.3640,-5.8333
149.336,3.9961,9.3640,-5.8333
149.344,3.9961,9.3640,-5.8337
149.354,3.9961,9.3640,-5.8337
149.362,3.9961,9.3640,-5.8340
149.372,3.9961,9.3640,-5.8340
149.381,3.9961,9.3640,-5.8340
149.390,3.9961,9.3640,-5.8340
149.400,3.9961,9.3640,-5.8340
149.409,3.9961,9.3640,-5.8340
149.418,3.9961,9.3640,-5.8340
149.428,3.9961,9.3640,-5.8340
149.435,3.9961,9.3640,-5.8340
149.445,3.9961,9.3640,-5.8340
149.454,3.9961,9.3640,-5.8340
149.463,3.9961,9.3640,-5.8340
149.472,3.9961,9.3640,-5.8340
149.481,3.9961,9.3640,-5.8340
149.489,3.9961,9.3640,-5.8340
149.497,3.9961,9.3640,-5.8340
149.503,3.9961,9.3640,-5.8340
149.512,3.9961,9.3640,-5.8340
149.519,3.9961,9.3640,-5.8340
149.528,3.9961,9.3640,-5.8340
149.535,3.9961,9.3640,-5.8340
149.543,3.9961,9.3640,-5.8340
149.552,3.9961,9.3640,-5.8340
149.559,3.9961,9.3640,-5.8340
149.566,3.9961,9.3640,-5.8340
149.574,3.9961,9.3640,-5.8340
149.582,3.9961,9.3640,-5.8340
149.590,3.9961,9.3640,-5.8340
149.597,3.9961,9.3640,-5.8340
149.606,3.9961,9.3640,-5.8340
149.614,3.9961,9.3640,-5.8340
149.621,3.9961,9.3640,-5.8340
149.629,3.9961,9.3640,-5.8340
149.637,3.9961,9.3640,-5.8340
149.647,3.9961,9.3640,-5.8340
149.653,3.9961,9.3640,-5.8340
149.662,3.9961,9.3640,-5.8340
149.670,3.9961,9.3640,-5.8340
149.680,3.9961,9.3640,-5.8343
149.689,3.9961,9.3640,-5.8343
149.697,3.9961,9.3640,-5.8347
149.707,3.9961,9.3640,-5.8347
149.716,3.9961,9.3640,-5.8347
149.723,3.9961,9.3640,-5.8353
149.733,3.9961,9.3640,-5.8353
149.741,3.9961,9.3640,-5.8360
149.750,3.9961,9.3640,-5.8360
149.760,3.9961,9.3640,-5.8367
149.769,3.9961,9.3640,-5.8367
149.778,3.9961,9.3640,-5.8374
149.786,3.9961,9.3640,-5.8374
149.794,3.9961,9.3640,-5.8374
149.801,3.9961,9.3640,-5.8382
149.812,3.9961,9.3640,-5.8382
149.820,3.9961,9.3640,-5.8390
149.829,3.9961,9.3640,-5.8390
149.837,3.9961,9.3640,-5.8397
149.847,3.9961,9.3640,-5.8397
149.855,3.9961,9.3640,-5.8397
149.862,3.9961,9.3640,-5.8405
149.871,3.9961,9.3640,-5.8405
149.879,3.9961,9.3640,-5.8412
149.888,3.9961,9.3640,-5.8412
149.895,3.9961,9.3640,-5.8412
149.903,3.9961,9.3640,-5.8420
149.915,3.9961,9.3640,-5.8420
149.923,3.9961,9.3640,-5.8427
149.932,3.9961,9.3640,-5.8427
149.941,3.9961,9.3640,-5.8435
149.951,3.9961,9.3640,-5.8435
149.957,3.9961,9.3640,-5.8443
149.966,3.9961,9.3640,-5.8443
149.973,3.9961,9.3640,-5.8443
149.982,3.9961,9.3640,-5.8450
149.991,3.9961,9.3640,-5.8450
149.999,3.9961,9.3640,-5.8458
150.006,3.9961,9.3640,-5.8458
150.015,3.9961,9.3640,-5.8458
150.021,3.9961,9.3640,-5.8465
150.030,3.9961,9.3640,-5.8465
150.036,3.9961,9.3640,-5.8465
150.044,3.9961,9.3640,-5.8473
150.052,3.9961,9.3640,-5.8473
150.060,3.9961,9.3640,-5.8480
150.068,3.9961,9.3640,-5.8480
150.076,3.9961,9.3640,-5.8480
150.083,3.9961,9.3640,-5.8488
150.092,3.9961,9.3640,-5.8488
150.099,3.9961,9.3640,-5.8496
150.107,3.9961,9.3640,-5.8496
150.115,3.9961,9.3640,-5.8496
150.123,3.9961,9.3640,-5.8503
150.133,3.9961,9.3640,-5.8503
150.140,3.9961,9.3640,-5.8511
150.149,3.9961,9.3640,-5.8511
150.157,3.9961,9.3640,-5.8519
150.167,3.9961,9.3640,-5.8519
150.175,3.9961,9.3640,-5.8519
150.183,3.9961,9.3640,-5.8526
150.193,3.9961,9.3640,-5.8526
150.200,3.9961,9.3640,-5.8534
150.209,3.9961,9.3640,-5.8534
150.217,3.9961,9.3640,-5.8541
150.227,3.9961,9.3640,-5.8541
150.234,3.9961,9.3640,-5.8541
150.241,3.9961,9.3640,-5.8549
150.250,3.9961,9.3640,-5.8549
150.257,3.9961,9.3640,-5.8557
150.266,3.9961,9.3640,-5.8557
150.274,3.9961,9.3640,-5.8557
150.281,3.9961,9.3640,-5.8564
150.289,3.9961,9.3640,-5.8564
150.297,3.9961,9.3640,-5.8572
150.306,3.9961,9.3640,-5.8572
150.313,3.9961,9.3640,-5.8572
150.320,3.9961,9.3640,-5.8580
150.329,3.9961,9.3640,-5.8580
150.336,3.9961,9.3640,-5.8580
150.343,3.9961,9.3640,-5.8587
150.353,3.9961,9.3640,-5.8587
150.360,3.9961,9.3640,-5.8595
150.377,3.9961,9.3640,-5.8603
150.388,3.9961,9.3640,-5.8603
150.395,3.9961,9.3640,-5.8603
150.403,3.9961,9.3640,-5.8610
150.411,3.9961,9.3640,-5.8610
150.419,3.9961,9.3640,-5.8618
150.429,3.9961,9.3640,-5.8618
150.436,3.9961,9.3640,-5.8618
150.443,3.9961,9.3640,-5.8626
150.454,3.9961,9.3640,-5.8626
150.462,3.9961,9.3640,-5.8634
150.470,3.9961,9.3640,-5.8634
150.478,3.9961,9.3640,-5.8642
150.487,3.9961,9.3640,-5.8642
150.495,3.9961,9.3640,-5.8642
150.503,3.9961,9.3640,-5.8650
150.516,3.9961,9.3640,-5.8650
150.524,3.9961,9.3640,-5.8658
150.532,3.9961,9.3640,-5.8658
150.541,3.9961,9.3640,-5.8680
150.552,3.9961,9.3640,-5.8680
150.561,3.9961,9.3640,-5.8702
150.570,3.9961,9.3640,-5.8702
150.579,3.9961,9.3640,-5.8724
150.588,3.9961,9.3640,-5.8724
150.596,3.9961,9.3640,-5.8724
150.604,3.9961,9.3640,-5.8747
150.614,3.9961,9.3640,-5.8747
150.622,3.9961,9.3640,-5.8771
150.632,3.9961,9.3640,-5.8771
150.640,3.9961,9.3640,-5.8795
150.651,3.9961,9.3640,-5.8795
150.659,3.9961,9.3640,-5.8819
150.669,3.9961,9.3640,-5.8819
150.677,3.9961,9.3640,-5.8843
150.687,3.9961,9.3640,-5.8843
150.695,3.9961,9.3640,-5.8843
150.703,3.9961,9.3640,-5.8869
150.714,3.9961,9.3640,-5.8869
150.723,3.9961,9.3640,-5.8894
150.732,3.9961,9.3640,-5.8894
150.741,3.9961,9.3640,-5.8920
150.751,3.9961,9.3640,-5.8920
150.759,3.9961,9.3640,-5.8947
150.767,3.9961,9.3640,-5.8947
150.774,3.9961,9.3640,-5.8947
150.783,3.9961,9.3640,-5.8973
150.793,3.9961,9.3640,-5.8973
150.800,3.9961,9.3640,-5.9000
150.809,3.9961,9.3640,-5.9000
150.817,3.9961,9.3640,-5.9027
150.827,3.9961,9.3640,-5.9027
150.834,3.9961,9.3640,-5.9027
150.842,3.9961,9.3640,-5.9054
150.852,3.9961,9.3640,-5.9054
150.859,3.9961,9.3640,-5.9081
150.867,3.9961,9.3640,-5.9081
150.874,3.9961,9.3640,-5.9081
150.883,3.9961,9.3640,-5.9108
150.891,3.9961,9.3640,-5.9108
150.899,3.9961,9.3640,-5.9135
150.909,3.9961,9.3640,-5.9135
150.916,3.9961,9.3640,-5.9135
150.924,3.9961,9.3640,-5.9161
150.933,3.9961,9.3640,-5.9161
150.942,3.9961,9.3640,-5.9188
150.951,3.9961,9.3640,-5.9188
150.960,3.9961,9.3640,-5.9215
150.969,3.9961,9.3640,-5.9215
150.979,3.9961,9.3640,-5.9242
150.987,3.9961,9.3640,-5.9242
150.995,3.9961,9.3640,-5.9242
151.003,3.9961,9.3640,-5.9269
151.013,3.9961,9.3640,-5.9269
151.020,3.9961,9.3640,-5.9296
151.029,3.9961,9.3640,-5.9296
151.037,3.9961,9.3640,-5.9322
151.047,3.9961,9.3640,-5.9322
151.055,3.9961,9.3640,-5.9322
151.063,3.9961,9.3640,-5.9349
151.072,3.9961,9.3640,-5.9349
151.080,3.9961,9.3640,-5.9376
151.089,3.9961,9.3640,-5.9376
151.097,3.9961,9.3640,-5.9402
151.105,3.9961,9.3640,-5.9402
151.114,3.9961,9.3640,-5.9402
151.122,3.9961,9.3640,-5.9429
151.131,3.9961,9.3640,-5.9429
151.139,3.9961,9.3640,-5.9456
151.150,3.9961,9.3640,-5.9456
151.158,3.9961,9.3640,-5.9482
151.169,3.9961,9.3640,-5.9482
151.179,3.9961,9.3640,-5.9509
151.188,3.9961,9.3640,-5.9509
151.195,3.9961,9.3640,-5.9509
151.202,3.9961,9.3640,-5.9535
151.213,3.9961,9.3640,-5.9535
151.221,3.9961,9.3640,-5.9562
151.230,3.9961,9.3640,-5.9562
151.239,3.9961,9.3640,-5.9588
151.249,3.9961,9.3640,-5.9588
151.256,3.9961,9.3640,-5.9588
151.264,3.9961,9.3640,-5.9615
151.274,3.9961,9.3640,-5.9615
151.282,3.9961,9.3640,-5.9641
151.291,3.9961,9.3640,-5.9641
151.300,3.9961,9.3640,-5.9668
151.309,3.9961,9.3640,-5.9668
151.317,3.9961,9.3640,-5.9694
151.327,3.9961,9.3640,-5.9694
151.335,3.9961,9.3640,-5.9694
151.343,3.9961,9.3640,-5.9721
151.353,3.9961,9.3640,-5.9721
151.361,3.9961,9.3640,-5.9747
151.370,3.9961,9.3640,-5.9747
151.379,3.9961,9.3640,-5.9773
151.388,3.9961,9.3640,-5.9773
151.397,3.9961,9.3640,-5.9799
151.406,3.9961,9.3640,-5.9799
151.414,3.9961,9.3640,-5.9799
151.421,3.9961,9.3640,-5.9825
151.431,3.9961,9.3640,-5.9825
151.437,3.9961,9.3640,-5.9849
151.447,3.9961,9.3640,-5.9849
151.454,3.9961,9.3640,-5.9849
151.463,3.9961,9.3640,-5.9872
151.471,3.9961,9.3640,-5.9872
151.479,3.9961,9.3640,-5.9893
151.489,3.9961,9.3640,-5.9893
151.496,3.9961,9.3640,-5.9893
151.504,3.9961,9.3640,-5.9901
151.514,3.9961,9.3640,-5.9901
151.522,3.9961,9.3640,-5.9907
151.531,3.9961,9.3640,-5.9907
151.540,3.9961,9.3640,-5.9913
151.550,3.9961,9.3640,-5.9913
151.558,3.9961,9.3640,-5.9919
151.567,3.9961,9.3640,-5.9919
151.575,3.9961,9.3640,-5.9919
151.583,3.9961,9.3640,-5.9923
151.593,3.9961,9.3640,-5.9923
151.601,3.9961,9.3640,-5.9927
151.611,3.9961,9.3640,-5.9927
151.619,3.9961,9.3640,-5.9930
151.629,3.9961,9.3640,-5.9930
151.637,3.9961,9.3640,-5.9930
151.647,3.9961,9.3640,-5.9930
151.655,3.9961,9.3640,-5.9930
151.664,3.9961,9.3640,-5.9930
151.673,3.9961,9.3640,-5.9930
151.680,3.9961,9.3640,-5.9930
151.690,3.9961,9.3640,-5.9930
151.698,3.9961,9.3640,-5.9930
151.707,3.9961,9.3640,-5.9930
151.715,3.9961,9.3640,-5.9930
151.722,3.9961,9.3640,-5.9930
151.731,3.9961,9.3640,-5.9930
151.738,3.9961,9.3640,-5.9930
151.747,3.9961,9.3640,-5.9930
151.755,3.9961,9.3640,-5.9930
151.762,3.9961,9.3640,-5.9930
151.771,3.9961,9.3640,-5.9930
151.779,3.9961,9.3640,-5.9930
151.788,3.9961,9.3640,-5.9930
151.795,3.9961,9.3640,-5.9930
151.803,3.9961,9.3640,-5.9930
151.813,3.9961,9.3640,-5.9930
151.820,3.9961,9.3640,-5.9930
151.830,3.9961,9.3640,-5.9930
151.837,3.9961,9.3640,-5.9930
151.848,3.9961,9.3640,-5.9930
151.854,3.9961,9.3640,-5.9930
151.863,3.9961,9.3640,-5.9930
151.871,3.9961,9.3640,-5.9930
151.880,3.9961,9.3640,-5.9930
151.888,3.9961,9.3640,-5.9930
151.896,3.9961,9.3640,-5.9930
151.903,3.9961,9.3640,-5.9930
151.913,3.9961,9.3640,-5.9930
151.920,3.9961,9.3640,-5.9930
151.929,3.9961,9.3640,-5.9930
151.937,3.9961,9.3640,-5.9930
151.948,3.9961,9.3640,-5.9930
151.957,3.9961,9.3640,-5.9930
151.966,3.9961,9.3640,-5.9930
151.974,3.9961,9.3640,-5.9930
151.981,3.9961,9.3640,-5.9930
151.989,3.9961,9.3640,-5.9930
151.997,3.9961,9.3640,-5.9930
152.005,3.9961,9.3640,-5.9930
152.013,3.9961,9.3640,-5.9930
152.020,3.9961,9.3640,-5.9930
152.028,3.9961,9.3640,-5.9930
152.035,3.9961,9.3640,-5.9930
152.041,3.9961,9.3640,-5.9930
152.050,3.9961,9.3640,-5.9930
152.057,3.9961,9.3640,-5.9932
152.065,3.9961,9.3640,-5.9932
152.071,3.9961,9.3640,-5.9932
152.079,3.9961,9.3640,-5.9936
152.089,3.9961,9.3640,-5.9936
152.095,3.9961,9.3640,-5.9936
152.103,3.9961,9.3640,-5.9939
152.111,3.9961,9.3640,-5.9939
152.119,3.9961,9.3640,-5.9943
152.126,3.9961,9.3640,-5.9943
152.133,3.9961,9.3640,-5.9943
152.139,3.9961,9.3640,-5.9946
152.148,3.9961,9.3640,-5.9946
152.155,3.9961,9.3640,-5.9946
152.163,3.9961,9.3640,-5.9950
152.171,3.9961,9.3640,-5.9950
152.181,3.9961,9.3640,-5.9954
152.189,3.9961,9.3640,-5.9954
152.198,3.9961,9.3640,-5.9958
152.207,3.9961,9.3640,-5.9958
152.216,3.9961,9.3640,-5.9958
152.223,3.9961,9.3640,-5.9962
152.232,3.9961,9.3640,-5.9962
152.241,3.9961,9.3640,-5.9966
152.249,3.9961,9.3640,-5.9966
152.257,3.9961,9.3640,-5.9966
152.265,3.9961,9.3640,-5.9971
152.275,3.9961,9.3640,-5.9971
152.281,3.9961,9.3640,-5.9975
152.291,3.9961,9.3640,-5.9975
152.299,3.9961,9.3640,-5.9980
152.308,3.9961,9.3640,-5.9980
152.315,3.9961,9.3640,-5.9980
152.325,3.9961,9.3640,-5.9985
152.334,3.9961,9.3640,-5.9985
152.343,3.9961,9.3640,-5.9990
152.351,3.9961,9.3640,-5.9990
152.359,3.9961,9.3640,-5.9995
152.369,3.9961,9.3640,-5.9995
152.376,3.9961,9.3640,-5.9995
152.386,3.9961,9.3640,-6.0000
152.395,3.9961,9.3640,-6.0000
152.403,3.9961,9.3640,-6.0005
152.414,3.9961,9.3640,-6.0005
152.423,3.9961,9.3640,-6.0010
152.432,3.9961,9.3640,-6.0010
152.439,3.9961,9.3640,-6.0015
152.451,3.9961,9.3640,-6.0015
152.458,3.9961,9.3640,-6.0019
152.467,3.9961,9.3640,-6.0019
152.474,3.9961,9.3640,-6.0019
152.483,3.9961,9.3640,-6.0022
152.492,3.9961,9.3640,-6.0022
152.500,3.9961,9.3640,-6.0025
152.508,3.9961,9.3640,-6.0025
152.515,3.9961,9.3640,-6.0025
152.523,3.9961,9.3640,-6.0025
152.532,3.9961,9.3640,-6.0025
152.540,3.9961,9.3640,-6.0025
152.548,3.9961,9.3640,-6.0025
152.555,3.9961,9.3640,-6.0025
152.563,3.9961,9.3640,-6.0025
152.569,3.9961,9.3640,-6.0025
152.579,3.9961,9.3640,-6.0025
152.585,3.9961,9.3640,-6.0025
152.593,3.9961,9.3640,-6.0025
152.600,3.9961,9.3640,-6.0025
152.609,3.9961,9.3640,-6.0025
152.617,3.9961,9.3640,-6.0025
152.626,3.9961,9.3640,-6.0025
152.633,3.9961,9.3640,-6.0025
152.650,3.9961,9.3640,-6.0025
152.660,3.9961,9.3640,-6.0025
152.668,3.9961,9.3640,-6.0025
152.676,3.9961,9.3640,-6.0025
152.684,3.9961,9.3640,-6.0025
152.693,3.9961,9.3640,-6.0025
152.700,3.9961,9.3640,-6.0025
152.709,3.9961,9.3640,-6.0025
152.718,3.9961,9.3640,-6.0025
152.728,3.9961,9.3640,-6.0025
152.734,3.9961,9.3640,-6.0025
152.742,3.9961,9.3640,-6.0025
152.751,3.9961,9.3640,-6.0025
152.760,3.9961,9.3640,-6.0025
152.767,3.9961,9.3640,-6.0025
152.775,3.9961,9.3640,-6.0025
152.783,3.9961,9.3640,-6.0025
152.792,3.9961,9.3640,-6.0025
152.800,3.9961,9.3640,-6.0025
152.809,3.9961,9.3640,-6.0025
152.817,3.9961,9.3640,-6.0025
152.826,3.9961,9.3640,-6.0025
152.834,3.9961,9.3640,-6.0025
152.843,3.9961,9.3640,-6.0025
152.851,3.9961,9.3640,-6.0025
152.859,3.9961,9.3640,-6.0025
152.867,3.9961,9.3640,-6.0025
152.875,3.9961,9.3640,-6.0025
152.884,3.9961,9.3640,-6.0025
152.891,3.9961,9.3640,-6.0025
152.899,3.9961,9.3640,-6.0025
152.907,3.9961,9.3640,-6.0025
152.915,3.9961,9.3640,-6.0025
152.922,3.9961,9.3640,-6.0025
152.933,3.9961,9.3640,-6.0025
152.940,3.9961,9.3640,-6.0025
152.949,3.9961,9.3640,-6.0025
152.955,3.9961,9.3640,-6.0025
152.965,3.9961,9.3640,-6.0025
152.974,3.9961,9.3640,-6.0025
152.982,3.9961,9.3639,-6.0025
152.991,3.9961,9.3639,-6.0025
152.999,3.9961,9.3639,-6.0025
153.008,3.9961,9.3639,-6.0025
153.016,3.9961,9.3639,-6.0025
153.026,3.9961,9.3638,-6.0025
153.034,3.9961,9.3638,-6.0025
153.042,3.9961,9.3637,-6.0025
153.052,3.9961,9.3637,-6.0025
153.061,3.9961,9.3635,-6.0025
153.069,3.9961,9.3635,-6.0025
153.078,3.9961,9.3632,-6.0025
153.087,3.9961,9.3632,-6.0025
153.095,3.9961,9.3632,-6.0025
153.103,3.9961,9.3629,-6.0025
153.113,3.9961,9.3629,-6.0025
153.121,3.9961,9.3626,-6.0025
153.131,3.9961,9.3626,-6.0025
153.139,3.9961,9.3623,-6.0025
153.150,3.9961,9.3623,-6.0025
153.157,3.9961,9.3620,-6.0025
153.167,3.9961,9.3620,-6.0025
153.175,3.9961,9.3620,-6.0025
153.184,3.9961,9.3617,-6.0025
153.194,3.9961,9.3617,-6.0025
153.201,3.9961,9.3613,-6.0025
153.213,3.9961,9.3613,-6.0025
153.220,3.9961,9.3610,-6.0025
153.231,3.9961,9.3610,-6.0025
153.239,3.9961,9.3602,-6.0025
153.250,3.9961,9.3602,-6.0025
153.258,3.9961,9.3595,-6.0025
153.267,3.9961,9.3595,-6.0025
153.276,3.9961,9.3595,-6.0025
153.283,3.9961,9.3587,-6.0025
153.293,3.9961,9.3587,-6.0025
153.300,3.9961,9.3579,-6.0025
153.309,3.9961,9.3579,-6.0025
153.317,3.9961,9.3579,-6.0025
153.325,3.9961,9.3570,-6.0025
153.334,3.9961,9.3570,-6.0025
153.342,3.9961,9.3561,-6.0025
153.350,3.9961,9.3561,-6.0025
153.358,3.9961,9.3552,-6.0025
153.366,3.9961,9.3552,-6.0025
153.373,3.9961,9.3552,-6.0025
153.380,3.9961,9.3543,-6.0025
153.389,3.9961,9.3543,-6.0025
153.397,3.9961,9.3543,-6.0025
153.404,3.9961,9.3533,-6.0025
153.415,3.9961,9.3533,-6.0025
153.422,3.9961,9.3523,-6.0025
153.431,3.9961,9.3523,-6.0025
153.438,3.9961,9.3502,-6.0025
153.450,3.9961,9.3502,-6.0025
153.457,3.9961,9.3481,-6.0025
153.467,3.9961,9.3481,-6.0025
153.475,3.9961,9.3481,-6.0025
153.484,3.9961,9.3459,-6.0025
153.493,3.9961,9.3459,-6.0025
153.500,3.9961,9.3436,-6.0025
153.511,3.9961,9.3436,-6.0025
153.518,3.9961,9.3413,-6.0025
153.528,3.9961,9.3413,-6.0025
153.536,3.9961,9.3413,-6.0025
153.545,3.9961,9.3390,-6.0025
153.553,3.9961,9.3390,-6.0025
153.561,3.9961,9.3366,-6.0025
153.570,3.9961,9.3366,-6.0025
153.578,3.9961,9.3343,-6.0025
153.588,3.9961,9.3343,-6.0025
153.597,3.9961,9.3343,-6.0025
153.604,3.9961,9.3319,-6.0025
153.616,3.9961,9.3319,-6.0025
153.625,3.9961,9.3295,-6.0025
153.635,3.9961,9.3295,-6.0025
153.642,3.9961,9.3270,-6.0025
153.652,3.9961,9.3270,-6.0025
153.661,3.9961,9.3246,-6.0025
153.670,3.9961,9.3246,-6.0025
153.678,3.9961,9.3221,-6.0025
153.688,3.9961,9.3221,-6.0025
153.696,3.9961,9.3221,-6.0025
153.704,3.9961,9.3196,-6.0025
153.714,3.9961,9.3196,-6.0025
153.723,3.9961,9.3171,-6.0025
153.733,3.9961,9.3171,-6.0025
153.740,3.9961,9.3145,-6.0025
153.750,3.9961,9.3145,-6.0025
153.757,3.9961,9.3145,-6.0025
153.766,3.9961,9.3119,-6.0025
153.775,3.9961,9.3119,-6.0025
153.783,3.9961,9.3094,-6.0025
153.791,3.9961,9.3094,-6.0025
153.799,3.9961,9.3068,-6.0025
153.809,3.9961,9.3068,-6.0025
153.816,3.9961,9.3068,-6.0025
153.824,3.9961,9.3042,-6.0025
153.833,3.9961,9.3042,-6.0025
153.841,3.9961,9.3016,-6.0025
153.850,3.9961,9.3016,-6.0025
153.857,3.9961,9.2990,-6.0025
153.867,3.9961,9.2990,-6.0025
153.875,3.9961,9.2990,-6.0025
153.882,3.9961,9.2964,-6.0025
153.891,3.9961,9.2964,-6.0025
153.899,3.9961,9.2938,-6.0025
153.908,3.9961,9.2938,-6.0025
153.915,3.9961,9.2938,-6.0025
153.923,3.9961,9.2911,-6.0025
153.933,3.9961,9.2911,-6.0025
153.941,3.9961,9.2885,-6.0025
153.951,3.9961,9.2885,-6.0025
153.959,3.9961,9.2858,-6.0025
153.968,3.9961,9.2858,-6.0025
153.976,3.9961,9.2858,-6.0025
153.984,3.9961,9.2831,-6.0025
153.994,3.9961,9.2831,-6.0025
154.002,3.9961,9.2805,-6.0025
154.011,3.9961,9.2805,-6.0025
154.019,3.9961,9.2778,-6.0025
154.028,3.9961,9.2778,-6.0025
154.035,3.9961,9.2778,-6.0025
154.042,3.9961,9.2751,-6.0025
154.052,3.9961,9.2751,-6.0025
154.060,3.9961,9.2725,-6.0025
154.068,3.9961,9.2725,-6.0025
154.076,3.9961,9.2725,-6.0025
154.085,3.9961,9.2698,-6.0025
154.094,3.9961,9.2698,-6.0025
154.101,3.9961,9.2671,-6.0025
154.112,3.9961,9.2671,-6.0025
154.119,3.9961,9.2645,-6.0025
154.128,3.9961,9.2645,-6.0025
154.134,3.9961,9.2645,-6.0025
154.143,3.9961,9.2618,-6.0025
154.152,3.9961,9.2618,-6.0025
154.159,3.9961,9.2591,-6.0025
154.168,3.9961,9.2591,-6.0025
154.178,3.9961,9.2565,-6.0025
154.186,3.9961,9.2565,-6.0025
154.193,3.9961,9.2565,-6.0025
154.201,3.9961,9.2538,-6.0025
154.211,3.9961,9.2538,-6.0025
154.219,3.9961,9.2511,-6.0025
154.229,3.9961,9.2511,-6.0025
154.236,3.9961,9.2511,-6.0025
154.245,3.9961,9.2485,-6.0025
154.253,3.9961,9.2485,-6.0025
154.261,3.9961,9.2458,-6.0025
154.269,3.9961,9.2458,-6.0025
154.277,3.9961,9.2458,-6.0025
154.285,3.9961,9.2431,-6.0025
154.295,3.9961,9.2431,-6.0025
154.302,3.9961,9.2405,-6.0025
154.312,3.9961,9.2405,-6.0025
154.321,3.9961,9.2378,-6.0025
154.331,3.9961,9.2378,-6.0025
154.339,3.9961,9.2351,-6.0025
154.350,3.9961,9.2351,-6.0025
154.358,3.9961,9.2325,-6.0025
154.368,3.9961,9.2325,-6.0025
154.376,3.9961,9.2325,-6.0025
154.385,3.9961,9.2298,-6.0025
154.394,3.9961,9.2298,-6.0025
154.402,3.9961,9.2271,-6.0025
154.412,3.9961,9.2271,-6.0025
154.420,3.9961,9.2245,-6.0025
154.430,3.9961,9.2245,-6.0025
154.437,3.9961,9.2218,-6.0025
154.448,3.9961,9.2218,-6.0025
154.456,3.9961,9.2218,-6.0025
154.463,3.9961,9.2191,-6.0025
154.475,3.9961,9.2191,-6.0025
154.483,3.9961,9.2165,-6.0025
154.494,3.9961,9.2165,-6.0025
154.502,3.9961,9.2138,-6.0025
154.513,3.9961,9.2138,-6.0025
154.520,3.9961,9.2111,-6.0025
154.530,3.9961,9.2111,-6.0025
154.537,3.9961,9.2085,-6.0025
154.546,3.9961,9.2085,-6.0025
154.553,3.9961,9.2085,-6.0025
154.562,3.9961,9.2058,-6.0025
154.569,3.9961,9.2058,-6.0025
154.579,3.9961,9.2031,-6.0025
154.586,3.9961,9.2031,-6.0025
154.594,3.9961,9.2031,-6.0025
154.601,3.9961,9.2005,-6.0025
154.610,3.9961,9.2005,-6.0025
154.617,3.9961,9.2005,-6.0025
154.625,3.9961,9.1978,-6.0025
154.633,3.9961,9.1978,-6.0025
154.640,3.9961,9.1951,-6.0025
154.649,3.9961,9.1951,-6.0025
154.658,3.9961,9.1925,-6.0025
154.666,3.9961,9.1925,-6.0025
154.675,3.9961,9.1925,-6.0025
154.681,3.9961,9.1898,-6.0025
154.691,3.9961,9.1898,-6.0025
154.698,3.9961,9.1871,-6.0025
154.708,3.9961,9.1871,-6.0025
154.717,3.9961,9.1871,-6.0025
154.725,3.9961,9.1845,-6.0025
154.735,3.9961,9.1845,-6.0025
154.743,3.9961,9.1818,-6.0025
154.755,3.9961,9.1818,-6.0025
154.764,3.9961,9.1791,-6.0025
154.773,3.9961,9.1791,-6.0025
154.781,3.9961,9.1765,-6.0025
154.792,3.9961,9.1765,-6.0025
154.799,3.9961,9.1738,-6.0025
154.810,3.9961,9.1738,-6.0025
154.818,3.9961,9.1711,-6.0025
154.828,3.9961,9.1711,-6.0025
154.836,3.9961,9.1711,-6.0025
154.845,3.9961,9.1685,-6.0025
154.854,3.9961,9.1685,-6.0025
154.864,3.9961,9.1658,-6.0025
154.874,3.9961,9.1658,-6.0025
154.882,3.9961,9.1631,-6.0025
154.901,3.9961,9.1605,-6.0025
154.912,3.9961,9.1605,-6.0025
154.920,3.9961,9.1578,-6.0025
154.930,3.9961,9.1578,-6.0025
154.938,3.9961,9.1551,-6.0025
154.949,3.9961,9.1551,-6.0025
154.958,3.9961,9.1525,-6.0025
154.967,3.9961,9.1525,-6.0025
154.974,3.9961,9.1525,-6.0025
154.983,3.9961,9.1498,-6.0025
154.992,3.9961,9.1498,-6.0025
154.999,3.9961,9.1471,-6.0025
155.008,3.9961,9.1471,-6.0025
155.017,3.9961,9.1445,-6.0025
155.027,3.9961,9.1445,-6.0025
155.034,3.9961,9.1445,-6.0025
155.041,3.9961,9.1418,-6.0025
155.051,3.9961,9.1418,-6.0025
155.058,3.9961,9.1391,-6.0025
155.066,3.9961,9.1391,-6.0025
155.073,3.9961,9.1391,-6.0025
155.082,3.9961,9.1365,-6.0025
155.089,3.9961,9.1365,-6.0025
155.097,3.9961,9.1338,-6.0025
155.106,3.9961,9.1338,-6.0025
155.114,3.9961,9.1338,-6.0025
155.121,3.9961,9.1311,-6.0025
155.130,3.9961,9.1311,-6.0025
155.137,3.9961,9.1285,-6.0025
155.147,3.9961,9.1285,-6.0025
155.153,3.9961,9.1285,-6.0025
155.161,3.9961,9.1258,-6.0025
155.170,3.9961,9.1258,-6.0025
155.179,3.9961,9.1231,-6.0025
155.187,3.9961,9.1231,-6.0025
155.196,3.9961,9.1231,-6.0025
155.203,3.9961,9.1205,-6.0025
155.215,3.9961,9.1205,-6.0025
155.223,3.9961,9.1178,-6.0025
155.231,3.9961,9.1178,-6.0025
155.239,3.9961,9.1151,-6.0025
155.248,3.9961,9.1151,-6.0025
155.256,3.9961,9.1151,-6.0025
155.263,3.9961,9.1125,-6.0025
155.271,3.9961,9.1125,-6.0025
155.279,3.9961,9.1098,-6.0025
155.287,3.9961,9.1098,-6.0025
155.295,3.9961,9.1098,-6.0025
155.301,3.9961,9.1071,-6.0025
155.310,3.9961,9.1071,-6.0025
155.318,3.9961,9.1045,-6.0025
155.327,3.9961,9.1045,-6.0025
155.334,3.9961,9.1045,-6.0025
155.341,3.9961,9.1018,-6.0025
155.351,3.9961,9.1018,-6.0025
155.358,3.9961,9.0991,-6.0025
155.367,3.9961,9.0991,-6.0025
155.373,3.9961,9.0991,-6.0025
155.383,3.9961,9.0965,-6.0025
155.390,3.9961,9.0965,-6.0025
155.399,3.9961,9.0938,-6.0025
155.407,3.9961,9.0938,-6.0025
155.415,3.9961,9.0938,-6.0025
155.422,3.9961,9.0911,-6.0025
155.431,3.9961,9.0911,-6.0025
155.439,3.9961,9.0885,-6.0025
155.448,3.9961,9.0885,-6.0025
155.455,3.9961,9.0885,-6.0025
155.463,3.9961,9.0858,-6.0025
155.473,3.9961,9.0858,-6.0025
155.481,3.9961,9.0831,-6.0025
155.490,3.9961,9.0831,-6.0025
155.497,3.9961,9.0805,-6.0025
155.507,3.9961,9.0805,-6.0025
155.514,3.9961,9.0805,-6.0025
155.522,3.9961,9.0778,-6.0025
155.531,3.9961,9.0778,-6.0025
155.539,3.9961,9.0751,-6.0025
155.548,3.9961,9.0751,-6.0025
155.557,3.9961,9.0751,-6.0025
155.565,3.9961,9.0725,-6.0025
155.574,3.9961,9.0725,-6.0025
155.582,3.9961,9.0698,-6.0025
155.593,3.9961,9.0698,-6.0025
155.601,3.9961,9.0671,-6.0025
155.610,3.9961,9.0671,-6.0025
155.619,3.9961,9.0645,-6.0025
155.628,3.9961,9.0645,-6.0025
155.636,3.9961,9.0645,-6.0025
155.646,3.9961,9.0618,-6.0025
155.655,3.9961,9.0618,-6.0025
155.662,3.9961,9.0591,-6.0025
155.670,3.9961,9.0591,-6.0025
155.680,3.9961,9.0565,-6.0025
155.689,3.9961,9.0565,-6.0025
155.697,3.9961,9.0565,-6.0025
155.704,3.9961,9.0538,-6.0025
155.715,3.9961,9.0538,-6.0025
155.722,3.9961,9.0511,-6.0025
155.733,3.9961,9.0511,-6.0025
155.743,3.9961,9.0485,-6.0025
155.752,3.9961,9.0485,-6.0025
155.760,3.9961,9.0458,-6.0025
155.770,3.9961,9.0458,-6.0025
155.779,3.9961,9.0431,-6.0025
155.788,3.9961,9.0431,-6.0025
155.796,3.9961,9.0431,-6.0025
155.805,3.9961,9.0405,-6.0025
155.814,3.9961,9.0405,-6.0025
155.822,3.9961,9.0378,-6.0025
155.830,3.9961,9.0378,-6.0025
155.838,3.9961,9.0351,-6.0025
155.847,3.9961,9.0351,-6.0025
155.854,3.9961,9.0351,-6.0025
155.861,3.9961,9.0325,-6.0025
155.871,3.9961,9.0325,-6.0025
155.879,3.9961,9.0298,-6.0025
155.888,3.9961,9.0298,-6.0025
155.896,3.9961,9.0298,-6.0025
155.902,3.9961,9.0271,-6.0025
155.912,3.9961,9.0271,-6.0025
155.919,3.9961,9.0245,-6.0025
155.928,3.9961,9.0245,-6.0025
155.935,3.9961,9.0245,-6.0025
155.942,3.9961,9.0218,-6.0025
155.951,3.9961,9.0218,-6.0025
155.959,3.9961,9.0191,-6.0025
155.968,3.9961,9.0191,-6.0025
155.976,3.9961,9.0191,-6.0025
155.984,3.9961,9.0165,-6.0025
155.994,3.9961,9.0165,-6.0025
156.001,3.9961,9.0138,-6.0025
156.012,3.9961,9.0138,-6.0025
156.019,3.9961,9.0111,-6.0025
156.028,3.9961,9.0111,-6.0025
156.036,3.9961,9.0111,-6.0025
156.045,3.9961,9.0085,-6.0025
156.054,3.9961,9.0085,-6.0025
156.061,3.9961,9.0058,-6.0025
156.070,3.9961,9.0058,-6.0025
156.079,3.9961,9.0031,-6.0025
156.088,3.9961,9.0031,-6.0025
156.096,3.9961,9.0031,-6.0025
156.104,3.9961,9.0005,-6.0025
156.115,3.9961,9.0005,-6.0025
156.122,3.9961,8.9978,-6.0025
156.132,3.9961,8.9978,-6.0025
156.140,3.9961,8.9951,-6.0025
156.149,3.9961,8.9951,-6.0025
156.157,3.9961,8.9925,-6.0025
156.167,3.9961,8.9925,-6.0025
156.175,3.9961,8.9925,-6.0025
156.183,3.9961,8.9898,-6.0025
156.194,3.9961,8.9898,-6.0025
156.201,3.9961,8.9871,-6.0025
156.211,3.9961,8.9871,-6.0025
156.220,3.9961,8.9845,-6.0025
156.231,3.9961,8.9845,-6.0025
156.239,3.9961,8.9818,-6.0025
156.248,3.9961,8.9818,-6.0025
156.257,3.9961,8.9791,-6.0025
156.266,3.9961,8.9791,-6.0025
156.274,3.9961,8.9791,-6.0025
156.281,3.9961,8.9765,-6.0025
156.291,3.9961,8.9765,-6.0025
156.298,3.9961,8.9738,-6.0025
156.307,3.9961,8.9738,-6.0025
156.315,3.9961,8.9738,-6.0025
156.323,3.9961,8.9711,-6.0025
156.331,3.9961,8.9711,-6.0025
156.338,3.9961,8.9685,-6.0025
156.347,3.9961,8.9685,-6.0025
156.355,3.9961,8.9685,-6.0025
156.363,3.9961,8.9658,-6.0025
156.371,3.9961,8.9658,-6.0025
156.380,3.9961,8.9631,-6.0025
156.387,3.9961,8.9631,-6.0025
156.395,3.9961,8.9631,-6.0025
156.403,3.9961,8.9605,-6.0025
156.414,3.9961,8.9605,-6.0025
156.420,3.9961,8.9578,-6.0025
156.431,3.9961,8.9578,-6.0025
156.439,3.9961,8.9551,-6.0025
156.448,3.9961,8.9551,-6.0025
156.455,3.9961,8.9551,-6.0025
156.464,3.9961,8.9525,-6.0025
156.473,3.9961,8.9525,-6.0025
156.481,3.9961,8.9498,-6.0025
156.491,3.9961,8.9498,-6.0025
156.499,3.9961,8.9471,-6.0025
156.508,3.9961,8.9471,-6.0025
156.515,3.9961,8.9471,-6.0025
156.523,3.9961,8.9445,-6.0025
156.532,3.9961,8.9445,-6.0025
156.540,3.9961,8.9418,-6.0025
156.550,3.9961,8.9418,-6.0025
156.558,3.9961,8.9391,-6.0025
156.567,3.9961,8.9391,-6.0025
156.575,3.9961,8.9391,-6.0025
156.584,3.9961,8.9365,-6.0025
156.592,3.9961,8.9365,-6.0025
156.599,3.9961,8.9338,-6.0025
156.608,3.9961,8.9338,-6.0025
156.616,3.9961,8.9338,-6.0025
156.625,3.9961,8.9311,-6.0025
156.634,3.9961,8.9311,-6.0025
156.642,3.9961,8.9285,-6.0025
156.652,3.9961,8.9285,-6.0025
156.659,3.9961,8.9258,-6.0025
156.668,3.9961,8.9258,-6.0025
156.675,3.9961,8.9258,-6.0025
156.683,3.9961,8.9231,-6.0025
156.693,3.9961,8.9231,-6.0025
156.700,3.9961,8.9205,-6.0025
156.708,3.9961,8.9205,-6.0025
156.717,3.9961,8.9205,-6.0025
156.723,3.9961,8.9178,-6.0025
156.734,3.9961,8.9178,-6.0025
156.743,3.9961,8.9151,-6.0025
156.751,3.9961,8.9151,-6.0025
156.759,3.9961,8.9125,-6.0025
156.768,3.9961,8.9125,-6.0025
156.776,3.9961,8.9125,-6.0025
156.783,3.9961,8.9098,-6.0025
156.793,3.9961,8.9098,-6.0025
156.801,3.9961,8.9071,-6.0025
156.811,3.9961,8.9071,-6.0025
156.819,3.9961,8.9045,-6.0025
156.829,3.9961,8.9045,-6.0025
156.837,3.9961,8.9018,-6.0025
156.848,3.9961,8.9018,-6.0025
156.856,3.9961,8.9018,-6.0025
156.865,3.9961,8.8991,-6.0025
156.874,3.9961,8.8991,-6.0025
156.882,3.9961,8.8965,-6.0025
156.892,3.9961,8.8965,-6.0025
156.900,3.9961,8.8938,-6.0025
156.909,3.9961,8.8938,-6.0025
156.918,3.9961,8.8911,-6.0025
156.928,3.9961,8.8911,-6.0025
156.935,3.9961,8.8911,-6.0025
156.946,3.9961,8.8885,-6.0025
156.955,3.9961,8.8885,-6.0025
156.963,3.9961,8.8858,-6.0025
156.972,3.9961,8.8858,-6.0025
156.981,3.9961,8.8831,-6.0025
156.990,3.9961,8.8831,-6.0025
156.998,3.9961,8.8805,-6.0025
157.008,3.9961,8.8805,-6.0025
157.015,3.9961,8.8805,-6.0025
157.024,3.9961,8.8778,-6.0025
157.034,3.9961,8.8778,-6.0025
157.044,3.9961,8.8751,-6.0025
157.053,3.9961,8.8751,-6.0025
157.061,3.9961,8.8725,-6.0025
157.072,3.9961,8.8725,-6.0025
157.079,3.9961,8.8698,-6.0025
157.088,3.9961,8.8698,-6.0025
157.095,3.9961,8.8698,-6.0025
157.102,3.9961,8.8671,-6.0025
157.110,3.9961,8.8671,-6.0025
157.117,3.9961,8.8645,-6.0025
157.136,3.9961,8.8645,-6.0025
157.145,3.9961,8.8618,-6.0025
157.154,3.9961,8.8618,-6.0025
157.162,3.9961,8.8591,-6.0025
157.171,3.9961,8.8591,-6.0025
157.180,3.9961,8.8565,-6.0025
157.190,3.9961,8.8565,-6.0025
157.198,3.9961,8.8538,-6.0025
157.207,3.9961,8.8538,-6.0025
157.215,3.9961,8.8538,-6.0025
157.223,3.9961,8.8511,-6.0025
157.233,3.9961,8.8511,-6.0025
157.241,3.9961,8.8485,-6.0025
157.251,3.9961,8.8485,-6.0025
157.260,3.9961,8.8458,-6.0025
157.269,3.9961,8.8458,-6.0025
157.281,3.9961,8.8431,-6.0025
157.290,3.9961,8.8431,-6.0025
157.297,3.9961,8.8405,-6.0025
157.307,3.9961,8.8405,-6.0025
157.316,3.9961,8.8405,-6.0025
157.326,3.9961,8.8378,-6.0025
157.335,3.9961,8.8378,-6.0025
157.344,3.9961,8.8351,-6.0025
157.354,3.9961,8.8351,-6.0025
157.362,3.9961,8.8325,-6.0025
157.370,3.9961,8.8325,-6.0025
157.380,3.9961,8.8298,-6.0025
157.387,3.9961,8.8298,-6.0025
157.396,3.9961,8.8298,-6.0025
157.404,3.9961,8.8271,-6.0025
157.414,3.9961,8.8271,-6.0025
157.421,3.9961,8.8245,-6.0025
157.431,3.9961,8.8245,-6.0025
157.438,3.9961,8.8218,-6.0025
157.448,3.9961,8.8218,-6.0025
157.456,3.9961,8.8218,-6.0025
157.465,3.9961,8.8191,-6.0025
157.475,3.9961,8.8191,-6.0025
157.483,3.9961,8.8165,-6.0025
157.494,3.9961,8.8165,-6.0025
157.501,3.9961,8.8138,-6.0025
157.510,3.9961,8.8138,-6.0025
157.517,3.9961,8.8111,-6.0025
157.527,3.9961,8.8111,-6.0025
157.534,3.9961,8.8111,-6.0025
157.543,3.9961,8.8085,-6.0025
157.552,3.9961,8.8085,-6.0025
157.559,3.9961,8.8058,-6.0025
157.568,3.9961,8.8058,-6.0025
157.576,3.9961,8.8058,-6.0025
157.585,3.9961,8.8031,-6.0025
157.594,3.9961,8.8031,-6.0025
157.601,3.9961,8.8005,-6.0025
157.611,3.9961,8.8005,-6.0025
157.618,3.9961,8.7978,-6.0025
157.627,3.9961,8.7978,-6.0025
157.633,3.9961,8.7978,-6.0025
157.640,3.9961,8.7951,-6.0025
157.650,3.9961,8.7951,-6.0025
157.658,3.9961,8.7925,-6.0025
157.667,3.9961,8.7925,-6.0025
157.675,3.9961,8.7925,-6.0025
157.682,3.9961,8.7898,-6.0025
157.690,3.9961,8.7898,-6.0025
157.697,3.9961,8.7871,-6.0025
157.706,3.9961,8.7871,-6.0025
157.714,3.9961,8.7871,-6.0025
157.722,3.9961,8.7845,-6.0025
157.730,3.9961,8.7845,-6.0025
157.739,3.9961,8.7818,-6.0025
157.747,3.9961,8.7818,-6.0025
157.755,3.9961,8.7818,-6.0025
157.763,3.9961,8.7791,-6.0025
157.773,3.9961,8.7791,-6.0025
157.780,3.9961,8.7765,-6.0025
157.790,3.9961,8.7765,-6.0025
157.799,3.9961,8.7738,-6.0025
157.808,3.9961,8.7738,-6.0025
157.816,3.9961,8.7738,-6.0025
157.824,3.9961,8.7711,-6.0025
157.833,3.9961,8.7711,-6.0025
157.841,3.9961,8.7685,-6.0025
157.851,3.9961,8.7685,-6.0025
157.859,3.9961,8.7658,-6.0025
157.868,3.9961,8.7658,-6.0025
157.876,3.9961,8.7658,-6.0025
157.885,3.9961,8.7631,-6.0025
157.894,3.9961,8.7631,-6.0025
157.900,3.9961,8.7605,-6.0025
157.910,3.9961,8.7605,-6.0025
157.918,3.9961,8.7578,-6.0025
157.927,3.9961,8.7578,-6.0025
157.933,3.9961,8.7578,-6.0025
157.941,3.9961,8.7551,-6.0025
157.951,3.9961,8.7551,-6.0025
157.960,3.9961,8.7525,-6.0025
157.968,3.9961,8.7525,-6.0025
157.977,3.9961,8.7525,-6.0025
157.984,3.9961,8.7498,-6.0025
157.994,3.9961,8.7498,-6.0025
158.001,3.9961,8.7471,-6.0025
158.012,3.9961,8.7471,-6.0025
158.019,3.9961,8.7445,-6.0025
158.029,3.9961,8.7445,-6.0025
158.037,3.9961,8.7418,-6.0025
158.047,3.9961,8.7418,-6.0025
158.054,3.9961,8.7418,-6.0025
158.061,3.9961,8.7391,-6.0025
158.070,3.9961,8.7391,-6.0025
158.078,3.9961,8.7365,-6.0025
158.087,3.9961,8.7365,-6.0025
158.096,3.9961,8.7365,-6.0025
158.103,3.9961,8.7338,-6.0025
158.114,3.9961,8.7338,-6.0025
158.121,3.9961,8.7311,-6.0025
158.132,3.9961,8.7311,-6.0025
158.140,3.9961,8.7285,-6.0025
158.150,3.9961,8.7285,-6.0025
158.158,3.9961,8.7258,-6.0025
158.167,3.9961,8.7258,-6.0025
158.175,3.9961,8.7258,-6.0025
158.183,3.9961,8.7231,-6.0025
158.194,3.9961,8.7231,-6.0025
158.201,3.9961,8.7205,-6.0025
158.210,3.9961,8.7205,-6.0025
158.218,3.9961,8.7178,-6.0025
158.228,3.9961,8.7178,-6.0025
158.235,3.9961,8.7178,-6.0025
158.245,3.9961,8.7151,-6.0025
158.255,3.9961,8.7151,-6.0025
158.263,3.9961,8.7125,-6.0025
158.273,3.9961,8.7125,-6.0025
158.281,3.9961,8.7098,-6.0025
158.292,3.9961,8.7098,-6.0025
158.300,3.9961,8.7071,-6.0025
158.312,3.9961,8.7071,-6.0025
158.319,3.9961,8.7045,-6.0025
158.329,3.9961,8.7045,-6.0025
158.338,3.9961,8.7018,-6.0025
158.348,3.9961,8.7018,-6.0025
158.355,3.9961,8.7018,-6.0025
158.362,3.9961,8.6991,-6.0025
158.372,3.9961,8.6991,-6.0025
158.379,3.9961,8.6965,-6.0025
158.389,3.9961,8.6965,-6.0025
158.396,3.9961,8.6965,-6.0025
158.404,3.9961,8.6938,-6.0025
158.413,3.9961,8.6938,-6.0025
158.420,3.9961,8.6911,-6.0025
158.429,3.9961,8.6911,-6.0025
158.437,3.9961,8.6911,-6.0025
158.446,3.9961,8.6885,-6.0025
158.454,3.9961,8.6885,-6.0025
158.463,3.9961,8.6858,-6.0025
158.470,3.9961,8.6858,-6.0025
158.478,3.9961,8.6831,-6.0025
158.486,3.9961,8.6831,-6.0025
158.495,3.9961,8.6831,-6.0025
158.502,3.9961,8.6805,-6.0025
158.511,3.9961,8.6805,-6.0025
158.519,3.9961,8.6778,-6.0025
158.529,3.9961,8.6778,-6.0025
158.535,3.9961,8.6778,-6.0025
158.546,3.9961,8.6751,-6.0025
158.556,3.9961,8.6751,-6.0025
158.563,3.9961,8.6725,-6.0025
158.573,3.9961,8.6725,-6.0025
158.582,3.9961,8.6698,-6.0025
158.593,3.9961,8.6698,-6.0025
158.601,3.9961,8.6671,-6.0025
158.612,3.9961,8.6671,-6.0025
158.620,3.9961,8.6645,-6.0025
158.630,3.9961,8.6645,-6.0025
158.637,3.9961,8.6618,-6.0025
158.648,3.9961,8.6618,-6.0025
158.655,3.9961,8.6618,-6.0025
158.664,3.9961,8.6591,-6.0025
158.675,3.9961,8.6591,-6.0025
158.683,3.9961,8.6565,-6.0025
158.693,3.9961,8.6565,-6.0025
158.702,3.9961,8.6538,-6.0025
158.712,3.9961,8.6538,-6.0025
158.720,3.9961,8.6511,-6.0025
158.730,3.9961,8.6511,-6.0025
158.738,3.9961,8.6485,-6.0025
158.749,3.9961,8.6485,-6.0025
158.756,3.9961,8.6485,-6.0025
158.766,3.9961,8.6458,-6.0025
158.774,3.9961,8.6458,-6.0025
158.781,3.9961,8.6431,-6.0025
158.791,3.9961,8.6431,-6.0025
158.798,3.9961,8.6405,-6.0025
158.808,3.9961,8.6405,-6.0025
158.815,3.9961,8.6405,-6.0025
158.823,3.9961,8.6378,-6.0025
158.832,3.9961,8.6378,-6.0025
158.839,3.9961,8.6351,-6.0025
158.848,3.9961,8.6351,-6.0025
158.857,3.9961,8.6351,-6.0025
158.864,3.9961,8.6325,-6.0025
158.873,3.9961,8.6325,-6.0025
158.881,3.9961,8.6298,-6.0025
158.890,3.9961,8.6298,-6.0025
158.897,3.9961,8.6271,-6.0025
158.908,3.9961,8.6271,-6.0025
158.916,3.9961,8.6271,-6.0025
158.924,3.9961,8.6245,-6.0025
158.934,3.9961,8.6245,-6.0025
158.941,3.9961,8.6218,-6.0025
158.953,3.9961,8.6218,-6.0025
158.961,3.9961,8.6191,-6.0025
158.971,3.9961,8.6191,-6.0025
158.980,3.9961,8.6165,-6.0025
158.988,3.9961,8.6165,-6.0025
158.997,3.9961,8.6138,-6.0025
159.006,3.9961,8.6138,-6.0025
159.015,3.9961,8.6138,-6.0025
159.022,3.9961,8.6111,-6.0025
159.032,3.9961,8.6111,-6.0025
159.039,3.9961,8.6085,-6.0025
159.050,3.9961,8.6085,-6.0025
159.057,3.9961,8.6085,-6.0025
159.067,3.9961,8.6085,-6.0025
159.075,3.9961,8.6085,-6.0025
159.083,3.9961,8.6085,-6.0025
159.093,3.9961,8.6085,-6.0025
159.100,3.9961,8.6085,-6.0025
159.109,3.9961,8.6085,-6.0025
159.117,3.9961,8.6085,-6.0025
159.126,3.9961,8.6085,-6.0025
159.134,3.9961,8.6085,-6.0025
159.144,3.9961,8.6085,-6.0025
159.157,3.9961,8.6085,-6.0025
159.165,3.9961,8.6085,-6.0025
159.174,3.9961,8.6085,-6.0025
159.183,3.9961,8.6085,-6.0025
159.192,3.9961,8.6085,-6.0025
159.199,3.9961,8.6085,-6.0025
159.208,3.9961,8.6085,-6.0025
159.217,3.9961,8.6085,-6.0025
159.226,3.9961,8.6085,-6.0025
159.234,3.9961,8.6085,-6.0025
159.242,3.9961,8.6085,-6.0025
159.251,3.9961,8.6085,-6.0025
159.259,3.9961,8.6085,-6.0025
159.267,3.9961,8.6085,-6.0025
159.275,3.9961,8.6085,-6.0025
159.282,3.9961,8.6085,-6.0025
159.290,3.9961,8.6085,-6.0025
159.298,3.9961,8.6085,-6.0025
159.307,3.9961,8.6085,-6.0025
159.315,3.9961,8.6085,-6.0025
159.332,3.9961,8.6085,-6.0025
159.342,3.9961,8.6085,-6.0025
159.349,3.9961,8.6085,-6.0025
159.358,3.9961,8.6085,-6.0025
159.368,3.9961,8.6085,-6.0025
159.377,3.9961,8.6085,-6.0025
159.384,3.9961,8.6085,-6.0025
159.393,3.9961,8.6085,-6.0025
159.401,3.9961,8.6085,-6.0025
159.409,3.9961,8.6085,-6.0025
159.418,3.9961,8.6085,-6.0025
159.428,3.9961,8.6085,-6.0025
159.435,3.9961,8.6085,-6.0025
159.444,3.9961,8.6085,-6.0025
159.453,3.9961,8.6085,-6.0025
159.462,3.9961,8.6085,-6.0025
159.469,3.9961,8.6085,-6.0025
159.479,3.9961,8.6085,-6.0025
159.488,3.9961,8.6085,-6.0025
159.496,3.9961,8.6085,-6.0025
159.503,3.9961,8.6085,-6.0025
159.513,3.9961,8.6085,-6.0025
159.522,3.9961,8.6085,-6.0025
159.531,3.9961,8.6085,-6.0025
159.540,3.9961,8.6085,-6.0025
159.550,3.9961,8.6085,-6.0025
159.559,3.9961,8.6085,-6.0025
159.568,3.9961,8.6085,-6.0025
159.578,3.9961,8.6085,-6.0025
159.587,3.9961,8.6085,-6.0025
159.595,3.9961,8.6085,-6.0025
159.603,3.9961,8.6085,-6.0025
159.614,3.9961,8.6085,-6.0025
159.621,3.9961,8.6085,-6.0025
159.630,3.9961,8.6085,-6.0025
159.638,3.9961,8.6085,-6.0025
159.648,3.9961,8.6085,-6.0025
159.655,3.9961,8.6085,-6.0025
159.663,3.9961,8.6085,-6.0025
159.671,3.9961,8.6085,-6.0025
159.680,3.9961,8.6085,-6.0025
159.688,3.9961,8.6085,-6.0025
159.697,3.9961,8.6085,-6.0025
159.705,3.9961,8.6085,-6.0025
159.713,3.9961,8.6085,-6.0025
159.720,3.9961,8.6085,-6.0025
159.730,3.9961,8.6085,-6.0025
159.737,3.9961,8.6085,-6.0025
159.746,3.9961,8.6085,-6.0025
159.753,3.9961,8.6085,-6.0025
159.763,3.9961,8.6085,-6.0025
159.771,3.9961,8.6085,-6.0025
159.780,3.9961,8.6085,-6.0025
159.789,3.9961,8.6085,-6.0025
159.798,3.9961,8.6085,-6.0025
159.807,3.9961,8.6085,-6.0025
159.816,3.9961,8.6085,-6.0025
159.824,3.9961,8.6085,-6.0025
159.833,3.9961,8.6085,-6.0025
159.842,3.9961,8.6085,-6.0025
159.852,3.9961,8.6085,-6.0025
159.859,3.9961,8.6085,-6.0025
159.869,3.9961,8.6085,-6.0025
159.877,3.9961,8.6085,-6.0025
159.887,3.9961,8.6085,-6.0025
159.895,3.9961,8.6085,-6.0025
159.902,3.9961,8.6085,-6.0025
159.912,3.9961,8.6085,-6.0025
159.920,3.9961,8.6085,-6.0025
159.929,3.9961,8.6085,-6.0025
159.936,3.9961,8.6085,-6.0025
159.945,3.9961,8.6085,-6.0025
159.953,3.9961,8.6085,-6.0025
159.962,3.9961,8.6085,-6.0025
159.973,3.9961,8.6085,-6.0025
159.981,3.9961,8.6085,-6.0025
159.991,3.9961,8.6085,-6.0025
159.999,3.9961,8.6085,-6.0025
160.008,3.9961,8.6085,-6.0025
160.016,3.9961,8.6085,-6.0025
160.025,3.9961,8.6085,-6.0025
160.033,3.9961,8.6085,-6.0025
160.041,3.9961,8.6085,-6.0025
160.050,3.9961,8.6085,-6.0025
160.058,3.9961,8.6085,-6.0025
160.067,3.9961,8.6085,-6.0025
160.075,3.9961,8.6085,-6.0025
160.083,3.9961,8.6085,-6.0025
160.092,3.9961,8.6085,-6.0025
160.100,3.9961,8.6085,-6.0025
160.107,3.9961,8.6085,-6.0025
160.114,3.9961,8.6085,-6.0025
160.123,3.9961,8.6085,-6.0025
160.131,3.9961,8.6085,-6.0025
160.138,3.9961,8.6085,-6.0025
160.148,3.9961,8.6085,-6.0025
160.155,3.9961,8.6085,-6.0025
160.163,3.9961,8.6085,-6.0025
160.171,3.9961,8.6085,-6.0025
160.180,3.9961,8.6085,-6.0025
160.188,3.9961,8.6085,-6.0025
160.196,3.9961,8.6085,-6.0025
160.203,3.9961,8.6085,-6.0025
160.214,3.9961,8.6085,-6.0025
160.220,3.9961,8.6085,-6.0025
160.229,3.9961,8.6085,-6.0025
160.236,3.9961,8.6085,-6.0025
160.245,3.9961,8.6085,-6.0025
160.252,3.9961,8.6085,-6.0025
160.261,3.9961,8.6085,-6.0025
160.269,3.9961,8.6085,-6.0025
160.277,3.9961,8.6085,-6.0025
160.285,3.9961,8.6085,-6.0025
160.293,3.9961,8.6085,-6.0025
160.300,3.9961,8.6085,-6.0025
160.310,3.9961,8.6085,-6.0025
160.317,3.9961,8.6085,-6.0025
160.326,3.9961,8.6085,-6.0025
160.333,3.9961,8.6085,-6.0025
160.341,3.9961,8.6085,-6.0025
160.348,3.9961,8.6085,-6.0025
160.356,3.9961,8.6085,-6.0025
160.364,3.9961,8.6085,-6.0025
160.372,3.9961,8.6085,-6.0025
160.379,3.9961,8.6085,-6.0025
160.388,3.9961,8.6085,-6.0025
160.396,3.9961,8.6085,-6.0025
160.403,3.9961,8.6085,-6.0025
160.412,3.9961,8.6085,-6.0025
160.419,3.9961,8.6085,-6.0025
160.428,3.9961,8.6085,-6.0025
160.435,3.9961,8.6085,-6.0025
160.443,3.9961,8.6085,-6.0025
160.452,3.9961,8.6085,-6.0025
160.459,3.9961,8.6085,-6.0025
160.468,3.9961,8.6085,-6.0025
160.477,3.9961,8.6085,-6.0025
160.490,3.9961,8.6085,-6.0025
160.501,3.9961,8.6085,-6.0025
160.513,3.9961,8.6085,-6.0025
160.521,3.9961,8.6085,-6.0025
160.531,3.9961,8.6085,-6.0025
160.538,3.9961,8.6085,-6.0025
160.549,3.9961,8.6085,-6.0025
160.557,3.9961,8.6085,-6.0025
160.565,3.9961,8.6085,-6.0025
160.576,3.9961,8.6085,-6.0025
160.584,3.9961,8.6085,-6.0025
160.593,3.9961,8.6085,-6.0025
160.601,3.9961,8.6085,-6.0025
160.612,3.9961,8.6085,-6.0025
160.621,3.9961,8.6085,-6.0025
160.634,3.9961,8.6085,-6.0025
160.642,3.9961,8.6085,-6.0025
160.652,3.9961,8.6085,-6.0025
160.660,3.9961,8.6085,-6.0025
160.669,3.9961,8.6085,-6.0025
160.678,3.9961,8.6085,-6.0025
160.687,3.9961,8.6085,-6.0025
160.695,3.9961,8.6085,-6.0025
160.702,3.9961,8.6085,-6.0025
160.712,3.9961,8.6085,-6.0025
160.719,3.9961,8.6085,-6.0025
160.730,3.9961,8.6085,-6.0025
160.737,3.9961,8.6085,-6.0025
160.748,3.9961,8.6085,-6.0025
160.756,3.9961,8.6085,-6.0025
160.764,3.9961,8.6085,-6.0025
160.775,3.9961,8.6085,-6.0025
160.782,3.9961,8.6085,-6.0025
160.792,3.9961,8.6085,-6.0025
160.800,3.9961,8.6085,-6.0025
160.810,3.9961,8.6085,-6.0025
160.818,3.9961,8.6085,-6.0025
160.827,3.9961,8.6085,-6.0025
160.835,3.9961,8.6085,-6.0025
160.844,3.9961,8.6085,-6.0025
160.853,3.9961,8.6085,-6.0025
160.860,3.9961,8.6085,-6.0025
160.868,3.9961,8.6085,-6.0025
160.876,3.9961,8.6085,-6.0025
160.884,3.9961,8.6085,-6.0025
160.892,3.9961,8.6085,-6.0025
160.899,3.9961,8.6085,-6.0025
160.906,3.9961,8.6085,-6.0025
160.914,3.9961,8.6085,-6.0025
160.920,3.9961,8.6085,-6.0025
160.929,3.9961,8.6085,-6.0025
160.935,3.9961,8.6085,-6.0025
160.945,3.9961,8.6085,-6.0025
160.953,3.9961,8.6085,-6.0025
160.961,3.9961,8.6085,-6.0025
160.969,3.9961,8.6085,-6.0025
160.976,3.9961,8.6085,-6.0025
160.983,3.9961,8.6085,-6.0025
160.991,3.9961,8.6085,-6.0025
160.999,3.9961,8.6085,-6.0025
161.007,3.9961,8.6085,-6.0025
161.014,3.9961,8.6085,-6.0025
161.021,3.9961,8.6085,-6.0025
161.031,3.9961,8.6085,-6.0025
161.038,3.9961,8.6085,-6.0025
161.048,3.9961,8.6085,-6.0025
161.056,3.9961,8.6085,-6.0025
161.065,3.9961,8.6086,-6.0025
161.073,3.9961,8.6086,-6.0025
161.081,3.9961,8.6087,-6.0025
161.090,3.9961,8.6087,-6.0025
161.098,3.9961,8.6088,-6.0025
161.107,3.9961,8.6088,-6.0025
161.115,3.9961,8.6088,-6.0025
161.124,3.9961,8.6090,-6.0025
161.132,3.9961,8.6090,-6.0025
161.141,3.9961,8.6093,-6.0025
161.149,3.9961,8.6093,-6.0025
161.157,3.9961,8.6095,-6.0025
161.166,3.9961,8.6095,-6.0025
161.173,3.9961,8.6095,-6.0025
161.183,3.9961,8.6098,-6.0025
161.191,3.9961,8.6098,-6.0025
161.198,3.9961,8.6101,-6.0025
161.208,3.9961,8.6101,-6.0025
161.216,3.9961,8.6101,-6.0025
161.223,3.9961,8.6105,-6.0025
161.232,3.9961,8.6105,-6.0025
161.239,3.9961,8.6108,-6.0025
161.248,3.9961,8.6108,-6.0025
161.255,3.9961,8.6108,-6.0025
161.264,3.9961,8.6112,-6.0025
161.275,3.9961,8.6112,-6.0025
161.282,3.9961,8.6119,-6.0025
161.290,3.9961,8.6119,-6.0025
161.297,3.9961,8.6119,-6.0025
161.303,3.9961,8.6127,-6.0025
161.321,3.9961,8.6135,-6.0025
161.331,3.9961,8.6135,-6.0025
161.337,3.9961,8.6143,-6.0025
161.346,3.9961,8.6143,-6.0025
161.352,3.9961,8.6143,-6.0025
161.361,3.9961,8.6151,-6.0025
161.368,3.9961,8.6151,-6.0025
161.376,3.9961,8.6151,-6.0025
161.383,3.9961,8.6160,-6.0025
161.391,3.9961,8.6160,-6.0025
161.398,3.9961,8.6169,-6.0025
161.405,3.9961,8.6169,-6.0025
161.412,3.9961,8.6169,-6.0025
161.420,3.9961,8.6178,-6.0025
161.429,3.9961,8.6178,-6.0025
161.435,3.9961,8.6178,-6.0025
161.443,3.9961,8.6187,-6.0025
161.453,3.9961,8.6187,-6.0025
161.460,3.9961,8.6197,-6.0025
161.468,3.9961,8.6197,-6.0025
161.476,3.9961,8.6197,-6.0025
161.484,3.9961,8.6206,-6.0025
161.493,3.9961,8.6206,-6.0025
161.500,3.9961,8.6215,-6.0025
161.509,3.9961,8.6215,-6.0025
161.515,3.9961,8.6215,-6.0025
161.524,3.9961,8.6225,-6.0025
161.532,3.9961,8.6225,-6.0025
161.540,3.9961,8.6235,-6.0025
161.548,3.9961,8.6235,-6.0025
161.556,3.9961,8.6235,-6.0025
161.564,3.9961,8.6245,-6.0025
161.574,3.9961,8.6245,-6.0025
161.580,3.9961,8.6255,-6.0025
161.589,3.9961,8.6255,-6.0025
161.596,3.9961,8.6255,-6.0025
161.604,3.9961,8.6265,-6.0025
161.613,3.9961,8.6265,-6.0025
161.621,3.9961,8.6286,-6.0025
161.630,3.9961,8.6286,-6.0025
161.637,3.9961,8.6308,-6.0025
161.648,3.9961,8.6308,-6.0025
161.655,3.9961,8.6308,-6.0025
161.663,3.9961,8.6330,-6.0025
161.672,3.9961,8.6330,-6.0025
161.680,3.9961,8.6352,-6.0025
161.688,3.9961,8.6352,-6.0025
161.696,3.9961,8.6352,-6.0025
161.702,3.9961,8.6375,-6.0025
161.711,3.9961,8.6375,-6.0025
161.719,3.9961,8.6398,-6.0025
161.728,3.9961,8.6398,-6.0025
161.735,3.9961,8.6398,-6.0025
161.743,3.9961,8.6422,-6.0025
161.752,3.9961,8.6422,-6.0025
161.760,3.9961,8.6446,-6.0025
161.768,3.9961,8.6446,-6.0025
161.776,3.9961,8.6446,-6.0025
161.784,3.9961,8.6470,-6.0025
161.793,3.9961,8.6470,-6.0025
161.800,3.9961,8.6494,-6.0025
161.809,3.9961,8.6494,-6.0025
161.817,3.9961,8.6494,-6.0025
161.824,3.9961,8.6519,-6.0025
161.833,3.9961,8.6519,-6.0025
161.841,3.9961,8.6545,-6.0025
161.851,3.9961,8.6545,-6.0025
161.859,3.9961,8.6570,-6.0025
161.868,3.9961,8.6570,-6.0025
161.877,3.9961,8.6570,-6.0025
161.884,3.9961,8.6596,-6.0025
161.893,3.9961,8.6596,-6.0025
161.901,3.9961,8.6622,-6.0025
161.911,3.9961,8.6622,-6.0025
161.919,3.9961,8.6647,-6.0025
161.929,3.9961,8.6647,-6.0025
161.936,3.9961,8.6647,-6.0025
161.945,3.9961,8.6673,-6.0025
161.954,3.9961,8.6673,-6.0025
161.964,3.9961,8.6699,-6.0025
161.973,3.9961,8.6699,-6.0025
161.980,3.9961,8.6725,-6.0025
161.989,3.9961,8.6725,-6.0025
161.997,3.9961,8.6750,-6.0025
162.006,3.9961,8.6750,-6.0025
162.014,3.9961,8.6750,-6.0025
162.022,3.9961,8.6776,-6.0025
162.031,3.9961,8.6776,-6.0025
162.038,3.9961,8.6802,-6.0025
162.048,3.9961,8.6802,-6.0025
162.057,3.9961,8.6802,-6.0025
162.064,3.9961,8.6828,-6.0025
162.072,3.9961,8.6828,-6.0025
162.080,3.9961,8.6853,-6.0025
162.090,3.9961,8.6853,-6.0025
162.097,3.9961,8.6879,-6.0025
162.105,3.9961,8.6879,-6.0025
162.113,3.9961,8.6879,-6.0025
162.121,3.9961,8.6904,-6.0025
162.130,3.9961,8.6904,-6.0025
162.137,3.9961,8.6904,-6.0025
162.144,3.9961,8.6930,-6.0025
162.152,3.9961,8.6930,-6.0025
162.159,3.9961,8.6955,-6.0025
162.167,3.9961,8.6955,-6.0025
162.175,3.9961,8.6955,-6.0025
162.183,3.9961,8.6981,-6.0025
162.190,3.9961,8.6981,-6.0025
162.198,3.9961,8.7006,-6.0025
162.205,3.9961,8.7006,-6.0025
162.213,3.9961,8.7006,-6.0025
162.219,3.9961,8.7032,-6.0025
162.228,3.9961,8.7032,-6.0025
162.234,3.9961,8.7032,-6.0025
162.242,3.9961,8.7057,-6.0025
162.249,3.9961,8.7057,-6.0025
162.254,3.9961,8.7057,-6.0025
162.262,3.9961,8.7083,-6.0025
162.270,3.9961,8.7083,-6.0025
162.277,3.9961,8.7108,-6.0025
162.285,3.9961,8.7108,-6.0025
162.293,3.9961,8.7108,-6.0025
162.300,3.9961,8.7133,-6.0025
162.308,3.9961,8.7133,-6.0025
162.315,3.9961,8.7133,-6.0025
162.323,3.9961,8.7159,-6.0025
162.331,3.9961,8.7159,-6.0025
162.338,3.9961,8.7184,-6.0025
162.347,3.9961,8.7184,-6.0025
162.355,3.9961,8.7184,-6.0025
162.362,3.9961,8.7210,-6.0025
162.370,3.9961,8.7210,-6.0025
162.377,3.9961,8.7235,-6.0025
162.386,3.9961,8.7235,-6.0025
162.394,3.9961,8.7235,-6.0025
162.401,3.9961,8.7261,-6.0025
162.410,3.9961,8.7261,-6.0025
162.418,3.9961,8.7286,-6.0025
162.427,3.9961,8.7286,-6.0025
162.434,3.9961,8.7286,-6.0025
162.441,3.9961,8.7312,-6.0025
162.451,3.9961,8.7312,-6.0025
162.457,3.9961,8.7337,-6.0025
162.466,3.9961,8.7337,-6.0025
162.473,3.9961,8.7337,-6.0025
162.481,3.9961,8.7362,-6.0025
162.490,3.9961,8.7362,-6.0025
162.497,3.9961,8.7388,-6.0025
162.506,3.9961,8.7388,-6.0025
162.514,3.9961,8.7388,-6.0025
162.521,3.9961,8.7413,-6.0025
162.530,3.9961,8.7413,-6.0025
162.537,3.9961,8.7413,-6.0025
162.545,3.9961,8.7439,-6.0025
162.553,3.9961,8.7439,-6.0025
162.561,3.9961,8.7464,-6.0025
162.569,3.9961,8.7464,-6.0025
162.576,3.9961,8.7464,-6.0025
162.583,3.9961,8.7490,-6.0025
162.590,3.9961,8.7490,-6.0025
162.597,3.9961,8.7515,-6.0025
162.605,3.9961,8.7515,-6.0025
162.611,3.9961,8.7515,-6.0025
162.618,3.9961,8.7541,-6.0025
162.627,3.9961,8.7541,-6.0025
162.634,3.9961,8.7541,-6.0025
162.641,3.9961,8.7566,-6.0025
162.650,3.9961,8.7566,-6.0025
162.657,3.9961,8.7592,-6.0025
162.666,3.9961,8.7592,-6.0025
162.672,3.9961,8.7592,-6.0025
162.680,3.9961,8.7617,-6.0025
162.688,3.9961,8.7617,-6.0025
162.695,3.9961,8.7617,-6.0025
162.701,3.9961,8.7642,-6.0025
162.709,3.9961,8.7642,-6.0025
162.715,3.9961,8.7642,-6.0025
162.724,3.9961,8.7668,-6.0025
162.732,3.9961,8.7668,-6.0025
162.742,3.9961,8.7693,-6.0025
162.752,3.9961,8.7693,-6.0025
162.760,3.9961,8.7719,-6.0025
162.767,3.9961,8.7719,-6.0025
162.774,3.9961,8.7719,-6.0025
162.781,3.9961,8.7744,-6.0025
162.790,3.9961,8.7744,-6.0025
162.796,3.9961,8.7744,-6.0025
162.802,3.9961,8.7770,-6.0025
162.811,3.9961,8.7770,-6.0025
162.818,3.9961,8.7795,-6.0025
162.826,3.9961,8.7795,-6.0025
162.833,3.9961,8.7795,-6.0025
162.839,3.9961,8.7820,-6.0025
162.848,3.9961,8.7820,-6.0025
162.855,3.9961,8.7820,-6.0025
162.862,3.9961,8.7846,-6.0025
162.870,3.9961,8.7846,-6.0025
162.878,3.9961,8.7871,-6.0025
162.885,3.9961,8.7871,-6.0025
162.891,3.9961,8.7871,-6.0025
162.899,3.9961,8.7897,-6.0025
162.908,3.9961,8.7897,-6.0025
162.917,3.9961,8.7922,-6.0025
162.925,3.9961,8.7922,-6.0025
162.933,3.9961,8.7922,-6.0025
162.939,3.9961,8.7948,-6.0025
162.947,3.9961,8.7948,-6.0025
162.954,3.9961,8.7948,-6.0025
162.963,3.9961,8.7973,-6.0025
162.971,3.9961,8.7973,-6.0025
162.978,3.9961,8.7999,-6.0025
162.986,3.9961,8.7999,-6.0025
162.993,3.9961,8.7999,-6.0025
162.999,3.9961,8.8024,-6.0025
163.008,3.9961,8.8024,-6.0025
163.015,3.9961,8.8024,-6.0025
163.022,3.9961,8.8049,-6.0025
163.030,3.9961,8.8049,-6.0025
163.036,3.9961,8.8049,-6.0025
163.043,3.9961,8.8075,-6.0025
163.052,3.9961,8.8075,-6.0025
163.059,3.9961,8.8100,-6.0025
163.066,3.9961,8.8100,-6.0025
163.073,3.9961,8.8100,-6.0025
163.080,3.9961,8.8126,-6.0025
163.089,3.9961,8.8126,-6.0025
163.095,3.9961,8.8126,-6.0025
163.102,3.9961,8.8151,-6.0025
163.110,3.9961,8.8151,-6.0025
163.117,3.9961,8.8177,-6.0025
163.125,3.9961,8.8177,-6.0025
163.132,3.9961,8.8177,-6.0025
163.138,3.9961,8.8202,-6.0025
163.147,3.9961,8.8202,-6.0025
163.153,3.9961,8.8202,-6.0025
163.160,3.9961,8.8228,-6.0025
163.170,3.9961,8.8228,-6.0025
163.178,3.9961,8.8253,-6.0025
163.186,3.9961,8.8253,-6.0025
163.194,3.9961,8.8253,-6.0025
163.200,3.9961,8.8279,-6.0025
163.209,3.9961,8.8279,-6.0025
163.216,3.9961,8.8279,-6.0025
163.224,3.9961,8.8304,-6.0025
163.233,3.9961,8.8304,-6.0025
163.240,3.9961,8.8330,-6.0025
163.249,3.9961,8.8330,-6.0025
163.257,3.9961,8.8330,-6.0025
163.264,3.9961,8.8355,-6.0025
163.273,3.9961,8.8355,-6.0025
163.281,3.9961,8.8381,-6.0025
163.290,3.9961,8.8381,-6.0025
163.298,3.9961,8.8406,-6.0025
163.307,3.9961,8.8406,-6.0025
163.314,3.9961,8.8406,-6.0025
163.321,3.9961,8.8431,-6.0025
163.331,3.9961,8.8431,-6.0025
163.338,3.9961,8.8457,-6.0025
163.348,3.9961,8.8457,-6.0025
163.356,3.9961,8.8457,-6.0025
163.364,3.9961,8.8482,-6.0025
163.370,3.9961,8.8482,-6.0025
163.380,3.9961,8.8508,-6.0025
163.388,3.9961,8.8508,-6.0025
163.396,3.9961,8.8508,-6.0025
163.401,3.9961,8.8533,-6.0025
163.409,3.9961,8.8533,-6.0025
163.416,3.9961,8.8533,-6.0025
163.423,3.9961,8.8559,-6.0025
163.431,3.9961,8.8559,-6.0025
163.437,3.9961,8.8584,-6.0025
163.446,3.9961,8.8584,-6.0025
163.453,3.9961,8.8584,-6.0025
163.460,3.9961,8.8610,-6.0025
163.468,3.9961,8.8610,-6.0025
163.476,3.9961,8.8610,-6.0025
163.482,3.9961,8.8635,-6.0025
163.490,3.9961,8.8635,-6.0025
163.497,3.9961,8.8660,-6.0025
163.505,3.9961,8.8660,-6.0025
163.512,3.9961,8.8660,-6.0025
163.519,3.9961,8.8686,-6.0025
163.528,3.9961,8.8686,-6.0025
163.536,3.9961,8.8686,-6.0025
163.543,3.9961,8.8711,-6.0025
163.550,3.9961,8.8711,-6.0025
163.558,3.9961,8.8737,-6.0025
163.566,3.9961,8.8737,-6.0025
163.573,3.9961,8.8737,-6.0025
163.580,3.9961,8.8762,-6.0025
163.588,3.9961,8.8762,-6.0025
163.596,3.9961,8.8762,-6.0025
163.603,3.9961,8.8787,-6.0025
163.612,3.9961,8.8787,-6.0025
163.619,3.9961,8.8813,-6.0025
163.628,3.9961,8.8813,-6.0025
163.636,3.9961,8.8813,-6.0025
163.644,3.9961,8.8838,-6.0025
163.653,3.9961,8.8838,-6.0025
163.664,3.9961,8.8864,-6.0025
163.676,3.9961,8.8864,-6.0025
163.689,3.9961,8.8889,-6.0025
163.698,3.9961,8.8914,-6.0025
163.708,3.9961,8.8914,-6.0025
163.715,3.9961,8.8914,-6.0025
163.723,3.9961,8.8940,-6.0025
163.731,3.9961,8.8940,-6.0025
163.740,3.9961,8.8965,-6.0025
163.749,3.9961,8.8965,-6.0025
163.756,3.9961,8.8965,-6.0025
163.763,3.9961,8.8991,-6.0025
163.773,3.9961,8.8991,-6.0025
163.782,3.9961,8.9016,-6.0025
163.790,3.9961,8.9016,-6.0025
163.798,3.9961,8.9041,-6.0025
163.808,3.9961,8.9041,-6.0025
163.816,3.9961,8.9041,-6.0025
163.822,3.9961,8.9067,-6.0025
163.830,3.9961,8.9067,-6.0025
163.836,3.9961,8.9067,-6.0025
163.845,3.9961,8.9092,-6.0025
163.852,3.9961,8.9092,-6.0025
163.860,3.9961,8.9118,-6.0025
163.868,3.9961,8.9118,-6.0025
163.877,3.9961,8.9118,-6.0025
163.883,3.9961,8.9143,-6.0025
163.893,3.9961,8.9143,-6.0025
163.900,3.9961,8.9168,-6.0025
163.909,3.9961,8.9168,-6.0025
163.915,3.9961,8.9168,-6.0025
163.923,3.9961,8.9194,-6.0025
163.932,3.9961,8.9194,-6.0025
163.938,3.9961,8.9219,-6.0025
163.946,3.9961,8.9219,-6.0025
163.954,3.9961,8.9219,-6.0025
163.961,3.9961,8.9245,-6.0025
163.969,3.9961,8.9245,-6.0025
163.976,3.9961,8.9245,-6.0025
163.984,3.9961,8.9270,-6.0025
163.993,3.9961,8.9270,-6.0025
163.999,3.9961,8.9295,-6.0025
164.008,3.9961,8.9295,-6.0025
164.015,3.9961,8.9295,-6.0025
164.022,3.9961,8.9321,-6.0025
164.031,3.9961,8.9321,-6.0025
164.037,3.9961,8.9346,-6.0025
164.046,3.9961,8.9346,-6.0025
164.053,3.9961,8.9346,-6.0025
164.059,3.9961,8.9372,-6.0025
164.067,3.9961,8.9372,-6.0025
164.074,3.9961,8.9372,-6.0025
164.081,3.9961,8.9397,-6.0025
164.089,3.9961,8.9397,-6.0025
164.096,3.9961,8.9397,-6.0025
164.103,3.9961,8.9422,-6.0025
164.113,3.9961,8.9422,-6.0025
164.119,3.9961,8.9448,-6.0025
164.128,3.9961,8.9448,-6.0025
164.135,3.9961,8.9448,-6.0025
164.144,3.9961,8.9473,-6.0025
164.151,3.9961,8.9473,-6.0025
164.159,3.9961,8.9499,-6.0025
164.167,3.9961,8.9499,-6.0025
164.175,3.9961,8.9499,-6.0025
164.182,3.9961,8.9524,-6.0025
164.190,3.9961,8.9524,-6.0025
164.197,3.9961,8.9549,-6.0025
164.205,3.9961,8.9549,-6.0025
164.211,3.9961,8.9549,-6.0025
164.218,3.9961,8.9575,-6.0025
164.226,3.9961,8.9575,-6.0025
164.234,3.9961,8.9575,-6.0025
164.241,3.9961,8.9600,-6.0025
164.250,3.9961,8.9600,-6.0025
164.258,3.9961,8.9626,-6.0025
164.266,3.9961,8.9626,-6.0025
164.273,3.9961,8.9626,-6.0025
164.280,3.9961,8.9651,-6.0025
164.289,3.9961,8.9651,-6.0025
164.296,3.9961,8.9651,-6.0025
164.302,3.9961,8.9676,-6.0025
164.312,3.9961,8.9676,-6.0025
164.319,3.9961,8.9702,-6.0025
164.329,3.9961,8.9702,-6.0025
164.335,3.9961,8.9702,-6.0025
164.342,3.9961,8.9727,-6.0025
164.352,3.9961,8.9727,-6.0025
164.358,3.9961,8.9753,-6.0025
164.366,3.9961,8.9753,-6.0025
164.373,3.9961,8.9753,-6.0025
164.380,3.9961,8.9778,-6.0025
164.388,3.9961,8.9778,-6.0025
164.395,3.9961,8.9778,-6.0025
164.403,3.9961,8.9803,-6.0025
164.414,3.9961,8.9803,-6.0025
164.421,3.9961,8.9829,-6.0025
164.429,3.9961,8.9829,-6.0025
164.435,3.9961,8.9829,-6.0025
164.444,3.9961,8.9854,-6.0025
164.453,3.9961,8.9854,-6.0025
164.461,3.9961,8.9880,-6.0025
164.469,3.9961,8.9880,-6.0025
164.477,3.9961,8.9905,-6.0025
164.486,3.9961,8.9905,-6.0025
164.494,3.9961,8.9905,-6.0025
164.501,3.9961,8.9930,-6.0025
164.511,3.9961,8.9930,-6.0025
164.519,3.9961,8.9956,-6.0025
164.529,3.9961,8.9956,-6.0025
164.537,3.9961,8.9981,-6.0025
164.546,3.9961,8.9981,-6.0025
164.554,3.9961,8.9981,-6.0025
164.562,3.9961,9.0006,-6.0025
164.570,3.9961,9.0006,-6.0025
164.578,3.9961,9.0032,-6.0025
164.587,3.9961,9.0032,-6.0025
164.594,3.9961,9.0032,-6.0025
164.602,3.9961,9.0057,-6.0025
164.612,3.9961,9.0057,-6.0025
164.620,3.9961,9.0083,-6.0025
164.630,3.9961,9.0083,-6.0025
164.636,3.9961,9.0083,-6.0025
164.645,3.9961,9.0108,-6.0025
164.653,3.9961,9.0108,-6.0025
164.661,3.9961,9.0133,-6.0025
164.668,3.9961,9.0133,-6.0025
164.677,3.9961,9.0133,-6.0025
164.684,3.9961,9.0159,-6.0025
164.693,3.9961,9.0159,-6.0025
164.699,3.9961,9.0184,-6.0025
164.708,3.9961,9.0184,-6.0025
164.716,3.9961,9.0184,-6.0025
164.723,3.9961,9.0209,-6.0025
164.730,3.9961,9.0209,-6.0025
164.738,3.9961,9.0235,-6.0025
164.748,3.9961,9.0235,-6.0025
164.756,3.9961,9.0235,-6.0025
164.763,3.9961,9.0260,-6.0025
164.773,3.9961,9.0260,-6.0025
164.779,3.9961,9.0286,-6.0025
164.787,3.9961,9.0286,-6.0025
164.794,3.9961,9.0286,-6.0025
164.802,3.9961,9.0311,-6.0025
164.812,3.9961,9.0311,-6.0025
164.820,3.9961,9.0336,-6.0025
164.829,3.9961,9.0336,-6.0025
164.838,3.9961,9.0362,-6.0025
164.848,3.9961,9.0362,-6.0025
164.856,3.9961,9.0362,-6.0025
164.864,3.9961,9.0387,-6.0025
164.872,3.9961,9.0387,-6.0025
164.881,3.9961,9.0412,-6.0025
164.891,3.9961,9.0412,-6.0025
164.899,3.9961,9.0438,-6.0025
164.909,3.9961,9.0438,-6.0025
164.916,3.9961,9.0438,-6.0025
164.925,3.9961,9.0463,-6.0025
164.934,3.9961,9.0463,-6.0025
164.941,3.9961,9.0488,-6.0025
164.951,3.9961,9.0488,-6.0025
164.962,3.9961,9.0514,-6.0025
164.970,3.9961,9.0514,-6.0025
164.978,3.9961,9.0539,-6.0025
164.987,3.9961,9.0539,-6.0025
164.994,3.9961,9.0539,-6.0025
165.002,3.9961,9.0564,-6.0025
165.012,3.9961,9.0564,-6.0025
165.020,3.9961,9.0590,-6.0025
165.030,3.9961,9.0590,-6.0025
165.037,3.9961,9.0615,-6.0025
165.049,3.9961,9.0615,-6.0025
165.056,3.9961,9.0615,-6.0025
165.064,3.9961,9.0640,-6.0025
165.072,3.9961,9.0640,-6.0025
165.080,3.9961,9.0666,-6.0025
165.087,3.9961,9.0666,-6.0025
165.096,3.9961,9.0666,-6.0025
165.102,3.9961,9.0691,-6.0025
165.112,3.9961,9.0691,-6.0025
165.118,3.9961,9.0716,-6.0025
165.127,3.9961,9.0716,-6.0025
165.134,3.9961,9.0716,-6.0025
165.142,3.9961,9.0742,-6.0025
165.149,3.9961,9.0742,-6.0025
165.157,3.9961,9.0767,-6.0025
165.166,3.9961,9.0767,-6.0025
165.173,3.9961,9.0767,-6.0025
165.180,3.9961,9.0792,-6.0025
165.189,3.9961,9.0792,-6.0025
165.196,3.9961,9.0792,-6.0025
165.203,3.9961,9.0818,-6.0025
165.211,3.9961,9.0818,-6.0025
165.218,3.9961,9.0843,-6.0025
165.227,3.9961,9.0843,-6.0025
165.235,3.9961,9.0843,-6.0025
165.241,3.9961,9.0868,-6.0025
165.250,3.9961,9.0868,-6.0025
165.258,3.9961,9.0894,-6.0025
165.266,3.9961,9.0894,-6.0025
165.271,3.9961,9.0894,-6.0025
165.279,3.9961,9.0919,-6.0025
165.288,3.9961,9.0919,-6.0025
165.296,3.9961,9.0919,-6.0025
165.302,3.9961,9.0945,-6.0025
165.311,3.9961,9.0945,-6.0025
165.318,3.9961,9.0970,-6.0025
165.328,3.9961,9.0970,-6.0025
165.334,3.9961,9.0970,-6.0025
165.341,3.9961,9.0995,-6.0025
165.350,3.9961,9.0995,-6.0025
165.357,3.9961,9.1021,-6.0025
165.366,3.9961,9.1021,-6.0025
165.372,3.9961,9.1021,-6.0025
165.380,3.9961,9.1046,-6.0025
165.389,3.9961,9.1046,-6.0025
165.395,3.9961,9.1046,-6.0025
165.402,3.9961,9.1071,-6.0025
165.412,3.9961,9.1071,-6.0025
165.419,3.9961,9.1097,-6.0025
165.427,3.9961,9.1097,-6.0025
165.433,3.9961,9.1097,-6.0025
165.441,3.9961,9.1122,-6.0025
165.448,3.9961,9.1122,-6.0025
165.455,3.9961,9.1122,-6.0025
165.462,3.9961,9.1147,-6.0025
165.471,3.9961,9.1147,-6.0025
165.478,3.9961,9.1173,-6.0025
165.486,3.9961,9.1173,-6.0025
165.493,3.9961,9.1173,-6.0025
165.501,3.9961,9.1198,-6.0025
165.509,3.9961,9.1198,-6.0025
165.516,3.9961,9.1198,-6.0025
165.523,3.9961,9.1223,-6.0025
165.531,3.9961,9.1223,-6.0025
165.538,3.9961,9.1249,-6.0025
165.547,3.9961,9.1249,-6.0025
165.554,3.9961,9.1249,-6.0025
165.562,3.9961,9.1274,-6.0025
165.569,3.9961,9.1274,-6.0025
165.577,3.9961,9.1299,-6.0025
165.587,3.9961,9.1299,-6.0025
165.595,3.9961,9.1299,-6.0025
165.601,3.9961,9.1324,-6.0025
165.610,3.9961,9.1324,-6.0025
165.618,3.9961,9.1349,-6.0025
165.626,3.9961,9.1349,-6.0025
165.633,3.9961,9.1349,-6.0025
165.641,3.9961,9.1375,-6.0025
165.648,3.9961,9.1375,-6.0025
165.656,3.9961,9.1375,-6.0025
165.663,3.9961,9.1400,-6.0025
165.672,3.9961,9.1400,-6.0025
165.680,3.9961,9.1425,-6.0025
165.689,3.9961,9.1425,-6.0025
165.696,3.9961,9.1425,-6.0025
165.704,3.9961,9.1450,-6.0025
165.713,3.9961,9.1450,-6.0025
165.720,3.9961,9.1475,-6.0025
165.729,3.9961,9.1475,-6.0025
165.736,3.9961,9.1475,-6.0025
165.744,3.9961,9.1500,-6.0025
165.753,3.9961,9.1500,-6.0025
165.760,3.9961,9.1526,-6.0025
165.769,3.9961,9.1526,-6.0025
165.777,3.9961,9.1551,-6.0025
165.785,3.9961,9.1551,-6.0025
165.793,3.9961,9.1551,-6.0025
165.801,3.9961,9.1576,-6.0025
165.810,3.9961,9.1576,-6.0025
165.817,3.9961,9.1601,-6.0025
165.826,3.9961,9.1601,-6.0025
165.834,3.9961,9.1601,-6.0025
165.842,3.9961,9.1626,-6.0025
165.850,3.9961,9.1626,-6.0025
165.858,3.9961,9.1651,-6.0025
165.867,3.9961,9.1651,-6.0025
165.875,3.9961,9.1651,-6.0025
165.883,3.9961,9.1676,-6.0025
165.892,3.9961,9.1676,-6.0025
165.899,3.9961,9.1701,-6.0025
165.909,3.9961,9.1701,-6.0025
165.915,3.9961,9.1701,-6.0025
165.924,3.9961,9.1726,-6.0025
165.933,3.9961,9.1726,-6.0025
165.940,3.9961,9.1751,-6.0025
165.948,3.9961,9.1751,-6.0025
165.956,3.9961,9.1751,-6.0025
165.963,3.9961,9.1776,-6.0025
165.970,3.9961,9.1776,-6.0025
165.978,3.9961,9.1801,-6.0025
165.986,3.9961,9.1801,-6.0025
165.993,3.9961,9.1801,-6.0025
166.000,3.9961,9.1827,-6.0025
166.008,3.9961,9.1827,-6.0025
166.016,3.9961,9.1827,-6.0025
166.023,3.9961,9.1852,-6.0025
166.031,3.9961,9.1852,-6.0025
166.038,3.9961,9.1877,-6.0025
166.048,3.9961,9.1877,-6.0025
166.054,3.9961,9.1877,-6.0025
166.065,3.9961,9.1902,-6.0025
166.076,3.9961,9.1902,-6.0025
166.090,3.9961,9.1927,-6.0025
166.099,3.9961,9.1952,-6.0025
166.108,3.9961,9.1952,-6.0025
166.116,3.9961,9.1952,-6.0025
166.124,3.9961,9.1977,-6.0025
166.133,3.9961,9.1977,-6.0025
166.141,3.9961,9.2002,-6.0025
166.149,3.9961,9.2002,-6.0025
166.157,3.9961,9.2027,-6.0025
166.166,3.9961,9.2027,-6.0025
166.174,3.9961,9.2027,-6.0025
166.182,3.9961,9.2052,-6.0025
166.191,3.9961,9.2052,-6.0025
166.199,3.9961,9.2077,-6.0025
166.207,3.9961,9.2077,-6.0025
166.215,3.9961,9.2077,-6.0025
166.223,3.9961,9.2102,-6.0025
166.233,3.9961,9.2102,-6.0025
166.240,3.9961,9.2127,-6.0025
166.249,3.9961,9.2127,-6.0025
166.257,3.9961,9.2127,-6.0025
166.265,3.9961,9.2153,-6.0025
166.274,3.9961,9.2153,-6.0025
166.282,3.9961,9.2178,-6.0025
166.291,3.9961,9.2178,-6.0025
166.298,3.9961,9.2203,-6.0025
166.307,3.9961,9.2203,-6.0025
166.316,3.9961,9.2203,-6.0025
166.324,3.9961,9.2228,-6.0025
166.332,3.9961,9.2228,-6.0025
166.339,3.9961,9.2253,-6.0025
166.348,3.9961,9.2253,-6.0025
166.356,3.9961,9.2253,-6.0025
166.364,3.9961,9.2278,-6.0025
166.374,3.9961,9.2278,-6.0025
166.381,3.9961,9.2303,-6.0025
166.389,3.9961,9.2303,-6.0025
166.397,3.9961,9.2329,-6.0025
166.405,3.9961,9.2329,-6.0025
166.412,3.9961,9.2329,-6.0025
166.420,3.9961,9.2354,-6.0025
166.427,3.9961,9.2354,-6.0025
166.434,3.9961,9.2354,-6.0025
166.442,3.9961,9.2379,-6.0025
166.451,3.9961,9.2379,-6.0025
166.457,3.9961,9.2404,-6.0025
166.466,3.9961,9.2404,-6.0025
166.472,3.9961,9.2404,-6.0025
166.480,3.9961,9.2429,-6.0025
166.488,3.9961,9.2429,-6.0025
166.497,3.9961,9.2429,-6.0025
166.503,3.9961,9.2454,-6.0025
166.513,3.9961,9.2454,-6.0025
166.519,3.9961,9.2480,-6.0025
166.528,3.9961,9.2480,-6.0025
166.534,3.9961,9.2480,-6.0025
166.542,3.9961,9.2505,-6.0025
166.549,3.9961,9.2505,-6.0025
166.557,3.9961,9.2530,-6.0025
166.566,3.9961,9.2530,-6.0025
166.572,3.9961,9.2530,-6.0025
166.580,3.9961,9.2555,-6.0025
166.590,3.9961,9.2555,-6.0025
166.597,3.9961,9.2555,-6.0025
166.604,3.9961,9.2580,-6.0025
166.613,3.9961,9.2580,-6.0025
166.620,3.9961,9.2605,-6.0025
166.627,3.9961,9.2605,-6.0025
166.635,3.9961,9.2605,-6.0025
166.642,3.9961,9.2631,-6.0025
166.652,3.9961,9.2631,-6.0025
166.659,3.9961,9.2656,-6.0025
166.667,3.9961,9.2656,-6.0025
166.673,3.9961,9.2656,-6.0025
166.683,3.9961,9.2681,-6.0025
166.690,3.9961,9.2681,-6.0025
166.698,3.9961,9.2706,-6.0025
166.706,3.9961,9.2706,-6.0025
166.714,3.9961,9.2706,-6.0025
166.721,3.9961,9.2731,-6.0025
166.730,3.9961,9.2731,-6.0025
166.736,3.9961,9.2731,-6.0025
166.745,3.9961,9.2757,-6.0025
166.752,3.9961,9.2757,-6.0025
166.759,3.9961,9.2782,-6.0025
166.768,3.9961,9.2782,-6.0025
166.776,3.9961,9.2782,-6.0025
166.782,3.9961,9.2807,-6.0025
166.792,3.9961,9.2807,-6.0025
166.800,3.9961,9.2832,-6.0025
166.809,3.9961,9.2832,-6.0025
166.816,3.9961,9.2832,-6.0025
166.823,3.9961,9.2857,-6.0025
166.832,3.9961,9.2857,-6.0025
166.838,3.9961,9.2883,-6.0025
166.847,3.9961,9.2883,-6.0025
166.854,3.9961,9.2883,-6.0025
166.861,3.9961,9.2908,-6.0025
166.868,3.9961,9.2908,-6.0025
166.875,3.9961,9.2908,-6.0025
166.883,3.9961,9.2933,-6.0025
166.892,3.9961,9.2933,-6.0025
166.899,3.9961,9.2958,-6.0025
166.905,3.9961,9.2958,-6.0025
166.913,3.9961,9.2958,-6.0025
166.920,3.9961,9.2984,-6.0025
166.930,3.9961,9.2984,-6.0025
166.936,3.9961,9.2984,-6.0025
166.946,3.9961,9.3009,-6.0025
166.955,3.9961,9.3009,-6.0025
166.965,3.9961,9.3034,-6.0025
166.973,3.9961,9.3034,-6.0025
166.981,3.9961,9.3059,-6.0025
166.989,3.9961,9.3059,-6.0025
166.997,3.9961,9.3059,-6.0025
167.003,3.9961,9.3084,-6.0025
167.014,3.9961,9.3084,-6.0025
167.021,3.9961,9.3110,-6.0025
167.030,3.9961,9.3110,-6.0025
167.037,3.9961,9.3135,-6.0025
167.047,3.9961,9.3135,-6.0025
167.054,3.9961,9.3135,-6.0025
167.062,3.9961,9.3160,-6.0025
167.070,3.9961,9.3160,-6.0025
167.078,3.9961,9.3185,-6.0025
167.088,3.9961,9.3185,-6.0025
167.096,3.9961,9.3185,-6.0025
167.104,3.9961,9.3211,-6.0025
167.113,3.9961,9.3211,-6.0025
167.121,3.9961,9.3236,-6.0025
167.131,3.9961,9.3236,-6.0025
167.138,3.9961,9.3261,-6.0025
167.148,3.9961,9.3261,-6.0025
167.156,3.9961,9.3261,-6.0025
167.165,3.9961,9.3286,-6.0025
167.172,3.9961,9.3286,-6.0025
167.179,3.9961,9.3311,-6.0025
167.187,3.9961,9.3311,-6.0025
167.195,3.9961,9.3311,-6.0025
167.201,3.9961,9.3337,-6.0025
167.211,3.9961,9.3337,-6.0025
167.218,3.9961,9.3362,-6.0025
167.227,3.9961,9.3362,-6.0025
167.233,3.9961,9.3362,-6.0025
167.241,3.9961,9.3387,-6.0025
167.249,3.9961,9.3387,-6.0025
167.258,3.9961,9.3412,-6.0025
167.265,3.9961,9.3412,-6.0025
167.273,3.9961,9.3412,-6.0025
167.282,3.9961,9.3437,-6.0025
167.290,3.9961,9.3437,-6.0025
167.297,3.9961,9.3463,-6.0025
167.305,3.9961,9.3463,-6.0025
167.313,3.9961,9.3463,-6.0025
167.320,3.9961,9.3488,-6.0025
167.327,3.9961,9.3488,-6.0025
167.334,3.9961,9.3488,-6.0025
167.341,3.9961,9.3513,-6.0025
167.351,3.9961,9.3513,-6.0025
167.359,3.9961,9.3538,-6.0025
167.367,3.9961,9.3538,-6.0025
167.375,3.9961,9.3538,-6.0025
167.382,3.9961,9.3563,-6.0025
167.392,3.9961,9.3563,-6.0025
167.400,3.9961,9.3588,-6.0025
167.409,3.9961,9.3588,-6.0025
167.416,3.9961,9.3588,-6.0025
167.424,3.9961,9.3614,-6.0025
167.434,3.9961,9.3614,-6.0025
167.442,3.9961,9.3639,-6.0025
167.450,3.9961,9.3639,-6.0025
167.458,3.9961,9.3640,-6.0025
167.467,3.9961,9.3640,-6.0025
167.475,3.9961,9.3640,-6.0025
167.483,3.9961,9.3640,-6.0025
167.493,3.9961,9.3640,-6.0025
167.500,3.9961,9.3640,-6.0025
167.509,3.9961,9.3640,-6.0025
167.516,3.9961,9.3640,-6.0025
167.524,3.9961,9.3640,-6.0025
167.532,3.9961,9.3640,-6.0025
167.539,3.9961,9.3640,-6.0025
167.548,3.9961,9.3640,-6.0025
167.556,3.9961,9.3640,-6.0025
167.563,3.9961,9.3640,-6.0025
167.572,3.9961,9.3640,-6.0025
167.581,3.9961,9.3640,-6.0025
167.590,3.9961,9.3640,-6.0025
167.598,3.9961,9.3640,-6.0025
167.606,3.9961,9.3640,-6.0025
167.615,3.9961,9.3640,-6.0025
167.622,3.9961,9.3640,-6.0025
167.631,3.9961,9.3640,-6.0025
167.637,3.9961,9.3640,-6.0025
167.647,3.9961,9.3640,-6.0025
167.654,3.9961,9.3640,-6.0025
167.661,3.9961,9.3640,-6.0025
167.668,3.9961,9.3640,-6.0025
167.677,3.9961,9.3640,-6.0025
167.685,3.9961,9.3640,-6.0025
167.693,3.9961,9.3640,-6.0025
167.700,3.9961,9.3640,-6.0025
167.709,3.9961,9.3640,-6.0025
167.717,3.9961,9.3640,-6.0025
167.726,3.9961,9.3640,-6.0025
167.733,3.9961,9.3640,-6.0025
167.740,3.9961,9.3640,-6.0025
167.748,3.9961,9.3640,-6.0025
167.756,3.9961,9.3640,-6.0025
167.763,3.9961,9.3640,-6.0025
167.771,3.9961,9.3640,-6.0025
167.779,3.9961,9.3640,-6.0025
167.787,3.9961,9.3640,-6.0025
167.795,3.9961,9.3640,-6.0025
167.802,3.9961,9.3640,-6.0025
167.809,3.9961,9.3640,-6.0025
167.816,3.9961,9.3640,-6.0025
167.824,3.9961,9.3640,-6.0025
167.833,3.9961,9.3640,-6.0025
167.839,3.9961,9.3640,-6.0025
167.847,3.9961,9.3640,-6.0025
167.854,3.9961,9.3640,-6.0025
167.862,3.9961,9.3640,-6.0025
167.868,3.9961,9.3640,-6.0025
167.877,3.9961,9.3640,-6.0025
167.884,3.9961,9.3640,-6.0025
167.893,3.9961,9.3640,-6.0025
167.899,3.9961,9.3640,-6.0025
167.908,3.9961,9.3640,-6.0025
167.915,3.9961,9.3640,-6.0025
167.922,3.9961,9.3640,-6.0025
167.930,3.9961,9.3640,-6.0025
167.936,3.9961,9.3640,-6.0025
167.946,3.9961,9.3640,-6.0025
167.953,3.9961,9.3640,-6.0025
167.962,3.9961,9.3640,-6.0025
167.969,3.9961,9.3640,-6.0025
167.978,3.9961,9.3640,-6.0025
167.986,3.9961,9.3640,-6.0025
167.994,3.9961,9.3640,-6.0025
168.000,3.9961,9.3640,-6.0025
168.008,3.9961,9.3640,-6.0025
168.016,3.9961,9.3640,-6.0025
168.023,3.9961,9.3640,-6.0025
168.031,3.9961,9.3640,-6.0025
168.038,3.9961,9.3640,-6.0025
168.047,3.9961,9.3640,-6.0025
168.054,3.9961,9.3640,-6.0025
168.061,3.9961,9.3640,-6.0025
168.070,3.9961,9.3640,-6.0025
168.078,3.9961,9.3640,-6.0025
168.086,3.9961,9.3640,-6.0025
168.093,3.9961,9.3640,-6.0025
168.100,3.9961,9.3640,-6.0025
168.109,3.9961,9.3640,-6.0025
168.116,3.9961,9.3640,-6.0025
168.122,3.9961,9.3640,-6.0025
168.132,3.9961,9.3640,-6.0025
168.139,3.9961,9.3640,-6.0025
168.148,3.9961,9.3640,-6.0025
168.155,3.9961,9.3640,-6.0025
168.162,3.9961,9.3640,-6.0025
168.171,3.9961,9.3640,-6.0025
168.179,3.9961,9.3640,-6.0025
168.188,3.9961,9.3640,-6.0025
168.196,3.9961,9.3640,-6.0025
168.202,3.9961,9.3640,-6.0025
168.212,3.9961,9.3640,-6.0025
168.220,3.9961,9.3640,-6.0025
168.227,3.9961,9.3640,-6.0025
168.234,3.9961,9.3640,-6.0025
168.241,3.9961,9.3640,-6.0025
168.251,3.9961,9.3640,-6.0025
168.258,3.9961,9.3640,-6.0025
168.267,3.9961,9.3640,-6.0025
168.274,3.9961,9.3640,-6.0025
168.283,3.9961,9.3640,-6.0025
168.291,3.9961,9.3640,-6.0025
168.300,3.9961,9.3640,-6.0025
168.309,3.9961,9.3640,-6.0025
168.317,3.9961,9.3640,-6.0025
168.324,3.9961,9.3640,-6.0025
168.331,3.9961,9.3640,-6.0025
168.339,3.9961,9.3640,-6.0025
168.348,3.9961,9.3640,-6.0025
168.355,3.9961,9.3640,-6.0025
168.363,3.9961,9.3640,-6.0025
168.372,3.9961,9.3640,-6.0025
168.380,3.9961,9.3640,-6.0025
168.390,3.9961,9.3640,-6.0025
168.398,3.9961,9.3640,-6.0025
168.408,3.9961,9.3640,-6.0025
168.415,3.9961,9.3640,-6.0025
168.423,3.9961,9.3640,-6.0025
168.432,3.9961,9.3640,-6.0025
168.439,3.9961,9.3640,-6.0025
168.447,3.9961,9.3640,-6.0025
168.455,3.9961,9.3640,-6.0025
168.462,3.9961,9.3640,-6.0025
168.470,3.9961,9.3640,-6.0025
168.477,3.9961,9.3640,-6.0025
168.485,3.9961,9.3640,-6.0025
168.498,3.9961,9.3640,-6.0025
168.513,3.9961,9.3640,-6.0025
168.520,3.9961,9.3640,-6.0025
168.529,3.9961,9.3640,-6.0025
168.535,3.9961,9.3640,-6.0025
168.543,3.9961,9.3640,-6.0025
168.552,3.9961,9.3640,-6.0025
168.559,3.9961,9.3640,-6.0025
168.566,3.9961,9.3640,-6.0025
168.572,3.9961,9.3640,-6.0025
168.581,3.9961,9.3640,-6.0025
168.588,3.9961,9.3640,-6.0025
168.595,3.9961,9.3640,-6.0025
168.601,3.9961,9.3640,-6.0025
168.610,3.9961,9.3640,-6.0025
168.617,3.9961,9.3640,-6.0022
168.627,3.9961,9.3640,-6.0022
168.634,3.9961,9.3640,-6.0022
168.643,3.9961,9.3640,-6.0018
168.652,3.9961,9.3640,-6.0018
168.659,3.9961,9.3640,-6.0013
168.668,3.9961,9.3640,-6.0013
168.676,3.9961,9.3640,-6.0013
168.684,3.9961,9.3640,-6.0007
168.693,3.9961,9.3640,-6.0007
168.702,3.9961,9.3640,-6.0000
168.711,3.9961,9.3640,-6.0000
168.718,3.9961,9.3640,-5.9993
168.728,3.9961,9.3640,-5.9993
168.735,3.9961,9.3640,-5.9993
168.744,3.9961,9.3640,-5.9972
168.752,3.9961,9.3640,-5.9972
168.761,3.9961,9.3640,-5.9948
168.769,3.9961,9.3640,-5.9948
168.776,3.9961,9.3640,-5.9948
168.784,3.9961,9.3640,-5.9923
168.793,3.9961,9.3640,-5.9923
168.800,3.9961,9.3640,-5.9898
168.809,3.9961,9.3640,-5.9898
168.818,3.9961,9.3640,-5.9872
168.828,3.9961,9.3640,-5.9872
168.836,3.9961,9.3640,-5.9872
168.845,3.9961,9.3640,-5.9845
168.853,3.9961,9.3640,-5.9845
168.861,3.9961,9.3640,-5.9819
168.869,3.9961,9.3640,-5.9819
168.877,3.9961,9.3640,-5.9819
168.885,3.9961,9.3640,-5.9793
168.893,3.9961,9.3640,-5.9793
168.900,3.9961,9.3640,-5.9768
168.909,3.9961,9.3640,-5.9768
168.917,3.9961,9.3640,-5.9768
168.923,3.9961,9.3640,-5.9742
168.933,3.9961,9.3640,-5.9742
168.940,3.9961,9.3640,-5.9717
168.949,3.9961,9.3640,-5.9717
168.954,3.9961,9.3640,-5.9717
168.962,3.9961,9.3640,-5.9691
168.970,3.9961,9.3640,-5.9691
168.979,3.9961,9.3640,-5.9665
168.986,3.9961,9.3640,-5.9665
168.993,3.9961,9.3640,-5.9665
168.999,3.9961,9.3640,-5.9640
169.009,3.9961,9.3640,-5.9640
169.016,3.9961,9.3640,-5.9640
169.022,3.9961,9.3640,-5.9613
169.031,3.9961,9.3640,-5.9613
169.038,3.9961,9.3640,-5.9587
169.046,3.9961,9.3640,-5.9587
169.054,3.9961,9.3640,-5.9587
169.062,3.9961,9.3640,-5.9561
169.070,3.9961,9.3640,-5.9561
169.077,3.9961,9.3640,-5.9534
169.086,3.9961,9.3640,-5.9534
169.094,3.9961,9.3640,-5.9534
169.101,3.9961,9.3640,-5.9506
169.109,3.9961,9.3640,-5.9506
169.116,3.9961,9.3640,-5.9506
169.123,3.9961,9.3640,-5.9478
169.132,3.9961,9.3640,-5.9478
169.138,3.9961,9.3640,-5.9449
169.147,3.9961,9.3640,-5.9449
169.154,3.9961,9.3640,-5.9449
169.161,3.9961,9.3640,-5.9419
169.168,3.9961,9.3640,-5.9419
169.175,3.9961,9.3640,-5.9419
169.183,3.9961,9.3640,-5.9388
169.191,3.9961,9.3640,-5.9388
169.198,3.9961,9.3640,-5.9357
169.207,3.9961,9.3640,-5.9357
169.214,3.9961,9.3640,-5.9357
169.220,3.9961,9.3640,-5.9326
169.228,3.9961,9.3640,-5.9326
169.235,3.9961,9.3640,-5.9326
169.243,3.9961,9.3640,-5.9294
169.251,3.9961,9.3640,-5.9294
169.258,3.9961,9.3640,-5.9262
169.265,3.9961,9.3640,-5.9262
169.272,3.9961,9.3640,-5.9262
169.280,3.9961,9.3640,-5.9229
169.288,3.9961,9.3640,-5.9229
169.295,3.9961,9.3640,-5.9229
169.301,3.9961,9.3640,-5.9195
169.310,3.9961,9.3640,-5.9195
169.317,3.9961,9.3640,-5.9162
169.326,3.9961,9.3640,-5.9162
169.333,3.9961,9.3640,-5.9162
169.340,3.9961,9.3640,-5.9128
169.348,3.9961,9.3640,-5.9128
169.355,3.9961,9.3640,-5.9128
169.363,3.9961,9.3640,-5.9093
169.372,3.9961,9.3640,-5.9093
169.379,3.9961,9.3640,-5.9057
169.387,3.9961,9.3640,-5.9057
169.395,3.9961,9.3640,-5.9057
169.402,3.9961,9.3640,-5.9022
169.410,3.9961,9.3640,-5.9022
169.417,3.9961,9.3640,-5.8986
169.425,3.9961,9.3640,-5.8986
169.431,3.9961,9.3640,-5.8986
169.438,3.9961,9.3640,-5.8951
169.446,3.9961,9.3640,-5.8951
169.453,3.9961,9.3640,-5.8951
169.461,3.9961,9.3640,-5.8915
169.469,3.9961,9.3640,-5.8915
169.477,3.9961,9.3640,-5.8880
169.487,3.9961,9.3640,-5.8880
169.494,3.9961,9.3640,-5.8880
169.500,3.9961,9.3640,-5.8844
169.509,3.9961,9.3640,-5.8844
169.517,3.9961,9.3640,-5.8844
169.524,3.9961,9.3640,-5.8808
169.533,3.9961,9.3640,-5.8808
169.540,3.9961,9.3640,-5.8772
169.551,3.9961,9.3640,-5.8772
169.559,3.9961,9.3640,-5.8703
169.568,3.9961,9.3640,-5.8703
169.576,3.9961,9.3640,-5.8703
169.584,3.9961,9.3640,-5.8632
169.594,3.9961,9.3640,-5.8632
169.602,3.9961,9.3640,-5.8559
169.612,3.9961,9.3640,-5.8559
169.619,3.9961,9.3640,-5.8485
169.628,3.9961,9.3640,-5.8485
169.635,3.9961,9.3640,-5.8485
169.644,3.9961,9.3640,-5.8408
169.652,3.9961,9.3640,-5.8408
169.660,3.9961,9.3640,-5.8328
169.669,3.9961,9.3640,-5.8328
169.676,3.9961,9.3640,-5.8328
169.683,3.9961,9.3640,-5.8246
169.692,3.9961,9.3640,-5.8246
169.700,3.9961,9.3640,-5.8161
169.707,3.9961,9.3640,-5.8161
169.714,3.9961,9.3640,-5.8161
169.722,3.9961,9.3640,-5.8074
169.730,3.9961,9.3640,-5.8074
169.738,3.9961,9.3640,-5.7984
169.746,3.9961,9.3640,-5.7984
169.754,3.9961,9.3640,-5.7984
169.762,3.9961,9.3640,-5.7892
169.769,3.9961,9.3640,-5.7892
169.777,3.9961,9.3640,-5.7797
169.786,3.9961,9.3640,-5.7797
169.793,3.9961,9.3640,-5.7797
169.800,3.9961,9.3640,-5.7700
169.808,3.9961,9.3640,-5.7700
169.816,3.9961,9.3640,-5.7700
169.824,3.9961,9.3640,-5.7516
169.832,3.9961,9.3640,-5.7516
169.839,3.9961,9.3640,-5.7330
169.849,3.9961,9.3640,-5.7330
169.855,3.9961,9.3640,-5.7330
169.862,3.9961,9.3640,-5.7145
169.869,3.9961,9.3640,-5.7145
169.878,3.9961,9.3640,-5.6962
169.887,3.9961,9.3640,-5.6962
169.894,3.9961,9.3640,-5.6962
169.901,3.9961,9.3640,-5.6865
169.912,3.9961,9.3640,-5.6865
169.919,3.9961,9.3640,-5.6769
169.927,3.9961,9.3640,-5.6769
169.935,3.9961,9.3640,-5.6769
169.943,3.9961,9.3640,-5.6674
169.951,3.9961,9.3640,-5.6674
169.959,3.9961,9.3640,-5.6579
169.967,3.9961,9.3640,-5.6579
169.974,3.9961,9.3640,-5.6579
169.982,3.9961,9.3640,-5.6483
169.990,3.9961,9.3640,-5.6483
169.998,3.9961,9.3640,-5.6388
170.007,3.9961,9.3640,-5.6388
170.014,3.9961,9.3640,-5.6388
170.022,3.9961,9.3640,-5.6293
170.031,3.9961,9.3640,-5.6293
170.038,3.9961,9.3640,-5.6197
170.048,3.9961,9.3640,-5.6197
170.055,3.9961,9.3640,-5.6197
170.063,3.9961,9.3640,-5.6102
170.070,3.9961,9.3640,-5.6102
170.078,3.9961,9.3640,-5.6006
170.087,3.9961,9.3640,-5.6006
170.096,3.9961,9.3640,-5.6006
170.102,3.9961,9.3640,-5.5911
170.112,3.9961,9.3640,-5.5911
170.119,3.9961,9.3640,-5.5816
170.129,3.9961,9.3640,-5.5816
170.136,3.9961,9.3640,-5.5816
170.145,3.9961,9.3640,-5.5721
170.154,3.9961,9.3640,-5.5721
170.161,3.9961,9.3640,-5.5626
170.169,3.9961,9.3640,-5.5626
170.177,3.9961,9.3640,-5.5626
170.184,3.9961,9.3640,-5.5531
170.192,3.9961,9.3640,-5.5531
170.199,3.9961,9.3640,-5.5436
170.207,3.9961,9.3640,-5.5436
170.216,3.9961,9.3640,-5.5436
170.222,3.9961,9.3640,-5.5341
170.229,3.9961,9.3640,-5.5341
170.237,3.9961,9.3640,-5.5341
170.245,3.9961,9.3640,-5.5246
170.253,3.9961,9.3640,-5.5246
170.259,3.9961,9.3640,-5.5151
170.267,3.9961,9.3640,-5.5151
170.274,3.9961,9.3640,-5.5151
170.281,3.9961,9.3640,-5.5056
170.288,3.9961,9.3640,-5.5056
170.295,3.9961,9.3640,-5.5056
170.302,3.9961,9.3640,-5.4960
170.310,3.9961,9.3640,-5.4960
170.317,3.9961,9.3640,-5.4864
170.326,3.9961,9.3640,-5.4864
170.333,3.9961,9.3640,-5.4864
170.340,3.9961,9.3640,-5.4768
170.347,3.9961,9.3640,-5.4768
170.354,3.9961,9.3640,-5.4768
170.362,3.9961,9.3640,-5.4672
170.370,3.9961,9.3640,-5.4672
170.378,3.9961,9.3640,-5.4575
170.386,3.9961,9.3640,-5.4575
170.393,3.9961,9.3640,-5.4575
170.400,3.9961,9.3640,-5.4393
170.409,3.9961,9.3640,-5.4393
170.416,3.9961,9.3640,-5.4393
170.423,3.9961,9.3640,-5.4211
170.432,3.9961,9.3640,-5.4211
170.438,3.9961,9.3640,-5.4029
170.446,3.9961,9.3640,-5.4029
170.454,3.9961,9.3640,-5.4029
170.461,3.9961,9.3640,-5.3845
170.469,3.9961,9.3640,-5.3845
170.478,3.9961,9.3640,-5.3660
170.486,3.9961,9.3640,-5.3660
170.493,3.9961,9.3640,-5.3660
170.500,3.9961,9.3640,-5.3472
170.507,3.9961,9.3640,-5.3472
170.515,3.9961,9.3640,-5.3472
170.521,3.9961,9.3640,-5.3282
170.529,3.9961,9.3640,-5.3282
170.536,3.9961,9.3640,-5.3282
170.544,3.9961,9.3640,-5.3087
170.552,3.9961,9.3640,-5.3087
170.558,3.9961,9.3640,-5.2890
170.565,3.9961,9.3640,-5.2890
170.573,3.9961,9.3640,-5.2890
170.580,3.9961,9.3640,-5.2689
170.588,3.9961,9.3640,-5.2689
170.595,3.9961,9.3640,-5.2689
170.601,3.9961,9.3640,-5.2480
170.610,3.9961,9.3640,-5.2480
170.616,3.9961,9.3640,-5.2480
170.622,3.9961,9.3640,-5.2265
170.631,3.9961,9.3640,-5.2265
170.638,3.9961,9.3640,-5.2044
170.646,3.9961,9.3640,-5.2044
170.653,3.9961,9.3640,-5.2044
170.660,3.9961,9.3640,-5.1816
170.669,3.9961,9.3640,-5.1816
170.676,3.9961,9.3640,-5.1816
170.683,3.9961,9.3640,-5.1583
170.691,3.9961,9.3640,-5.1583
170.700,3.9961,9.3640,-5.1350
170.708,3.9961,9.3640,-5.1350
170.716,3.9961,9.3640,-5.1350
170.724,3.9961,9.3640,-5.1117
170.733,3.9961,9.3640,-5.1117
170.741,3.9961,9.3640,-5.0884
170.750,3.9961,9.3640,-5.0884
170.759,3.9961,9.3640,-5.0653
170.767,3.9961,9.3640,-5.0653
170.775,3.9961,9.3640,-5.0653
170.783,3.9961,9.3640,-5.0424
170.793,3.9961,9.3640,-5.0424
170.800,3.9961,9.3640,-5.0194
170.809,3.9961,9.3640,-5.0194
170.818,3.9961,9.3640,-4.9966
170.827,3.9961,9.3640,-4.9966
170.835,3.9961,9.3640,-4.9966
170.842,3.9961,9.3640,-4.9737
170.852,3.9961,9.3640,-4.9737
170.859,3.9961,9.3640,-4.9509
170.868,3.9961,9.3640,-4.9509
170.877,3.9961,9.3640,-4.9509
170.883,3.9961,9.3640,-4.9280
170.891,3.9961,9.3640,-4.9280
170.905,3.9961,9.3640,-4.9052
170.921,3.9961,9.3640,-4.8824
170.931,3.9961,9.3640,-4.8824
170.938,3.9961,9.3640,-4.8595
170.947,3.9961,9.3640,-4.8595
170.953,3.9961,9.3640,-4.8595
170.961,3.9961,9.3640,-4.8367
170.969,3.9961,9.3640,-4.8367
170.977,3.9961,9.3640,-4.8139
170.985,3.9961,9.3640,-4.8139
170.992,3.9961,9.3640,-4.8139
170.999,3.9961,9.3640,-4.7911
171.007,3.9961,9.3640,-4.7911
171.013,3.9961,9.3640,-4.7911
171.021,3.9961,9.3640,-4.7683
171.029,3.9961,9.3640,-4.7683
171.036,3.9961,9.3640,-4.7683
171.042,3.9961,9.3640,-4.7455
171.051,3.9961,9.3640,-4.7455
171.058,3.9961,9.3640,-4.7227
171.066,3.9961,9.3640,-4.7227
171.072,3.9961,9.3640,-4.7227
171.080,3.9961,9.3640,-4.7000
171.088,3.9961,9.3640,-4.7000
171.095,3.9961,9.3640,-4.7000
171.101,3.9961,9.3640,-4.6773
171.110,3.9961,9.3640,-4.6773
171.116,3.9961,9.3640,-4.6773
171.124,3.9961,9.3640,-4.6548
171.132,3.9961,9.3640,-4.6548
171.140,3.9961,9.3640,-4.6323
171.149,3.9961,9.3640,-4.6323
171.157,3.9961,9.3640,-4.6323
171.164,3.9961,9.3640,-4.6100
171.173,3.9961,9.3640,-4.6100
171.181,3.9961,9.3640,-4.5882
171.190,3.9961,9.3640,-4.5882
171.197,3.9961,9.3640,-4.5668
171.206,3.9961,9.3640,-4.5668
171.214,3.9961,9.3640,-4.5668
171.221,3.9961,9.3640,-4.5462
171.229,3.9961,9.3640,-4.5462
171.237,3.9961,9.3640,-4.5262
171.246,3.9961,9.3640,-4.5262
171.254,3.9961,9.3640,-4.5262
171.261,3.9961,9.3640,-4.5072
171.269,3.9961,9.3640,-4.5072
171.276,3.9961,9.3640,-4.5072
171.283,3.9961,9.3640,-4.4890
171.291,3.9961,9.3640,-4.4890
171.299,3.9961,9.3640,-4.4709
171.307,3.9961,9.3640,-4.4709
171.315,3.9961,9.3640,-4.4709
171.322,3.9961,9.3640,-4.4612
171.332,3.9961,9.3640,-4.4612
171.339,3.9961,9.3640,-4.4430
171.349,3.9961,9.3640,-4.4430
171.357,3.9961,9.3640,-4.4430
171.365,3.9961,9.3640,-4.4243
171.374,3.9961,9.3640,-4.4243
171.382,3.9961,9.3640,-4.4056
171.393,3.9961,9.3640,-4.4056
171.400,3.9961,9.3640,-4.3868
171.410,3.9961,9.3640,-4.3868
171.417,3.9961,9.3640,-4.3679
171.427,3.9961,9.3640,-4.3679
171.432,3.9961,9.3640,-4.3679
171.439,3.9961,9.3640,-4.3490
171.447,3.9961,9.3640,-4.3490
171.456,3.9961,9.3640,-4.3490
171.462,3.9961,9.3640,-4.3301
171.470,3.9961,9.3640,-4.3301
171.478,3.9961,9.3640,-4.3112
171.487,3.9961,9.3640,-4.3112
171.493,3.9961,9.3640,-4.3112
171.500,3.9961,9.3640,-4.2924
171.508,3.9961,9.3640,-4.2924
171.516,3.9961,9.3640,-4.2924
171.522,3.9961,9.3640,-4.2735
171.531,3.9961,9.3640,-4.2735
171.537,3.9961,9.3640,-4.2547
171.547,3.9961,9.3640,-4.2547
171.553,3.9961,9.3640,-4.2547
171.560,3.9961,9.3640,-4.2358
171.568,3.9961,9.3640,-4.2358
171.576,3.9961,9.3640,-4.2358
171.583,3.9961,9.3640,-4.2171
171.590,3.9961,9.3640,-4.2171
171.598,3.9961,9.3640,-4.1984
171.606,3.9961,9.3640,-4.1984
171.613,3.9961,9.3640,-4.1984
171.620,3.9961,9.3640,-4.1799
171.628,3.9961,9.3640,-4.1799
171.635,3.9961,9.3640,-4.1799
171.643,3.9961,9.3640,-4.1616
171.651,3.9961,9.3640,-4.1616
171.659,3.9961,9.3640,-4.1519
171.667,3.9961,9.3640,-4.1519
171.676,3.9961,9.3640,-4.1519
171.685,3.9961,9.3640,-4.1426
171.695,3.9961,9.3640,-4.1426
171.702,3.9961,9.3640,-4.1336
171.711,3.9961,9.3640,-4.1336
171.718,3.9961,9.3640,-4.1250
171.727,3.9961,9.3640,-4.1250
171.734,3.9961,9.3640,-4.1250
171.741,3.9961,9.3640,-4.1170
171.750,3.9961,9.3640,-4.1170
171.756,3.9961,9.3640,-4.1170
171.764,3.9961,9.3640,-4.1094
171.771,3.9961,9.3640,-4.1094
171.780,3.9961,9.3640,-4.1023
171.787,3.9961,9.3640,-4.1023
171.796,3.9961,9.3640,-4.1023
171.803,3.9961,9.3640,-4.0987
171.812,3.9961,9.3640,-4.0987
171.819,3.9961,9.3640,-4.0953
171.828,3.9961,9.3640,-4.0953
171.835,3.9961,9.3640,-4.0953
171.843,3.9961,9.3640,-4.0919
171.852,3.9961,9.3640,-4.0919
171.860,3.9961,9.3640,-4.0887
171.869,3.9961,9.3640,-4.0887
171.878,3.9961,9.3640,-4.0855
171.886,3.9961,9.3640,-4.0855
171.894,3.9961,9.3640,-4.0855
171.901,3.9961,9.3640,-4.0824
171.910,3.9961,9.3640,-4.0824
171.918,3.9961,9.3640,-4.0794
171.927,3.9961,9.3640,-4.0794
171.935,3.9961,9.3640,-4.0794
171.941,3.9961,9.3640,-4.0767
171.947,3.9961,9.3640,-4.0767
171.956,3.9961,9.3640,-4.0767
171.963,3.9961,9.3640,-4.0743
171.971,3.9961,9.3640,-4.0743
171.980,3.9961,9.3640,-4.0721
171.988,3.9961,9.3640,-4.0721
171.997,3.9961,9.3640,-4.0721
172.004,3.9961,9.3640,-4.0715
172.014,3.9961,9.3640,-4.0715
172.022,3.9961,9.3640,-4.0710
172.031,3.9961,9.3640,-4.0710
172.039,3.9961,9.3640,-4.0707
172.048,3.9961,9.3640,-4.0707
172.057,3.9961,9.3640,-4.0707
172.064,3.9961,9.3640,-4.0707
172.073,3.9961,9.3640,-4.0707
172.082,3.9961,9.3640,-4.0707
172.090,3.9961,9.3640,-4.0707
172.100,3.9961,9.3640,-4.0707
172.109,3.9961,9.3640,-4.0707
172.118,3.9961,9.3640,-4.0707
172.128,3.9961,9.3640,-4.0707
172.136,3.9961,9.3640,-4.0707
172.145,3.9961,9.3640,-4.0707
172.154,3.9961,9.3640,-4.0707
172.162,3.9961,9.3640,-4.0707
172.171,3.9961,9.3640,-4.0707
172.180,3.9961,9.3640,-4.0707
172.190,3.9961,9.3640,-4.0707
172.197,3.9961,9.3640,-4.0707
172.206,3.9961,9.3640,-4.0707
172.214,3.9961,9.3640,-4.0707
172.220,3.9961,9.3640,-4.0707
172.230,3.9961,9.3640,-4.0707
172.237,3.9961,9.3640,-4.0707
172.243,3.9961,9.3640,-4.0707
172.250,3.9961,9.3640,-4.0707
172.258,3.9961,9.3640,-4.0707
172.267,3.9961,9.3640,-4.0707
172.273,3.9961,9.3640,-4.0707
172.280,3.9961,9.3640,-4.0707
172.287,3.9961,9.3640,-4.0707
172.295,3.9961,9.3640,-4.0707
172.301,3.9961,9.3640,-4.0704
172.309,3.9961,9.3640,-4.0704
172.315,3.9961,9.3640,-4.0704
172.322,3.9961,9.3640,-4.0700
172.330,3.9961,9.3640,-4.0700
172.336,3.9961,9.3640,-4.0700
172.343,3.9961,9.3640,-4.0694
172.352,3.9961,9.3640,-4.0694
172.360,3.9961,9.3640,-4.0688
172.367,3.9961,9.3640,-4.0688
172.374,3.9961,9.3640,-4.0688
172.380,3.9961,9.3640,-4.0681
172.391,3.9961,9.3640,-4.0681
172.398,3.9961,9.3640,-4.0673
172.406,3.9961,9.3640,-4.0673
172.414,3.9961,9.3640,-4.0673
172.421,3.9961,9.3640,-4.0650
172.428,3.9961,9.3640,-4.0650
172.434,3.9961,9.3640,-4.0650
172.442,3.9961,9.3640,-4.0625
172.452,3.9961,9.3640,-4.0625
172.458,3.9961,9.3640,-4.0600
172.466,3.9961,9.3640,-4.0600
172.473,3.9961,9.3640,-4.0600
172.481,3.9961,9.3640,-4.0574
172.488,3.9961,9.3640,-4.0574
172.497,3.9961,9.3640,-4.0574
172.504,3.9961,9.3640,-4.0549
172.514,3.9961,9.3640,-4.0549
172.520,3.9961,9.3640,-4.0524
172.530,3.9961,9.3640,-4.0524
172.536,3.9961,9.3640,-4.0524
172.546,3.9961,9.3640,-4.0499
172.553,3.9961,9.3640,-4.0499
172.560,3.9961,9.3640,-4.0474
172.568,3.9961,9.3640,-4.0474
172.577,3.9961,9.3640,-4.0474
172.583,3.9961,9.3640,-4.0449
172.592,3.9961,9.3640,-4.0449
172.600,3.9961,9.3640,-4.0424
172.609,3.9961,9.3640,-4.0424
172.617,3.9961,9.3640,-4.0424
172.624,3.9961,9.3640,-4.0400
172.632,3.9961,9.3640,-4.0400
172.640,3.9961,9.3640,-4.0376
172.649,3.9961,9.3640,-4.0376
172.656,3.9961,9.3640,-4.0376
172.664,3.9961,9.3640,-4.0352
172.673,3.9961,9.3640,-4.0352
172.680,3.9961,9.3640,-4.0329
172.690,3.9961,9.3640,-4.0329
172.697,3.9961,9.3640,-4.0306
172.704,3.9961,9.3640,-4.0306
172.712,3.9961,9.3640,-4.0306
172.719,3.9961,9.3640,-4.0284
172.727,3.9961,9.3640,-4.0284
172.733,3.9961,9.3640,-4.0284
172.739,3.9961,9.3640,-4.0276
172.748,3.9961,9.3640,-4.0276
172.755,3.9961,9.3640,-4.0276
172.762,3.9961,9.3640,-4.0269
172.769,3.9961,9.3640,-4.0269
172.777,3.9961,9.3640,-4.0263
172.785,3.9961,9.3640,-4.0263
172.793,3.9961,9.3640,-4.0263
172.799,3.9961,9.3640,-4.0257
172.807,3.9961,9.3640,-4.0257
172.815,3.9961,9.3640,-4.0257
172.821,3.9961,9.3640,-4.0251
172.829,3.9961,9.3640,-4.0251
172.836,3.9961,9.3640,-4.0251
172.844,3.9961,9.3640,-4.0245
172.853,3.9961,9.3640,-4.0245
172.860,3.9961,9.3640,-4.0240
172.868,3.9961,9.3640,-4.0240
172.875,3.9961,9.3640,-4.0240
172.882,3.9961,9.3640,-4.0235
172.890,3.9961,9.3640,-4.0235
172.897,3.9961,9.3640,-4.0229
172.905,3.9961,9.3640,-4.0229
172.912,3.9961,9.3640,-4.0229
172.918,3.9961,9.3640,-4.0224
172.926,3.9961,9.3640,-4.0224
172.933,3.9961,9.3640,-4.0224
172.939,3.9961,9.3640,-4.0218
172.948,3.9961,9.3640,-4.0218
172.954,3.9961,9.3640,-4.0218
172.962,3.9961,9.3640,-4.0213
172.969,3.9961,9.3640,-4.0213
172.978,3.9961,9.3640,-4.0208
172.985,3.9961,9.3640,-4.0208
172.993,3.9961,9.3640,-4.0208
172.999,3.9961,9.3640,-4.0202
173.007,3.9961,9.3640,-4.0202
173.014,3.9961,9.3640,-4.0202
173.021,3.9961,9.3640,-4.0197
173.030,3.9961,9.3640,-4.0197
173.036,3.9961,9.3640,-4.0197
173.044,3.9961,9.3640,-4.0191
173.053,3.9961,9.3640,-4.0191
173.061,3.9961,9.3640,-4.0186
173.069,3.9961,9.3640,-4.0186
173.076,3.9961,9.3640,-4.0186
173.083,3.9961,9.3640,-4.0180
173.091,3.9961,9.3640,-4.0180
173.098,3.9961,9.3640,-4.0175
173.106,3.9961,9.3640,-4.0175
173.114,3.9961,9.3640,-4.0175
173.120,3.9961,9.3640,-4.0170
173.129,3.9961,9.3640,-4.0170
173.135,3.9961,9.3640,-4.0170
173.143,3.9961,9.3640,-4.0164
173.152,3.9961,9.3640,-4.0164
173.159,3.9961,9.3640,-4.0159
173.168,3.9961,9.3640,-4.0159
173.175,3.9961,9.3640,-4.0159
173.182,3.9961,9.3640,-4.0153
173.190,3.9961,9.3640,-4.0153
173.198,3.9961,9.3640,-4.0148
173.208,3.9961,9.3640,-4.0148
173.215,3.9961,9.3640,-4.0148
173.223,3.9961,9.3640,-4.0142
173.232,3.9961,9.3640,-4.0142
173.239,3.9961,9.3640,-4.0136
173.247,3.9961,9.3640,-4.0136
173.255,3.9961,9.3640,-4.0136
173.263,3.9961,9.3640,-4.0130
173.270,3.9961,9.3640,-4.0130
173.278,3.9961,9.3640,-4.0124
173.286,3.9961,9.3640,-4.0124
173.294,3.9961,9.3640,-4.0124
173.302,3.9961,9.3640,-4.0118
173.310,3.9961,9.3640,-4.0118
173.323,3.9961,9.3640,-4.0111
173.337,3.9961,9.3640,-4.0111
173.345,3.9961,9.3640,-4.0103
173.354,3.9961,9.3640,-4.0103
173.363,3.9961,9.3640,-4.0081
173.370,3.9961,9.3640,-4.0081
173.379,3.9961,9.3640,-4.0058
173.386,3.9961,9.3640,-4.0058
173.395,3.9961,9.3640,-4.0058
173.401,3.9961,9.3640,-4.0032
173.411,3.9961,9.3640,-4.0032
173.419,3.9961,9.3640,-4.0005
173.428,3.9961,9.3640,-4.0005
173.435,3.9961,9.3640,-4.0005
173.444,3.9961,9.3640,-3.9978
173.453,3.9961,9.3640,-3.9978
173.460,3.9961,9.3640,-3.9953
173.468,3.9961,9.3640,-3.9953
173.476,3.9961,9.3640,-3.9953
173.482,3.9961,9.3640,-3.9928
173.490,3.9961,9.3640,-3.9928
173.497,3.9961,9.3640,-3.9905
173.506,3.9961,9.3640,-3.9905
173.514,3.9961,9.3640,-3.9905
173.519,3.9961,9.3640,-3.9898
173.530,3.9961,9.3640,-3.9898
173.537,3.9961,9.3640,-3.9898
173.544,3.9961,9.3640,-3.9891
173.552,3.9961,9.3640,-3.9891
173.558,3.9961,9.3640,-3.9886
173.567,3.9961,9.3640,-3.9886
173.574,3.9961,9.3640,-3.9886
173.580,3.9961,9.3640,-3.9882
173.589,3.9961,9.3640,-3.9882
173.597,3.9961,9.3640,-3.9882
173.603,3.9961,9.3640,-3.9882
173.612,3.9961,9.3640,-3.9882
173.619,3.9961,9.3640,-3.9882
173.627,3.9961,9.3640,-3.9882
173.634,3.9961,9.3640,-3.9882
173.641,3.9961,9.3640,-3.9882
173.649,3.9961,9.3640,-3.9882
173.657,3.9961,9.3640,-3.9882
173.664,3.9961,9.3640,-3.9882
173.671,3.9961,9.3640,-3.9882
173.678,3.9961,9.3640,-3.9882
173.686,3.9961,9.3640,-3.9882
173.693,3.9961,9.3640,-3.9882
173.699,3.9961,9.3640,-3.9882
173.707,3.9961,9.3640,-3.9882
173.715,3.9961,9.3640,-3.9882
173.722,3.9961,9.3640,-3.9882
173.730,3.9961,9.3640,-3.9882
173.738,3.9961,9.3640,-3.9882
173.746,3.9961,9.3640,-3.9882
173.753,3.9961,9.3640,-3.9882
173.760,3.9961,9.3640,-3.9882
173.768,3.9961,9.3640,-3.9882
173.775,3.9961,9.3640,-3.9882
173.783,3.9961,9.3640,-3.9882
173.790,3.9961,9.3640,-3.9882
173.798,3.9961,9.3640,-3.9882
173.808,3.9961,9.3640,-3.9882
173.816,3.9961,9.3640,-3.9882
173.822,3.9961,9.3640,-3.9882
173.831,3.9961,9.3640,-3.9882
173.838,3.9961,9.3640,-3.9882
173.846,3.9961,9.3640,-3.9882
173.853,3.9961,9.3640,-3.9882
173.862,3.9961,9.3640,-3.9882
173.870,3.9961,9.3640,-3.9882
173.879,3.9961,9.3640,-3.9882
173.888,3.9961,9.3640,-3.9882
173.895,3.9961,9.3640,-3.9882
173.903,3.9961,9.3640,-3.9882
173.911,3.9961,9.3640,-3.9882
173.919,3.9961,9.3640,-3.9882
173.928,3.9961,9.3640,-3.9882
173.936,3.9961,9.3640,-3.9882
173.944,3.9961,9.3640,-3.9882
173.952,3.9961,9.3640,-3.9882
173.959,3.9961,9.3640,-3.9882
173.966,3.9961,9.3640,-3.9882
173.973,3.9961,9.3640,-3.9882
173.979,3.9961,9.3640,-3.9882
173.987,3.9961,9.3640,-3.9882
173.994,3.9961,9.3640,-3.9882
174.001,3.9961,9.3640,-3.9885
174.008,3.9961,9.3640,-3.9885
174.016,3.9961,9.3640,-3.9885
174.023,3.9961,9.3640,-3.9889
174.032,3.9961,9.3640,-3.9889
174.038,3.9961,9.3640,-3.9894
174.049,3.9961,9.3640,-3.9894
174.055,3.9961,9.3640,-3.9894
174.062,3.9961,9.3640,-3.9900
174.070,3.9961,9.3640,-3.9900
174.078,3.9961,9.3640,-3.9907
174.086,3.9961,9.3640,-3.9907
174.093,3.9961,9.3640,-3.9907
174.100,3.9961,9.3640,-3.9914
174.107,3.9961,9.3640,-3.9914
174.115,3.9961,9.3640,-3.9914
174.122,3.9961,9.3640,-3.9922
174.131,3.9961,9.3640,-3.9922
174.139,3.9961,9.3640,-3.9929
174.147,3.9961,9.3640,-3.9929
174.154,3.9961,9.3640,-3.9929
174.162,3.9961,9.3640,-3.9937
174.170,3.9961,9.3640,-3.9937
174.177,3.9961,9.3640,-3.9945
174.185,3.9961,9.3640,-3.9945
174.192,3.9961,9.3640,-3.9945
174.199,3.9961,9.3640,-3.9967
174.207,3.9961,9.3640,-3.9967
174.215,3.9961,9.3640,-3.9967
174.222,3.9961,9.3640,-3.9989
174.231,3.9961,9.3640,-3.9989
174.236,3.9961,9.3640,-3.9989
174.243,3.9961,9.3640,-4.0011
174.251,3.9961,9.3640,-4.0011
174.259,3.9961,9.3640,-4.0019
174.267,3.9961,9.3640,-4.0019
174.273,3.9961,9.3640,-4.0019
174.281,3.9961,9.3640,-4.0027
174.288,3.9961,9.3640,-4.0027
174.296,3.9961,9.3640,-4.0027
174.302,3.9961,9.3640,-4.0035
174.310,3.9961,9.3640,-4.0035
174.317,3.9961,9.3640,-4.0035
174.324,3.9961,9.3640,-4.0043
174.332,3.9961,9.3640,-4.0043
174.338,3.9961,9.3640,-4.0050
174.348,3.9961,9.3640,-4.0050
174.355,3.9961,9.3640,-4.0050
174.362,3.9961,9.3640,-4.0058
174.370,3.9961,9.3640,-4.0058
174.378,3.9961,9.3640,-4.0064
174.386,3.9961,9.3640,-4.0064
174.393,3.9961,9.3640,-4.0064
174.400,3.9961,9.3640,-4.0070
174.407,3.9961,9.3640,-4.0070
174.415,3.9961,9.3640,-4.0070
174.423,3.9961,9.3640,-4.0075
174.431,3.9961,9.3640,-4.0075
174.438,3.9961,9.3640,-4.0079
174.446,3.9961,9.3640,-4.0079
174.453,3.9961,9.3640,-4.0079
174.459,3.9961,9.3640,-4.0082
174.468,3.9961,9.3640,-4.0082
174.476,3.9961,9.3640,-4.0082
174.484,3.9961,9.3640,-4.0082
174.491,3.9961,9.3640,-4.0082
174.500,3.9961,9.3640,-4.0082
174.506,3.9961,9.3640,-4.0082
174.514,3.9961,9.3640,-4.0082
174.522,3.9961,9.3640,-4.0082
174.531,3.9961,9.3640,-4.0082
174.538,3.9961,9.3640,-4.0082
174.547,3.9961,9.3640,-4.0082
174.554,3.9961,9.3640,-4.0082
174.561,3.9961,9.3640,-4.0082
174.569,3.9961,9.3640,-4.0082
174.577,3.9961,9.3640,-4.0082
174.585,3.9961,9.3640,-4.0082
174.593,3.9961,9.3640,-4.0082
174.600,3.9961,9.3640,-4.0082
174.611,3.9961,9.3640,-4.0082
174.621,3.9961,9.3639,-4.0082
174.631,3.9961,9.3639,-4.0082
174.637,3.9961,9.3639,-4.0082
174.648,3.9961,9.3639,-4.0082
174.656,3.9961,9.3639,-4.0082
174.663,3.9961,9.3638,-4.0082
174.671,3.9961,9.3638,-4.0082
174.681,3.9961,9.3638,-4.0082
174.690,3.9961,9.3638,-4.0082
174.698,3.9961,9.3637,-4.0082
174.707,3.9961,9.3637,-4.0082
174.716,3.9961,9.3637,-4.0082
174.723,3.9961,9.3637,-4.0082
174.730,3.9961,9.3637,-4.0082
174.736,3.9961,9.3637,-4.0082
174.745,3.9961,9.3637,-4.0082
174.753,3.9961,9.3637,-4.0082
174.760,3.9961,9.3637,-4.0082
174.768,3.9961,9.3637,-4.0082
174.776,3.9961,9.3637,-4.0082
174.783,3.9961,9.3637,-4.0082
174.791,3.9961,9.3637,-4.0082
174.798,3.9961,9.3637,-4.0082
174.807,3.9961,9.3637,-4.0082
174.814,3.9961,9.3637,-4.0082
174.821,3.9961,9.3637,-4.0082
174.830,3.9961,9.3637,-4.0082
174.837,3.9961,9.3637,-4.0082
174.844,3.9961,9.3637,-4.0082
174.852,3.9961,9.3637,-4.0082
174.858,3.9961,9.3637,-4.0082
174.867,3.9961,9.3637,-4.0082
174.873,3.9961,9.3637,-4.0082
174.880,3.9961,9.3637,-4.0082
174.888,3.9961,9.3637,-4.0082
174.896,3.9961,9.3637,-4.0082
174.902,3.9961,9.3637,-4.0079
174.911,3.9961,9.3637,-4.0079
174.917,3.9961,9.3637,-4.0073
174.926,3.9961,9.3637,-4.0073
174.932,3.9961,9.3637,-4.0073
174.938,3.9961,9.3637,-4.0066
174.948,3.9961,9.3637,-4.0066
174.954,3.9961,9.3637,-4.0066
174.962,3.9961,9.3637,-4.0040
174.970,3.9961,9.3637,-4.0040
174.979,3.9961,9.3637,-4.0010
174.987,3.9961,9.3637,-4.0010
174.994,3.9961,9.3637,-4.0010
175.000,3.9961,9.3637,-3.9979
175.009,3.9961,9.3637,-3.9979
175.017,3.9961,9.3637,-3.9949
175.026,3.9961,9.3637,-3.9949
175.033,3.9961,9.3637,-3.9949
175.041,3.9961,9.3637,-3.9922
175.050,3.9961,9.3637,-3.9922
175.058,3.9961,9.3637,-3.9899
175.067,3.9961,9.3637,-3.9899
175.074,3.9961,9.3637,-3.9899
175.082,3.9961,9.3637,-3.9893
175.091,3.9961,9.3637,-3.9893
175.099,3.9961,9.3637,-3.9889
175.108,3.9961,9.3637,-3.9889
175.117,3.9961,9.3637,-3.9889
175.123,3.9961,9.3637,-3.9889
175.133,3.9961,9.3637,-3.9889
175.140,3.9961,9.3637,-3.9889
175.149,3.9961,9.3637,-3.9889
175.156,3.9961,9.3637,-3.9889
175.164,3.9961,9.3637,-3.9889
175.173,3.9961,9.3637,-3.9889
175.181,3.9961,9.3637,-3.9889
175.191,3.9961,9.3637,-3.9889
175.198,3.9961,9.3637,-3.9889
175.207,3.9961,9.3637,-3.9889
175.214,3.9961,9.3637,-3.9889
175.222,3.9961,9.3637,-3.9889
175.230,3.9961,9.3637,-3.9889
175.237,3.9961,9.3637,-3.9889
175.246,3.9961,9.3637,-3.9889
175.253,3.9961,9.3637,-3.9889
175.260,3.9961,9.3637,-3.9889
175.267,3.9961,9.3637,-3.9889
175.274,3.9961,9.3637,-3.9889
175.280,3.9961,9.3637,-3.9889
175.288,3.9961,9.3637,-3.9889
175.295,3.9961,9.3637,-3.9889
175.301,3.9961,9.3637,-3.9889
175.309,3.9961,9.3637,-3.9889
175.317,3.9961,9.3637,-3.9889
175.324,3.9961,9.3637,-3.9889
175.332,3.9961,9.3637,-3.9889
175.338,3.9961,9.3637,-3.9889
175.347,3.9961,9.3637,-3.9889
175.353,3.9961,9.3637,-3.9889
175.360,3.9961,9.3637,-3.9889
175.367,3.9961,9.3637,-3.9889
175.374,3.9961,9.3637,-3.9889
175.381,3.9961,9.3637,-3.9889
175.388,3.9961,9.3637,-3.9889
175.395,3.9961,9.3637,-3.9889
175.401,3.9961,9.3637,-3.9889
175.409,3.9961,9.3637,-3.9889
175.416,3.9961,9.3637,-3.9889
175.423,3.9961,9.3637,-3.9889
175.431,3.9961,9.3637,-3.9889
175.438,3.9961,9.3637,-3.9889
175.446,3.9961,9.3637,-3.9889
175.453,3.9961,9.3637,-3.9889
175.460,3.9961,9.3637,-3.9889
175.466,3.9961,9.3637,-3.9889
175.474,3.9961,9.3637,-3.9889
175.480,3.9961,9.3637,-3.9889
175.487,3.9961,9.3637,-3.9889
175.494,3.9961,9.3637,-3.9889
175.501,3.9961,9.3637,-3.9889
175.508,3.9961,9.3637,-3.9889
175.515,3.9961,9.3637,-3.9889
175.521,3.9961,9.3637,-3.9889
175.529,3.9961,9.3637,-3.9889
175.536,3.9961,9.3637,-3.9889
175.542,3.9961,9.3637,-3.9889
175.549,3.9961,9.3637,-3.9889
175.556,3.9961,9.3637,-3.9889
175.563,3.9961,9.3637,-3.9889
175.569,3.9961,9.3637,-3.9889
175.576,3.9961,9.3637,-3.9889
175.584,3.9961,9.3637,-3.9889
175.593,3.9961,9.3637,-3.9889
175.599,3.9961,9.3637,-3.9893
175.606,3.9961,9.3637,-3.9893
175.613,3.9961,9.3637,-3.9893
175.620,3.9961,9.3637,-3.9898
175.628,3.9961,9.3637,-3.9898
175.634,3.9961,9.3637,-3.9898
175.642,3.9961,9.3637,-3.9904
175.650,3.9961,9.3637,-3.9904
175.656,3.9961,9.3637,-3.9904
175.663,3.9961,9.3637,-3.9910
175.671,3.9961,9.3637,-3.9910
175.679,3.9961,9.3637,-3.9915
175.687,3.9961,9.3637,-3.9915
175.694,3.9961,9.3637,-3.9915
175.704,3.9961,9.3637,-3.9920
175.717,3.9961,9.3637,-3.9925
175.728,3.9961,9.3637,-3.9925
175.739,3.9961,9.3637,-3.9929
175.751,3.9961,9.3637,-3.9929
175.762,3.9961,9.3637,-3.9932
175.776,3.9961,9.3637,-3.9932
175.784,3.9961,9.3637,-3.9932
175.794,3.9961,9.3637,-3.9932
175.802,3.9961,9.3637,-3.9932
175.811,3.9961,9.3637,-3.9932
175.818,3.9961,9.3637,-3.9932
175.826,3.9961,9.3637,-3.9932
175.833,3.9961,9.3637,-3.9932
175.841,3.9961,9.3637,-3.9932
175.850,3.9961,9.3637,-3.9932
175.858,3.9961,9.3637,-3.9932
175.866,3.9961,9.3637,-3.9932
175.874,3.9961,9.3637,-3.9932
175.881,3.9961,9.3637,-3.9932
175.892,3.9961,9.3637,-3.9932
175.898,3.9961,9.3637,-3.9932
175.908,3.9961,9.3637,-3.9932
175.915,3.9961,9.3637,-3.9932
175.923,3.9961,9.3637,-3.9932
175.931,3.9961,9.3637,-3.9932
175.939,3.9961,9.3637,-3.9932
175.947,3.9961,9.3637,-3.9932
175.956,3.9961,9.3637,-3.9932
175.963,3.9961,9.3637,-3.9932
175.970,3.9961,9.3637,-3.9932
175.977,3.9961,9.3637,-3.9932
175.985,3.9961,9.3637,-3.9932
175.992,3.9961,9.3637,-3.9932
175.999,3.9961,9.3637,-3.9932
176.007,3.9961,9.3637,-3.9932
176.015,3.9961,9.3637,-3.9932
176.021,3.9961,9.3637,-3.9932
176.029,3.9961,9.3637,-3.9932
176.036,3.9961,9.3637,-3.9932
176.044,3.9961,9.3637,-3.9932
176.051,3.9961,9.3637,-3.9932
176.056,3.9961,9.3637,-3.9932
176.064,3.9961,9.3637,-3.9935
176.072,3.9961,9.3637,-3.9935
176.079,3.9961,9.3637,-3.9939
176.086,3.9961,9.3637,-3.9939
176.093,3.9961,9.3637,-3.9939
176.100,3.9961,9.3637,-3.9945
176.110,3.9961,9.3637,-3.9945
176.116,3.9961,9.3637,-3.9945
176.122,3.9961,9.3637,-3.9953
176.130,3.9961,9.3637,-3.9953
176.137,3.9961,9.3637,-3.9975
176.146,3.9961,9.3637,-3.9975
176.153,3.9961,9.3637,-3.9975
176.161,3.9961,9.3637,-3.9998
176.169,3.9961,9.3637,-3.9998
176.176,3.9961,9.3637,-3.9998
176.183,3.9961,9.3637,-4.0006
176.192,3.9961,9.3637,-4.0006
176.199,3.9961,9.3637,-4.0013
176.206,3.9961,9.3637,-4.0013
176.212,3.9961,9.3637,-4.0013
176.220,3.9961,9.3637,-4.0019
176.229,3.9961,9.3637,-4.0019
176.236,3.9961,9.3637,-4.0019
176.244,3.9961,9.3637,-4.0024
176.254,3.9961,9.3637,-4.0024
176.261,3.9961,9.3637,-4.0027
176.268,3.9961,9.3637,-4.0027
176.276,3.9961,9.3637,-4.0027
176.283,3.9961,9.3637,-4.0027
176.292,3.9961,9.3637,-4.0027
176.299,3.9961,9.3637,-4.0027
176.308,3.9961,9.3637,-4.0027
176.315,3.9961,9.3637,-4.0027
176.323,3.9961,9.3637,-4.0027
176.331,3.9961,9.3637,-4.0027
176.338,3.9961,9.3637,-4.0027
176.348,3.9961,9.3637,-4.0027
176.357,3.9961,9.3637,-4.0027
176.364,3.9961,9.3637,-4.0027
176.373,3.9961,9.3637,-4.0027
176.380,3.9961,9.3637,-4.0027
176.388,3.9961,9.3637,-4.0027
176.395,3.9961,9.3637,-4.0027
176.403,3.9961,9.3637,-4.0027
176.412,3.9961,9.3637,-4.0027
176.420,3.9961,9.3637,-4.0027
176.428,3.9961,9.3637,-4.0027
176.436,3.9961,9.3637,-4.0027
176.445,3.9961,9.3637,-4.0027
176.453,3.9961,9.3637,-4.0027
176.462,3.9961,9.3637,-4.0027
176.469,3.9961,9.3637,-4.0027
176.477,3.9961,9.3637,-4.0027
176.484,3.9961,9.3637,-4.0027
176.490,3.9961,9.3637,-4.0027
176.497,3.9961,9.3637,-4.0027
176.504,3.9961,9.3637,-4.0027
176.512,3.9961,9.3637,-4.0027
176.518,3.9961,9.3637,-4.0027
176.527,3.9961,9.3637,-4.0027
176.533,3.9961,9.3637,-4.0027
176.540,3.9961,9.3637,-4.0027
176.549,3.9961,9.3637,-4.0027
176.555,3.9961,9.3637,-4.0027
176.562,3.9961,9.3636,-4.0027
176.570,3.9961,9.3636,-4.0027
176.578,3.9961,9.3636,-4.0027
176.585,3.9961,9.3636,-4.0027
176.593,3.9961,9.3636,-4.0027
176.598,3.9961,9.3633,-4.0027
176.607,3.9961,9.3633,-4.0027
176.614,3.9961,9.3633,-4.0027
176.622,3.9961,9.3631,-4.0027
176.630,3.9961,9.3631,-4.0027
176.637,3.9961,9.3631,-4.0027
176.644,3.9961,9.3627,-4.0027
176.652,3.9961,9.3627,-4.0027
176.660,3.9961,9.3620,-4.0027
176.669,3.9961,9.3620,-4.0027
176.677,3.9961,9.3620,-4.0027
176.684,3.9961,9.3611,-4.0027
176.691,3.9961,9.3611,-4.0027
176.698,3.9961,9.3602,-4.0027
176.707,3.9961,9.3602,-4.0027
176.714,3.9961,9.3602,-4.0027
176.720,3.9961,9.3593,-4.0027
176.730,3.9961,9.3593,-4.0027
176.736,3.9961,9.3593,-4.0027
176.743,3.9961,9.3583,-4.0027
176.751,3.9961,9.3583,-4.0027
176.759,3.9961,9.3562,-4.0027
176.769,3.9961,9.3562,-4.0027
176.776,3.9961,9.3562,-4.0027
176.783,3.9961,9.3541,-4.0027
176.790,3.9961,9.3541,-4.0027
176.798,3.9961,9.3519,-4.0027
176.806,3.9961,9.3519,-4.0027
176.813,3.9961,9.3519,-4.0027
176.820,3.9961,9.3497,-4.0027
176.828,3.9961,9.3497,-4.0027
176.834,3.9961,9.3497,-4.0027
176.841,3.9961,9.3476,-4.0027
176.848,3.9961,9.3476,-4.0027
176.856,3.9961,9.3476,-4.0027
176.863,3.9961,9.3454,-4.0027
176.871,3.9961,9.3454,-4.0027
176.878,3.9961,9.3432,-4.0027
176.888,3.9961,9.3432,-4.0027
176.895,3.9961,9.3432,-4.0027
176.901,3.9961,9.3411,-4.0027
176.909,3.9961,9.3411,-4.0027
176.918,3.9961,9.3389,-4.0027
176.926,3.9961,9.3389,-4.0027
176.933,3.9961,9.3389,-4.0027
176.940,3.9961,9.3367,-4.0027
176.949,3.9961,9.3367,-4.0027
176.955,3.9961,9.3367,-4.0027
176.963,3.9961,9.3345,-4.0027
176.971,3.9961,9.3345,-4.0027
176.982,3.9961,9.3323,-4.0027
176.990,3.9961,9.3323,-4.0027
176.997,3.9961,9.3300,-4.0027
177.006,3.9961,9.3300,-4.0027
177.013,3.9961,9.3300,-4.0027
177.020,3.9961,9.3278,-4.0027
177.029,3.9961,9.3278,-4.0027
177.037,3.9961,9.3278,-4.0027
177.045,3.9961,9.3255,-4.0027
177.054,3.9961,9.3255,-4.0027
177.061,3.9961,9.3231,-4.0027
177.070,3.9961,9.3231,-4.0027
177.078,3.9961,9.3208,-4.0027
177.086,3.9961,9.3208,-4.0027
177.094,3.9961,9.3208,-4.0027
177.101,3.9961,9.3184,-4.0027
177.110,3.9961,9.3184,-4.0027
177.118,3.9961,9.3161,-4.0027
177.127,3.9961,9.3161,-4.0027
177.135,3.9961,9.3161,-4.0027
177.142,3.9961,9.3136,-4.0027
177.152,3.9961,9.3136,-4.0027
177.159,3.9961,9.3112,-4.0027
177.169,3.9961,9.3112,-4.0027
177.176,3.9961,9.3112,-4.0027
177.184,3.9961,9.3087,-4.0027
177.194,3.9961,9.3087,-4.0027
177.201,3.9961,9.3062,-4.0027
177.210,3.9961,9.3062,-4.0027
177.218,3.9961,9.3037,-4.0027
177.227,3.9961,9.3037,-4.0027
177.235,3.9961,9.3037,-4.0027
177.242,3.9961,9.3011,-4.0027
177.251,3.9961,9.3011,-4.0027
177.258,3.9961,9.2986,-4.0027
177.266,3.9961,9.2986,-4.0027
177.272,3.9961,9.2986,-4.0027
177.279,3.9961,9.2960,-4.0027
177.287,3.9961,9.2960,-4.0027
177.294,3.9961,9.2960,-4.0027
177.300,3.9961,9.2934,-4.0027
177.309,3.9961,9.2934,-4.0027
177.316,3.9961,9.2934,-4.0027
177.322,3.9961,9.2908,-4.0027
177.330,3.9961,9.2908,-4.0027
177.337,3.9961,9.2908,-4.0027
177.344,3.9961,9.2882,-4.0027
177.353,3.9961,9.2882,-4.0027
177.360,3.9961,9.2856,-4.0027
177.368,3.9961,9.2856,-4.0027
177.374,3.9961,9.2856,-4.0027
177.382,3.9961,9.2830,-4.0027
177.390,3.9961,9.2830,-4.0027
177.397,3.9961,9.2804,-4.0027
177.405,3.9961,9.2804,-4.0027
177.413,3.9961,9.2804,-4.0027
177.419,3.9961,9.2778,-4.0027
177.428,3.9961,9.2778,-4.0027
177.434,3.9961,9.2778,-4.0027
177.441,3.9961,9.2752,-4.0027
177.448,3.9961,9.2752,-4.0027
177.454,3.9961,9.2752,-4.0027
177.463,3.9961,9.2725,-4.0027
177.471,3.9961,9.2725,-4.0027
177.478,3.9961,9.2699,-4.0027
177.485,3.9961,9.2699,-4.0027
177.493,3.9961,9.2699,-4.0027
177.500,3.9961,9.2672,-4.0027
177.509,3.9961,9.2672,-4.0027
177.516,3.9961,9.2672,-4.0027
177.523,3.9961,9.2646,-4.0027
177.532,3.9961,9.2646,-4.0027
177.540,3.9961,9.2619,-4.0027
177.550,3.9961,9.2619,-4.0027
177.556,3.9961,9.2619,-4.0027
177.564,3.9961,9.2592,-4.0027
177.572,3.9961,9.2592,-4.0027
177.580,3.9961,9.2566,-4.0027
177.588,3.9961,9.2566,-4.0027
177.596,3.9961,9.2566,-4.0027
177.602,3.9961,9.2539,-4.0027
177.611,3.9961,9.2539,-4.0027
177.618,3.9961,9.2512,-4.0027
177.626,3.9961,9.2512,-4.0027
177.632,3.9961,9.2512,-4.0027
177.640,3.9961,9.2486,-4.0027
177.650,3.9961,9.2486,-4.0027
177.656,3.9961,9.2486,-4.0027
177.664,3.9961,9.2459,-4.0027
177.672,3.9961,9.2459,-4.0027
177.680,3.9961,9.2432,-4.0027
177.690,3.9961,9.2432,-4.0027
177.698,3.9961,9.2406,-4.0027
177.707,3.9961,9.2406,-4.0027
177.715,3.9961,9.2406,-4.0027
177.722,3.9961,9.2379,-4.0027
177.731,3.9961,9.2379,-4.0027
177.739,3.9961,9.2352,-4.0027
177.747,3.9961,9.2352,-4.0027
177.754,3.9961,9.2352,-4.0027
177.761,3.9961,9.2326,-4.0027
177.769,3.9961,9.2326,-4.0027
177.775,3.9961,9.2326,-4.0027
177.782,3.9961,9.2299,-4.0027
177.790,3.9961,9.2299,-4.0027
177.797,3.9961,9.2272,-4.0027
177.804,3.9961,9.2272,-4.0027
177.811,3.9961,9.2272,-4.0027
177.824,3.9961,9.2246,-4.0027
177.838,3.9961,9.2219,-4.0027
177.847,3.9961,9.2219,-4.0027
177.854,3.9961,9.2219,-4.0027
177.861,3.9961,9.2192,-4.0027
177.868,3.9961,9.2192,-4.0027
177.875,3.9961,9.2192,-4.0027
177.881,3.9961,9.2166,-4.0027
177.889,3.9961,9.2166,-4.0027
177.897,3.9961,9.2166,-4.0027
177.902,3.9961,9.2139,-4.0027
177.912,3.9961,9.2139,-4.0027
177.919,3.9961,9.2112,-4.0027
177.928,3.9961,9.2112,-4.0027
177.934,3.9961,9.2112,-4.0027
177.942,3.9961,9.2086,-4.0027
177.951,3.9961,9.2086,-4.0027
177.959,3.9961,9.2059,-4.0027
177.967,3.9961,9.2059,-4.0027
177.976,3.9961,9.2059,-4.0027
177.982,3.9961,9.2032,-4.0027
177.991,3.9961,9.2032,-4.0027
177.997,3.9961,9.2006,-4.0027
178.006,3.9961,9.2006,-4.0027
178.012,3.9961,9.2006,-4.0027
178.018,3.9961,9.1979,-4.0027
178.027,3.9961,9.1979,-4.0027
178.034,3.9961,9.1979,-4.0027
178.040,3.9961,9.1952,-4.0027
178.049,3.9961,9.1952,-4.0027
178.055,3.9961,9.1952,-4.0027
178.063,3.9961,9.1926,-4.0027
178.070,3.9961,9.1926,-4.0027
178.077,3.9961,9.1899,-4.0027
178.085,3.9961,9.1899,-4.0027
178.093,3.9961,9.1899,-4.0027
178.100,3.9961,9.1872,-4.0027
178.106,3.9961,9.1872,-4.0027
178.113,3.9961,9.1872,-4.0027
178.119,3.9961,9.1846,-4.0027
178.129,3.9961,9.1846,-4.0027
178.135,3.9961,9.1846,-4.0027
178.142,3.9961,9.1819,-4.0027
178.150,3.9961,9.1819,-4.0027
178.158,3.9961,9.1792,-4.0027
178.166,3.9961,9.1792,-4.0027
178.173,3.9961,9.1792,-4.0027
178.179,3.9961,9.1766,-4.0027
178.188,3.9961,9.1766,-4.0027
178.194,3.9961,9.1766,-4.0027
178.200,3.9961,9.1739,-4.0027
178.210,3.9961,9.1739,-4.0027
178.217,3.9961,9.1712,-4.0027
178.225,3.9961,9.1712,-4.0027
178.232,3.9961,9.1712,-4.0027
178.238,3.9961,9.1686,-4.0027
178.247,3.9961,9.1686,-4.0027
178.253,3.9961,9.1686,-4.0027
178.260,3.9961,9.1659,-4.0027
178.269,3.9961,9.1659,-4.0027
178.278,3.9961,9.1632,-4.0027
178.286,3.9961,9.1632,-4.0027
178.294,3.9961,9.1632,-4.0027
178.300,3.9961,9.1605,-4.0027
178.310,3.9961,9.1605,-4.0027
178.317,3.9961,9.1579,-4.0027
178.326,3.9961,9.1579,-4.0027
178.333,3.9961,9.1579,-4.0027
178.341,3.9961,9.1552,-4.0027
178.350,3.9961,9.1552,-4.0027
178.357,3.9961,9.1526,-4.0027
178.366,3.9961,9.1526,-4.0027
178.374,3.9961,9.1526,-4.0027
178.380,3.9961,9.1499,-4.0027
178.389,3.9961,9.1499,-4.0027
178.397,3.9961,9.1499,-4.0027
178.404,3.9961,9.1472,-4.0027
178.413,3.9961,9.1472,-4.0027
178.420,3.9961,9.1445,-4.0027
178.429,3.9961,9.1445,-4.0027
178.436,3.9961,9.1445,-4.0027
178.443,3.9961,9.1419,-4.0027
178.453,3.9961,9.1419,-4.0027
178.460,3.9961,9.1392,-4.0027
178.469,3.9961,9.1392,-4.0027
178.477,3.9961,9.1365,-4.0027
178.487,3.9961,9.1365,-4.0027
178.494,3.9961,9.1365,-4.0027
178.500,3.9961,9.1339,-4.0027
178.509,3.9961,9.1339,-4.0027
178.516,3.9961,9.1339,-4.0027
178.522,3.9961,9.1312,-4.0027
178.531,3.9961,9.1312,-4.0027
178.537,3.9961,9.1286,-4.0027
178.546,3.9961,9.1286,-4.0027
178.552,3.9961,9.1286,-4.0027
178.558,3.9961,9.1259,-4.0027
178.565,3.9961,9.1259,-4.0027
178.570,3.9961,9.1259,-4.0027
178.578,3.9961,9.1233,-4.0027
178.585,3.9961,9.1233,-4.0027
178.591,3.9961,9.1233,-4.0027
178.598,3.9961,9.1207,-4.0027
178.604,3.9961,9.1207,-4.0027
178.612,3.9961,9.1207,-4.0027
178.618,3.9961,9.1181,-4.0027
178.626,3.9961,9.1181,-4.0027
178.632,3.9961,9.1181,-4.0027
178.639,3.9961,9.1155,-4.0027
178.647,3.9961,9.1155,-4.0027
178.653,3.9961,9.1155,-4.0027
178.660,3.9961,9.1130,-4.0027
178.667,3.9961,9.1130,-4.0027
178.674,3.9961,9.1130,-4.0027
178.679,3.9961,9.1104,-4.0027
178.687,3.9961,9.1104,-4.0027
178.693,3.9961,9.1104,-4.0027
178.699,3.9961,9.1078,-4.0027
178.706,3.9961,9.1078,-4.0027
178.712,3.9961,9.1078,-4.0027
178.719,3.9961,9.1052,-4.0027
178.726,3.9961,9.1052,-4.0027
178.734,3.9961,9.1052,-4.0027
178.740,3.9961,9.1027,-4.0027
178.749,3.9961,9.1027,-4.0027
178.755,3.9961,9.1027,-4.0027
178.762,3.9961,9.1001,-4.0027
178.770,3.9961,9.1001,-4.0027
178.778,3.9961,9.0975,-4.0027
178.787,3.9961,9.0975,-4.0027
178.795,3.9961,9.0975,-4.0027
178.802,3.9961,9.0949,-4.0027
178.812,3.9961,9.0949,-4.0027
178.819,3.9961,9.0923,-4.0027
178.829,3.9961,9.0923,-4.0027
178.836,3.9961,9.0923,-4.0027
178.843,3.9961,9.0897,-4.0027
178.853,3.9961,9.0897,-4.0027
178.860,3.9961,9.0872,-4.0027
178.868,3.9961,9.0872,-4.0027
178.875,3.9961,9.0872,-4.0027
178.883,3.9961,9.0846,-4.0027
178.890,3.9961,9.0846,-4.0027
178.897,3.9961,9.0846,-4.0027
178.905,3.9961,9.0820,-4.0027
178.915,3.9961,9.0820,-4.0027
178.921,3.9961,9.0794,-4.0027
178.931,3.9961,9.0794,-4.0027
178.937,3.9961,9.0768,-4.0027
178.947,3.9961,9.0768,-4.0027
178.954,3.9961,9.0768,-4.0027
178.963,3.9961,9.0742,-4.0027
178.971,3.9961,9.0742,-4.0027
178.981,3.9961,9.0716,-4.0027
178.989,3.9961,9.0716,-4.0027
178.997,3.9961,9.0716,-4.0027
179.003,3.9961,9.0691,-4.0027
179.013,3.9961,9.0691,-4.0027
179.018,3.9961,9.0665,-4.0027
179.027,3.9961,9.0665,-4.0027
179.034,3.9961,9.0665,-4.0027
179.041,3.9961,9.0639,-4.0027
179.049,3.9961,9.0639,-4.0027
179.056,3.9961,9.0639,-4.0027
179.063,3.9961,9.0613,-4.0027
179.071,3.9961,9.0613,-4.0027
179.077,3.9961,9.0587,-4.0027
179.087,3.9961,9.0587,-4.0027
179.094,3.9961,9.0587,-4.0027
179.100,3.9961,9.0562,-4.0027
179.108,3.9961,9.0562,-4.0027
179.114,3.9961,9.0562,-4.0027
179.121,3.9961,9.0536,-4.0027
179.129,3.9961,9.0536,-4.0027
179.136,3.9961,9.0536,-4.0027
179.144,3.9961,9.0510,-4.0027
179.152,3.9961,9.0510,-4.0027
179.158,3.9961,9.0484,-4.0027
179.166,3.9961,9.0484,-4.0027
179.173,3.9961,9.0484,-4.0027
179.180,3.9961,9.0458,-4.0027
179.189,3.9961,9.0458,-4.0027
179.195,3.9961,9.0458,-4.0027
179.201,3.9961,9.0432,-4.0027
179.209,3.9961,9.0432,-4.0027
179.215,3.9961,9.0432,-4.0027
179.222,3.9961,9.0406,-4.0027
179.231,3.9961,9.0406,-4.0027
179.238,3.9961,9.0381,-4.0027
179.246,3.9961,9.0381,-4.0027
179.253,3.9961,9.0381,-4.0027
179.260,3.9961,9.0355,-4.0027
179.269,3.9961,9.0355,-4.0027
179.276,3.9961,9.0355,-4.0027
179.283,3.9961,9.0329,-4.0027
179.290,3.9961,9.0329,-4.0027
179.297,3.9961,9.0303,-4.0027
179.306,3.9961,9.0303,-4.0027
179.313,3.9961,9.0303,-4.0027
179.320,3.9961,9.0277,-4.0027
179.328,3.9961,9.0277,-4.0027
179.335,3.9961,9.0277,-4.0027
179.342,3.9961,9.0251,-4.0027
179.351,3.9961,9.0251,-4.0027
179.357,3.9961,9.0225,-4.0027
179.366,3.9961,9.0225,-4.0027
179.372,3.9961,9.0225,-4.0027
179.379,3.9961,9.0200,-4.0027
179.386,3.9961,9.0200,-4.0027
179.394,3.9961,9.0200,-4.0027
179.400,3.9961,9.0174,-4.0027
179.408,3.9961,9.0174,-4.0027
179.416,3.9961,9.0174,-4.0027
179.423,3.9961,9.0148,-4.0027
179.431,3.9961,9.0148,-4.0027
179.437,3.9961,9.0122,-4.0027
179.446,3.9961,9.0122,-4.0027
179.453,3.9961,9.0122,-4.0027
179.461,3.9961,9.0096,-4.0027
179.470,3.9961,9.0096,-4.0027
179.480,3.9961,9.0070,-4.0027
179.490,3.9961,9.0070,-4.0027
179.496,3.9961,9.0070,-4.0027
179.505,3.9961,9.0045,-4.0027
179.515,3.9961,9.0045,-4.0027
179.524,3.9961,9.0019,-4.0027
179.534,3.9961,9.0019,-4.0027
179.541,3.9961,8.9993,-4.0027
179.552,3.9961,8.9993,-4.0027
179.559,3.9961,8.9967,-4.0027
179.568,3.9961,8.9967,-4.0027
179.579,3.9961,8.9941,-4.0027
179.590,3.9961,8.9941,-4.0027
179.599,3.9961,8.9915,-4.0027
179.609,3.9961,8.9915,-4.0027
179.617,3.9961,8.9915,-4.0027
179.624,3.9961,8.9890,-4.0027
179.635,3.9961,8.9890,-4.0027
179.643,3.9961,8.9864,-4.0027
179.653,3.9961,8.9864,-4.0027
179.661,3.9961,8.9838,-4.0027
179.669,3.9961,8.9838,-4.0027
179.676,3.9961,8.9838,-4.0027
179.683,3.9961,8.9812,-4.0027
179.691,3.9961,8.9812,-4.0027
179.698,3.9961,8.9786,-4.0027
179.707,3.9961,8.9786,-4.0027
179.714,3.9961,8.9786,-4.0027
179.721,3.9961,8.9761,-4.0027
179.731,3.9961,8.9761,-4.0027
179.738,3.9961,8.9735,-4.0027
179.748,3.9961,8.9735,-4.0027
179.756,3.9961,8.9735,-4.0027
179.763,3.9961,8.9709,-4.0027
179.770,3.9961,8.9709,-4.0027
179.777,3.9961,8.9683,-4.0027
179.785,3.9961,8.9683,-4.0027
179.792,3.9961,8.9683,-4.0027
179.799,3.9961,8.9657,-4.0027
179.808,3.9961,8.9657,-4.0027
179.817,3.9961,8.9657,-4.0027
179.824,3.9961,8.9631,-4.0027
179.834,3.9961,8.9631,-4.0027
179.843,3.9961,8.9605,-4.0027
179.853,3.9961,8.9605,-4.0027
179.861,3.9961,8.9579,-4.0027
179.880,3.9961,8.9553,-4.0027
179.891,3.9961,8.9553,-4.0027
179.898,3.9961,8.9527,-4.0027
179.909,3.9961,8.9527,-4.0027
179.917,3.9961,8.9501,-4.0027
179.928,3.9961,8.9501,-4.0027
179.935,3.9961,8.9501,-4.0027
179.944,3.9961,8.9475,-4.0027
179.953,3.9961,8.9475,-4.0027
179.961,3.9961,8.9450,-4.0027
179.970,3.9961,8.9450,-4.0027
179.979,3.9961,8.9424,-4.0027
179.988,3.9961,8.9424,-4.0027
179.996,3.9961,8.9424,-4.0027
180.004,3.9961,8.9398,-4.0027
180.015,3.9961,8.9398,-4.0027
180.025,3.9961,8.9372,-4.0027
180.036,3.9961,8.9372,-4.0027
180.045,3.9961,8.9346,-4.0027
180.054,3.9961,8.9346,-4.0027
180.063,3.9961,8.9320,-4.0027
180.072,3.9961,8.9320,-4.0027
180.081,3.9961,8.9294,-4.0027
180.092,3.9961,8.9294,-4.0027
180.100,3.9961,8.9268,-4.0027
180.111,3.9961,8.9268,-4.0027
180.119,3.9961,8.9242,-4.0027
180.129,3.9961,8.9242,-4.0027
180.137,3.9961,8.9242,-4.0027
180.147,3.9961,8.9216,-4.0027
180.158,3.9961,8.9190,-4.0027
180.166,3.9961,8.9190,-4.0027
180.175,3.9961,8.9190,-4.0027
180.184,3.9961,8.9164,-4.0027
180.195,3.9961,8.9164,-4.0027
180.203,3.9961,8.9138,-4.0027
180.213,3.9961,8.9138,-4.0027
180.221,3.9961,8.9112,-4.0027
180.231,3.9961,8.9112,-4.0027
180.241,3.9961,8.9086,-4.0027
180.251,3.9961,8.9086,-4.0027
180.257,3.9961,8.9060,-4.0027
180.267,3.9961,8.9060,-4.0027
180.275,3.9961,8.9060,-4.0027
180.282,3.9961,8.9034,-4.0027
180.290,3.9961,8.9034,-4.0027
180.297,3.9961,8.9008,-4.0027
180.306,3.9961,8.9008,-4.0027
180.312,3.9961,8.9008,-4.0027
180.319,3.9961,8.8982,-4.0027
180.329,3.9961,8.8982,-4.0027
180.335,3.9961,8.8982,-4.0027
180.342,3.9961,8.8956,-4.0027
180.351,3.9961,8.8956,-4.0027
180.358,3.9961,8.8930,-4.0027
180.366,3.9961,8.8930,-4.0027
180.373,3.9961,8.8930,-4.0027
180.379,3.9961,8.8904,-4.0027
180.387,3.9961,8.8904,-4.0027
180.395,3.9961,8.8904,-4.0027
180.400,3.9961,8.8878,-4.0027
180.409,3.9961,8.8878,-4.0027
180.416,3.9961,8.8878,-4.0027
180.422,3.9961,8.8851,-4.0027
180.430,3.9961,8.8851,-4.0027
180.436,3.9961,8.8851,-4.0027
180.443,3.9961,8.8825,-4.0027
180.452,3.9961,8.8825,-4.0027
180.459,3.9961,8.8799,-4.0027
180.468,3.9961,8.8799,-4.0027
180.475,3.9961,8.8799,-4.0027
180.483,3.9961,8.8773,-4.0027
180.491,3.9961,8.8773,-4.0027
180.500,3.9961,8.8747,-4.0027
180.511,3.9961,8.8747,-4.0027
180.518,3.9961,8.8721,-4.0027
180.526,3.9961,8.8721,-4.0027
180.533,3.9961,8.8721,-4.0027
180.541,3.9961,8.8695,-4.0027
180.550,3.9961,8.8695,-4.0027
180.556,3.9961,8.8695,-4.0027
180.564,3.9961,8.8669,-4.0027
180.570,3.9961,8.8669,-4.0027
180.578,3.9961,8.8643,-4.0027
180.586,3.9961,8.8643,-4.0027
180.594,3.9961,8.8643,-4.0027
180.600,3.9961,8.8617,-4.0027
180.609,3.9961,8.8617,-4.0027
180.615,3.9961,8.8617,-4.0027
180.623,3.9961,8.8591,-4.0027
180.633,3.9961,8.8591,-4.0027
180.641,3.9961,8.8565,-4.0027
180.650,3.9961,8.8565,-4.0027
180.657,3.9961,8.8539,-4.0027
180.667,3.9961,8.8539,-4.0027
180.673,3.9961,8.8539,-4.0027
180.680,3.9961,8.8513,-4.0027
180.688,3.9961,8.8513,-4.0027
180.696,3.9961,8.8513,-4.0027
180.702,3.9961,8.8487,-4.0027
180.710,3.9961,8.8487,-4.0027
180.718,3.9961,8.8461,-4.0027
180.727,3.9961,8.8461,-4.0027
180.734,3.9961,8.8461,-4.0027
180.740,3.9961,8.8435,-4.0027
180.749,3.9961,8.8435,-4.0027
180.757,3.9961,8.8435,-4.0027
180.764,3.9961,8.8409,-4.0027
180.773,3.9961,8.8409,-4.0027
180.781,3.9961,8.8383,-4.0027
180.790,3.9961,8.8383,-4.0027
180.797,3.9961,8.8357,-4.0027
180.806,3.9961,8.8357,-4.0027
180.814,3.9961,8.8357,-4.0027
180.821,3.9961,8.8331,-4.0027
180.829,3.9961,8.8331,-4.0027
180.836,3.9961,8.8331,-4.0027
180.844,3.9961,8.8304,-4.0027
180.853,3.9961,8.8304,-4.0027
180.861,3.9961,8.8278,-4.0027
180.868,3.9961,8.8278,-4.0027
180.876,3.9961,8.8278,-4.0027
180.884,3.9961,8.8252,-4.0027
180.894,3.9961,8.8252,-4.0027
180.900,3.9961,8.8226,-4.0027
180.911,3.9961,8.8226,-4.0027
180.917,3.9961,8.8200,-4.0027
180.927,3.9961,8.8200,-4.0027
180.934,3.9961,8.8200,-4.0027
180.942,3.9961,8.8174,-4.0027
180.951,3.9961,8.8174,-4.0027
180.959,3.9961,8.8148,-4.0027
180.968,3.9961,8.8148,-4.0027
180.975,3.9961,8.8148,-4.0027
180.983,3.9961,8.8122,-4.0027
180.990,3.9961,8.8122,-4.0027
180.999,3.9961,8.8096,-4.0027
181.008,3.9961,8.8096,-4.0027
181.016,3.9961,8.8096,-4.0027
181.024,3.9961,8.8070,-4.0027
181.033,3.9961,8.8070,-4.0027
181.039,3.9961,8.8044,-4.0027
181.048,3.9961,8.8044,-4.0027
181.054,3.9961,8.8044,-4.0027
181.061,3.9961,8.8018,-4.0027
181.069,3.9961,8.8018,-4.0027
181.077,3.9961,8.7992,-4.0027
181.085,3.9961,8.7992,-4.0027
181.092,3.9961,8.7992,-4.0027
181.100,3.9961,8.7965,-4.0027
181.108,3.9961,8.7965,-4.0027
181.116,3.9961,8.7965,-4.0027
181.123,3.9961,8.7939,-4.0027
181.132,3.9961,8.7939,-4.0027
181.138,3.9961,8.7913,-4.0027
181.148,3.9961,8.7913,-4.0027
181.155,3.9961,8.7913,-4.0027
181.162,3.9961,8.7887,-4.0027
181.169,3.9961,8.7887,-4.0027
181.178,3.9961,8.7861,-4.0027
181.186,3.9961,8.7861,-4.0027
181.193,3.9961,8.7861,-4.0027
181.200,3.9961,8.7835,-4.0027
181.208,3.9961,8.7835,-4.0027
181.215,3.9961,8.7835,-4.0027
181.222,3.9961,8.7809,-4.0027
181.230,3.9961,8.7809,-4.0027
181.237,3.9961,8.7783,-4.0027
181.246,3.9961,8.7783,-4.0027
181.252,3.9961,8.7783,-4.0027
181.262,3.9961,8.7757,-4.0027
181.271,3.9961,8.7757,-4.0027
181.278,3.9961,8.7730,-4.0027
181.287,3.9961,8.7730,-4.0027
181.295,3.9961,8.7730,-4.0027
181.302,3.9961,8.7704,-4.0027
181.311,3.9961,8.7704,-4.0027
181.319,3.9961,8.7678,-4.0027
181.327,3.9961,8.7678,-4.0027
181.334,3.9961,8.7678,-4.0027
181.341,3.9961,8.7652,-4.0027
181.351,3.9961,8.7652,-4.0027
181.359,3.9961,8.7626,-4.0027
181.368,3.9961,8.7626,-4.0027
181.375,3.9961,8.7626,-4.0027
181.383,3.9961,8.7600,-4.0027
181.393,3.9961,8.7600,-4.0027
181.400,3.9961,8.7574,-4.0027
181.408,3.9961,8.7574,-4.0027
181.416,3.9961,8.7574,-4.0027
181.424,3.9961,8.7548,-4.0027
181.432,3.9961,8.7548,-4.0027
181.440,3.9961,8.7522,-4.0027
181.450,3.9961,8.7522,-4.0027
181.457,3.9961,8.7496,-4.0027
181.465,3.9961,8.7496,-4.0027
181.473,3.9961,8.7496,-4.0027
181.480,3.9961,8.7469,-4.0027
181.489,3.9961,8.7469,-4.0027
181.496,3.9961,8.7469,-4.0027
181.503,3.9961,8.7443,-4.0027
181.515,3.9961,8.7443,-4.0027
181.522,3.9961,8.7417,-4.0027
181.531,3.9961,8.7417,-4.0027
181.540,3.9961,8.7391,-4.0027
181.549,3.9961,8.7391,-4.0027
181.555,3.9961,8.7391,-4.0027
181.562,3.9961,8.7365,-4.0027
181.569,3.9961,8.7365,-4.0027
181.576,3.9961,8.7365,-4.0027
181.582,3.9961,8.7339,-4.0027
181.590,3.9961,8.7339,-4.0027
181.598,3.9961,8.7313,-4.0027
181.606,3.9961,8.7313,-4.0027
181.614,3.9961,8.7313,-4.0027
181.623,3.9961,8.7287,-4.0027
181.636,3.9961,8.7287,-4.0027
181.646,3.9961,8.7260,-4.0027
181.659,3.9961,8.7234,-4.0027
181.669,3.9961,8.7234,-4.0027
181.678,3.9961,8.7208,-4.0027
181.688,3.9961,8.7208,-4.0027
181.697,3.9961,8.7208,-4.0027
181.706,3.9961,8.7182,-4.0027
181.716,3.9961,8.7182,-4.0027
181.723,3.9961,8.7156,-4.0027
181.731,3.9961,8.7156,-4.0027
181.738,3.9961,8.7130,-4.0027
181.747,3.9961,8.7130,-4.0027
181.754,3.9961,8.7130,-4.0027
181.760,3.9961,8.7104,-4.0027
181.768,3.9961,8.7104,-4.0027
181.774,3.9961,8.7104,-4.0027
181.783,3.9961,8.7078,-4.0027
181.792,3.9961,8.7078,-4.0027
181.801,3.9961,8.7052,-4.0027
181.811,3.9961,8.7052,-4.0027
181.819,3.9961,8.7025,-4.0027
181.827,3.9961,8.7025,-4.0027
181.834,3.9961,8.7025,-4.0027
181.841,3.9961,8.6999,-4.0027
181.849,3.9961,8.6999,-4.0027
181.856,3.9961,8.6999,-4.0027
181.863,3.9961,8.6973,-4.0027
181.870,3.9961,8.6973,-4.0027
181.878,3.9961,8.6947,-4.0027
181.885,3.9961,8.6947,-4.0027
181.891,3.9961,8.6947,-4.0027
181.899,3.9961,8.6921,-4.0027
181.909,3.9961,8.6921,-4.0027
181.916,3.9961,8.6921,-4.0027
181.922,3.9961,8.6895,-4.0027
181.931,3.9961,8.6895,-4.0027
181.937,3.9961,8.6869,-4.0027
181.947,3.9961,8.6869,-4.0027
181.954,3.9961,8.6869,-4.0027
181.963,3.9961,8.6843,-4.0027
181.970,3.9961,8.6843,-4.0027
181.978,3.9961,8.6816,-4.0027
181.986,3.9961,8.6816,-4.0027
181.993,3.9961,8.6816,-4.0027
182.000,3.9961,8.6790,-4.0027
182.009,3.9961,8.6790,-4.0027
182.016,3.9961,8.6790,-4.0027
182.024,3.9961,8.6764,-4.0027
182.031,3.9961,8.6764,-4.0027
182.048,3.9961,8.6738,-4.0027
182.058,3.9961,8.6712,-4.0027
182.066,3.9961,8.6712,-4.0027
182.074,3.9961,8.6712,-4.0027
182.082,3.9961,8.6686,-4.0027
182.090,3.9961,8.6686,-4.0027
182.099,3.9961,8.6660,-4.0027
182.108,3.9961,8.6660,-4.0027
182.117,3.9961,8.6660,-4.0027
182.124,3.9961,8.6633,-4.0027
182.133,3.9961,8.6633,-4.0027
182.141,3.9961,8.6607,-4.0027
182.151,3.9961,8.6607,-4.0027
182.159,3.9961,8.6581,-4.0027
182.168,3.9961,8.6581,-4.0027
182.176,3.9961,8.6581,-4.0027
182.185,3.9961,8.6555,-4.0027
182.193,3.9961,8.6555,-4.0027
182.200,3.9961,8.6529,-4.0027
182.208,3.9961,8.6529,-4.0027
182.214,3.9961,8.6529,-4.0027
182.222,3.9961,8.6503,-4.0027
182.232,3.9961,8.6503,-4.0027
182.240,3.9961,8.6477,-4.0027
182.249,3.9961,8.6477,-4.0027
182.256,3.9961,8.6477,-4.0027
182.264,3.9961,8.6451,-4.0027
182.273,3.9961,8.6451,-4.0027
182.281,3.9961,8.6424,-4.0027
182.290,3.9961,8.6424,-4.0027
182.297,3.9961,8.6398,-4.0027
182.304,3.9961,8.6398,-4.0027
182.311,3.9961,8.6398,-4.0027
182.319,3.9961,8.6372,-4.0027
182.327,3.9961,8.6372,-4.0027
182.333,3.9961,8.6372,-4.0027
182.341,3.9961,8.6346,-4.0027
182.350,3.9961,8.6346,-4.0027
182.357,3.9961,8.6320,-4.0027
182.365,3.9961,8.6320,-4.0027
182.372,3.9961,8.6320,-4.0027
182.379,3.9961,8.6294,-4.0027
182.388,3.9961,8.6294,-4.0027
182.396,3.9961,8.6294,-4.0027
182.402,3.9961,8.6268,-4.0027
182.411,3.9961,8.6268,-4.0027
182.418,3.9961,8.6241,-4.0027
182.426,3.9961,8.6241,-4.0027
182.434,3.9961,8.6241,-4.0027
182.441,3.9961,8.6215,-4.0027
182.450,3.9961,8.6215,-4.0027
182.457,3.9961,8.6189,-4.0027
182.466,3.9961,8.6189,-4.0027
182.473,3.9961,8.6189,-4.0027
182.480,3.9961,8.6163,-4.0027
182.489,3.9961,8.6163,-4.0027
182.496,3.9961,8.6163,-4.0027
182.502,3.9961,8.6137,-4.0027
182.512,3.9961,8.6137,-4.0027
182.518,3.9961,8.6111,-4.0027
182.527,3.9961,8.6111,-4.0027
182.533,3.9961,8.6111,-4.0027
182.540,3.9961,8.6085,-4.0027
182.548,3.9961,8.6085,-4.0027
182.555,3.9961,8.6085,-4.0027
182.562,3.9961,8.6058,-4.0027
182.570,3.9961,8.6058,-4.0027
182.578,3.9961,8.6032,-4.0027
182.586,3.9961,8.6032,-4.0027
182.593,3.9961,8.6032,-4.0027
182.601,3.9961,8.6006,-4.0027
182.609,3.9961,8.6006,-4.0027
182.617,3.9961,8.5980,-4.0027
182.624,3.9961,8.5980,-4.0027
182.632,3.9961,8.5980,-4.0027
182.639,3.9961,8.5954,-4.0027
182.649,3.9961,8.5954,-4.0027
182.658,3.9961,8.5928,-4.0027
182.666,3.9961,8.5928,-4.0027
182.673,3.9961,8.5928,-4.0027
182.680,3.9961,8.5901,-4.0027
182.688,3.9961,8.5901,-4.0027
182.695,3.9961,8.5901,-4.0027
182.701,3.9961,8.5875,-4.0027
182.710,3.9961,8.5875,-4.0027
182.717,3.9961,8.5875,-4.0027
182.723,3.9961,8.5849,-4.0027
182.731,3.9961,8.5849,-4.0027
182.738,3.9961,8.5823,-4.0027
182.747,3.9961,8.5823,-4.0027
182.754,3.9961,8.5823,-4.0027
182.761,3.9961,8.5797,-4.0027
182.769,3.9961,8.5797,-4.0027
182.778,3.9961,8.5771,-4.0027
182.787,3.9961,8.5771,-4.0027
182.794,3.9961,8.5771,-4.0027
182.801,3.9961,8.5744,-4.0027
182.809,3.9961,8.5744,-4.0027
182.816,3.9961,8.5744,-4.0027
182.822,3.9961,8.5718,-4.0027
182.830,3.9961,8.5718,-4.0027
182.836,3.9961,8.5718,-4.0027
182.842,3.9961,8.5692,-4.0027
182.851,3.9961,8.5692,-4.0027
182.858,3.9961,8.5666,-4.0027
182.866,3.9961,8.5666,-4.0027
182.874,3.9961,8.5666,-4.0027
182.881,3.9961,8.5640,-4.0027
182.888,3.9961,8.5640,-4.0027
182.896,3.9961,8.5640,-4.0027
182.902,3.9961,8.5614,-4.0027
182.910,3.9961,8.5614,-4.0027
182.918,3.9961,8.5588,-4.0027
182.925,3.9961,8.5588,-4.0027
182.931,3.9961,8.5588,-4.0027
182.937,3.9961,8.5561,-4.0027
182.947,3.9961,8.5561,-4.0027
182.953,3.9961,8.5561,-4.0027
182.961,3.9961,8.5535,-4.0027
182.968,3.9961,8.5535,-4.0027
182.975,3.9961,8.5535,-4.0027
182.983,3.9961,8.5509,-4.0027
182.991,3.9961,8.5509,-4.0027
182.996,3.9961,8.5509,-4.0027
183.002,3.9961,8.5483,-4.0027
183.012,3.9961,8.5483,-4.0027
183.019,3.9961,8.5457,-4.0027
183.028,3.9961,8.5457,-4.0027
183.034,3.9961,8.5457,-4.0027
183.042,3.9961,8.5431,-4.0027
183.052,3.9961,8.5431,-4.0027
183.059,3.9961,8.5405,-4.0027
183.067,3.9961,8.5405,-4.0027
183.075,3.9961,8.5405,-4.0027
183.082,3.9961,8.5378,-4.0027
183.090,3.9961,8.5378,-4.0027
183.097,3.9961,8.5378,-4.0027
183.104,3.9961,8.5352,-4.0027
183.113,3.9961,8.5352,-4.0027
183.120,3.9961,8.5326,-4.0027
183.129,3.9961,8.5326,-4.0027
183.136,3.9961,8.5326,-4.0027
183.143,3.9961,8.5300,-4.0027
183.152,3.9961,8.5300,-4.0027
183.159,3.9961,8.5274,-4.0027
183.167,3.9961,8.5274,-4.0027
183.174,3.9961,8.5274,-4.0027
183.180,3.9961,8.5247,-4.0027
183.188,3.9961,8.5247,-4.0027
183.196,3.9961,8.5247,-4.0027
183.204,3.9961,8.5221,-4.0027
183.214,3.9961,8.5221,-4.0027
183.222,3.9961,8.5195,-4.0027
183.232,3.9961,8.5195,-4.0027
183.239,3.9961,8.5169,-4.0027
183.247,3.9961,8.5169,-4.0027
183.254,3.9961,8.5169,-4.0027
183.262,3.9961,8.5143,-4.0027
183.269,3.9961,8.5143,-4.0027
183.276,3.9961,8.5143,-4.0027
183.283,3.9961,8.5116,-4.0027
183.292,3.9961,8.5116,-4.0027
183.299,3.9961,8.5090,-4.0027
183.307,3.9961,8.5090,-4.0027
183.314,3.9961,8.5090,-4.0027
183.322,3.9961,8.5064,-4.0027
183.330,3.9961,8.5064,-4.0027
183.336,3.9961,8.5064,-4.0027
183.344,3.9961,8.5038,-4.0027
183.351,3.9961,8.5038,-4.0027
183.360,3.9961,8.5012,-4.0027
183.368,3.9961,8.5012,-4.0027
183.376,3.9961,8.5012,-4.0027
183.384,3.9961,8.4985,-4.0027
183.392,3.9961,8.4985,-4.0027
183.399,3.9961,8.4959,-4.0027
183.408,3.9961,8.4959,-4.0027
183.415,3.9961,8.4959,-4.0027
183.421,3.9961,8.4933,-4.0027
183.429,3.9961,8.4933,-4.0027
183.436,3.9961,8.4933,-4.0027
183.445,3.9961,8.4907,-4.0027
183.452,3.9961,8.4907,-4.0027
183.459,3.9961,8.4881,-4.0027
183.467,3.9961,8.4881,-4.0027
183.475,3.9961,8.4881,-4.0027
183.482,3.9961,8.4855,-4.0027
183.490,3.9961,8.4855,-4.0027
183.497,3.9961,8.4828,-4.0027
183.506,3.9961,8.4828,-4.0027
183.514,3.9961,8.4828,-4.0027
183.520,3.9961,8.4802,-4.0027
183.529,3.9961,8.4802,-4.0027
183.536,3.9961,8.4802,-4.0027
183.544,3.9961,8.4776,-4.0027
183.552,3.9961,8.4776,-4.0027
183.559,3.9961,8.4750,-4.0027
183.567,3.9961,8.4750,-4.0027
183.573,3.9961,8.4750,-4.0027
183.580,3.9961,8.4724,-4.0027
183.588,3.9961,8.4724,-4.0027
183.596,3.9961,8.4724,-4.0027
183.602,3.9961,8.4697,-4.0027
183.612,3.9961,8.4697,-4.0027
183.620,3.9961,8.4671,-4.0027
183.628,3.9961,8.4671,-4.0027
183.634,3.9961,8.4671,-4.0027
183.640,3.9961,8.4645,-4.0027
183.649,3.9961,8.4645,-4.0027
183.656,3.9961,8.4645,-4.0027
183.663,3.9961,8.4619,-4.0027
183.671,3.9961,8.4619,-4.0027
183.679,3.9961,8.4593,-4.0027
183.687,3.9961,8.4593,-4.0027
183.693,3.9961,8.4593,-4.0027
183.700,3.9961,8.4566,-4.0027
183.707,3.9961,8.4566,-4.0027
183.715,3.9961,8.4566,-4.0027
183.721,3.9961,8.4540,-4.0027
183.729,3.9961,8.4540,-4.0027
183.736,3.9961,8.4540,-4.0027
183.742,3.9961,8.4514,-4.0027
183.751,3.9961,8.4514,-4.0027
183.758,3.9961,8.4488,-4.0027
183.766,3.9961,8.4488,-4.0027
183.776,3.9961,8.4488,-4.0027
183.786,3.9961,8.4462,-4.0027
183.795,3.9961,8.4462,-4.0027
183.803,3.9961,8.4436,-4.0027
183.812,3.9961,8.4436,-4.0027
183.818,3.9961,8.4409,-4.0027
183.827,3.9961,8.4409,-4.0027
183.834,3.9961,8.4409,-4.0027
183.841,3.9961,8.4383,-4.0027
183.849,3.9961,8.4383,-4.0027
183.855,3.9961,8.4383,-4.0027
183.864,3.9961,8.4357,-4.0027
183.872,3.9961,8.4357,-4.0027
183.880,3.9961,8.4331,-4.0027
183.890,3.9961,8.4331,-4.0027
183.897,3.9961,8.4305,-4.0027
183.905,3.9961,8.4305,-4.0027
183.912,3.9961,8.4305,-4.0027
183.920,3.9961,8.4279,-4.0027
183.930,3.9961,8.4279,-4.0027
183.936,3.9961,8.4279,-4.0027
183.943,3.9961,8.4253,-4.0027
183.951,3.9961,8.4253,-4.0027
183.959,3.9961,8.4226,-4.0027
183.968,3.9961,8.4226,-4.0027
183.975,3.9961,8.4226,-4.0027
183.982,3.9961,8.4200,-4.0027
183.991,3.9961,8.4200,-4.0027
183.998,3.9961,8.4174,-4.0027
184.006,3.9961,8.4174,-4.0027
184.014,3.9961,8.4174,-4.0027
184.020,3.9961,8.4148,-4.0027
184.029,3.9961,8.4148,-4.0027
184.035,3.9961,8.4148,-4.0027
184.043,3.9961,8.4122,-4.0027
184.053,3.9961,8.4122,-4.0027
184.060,3.9961,8.4096,-4.0027
184.069,3.9961,8.4096,-4.0027
184.076,3.9961,8.4096,-4.0027
184.082,3.9961,8.4070,-4.0027
184.092,3.9961,8.4070,-4.0027
184.100,3.9961,8.4044,-4.0027
184.110,3.9961,8.4044,-4.0027
184.117,3.9961,8.4017,-4.0027
184.135,3.9961,8.4017,-4.0027
184.143,3.9961,8.3991,-4.0027
184.150,3.9961,8.3991,-4.0027
184.157,3.9961,8.3965,-4.0027
184.165,3.9961,8.3965,-4.0027
184.172,3.9961,8.3965,-4.0027
184.179,3.9961,8.3939,-4.0027
184.187,3.9961,8.3939,-4.0027
184.194,3.9961,8.3939,-4.0027
184.200,3.9961,8.3913,-4.0027
184.208,3.9961,8.3913,-4.0027
184.215,3.9961,8.3913,-4.0027
184.222,3.9961,8.3887,-4.0027
184.231,3.9961,8.3887,-4.0027
184.238,3.9961,8.3861,-4.0027
184.248,3.9961,8.3861,-4.0027
184.254,3.9961,8.3861,-4.0027
184.261,3.9961,8.3834,-4.0027
184.268,3.9961,8.3834,-4.0027
184.275,3.9961,8.3834,-4.0027
184.282,3.9961,8.3808,-4.0027
184.291,3.9961,8.3808,-4.0027
184.298,3.9961,8.3782,-4.0027
184.306,3.9961,8.3782,-4.0027
184.313,3.9961,8.3782,-4.0027
184.320,3.9961,8.3756,-4.0027
184.328,3.9961,8.3756,-4.0027
184.334,3.9961,8.3756,-4.0027
184.342,3.9961,8.3730,-4.0027
184.350,3.9961,8.3730,-4.0027
184.356,3.9961,8.3730,-4.0027
184.362,3.9961,8.3704,-4.0027
184.372,3.9961,8.3704,-4.0027
184.380,3.9961,8.3678,-4.0027
184.389,3.9961,8.3678,-4.0027
184.396,3.9961,8.3678,-4.0027
184.403,3.9961,8.3652,-4.0027
184.412,3.9961,8.3652,-4.0027
184.418,3.9961,8.3626,-4.0027
184.426,3.9961,8.3626,-4.0027
184.434,3.9961,8.3626,-4.0027
184.441,3.9961,8.3600,-4.0027
184.449,3.9961,8.3600,-4.0027
184.455,3.9961,8.3600,-4.0027
184.463,3.9961,8.3574,-4.0027
184.471,3.9961,8.3574,-4.0027
184.478,3.9961,8.3548,-4.0027
184.487,3.9961,8.3548,-4.0027
184.493,3.9961,8.3548,-4.0027
184.500,3.9961,8.3521,-4.0027
184.508,3.9961,8.3521,-4.0027
184.515,3.9961,8.3521,-4.0027
184.522,3.9961,8.3495,-4.0027
184.531,3.9961,8.3495,-4.0027
184.536,3.9961,8.3495,-4.0027
184.544,3.9961,8.3469,-4.0027
184.553,3.9961,8.3469,-4.0027
184.562,3.9961,8.3443,-4.0027
184.570,3.9961,8.3443,-4.0027
184.578,3.9961,8.3417,-4.0027
184.585,3.9961,8.3417,-4.0027
184.592,3.9961,8.3417,-4.0027
184.598,3.9961,8.3391,-4.0027
184.607,3.9961,8.3391,-4.0027
184.614,3.9961,8.3391,-4.0027
184.622,3.9961,8.3365,-4.0027
184.631,3.9961,8.3365,-4.0027
184.638,3.9961,8.3339,-4.0027
184.647,3.9961,8.3339,-4.0027
184.655,3.9961,8.3339,-4.0027
184.662,3.9961,8.3313,-4.0027
184.671,3.9961,8.3313,-4.0027
184.680,3.9961,8.3286,-4.0027
184.689,3.9961,8.3286,-4.0027
184.696,3.9961,8.3286,-4.0027
184.704,3.9961,8.3260,-4.0027
184.714,3.9961,8.3260,-4.0027
184.721,3.9961,8.3234,-4.0027
184.730,3.9961,8.3234,-4.0027
184.738,3.9961,8.3208,-4.0027
184.749,3.9961,8.3208,-4.0027
184.757,3.9961,8.3182,-4.0027
184.768,3.9961,8.3182,-4.0027
184.775,3.9961,8.3182,-4.0027
184.782,3.9961,8.3156,-4.0027
184.791,3.9961,8.3156,-4.0027
184.798,3.9961,8.3130,-4.0027
184.807,3.9961,8.3130,-4.0027
184.814,3.9961,8.3130,-4.0027
184.819,3.9961,8.3104,-4.0027
184.828,3.9961,8.3104,-4.0027
184.835,3.9961,8.3104,-4.0027
184.842,3.9961,8.3078,-4.0027
184.849,3.9961,8.3078,-4.0027
184.855,3.9961,8.3078,-4.0027
184.863,3.9961,8.3052,-4.0027
184.870,3.9961,8.3052,-4.0027
184.876,3.9961,8.3052,-4.0027
184.883,3.9961,8.3026,-4.0027
184.893,3.9961,8.3026,-4.0027
184.899,3.9961,8.3000,-4.0027
184.908,3.9961,8.3000,-4.0027
184.914,3.9961,8.3000,-4.0027
184.920,3.9961,8.2974,-4.0027
184.929,3.9961,8.2974,-4.0027
184.936,3.9961,8.2974,-4.0027
184.943,3.9961,8.2948,-4.0027
184.951,3.9961,8.2948,-4.0027
184.958,3.9961,8.2922,-4.0027
184.966,3.9961,8.2922,-4.0027
184.974,3.9961,8.2922,-4.0027
184.982,3.9961,8.2896,-4.0027
184.990,3.9961,8.2896,-4.0027
184.997,3.9961,8.2896,-4.0027
185.002,3.9961,8.2870,-4.0027
185.011,3.9961,8.2870,-4.0027
185.017,3.9961,8.2844,-4.0027
185.025,3.9961,8.2844,-4.0027
185.032,3.9961,8.2844,-4.0027
185.038,3.9961,8.2818,-4.0027
185.047,3.9961,8.2818,-4.0027
185.053,3.9961,8.2818,-4.0027
185.060,3.9961,8.2791,-4.0027
185.067,3.9961,8.2791,-4.0027
185.075,3.9961,8.2791,-4.0027
185.082,3.9961,8.2765,-4.0027
185.091,3.9961,8.2765,-4.0027
185.098,3.9961,8.2739,-4.0027
185.107,3.9961,8.2739,-4.0027
185.113,3.9961,8.2739,-4.0027
185.121,3.9961,8.2713,-4.0027
185.130,3.9961,8.2713,-4.0027
185.136,3.9961,8.2713,-4.0027
185.144,3.9961,8.2687,-4.0027
185.152,3.9961,8.2687,-4.0027
185.160,3.9961,8.2661,-4.0027
185.169,3.9961,8.2661,-4.0027
185.177,3.9961,8.2661,-4.0027
185.185,3.9961,8.2635,-4.0027
185.194,3.9961,8.2635,-4.0027
185.201,3.9961,8.2609,-4.0027
185.209,3.9961,8.2609,-4.0027
185.217,3.9961,8.2609,-4.0027
185.224,3.9961,8.2583,-4.0027
185.232,3.9961,8.2583,-4.0027
185.239,3.9961,8.2557,-4.0027
185.249,3.9961,8.2557,-4.0027
185.257,3.9961,8.2557,-4.0027
185.264,3.9961,8.2531,-4.0027
185.273,3.9961,8.2531,-4.0027
185.282,3.9961,8.2505,-4.0027
185.291,3.9961,8.2505,-4.0027
185.299,3.9961,8.2479,-4.0027
185.308,3.9961,8.2479,-4.0027
185.316,3.9961,8.2479,-4.0027
185.323,3.9961,8.2453,-4.0027
185.331,3.9961,8.2453,-4.0027
185.338,3.9961,8.2426,-4.0027
185.348,3.9961,8.2426,-4.0027
185.354,3.9961,8.2426,-4.0027
185.361,3.9961,8.2400,-4.0027
185.369,3.9961,8.2400,-4.0027
185.377,3.9961,8.2400,-4.0027
185.384,3.9961,8.2374,-4.0027
185.393,3.9961,8.2374,-4.0027
185.400,3.9961,8.2348,-4.0027
185.408,3.9961,8.2348,-4.0027
185.415,3.9961,8.2348,-4.0027
185.421,3.9961,8.2322,-4.0027
185.430,3.9961,8.2322,-4.0027
185.436,3.9961,8.2322,-4.0027
185.444,3.9961,8.2296,-4.0027
185.453,3.9961,8.2296,-4.0027
185.460,3.9961,8.2270,-4.0027
185.468,3.9961,8.2270,-4.0027
185.476,3.9961,8.2270,-4.0027
185.482,3.9961,8.2244,-4.0027
185.490,3.9961,8.2244,-4.0027
185.497,3.9961,8.2218,-4.0027
185.504,3.9961,8.2218,-4.0027
185.512,3.9961,8.2218,-4.0027
185.519,3.9961,8.2192,-4.0027
185.528,3.9961,8.2192,-4.0027
185.534,3.9961,8.2192,-4.0027
185.541,3.9961,8.2166,-4.0027
185.548,3.9961,8.2166,-4.0027
185.557,3.9961,8.2166,-4.0027
185.564,3.9961,8.2139,-4.0027
185.572,3.9961,8.2139,-4.0027
185.579,3.9961,8.2113,-4.0027
185.588,3.9961,8.2113,-4.0027
185.594,3.9961,8.2113,-4.0027
185.600,3.9961,8.2087,-4.0027
185.608,3.9961,8.2087,-4.0027
185.615,3.9961,8.2087,-4.0027
185.622,3.9961,8.2061,-4.0027
185.631,3.9961,8.2061,-4.0027
185.638,3.9961,8.2035,-4.0027
185.648,3.9961,8.2035,-4.0027
185.653,3.9961,8.2035,-4.0027
185.660,3.9961,8.2009,-4.0027
185.667,3.9961,8.2009,-4.0027
185.674,3.9961,8.2009,-4.0027
185.682,3.9961,8.1983,-4.0027
185.689,3.9961,8.1983,-4.0027
185.696,3.9961,8.1983,-4.0027
185.702,3.9961,8.1957,-4.0027
185.711,3.9961,8.1957,-4.0027
185.718,3.9961,8.1931,-4.0027
185.726,3.9961,8.1931,-4.0027
185.732,3.9961,8.1931,-4.0027
185.739,3.9961,8.1905,-4.0027
185.748,3.9961,8.1905,-4.0027
185.754,3.9961,8.1905,-4.0027
185.762,3.9961,8.1879,-4.0027
185.770,3.9961,8.1879,-4.0027
185.778,3.9961,8.1853,-4.0027
185.787,3.9961,8.1853,-4.0027
185.794,3.9961,8.1853,-4.0027
185.800,3.9961,8.1827,-4.0027
185.809,3.9961,8.1827,-4.0027
185.816,3.9961,8.1827,-4.0027
185.823,3.9961,8.1801,-4.0027
185.833,3.9961,8.1801,-4.0027
185.839,3.9961,8.1775,-4.0027
185.848,3.9961,8.1775,-4.0027
185.856,3.9961,8.1775,-4.0027
185.863,3.9961,8.1749,-4.0027
185.871,3.9961,8.1749,-4.0027
185.879,3.9961,8.1723,-4.0027
185.888,3.9961,8.1723,-4.0027
185.896,3.9961,8.1723,-4.0027
185.902,3.9961,8.1697,-4.0027
185.911,3.9961,8.1697,-4.0027
185.919,3.9961,8.1671,-4.0027
185.928,3.9961,8.1671,-4.0027
185.934,3.9961,8.1671,-4.0027
185.943,3.9961,8.1644,-4.0027
185.951,3.9961,8.1644,-4.0027
185.959,3.9961,8.1618,-4.0027
185.966,3.9961,8.1618,-4.0027
185.975,3.9961,8.1618,-4.0027
185.982,3.9961,8.1592,-4.0027
185.991,3.9961,8.1592,-4.0027
185.998,3.9961,8.1566,-4.0027
186.009,3.9961,8.1566,-4.0027
186.016,3.9961,8.1566,-4.0027
186.023,3.9961,8.1539,-4.0027
186.031,3.9961,8.1539,-4.0027
186.040,3.9961,8.1539,-4.0027
186.049,3.9961,8.1539,-4.0027
186.056,3.9961,8.1539,-4.0027
186.063,3.9961,8.1539,-4.0027
186.072,3.9961,8.1539,-4.0027
186.080,3.9961,8.1539,-4.0027
186.087,3.9961,8.1539,-4.0027
186.094,3.9961,8.1539,-4.0027
186.102,3.9961,8.1539,-4.0027
186.110,3.9961,8.1539,-4.0027
186.118,3.9961,8.1539,-4.0027
186.126,3.9961,8.1539,-4.0027
186.134,3.9961,8.1539,-4.0027
186.141,3.9961,8.1539,-4.0027
186.149,3.9961,8.1539,-4.0027
186.156,3.9961,8.1539,-4.0027
186.164,3.9961,8.1539,-4.0027
186.178,3.9961,8.1539,-4.0027
186.192,3.9961,8.1539,-4.0027
186.199,3.9961,8.1539,-4.0027
186.207,3.9961,8.1539,-4.0027
186.214,3.9961,8.1539,-4.0027
186.222,3.9961,8.1539,-4.0027
186.230,3.9961,8.1539,-4.0027
186.237,3.9961,8.1539,-4.0027
186.246,3.9961,8.1539,-4.0027
186.254,3.9961,8.1539,-4.0027
186.261,3.9961,8.1539,-4.0027
186.269,3.9961,8.1539,-4.0027
186.276,3.9961,8.1539,-4.0027
186.283,3.9961,8.1539,-4.0027
186.292,3.9961,8.1539,-4.0027
186.299,3.9961,8.1539,-4.0027
186.306,3.9961,8.1539,-4.0027
186.314,3.9961,8.1539,-4.0027
186.321,3.9961,8.1539,-4.0027
186.329,3.9961,8.1539,-4.0027
186.337,3.9961,8.1539,-4.0027
186.346,3.9961,8.1539,-4.0027
186.354,3.9961,8.1539,-4.0027
186.362,3.9961,8.1539,-4.0027
186.370,3.9961,8.1539,-4.0027
186.380,3.9961,8.1539,-4.0027
186.387,3.9961,8.1539,-4.0027
186.396,3.9961,8.1539,-4.0027
186.403,3.9961,8.1539,-4.0027
186.413,3.9961,8.1539,-4.0027
186.420,3.9961,8.1539,-4.0027
186.429,3.9961,8.1539,-4.0027
186.437,3.9961,8.1539,-4.0027
186.445,3.9961,8.1539,-4.0027
186.455,3.9961,8.1539,-4.0027
186.464,3.9961,8.1539,-4.0027
186.473,3.9961,8.1539,-4.0027
186.481,3.9961,8.1539,-4.0027
186.492,3.9961,8.1539,-4.0027
186.500,3.9961,8.1539,-4.0027
186.509,3.9961,8.1539,-4.0027
186.517,3.9961,8.1539,-4.0027
186.526,3.9961,8.1539,-4.0027
186.533,3.9961,8.1539,-4.0027
186.541,3.9961,8.1539,-4.0027
186.551,3.9961,8.1539,-4.0027
186.559,3.9961,8.1539,-4.0027
186.568,3.9961,8.1539,-4.0027
186.576,3.9961,8.1539,-4.0027
186.585,3.9961,8.1539,-4.0027
186.592,3.9961,8.1539,-4.0027
186.599,3.9961,8.1539,-4.0027
186.608,3.9961,8.1539,-4.0027
186.616,3.9961,8.1539,-4.0027
186.623,3.9961,8.1539,-4.0027
186.631,3.9961,8.1539,-4.0027
186.638,3.9961,8.1539,-4.0027
186.648,3.9961,8.1539,-4.0027
186.655,3.9961,8.1539,-4.0027
186.662,3.9961,8.1530,-4.0027
186.669,3.9961,8.1530,-4.0027
186.677,3.9961,8.1530,-4.0027
186.685,3.9961,8.1530,-4.0027
186.692,3.9961,8.1530,-4.0027
186.699,3.9961,8.1530,-4.0027
186.709,3.9961,8.1530,-4.0027
186.715,3.9961,8.1530,-4.0027
186.722,3.9961,8.1530,-4.0027
186.730,3.9961,8.1530,-4.0027
186.737,3.9961,8.1526,-4.0027
186.746,3.9961,8.1526,-4.0027
186.754,3.9961,8.1526,-4.0027
186.762,3.9961,8.1523,-4.0027
186.770,3.9961,8.1523,-4.0027
186.778,3.9961,8.1521,-4.0027
186.787,3.9961,8.1521,-4.0027
186.794,3.9961,8.1521,-4.0027
186.802,3.9961,8.1520,-4.0027
186.810,3.9961,8.1520,-4.0027
186.817,3.9961,8.1519,-4.0027
186.826,3.9961,8.1519,-4.0027
186.833,3.9961,8.1519,-4.0027
186.840,3.9961,8.1519,-4.0027
186.847,3.9961,8.1519,-4.0027
186.855,3.9961,8.1519,-4.0027
186.862,3.9961,8.1519,-4.0027
186.869,3.9961,8.1519,-4.0027
186.876,3.9961,8.1519,-4.0027
186.884,3.9961,8.1519,-4.0027
186.892,3.9961,8.1519,-4.0027
186.900,3.9961,8.1519,-4.0027
186.907,3.9961,8.1519,-4.0027
186.915,3.9961,8.1519,-4.0027
186.922,3.9961,8.1519,-4.0027
186.929,3.9961,8.1519,-4.0027
186.936,3.9961,8.1519,-4.0027
186.942,3.9961,8.1519,-4.0027
186.952,3.9961,8.1519,-4.0027
186.959,3.9961,8.1519,-4.0027
186.967,3.9961,8.1519,-4.0027
186.975,3.9961,8.1519,-4.0027
186.982,3.9961,8.1519,-4.0027
186.991,3.9961,8.1519,-4.0027
187.000,3.9961,8.1519,-4.0027
187.009,3.9961,8.1519,-4.0027
187.015,3.9961,8.1519,-4.0027
187.021,3.9961,8.1519,-4.0027
187.031,3.9961,8.1519,-4.0027
187.038,3.9961,8.1519,-4.0027
187.046,3.9961,8.1519,-4.0027
187.055,3.9961,8.1519,-4.0027
187.064,3.9961,8.1519,-4.0027
187.073,3.9961,8.1519,-4.0027
187.080,3.9961,8.1519,-4.0027
187.088,3.9961,8.1519,-4.0027
187.096,3.9961,8.1519,-4.0027
187.103,3.9961,8.1519,-4.0027
187.111,3.9961,8.1519,-4.0027
187.119,3.9961,8.1519,-4.0027
187.129,3.9961,8.1519,-4.0027
187.137,3.9961,8.1519,-4.0027
187.145,3.9961,8.1519,-4.0027
187.154,3.9961,8.1519,-4.0027
187.162,3.9961,8.1519,-4.0027
187.171,3.9961,8.1519,-4.0027
187.180,3.9961,8.1519,-4.0027
187.189,3.9961,8.1519,-4.0027
187.198,3.9961,8.1519,-4.0027
187.206,3.9961,8.1519,-4.0027
187.214,3.9961,8.1519,-4.0027
187.222,3.9961,8.1519,-4.0027
187.231,3.9961,8.1519,-4.0027
187.238,3.9961,8.1519,-4.0027
187.249,3.9961,8.1519,-4.0027
187.256,3.9961,8.1519,-4.0027
187.264,3.9961,8.1519,-4.0027
187.273,3.9961,8.1519,-4.0027
187.283,3.9961,8.1519,-4.0027
187.291,3.9961,8.1519,-4.0027
187.298,3.9961,8.1519,-4.0027
187.308,3.9961,8.1519,-4.0027
187.315,3.9961,8.1519,-4.0027
187.323,3.9961,8.1519,-4.0027
187.331,3.9961,8.1519,-4.0027
187.339,3.9961,8.1519,-4.0027
187.347,3.9961,8.1519,-4.0027
187.354,3.9961,8.1519,-4.0027
187.362,3.9961,8.1519,-4.0027
187.371,3.9961,8.1519,-4.0027
187.379,3.9961,8.1519,-4.0027
187.387,3.9961,8.1519,-4.0027
187.394,3.9961,8.1519,-4.0027
187.402,3.9961,8.1519,-4.0027
187.410,3.9961,8.1519,-4.0027
187.418,3.9961,8.1519,-4.0027
187.426,3.9961,8.1519,-4.0027
187.434,3.9961,8.1519,-4.0027
187.442,3.9961,8.1519,-4.0027
187.450,3.9961,8.1519,-4.0027
187.459,3.9961,8.1519,-4.0027
187.468,3.9961,8.1519,-4.0027
187.476,3.9961,8.1519,-4.0027
187.484,3.9961,8.1519,-4.0027
187.493,3.9961,8.1519,-4.0027
187.500,3.9961,8.1519,-4.0027
187.509,3.9961,8.1519,-4.0027
187.517,3.9961,8.1519,-4.0027
187.525,3.9961,8.1519,-4.0027
187.533,3.9961,8.1519,-4.0027
187.541,3.9961,8.1519,-4.0027
187.551,3.9961,8.1519,-4.0027
187.559,3.9961,8.1519,-4.0027
187.566,3.9961,8.1519,-4.0027
187.575,3.9961,8.1519,-4.0027
187.586,3.9961,8.1519,-4.0027
187.597,3.9961,8.1519,-4.0027
187.610,3.9961,8.1519,-4.0027
187.620,3.9961,8.1519,-4.0027
187.629,3.9961,8.1519,-4.0027
187.637,3.9961,8.1519,-4.0027
187.646,3.9961,8.1519,-4.0027
187.655,3.9961,8.1519,-4.0027
187.664,3.9961,8.1519,-4.0027
187.672,3.9961,8.1519,-4.0027
187.681,3.9961,8.1519,-4.0027
187.690,3.9961,8.1519,-4.0027
187.697,3.9961,8.1519,-4.0027
187.706,3.9961,8.1519,-4.0027
187.715,3.9961,8.1519,-4.0027
187.721,3.9961,8.1519,-4.0027
187.730,3.9961,8.1519,-4.0027
187.737,3.9961,8.1519,-4.0027
187.745,3.9961,8.1519,-4.0027
187.754,3.9961,8.1519,-4.0027
187.762,3.9961,8.1519,-4.0027
187.770,3.9961,8.1519,-4.0027
187.779,3.9961,8.1519,-4.0027
187.787,3.9961,8.1519,-4.0027
187.795,3.9961,8.1519,-4.0027
187.801,3.9961,8.1519,-4.0027
187.811,3.9961,8.1519,-4.0027
187.818,3.9961,8.1519,-4.0027
187.828,3.9961,8.1519,-4.0027
187.835,3.9961,8.1519,-4.0027
187.845,3.9961,8.1519,-4.0027
187.854,3.9961,8.1519,-4.0027
187.861,3.9961,8.1519,-4.0027
187.869,3.9961,8.1519,-4.0027
187.878,3.9961,8.1519,-4.0027
187.887,3.9961,8.1519,-4.0027
187.896,3.9961,8.1519,-4.0027
187.904,3.9961,8.1519,-4.0027
187.914,3.9961,8.1519,-4.0027
187.921,3.9961,8.1519,-4.0027
187.930,3.9961,8.1519,-4.0027
187.938,3.9961,8.1519,-4.0027
187.949,3.9961,8.1519,-4.0027
187.956,3.9961,8.1519,-4.0027
187.964,3.9961,8.1519,-4.0027
187.973,3.9961,8.1519,-4.0027
187.982,3.9961,8.1519,-4.0027
187.990,3.9961,8.1519,-4.0027
187.998,3.9961,8.1519,-4.0027
188.007,3.9961,8.1519,-4.0027
188.015,3.9961,8.1519,-4.0027
188.022,3.9961,8.1519,-4.0027
188.030,3.9961,8.1519,-4.0027
188.037,3.9961,8.1519,-4.0027
188.046,3.9961,8.1519,-4.0027
188.053,3.9961,8.1519,-4.0027
188.061,3.9961,8.1519,-4.0027
188.068,3.9961,8.1519,-4.0027
188.076,3.9961,8.1519,-4.0027
188.088,3.9961,8.1519,-4.0027
188.100,3.9961,8.1519,-4.0027
188.110,3.9961,8.1519,-4.0027
188.117,3.9961,8.1519,-4.0027
188.126,3.9961,8.1519,-4.0027
188.132,3.9961,8.1519,-4.0027
188.140,3.9961,8.1519,-4.0027
188.148,3.9961,8.1519,-4.0027
188.156,3.9961,8.1519,-4.0027
188.163,3.9961,8.1519,-4.0027
188.170,3.9961,8.1519,-4.0027
188.178,3.9961,8.1519,-4.0027
188.187,3.9961,8.1519,-4.0027
188.194,3.9961,8.1519,-4.0027
188.200,3.9961,8.1519,-4.0027
188.209,3.9961,8.1519,-4.0027
188.217,3.9961,8.1519,-4.0027
188.224,3.9961,8.1519,-4.0027
188.231,3.9961,8.1519,-4.0027
188.237,3.9961,8.1519,-4.0027
188.244,3.9961,8.1519,-4.0027
188.252,3.9961,8.1519,-4.0027
188.258,3.9961,8.1519,-4.0027
188.266,3.9961,8.1519,-4.0027
188.273,3.9961,8.1519,-4.0027
188.281,3.9961,8.1519,-4.0027
188.288,3.9961,8.1519,-4.0027
188.296,3.9961,8.1519,-4.0027
188.302,3.9961,8.1519,-4.0027
188.313,3.9961,8.1519,-4.0027
188.319,3.9961,8.1519,-4.0027
188.328,3.9961,8.1519,-4.0027
188.336,3.9961,8.1519,-4.0027
188.346,3.9961,8.1519,-4.0027
188.354,3.9961,8.1519,-4.0027
188.363,3.9961,8.1519,-4.0027
188.371,3.9961,8.1519,-4.0027
188.381,3.9961,8.1519,-4.0027
188.391,3.9961,8.1519,-4.0027
188.401,3.9961,8.1519,-4.0027
188.415,3.9961,8.1519,-4.0027
188.423,3.9961,8.1519,-4.0027
188.431,3.9961,8.1519,-4.0027
188.439,3.9961,8.1519,-4.0027
188.448,3.9961,8.1519,-4.0027
188.457,3.9961,8.1519,-4.0027
188.464,3.9961,8.1519,-4.0027
188.472,3.9961,8.1519,-4.0027
188.480,3.9961,8.1519,-4.0027
188.490,3.9961,8.1519,-4.0027
188.498,3.9961,8.1519,-4.0027
188.506,3.9961,8.1519,-4.0027
188.516,3.9961,8.1519,-4.0027
188.524,3.9961,8.1519,-4.0027
188.534,3.9961,8.1519,-4.0027
188.544,3.9961,8.1519,-4.0027
188.557,3.9961,8.1519,-4.0027
188.566,3.9961,8.1519,-4.0027
188.574,3.9961,8.1519,-4.0027
188.582,3.9961,8.1519,-4.0027
188.589,3.9961,8.1519,-4.0027
188.598,3.9961,8.1519,-4.0027
188.606,3.9961,8.1519,-4.0027
188.614,3.9961,8.1519,-4.0027
188.620,3.9961,8.1519,-4.0027
188.629,3.9961,8.1519,-4.0027
188.635,3.9961,8.1519,-4.0027
188.643,3.9961,8.1519,-4.0027
188.650,3.9961,8.1519,-4.0027
188.659,3.9961,8.1519,-4.0027
188.667,3.9961,8.1519,-4.0027
188.675,3.9961,8.1519,-4.0027
188.683,3.9961,8.1519,-4.0027
188.692,3.9961,8.1519,-4.0027
188.700,3.9961,8.1519,-4.0027
188.710,3.9961,8.1519,-4.0027
188.720,3.9961,8.1519,-4.0027
188.729,3.9961,8.1519,-4.0027
188.737,3.9961,8.1519,-4.0027
188.746,3.9961,8.1519,-4.0027
188.754,3.9961,8.1519,-4.0027
188.762,3.9961,8.1519,-4.0027
188.770,3.9961,8.1519,-4.0027
188.777,3.9961,8.1519,-4.0027
188.786,3.9961,8.1519,-4.0027
188.794,3.9961,8.1519,-4.0027
188.801,3.9961,8.1519,-4.0027
188.809,3.9961,8.1519,-4.0027
188.817,3.9961,8.1519,-4.0027
188.823,3.9961,8.1519,-4.0027
188.832,3.9961,8.1519,-4.0027
188.839,3.9961,8.1519,-4.0027
188.848,3.9961,8.1519,-4.0027
188.854,3.9961,8.1519,-4.0027
188.863,3.9961,8.1519,-4.0027
188.872,3.9961,8.1519,-4.0027
188.882,3.9961,8.1519,-4.0027
188.891,3.9961,8.1519,-4.0027
188.899,3.9961,8.1519,-4.0027
188.908,3.9961,8.1519,-4.0027
188.917,3.9961,8.1519,-4.0027
188.927,3.9961,8.1519,-4.0027
188.936,3.9961,8.1519,-4.0027
188.945,3.9961,8.1519,-4.0027
188.955,3.9961,8.1519,-4.0027
188.963,3.9961,8.1519,-4.0027
188.972,3.9961,8.1519,-4.0027
188.980,3.9961,8.1519,-4.0027
188.988,3.9961,8.1519,-4.0027
188.998,3.9961,8.1519,-4.0027
189.006,3.9961,8.1519,-4.0027
189.015,3.9961,8.1519,-4.0027
189.022,3.9961,8.1519,-4.0027
189.032,3.9961,8.1519,-4.0027
189.038,3.9961,8.1519,-4.0027
189.048,3.9961,8.1519,-4.0027
189.057,3.9961,8.1519,-4.0027
189.065,3.9961,8.1519,-4.0027
189.074,3.9961,8.1519,-4.0027
189.083,3.9961,8.1519,-4.0027
189.090,3.9961,8.1519,-4.0027
189.099,3.9961,8.1519,-4.0027
189.106,3.9961,8.1519,-4.0027
189.115,3.9961,8.1519,-4.0027
189.122,3.9961,8.1519,-4.0027
189.131,3.9961,8.1519,-4.0027
189.137,3.9961,8.1519,-4.0027
189.146,3.9961,8.1519,-4.0027
189.154,3.9961,8.1519,-4.0027
189.162,3.9961,8.1519,-4.0027
189.170,3.9961,8.1519,-4.0027
189.179,3.9961,8.1519,-4.0027
189.187,3.9961,8.1519,-4.0027
189.195,3.9961,8.1519,-4.0027
189.203,3.9961,8.1519,-4.0027
189.213,3.9961,8.1519,-4.0027
189.220,3.9961,8.1519,-4.0027
189.229,3.9961,8.1519,-4.0027
189.237,3.9961,8.1519,-4.0027
189.247,3.9961,8.1519,-4.0027
189.254,3.9961,8.1519,-4.0027
189.262,3.9961,8.1519,-4.0027
189.271,3.9961,8.1519,-4.0027
189.279,3.9961,8.1519,-4.0027
189.288,3.9961,8.1519,-4.0027
189.296,3.9961,8.1519,-4.0027
189.304,3.9961,8.1519,-4.0027
189.313,3.9961,8.1519,-4.0027
189.320,3.9961,8.1519,-4.0027
189.331,3.9961,8.1519,-4.0027
189.338,3.9961,8.1519,-4.0027
189.348,3.9961,8.1519,-4.0027
189.355,3.9961,8.1519,-4.0027
189.364,3.9961,8.1519,-4.0027
189.371,3.9961,8.1519,-4.0027
189.380,3.9961,8.1519,-4.0027
189.388,3.9961,8.1519,-4.0027
189.396,3.9961,8.1519,-4.0027
189.402,3.9961,8.1519,-4.0027
189.411,3.9961,8.1519,-4.0027
189.418,3.9961,8.1519,-4.0027
189.426,3.9961,8.1519,-4.0027
189.433,3.9961,8.1519,-4.0027
189.441,3.9961,8.1519,-4.0027
189.450,3.9961,8.1519,-4.0027
189.457,3.9961,8.1519,-4.0027
189.464,3.9961,8.1519,-4.0027
189.471,3.9961,8.1519,-4.0027
189.479,3.9961,8.1519,-4.0027
189.488,3.9961,8.1519,-4.0027
189.495,3.9961,8.1519,-4.0027
189.502,3.9961,8.1519,-4.0027
189.510,3.9961,8.1519,-4.0027
189.518,3.9961,8.1519,-4.0027
189.526,3.9961,8.1519,-4.0027
189.533,3.9961,8.1519,-4.0027
189.542,3.9961,8.1519,-4.0027
189.550,3.9961,8.1519,-4.0027
189.557,3.9961,8.1519,-4.0027
189.567,3.9961,8.1519,-4.0027
189.574,3.9961,8.1519,-4.0027
189.583,3.9961,8.1519,-4.0027
189.593,3.9961,8.1519,-4.0027
189.601,3.9961,8.1519,-4.0027
189.612,3.9961,8.1519,-4.0027
189.620,3.9961,8.1519,-4.0027
189.629,3.9961,8.1519,-4.0027
189.636,3.9961,8.1519,-4.0027
189.646,3.9961,8.1519,-4.0027
189.654,3.9961,8.1519,-4.0027
189.663,3.9961,8.1519,-4.0027
189.671,3.9961,8.1519,-4.0027
189.680,3.9961,8.1519,-4.0027
189.688,3.9961,8.1519,-4.0027
189.697,3.9961,8.1519,-4.0027
189.706,3.9961,8.1519,-4.0027
189.715,3.9961,8.1519,-4.0027
189.724,3.9961,8.1519,-4.0027
189.733,3.9961,8.1519,-4.0027
189.740,3.9961,8.1519,-4.0027
189.749,3.9961,8.1519,-4.0027
189.758,3.9961,8.1519,-4.0027
189.767,3.9961,8.1519,-4.0027
189.776,3.9961,8.1519,-4.0027
189.786,3.9961,8.1519,-4.0027
189.795,3.9961,8.1519,-4.0027
189.804,3.9961,8.1519,-4.0027
189.816,3.9961,8.1519,-4.0027
189.825,3.9961,8.1519,-4.0027
189.834,3.9961,8.1519,-4.0027
189.842,3.9961,8.1519,-4.0027
189.851,3.9961,8.1519,-4.0027
189.859,3.9961,8.1519,-4.0027
189.868,3.9961,8.1519,-4.0027
189.877,3.9961,8.1519,-4.0027
189.886,3.9961,8.1519,-4.0027
189.893,3.9961,8.1519,-4.0027
189.900,3.9961,8.1519,-4.0027
189.910,3.9961,8.1519,-4.0027
189.917,3.9961,8.1519,-4.0027
189.924,3.9961,8.1519,-4.0027
189.932,3.9961,8.1519,-4.0027
189.940,3.9961,8.1519,-4.0027
189.950,3.9961,8.1519,-4.0027
189.958,3.9961,8.1519,-4.0027
189.967,3.9961,8.1519,-4.0027
189.976,3.9961,8.1519,-4.0027
189.983,3.9961,8.1519,-4.0027
189.999,3.9961,8.1519,-4.0027
190.009,3.9961,8.1519,-4.0027
190.015,3.9961,8.1519,-4.0027
190.024,3.9961,8.1519,-4.0027
190.032,3.9961,8.1519,-4.0027
190.039,3.9961,8.1519,-4.0027
190.047,3.9961,8.1519,-4.0027
190.056,3.9961,8.1519,-4.0027
190.064,3.9961,8.1519,-4.0027
190.072,3.9961,8.1519,-4.0027
190.080,3.9961,8.1519,-4.0027
190.088,3.9961,8.1519,-4.0027
190.095,3.9961,8.1519,-4.0027
190.102,3.9961,8.1519,-4.0027
190.111,3.9961,8.1519,-4.0027
190.119,3.9961,8.1519,-4.0027
190.128,3.9961,8.1519,-4.0027
190.135,3.9961,8.1519,-4.0027
190.143,3.9961,8.1519,-4.0027
190.153,3.9961,8.1519,-4.0027
190.161,3.9961,8.1519,-4.0027
190.170,3.9961,8.1519,-4.0027
190.180,3.9961,8.1519,-4.0027
190.187,3.9961,8.1519,-4.0027
190.196,3.9961,8.1519,-4.0027
190.203,3.9961,8.1519,-4.0027
190.214,3.9961,8.1519,-4.0027
190.221,3.9961,8.1519,-4.0027
190.231,3.9961,8.1519,-4.0027
190.238,3.9961,8.1519,-4.0027
190.248,3.9961,8.1519,-4.0027
190.256,3.9961,8.1519,-4.0027
190.264,3.9961,8.1519,-4.0027
190.274,3.9961,8.1519,-4.0027
190.281,3.9961,8.1519,-4.0027
190.290,3.9961,8.1519,-4.0027
190.298,3.9961,8.1519,-4.0027
190.307,3.9961,8.1519,-4.0027
190.315,3.9961,8.1519,-4.0027
190.323,3.9961,8.1519,-4.0027
190.332,3.9961,8.1519,-4.0027
190.341,3.9961,8.1519,-4.0027
190.350,3.9961,8.1519,-4.0027
190.357,3.9961,8.1519,-4.0027
190.367,3.9961,8.1519,-4.0027
190.374,3.9961,8.1519,-4.0027
190.382,3.9961,8.1519,-4.0027
190.391,3.9961,8.1519,-4.0027
190.399,3.9961,8.1519,-4.0027
190.406,3.9961,8.1519,-4.0027
190.414,3.9961,8.1519,-4.0027
190.422,3.9961,8.1519,-4.0027
190.431,3.9961,8.1519,-4.0027
190.438,3.9961,8.1519,-4.0027
190.446,3.9961,8.1519,-4.0027
190.454,3.9961,8.1519,-4.0027
190.462,3.9961,8.1520,-4.0027
190.470,3.9961,8.1520,-4.0027
190.479,3.9961,8.1520,-4.0027
190.489,3.9961,8.1520,-4.0027
190.496,3.9961,8.1520,-4.0027
190.504,3.9961,8.1521,-4.0027
190.515,3.9961,8.1521,-4.0027
190.522,3.9961,8.1523,-4.0027
190.532,3.9961,8.1523,-4.0027
190.540,3.9961,8.1526,-4.0027
190.550,3.9961,8.1526,-4.0027
190.557,3.9961,8.1526,-4.0027
190.564,3.9961,8.1529,-4.0027
190.575,3.9961,8.1529,-4.0027
190.582,3.9961,8.1532,-4.0027
190.592,3.9961,8.1532,-4.0027
190.600,3.9961,8.1540,-4.0027
190.611,3.9961,8.1540,-4.0027
190.618,3.9961,8.1549,-4.0027
190.627,3.9961,8.1549,-4.0027
190.635,3.9961,8.1549,-4.0027
190.643,3.9961,8.1559,-4.0027
190.652,3.9961,8.1559,-4.0027
190.660,3.9961,8.1580,-4.0027
190.668,3.9961,8.1580,-4.0027
190.676,3.9961,8.1580,-4.0027
190.683,3.9961,8.1603,-4.0027
190.692,3.9961,8.1603,-4.0027
190.699,3.9961,8.1627,-4.0027
190.708,3.9961,8.1627,-4.0027
190.716,3.9961,8.1627,-4.0027
190.723,3.9961,8.1651,-4.0027
190.732,3.9961,8.1651,-4.0027
190.738,3.9961,8.1676,-4.0027
190.747,3.9961,8.1676,-4.0027
190.755,3.9961,8.1676,-4.0027
190.762,3.9961,8.1703,-4.0027
190.769,3.9961,8.1703,-4.0027
190.777,3.9961,8.1730,-4.0027
190.787,3.9961,8.1730,-4.0027
190.795,3.9961,8.1730,-4.0027
190.801,3.9961,8.1756,-4.0027
190.811,3.9961,8.1756,-4.0027
190.819,3.9961,8.1782,-4.0027
190.827,3.9961,8.1782,-4.0027
190.834,3.9961,8.1782,-4.0027
190.843,3.9961,8.1808,-4.0027
190.854,3.9961,8.1808,-4.0027
190.862,3.9961,8.1835,-4.0027
190.872,3.9961,8.1835,-4.0027
190.880,3.9961,8.1861,-4.0027
190.889,3.9961,8.1861,-4.0027
190.897,3.9961,8.1861,-4.0027
190.905,3.9961,8.1887,-4.0027
190.916,3.9961,8.1887,-4.0027
190.923,3.9961,8.1913,-4.0027
190.933,3.9961,8.1913,-4.0027
190.941,3.9961,8.1939,-4.0027
190.951,3.9961,8.1939,-4.0027
190.960,3.9961,8.1965,-4.0027
190.971,3.9961,8.1965,-4.0027
190.981,3.9961,8.1991,-4.0027
190.991,3.9961,8.1991,-4.0027
191.000,3.9961,8.2017,-4.0027
191.011,3.9961,8.2017,-4.0027
191.019,3.9961,8.2043,-4.0027
191.029,3.9961,8.2043,-4.0027
191.036,3.9961,8.2043,-4.0027
191.046,3.9961,8.2069,-4.0027
191.055,3.9961,8.2069,-4.0027
191.064,3.9961,8.2095,-4.0027
191.074,3.9961,8.2095,-4.0027
191.083,3.9961,8.2121,-4.0027
191.094,3.9961,8.2121,-4.0027
191.102,3.9961,8.2147,-4.0027
191.113,3.9961,8.2147,-4.0027
191.121,3.9961,8.2172,-4.0027
191.131,3.9961,8.2172,-4.0027
191.139,3.9961,8.2198,-4.0027
191.149,3.9961,8.2198,-4.0027
191.157,3.9961,8.2198,-4.0027
191.165,3.9961,8.2224,-4.0027
191.174,3.9961,8.2224,-4.0027
191.183,3.9961,8.2250,-4.0027
191.190,3.9961,8.2250,-4.0027
191.200,3.9961,8.2276,-4.0027
191.210,3.9961,8.2276,-4.0027
191.217,3.9961,8.2302,-4.0027
191.226,3.9961,8.2302,-4.0027
191.233,3.9961,8.2302,-4.0027
191.240,3.9961,8.2328,-4.0027
191.249,3.9961,8.2328,-4.0027
191.257,3.9961,8.2328,-4.0027
191.264,3.9961,8.2354,-4.0027
191.272,3.9961,8.2354,-4.0027
191.280,3.9961,8.2380,-4.0027
191.289,3.9961,8.2380,-4.0027
191.297,3.9961,8.2380,-4.0027
191.304,3.9961,8.2406,-4.0027
191.313,3.9961,8.2406,-4.0027
191.321,3.9961,8.2432,-4.0027
191.331,3.9961,8.2432,-4.0027
191.338,3.9961,8.2458,-4.0027
191.348,3.9961,8.2458,-4.0027
191.354,3.9961,8.2458,-4.0027
191.362,3.9961,8.2484,-4.0027
191.370,3.9961,8.2484,-4.0027
191.381,3.9961,8.2510,-4.0027
191.391,3.9961,8.2510,-4.0027
191.399,3.9961,8.2536,-4.0027
191.409,3.9961,8.2536,-4.0027
191.417,3.9961,8.2562,-4.0027
191.428,3.9961,8.2562,-4.0027
191.435,3.9961,8.2562,-4.0027
191.446,3.9961,8.2587,-4.0027
191.454,3.9961,8.2587,-4.0027
191.462,3.9961,8.2613,-4.0027
191.472,3.9961,8.2613,-4.0027
191.482,3.9961,8.2639,-4.0027
191.491,3.9961,8.2639,-4.0027
191.500,3.9961,8.2665,-4.0027
191.511,3.9961,8.2665,-4.0027
191.519,3.9961,8.2691,-4.0027
191.528,3.9961,8.2691,-4.0027
191.537,3.9961,8.2691,-4.0027
191.545,3.9961,8.2717,-4.0027
191.555,3.9961,8.2717,-4.0027
191.562,3.9961,8.2742,-4.0027
191.573,3.9961,8.2742,-4.0027
191.581,3.9961,8.2768,-4.0027
191.591,3.9961,8.2768,-4.0027
191.600,3.9961,8.2794,-4.0027
191.610,3.9961,8.2794,-4.0027
191.619,3.9961,8.2820,-4.0027
191.630,3.9961,8.2820,-4.0027
191.637,3.9961,8.2845,-4.0027
191.647,3.9961,8.2845,-4.0027
191.653,3.9961,8.2845,-4.0027
191.661,3.9961,8.2871,-4.0027
191.669,3.9961,8.2871,-4.0027
191.676,3.9961,8.2871,-4.0027
191.684,3.9961,8.2897,-4.0027
191.695,3.9961,8.2897,-4.0027
191.700,3.9961,8.2923,-4.0027
191.709,3.9961,8.2923,-4.0027
191.716,3.9961,8.2923,-4.0027
191.725,3.9961,8.2948,-4.0027
191.734,3.9961,8.2948,-4.0027
191.742,3.9961,8.2974,-4.0027
191.751,3.9961,8.2974,-4.0027
191.761,3.9961,8.3000,-4.0027
191.769,3.9961,8.3000,-4.0027
191.778,3.9961,8.3026,-4.0027
191.786,3.9961,8.3026,-4.0027
191.793,3.9961,8.3026,-4.0027
191.801,3.9961,8.3051,-4.0027
191.810,3.9961,8.3051,-4.0027
191.818,3.9961,8.3077,-4.0027
191.827,3.9961,8.3077,-4.0027
191.834,3.9961,8.3077,-4.0027
191.843,3.9961,8.3103,-4.0027
191.853,3.9961,8.3103,-4.0027
191.860,3.9961,8.3129,-4.0027
191.869,3.9961,8.3129,-4.0027
191.877,3.9961,8.3154,-4.0027
191.886,3.9961,8.3154,-4.0027
191.894,3.9961,8.3154,-4.0027
191.901,3.9961,8.3180,-4.0027
191.910,3.9961,8.3180,-4.0027
191.917,3.9961,8.3180,-4.0027
191.926,3.9961,8.3206,-4.0027
191.935,3.9961,8.3206,-4.0027
191.945,3.9961,8.3232,-4.0027
191.954,3.9961,8.3232,-4.0027
191.963,3.9961,8.3258,-4.0027
191.971,3.9961,8.3258,-4.0027
191.979,3.9961,8.3283,-4.0027
191.987,3.9961,8.3283,-4.0027
191.995,3.9961,8.3283,-4.0027
192.003,3.9961,8.3309,-4.0027
192.012,3.9961,8.3309,-4.0027
192.021,3.9961,8.3335,-4.0027
192.030,3.9961,8.3335,-4.0027
192.037,3.9961,8.3361,-4.0027
192.047,3.9961,8.3361,-4.0027
192.054,3.9961,8.3361,-4.0027
192.061,3.9961,8.3387,-4.0027
192.070,3.9961,8.3387,-4.0027
192.078,3.9961,8.3412,-4.0027
192.087,3.9961,8.3412,-4.0027
192.095,3.9961,8.3412,-4.0027
192.108,3.9961,8.3438,-4.0027
192.123,3.9961,8.3464,-4.0027
192.133,3.9961,8.3464,-4.0027
192.142,3.9961,8.3490,-4.0027
192.152,3.9961,8.3490,-4.0027
192.161,3.9961,8.3516,-4.0027
192.170,3.9961,8.3516,-4.0027
192.180,3.9961,8.3541,-4.0027
192.189,3.9961,8.3541,-4.0027
192.198,3.9961,8.3567,-4.0027
192.209,3.9961,8.3567,-4.0027
192.218,3.9961,8.3593,-4.0027
192.228,3.9961,8.3593,-4.0027
192.236,3.9961,8.3593,-4.0027
192.244,3.9961,8.3619,-4.0027
192.254,3.9961,8.3619,-4.0027
192.262,3.9961,8.3644,-4.0027
192.272,3.9961,8.3644,-4.0027
192.281,3.9961,8.3670,-4.0027
192.292,3.9961,8.3670,-4.0027
192.301,3.9961,8.3696,-4.0027
192.311,3.9961,8.3696,-4.0027
192.320,3.9961,8.3722,-4.0027
192.329,3.9961,8.3722,-4.0027
192.336,3.9961,8.3722,-4.0027
192.346,3.9961,8.3748,-4.0027
192.354,3.9961,8.3748,-4.0027
192.362,3.9961,8.3773,-4.0027
192.370,3.9961,8.3773,-4.0027
192.379,3.9961,8.3799,-4.0027
192.387,3.9961,8.3799,-4.0027
192.395,3.9961,8.3799,-4.0027
192.402,3.9961,8.3825,-4.0027
192.413,3.9961,8.3825,-4.0027
192.420,3.9961,8.3851,-4.0027
192.428,3.9961,8.3851,-4.0027
192.437,3.9961,8.3851,-4.0027
192.445,3.9961,8.3877,-4.0027
192.453,3.9961,8.3877,-4.0027
192.459,3.9961,8.3902,-4.0027
192.468,3.9961,8.3902,-4.0027
192.477,3.9961,8.3928,-4.0027
192.486,3.9961,8.3928,-4.0027
192.492,3.9961,8.3928,-4.0027
192.500,3.9961,8.3954,-4.0027
192.509,3.9961,8.3954,-4.0027
192.517,3.9961,8.3980,-4.0027
192.526,3.9961,8.3980,-4.0027
192.534,3.9961,8.3980,-4.0027
192.541,3.9961,8.4005,-4.0027
192.551,3.9961,8.4005,-4.0027
192.558,3.9961,8.4031,-4.0027
192.568,3.9961,8.4031,-4.0027
192.575,3.9961,8.4031,-4.0027
192.582,3.9961,8.4057,-4.0027
192.591,3.9961,8.4057,-4.0027
192.599,3.9961,8.4083,-4.0027
192.607,3.9961,8.4083,-4.0027
192.615,3.9961,8.4083,-4.0027
192.623,3.9961,8.4108,-4.0027
192.633,3.9961,8.4108,-4.0027
192.641,3.9961,8.4134,-4.0027
192.650,3.9961,8.4134,-4.0027
192.659,3.9961,8.4160,-4.0027
192.667,3.9961,8.4160,-4.0027
192.675,3.9961,8.4160,-4.0027
192.685,3.9961,8.4186,-4.0027
192.694,3.9961,8.4186,-4.0027
192.702,3.9961,8.4211,-4.0027
192.712,3.9961,8.4211,-4.0027
192.721,3.9961,8.4237,-4.0027
192.730,3.9961,8.4237,-4.0027
192.738,3.9961,8.4263,-4.0027
192.749,3.9961,8.4263,-4.0027
192.757,3.9961,8.4288,-4.0027
192.766,3.9961,8.4288,-4.0027
192.774,3.9961,8.4288,-4.0027
192.783,3.9961,8.4314,-4.0027
192.793,3.9961,8.4314,-4.0027
192.800,3.9961,8.4340,-4.0027
192.810,3.9961,8.4340,-4.0027
192.817,3.9961,8.4340,-4.0027
192.824,3.9961,8.4366,-4.0027
192.834,3.9961,8.4366,-4.0027
192.842,3.9961,8.4391,-4.0027
192.851,3.9961,8.4391,-4.0027
192.860,3.9961,8.4417,-4.0027
192.870,3.9961,8.4417,-4.0027
192.879,3.9961,8.4443,-4.0027
192.888,3.9961,8.4443,-4.0027
192.896,3.9961,8.4443,-4.0027
192.904,3.9961,8.4469,-4.0027
192.912,3.9961,8.4469,-4.0027
192.919,3.9961,8.4494,-4.0027
192.928,3.9961,8.4494,-4.0027
192.936,3.9961,8.4494,-4.0027
192.943,3.9961,8.4520,-4.0027
192.951,3.9961,8.4520,-4.0027
192.958,3.9961,8.4546,-4.0027
192.967,3.9961,8.4546,-4.0027
192.974,3.9961,8.4546,-4.0027
192.982,3.9961,8.4572,-4.0027
192.992,3.9961,8.4572,-4.0027
193.000,3.9961,8.4597,-4.0027
193.008,3.9961,8.4597,-4.0027
193.016,3.9961,8.4597,-4.0027
193.023,3.9961,8.4623,-4.0027
193.031,3.9961,8.4623,-4.0027
193.038,3.9961,8.4649,-4.0027
193.048,3.9961,8.4649,-4.0027
193.055,3.9961,8.4649,-4.0027
193.062,3.9961,8.4675,-4.0027
193.069,3.9961,8.4675,-4.0027
193.077,3.9961,8.4701,-4.0027
193.085,3.9961,8.4701,-4.0027
193.093,3.9961,8.4701,-4.0027
193.101,3.9961,8.4727,-4.0027
193.111,3.9961,8.4727,-4.0027
193.117,3.9961,8.4753,-4.0027
193.125,3.9961,8.4753,-4.0027
193.132,3.9961,8.4753,-4.0027
193.141,3.9961,8.4778,-4.0027
193.149,3.9961,8.4778,-4.0027
193.156,3.9961,8.4778,-4.0027
193.162,3.9961,8.4804,-4.0027
193.171,3.9961,8.4804,-4.0027
193.178,3.9961,8.4830,-4.0027
193.186,3.9961,8.4830,-4.0027
193.194,3.9961,8.4830,-4.0027
193.201,3.9961,8.4856,-4.0027
193.209,3.9961,8.4856,-4.0027
193.216,3.9961,8.4856,-4.0027
193.223,3.9961,8.4882,-4.0027
193.233,3.9961,8.4882,-4.0027
193.239,3.9961,8.4908,-4.0027
193.248,3.9961,8.4908,-4.0027
193.254,3.9961,8.4908,-4.0027
193.262,3.9961,8.4934,-4.0027
193.269,3.9961,8.4934,-4.0027
193.276,3.9961,8.4934,-4.0027
193.283,3.9961,8.4960,-4.0027
193.293,3.9961,8.4960,-4.0027
193.300,3.9961,8.4985,-4.0027
193.309,3.9961,8.4985,-4.0027
193.315,3.9961,8.4985,-4.0027
193.323,3.9961,8.5011,-4.0027
193.332,3.9961,8.5011,-4.0027
193.339,3.9961,8.5037,-4.0027
193.348,3.9961,8.5037,-4.0027
193.355,3.9961,8.5037,-4.0027
193.362,3.9961,8.5063,-4.0027
193.369,3.9961,8.5063,-4.0027
193.378,3.9961,8.5089,-4.0027
193.387,3.9961,8.5089,-4.0027
193.395,3.9961,8.5089,-4.0027
193.403,3.9961,8.5115,-4.0027
193.412,3.9961,8.5115,-4.0027
193.419,3.9961,8.5140,-4.0027
193.428,3.9961,8.5140,-4.0027
193.435,3.9961,8.5140,-4.0027
193.443,3.9961,8.5166,-4.0027
193.452,3.9961,8.5166,-4.0027
193.460,3.9961,8.5192,-4.0027
193.468,3.9961,8.5192,-4.0027
193.477,3.9961,8.5192,-4.0027
193.484,3.9961,8.5218,-4.0027
193.493,3.9961,8.5218,-4.0027
193.501,3.9961,8.5244,-4.0027
193.511,3.9961,8.5244,-4.0027
193.519,3.9961,8.5270,-4.0027
193.528,3.9961,8.5270,-4.0027
193.535,3.9961,8.5270,-4.0027
193.544,3.9961,8.5295,-4.0027
193.552,3.9961,8.5295,-4.0027
193.561,3.9961,8.5321,-4.0027
193.570,3.9961,8.5321,-4.0027
193.578,3.9961,8.5347,-4.0027
193.587,3.9961,8.5347,-4.0027
193.595,3.9961,8.5347,-4.0027
193.603,3.9961,8.5373,-4.0027
193.613,3.9961,8.5373,-4.0027
193.621,3.9961,8.5399,-4.0027
193.630,3.9961,8.5399,-4.0027
193.637,3.9961,8.5424,-4.0027
193.647,3.9961,8.5424,-4.0027
193.655,3.9961,8.5424,-4.0027
193.662,3.9961,8.5450,-4.0027
193.670,3.9961,8.5450,-4.0027
193.678,3.9961,8.5476,-4.0027
193.686,3.9961,8.5476,-4.0027
193.693,3.9961,8.5476,-4.0027
193.700,3.9961,8.5501,-4.0027
193.709,3.9961,8.5501,-4.0027
193.717,3.9961,8.5527,-4.0027
193.725,3.9961,8.5527,-4.0027
193.732,3.9961,8.5527,-4.0027
193.739,3.9961,8.5553,-4.0027
193.749,3.9961,8.5553,-4.0027
193.755,3.9961,8.5553,-4.0027
193.763,3.9961,8.5579,-4.0027
193.771,3.9961,8.5579,-4.0027
193.780,3.9961,8.5604,-4.0027
193.787,3.9961,8.5604,-4.0027
193.795,3.9961,8.5604,-4.0027
193.802,3.9961,8.5630,-4.0027
193.811,3.9961,8.5630,-4.0027
193.818,3.9961,8.5656,-4.0027
193.827,3.9961,8.5656,-4.0027
193.834,3.9961,8.5656,-4.0027
193.842,3.9961,8.5682,-4.0027
193.851,3.9961,8.5682,-4.0027
193.858,3.9961,8.5707,-4.0027
193.867,3.9961,8.5707,-4.0027
193.874,3.9961,8.5707,-4.0027
193.880,3.9961,8.5733,-4.0027
193.889,3.9961,8.5733,-4.0027
193.897,3.9961,8.5733,-4.0027
193.904,3.9961,8.5759,-4.0027
193.914,3.9961,8.5759,-4.0027
193.922,3.9961,8.5784,-4.0027
193.932,3.9961,8.5784,-4.0027
193.939,3.9961,8.5810,-4.0027
193.949,3.9961,8.5810,-4.0027
193.958,3.9961,8.5836,-4.0027
193.967,3.9961,8.5836,-4.0027
193.975,3.9961,8.5836,-4.0027
193.985,3.9961,8.5862,-4.0027
193.996,3.9961,8.5862,-4.0027
194.003,3.9961,8.5887,-4.0027
194.013,3.9961,8.5887,-4.0027
194.021,3.9961,8.5913,-4.0027
194.030,3.9961,8.5913,-4.0027
194.038,3.9961,8.5939,-4.0027
194.048,3.9961,8.5939,-4.0027
194.055,3.9961,8.5939,-4.0027
194.064,3.9961,8.5965,-4.0027
194.074,3.9961,8.5965,-4.0027
194.083,3.9961,8.5990,-4.0027
194.092,3.9961,8.5990,-4.0027
194.101,3.9961,8.6016,-4.0027
194.112,3.9961,8.6016,-4.0027
194.119,3.9961,8.6042,-4.0027
194.129,3.9961,8.6042,-4.0027
194.137,3.9961,8.6067,-4.0027
194.147,3.9961,8.6067,-4.0027
194.154,3.9961,8.6067,-4.0027
194.165,3.9961,8.6093,-4.0027
194.175,3.9961,8.6093,-4.0027
194.184,3.9961,8.6119,-4.0027
194.192,3.9961,8.6119,-4.0027
194.199,3.9961,8.6144,-4.0027
194.208,3.9961,8.6144,-4.0027
194.216,3.9961,8.6144,-4.0027
194.224,3.9961,8.6170,-4.0027
194.233,3.9961,8.6170,-4.0027
194.241,3.9961,8.6196,-4.0027
194.251,3.9961,8.6196,-4.0027
194.259,3.9961,8.6222,-4.0027
194.268,3.9961,8.6222,-4.0027
194.276,3.9961,8.6222,-4.0027
194.287,3.9961,8.6247,-4.0027
194.296,3.9961,8.6247,-4.0027
194.303,3.9961,8.6273,-4.0027
194.312,3.9961,8.6273,-4.0027
194.320,3.9961,8.6299,-4.0027
194.327,3.9961,8.6299,-4.0027
194.346,3.9961,8.6324,-4.0027
194.355,3.9961,8.6324,-4.0027
194.362,3.9961,8.6350,-4.0027
194.370,3.9961,8.6350,-4.0027
194.379,3.9961,8.6376,-4.0027
194.388,3.9961,8.6376,-4.0027
194.396,3.9961,8.6376,-4.0027
194.403,3.9961,8.6401,-4.0027
194.413,3.9961,8.6401,-4.0027
194.420,3.9961,8.6427,-4.0027
194.430,3.9961,8.6427,-4.0027
194.436,3.9961,8.6427,-4.0027
194.445,3.9961,8.6453,-4.0027
194.453,3.9961,8.6453,-4.0027
194.462,3.9961,8.6479,-4.0027
194.470,3.9961,8.6479,-4.0027
194.479,3.9961,8.6504,-4.0027
194.487,3.9961,8.6504,-4.0027
194.495,3.9961,8.6504,-4.0027
194.503,3.9961,8.6530,-4.0027
194.512,3.9961,8.6530,-4.0027
194.519,3.9961,8.6556,-4.0027
194.527,3.9961,8.6556,-4.0027
194.535,3.9961,8.6556,-4.0027
194.542,3.9961,8.6581,-4.0027
194.551,3.9961,8.6581,-4.0027
194.558,3.9961,8.6607,-4.0027
194.567,3.9961,8.6607,-4.0027
194.575,3.9961,8.6607,-4.0027
194.583,3.9961,8.6632,-4.0027
194.593,3.9961,8.6632,-4.0027
194.600,3.9961,8.6658,-4.0027
194.609,3.9961,8.6658,-4.0027
194.617,3.9961,8.6658,-4.0027
194.624,3.9961,8.6684,-4.0027
194.633,3.9961,8.6684,-4.0027
194.642,3.9961,8.6709,-4.0027
194.652,3.9961,8.6709,-4.0027
194.661,3.9961,8.6735,-4.0027
194.669,3.9961,8.6735,-4.0027
194.679,3.9961,8.6761,-4.0027
194.687,3.9961,8.6761,-4.0027
194.695,3.9961,8.6761,-4.0027
194.702,3.9961,8.6786,-4.0027
194.712,3.9961,8.6786,-4.0027
194.719,3.9961,8.6812,-4.0027
194.729,3.9961,8.6812,-4.0027
194.738,3.9961,8.6838,-4.0027
194.748,3.9961,8.6838,-4.0027
194.757,3.9961,8.6838,-4.0027
194.765,3.9961,8.6863,-4.0027
194.774,3.9961,8.6863,-4.0027
194.783,3.9961,8.6889,-4.0027
194.793,3.9961,8.6889,-4.0027
194.802,3.9961,8.6915,-4.0027
194.812,3.9961,8.6915,-4.0027
194.819,3.9961,8.6940,-4.0027
194.829,3.9961,8.6940,-4.0027
194.837,3.9961,8.6966,-4.0027
194.848,3.9961,8.6966,-4.0027
194.855,3.9961,8.6966,-4.0027
194.864,3.9961,8.6992,-4.0027
194.873,3.9961,8.6992,-4.0027
194.882,3.9961,8.7017,-4.0027
194.892,3.9961,8.7017,-4.0027
194.900,3.9961,8.7043,-4.0027
194.908,3.9961,8.7043,-4.0027
194.917,3.9961,8.7069,-4.0027
194.926,3.9961,8.7069,-4.0027
194.932,3.9961,8.7069,-4.0027
194.940,3.9961,8.7094,-4.0027
194.949,3.9961,8.7094,-4.0027
194.957,3.9961,8.7120,-4.0027
194.966,3.9961,8.7120,-4.0027
194.972,3.9961,8.7120,-4.0027
194.981,3.9961,8.7146,-4.0027
194.990,3.9961,8.7146,-4.0027
194.999,3.9961,8.7171,-4.0027
195.009,3.9961,8.7171,-4.0027
195.017,3.9961,8.7171,-4.0027
195.023,3.9961,8.7197,-4.0027
195.032,3.9961,8.7197,-4.0027
195.040,3.9961,8.7223,-4.0027
195.050,3.9961,8.7223,-4.0027
195.056,3.9961,8.7223,-4.0027
195.064,3.9961,8.7248,-4.0027
195.074,3.9961,8.7248,-4.0027
195.082,3.9961,8.7274,-4.0027
195.090,3.9961,8.7274,-4.0027
195.098,3.9961,8.7300,-4.0027
195.106,3.9961,8.7300,-4.0027
195.113,3.9961,8.7300,-4.0027
195.120,3.9961,8.7325,-4.0027
195.130,3.9961,8.7325,-4.0027
195.137,3.9961,8.7351,-4.0027
195.147,3.9961,8.7351,-4.0027
195.154,3.9961,8.7351,-4.0027
195.161,3.9961,8.7377,-4.0027
195.170,3.9961,8.7377,-4.0027
195.178,3.9961,8.7402,-4.0027
195.187,3.9961,8.7402,-4.0027
195.195,3.9961,8.7402,-4.0027
195.203,3.9961,8.7427,-4.0027
195.212,3.9961,8.7427,-4.0027
195.220,3.9961,8.7453,-4.0027
195.229,3.9961,8.7453,-4.0027
195.236,3.9961,8.7453,-4.0027
195.245,3.9961,8.7478,-4.0027
195.256,3.9961,8.7478,-4.0027
195.264,3.9961,8.7504,-4.0027
195.273,3.9961,8.7504,-4.0027
195.282,3.9961,8.7529,-4.0027
195.291,3.9961,8.7529,-4.0027
195.299,3.9961,8.7555,-4.0027
195.308,3.9961,8.7555,-4.0027
195.317,3.9961,8.7580,-4.0027
195.327,3.9961,8.7580,-4.0027
195.335,3.9961,8.7580,-4.0027
195.345,3.9961,8.7606,-4.0027
195.355,3.9961,8.7606,-4.0027
195.362,3.9961,8.7631,-4.0027
195.371,3.9961,8.7631,-4.0027
195.381,3.9961,8.7657,-4.0027
195.389,3.9961,8.7657,-4.0027
195.398,3.9961,8.7682,-4.0027
195.409,3.9961,8.7682,-4.0027
195.417,3.9961,8.7682,-4.0027
195.424,3.9961,8.7708,-4.0027
195.433,3.9961,8.7708,-4.0027
195.441,3.9961,8.7733,-4.0027
195.449,3.9961,8.7733,-4.0027
195.458,3.9961,8.7759,-4.0027
195.467,3.9961,8.7759,-4.0027
195.474,3.9961,8.7759,-4.0027
195.481,3.9961,8.7784,-4.0027
195.491,3.9961,8.7784,-4.0027
195.499,3.9961,8.7810,-4.0027
195.508,3.9961,8.7810,-4.0027
195.514,3.9961,8.7810,-4.0027
195.522,3.9961,8.7835,-4.0027
195.530,3.9961,8.7835,-4.0027
195.537,3.9961,8.7860,-4.0027
195.545,3.9961,8.7860,-4.0027
195.553,3.9961,8.7860,-4.0027
195.561,3.9961,8.7886,-4.0027
195.569,3.9961,8.7886,-4.0027
195.577,3.9961,8.7911,-4.0027
195.587,3.9961,8.7911,-4.0027
195.594,3.9961,8.7911,-4.0027
195.601,3.9961,8.7937,-4.0027
195.609,3.9961,8.7937,-4.0027
195.619,3.9961,8.7962,-4.0027
195.627,3.9961,8.7962,-4.0027
195.634,3.9961,8.7962,-4.0027
195.641,3.9961,8.7988,-4.0027
195.651,3.9961,8.7988,-4.0027
195.657,3.9961,8.7988,-4.0027
195.665,3.9961,8.8013,-4.0027
195.674,3.9961,8.8013,-4.0027
195.683,3.9961,8.8038,-4.0027
195.690,3.9961,8.8038,-4.0027
195.697,3.9961,8.8064,-4.0027
195.705,3.9961,8.8064,-4.0027
195.715,3.9961,8.8064,-4.0027
195.721,3.9961,8.8089,-4.0027
195.731,3.9961,8.8089,-4.0027
195.739,3.9961,8.8115,-4.0027
195.748,3.9961,8.8115,-4.0027
195.755,3.9961,8.8115,-4.0027
195.764,3.9961,8.8140,-4.0027
195.773,3.9961,8.8140,-4.0027
195.780,3.9961,8.8165,-4.0027
195.788,3.9961,8.8165,-4.0027
195.796,3.9961,8.8165,-4.0027
195.804,3.9961,8.8191,-4.0027
195.813,3.9961,8.8191,-4.0027
195.821,3.9961,8.8216,-4.0027
195.830,3.9961,8.8216,-4.0027
195.837,3.9961,8.8216,-4.0027
195.844,3.9961,8.8242,-4.0027
195.852,3.9961,8.8242,-4.0027
195.860,3.9961,8.8267,-4.0027
195.869,3.9961,8.8267,-4.0027
195.877,3.9961,8.8292,-4.0027
195.887,3.9961,8.8292,-4.0027
195.895,3.9961,8.8292,-4.0027
195.903,3.9961,8.8318,-4.0027
195.913,3.9961,8.8318,-4.0027
195.921,3.9961,8.8343,-4.0027
195.931,3.9961,8.8343,-4.0027
195.939,3.9961,8.8369,-4.0027
195.949,3.9961,8.8369,-4.0027
195.958,3.9961,8.8394,-4.0027
195.966,3.9961,8.8394,-4.0027
195.974,3.9961,8.8394,-4.0027
195.983,3.9961,8.8419,-4.0027
195.992,3.9961,8.8419,-4.0027
196.000,3.9961,8.8445,-4.0027
196.009,3.9961,8.8445,-4.0027
196.018,3.9961,8.8470,-4.0027
196.026,3.9961,8.8470,-4.0027
196.034,3.9961,8.8470,-4.0027
196.042,3.9961,8.8496,-4.0027
196.051,3.9961,8.8496,-4.0027
196.059,3.9961,8.8521,-4.0027
196.068,3.9961,8.8521,-4.0027
196.076,3.9961,8.8521,-4.0027
196.083,3.9961,8.8547,-4.0027
196.094,3.9961,8.8547,-4.0027
196.102,3.9961,8.8572,-4.0027
196.113,3.9961,8.8572,-4.0027
196.120,3.9961,8.8598,-4.0027
196.129,3.9961,8.8598,-4.0027
196.136,3.9961,8.8598,-4.0027
196.145,3.9961,8.8623,-4.0027
196.153,3.9961,8.8623,-4.0027
196.161,3.9961,8.8648,-4.0027
196.170,3.9961,8.8648,-4.0027
196.178,3.9961,8.8674,-4.0027
196.187,3.9961,8.8674,-4.0027
196.195,3.9961,8.8674,-4.0027
196.203,3.9961,8.8699,-4.0027
196.212,3.9961,8.8699,-4.0027
196.220,3.9961,8.8725,-4.0027
196.228,3.9961,8.8725,-4.0027
196.236,3.9961,8.8725,-4.0027
196.245,3.9961,8.8750,-4.0027
196.254,3.9961,8.8750,-4.0027
196.262,3.9961,8.8775,-4.0027
196.269,3.9961,8.8775,-4.0027
196.277,3.9961,8.8801,-4.0027
196.286,3.9961,8.8801,-4.0027
196.293,3.9961,8.8801,-4.0027
196.301,3.9961,8.8826,-4.0027
196.310,3.9961,8.8826,-4.0027
196.317,3.9961,8.8852,-4.0027
196.325,3.9961,8.8852,-4.0027
196.333,3.9961,8.8852,-4.0027
196.341,3.9961,8.8877,-4.0027
196.350,3.9961,8.8877,-4.0027
196.357,3.9961,8.8903,-4.0027
196.366,3.9961,8.8903,-4.0027
196.375,3.9961,8.8903,-4.0027
196.382,3.9961,8.8928,-4.0027
196.391,3.9961,8.8928,-4.0027
196.398,3.9961,8.8953,-4.0027
196.407,3.9961,8.8953,-4.0027
196.414,3.9961,8.8953,-4.0027
196.421,3.9961,8.8979,-4.0027
196.429,3.9961,8.8979,-4.0027
196.437,3.9961,8.8979,-4.0027
196.444,3.9961,8.9004,-4.0027
196.453,3.9961,8.9004,-4.0027
196.461,3.9961,8.9030,-4.0027
196.470,3.9961,8.9030,-4.0027
196.479,3.9961,8.9055,-4.0027
196.487,3.9961,8.9055,-4.0027
196.496,3.9961,8.9055,-4.0027
196.503,3.9961,8.9080,-4.0027
196.513,3.9961,8.9080,-4.0027
196.520,3.9961,8.9106,-4.0027
196.530,3.9961,8.9106,-4.0027
196.536,3.9961,8.9106,-4.0027
196.546,3.9961,8.9131,-4.0027
196.555,3.9961,8.9131,-4.0027
196.562,3.9961,8.9157,-4.0027
196.570,3.9961,8.9157,-4.0027
196.582,3.9961,8.9182,-4.0027
196.598,3.9961,8.9207,-4.0027
196.608,3.9961,8.9207,-4.0027
196.617,3.9961,8.9207,-4.0027
196.625,3.9961,8.9233,-4.0027
196.634,3.9961,8.9233,-4.0027
196.643,3.9961,8.9258,-4.0027
196.653,3.9961,8.9258,-4.0027
196.661,3.9961,8.9284,-4.0027
196.671,3.9961,8.9284,-4.0027
196.680,3.9961,8.9309,-4.0027
196.688,3.9961,8.9309,-4.0027
196.696,3.9961,8.9309,-4.0027
196.702,3.9961,8.9334,-4.0027
196.712,3.9961,8.9334,-4.0027
196.718,3.9961,8.9360,-4.0027
196.728,3.9961,8.9360,-4.0027
196.735,3.9961,8.9360,-4.0027
196.743,3.9961,8.9385,-4.0027
196.752,3.9961,8.9385,-4.0027
196.760,3.9961,8.9411,-4.0027
196.769,3.9961,8.9411,-4.0027
196.777,3.9961,8.9436,-4.0027
196.785,3.9961,8.9436,-4.0027
196.794,3.9961,8.9436,-4.0027
196.801,3.9961,8.9461,-4.0027
196.810,3.9961,8.9461,-4.0027
196.819,3.9961,8.9487,-4.0027
196.828,3.9961,8.9487,-4.0027
196.835,3.9961,8.9487,-4.0027
196.842,3.9961,8.9512,-4.0027
196.851,3.9961,8.9512,-4.0027
196.859,3.9961,8.9537,-4.0027
196.867,3.9961,8.9537,-4.0027
196.874,3.9961,8.9537,-4.0027
196.881,3.9961,8.9563,-4.0027
196.891,3.9961,8.9563,-4.0027
196.899,3.9961,8.9588,-4.0027
196.907,3.9961,8.9588,-4.0027
196.916,3.9961,8.9588,-4.0027
196.923,3.9961,8.9613,-4.0027
196.932,3.9961,8.9613,-4.0027
196.938,3.9961,8.9639,-4.0027
196.948,3.9961,8.9639,-4.0027
196.955,3.9961,8.9639,-4.0027
196.962,3.9961,8.9664,-4.0027
196.970,3.9961,8.9664,-4.0027
196.979,3.9961,8.9689,-4.0027
196.987,3.9961,8.9689,-4.0027
196.995,3.9961,8.9689,-4.0027
197.002,3.9961,8.9714,-4.0027
197.013,3.9961,8.9714,-4.0027
197.020,3.9961,8.9740,-4.0027
197.029,3.9961,8.9740,-4.0027
197.037,3.9961,8.9765,-4.0027
197.047,3.9961,8.9765,-4.0027
197.054,3.9961,8.9765,-4.0027
197.061,3.9961,8.9790,-4.0027
197.070,3.9961,8.9790,-4.0027
197.077,3.9961,8.9815,-4.0027
197.085,3.9961,8.9815,-4.0027
197.093,3.9961,8.9815,-4.0027
197.101,3.9961,8.9841,-4.0027
197.110,3.9961,8.9841,-4.0027
197.118,3.9961,8.9866,-4.0027
197.125,3.9961,8.9866,-4.0027
197.133,3.9961,8.9866,-4.0027
197.140,3.9961,8.9891,-4.0027
197.150,3.9961,8.9891,-4.0027
197.157,3.9961,8.9916,-4.0027
197.167,3.9961,8.9916,-4.0027
197.176,3.9961,8.9916,-4.0027
197.184,3.9961,8.9942,-4.0027
197.193,3.9961,8.9942,-4.0027
197.201,3.9961,8.9967,-4.0027
197.211,3.9961,8.9967,-4.0027
197.219,3.9961,8.9992,-4.0027
197.229,3.9961,8.9992,-4.0027
197.236,3.9961,8.9992,-4.0027
197.245,3.9961,9.0017,-4.0027
197.255,3.9961,9.0017,-4.0027
197.263,3.9961,9.0042,-4.0027
197.272,3.9961,9.0042,-4.0027
197.281,3.9961,9.0068,-4.0027
197.291,3.9961,9.0068,-4.0027
197.300,3.9961,9.0093,-4.0027
197.310,3.9961,9.0093,-4.0027
197.318,3.9961,9.0118,-4.0027
197.327,3.9961,9.0118,-4.0027
197.335,3.9961,9.0118,-4.0027
197.344,3.9961,9.0143,-4.0027
197.352,3.9961,9.0143,-4.0027
197.360,3.9961,9.0169,-4.0027
197.369,3.9961,9.0169,-4.0027
197.377,3.9961,9.0194,-4.0027
197.386,3.9961,9.0194,-4.0027
197.395,3.9961,9.0194,-4.0027
197.402,3.9961,9.0219,-4.0027
197.411,3.9961,9.0219,-4.0027
197.418,3.9961,9.0244,-4.0027
197.427,3.9961,9.0244,-4.0027
197.433,3.9961,9.0244,-4.0027
197.441,3.9961,9.0270,-4.0027
197.449,3.9961,9.0270,-4.0027
197.457,3.9961,9.0270,-4.0027
197.464,3.9961,9.0295,-4.0027
197.473,3.9961,9.0295,-4.0027
197.480,3.9961,9.0320,-4.0027
197.489,3.9961,9.0320,-4.0027
197.496,3.9961,9.0320,-4.0027
197.503,3.9961,9.0346,-4.0027
197.511,3.9961,9.0346,-4.0027
197.519,3.9961,9.0371,-4.0027
197.527,3.9961,9.0371,-4.0027
197.534,3.9961,9.0371,-4.0027
197.541,3.9961,9.0396,-4.0027
197.550,3.9961,9.0396,-4.0027
197.559,3.9961,9.0421,-4.0027
197.567,3.9961,9.0421,-4.0027
197.574,3.9961,9.0421,-4.0027
197.583,3.9961,9.0447,-4.0027
197.591,3.9961,9.0447,-4.0027
197.598,3.9961,9.0472,-4.0027
197.606,3.9961,9.0472,-4.0027
197.613,3.9961,9.0472,-4.0027
197.620,3.9961,9.0497,-4.0027
197.629,3.9961,9.0497,-4.0027
197.635,3.9961,9.0497,-4.0027
197.644,3.9961,9.0523,-4.0027
197.652,3.9961,9.0523,-4.0027
197.660,3.9961,9.0548,-4.0027
197.669,3.9961,9.0548,-4.0027
197.677,3.9961,9.0573,-4.0027
197.686,3.9961,9.0573,-4.0027
197.693,3.9961,9.0573,-4.0027
197.701,3.9961,9.0599,-4.0027
197.711,3.9961,9.0599,-4.0027
197.719,3.9961,9.0624,-4.0027
197.728,3.9961,9.0624,-4.0027
197.736,3.9961,9.0624,-4.0027
197.744,3.9961,9.0650,-4.0027
197.753,3.9961,9.0650,-4.0027
197.761,3.9961,9.0675,-4.0027
197.770,3.9961,9.0675,-4.0027
197.779,3.9961,9.0700,-4.0027
197.789,3.9961,9.0700,-4.0027
197.798,3.9961,9.0726,-4.0027
197.806,3.9961,9.0726,-4.0027
197.815,3.9961,9.0726,-4.0027
197.822,3.9961,9.0751,-4.0027
197.831,3.9961,9.0751,-4.0027
197.838,3.9961,9.0777,-4.0027
197.847,3.9961,9.0777,-4.0027
197.854,3.9961,9.0777,-4.0027
197.863,3.9961,9.0802,-4.0027
197.872,3.9961,9.0802,-4.0027
197.881,3.9961,9.0828,-4.0027
197.891,3.9961,9.0828,-4.0027
197.898,3.9961,9.0853,-4.0027
197.908,3.9961,9.0853,-4.0027
197.917,3.9961,9.0853,-4.0027
197.925,3.9961,9.0879,-4.0027
197.934,3.9961,9.0879,-4.0027
197.943,3.9961,9.0904,-4.0027
197.954,3.9961,9.0904,-4.0027
197.960,3.9961,9.0930,-4.0027
197.970,3.9961,9.0930,-4.0027
197.978,3.9961,9.0955,-4.0027
197.986,3.9961,9.0955,-4.0027
197.994,3.9961,9.0955,-4.0027
198.001,3.9961,9.0981,-4.0027
198.011,3.9961,9.0981,-4.0027
198.019,3.9961,9.1006,-4.0027
198.028,3.9961,9.1006,-4.0027
198.035,3.9961,9.1006,-4.0027
198.042,3.9961,9.1032,-4.0027
198.050,3.9961,9.1032,-4.0027
198.058,3.9961,9.1057,-4.0027
198.067,3.9961,9.1057,-4.0027
198.074,3.9961,9.1057,-4.0027
198.081,3.9961,9.1082,-4.0027
198.091,3.9961,9.1082,-4.0027
198.099,3.9961,9.1108,-4.0027
198.108,3.9961,9.1108,-4.0027
198.115,3.9961,9.1108,-4.0027
198.123,3.9961,9.1133,-4.0027
198.131,3.9961,9.1133,-4.0027
198.138,3.9961,9.1159,-4.0027
198.147,3.9961,9.1159,-4.0027
198.154,3.9961,9.1159,-4.0027
198.162,3.9961,9.1184,-4.0027
198.169,3.9961,9.1184,-4.0027
198.178,3.9961,9.1210,-4.0027
198.186,3.9961,9.1210,-4.0027
198.193,3.9961,9.1210,-4.0027
198.201,3.9961,9.1235,-4.0027
198.209,3.9961,9.1235,-4.0027
198.218,3.9961,9.1260,-4.0027
198.226,3.9961,9.1260,-4.0027
198.233,3.9961,9.1260,-4.0027
198.240,3.9961,9.1286,-4.0027
198.249,3.9961,9.1286,-4.0027
198.257,3.9961,9.1311,-4.0027
198.265,3.9961,9.1311,-4.0027
198.273,3.9961,9.1311,-4.0027
198.281,3.9961,9.1337,-4.0027
198.290,3.9961,9.1337,-4.0027
198.297,3.9961,9.1362,-4.0027
198.306,3.9961,9.1362,-4.0027
198.314,3.9961,9.1362,-4.0027
198.321,3.9961,9.1387,-4.0027
198.331,3.9961,9.1387,-4.0027
198.339,3.9961,9.1413,-4.0027
198.346,3.9961,9.1413,-4.0027
198.354,3.9961,9.1413,-4.0027
198.361,3.9961,9.1438,-4.0027
198.369,3.9961,9.1438,-4.0027
198.377,3.9961,9.1438,-4.0027
198.383,3.9961,9.1464,-4.0027
198.392,3.9961,9.1464,-4.0027
198.400,3.9961,9.1489,-4.0027
198.407,3.9961,9.1489,-4.0027
198.415,3.9961,9.1489,-4.0027
198.423,3.9961,9.1514,-4.0027
198.433,3.9961,9.1514,-4.0027
198.440,3.9961,9.1540,-4.0027
198.450,3.9961,9.1540,-4.0027
198.457,3.9961,9.1565,-4.0027
198.467,3.9961,9.1565,-4.0027
198.474,3.9961,9.1565,-4.0027
198.482,3.9961,9.1591,-4.0027
198.491,3.9961,9.1591,-4.0027
198.499,3.9961,9.1616,-4.0027
198.508,3.9961,9.1616,-4.0027
198.515,3.9961,9.1616,-4.0027
198.524,3.9961,9.1642,-4.0027
198.533,3.9961,9.1642,-4.0027
198.540,3.9961,9.1667,-4.0027
198.550,3.9961,9.1667,-4.0027
198.558,3.9961,9.1692,-4.0027
198.567,3.9961,9.1692,-4.0027
198.574,3.9961,9.1692,-4.0027
198.583,3.9961,9.1718,-4.0027
198.592,3.9961,9.1718,-4.0027
198.601,3.9961,9.1743,-4.0027
198.611,3.9961,9.1743,-4.0027
198.619,3.9961,9.1769,-4.0027
198.629,3.9961,9.1769,-4.0027
198.636,3.9961,9.1769,-4.0027
198.646,3.9961,9.1794,-4.0027
198.655,3.9961,9.1794,-4.0027
198.664,3.9961,9.1820,-4.0027
198.672,3.9961,9.1820,-4.0027
198.680,3.9961,9.1845,-4.0027
198.689,3.9961,9.1845,-4.0027
198.698,3.9961,9.1871,-4.0027
198.706,3.9961,9.1871,-4.0027
198.714,3.9961,9.1871,-4.0027
198.720,3.9961,9.1896,-4.0027
198.729,3.9961,9.1896,-4.0027
198.736,3.9961,9.1896,-4.0027
198.745,3.9961,9.1922,-4.0027
198.754,3.9961,9.1922,-4.0027
198.762,3.9961,9.1947,-4.0027
198.769,3.9961,9.1947,-4.0027
198.777,3.9961,9.1972,-4.0027
198.785,3.9961,9.1972,-4.0027
198.793,3.9961,9.1972,-4.0027
198.801,3.9961,9.1998,-4.0027
198.810,3.9961,9.1998,-4.0027
198.821,3.9961,9.2023,-4.0027
198.836,3.9961,9.2023,-4.0027
198.844,3.9961,9.2049,-4.0027
198.854,3.9961,9.2049,-4.0027
198.862,3.9961,9.2074,-4.0027
198.870,3.9961,9.2074,-4.0027
198.878,3.9961,9.2100,-4.0027
198.887,3.9961,9.2100,-4.0027
198.894,3.9961,9.2100,-4.0027
198.901,3.9961,9.2125,-4.0027
198.910,3.9961,9.2125,-4.0027
198.918,3.9961,9.2151,-4.0027
198.927,3.9961,9.2151,-4.0027
198.935,3.9961,9.2151,-4.0027
198.943,3.9961,9.2176,-4.0027
198.952,3.9961,9.2176,-4.0027
198.961,3.9961,9.2202,-4.0027
198.970,3.9961,9.2202,-4.0027
198.979,3.9961,9.2227,-4.0027
198.988,3.9961,9.2227,-4.0027
198.996,3.9961,9.2227,-4.0027
199.004,3.9961,9.2253,-4.0027
199.015,3.9961,9.2253,-4.0027
199.023,3.9961,9.2278,-4.0027
199.032,3.9961,9.2278,-4.0027
199.041,3.9961,9.2304,-4.0027
199.051,3.9961,9.2304,-4.0027
199.060,3.9961,9.2329,-4.0027
199.069,3.9961,9.2329,-4.0027
199.077,3.9961,9.2355,-4.0027
199.087,3.9961,9.2355,-4.0027
199.095,3.9961,9.2355,-4.0027
199.103,3.9961,9.2380,-4.0027
199.113,3.9961,9.2380,-4.0027
199.121,3.9961,9.2406,-4.0027
199.130,3.9961,9.2406,-4.0027
199.138,3.9961,9.2431,-4.0027
199.149,3.9961,9.2431,-4.0027
199.157,3.9961,9.2431,-4.0027
199.166,3.9961,9.2457,-4.0027
199.176,3.9961,9.2457,-4.0027
199.185,3.9961,9.2482,-4.0027
199.195,3.9961,9.2482,-4.0027
199.203,3.9961,9.2508,-4.0027
199.213,3.9961,9.2508,-4.0027
199.220,3.9961,9.2534,-4.0027
199.229,3.9961,9.2534,-4.0027
199.237,3.9961,9.2534,-4.0027
199.246,3.9961,9.2559,-4.0027
199.254,3.9961,9.2559,-4.0027
199.261,3.9961,9.2585,-4.0027
199.269,3.9961,9.2585,-4.0027
199.277,3.9961,9.2610,-4.0027
199.286,3.9961,9.2610,-4.0027
199.293,3.9961,9.2610,-4.0027
199.301,3.9961,9.2636,-4.0027
199.310,3.9961,9.2636,-4.0027
199.318,3.9961,9.2661,-4.0027
199.327,3.9961,9.2661,-4.0027
199.335,3.9961,9.2661,-4.0027
199.342,3.9961,9.2687,-4.0027
199.352,3.9961,9.2687,-4.0027
199.360,3.9961,9.2712,-4.0027
199.369,3.9961,9.2712,-4.0027
199.376,3.9961,9.2712,-4.0027
199.384,3.9961,9.2738,-4.0027
199.393,3.9961,9.2738,-4.0027
199.400,3.9961,9.2763,-4.0027
199.408,3.9961,9.2763,-4.0027
199.417,3.9961,9.2763,-4.0027
199.425,3.9961,9.2789,-4.0027
199.434,3.9961,9.2789,-4.0027
199.442,3.9961,9.2814,-4.0027
199.450,3.9961,9.2814,-4.0027
199.459,3.9961,9.2840,-4.0027
199.467,3.9961,9.2840,-4.0027
199.474,3.9961,9.2840,-4.0027
199.482,3.9961,9.2865,-4.0027
199.490,3.9961,9.2865,-4.0027
199.497,3.9961,9.2891,-4.0027
199.507,3.9961,9.2891,-4.0027
199.516,3.9961,9.2891,-4.0027
199.523,3.9961,9.2916,-4.0027
199.532,3.9961,9.2916,-4.0027
199.540,3.9961,9.2942,-4.0027
199.550,3.9961,9.2942,-4.0027
199.557,3.9961,9.2967,-4.0027
199.566,3.9961,9.2967,-4.0027
199.574,3.9961,9.2967,-4.0027
199.582,3.9961,9.2993,-4.0027
199.590,3.9961,9.2993,-4.0027
199.598,3.9961,9.3018,-4.0027
199.606,3.9961,9.3018,-4.0027
199.615,3.9961,9.3018,-4.0027
199.621,3.9961,9.3044,-4.0027
199.630,3.9961,9.3044,-4.0027
199.637,3.9961,9.3069,-4.0027
199.647,3.9961,9.3069,-4.0027
199.654,3.9961,9.3069,-4.0027
199.663,3.9961,9.3095,-4.0027
199.672,3.9961,9.3095,-4.0027
199.681,3.9961,9.3120,-4.0027
199.690,3.9961,9.3120,-4.0027
199.699,3.9961,9.3146,-4.0027
199.708,3.9961,9.3146,-4.0027
199.716,3.9961,9.3146,-4.0027
199.724,3.9961,9.3171,-4.0027
199.734,3.9961,9.3171,-4.0027
199.742,3.9961,9.3197,-4.0027
199.752,3.9961,9.3197,-4.0027
199.760,3.9961,9.3222,-4.0027
199.770,3.9961,9.3222,-4.0027
199.779,3.9961,9.3247,-4.0027
199.789,3.9961,9.3247,-4.0027
199.797,3.9961,9.3273,-4.0027
199.805,3.9961,9.3273,-4.0027
199.814,3.9961,9.3273,-4.0027
199.823,3.9961,9.3298,-4.0027
199.832,3.9961,9.3298,-4.0027
199.840,3.9961,9.3324,-4.0027
199.850,3.9961,9.3324,-4.0027
199.857,3.9961,9.3349,-4.0027
199.866,3.9961,9.3349,-4.0027
199.875,3.9961,9.3349,-4.0027
199.882,3.9961,9.3375,-4.0027
199.891,3.9961,9.3375,-4.0027
199.899,3.9961,9.3400,-4.0027
199.909,3.9961,9.3400,-4.0027
199.917,3.9961,9.3426,-4.0027
199.927,3.9961,9.3426,-4.0027
199.934,3.9961,9.3426,-4.0027
199.943,3.9961,9.3451,-4.0027
199.951,3.9961,9.3451,-4.0027
199.959,3.9961,9.3476,-4.0027
199.969,3.9961,9.3476,-4.0027
199.976,3.9961,9.3476,-4.0027
199.983,3.9961,9.3502,-4.0027
199.993,3.9961,9.3502,-4.0027
200.001,3.9961,9.3527,-4.0027
200.010,3.9961,9.3527,-4.0027
200.017,3.9961,9.3553,-4.0027
200.026,3.9961,9.3553,-4.0027
200.035,3.9961,9.3553,-4.0027
200.042,3.9961,9.3578,-4.0027
200.051,3.9961,9.3578,-4.0027
200.059,3.9961,9.3604,-4.0027
200.067,3.9961,9.3604,-4.0027
200.074,3.9961,9.3604,-4.0027
200.083,3.9961,9.3629,-4.0027
200.092,3.9961,9.3629,-4.0027
200.099,3.9961,9.3640,-4.0027
200.110,3.9961,9.3640,-4.0027
200.120,3.9961,9.3640,-4.0027
200.128,3.9961,9.3640,-4.0027
200.135,3.9961,9.3640,-4.0027
200.143,3.9961,9.3640,-4.0027
200.152,3.9961,9.3640,-4.0027
200.159,3.9961,9.3640,-4.0027
200.167,3.9961,9.3640,-4.0027
200.174,3.9961,9.3640,-4.0027
200.183,3.9961,9.3640,-4.0027
200.191,3.9961,9.3640,-4.0027
200.198,3.9961,9.3640,-4.0027
200.207,3.9961,9.3640,-4.0027
200.215,3.9961,9.3640,-4.0027
200.222,3.9961,9.3640,-4.0027
200.231,3.9961,9.3640,-4.0027
200.239,3.9961,9.3640,-4.0027
200.249,3.9961,9.3640,-4.0027
200.256,3.9961,9.3640,-4.0027
200.265,3.9961,9.3640,-4.0027
200.274,3.9961,9.3640,-4.0027
200.281,3.9961,9.3640,-4.0027
200.291,3.9961,9.3640,-4.0027
200.299,3.9961,9.3640,-4.0027
200.307,3.9961,9.3640,-4.0027
200.315,3.9961,9.3640,-4.0027
200.323,3.9961,9.3640,-4.0027
200.332,3.9961,9.3640,-4.0027
200.340,3.9961,9.3640,-4.0027
200.349,3.9961,9.3640,-4.0027
200.357,3.9961,9.3640,-4.0027
200.366,3.9961,9.3640,-4.0027
200.374,3.9961,9.3640,-4.0027
200.383,3.9961,9.3640,-4.0027
200.391,3.9961,9.3640,-4.0027
200.399,3.9961,9.3640,-4.0027
200.407,3.9961,9.3640,-4.0027
200.417,3.9961,9.3640,-4.0027
200.425,3.9961,9.3640,-4.0027
200.433,3.9961,9.3640,-4.0027
200.442,3.9961,9.3640,-4.0027
200.452,3.9961,9.3640,-4.0027
200.460,3.9961,9.3640,-4.0027
200.468,3.9961,9.3640,-4.0027
200.478,3.9961,9.3640,-4.0027
200.486,3.9961,9.3640,-4.0027
200.494,3.9961,9.3640,-4.0027
200.501,3.9961,9.3640,-4.0027
200.512,3.9961,9.3640,-4.0027
200.519,3.9961,9.3640,-4.0027
200.527,3.9961,9.3640,-4.0027
200.534,3.9961,9.3640,-4.0027
200.542,3.9961,9.3640,-4.0027
200.551,3.9961,9.3640,-4.0027
200.559,3.9961,9.3640,-4.0027
200.568,3.9961,9.3640,-4.0027
200.576,3.9961,9.3640,-4.0027
200.583,3.9961,9.3640,-4.0027
200.591,3.9961,9.3640,-4.0027
200.599,3.9961,9.3640,-4.0027
200.608,3.9961,9.3640,-4.0027
200.616,3.9961,9.3640,-4.0027
200.624,3.9961,9.3640,-4.0027
200.632,3.9961,9.3640,-4.0027
200.639,3.9961,9.3640,-4.0030
200.648,3.9961,9.3640,-4.0030
200.655,3.9961,9.3640,-4.0030
200.663,3.9961,9.3640,-4.0036
200.671,3.9961,9.3640,-4.0036
200.679,3.9961,9.3640,-4.0058
200.688,3.9961,9.3640,-4.0058
200.696,3.9961,9.3640,-4.0058
200.702,3.9961,9.3640,-4.0089
200.712,3.9961,9.3640,-4.0089
200.720,3.9961,9.3640,-4.0160
200.729,3.9961,9.3640,-4.0160
200.736,3.9961,9.3640,-4.0160
200.745,3.9961,9.3640,-4.0242
200.753,3.9961,9.3640,-4.0242
200.761,3.9961,9.3640,-4.0332
200.769,3.9961,9.3640,-4.0332
200.777,3.9961,9.3640,-4.0332
200.785,3.9961,9.3640,-4.0513
200.794,3.9961,9.3640,-4.0513
200.801,3.9961,9.3640,-4.0705
200.811,3.9961,9.3640,-4.0705
200.820,3.9961,9.3640,-4.0905
200.829,3.9961,9.3640,-4.0905
200.837,3.9961,9.3640,-4.0905
200.845,3.9961,9.3640,-4.1115
200.854,3.9961,9.3640,-4.1115
200.862,3.9961,9.3640,-4.1328
200.870,3.9961,9.3640,-4.1328
200.878,3.9961,9.3640,-4.1545
200.886,3.9961,9.3640,-4.1545
200.894,3.9961,9.3640,-4.1545
200.901,3.9961,9.3640,-4.1766
200.912,3.9961,9.3640,-4.1766
200.918,3.9961,9.3640,-4.1991
200.928,3.9961,9.3640,-4.1991
200.935,3.9961,9.3640,-4.1991
200.943,3.9961,9.3640,-4.2216
200.951,3.9961,9.3640,-4.2216
200.961,3.9961,9.3640,-4.2441
200.971,3.9961,9.3640,-4.2441
200.979,3.9961,9.3640,-4.2664
200.989,3.9961,9.3640,-4.2664
200.997,3.9961,9.3640,-4.2888
201.007,3.9961,9.3640,-4.2888
201.017,3.9961,9.3640,-4.3113
201.028,3.9961,9.3640,-4.3113
201.035,3.9961,9.3640,-4.3113
201.044,3.9961,9.3640,-4.3337
201.054,3.9961,9.3640,-4.3337
201.061,3.9961,9.3640,-4.3561
201.071,3.9961,9.3640,-4.3561
201.079,3.9961,9.3640,-4.3786
201.089,3.9961,9.3640,-4.3786
201.097,3.9961,9.3640,-4.3786
201.105,3.9961,9.3640,-4.4010
201.116,3.9961,9.3640,-4.4010
201.133,3.9961,9.3640,-4.4233
201.145,3.9961,9.3640,-4.4456
201.155,3.9961,9.3640,-4.4456
201.164,3.9961,9.3640,-4.4679
201.173,3.9961,9.3640,-4.4679
201.183,3.9961,9.3640,-4.4901
201.191,3.9961,9.3640,-4.4901
201.199,3.9961,9.3640,-4.5124
201.208,3.9961,9.3640,-4.5124
201.215,3.9961,9.3640,-4.5124
201.223,3.9961,9.3640,-4.5346
201.233,3.9961,9.3640,-4.5346
201.241,3.9961,9.3640,-4.5567
201.250,3.9961,9.3640,-4.5567
201.259,3.9961,9.3640,-4.5788
201.267,3.9961,9.3640,-4.5788
201.275,3.9961,9.3640,-4.5788
201.283,3.9960,9.3640,-4.6008
201.293,3.9960,9.3640,-4.6008
201.300,3.9958,9.3640,-4.6229
201.309,3.9958,9.3640,-4.6229
201.317,3.9957,9.3640,-4.6448
201.327,3.9957,9.3640,-4.6448
201.335,3.9957,9.3640,-4.6448
201.343,3.9955,9.3640,-4.6667
201.353,3.9955,9.3640,-4.6667
201.361,3.9949,9.3640,-4.6885
201.369,3.9949,9.3640,-4.6885
201.378,3.9942,9.3640,-4.7103
201.386,3.9942,9.3640,-4.7103
201.394,3.9942,9.3640,-4.7103
201.401,3.9935,9.3640,-4.7320
201.409,3.9935,9.3640,-4.7320
201.417,3.9935,9.3640,-4.7320
201.424,3.9926,9.3640,-4.7538
201.432,3.9926,9.3640,-4.7538
201.440,3.9917,9.3640,-4.7755
201.449,3.9917,9.3640,-4.7755
201.456,3.9917,9.3640,-4.7755
201.463,3.9908,9.3640,-4.7972
201.473,3.9908,9.3640,-4.7972
201.481,3.9888,9.3640,-4.8189
201.490,3.9888,9.3640,-4.8189
201.498,3.9868,9.3640,-4.8407
201.508,3.9868,9.3640,-4.8407
201.515,3.9868,9.3640,-4.8407
201.524,3.9846,9.3640,-4.8624
201.533,3.9846,9.3640,-4.8624
201.541,3.9823,9.3640,-4.8842
201.551,3.9823,9.3640,-4.8842
201.560,3.9799,9.3640,-4.9059
201.570,3.9799,9.3640,-4.9059
201.579,3.9775,9.3640,-4.9277
201.587,3.9775,9.3640,-4.9277
201.596,3.9775,9.3640,-4.9277
201.603,3.9749,9.3640,-4.9494
201.614,3.9749,9.3640,-4.9494
201.621,3.9723,9.3640,-4.9711
201.633,3.9723,9.3640,-4.9711
201.641,3.9696,9.3640,-4.9929
201.650,3.9696,9.3640,-4.9929
201.659,3.9640,9.3640,-5.0147
201.668,3.9640,9.3640,-5.0147
201.677,3.9583,9.3640,-5.0364
201.687,3.9583,9.3640,-5.0364
201.695,3.9583,9.3640,-5.0364
201.704,3.9522,9.3640,-5.0582
201.714,3.9522,9.3640,-5.0582
201.722,3.9460,9.3640,-5.0799
201.732,3.9460,9.3640,-5.0799
201.740,3.9396,9.3640,-5.1017
201.750,3.9396,9.3640,-5.1017
201.757,3.9396,9.3640,-5.1017
201.764,3.9330,9.3640,-5.1234
201.773,3.9330,9.3640,-5.1234
201.782,3.9261,9.3640,-5.1452
201.791,3.9261,9.3640,-5.1452
201.799,3.9191,9.3640,-5.1670
201.808,3.9191,9.3640,-5.1670
201.816,3.9191,9.3640,-5.1670
201.823,3.9121,9.3640,-5.1887
201.832,3.9121,9.3640,-5.1887
201.840,3.9051,9.3640,-5.2105
201.849,3.9051,9.3640,-5.2105
201.855,3.9051,9.3640,-5.2105
201.864,3.8981,9.3640,-5.2322
201.874,3.8981,9.3640,-5.2322
201.881,3.8911,9.3640,-5.2540
201.891,3.8911,9.3640,-5.2540
201.899,3.8841,9.3640,-5.2757
201.908,3.8841,9.3640,-5.2757
201.915,3.8841,9.3640,-5.2757
201.923,3.8771,9.3640,-5.2975
201.932,3.8771,9.3640,-5.2975
201.939,3.8701,9.3640,-5.3192
201.947,3.8701,9.3640,-5.3192
201.956,3.8701,9.3640,-5.3192
201.963,3.8631,9.3640,-5.3410
201.972,3.8631,9.3640,-5.3410
201.980,3.8561,9.3640,-5.3627
201.988,3.8561,9.3640,-5.3627
201.995,3.8561,9.3640,-5.3627
202.002,3.8491,9.3640,-5.3845
202.012,3.8491,9.3640,-5.3845
202.020,3.8421,9.3640,-5.4062
202.029,3.8421,9.3640,-5.4062
202.036,3.8421,9.3640,-5.4062
202.044,3.8351,9.3640,-5.4279
202.054,3.8351,9.3640,-5.4279
202.062,3.8281,9.3640,-5.4494
202.070,3.8281,9.3640,-5.4494
202.078,3.8211,9.3640,-5.4708
202.087,3.8211,9.3640,-5.4708
202.095,3.8211,9.3640,-5.4708
202.101,3.8141,9.3640,-5.4917
202.111,3.8141,9.3640,-5.4917
202.119,3.8071,9.3640,-5.5122
202.128,3.8071,9.3640,-5.5122
202.134,3.8071,9.3640,-5.5122
202.144,3.8001,9.3640,-5.5320
202.152,3.8001,9.3640,-5.5320
202.159,3.7931,9.3640,-5.5514
202.168,3.7931,9.3640,-5.5514
202.177,3.7931,9.3640,-5.5514
202.184,3.7861,9.3640,-5.5700
202.192,3.7861,9.3640,-5.5700
202.200,3.7791,9.3640,-5.5883
202.209,3.7791,9.3640,-5.5883
202.217,3.7791,9.3640,-5.5883
202.224,3.7721,9.3640,-5.5978
202.234,3.7721,9.3640,-5.5978
202.242,3.7651,9.3640,-5.6073
202.252,3.7651,9.3640,-5.6073
202.259,3.7581,9.3640,-5.6167
202.269,3.7581,9.3640,-5.6167
202.276,3.7581,9.3640,-5.6167
202.285,3.7511,9.3640,-5.6262
202.296,3.7511,9.3640,-5.6262
202.303,3.7441,9.3640,-5.6357
202.313,3.7441,9.3640,-5.6357
202.321,3.7371,9.3640,-5.6451
202.332,3.7371,9.3640,-5.6451
202.340,3.7301,9.3640,-5.6544
202.349,3.7301,9.3640,-5.6544
202.358,3.7231,9.3640,-5.6636
202.366,3.7231,9.3640,-5.6636
202.374,3.7231,9.3640,-5.6636
202.382,3.7161,9.3640,-5.6722
202.391,3.7161,9.3640,-5.6722
202.399,3.7091,9.3640,-5.6806
202.410,3.7091,9.3640,-5.6806
202.419,3.7021,9.3640,-5.6883
202.428,3.7021,9.3640,-5.6883
202.436,3.7021,9.3640,-5.6883
202.445,3.6951,9.3640,-5.6918
202.456,3.6951,9.3640,-5.6918
202.464,3.6881,9.3640,-5.6947
202.473,3.6881,9.3640,-5.6947
202.482,3.6811,9.3640,-5.6969
202.490,3.6811,9.3640,-5.6969
202.499,3.6741,9.3640,-5.6974
202.509,3.6741,9.3640,-5.6974
202.517,3.6671,9.3640,-5.6978
202.526,3.6671,9.3640,-5.6978
202.534,3.6671,9.3640,-5.6978
202.543,3.6601,9.3640,-5.6978
202.553,3.6601,9.3640,-5.6978
202.561,3.6531,9.3640,-5.6978
202.571,3.6531,9.3640,-5.6978
202.581,3.6461,9.3640,-5.6978
202.592,3.6461,9.3640,-5.6978
202.600,3.6392,9.3640,-5.6978
202.609,3.6392,9.3640,-5.6978
202.617,3.6392,9.3640,-5.6978
202.625,3.6322,9.3640,-5.6978
202.634,3.6322,9.3640,-5.6978
202.642,3.6252,9.3640,-5.6975
202.653,3.6252,9.3640,-5.6975
202.661,3.6182,9.3640,-5.6972
202.670,3.6182,9.3640,-5.6972
202.678,3.6112,9.3640,-5.6972
202.688,3.6112,9.3640,-5.6972
202.695,3.6112,9.3640,-5.6972
202.702,3.6042,9.3640,-5.6972
202.711,3.6042,9.3640,-5.6972
202.720,3.5973,9.3640,-5.6972
202.727,3.5973,9.3640,-5.6972
202.734,3.5973,9.3640,-5.6972
202.741,3.5903,9.3640,-5.6972
202.752,3.5903,9.3640,-5.6972
202.760,3.5833,9.3640,-5.6972
202.771,3.5833,9.3640,-5.6972
202.780,3.5763,9.3640,-5.6972
202.789,3.5763,9.3640,-5.6972
202.798,3.5693,9.3640,-5.6972
202.808,3.5693,9.3640,-5.6972
202.817,3.5693,9.3640,-5.6972
202.825,3.5623,9.3640,-5.6972
202.836,3.5623,9.3640,-5.6972
202.845,3.5554,9.3640,-5.6972
202.855,3.5554,9.3640,-5.6972
202.863,3.5484,9.3640,-5.6972
202.874,3.5484,9.3640,-5.6972
202.882,3.5414,9.3640,-5.6972
202.892,3.5414,9.3640,-5.6972
202.902,3.5344,9.3640,-5.6972
202.912,3.5344,9.3640,-5.6972
202.921,3.5275,9.3640,-5.6972
202.933,3.5275,9.3640,-5.6972
202.941,3.5205,9.3640,-5.6972
202.952,3.5205,9.3640,-5.6972
202.961,3.5135,9.3640,-5.6972
202.970,3.5135,9.3640,-5.6972
202.980,3.5066,9.3640,-5.6972
202.989,3.5066,9.3640,-5.6972
202.997,3.4996,9.3640,-5.6972
203.008,3.4996,9.3640,-5.6972
203.017,3.4996,9.3640,-5.6972
203.025,3.4926,9.3640,-5.6972
203.033,3.4926,9.3640,-5.6972
203.041,3.4857,9.3640,-5.6972
203.051,3.4857,9.3640,-5.6972
203.059,3.4787,9.3640,-5.6972
203.067,3.4787,9.3640,-5.6972
203.076,3.4787,9.3640,-5.6972
203.083,3.4717,9.3640,-5.6972
203.092,3.4717,9.3640,-5.6972
203.100,3.4648,9.3640,-5.6972
203.109,3.4648,9.3640,-5.6972
203.117,3.4578,9.3640,-5.6972
203.125,3.4578,9.3640,-5.6972
203.133,3.4578,9.3640,-5.6972
203.141,3.4509,9.3640,-5.6972
203.151,3.4509,9.3640,-5.6972
203.159,3.4439,9.3640,-5.6972
203.167,3.4439,9.3640,-5.6972
203.175,3.4439,9.3640,-5.6972
203.183,3.4370,9.3640,-5.6972
203.191,3.4370,9.3640,-5.6972
203.199,3.4300,9.3640,-5.6972
203.208,3.4300,9.3640,-5.6972
203.215,3.4300,9.3640,-5.6972
203.223,3.4231,9.3640,-5.6972
203.232,3.4231,9.3640,-5.6972
203.240,3.4162,9.3640,-5.6972
203.249,3.4162,9.3640,-5.6972
203.257,3.4162,9.3640,-5.6972
203.265,3.4092,9.3640,-5.6972
203.273,3.4092,9.3640,-5.6972
203.281,3.4023,9.3640,-5.6972
203.290,3.4023,9.3640,-5.6972
203.297,3.3954,9.3640,-5.6972
203.305,3.3954,9.3640,-5.6972
203.313,3.3954,9.3640,-5.6972
203.321,3.3884,9.3640,-5.6972
203.329,3.3884,9.3640,-5.6972
203.336,3.3884,9.3640,-5.6972
203.344,3.3815,9.3640,-5.6972
203.353,3.3815,9.3640,-5.6972
203.360,3.3746,9.3640,-5.6972
203.369,3.3746,9.3640,-5.6972
203.377,3.3677,9.3640,-5.6972
203.386,3.3677,9.3640,-5.6972
203.393,3.3677,9.3640,-5.6972
203.400,3.3607,9.3640,-5.6972
203.410,3.3607,9.3640,-5.6972
203.418,3.3538,9.3640,-5.6972
203.427,3.3538,9.3640,-5.6972
203.433,3.3538,9.3640,-5.6972
203.445,3.3469,9.3640,-5.6972
203.456,3.3469,9.3640,-5.6972
203.469,3.3400,9.3640,-5.6972
203.479,3.3330,9.3640,-5.6972
203.488,3.3330,9.3640,-5.6972
203.496,3.3330,9.3640,-5.6972
203.504,3.3261,9.3640,-5.6972
203.513,3.3261,9.3640,-5.6972
203.521,3.3192,9.3640,-5.6972
203.532,3.3192,9.3640,-5.6972
203.540,3.3123,9.3640,-5.6972
203.551,3.3123,9.3640,-5.6972
203.559,3.3053,9.3640,-5.6972
203.569,3.3053,9.3640,-5.6972
203.578,3.2984,9.3640,-5.6972
203.587,3.2984,9.3640,-5.6972
203.596,3.2984,9.3640,-5.6972
203.603,3.2915,9.3640,-5.6972
203.613,3.2915,9.3640,-5.6972
203.620,3.2846,9.3640,-5.6972
203.630,3.2846,9.3640,-5.6972
203.637,3.2846,9.3640,-5.6972
203.646,3.2776,9.3640,-5.6972
203.654,3.2776,9.3640,-5.6972
203.663,3.2707,9.3640,-5.6972
203.672,3.2707,9.3640,-5.6972
203.681,3.2638,9.3640,-5.6972
203.691,3.2638,9.3640,-5.6972
203.699,3.2568,9.3640,-5.6972
203.708,3.2568,9.3640,-5.6972
203.716,3.2568,9.3640,-5.6972
203.723,3.2499,9.3640,-5.6972
203.733,3.2499,9.3640,-5.6972
203.740,3.2430,9.3640,-5.6972
203.750,3.2430,9.3640,-5.6972
203.757,3.2361,9.3640,-5.6972
203.767,3.2361,9.3640,-5.6972
203.775,3.2361,9.3640,-5.6972
203.783,3.2291,9.3640,-5.6972
203.790,3.2291,9.3640,-5.6972
203.798,3.2222,9.3640,-5.6972
203.808,3.2222,9.3640,-5.6972
203.816,3.2222,9.3640,-5.6972
203.822,3.2153,9.3640,-5.6972
203.831,3.2153,9.3640,-5.6972
203.839,3.2083,9.3640,-5.6972
203.848,3.2083,9.3640,-5.6972
203.856,3.2083,9.3640,-5.6972
203.864,3.2014,9.3640,-5.6972
203.872,3.2014,9.3640,-5.6972
203.880,3.1945,9.3640,-5.6972
203.888,3.1945,9.3640,-5.6972
203.896,3.1945,9.3640,-5.6972
203.903,3.1875,9.3640,-5.6972
203.912,3.1875,9.3640,-5.6972
203.920,3.1806,9.3640,-5.6972
203.929,3.1806,9.3640,-5.6972
203.936,3.1806,9.3640,-5.6972
203.944,3.1737,9.3640,-5.6972
203.953,3.1737,9.3640,-5.6972
203.961,3.1668,9.3640,-5.6972
203.968,3.1668,9.3640,-5.6972
203.976,3.1668,9.3640,-5.6972
203.984,3.1598,9.3640,-5.6972
203.993,3.1598,9.3640,-5.6972
204.001,3.1529,9.3640,-5.6972
204.012,3.1529,9.3640,-5.6972
204.020,3.1460,9.3640,-5.6972
204.029,3.1460,9.3640,-5.6972
204.037,3.1390,9.3640,-5.6972
204.048,3.1390,9.3640,-5.6972
204.055,3.1390,9.3640,-5.6972
204.064,3.1321,9.3640,-5.6972
204.074,3.1321,9.3640,-5.6972
204.082,3.1252,9.3640,-5.6972
204.090,3.1252,9.3640,-5.6972
204.098,3.1182,9.3640,-5.6972
204.109,3.1182,9.3640,-5.6972
204.117,3.1182,9.3640,-5.6972
204.125,3.1113,9.3640,-5.6972
204.135,3.1113,9.3640,-5.6972
204.143,3.1044,9.3640,-5.6975
204.154,3.1044,9.3640,-5.6975
204.162,3.0974,9.3640,-5.6978
204.171,3.0974,9.3640,-5.6978
204.180,3.0905,9.3640,-5.6982
204.189,3.0905,9.3640,-5.6982
204.197,3.0836,9.3640,-5.6987
204.206,3.0836,9.3640,-5.6987
204.215,3.0836,9.3640,-5.6987
204.224,3.0766,9.3640,-5.6992
204.233,3.0766,9.3640,-5.6992
204.241,3.0697,9.3640,-5.6997
204.250,3.0697,9.3640,-5.6997
204.257,3.0628,9.3640,-5.7002
204.266,3.0628,9.3640,-5.7002
204.274,3.0628,9.3640,-5.7002
204.281,3.0559,9.3640,-5.7009
204.291,3.0559,9.3640,-5.7009
204.298,3.0489,9.3640,-5.7015
204.307,3.0489,9.3640,-5.7015
204.315,3.0489,9.3640,-5.7015
204.322,3.0420,9.3640,-5.7022
204.330,3.0420,9.3640,-5.7022
204.337,3.0351,9.3640,-5.7029
204.348,3.0351,9.3640,-5.7029
204.355,3.0351,9.3640,-5.7029
204.363,3.0282,9.3640,-5.7037
204.372,3.0282,9.3640,-5.7037
204.381,3.0212,9.3640,-5.7045
204.389,3.0212,9.3640,-5.7045
204.397,3.0143,9.3640,-5.7068
204.405,3.0143,9.3640,-5.7068
204.414,3.0143,9.3640,-5.7068
204.420,3.0074,9.3640,-5.7091
204.429,3.0074,9.3640,-5.7091
204.437,3.0074,9.3640,-5.7091
204.446,3.0005,9.3640,-5.7116
204.453,3.0005,9.3640,-5.7116
204.462,2.9936,9.3640,-5.7142
204.470,2.9936,9.3640,-5.7142
204.479,2.9866,9.3640,-5.7169
204.487,2.9866,9.3640,-5.7169
204.495,2.9866,9.3640,-5.7169
204.503,2.9797,9.3640,-5.7197
204.511,2.9797,9.3640,-5.7197
204.519,2.9728,9.3640,-5.7225
204.529,2.9728,9.3640,-5.7225
204.537,2.9659,9.3640,-5.7255
204.545,2.9659,9.3640,-5.7255
204.553,2.9659,9.3640,-5.7255
204.561,2.9590,9.3640,-5.7286
204.570,2.9590,9.3640,-5.7286
204.578,2.9520,9.3640,-5.7317
204.587,2.9520,9.3640,-5.7317
204.595,2.9520,9.3640,-5.7317
204.602,2.9451,9.3640,-5.7349
204.611,2.9451,9.3640,-5.7349
204.620,2.9382,9.3640,-5.7381
204.629,2.9382,9.3640,-5.7381
204.635,2.9382,9.3640,-5.7381
204.643,2.9313,9.3640,-5.7413
204.653,2.9313,9.3640,-5.7413
204.661,2.9244,9.3640,-5.7444
204.669,2.9244,9.3640,-5.7444
204.678,2.9174,9.3640,-5.7476
204.687,2.9174,9.3640,-5.7476
204.694,2.9174,9.3640,-5.7476
204.702,2.9105,9.3640,-5.7507
204.711,2.9105,9.3640,-5.7507
204.719,2.9036,9.3640,-5.7539
204.728,2.9036,9.3640,-5.7539
204.736,2.9036,9.3640,-5.7539
204.745,2.8967,9.3640,-5.7570
204.755,2.8967,9.3640,-5.7570
204.763,2.8897,9.3640,-5.7601
204.774,2.8897,9.3640,-5.7601
204.783,2.8828,9.3640,-5.7632
204.792,2.8828,9.3640,-5.7632
204.801,2.8759,9.3640,-5.7663
204.812,2.8759,9.3640,-5.7663
204.819,2.8690,9.3640,-5.7695
204.830,2.8690,9.3640,-5.7695
204.837,2.8621,9.3640,-5.7726
204.848,2.8621,9.3640,-5.7726
204.855,2.8621,9.3640,-5.7726
204.863,2.8552,9.3640,-5.7757
204.871,2.8552,9.3640,-5.7757
204.881,2.8482,9.3640,-5.7788
204.890,2.8482,9.3640,-5.7788
204.898,2.8413,9.3640,-5.7819
204.907,2.8413,9.3640,-5.7819
204.915,2.8413,9.3640,-5.7819
204.925,2.8344,9.3640,-5.7850
204.935,2.8344,9.3640,-5.7850
204.943,2.8275,9.3640,-5.7881
204.953,2.8275,9.3640,-5.7881
204.961,2.8206,9.3640,-5.7912
204.968,2.8206,9.3640,-5.7912
204.976,2.8206,9.3640,-5.7912
204.984,2.8137,9.3640,-5.7943
204.994,2.8137,9.3640,-5.7943
205.001,2.8068,9.3640,-5.7974
205.010,2.8068,9.3640,-5.7974
205.019,2.7998,9.3640,-5.8005
205.028,2.7998,9.3640,-5.8005
205.035,2.7998,9.3640,-5.8005
205.044,2.7929,9.3640,-5.8036
205.051,2.7929,9.3640,-5.8036
205.060,2.7860,9.3640,-5.8067
205.069,2.7860,9.3640,-5.8067
205.078,2.7791,9.3640,-5.8097
205.087,2.7791,9.3640,-5.8097
205.095,2.7791,9.3640,-5.8097
205.102,2.7722,9.3640,-5.8128
205.112,2.7722,9.3640,-5.8128
205.119,2.7653,9.3640,-5.8158
205.129,2.7653,9.3640,-5.8158
205.137,2.7584,9.3640,-5.8188
205.147,2.7584,9.3640,-5.8188
205.154,2.7584,9.3640,-5.8188
205.162,2.7514,9.3640,-5.8216
205.172,2.7514,9.3640,-5.8216
205.180,2.7445,9.3640,-5.8243
205.188,2.7445,9.3640,-5.8243
205.197,2.7376,9.3640,-5.8269
205.206,2.7376,9.3640,-5.8269
205.215,2.7376,9.3640,-5.8269
205.223,2.7307,9.3640,-5.8292
205.233,2.7307,9.3640,-5.8292
205.240,2.7238,9.3640,-5.8300
205.250,2.7238,9.3640,-5.8300
205.258,2.7169,9.3640,-5.8307
205.268,2.7169,9.3640,-5.8307
205.277,2.7169,9.3640,-5.8307
205.285,2.7100,9.3640,-5.8311
205.295,2.7100,9.3640,-5.8311
205.303,2.7031,9.3640,-5.8315
205.313,2.7031,9.3640,-5.8315
205.320,2.6962,9.3640,-5.8318
205.330,2.6962,9.3640,-5.8318
205.338,2.6893,9.3640,-5.8318
205.350,2.6893,9.3640,-5.8318
205.357,2.6824,9.3640,-5.8318
205.367,2.6824,9.3640,-5.8318
205.375,2.6824,9.3640,-5.8318
205.383,2.6755,9.3640,-5.8318
205.395,2.6755,9.3640,-5.8318
205.402,2.6686,9.3640,-5.8318
205.412,2.6686,9.3640,-5.8318
205.420,2.6617,9.3640,-5.8318
205.429,2.6617,9.3640,-5.8318
205.438,2.6548,9.3640,-5.8318
205.449,2.6548,9.3640,-5.8318
205.457,2.6479,9.3640,-5.8318
205.467,2.6479,9.3640,-5.8318
205.476,2.6479,9.3640,-5.8318
205.485,2.6410,9.3640,-5.8318
205.496,2.6410,9.3640,-5.8318
205.503,2.6341,9.3640,-5.8318
205.513,2.6341,9.3640,-5.8318
205.520,2.6272,9.3640,-5.8318
205.529,2.6272,9.3640,-5.8318
205.537,2.6272,9.3640,-5.8318
205.545,2.6202,9.3640,-5.8318
205.555,2.6202,9.3640,-5.8318
205.562,2.6133,9.3640,-5.8318
205.571,2.6133,9.3640,-5.8318
205.579,2.6064,9.3640,-5.8318
205.588,2.6064,9.3640,-5.8318
205.596,2.6064,9.3640,-5.8318
205.603,2.5995,9.3640,-5.8318
205.614,2.5995,9.3640,-5.8318
205.621,2.5926,9.3640,-5.8321
205.630,2.5926,9.3640,-5.8321
205.638,2.5857,9.3640,-5.8324
205.648,2.5857,9.3640,-5.8324
205.655,2.5857,9.3640,-5.8324
205.663,2.5788,9.3640,-5.8327
205.672,2.5788,9.3640,-5.8327
205.681,2.5719,9.3640,-5.8330
205.690,2.5719,9.3640,-5.8330
205.698,2.5650,9.3640,-5.8334
205.708,2.5650,9.3640,-5.8334
205.717,2.5650,9.3640,-5.8334
205.723,2.5580,9.3640,-5.8339
205.734,2.5580,9.3640,-5.8339
205.743,2.5511,9.3640,-5.8344
205.752,2.5511,9.3640,-5.8344
205.762,2.5442,9.3640,-5.8348
205.771,2.5442,9.3640,-5.8348
205.780,2.5373,9.3640,-5.8354
205.789,2.5373,9.3640,-5.8354
205.797,2.5304,9.3640,-5.8359
205.817,2.5235,9.3640,-5.8364
205.828,2.5235,9.3640,-5.8364
205.835,2.5235,9.3640,-5.8364
205.843,2.5165,9.3640,-5.8370
205.854,2.5165,9.3640,-5.8370
205.863,2.5096,9.3640,-5.8376
205.871,2.5096,9.3640,-5.8376
205.880,2.5027,9.3640,-5.8381
205.890,2.5027,9.3640,-5.8381
205.898,2.4958,9.3640,-5.8387
205.906,2.4958,9.3640,-5.8387
205.914,2.4958,9.3640,-5.8387
205.923,2.4889,9.3640,-5.8393
205.932,2.4889,9.3640,-5.8393
205.941,2.4820,9.3640,-5.8399
205.951,2.4820,9.3640,-5.8399
205.959,2.4751,9.3640,-5.8405
205.969,2.4751,9.3640,-5.8405
205.979,2.4681,9.3640,-5.8411
205.989,2.4681,9.3640,-5.8411
205.996,2.4681,9.3640,-5.8411
206.004,2.4612,9.3640,-5.8418
206.015,2.4612,9.3640,-5.8418
206.023,2.4543,9.3640,-5.8424
206.034,2.4543,9.3640,-5.8424
206.042,2.4474,9.3640,-5.8430
206.052,2.4474,9.3640,-5.8430
206.060,2.4405,9.3640,-5.8436
206.070,2.4405,9.3640,-5.8436
206.078,2.4336,9.3640,-5.8442
206.087,2.4336,9.3640,-5.8442
206.096,2.4336,9.3640,-5.8442
206.103,2.4267,9.3640,-5.8448
206.114,2.4267,9.3640,-5.8448
206.121,2.4198,9.3640,-5.8454
206.132,2.4198,9.3640,-5.8454
206.140,2.4129,9.3640,-5.8460
206.151,2.4129,9.3640,-5.8460
206.161,2.4060,9.3640,-5.8466
206.169,2.4060,9.3640,-5.8466
206.179,2.3991,9.3640,-5.8472
206.188,2.3991,9.3640,-5.8472
206.196,2.3991,9.3640,-5.8472
206.203,2.3922,9.3640,-5.8479
206.214,2.3922,9.3640,-5.8479
206.221,2.3853,9.3640,-5.8485
206.229,2.3853,9.3640,-5.8485
206.236,2.3853,9.3640,-5.8485
206.244,2.3783,9.3640,-5.8491
206.253,2.3783,9.3640,-5.8491
206.260,2.3714,9.3640,-5.8497
206.268,2.3714,9.3640,-5.8497
206.276,2.3714,9.3640,-5.8497
206.284,2.3645,9.3640,-5.8503
206.292,2.3645,9.3640,-5.8503
206.299,2.3576,9.3640,-5.8509
206.309,2.3576,9.3640,-5.8509
206.317,2.3576,9.3640,-5.8509
206.323,2.3507,9.3640,-5.8515
206.332,2.3507,9.3640,-5.8515
206.340,2.3438,9.3640,-5.8521
206.350,2.3438,9.3640,-5.8521
206.357,2.3369,9.3640,-5.8527
206.366,2.3369,9.3640,-5.8527
206.375,2.3369,9.3640,-5.8527
206.381,2.3300,9.3640,-5.8533
206.391,2.3300,9.3640,-5.8533
206.399,2.3231,9.3640,-5.8540
206.408,2.3231,9.3640,-5.8540
206.415,2.3231,9.3640,-5.8540
206.422,2.3162,9.3640,-5.8546
206.432,2.3162,9.3640,-5.8546
206.440,2.3093,9.3640,-5.8552
206.447,2.3093,9.3640,-5.8552
206.455,2.3093,9.3640,-5.8552
206.463,2.3024,9.3640,-5.8558
206.471,2.3024,9.3640,-5.8558
206.479,2.2955,9.3640,-5.8564
206.488,2.2955,9.3640,-5.8564
206.496,2.2955,9.3640,-5.8564
206.502,2.2886,9.3640,-5.8570
206.512,2.2886,9.3640,-5.8570
206.519,2.2817,9.3640,-5.8576
206.529,2.2817,9.3640,-5.8576
206.536,2.2817,9.3640,-5.8576
206.545,2.2748,9.3640,-5.8582
206.554,2.2748,9.3640,-5.8582
206.562,2.2679,9.3640,-5.8588
206.570,2.2679,9.3640,-5.8588
206.580,2.2610,9.3640,-5.8595
206.590,2.2610,9.3640,-5.8595
206.597,2.2541,9.3640,-5.8601
206.608,2.2541,9.3640,-5.8601
206.616,2.2541,9.3640,-5.8601
206.624,2.2472,9.3640,-5.8607
206.633,2.2472,9.3640,-5.8607
206.642,2.2403,9.3640,-5.8613
206.652,2.2403,9.3640,-5.8613
206.659,2.2334,9.3640,-5.8619
206.668,2.2334,9.3640,-5.8619
206.677,2.2334,9.3640,-5.8619
206.685,2.2265,9.3640,-5.8625
206.694,2.2265,9.3640,-5.8625
206.701,2.2196,9.3640,-5.8631
206.712,2.2196,9.3640,-5.8631
206.720,2.2127,9.3640,-5.8638
206.729,2.2127,9.3640,-5.8638
206.737,2.2058,9.3640,-5.8644
206.747,2.2058,9.3640,-5.8644
206.755,2.2058,9.3640,-5.8644
206.764,2.1989,9.3640,-5.8650
206.773,2.1989,9.3640,-5.8650
206.781,2.1921,9.3640,-5.8656
206.789,2.1921,9.3640,-5.8656
206.797,2.1852,9.3640,-5.8662
206.806,2.1852,9.3640,-5.8662
206.813,2.1852,9.3640,-5.8662
206.821,2.1783,9.3640,-5.8669
206.830,2.1783,9.3640,-5.8669
206.837,2.1714,9.3640,-5.8675
206.847,2.1714,9.3640,-5.8675
206.855,2.1714,9.3640,-5.8675
206.862,2.1645,9.3640,-5.8681
206.870,2.1645,9.3640,-5.8681
206.878,2.1576,9.3640,-5.8687
206.887,2.1576,9.3640,-5.8687
206.895,2.1576,9.3640,-5.8687
206.902,2.1507,9.3640,-5.8693
206.912,2.1507,9.3640,-5.8693
206.919,2.1438,9.3640,-5.8699
206.929,2.1438,9.3640,-5.8699
206.935,2.1438,9.3640,-5.8699
206.944,2.1369,9.3640,-5.8706
206.952,2.1369,9.3640,-5.8706
206.960,2.1300,9.3640,-5.8712
206.969,2.1300,9.3640,-5.8712
206.977,2.1231,9.3640,-5.8718
206.986,2.1231,9.3640,-5.8718
206.994,2.1231,9.3640,-5.8718
207.001,2.1162,9.3640,-5.8724
207.010,2.1162,9.3640,-5.8724
207.018,2.1093,9.3640,-5.8731
207.027,2.1093,9.3640,-5.8731
207.034,2.1093,9.3640,-5.8731
207.043,2.1024,9.3640,-5.8737
207.052,2.1024,9.3640,-5.8737
207.060,2.0955,9.3640,-5.8743
207.068,2.0955,9.3640,-5.8743
207.076,2.0955,9.3640,-5.8743
207.083,2.0886,9.3640,-5.8749
207.093,2.0886,9.3640,-5.8749
207.100,2.0817,9.3640,-5.8755
207.108,2.0817,9.3640,-5.8755
207.115,2.0817,9.3640,-5.8755
207.123,2.0748,9.3640,-5.8762
207.133,2.0748,9.3640,-5.8762
207.139,2.0679,9.3640,-5.8768
207.148,2.0679,9.3640,-5.8768
207.157,2.0610,9.3640,-5.8774
207.166,2.0610,9.3640,-5.8774
207.173,2.0610,9.3640,-5.8774
207.182,2.0541,9.3640,-5.8780
207.191,2.0541,9.3640,-5.8780
207.198,2.0472,9.3640,-5.8787
207.206,2.0472,9.3640,-5.8787
207.214,2.0472,9.3640,-5.8787
207.222,2.0403,9.3640,-5.8793
207.231,2.0403,9.3640,-5.8793
207.239,2.0334,9.3640,-5.8799
207.251,2.0334,9.3640,-5.8799
207.259,2.0265,9.3640,-5.8805
207.267,2.0265,9.3640,-5.8805
207.276,2.0265,9.3640,-5.8805
207.284,2.0196,9.3640,-5.8812
207.295,2.0196,9.3640,-5.8812
207.303,2.0127,9.3640,-5.8818
207.314,2.0127,9.3640,-5.8818
207.321,2.0058,9.3640,-5.8824
207.331,2.0058,9.3640,-5.8824
207.340,1.9989,9.3640,-5.8830
207.349,1.9989,9.3640,-5.8830
207.358,1.9920,9.3640,-5.8837
207.367,1.9920,9.3640,-5.8837
207.377,1.9920,9.3640,-5.8837
207.385,1.9851,9.3640,-5.8843
207.395,1.9851,9.3640,-5.8843
207.402,1.9782,9.3640,-5.8849
207.413,1.9782,9.3640,-5.8849
207.421,1.9713,9.3640,-5.8855
207.431,1.9713,9.3640,-5.8855
207.437,1.9644,9.3640,-5.8862
207.448,1.9644,9.3640,-5.8862
207.455,1.9644,9.3640,-5.8862
207.464,1.9575,9.3640,-5.8868
207.472,1.9575,9.3640,-5.8868
207.481,1.9505,9.3640,-5.8874
207.490,1.9505,9.3640,-5.8874
207.497,1.9436,9.3640,-5.8881
207.506,1.9436,9.3640,-5.8881
207.514,1.9436,9.3640,-5.8881
207.523,1.9367,9.3640,-5.8887
207.531,1.9367,9.3640,-5.8887
207.538,1.9298,9.3640,-5.8893
207.548,1.9298,9.3640,-5.8893
207.556,1.9298,9.3640,-5.8893
207.563,1.9229,9.3640,-5.8900
207.571,1.9229,9.3640,-5.8900
207.579,1.9160,9.3640,-5.8906
207.588,1.9160,9.3640,-5.8906
207.595,1.9160,9.3640,-5.8906
207.602,1.9091,9.3640,-5.8912
207.611,1.9091,9.3640,-5.8912
207.620,1.9022,9.3640,-5.8919
207.628,1.9022,9.3640,-5.8919
207.635,1.9022,9.3640,-5.8919
207.644,1.8953,9.3640,-5.8925
207.652,1.8953,9.3640,-5.8925
207.660,1.8884,9.3640,-5.8931
207.668,1.8884,9.3640,-5.8931
207.676,1.8884,9.3640,-5.8931
207.683,1.8815,9.3640,-5.8938
207.692,1.8815,9.3640,-5.8938
207.700,1.8746,9.3640,-5.8944
207.709,1.8746,9.3640,-5.8944
207.717,1.8746,9.3640,-5.8944
207.725,1.8677,9.3640,-5.8950
207.734,1.8677,9.3640,-5.8950
207.743,1.8608,9.3640,-5.8957
207.751,1.8608,9.3640,-5.8957
207.759,1.8539,9.3640,-5.8963
207.768,1.8539,9.3640,-5.8963
207.777,1.8470,9.3640,-5.8969
207.787,1.8470,9.3640,-5.8969
207.795,1.8470,9.3640,-5.8969
207.803,1.8401,9.3640,-5.8976
207.813,1.8401,9.3640,-5.8976
207.821,1.8332,9.3640,-5.8982
207.830,1.8332,9.3640,-5.8982
207.837,1.8263,9.3640,-5.8988
207.847,1.8263,9.3640,-5.8988
207.856,1.8263,9.3640,-5.8988
207.863,1.8194,9.3640,-5.8995
207.872,1.8194,9.3640,-5.8995
207.881,1.8125,9.3640,-5.9001
207.891,1.8125,9.3640,-5.9001
207.899,1.8056,9.3640,-5.9007
207.908,1.8056,9.3640,-5.9007
207.916,1.8056,9.3640,-5.9007
207.924,1.7987,9.3640,-5.9014
207.932,1.7987,9.3640,-5.9014
207.941,1.7918,9.3640,-5.9020
207.951,1.7918,9.3640,-5.9020
207.959,1.7849,9.3640,-5.9026
207.970,1.7849,9.3640,-5.9026
207.979,1.7780,9.3640,-5.9033
207.988,1.7780,9.3640,-5.9033
207.996,1.7780,9.3640,-5.9033
208.006,1.7712,9.3640,-5.9039
208.016,1.7712,9.3640,-5.9039
208.023,1.7643,9.3640,-5.9046
208.032,1.7643,9.3640,-5.9046
208.039,1.7574,9.3640,-5.9052
208.048,1.7574,9.3640,-5.9052
208.055,1.7574,9.3640,-5.9052
208.063,1.7505,9.3640,-5.9058
208.071,1.7505,9.3640,-5.9058
208.080,1.7436,9.3640,-5.9065
208.089,1.7436,9.3640,-5.9065
208.097,1.7367,9.3640,-5.9071
208.106,1.7367,9.3640,-5.9071
208.114,1.7367,9.3640,-5.9071
208.121,1.7298,9.3640,-5.9077
208.130,1.7298,9.3640,-5.9077
208.136,1.7298,9.3640,-5.9077
208.145,1.7229,9.3640,-5.9084
208.164,1.7160,9.3640,-5.9090
208.173,1.7160,9.3640,-5.9090
208.181,1.7091,9.3640,-5.9096
208.190,1.7091,9.3640,-5.9096
208.197,1.7022,9.3640,-5.9103
208.207,1.7022,9.3640,-5.9103
208.215,1.7022,9.3640,-5.9103
208.223,1.6953,9.3640,-5.9109
208.231,1.6953,9.3640,-5.9109
208.239,1.6884,9.3640,-5.9116
208.250,1.6884,9.3640,-5.9116
208.257,1.6815,9.3640,-5.9122
208.266,1.6815,9.3640,-5.9122
208.274,1.6815,9.3640,-5.9122
208.283,1.6746,9.3640,-5.9128
208.290,1.6746,9.3640,-5.9128
208.298,1.6677,9.3640,-5.9135
208.307,1.6677,9.3640,-5.9135
208.315,1.6677,9.3640,-5.9135
208.322,1.6608,9.3640,-5.9141
208.332,1.6608,9.3640,-5.9141
208.340,1.6539,9.3640,-5.9147
208.348,1.6539,9.3640,-5.9147
208.356,1.6539,9.3640,-5.9147
208.364,1.6470,9.3640,-5.9154
208.373,1.6470,9.3640,-5.9154
208.380,1.6402,9.3640,-5.9160
208.389,1.6402,9.3640,-5.9160
208.397,1.6402,9.3640,-5.9160
208.403,1.6333,9.3640,-5.9167
208.413,1.6333,9.3640,-5.9167
208.420,1.6264,9.3640,-5.9173
208.429,1.6264,9.3640,-5.9173
208.436,1.6264,9.3640,-5.9173
208.445,1.6195,9.3640,-5.9179
208.453,1.6195,9.3640,-5.9179
208.461,1.6126,9.3640,-5.9186
208.468,1.6126,9.3640,-5.9186
208.475,1.6126,9.3640,-5.9186
208.484,1.6057,9.3640,-5.9192
208.493,1.6057,9.3640,-5.9192
208.500,1.5988,9.3640,-5.9199
208.510,1.5988,9.3640,-5.9199
208.519,1.5919,9.3640,-5.9205
208.528,1.5919,9.3640,-5.9205
208.535,1.5919,9.3640,-5.9205
208.544,1.5850,9.3640,-5.9211
208.554,1.5850,9.3640,-5.9211
208.562,1.5781,9.3640,-5.9218
208.571,1.5781,9.3640,-5.9218
208.581,1.5712,9.3640,-5.9224
208.588,1.5712,9.3640,-5.9224
208.596,1.5712,9.3640,-5.9224
208.603,1.5644,9.3640,-5.9231
208.614,1.5644,9.3640,-5.9231
208.622,1.5575,9.3640,-5.9237
208.631,1.5575,9.3640,-5.9237
208.640,1.5506,9.3640,-5.9243
208.650,1.5506,9.3640,-5.9243
208.658,1.5437,9.3640,-5.9250
208.668,1.5437,9.3640,-5.9250
208.676,1.5437,9.3640,-5.9250
208.684,1.5368,9.3640,-5.9257
208.694,1.5368,9.3640,-5.9257
208.702,1.5299,9.3640,-5.9263
208.712,1.5299,9.3640,-5.9263
208.720,1.5231,9.3640,-5.9270
208.730,1.5231,9.3640,-5.9270
208.737,1.5162,9.3640,-5.9277
208.747,1.5162,9.3640,-5.9277
208.754,1.5162,9.3640,-5.9277
208.762,1.5093,9.3640,-5.9284
208.770,1.5093,9.3640,-5.9284
208.778,1.5024,9.3640,-5.9291
208.787,1.5024,9.3640,-5.9291
208.796,1.5024,9.3640,-5.9291
208.803,1.4955,9.3640,-5.9298
208.813,1.4955,9.3640,-5.9298
208.820,1.4887,9.3640,-5.9305
208.829,1.4887,9.3640,-5.9305
208.835,1.4887,9.3640,-5.9305
208.844,1.4818,9.3640,-5.9312
208.852,1.4818,9.3640,-5.9312
208.860,1.4749,9.3640,-5.9319
208.868,1.4749,9.3640,-5.9319
208.876,1.4749,9.3640,-5.9319
208.884,1.4680,9.3640,-5.9326
208.892,1.4680,9.3640,-5.9326
208.900,1.4612,9.3640,-5.9333
208.909,1.4612,9.3640,-5.9333
208.917,1.4543,9.3640,-5.9340
208.926,1.4543,9.3640,-5.9340
208.933,1.4543,9.3640,-5.9340
208.941,1.4474,9.3640,-5.9347
208.950,1.4474,9.3640,-5.9347
208.958,1.4405,9.3640,-5.9355
208.967,1.4405,9.3640,-5.9355
208.975,1.4405,9.3640,-5.9355
208.983,1.4336,9.3640,-5.9362
208.991,1.4336,9.3640,-5.9362
208.999,1.4268,9.3640,-5.9369
209.008,1.4268,9.3640,-5.9369
209.016,1.4268,9.3640,-5.9369
209.025,1.4199,9.3640,-5.9376
209.035,1.4199,9.3640,-5.9376
209.044,1.4130,9.3640,-5.9383
209.053,1.4130,9.3640,-5.9383
209.062,1.4061,9.3640,-5.9390
209.071,1.4061,9.3640,-5.9390
209.080,1.3993,9.3640,-5.9397
209.089,1.3993,9.3640,-5.9397
209.097,1.3924,9.3640,-5.9404
209.106,1.3924,9.3640,-5.9404
209.113,1.3924,9.3640,-5.9404
209.122,1.3855,9.3640,-5.9411
209.131,1.3855,9.3640,-5.9411
209.139,1.3786,9.3640,-5.9418
209.150,1.3786,9.3640,-5.9418
209.158,1.3717,9.3640,-5.9426
209.167,1.3717,9.3640,-5.9426
209.175,1.3717,9.3640,-5.9426
209.184,1.3649,9.3640,-5.9433
209.193,1.3649,9.3640,-5.9433
209.201,1.3580,9.3640,-5.9440
209.210,1.3580,9.3640,-5.9440
209.218,1.3511,9.3640,-5.9447
209.228,1.3511,9.3640,-5.9447
209.236,1.3511,9.3640,-5.9447
209.246,1.3442,9.3640,-5.9454
209.255,1.3442,9.3640,-5.9454
209.264,1.3373,9.3640,-5.9461
209.274,1.3373,9.3640,-5.9461
209.282,1.3304,9.3640,-5.9468
209.291,1.3304,9.3640,-5.9468
209.298,1.3236,9.3640,-5.9475
209.308,1.3236,9.3640,-5.9475
209.315,1.3236,9.3640,-5.9475
209.323,1.3167,9.3640,-5.9482
209.332,1.3167,9.3640,-5.9482
209.339,1.3098,9.3640,-5.9489
209.349,1.3098,9.3640,-5.9489
209.357,1.3029,9.3640,-5.9496
209.367,1.3029,9.3640,-5.9496
209.374,1.3029,9.3640,-5.9496
209.383,1.2960,9.3640,-5.9503
209.391,1.2960,9.3640,-5.9503
209.399,1.2892,9.3640,-5.9510
209.408,1.2892,9.3640,-5.9510
209.416,1.2892,9.3640,-5.9510
209.424,1.2823,9.3640,-5.9517
209.435,1.2823,9.3640,-5.9517
209.444,1.2754,9.3640,-5.9524
209.454,1.2754,9.3640,-5.9524
209.463,1.2685,9.3640,-5.9531
209.472,1.2685,9.3640,-5.9531
209.480,1.2617,9.3640,-5.9538
209.490,1.2617,9.3640,-5.9538
209.497,1.2548,9.3640,-5.9545
209.506,1.2548,9.3640,-5.9545
209.514,1.2548,9.3640,-5.9545
209.522,1.2479,9.3640,-5.9552
209.531,1.2479,9.3640,-5.9552
209.538,1.2411,9.3640,-5.9559
209.548,1.2411,9.3640,-5.9559
209.556,1.2411,9.3640,-5.9559
209.563,1.2342,9.3640,-5.9566
209.573,1.2342,9.3640,-5.9566
209.581,1.2273,9.3640,-5.9573
209.589,1.2273,9.3640,-5.9573
209.596,1.2273,9.3640,-5.9573
209.604,1.2204,9.3640,-5.9580
209.613,1.2204,9.3640,-5.9580
209.620,1.2136,9.3640,-5.9587
209.629,1.2136,9.3640,-5.9587
209.636,1.2136,9.3640,-5.9587
209.645,1.2067,9.3640,-5.9594
209.654,1.2067,9.3640,-5.9594
209.661,1.1998,9.3640,-5.9601
209.671,1.1998,9.3640,-5.9601
209.679,1.1929,9.3640,-5.9608
209.688,1.1929,9.3640,-5.9608
209.697,1.1861,9.3640,-5.9615
209.706,1.1861,9.3640,-5.9615
209.714,1.1861,9.3640,-5.9615
209.721,1.1792,9.3640,-5.9622
209.731,1.1792,9.3640,-5.9622
209.738,1.1723,9.3640,-5.9629
209.748,1.1723,9.3640,-5.9629
209.756,1.1723,9.3640,-5.9629
209.763,1.1654,9.3640,-5.9636
209.772,1.1654,9.3640,-5.9636
209.781,1.1586,9.3640,-5.9643
209.791,1.1586,9.3640,-5.9643
209.800,1.1517,9.3640,-5.9650
209.810,1.1517,9.3640,-5.9650
209.819,1.1448,9.3640,-5.9657
209.830,1.1448,9.3640,-5.9657
209.837,1.1380,9.3640,-5.9664
209.849,1.1380,9.3640,-5.9664
209.856,1.1380,9.3640,-5.9664
209.865,1.1311,9.3640,-5.9671
209.874,1.1311,9.3640,-5.9671
209.883,1.1242,9.3640,-5.9678
209.891,1.1242,9.3640,-5.9678
209.899,1.1173,9.3640,-5.9685
209.909,1.1173,9.3640,-5.9685
209.916,1.1173,9.3640,-5.9685
209.924,1.1105,9.3640,-5.9692
209.933,1.1105,9.3640,-5.9692
209.941,1.1036,9.3640,-5.9699
209.951,1.1036,9.3640,-5.9699
209.959,1.0967,9.3640,-5.9706
209.969,1.0967,9.3640,-5.9706
209.977,1.0899,9.3640,-5.9713
209.986,1.0899,9.3640,-5.9713
209.994,1.0899,9.3640,-5.9713
210.001,1.0830,9.3640,-5.9720
210.010,1.0830,9.3640,-5.9720
210.018,1.0761,9.3640,-5.9727
210.028,1.0761,9.3640,-5.9727
210.035,1.0761,9.3640,-5.9727
210.042,1.0692,9.3640,-5.9734
210.051,1.0692,9.3640,-5.9734
210.058,1.0624,9.3640,-5.9740
210.067,1.0624,9.3640,-5.9740
210.074,1.0624,9.3640,-5.9740
210.083,1.0555,9.3640,-5.9747
210.092,1.0555,9.3640,-5.9747
210.100,1.0486,9.3640,-5.9754
210.109,1.0486,9.3640,-5.9754
210.118,1.0418,9.3640,-5.9761
210.128,1.0418,9.3640,-5.9761
210.134,1.0418,9.3640,-5.9761
210.143,1.0349,9.3640,-5.9768
210.152,1.0349,9.3640,-5.9768
210.161,1.0280,9.3640,-5.9775
210.169,1.0280,9.3640,-5.9775
210.177,1.0212,9.3640,-5.9782
210.186,1.0212,9.3640,-5.9782
210.194,1.0212,9.3640,-5.9782
210.200,1.0143,9.3640,-5.9788
210.211,1.0143,9.3640,-5.9788
210.218,1.0074,9.3640,-5.9795
210.227,1.0074,9.3640,-5.9795
210.234,1.0074,9.3640,-5.9795
210.242,1.0006,9.3640,-5.9802
210.251,1.0006,9.3640,-5.9802
210.257,0.9937,9.3640,-5.9808
210.267,0.9937,9.3640,-5.9808
210.275,0.9937,9.3640,-5.9808
210.283,0.9868,9.3640,-5.9815
210.294,0.9868,9.3640,-5.9815
210.303,0.9800,9.3640,-5.9822
210.313,0.9800,9.3640,-5.9822
210.321,0.9731,9.3640,-5.9828
210.330,0.9731,9.3640,-5.9828
210.337,0.9662,9.3640,-5.9835
210.348,0.9662,9.3640,-5.9835
210.355,0.9662,9.3640,-5.9835
210.364,0.9593,9.3640,-5.9841
210.372,0.9593,9.3640,-5.9841
210.381,0.9525,9.3640,-5.9848
210.390,0.9525,9.3640,-5.9848
210.398,0.9456,9.3640,-5.9854
210.408,0.9456,9.3640,-5.9854
210.416,0.9456,9.3640,-5.9854
210.424,0.9387,9.3640,-5.9860
210.434,0.9387,9.3640,-5.9860
210.442,0.9319,9.3640,-5.9866
210.452,0.9319,9.3640,-5.9866
210.459,0.9250,9.3640,-5.9872
210.469,0.9250,9.3640,-5.9872
210.478,0.9182,9.3640,-5.9877
210.487,0.9182,9.3640,-5.9877
210.495,0.9182,9.3640,-5.9877
210.503,0.9113,9.3640,-5.9881
210.514,0.9113,9.3640,-5.9881
210.532,0.9045,9.3640,-5.9884
210.541,0.8976,9.3640,-5.9887
210.549,0.8976,9.3640,-5.9887
210.556,0.8976,9.3640,-5.9887
210.564,0.8908,9.3640,-5.9887
210.574,0.8908,9.3640,-5.9887
210.581,0.8839,9.3640,-5.9887
210.590,0.8839,9.3640,-5.9887
210.597,0.8771,9.3640,-5.9887
210.606,0.8771,9.3640,-5.9887
210.614,0.8771,9.3640,-5.9887
210.622,0.8702,9.3640,-5.9887
210.631,0.8702,9.3640,-5.9887
210.638,0.8634,9.3640,-5.9887
210.647,0.8634,9.3640,-5.9887
210.655,0.8634,9.3640,-5.9887
210.663,0.8566,9.3640,-5.9887
210.671,0.8566,9.3640,-5.9887
210.679,0.8497,9.3640,-5.9887
210.688,0.8497,9.3640,-5.9887
210.697,0.8497,9.3640,-5.9887
210.705,0.8429,9.3640,-5.9887
210.714,0.8429,9.3640,-5.9887
210.721,0.8361,9.3640,-5.9887
210.731,0.8361,9.3640,-5.9887
210.738,0.8292,9.3640,-5.9887
210.749,0.8292,9.3640,-5.9887
210.756,0.8292,9.3640,-5.9887
210.764,0.8224,9.3640,-5.9887
210.773,0.8224,9.3640,-5.9887
210.782,0.8156,9.3640,-5.9887
210.790,0.8156,9.3640,-5.9887
210.797,0.8087,9.3640,-5.9887
210.805,0.8087,9.3640,-5.9887
210.814,0.8087,9.3640,-5.9887
210.820,0.8019,9.3640,-5.9887
210.830,0.8019,9.3640,-5.9887
210.837,0.7951,9.3640,-5.9887
210.847,0.7951,9.3640,-5.9887
210.853,0.7951,9.3640,-5.9887
210.861,0.7882,9.3640,-5.9887
210.871,0.7882,9.3640,-5.9887
210.879,0.7814,9.3640,-5.9887
210.887,0.7814,9.3640,-5.9887
210.895,0.7814,9.3640,-5.9887
210.902,0.7746,9.3640,-5.9887
210.911,0.7746,9.3640,-5.9887
210.919,0.7678,9.3640,-5.9887
210.928,0.7678,9.3640,-5.9887
210.935,0.7678,9.3640,-5.9887
210.943,0.7609,9.3640,-5.9887
210.952,0.7609,9.3640,-5.9887
210.960,0.7541,9.3640,-5.9887
210.969,0.7541,9.3640,-5.9887
210.976,0.7541,9.3640,-5.9887
210.984,0.7473,9.3640,-5.9887
210.994,0.7473,9.3640,-5.9887
211.002,0.7404,9.3640,-5.9887
211.013,0.7404,9.3640,-5.9887
211.020,0.7336,9.3640,-5.9887
211.031,0.7336,9.3640,-5.9887
211.037,0.7268,9.3640,-5.9887
211.047,0.7268,9.3640,-5.9887
211.056,0.7268,9.3640,-5.9887
211.063,0.7199,9.3640,-5.9887
211.073,0.7199,9.3640,-5.9887
211.081,0.7131,9.3640,-5.9887
211.091,0.7131,9.3640,-5.9887
211.098,0.7063,9.3640,-5.9887
211.108,0.7063,9.3640,-5.9887
211.117,0.7063,9.3640,-5.9887
211.124,0.6994,9.3640,-5.9887
211.134,0.6994,9.3640,-5.9887
211.143,0.6926,9.3640,-5.9887
211.154,0.6926,9.3640,-5.9887
211.161,0.6857,9.3640,-5.9887
211.171,0.6857,9.3640,-5.9887
211.181,0.6789,9.3640,-5.9887
211.190,0.6789,9.3640,-5.9887
211.197,0.6720,9.3640,-5.9887
211.209,0.6720,9.3640,-5.9887
211.217,0.6720,9.3640,-5.9887
211.226,0.6652,9.3640,-5.9887
211.236,0.6652,9.3640,-5.9887
211.245,0.6583,9.3640,-5.9887
211.252,0.6583,9.3640,-5.9887
211.262,0.6515,9.3640,-5.9887
211.270,0.6515,9.3640,-5.9887
211.277,0.6446,9.3640,-5.9887
211.285,0.6446,9.3640,-5.9887
211.293,0.6446,9.3640,-5.9887
211.301,0.6378,9.3640,-5.9887
211.308,0.6378,9.3640,-5.9887
211.315,0.6378,9.3640,-5.9887
211.323,0.6309,9.3640,-5.9887
211.332,0.6309,9.3640,-5.9887
211.338,0.6241,9.3640,-5.9887
211.347,0.6241,9.3640,-5.9887
211.354,0.6241,9.3640,-5.9887
211.363,0.6172,9.3640,-5.9890
211.371,0.6172,9.3640,-5.9890
211.380,0.6104,9.3640,-5.9893
211.388,0.6104,9.3640,-5.9893
211.397,0.6104,9.3640,-5.9893
211.403,0.6035,9.3640,-5.9896
211.413,0.6035,9.3640,-5.9896
211.420,0.5967,9.3640,-5.9899
211.429,0.5967,9.3640,-5.9899
211.435,0.5967,9.3640,-5.9899
211.444,0.5898,9.3640,-5.9902
211.453,0.5898,9.3640,-5.9902
211.461,0.5830,9.3640,-5.9904
211.469,0.5830,9.3640,-5.9904
211.478,0.5761,9.3640,-5.9907
211.486,0.5761,9.3640,-5.9907
211.494,0.5761,9.3640,-5.9907
211.501,0.5693,9.3640,-5.9909
211.511,0.5693,9.3640,-5.9909
211.518,0.5624,9.3640,-5.9909
211.526,0.5624,9.3640,-5.9909
211.533,0.5624,9.3640,-5.9909
211.542,0.5556,9.3640,-5.9909
211.551,0.5556,9.3640,-5.9909
211.559,0.5487,9.3640,-5.9909
211.569,0.5487,9.3640,-5.9909
211.576,0.5487,9.3640,-5.9909
211.585,0.5419,9.3640,-5.9909
211.595,0.5419,9.3640,-5.9909
211.602,0.5350,9.3640,-5.9909
211.612,0.5350,9.3640,-5.9909
211.619,0.5282,9.3640,-5.9909
211.629,0.5282,9.3640,-5.9909
211.636,0.5282,9.3640,-5.9909
211.645,0.5213,9.3640,-5.9909
211.655,0.5213,9.3640,-5.9909
211.663,0.5145,9.3640,-5.9909
211.672,0.5145,9.3640,-5.9909
211.680,0.5076,9.3640,-5.9909
211.690,0.5076,9.3640,-5.9909
211.697,0.5008,9.3640,-5.9909
211.707,0.5008,9.3640,-5.9909
211.716,0.5008,9.3640,-5.9909
211.725,0.4939,9.3640,-5.9909
211.734,0.4939,9.3640,-5.9909
211.745,0.4871,9.3640,-5.9909
211.754,0.4871,9.3640,-5.9909
211.762,0.4802,9.3640,-5.9909
211.771,0.4802,9.3640,-5.9909
211.780,0.4734,9.3640,-5.9909
211.788,0.4734,9.3640,-5.9909
211.796,0.4734,9.3640,-5.9909
211.804,0.4665,9.3640,-5.9909
211.814,0.4665,9.3640,-5.9909
211.821,0.4597,9.3640,-5.9909
211.830,0.4597,9.3640,-5.9909
211.838,0.4528,9.3640,-5.9909
211.847,0.4528,9.3640,-5.9909
211.854,0.4528,9.3640,-5.9909
211.862,0.4460,9.3640,-5.9909
211.869,0.4460,9.3640,-5.9909
211.877,0.4391,9.3640,-5.9909
211.885,0.4391,9.3640,-5.9909
211.893,0.4391,9.3640,-5.9909
211.901,0.4322,9.3640,-5.9909
211.909,0.4322,9.3640,-5.9909
211.917,0.4322,9.3640,-5.9909
211.924,0.4254,9.3640,-5.9909
211.933,0.4254,9.3640,-5.9909
211.940,0.4185,9.3640,-5.9909
211.949,0.4185,9.3640,-5.9909
211.958,0.4117,9.3640,-5.9909
211.967,0.4117,9.3640,-5.9909
211.975,0.4117,9.3640,-5.9909
211.982,0.4048,9.3640,-5.9909
211.991,0.4048,9.3640,-5.9909
211.998,0.3980,9.3640,-5.9909
212.007,0.3980,9.3640,-5.9909
212.015,0.3980,9.3640,-5.9909
212.023,0.3911,9.3640,-5.9909
212.031,0.3911,9.3640,-5.9909
212.039,0.3842,9.3640,-5.9909
212.048,0.3842,9.3640,-5.9909
212.055,0.3842,9.3640,-5.9909
212.062,0.3774,9.3640,-5.9909
212.070,0.3774,9.3640,-5.9909
212.078,0.3705,9.3640,-5.9909
212.087,0.3705,9.3640,-5.9909
212.093,0.3705,9.3640,-5.9909
212.101,0.3636,9.3640,-5.9909
212.109,0.3636,9.3640,-5.9909
212.117,0.3568,9.3640,-5.9909
212.125,0.3568,9.3640,-5.9909
212.133,0.3568,9.3640,-5.9909
212.141,0.3499,9.3640,-5.9909
212.150,0.3499,9.3640,-5.9909
212.157,0.3430,9.3640,-5.9909
212.166,0.3430,9.3640,-5.9909
212.174,0.3430,9.3640,-5.9909
212.181,0.3362,9.3640,-5.9912
212.189,0.3362,9.3640,-5.9912
212.197,0.3293,9.3640,-5.9915
212.206,0.3293,9.3640,-5.9915
212.213,0.3293,9.3640,-5.9915
212.220,0.3225,9.3640,-5.9919
212.230,0.3225,9.3640,-5.9919
212.237,0.3225,9.3640,-5.9919
212.244,0.3156,9.3640,-5.9922
212.253,0.3156,9.3640,-5.9922
212.261,0.3088,9.3640,-5.9926
212.270,0.3088,9.3640,-5.9926
212.278,0.3019,9.3640,-5.9930
212.288,0.3019,9.3640,-5.9930
212.296,0.3019,9.3640,-5.9930
212.303,0.2950,9.3640,-5.9934
212.312,0.2950,9.3640,-5.9934
212.321,0.2882,9.3640,-5.9938
212.330,0.2882,9.3640,-5.9938
212.338,0.2813,9.3640,-5.9942
212.349,0.2813,9.3640,-5.9942
212.357,0.2745,9.3640,-5.9946
212.367,0.2745,9.3640,-5.9946
212.375,0.2745,9.3640,-5.9946
212.385,0.2676,9.3640,-5.9950
212.394,0.2676,9.3640,-5.9950
212.401,0.2608,9.3640,-5.9954
212.412,0.2608,9.3640,-5.9954
212.419,0.2539,9.3640,-5.9958
212.429,0.2539,9.3640,-5.9958
212.436,0.2539,9.3640,-5.9958
212.446,0.2470,9.3640,-5.9962
212.455,0.2470,9.3640,-5.9962
212.463,0.2402,9.3640,-5.9966
212.473,0.2402,9.3640,-5.9966
212.481,0.2333,9.3640,-5.9970
212.490,0.2333,9.3640,-5.9970
212.497,0.2265,9.3640,-5.9973
212.506,0.2265,9.3640,-5.9973
212.513,0.2265,9.3640,-5.9973
212.521,0.2196,9.3640,-5.9976
212.529,0.2196,9.3640,-5.9976
212.536,0.2196,9.3640,-5.9976
212.544,0.2128,9.3640,-5.9980
212.552,0.2128,9.3640,-5.9980
212.559,0.2059,9.3640,-5.9983
212.568,0.2059,9.3640,-5.9983
212.575,0.2059,9.3640,-5.9983
212.583,0.1990,9.3640,-5.9987
212.590,0.1990,9.3640,-5.9987
212.599,0.1922,9.3640,-5.9990
212.606,0.1922,9.3640,-5.9990
212.615,0.1922,9.3640,-5.9990
212.621,0.1853,9.3640,-5.9993
212.630,0.1853,9.3640,-5.9993
212.636,0.1853,9.3640,-5.9993
212.643,0.1785,9.3640,-5.9996
212.653,0.1785,9.3640,-5.9996
212.661,0.1716,9.3640,-5.9999
212.670,0.1716,9.3640,-5.9999
212.677,0.1648,9.3640,-6.0002
212.686,0.1648,9.3640,-6.0002
212.694,0.1648,9.3640,-6.0002
212.701,0.1579,9.3640,-6.0002
212.709,0.1579,9.3640,-6.0002
212.717,0.1511,9.3640,-6.0002
212.728,0.1511,9.3640,-6.0002
212.735,0.1511,9.3640,-6.0002
212.743,0.1442,9.3640,-6.0002
212.753,0.1442,9.3640,-6.0002
212.762,0.1373,9.3640,-6.0002
212.771,0.1373,9.3640,-6.0002
212.780,0.1305,9.3640,-6.0002
212.789,0.1305,9.3640,-6.0002
212.798,0.1237,9.3640,-6.0002
212.809,0.1237,9.3640,-6.0002
212.817,0.1168,9.3640,-6.0002
212.826,0.1168,9.3640,-6.0002
212.836,0.1168,9.3640,-6.0002
212.845,0.1100,9.3640,-6.0002
212.853,0.1100,9.3640,-6.0002
212.861,0.1031,9.3640,-6.0002
212.878,0.0963,9.3640,-6.0002
212.893,0.0963,9.3640,-6.0002
212.901,0.0894,9.3640,-6.0002
212.911,0.0894,9.3640,-6.0002
212.920,0.0826,9.3640,-6.0002
212.931,0.0826,9.3640,-6.0002
212.938,0.0757,9.3640,-6.0002
212.948,0.0757,9.3640,-6.0002
212.955,0.0757,9.3640,-6.0002
212.964,0.0689,9.3640,-6.0002
212.972,0.0689,9.3640,-6.0002
212.981,0.0620,9.3640,-6.0002
212.992,0.0620,9.3640,-6.0002
212.999,0.0552,9.3640,-6.0002
213.009,0.0552,9.3640,-6.0002
213.017,0.0484,9.3640,-6.0002
213.028,0.0484,9.3640,-6.0002
213.035,0.0484,9.3640,-6.0002
213.044,0.0415,9.3640,-6.0002
213.053,0.0415,9.3640,-6.0002
213.061,0.0347,9.3640,-6.0002
213.069,0.0347,9.3640,-6.0002
213.078,0.0279,9.3640,-6.0002
213.086,0.0279,9.3640,-6.0002
213.093,0.0279,9.3640,-6.0002
213.100,0.0210,9.3640,-6.0002
213.110,0.0210,9.3640,-6.0002
213.118,0.0142,9.3640,-6.0002
213.126,0.0142,9.3640,-6.0002
213.134,0.0142,9.3640,-6.0002
213.142,0.0074,9.3640,-6.0002
213.152,0.0074,9.3640,-6.0002
213.159,0.0005,9.3640,-6.0002
213.168,0.0005,9.3640,-6.0002
213.175,0.0005,9.3640,-6.0002
213.183,-0.0063,9.3640,-6.0002
213.191,-0.0063,9.3640,-6.0002
213.199,-0.0131,9.3640,-6.0002
213.207,-0.0131,9.3640,-6.0002
213.216,-0.0131,9.3640,-6.0002
213.223,-0.0200,9.3640,-6.0002
213.234,-0.0200,9.3640,-6.0002
213.242,-0.0268,9.3640,-6.0002
213.251,-0.0268,9.3640,-6.0002
213.260,-0.0336,9.3640,-6.0002
213.267,-0.0336,9.3640,-6.0002
213.275,-0.0336,9.3640,-6.0002
213.282,-0.0405,9.3640,-6.0002
213.291,-0.0405,9.3640,-6.0002
213.298,-0.0473,9.3640,-6.0002
213.305,-0.0473,9.3640,-6.0002
213.313,-0.0473,9.3640,-6.0002
213.320,-0.0541,9.3640,-6.0002
213.328,-0.0541,9.3640,-6.0002
213.334,-0.0541,9.3640,-6.0002
213.342,-0.0610,9.3640,-6.0002
213.352,-0.0610,9.3640,-6.0002
213.359,-0.0678,9.3640,-6.0002
213.368,-0.0678,9.3640,-6.0002
213.375,-0.0678,9.3640,-6.0002
213.383,-0.0746,9.3640,-6.0002
213.391,-0.0746,9.3640,-6.0002
213.398,-0.0814,9.3640,-6.0002
213.406,-0.0814,9.3640,-6.0002
213.415,-0.0814,9.3640,-6.0002
213.420,-0.0883,9.3640,-6.0002
213.429,-0.0883,9.3640,-6.0002
213.435,-0.0883,9.3640,-6.0002
213.443,-0.0951,9.3640,-6.0002
213.451,-0.0951,9.3640,-6.0002
213.458,-0.1019,9.3640,-6.0002
213.465,-0.1019,9.3640,-6.0002
213.474,-0.1019,9.3640,-6.0002
213.481,-0.1087,9.3640,-6.0002
213.488,-0.1087,9.3640,-6.0002
213.495,-0.1087,9.3640,-6.0002
213.502,-0.1155,9.3640,-6.0002
213.511,-0.1155,9.3640,-6.0002
213.517,-0.1224,9.3640,-6.0002
213.527,-0.1224,9.3640,-6.0002
213.534,-0.1224,9.3640,-6.0002
213.541,-0.1292,9.3640,-6.0002
213.551,-0.1292,9.3640,-6.0002
213.558,-0.1360,9.3640,-6.0002
213.568,-0.1360,9.3640,-6.0002
213.575,-0.1360,9.3640,-6.0002
213.583,-0.1428,9.3640,-6.0002
213.592,-0.1428,9.3640,-6.0002
213.600,-0.1497,9.3640,-6.0002
213.608,-0.1497,9.3640,-6.0002
213.617,-0.1565,9.3640,-6.0002
213.625,-0.1565,9.3640,-6.0002
213.633,-0.1565,9.3640,-6.0002
213.640,-0.1633,9.3640,-6.0002
213.650,-0.1633,9.3640,-6.0002
213.657,-0.1702,9.3640,-6.0002
213.666,-0.1702,9.3640,-6.0002
213.673,-0.1702,9.3640,-6.0002
213.681,-0.1770,9.3640,-6.0002
213.689,-0.1770,9.3640,-6.0002
213.698,-0.1839,9.3640,-6.0002
213.707,-0.1839,9.3640,-6.0002
213.715,-0.1839,9.3640,-6.0002
213.723,-0.1907,9.3640,-6.0002
213.732,-0.1907,9.3640,-6.0002
213.740,-0.1975,9.3640,-6.0002
213.750,-0.1975,9.3640,-6.0002
213.757,-0.2044,9.3640,-6.0002
213.765,-0.2044,9.3640,-6.0002
213.773,-0.2044,9.3640,-6.0002
213.781,-0.2113,9.3640,-6.0002
213.788,-0.2113,9.3640,-6.0002
213.796,-0.2113,9.3640,-6.0002
213.803,-0.2181,9.3640,-6.0002
213.811,-0.2181,9.3640,-6.0002
213.818,-0.2250,9.3640,-6.0002
213.827,-0.2250,9.3640,-6.0002
213.834,-0.2250,9.3640,-6.0002
213.842,-0.2318,9.3640,-6.0002
213.851,-0.2318,9.3640,-6.0002
213.858,-0.2387,9.3640,-6.0002
213.867,-0.2387,9.3640,-6.0002
213.875,-0.2387,9.3640,-6.0002
213.881,-0.2455,9.3640,-6.0002
213.888,-0.2455,9.3640,-6.0002
213.896,-0.2455,9.3640,-6.0002
213.903,-0.2524,9.3640,-6.0002
213.912,-0.2524,9.3640,-6.0002
213.919,-0.2592,9.3640,-6.0002
213.927,-0.2592,9.3640,-6.0002
213.933,-0.2592,9.3640,-6.0002
213.939,-0.2661,9.3640,-6.0002
213.949,-0.2661,9.3640,-6.0002
213.957,-0.2661,9.3640,-6.0002
213.964,-0.2729,9.3640,-6.0002
213.971,-0.2729,9.3640,-6.0002
213.980,-0.2798,9.3640,-6.0002
213.988,-0.2798,9.3640,-6.0002
213.996,-0.2798,9.3640,-6.0002
214.003,-0.2867,9.3640,-6.0002
214.012,-0.2867,9.3640,-6.0002
214.020,-0.2935,9.3640,-6.0002
214.028,-0.2935,9.3640,-6.0002
214.036,-0.2935,9.3640,-6.0002
214.045,-0.3004,9.3640,-6.0002
214.053,-0.3004,9.3640,-6.0002
214.061,-0.3072,9.3640,-6.0002
214.070,-0.3072,9.3640,-6.0002
214.079,-0.3141,9.3640,-6.0002
214.087,-0.3141,9.3640,-6.0002
214.094,-0.3141,9.3640,-6.0002
214.102,-0.3209,9.3640,-6.0002
214.111,-0.3209,9.3640,-6.0002
214.119,-0.3278,9.3640,-6.0002
214.128,-0.3278,9.3640,-6.0002
214.135,-0.3278,9.3640,-6.0002
214.144,-0.3346,9.3640,-6.0002
214.152,-0.3346,9.3640,-6.0002
214.159,-0.3415,9.3640,-6.0002
214.169,-0.3415,9.3640,-6.0002
214.178,-0.3483,9.3640,-6.0002
214.186,-0.3483,9.3640,-6.0002
214.194,-0.3483,9.3640,-6.0002
214.202,-0.3552,9.3640,-6.0002
214.211,-0.3552,9.3640,-6.0002
214.219,-0.3620,9.3640,-6.0002
214.229,-0.3620,9.3640,-6.0002
214.235,-0.3620,9.3640,-6.0002
214.244,-0.3689,9.3640,-6.0002
214.252,-0.3689,9.3640,-6.0002
214.261,-0.3757,9.3640,-6.0002
214.269,-0.3757,9.3640,-6.0002
214.277,-0.3826,9.3640,-6.0002
214.286,-0.3826,9.3640,-6.0002
214.294,-0.3826,9.3640,-6.0002
214.300,-0.3894,9.3640,-6.0002
214.309,-0.3894,9.3640,-6.0002
214.316,-0.3894,9.3640,-6.0002
214.322,-0.3963,9.3640,-6.0002
214.330,-0.3963,9.3640,-6.0002
214.338,-0.4031,9.3640,-6.0002
214.347,-0.4031,9.3640,-6.0002
214.353,-0.4031,9.3640,-6.0002
214.360,-0.4100,9.3640,-6.0002
214.369,-0.4100,9.3640,-6.0002
214.377,-0.4168,9.3640,-6.0002
214.385,-0.4168,9.3640,-6.0002
214.391,-0.4168,9.3640,-6.0002
214.399,-0.4237,9.3640,-6.0002
214.407,-0.4237,9.3640,-6.0002
214.415,-0.4237,9.3640,-6.0002
214.421,-0.4305,9.3640,-6.0002
214.430,-0.4305,9.3640,-6.0002
214.437,-0.4373,9.3640,-6.0002
214.447,-0.4373,9.3640,-6.0002
214.453,-0.4373,9.3640,-6.0002
214.461,-0.4442,9.3640,-6.0002
214.469,-0.4442,9.3640,-6.0002
214.477,-0.4510,9.3640,-6.0002
214.485,-0.4510,9.3640,-6.0002
214.492,-0.4510,9.3640,-6.0002
214.500,-0.4579,9.3640,-6.0002
214.510,-0.4579,9.3640,-6.0002
214.517,-0.4579,9.3640,-6.0002
214.524,-0.4647,9.3640,-6.0002
214.533,-0.4647,9.3640,-6.0002
214.541,-0.4715,9.3640,-6.0002
214.548,-0.4715,9.3640,-6.0002
214.557,-0.4715,9.3640,-6.0002
214.563,-0.4784,9.3640,-6.0002
214.571,-0.4784,9.3640,-6.0002
214.579,-0.4852,9.3640,-6.0002
214.587,-0.4852,9.3640,-6.0002
214.594,-0.4852,9.3640,-6.0002
214.602,-0.4920,9.3640,-6.0002
214.609,-0.4920,9.3640,-6.0002
214.618,-0.4989,9.3640,-6.0002
214.626,-0.4989,9.3640,-6.0002
214.634,-0.4989,9.3640,-6.0002
214.641,-0.5057,9.3640,-6.0002
214.651,-0.5057,9.3640,-6.0002
214.658,-0.5125,9.3640,-6.0002
214.667,-0.5125,9.3640,-6.0002
214.674,-0.5125,9.3640,-6.0002
214.683,-0.5194,9.3640,-6.0002
214.690,-0.5194,9.3640,-6.0002
214.697,-0.5262,9.3640,-6.0002
214.706,-0.5262,9.3640,-6.0002
214.714,-0.5262,9.3640,-6.0002
214.721,-0.5330,9.3640,-6.0002
214.729,-0.5330,9.3640,-6.0002
214.735,-0.5330,9.3640,-6.0002
214.744,-0.5399,9.3640,-6.0002
214.753,-0.5399,9.3640,-6.0002
214.762,-0.5467,9.3640,-6.0002
214.773,-0.5467,9.3640,-6.0002
214.780,-0.5535,9.3640,-6.0002
214.789,-0.5535,9.3640,-6.0002
214.797,-0.5535,9.3640,-6.0002
214.806,-0.5604,9.3640,-6.0002
214.814,-0.5604,9.3640,-6.0002
214.822,-0.5672,9.3640,-6.0002
214.831,-0.5672,9.3640,-6.0002
214.839,-0.5741,9.3640,-6.0002
214.849,-0.5741,9.3640,-6.0002
214.858,-0.5809,9.3640,-6.0002
214.867,-0.5809,9.3640,-6.0002
214.874,-0.5809,9.3640,-6.0002
214.882,-0.5877,9.3640,-6.0002
214.891,-0.5877,9.3640,-6.0002
214.899,-0.5946,9.3640,-6.0002
214.907,-0.5946,9.3640,-6.0002
214.915,-0.5946,9.3640,-6.0002
214.922,-0.6014,9.3640,-6.0002
214.931,-0.6014,9.3640,-6.0002
214.938,-0.6082,9.3640,-6.0002
214.948,-0.6082,9.3640,-6.0002
214.955,-0.6082,9.3640,-6.0002
214.964,-0.6151,9.3640,-6.0002
214.972,-0.6151,9.3640,-6.0002
214.982,-0.6219,9.3640,-6.0002
214.991,-0.6219,9.3640,-6.0002
215.000,-0.6287,9.3640,-6.0002
215.009,-0.6287,9.3640,-6.0002
215.016,-0.6287,9.3640,-6.0002
215.024,-0.6355,9.3640,-6.0002
215.033,-0.6355,9.3640,-6.0002
215.043,-0.6424,9.3640,-6.0002
215.052,-0.6424,9.3640,-6.0002
215.060,-0.6492,9.3640,-6.0002
215.069,-0.6492,9.3640,-6.0002
215.077,-0.6492,9.3640,-6.0002
215.085,-0.6560,9.3640,-6.0002
215.093,-0.6560,9.3640,-6.0002
215.100,-0.6628,9.3640,-6.0002
215.108,-0.6628,9.3640,-6.0002
215.116,-0.6628,9.3640,-6.0002
215.123,-0.6697,9.3640,-6.0002
215.132,-0.6697,9.3640,-6.0002
215.139,-0.6765,9.3640,-6.0002
215.149,-0.6765,9.3640,-6.0002
215.156,-0.6765,9.3640,-6.0002
215.165,-0.6833,9.3640,-6.0002
215.173,-0.6833,9.3640,-6.0002
215.190,-0.6902,9.3640,-6.0002
215.200,-0.6970,9.3640,-6.0002
215.208,-0.6970,9.3640,-6.0002
215.215,-0.6970,9.3640,-6.0002
215.223,-0.7038,9.3640,-6.0002
215.230,-0.7038,9.3640,-6.0002
215.237,-0.7038,9.3640,-6.0002
215.246,-0.7107,9.3640,-6.0002
215.255,-0.7107,9.3640,-6.0002
215.261,-0.7175,9.3640,-6.0002
215.270,-0.7175,9.3640,-6.0002
215.278,-0.7243,9.3640,-6.0002
215.286,-0.7243,9.3640,-6.0002
215.294,-0.7243,9.3640,-6.0002
215.301,-0.7312,9.3640,-6.0002
215.312,-0.7312,9.3640,-6.0002
215.319,-0.7380,9.3640,-6.0002
215.328,-0.7380,9.3640,-6.0002
215.335,-0.7380,9.3640,-6.0002
215.344,-0.7449,9.3640,-6.0002
215.353,-0.7449,9.3640,-6.0002
215.361,-0.7517,9.3640,-6.0002
215.369,-0.7517,9.3640,-6.0002
215.379,-0.7586,9.3640,-6.0002
215.387,-0.7586,9.3640,-6.0002
215.395,-0.7586,9.3640,-6.0002
215.402,-0.7654,9.3640,-6.0002
215.412,-0.7654,9.3640,-6.0002
215.419,-0.7723,9.3640,-6.0002
215.428,-0.7723,9.3640,-6.0002
215.435,-0.7723,9.3640,-6.0002
215.444,-0.7791,9.3640,-6.0002
215.453,-0.7791,9.3640,-6.0002
215.461,-0.7860,9.3640,-6.0002
215.469,-0.7860,9.3640,-6.0002
215.477,-0.7928,9.3640,-6.0002
215.486,-0.7928,9.3640,-6.0002
215.495,-0.7928,9.3640,-6.0002
215.503,-0.7997,9.3640,-6.0002
215.512,-0.7997,9.3640,-6.0002
215.520,-0.8065,9.3640,-6.0002
215.529,-0.8065,9.3640,-6.0002
215.536,-0.8065,9.3640,-6.0002
215.544,-0.8134,9.3640,-6.0002
215.554,-0.8134,9.3640,-6.0002
215.561,-0.8202,9.3640,-6.0002
215.570,-0.8202,9.3640,-6.0002
215.577,-0.8271,9.3640,-6.0002
215.586,-0.8271,9.3640,-6.0002
215.593,-0.8271,9.3640,-6.0002
215.601,-0.8339,9.3640,-6.0002
215.609,-0.8339,9.3640,-6.0002
215.618,-0.8408,9.3640,-6.0002
215.626,-0.8408,9.3640,-6.0002
215.633,-0.8408,9.3640,-6.0002
215.640,-0.8476,9.3640,-6.0002
215.649,-0.8476,9.3640,-6.0002
215.656,-0.8476,9.3640,-6.0002
215.664,-0.8545,9.3640,-6.0002
215.671,-0.8545,9.3640,-6.0002
215.681,-0.8613,9.3640,-6.0002
215.688,-0.8613,9.3640,-6.0002
215.696,-0.8613,9.3640,-6.0002
215.703,-0.8682,9.3640,-6.0002
215.713,-0.8682,9.3640,-6.0002
215.719,-0.8750,9.3640,-6.0002
215.728,-0.8750,9.3640,-6.0002
215.735,-0.8750,9.3640,-6.0002
215.744,-0.8819,9.3640,-6.0002
215.754,-0.8819,9.3640,-6.0002
215.761,-0.8887,9.3640,-6.0002
215.770,-0.8887,9.3640,-6.0002
215.778,-0.8956,9.3640,-6.0002
215.786,-0.8956,9.3640,-6.0002
215.794,-0.8956,9.3640,-6.0002
215.802,-0.9024,9.3640,-6.0002
215.810,-0.9024,9.3640,-6.0002
215.818,-0.9093,9.3640,-6.0002
215.827,-0.9093,9.3640,-6.0002
215.835,-0.9093,9.3640,-6.0002
215.842,-0.9161,9.3640,-6.0002
215.851,-0.9161,9.3640,-6.0002
215.859,-0.9229,9.3640,-6.0002
215.869,-0.9229,9.3640,-6.0002
215.878,-0.9298,9.3640,-6.0002
215.886,-0.9298,9.3640,-6.0002
215.895,-0.9298,9.3640,-6.0002
215.901,-0.9366,9.3640,-6.0002
215.912,-0.9366,9.3640,-6.0002
215.921,-0.9434,9.3640,-6.0002
215.930,-0.9434,9.3640,-6.0002
215.937,-0.9434,9.3640,-6.0002
215.945,-0.9503,9.3640,-6.0002
215.954,-0.9503,9.3640,-6.0002
215.962,-0.9571,9.3640,-6.0002
215.969,-0.9571,9.3640,-6.0002
215.978,-0.9639,9.3640,-6.0002
215.987,-0.9639,9.3640,-6.0002
215.994,-0.9639,9.3640,-6.0002
216.000,-0.9707,9.3640,-6.0002
216.009,-0.9707,9.3640,-6.0002
216.017,-0.9775,9.3640,-6.0002
216.026,-0.9775,9.3640,-6.0002
216.034,-0.9775,9.3640,-6.0002
216.042,-0.9843,9.3640,-6.0002
216.052,-0.9843,9.3640,-6.0002
216.059,-0.9911,9.3640,-6.0002
216.069,-0.9911,9.3640,-6.0002
216.077,-0.9979,9.3640,-6.0002
216.086,-0.9979,9.3640,-6.0002
216.094,-0.9979,9.3640,-6.0002
216.102,-1.0047,9.3640,-6.0002
216.111,-1.0047,9.3640,-6.0002
216.119,-1.0115,9.3640,-6.0002
216.128,-1.0115,9.3640,-6.0002
216.136,-1.0115,9.3640,-6.0002
216.144,-1.0183,9.3640,-6.0002
216.153,-1.0183,9.3640,-6.0002
216.163,-1.0251,9.3640,-6.0002
216.170,-1.0251,9.3640,-6.0002
216.179,-1.0320,9.3640,-6.0002
216.188,-1.0320,9.3640,-6.0002
216.197,-1.0320,9.3640,-6.0002
216.203,-1.0388,9.3640,-6.0002
216.215,-1.0388,9.3640,-6.0002
216.222,-1.0456,9.3640,-6.0002
216.231,-1.0456,9.3640,-6.0002
216.239,-1.0524,9.3640,-6.0002
216.248,-1.0524,9.3640,-6.0002
216.256,-1.0524,9.3640,-6.0002
216.264,-1.0592,9.3640,-6.0002
216.273,-1.0592,9.3640,-6.0002
216.281,-1.0660,9.3640,-6.0002
216.290,-1.0660,9.3640,-6.0002
216.297,-1.0728,9.3640,-6.0002
216.306,-1.0728,9.3640,-6.0002
216.314,-1.0728,9.3640,-6.0002
216.321,-1.0797,9.3640,-6.0002
216.329,-1.0797,9.3640,-6.0002
216.337,-1.0797,9.3640,-6.0002
216.345,-1.0865,9.3640,-6.0002
216.354,-1.0865,9.3640,-6.0002
216.361,-1.0933,9.3640,-6.0002
216.371,-1.0933,9.3640,-6.0002
216.380,-1.1001,9.3640,-6.0002
216.387,-1.1001,9.3640,-6.0002
216.394,-1.1001,9.3640,-6.0002
216.403,-1.1069,9.3640,-6.0002
216.414,-1.1069,9.3640,-6.0002
216.420,-1.1137,9.3640,-6.0002
216.430,-1.1137,9.3640,-6.0002
216.437,-1.1206,9.3640,-6.0002
216.446,-1.1206,9.3640,-6.0002
216.453,-1.1206,9.3640,-6.0002
216.462,-1.1274,9.3640,-6.0002
216.469,-1.1274,9.3640,-6.0002
216.478,-1.1342,9.3640,-6.0002
216.486,-1.1342,9.3640,-6.0002
216.494,-1.1342,9.3640,-6.0002
216.501,-1.1410,9.3640,-6.0002
216.510,-1.1410,9.3640,-6.0002
216.518,-1.1478,9.3640,-6.0002
216.528,-1.1478,9.3640,-6.0002
216.534,-1.1478,9.3640,-6.0002
216.542,-1.1547,9.3640,-6.0002
216.552,-1.1547,9.3640,-6.0002
216.561,-1.1615,9.3640,-6.0002
216.569,-1.1615,9.3640,-6.0002
216.577,-1.1683,9.3640,-6.0002
216.587,-1.1683,9.3640,-6.0002
216.595,-1.1683,9.3640,-6.0002
216.603,-1.1751,9.3640,-6.0002
216.613,-1.1751,9.3640,-6.0002
216.621,-1.1820,9.3640,-6.0002
216.629,-1.1820,9.3640,-6.0002
216.637,-1.1888,9.3640,-6.0002
216.648,-1.1888,9.3640,-6.0002
216.655,-1.1888,9.3640,-6.0002
216.664,-1.1956,9.3640,-6.0002
216.672,-1.1956,9.3640,-6.0002
216.681,-1.2024,9.3640,-6.0002
216.689,-1.2024,9.3640,-6.0002
216.697,-1.2092,9.3640,-6.0002
216.707,-1.2092,9.3640,-6.0002
216.715,-1.2092,9.3640,-6.0002
216.723,-1.2161,9.3640,-6.0002
216.733,-1.2161,9.3640,-6.0002
216.742,-1.2229,9.3640,-6.0002
216.751,-1.2229,9.3640,-6.0002
216.759,-1.2297,9.3640,-6.0002
216.768,-1.2297,9.3640,-6.0002
216.777,-1.2297,9.3640,-6.0002
216.785,-1.2365,9.3640,-6.0002
216.795,-1.2365,9.3640,-6.0002
216.803,-1.2433,9.3640,-6.0002
216.812,-1.2433,9.3640,-6.0002
216.820,-1.2502,9.3640,-6.0002
216.828,-1.2502,9.3640,-6.0002
216.835,-1.2502,9.3640,-6.0002
216.842,-1.2570,9.3640,-6.0002
216.851,-1.2570,9.3640,-6.0002
216.859,-1.2638,9.3640,-6.0002
216.868,-1.2638,9.3640,-6.0002
216.876,-1.2638,9.3640,-6.0002
216.885,-1.2706,9.3640,-6.0002
216.894,-1.2706,9.3640,-6.0002
216.901,-1.2774,9.3640,-6.0002
216.910,-1.2774,9.3640,-6.0002
216.918,-1.2842,9.3640,-6.0002
216.925,-1.2842,9.3640,-6.0002
216.933,-1.2842,9.3640,-6.0002
216.940,-1.2911,9.3640,-6.0002
216.950,-1.2911,9.3640,-6.0002
216.957,-1.2979,9.3640,-6.0002
216.965,-1.2979,9.3640,-6.0002
216.972,-1.2979,9.3640,-6.0002
216.981,-1.3047,9.3640,-6.0002
216.988,-1.3047,9.3640,-6.0002
216.996,-1.3047,9.3640,-6.0002
217.003,-1.3115,9.3640,-6.0002
217.013,-1.3115,9.3640,-6.0002
217.019,-1.3183,9.3640,-6.0002
217.027,-1.3183,9.3640,-6.0002
217.034,-1.3183,9.3640,-6.0002
217.044,-1.3252,9.3640,-6.0002
217.052,-1.3252,9.3640,-6.0002
217.059,-1.3320,9.3640,-6.0002
217.068,-1.3320,9.3640,-6.0002
217.076,-1.3320,9.3640,-6.0002
217.082,-1.3388,9.3640,-6.0002
217.091,-1.3388,9.3640,-6.0002
217.099,-1.3456,9.3640,-6.0002
217.108,-1.3456,9.3640,-6.0002
217.115,-1.3456,9.3640,-6.0002
217.123,-1.3525,9.3640,-6.0002
217.131,-1.3525,9.3640,-6.0002
217.139,-1.3593,9.3640,-6.0002
217.147,-1.3593,9.3640,-6.0002
217.155,-1.3593,9.3640,-6.0002
217.163,-1.3661,9.3640,-6.0002
217.171,-1.3661,9.3640,-6.0002
217.179,-1.3729,9.3640,-6.0002
217.187,-1.3729,9.3640,-6.0002
217.194,-1.3729,9.3640,-6.0002
217.201,-1.3797,9.3640,-6.0002
217.210,-1.3797,9.3640,-6.0002
217.220,-1.3866,9.3640,-6.0002
217.228,-1.3866,9.3640,-6.0002
217.235,-1.3866,9.3640,-6.0002
217.241,-1.3934,9.3640,-6.0002
217.251,-1.3934,9.3640,-6.0002
217.258,-1.4002,9.3640,-6.0002
217.267,-1.4002,9.3640,-6.0002
217.275,-1.4002,9.3640,-6.0002
217.282,-1.4070,9.3640,-6.0002
217.291,-1.4070,9.3640,-6.0002
217.299,-1.4138,9.3640,-6.0002
217.309,-1.4138,9.3640,-6.0002
217.317,-1.4206,9.3640,-6.0002
217.326,-1.4206,9.3640,-6.0002
217.333,-1.4206,9.3640,-6.0002
217.342,-1.4274,9.3640,-6.0002
217.350,-1.4274,9.3640,-6.0002
217.359,-1.4342,9.3640,-6.0002
217.368,-1.4342,9.3640,-6.0002
217.376,-1.4342,9.3640,-6.0002
217.384,-1.4410,9.3640,-6.0002
217.393,-1.4410,9.3640,-6.0002
217.401,-1.4479,9.3640,-6.0002
217.410,-1.4479,9.3640,-6.0002
217.419,-1.4547,9.3640,-6.0002
217.430,-1.4547,9.3640,-6.0002
217.437,-1.4547,9.3640,-6.0002
217.445,-1.4615,9.3640,-6.0002
217.454,-1.4615,9.3640,-6.0002
217.462,-1.4683,9.3640,-6.0002
217.470,-1.4683,9.3640,-6.0002
217.479,-1.4751,9.3640,-6.0002
217.488,-1.4751,9.3640,-6.0002
217.496,-1.4751,9.3640,-6.0002
217.503,-1.4819,9.3640,-6.0002
217.514,-1.4819,9.3640,-6.0002
217.521,-1.4887,9.3640,-6.0002
217.530,-1.4887,9.3640,-6.0002
217.536,-1.4887,9.3640,-6.0002
217.551,-1.4955,9.3640,-6.0002
217.563,-1.5023,9.3640,-6.0002
217.571,-1.5023,9.3640,-6.0002
217.581,-1.5091,9.3640,-6.0002
217.590,-1.5091,9.3640,-6.0002
217.597,-1.5159,9.3640,-6.0002
217.605,-1.5159,9.3640,-6.0002
217.614,-1.5159,9.3640,-6.0002
217.620,-1.5226,9.3640,-6.0002
217.629,-1.5226,9.3640,-6.0002
217.636,-1.5226,9.3640,-6.0002
217.644,-1.5294,9.3640,-6.0002
217.652,-1.5294,9.3640,-6.0002
217.659,-1.5362,9.3640,-6.0002
217.669,-1.5362,9.3640,-6.0002
217.677,-1.5430,9.3640,-6.0002
217.686,-1.5430,9.3640,-6.0002
217.692,-1.5430,9.3640,-6.0002
217.701,-1.5498,9.3640,-6.0002
217.709,-1.5498,9.3640,-6.0002
217.716,-1.5498,9.3640,-6.0002
217.723,-1.5566,9.3640,-6.0002
217.732,-1.5566,9.3640,-6.0002
217.738,-1.5634,9.3640,-6.0002
217.749,-1.5634,9.3640,-6.0002
217.754,-1.5634,9.3640,-6.0002
217.763,-1.5702,9.3640,-6.0002
217.770,-1.5702,9.3640,-6.0002
217.777,-1.5770,9.3640,-6.0002
217.786,-1.5770,9.3640,-6.0002
217.794,-1.5770,9.3640,-6.0002
217.801,-1.5838,9.3640,-6.0002
217.811,-1.5838,9.3640,-6.0002
217.819,-1.5906,9.3640,-6.0002
217.828,-1.5906,9.3640,-6.0002
217.834,-1.5906,9.3640,-6.0002
217.843,-1.5973,9.3640,-6.0002
217.852,-1.5973,9.3640,-6.0002
217.860,-1.6041,9.3640,-6.0002
217.869,-1.6041,9.3640,-6.0002
217.879,-1.6108,9.3640,-6.0002
217.889,-1.6108,9.3640,-6.0002
217.896,-1.6108,9.3640,-6.0002
217.904,-1.6174,9.3640,-6.0002
217.915,-1.6174,9.3640,-6.0002
217.922,-1.6239,9.3640,-6.0002
217.932,-1.6239,9.3640,-6.0002
217.941,-1.6305,9.3640,-6.0002
217.951,-1.6305,9.3640,-6.0002
217.959,-1.6369,9.3640,-6.0002
217.969,-1.6369,9.3640,-6.0002
217.977,-1.6434,9.3640,-6.0002
217.987,-1.6434,9.3640,-6.0002
217.995,-1.6434,9.3640,-6.0002
218.003,-1.6498,9.3640,-6.0002
218.015,-1.6498,9.3640,-6.0002
218.022,-1.6562,9.3640,-6.0002
218.033,-1.6562,9.3640,-6.0002
218.041,-1.6626,9.3640,-6.0002
218.049,-1.6626,9.3640,-6.0002
218.057,-1.6690,9.3640,-6.0002
218.067,-1.6690,9.3640,-6.0002
218.075,-1.6690,9.3640,-6.0002
218.084,-1.6754,9.3640,-6.0002
218.093,-1.6754,9.3640,-6.0002
218.101,-1.6818,9.3640,-6.0002
218.109,-1.6818,9.3640,-6.0002
218.117,-1.6818,9.3640,-6.0002
218.124,-1.6882,9.3640,-6.0002
218.131,-1.6882,9.3640,-6.0002
218.138,-1.6946,9.3640,-6.0002
218.148,-1.6946,9.3640,-6.0002
218.156,-1.6946,9.3640,-6.0002
218.163,-1.7010,9.3640,-6.0002
218.172,-1.7010,9.3640,-6.0002
218.181,-1.7074,9.3640,-6.0002
218.190,-1.7074,9.3640,-6.0002
218.197,-1.7138,9.3640,-6.0002
218.206,-1.7138,9.3640,-6.0002
218.215,-1.7138,9.3640,-6.0002
218.221,-1.7202,9.3640,-6.0002
218.230,-1.7202,9.3640,-6.0002
218.237,-1.7202,9.3640,-6.0002
218.246,-1.7266,9.3640,-6.0002
218.255,-1.7266,9.3640,-6.0002
218.263,-1.7331,9.3640,-6.0002
218.271,-1.7331,9.3640,-6.0002
218.280,-1.7395,9.3640,-6.0002
218.287,-1.7395,9.3640,-6.0002
218.295,-1.7395,9.3640,-6.0002
218.303,-1.7459,9.3640,-6.0002
218.312,-1.7459,9.3640,-6.0002
218.319,-1.7524,9.3640,-6.0002
218.327,-1.7524,9.3640,-6.0002
218.335,-1.7524,9.3640,-6.0002
218.344,-1.7588,9.3640,-6.0002
218.352,-1.7588,9.3640,-6.0002
218.360,-1.7653,9.3640,-6.0002
218.369,-1.7653,9.3640,-6.0002
218.377,-1.7717,9.3640,-6.0002
218.386,-1.7717,9.3640,-6.0002
218.393,-1.7717,9.3640,-6.0002
218.401,-1.7782,9.3640,-6.0002
218.409,-1.7782,9.3640,-6.0002
218.417,-1.7782,9.3640,-6.0002
218.425,-1.7847,9.3640,-6.0002
218.434,-1.7847,9.3640,-6.0002
218.441,-1.7912,9.3640,-6.0002
218.450,-1.7912,9.3640,-6.0002
218.458,-1.7977,9.3640,-6.0002
218.467,-1.7977,9.3640,-6.0002
218.474,-1.7977,9.3640,-6.0002
218.483,-1.8042,9.3640,-6.0002
218.491,-1.8042,9.3640,-6.0002
218.499,-1.8107,9.3640,-6.0002
218.508,-1.8107,9.3640,-6.0002
218.516,-1.8107,9.3640,-6.0002
218.523,-1.8172,9.3640,-6.0002
218.533,-1.8172,9.3640,-6.0002
218.540,-1.8237,9.3640,-6.0002
218.550,-1.8237,9.3640,-6.0002
218.558,-1.8302,9.3640,-6.0002
218.567,-1.8302,9.3640,-6.0002
218.575,-1.8302,9.3640,-6.0002
218.584,-1.8367,9.3640,-6.0002
218.593,-1.8367,9.3640,-6.0002
218.601,-1.8432,9.3640,-6.0002
218.612,-1.8432,9.3640,-6.0002
218.620,-1.8497,9.3640,-6.0002
218.628,-1.8497,9.3640,-6.0002
218.636,-1.8497,9.3640,-6.0002
218.645,-1.8562,9.3640,-6.0002
218.654,-1.8562,9.3640,-6.0002
218.662,-1.8627,9.3640,-6.0002
218.672,-1.8627,9.3640,-6.0002
218.681,-1.8692,9.3640,-6.0002
218.691,-1.8692,9.3640,-6.0002
218.700,-1.8757,9.3640,-6.0002
218.709,-1.8757,9.3640,-6.0002
218.718,-1.8822,9.3640,-6.0002
218.729,-1.8822,9.3640,-6.0002
218.736,-1.8822,9.3640,-6.0002
218.745,-1.8887,9.3640,-6.0002
218.754,-1.8887,9.3640,-6.0002
218.763,-1.8952,9.3640,-6.0002
218.772,-1.8952,9.3640,-6.0002
218.780,-1.9017,9.3640,-6.0002
218.790,-1.9017,9.3640,-6.0002
218.798,-1.9082,9.3640,-6.0002
218.807,-1.9082,9.3640,-6.0002
218.816,-1.9082,9.3640,-6.0002
218.824,-1.9147,9.3640,-6.0002
218.832,-1.9147,9.3640,-6.0002
218.840,-1.9212,9.3640,-6.0002
218.850,-1.9212,9.3640,-6.0002
218.857,-1.9212,9.3640,-6.0002
218.864,-1.9277,9.3640,-6.0002
218.874,-1.9277,9.3640,-6.0002
218.883,-1.9341,9.3640,-6.0002
218.893,-1.9341,9.3640,-6.0002
218.900,-1.9406,9.3640,-6.0002
218.911,-1.9406,9.3640,-6.0002
218.918,-1.9471,9.3640,-6.0002
218.928,-1.9471,9.3640,-6.0002
218.936,-1.9471,9.3640,-6.0002
218.944,-1.9536,9.3640,-6.0002
218.952,-1.9536,9.3640,-6.0002
218.961,-1.9601,9.3640,-6.0002
218.970,-1.9601,9.3640,-6.0002
218.978,-1.9666,9.3640,-6.0002
218.986,-1.9666,9.3640,-6.0002
218.993,-1.9666,9.3640,-6.0002
219.001,-1.9731,9.3640,-6.0002
219.010,-1.9731,9.3640,-6.0002
219.017,-1.9796,9.3640,-6.0002
219.026,-1.9796,9.3640,-6.0002
219.033,-1.9796,9.3640,-6.0002
219.041,-1.9861,9.3640,-6.0002
219.052,-1.9861,9.3640,-6.0002
219.059,-1.9926,9.3640,-6.0002
219.068,-1.9926,9.3640,-6.0002
219.076,-1.9926,9.3640,-6.0002
219.085,-1.9991,9.3640,-6.0002
219.094,-1.9991,9.3640,-6.0002
219.102,-2.0056,9.3640,-6.0002
219.112,-2.0056,9.3640,-6.0002
219.120,-2.0121,9.3640,-6.0002
219.130,-2.0121,9.3640,-6.0002
219.137,-2.0121,9.3640,-6.0002
219.148,-2.0186,9.3640,-6.0002
219.160,-2.0251,9.3640,-6.0002
219.169,-2.0251,9.3640,-6.0002
219.179,-2.0316,9.3640,-6.0002
219.189,-2.0316,9.3640,-6.0002
219.196,-2.0316,9.3640,-6.0002
219.205,-2.0381,9.3640,-6.0002
219.215,-2.0381,9.3640,-6.0002
219.222,-2.0446,9.3640,-6.0002
219.231,-2.0446,9.3640,-6.0002
219.240,-2.0511,9.3640,-6.0002
219.250,-2.0511,9.3640,-6.0002
219.257,-2.0576,9.3640,-6.0002
219.267,-2.0576,9.3640,-6.0002
219.275,-2.0576,9.3640,-6.0002
219.282,-2.0641,9.3640,-6.0002
219.292,-2.0641,9.3640,-6.0002
219.301,-2.0706,9.3640,-6.0002
219.310,-2.0706,9.3640,-6.0002
219.319,-2.0771,9.3640,-6.0002
219.328,-2.0771,9.3640,-6.0002
219.335,-2.0771,9.3640,-6.0002
219.343,-2.0836,9.3640,-6.0002
219.351,-2.0836,9.3640,-6.0002
219.359,-2.0901,9.3640,-6.0002
219.367,-2.0901,9.3640,-6.0002
219.377,-2.0901,9.3640,-6.0002
219.384,-2.0966,9.3640,-6.0002
219.394,-2.0966,9.3640,-6.0002
219.400,-2.1031,9.3640,-6.0002
219.408,-2.1031,9.3640,-6.0002
219.415,-2.1031,9.3640,-6.0002
219.424,-2.1096,9.3640,-6.0002
219.432,-2.1096,9.3640,-6.0002
219.440,-2.1161,9.3640,-6.0002
219.449,-2.1161,9.3640,-6.0002
219.456,-2.1161,9.3640,-6.0002
219.463,-2.1226,9.3640,-6.0002
219.471,-2.1226,9.3640,-6.0002
219.479,-2.1292,9.3640,-6.0002
219.489,-2.1292,9.3640,-6.0002
219.496,-2.1292,9.3640,-6.0002
219.503,-2.1357,9.3640,-6.0002
219.513,-2.1357,9.3640,-6.0002
219.520,-2.1422,9.3640,-6.0002
219.528,-2.1422,9.3640,-6.0002
219.535,-2.1422,9.3640,-6.0002
219.542,-2.1487,9.3640,-6.0002
219.551,-2.1487,9.3640,-6.0002
219.558,-2.1552,9.3640,-6.0002
219.567,-2.1552,9.3640,-6.0002
219.575,-2.1552,9.3640,-6.0002
219.583,-2.1618,9.3640,-6.0002
219.591,-2.1618,9.3640,-6.0002
219.598,-2.1683,9.3640,-6.0002
219.607,-2.1683,9.3640,-6.0002
219.615,-2.1683,9.3640,-6.0002
219.623,-2.1748,9.3640,-6.0002
219.631,-2.1748,9.3640,-6.0002
219.639,-2.1813,9.3640,-6.0002
219.647,-2.1813,9.3640,-6.0002
219.655,-2.1813,9.3640,-6.0002
219.662,-2.1879,9.3640,-6.0002
219.670,-2.1879,9.3640,-6.0002
219.678,-2.1944,9.3640,-6.0002
219.686,-2.1944,9.3640,-6.0002
219.694,-2.1944,9.3640,-6.0002
219.701,-2.2009,9.3640,-6.0002
219.709,-2.2009,9.3640,-6.0002
219.717,-2.2009,9.3640,-6.0002
219.723,-2.2074,9.3640,-6.0002
219.733,-2.2074,9.3640,-6.0002
219.740,-2.2140,9.3640,-6.0002
219.749,-2.2140,9.3640,-6.0002
219.757,-2.2140,9.3640,-6.0002
219.764,-2.2205,9.3640,-6.0002
219.771,-2.2205,9.3640,-6.0002
219.780,-2.2270,9.3640,-6.0002
219.788,-2.2270,9.3640,-6.0002
219.797,-2.2336,9.3640,-6.0002
219.805,-2.2336,9.3640,-6.0002
219.814,-2.2336,9.3640,-6.0002
219.821,-2.2401,9.3640,-6.0002
219.830,-2.2401,9.3640,-6.0002
219.838,-2.2466,9.3640,-6.0002
219.848,-2.2466,9.3640,-6.0002
219.856,-2.2466,9.3640,-6.0002
219.863,-2.2531,9.3640,-6.0002
219.873,-2.2531,9.3640,-6.0002
219.881,-2.2597,9.3640,-6.0002
219.891,-2.2597,9.3640,-6.0002
219.899,-2.2662,9.3640,-6.0002
219.909,-2.2662,9.3640,-6.0002
219.916,-2.2662,9.3640,-6.0002
219.924,-2.2727,9.3640,-6.0002
219.934,-2.2727,9.3640,-6.0002
219.941,-2.2793,9.3640,-6.0002
219.950,-2.2793,9.3640,-6.0002
219.966,-2.2858,9.3640,-6.0002
219.979,-2.2923,9.3640,-6.0002
219.992,-2.2923,9.3640,-6.0002
220.004,-2.2989,9.3640,-6.0002
220.020,-2.3054,9.3640,-6.0002
220.031,-2.3054,9.3640,-6.0002
220.039,-2.3119,9.3640,-6.0002
220.049,-2.3119,9.3640,-6.0002
220.058,-2.3185,9.3640,-6.0002
220.066,-2.3185,9.3640,-6.0002
220.073,-2.3185,9.3640,-6.0002
220.081,-2.3250,9.3640,-6.0002
220.090,-2.3250,9.3640,-6.0002
220.097,-2.3250,9.3640,-6.0002
220.103,-2.3315,9.3640,-6.0002
220.112,-2.3315,9.3640,-6.0002
220.120,-2.3381,9.3640,-6.0002
220.128,-2.3381,9.3640,-6.0002
220.135,-2.3381,9.3640,-6.0002
220.142,-2.3446,9.3640,-6.0002
220.152,-2.3446,9.3640,-6.0002
220.160,-2.3511,9.3640,-6.0002
220.169,-2.3511,9.3640,-6.0002
220.177,-2.3577,9.3640,-6.0002
220.186,-2.3577,9.3640,-6.0002
220.194,-2.3577,9.3640,-6.0002
220.201,-2.3642,9.3640,-6.0002
220.210,-2.3642,9.3640,-6.0002
220.218,-2.3708,9.3640,-6.0002
220.226,-2.3708,9.3640,-6.0002
220.233,-2.3708,9.3640,-6.0002
220.241,-2.3773,9.3640,-6.0002
220.250,-2.3773,9.3640,-6.0002
220.257,-2.3838,9.3640,-6.0002
220.268,-2.3838,9.3640,-6.0002
220.275,-2.3838,9.3640,-6.0002
220.282,-2.3904,9.3640,-6.0002
220.291,-2.3904,9.3640,-6.0002
220.300,-2.3969,9.3640,-6.0002
220.308,-2.3969,9.3640,-6.0002
220.315,-2.3969,9.3640,-6.0002
220.324,-2.4034,9.3640,-6.0002
220.334,-2.4034,9.3640,-6.0002
220.342,-2.4100,9.3640,-6.0002
220.352,-2.4100,9.3640,-6.0002
220.361,-2.4165,9.3640,-6.0002
220.370,-2.4165,9.3640,-6.0002
220.378,-2.4231,9.3640,-6.0002
220.387,-2.4231,9.3640,-6.0002
220.396,-2.4231,9.3640,-6.0002
220.403,-2.4296,9.3640,-6.0002
220.412,-2.4296,9.3640,-6.0002
220.420,-2.4361,9.3640,-6.0002
220.430,-2.4361,9.3640,-6.0002
220.438,-2.4427,9.3640,-6.0002
220.447,-2.4427,9.3640,-6.0002
220.455,-2.4427,9.3640,-6.0002
220.462,-2.4492,9.3640,-6.0002
220.471,-2.4492,9.3640,-6.0002
220.481,-2.4558,9.3640,-6.0002
220.490,-2.4558,9.3640,-6.0002
220.498,-2.4623,9.3640,-6.0002
220.507,-2.4623,9.3640,-6.0002
220.516,-2.4623,9.3640,-6.0002
220.523,-2.4688,9.3640,-6.0002
220.532,-2.4688,9.3640,-6.0002
220.540,-2.4754,9.3640,-6.0002
220.550,-2.4754,9.3640,-6.0002
220.558,-2.4819,9.3640,-6.0002
220.567,-2.4819,9.3640,-6.0002
220.576,-2.4819,9.3640,-6.0002
220.584,-2.4885,9.3640,-6.0002
220.593,-2.4885,9.3640,-6.0002
220.600,-2.4950,9.3640,-6.0002
220.609,-2.4950,9.3640,-6.0002
220.616,-2.4950,9.3640,-6.0002
220.623,-2.5015,9.3640,-6.0002
220.632,-2.5015,9.3640,-6.0002
220.637,-2.5081,9.3640,-6.0002
220.649,-2.5081,9.3640,-6.0002
220.655,-2.5081,9.3640,-6.0002
220.663,-2.5146,9.3640,-6.0002
220.671,-2.5146,9.3640,-6.0002
220.679,-2.5212,9.3640,-6.0002
220.687,-2.5212,9.3640,-6.0002
220.695,-2.5212,9.3640,-6.0002
220.702,-2.5277,9.3640,-6.0002
220.711,-2.5277,9.3640,-6.0002
220.719,-2.5342,9.3640,-6.0002
220.728,-2.5342,9.3640,-6.0002
220.734,-2.5342,9.3640,-6.0002
220.742,-2.5408,9.3640,-6.0002
220.752,-2.5408,9.3640,-6.0002
220.758,-2.5473,9.3640,-6.0002
220.766,-2.5473,9.3640,-6.0002
220.774,-2.5473,9.3640,-6.0002
220.782,-2.5538,9.3640,-6.0002
220.791,-2.5538,9.3640,-6.0002
220.799,-2.5604,9.3640,-6.0002
220.808,-2.5604,9.3640,-6.0002
220.817,-2.5604,9.3640,-6.0002
220.823,-2.5669,9.3640,-6.0002
220.832,-2.5669,9.3640,-6.0002
220.839,-2.5734,9.3640,-6.0002
220.848,-2.5734,9.3640,-6.0002
220.855,-2.5734,9.3640,-6.0002
220.863,-2.5800,9.3640,-6.0002
220.870,-2.5800,9.3640,-6.0002
220.879,-2.5865,9.3640,-6.0002
220.887,-2.5865,9.3640,-6.0002
220.896,-2.5865,9.3640,-6.0002
220.904,-2.5930,9.3640,-6.0002
220.913,-2.5930,9.3640,-6.0002
220.920,-2.5996,9.3640,-6.0002
220.928,-2.5996,9.3640,-6.0002
220.935,-2.5996,9.3640,-6.0002
220.943,-2.6061,9.3640,-6.0002
220.950,-2.6061,9.3640,-6.0002
220.958,-2.6126,9.3640,-6.0002
220.966,-2.6126,9.3640,-6.0002
220.974,-2.6126,9.3640,-6.0002
220.981,-2.6192,9.3640,-6.0002
220.990,-2.6192,9.3640,-6.0002
220.997,-2.6257,9.3640,-6.0002
221.006,-2.6257,9.3640,-6.0002
221.013,-2.6257,9.3640,-6.0002
221.021,-2.6322,9.3640,-6.0002
221.029,-2.6322,9.3640,-6.0002
221.036,-2.6322,9.3640,-6.0002
221.045,-2.6388,9.3640,-6.0002
221.054,-2.6388,9.3640,-6.0002
221.062,-2.6453,9.3640,-6.0002
221.070,-2.6453,9.3640,-6.0002
221.079,-2.6519,9.3640,-6.0002
221.087,-2.6519,9.3640,-6.0002
221.096,-2.6519,9.3640,-6.0002
221.103,-2.6584,9.3640,-6.0002
221.112,-2.6584,9.3640,-6.0002
221.119,-2.6649,9.3640,-6.0002
221.128,-2.6649,9.3640,-6.0002
221.136,-2.6649,9.3640,-6.0002
221.145,-2.6715,9.3640,-6.0002
221.154,-2.6715,9.3640,-6.0002
221.161,-2.6780,9.3640,-6.0002
221.170,-2.6780,9.3640,-6.0002
221.179,-2.6845,9.3640,-6.0002
221.188,-2.6845,9.3640,-6.0002
221.196,-2.6845,9.3640,-6.0002
221.205,-2.6911,9.3640,-6.0002
221.214,-2.6911,9.3640,-6.0002
221.221,-2.6976,9.3640,-6.0002
221.231,-2.6976,9.3640,-6.0002
221.240,-2.7042,9.3640,-6.0002
221.249,-2.7042,9.3640,-6.0002
221.256,-2.7042,9.3640,-6.0002
221.265,-2.7107,9.3640,-6.0002
221.274,-2.7107,9.3640,-6.0002
221.282,-2.7173,9.3640,-6.0002
221.291,-2.7173,9.3640,-6.0002
221.300,-2.7238,9.3640,-6.0002
221.308,-2.7238,9.3640,-6.0002
221.315,-2.7238,9.3640,-6.0002
221.323,-2.7304,9.3640,-6.0002
221.332,-2.7304,9.3640,-6.0002
221.338,-2.7370,9.3640,-6.0002
221.348,-2.7370,9.3640,-6.0002
221.354,-2.7370,9.3640,-6.0002
221.362,-2.7435,9.3640,-6.0002
221.369,-2.7435,9.3640,-6.0002
221.377,-2.7501,9.3640,-6.0002
221.386,-2.7501,9.3640,-6.0002
221.395,-2.7501,9.3640,-6.0002
221.401,-2.7566,9.3640,-6.0002
221.411,-2.7566,9.3640,-6.0002
221.419,-2.7632,9.3640,-6.0002
221.427,-2.7632,9.3640,-6.0002
221.434,-2.7632,9.3640,-6.0002
221.441,-2.7697,9.3640,-6.0002
221.450,-2.7697,9.3640,-6.0002
221.457,-2.7763,9.3640,-6.0002
221.464,-2.7763,9.3640,-6.0002
221.472,-2.7763,9.3640,-6.0002
221.480,-2.7828,9.3640,-6.0002
221.488,-2.7828,9.3640,-6.0002
221.495,-2.7828,9.3640,-6.0002
221.503,-2.7894,9.3640,-6.0002
221.512,-2.7894,9.3640,-6.0002
221.519,-2.7960,9.3640,-6.0002
221.528,-2.7960,9.3640,-6.0002
221.535,-2.7960,9.3640,-6.0002
221.543,-2.8025,9.3640,-6.0002
221.552,-2.8025,9.3640,-6.0002
221.560,-2.8091,9.3640,-6.0002
221.568,-2.8091,9.3640,-6.0002
221.576,-2.8091,9.3640,-6.0002
221.583,-2.8156,9.3640,-6.0002
221.592,-2.8156,9.3640,-6.0002
221.599,-2.8222,9.3640,-6.0002
221.607,-2.8222,9.3640,-6.0002
221.614,-2.8222,9.3640,-6.0002
221.623,-2.8287,9.3640,-6.0002
221.632,-2.8287,9.3640,-6.0002
221.639,-2.8353,9.3640,-6.0002
221.649,-2.8353,9.3640,-6.0002
221.657,-2.8418,9.3640,-6.0002
221.666,-2.8418,9.3640,-6.0002
221.674,-2.8418,9.3640,-6.0002
221.682,-2.8484,9.3640,-6.0002
221.691,-2.8484,9.3640,-6.0002
221.699,-2.8549,9.3640,-6.0002
221.708,-2.8549,9.3640,-6.0002
221.716,-2.8549,9.3640,-6.0002
221.725,-2.8615,9.3640,-6.0002
221.734,-2.8615,9.3640,-6.0002
221.742,-2.8680,9.3640,-6.0002
221.752,-2.8680,9.3640,-6.0002
221.760,-2.8746,9.3640,-6.0002
221.769,-2.8746,9.3640,-6.0002
221.778,-2.8811,9.3640,-6.0002
221.787,-2.8811,9.3640,-6.0002
221.795,-2.8811,9.3640,-6.0002
221.804,-2.8876,9.3640,-6.0002
221.814,-2.8876,9.3640,-6.0002
221.820,-2.8942,9.3640,-6.0002
221.829,-2.8942,9.3640,-6.0002
221.837,-2.9007,9.3640,-6.0002
221.846,-2.9007,9.3640,-6.0002
221.853,-2.9007,9.3640,-6.0002
221.861,-2.9073,9.3640,-6.0002
221.869,-2.9073,9.3640,-6.0002
221.878,-2.9138,9.3640,-6.0002
221.886,-2.9138,9.3640,-6.0002
221.895,-2.9138,9.3640,-6.0002
221.902,-2.9204,9.3640,-6.0002
221.912,-2.9204,9.3640,-6.0002
221.919,-2.9269,9.3640,-6.0002
221.928,-2.9269,9.3640,-6.0002
221.935,-2.9269,9.3640,-6.0002
221.944,-2.9335,9.3640,-6.0002
221.952,-2.9335,9.3640,-6.0002
221.960,-2.9400,9.3640,-6.0002
221.968,-2.9400,9.3640,-6.0002
221.976,-2.9400,9.3640,-6.0002
221.983,-2.9465,9.3640,-6.0002
221.993,-2.9465,9.3640,-6.0002
221.999,-2.9531,9.3640,-6.0002
222.008,-2.9531,9.3640,-6.0002
222.015,-2.9531,9.3640,-6.0002
222.023,-2.9596,9.3640,-6.0002
222.031,-2.9596,9.3640,-6.0002
222.039,-2.9661,9.3640,-6.0002
222.048,-2.9661,9.3640,-6.0002
222.055,-2.9661,9.3640,-6.0002
222.072,-2.9727,9.3640,-6.0002
222.082,-2.9792,9.3640,-6.0002
222.091,-2.9792,9.3640,-6.0002
222.098,-2.9857,9.3640,-6.0002
222.105,-2.9857,9.3640,-6.0002
222.115,-2.9857,9.3640,-6.0002
222.121,-2.9923,9.3640,-6.0002
222.130,-2.9923,9.3640,-6.0002
222.136,-2.9923,9.3640,-6.0002
222.145,-2.9988,9.3640,-6.0002
222.153,-2.9988,9.3640,-6.0002
222.160,-3.0053,9.3640,-6.0002
222.169,-3.0053,9.3640,-6.0002
222.177,-3.0118,9.3640,-6.0002
222.186,-3.0118,9.3640,-6.0002
222.194,-3.0118,9.3640,-6.0002
222.202,-3.0184,9.3640,-6.0002
222.210,-3.0184,9.3640,-6.0002
222.217,-3.0249,9.3640,-6.0002
222.226,-3.0249,9.3640,-6.0002
222.234,-3.0249,9.3640,-6.0002
222.242,-3.0314,9.3640,-6.0002
222.251,-3.0314,9.3640,-6.0002
222.259,-3.0379,9.3640,-6.0002
222.267,-3.0379,9.3640,-6.0002
222.275,-3.0379,9.3640,-6.0002
222.282,-3.0445,9.3640,-6.0002
222.293,-3.0445,9.3640,-6.0002
222.300,-3.0510,9.3640,-6.0002
222.310,-3.0510,9.3640,-6.0002
222.320,-3.0575,9.3640,-6.0002
222.330,-3.0575,9.3640,-6.0002
222.338,-3.0640,9.3640,-6.0002
222.348,-3.0640,9.3640,-6.0002
222.357,-3.0706,9.3640,-6.0002
222.366,-3.0706,9.3640,-6.0002
222.374,-3.0706,9.3640,-6.0002
222.383,-3.0771,9.3640,-6.0002
222.392,-3.0771,9.3640,-6.0002
222.401,-3.0836,9.3640,-6.0002
222.411,-3.0836,9.3640,-6.0002
222.421,-3.0901,9.3640,-6.0002
222.429,-3.0901,9.3640,-6.0002
222.436,-3.0901,9.3640,-6.0002
222.446,-3.0966,9.3640,-6.0002
222.454,-3.0966,9.3640,-6.0002
222.462,-3.1032,9.3640,-6.0002
222.470,-3.1032,9.3640,-6.0002
222.478,-3.1097,9.3640,-6.0002
222.486,-3.1097,9.3640,-6.0002
222.495,-3.1097,9.3640,-6.0002
222.503,-3.1162,9.3640,-6.0002
222.513,-3.1162,9.3640,-6.0002
222.521,-3.1227,9.3640,-6.0002
222.530,-3.1227,9.3640,-6.0002
222.538,-3.1292,9.3640,-6.0002
222.548,-3.1292,9.3640,-6.0002
222.555,-3.1292,9.3640,-6.0002
222.563,-3.1358,9.3640,-6.0002
222.571,-3.1358,9.3640,-6.0002
222.578,-3.1423,9.3640,-6.0002
222.587,-3.1423,9.3640,-6.0002
222.595,-3.1423,9.3640,-6.0002
222.602,-3.1488,9.3640,-6.0002
222.612,-3.1488,9.3640,-6.0002
222.618,-3.1553,9.3640,-6.0002
222.628,-3.1553,9.3640,-6.0002
222.636,-3.1553,9.3640,-6.0002
222.643,-3.1619,9.3640,-6.0002
222.652,-3.1619,9.3640,-6.0002
222.659,-3.1684,9.3640,-6.0002
222.668,-3.1684,9.3640,-6.0002
222.676,-3.1684,9.3640,-6.0002
222.684,-3.1749,9.3640,-6.0002
222.692,-3.1749,9.3640,-6.0002
222.700,-3.1814,9.3640,-6.0002
222.708,-3.1814,9.3640,-6.0002
222.717,-3.1879,9.3640,-6.0002
222.726,-3.1879,9.3640,-6.0002
222.734,-3.1879,9.3640,-6.0002
222.741,-3.1945,9.3640,-6.0002
222.750,-3.1945,9.3640,-6.0002
222.756,-3.1945,9.3640,-6.0002
222.764,-3.2010,9.3640,-6.0002
222.771,-3.2010,9.3640,-6.0002
222.779,-3.2075,9.3640,-6.0002
222.787,-3.2075,9.3640,-6.0002
222.795,-3.2075,9.3640,-6.0002
222.802,-3.2140,9.3640,-6.0002
222.810,-3.2140,9.3640,-6.0002
222.816,-3.2140,9.3640,-6.0002
222.824,-3.2206,9.3640,-6.0002
222.833,-3.2206,9.3640,-6.0002
222.841,-3.2271,9.3640,-6.0002
222.849,-3.2271,9.3640,-6.0002
222.858,-3.2336,9.3640,-6.0002
222.869,-3.2336,9.3640,-6.0002
222.877,-3.2401,9.3640,-6.0002
222.887,-3.2401,9.3640,-6.0002
222.896,-3.2401,9.3640,-6.0002
222.904,-3.2467,9.3640,-6.0002
222.913,-3.2467,9.3640,-6.0002
222.921,-3.2532,9.3640,-6.0002
222.930,-3.2532,9.3640,-6.0002
222.937,-3.2597,9.3640,-6.0002
222.946,-3.2597,9.3640,-6.0002
222.953,-3.2597,9.3640,-6.0002
222.962,-3.2662,9.3640,-6.0002
222.971,-3.2662,9.3640,-6.0002
222.980,-3.2727,9.3640,-6.0002
222.990,-3.2727,9.3640,-6.0002
222.998,-3.2793,9.3640,-6.0002
223.007,-3.2793,9.3640,-6.0002
223.016,-3.2793,9.3640,-6.0002
223.024,-3.2858,9.3640,-6.0002
223.034,-3.2858,9.3640,-6.0002
223.041,-3.2923,9.3640,-6.0002
223.051,-3.2923,9.3640,-6.0002
223.060,-3.2988,9.3640,-6.0002
223.069,-3.2988,9.3640,-6.0002
223.080,-3.3053,9.3640,-6.0002
223.089,-3.3053,9.3640,-6.0002
223.097,-3.3053,9.3640,-6.0002
223.105,-3.3119,9.3640,-6.0002
223.115,-3.3119,9.3640,-6.0002
223.123,-3.3184,9.3640,-6.0002
223.132,-3.3184,9.3640,-6.0002
223.140,-3.3249,9.3640,-6.0002
223.149,-3.3249,9.3640,-6.0002
223.157,-3.3249,9.3640,-6.0002
223.165,-3.3314,9.3640,-6.0002
223.174,-3.3314,9.3640,-6.0002
223.182,-3.3379,9.3640,-6.0002
223.191,-3.3379,9.3640,-6.0002
223.199,-3.3444,9.3640,-6.0002
223.210,-3.3444,9.3640,-6.0002
223.219,-3.3509,9.3640,-6.0002
223.227,-3.3509,9.3640,-6.0002
223.234,-3.3509,9.3640,-6.0002
223.240,-3.3574,9.3640,-6.0002
223.250,-3.3574,9.3640,-6.0002
223.257,-3.3574,9.3640,-6.0002
223.264,-3.3639,9.3640,-6.0002
223.271,-3.3639,9.3640,-6.0002
223.281,-3.3704,9.3640,-6.0002
223.291,-3.3704,9.3640,-6.0002
223.298,-3.3769,9.3640,-6.0002
223.306,-3.3769,9.3640,-6.0002
223.315,-3.3769,9.3640,-6.0002
223.323,-3.3834,9.3640,-6.0002
223.332,-3.3834,9.3640,-6.0002
223.339,-3.3899,9.3640,-6.0002
223.349,-3.3899,9.3640,-6.0002
223.356,-3.3899,9.3640,-6.0002
223.364,-3.3964,9.3640,-6.0002
223.374,-3.3964,9.3640,-6.0002
223.381,-3.4029,9.3640,-6.0002
223.391,-3.4029,9.3640,-6.0002
223.399,-3.4094,9.3640,-6.0002
223.409,-3.4094,9.3640,-6.0002
223.417,-3.4159,9.3640,-6.0002
223.427,-3.4159,9.3640,-6.0002
223.434,-3.4159,9.3640,-6.0002
223.443,-3.4224,9.3640,-6.0002
223.452,-3.4224,9.3640,-6.0002
223.460,-3.4289,9.3640,-6.0002
223.470,-3.4289,9.3640,-6.0002
223.478,-3.4354,9.3640,-6.0002
223.487,-3.4354,9.3640,-6.0002
223.495,-3.4354,9.3640,-6.0002
223.503,-3.4419,9.3640,-6.0002
223.512,-3.4419,9.3640,-6.0002
223.519,-3.4484,9.3640,-6.0002
223.528,-3.4484,9.3640,-6.0002
223.535,-3.4484,9.3640,-6.0002
223.542,-3.4549,9.3640,-6.0002
223.550,-3.4549,9.3640,-6.0002
223.557,-3.4614,9.3640,-6.0002
223.567,-3.4614,9.3640,-6.0002
223.575,-3.4614,9.3640,-6.0002
223.582,-3.4679,9.3640,-6.0002
223.592,-3.4679,9.3640,-6.0002
223.600,-3.4743,9.3640,-6.0002
223.609,-3.4743,9.3640,-6.0002
223.615,-3.4743,9.3640,-6.0002
223.625,-3.4808,9.3640,-6.0002
223.633,-3.4808,9.3640,-6.0002
223.642,-3.4873,9.3640,-6.0002
223.650,-3.4873,9.3640,-6.0002
223.658,-3.4938,9.3640,-6.0002
223.667,-3.4938,9.3640,-6.0002
223.676,-3.4938,9.3640,-6.0002
223.684,-3.5003,9.3640,-6.0002
223.694,-3.5003,9.3640,-6.0002
223.703,-3.5068,9.3640,-6.0002
223.712,-3.5068,9.3640,-6.0002
223.720,-3.5132,9.3640,-6.0002
223.728,-3.5132,9.3640,-6.0002
223.736,-3.5132,9.3640,-6.0002
223.744,-3.5197,9.3640,-6.0002
223.754,-3.5197,9.3640,-6.0002
223.761,-3.5261,9.3640,-6.0002
223.770,-3.5261,9.3640,-6.0002
223.778,-3.5326,9.3640,-6.0002
223.786,-3.5326,9.3640,-6.0002
223.796,-3.5326,9.3640,-6.0002
223.803,-3.5390,9.3640,-6.0002
223.813,-3.5390,9.3640,-6.0002
223.819,-3.5454,9.3640,-6.0002
223.829,-3.5454,9.3640,-6.0002
223.836,-3.5454,9.3640,-6.0002
223.843,-3.5518,9.3640,-6.0002
223.851,-3.5518,9.3640,-6.0002
223.859,-3.5582,9.3640,-6.0002
223.867,-3.5582,9.3640,-6.0002
223.875,-3.5582,9.3640,-6.0002
223.882,-3.5645,9.3640,-6.0002
223.891,-3.5645,9.3640,-6.0002
223.899,-3.5709,9.3640,-6.0002
223.908,-3.5709,9.3640,-6.0002
223.916,-3.5709,9.3640,-6.0002
223.925,-3.5772,9.3640,-6.0002
223.933,-3.5772,9.3640,-6.0002
223.941,-3.5835,9.3640,-6.0002
223.950,-3.5835,9.3640,-6.0002
223.958,-3.5898,9.3640,-6.0002
223.966,-3.5898,9.3640,-6.0002
223.973,-3.5898,9.3640,-6.0002
223.981,-3.5961,9.3640,-6.0002
223.990,-3.5961,9.3640,-6.0002
223.997,-3.6023,9.3640,-6.0002
224.006,-3.6023,9.3640,-6.0002
224.016,-3.6023,9.3640,-6.0002
224.023,-3.6084,9.3640,-6.0002
224.032,-3.6084,9.3640,-6.0002
224.038,-3.6145,9.3640,-6.0002
224.048,-3.6145,9.3640,-6.0002
224.055,-3.6145,9.3640,-6.0002
224.063,-3.6203,9.3640,-6.0002
224.071,-3.6203,9.3640,-6.0002
224.080,-3.6261,9.3640,-6.0002
224.087,-3.6261,9.3640,-6.0002
224.095,-3.6261,9.3640,-6.0002
224.102,-3.6318,9.3640,-6.0002
224.112,-3.6318,9.3640,-6.0002
224.119,-3.6373,9.3640,-6.0002
224.128,-3.6373,9.3640,-6.0002
224.136,-3.6373,9.3640,-6.0002
224.144,-3.6428,9.3640,-6.0002
224.152,-3.6428,9.3640,-6.0002
224.162,-3.6484,9.3640,-6.0002
224.170,-3.6484,9.3640,-6.0002
224.187,-3.6539,9.3640,-6.0002
224.196,-3.6539,9.3640,-6.0002
224.204,-3.6594,9.3640,-6.0002
224.214,-3.6594,9.3640,-6.0002
224.222,-3.6650,9.3640,-6.0002
224.232,-3.6650,9.3640,-6.0002
224.239,-3.6705,9.3640,-6.0002
224.250,-3.6705,9.3640,-6.0002
224.258,-3.6760,9.3640,-6.0002
224.268,-3.6760,9.3640,-6.0002
224.275,-3.6760,9.3640,-6.0002
224.284,-3.6816,9.3640,-6.0002
224.292,-3.6816,9.3640,-6.0002
224.300,-3.6871,9.3640,-6.0002
224.310,-3.6871,9.3640,-6.0002
224.320,-3.6927,9.3640,-6.0002
224.329,-3.6927,9.3640,-6.0002
224.337,-3.6982,9.3640,-6.0002
224.347,-3.6982,9.3640,-6.0002
224.355,-3.6982,9.3640,-6.0002
224.364,-3.7038,9.3640,-6.0002
224.373,-3.7038,9.3640,-6.0002
224.381,-3.7093,9.3640,-6.0002
224.389,-3.7093,9.3640,-6.0002
224.396,-3.7093,9.3640,-6.0002
224.404,-3.7149,9.3640,-6.0002
224.414,-3.7149,9.3640,-6.0002
224.420,-3.7205,9.3640,-6.0002
224.429,-3.7205,9.3640,-6.0002
224.437,-3.7205,9.3640,-6.0002
224.445,-3.7260,9.3640,-6.0002
224.453,-3.7260,9.3640,-6.0002
224.461,-3.7315,9.3640,-6.0002
224.469,-3.7315,9.3640,-6.0002
224.476,-3.7315,9.3640,-6.0002
224.484,-3.7370,9.3640,-6.0002
224.492,-3.7370,9.3640,-6.0002
224.500,-3.7426,9.3640,-6.0002
224.509,-3.7426,9.3640,-6.0002
224.516,-3.7426,9.3640,-6.0002
224.524,-3.7481,9.3640,-6.0002
224.533,-3.7481,9.3640,-6.0002
224.539,-3.7536,9.3640,-6.0002
224.549,-3.7536,9.3640,-6.0002
224.556,-3.7536,9.3640,-6.0002
224.565,-3.7590,9.3640,-6.0002
224.572,-3.7590,9.3640,-6.0002
224.581,-3.7645,9.3640,-6.0002
224.589,-3.7645,9.3640,-6.0002
224.597,-3.7645,9.3640,-6.0002
224.603,-3.7700,9.3640,-6.0002
224.612,-3.7700,9.3640,-6.0002
224.619,-3.7727,9.3640,-6.0002
224.628,-3.7727,9.3640,-6.0002
224.635,-3.7727,9.3640,-6.0002
224.643,-3.7753,9.3640,-6.0002
224.652,-3.7753,9.3640,-6.0002
224.660,-3.7780,9.3640,-6.0002
224.667,-3.7780,9.3640,-6.0002
224.675,-3.7780,9.3640,-6.0002
224.683,-3.7806,9.3640,-6.0002
224.691,-3.7806,9.3640,-6.0002
224.697,-3.7831,9.3640,-6.0002
224.706,-3.7831,9.3640,-6.0002
224.714,-3.7831,9.3640,-6.0002
224.721,-3.7856,9.3640,-6.0002
224.729,-3.7856,9.3640,-6.0002
224.736,-3.7856,9.3640,-6.0002
224.745,-3.7881,9.3640,-6.0002
224.753,-3.7881,9.3640,-6.0002
224.759,-3.7905,9.3640,-6.0002
224.768,-3.7905,9.3640,-6.0002
224.775,-3.7905,9.3640,-6.0002
224.782,-3.7929,9.3640,-6.0002
224.790,-3.7929,9.3640,-6.0002
224.798,-3.7952,9.3640,-6.0002
224.806,-3.7952,9.3640,-6.0002
224.813,-3.7952,9.3640,-6.0002
224.822,-3.7976,9.3640,-6.0002
224.831,-3.7976,9.3640,-6.0002
224.839,-3.7999,9.3640,-6.0002
224.848,-3.7999,9.3640,-6.0002
224.856,-3.7999,9.3640,-6.0002
224.864,-3.8022,9.3640,-6.0002
224.872,-3.8022,9.3640,-6.0002
224.881,-3.8044,9.3640,-6.0002
224.889,-3.8044,9.3640,-6.0002
224.897,-3.8067,9.3640,-6.0002
224.905,-3.8067,9.3640,-6.0002
224.914,-3.8067,9.3640,-6.0002
224.923,-3.8089,9.3640,-6.0002
224.932,-3.8089,9.3640,-6.0002
224.942,-3.8112,9.3640,-6.0002
224.951,-3.8112,9.3640,-6.0002
224.960,-3.8134,9.3640,-6.0002
224.968,-3.8134,9.3640,-6.0002
224.977,-3.8134,9.3640,-6.0002
224.984,-3.8157,9.3640,-6.0002
224.994,-3.8157,9.3640,-6.0002
225.002,-3.8179,9.3640,-6.0002
225.012,-3.8179,9.3640,-6.0002
225.019,-3.8202,9.3640,-6.0002
225.028,-3.8202,9.3640,-6.0002
225.036,-3.8202,9.3640,-6.0002
225.045,-3.8225,9.3640,-6.0002
225.053,-3.8225,9.3640,-6.0002
225.062,-3.8247,9.3640,-6.0002
225.070,-3.8247,9.3640,-6.0002
225.078,-3.8270,9.3640,-6.0002
225.086,-3.8270,9.3640,-6.0002
225.094,-3.8270,9.3640,-6.0002
225.101,-3.8293,9.3640,-6.0002
225.109,-3.8293,9.3640,-6.0002
225.117,-3.8315,9.3640,-6.0002
225.127,-3.8315,9.3640,-6.0002
225.134,-3.8315,9.3640,-6.0002
225.142,-3.8338,9.3640,-6.0002
225.150,-3.8338,9.3640,-6.0002
225.158,-3.8361,9.3640,-6.0002
225.167,-3.8361,9.3640,-6.0002
225.175,-3.8361,9.3640,-6.0002
225.182,-3.8384,9.3640,-6.0002
225.192,-3.8384,9.3640,-6.0002
225.199,-3.8406,9.3640,-6.0002
225.208,-3.8406,9.3640,-6.0002
225.215,-3.8406,9.3640,-6.0002
225.225,-3.8429,9.3640,-6.0002
225.233,-3.8429,9.3640,-6.0002
225.242,-3.8452,9.3640,-6.0002
225.251,-3.8452,9.3640,-6.0002
225.259,-3.8475,9.3640,-6.0002
225.267,-3.8475,9.3640,-6.0002
225.274,-3.8475,9.3640,-6.0002
225.282,-3.8497,9.3640,-6.0002
225.291,-3.8497,9.3640,-6.0002
225.297,-3.8520,9.3640,-6.0002
225.307,-3.8520,9.3640,-6.0002
225.315,-3.8520,9.3640,-6.0002
225.323,-3.8543,9.3640,-6.0002
225.332,-3.8543,9.3640,-6.0002
225.339,-3.8566,9.3640,-6.0002
225.349,-3.8566,9.3640,-6.0002
225.356,-3.8566,9.3640,-6.0002
225.364,-3.8589,9.3640,-6.0002
225.371,-3.8589,9.3640,-6.0002
225.380,-3.8612,9.3640,-6.0002
225.387,-3.8612,9.3640,-6.0002
225.396,-3.8612,9.3640,-6.0002
225.403,-3.8634,9.3640,-6.0002
225.413,-3.8634,9.3640,-6.0002
225.420,-3.8657,9.3640,-6.0002
225.430,-3.8657,9.3640,-6.0002
225.438,-3.8680,9.3640,-6.0002
225.448,-3.8680,9.3640,-6.0002
225.456,-3.8680,9.3640,-6.0002
225.464,-3.8703,9.3640,-6.0002
225.473,-3.8703,9.3640,-6.0002
225.482,-3.8726,9.3640,-6.0002
225.490,-3.8726,9.3640,-6.0002
225.498,-3.8749,9.3640,-6.0002
225.506,-3.8749,9.3640,-6.0002
225.515,-3.8749,9.3640,-6.0002
225.524,-3.8772,9.3640,-6.0002
225.533,-3.8772,9.3640,-6.0002
225.542,-3.8795,9.3640,-6.0002
225.552,-3.8795,9.3640,-6.0002
225.560,-3.8818,9.3640,-6.0002
225.569,-3.8818,9.3640,-6.0002
225.578,-3.8841,9.3640,-6.0002
225.587,-3.8841,9.3640,-6.0002
225.595,-3.8841,9.3640,-6.0002
225.602,-3.8864,9.3640,-6.0002
225.613,-3.8864,9.3640,-6.0002
225.622,-3.8887,9.3640,-6.0002
225.631,-3.8887,9.3640,-6.0002
225.639,-3.8910,9.3640,-6.0002
225.648,-3.8910,9.3640,-6.0002
225.654,-3.8910,9.3640,-6.0002
225.662,-3.8933,9.3640,-6.0002
225.669,-3.8933,9.3640,-6.0002
225.678,-3.8956,9.3640,-6.0002
225.686,-3.8956,9.3640,-6.0002
225.694,-3.8956,9.3640,-6.0002
225.701,-3.8979,9.3640,-6.0002
225.710,-3.8979,9.3640,-6.0002
225.716,-3.8979,9.3640,-6.0002
225.724,-3.9002,9.3640,-6.0002
225.734,-3.9002,9.3640,-6.0002
225.742,-3.9025,9.3640,-6.0002
225.750,-3.9025,9.3640,-6.0002
225.758,-3.9049,9.3640,-6.0002
225.767,-3.9049,9.3640,-6.0002
225.775,-3.9049,9.3640,-6.0002
225.782,-3.9072,9.3640,-6.0002
225.790,-3.9072,9.3640,-6.0002
225.798,-3.9095,9.3640,-6.0002
225.807,-3.9095,9.3640,-6.0002
225.814,-3.9095,9.3640,-6.0002
225.820,-3.9118,9.3640,-6.0002
225.829,-3.9118,9.3640,-6.0002
225.835,-3.9118,9.3640,-6.0002
225.842,-3.9141,9.3640,-6.0002
225.851,-3.9141,9.3640,-6.0002
225.858,-3.9164,9.3640,-6.0002
225.867,-3.9164,9.3640,-6.0002
225.873,-3.9164,9.3640,-6.0002
225.881,-3.9187,9.3640,-6.0002
225.889,-3.9187,9.3640,-6.0002
225.897,-3.9210,9.3640,-6.0002
225.905,-3.9210,9.3640,-6.0002
225.914,-3.9210,9.3640,-6.0002
225.921,-3.9233,9.3640,-6.0002
225.930,-3.9233,9.3640,-6.0002
225.937,-3.9256,9.3640,-6.0002
225.947,-3.9256,9.3640,-6.0002
225.953,-3.9256,9.3640,-6.0002
225.962,-3.9279,9.3640,-6.0002
225.969,-3.9279,9.3640,-6.0002
225.977,-3.9303,9.3640,-6.0002
225.985,-3.9303,9.3640,-6.0002
225.992,-3.9303,9.3640,-6.0002
225.999,-3.9326,9.3640,-6.0002
226.009,-3.9326,9.3640,-6.0002
226.018,-3.9349,9.3640,-6.0002
226.028,-3.9349,9.3640,-6.0002
226.037,-3.9372,9.3640,-6.0002
226.048,-3.9372,9.3640,-6.0002
226.055,-3.9372,9.3640,-6.0002
226.063,-3.9395,9.3640,-6.0002
226.073,-3.9395,9.3640,-6.0002
226.080,-3.9418,9.3640,-6.0002
226.090,-3.9418,9.3640,-6.0002
226.098,-3.9441,9.3640,-6.0002
226.108,-3.9441,9.3640,-6.0002
226.116,-3.9441,9.3640,-6.0002
226.124,-3.9464,9.3640,-6.0002
226.134,-3.9464,9.3640,-6.0002
226.141,-3.9487,9.3640,-6.0002
226.150,-3.9487,9.3640,-6.0002
226.158,-3.9510,9.3640,-6.0002
226.167,-3.9510,9.3640,-6.0002
226.175,-3.9510,9.3640,-6.0002
226.184,-3.9533,9.3640,-6.0002
226.193,-3.9533,9.3640,-6.0002
226.200,-3.9557,9.3640,-6.0002
226.210,-3.9557,9.3640,-6.0002
226.217,-3.9580,9.3640,-6.0002
226.227,-3.9580,9.3640,-6.0002
226.234,-3.9580,9.3640,-6.0002
226.244,-3.9603,9.3640,-6.0002
226.255,-3.9603,9.3640,-6.0002
226.262,-3.9626,9.3640,-6.0002
226.272,-3.9626,9.3640,-6.0002
226.281,-3.9649,9.3640,-6.0002
226.299,-3.9672,9.3640,-6.0002
226.309,-3.9672,9.3640,-6.0002
226.319,-3.9695,9.3640,-6.0002
226.328,-3.9695,9.3640,-6.0002
226.335,-3.9695,9.3640,-6.0002
226.344,-3.9718,9.3640,-6.0002
226.352,-3.9718,9.3640,-6.0002
226.361,-3.9741,9.3640,-6.0002
226.368,-3.9741,9.3640,-6.0002
226.376,-3.9741,9.3640,-6.0002
226.384,-3.9764,9.3640,-6.0002
226.392,-3.9764,9.3640,-6.0002
226.401,-3.9787,9.3640,-6.0002
226.410,-3.9787,9.3640,-6.0002
226.418,-3.9809,9.3640,-6.0002
226.427,-3.9809,9.3640,-6.0002
226.435,-3.9809,9.3640,-6.0002
226.443,-3.9831,9.3640,-6.0002
226.452,-3.9831,9.3640,-6.0002
226.461,-3.9853,9.3640,-6.0002
226.469,-3.9853,9.3640,-6.0002
226.477,-3.9874,9.3640,-6.0002
226.486,-3.9874,9.3640,-6.0002
226.494,-3.9874,9.3640,-6.0002
226.500,-3.9894,9.3640,-6.0002
226.510,-3.9894,9.3640,-6.0002
226.519,-3.9903,9.3640,-6.0002
226.528,-3.9903,9.3640,-6.0002
226.535,-3.9903,9.3640,-6.0002
226.542,-3.9911,9.3640,-6.0002
226.552,-3.9911,9.3640,-6.0002
226.560,-3.9919,9.3640,-6.0002
226.569,-3.9919,9.3640,-6.0002
226.577,-3.9926,9.3640,-6.0002
226.586,-3.9926,9.3640,-6.0002
226.594,-3.9926,9.3640,-6.0002
226.601,-3.9928,9.3640,-6.0002
226.610,-3.9928,9.3640,-6.0002
226.618,-3.9930,9.3640,-6.0002
226.627,-3.9930,9.3640,-6.0002
226.634,-3.9930,9.3640,-6.0002
226.642,-3.9931,9.3640,-6.0002
226.652,-3.9931,9.3640,-6.0002
226.661,-3.9932,9.3640,-6.0002
226.670,-3.9932,9.3640,-6.0002
226.680,-3.9932,9.3640,-6.0002
226.687,-3.9932,9.3640,-6.0002
226.696,-3.9932,9.3640,-6.0002
226.704,-3.9932,9.3640,-6.0002
226.712,-3.9932,9.3640,-6.0002
226.720,-3.9932,9.3640,-6.0002
226.730,-3.9932,9.3640,-6.0002
226.738,-3.9932,9.3640,-6.0002
226.748,-3.9932,9.3640,-6.0002
226.756,-3.9932,9.3640,-6.0002
226.765,-3.9932,9.3640,-6.0002
226.774,-3.9932,9.3640,-6.0002
226.783,-3.9932,9.3640,-6.0002
226.792,-3.9932,9.3640,-6.0002
226.801,-3.9932,9.3640,-6.0002
226.810,-3.9932,9.3640,-6.0002
226.818,-3.9932,9.3640,-6.0002
226.827,-3.9932,9.3640,-6.0002
226.835,-3.9932,9.3640,-6.0002
226.843,-3.9932,9.3640,-6.0002
226.852,-3.9932,9.3640,-6.0002
226.860,-3.9932,9.3640,-6.0002
226.868,-3.9932,9.3640,-6.0002
226.875,-3.9932,9.3640,-6.0002
226.884,-3.9932,9.3640,-6.0002
226.894,-3.9932,9.3640,-6.0002
226.901,-3.9932,9.3640,-6.0002
226.910,-3.9932,9.3640,-6.0002
226.918,-3.9932,9.3640,-6.0002
226.926,-3.9932,9.3640,-6.0002
226.933,-3.9932,9.3640,-6.0002
226.942,-3.9932,9.3640,-6.0002
226.952,-3.9932,9.3640,-6.0002
226.961,-3.9932,9.3640,-6.0002
226.968,-3.9932,9.3640,-6.0002
226.977,-3.9932,9.3640,-6.0002
226.985,-3.9932,9.3640,-6.0002
226.991,-3.9932,9.3640,-6.0002
226.999,-3.9932,9.3640,-6.0002
227.009,-3.9932,9.3640,-6.0002
227.016,-3.9932,9.3640,-6.0002
227.023,-3.9932,9.3640,-6.0002
227.031,-3.9932,9.3640,-6.0002
227.040,-3.9932,9.3640,-6.0002
227.048,-3.9932,9.3640,-6.0002
227.056,-3.9932,9.3640,-6.0002
227.065,-3.9932,9.3640,-6.0002
227.073,-3.9932,9.3640,-6.0002
227.080,-3.9932,9.3640,-6.0002
227.090,-3.9932,9.3640,-6.0002
227.098,-3.9932,9.3640,-6.0002
227.105,-3.9932,9.3640,-6.0002
227.114,-3.9932,9.3640,-6.0002
227.121,-3.9932,9.3640,-6.0002
227.130,-3.9932,9.3640,-6.0002
227.137,-3.9932,9.3640,-6.0002
227.145,-3.9932,9.3640,-6.0002
227.153,-3.9932,9.3640,-6.0002
227.162,-3.9932,9.3640,-6.0002
227.169,-3.9932,9.3640,-6.0002
227.176,-3.9932,9.3640,-6.0002
227.185,-3.9932,9.3640,-6.0002
227.194,-3.9932,9.3640,-6.0002
227.200,-3.9932,9.3640,-6.0002
227.209,-3.9932,9.3640,-6.0002
227.217,-3.9932,9.3640,-6.0002
227.225,-3.9932,9.3640,-6.0002
227.232,-3.9932,9.3640,-6.0002
227.239,-3.9932,9.3640,-6.0002
227.249,-3.9932,9.3640,-6.0002
227.256,-3.9932,9.3640,-6.0002
227.263,-3.9932,9.3640,-6.0002
227.271,-3.9932,9.3640,-6.0002
227.279,-3.9932,9.3640,-6.0002
227.287,-3.9932,9.3640,-6.0002
227.294,-3.9932,9.3640,-6.0002
227.301,-3.9932,9.3640,-6.0002
227.310,-3.9932,9.3640,-6.0002
227.318,-3.9933,9.3640,-6.0002
227.326,-3.9933,9.3640,-6.0002
227.335,-3.9933,9.3640,-6.0002
227.343,-3.9934,9.3640,-6.0002
227.353,-3.9934,9.3640,-6.0002
227.361,-3.9936,9.3640,-6.0002
227.370,-3.9936,9.3640,-6.0002
227.378,-3.9937,9.3640,-6.0002
227.388,-3.9937,9.3640,-6.0002
227.396,-3.9937,9.3640,-6.0002
227.403,-3.9939,9.3640,-6.0002
227.414,-3.9939,9.3640,-6.0002
227.421,-3.9942,9.3640,-6.0002
227.431,-3.9942,9.3640,-6.0002
227.438,-3.9944,9.3640,-6.0002
227.448,-3.9944,9.3640,-6.0002
227.456,-3.9944,9.3640,-6.0002
227.464,-3.9946,9.3640,-6.0002
227.472,-3.9946,9.3640,-6.0002
227.480,-3.9948,9.3640,-6.0002
227.488,-3.9948,9.3640,-6.0002
227.496,-3.9948,9.3640,-6.0002
227.503,-3.9950,9.3640,-6.0002
227.513,-3.9950,9.3640,-6.0002
227.521,-3.9953,9.3640,-6.0002
227.530,-3.9953,9.3640,-6.0002
227.539,-3.9955,9.3640,-6.0002
227.548,-3.9955,9.3640,-6.0002
227.557,-3.9957,9.3640,-6.0002
227.565,-3.9957,9.3640,-6.0002
227.574,-3.9957,9.3640,-6.0002
227.583,-3.9959,9.3640,-6.0002
227.591,-3.9959,9.3640,-6.0002
227.598,-3.9961,9.3640,-6.0002
227.607,-3.9961,9.3640,-6.0002
227.614,-3.9961,9.3640,-6.0002
227.621,-3.9964,9.3640,-6.0002
227.630,-3.9964,9.3640,-6.0002
227.636,-3.9964,9.3640,-6.0002
227.645,-3.9966,9.3640,-6.0002
227.653,-3.9966,9.3640,-6.0002
227.661,-3.9968,9.3640,-6.0002
227.669,-3.9968,9.3640,-6.0002
227.677,-3.9970,9.3640,-6.0002
227.686,-3.9970,9.3640,-6.0002
227.693,-3.9970,9.3640,-6.0002
227.701,-3.9976,9.3640,-6.0002
227.710,-3.9976,9.3640,-6.0002
227.717,-3.9982,9.3640,-6.0002
227.728,-3.9982,9.3640,-6.0002
227.735,-3.9982,9.3640,-6.0002
227.743,-3.9984,9.3640,-6.0002
227.752,-3.9984,9.3640,-6.0002
227.761,-3.9986,9.3640,-6.0002
227.768,-3.9986,9.3640,-6.0002
227.776,-3.9986,9.3640,-6.0002
227.784,-3.9988,9.3640,-6.0002
227.792,-3.9988,9.3640,-6.0002
227.800,-3.9990,9.3640,-6.0002
227.809,-3.9990,9.3640,-6.0002
227.816,-3.9990,9.3640,-6.0002
227.825,-3.9991,9.3640,-6.0002
227.833,-3.9991,9.3640,-6.0002
227.840,-3.9992,9.3640,-6.0002
227.850,-3.9992,9.3640,-6.0002
227.857,-3.9993,9.3640,-6.0002
227.865,-3.9993,9.3640,-6.0002
227.873,-3.9993,9.3640,-6.0002
227.882,-3.9993,9.3640,-6.0002
227.889,-3.9993,9.3640,-6.0002
227.896,-3.9993,9.3640,-6.0002
227.903,-3.9993,9.3640,-6.0002
227.914,-3.9993,9.3640,-6.0002
227.921,-3.9993,9.3640,-6.0002
227.930,-3.9993,9.3640,-6.0002
227.937,-3.9993,9.3640,-6.0002
227.946,-3.9993,9.3640,-6.0002
227.955,-3.9993,9.3640,-6.0002
227.964,-3.9993,9.3640,-6.0002
227.974,-3.9993,9.3640,-6.0002
227.982,-3.9993,9.3640,-6.0002
227.990,-3.9993,9.3640,-6.0002
227.998,-3.9993,9.3640,-6.0002
228.008,-3.9993,9.3640,-6.0002
228.015,-3.9993,9.3640,-6.0002
228.024,-3.9993,9.3640,-6.0002
228.034,-3.9993,9.3640,-6.0002
228.042,-3.9993,9.3640,-6.0002
228.051,-3.9993,9.3640,-6.0002
228.059,-3.9993,9.3640,-6.0002
228.068,-3.9993,9.3640,-6.0002
228.075,-3.9993,9.3640,-6.0002
228.083,-3.9993,9.3640,-6.0002
228.092,-3.9993,9.3640,-6.0002
228.100,-3.9993,9.3640,-6.0002
228.110,-3.9993,9.3640,-6.0002
228.118,-3.9993,9.3640,-6.0002
228.128,-3.9993,9.3640,-6.0002
228.135,-3.9993,9.3640,-6.0002
228.144,-3.9993,9.3640,-6.0002
228.154,-3.9993,9.3640,-6.0002
228.163,-3.9993,9.3640,-6.0002
228.169,-3.9993,9.3640,-6.0002
228.178,-3.9993,9.3640,-6.0002
228.186,-3.9993,9.3640,-6.0002
228.193,-3.9993,9.3640,-6.0002
228.199,-3.9993,9.3640,-6.0002
228.207,-3.9993,9.3640,-6.0002
228.216,-3.9993,9.3640,-6.0002
228.223,-3.9993,9.3640,-6.0002
228.231,-3.9993,9.3640,-6.0002
228.238,-3.9993,9.3640,-6.0002
228.247,-3.9993,9.3640,-6.0002
228.256,-3.9993,9.3640,-6.0002
228.263,-3.9993,9.3640,-6.0002
228.271,-3.9993,9.3640,-6.0002
228.279,-3.9993,9.3640,-6.0002
228.288,-3.9993,9.3640,-6.0002
228.295,-3.9993,9.3640,-6.0002
228.303,-3.9993,9.3639,-6.0002
228.314,-3.9993,9.3639,-6.0002
228.320,-3.9993,9.3638,-6.0002
228.330,-3.9993,9.3638,-6.0002
228.337,-3.9993,9.3638,-6.0002
228.347,-3.9993,9.3638,-6.0002
228.355,-3.9993,9.3638,-6.0002
228.364,-3.9993,9.3635,-6.0002
228.372,-3.9993,9.3635,-6.0002
228.380,-3.9993,9.3632,-6.0002
228.389,-3.9993,9.3632,-6.0002
228.397,-3.9993,9.3629,-6.0002
228.405,-3.9993,9.3629,-6.0002
228.414,-3.9993,9.3629,-6.0002
228.425,-3.9993,9.3621,-6.0002
228.437,-3.9993,9.3613,-6.0002
228.453,-3.9993,9.3613,-6.0002
228.461,-3.9993,9.3604,-6.0002
228.469,-3.9993,9.3604,-6.0002
228.476,-3.9993,9.3604,-6.0002
228.484,-3.9993,9.3594,-6.0002
228.494,-3.9993,9.3594,-6.0002
228.501,-3.9993,9.3573,-6.0002
228.511,-3.9993,9.3573,-6.0002
228.520,-3.9993,9.3550,-6.0002
228.529,-3.9993,9.3550,-6.0002
228.536,-3.9993,9.3550,-6.0002
228.544,-3.9993,9.3527,-6.0002
228.553,-3.9993,9.3527,-6.0002
228.560,-3.9993,9.3502,-6.0002
228.570,-3.9993,9.3502,-6.0002
228.579,-3.9993,9.3477,-6.0002
228.587,-3.9993,9.3477,-6.0002
228.595,-3.9993,9.3477,-6.0002
228.602,-3.9993,9.3451,-6.0002
228.613,-3.9993,9.3451,-6.0002
228.621,-3.9993,9.3424,-6.0002
228.631,-3.9993,9.3424,-6.0002
228.639,-3.9993,9.3398,-6.0002
228.648,-3.9993,9.3398,-6.0002
228.656,-3.9993,9.3398,-6.0002
228.665,-3.9993,9.3371,-6.0002
228.674,-3.9993,9.3371,-6.0002
228.681,-3.9993,9.3344,-6.0002
228.692,-3.9993,9.3344,-6.0002
228.700,-3.9993,9.3318,-6.0002
228.709,-3.9993,9.3318,-6.0002
228.717,-3.9993,9.3291,-6.0002
228.727,-3.9993,9.3291,-6.0002
228.735,-3.9993,9.3291,-6.0002
228.744,-3.9993,9.3264,-6.0002
228.755,-3.9993,9.3264,-6.0002
228.763,-3.9993,9.3238,-6.0002
228.772,-3.9993,9.3238,-6.0002
228.781,-3.9993,9.3211,-6.0002
228.790,-3.9993,9.3211,-6.0002
228.798,-3.9993,9.3184,-6.0002
228.808,-3.9993,9.3184,-6.0002
228.816,-3.9993,9.3184,-6.0002
228.825,-3.9993,9.3158,-6.0002
228.834,-3.9993,9.3158,-6.0002
228.842,-3.9993,9.3131,-6.0002
228.852,-3.9993,9.3131,-6.0002
228.859,-3.9993,9.3104,-6.0002
228.868,-3.9993,9.3104,-6.0002
228.875,-3.9993,9.3104,-6.0002
228.884,-3.9993,9.3078,-6.0002
228.893,-3.9993,9.3078,-6.0002
228.901,-3.9993,9.3051,-6.0002
228.911,-3.9993,9.3051,-6.0002
228.918,-3.9993,9.3024,-6.0002
228.926,-3.9993,9.3024,-6.0002
228.934,-3.9993,9.3024,-6.0002
228.942,-3.9993,9.2998,-6.0002
228.951,-3.9993,9.2998,-6.0002
228.960,-3.9993,9.2971,-6.0002
228.970,-3.9993,9.2971,-6.0002
228.979,-3.9993,9.2944,-6.0002
228.988,-3.9993,9.2944,-6.0002
228.995,-3.9993,9.2944,-6.0002
229.003,-3.9993,9.2918,-6.0002
229.013,-3.9993,9.2918,-6.0002
229.019,-3.9993,9.2891,-6.0002
229.027,-3.9993,9.2891,-6.0002
229.034,-3.9993,9.2891,-6.0002
229.041,-3.9993,9.2864,-6.0002
229.051,-3.9993,9.2864,-6.0002
229.057,-3.9993,9.2838,-6.0002
229.068,-3.9993,9.2838,-6.0002
229.075,-3.9993,9.2838,-6.0002
229.082,-3.9993,9.2811,-6.0002
229.090,-3.9993,9.2811,-6.0002
229.098,-3.9993,9.2784,-6.0002
229.106,-3.9993,9.2784,-6.0002
229.114,-3.9993,9.2784,-6.0002
229.121,-3.9993,9.2758,-6.0002
229.130,-3.9993,9.2758,-6.0002
229.136,-3.9993,9.2758,-6.0002
229.144,-3.9993,9.2731,-6.0002
229.152,-3.9993,9.2731,-6.0002
229.160,-3.9993,9.2704,-6.0002
229.170,-3.9993,9.2704,-6.0002
229.178,-3.9993,9.2678,-6.0002
229.187,-3.9993,9.2678,-6.0002
229.194,-3.9993,9.2678,-6.0002
229.202,-3.9993,9.2651,-6.0002
229.213,-3.9993,9.2651,-6.0002
229.221,-3.9993,9.2624,-6.0002
229.230,-3.9993,9.2624,-6.0002
229.238,-3.9993,9.2598,-6.0002
229.248,-3.9993,9.2598,-6.0002
229.256,-3.9993,9.2598,-6.0002
229.263,-3.9993,9.2571,-6.0002
229.273,-3.9993,9.2571,-6.0002
229.281,-3.9993,9.2544,-6.0002
229.291,-3.9993,9.2544,-6.0002
229.298,-3.9993,9.2518,-6.0002
229.308,-3.9993,9.2518,-6.0002
229.316,-3.9993,9.2518,-6.0002
229.324,-3.9993,9.2491,-6.0002
229.334,-3.9993,9.2491,-6.0002
229.342,-3.9993,9.2464,-6.0002
229.351,-3.9993,9.2464,-6.0002
229.360,-3.9993,9.2438,-6.0002
229.370,-3.9993,9.2438,-6.0002
229.378,-3.9993,9.2411,-6.0002
229.387,-3.9993,9.2411,-6.0002
229.396,-3.9993,9.2411,-6.0002
229.403,-3.9993,9.2384,-6.0002
229.415,-3.9993,9.2384,-6.0002
229.422,-3.9993,9.2358,-6.0002
229.432,-3.9993,9.2358,-6.0002
229.440,-3.9993,9.2331,-6.0002
229.450,-3.9993,9.2331,-6.0002
229.458,-3.9993,9.2304,-6.0002
229.466,-3.9993,9.2304,-6.0002
229.474,-3.9993,9.2304,-6.0002
229.482,-3.9993,9.2278,-6.0002
229.490,-3.9993,9.2278,-6.0002
229.498,-3.9993,9.2251,-6.0002
229.507,-3.9993,9.2251,-6.0002
229.515,-3.9993,9.2251,-6.0002
229.522,-3.9993,9.2224,-6.0002
229.531,-3.9993,9.2224,-6.0002
229.540,-3.9993,9.2198,-6.0002
229.550,-3.9993,9.2198,-6.0002
229.557,-3.9993,9.2198,-6.0002
229.564,-3.9993,9.2171,-6.0002
229.575,-3.9993,9.2171,-6.0002
229.583,-3.9993,9.2144,-6.0002
229.591,-3.9993,9.2144,-6.0002
229.599,-3.9993,9.2118,-6.0002
229.608,-3.9993,9.2118,-6.0002
229.616,-3.9993,9.2118,-6.0002
229.623,-3.9993,9.2091,-6.0002
229.633,-3.9993,9.2091,-6.0002
229.640,-3.9993,9.2064,-6.0002
229.648,-3.9993,9.2064,-6.0002
229.654,-3.9993,9.2064,-6.0002
229.663,-3.9993,9.2038,-6.0002
229.670,-3.9993,9.2038,-6.0002
229.678,-3.9993,9.2011,-6.0002
229.686,-3.9993,9.2011,-6.0002
229.695,-3.9993,9.2011,-6.0002
229.702,-3.9993,9.1984,-6.0002
229.711,-3.9993,9.1984,-6.0002
229.718,-3.9993,9.1958,-6.0002
229.727,-3.9993,9.1958,-6.0002
229.734,-3.9993,9.1958,-6.0002
229.741,-3.9993,9.1931,-6.0002
229.750,-3.9993,9.1931,-6.0002
229.758,-3.9993,9.1904,-6.0002
229.766,-3.9993,9.1904,-6.0002
229.773,-3.9993,9.1904,-6.0002
229.782,-3.9993,9.1878,-6.0002
229.791,-3.9993,9.1878,-6.0002
229.798,-3.9993,9.1851,-6.0002
229.807,-3.9993,9.1851,-6.0002
229.815,-3.9993,9.1851,-6.0002
229.823,-3.9993,9.1824,-6.0002
229.832,-3.9993,9.1824,-6.0002
229.840,-3.9993,9.1798,-6.0002
229.850,-3.9993,9.1798,-6.0002
229.857,-3.9993,9.1771,-6.0002
229.867,-3.9993,9.1771,-6.0002
229.875,-3.9993,9.1771,-6.0002
229.884,-3.9993,9.1744,-6.0002
229.893,-3.9993,9.1744,-6.0002
229.900,-3.9993,9.1718,-6.0002
229.909,-3.9993,9.1718,-6.0002
229.918,-3.9993,9.1691,-6.0002
229.928,-3.9993,9.1691,-6.0002
229.935,-3.9993,9.1691,-6.0002
229.943,-3.9993,9.1664,-6.0002
229.951,-3.9993,9.1664,-6.0002
229.959,-3.9993,9.1638,-6.0002
229.969,-3.9993,9.1638,-6.0002
229.979,-3.9993,9.1611,-6.0002
229.988,-3.9993,9.1611,-6.0002
229.998,-3.9993,9.1584,-6.0002
230.007,-3.9993,9.1584,-6.0002
230.015,-3.9993,9.1584,-6.0002
230.023,-3.9993,9.1558,-6.0002
230.033,-3.9993,9.1558,-6.0002
230.042,-3.9993,9.1531,-6.0002
230.052,-3.9993,9.1531,-6.0002
230.061,-3.9993,9.1504,-6.0002
230.070,-3.9993,9.1504,-6.0002
230.078,-3.9993,9.1478,-6.0002
230.088,-3.9993,9.1478,-6.0002
230.096,-3.9993,9.1478,-6.0002
230.105,-3.9993,9.1451,-6.0002
230.115,-3.9993,9.1451,-6.0002
230.122,-3.9993,9.1424,-6.0002
230.132,-3.9993,9.1424,-6.0002
230.138,-3.9993,9.1398,-6.0002
230.149,-3.9993,9.1398,-6.0002
230.155,-3.9993,9.1398,-6.0002
230.163,-3.9993,9.1371,-6.0002
230.170,-3.9993,9.1371,-6.0002
230.180,-3.9993,9.1344,-6.0002
230.189,-3.9993,9.1344,-6.0002
230.196,-3.9993,9.1344,-6.0002
230.203,-3.9993,9.1318,-6.0002
230.214,-3.9993,9.1318,-6.0002
230.220,-3.9993,9.1291,-6.0002
230.229,-3.9993,9.1291,-6.0002
230.235,-3.9993,9.1291,-6.0002
230.244,-3.9993,9.1264,-6.0002
230.252,-3.9993,9.1264,-6.0002
230.260,-3.9993,9.1238,-6.0002
230.269,-3.9993,9.1238,-6.0002
230.276,-3.9993,9.1238,-6.0002
230.284,-3.9993,9.1211,-6.0002
230.294,-3.9993,9.1211,-6.0002
230.301,-3.9993,9.1184,-6.0002
230.310,-3.9993,9.1184,-6.0002
230.318,-3.9993,9.1157,-6.0002
230.327,-3.9993,9.1157,-6.0002
230.334,-3.9993,9.1157,-6.0002
230.341,-3.9993,9.1131,-6.0002
230.352,-3.9993,9.1131,-6.0002
230.360,-3.9993,9.1104,-6.0002
230.368,-3.9993,9.1104,-6.0002
230.376,-3.9993,9.1104,-6.0002
230.384,-3.9993,9.1078,-6.0002
230.393,-3.9993,9.1078,-6.0002
230.400,-3.9993,9.1051,-6.0002
230.409,-3.9993,9.1051,-6.0002
230.417,-3.9993,9.1024,-6.0002
230.427,-3.9993,9.1024,-6.0002
230.434,-3.9993,9.1024,-6.0002
230.440,-3.9993,9.0998,-6.0002
230.451,-3.9993,9.0998,-6.0002
230.458,-3.9993,9.0971,-6.0002
230.468,-3.9993,9.0971,-6.0002
230.477,-3.9993,9.0971,-6.0002
230.484,-3.9993,9.0944,-6.0002
230.494,-3.9993,9.0944,-6.0002
230.501,-3.9993,9.0917,-6.0002
230.513,-3.9993,9.0917,-6.0002
230.521,-3.9993,9.0891,-6.0002
230.529,-3.9993,9.0891,-6.0002
230.537,-3.9993,9.0891,-6.0002
230.545,-3.9993,9.0864,-6.0002
230.554,-3.9993,9.0864,-6.0002
230.572,-3.9993,9.0838,-6.0002
230.582,-3.9993,9.0811,-6.0002
230.591,-3.9993,9.0811,-6.0002
230.599,-3.9993,9.0784,-6.0002
230.608,-3.9993,9.0784,-6.0002
230.616,-3.9993,9.0784,-6.0002
230.624,-3.9993,9.0758,-6.0002
230.634,-3.9993,9.0758,-6.0002
230.641,-3.9993,9.0731,-6.0002
230.652,-3.9993,9.0731,-6.0002
230.660,-3.9993,9.0704,-6.0002
230.670,-3.9993,9.0704,-6.0002
230.679,-3.9993,9.0678,-6.0002
230.688,-3.9993,9.0678,-6.0002
230.696,-3.9993,9.0678,-6.0002
230.702,-3.9993,9.0651,-6.0002
230.711,-3.9993,9.0651,-6.0002
230.719,-3.9993,9.0624,-6.0002
230.728,-3.9993,9.0624,-6.0002
230.735,-3.9993,9.0624,-6.0002
230.744,-3.9993,9.0598,-6.0002
230.753,-3.9993,9.0598,-6.0002
230.760,-3.9993,9.0571,-6.0002
230.768,-3.9993,9.0571,-6.0002
230.776,-3.9993,9.0571,-6.0002
230.784,-3.9993,9.0544,-6.0002
230.791,-3.9993,9.0544,-6.0002
230.797,-3.9993,9.0518,-6.0002
230.805,-3.9993,9.0518,-6.0002
230.814,-3.9993,9.0518,-6.0002
230.820,-3.9993,9.0491,-6.0002
230.828,-3.9993,9.0491,-6.0002
230.835,-3.9993,9.0491,-6.0002
230.842,-3.9993,9.0464,-6.0002
230.851,-3.9993,9.0464,-6.0002
230.857,-3.9993,9.0438,-6.0002
230.866,-3.9993,9.0438,-6.0002
230.872,-3.9993,9.0438,-6.0002
230.880,-3.9993,9.0411,-6.0002
230.888,-3.9993,9.0411,-6.0002
230.895,-3.9993,9.0411,-6.0002
230.903,-3.9993,9.0384,-6.0002
230.914,-3.9993,9.0384,-6.0002
230.921,-3.9993,9.0358,-6.0002
230.932,-3.9993,9.0358,-6.0002
230.939,-3.9993,9.0331,-6.0002
230.949,-3.9993,9.0331,-6.0002
230.956,-3.9993,9.0331,-6.0002
230.965,-3.9993,9.0304,-6.0002
230.973,-3.9993,9.0304,-6.0002
230.981,-3.9993,9.0278,-6.0002
230.990,-3.9993,9.0278,-6.0002
230.998,-3.9993,9.0251,-6.0002
231.006,-3.9993,9.0251,-6.0002
231.015,-3.9993,9.0251,-6.0002
231.022,-3.9993,9.0224,-6.0002
231.031,-3.9993,9.0224,-6.0002
231.038,-3.9993,9.0198,-6.0002
231.048,-3.9993,9.0198,-6.0002
231.056,-3.9993,9.0198,-6.0002
231.063,-3.9993,9.0171,-6.0002
231.073,-3.9993,9.0171,-6.0002
231.081,-3.9993,9.0144,-6.0002
231.090,-3.9993,9.0144,-6.0002
231.097,-3.9993,9.0118,-6.0002
231.106,-3.9993,9.0118,-6.0002
231.114,-3.9993,9.0118,-6.0002
231.122,-3.9993,9.0091,-6.0002
231.131,-3.9993,9.0091,-6.0002
231.139,-3.9993,9.0064,-6.0002
231.151,-3.9993,9.0064,-6.0002
231.158,-3.9993,9.0038,-6.0002
231.168,-3.9993,9.0038,-6.0002
231.176,-3.9993,9.0038,-6.0002
231.184,-3.9993,9.0011,-6.0002
231.193,-3.9993,9.0011,-6.0002
231.202,-3.9993,8.9984,-6.0002
231.212,-3.9993,8.9984,-6.0002
231.220,-3.9993,8.9958,-6.0002
231.230,-3.9993,8.9958,-6.0002
231.237,-3.9993,8.9931,-6.0002
231.247,-3.9993,8.9931,-6.0002
231.254,-3.9993,8.9931,-6.0002
231.263,-3.9993,8.9904,-6.0002
231.272,-3.9993,8.9904,-6.0002
231.281,-3.9993,8.9878,-6.0002
231.290,-3.9993,8.9878,-6.0002
231.298,-3.9993,8.9851,-6.0002
231.308,-3.9993,8.9851,-6.0002
231.317,-3.9993,8.9851,-6.0002
231.326,-3.9993,8.9824,-6.0002
231.335,-3.9993,8.9824,-6.0002
231.344,-3.9993,8.9798,-6.0002
231.355,-3.9993,8.9798,-6.0002
231.362,-3.9993,8.9771,-6.0002
231.371,-3.9993,8.9771,-6.0002
231.379,-3.9993,8.9744,-6.0002
231.388,-3.9993,8.9744,-6.0002
231.395,-3.9993,8.9744,-6.0002
231.401,-3.9993,8.9718,-6.0002
231.410,-3.9993,8.9718,-6.0002
231.420,-3.9993,8.9691,-6.0002
231.429,-3.9993,8.9691,-6.0002
231.437,-3.9993,8.9691,-6.0002
231.447,-3.9993,8.9664,-6.0002
231.454,-3.9993,8.9664,-6.0002
231.461,-3.9993,8.9638,-6.0002
231.471,-3.9993,8.9638,-6.0002
231.480,-3.9993,8.9611,-6.0002
231.488,-3.9993,8.9611,-6.0002
231.496,-3.9993,8.9611,-6.0002
231.503,-3.9993,8.9584,-6.0002
231.513,-3.9993,8.9584,-6.0002
231.519,-3.9993,8.9558,-6.0002
231.528,-3.9993,8.9558,-6.0002
231.535,-3.9993,8.9558,-6.0002
231.543,-3.9993,8.9531,-6.0002
231.551,-3.9993,8.9531,-6.0002
231.559,-3.9993,8.9504,-6.0002
231.567,-3.9993,8.9504,-6.0002
231.575,-3.9993,8.9504,-6.0002
231.582,-3.9993,8.9478,-6.0002
231.591,-3.9993,8.9478,-6.0002
231.599,-3.9993,8.9451,-6.0002
231.607,-3.9993,8.9451,-6.0002
231.614,-3.9993,8.9451,-6.0002
231.622,-3.9993,8.9424,-6.0002
231.632,-3.9993,8.9424,-6.0002
231.638,-3.9993,8.9398,-6.0002
231.648,-3.9993,8.9398,-6.0002
231.655,-3.9993,8.9398,-6.0002
231.663,-3.9993,8.9371,-6.0002
231.671,-3.9993,8.9371,-6.0002
231.679,-3.9993,8.9344,-6.0002
231.687,-3.9993,8.9344,-6.0002
231.694,-3.9993,8.9344,-6.0002
231.702,-3.9993,8.9318,-6.0002
231.711,-3.9993,8.9318,-6.0002
231.720,-3.9993,8.9291,-6.0002
231.730,-3.9993,8.9291,-6.0002
231.736,-3.9993,8.9291,-6.0002
231.746,-3.9993,8.9264,-6.0002
231.755,-3.9993,8.9264,-6.0002
231.764,-3.9993,8.9238,-6.0002
231.773,-3.9993,8.9238,-6.0002
231.781,-3.9993,8.9211,-6.0002
231.791,-3.9993,8.9211,-6.0002
231.800,-3.9993,8.9184,-6.0002
231.810,-3.9993,8.9184,-6.0002
231.818,-3.9993,8.9158,-6.0002
231.827,-3.9993,8.9158,-6.0002
231.835,-3.9993,8.9158,-6.0002
231.844,-3.9993,8.9131,-6.0002
231.852,-3.9993,8.9131,-6.0002
231.860,-3.9993,8.9104,-6.0002
231.869,-3.9993,8.9104,-6.0002
231.879,-3.9993,8.9078,-6.0002
231.887,-3.9993,8.9078,-6.0002
231.895,-3.9993,8.9078,-6.0002
231.903,-3.9993,8.9051,-6.0002
231.913,-3.9993,8.9051,-6.0002
231.920,-3.9993,8.9024,-6.0002
231.931,-3.9993,8.9024,-6.0002
231.937,-3.9993,8.8998,-6.0002
231.947,-3.9993,8.8998,-6.0002
231.953,-3.9993,8.8998,-6.0002
231.961,-3.9993,8.8971,-6.0002
231.968,-3.9993,8.8971,-6.0002
231.976,-3.9993,8.8971,-6.0002
231.984,-3.9993,8.8944,-6.0002
231.993,-3.9993,8.8944,-6.0002
232.001,-3.9993,8.8918,-6.0002
232.009,-3.9993,8.8918,-6.0002
232.015,-3.9993,8.8918,-6.0002
232.024,-3.9993,8.8891,-6.0002
232.032,-3.9993,8.8891,-6.0002
232.040,-3.9993,8.8864,-6.0002
232.050,-3.9993,8.8864,-6.0002
232.057,-3.9993,8.8838,-6.0002
232.065,-3.9993,8.8838,-6.0002
232.072,-3.9993,8.8838,-6.0002
232.080,-3.9993,8.8811,-6.0002
232.088,-3.9993,8.8811,-6.0002
232.095,-3.9993,8.8811,-6.0002
232.102,-3.9993,8.8784,-6.0002
232.113,-3.9993,8.8784,-6.0002
232.120,-3.9993,8.8758,-6.0002
232.129,-3.9993,8.8758,-6.0002
232.136,-3.9993,8.8758,-6.0002
232.144,-3.9993,8.8731,-6.0002
232.153,-3.9993,8.8731,-6.0002
232.160,-3.9993,8.8704,-6.0002
232.169,-3.9993,8.8704,-6.0002
232.177,-3.9993,8.8678,-6.0002
232.185,-3.9993,8.8678,-6.0002
232.192,-3.9993,8.8678,-6.0002
232.200,-3.9993,8.8651,-6.0002
232.208,-3.9993,8.8651,-6.0002
232.216,-3.9993,8.8651,-6.0002
232.223,-3.9993,8.8624,-6.0002
232.233,-3.9993,8.8624,-6.0002
232.240,-3.9993,8.8598,-6.0002
232.249,-3.9993,8.8598,-6.0002
232.256,-3.9993,8.8598,-6.0002
232.265,-3.9993,8.8571,-6.0002
232.273,-3.9993,8.8571,-6.0002
232.280,-3.9993,8.8544,-6.0002
232.288,-3.9993,8.8544,-6.0002
232.296,-3.9993,8.8544,-6.0002
232.302,-3.9993,8.8518,-6.0002
232.311,-3.9993,8.8518,-6.0002
232.318,-3.9993,8.8491,-6.0002
232.326,-3.9993,8.8491,-6.0002
232.333,-3.9993,8.8491,-6.0002
232.340,-3.9993,8.8464,-6.0002
232.349,-3.9993,8.8464,-6.0002
232.357,-3.9993,8.8438,-6.0002
232.366,-3.9993,8.8438,-6.0002
232.374,-3.9993,8.8438,-6.0002
232.382,-3.9993,8.8411,-6.0002
232.392,-3.9993,8.8411,-6.0002
232.400,-3.9993,8.8384,-6.0002
232.409,-3.9993,8.8384,-6.0002
232.418,-3.9993,8.8358,-6.0002
232.428,-3.9993,8.8358,-6.0002
232.436,-3.9993,8.8358,-6.0002
232.444,-3.9993,8.8331,-6.0002
232.454,-3.9993,8.8331,-6.0002
232.463,-3.9993,8.8304,-6.0002
232.471,-3.9993,8.8304,-6.0002
232.479,-3.9993,8.8278,-6.0002
232.488,-3.9993,8.8278,-6.0002
232.497,-3.9993,8.8278,-6.0002
232.504,-3.9993,8.8251,-6.0002
232.515,-3.9993,8.8251,-6.0002
232.522,-3.9993,8.8224,-6.0002
232.533,-3.9993,8.8224,-6.0002
232.541,-3.9993,8.8198,-6.0002
232.550,-3.9993,8.8198,-6.0002
232.559,-3.9993,8.8171,-6.0002
232.569,-3.9993,8.8171,-6.0002
232.578,-3.9993,8.8144,-6.0002
232.588,-3.9993,8.8144,-6.0002
232.596,-3.9993,8.8144,-6.0002
232.603,-3.9993,8.8118,-6.0002
232.612,-3.9993,8.8118,-6.0002
232.620,-3.9993,8.8091,-6.0002
232.630,-3.9993,8.8091,-6.0002
232.637,-3.9993,8.8091,-6.0002
232.644,-3.9993,8.8064,-6.0002
232.654,-3.9993,8.8064,-6.0002
232.662,-3.9993,8.8038,-6.0002
232.680,-3.9993,8.8011,-6.0002
232.690,-3.9993,8.8011,-6.0002
232.697,-3.9993,8.8011,-6.0002
232.703,-3.9993,8.7984,-6.0002
232.713,-3.9993,8.7984,-6.0002
232.720,-3.9993,8.7958,-6.0002
232.728,-3.9993,8.7958,-6.0002
232.735,-3.9993,8.7958,-6.0002
232.744,-3.9993,8.7931,-6.0002
232.752,-3.9993,8.7931,-6.0002
232.760,-3.9993,8.7904,-6.0002
232.767,-3.9993,8.7904,-6.0002
232.775,-3.9993,8.7904,-6.0002
232.782,-3.9993,8.7878,-6.0002
232.790,-3.9993,8.7878,-6.0002
232.797,-3.9993,8.7851,-6.0002
232.806,-3.9993,8.7851,-6.0002
232.812,-3.9993,8.7851,-6.0002
232.819,-3.9993,8.7824,-6.0002
232.827,-3.9993,8.7824,-6.0002
232.835,-3.9993,8.7824,-6.0002
232.843,-3.9993,8.7798,-6.0002
232.852,-3.9993,8.7798,-6.0002
232.858,-3.9993,8.7771,-6.0002
232.869,-3.9993,8.7771,-6.0002
232.875,-3.9993,8.7771,-6.0002
232.883,-3.9993,8.7744,-6.0002
232.892,-3.9993,8.7744,-6.0002
232.900,-3.9993,8.7718,-6.0002
232.908,-3.9993,8.7718,-6.0002
232.915,-3.9993,8.7718,-6.0002
232.922,-3.9993,8.7691,-6.0002
232.932,-3.9993,8.7691,-6.0002
232.937,-3.9993,8.7664,-6.0002
232.948,-3.9993,8.7664,-6.0002
232.955,-3.9993,8.7664,-6.0002
232.964,-3.9993,8.7638,-6.0002
232.972,-3.9993,8.7638,-6.0002
232.981,-3.9993,8.7611,-6.0002
232.991,-3.9993,8.7611,-6.0002
232.998,-3.9993,8.7584,-6.0002
233.008,-3.9993,8.7584,-6.0002
233.017,-3.9993,8.7584,-6.0002
233.025,-3.9993,8.7558,-6.0002
233.033,-3.9993,8.7558,-6.0002
233.042,-3.9993,8.7531,-6.0002
233.053,-3.9993,8.7531,-6.0002
233.061,-3.9993,8.7504,-6.0002
233.070,-3.9993,8.7504,-6.0002
233.080,-3.9993,8.7478,-6.0002
233.089,-3.9993,8.7478,-6.0002
233.096,-3.9993,8.7478,-6.0002
233.104,-3.9993,8.7451,-6.0002
233.114,-3.9993,8.7451,-6.0002
233.122,-3.9993,8.7424,-6.0002
233.132,-3.9993,8.7424,-6.0002
233.140,-3.9993,8.7398,-6.0002
233.151,-3.9993,8.7398,-6.0002
233.158,-3.9993,8.7371,-6.0002
233.169,-3.9993,8.7371,-6.0002
233.177,-3.9993,8.7344,-6.0002
233.186,-3.9993,8.7344,-6.0002
233.194,-3.9993,8.7344,-6.0002
233.202,-3.9993,8.7318,-6.0002
233.212,-3.9993,8.7318,-6.0002
233.219,-3.9993,8.7291,-6.0002
233.230,-3.9993,8.7291,-6.0002
233.237,-3.9993,8.7291,-6.0002
233.246,-3.9993,8.7264,-6.0002
233.255,-3.9993,8.7264,-6.0002
233.264,-3.9993,8.7238,-6.0002
233.273,-3.9993,8.7238,-6.0002
233.281,-3.9993,8.7211,-6.0002
233.291,-3.9993,8.7211,-6.0002
233.298,-3.9993,8.7184,-6.0002
233.307,-3.9993,8.7184,-6.0002
233.316,-3.9993,8.7184,-6.0002
233.323,-3.9993,8.7158,-6.0002
233.333,-3.9993,8.7158,-6.0002
233.341,-3.9993,8.7131,-6.0002
233.351,-3.9993,8.7131,-6.0002
233.359,-3.9993,8.7104,-6.0002
233.368,-3.9993,8.7104,-6.0002
233.377,-3.9993,8.7104,-6.0002
233.385,-3.9993,8.7078,-6.0002
233.394,-3.9993,8.7078,-6.0002
233.401,-3.9993,8.7051,-6.0002
233.413,-3.9993,8.7051,-6.0002
233.420,-3.9993,8.7024,-6.0002
233.431,-3.9993,8.7024,-6.0002
233.439,-3.9993,8.6998,-6.0002
233.450,-3.9993,8.6998,-6.0002
233.458,-3.9993,8.6971,-6.0002
233.468,-3.9993,8.6971,-6.0002
233.477,-3.9993,8.6944,-6.0002
233.486,-3.9993,8.6944,-6.0002
233.494,-3.9993,8.6944,-6.0002
233.502,-3.9993,8.6918,-6.0002
233.510,-3.9993,8.6918,-6.0002
233.518,-3.9993,8.6891,-6.0002
233.527,-3.9993,8.6891,-6.0002
233.535,-3.9993,8.6891,-6.0002
233.543,-3.9993,8.6864,-6.0002
233.552,-3.9993,8.6864,-6.0002
233.561,-3.9993,8.6838,-6.0002
233.569,-3.9993,8.6838,-6.0002
233.578,-3.9993,8.6811,-6.0002
233.587,-3.9993,8.6811,-6.0002
233.594,-3.9993,8.6811,-6.0002
233.602,-3.9993,8.6784,-6.0002
233.613,-3.9993,8.6784,-6.0002
233.621,-3.9993,8.6758,-6.0002
233.630,-3.9993,8.6758,-6.0002
233.638,-3.9993,8.6731,-6.0002
233.649,-3.9993,8.6731,-6.0002
233.657,-3.9993,8.6704,-6.0002
233.666,-3.9993,8.6704,-6.0002
233.675,-3.9993,8.6704,-6.0002
233.684,-3.9993,8.6678,-6.0002
233.693,-3.9993,8.6678,-6.0002
233.701,-3.9993,8.6651,-6.0002
233.713,-3.9993,8.6651,-6.0002
233.720,-3.9993,8.6624,-6.0002
233.731,-3.9993,8.6624,-6.0002
233.740,-3.9993,8.6598,-6.0002
233.750,-3.9993,8.6598,-6.0002
233.759,-3.9993,8.6571,-6.0002
233.770,-3.9993,8.6571,-6.0002
233.779,-3.9993,8.6544,-6.0002
233.789,-3.9993,8.6544,-6.0002
233.798,-3.9993,8.6518,-6.0002
233.807,-3.9993,8.6518,-6.0002
233.814,-3.9993,8.6518,-6.0002
233.822,-3.9993,8.6491,-6.0002
233.832,-3.9993,8.6491,-6.0002
233.840,-3.9993,8.6464,-6.0002
233.850,-3.9993,8.6464,-6.0002
233.858,-3.9993,8.6438,-6.0002
233.869,-3.9993,8.6438,-6.0002
233.878,-3.9993,8.6411,-6.0002
233.888,-3.9993,8.6411,-6.0002
233.896,-3.9993,8.6411,-6.0002
233.903,-3.9993,8.6384,-6.0002
233.914,-3.9993,8.6384,-6.0002
233.921,-3.9993,8.6358,-6.0002
233.930,-3.9993,8.6358,-6.0002
233.937,-3.9993,8.6331,-6.0002
233.946,-3.9993,8.6331,-6.0002
233.954,-3.9993,8.6331,-6.0002
233.962,-3.9993,8.6304,-6.0002
233.970,-3.9993,8.6304,-6.0002
233.979,-3.9993,8.6278,-6.0002
233.987,-3.9993,8.6278,-6.0002
233.994,-3.9993,8.6278,-6.0002
234.001,-3.9993,8.6251,-6.0002
234.010,-3.9993,8.6251,-6.0002
234.017,-3.9993,8.6251,-6.0002
234.026,-3.9993,8.6224,-6.0002
234.035,-3.9993,8.6224,-6.0002
234.043,-3.9993,8.6198,-6.0002
234.053,-3.9993,8.6198,-6.0002
234.061,-3.9993,8.6171,-6.0002
234.071,-3.9993,8.6171,-6.0002
234.079,-3.9993,8.6144,-6.0002
234.088,-3.9993,8.6144,-6.0002
234.096,-3.9993,8.6144,-6.0002
234.104,-3.9993,8.6118,-6.0002
234.114,-3.9993,8.6118,-6.0002
234.121,-3.9993,8.6091,-6.0002
234.130,-3.9993,8.6091,-6.0002
234.138,-3.9993,8.6064,-6.0002
234.148,-3.9993,8.6064,-6.0002
234.154,-3.9993,8.6064,-6.0002
234.163,-3.9993,8.6038,-6.0002
234.173,-3.9993,8.6038,-6.0002
234.181,-3.9993,8.6011,-6.0002
234.189,-3.9993,8.6011,-6.0002
234.198,-3.9993,8.5984,-6.0002
234.207,-3.9993,8.5984,-6.0002
234.215,-3.9993,8.5984,-6.0002
234.224,-3.9993,8.5958,-6.0002
234.233,-3.9993,8.5958,-6.0002
234.242,-3.9993,8.5931,-6.0002
234.252,-3.9993,8.5931,-6.0002
234.260,-3.9993,8.5904,-6.0002
234.268,-3.9993,8.5904,-6.0002
234.277,-3.9993,8.5878,-6.0002
234.288,-3.9993,8.5878,-6.0002
234.296,-3.9993,8.5878,-6.0002
234.304,-3.9993,8.5851,-6.0002
234.312,-3.9993,8.5851,-6.0002
234.321,-3.9993,8.5824,-6.0002
234.330,-3.9993,8.5824,-6.0002
234.338,-3.9993,8.5798,-6.0002
234.349,-3.9993,8.5798,-6.0002
234.356,-3.9993,8.5798,-6.0002
234.364,-3.9993,8.5771,-6.0002
234.374,-3.9993,8.5771,-6.0002
234.383,-3.9993,8.5744,-6.0002
234.391,-3.9993,8.5744,-6.0002
234.400,-3.9993,8.5718,-6.0002
234.410,-3.9993,8.5718,-6.0002
234.418,-3.9993,8.5691,-6.0002
234.428,-3.9993,8.5691,-6.0002
234.436,-3.9993,8.5691,-6.0002
234.445,-3.9993,8.5664,-6.0002
234.454,-3.9993,8.5664,-6.0002
234.463,-3.9993,8.5638,-6.0002
234.471,-3.9993,8.5638,-6.0002
234.479,-3.9993,8.5611,-6.0002
234.487,-3.9993,8.5611,-6.0002
234.495,-3.9993,8.5611,-6.0002
234.502,-3.9993,8.5584,-6.0002
234.511,-3.9993,8.5584,-6.0002
234.519,-3.9993,8.5558,-6.0002
234.528,-3.9993,8.5558,-6.0002
234.535,-3.9993,8.5558,-6.0002
234.542,-3.9993,8.5531,-6.0002
234.551,-3.9993,8.5531,-6.0002
234.558,-3.9993,8.5504,-6.0002
234.567,-3.9993,8.5504,-6.0002
234.574,-3.9993,8.5504,-6.0002
234.582,-3.9993,8.5478,-6.0002
234.591,-3.9993,8.5478,-6.0002
234.599,-3.9993,8.5451,-6.0002
234.606,-3.9993,8.5451,-6.0002
234.615,-3.9993,8.5451,-6.0002
234.622,-3.9993,8.5424,-6.0002
234.630,-3.9993,8.5424,-6.0002
234.637,-3.9993,8.5398,-6.0002
234.647,-3.9993,8.5398,-6.0002
234.654,-3.9993,8.5398,-6.0002
234.661,-3.9993,8.5371,-6.0002
234.669,-3.9993,8.5371,-6.0002
234.677,-3.9993,8.5371,-6.0002
234.684,-3.9993,8.5344,-6.0002
234.692,-3.9993,8.5344,-6.0002
234.699,-3.9993,8.5318,-6.0002
234.708,-3.9993,8.5318,-6.0002
234.716,-3.9993,8.5318,-6.0002
234.723,-3.9993,8.5291,-6.0002
234.731,-3.9993,8.5291,-6.0002
234.739,-3.9993,8.5264,-6.0002
234.747,-3.9993,8.5264,-6.0002
234.755,-3.9993,8.5264,-6.0002
234.761,-3.9993,8.5238,-6.0002
234.770,-3.9993,8.5238,-6.0002
234.778,-3.9993,8.5211,-6.0002
234.787,-3.9993,8.5211,-6.0002
234.794,-3.9993,8.5211,-6.0002
234.803,-3.9993,8.5184,-6.0002
234.812,-3.9993,8.5184,-6.0002
234.819,-3.9993,8.5158,-6.0002
234.838,-3.9993,8.5131,-6.0002
234.849,-3.9993,8.5131,-6.0002
234.856,-3.9993,8.5131,-6.0002
234.864,-3.9993,8.5104,-6.0002
234.872,-3.9993,8.5104,-6.0002
234.881,-3.9993,8.5078,-6.0002
234.889,-3.9993,8.5078,-6.0002
234.897,-3.9993,8.5051,-6.0002
234.904,-3.9993,8.5051,-6.0002
234.913,-3.9993,8.5051,-6.0002
234.921,-3.9993,8.5024,-6.0002
234.930,-3.9993,8.5024,-6.0002
234.937,-3.9993,8.4998,-6.0002
234.949,-3.9993,8.4998,-6.0002
234.958,-3.9993,8.4971,-6.0002
234.967,-3.9993,8.4971,-6.0002
234.976,-3.9993,8.4971,-6.0002
234.984,-3.9993,8.4944,-6.0002
234.994,-3.9993,8.4944,-6.0002
235.003,-3.9993,8.4918,-6.0002
235.014,-3.9993,8.4918,-6.0002
235.025,-3.9993,8.4891,-6.0002
235.036,-3.9993,8.4891,-6.0002
235.046,-3.9993,8.4864,-6.0002
235.056,-3.9993,8.4864,-6.0002
235.064,-3.9993,8.4838,-6.0002
235.074,-3.9993,8.4838,-6.0002
235.084,-3.9993,8.4811,-6.0002
235.091,-3.9993,8.4811,-6.0002
235.100,-3.9993,8.4784,-6.0002
235.109,-3.9993,8.4784,-6.0002
235.118,-3.9993,8.4758,-6.0002
235.126,-3.9993,8.4758,-6.0002
235.134,-3.9993,8.4758,-6.0002
235.142,-3.9993,8.4731,-6.0002
235.152,-3.9993,8.4731,-6.0002
235.161,-3.9993,8.4704,-6.0002
235.169,-3.9993,8.4704,-6.0002
235.177,-3.9993,8.4678,-6.0002
235.185,-3.9993,8.4678,-6.0002
235.194,-3.9993,8.4678,-6.0002
235.200,-3.9993,8.4651,-6.0002
235.209,-3.9993,8.4651,-6.0002
235.216,-3.9993,8.4651,-6.0002
235.224,-3.9993,8.4624,-6.0002
235.232,-3.9993,8.4624,-6.0002
235.240,-3.9993,8.4598,-6.0002
235.249,-3.9993,8.4598,-6.0002
235.256,-3.9993,8.4598,-6.0002
235.263,-3.9993,8.4571,-6.0002
235.272,-3.9993,8.4571,-6.0002
235.281,-3.9993,8.4544,-6.0002
235.290,-3.9993,8.4544,-6.0002
235.298,-3.9993,8.4518,-6.0002
235.307,-3.9993,8.4518,-6.0002
235.315,-3.9993,8.4518,-6.0002
235.322,-3.9993,8.4491,-6.0002
235.332,-3.9993,8.4491,-6.0002
235.339,-3.9993,8.4464,-6.0002
235.349,-3.9993,8.4464,-6.0002
235.356,-3.9993,8.4464,-6.0002
235.364,-3.9993,8.4438,-6.0002
235.372,-3.9993,8.4438,-6.0002
235.380,-3.9993,8.4411,-6.0002
235.389,-3.9993,8.4411,-6.0002
235.396,-3.9993,8.4411,-6.0002
235.403,-3.9993,8.4384,-6.0002
235.413,-3.9993,8.4384,-6.0002
235.420,-3.9993,8.4358,-6.0002
235.430,-3.9993,8.4358,-6.0002
235.437,-3.9993,8.4358,-6.0002
235.445,-3.9993,8.4331,-6.0002
235.454,-3.9993,8.4331,-6.0002
235.462,-3.9993,8.4304,-6.0002
235.472,-3.9993,8.4304,-6.0002
235.480,-3.9993,8.4278,-6.0002
235.490,-3.9993,8.4278,-6.0002
235.498,-3.9993,8.4251,-6.0002
235.507,-3.9993,8.4251,-6.0002
235.516,-3.9993,8.4251,-6.0002
235.524,-3.9993,8.4224,-6.0002
235.534,-3.9993,8.4224,-6.0002
235.542,-3.9993,8.4198,-6.0002
235.553,-3.9993,8.4198,-6.0002
235.562,-3.9993,8.4171,-6.0002
235.570,-3.9993,8.4171,-6.0002
235.580,-3.9993,8.4144,-6.0002
235.589,-3.9993,8.4144,-6.0002
235.596,-3.9993,8.4144,-6.0002
235.604,-3.9993,8.4118,-6.0002
235.615,-3.9993,8.4118,-6.0002
235.622,-3.9993,8.4091,-6.0002
235.631,-3.9993,8.4091,-6.0002
235.638,-3.9993,8.4064,-6.0002
235.650,-3.9993,8.4064,-6.0002
235.657,-3.9993,8.4064,-6.0002
235.666,-3.9993,8.4038,-6.0002
235.676,-3.9993,8.4038,-6.0002
235.684,-3.9993,8.4011,-6.0002
235.693,-3.9993,8.4011,-6.0002
235.701,-3.9993,8.3984,-6.0002
235.711,-3.9993,8.3984,-6.0002
235.719,-3.9993,8.3958,-6.0002
235.728,-3.9993,8.3958,-6.0002
235.735,-3.9993,8.3958,-6.0002
235.742,-3.9993,8.3931,-6.0002
235.750,-3.9993,8.3931,-6.0002
235.758,-3.9993,8.3904,-6.0002
235.766,-3.9993,8.3904,-6.0002
235.774,-3.9993,8.3904,-6.0002
235.781,-3.9993,8.3878,-6.0002
235.789,-3.9993,8.3878,-6.0002
235.798,-3.9993,8.3851,-6.0002
235.807,-3.9993,8.3851,-6.0002
235.814,-3.9993,8.3851,-6.0002
235.822,-3.9993,8.3824,-6.0002
235.831,-3.9993,8.3824,-6.0002
235.838,-3.9993,8.3798,-6.0002
235.848,-3.9993,8.3798,-6.0002
235.855,-3.9993,8.3798,-6.0002
235.864,-3.9993,8.3771,-6.0002
235.872,-3.9993,8.3771,-6.0002
235.880,-3.9993,8.3744,-6.0002
235.888,-3.9993,8.3744,-6.0002
235.896,-3.9993,8.3744,-6.0002
235.903,-3.9993,8.3718,-6.0002
235.913,-3.9993,8.3718,-6.0002
235.920,-3.9993,8.3691,-6.0002
235.929,-3.9993,8.3691,-6.0002
235.935,-3.9993,8.3691,-6.0002
235.943,-3.9993,8.3664,-6.0002
235.952,-3.9993,8.3664,-6.0002
235.960,-3.9993,8.3638,-6.0002
235.968,-3.9993,8.3638,-6.0002
235.977,-3.9993,8.3638,-6.0002
235.984,-3.9993,8.3611,-6.0002
235.992,-3.9993,8.3611,-6.0002
235.999,-3.9993,8.3584,-6.0002
236.008,-3.9993,8.3584,-6.0002
236.016,-3.9993,8.3584,-6.0002
236.022,-3.9993,8.3558,-6.0002
236.030,-3.9993,8.3558,-6.0002
236.039,-3.9993,8.3531,-6.0002
236.049,-3.9993,8.3531,-6.0002
236.056,-3.9993,8.3531,-6.0002
236.064,-3.9993,8.3504,-6.0002
236.073,-3.9993,8.3504,-6.0002
236.080,-3.9993,8.3478,-6.0002
236.090,-3.9993,8.3478,-6.0002
236.098,-3.9993,8.3451,-6.0002
236.107,-3.9993,8.3451,-6.0002
236.114,-3.9993,8.3451,-6.0002
236.121,-3.9993,8.3424,-6.0002
236.132,-3.9993,8.3424,-6.0002
236.138,-3.9993,8.3398,-6.0002
236.147,-3.9993,8.3398,-6.0002
236.154,-3.9993,8.3398,-6.0002
236.162,-3.9993,8.3371,-6.0002
236.170,-3.9993,8.3371,-6.0002
236.178,-3.9993,8.3344,-6.0002
236.189,-3.9993,8.3344,-6.0002
236.197,-3.9993,8.3344,-6.0002
236.203,-3.9993,8.3318,-6.0002
236.214,-3.9993,8.3318,-6.0002
236.221,-3.9993,8.3291,-6.0002
236.230,-3.9993,8.3291,-6.0002
236.237,-3.9993,8.3264,-6.0002
236.249,-3.9993,8.3264,-6.0002
236.257,-3.9993,8.3264,-6.0002
236.264,-3.9993,8.3238,-6.0002
236.274,-3.9993,8.3238,-6.0002
236.282,-3.9993,8.3211,-6.0002
236.292,-3.9993,8.3211,-6.0002
236.299,-3.9993,8.3184,-6.0002
236.310,-3.9993,8.3184,-6.0002
236.318,-3.9993,8.3158,-6.0002
236.327,-3.9993,8.3158,-6.0002
236.335,-3.9993,8.3158,-6.0002
236.344,-3.9993,8.3131,-6.0002
236.354,-3.9993,8.3131,-6.0002
236.362,-3.9993,8.3104,-6.0002
236.371,-3.9993,8.3104,-6.0002
236.379,-3.9993,8.3078,-6.0002
236.388,-3.9993,8.3078,-6.0002
236.397,-3.9993,8.3078,-6.0002
236.404,-3.9993,8.3051,-6.0002
236.414,-3.9993,8.3051,-6.0002
236.422,-3.9993,8.3024,-6.0002
236.433,-3.9993,8.3024,-6.0002
236.440,-3.9993,8.2998,-6.0002
236.450,-3.9993,8.2998,-6.0002
236.456,-3.9993,8.2998,-6.0002
236.464,-3.9993,8.2971,-6.0002
236.471,-3.9993,8.2971,-6.0002
236.481,-3.9993,8.2944,-6.0002
236.489,-3.9993,8.2944,-6.0002
236.498,-3.9993,8.2918,-6.0002
236.504,-3.9993,8.2918,-6.0002
236.513,-3.9993,8.2918,-6.0002
236.520,-3.9993,8.2891,-6.0002
236.529,-3.9993,8.2891,-6.0002
236.535,-3.9993,8.2891,-6.0002
236.544,-3.9993,8.2864,-6.0002
236.552,-3.9993,8.2864,-6.0002
236.560,-3.9993,8.2838,-6.0002
236.568,-3.9993,8.2838,-6.0002
236.577,-3.9993,8.2838,-6.0002
236.584,-3.9993,8.2811,-6.0002
236.592,-3.9993,8.2811,-6.0002
236.600,-3.9993,8.2784,-6.0002
236.610,-3.9993,8.2784,-6.0002
236.618,-3.9993,8.2758,-6.0002
236.626,-3.9993,8.2758,-6.0002
236.634,-3.9993,8.2758,-6.0002
236.642,-3.9993,8.2731,-6.0002
236.651,-3.9993,8.2731,-6.0002
236.658,-3.9993,8.2704,-6.0002
236.667,-3.9993,8.2704,-6.0002
236.674,-3.9993,8.2704,-6.0002
236.682,-3.9993,8.2678,-6.0002
236.690,-3.9993,8.2678,-6.0002
236.698,-3.9993,8.2651,-6.0002
236.708,-3.9993,8.2651,-6.0002
236.715,-3.9993,8.2651,-6.0002
236.723,-3.9993,8.2624,-6.0002
236.733,-3.9993,8.2624,-6.0002
236.740,-3.9993,8.2598,-6.0002
236.750,-3.9993,8.2598,-6.0002
236.759,-3.9993,8.2571,-6.0002
236.768,-3.9993,8.2571,-6.0002
236.776,-3.9993,8.2571,-6.0002
236.784,-3.9993,8.2544,-6.0002
236.796,-3.9993,8.2544,-6.0002
236.804,-3.9993,8.2518,-6.0002
236.815,-3.9993,8.2518,-6.0002
236.823,-3.9993,8.2491,-6.0002
236.832,-3.9993,8.2491,-6.0002
236.839,-3.9993,8.2464,-6.0002
236.850,-3.9993,8.2464,-6.0002
236.859,-3.9993,8.2438,-6.0002
236.869,-3.9993,8.2438,-6.0002
236.878,-3.9993,8.2411,-6.0002
236.888,-3.9993,8.2411,-6.0002
236.896,-3.9993,8.2411,-6.0002
236.904,-3.9993,8.2384,-6.0002
236.916,-3.9993,8.2384,-6.0002
236.922,-3.9993,8.2358,-6.0002
236.933,-3.9993,8.2358,-6.0002
236.941,-3.9993,8.2331,-6.0002
236.951,-3.9993,8.2331,-6.0002
236.958,-3.9993,8.2304,-6.0002
236.968,-3.9993,8.2304,-6.0002
236.977,-3.9993,8.2304,-6.0002
236.985,-3.9993,8.2278,-6.0002
236.993,-3.9993,8.2278,-6.0002
237.011,-3.9993,8.2251,-6.0002
237.020,-3.9993,8.2224,-6.0002
237.030,-3.9993,8.2224,-6.0002
237.037,-3.9993,8.2224,-6.0002
237.045,-3.9993,8.2198,-6.0002
237.054,-3.9993,8.2198,-6.0002
237.062,-3.9993,8.2171,-6.0002
237.071,-3.9993,8.2171,-6.0002
237.079,-3.9993,8.2144,-6.0002
237.088,-3.9993,8.2144,-6.0002
237.096,-3.9993,8.2144,-6.0002
237.102,-3.9993,8.2118,-6.0002
237.112,-3.9993,8.2118,-6.0002
237.118,-3.9993,8.2091,-6.0002
237.127,-3.9993,8.2091,-6.0002
237.135,-3.9993,8.2091,-6.0002
237.142,-3.9993,8.2064,-6.0002
237.152,-3.9993,8.2064,-6.0002
237.160,-3.9993,8.2038,-6.0002
237.169,-3.9993,8.2038,-6.0002
237.177,-3.9993,8.2038,-6.0002
237.185,-3.9993,8.2011,-6.0002
237.193,-3.9993,8.2011,-6.0002
237.200,-3.9993,8.1984,-6.0002
237.209,-3.9993,8.1984,-6.0002
237.217,-3.9993,8.1958,-6.0002
237.226,-3.9993,8.1958,-6.0002
237.233,-3.9993,8.1958,-6.0002
237.240,-3.9993,8.1931,-6.0002
237.251,-3.9993,8.1931,-6.0002
237.258,-3.9993,8.1904,-6.0002
237.267,-3.9993,8.1904,-6.0002
237.274,-3.9993,8.1904,-6.0002
237.282,-3.9993,8.1878,-6.0002
237.291,-3.9993,8.1878,-6.0002
237.299,-3.9993,8.1851,-6.0002
237.308,-3.9993,8.1851,-6.0002
237.317,-3.9993,8.1824,-6.0002
237.326,-3.9993,8.1824,-6.0002
237.333,-3.9993,8.1824,-6.0002
237.340,-3.9993,8.1798,-6.0002
237.350,-3.9993,8.1798,-6.0002
237.357,-3.9993,8.1771,-6.0002
237.368,-3.9993,8.1771,-6.0002
237.376,-3.9993,8.1771,-6.0002
237.382,-3.9993,8.1744,-6.0002
237.392,-3.9993,8.1744,-6.0002
237.399,-3.9993,8.1718,-6.0002
237.408,-3.9993,8.1718,-6.0002
237.415,-3.9993,8.1718,-6.0002
237.422,-3.9993,8.1691,-6.0002
237.431,-3.9993,8.1691,-6.0002
237.439,-3.9993,8.1664,-6.0002
237.449,-3.9993,8.1664,-6.0002
237.458,-3.9993,8.1638,-6.0002
237.468,-3.9993,8.1638,-6.0002
237.475,-3.9993,8.1638,-6.0002
237.485,-3.9993,8.1611,-6.0002
237.494,-3.9993,8.1611,-6.0002
237.502,-3.9993,8.1584,-6.0002
237.511,-3.9993,8.1584,-6.0002
237.519,-3.9993,8.1558,-6.0002
237.529,-3.9993,8.1558,-6.0002
237.536,-3.9993,8.1558,-6.0002
237.545,-3.9993,8.1531,-6.0002
237.553,-3.9993,8.1531,-6.0002
237.562,-3.9993,8.1504,-6.0002
237.571,-3.9993,8.1504,-6.0002
237.580,-3.9993,8.1478,-6.0002
237.588,-3.9993,8.1478,-6.0002
237.597,-3.9993,8.1478,-6.0002
237.604,-3.9993,8.1451,-6.0002
237.614,-3.9993,8.1451,-6.0002
237.622,-3.9993,8.1424,-6.0002
237.633,-3.9993,8.1424,-6.0002
237.641,-3.9993,8.1398,-6.0002
237.651,-3.9993,8.1398,-6.0002
237.659,-3.9993,8.1371,-6.0002
237.669,-3.9993,8.1371,-6.0002
237.678,-3.9993,8.1344,-6.0002
237.688,-3.9993,8.1344,-6.0002
237.696,-3.9993,8.1344,-6.0002
237.702,-3.9993,8.1318,-6.0002
237.712,-3.9993,8.1318,-6.0002
237.719,-3.9993,8.1291,-6.0002
237.728,-3.9993,8.1291,-6.0002
237.735,-3.9993,8.1291,-6.0002
237.744,-3.9993,8.1264,-6.0002
237.753,-3.9993,8.1264,-6.0002
237.761,-3.9993,8.1238,-6.0002
237.770,-3.9993,8.1238,-6.0002
237.778,-3.9993,8.1211,-6.0002
237.788,-3.9993,8.1211,-6.0002
237.796,-3.9993,8.1211,-6.0002
237.803,-3.9993,8.1184,-6.0002
237.811,-3.9993,8.1184,-6.0002
237.819,-3.9993,8.1158,-6.0002
237.827,-3.9993,8.1158,-6.0002
237.834,-3.9993,8.1158,-6.0002
237.841,-3.9993,8.1131,-6.0002
237.851,-3.9993,8.1131,-6.0002
237.858,-3.9993,8.1104,-6.0002
237.867,-3.9993,8.1104,-6.0002
237.874,-3.9993,8.1104,-6.0002
237.883,-3.9993,8.1078,-6.0002
237.890,-3.9993,8.1078,-6.0002
237.899,-3.9993,8.1051,-6.0002
237.907,-3.9993,8.1051,-6.0002
237.915,-3.9993,8.1051,-6.0002
237.923,-3.9993,8.1024,-6.0002
237.932,-3.9993,8.1024,-6.0002
237.940,-3.9993,8.0998,-6.0002
237.950,-3.9993,8.0998,-6.0002
237.957,-3.9993,8.0971,-6.0002
237.966,-3.9993,8.0971,-6.0002
237.974,-3.9993,8.0971,-6.0002
237.982,-3.9993,8.0944,-6.0002
237.992,-3.9993,8.0944,-6.0002
238.000,-3.9993,8.0918,-6.0002
238.010,-3.9993,8.0918,-6.0002
238.018,-3.9993,8.0891,-6.0002
238.028,-3.9993,8.0891,-6.0002
238.036,-3.9993,8.0891,-6.0002
238.045,-3.9993,8.0864,-6.0002
238.055,-3.9993,8.0864,-6.0002
238.064,-3.9993,8.0838,-6.0002
238.073,-3.9993,8.0838,-6.0002
238.081,-3.9993,8.0811,-6.0002
238.092,-3.9993,8.0811,-6.0002
238.100,-3.9993,8.0784,-6.0002
238.110,-3.9993,8.0784,-6.0002
238.118,-3.9993,8.0758,-6.0002
238.129,-3.9993,8.0758,-6.0002
238.136,-3.9993,8.0758,-6.0002
238.145,-3.9993,8.0731,-6.0002
238.154,-3.9993,8.0731,-6.0002
238.162,-3.9993,8.0704,-6.0002
238.172,-3.9993,8.0704,-6.0002
238.180,-3.9993,8.0678,-6.0002
238.188,-3.9993,8.0678,-6.0002
238.196,-3.9993,8.0678,-6.0002
238.204,-3.9993,8.0651,-6.0002
238.215,-3.9993,8.0651,-6.0002
238.222,-3.9993,8.0624,-6.0002
238.232,-3.9993,8.0624,-6.0002
238.240,-3.9993,8.0598,-6.0002
238.251,-3.9993,8.0598,-6.0002
238.258,-3.9993,8.0571,-6.0002
238.266,-3.9993,8.0571,-6.0002
238.274,-3.9993,8.0571,-6.0002
238.282,-3.9993,8.0544,-6.0002
238.291,-3.9993,8.0544,-6.0002
238.297,-3.9993,8.0518,-6.0002
238.307,-3.9993,8.0518,-6.0002
238.315,-3.9993,8.0518,-6.0002
238.322,-3.9993,8.0491,-6.0002
238.332,-3.9993,8.0491,-6.0002
238.339,-3.9993,8.0464,-6.0002
238.349,-3.9993,8.0464,-6.0002
238.355,-3.9993,8.0464,-6.0002
238.363,-3.9993,8.0438,-6.0002
238.371,-3.9993,8.0438,-6.0002
238.379,-3.9993,8.0411,-6.0002
238.387,-3.9993,8.0411,-6.0002
238.395,-3.9993,8.0411,-6.0002
238.402,-3.9993,8.0384,-6.0002
238.410,-3.9993,8.0384,-6.0002
238.418,-3.9993,8.0358,-6.0002
238.428,-3.9993,8.0358,-6.0002
238.435,-3.9993,8.0358,-6.0002
238.443,-3.9993,8.0331,-6.0002
238.452,-3.9993,8.0331,-6.0002
238.460,-3.9993,8.0304,-6.0002
238.469,-3.9993,8.0304,-6.0002
238.477,-3.9993,8.0278,-6.0002
238.486,-3.9993,8.0278,-6.0002
238.495,-3.9993,8.0278,-6.0002
238.502,-3.9993,8.0251,-6.0002
238.511,-3.9993,8.0251,-6.0002
238.518,-3.9993,8.0224,-6.0002
238.528,-3.9993,8.0224,-6.0002
238.534,-3.9993,8.0224,-6.0002
238.542,-3.9993,8.0198,-6.0002
238.552,-3.9993,8.0198,-6.0002
238.559,-3.9993,8.0171,-6.0002
238.568,-3.9993,8.0171,-6.0002
238.575,-3.9993,8.0171,-6.0002
238.583,-3.9993,8.0144,-6.0002
238.592,-3.9993,8.0144,-6.0002
238.600,-3.9993,8.0118,-6.0002
238.609,-3.9993,8.0118,-6.0002
238.618,-3.9993,8.0091,-6.0002
238.628,-3.9993,8.0091,-6.0002
238.636,-3.9993,8.0091,-6.0002
238.643,-3.9993,8.0064,-6.0002
238.652,-3.9993,8.0064,-6.0002
238.660,-3.9993,8.0038,-6.0002
238.669,-3.9993,8.0038,-6.0002
238.676,-3.9993,8.0038,-6.0002
238.685,-3.9993,8.0011,-6.0002
238.694,-3.9993,8.0011,-6.0002
238.702,-3.9993,7.9984,-6.0002
238.712,-3.9993,7.9984,-6.0002
238.720,-3.9993,7.9958,-6.0002
238.729,-3.9993,7.9958,-6.0002
238.737,-3.9993,7.9958,-6.0002
238.745,-3.9993,7.9931,-6.0002
238.755,-3.9993,7.9931,-6.0002
238.763,-3.9993,7.9904,-6.0002
238.772,-3.9993,7.9904,-6.0002
238.781,-3.9993,7.9878,-6.0002
238.790,-3.9993,7.9878,-6.0002
238.798,-3.9993,7.9851,-6.0002
238.809,-3.9993,7.9851,-6.0002
238.818,-3.9993,7.9824,-6.0002
238.827,-3.9993,7.9824,-6.0002
238.835,-3.9993,7.9824,-6.0002
238.844,-3.9993,7.9798,-6.0002
238.854,-3.9993,7.9798,-6.0002
238.862,-3.9993,7.9771,-6.0002
238.871,-3.9993,7.9771,-6.0002
238.880,-3.9993,7.9744,-6.0002
238.889,-3.9993,7.9744,-6.0002
238.898,-3.9993,7.9718,-6.0002
238.908,-3.9993,7.9718,-6.0002
238.916,-3.9993,7.9718,-6.0002
238.924,-3.9993,7.9691,-6.0002
238.934,-3.9993,7.9691,-6.0002
238.944,-3.9993,7.9664,-6.0002
238.953,-3.9993,7.9664,-6.0002
238.961,-3.9993,7.9638,-6.0002
238.970,-3.9993,7.9638,-6.0002
238.978,-3.9993,7.9611,-6.0002
238.987,-3.9993,7.9611,-6.0002
238.996,-3.9993,7.9611,-6.0002
239.002,-3.9993,7.9584,-6.0002
239.012,-3.9993,7.9584,-6.0002
239.019,-3.9993,7.9558,-6.0002
239.029,-3.9993,7.9558,-6.0002
239.035,-3.9993,7.9558,-6.0002
239.042,-3.9993,7.9531,-6.0002
239.052,-3.9993,7.9531,-6.0002
239.060,-3.9993,7.9504,-6.0002
239.068,-3.9993,7.9504,-6.0002
239.077,-3.9993,7.9478,-6.0002
239.087,-3.9993,7.9478,-6.0002
239.095,-3.9993,7.9478,-6.0002
239.102,-3.9993,7.9451,-6.0002
239.112,-3.9993,7.9451,-6.0002
239.120,-3.9993,7.9424,-6.0002
239.128,-3.9993,7.9424,-6.0002
239.136,-3.9993,7.9424,-6.0002
239.144,-3.9993,7.9398,-6.0002
239.154,-3.9993,7.9398,-6.0002
239.162,-3.9993,7.9371,-6.0002
239.171,-3.9993,7.9371,-6.0002
239.188,-3.9993,7.9344,-6.0002
239.198,-3.9993,7.9318,-6.0002
239.208,-3.9993,7.9318,-6.0002
239.215,-3.9993,7.9318,-6.0002
239.222,-3.9993,7.9291,-6.0002
239.232,-3.9993,7.9291,-6.0002
239.240,-3.9993,7.9264,-6.0002
239.250,-3.9993,7.9264,-6.0002
239.258,-3.9993,7.9238,-6.0002
239.267,-3.9993,7.9238,-6.0002
239.275,-3.9993,7.9238,-6.0002
239.283,-3.9993,7.9211,-6.0002
239.292,-3.9993,7.9211,-6.0002
239.300,-3.9993,7.9185,-6.0002
239.310,-3.9993,7.9185,-6.0002
239.319,-3.9993,7.9158,-6.0002
239.329,-3.9993,7.9158,-6.0002
239.337,-3.9993,7.9132,-6.0002
239.347,-3.9993,7.9132,-6.0002
239.355,-3.9993,7.9132,-6.0002
239.364,-3.9993,7.9105,-6.0002
239.373,-3.9993,7.9105,-6.0002
239.382,-3.9993,7.9079,-6.0002
239.393,-3.9993,7.9079,-6.0002
239.401,-3.9993,7.9052,-6.0002
239.411,-3.9993,7.9052,-6.0002
239.419,-3.9993,7.9026,-6.0002
239.429,-3.9993,7.9026,-6.0002
239.437,-3.9993,7.9026,-6.0002
239.446,-3.9993,7.8999,-6.0002
239.456,-3.9993,7.8999,-6.0002
239.464,-3.9993,7.8973,-6.0002
239.475,-3.9993,7.8973,-6.0002
239.483,-3.9993,7.8946,-6.0002
239.493,-3.9993,7.8946,-6.0002
239.502,-3.9993,7.8920,-6.0002
239.512,-3.9993,7.8920,-6.0002
239.519,-3.9993,7.8893,-6.0002
239.528,-3.9993,7.8893,-6.0002
239.535,-3.9993,7.8893,-6.0002
239.543,-3.9993,7.8867,-6.0002
239.552,-3.9993,7.8867,-6.0002
239.560,-3.9993,7.8840,-6.0002
239.569,-3.9993,7.8840,-6.0002
239.577,-3.9993,7.8813,-6.0002
239.586,-3.9993,7.8813,-6.0002
239.594,-3.9993,7.8813,-6.0002
239.602,-3.9993,7.8787,-6.0002
239.611,-3.9993,7.8787,-6.0002
239.618,-3.9993,7.8760,-6.0002
239.628,-3.9993,7.8760,-6.0002
239.636,-3.9993,7.8760,-6.0002
239.643,-3.9993,7.8734,-6.0002
239.652,-3.9993,7.8734,-6.0002
239.659,-3.9993,7.8707,-6.0002
239.669,-3.9993,7.8707,-6.0002
239.676,-3.9993,7.8707,-6.0002
239.684,-3.9993,7.8680,-6.0002
239.693,-3.9993,7.8680,-6.0002
239.702,-3.9993,7.8654,-6.0002
239.713,-3.9993,7.8654,-6.0002
239.720,-3.9993,7.8627,-6.0002
239.729,-3.9993,7.8627,-6.0002
239.735,-3.9993,7.8627,-6.0002
239.743,-3.9993,7.8600,-6.0002
239.752,-3.9993,7.8600,-6.0002
239.760,-3.9993,7.8574,-6.0002
239.768,-3.9993,7.8574,-6.0002
239.776,-3.9993,7.8574,-6.0002
239.784,-3.9993,7.8547,-6.0002
239.794,-3.9993,7.8547,-6.0002
239.801,-3.9993,7.8520,-6.0002
239.811,-3.9993,7.8520,-6.0002
239.818,-3.9993,7.8494,-6.0002
239.828,-3.9993,7.8494,-6.0002
239.836,-3.9993,7.8494,-6.0002
239.847,-3.9993,7.8467,-6.0002
239.856,-3.9993,7.8467,-6.0002
239.863,-3.9993,7.8440,-6.0002
239.872,-3.9993,7.8440,-6.0002
239.880,-3.9993,7.8414,-6.0002
239.889,-3.9993,7.8414,-6.0002
239.897,-3.9993,7.8414,-6.0002
239.904,-3.9993,7.8387,-6.0002
239.912,-3.9993,7.8387,-6.0002
239.919,-3.9993,7.8360,-6.0002
239.927,-3.9993,7.8360,-6.0002
239.934,-3.9993,7.8360,-6.0002
239.941,-3.9993,7.8334,-6.0002
239.951,-3.9993,7.8334,-6.0002
239.958,-3.9993,7.8307,-6.0002
239.969,-3.9993,7.8307,-6.0002
239.977,-3.9993,7.8280,-6.0002
239.986,-3.9993,7.8280,-6.0002
239.995,-3.9993,7.8280,-6.0002
240.002,-3.9993,7.8254,-6.0002
240.013,-3.9993,7.8254,-6.0002
240.021,-3.9993,7.8227,-6.0002
240.031,-3.9993,7.8227,-6.0002
240.038,-3.9993,7.8200,-6.0002
240.049,-3.9993,7.8200,-6.0002
240.058,-3.9993,7.8174,-6.0002
240.067,-3.9993,7.8174,-6.0002
240.076,-3.9993,7.8174,-6.0002
240.084,-3.9993,7.8147,-6.0002
240.096,-3.9993,7.8147,-6.0002
240.104,-3.9993,7.8120,-6.0002
240.115,-3.9993,7.8120,-6.0002
240.122,-3.9993,7.8094,-6.0002
240.131,-3.9993,7.8094,-6.0002
240.139,-3.9993,7.8067,-6.0002
240.149,-3.9993,7.8067,-6.0002
240.158,-3.9993,7.8040,-6.0002
240.168,-3.9993,7.8040,-6.0002
240.176,-3.9993,7.8040,-6.0002
240.184,-3.9993,7.8014,-6.0002
240.193,-3.9993,7.8014,-6.0002
240.201,-3.9993,7.7987,-6.0002
240.210,-3.9993,7.7987,-6.0002
240.218,-3.9993,7.7960,-6.0002
240.226,-3.9993,7.7960,-6.0002
240.234,-3.9993,7.7960,-6.0002
240.241,-3.9993,7.7934,-6.0002
240.249,-3.9993,7.7934,-6.0002
240.256,-3.9993,7.7934,-6.0002
240.264,-3.9993,7.7907,-6.0002
240.273,-3.9993,7.7907,-6.0002
240.281,-3.9993,7.7880,-6.0002
240.290,-3.9993,7.7880,-6.0002
240.298,-3.9993,7.7853,-6.0002
240.306,-3.9993,7.7853,-6.0002
240.313,-3.9993,7.7853,-6.0002
240.321,-3.9993,7.7827,-6.0002
240.330,-3.9993,7.7827,-6.0002
240.337,-3.9993,7.7827,-6.0002
240.344,-3.9993,7.7800,-6.0002
240.352,-3.9993,7.7800,-6.0002
240.360,-3.9993,7.7773,-6.0002
240.369,-3.9993,7.7773,-6.0002
240.377,-3.9993,7.7773,-6.0002
240.384,-3.9993,7.7747,-6.0002
240.392,-3.9993,7.7747,-6.0002
240.400,-3.9993,7.7720,-6.0002
240.409,-3.9993,7.7720,-6.0002
240.417,-3.9993,7.7693,-6.0002
240.426,-3.9993,7.7693,-6.0002
240.434,-3.9993,7.7693,-6.0002
240.442,-3.9993,7.7667,-6.0002
240.452,-3.9993,7.7667,-6.0002
240.458,-3.9993,7.7640,-6.0002
240.468,-3.9993,7.7640,-6.0002
240.476,-3.9993,7.7640,-6.0002
240.484,-3.9993,7.7613,-6.0002
240.495,-3.9993,7.7613,-6.0002
240.502,-3.9993,7.7587,-6.0002
240.513,-3.9993,7.7587,-6.0002
240.519,-3.9993,7.7560,-6.0002
240.529,-3.9993,7.7560,-6.0002
240.536,-3.9993,7.7560,-6.0002
240.545,-3.9993,7.7533,-6.0002
240.556,-3.9993,7.7533,-6.0002
240.568,-3.9993,7.7533,-6.0002
240.584,-3.9993,7.7533,-6.0002
240.596,-3.9993,7.7533,-6.0002
240.603,-3.9993,7.7533,-6.0002
240.613,-3.9993,7.7533,-6.0002
240.622,-3.9993,7.7533,-6.0002
240.632,-3.9993,7.7533,-6.0002
240.641,-3.9993,7.7533,-6.0002
240.651,-3.9993,7.7533,-6.0002
240.659,-3.9993,7.7533,-6.0002
240.669,-3.9993,7.7533,-6.0002
240.677,-3.9993,7.7533,-6.0002
240.685,-3.9993,7.7533,-6.0002
240.695,-3.9993,7.7533,-6.0002
240.703,-3.9993,7.7533,-6.0002
240.714,-3.9993,7.7533,-6.0002
240.722,-3.9993,7.7533,-6.0002
240.731,-3.9993,7.7533,-6.0002
240.739,-3.9993,7.7533,-6.0002
240.749,-3.9993,7.7533,-6.0002
240.757,-3.9993,7.7533,-6.0002
240.768,-3.9993,7.7533,-6.0002
240.775,-3.9993,7.7533,-6.0002
240.785,-3.9993,7.7533,-6.0002
240.793,-3.9993,7.7533,-6.0002
240.802,-3.9993,7.7533,-6.0002
240.812,-3.9993,7.7533,-6.0002
240.819,-3.9993,7.7533,-6.0002
240.829,-3.9993,7.7533,-6.0002
240.836,-3.9993,7.7533,-6.0002
240.844,-3.9993,7.7533,-6.0002
240.852,-3.9993,7.7533,-6.0002
240.859,-3.9993,7.7533,-6.0002
240.869,-3.9993,7.7533,-6.0002
240.877,-3.9993,7.7533,-6.0002
240.885,-3.9993,7.7533,-6.0002
240.894,-3.9993,7.7533,-6.0002
240.901,-3.9993,7.7533,-6.0002
240.910,-3.9993,7.7533,-6.0002
240.917,-3.9993,7.7533,-6.0002
240.928,-3.9993,7.7533,-6.0002
240.935,-3.9993,7.7533,-6.0002
240.943,-3.9993,7.7533,-6.0002
240.952,-3.9993,7.7533,-6.0002
240.960,-3.9993,7.7533,-6.0002
240.968,-3.9993,7.7533,-6.0002
240.976,-3.9993,7.7533,-6.0002
240.984,-3.9993,7.7533,-6.0002
240.992,-3.9993,7.7533,-6.0002
241.000,-3.9993,7.7533,-6.0002
241.008,-3.9993,7.7533,-6.0002
241.016,-3.9993,7.7533,-6.0002
241.024,-3.9993,7.7533,-6.0002
241.033,-3.9993,7.7533,-6.0002
241.040,-3.9993,7.7533,-6.0002
241.049,-3.9993,7.7533,-6.0002
241.056,-3.9993,7.7533,-6.0002
241.064,-3.9993,7.7533,-6.0002
241.072,-3.9993,7.7533,-6.0002
241.080,-3.9993,7.7533,-6.0002
241.088,-3.9993,7.7533,-6.0002
241.097,-3.9993,7.7533,-6.0002
241.105,-3.9993,7.7533,-6.0002
241.114,-3.9993,7.7533,-6.0002
241.121,-3.9993,7.7533,-6.0002
241.129,-3.9993,7.7533,-6.0002
241.136,-3.9993,7.7533,-6.0002
241.144,-3.9993,7.7533,-6.0002
241.152,-3.9993,7.7533,-6.0002
241.162,-3.9993,7.7533,-6.0002
241.174,-3.9993,7.7533,-6.0002
241.187,-3.9993,7.7533,-6.0002
241.197,-3.9993,7.7533,-6.0002
241.204,-3.9993,7.7533,-6.0002
241.214,-3.9993,7.7533,-6.0002
241.222,-3.9993,7.7533,-6.0002
241.231,-3.9993,7.7533,-6.0002
241.240,-3.9993,7.7533,-6.0002
241.248,-3.9993,7.7533,-6.0002
241.256,-3.9993,7.7533,-6.0002
241.264,-3.9993,7.7533,-6.0002
241.273,-3.9993,7.7533,-6.0002
241.281,-3.9993,7.7533,-6.0002
241.291,-3.9993,7.7533,-6.0002
241.299,-3.9993,7.7533,-6.0002
241.308,-3.9993,7.7533,-6.0002
241.317,-3.9993,7.7533,-6.0002
241.327,-3.9993,7.7533,-6.0002
241.336,-3.9993,7.7533,-6.0002
241.343,-3.9993,7.7533,-6.0002
241.353,-3.9993,7.7533,-6.0002
241.362,-3.9993,7.7533,-6.0002
241.370,-3.9993,7.7533,-6.0002
241.380,-3.9993,7.7533,-6.0002
241.389,-3.9993,7.7533,-6.0002
241.398,-3.9993,7.7533,-6.0002
241.408,-3.9993,7.7533,-6.0002
241.417,-3.9993,7.7533,-6.0002
241.425,-3.9993,7.7533,-6.0002
241.435,-3.9993,7.7533,-6.0002
241.445,-3.9993,7.7533,-6.0002
241.454,-3.9993,7.7533,-6.0002
241.465,-3.9993,7.7533,-6.0002
241.481,-3.9993,7.7533,-6.0002
241.490,-3.9993,7.7533,-6.0002
241.498,-3.9993,7.7533,-6.0002
241.510,-3.9993,7.7533,-6.0002
241.519,-3.9993,7.7525,-6.0002
241.532,-3.9993,7.7525,-6.0002
241.541,-3.9993,7.7525,-6.0002
241.551,-3.9993,7.7525,-6.0002
241.561,-3.9993,7.7525,-6.0002
241.572,-3.9993,7.7525,-6.0002
241.581,-3.9993,7.7523,-6.0002
241.591,-3.9993,7.7523,-6.0002
241.599,-3.9993,7.7522,-6.0002
241.609,-3.9993,7.7522,-6.0002
241.618,-3.9993,7.7521,-6.0002
241.628,-3.9993,7.7521,-6.0002
241.635,-3.9993,7.7521,-6.0002
241.643,-3.9993,7.7521,-6.0002
241.653,-3.9993,7.7521,-6.0002
241.661,-3.9993,7.7521,-6.0002
241.671,-3.9993,7.7521,-6.0002
241.682,-3.9993,7.7521,-6.0002
241.691,-3.9993,7.7521,-6.0002
241.698,-3.9993,7.7521,-6.0002
241.707,-3.9993,7.7521,-6.0002
241.714,-3.9993,7.7521,-6.0002
241.722,-3.9993,7.7521,-6.0002
241.731,-3.9993,7.7521,-6.0002
241.737,-3.9993,7.7521,-6.0002
241.746,-3.9993,7.7521,-6.0002
241.754,-3.9993,7.7521,-6.0002
241.761,-3.9993,7.7521,-6.0002
241.770,-3.9993,7.7521,-6.0002
241.778,-3.9993,7.7521,-6.0002
241.788,-3.9993,7.7521,-6.0002
241.796,-3.9993,7.7521,-6.0002
241.804,-3.9993,7.7521,-6.0002
241.815,-3.9993,7.7521,-6.0002
241.825,-3.9993,7.7521,-6.0002
241.836,-3.9993,7.7521,-6.0002
241.844,-3.9993,7.7521,-6.0002
241.854,-3.9993,7.7521,-6.0002
241.862,-3.9993,7.7521,-6.0002
241.872,-3.9993,7.7521,-6.0002
241.881,-3.9993,7.7521,-6.0002
241.891,-3.9993,7.7521,-6.0002
241.899,-3.9993,7.7521,-6.0002
241.909,-3.9993,7.7521,-6.0002
241.917,-3.9993,7.7521,-6.0002
241.927,-3.9993,7.7521,-6.0002
241.934,-3.9993,7.7521,-6.0002
241.944,-3.9993,7.7521,-6.0002
241.954,-3.9993,7.7521,-6.0002
241.962,-3.9993,7.7521,-6.0002
241.970,-3.9993,7.7521,-6.0002
241.978,-3.9993,7.7521,-6.0002
241.987,-3.9993,7.7521,-6.0002
241.995,-3.9993,7.7521,-6.0002
242.003,-3.9993,7.7521,-6.0002
242.012,-3.9993,7.7521,-6.0002
242.020,-3.9993,7.7521,-6.0002
242.027,-3.9993,7.7521,-6.0002
242.035,-3.9993,7.7521,-6.0002
242.042,-3.9993,7.7521,-6.0002
242.050,-3.9993,7.7521,-6.0002
242.057,-3.9993,7.7521,-6.0002
242.064,-3.9993,7.7521,-6.0002
242.072,-3.9993,7.7521,-6.0002
242.080,-3.9993,7.7521,-6.0002
242.088,-3.9993,7.7521,-6.0002
242.095,-3.9993,7.7521,-6.0002
242.102,-3.9993,7.7521,-6.0002
242.111,-3.9993,7.7521,-6.0002
242.117,-3.9993,7.7522,-6.0002
242.125,-3.9993,7.7522,-6.0002
242.132,-3.9993,7.7522,-6.0002
242.139,-3.9993,7.7522,-6.0002
242.148,-3.9993,7.7522,-6.0002
242.154,-3.9993,7.7522,-6.0002
242.161,-3.9993,7.7523,-6.0002
242.170,-3.9993,7.7523,-6.0002
242.178,-3.9993,7.7524,-6.0002
242.185,-3.9993,7.7524,-6.0002
242.193,-3.9993,7.7524,-6.0002
242.200,-3.9993,7.7526,-6.0002
242.209,-3.9993,7.7526,-6.0002
242.216,-3.9993,7.7526,-6.0002
242.224,-3.9993,7.7530,-6.0002
242.233,-3.9993,7.7530,-6.0002
242.239,-3.9993,7.7533,-6.0002
242.248,-3.9993,7.7533,-6.0002
242.255,-3.9993,7.7533,-6.0002
242.262,-3.9993,7.7541,-6.0002
242.268,-3.9993,7.7541,-6.0002
242.275,-3.9993,7.7541,-6.0002
242.282,-3.9993,7.7550,-6.0002
242.291,-3.9993,7.7550,-6.0002
242.298,-3.9993,7.7560,-6.0002
242.305,-3.9993,7.7560,-6.0002
242.312,-3.9993,7.7560,-6.0002
242.319,-3.9993,7.7582,-6.0002
242.326,-3.9993,7.7582,-6.0002
242.333,-3.9993,7.7582,-6.0002
242.341,-3.9993,7.7605,-6.0002
242.349,-3.9993,7.7605,-6.0002
242.356,-3.9993,7.7605,-6.0002
242.363,-3.9993,7.7630,-6.0002
242.371,-3.9993,7.7630,-6.0002
242.378,-3.9993,7.7656,-6.0002
242.386,-3.9993,7.7656,-6.0002
242.392,-3.9993,7.7656,-6.0002
242.399,-3.9993,7.7682,-6.0002
242.406,-3.9993,7.7682,-6.0002
242.414,-3.9993,7.7682,-6.0002
242.421,-3.9993,7.7708,-6.0002
242.430,-3.9993,7.7708,-6.0002
242.435,-3.9993,7.7708,-6.0002
242.443,-3.9993,7.7733,-6.0002
242.451,-3.9993,7.7733,-6.0002
242.457,-3.9993,7.7759,-6.0002
242.465,-3.9993,7.7759,-6.0002
242.473,-3.9993,7.7759,-6.0002
242.480,-3.9993,7.7785,-6.0002
242.488,-3.9993,7.7785,-6.0002
242.496,-3.9993,7.7785,-6.0002
242.502,-3.9993,7.7810,-6.0002
242.512,-3.9993,7.7810,-6.0002
242.519,-3.9993,7.7836,-6.0002
242.529,-3.9993,7.7836,-6.0002
242.535,-3.9993,7.7836,-6.0002
242.542,-3.9993,7.7861,-6.0002
242.552,-3.9993,7.7861,-6.0002
242.559,-3.9993,7.7887,-6.0002
242.568,-3.9993,7.7887,-6.0002
242.574,-3.9993,7.7887,-6.0002
242.582,-3.9993,7.7912,-6.0002
242.591,-3.9993,7.7912,-6.0002
242.598,-3.9993,7.7938,-6.0002
242.607,-3.9993,7.7938,-6.0002
242.616,-3.9993,7.7938,-6.0002
242.622,-3.9993,7.7963,-6.0002
242.630,-3.9993,7.7963,-6.0002
242.636,-3.9993,7.7963,-6.0002
242.643,-3.9993,7.7989,-6.0002
242.651,-3.9993,7.7989,-6.0002
242.658,-3.9993,7.8014,-6.0002
242.666,-3.9993,7.8014,-6.0002
242.674,-3.9993,7.8014,-6.0002
242.683,-3.9993,7.8040,-6.0002
242.691,-3.9993,7.8040,-6.0002
242.698,-3.9993,7.8065,-6.0002
242.705,-3.9993,7.8065,-6.0002
242.713,-3.9993,7.8065,-6.0002
242.719,-3.9993,7.8091,-6.0002
242.727,-3.9993,7.8091,-6.0002
242.732,-3.9993,7.8091,-6.0002
242.738,-3.9993,7.8116,-6.0002
242.748,-3.9993,7.8116,-6.0002
242.753,-3.9993,7.8116,-6.0002
242.759,-3.9993,7.8142,-6.0002
242.767,-3.9993,7.8142,-6.0002
242.774,-3.9993,7.8142,-6.0002
242.780,-3.9993,7.8168,-6.0002
242.788,-3.9993,7.8168,-6.0002
242.796,-3.9993,7.8168,-6.0002
242.803,-3.9993,7.8193,-6.0002
242.811,-3.9993,7.8193,-6.0002
242.818,-3.9993,7.8219,-6.0002
242.825,-3.9993,7.8219,-6.0002
242.833,-3.9993,7.8219,-6.0002
242.840,-3.9993,7.8244,-6.0002
242.847,-3.9993,7.8244,-6.0002
242.854,-3.9993,7.8244,-6.0002
242.860,-3.9993,7.8270,-6.0002
242.868,-3.9993,7.8270,-6.0002
242.875,-3.9993,7.8270,-6.0002
242.883,-3.9993,7.8296,-6.0002
242.891,-3.9993,7.8296,-6.0002
242.898,-3.9993,7.8321,-6.0002
242.905,-3.9993,7.8321,-6.0002
242.913,-3.9993,7.8321,-6.0002
242.920,-3.9993,7.8347,-6.0002
242.930,-3.9993,7.8347,-6.0002
242.936,-3.9993,7.8347,-6.0002
242.944,-3.9993,7.8372,-6.0002
242.951,-3.9993,7.8372,-6.0002
242.958,-3.9993,7.8397,-6.0002
242.966,-3.9993,7.8397,-6.0002
242.972,-3.9993,7.8397,-6.0002
242.979,-3.9993,7.8422,-6.0002
242.987,-3.9993,7.8422,-6.0002
242.996,-3.9993,7.8422,-6.0002
243.002,-3.9993,7.8448,-6.0002
243.011,-3.9993,7.8448,-6.0002
243.018,-3.9993,7.8473,-6.0002
243.028,-3.9993,7.8473,-6.0002
243.034,-3.9993,7.8473,-6.0002
243.043,-3.9993,7.8498,-6.0002
243.053,-3.9993,7.8498,-6.0002
243.060,-3.9993,7.8523,-6.0002
243.068,-3.9993,7.8523,-6.0002
243.075,-3.9993,7.8523,-6.0002
243.083,-3.9993,7.8549,-6.0002
243.091,-3.9993,7.8549,-6.0002
243.099,-3.9993,7.8574,-6.0002
243.109,-3.9993,7.8574,-6.0002
243.123,-3.9993,7.8599,-6.0002
243.137,-3.9993,7.8599,-6.0002
243.144,-3.9993,7.8624,-6.0002
243.153,-3.9993,7.8624,-6.0002
243.160,-3.9993,7.8650,-6.0002
243.169,-3.9993,7.8650,-6.0002
243.176,-3.9993,7.8650,-6.0002
243.185,-3.9993,7.8675,-6.0002
243.194,-3.9993,7.8675,-6.0002
243.202,-3.9993,7.8700,-6.0002
243.211,-3.9993,7.8700,-6.0002
243.218,-3.9993,7.8725,-6.0002
243.229,-3.9993,7.8725,-6.0002
243.235,-3.9993,7.8725,-6.0002
243.244,-3.9993,7.8750,-6.0002
243.252,-3.9993,7.8750,-6.0002
243.260,-3.9993,7.8775,-6.0002
243.269,-3.9993,7.8775,-6.0002
243.277,-3.9993,7.8801,-6.0002
243.287,-3.9993,7.8801,-6.0002
243.295,-3.9993,7.8801,-6.0002
243.301,-3.9993,7.8826,-6.0002
243.310,-3.9993,7.8826,-6.0002
243.317,-3.9993,7.8851,-6.0002
243.326,-3.9993,7.8851,-6.0002
243.332,-3.9993,7.8851,-6.0002
243.340,-3.9993,7.8876,-6.0002
243.348,-3.9993,7.8876,-6.0002
243.355,-3.9993,7.8876,-6.0002
243.362,-3.9993,7.8901,-6.0002
243.370,-3.9993,7.8901,-6.0002
243.377,-3.9993,7.8926,-6.0002
243.385,-3.9993,7.8926,-6.0002
243.392,-3.9993,7.8926,-6.0002
243.400,-3.9993,7.8951,-6.0002
243.408,-3.9993,7.8951,-6.0002
243.415,-3.9993,7.8951,-6.0002
243.422,-3.9993,7.8976,-6.0002
243.431,-3.9993,7.8976,-6.0002
243.438,-3.9993,7.9001,-6.0002
243.447,-3.9993,7.9001,-6.0002
243.454,-3.9993,7.9001,-6.0002
243.461,-3.9993,7.9026,-6.0002
243.469,-3.9993,7.9026,-6.0002
243.477,-3.9993,7.9026,-6.0002
243.483,-3.9993,7.9051,-6.0002
243.493,-3.9993,7.9051,-6.0002
243.501,-3.9993,7.9077,-6.0002
243.511,-3.9993,7.9077,-6.0002
243.518,-3.9993,7.9102,-6.0002
243.527,-3.9993,7.9102,-6.0002
243.534,-3.9993,7.9102,-6.0002
243.542,-3.9993,7.9127,-6.0002
243.550,-3.9993,7.9127,-6.0002
243.558,-3.9993,7.9152,-6.0002
243.566,-3.9993,7.9152,-6.0002
243.574,-3.9993,7.9152,-6.0002
243.582,-3.9993,7.9177,-6.0002
243.590,-3.9993,7.9177,-6.0002
243.597,-3.9993,7.9202,-6.0002
243.606,-3.9993,7.9202,-6.0002
243.613,-3.9993,7.9202,-6.0002
243.621,-3.9993,7.9227,-6.0002
243.630,-3.9993,7.9227,-6.0002
243.637,-3.9993,7.9252,-6.0002
243.647,-3.9993,7.9252,-6.0002
243.654,-3.9993,7.9252,-6.0002
243.661,-3.9993,7.9277,-6.0002
243.670,-3.9993,7.9277,-6.0002
243.679,-3.9993,7.9302,-6.0002
243.687,-3.9993,7.9302,-6.0002
243.694,-3.9993,7.9302,-6.0002
243.702,-3.9993,7.9327,-6.0002
243.710,-3.9993,7.9327,-6.0002
243.717,-3.9993,7.9352,-6.0002
243.727,-3.9993,7.9352,-6.0002
243.734,-3.9993,7.9352,-6.0002
243.744,-3.9993,7.9377,-6.0002
243.752,-3.9993,7.9377,-6.0002
243.759,-3.9993,7.9403,-6.0002
243.768,-3.9993,7.9403,-6.0002
243.776,-3.9993,7.9403,-6.0002
243.783,-3.9993,7.9428,-6.0002
243.792,-3.9993,7.9428,-6.0002
243.800,-3.9993,7.9453,-6.0002
243.810,-3.9993,7.9453,-6.0002
243.820,-3.9993,7.9478,-6.0002
243.831,-3.9993,7.9478,-6.0002
243.840,-3.9993,7.9503,-6.0002
243.851,-3.9993,7.9503,-6.0002
243.860,-3.9993,7.9528,-6.0002
243.868,-3.9993,7.9528,-6.0002
243.876,-3.9993,7.9528,-6.0002
243.884,-3.9993,7.9553,-6.0002
243.893,-3.9993,7.9553,-6.0002
243.901,-3.9993,7.9578,-6.0002
243.911,-3.9993,7.9578,-6.0002
243.920,-3.9993,7.9603,-6.0002
243.929,-3.9993,7.9603,-6.0002
243.936,-3.9993,7.9603,-6.0002
243.946,-3.9993,7.9629,-6.0002
243.955,-3.9993,7.9629,-6.0002
243.963,-3.9993,7.9654,-6.0002
243.971,-3.9993,7.9654,-6.0002
243.981,-3.9993,7.9679,-6.0002
243.989,-3.9993,7.9679,-6.0002
243.997,-3.9993,7.9704,-6.0002
244.006,-3.9993,7.9704,-6.0002
244.015,-3.9993,7.9704,-6.0002
244.022,-3.9993,7.9729,-6.0002
244.032,-3.9993,7.9729,-6.0002
244.040,-3.9993,7.9754,-6.0002
244.048,-3.9993,7.9754,-6.0002
244.055,-3.9993,7.9754,-6.0002
244.062,-3.9993,7.9779,-6.0002
244.071,-3.9993,7.9779,-6.0002
244.077,-3.9993,7.9804,-6.0002
244.086,-3.9993,7.9804,-6.0002
244.092,-3.9993,7.9804,-6.0002
244.100,-3.9993,7.9829,-6.0002
244.109,-3.9993,7.9829,-6.0002
244.117,-3.9993,7.9855,-6.0002
244.126,-3.9993,7.9855,-6.0002
244.134,-3.9993,7.9855,-6.0002
244.140,-3.9993,7.9880,-6.0002
244.149,-3.9993,7.9880,-6.0002
244.154,-3.9993,7.9880,-6.0002
244.162,-3.9993,7.9905,-6.0002
244.169,-3.9993,7.9905,-6.0002
244.176,-3.9993,7.9905,-6.0002
244.183,-3.9993,7.9930,-6.0002
244.192,-3.9993,7.9930,-6.0002
244.199,-3.9993,7.9955,-6.0002
244.207,-3.9993,7.9955,-6.0002
244.214,-3.9993,7.9955,-6.0002
244.220,-3.9993,7.9981,-6.0002
244.229,-3.9993,7.9981,-6.0002
244.235,-3.9993,7.9981,-6.0002
244.242,-3.9993,8.0006,-6.0002
244.249,-3.9993,8.0006,-6.0002
244.256,-3.9993,8.0006,-6.0002
244.263,-3.9993,8.0031,-6.0002
244.271,-3.9993,8.0031,-6.0002
244.278,-3.9993,8.0056,-6.0002
244.286,-3.9993,8.0056,-6.0002
244.293,-3.9993,8.0056,-6.0002
244.300,-3.9993,8.0081,-6.0002
244.308,-3.9993,8.0081,-6.0002
244.316,-3.9993,8.0081,-6.0002
244.324,-3.9993,8.0106,-6.0002
244.333,-3.9993,8.0106,-6.0002
244.340,-3.9993,8.0132,-6.0002
244.351,-3.9993,8.0132,-6.0002
244.358,-3.9993,8.0157,-6.0002
244.367,-3.9993,8.0157,-6.0002
244.375,-3.9993,8.0157,-6.0002
244.384,-3.9993,8.0182,-6.0002
244.394,-3.9993,8.0182,-6.0002
244.403,-3.9993,8.0207,-6.0002
244.412,-3.9993,8.0207,-6.0002
244.420,-3.9993,8.0233,-6.0002
244.428,-3.9993,8.0233,-6.0002
244.436,-3.9993,8.0233,-6.0002
244.445,-3.9993,8.0258,-6.0002
244.453,-3.9993,8.0258,-6.0002
244.461,-3.9993,8.0283,-6.0002
244.470,-3.9993,8.0283,-6.0002
244.478,-3.9993,8.0308,-6.0002
244.487,-3.9993,8.0308,-6.0002
244.495,-3.9993,8.0308,-6.0002
244.502,-3.9993,8.0334,-6.0002
244.511,-3.9993,8.0334,-6.0002
244.519,-3.9993,8.0359,-6.0002
244.530,-3.9993,8.0359,-6.0002
244.536,-3.9993,8.0359,-6.0002
244.544,-3.9993,8.0384,-6.0002
244.552,-3.9993,8.0384,-6.0002
244.560,-3.9993,8.0409,-6.0002
244.568,-3.9993,8.0409,-6.0002
244.576,-3.9993,8.0409,-6.0002
244.583,-3.9993,8.0435,-6.0002
244.593,-3.9993,8.0435,-6.0002
244.600,-3.9993,8.0460,-6.0002
244.609,-3.9993,8.0460,-6.0002
244.616,-3.9993,8.0460,-6.0002
244.622,-3.9993,8.0485,-6.0002
244.630,-3.9993,8.0485,-6.0002
244.636,-3.9993,8.0485,-6.0002
244.643,-3.9993,8.0510,-6.0002
244.651,-3.9993,8.0510,-6.0002
244.657,-3.9993,8.0535,-6.0002
244.665,-3.9993,8.0535,-6.0002
244.673,-3.9993,8.0535,-6.0002
244.680,-3.9993,8.0561,-6.0002
244.689,-3.9993,8.0561,-6.0002
244.696,-3.9993,8.0561,-6.0002
244.702,-3.9993,8.0586,-6.0002
244.711,-3.9993,8.0586,-6.0002
244.718,-3.9993,8.0611,-6.0002
244.727,-3.9993,8.0611,-6.0002
244.735,-3.9993,8.0611,-6.0002
244.741,-3.9993,8.0636,-6.0002
244.750,-3.9993,8.0636,-6.0002
244.757,-3.9993,8.0636,-6.0002
244.765,-3.9993,8.0661,-6.0002
244.774,-3.9993,8.0661,-6.0002
244.781,-3.9993,8.0687,-6.0002
244.790,-3.9993,8.0687,-6.0002
244.799,-3.9993,8.0712,-6.0002
244.807,-3.9993,8.0712,-6.0002
244.814,-3.9993,8.0712,-6.0002
244.820,-3.9993,8.0737,-6.0002
244.830,-3.9993,8.0737,-6.0002
244.836,-3.9993,8.0737,-6.0002
244.843,-3.9993,8.0762,-6.0002
244.851,-3.9993,8.0762,-6.0002
244.858,-3.9993,8.0787,-6.0002
244.866,-3.9993,8.0787,-6.0002
244.873,-3.9993,8.0787,-6.0002
244.879,-3.9993,8.0812,-6.0002
244.888,-3.9993,8.0812,-6.0002
244.895,-3.9993,8.0812,-6.0002
244.901,-3.9993,8.0838,-6.0002
244.911,-3.9993,8.0838,-6.0002
244.919,-3.9993,8.0863,-6.0002
244.928,-3.9993,8.0863,-6.0002
244.935,-3.9993,8.0863,-6.0002
244.943,-3.9993,8.0888,-6.0002
244.951,-3.9993,8.0888,-6.0002
244.958,-3.9993,8.0913,-6.0002
244.967,-3.9993,8.0913,-6.0002
244.972,-3.9993,8.0913,-6.0002
244.981,-3.9993,8.0938,-6.0002
244.989,-3.9993,8.0938,-6.0002
244.997,-3.9993,8.0938,-6.0002
245.003,-3.9993,8.0964,-6.0002
245.012,-3.9993,8.0964,-6.0002
245.019,-3.9993,8.0989,-6.0002
245.028,-3.9993,8.0989,-6.0002
245.035,-3.9993,8.0989,-6.0002
245.042,-3.9993,8.1014,-6.0002
245.051,-3.9993,8.1014,-6.0002
245.059,-3.9993,8.1039,-6.0002
245.067,-3.9993,8.1039,-6.0002
245.075,-3.9993,8.1039,-6.0002
245.082,-3.9993,8.1064,-6.0002
245.092,-3.9993,8.1064,-6.0002
245.101,-3.9993,8.1089,-6.0002
245.110,-3.9993,8.1089,-6.0002
245.117,-3.9993,8.1089,-6.0002
245.124,-3.9993,8.1115,-6.0002
245.133,-3.9993,8.1115,-6.0002
245.141,-3.9993,8.1140,-6.0002
245.150,-3.9993,8.1140,-6.0002
245.157,-3.9993,8.1165,-6.0002
245.166,-3.9993,8.1165,-6.0002
245.173,-3.9993,8.1165,-6.0002
245.181,-3.9993,8.1190,-6.0002
245.190,-3.9993,8.1190,-6.0002
245.198,-3.9993,8.1215,-6.0002
245.205,-3.9993,8.1215,-6.0002
245.215,-3.9993,8.1215,-6.0002
245.221,-3.9993,8.1240,-6.0002
245.231,-3.9993,8.1240,-6.0002
245.237,-3.9993,8.1266,-6.0002
245.248,-3.9993,8.1266,-6.0002
245.255,-3.9993,8.1266,-6.0002
245.263,-3.9993,8.1291,-6.0002
245.270,-3.9993,8.1291,-6.0002
245.279,-3.9993,8.1316,-6.0002
245.287,-3.9993,8.1316,-6.0002
245.294,-3.9993,8.1316,-6.0002
245.301,-3.9993,8.1341,-6.0002
245.311,-3.9993,8.1341,-6.0002
245.317,-3.9993,8.1366,-6.0002
245.325,-3.9993,8.1366,-6.0002
245.332,-3.9993,8.1366,-6.0002
245.339,-3.9993,8.1392,-6.0002
245.348,-3.9993,8.1392,-6.0002
245.355,-3.9993,8.1392,-6.0002
245.363,-3.9993,8.1417,-6.0002
245.372,-3.9993,8.1417,-6.0002
245.380,-3.9993,8.1442,-6.0002
245.388,-3.9993,8.1442,-6.0002
245.396,-3.9993,8.1442,-6.0002
245.403,-3.9993,8.1467,-6.0002
245.411,-3.9993,8.1467,-6.0002
245.418,-3.9993,8.1492,-6.0002
245.425,-3.9993,8.1492,-6.0002
245.434,-3.9993,8.1492,-6.0002
245.440,-3.9993,8.1518,-6.0002
245.449,-3.9993,8.1518,-6.0002
245.455,-3.9993,8.1518,-6.0002
245.473,-3.9993,8.1543,-6.0002
245.482,-3.9993,8.1568,-6.0002
245.489,-3.9993,8.1568,-6.0002
245.497,-3.9993,8.1568,-6.0002
245.503,-3.9993,8.1593,-6.0002
245.512,-3.9993,8.1593,-6.0002
245.519,-3.9993,8.1619,-6.0002
245.527,-3.9993,8.1619,-6.0002
245.534,-3.9993,8.1619,-6.0002
245.541,-3.9993,8.1644,-6.0002
245.550,-3.9993,8.1644,-6.0002
245.557,-3.9993,8.1644,-6.0002
245.565,-3.9993,8.1669,-6.0002
245.573,-3.9993,8.1669,-6.0002
245.582,-3.9993,8.1694,-6.0002
245.591,-3.9993,8.1694,-6.0002
245.599,-3.9993,8.1719,-6.0002
245.609,-3.9993,8.1719,-6.0002
245.617,-3.9993,8.1719,-6.0002
245.624,-3.9993,8.1744,-6.0002
245.633,-3.9993,8.1744,-6.0002
245.641,-3.9993,8.1769,-6.0002
245.651,-3.9993,8.1769,-6.0002
245.658,-3.9993,8.1794,-6.0002
245.666,-3.9993,8.1794,-6.0002
245.674,-3.9993,8.1794,-6.0002
245.682,-3.9993,8.1820,-6.0002
245.691,-3.9993,8.1820,-6.0002
245.698,-3.9993,8.1845,-6.0002
245.708,-3.9993,8.1845,-6.0002
245.716,-3.9993,8.1845,-6.0002
245.723,-3.9993,8.1870,-6.0002
245.731,-3.9993,8.1870,-6.0002
245.739,-3.9993,8.1895,-6.0002
245.747,-3.9993,8.1895,-6.0002
245.755,-3.9993,8.1895,-6.0002
245.763,-3.9993,8.1920,-6.0002
245.772,-3.9993,8.1920,-6.0002
245.781,-3.9993,8.1945,-6.0002
245.791,-3.9993,8.1945,-6.0002
245.799,-3.9993,8.1970,-6.0002
245.808,-3.9993,8.1970,-6.0002
245.816,-3.9993,8.1970,-6.0002
245.824,-3.9993,8.1994,-6.0002
245.832,-3.9993,8.1994,-6.0002
245.838,-3.9993,8.2019,-6.0002
245.847,-3.9993,8.2019,-6.0002
245.854,-3.9993,8.2019,-6.0002
245.861,-3.9993,8.2044,-6.0002
245.868,-3.9993,8.2044,-6.0002
245.875,-3.9993,8.2044,-6.0002
245.882,-3.9993,8.2069,-6.0002
245.891,-3.9993,8.2069,-6.0002
245.898,-3.9993,8.2093,-6.0002
245.906,-3.9993,8.2093,-6.0002
245.914,-3.9993,8.2093,-6.0002
245.921,-3.9993,8.2118,-6.0002
245.929,-3.9993,8.2118,-6.0002
245.936,-3.9993,8.2118,-6.0002
245.944,-3.9993,8.2143,-6.0002
245.952,-3.9993,8.2143,-6.0002
245.960,-3.9993,8.2168,-6.0002
245.968,-3.9993,8.2168,-6.0002
245.975,-3.9993,8.2168,-6.0002
245.981,-3.9993,8.2192,-6.0002
245.990,-3.9993,8.2192,-6.0002
245.997,-3.9993,8.2217,-6.0002
246.008,-3.9993,8.2217,-6.0002
246.015,-3.9993,8.2217,-6.0002
246.022,-3.9993,8.2242,-6.0002
246.032,-3.9993,8.2242,-6.0002
246.038,-3.9993,8.2266,-6.0002
246.047,-3.9993,8.2266,-6.0002
246.055,-3.9993,8.2266,-6.0002
246.064,-3.9993,8.2291,-6.0002
246.071,-3.9993,8.2291,-6.0002
246.079,-3.9993,8.2316,-6.0002
246.087,-3.9993,8.2316,-6.0002
246.095,-3.9993,8.2316,-6.0002
246.102,-3.9993,8.2341,-6.0002
246.111,-3.9993,8.2341,-6.0002
246.118,-3.9993,8.2365,-6.0002
246.134,-3.9993,8.2365,-6.0002
246.144,-3.9993,8.2390,-6.0002
246.154,-3.9993,8.2390,-6.0002
246.162,-3.9993,8.2415,-6.0002
246.169,-3.9993,8.2415,-6.0002
246.178,-3.9993,8.2439,-6.0002
246.185,-3.9993,8.2439,-6.0002
246.193,-3.9993,8.2439,-6.0002
246.200,-3.9993,8.2464,-6.0002
246.208,-3.9993,8.2464,-6.0002
246.216,-3.9993,8.2464,-6.0002
246.222,-3.9993,8.2489,-6.0002
246.230,-3.9993,8.2489,-6.0002
246.237,-3.9993,8.2514,-6.0002
246.246,-3.9993,8.2514,-6.0002
246.253,-3.9993,8.2514,-6.0002
246.260,-3.9993,8.2538,-6.0002
246.268,-3.9993,8.2538,-6.0002
246.277,-3.9993,8.2563,-6.0002
246.286,-3.9993,8.2563,-6.0002
246.292,-3.9993,8.2563,-6.0002
246.300,-3.9993,8.2588,-6.0002
246.308,-3.9993,8.2588,-6.0002
246.316,-3.9993,8.2588,-6.0002
246.323,-3.9993,8.2613,-6.0002
246.332,-3.9993,8.2613,-6.0002
246.341,-3.9993,8.2638,-6.0002
246.350,-3.9993,8.2638,-6.0002
246.356,-3.9993,8.2638,-6.0002
246.364,-3.9993,8.2662,-6.0002
246.373,-3.9993,8.2662,-6.0002
246.381,-3.9993,8.2687,-6.0002
246.391,-3.9993,8.2687,-6.0002
246.399,-3.9993,8.2712,-6.0002
246.408,-3.9993,8.2712,-6.0002
246.416,-3.9993,8.2712,-6.0002
246.423,-3.9993,8.2737,-6.0002
246.433,-3.9993,8.2737,-6.0002
246.441,-3.9993,8.2762,-6.0002
246.451,-3.9993,8.2762,-6.0002
246.460,-3.9993,8.2787,-6.0002
246.469,-3.9993,8.2787,-6.0002
246.478,-3.9993,8.2812,-6.0002
246.488,-3.9993,8.2812,-6.0002
246.495,-3.9993,8.2812,-6.0002
246.503,-3.9993,8.2837,-6.0002
246.512,-3.9993,8.2837,-6.0002
246.520,-3.9993,8.2862,-6.0002
246.529,-3.9993,8.2862,-6.0002
246.536,-3.9993,8.2862,-6.0002
246.544,-3.9993,8.2887,-6.0002
246.552,-3.9993,8.2887,-6.0002
246.558,-3.9993,8.2912,-6.0002
246.567,-3.9993,8.2912,-6.0002
246.575,-3.9993,8.2912,-6.0002
246.583,-3.9993,8.2937,-6.0002
246.591,-3.9993,8.2937,-6.0002
246.599,-3.9993,8.2961,-6.0002
246.607,-3.9993,8.2961,-6.0002
246.614,-3.9993,8.2961,-6.0002
246.622,-3.9993,8.2986,-6.0002
246.630,-3.9993,8.2986,-6.0002
246.636,-3.9993,8.2986,-6.0002
246.645,-3.9993,8.3011,-6.0002
246.652,-3.9993,8.3011,-6.0002
246.659,-3.9993,8.3036,-6.0002
246.666,-3.9993,8.3036,-6.0002
246.674,-3.9993,8.3036,-6.0002
246.681,-3.9993,8.3061,-6.0002
246.688,-3.9993,8.3061,-6.0002
246.695,-3.9993,8.3061,-6.0002
246.703,-3.9993,8.3086,-6.0002
246.711,-3.9993,8.3086,-6.0002
246.717,-3.9993,8.3111,-6.0002
246.726,-3.9993,8.3111,-6.0002
246.733,-3.9993,8.3111,-6.0002
246.740,-3.9993,8.3136,-6.0002
246.749,-3.9993,8.3136,-6.0002
246.756,-3.9993,8.3136,-6.0002
246.763,-3.9993,8.3161,-6.0002
246.770,-3.9993,8.3161,-6.0002
246.778,-3.9993,8.3186,-6.0002
246.786,-3.9993,8.3186,-6.0002
246.794,-3.9993,8.3186,-6.0002
246.801,-3.9993,8.3210,-6.0002
246.809,-3.9993,8.3210,-6.0002
246.816,-3.9993,8.3210,-6.0002
246.823,-3.9993,8.3235,-6.0002
246.832,-3.9993,8.3235,-6.0002
246.839,-3.9993,8.3260,-6.0002
246.849,-3.9993,8.3260,-6.0002
246.856,-3.9993,8.3260,-6.0002
246.864,-3.9993,8.3285,-6.0002
246.872,-3.9993,8.3285,-6.0002
246.881,-3.9993,8.3310,-6.0002
246.889,-3.9993,8.3310,-6.0002
246.897,-3.9993,8.3310,-6.0002
246.904,-3.9993,8.3335,-6.0002
246.914,-3.9993,8.3335,-6.0002
246.920,-3.9993,8.3360,-6.0002
246.929,-3.9993,8.3360,-6.0002
246.936,-3.9993,8.3360,-6.0002
246.945,-3.9993,8.3384,-6.0002
246.954,-3.9993,8.3384,-6.0002
246.961,-3.9993,8.3409,-6.0002
246.970,-3.9993,8.3409,-6.0002
246.979,-3.9993,8.3434,-6.0002
246.988,-3.9993,8.3434,-6.0002
246.995,-3.9993,8.3434,-6.0002
247.003,-3.9993,8.3459,-6.0002
247.013,-3.9993,8.3459,-6.0002
247.019,-3.9993,8.3484,-6.0002
247.030,-3.9993,8.3484,-6.0002
247.037,-3.9993,8.3484,-6.0002
247.044,-3.9993,8.3509,-6.0002
247.053,-3.9993,8.3509,-6.0002
247.060,-3.9993,8.3534,-6.0002
247.069,-3.9993,8.3534,-6.0002
247.077,-3.9993,8.3558,-6.0002
247.087,-3.9993,8.3558,-6.0002
247.094,-3.9993,8.3558,-6.0002
247.102,-3.9993,8.3583,-6.0002
247.108,-3.9993,8.3583,-6.0002
247.116,-3.9993,8.3583,-6.0002
247.123,-3.9993,8.3608,-6.0002
247.132,-3.9993,8.3608,-6.0002
247.138,-3.9993,8.3633,-6.0002
247.147,-3.9993,8.3633,-6.0002
247.154,-3.9993,8.3633,-6.0002
247.163,-3.9993,8.3658,-6.0002
247.170,-3.9993,8.3658,-6.0002
247.178,-3.9993,8.3682,-6.0002
247.186,-3.9993,8.3682,-6.0002
247.194,-3.9993,8.3682,-6.0002
247.200,-3.9993,8.3707,-6.0002
247.208,-3.9993,8.3707,-6.0002
247.216,-3.9993,8.3707,-6.0002
247.223,-3.9993,8.3732,-6.0002
247.232,-3.9993,8.3732,-6.0002
247.238,-3.9993,8.3757,-6.0002
247.248,-3.9993,8.3757,-6.0002
247.255,-3.9993,8.3757,-6.0002
247.262,-3.9993,8.3782,-6.0002
247.270,-3.9993,8.3782,-6.0002
247.279,-3.9993,8.3807,-6.0002
247.286,-3.9993,8.3807,-6.0002
247.293,-3.9993,8.3807,-6.0002
247.300,-3.9993,8.3831,-6.0002
247.309,-3.9993,8.3831,-6.0002
247.317,-3.9993,8.3831,-6.0002
247.323,-3.9993,8.3856,-6.0002
247.331,-3.9993,8.3856,-6.0002
247.339,-3.9993,8.3881,-6.0002
247.347,-3.9993,8.3881,-6.0002
247.354,-3.9993,8.3881,-6.0002
247.360,-3.9993,8.3906,-6.0002
247.369,-3.9993,8.3906,-6.0002
247.376,-3.9993,8.3906,-6.0002
247.383,-3.9993,8.3931,-6.0002
247.391,-3.9993,8.3931,-6.0002
247.399,-3.9993,8.3955,-6.0002
247.407,-3.9993,8.3955,-6.0002
247.415,-3.9993,8.3955,-6.0002
247.421,-3.9993,8.3980,-6.0002
247.431,-3.9993,8.3980,-6.0002
247.436,-3.9993,8.3980,-6.0002
247.444,-3.9993,8.4005,-6.0002
247.452,-3.9993,8.4005,-6.0002
247.460,-3.9993,8.4030,-6.0002
247.467,-3.9993,8.4030,-6.0002
247.474,-3.9993,8.4030,-6.0002
247.481,-3.9993,8.4055,-6.0002
247.489,-3.9993,8.4055,-6.0002
247.496,-3.9993,8.4055,-6.0002
247.503,-3.9993,8.4080,-6.0002
247.513,-3.9993,8.4080,-6.0002
247.520,-3.9993,8.4105,-6.0002
247.529,-3.9993,8.4105,-6.0002
247.535,-3.9993,8.4105,-6.0002
247.544,-3.9993,8.4129,-6.0002
247.553,-3.9993,8.4129,-6.0002
247.560,-3.9993,8.4154,-6.0002
247.569,-3.9993,8.4154,-6.0002
247.577,-3.9993,8.4179,-6.0002
247.586,-3.9993,8.4179,-6.0002
247.594,-3.9993,8.4179,-6.0002
247.601,-3.9993,8.4204,-6.0002
247.610,-3.9993,8.4204,-6.0002
247.618,-3.9993,8.4229,-6.0002
247.626,-3.9993,8.4229,-6.0002
247.634,-3.9993,8.4229,-6.0002
247.641,-3.9993,8.4254,-6.0002
247.651,-3.9993,8.4254,-6.0002
247.658,-3.9993,8.4279,-6.0002
247.667,-3.9993,8.4279,-6.0002
247.674,-3.9993,8.4279,-6.0002
247.683,-3.9993,8.4304,-6.0002
247.692,-3.9993,8.4304,-6.0002
247.700,-3.9993,8.4328,-6.0002
247.708,-3.9993,8.4328,-6.0002
247.716,-3.9993,8.4328,-6.0002
247.722,-3.9993,8.4353,-6.0002
247.733,-3.9993,8.4353,-6.0002
247.740,-3.9993,8.4378,-6.0002
247.749,-3.9993,8.4378,-6.0002
247.756,-3.9993,8.4378,-6.0002
247.765,-3.9993,8.4403,-6.0002
247.773,-3.9993,8.4403,-6.0002
247.781,-3.9993,8.4428,-6.0002
247.789,-3.9993,8.4428,-6.0002
247.797,-3.9993,8.4453,-6.0002
247.812,-3.9993,8.4453,-6.0002
247.825,-3.9993,8.4478,-6.0002
247.833,-3.9993,8.4478,-6.0002
247.840,-3.9993,8.4503,-6.0002
247.849,-3.9993,8.4503,-6.0002
247.857,-3.9993,8.4528,-6.0002
247.865,-3.9993,8.4528,-6.0002
247.871,-3.9993,8.4528,-6.0002
247.880,-3.9993,8.4553,-6.0002
247.887,-3.9993,8.4553,-6.0002
247.894,-3.9993,8.4553,-6.0002
247.901,-3.9993,8.4578,-6.0002
247.909,-3.9993,8.4578,-6.0002
247.916,-3.9993,8.4578,-6.0002
247.922,-3.9993,8.4603,-6.0002
247.931,-3.9993,8.4603,-6.0002
247.939,-3.9993,8.4628,-6.0002
247.948,-3.9993,8.4628,-6.0002
247.954,-3.9993,8.4628,-6.0002
247.961,-3.9993,8.4653,-6.0002
247.969,-3.9993,8.4653,-6.0002
247.976,-3.9993,8.4653,-6.0002
247.984,-3.9993,8.4678,-6.0002
247.992,-3.9993,8.4678,-6.0002
248.000,-3.9993,8.4703,-6.0002
248.008,-3.9993,8.4703,-6.0002
248.016,-3.9993,8.4703,-6.0002
248.024,-3.9993,8.4728,-6.0002
248.033,-3.9993,8.4728,-6.0002
248.040,-3.9993,8.4753,-6.0002
248.049,-3.9993,8.4753,-6.0002
248.056,-3.9993,8.4753,-6.0002
248.063,-3.9993,8.4777,-6.0002
248.071,-3.9993,8.4777,-6.0002
248.079,-3.9993,8.4802,-6.0002
248.087,-3.9993,8.4802,-6.0002
248.095,-3.9993,8.4802,-6.0002
248.102,-3.9993,8.4827,-6.0002
248.111,-3.9993,8.4827,-6.0002
248.119,-3.9993,8.4852,-6.0002
248.128,-3.9993,8.4852,-6.0002
248.135,-3.9993,8.4852,-6.0002
248.142,-3.9993,8.4877,-6.0002
248.153,-3.9993,8.4877,-6.0002
248.160,-3.9993,8.4902,-6.0002
248.168,-3.9993,8.4902,-6.0002
248.177,-3.9993,8.4902,-6.0002
248.185,-3.9993,8.4927,-6.0002
248.193,-3.9993,8.4927,-6.0002
248.200,-3.9993,8.4952,-6.0002
248.209,-3.9993,8.4952,-6.0002
248.218,-3.9993,8.4977,-6.0002
248.225,-3.9993,8.4977,-6.0002
248.232,-3.9993,8.4977,-6.0002
248.241,-3.9993,8.5002,-6.0002
248.251,-3.9993,8.5002,-6.0002
248.258,-3.9993,8.5027,-6.0002
248.266,-3.9993,8.5027,-6.0002
248.275,-3.9993,8.5027,-6.0002
248.282,-3.9993,8.5052,-6.0002
248.291,-3.9993,8.5052,-6.0002
248.299,-3.9993,8.5077,-6.0002
248.307,-3.9993,8.5077,-6.0002
248.314,-3.9993,8.5077,-6.0002
248.322,-3.9993,8.5102,-6.0002
248.332,-3.9993,8.5102,-6.0002
248.340,-3.9993,8.5127,-6.0002
248.350,-3.9993,8.5127,-6.0002
248.358,-3.9993,8.5152,-6.0002
248.367,-3.9993,8.5152,-6.0002
248.375,-3.9993,8.5152,-6.0002
248.383,-3.9993,8.5177,-6.0002
248.390,-3.9993,8.5177,-6.0002
248.399,-3.9993,8.5202,-6.0002
248.407,-3.9993,8.5202,-6.0002
248.414,-3.9993,8.5202,-6.0002
248.422,-3.9993,8.5227,-6.0002
248.430,-3.9993,8.5227,-6.0002
248.436,-3.9993,8.5227,-6.0002
248.444,-3.9993,8.5252,-6.0002
248.453,-3.9993,8.5252,-6.0002
248.459,-3.9993,8.5277,-6.0002
248.467,-3.9993,8.5277,-6.0002
248.474,-3.9993,8.5277,-6.0002
248.483,-3.9993,8.5302,-6.0002
248.490,-3.9993,8.5302,-6.0002
248.498,-3.9993,8.5327,-6.0002
248.505,-3.9993,8.5327,-6.0002
248.514,-3.9993,8.5327,-6.0002
248.521,-3.9993,8.5351,-6.0002
248.529,-3.9993,8.5351,-6.0002
248.536,-3.9993,8.5351,-6.0002
248.544,-3.9993,8.5376,-6.0002
248.551,-3.9993,8.5376,-6.0002
248.558,-3.9993,8.5401,-6.0002
248.567,-3.9993,8.5401,-6.0002
248.575,-3.9993,8.5401,-6.0002
248.582,-3.9993,8.5426,-6.0002
248.589,-3.9993,8.5426,-6.0002
248.596,-3.9993,8.5426,-6.0002
248.603,-3.9993,8.5451,-6.0002
248.612,-3.9993,8.5451,-6.0002
248.619,-3.9993,8.5476,-6.0002
248.627,-3.9993,8.5476,-6.0002
248.635,-3.9993,8.5476,-6.0002
248.642,-3.9993,8.5501,-6.0002
248.650,-3.9993,8.5501,-6.0002
248.657,-3.9993,8.5501,-6.0002
248.665,-3.9993,8.5526,-6.0002
248.673,-3.9993,8.5526,-6.0002
248.680,-3.9993,8.5551,-6.0002
248.687,-3.9993,8.5551,-6.0002
248.695,-3.9993,8.5551,-6.0002
248.703,-3.9993,8.5576,-6.0002
248.710,-3.9993,8.5576,-6.0002
248.718,-3.9993,8.5601,-6.0002
248.726,-3.9993,8.5601,-6.0002
248.733,-3.9993,8.5601,-6.0002
248.738,-3.9993,8.5626,-6.0002
248.747,-3.9993,8.5626,-6.0002
248.754,-3.9993,8.5626,-6.0002
248.761,-3.9993,8.5651,-6.0002
248.769,-3.9993,8.5651,-6.0002
248.776,-3.9993,8.5651,-6.0002
248.785,-3.9993,8.5676,-6.0002
248.794,-3.9993,8.5676,-6.0002
248.800,-3.9993,8.5701,-6.0002
248.810,-3.9993,8.5701,-6.0002
248.817,-3.9993,8.5726,-6.0002
248.825,-3.9993,8.5726,-6.0002
248.832,-3.9993,8.5726,-6.0002
248.840,-3.9993,8.5751,-6.0002
248.849,-3.9993,8.5751,-6.0002
248.856,-3.9993,8.5751,-6.0002
248.863,-3.9993,8.5776,-6.0002
248.872,-3.9993,8.5776,-6.0002
248.881,-3.9993,8.5800,-6.0002
248.889,-3.9993,8.5800,-6.0002
248.897,-3.9993,8.5800,-6.0002
248.905,-3.9993,8.5825,-6.0002
248.914,-3.9993,8.5825,-6.0002
248.921,-3.9993,8.5850,-6.0002
248.931,-3.9993,8.5850,-6.0002
248.938,-3.9993,8.5875,-6.0002
248.946,-3.9993,8.5875,-6.0002
248.953,-3.9993,8.5875,-6.0002
248.960,-3.9993,8.5900,-6.0002
248.969,-3.9993,8.5900,-6.0002
248.976,-3.9993,8.5900,-6.0002
248.984,-3.9993,8.5925,-6.0002
248.992,-3.9993,8.5925,-6.0002
249.000,-3.9993,8.5950,-6.0002
249.008,-3.9993,8.5950,-6.0002
249.016,-3.9993,8.5950,-6.0002
249.024,-3.9993,8.5975,-6.0002
249.034,-3.9993,8.5975,-6.0002
249.042,-3.9993,8.6000,-6.0002
249.052,-3.9993,8.6000,-6.0002
249.061,-3.9993,8.6025,-6.0002
249.068,-3.9993,8.6025,-6.0002
249.075,-3.9993,8.6025,-6.0002
249.082,-3.9993,8.6050,-6.0002
249.090,-3.9993,8.6050,-6.0002
249.097,-3.9993,8.6050,-6.0002
249.104,-3.9993,8.6075,-6.0002
249.113,-3.9993,8.6075,-6.0002
249.120,-3.9993,8.6100,-6.0002
249.129,-3.9993,8.6100,-6.0002
249.136,-3.9993,8.6100,-6.0002
249.144,-3.9993,8.6125,-6.0002
249.152,-3.9993,8.6125,-6.0002
249.159,-3.9993,8.6150,-6.0002
249.167,-3.9993,8.6150,-6.0002
249.175,-3.9993,8.6150,-6.0002
249.184,-3.9993,8.6175,-6.0002
249.192,-3.9993,8.6175,-6.0002
249.199,-3.9993,8.6200,-6.0002
249.208,-3.9993,8.6200,-6.0002
249.215,-3.9993,8.6200,-6.0002
249.222,-3.9993,8.6224,-6.0002
249.229,-3.9993,8.6224,-6.0002
249.235,-3.9993,8.6224,-6.0002
249.242,-3.9993,8.6249,-6.0002
249.251,-3.9993,8.6249,-6.0002
249.256,-3.9993,8.6249,-6.0002
249.263,-3.9993,8.6274,-6.0002
249.270,-3.9993,8.6274,-6.0002
249.276,-3.9993,8.6274,-6.0002
249.283,-3.9993,8.6299,-6.0002
249.290,-3.9993,8.6299,-6.0002
249.297,-3.9993,8.6324,-6.0002
249.305,-3.9993,8.6324,-6.0002
249.313,-3.9993,8.6324,-6.0002
249.320,-3.9993,8.6349,-6.0002
249.329,-3.9993,8.6349,-6.0002
249.336,-3.9993,8.6349,-6.0002
249.344,-3.9993,8.6374,-6.0002
249.352,-3.9993,8.6374,-6.0002
249.360,-3.9993,8.6399,-6.0002
249.368,-3.9993,8.6399,-6.0002
249.377,-3.9993,8.6399,-6.0002
249.385,-3.9993,8.6424,-6.0002
249.395,-3.9993,8.6424,-6.0002
249.402,-3.9993,8.6449,-6.0002
249.411,-3.9993,8.6449,-6.0002
249.419,-3.9993,8.6474,-6.0002
249.428,-3.9993,8.6474,-6.0002
249.434,-3.9993,8.6474,-6.0002
249.442,-3.9993,8.6499,-6.0002
249.453,-3.9993,8.6499,-6.0002
249.459,-3.9993,8.6524,-6.0002
249.468,-3.9993,8.6524,-6.0002
249.474,-3.9993,8.6524,-6.0002
249.483,-3.9993,8.6549,-6.0002
249.492,-3.9993,8.6549,-6.0002
249.499,-3.9993,8.6574,-6.0002
249.507,-3.9993,8.6574,-6.0002
249.515,-3.9993,8.6574,-6.0002
249.522,-3.9993,8.6599,-6.0002
249.531,-3.9993,8.6599,-6.0002
249.538,-3.9993,8.6624,-6.0002
249.549,-3.9993,8.6624,-6.0002
249.556,-3.9993,8.6624,-6.0002
249.564,-3.9993,8.6648,-6.0002
249.573,-3.9993,8.6648,-6.0002
249.581,-3.9993,8.6673,-6.0002
249.591,-3.9993,8.6673,-6.0002
249.599,-3.9993,8.6698,-6.0002
249.608,-3.9993,8.6698,-6.0002
249.617,-3.9993,8.6723,-6.0002
249.625,-3.9993,8.6723,-6.0002
249.633,-3.9993,8.6723,-6.0002
249.639,-3.9993,8.6748,-6.0002
249.649,-3.9993,8.6748,-6.0002
249.655,-3.9993,8.6748,-6.0002
249.662,-3.9993,8.6773,-6.0002
249.670,-3.9993,8.6773,-6.0002
249.678,-3.9993,8.6798,-6.0002
249.685,-3.9993,8.6798,-6.0002
249.693,-3.9993,8.6798,-6.0002
249.699,-3.9993,8.6823,-6.0002
249.707,-3.9993,8.6823,-6.0002
249.714,-3.9993,8.6823,-6.0002
249.722,-3.9993,8.6848,-6.0002
249.729,-3.9993,8.6848,-6.0002
249.735,-3.9993,8.6848,-6.0002
249.742,-3.9993,8.6873,-6.0002
249.752,-3.9993,8.6873,-6.0002
249.758,-3.9993,8.6898,-6.0002
249.766,-3.9993,8.6898,-6.0002
249.772,-3.9993,8.6898,-6.0002
249.780,-3.9993,8.6923,-6.0002
249.789,-3.9993,8.6923,-6.0002
249.797,-3.9993,8.6948,-6.0002
249.805,-3.9993,8.6948,-6.0002
249.814,-3.9993,8.6948,-6.0002
249.820,-3.9993,8.6973,-6.0002
249.830,-3.9993,8.6973,-6.0002
249.836,-3.9993,8.6973,-6.0002
249.844,-3.9993,8.6998,-6.0002
249.852,-3.9993,8.6998,-6.0002
249.858,-3.9993,8.7023,-6.0002
249.865,-3.9993,8.7023,-6.0002
249.873,-3.9993,8.7023,-6.0002
249.880,-3.9993,8.7048,-6.0002
249.887,-3.9993,8.7048,-6.0002
249.896,-3.9993,8.7048,-6.0002
249.902,-3.9993,8.7073,-6.0002
249.912,-3.9993,8.7073,-6.0002
249.919,-3.9993,8.7098,-6.0002
249.928,-3.9993,8.7098,-6.0002
249.936,-3.9993,8.7098,-6.0002
249.944,-3.9993,8.7123,-6.0002
249.954,-3.9993,8.7123,-6.0002
249.962,-3.9993,8.7147,-6.0002
249.971,-3.9993,8.7147,-6.0002
249.977,-3.9993,8.7172,-6.0002
249.987,-3.9993,8.7172,-6.0002
249.994,-3.9993,8.7172,-6.0002
250.001,-3.9993,8.7197,-6.0002
250.009,-3.9993,8.7197,-6.0002
250.017,-3.9993,8.7197,-6.0002
250.023,-3.9993,8.7222,-6.0002
250.032,-3.9993,8.7222,-6.0002
250.038,-3.9993,8.7247,-6.0002
250.046,-3.9993,8.7247,-6.0002
250.054,-3.9993,8.7247,-6.0002
250.061,-3.9993,8.7272,-6.0002
250.068,-3.9993,8.7272,-6.0002
250.075,-3.9993,8.7272,-6.0002
250.084,-3.9993,8.7297,-6.0002
250.093,-3.9993,8.7297,-6.0002
250.100,-3.9993,8.7322,-6.0002
250.108,-3.9993,8.7322,-6.0002
250.117,-3.9993,8.7347,-6.0002
250.126,-3.9993,8.7347,-6.0002
250.133,-3.9993,8.7347,-6.0002
250.152,-3.9993,8.7372,-6.0002
250.161,-3.9993,8.7397,-6.0002
250.170,-3.9993,8.7397,-6.0002
250.179,-3.9993,8.7422,-6.0002
250.188,-3.9993,8.7422,-6.0002
250.197,-3.9993,8.7447,-6.0002
250.205,-3.9993,8.7447,-6.0002
250.213,-3.9993,8.7447,-6.0002
250.220,-3.9993,8.7472,-6.0002
250.229,-3.9993,8.7472,-6.0002
250.236,-3.9993,8.7472,-6.0002
250.243,-3.9993,8.7497,-6.0002
250.252,-3.9993,8.7497,-6.0002
250.260,-3.9993,8.7522,-6.0002
250.269,-3.9993,8.7522,-6.0002
250.276,-3.9993,8.7522,-6.0002
250.283,-3.9993,8.7547,-6.0002
250.290,-3.9993,8.7547,-6.0002
250.299,-3.9993,8.7572,-6.0002
250.308,-3.9993,8.7572,-6.0002
250.316,-3.9993,8.7572,-6.0002
250.323,-3.9993,8.7597,-6.0002
250.333,-3.9993,8.7597,-6.0002
250.340,-3.9993,8.7622,-6.0002
250.349,-3.9993,8.7622,-6.0002
250.355,-3.9993,8.7622,-6.0002
250.363,-3.9993,8.7647,-6.0002
250.369,-3.9993,8.7647,-6.0002
250.377,-3.9993,8.7672,-6.0002
250.386,-3.9993,8.7672,-6.0002
250.394,-3.9993,8.7672,-6.0002
250.400,-3.9993,8.7697,-6.0002
250.408,-3.9993,8.7697,-6.0002
250.415,-3.9993,8.7697,-6.0002
250.423,-3.9993,8.7721,-6.0002
250.430,-3.9993,8.7721,-6.0002
250.436,-3.9993,8.7721,-6.0002
250.444,-3.9993,8.7746,-6.0002
250.453,-3.9993,8.7746,-6.0002
250.459,-3.9993,8.7771,-6.0002
250.466,-3.9993,8.7771,-6.0002
250.473,-3.9993,8.7771,-6.0002
250.480,-3.9993,8.7796,-6.0002
250.487,-3.9993,8.7796,-6.0002
250.494,-3.9993,8.7796,-6.0002
250.502,-3.9993,8.7821,-6.0002
250.510,-3.9993,8.7821,-6.0002
250.517,-3.9993,8.7846,-6.0002
250.524,-3.9993,8.7846,-6.0002
250.531,-3.9993,8.7846,-6.0002
250.539,-3.9993,8.7871,-6.0002
250.547,-3.9993,8.7871,-6.0002
250.555,-3.9993,8.7871,-6.0002
250.565,-3.9993,8.7896,-6.0002
250.573,-3.9993,8.7896,-6.0002
250.581,-3.9993,8.7921,-6.0002
250.589,-3.9993,8.7921,-6.0002
250.597,-3.9993,8.7946,-6.0002
250.605,-3.9993,8.7946,-6.0002
250.612,-3.9993,8.7946,-6.0002
250.619,-3.9993,8.7971,-6.0002
250.628,-3.9993,8.7971,-6.0002
250.634,-3.9993,8.7971,-6.0002
250.642,-3.9993,8.7996,-6.0002
250.651,-3.9993,8.7996,-6.0002
250.659,-3.9993,8.8021,-6.0002
250.668,-3.9993,8.8021,-6.0002
250.676,-3.9993,8.8021,-6.0002
250.682,-3.9993,8.8046,-6.0002
250.691,-3.9993,8.8046,-6.0002
250.698,-3.9993,8.8071,-6.0002
250.708,-3.9993,8.8071,-6.0002
250.716,-3.9993,8.8071,-6.0002
250.724,-3.9993,8.8096,-6.0002
250.731,-3.9993,8.8096,-6.0002
250.739,-3.9993,8.8121,-6.0002
250.749,-3.9993,8.8121,-6.0002
250.756,-3.9993,8.8121,-6.0002
250.763,-3.9993,8.8145,-6.0002
250.771,-3.9993,8.8145,-6.0002
250.780,-3.9993,8.8170,-6.0002
250.788,-3.9993,8.8170,-6.0002
250.795,-3.9993,8.8170,-6.0002
250.802,-3.9993,8.8195,-6.0002
250.812,-3.9993,8.8195,-6.0002
250.819,-3.9993,8.8220,-6.0002
250.828,-3.9993,8.8220,-6.0002
250.836,-3.9993,8.8220,-6.0002
250.844,-3.9993,8.8245,-6.0002
250.852,-3.9993,8.8245,-6.0002
250.860,-3.9993,8.8270,-6.0002
250.869,-3.9993,8.8270,-6.0002
250.877,-3.9993,8.8295,-6.0002
250.886,-3.9993,8.8295,-6.0002
250.895,-3.9993,8.8295,-6.0002
250.902,-3.9993,8.8320,-6.0002
250.910,-3.9993,8.8320,-6.0002
250.916,-3.9993,8.8320,-6.0002
250.923,-3.9993,8.8345,-6.0002
250.931,-3.9993,8.8345,-6.0002
250.937,-3.9993,8.8370,-6.0002
250.947,-3.9993,8.8370,-6.0002
250.953,-3.9993,8.8370,-6.0002
250.962,-3.9993,8.8395,-6.0002
250.970,-3.9993,8.8395,-6.0002
250.977,-3.9993,8.8395,-6.0002
250.984,-3.9993,8.8420,-6.0002
250.993,-3.9993,8.8420,-6.0002
250.999,-3.9993,8.8444,-6.0002
251.007,-3.9993,8.8444,-6.0002
251.015,-3.9993,8.8444,-6.0002
251.022,-3.9993,8.8469,-6.0002
251.029,-3.9993,8.8469,-6.0002
251.035,-3.9993,8.8469,-6.0002
251.042,-3.9993,8.8494,-6.0002
251.051,-3.9993,8.8494,-6.0002
251.057,-3.9993,8.8519,-6.0002
251.066,-3.9993,8.8519,-6.0002
251.072,-3.9993,8.8519,-6.0002
251.081,-3.9993,8.8544,-6.0002
251.089,-3.9993,8.8544,-6.0002
251.096,-3.9993,8.8544,-6.0002
251.102,-3.9993,8.8569,-6.0002
251.112,-3.9993,8.8569,-6.0002
251.118,-3.9993,8.8594,-6.0002
251.125,-3.9993,8.8594,-6.0002
251.133,-3.9993,8.8594,-6.0002
251.141,-3.9993,8.8618,-6.0002
251.149,-3.9993,8.8618,-6.0002
251.156,-3.9993,8.8618,-6.0002
251.165,-3.9993,8.8643,-6.0002
251.172,-3.9993,8.8643,-6.0002
251.181,-3.9993,8.8668,-6.0002
251.188,-3.9993,8.8668,-6.0002
251.197,-3.9993,8.8693,-6.0002
251.207,-3.9993,8.8693,-6.0002
251.214,-3.9993,8.8693,-6.0002
251.221,-3.9993,8.8718,-6.0002
251.231,-3.9993,8.8718,-6.0002
251.238,-3.9993,8.8743,-6.0002
251.246,-3.9993,8.8743,-6.0002
251.252,-3.9993,8.8743,-6.0002
251.260,-3.9993,8.8768,-6.0002
251.268,-3.9993,8.8768,-6.0002
251.274,-3.9993,8.8768,-6.0002
251.281,-3.9993,8.8793,-6.0002
251.289,-3.9993,8.8793,-6.0002
251.296,-3.9993,8.8793,-6.0002
251.302,-3.9993,8.8817,-6.0002
251.310,-3.9993,8.8817,-6.0002
251.318,-3.9993,8.8842,-6.0002
251.326,-3.9993,8.8842,-6.0002
251.334,-3.9993,8.8842,-6.0002
251.341,-3.9993,8.8867,-6.0002
251.350,-3.9993,8.8867,-6.0002
251.357,-3.9993,8.8892,-6.0002
251.366,-3.9993,8.8892,-6.0002
251.373,-3.9993,8.8892,-6.0002
251.382,-3.9993,8.8917,-6.0002
251.390,-3.9993,8.8917,-6.0002
251.398,-3.9993,8.8942,-6.0002
251.406,-3.9993,8.8942,-6.0002
251.415,-3.9993,8.8942,-6.0002
251.422,-3.9993,8.8967,-6.0002
251.430,-3.9993,8.8967,-6.0002
251.437,-3.9993,8.8992,-6.0002
251.447,-3.9993,8.8992,-6.0002
251.454,-3.9993,8.8992,-6.0002
251.461,-3.9993,8.9016,-6.0002
251.469,-3.9993,8.9016,-6.0002
251.478,-3.9993,8.9041,-6.0002
251.487,-3.9993,8.9041,-6.0002
251.494,-3.9993,8.9041,-6.0002
251.502,-3.9993,8.9066,-6.0002
251.511,-3.9993,8.9066,-6.0002
251.519,-3.9993,8.9091,-6.0002
251.528,-3.9993,8.9091,-6.0002
251.536,-3.9993,8.9091,-6.0002
251.543,-3.9993,8.9116,-6.0002
251.553,-3.9993,8.9116,-6.0002
251.559,-3.9993,8.9141,-6.0002
251.569,-3.9993,8.9141,-6.0002
251.577,-3.9993,8.9166,-6.0002
251.587,-3.9993,8.9166,-6.0002
251.595,-3.9993,8.9166,-6.0002
251.602,-3.9993,8.9191,-6.0002
251.612,-3.9993,8.9191,-6.0002
251.618,-3.9993,8.9216,-6.0002
251.628,-3.9993,8.9216,-6.0002
251.635,-3.9993,8.9216,-6.0002
251.641,-3.9993,8.9241,-6.0002
251.651,-3.9993,8.9241,-6.0002
251.658,-3.9993,8.9266,-6.0002
251.665,-3.9993,8.9266,-6.0002
251.672,-3.9993,8.9266,-6.0002
251.680,-3.9993,8.9290,-6.0002
251.687,-3.9993,8.9290,-6.0002
251.695,-3.9993,8.9290,-6.0002
251.700,-3.9993,8.9315,-6.0002
251.709,-3.9993,8.9315,-6.0002
251.716,-3.9993,8.9315,-6.0002
251.723,-3.9993,8.9340,-6.0002
251.730,-3.9993,8.9340,-6.0002
251.736,-3.9993,8.9340,-6.0002
251.744,-3.9993,8.9365,-6.0002
251.753,-3.9993,8.9365,-6.0002
251.760,-3.9993,8.9390,-6.0002
251.768,-3.9993,8.9390,-6.0002
251.776,-3.9993,8.9390,-6.0002
251.783,-3.9993,8.9415,-6.0002
251.791,-3.9993,8.9415,-6.0002
251.799,-3.9993,8.9440,-6.0002
251.808,-3.9993,8.9440,-6.0002
251.815,-3.9993,8.9440,-6.0002
251.822,-3.9993,8.9465,-6.0002
251.829,-3.9993,8.9465,-6.0002
251.837,-3.9993,8.9465,-6.0002
251.844,-3.9993,8.9490,-6.0002
251.851,-3.9993,8.9490,-6.0002
251.858,-3.9993,8.9515,-6.0002
251.867,-3.9993,8.9515,-6.0002
251.874,-3.9993,8.9515,-6.0002
251.881,-3.9993,8.9540,-6.0002
251.889,-3.9993,8.9540,-6.0002
251.897,-3.9993,8.9565,-6.0002
251.906,-3.9993,8.9565,-6.0002
251.916,-3.9993,8.9565,-6.0002
251.923,-3.9993,8.9590,-6.0002
251.933,-3.9993,8.9590,-6.0002
251.940,-3.9993,8.9615,-6.0002
251.949,-3.9993,8.9615,-6.0002
251.956,-3.9993,8.9615,-6.0002
251.964,-3.9993,8.9640,-6.0002
251.972,-3.9993,8.9640,-6.0002
251.979,-3.9993,8.9665,-6.0002
251.988,-3.9993,8.9665,-6.0002
251.995,-3.9993,8.9665,-6.0002
252.002,-3.9993,8.9690,-6.0002
252.011,-3.9993,8.9690,-6.0002
252.019,-3.9993,8.9715,-6.0002
252.029,-3.9993,8.9715,-6.0002
252.035,-3.9993,8.9715,-6.0002
252.044,-3.9993,8.9740,-6.0002
252.053,-3.9993,8.9740,-6.0002
252.061,-3.9993,8.9765,-6.0002
252.070,-3.9993,8.9765,-6.0002
252.077,-3.9993,8.9790,-6.0002
252.086,-3.9993,8.9790,-6.0002
252.093,-3.9993,8.9790,-6.0002
252.100,-3.9993,8.9816,-6.0002
252.110,-3.9993,8.9816,-6.0002
252.118,-3.9993,8.9841,-6.0002
252.126,-3.9993,8.9841,-6.0002
252.135,-3.9993,8.9841,-6.0002
252.145,-3.9993,8.9866,-6.0002
252.154,-3.9993,8.9866,-6.0002
252.164,-3.9993,8.9891,-6.0002
252.174,-3.9993,8.9891,-6.0002
252.183,-3.9993,8.9916,-6.0002
252.193,-3.9993,8.9916,-6.0002
252.202,-3.9993,8.9941,-6.0002
252.211,-3.9993,8.9941,-6.0002
252.218,-3.9993,8.9966,-6.0002
252.229,-3.9993,8.9966,-6.0002
252.237,-3.9993,8.9991,-6.0002
252.247,-3.9993,8.9991,-6.0002
252.253,-3.9993,8.9991,-6.0002
252.263,-3.9993,9.0016,-6.0002
252.272,-3.9993,9.0016,-6.0002
252.279,-3.9993,9.0041,-6.0002
252.288,-3.9993,9.0041,-6.0002
252.295,-3.9993,9.0041,-6.0002
252.301,-3.9993,9.0066,-6.0002
252.310,-3.9993,9.0066,-6.0002
252.317,-3.9993,9.0091,-6.0002
252.325,-3.9993,9.0091,-6.0002
252.333,-3.9993,9.0091,-6.0002
252.341,-3.9993,9.0116,-6.0002
252.353,-3.9993,9.0116,-6.0002
252.364,-3.9993,9.0141,-6.0002
252.373,-3.9993,9.0141,-6.0002
252.383,-3.9993,9.0166,-6.0002
252.391,-3.9993,9.0166,-6.0002
252.402,-3.9993,9.0191,-6.0002
252.412,-3.9993,9.0191,-6.0002
252.420,-3.9993,9.0216,-6.0002
252.429,-3.9993,9.0216,-6.0002
252.437,-3.9993,9.0242,-6.0002
252.450,-3.9993,9.0242,-6.0002
252.461,-3.9993,9.0267,-6.0002
252.476,-3.9993,9.0267,-6.0002
252.484,-3.9993,9.0292,-6.0002
252.493,-3.9993,9.0292,-6.0002
252.503,-3.9993,9.0317,-6.0002
252.513,-3.9993,9.0317,-6.0002
252.520,-3.9993,9.0342,-6.0002
252.534,-3.9993,9.0342,-6.0002
252.548,-3.9993,9.0367,-6.0002
252.557,-3.9993,9.0367,-6.0002
252.564,-3.9993,9.0392,-6.0002
252.571,-3.9993,9.0392,-6.0002
252.579,-3.9993,9.0417,-6.0002
252.588,-3.9993,9.0417,-6.0002
252.596,-3.9993,9.0417,-6.0002
252.602,-3.9993,9.0442,-6.0002
252.611,-3.9993,9.0442,-6.0002
252.619,-3.9993,9.0467,-6.0002
252.629,-3.9993,9.0467,-6.0002
252.635,-3.9993,9.0467,-6.0002
252.645,-3.9993,9.0492,-6.0002
252.654,-3.9993,9.0492,-6.0002
252.661,-3.9993,9.0517,-6.0002
252.668,-3.9993,9.0517,-6.0002
252.676,-3.9993,9.0517,-6.0002
252.683,-3.9993,9.0542,-6.0002
252.691,-3.9993,9.0542,-6.0002
252.698,-3.9993,9.0568,-6.0002
252.707,-3.9993,9.0568,-6.0002
252.714,-3.9993,9.0568,-6.0002
252.722,-3.9993,9.0593,-6.0002
252.730,-3.9993,9.0593,-6.0002
252.736,-3.9993,9.0593,-6.0002
252.746,-3.9993,9.0618,-6.0002
252.756,-3.9993,9.0618,-6.0002
252.766,-3.9993,9.0643,-6.0002
252.777,-3.9993,9.0668,-6.0002
252.787,-3.9993,9.0668,-6.0002
252.798,-3.9993,9.0693,-6.0002
252.809,-3.9993,9.0693,-6.0002
252.819,-3.9993,9.0718,-6.0002
252.833,-3.9993,9.0718,-6.0002
252.843,-3.9993,9.0743,-6.0002
252.854,-3.9993,9.0743,-6.0002
252.865,-3.9993,9.0768,-6.0002
252.874,-3.9993,9.0768,-6.0002
252.886,-3.9993,9.0793,-6.0002
252.899,-3.9993,9.0818,-6.0002
252.911,-3.9993,9.0818,-6.0002
252.920,-3.9993,9.0843,-6.0002
252.930,-3.9993,9.0843,-6.0002
252.937,-3.9993,9.0843,-6.0002
252.947,-3.9993,9.0868,-6.0002
252.959,-3.9993,9.0893,-6.0002
252.968,-3.9993,9.0893,-6.0002
252.977,-3.9993,9.0893,-6.0002
252.987,-3.9993,9.0919,-6.0002
252.995,-3.9993,9.0919,-6.0002
253.002,-3.9993,9.0944,-6.0002
253.011,-3.9993,9.0944,-6.0002
253.018,-3.9993,9.0969,-6.0002
253.026,-3.9993,9.0969,-6.0002
253.032,-3.9993,9.0969,-6.0002
253.040,-3.9993,9.0994,-6.0002
253.050,-3.9993,9.0994,-6.0002
253.056,-3.9993,9.0994,-6.0002
253.062,-3.9993,9.1019,-6.0002
253.072,-3.9993,9.1019,-6.0002
253.079,-3.9993,9.1044,-6.0002
253.086,-3.9993,9.1044,-6.0002
253.092,-3.9993,9.1044,-6.0002
253.100,-3.9993,9.1069,-6.0002
253.108,-3.9993,9.1069,-6.0002
253.116,-3.9993,9.1069,-6.0002
253.122,-3.9993,9.1094,-6.0002
253.130,-3.9993,9.1094,-6.0002
253.137,-3.9993,9.1119,-6.0002
253.146,-3.9993,9.1119,-6.0002
253.152,-3.9993,9.1119,-6.0002
253.159,-3.9993,9.1144,-6.0002
253.167,-3.9993,9.1144,-6.0002
253.174,-3.9993,9.1144,-6.0002
253.183,-3.9993,9.1169,-6.0002
253.192,-3.9993,9.1169,-6.0002
253.200,-3.9993,9.1194,-6.0002
253.209,-3.9993,9.1194,-6.0002
253.217,-3.9993,9.1219,-6.0002
253.227,-3.9993,9.1219,-6.0002
253.234,-3.9993,9.1219,-6.0002
253.242,-3.9993,9.1244,-6.0002
253.250,-3.9993,9.1244,-6.0002
253.258,-3.9993,9.1269,-6.0002
253.266,-3.9993,9.1269,-6.0002
253.275,-3.9993,9.1269,-6.0002
253.282,-3.9993,9.1294,-6.0002
253.291,-3.9993,9.1294,-6.0002
253.298,-3.9993,9.1319,-6.0002
253.305,-3.9993,9.1319,-6.0002
253.313,-3.9993,9.1319,-6.0002
253.323,-3.9993,9.1344,-6.0002
253.332,-3.9993,9.1344,-6.0002
253.342,-3.9993,9.1369,-6.0002
253.354,-3.9993,9.1369,-6.0002
253.362,-3.9993,9.1393,-6.0002
253.375,-3.9993,9.1393,-6.0002
253.384,-3.9993,9.1418,-6.0002
253.398,-3.9993,9.1443,-6.0002
253.411,-3.9993,9.1443,-6.0002
253.420,-3.9993,9.1468,-6.0002
253.430,-3.9993,9.1468,-6.0002
253.441,-3.9993,9.1493,-6.0002
253.450,-3.9993,9.1493,-6.0002
253.458,-3.9993,9.1518,-6.0002
253.469,-3.9993,9.1518,-6.0002
253.479,-3.9993,9.1543,-6.0002
253.487,-3.9993,9.1543,-6.0002
253.496,-3.9993,9.1543,-6.0002
253.502,-3.9993,9.1568,-6.0002
253.511,-3.9993,9.1568,-6.0002
253.517,-3.9993,9.1593,-6.0002
253.527,-3.9993,9.1593,-6.0002
253.534,-3.9993,9.1593,-6.0002
253.541,-3.9993,9.1618,-6.0002
253.549,-3.9993,9.1618,-6.0002
253.557,-3.9993,9.1643,-6.0002
253.565,-3.9993,9.1643,-6.0002
253.571,-3.9993,9.1643,-6.0002
253.579,-3.9993,9.1668,-6.0002
253.587,-3.9993,9.1668,-6.0002
253.594,-3.9993,9.1668,-6.0002
253.601,-3.9993,9.1693,-6.0002
253.609,-3.9993,9.1693,-6.0002
253.616,-3.9993,9.1693,-6.0002
253.623,-3.9993,9.1718,-6.0002
253.630,-3.9993,9.1718,-6.0002
253.637,-3.9993,9.1743,-6.0002
253.646,-3.9993,9.1743,-6.0002
253.653,-3.9993,9.1743,-6.0002
253.659,-3.9993,9.1768,-6.0002
253.668,-3.9993,9.1768,-6.0002
253.674,-3.9993,9.1768,-6.0002
253.682,-3.9993,9.1793,-6.0002
253.689,-3.9993,9.1793,-6.0002
253.697,-3.9993,9.1793,-6.0002
253.703,-3.9993,9.1818,-6.0002
253.712,-3.9993,9.1818,-6.0002
253.719,-3.9993,9.1843,-6.0002
253.726,-3.9993,9.1843,-6.0002
253.733,-3.9993,9.1843,-6.0002
253.740,-3.9993,9.1868,-6.0002
253.749,-3.9993,9.1868,-6.0002
253.755,-3.9993,9.1868,-6.0002
253.764,-3.9993,9.1892,-6.0002
253.771,-3.9993,9.1892,-6.0002
253.780,-3.9993,9.1917,-6.0002
253.788,-3.9993,9.1917,-6.0002
253.796,-3.9993,9.1917,-6.0002
253.803,-3.9993,9.1942,-6.0002
253.813,-3.9993,9.1942,-6.0002
253.820,-3.9993,9.1967,-6.0002
253.830,-3.9993,9.1967,-6.0002
253.837,-3.9993,9.1967,-6.0002
253.845,-3.9993,9.1992,-6.0002
253.853,-3.9993,9.1992,-6.0002
253.861,-3.9993,9.2017,-6.0002
253.869,-3.9993,9.2017,-6.0002
253.878,-3.9993,9.2042,-6.0002
253.886,-3.9993,9.2042,-6.0002
253.894,-3.9993,9.2042,-6.0002
253.902,-3.9993,9.2067,-6.0002
253.911,-3.9993,9.2067,-6.0002
253.920,-3.9993,9.2092,-6.0002
253.929,-3.9993,9.2092,-6.0002
253.936,-3.9993,9.2092,-6.0002
253.945,-3.9993,9.2117,-6.0002
253.956,-3.9993,9.2117,-6.0002
253.963,-3.9993,9.2142,-6.0002
253.973,-3.9993,9.2142,-6.0002
253.981,-3.9993,9.2167,-6.0002
253.991,-3.9993,9.2167,-6.0002
253.999,-3.9993,9.2192,-6.0002
254.007,-3.9993,9.2192,-6.0002
254.016,-3.9993,9.2192,-6.0002
254.022,-3.9993,9.2217,-6.0002
254.031,-3.9993,9.2217,-6.0002
254.037,-3.9993,9.2242,-6.0002
254.048,-3.9993,9.2242,-6.0002
254.054,-3.9993,9.2242,-6.0002
254.062,-3.9993,9.2267,-6.0002
254.071,-3.9993,9.2267,-6.0002
254.080,-3.9993,9.2292,-6.0002
254.088,-3.9993,9.2292,-6.0002
254.096,-3.9993,9.2292,-6.0002
254.104,-3.9993,9.2317,-6.0002
254.114,-3.9993,9.2317,-6.0002
254.122,-3.9993,9.2342,-6.0002
254.132,-3.9993,9.2342,-6.0002
254.140,-3.9993,9.2367,-6.0002
254.150,-3.9993,9.2367,-6.0002
254.156,-3.9993,9.2367,-6.0002
254.164,-3.9993,9.2392,-6.0002
254.172,-3.9993,9.2392,-6.0002
254.180,-3.9993,9.2418,-6.0002
254.188,-3.9993,9.2418,-6.0002
254.196,-3.9993,9.2418,-6.0002
254.202,-3.9993,9.2443,-6.0002
254.212,-3.9993,9.2443,-6.0002
254.220,-3.9993,9.2468,-6.0002
254.229,-3.9993,9.2468,-6.0002
254.237,-3.9993,9.2468,-6.0002
254.245,-3.9993,9.2493,-6.0002
254.254,-3.9993,9.2493,-6.0002
254.261,-3.9993,9.2518,-6.0002
254.271,-3.9993,9.2518,-6.0002
254.279,-3.9993,9.2543,-6.0002
254.288,-3.9993,9.2543,-6.0002
254.295,-3.9993,9.2543,-6.0002
254.302,-3.9993,9.2568,-6.0002
254.311,-3.9993,9.2568,-6.0002
254.318,-3.9993,9.2593,-6.0002
254.326,-3.9993,9.2593,-6.0002
254.333,-3.9993,9.2593,-6.0002
254.340,-3.9993,9.2618,-6.0002
254.349,-3.9993,9.2618,-6.0002
254.354,-3.9993,9.2618,-6.0002
254.362,-3.9993,9.2643,-6.0002
254.369,-3.9993,9.2643,-6.0002
254.377,-3.9993,9.2668,-6.0002
254.384,-3.9993,9.2668,-6.0002
254.392,-3.9993,9.2668,-6.0002
254.398,-3.9993,9.2693,-6.0002
254.407,-3.9993,9.2693,-6.0002
254.414,-3.9993,9.2693,-6.0002
254.422,-3.9993,9.2718,-6.0002
254.430,-3.9993,9.2718,-6.0002
254.438,-3.9993,9.2743,-6.0002
254.446,-3.9993,9.2743,-6.0002
254.453,-3.9993,9.2743,-6.0002
254.461,-3.9993,9.2768,-6.0002
254.470,-3.9993,9.2768,-6.0002
254.477,-3.9993,9.2793,-6.0002
254.485,-3.9993,9.2793,-6.0002
254.492,-3.9993,9.2793,-6.0002
254.500,-3.9993,9.2818,-6.0002
254.507,-3.9993,9.2818,-6.0002
254.516,-3.9993,9.2818,-6.0002
254.523,-3.9993,9.2843,-6.0002
254.532,-3.9993,9.2843,-6.0002
254.538,-3.9993,9.2868,-6.0002
254.549,-3.9993,9.2868,-6.0002
254.556,-3.9993,9.2868,-6.0002
254.564,-3.9993,9.2893,-6.0002
254.572,-3.9993,9.2893,-6.0002
254.581,-3.9993,9.2918,-6.0002
254.590,-3.9993,9.2918,-6.0002
254.597,-3.9993,9.2943,-6.0002
254.609,-3.9993,9.2943,-6.0002
254.618,-3.9993,9.2968,-6.0002
254.627,-3.9993,9.2968,-6.0002
254.636,-3.9993,9.2968,-6.0002
254.649,-3.9993,9.2993,-6.0002
254.659,-3.9993,9.3018,-6.0002
254.671,-3.9993,9.3018,-6.0002
254.681,-3.9993,9.3043,-6.0002
254.692,-3.9993,9.3043,-6.0002
254.701,-3.9993,9.3068,-6.0002
254.711,-3.9993,9.3068,-6.0002
254.721,-3.9993,9.3094,-6.0002
254.732,-3.9993,9.3094,-6.0002
254.740,-3.9993,9.3119,-6.0002
254.750,-3.9993,9.3119,-6.0002
254.758,-3.9993,9.3144,-6.0002
254.768,-3.9993,9.3144,-6.0002
254.775,-3.9993,9.3144,-6.0002
254.783,-3.9993,9.3169,-6.0002
254.792,-3.9993,9.3169,-6.0002
254.801,-3.9993,9.3194,-6.0002
254.808,-3.9993,9.3194,-6.0002
254.815,-3.9993,9.3194,-6.0002
254.822,-3.9993,9.3219,-6.0002
254.831,-3.9993,9.3219,-6.0002
254.837,-3.9993,9.3244,-6.0002
254.846,-3.9993,9.3244,-6.0002
254.852,-3.9993,9.3244,-6.0002
254.860,-3.9993,9.3269,-6.0002
254.867,-3.9993,9.3269,-6.0002
254.874,-3.9993,9.3269,-6.0002
254.881,-3.9993,9.3294,-6.0002
254.890,-3.9993,9.3294,-6.0002
254.897,-3.9993,9.3294,-6.0002
254.903,-3.9993,9.3319,-6.0002
254.912,-3.9993,9.3319,-6.0002
254.919,-3.9993,9.3344,-6.0002
254.927,-3.9993,9.3344,-6.0002
254.934,-3.9993,9.3344,-6.0002
254.940,-3.9993,9.3369,-6.0002
254.950,-3.9993,9.3369,-6.0002
254.956,-3.9993,9.3369,-6.0002
254.963,-3.9993,9.3394,-6.0002
254.971,-3.9993,9.3394,-6.0002
254.980,-3.9993,9.3419,-6.0002
254.988,-3.9993,9.3419,-6.0002
255.001,-3.9993,9.3444,-6.0002
255.014,-3.9993,9.3444,-6.0002
255.020,-3.9993,9.3470,-6.0002
255.029,-3.9993,9.3470,-6.0002
255.035,-3.9993,9.3470,-6.0002
255.044,-3.9993,9.3495,-6.0002
255.052,-3.9993,9.3495,-6.0002
255.059,-3.9993,9.3520,-6.0002
255.066,-3.9993,9.3520,-6.0002
255.073,-3.9993,9.3520,-6.0002
255.080,-3.9993,9.3545,-6.0002
255.087,-3.9993,9.3545,-6.0002
255.094,-3.9993,9.3545,-6.0002
255.101,-3.9993,9.3570,-6.0002
255.110,-3.9993,9.3570,-6.0002
255.117,-3.9993,9.3595,-6.0002
255.126,-3.9993,9.3595,-6.0002
255.132,-3.9993,9.3595,-6.0002
255.140,-3.9993,9.3620,-6.0002
255.149,-3.9993,9.3620,-6.0002
255.157,-3.9993,9.3620,-6.0002
255.165,-3.9993,9.3640,-6.0002
255.174,-3.9993,9.3640,-6.0002
255.183,-3.9993,9.3640,-6.0002
255.193,-3.9993,9.3640,-6.0002
255.203,-3.9993,9.3640,-6.0002
255.216,-3.9993,9.3640,-6.0002
255.225,-3.9993,9.3640,-6.0002
255.235,-3.9993,9.3640,-6.0002
255.251,-3.9993,9.3640,-6.0002
255.260,-3.9993,9.3640,-6.0002
255.270,-3.9993,9.3640,-6.0002
255.281,-3.9993,9.3640,-6.0002
255.290,-3.9993,9.3640,-6.0002
255.300,-3.9993,9.3640,-6.0002
255.311,-3.9993,9.3640,-6.0002
255.318,-3.9993,9.3640,-6.0002
255.326,-3.9993,9.3640,-6.0002
255.336,-3.9993,9.3640,-6.0002
255.345,-3.9993,9.3640,-6.0002
255.356,-3.9993,9.3640,-6.0002
255.365,-3.9993,9.3640,-6.0002
255.377,-3.9993,9.3640,-6.0002
255.387,-3.9993,9.3640,-6.0002
255.395,-3.9993,9.3640,-6.0002
255.403,-3.9993,9.3640,-6.0002
255.411,-3.9993,9.3640,-6.0002
255.419,-3.9993,9.3640,-6.0002
255.426,-3.9993,9.3640,-6.0002
255.434,-3.9993,9.3640,-6.0002
255.440,-3.9993,9.3640,-6.0002
255.449,-3.9993,9.3640,-6.0002
255.455,-3.9993,9.3640,-6.0002
255.463,-3.9993,9.3640,-6.0002
255.470,-3.9993,9.3640,-6.0002
255.477,-3.9993,9.3640,-6.0002
255.486,-3.9993,9.3640,-6.0002
255.493,-3.9993,9.3640,-6.0002
255.500,-3.9993,9.3640,-6.0002
255.508,-3.9993,9.3640,-6.0002
255.516,-3.9993,9.3640,-6.0002
255.524,-3.9993,9.3640,-6.0002
255.531,-3.9993,9.3640,-6.0002
255.537,-3.9993,9.3640,-6.0002
255.546,-3.9993,9.3640,-6.0002
255.553,-3.9993,9.3640,-6.0002
255.559,-3.9993,9.3640,-6.0002
255.567,-3.9993,9.3640,-6.0002
255.575,-3.9993,9.3640,-6.0002
255.583,-3.9993,9.3640,-6.0002
255.591,-3.9993,9.3640,-6.0002
255.597,-3.9993,9.3640,-6.0002
255.606,-3.9993,9.3640,-6.0002
255.615,-3.9993,9.3640,-6.0002
255.623,-3.9993,9.3640,-6.0002
255.634,-3.9993,9.3640,-6.0002
255.644,-3.9993,9.3640,-6.0002
255.654,-3.9993,9.3640,-6.0002
255.663,-3.9993,9.3640,-6.0002
255.675,-3.9993,9.3640,-6.0002
255.683,-3.9993,9.3640,-6.0002
255.693,-3.9993,9.3640,-6.0002
255.703,-3.9993,9.3640,-6.0002
255.714,-3.9993,9.3640,-6.0002
255.723,-3.9993,9.3640,-6.0002
255.734,-3.9993,9.3640,-6.0002
255.742,-3.9993,9.3640,-6.0002
255.752,-3.9993,9.3640,-6.0002
255.764,-3.9993,9.3640,-6.0002
255.773,-3.9993,9.3640,-6.0002
255.784,-3.9993,9.3640,-6.0002
255.796,-3.9993,9.3640,-6.0002
255.805,-3.9993,9.3640,-6.0002
255.816,-3.9993,9.3640,-6.0002
255.822,-3.9993,9.3640,-6.0002
255.831,-3.9993,9.3640,-6.0002
255.838,-3.9993,9.3640,-6.0002
255.847,-3.9993,9.3640,-6.0002
255.853,-3.9993,9.3640,-6.0002
255.862,-3.9993,9.3640,-6.0002
255.870,-3.9993,9.3640,-6.0002
255.878,-3.9993,9.3640,-6.0002
255.887,-3.9993,9.3640,-6.0002
255.895,-3.9993,9.3640,-6.0002
255.902,-3.9993,9.3640,-6.0002
255.911,-3.9993,9.3640,-6.0002
255.918,-3.9993,9.3640,-6.0002
255.928,-3.9993,9.3640,-6.0002
255.935,-3.9993,9.3640,-6.0002
255.944,-3.9993,9.3640,-6.0002
255.952,-3.9993,9.3640,-6.0002
255.960,-3.9993,9.3640,-6.0002
255.969,-3.9993,9.3640,-6.0002
255.976,-3.9993,9.3640,-6.0002
255.983,-3.9993,9.3640,-6.0002
255.991,-3.9993,9.3640,-6.0002
255.998,-3.9993,9.3640,-6.0002
256.006,-3.9993,9.3640,-6.0002
256.013,-3.9993,9.3640,-6.0002
256.020,-3.9993,9.3640,-6.0002
256.029,-3.9993,9.3640,-6.0002
256.036,-3.9993,9.3640,-6.0002
256.043,-3.9993,9.3640,-6.0002
256.053,-3.9993,9.3640,-6.0002
256.064,-3.9993,9.3640,-6.0002
256.074,-3.9993,9.3640,-6.0002
256.085,-3.9993,9.3640,-6.0002
256.095,-3.9993,9.3640,-6.0002
256.104,-3.9993,9.3640,-6.0002
256.113,-3.9993,9.3640,-6.0002
256.122,-3.9993,9.3640,-6.0002
256.131,-3.9993,9.3640,-6.0002
256.139,-3.9993,9.3640,-6.0002
256.149,-3.9993,9.3640,-6.0002
256.155,-3.9993,9.3640,-6.0002
256.165,-3.9993,9.3640,-6.0002
256.175,-3.9993,9.3640,-6.0002
256.183,-3.9993,9.3640,-6.0002
256.192,-3.9993,9.3640,-6.0002
256.201,-3.9993,9.3640,-6.0002
256.212,-3.9993,9.3640,-6.0002
256.223,-3.9993,9.3640,-6.0002
256.233,-3.9993,9.3640,-6.0002
256.243,-3.9993,9.3640,-6.0002
256.256,-3.9993,9.3640,-6.0002
256.264,-3.9993,9.3640,-6.0002
256.273,-3.9993,9.3640,-6.0002
256.282,-3.9993,9.3640,-6.0002
256.291,-3.9993,9.3640,-6.0002
256.300,-3.9993,9.3640,-6.0002
256.312,-3.9993,9.3640,-6.0002
256.319,-3.9993,9.3640,-6.0002
256.328,-3.9993,9.3640,-6.0002
256.334,-3.9993,9.3640,-6.0002
256.341,-3.9993,9.3640,-6.0002
256.348,-3.9993,9.3640,-6.0002
256.355,-3.9993,9.3640,-6.0002
256.363,-3.9993,9.3640,-6.0002
256.371,-3.9993,9.3640,-6.0002
256.379,-3.9993,9.3640,-6.0002
256.387,-3.9993,9.3640,-6.0002
256.394,-3.9993,9.3640,-6.0002
256.401,-3.9993,9.3640,-6.0002
256.409,-3.9993,9.3640,-6.0002
256.415,-3.9993,9.3640,-6.0002
256.423,-3.9993,9.3640,-6.0002
256.431,-3.9993,9.3640,-6.0002
256.440,-3.9993,9.3640,-6.0002
256.448,-3.9993,9.3640,-6.0002
256.456,-3.9993,9.3640,-6.0002
256.464,-3.9993,9.3640,-6.0002
256.472,-3.9993,9.3640,-6.0002
256.479,-3.9993,9.3640,-6.0002
256.488,-3.9993,9.3640,-6.0002
256.496,-3.9993,9.3640,-6.0002
256.503,-3.9993,9.3640,-6.0002
256.512,-3.9993,9.3640,-6.0002
256.520,-3.9993,9.3640,-6.0002
256.529,-3.9993,9.3640,-6.0002
256.535,-3.9993,9.3640,-6.0002
256.542,-3.9993,9.3640,-6.0002
256.552,-3.9993,9.3640,-6.0002
256.561,-3.9993,9.3640,-6.0002
256.571,-3.9993,9.3640,-6.0002
256.581,-3.9993,9.3640,-6.0002
256.595,-3.9993,9.3640,-6.0002
256.603,-3.9993,9.3640,-6.0002
256.617,-3.9993,9.3640,-6.0002
256.627,-3.9993,9.3640,-6.0002
256.636,-3.9993,9.3640,-6.0002
256.648,-3.9993,9.3640,-6.0002
256.659,-3.9993,9.3640,-6.0002
256.670,-3.9993,9.3640,-6.0002
256.680,-3.9993,9.3640,-6.0002
256.688,-3.9993,9.3640,-6.0002
256.695,-3.9993,9.3640,-6.0002
256.701,-3.9993,9.3640,-6.0002
256.710,-3.9993,9.3640,-6.0002
256.717,-3.9993,9.3640,-6.0002
256.725,-3.9993,9.3640,-6.0002
256.732,-3.9993,9.3640,-6.0002
256.741,-3.9993,9.3640,-6.0002
256.749,-3.9993,9.3640,-6.0002
256.756,-3.9993,9.3640,-6.0002
256.764,-3.9993,9.3640,-6.0002
256.772,-3.9993,9.3640,-6.0002
256.780,-3.9993,9.3640,-6.0002
256.789,-3.9993,9.3640,-6.0002
256.798,-3.9993,9.3640,-6.0002
256.807,-3.9993,9.3640,-6.0002
256.815,-3.9993,9.3640,-6.0002
256.823,-3.9993,9.3640,-6.0002
256.834,-3.9993,9.3640,-6.0002
256.842,-3.9993,9.3640,-6.0002
256.852,-3.9993,9.3640,-6.0002
256.860,-3.9993,9.3640,-6.0002
256.870,-3.9993,9.3640,-6.0002
256.879,-3.9993,9.3640,-6.0002
256.892,-3.9993,9.3640,-6.0002
256.901,-3.9993,9.3640,-6.0002
256.914,-3.9993,9.3640,-6.0002
256.923,-3.9993,9.3640,-6.0002
256.932,-3.9993,9.3640,-6.0002
256.942,-3.9993,9.3640,-6.0002
256.950,-3.9993,9.3640,-6.0002
256.958,-3.9993,9.3640,-6.0002
256.967,-3.9993,9.3640,-6.0002
256.974,-3.9993,9.3640,-6.0002
256.980,-3.9993,9.3640,-6.0002
256.988,-3.9993,9.3640,-6.0002
256.996,-3.9993,9.3640,-6.0002
257.004,-3.9993,9.3640,-6.0002
257.013,-3.9993,9.3640,-6.0002
257.020,-3.9993,9.3640,-6.0002
257.028,-3.9993,9.3640,-6.0002
257.036,-3.9993,9.3640,-6.0002
257.042,-3.9993,9.3640,-6.0002
257.050,-3.9993,9.3640,-6.0002
257.056,-3.9993,9.3640,-6.0002
257.065,-3.9993,9.3640,-6.0002
257.073,-3.9993,9.3640,-6.0002
257.081,-3.9993,9.3640,-6.0002
257.088,-3.9993,9.3640,-6.0002
257.097,-3.9993,9.3640,-6.0002
257.104,-3.9993,9.3640,-6.0002
257.112,-3.9993,9.3640,-6.0002
257.120,-3.9993,9.3640,-6.0002
257.129,-3.9993,9.3640,-6.0002
257.134,-3.9993,9.3640,-6.0002
257.142,-3.9993,9.3640,-6.0002
257.151,-3.9993,9.3640,-6.0002
257.159,-3.9993,9.3640,-6.0002
257.168,-3.9993,9.3640,-6.0002
257.176,-3.9993,9.3640,-6.0002
257.185,-3.9993,9.3640,-6.0002
257.192,-3.9993,9.3640,-6.0002
257.199,-3.9993,9.3640,-6.0002
257.207,-3.9993,9.3640,-6.0002
257.214,-3.9993,9.3640,-6.0002
257.221,-3.9993,9.3640,-6.0002
257.227,-3.9993,9.3640,-6.0002
257.234,-3.9993,9.3640,-6.0002
257.242,-3.9993,9.3640,-6.0002
257.250,-3.9993,9.3640,-6.0002
257.256,-3.9993,9.3640,-6.0002
257.263,-3.9993,9.3640,-6.0002
257.271,-3.9993,9.3640,-6.0002
257.279,-3.9993,9.3640,-6.0002
257.287,-3.9993,9.3640,-6.0002
257.293,-3.9993,9.3640,-6.0002
257.300,-3.9993,9.3640,-6.0002
257.308,-3.9993,9.3640,-6.0002
257.315,-3.9993,9.3640,-6.0002
257.322,-3.9993,9.3640,-6.0002
257.330,-3.9993,9.3640,-6.0002
257.336,-3.9993,9.3640,-6.0002
257.344,-3.9993,9.3640,-6.0002
257.352,-3.9993,9.3640,-6.0002
257.360,-3.9993,9.3640,-6.0002
257.368,-3.9993,9.3640,-6.0002
257.376,-3.9993,9.3640,-6.0002
257.382,-3.9993,9.3640,-6.0002
257.390,-3.9993,9.3640,-6.0002
257.397,-3.9993,9.3640,-6.0002
257.405,-3.9993,9.3640,-6.0002
257.413,-3.9993,9.3640,-6.0002
257.419,-3.9993,9.3640,-6.0002
257.428,-3.9993,9.3640,-6.0002
257.433,-3.9993,9.3640,-6.0002
257.441,-3.9993,9.3640,-6.0002
257.451,-3.9993,9.3640,-6.0002
257.459,-3.9993,9.3640,-6.0002
257.471,-3.9993,9.3640,-6.0002
257.483,-3.9993,9.3640,-6.0002
257.492,-3.9993,9.3640,-6.0002
257.505,-3.9993,9.3640,-6.0002
257.519,-3.9993,9.3640,-6.0002
257.529,-3.9993,9.3640,-6.0002
257.535,-3.9993,9.3640,-6.0002
257.546,-3.9993,9.3640,-6.0002
257.553,-3.9993,9.3640,-6.0002
257.562,-3.9993,9.3640,-6.0002
257.569,-3.9993,9.3640,-6.0002
257.579,-3.9993,9.3640,-6.0002
257.587,-3.9993,9.3640,-6.0002
257.594,-3.9993,9.3640,-6.0002
257.600,-3.9993,9.3640,-6.0002
257.608,-3.9993,9.3640,-6.0002
257.615,-3.9993,9.3640,-6.0002
257.622,-3.9993,9.3640,-6.0002
257.630,-3.9993,9.3640,-6.0002
257.637,-3.9993,9.3640,-6.0002
257.643,-3.9993,9.3640,-6.0002
257.650,-3.9993,9.3640,-6.0002
257.657,-3.9993,9.3640,-6.0002
257.666,-3.9993,9.3640,-6.0002
257.673,-3.9993,9.3640,-6.0002
257.679,-3.9993,9.3640,-6.0002
257.687,-3.9993,9.3640,-6.0002
257.694,-3.9993,9.3640,-6.0002
257.702,-3.9993,9.3640,-6.0002
257.709,-3.9993,9.3640,-6.0002
257.717,-3.9993,9.3640,-6.0002
257.725,-3.9993,9.3640,-6.0002
257.733,-3.9993,9.3640,-6.0002
257.740,-3.9993,9.3640,-6.0002
257.751,-3.9993,9.3640,-6.0002
257.758,-3.9993,9.3640,-6.0002
257.766,-3.9993,9.3640,-6.0002
257.773,-3.9993,9.3640,-6.0002
257.782,-3.9993,9.3640,-6.0002
257.790,-3.9993,9.3640,-6.0002
257.798,-3.9993,9.3640,-6.0002
257.807,-3.9993,9.3640,-6.0002
257.814,-3.9993,9.3640,-6.0002
257.822,-3.9993,9.3640,-6.0002
257.831,-3.9993,9.3640,-6.0002
257.838,-3.9993,9.3640,-6.0002
257.849,-3.9993,9.3640,-6.0002
257.856,-3.9993,9.3640,-6.0002
257.863,-3.9993,9.3640,-6.0002
257.871,-3.9993,9.3640,-6.0002
257.880,-3.9993,9.3640,-6.0002
257.889,-3.9993,9.3640,-6.0002
257.896,-3.9993,9.3640,-6.0002
257.904,-3.9993,9.3640,-6.0002
257.913,-3.9993,9.3640,-6.0002
257.920,-3.9993,9.3640,-6.0002
257.948,-3.9993,9.3640,-6.0002
257.960,-3.9993,9.3640,-6.0002
257.971,-3.9993,9.3640,-6.0002
257.979,-3.9993,9.3640,-6.0002
257.986,-3.9993,9.3640,-6.0002
257.994,-3.9993,9.3640,-6.0002
258.002,-3.9993,9.3640,-6.0002
258.009,-3.9993,9.3640,-6.0002
258.023,-3.9993,9.3640,-6.0002
